# decimated from Yaskawa CAD (ROS-Industrial motoman, BSD-3-Clause)
v -0.092000 -0.097599 0.139013
v -0.092000 -0.085233 0.139013
v -0.092000 -0.085233 0.195444
v -0.092000 -0.085217 0.195392
v -0.091994 -0.048134 0.205268
v -0.091582 0.062062 0.214416
v -0.092000 0.085230 0.139013
v -0.091999 0.085066 0.194351
v -0.092000 0.097599 0.139013
v -0.092000 0.097599 0.230184
v -0.091998 -0.085014 0.192642
v -0.091995 -0.084589 0.193420
v -0.091993 -0.042482 0.205828
v -0.091999 0.047050 0.205458
v -0.091991 0.084794 0.190226
v -0.091987 -0.084368 0.192063
v -0.091987 0.084705 0.139009
v -0.091986 -0.097767 0.139013
v -0.091986 -0.097767 0.230184
v -0.091986 0.084176 0.192120
v -0.091986 0.097767 0.139013
v -0.091986 0.097767 0.230184
v -0.091984 -0.084660 0.139013
v -0.091983 -0.098046 0.232932
v -0.091981 0.083989 0.191529
v -0.091980 0.042482 0.206240
v -0.091946 0.098032 0.137995
v -0.091981 0.098040 0.233078
v -0.091979 -0.097796 0.134808
v -0.091976 -0.084520 0.189434
v -0.091974 -0.083778 0.190866
v -0.091962 -0.084366 0.183216
v -0.091872 0.083319 0.184119
v -0.091961 -0.084352 0.139013
v -0.091954 -0.042482 0.206755
v -0.091952 -0.097910 0.230184
v -0.091952 0.097910 0.139013
v -0.091951 -0.097913 0.139013
v -0.091951 0.097913 0.230184
v -0.091946 0.083137 0.188840
v -0.091934 -0.082921 0.188158
v -0.091934 0.082917 0.188145
v -0.092032 -0.094311 0.242534
v -0.091797 -0.051921 0.208816
v -0.091921 0.042482 0.207220
v -0.091914 -0.042482 0.207317
v -0.091648 0.082286 0.163586
v -0.091902 -0.083839 0.139013
v -0.091900 0.042482 0.207473
v -0.091817 -0.067963 0.216098
v -0.091887 -0.083721 0.176131
v -0.091877 -0.082067 0.185455
v -0.091867 -0.098100 0.230184
v -0.091867 0.098100 0.139013
v -0.091866 -0.098103 0.139013
v -0.091866 0.098103 0.230184
v -0.090492 0.097980 0.257073
v -0.091849 -0.042482 0.207981
v -0.091985 0.077446 0.227514
v -0.091755 -0.098332 0.126614
v -0.091827 0.081479 0.183587
v -0.091820 -0.082761 0.181552
v -0.093759 0.092551 0.127761
v -0.091806 0.081260 0.182893
v -0.091802 -0.081220 0.182767
v -0.091781 -0.098224 0.139013
v -0.091781 -0.098224 0.230184
v -0.091781 0.098224 0.139013
v -0.091781 0.098224 0.230184
v -0.091909 -0.083484 0.137803
v -0.091773 -0.042482 0.208599
v -0.091766 0.042482 0.208651
v -0.092430 0.077867 0.229928
v -0.091736 0.080607 0.180817
v -0.091708 -0.080373 0.180075
v -0.091705 -0.098293 0.135036
v -0.091604 0.081413 0.176068
v -0.091669 -0.098342 0.139013
v -0.091669 -0.098342 0.230184
v -0.091669 0.098343 0.139013
v -0.091669 0.098343 0.230184
v -0.091667 0.042482 0.209303
v -0.091838 0.047391 0.208106
v -0.091644 0.079864 0.178455
v -0.090698 -0.071881 0.226236
v -0.091667 -0.045405 0.209126
v -0.091605 -0.079581 0.177551
v -0.091842 0.083208 0.132714
v -0.091558 0.042484 0.209917
v -0.091545 -0.042482 0.209982
v -0.091585 -0.081385 0.175907
v -0.091438 0.042482 0.210507
v -0.091409 0.078335 0.173577
v -0.091350 -0.077999 0.172502
v -0.091344 0.077966 0.172398
v -0.090823 -0.079761 0.154745
v -0.091324 -0.042482 0.211012
v -0.091257 0.077506 0.170923
v -0.091243 -0.042482 0.211343
v -0.091243 0.042482 0.211343
v -0.091198 -0.077208 0.169970
v -0.091151 0.042482 0.211695
v -0.091106 -0.047050 0.211685
v -0.091095 0.076715 0.168387
v -0.090818 0.077782 0.163178
v -0.091045 -0.076487 0.167654
v -0.091011 -0.076332 0.167155
v -0.091011 0.076332 0.167155
v -0.091010 -0.042482 0.212203
v -0.089520 0.076304 0.145805
v -0.090914 0.075912 0.165802
v -0.090884 -0.075786 0.165398
v -0.090865 -0.042482 0.212686
v -0.090865 0.042482 0.212686
v -0.089614 -0.054583 0.217339
v -0.090831 -0.042482 0.212792
v -0.090709 -0.085174 0.253084
v -0.090716 0.075113 0.163220
v -0.091764 0.050606 0.209572
v -0.091272 -0.082570 0.115507
v -0.090881 -0.078027 0.164122
v -0.091209 -0.098041 0.113936
v -0.090638 -0.042482 0.213376
v -0.090614 0.042482 0.213446
v -0.090610 -0.074710 0.161917
v -0.090610 0.074710 0.161917
v -0.090532 -0.045191 0.213518
v -0.090502 0.074317 0.160640
v -0.090489 -0.099378 0.139013
v -0.090489 -0.099378 0.230184
v -0.090489 0.099378 0.139013
v -0.090489 0.099378 0.230184
v -0.090436 -0.074086 0.159889
v -0.090419 -0.042483 0.213987
v -0.090409 0.042482 0.214012
v -0.087850 -0.045403 0.219274
v -0.090271 0.073527 0.158064
v -0.090150 -0.098085 0.256963
v -0.090186 -0.073247 0.157150
v -0.090185 0.042482 0.214589
v -0.090141 -0.073105 0.156684
v -0.090056 -0.099745 0.139013
v -0.090056 -0.099745 0.230184
v -0.090056 0.099745 0.139013
v -0.090056 0.099745 0.230184
v -0.089973 -0.042482 0.215098
v -0.089949 0.042482 0.215153
v -0.089877 0.073567 0.153794
v -0.089887 -0.042482 0.215296
v -0.089887 0.042482 0.215296
v -0.089914 -0.074242 0.153985
v -0.089834 0.044491 0.215307
v -0.086689 -0.102464 0.134362
v -0.089762 0.071962 0.152925
v -0.089751 -0.100000 0.155517
v -0.089751 -0.100000 0.168721
v -0.088421 0.099905 0.162167
v -0.089700 0.042482 0.215710
v -0.089632 -0.071595 0.151711
v -0.089613 -0.100115 0.169000
v -0.089605 0.071518 0.151459
v -0.089586 0.073947 0.150581
v -0.089460 -0.042482 0.216217
v -0.089329 -0.070781 0.149010
v -0.089291 -0.042482 0.216556
v -0.089291 0.042482 0.216556
v -0.089284 -0.100384 0.230184
v -0.089284 0.100384 0.230184
v -0.089241 0.100377 0.236129
v -0.088902 0.097946 0.087986
v -0.089188 0.070420 0.147805
v -0.089161 0.042482 0.216808
v -0.089010 -0.069977 0.146321
v -0.089000 0.069953 0.146241
v -0.088892 -0.042482 0.217309
v -0.088878 0.069659 0.145253
v -0.088804 -0.100772 0.169000
v -0.088804 0.100772 0.168971
v -0.088674 -0.069182 0.143644
v -0.087689 0.082206 0.081279
v -0.088625 0.042482 0.217782
v -0.088607 -0.042482 0.217813
v -0.088567 0.042482 0.217880
v -0.088546 -0.068892 0.142662
v -0.088427 0.068638 0.141757
v -0.088537 -0.073854 0.236159
v -0.081556 -0.100772 0.166793
v -0.088319 -0.101156 0.169000
v -0.088319 -0.101156 0.230184
v -0.088319 0.101156 0.169000
v -0.088319 0.101156 0.230184
v -0.088271 -0.042482 0.218372
v -0.088250 0.042482 0.218406
v -0.089868 0.084571 0.258318
v -0.082578 0.105372 0.155614
v -0.093020 -0.096014 0.113476
v -0.087525 -0.063971 0.225826
v -0.088056 -0.101361 0.230184
v -0.088056 0.101361 0.230184
v -0.087942 -0.071947 0.136944
v -0.085341 0.068920 0.118501
v -0.087911 -0.042483 0.218940
v -0.087906 0.042482 0.218946
v -0.087704 -0.101632 0.169000
v -0.087704 0.101632 0.169000
v -0.088117 0.075821 0.124925
v -0.088069 0.075336 0.240770
v -0.087577 0.042482 0.219435
v -0.088733 0.048803 0.217511
v -0.087110 0.085814 0.272030
v -0.087241 -0.042485 0.219910
v -0.087096 -0.081446 0.081178
v -0.087094 -0.042482 0.220111
v -0.087094 0.042482 0.220111
v -0.086546 0.080011 0.259235
v -0.086853 0.042482 0.220432
v -0.087415 -0.079672 0.089883
v -0.086683 -0.102400 0.230186
v -0.086661 0.102416 0.230186
v -0.090903 0.098670 0.107924
v -0.086570 0.102481 0.168998
v -0.085843 -0.101104 0.260985
v -0.086555 -0.102491 0.168999
v -0.086205 0.083328 0.071568
v -0.086497 -0.042482 0.220885
v -0.088046 0.101403 0.135779
v -0.089826 -0.082955 0.254848
v -0.086233 -0.042482 0.221208
v -0.086233 0.042482 0.221208
v -0.084682 -0.082187 0.276961
v -0.086079 0.042482 0.221392
v -0.087560 -0.076660 0.244692
v -0.085703 -0.042482 0.221826
v -0.085530 -0.103225 0.230184
v -0.085530 0.103225 0.230184
v -0.084325 -0.102456 0.155428
v -0.085449 -0.103281 0.169000
v -0.085449 0.103282 0.169000
v -0.086569 0.053550 0.221603
v -0.085301 -0.042482 0.222268
v -0.085286 0.042482 0.222285
v -0.085185 0.043112 0.222381
v -0.088870 -0.095805 0.078906
v -0.084208 0.083904 0.282357
v -0.082514 -0.063600 0.099742
v -0.086852 -0.102293 0.233674
v -0.084872 0.081530 0.065749
v -0.083026 0.098048 0.054725
v -0.086407 -0.098420 0.275450
v -0.084703 -0.103795 0.169000
v -0.084703 -0.103795 0.230184
v -0.081643 0.098284 0.291447
v -0.084610 0.103859 0.168991
v -0.087739 -0.075692 0.120329
v -0.084559 -0.103892 0.169000
v -0.082153 0.075817 0.250878
v -0.084609 -0.043713 0.222927
v -0.084336 -0.042482 0.223250
v -0.084336 0.042482 0.223250
v -0.084234 -0.104111 0.230184
v -0.084598 0.103853 0.235170
v -0.084181 0.104146 0.168990
v -0.083975 -0.104283 0.168962
v -0.083945 0.042482 0.223618
v -0.083586 0.104536 0.168932
v -0.083064 0.069055 0.099967
v -0.083525 -0.042482 0.223997
v -0.091717 -0.098558 0.236891
v -0.083304 -0.042482 0.224189
v -0.083304 0.042482 0.224189
v -0.083298 0.040039 0.105455
v -0.083294 -0.042732 0.105427
v -0.083280 -0.104733 0.168886
v -0.083250 -0.040039 0.105147
v -0.083230 0.040039 0.105026
v -0.084759 -0.095815 0.285377
v -0.082914 0.041339 0.103340
v -0.083139 -0.040039 0.104562
v -0.083139 0.040039 0.104562
v -0.083062 -0.046300 0.104005
v -0.083018 0.042482 0.224431
v -0.083005 -0.040039 0.103995
v -0.082995 0.040039 0.103955
v -0.082916 -0.104959 0.232253
v -0.082917 0.104965 0.230184
v -0.082901 0.040039 0.103618
v -0.082899 -0.040039 0.103614
v -0.082898 0.104965 0.232756
v -0.082849 0.105007 0.168580
v -0.082834 -0.077712 0.258028
v -0.082829 -0.105020 0.230184
v -0.082829 0.105020 0.230184
v -0.082810 -0.105032 0.168786
v -0.082778 -0.040039 0.103223
v -0.081085 0.058829 0.095039
v -0.082644 0.040039 0.102833
v -0.082630 -0.040039 0.102795
v -0.082581 -0.042482 0.224787
v -0.082539 0.105201 0.168712
v -0.082499 -0.040039 0.102455
v -0.078247 0.103294 0.281617
v -0.082455 0.040039 0.102348
v -0.081996 -0.105215 0.250240
v -0.082223 -0.042482 0.225068
v -0.082223 0.042482 0.225068
v -0.082215 0.040039 0.101798
v -0.082200 -0.040039 0.101763
v -0.084152 -0.077782 0.079108
v -0.081888 -0.105414 0.167902
v -0.082052 0.042482 0.225198
v -0.081980 -0.040039 0.101318
v -0.081968 0.040039 0.101296
v -0.081776 -0.040039 0.100939
v -0.081772 0.040039 0.100931
v -0.081486 -0.103560 0.084620
v -0.081600 -0.042482 0.225531
v -0.081580 -0.105787 0.230184
v -0.081580 0.105787 0.230184
v -0.085597 0.061861 0.226978
v -0.081568 -0.040039 0.100579
v -0.080401 -0.101474 0.061932
v -0.081542 -0.045431 0.225404
v -0.080369 0.069482 0.088250
v -0.081378 0.040039 0.100274
v -0.081265 -0.040039 0.100100
v -0.081265 0.040039 0.100100
v -0.081260 -0.042601 0.099811
v -0.080582 -0.077196 0.258381
v -0.081104 -0.040039 0.099862
v -0.081093 -0.042482 0.225886
v -0.081072 0.042482 0.225900
v -0.081045 0.040039 0.099778
v -0.081042 0.042588 0.099689
v -0.084480 0.103951 0.124559
v -0.080914 -0.106179 0.230184
v -0.080914 0.106180 0.230184
v -0.080860 -0.106211 0.167988
v -0.080499 0.076890 0.257120
v -0.080158 0.081430 0.291947
v -0.082693 0.082190 0.053905
v -0.081401 -0.101097 0.280239
v -0.080698 -0.040039 0.099309
v -0.080698 0.040039 0.099309
v -0.086192 0.077792 0.088393
v -0.080633 -0.076031 0.253655
v -0.081638 -0.053113 0.097976
v -0.081937 -0.077998 0.263989
v -0.080583 -0.042482 0.226225
v -0.077508 0.075893 0.053175
v -0.080539 0.042482 0.226254
v -0.075596 -0.109312 0.115370
v -0.082231 -0.068976 0.093775
v -0.078956 -0.084412 0.297955
v -0.080313 -0.074245 0.249058
v -0.080313 -0.040039 0.098837
v -0.080308 0.040039 0.098830
v -0.080254 -0.106499 0.239971
v -0.080190 0.106571 0.235361
v -0.082503 -0.098077 0.052018
v -0.083685 -0.057806 0.225676
v -0.080073 0.040039 0.098563
v -0.080050 -0.040039 0.098537
v -0.079955 0.042483 0.226619
v -0.082356 0.045385 0.224809
v -0.079920 -0.042482 0.226639
v -0.079904 0.040039 0.098380
v -0.080660 0.086197 0.040849
v -0.079728 -0.040044 0.098195
v -0.079653 -0.078466 0.277630
v -0.080452 0.106460 0.167828
v -0.078918 -0.098179 0.035433
v -0.079491 0.042482 0.226893
v -0.079415 -0.076838 0.257363
v -0.079414 -0.077009 0.258163
v -0.079061 0.044716 0.097279
v -0.079414 0.076956 0.257906
v -0.079410 0.075820 0.253744
v -0.079407 0.077061 0.258430
v -0.079406 -0.040039 0.097878
v -0.079404 -0.076670 0.256648
v -0.079394 0.040039 0.097866
v -0.079394 0.076599 0.256366
v -0.079386 0.077182 0.259099
v -0.079375 -0.077224 0.259356
v -0.079371 -0.076467 0.255866
v -0.079361 0.076395 0.255609
v -0.079320 -0.077376 0.260366
v -0.079329 0.076244 0.255082
v -0.079326 -0.076230 0.255039
v -0.080549 0.077491 0.260560
v -0.079308 0.076153 0.254783
v -0.079302 -0.076132 0.254717
v -0.079278 0.076038 0.254416
v -0.079245 -0.075919 0.254054
v -0.079241 0.077476 0.261218
v -0.079226 -0.077491 0.261366
v -0.079180 -0.075702 0.253419
v -0.079155 -0.077551 0.262005
v -0.079146 0.075599 0.253131
v -0.079113 -0.071841 0.245048
v -0.079110 -0.075494 0.252845
v -0.079140 0.077565 0.262141
v -0.079099 -0.040039 0.097593
v -0.079065 -0.077603 0.262714
v -0.079055 0.075338 0.252438
v -0.079044 0.077613 0.262860
v -0.079036 0.040039 0.097537
v -0.078997 -0.042482 0.227170
v -0.078996 -0.075175 0.252025
v -0.080774 0.077833 0.264800
v -0.077448 0.107880 0.162515
v -0.078980 0.107262 0.166338
v -0.078972 0.077637 0.263342
v -0.078950 0.075057 0.251738
v -0.078877 0.100406 0.158067
v -0.078911 0.107299 0.230184
v -0.079450 -0.107060 0.166276
v -0.078903 -0.074935 0.251446
v -0.078901 0.077655 0.263785
v -0.077814 -0.107748 0.159528
v -0.078848 0.074798 0.251128
v -0.078837 -0.077667 0.264214
v -0.078790 -0.074655 0.250806
v -0.079428 0.077693 0.264880
v -0.077820 0.071144 0.244509
v -0.078707 -0.042482 0.227327
v -0.078707 0.042482 0.227327
v -0.078697 0.074420 0.250293
v -0.078684 -0.074397 0.250243
v -0.084052 -0.103136 0.100868
v -0.078665 -0.040039 0.097221
v -0.078665 0.040039 0.097221
v -0.078559 0.074118 0.249668
v -0.078551 -0.074095 0.249618
v -0.078450 0.073871 0.249180
v -0.078432 -0.040039 0.097035
v -0.078416 0.042482 0.227478
v -0.082874 0.100478 0.167955
v -0.078387 -0.073732 0.248910
v -0.078318 0.073583 0.248631
v -0.078227 -0.073387 0.248271
v -0.078160 0.086565 0.300399
v -0.078128 0.073177 0.247898
v -0.078092 0.040039 0.096778
v -0.078037 -0.072986 0.247565
v -0.077959 0.072825 0.247293
v -0.077903 -0.042482 0.227734
v -0.077889 -0.040039 0.096633
v -0.077889 0.040039 0.096633
v -0.077881 -0.072663 0.247023
v -0.077742 0.072380 0.246567
v -0.077693 -0.072279 0.246407
v -0.077596 0.040039 0.096433
v -0.080726 0.106279 0.118626
v -0.077544 0.071975 0.245939
v -0.077533 -0.071957 0.245914
v -0.080915 -0.100549 0.286908
v -0.076744 0.075126 0.065330
v -0.077457 -0.042479 0.227946
v -0.079726 -0.106878 0.137065
v -0.077454 0.108056 0.162169
v -0.077446 0.108050 0.234179
v -0.077413 0.042483 0.227966
v -0.077367 -0.040039 0.096285
v -0.077356 0.071604 0.245391
v -0.077286 -0.071465 0.245190
v -0.079632 -0.074713 0.078639
v -0.077093 -0.071083 0.244656
v -0.077092 0.071070 0.244636
v -0.077072 0.040039 0.096104
v -0.077060 -0.040032 0.096097
v -0.076970 -0.108297 0.139013
v -0.076970 -0.108297 0.230184
v -0.076970 0.108297 0.139013
v -0.076970 0.108297 0.230184
v -0.076748 -0.098091 0.303550
v -0.076854 0.098042 0.303501
v -0.076841 -0.070591 0.243996
v -0.076691 -0.044660 0.228225
v -0.076718 0.087113 0.303822
v -0.076731 -0.077722 0.279558
v -0.076669 0.070255 0.243567
v -0.078741 0.065611 0.236794
v -0.077987 -0.079889 0.034066
v -0.076628 -0.036963 0.095852
v -0.076605 -0.070131 0.243408
v -0.076564 0.040039 0.095818
v -0.076542 0.070009 0.243259
v -0.077375 -0.061552 0.232461
v -0.077867 -0.068443 0.240417
v -0.076420 0.069774 0.242972
v -0.076360 -0.069655 0.242828
v -0.076360 -0.036392 0.095710
v -0.074627 -0.108572 0.099901
v -0.074706 0.108314 0.096700
v -0.079606 -0.077707 0.264962
v -0.076224 -0.036169 0.095642
v -0.076217 0.040039 0.095639
v -0.076187 -0.042480 0.228488
v -0.076183 0.042482 0.228489
v -0.076164 0.069276 0.242384
v -0.076010 -0.087310 0.305421
v -0.076081 -0.069115 0.242198
v -0.076044 -0.108745 0.139013
v -0.076044 -0.108745 0.230184
v -0.076044 0.108745 0.139013
v -0.076044 0.108745 0.230184
v -0.075946 0.068854 0.241906
v -0.075911 -0.035726 0.095490
v -0.075862 -0.083139 0.303350
v -0.073038 0.060647 0.235097
v -0.075845 -0.068660 0.241690
v -0.075759 -0.077620 0.277134
v -0.075621 0.042482 0.228703
v -0.075620 -0.097599 0.306291
v -0.075620 -0.087462 0.306291
v -0.075620 -0.087385 0.306290
v -0.075620 0.087462 0.306291
v -0.075620 0.097599 0.306291
v -0.075607 -0.097767 0.306285
v -0.075607 0.097767 0.306285
v -0.075592 0.068170 0.241166
v -0.075590 0.086618 0.306271
v -0.075583 -0.086531 0.306267
v -0.075577 0.097907 0.306272
v -0.075576 -0.097913 0.306271
v -0.074063 -0.063184 0.236603
v -0.075552 -0.068092 0.241083
v -0.075536 -0.035329 0.095324
v -0.073881 0.042771 0.094528
v -0.075499 0.098101 0.306236
v -0.075496 -0.098106 0.306235
v -0.075493 0.085765 0.306220
v -0.075491 0.040039 0.095305
v -0.075480 -0.085684 0.306214
v -0.076386 -0.044927 0.095349
v -0.075420 -0.098224 0.306201
v -0.075420 0.098224 0.306201
v -0.075405 -0.085269 0.306176
v -0.076222 0.085679 0.304577
v -0.075380 0.067758 0.240741
v -0.075330 0.040039 0.095238
v -0.075329 0.084925 0.306140
v -0.075319 -0.035132 0.095233
v -0.075318 -0.098342 0.306155
v -0.075318 0.098343 0.306155
v -0.075311 -0.084850 0.306131
v -0.075299 -0.067601 0.240583
v -0.077803 0.098174 0.033448
v -0.075100 0.084103 0.306030
v -0.075078 -0.084035 0.306019
v -0.075061 -0.067135 0.240124
v -0.075060 0.067135 0.240125
v -0.075058 -0.042482 0.228903
v -0.073529 0.063412 0.236927
v -0.074719 -0.045748 0.228870
v -0.074999 -0.034877 0.095107
v -0.076461 0.047240 0.228354
v -0.074945 -0.109253 0.139013
v -0.074945 -0.109253 0.230184
v -0.074945 0.040039 0.095088
v -0.074945 0.109253 0.139013
v -0.074945 0.109253 0.230184
v -0.074889 -0.083508 0.305930
v -0.074864 -0.042482 0.228968
v -0.074864 0.042482 0.228968
v -0.074808 0.083306 0.305892
v -0.074788 0.066603 0.239622
v -0.074766 -0.081322 0.303025
v -0.074786 -0.066592 0.239610
v -0.074782 -0.083245 0.305880
v -0.074652 0.082949 0.305819
v -0.074625 -0.034632 0.094974
v -0.074618 -0.109400 0.139013
v -0.074618 -0.109400 0.230184
v -0.074618 0.109400 0.139013
v -0.074618 0.109400 0.230184
v -0.074335 -0.037416 0.094890
v -0.074471 0.065977 0.239058
v -0.074465 0.042482 0.229096
v -0.074454 0.082540 0.305726
v -0.074432 -0.065901 0.238991
v -0.074426 -0.082486 0.305713
v -0.074416 0.040039 0.094905
v -0.074403 -0.034503 0.094900
v -0.076935 0.098162 0.303279
v -0.079188 0.073517 0.076959
v -0.074269 -0.058405 0.090098
v -0.074257 0.077595 0.282288
v -0.074242 -0.099378 0.305669
v -0.074242 0.099378 0.305669
v -0.075110 0.109762 0.240518
v -0.074189 -0.065416 0.238575
v -0.080413 0.103454 0.075846
v -0.074177 0.065394 0.238555
v -0.074089 -0.034340 0.094804
v -0.074041 0.081810 0.305534
v -0.074026 -0.099580 0.305571
v -0.074026 0.099580 0.305571
v -0.074012 -0.081763 0.305520
v -0.073110 0.104845 0.049569
v -0.072825 -0.066488 0.083694
v -0.072415 0.110333 0.235239
v -0.073884 -0.042482 0.229271
v -0.073863 0.064764 0.238037
v -0.073848 -0.073715 0.074382
v -0.073841 0.040039 0.094734
v -0.073830 -0.064696 0.237984
v -0.073792 -0.034204 0.094721
v -0.073759 0.081381 0.305403
v -0.073119 0.063483 0.086151
v -0.073573 0.081122 0.305317
v -0.071497 -0.059318 0.234439
v -0.073555 0.064137 0.237546
v -0.073545 -0.064114 0.237528
v -0.073543 -0.081082 0.305303
v -0.073529 -0.042482 0.229369
v -0.073529 0.042482 0.229369
v -0.071571 0.058974 0.234220
v -0.073489 -0.034081 0.094643
v -0.073487 -0.073291 0.075089
v -0.073479 0.040039 0.094641
v -0.073469 -0.098045 0.018670
v -0.073404 -0.080902 0.305239
v -0.073404 0.080903 0.305239
v -0.072760 0.050091 0.093073
v -0.070239 -0.106458 0.047925
v -0.075053 -0.060913 0.088494
v -0.073002 0.097805 0.017238
v -0.073176 -0.110020 0.139013
v -0.073176 -0.110020 0.230184
v -0.073176 0.110020 0.139013
v -0.073176 0.110020 0.230184
v -0.079664 -0.078350 0.282437
v -0.073145 -0.100384 0.305174
v -0.073145 0.100384 0.305174
v -0.073057 0.082698 0.018149
v -0.073102 -0.033948 0.094556
v -0.073085 -0.072765 0.075924
v -0.077052 -0.098498 0.031166
v -0.073052 0.080481 0.305077
v -0.073096 0.084324 0.017482
v -0.073022 -0.080448 0.305063
v -0.072827 -0.069621 0.080325
v -0.073482 -0.081124 0.019810
v -0.073313 -0.109988 0.133797
v -0.072932 -0.062846 0.236602
v -0.072921 0.062824 0.236587
v -0.072889 -0.110138 0.139013
v -0.072889 -0.110138 0.230184
v -0.072889 0.110138 0.139013
v -0.072889 0.110138 0.230184
v -0.072845 -0.033872 0.094504
v -0.072309 -0.052080 0.092423
v -0.067214 -0.110842 0.271806
v -0.072732 0.040039 0.094484
v -0.072696 0.042482 0.229579
v -0.072692 -0.042482 0.229580
v -0.072660 -0.072123 0.076888
v -0.072624 0.062192 0.236158
v -0.072594 -0.062127 0.236115
v -0.072589 0.077567 0.287306
v -0.072587 -0.077567 0.287314
v -0.072556 0.079957 0.304845
v -0.072525 0.040039 0.094448
v -0.072523 -0.033791 0.094448
v -0.072454 -0.079865 0.304802
v -0.072445 -0.071757 0.077411
v -0.072428 0.101015 0.304850
v -0.075733 0.053188 0.229886
v -0.072598 -0.103180 0.038287
v -0.074445 0.081160 0.024035
v -0.072300 -0.061492 0.235706
v -0.072292 0.061475 0.235695
v -0.073786 -0.071002 0.078676
v -0.072250 0.084902 0.014873
v -0.073031 -0.110069 0.237048
v -0.072187 -0.079623 0.304680
v -0.074482 0.079671 0.301144
v -0.072180 0.040039 0.094396
v -0.072136 0.042482 0.229704
v -0.072120 -0.042483 0.229707
v -0.072025 0.101361 0.304668
v -0.072023 -0.097599 0.014184
v -0.072023 -0.084893 0.014184
v -0.060784 0.097705 -0.020108
v -0.072019 0.084538 0.014189
v -0.072018 -0.084531 0.014188
v -0.072016 -0.060779 0.235267
v -0.072010 -0.038429 0.094678
v -0.072004 -0.097837 0.014196
v -0.073654 0.077648 0.288679
v -0.071999 -0.039076 0.094672
v -0.071998 -0.077557 0.288991
v -0.071997 -0.037978 0.094673
v -0.071991 -0.084049 0.014200
v -0.071776 0.056905 0.090093
v -0.071983 0.083942 0.014205
v -0.071981 -0.070838 0.078655
v -0.071964 -0.039722 0.094657
v -0.071958 -0.037535 0.094658
v -0.071948 -0.083619 0.014216
v -0.071912 -0.070684 0.078855
v -0.071901 -0.040576 0.094620
v -0.071899 0.083246 0.014240
v -0.071891 -0.098108 0.014228
v -0.071891 0.098108 0.014228
v -0.071889 -0.083196 0.014238
v -0.072021 -0.033692 0.094374
v -0.071869 0.079359 0.304534
v -0.071838 -0.041395 0.094568
v -0.071789 -0.079296 0.304498
v -0.073314 -0.042596 0.094558
v -0.071767 -0.036535 0.094591
v -0.071762 -0.098293 0.014269
v -0.071762 -0.082513 0.014300
v -0.075435 0.098463 0.025566
v -0.071719 -0.110605 0.139013
v -0.071719 -0.110605 0.230184
v -0.071719 0.110605 0.139013
v -0.071719 0.110605 0.230184
v -0.071701 -0.043144 0.094401
v -0.071695 0.060133 0.234891
v -0.074020 -0.108347 0.085452
v -0.071677 -0.060098 0.234872
v -0.071676 0.082191 0.014315
v -0.071669 -0.070083 0.079609
v -0.071634 -0.043983 0.094294
v -0.070511 0.110933 0.120426
v -0.071565 -0.045678 0.094024
v -0.071563 -0.044887 0.094159
v -0.071559 0.040039 0.094327
v -0.071546 -0.035990 0.094530
v -0.071521 -0.033623 0.094324
v -0.070424 0.055689 0.232684
v -0.071497 0.042482 0.229829
v -0.071490 -0.049016 0.093276
v -0.071489 -0.081531 0.014398
v -0.071487 -0.042482 0.229831
v -0.071480 -0.069543 0.080257
v -0.071463 0.081495 0.014389
v -0.071455 -0.057436 0.089997
v -0.071431 -0.046616 0.093842
v -0.071395 0.077547 0.290654
v -0.071378 -0.047351 0.093684
v -0.071322 -0.048177 0.093490
v -0.071303 -0.048471 0.093416
v -0.076319 -0.075151 0.064026
v -0.071246 -0.068746 0.081166
v -0.071243 0.078902 0.304247
v -0.071231 0.080878 0.014469
v -0.073678 -0.078772 0.298497
v -0.071201 -0.050207 0.092933
v -0.071192 -0.078869 0.304225
v -0.071185 -0.034368 0.094312
v -0.071153 -0.051280 0.092593
v -0.071172 -0.080738 0.014488
v -0.071153 -0.068358 0.081591
v -0.071120 -0.051921 0.092373
v -0.071112 0.058767 0.234154
v -0.071088 0.040039 0.094294
v -0.072499 0.110301 0.132932
v -0.071079 -0.058689 0.234114
v -0.071058 -0.053609 0.091739
v -0.071854 -0.054843 0.091261
v -0.071018 -0.067754 0.082228
v -0.071012 -0.055302 0.091015
v -0.071008 0.080384 0.014544
v -0.072379 -0.080509 0.018561
v -0.070984 -0.056153 0.090616
v -0.070964 -0.056907 0.090242
v -0.070943 -0.057685 0.089836
v -0.070922 -0.058437 0.089422
v -0.070921 -0.067165 0.082823
v -0.070921 -0.058480 0.089398
v -0.070900 -0.059179 0.088994
v -0.070874 -0.059970 0.088514
v -0.070857 0.102334 0.304132
v -0.070847 0.042482 0.229939
v -0.070836 0.058096 0.233820
v -0.070834 -0.057995 0.233769
v -0.070825 -0.042483 0.229943
v -0.071084 -0.102918 0.301747
v -0.070815 -0.061537 0.087488
v -0.070806 -0.033570 0.094283
v -0.070804 -0.110952 0.139013
v -0.070804 -0.110952 0.230184
v -0.070804 0.110952 0.139013
v -0.070804 0.110952 0.230184
v -0.070802 -0.079972 0.014614
v -0.070788 -0.062342 0.086923
v -0.070776 0.078613 0.304035
v -0.071708 0.077572 0.291718
v -0.070769 -0.065810 0.084108
v -0.070756 -0.065646 0.084255
v -0.070749 0.079877 0.014632
v -0.070744 -0.063040 0.086402
v -0.070720 -0.064891 0.084915
v -0.070712 -0.064038 0.085622
v -0.070711 -0.064413 0.085315
v -0.070664 -0.078546 0.303984
v -0.070657 0.041374 0.094254
v -0.070656 0.040515 0.094276
v -0.070655 0.042029 0.094223
v -0.070653 -0.033565 0.094279
v -0.070653 0.040038 0.094279
v -0.070648 0.042870 0.094164
v -0.070647 0.043592 0.094098
v -0.070626 0.044433 0.094002
v -0.070610 0.045190 0.093897
v -0.070589 0.045986 0.093769
v -0.070588 -0.099378 0.014656
v -0.070572 0.046771 0.093624
v -0.070558 0.057395 0.233489
v -0.070430 0.064345 0.084598
v -0.070539 0.047526 0.093467
v -0.070527 -0.079491 0.014707
v -0.070062 -0.044179 0.230087
v -0.070510 -0.057265 0.233428
v -0.024890 0.046290 0.092380
v -0.070425 0.049986 0.092831
v -0.069027 0.110616 0.088580
v -0.070395 0.050561 0.092654
v -0.070395 0.079281 0.014756
v -0.070365 0.056894 0.233264
v -0.070362 -0.099580 0.014730
v -0.070350 0.051401 0.092378
v -0.070318 0.078366 0.303829
v -0.070312 -0.079154 0.014779
v -0.070303 0.052048 0.092146
v -0.070283 0.042482 0.230020
v -0.070270 -0.078342 0.303804
v -0.070252 0.052782 0.091868
v -0.070249 -0.111155 0.139013
v -0.070249 -0.111155 0.230184
v -0.070249 0.111155 0.139013
v -0.070249 0.111155 0.230184
v -0.070245 -0.056575 0.233125
v -0.070203 0.053435 0.091604
v -0.069279 0.050045 0.230932
v -0.070134 0.054348 0.091209
v -0.069569 0.077517 0.295417
v -0.070052 0.078784 0.014867
v -0.073125 -0.098943 0.020838
v -0.070032 0.055996 0.232883
v -0.070022 0.055563 0.090631
v -0.069975 -0.055832 0.232816
v -0.069921 -0.078605 0.014911
v -0.069546 -0.077695 0.300417
v -0.069870 0.057136 0.089798
v -0.069811 0.078132 0.303595
v -0.069805 0.057688 0.089480
v -0.069772 -0.078114 0.303576
v -0.070411 -0.055804 0.232730
v -0.069724 0.058398 0.089051
v -0.069704 0.078339 0.014983
v -0.069660 -0.042482 0.230095
v -0.069648 0.059029 0.088651
v -0.069643 -0.078259 0.015004
v -0.069560 0.059715 0.088193
v -0.069549 0.054605 0.232348
v -0.069494 -0.054434 0.232289
v -0.069474 0.060360 0.087740
v -0.069418 -0.042482 0.230120
v -0.069418 0.042482 0.230120
v -0.069384 0.060995 0.087273
v -0.071676 -0.078081 0.021774
v -0.069323 -0.053903 0.232105
v -0.069306 0.077885 0.015117
v -0.069300 0.061631 0.086783
v -0.068262 -0.075133 0.025443
v -0.069196 0.062233 0.086296
v -0.069151 -0.053006 0.231814
v -0.069143 0.077882 0.303292
v -0.069559 0.052857 0.231696
v -0.069096 0.062870 0.085757
v -0.069057 0.042482 0.230152
v -0.069055 -0.077853 0.303252
v -0.068997 0.063425 0.085263
v -0.068907 0.052510 0.231665
v -0.068889 0.077451 0.015304
v -0.068868 0.064131 0.084606
v -0.068866 -0.052372 0.231627
v -0.068103 0.077511 0.301115
v -0.058159 -0.076993 -0.016536
v -0.068766 -0.111669 0.139013
v -0.068766 -0.111669 0.230184
v -0.068766 0.111669 0.139013
v -0.068766 0.111669 0.230184
v -0.068749 -0.111669 0.232549
v -0.068749 0.111669 0.232549
v -0.068748 -0.111669 0.135276
v -0.068748 0.111669 0.135276
v -0.070023 0.075758 0.024325
v -0.068698 0.051757 0.231456
v -0.068692 -0.111694 0.139013
v -0.068692 -0.111694 0.230184
v -0.068692 0.111694 0.139013
v -0.068692 0.111694 0.230184
v -0.068586 0.070174 0.077086
v -0.068675 0.077742 0.303080
v -0.068670 0.065187 0.083552
v -0.068655 -0.051589 0.231412
v -0.067444 -0.112044 0.240179
v -0.068566 0.065664 0.083042
v -0.068546 0.051165 0.231302
v -0.068538 0.077148 0.015365
v -0.067983 0.072260 0.073006
v -0.068478 -0.050883 0.231234
v -0.068442 0.066256 0.082384
v -0.068433 -0.042482 0.230196
v -0.068335 0.066709 0.081855
v -0.068316 -0.050189 0.231073
v -0.068233 0.049806 0.230991
v -0.068216 0.067211 0.081243
v -0.068216 0.077635 0.302872
v -0.068211 -0.077634 0.302869
v -0.068168 -0.049491 0.230926
v -0.067862 -0.105974 0.297377
v -0.075928 0.109017 0.254663
v -0.068114 0.077492 0.298911
v -0.068106 0.067653 0.080681
v -0.068002 0.048676 0.230771
v -0.068621 -0.048995 0.230757
v -0.068027 -0.042482 0.230216
v -0.068027 0.042482 0.230216
v -0.068027 0.076734 0.015547
v -0.067970 0.068173 0.079987
v -0.067912 -0.048121 0.230681
v -0.067858 0.047783 0.230628
v -0.067857 0.068587 0.079408
v -0.066241 0.109193 0.055361
v -0.067818 -0.047528 0.230591
v -0.067769 0.047208 0.230547
v -0.067716 0.069076 0.078689
v -0.067711 -0.046759 0.230490
v -0.067674 0.046447 0.230454
v -0.067633 -0.046073 0.230414
v -0.067580 0.069525 0.077994
v -0.067571 -0.045490 0.230359
v -0.067288 -0.076576 0.013907
v -0.067533 0.077523 0.302563
v -0.069849 0.045714 0.230184
v -0.067528 -0.077522 0.302560
v -0.067514 -0.044745 0.230305
v -0.067498 0.044425 0.230285
v -0.067481 -0.044199 0.230275
v -0.067463 0.043794 0.230257
v -0.067453 0.069921 0.077350
v -0.067443 0.043138 0.230239
v -0.067439 0.076332 0.015739
v -0.067437 -0.042746 0.230234
v -0.067436 -0.042482 0.230233
v -0.067436 0.042482 0.230233
v -0.067271 -0.112148 0.139013
v -0.067271 -0.112148 0.230184
v -0.067271 0.112148 0.139013
v -0.067271 0.112148 0.230184
v -0.067182 0.070706 0.075971
v -0.067494 0.075085 0.025143
v -0.067050 0.071059 0.075299
v -0.066742 0.073930 0.067993
v -0.066903 0.071428 0.074557
v -0.067679 -0.077486 0.300865
v -0.066761 0.071765 0.073839
v -0.056318 -0.074543 -0.006635
v -0.065362 0.112686 0.127793
v -0.066555 -0.112363 0.139013
v -0.066555 -0.112363 0.230184
v -0.066555 0.112363 0.139013
v -0.066555 0.112363 0.230184
v -0.064000 0.113095 0.231409
v -0.066471 0.072398 0.072358
v -0.066243 -0.100000 0.004008
v -0.066326 0.072676 0.071640
v -0.066165 0.072970 0.070827
v -0.064440 -0.112948 0.121844
v -0.066015 0.073224 0.070067
v -0.065878 0.073438 0.069378
v -0.065765 -0.112590 0.139013
v -0.065765 -0.112590 0.230184
v -0.065765 0.112590 0.139013
v -0.065765 0.112590 0.230184
v -0.065611 -0.106119 0.301773
v -0.065562 0.073884 0.067753
v -0.063653 0.099890 -0.000468
v -0.067120 0.108727 0.286464
v -0.065312 0.074156 0.066556
v -0.065594 -0.105864 0.027351
v -0.064952 0.074493 0.064725
v -0.064810 0.074596 0.064018
v -0.065184 0.108230 0.293049
v -0.064637 0.074703 0.063145
v -0.064511 0.074766 0.062514
v -0.064397 -0.112957 0.139013
v -0.064397 -0.112957 0.230184
v -0.064397 0.112957 0.139013
v -0.064397 0.112957 0.230184
v -0.064307 0.074845 0.061498
v -0.064249 -0.112995 0.139013
v -0.064249 -0.112995 0.230184
v -0.064249 0.112996 0.139013
v -0.064249 0.112996 0.230184
v -0.064232 -0.112995 0.232483
v -0.064230 0.112996 0.135321
v -0.064025 0.074905 0.060120
v -0.063872 0.074915 0.059181
v -0.058912 0.113012 0.074224
v -0.068057 0.105019 0.301007
v -0.067712 -0.034109 0.094243
v -0.065239 -0.112759 0.137268
v -0.064042 -0.112559 0.097358
v -0.062723 -0.113364 0.139013
v -0.062723 -0.113364 0.230184
v -0.062723 0.113364 0.139013
v -0.062723 0.113364 0.230184
v -0.063616 -0.107231 0.301427
v -0.062261 -0.100000 -0.008330
v -0.062220 -0.113477 0.139013
v -0.062220 -0.113477 0.230184
v -0.062220 0.113478 0.139013
v -0.062220 0.113478 0.230184
v -0.048232 -0.107681 0.332885
v -0.062755 -0.113344 0.237320
v -0.054856 -0.100485 -0.004295
v -0.057955 -0.112845 0.281094
v -0.054005 -0.106448 -0.004692
v -0.061189 -0.113696 0.139013
v -0.061189 -0.113696 0.230184
v -0.061189 0.113696 0.139013
v -0.061189 0.113696 0.230184
v -0.061110 0.100919 -0.008206
v -0.062183 -0.108997 0.295988
v -0.060804 -0.084697 -0.019973
v -0.060804 0.084686 -0.019973
v -0.060803 -0.097599 -0.019974
v -0.060794 -0.097742 -0.019969
v -0.060787 -0.084090 -0.019964
v -0.060787 0.084090 -0.019964
v -0.058012 0.113942 0.091239
v -0.060778 0.097866 -0.019957
v -0.060760 -0.097905 -0.019958
v -0.060744 -0.083557 -0.019946
v -0.060744 0.083554 -0.019950
v -0.060669 -0.083000 -0.019919
v -0.060651 -0.098156 -0.019917
v -0.060637 0.082815 -0.019907
v -0.060618 -0.082712 -0.019900
v -0.060542 0.098293 -0.019887
v -0.060489 -0.098343 -0.019869
v -0.060479 -0.082087 -0.019851
v -0.060469 0.082044 -0.019848
v -0.060446 -0.034802 0.094256
v -0.060243 0.081295 -0.019770
v -0.060237 -0.098039 -0.021621
v -0.060236 0.100008 0.334885
v -0.060325 0.113889 0.129391
v -0.060122 -0.100115 0.334824
v -0.060109 -0.109236 0.299290
v -0.046206 0.108207 0.335357
v -0.060090 -0.100000 0.335231
v -0.060026 -0.113922 0.139013
v -0.060026 -0.113922 0.230184
v -0.060026 0.113922 0.139013
v -0.060026 0.113922 0.230184
v -0.059970 -0.080585 -0.019680
v -0.059957 0.080555 -0.019671
v -0.059777 -0.109400 0.299140
v -0.059777 0.109400 0.299140
v -0.059564 -0.098268 -0.023511
v -0.059647 -0.113991 0.139013
v -0.059647 -0.113991 0.230184
v -0.059647 0.113991 0.139013
v -0.059647 0.113991 0.230184
v -0.059640 -0.079885 -0.019569
v -0.057861 -0.114285 0.133172
v -0.059598 0.079806 -0.019562
v -0.058285 0.073290 0.029430
v -0.058152 0.083581 -0.027028
v -0.052732 0.102511 0.000080
v -0.058787 0.074357 0.027887
v -0.056817 0.114436 0.239890
v -0.059386 0.110264 0.295000
v -0.059307 -0.079295 -0.019450
v -0.059305 0.100842 0.334455
v -0.059287 -0.099450 -0.019480
v -0.059229 0.079158 -0.019413
v -0.057491 -0.100440 0.333608
v -0.059151 -0.079047 -0.019397
v -0.059106 0.101015 0.334365
v -0.058956 0.114110 0.233152
v -0.058891 -0.078665 -0.019310
v -0.057399 0.078652 -0.024049
v -0.058363 0.109485 0.028536
v -0.058631 0.078319 -0.019222
v -0.058501 -0.078156 -0.019182
v -0.058462 -0.110020 0.298547
v -0.058462 0.110020 0.298547
v -0.058213 -0.110133 0.298434
v -0.058213 0.110133 0.298434
v -0.058190 0.101793 0.333952
v -0.058134 0.077734 -0.019056
v -0.058099 -0.114248 0.139013
v -0.058099 -0.114248 0.230184
v -0.058099 0.114249 0.139013
v -0.058099 0.114249 0.230184
v -0.058715 -0.105795 0.006384
v -0.058032 -0.077623 -0.019030
v -0.058881 -0.080959 -0.024220
v -0.057818 -0.114291 0.139013
v -0.057818 -0.114291 0.230184
v -0.057818 0.114291 0.139013
v -0.057818 0.114291 0.230184
v -0.057595 0.077189 -0.018876
v -0.056028 -0.111731 0.292989
v -0.058329 0.114222 0.134924
v -0.057389 0.102346 0.333928
v -0.057376 0.076995 -0.018802
v -0.060325 0.111479 0.054682
v -0.067514 -0.108673 0.050098
v -0.057184 0.072000 0.033490
v -0.051200 -0.114092 0.059390
v -0.057135 -0.110605 0.297948
v -0.057135 0.110605 0.297948
v -0.055924 0.103603 0.332903
v -0.056827 0.076551 -0.018620
v -0.052320 -0.075570 -0.026664
v -0.056545 -0.114468 0.139013
v -0.056545 -0.114468 0.230184
v -0.056545 0.114469 0.139013
v -0.056545 0.114469 0.230184
v -0.056788 -0.076704 -0.019458
v -0.056289 -0.110957 0.297566
v -0.056289 0.110957 0.297566
v -0.054841 0.075839 -0.021135
v -0.057451 -0.076078 0.306304
v -0.055842 -0.073542 0.008505
v -0.056199 0.073261 0.004091
v -0.056243 -0.098063 -0.030566
v -0.048887 -0.072802 -0.033197
v -0.056153 -0.103229 0.333517
v -0.054020 0.103711 -0.017790
v -0.055795 -0.111155 0.297343
v -0.055795 0.111155 0.297343
v -0.056915 -0.114432 0.235564
v -0.055879 -0.066601 0.308152
v -0.055598 -0.114584 0.139013
v -0.055598 -0.114584 0.230184
v -0.055598 0.114584 0.139013
v -0.055598 0.114584 0.230184
v -0.055995 -0.066324 0.304080
v -0.055415 0.072070 -0.007141
v -0.047245 -0.033388 0.093909
v -0.054986 -0.114651 0.139013
v -0.054986 -0.114651 0.230184
v -0.054986 0.114651 0.139013
v -0.054986 0.114651 0.230184
v -0.074944 -0.073998 0.074010
v -0.057295 0.106591 0.006359
v -0.054724 0.100000 0.347120
v -0.050342 -0.114779 0.084804
v -0.054557 -0.077980 0.338108
v -0.054556 0.078163 0.339133
v -0.054552 -0.078250 0.339608
v -0.054546 -0.077848 0.337304
v -0.054546 0.078303 0.339867
v -0.054540 0.077895 0.337636
v -0.053573 0.077475 0.338567
v -0.054516 -0.078517 0.340914
v -0.054397 -0.072037 0.013400
v -0.054502 0.078559 0.341138
v -0.054492 -0.077539 0.334973
v -0.054483 0.077601 0.335562
v -0.054478 -0.078696 0.341740
v -0.054446 0.077518 0.334869
v -0.052992 -0.101368 0.347012
v -0.054406 0.111684 0.296714
v -0.054387 -0.111691 0.296706
v -0.054380 -0.077422 0.333915
v -0.054367 0.079103 0.343482
v -0.054354 -0.079139 0.343634
v -0.054314 -0.077702 0.336800
v -0.054306 -0.077344 0.332961
v -0.054276 0.077309 0.332302
v -0.053587 0.079396 0.346475
v -0.054244 -0.079527 0.345111
v -0.054189 -0.077284 0.331944
v -0.054158 0.079647 0.345629
v -0.054155 0.077396 0.334188
v -0.054039 0.079936 0.346671
v -0.054027 0.107035 0.004010
v -0.053999 0.077244 0.331012
v -0.053920 0.080187 0.347558
v -0.053919 -0.080163 0.347508
v -0.051288 0.083618 -0.038396
v -0.058222 0.114226 0.116090
v -0.055724 -0.074163 0.310086
v -0.057184 0.114287 0.262182
v -0.053828 -0.105067 0.332098
v -0.053769 -0.080481 0.348569
v -0.055400 0.111872 0.293159
v -0.056211 -0.114535 0.125650
v -0.053600 -0.080774 0.349569
v -0.053591 0.080798 0.349637
v -0.053631 -0.079800 0.347432
v -0.048857 0.100447 0.343670
v -0.053423 -0.114796 0.139013
v -0.053423 -0.114796 0.230184
v -0.053423 0.114796 0.139013
v -0.053423 0.114796 0.230184
v -0.053418 0.081104 0.350615
v -0.053416 -0.081110 0.350630
v -0.053407 -0.114796 0.232324
v -0.053407 0.114796 0.232324
v -0.053405 -0.114796 0.135428
v -0.053405 0.114796 0.135428
v -0.053370 -0.114800 0.139013
v -0.053370 -0.114800 0.230184
v -0.053370 0.114800 0.139013
v -0.053370 0.114800 0.230184
v -0.053217 0.081432 0.351646
v -0.053214 -0.081435 0.351657
v -0.053531 0.073321 0.019332
v -0.053081 -0.112148 0.296118
v -0.053081 0.112148 0.296118
v -0.053020 0.081734 0.352579
v -0.053242 0.078469 0.344690
v -0.053277 -0.078789 0.345955
v -0.052744 0.080160 0.350916
v -0.052757 0.082117 0.353737
v -0.052568 0.082386 0.354522
v -0.050893 0.072002 0.362320
v -0.052297 0.108119 0.001170
v -0.052701 -0.108138 0.002783
v -0.052497 -0.082484 0.354806
v -0.054287 -0.099945 0.005494
v -0.052370 -0.112382 0.295797
v -0.052370 0.112382 0.295797
v -0.052245 -0.105997 0.331893
v -0.052220 -0.082852 0.355867
v -0.052210 0.082865 0.355911
v -0.052339 -0.076698 0.331252
v -0.054902 -0.077145 0.298445
v -0.050199 0.075376 0.327878
v -0.051926 -0.083228 0.356931
v -0.052334 0.074809 -0.023824
v -0.051901 0.081860 0.355777
v -0.052281 0.072298 0.336777
v -0.051857 -0.114902 0.139013
v -0.051857 -0.114902 0.230184
v -0.051857 0.114903 0.139013
v -0.051857 0.114903 0.230184
v -0.052217 -0.081505 0.354422
v -0.051331 0.083084 0.358269
v -0.054953 -0.114753 0.248453
v -0.050817 0.106626 0.332192
v -0.050464 -0.106905 0.331979
v -0.051708 -0.112590 0.295498
v -0.051708 0.112590 0.295498
v -0.051001 0.079591 -0.037950
v -0.051129 -0.074973 0.299206
v -0.051106 -0.083478 0.359147
v -0.052809 0.072393 -0.018744
v -0.051520 0.083725 0.358301
v -0.042565 -0.106361 -0.032703
v -0.051359 0.111155 0.020972
v -0.051283 -0.084000 0.359057
v -0.051256 0.112996 0.292772
v -0.052853 0.114857 0.130473
v -0.050896 0.083785 0.359861
v -0.051136 -0.114939 0.139013
v -0.051136 -0.114939 0.230184
v -0.051136 0.114939 0.139013
v -0.051136 0.114939 0.230184
v -0.052528 -0.074631 0.023946
v -0.050933 -0.084396 0.360124
v -0.052984 -0.075565 0.349242
v -0.053662 -0.073137 0.300529
v -0.049245 -0.066290 0.299680
v -0.050828 0.084520 0.360439
v -0.050564 -0.084798 0.361191
v -0.050170 0.084792 0.362123
v -0.050378 -0.112981 0.294898
v -0.050378 0.112981 0.294898
v -0.051098 -0.112995 0.293136
v -0.050326 0.112996 0.294874
v -0.052883 -0.074515 -0.020782
v -0.050289 0.114972 0.230184
v -0.050288 -0.114972 0.139013
v -0.050288 -0.114972 0.230184
v -0.050288 0.114972 0.139013
v -0.050049 -0.084956 0.362498
v -0.050051 0.085343 0.362599
v -0.048094 -0.110636 0.005950
v -0.049774 -0.085612 0.363315
v -0.049770 -0.077112 0.296831
v -0.049767 -0.076075 0.298556
v -0.049758 -0.075645 0.298841
v -0.049756 -0.076869 0.297527
v -0.049727 -0.076472 0.298149
v -0.049654 -0.074667 0.053565
v -0.049597 0.085492 0.363702
v -0.054662 0.114768 0.247911
v -0.051097 -0.098084 -0.038741
v -0.049327 -0.086048 0.364434
v -0.049220 0.086158 0.364696
v -0.049132 -0.074592 0.053140
v -0.046572 0.114258 0.043624
v -0.049000 -0.115000 0.230184
v -0.049000 0.115000 0.139013
v -0.050010 -0.114982 0.242717
v -0.049533 0.114988 0.119658
v -0.048935 -0.113364 0.294247
v -0.048935 0.113364 0.294247
v -0.048830 0.086487 0.365632
v -0.046839 -0.100121 0.342105
v -0.048836 -0.086424 0.365593
v -0.049938 -0.114989 0.133911
v -0.051749 -0.072022 0.021877
v -0.050850 -0.114905 0.096493
v -0.047468 -0.112732 0.024921
v -0.048602 -0.074277 0.312814
v -0.048455 -0.086854 0.366474
v -0.048369 -0.113503 0.293991
v -0.048369 0.113503 0.293991
v -0.048758 -0.074967 0.316222
v -0.048307 -0.097599 0.366804
v -0.048307 -0.086986 0.366804
v -0.048307 0.097599 0.366804
v -0.048294 -0.097767 0.366798
v -0.048294 0.097767 0.366798
v -0.048264 -0.097903 0.366784
v -0.048264 0.097903 0.366784
v -0.046434 -0.100144 0.335166
v -0.048180 -0.098108 0.366746
v -0.048180 0.098108 0.366746
v -0.055237 0.098526 -0.032933
v -0.047295 0.114978 0.090084
v -0.048108 -0.098224 0.366714
v -0.048108 0.098224 0.366714
v -0.046577 -0.074101 0.037453
v -0.048005 -0.098342 0.366667
v -0.048005 0.098343 0.366667
v -0.047609 -0.098039 0.368327
v -0.047537 -0.113696 0.293616
v -0.047537 0.113696 0.293616
v -0.047489 -0.075000 0.312610
v -0.047281 -0.074575 0.034434
v -0.046936 -0.099372 0.366185
v -0.046936 0.099372 0.366185
v -0.046805 -0.074440 0.034601
v -0.046945 -0.072882 0.055921
v -0.046259 0.072000 0.319112
v -0.046713 -0.099580 0.366084
v -0.046713 0.099580 0.366084
v -0.045590 -0.107381 0.340660
v -0.044847 -0.074340 0.300972
v -0.047721 0.113822 0.291973
v -0.045933 -0.073925 0.034003
v -0.047036 0.098028 0.369617
v -0.046238 0.113972 0.293028
v -0.046231 -0.113973 0.293024
v -0.046509 -0.075000 0.312205
v -0.045962 -0.098072 -0.044535
v -0.045723 -0.108335 0.335808
v -0.046642 0.100090 0.333637
v -0.047085 -0.071999 0.030385
v -0.046360 0.106810 0.343086
v -0.045560 -0.075000 0.311587
v -0.044999 -0.072671 0.033903
v -0.043676 -0.062563 0.048397
v -0.045449 -0.072000 0.032754
v -0.049176 -0.066092 0.313687
v -0.045321 -0.072000 0.032949
v -0.045223 -0.072000 0.033123
v -0.048489 -0.034383 0.094071
v -0.045161 -0.072000 0.033251
v -0.045053 -0.072000 0.033521
v -0.045036 -0.072000 0.033570
v -0.045466 -0.071974 0.041001
v -0.051771 -0.080380 -0.038535
v -0.044720 -0.114248 0.292344
v -0.044720 0.114249 0.292344
v -0.044674 0.072000 0.316483
v -0.042122 -0.066585 0.063445
v -0.043558 0.075649 0.313828
v -0.048996 -0.106245 -0.021500
v -0.044307 -0.114317 0.292158
v -0.044307 0.114317 0.292158
v -0.046146 -0.114345 0.288534
v -0.044563 -0.066363 0.301864
v -0.042999 0.099054 0.375745
v -0.044845 0.076915 0.298669
v -0.045902 0.107470 -0.022523
v -0.077242 -0.075610 0.069791
v -0.043621 0.072000 0.314864
v -0.045781 0.076698 0.317342
v -0.047416 0.112707 0.024211
v -0.044034 -0.077637 -0.044456
v -0.043526 -0.101557 0.367250
v -0.044700 -0.071321 0.050011
v -0.043355 0.072000 0.314182
v -0.043304 -0.114468 0.291705
v -0.043304 0.114469 0.291705
v -0.044251 -0.074392 0.310449
v -0.043090 -0.066584 0.306772
v -0.042867 -0.074579 0.306611
v -0.043699 0.114633 0.287605
v -0.042977 0.072000 0.036410
v -0.042903 0.072000 0.036443
v -0.042678 0.072000 0.036559
v -0.042544 0.072000 0.036640
v -0.042667 -0.098199 0.376673
v -0.042416 -0.114722 0.288175
v -0.042397 0.072000 0.036741
v -0.047809 -0.114945 0.265811
v -0.042259 -0.114606 0.291233
v -0.042259 0.114606 0.291233
v -0.042217 0.072000 0.036885
v -0.041925 0.072000 0.037172
v -0.041883 -0.114651 0.291064
v -0.041883 0.114651 0.291064
v -0.045562 -0.114990 0.079886
v -0.039355 0.082294 -0.050691
v -0.038711 -0.075177 0.069541
v -0.040001 0.114049 0.021172
v -0.033459 -0.106594 0.370287
v -0.042878 0.114338 0.034202
v -0.036144 0.072004 0.043034
v -0.041534 -0.072475 0.061669
v -0.027171 -0.115160 0.276334
v -0.055468 -0.112909 0.049860
v -0.040458 -0.114796 0.290421
v -0.040458 0.114796 0.290421
v -0.038815 -0.114989 0.286172
v -0.039590 0.111208 -0.014894
v -0.042407 0.114974 0.278794
v -0.040203 -0.114817 0.290305
v -0.040203 0.114818 0.290305
v -0.036293 -0.032690 0.093695
v -0.039969 -0.063100 0.055013
v -0.038497 0.072128 -0.041824
v -0.039855 0.076613 0.293619
v -0.039031 -0.114902 0.289776
v -0.039031 0.114903 0.289776
v -0.038411 -0.071266 0.048239
v -0.042309 -0.098247 -0.048082
v -0.038142 -0.114950 0.289375
v -0.038142 0.114950 0.289375
v -0.037602 -0.114972 0.289131
v -0.037602 0.114972 0.289131
v -0.031765 0.076544 0.293163
v -0.037372 0.074615 0.294504
v -0.037367 0.075513 0.294132
v -0.037366 0.075864 0.293885
v -0.037362 0.075198 0.294304
v -0.032628 0.108399 0.364702
v -0.035514 -0.114795 0.026314
v -0.035717 -0.111393 -0.023544
v -0.042323 0.074935 -0.040347
v -0.043232 0.073290 0.036751
v -0.031592 -0.099199 0.387542
v -0.040930 0.098385 -0.049508
v -0.036427 0.115000 0.288601
v -0.028021 -0.113926 -0.017968
v -0.042158 0.114988 0.062414
v -0.035197 -0.071435 0.050109
v -0.043487 -0.075000 0.376565
v -0.035495 -0.098073 -0.053282
v -0.030776 -0.074878 0.066254
v -0.034054 -0.072000 0.051747
v -0.032237 -0.108862 0.362993
v -0.032727 -0.068752 0.058616
v -0.050600 0.074279 0.036608
v -0.033465 -0.072000 0.056819
v -0.033239 -0.072000 0.055691
v -0.033494 -0.071547 0.052746
v -0.034311 0.113073 -0.010792
v -0.032958 -0.114950 0.027016
v -0.032888 -0.033754 0.093803
v -0.032876 -0.075085 0.067954
v -0.032869 -0.075086 0.069170
v -0.032861 -0.075105 0.068647
v -0.032856 -0.074104 0.072930
v -0.032805 -0.073865 0.073389
v -0.032796 0.109236 0.359803
v -0.032710 -0.075048 0.067523
v -0.032565 -0.109350 0.359698
v -0.032565 0.109350 0.359698
v -0.032414 -0.104781 -0.045133
v -0.035437 -0.112949 -0.009250
v -0.032395 -0.114972 0.027201
v -0.035089 -0.114986 0.036003
v -0.032000 -0.115000 0.142873
v -0.031786 0.115000 0.137749
v -0.032000 0.115000 0.213919
v -0.030878 -0.114987 0.218693
v -0.031359 -0.075000 0.387727
v -0.031260 -0.109969 0.359109
v -0.031260 0.109970 0.359109
v -0.031171 -0.115000 0.027603
v -0.031122 -0.114983 0.142873
v -0.031122 0.114983 0.142873
v -0.027078 -0.114939 0.240330
v -0.030900 -0.110133 0.358947
v -0.030900 0.110133 0.358947
v -0.030712 0.114972 0.213919
v -0.030711 -0.114972 0.213919
v -0.027886 0.114969 0.113690
v -0.028475 -0.114942 0.132609
v -0.031245 0.113758 -0.010364
v -0.029942 -0.110554 0.358514
v -0.029942 0.110554 0.358514
v -0.029864 -0.114939 0.142873
v -0.029864 -0.114939 0.213919
v -0.029864 0.114939 0.142873
v -0.029864 0.114939 0.213919
v -0.022200 0.098583 0.393323
v -0.029515 0.114922 0.142873
v -0.029490 -0.032562 0.093599
v -0.030556 0.114991 0.126613
v -0.029781 0.114974 0.224656
v -0.049541 0.114990 0.243715
v -0.029143 -0.114902 0.213919
v -0.029143 0.114903 0.213919
v -0.029047 -0.114901 0.139488
v -0.028977 -0.110957 0.358079
v -0.028977 0.110957 0.358079
v -0.028816 0.114888 0.140517
v -0.023328 -0.098885 0.392490
v -0.028683 -0.074702 0.064539
v -0.028639 -0.072000 0.061906
v -0.026243 -0.098096 -0.058543
v -0.028611 -0.111104 0.357914
v -0.028611 0.111104 0.357914
v -0.036008 0.098291 0.384073
v -0.027776 -0.114813 0.142868
v -0.027630 0.114800 0.142873
v -0.027604 -0.114798 0.213919
v -0.027604 0.114798 0.213919
v -0.025845 -0.114980 0.101271
v -0.031210 -0.114059 -0.006027
v -0.027268 -0.111619 0.357308
v -0.026307 0.111519 0.360006
v -0.025685 0.115000 0.093670
v -0.027967 0.113473 -0.026968
v -0.027028 -0.111707 0.357199
v -0.027028 0.111707 0.357199
v -0.026147 0.083070 -0.058456
v -0.020776 -0.077305 0.271903
v -0.026702 -0.075243 0.298436
v -0.026685 -0.076420 0.297231
v -0.023089 -0.114344 0.219336
v -0.026912 0.109121 -0.039145
v -0.026373 -0.074999 0.298512
v -0.026481 -0.076651 0.296645
v -0.027856 -0.114997 0.250795
v -0.026306 -0.114681 0.142873
v -0.026306 0.114681 0.142873
v -0.026190 -0.076050 0.297757
v -0.026151 -0.075637 0.298159
v -0.026014 -0.114651 0.213919
v -0.026014 0.114651 0.213919
v -0.026005 0.074086 0.061945
v -0.026000 -0.031603 0.093500
v -0.026000 0.039250 0.093500
v -0.026000 0.073346 0.066425
v -0.026000 0.073593 0.065276
v -0.026000 0.073874 0.063646
v -0.025987 0.039849 0.093495
v -0.025968 0.041099 0.093451
v -0.025961 0.041493 0.093428
v -0.026934 0.114413 -0.011030
v -0.025939 0.042748 0.093325
v -0.025932 0.043132 0.093284
v -0.025915 -0.112098 0.356697
v -0.025915 0.112098 0.356697
v -0.025910 0.044389 0.093120
v -0.025904 0.044763 0.093063
v -0.025874 0.046199 0.092806
v -0.025848 0.047984 0.092392
v -0.025821 0.074161 0.061000
v -0.025818 0.049415 0.091993
v -0.025793 0.051127 0.091422
v -0.025771 0.052350 0.090954
v -0.025766 0.052661 0.090827
v -0.025740 0.054166 0.090160
v -0.025711 0.055489 0.089505
v -0.025694 0.056803 0.088777
v -0.025689 0.057073 0.088619
v -0.027989 -0.080405 -0.057550
v -0.025661 0.058350 0.087828
v -0.025645 0.059582 0.086985
v -0.025641 0.059822 0.086812
v -0.025640 0.039230 0.093506
v -0.025614 0.061032 0.085894
v -0.025600 0.062179 0.084938
v -0.025596 0.062389 0.084754
v -0.025574 0.063501 0.083734
v -0.024151 0.063979 0.083278
v -0.025555 0.064752 0.082464
v -0.025539 0.065684 0.081431
v -0.025536 0.065851 0.081238
v -0.025520 0.066738 0.080156
v -0.025518 0.066890 0.079962
v -0.025498 0.067804 0.078733
v -0.025487 0.068659 0.077465
v -0.025484 0.068783 0.077271
v -0.025466 0.069582 0.075954
v -0.025458 0.070318 0.074603
v -0.025456 0.070415 0.074414
v -0.025445 0.071044 0.073117
v -0.025444 0.071129 0.072931
v -0.023810 0.071710 0.071555
v -0.025432 0.071772 0.071416
v -0.025419 0.072316 0.069956
v -0.025412 0.072817 0.068392
v -0.025407 0.073224 0.066880
v -0.025402 -0.114584 0.142873
v -0.025402 -0.114584 0.213919
v -0.025402 0.114584 0.142873
v -0.025402 0.114584 0.213919
v -0.025389 0.074230 0.059448
v -0.025369 0.074193 0.060363
v -0.025703 0.073361 0.060269
v -0.025162 0.039223 0.093515
v -0.025057 -0.112382 0.356310
v -0.025057 0.112382 0.356310
v -0.025026 -0.032403 0.093517
v -0.023418 -0.114997 0.269300
v -0.023974 0.073317 0.051432
v -0.024707 -0.114500 0.142873
v -0.024707 0.114501 0.142873
v -0.024619 -0.032587 0.093530
v -0.019671 0.074301 0.058674
v -0.024551 -0.112542 0.356081
v -0.024551 0.112542 0.356081
v -0.024489 0.039195 0.093535
v -0.024455 -0.114468 0.213919
v -0.024455 0.114469 0.213919
v -0.024298 -0.032752 0.093545
v -0.025487 -0.114578 -0.011510
v -0.023943 0.112510 0.357700
v -0.023541 0.042164 0.093502
v -0.019954 0.075273 -0.056777
v -0.023731 0.059482 0.087240
v -0.024009 0.049788 0.091902
v -0.023258 -0.033344 0.093620
v -0.023500 -0.076710 0.265799
v -0.023500 -0.076710 0.269253
v -0.023500 -0.076661 0.264145
v -0.023500 -0.076535 0.262496
v -0.023500 -0.076331 0.260854
v -0.023500 -0.076049 0.259224
v -0.023500 -0.075890 0.258461
v -0.023500 -0.075890 0.269755
v -0.023500 -0.041703 0.231000
v -0.023500 0.041704 0.231000
v -0.023500 0.075890 0.258461
v -0.023500 0.075992 0.258942
v -0.023500 0.076286 0.260560
v -0.023500 0.076503 0.262190
v -0.023500 0.076643 0.263828
v -0.023500 0.076706 0.265471
v -0.023494 0.076712 0.269484
v -0.023499 0.075890 0.269723
v -0.023489 0.042273 0.231004
v -0.023468 -0.043553 0.231049
v -0.023468 0.039150 0.093604
v -0.023466 -0.076710 0.269621
v -0.023464 0.043763 0.231057
v -0.023461 -0.043966 0.231073
v -0.023439 0.045179 0.231173
v -0.023432 -0.045382 0.231190
v -0.023411 0.046811 0.231375
v -0.023410 -0.046843 0.231379
v -0.023403 -0.047258 0.231444
v -0.023403 0.047254 0.231443
v -0.023383 0.048431 0.231653
v -0.023382 -0.048473 0.231661
v -0.023375 -0.048887 0.231745
v -0.023375 0.048883 0.231744
v -0.023364 -0.076708 0.269978
v -0.023364 0.076708 0.269978
v -0.023355 0.050036 0.232007
v -0.023354 -0.050087 0.232019
v -0.023327 0.051623 0.232436
v -0.023326 -0.051683 0.232453
v -0.023319 -0.052093 0.232578
v -0.023319 0.052090 0.232577
v -0.023300 0.053189 0.232938
v -0.023298 -0.053256 0.232962
v -0.023291 -0.053664 0.233107
v -0.023291 0.053661 0.233106
v -0.023273 0.054728 0.233514
v -0.023271 -0.054804 0.233545
v -0.023264 -0.055207 0.233710
v -0.023246 0.056239 0.234162
v -0.023238 -0.056720 0.234386
v -0.023238 0.056717 0.234385
v -0.022848 0.039134 0.093666
v -0.023220 0.057718 0.234880
v -0.023219 -0.057808 0.234927
v -0.023199 -0.076705 0.270312
v -0.023198 0.076705 0.270309
v -0.023195 0.059162 0.235667
v -0.023194 -0.059258 0.235722
v -0.023187 -0.059642 0.235948
v -0.023187 0.059639 0.235947
v -0.023182 -0.114291 0.142873
v -0.023182 -0.114291 0.213919
v -0.023568 0.114360 0.216152
v -0.023178 0.112949 0.355462
v -0.023171 0.060567 0.236520
v -0.023169 -0.060669 0.236586
v -0.023169 -0.056317 0.234200
v -0.023162 -0.061044 0.236831
v -0.023162 0.061042 0.236829
v -0.023148 0.114286 0.142873
v -0.023147 0.061931 0.237439
v -0.023145 -0.062037 0.237515
v -0.023139 -0.062403 0.237779
v -0.023139 0.062401 0.237778
v -0.023134 -0.112962 0.355443
v -0.023124 0.063249 0.238421
v -0.023123 0.041689 0.230994
v -0.023122 -0.063360 0.238507
v -0.023116 -0.063715 0.238791
v -0.023116 0.063713 0.238790
v -0.023113 -0.114281 0.142873
v -0.023102 0.064521 0.239463
v -0.023101 -0.114281 0.140740
v -0.023100 -0.064635 0.239561
v -0.023094 -0.064978 0.239863
v -0.023094 0.064977 0.239862
v -0.023080 0.065742 0.240564
v -0.023078 -0.065858 0.240675
v -0.023073 -0.066189 0.240995
v -0.023073 0.066188 0.240993
v -0.023066 0.112981 0.355411
v -0.023060 0.066910 0.241721
v -0.023058 -0.067027 0.241844
v -0.023052 -0.067345 0.242182
v -0.023052 0.067344 0.242181
v -0.023041 0.068022 0.242932
v -0.023039 -0.068140 0.243068
v -0.023033 -0.068444 0.243423
v -0.023033 0.068443 0.243422
v -0.023022 0.069076 0.244194
v -0.023020 -0.069194 0.244343
v -0.023015 -0.069482 0.244714
v -0.023015 0.069481 0.244713
v -0.023005 0.070070 0.245504
v -0.023003 -0.070186 0.245666
v -0.022998 -0.070459 0.246053
v -0.022998 0.070458 0.246052
v -0.022989 0.071001 0.246859
v -0.022987 -0.071115 0.247035
v -0.022982 -0.071370 0.247437
v -0.022982 0.071370 0.247436
v -0.022974 0.071868 0.248257
v -0.022972 -0.071978 0.248446
v -0.022967 -0.072216 0.248862
v -0.022967 0.072215 0.248861
v -0.022964 0.069855 0.075478
v -0.022960 0.072668 0.249693
v -0.022958 -0.072774 0.249896
v -0.022954 -0.072993 0.250326
v -0.022954 0.072993 0.250325
v -0.022945 -0.073500 0.251382
v -0.022942 -0.073700 0.251825
v -0.022942 0.073699 0.251825
v -0.022935 0.074061 0.252671
v -0.022934 -0.074155 0.252901
v -0.022930 -0.074335 0.253356
v -0.022930 0.074335 0.253355
v -0.022925 0.074652 0.254206
v -0.022923 -0.074738 0.254449
v -0.022921 -0.074897 0.254915
v -0.022921 0.074897 0.254915
v -0.022916 0.075169 0.255767
v -0.022915 -0.075247 0.256023
v -0.022914 -0.114887 -0.007527
v -0.025912 0.114989 0.006642
v -0.022912 -0.075384 0.256499
v -0.022912 0.075384 0.256499
v -0.017062 0.075812 0.257880
v -0.022907 -0.075681 0.257620
v -0.022901 -0.114248 0.213919
v -0.022901 0.114249 0.213919
v -0.023590 -0.112310 0.360371
v -0.022889 -0.041680 0.230988
v -0.022678 0.115000 0.083883
v -0.027815 -0.075008 0.390303
v -0.019105 -0.097617 0.394500
v -0.022290 0.076710 0.271201
v -0.022517 0.041660 0.230973
v -0.011413 0.073310 0.056258
v -0.022330 -0.033901 0.093734
v -0.022262 -0.041646 0.230959
v -0.021577 0.114372 0.238267
v -0.022059 0.041636 0.230945
v -0.022053 0.039087 0.093775
v -0.022424 0.051269 0.232301
v -0.021092 -0.050867 0.232110
v -0.017979 -0.072653 -0.053104
v -0.021043 0.045752 0.231108
v -0.021807 -0.041623 0.230923
v -0.021797 -0.113320 0.354838
v -0.021797 0.113320 0.354838
v -0.021738 -0.114950 -0.007140
v -0.021723 -0.034358 0.093828
v -0.021693 -0.045973 0.231175
v -0.024534 0.110472 -0.038395
v -0.021525 -0.114022 0.142873
v -0.021525 0.114022 0.142873
v -0.021490 -0.041606 0.230892
v -0.020359 0.073356 0.066490
v -0.021454 0.041604 0.230888
v -0.019918 -0.058481 0.235051
v -0.021433 -0.114962 -0.007040
v -0.021813 -0.066076 0.240769
v -0.021353 -0.113991 0.213919
v -0.021353 0.113991 0.213919
v -0.021343 0.039056 0.093895
v -0.021309 -0.034764 0.093902
v -0.020345 0.114410 0.107884
v -0.021544 0.059145 0.235598
v -0.021196 -0.043180 0.230926
v -0.022032 0.066855 0.080109
v -0.024567 0.114553 0.137789
v -0.021056 -0.113503 0.354504
v -0.021056 0.113503 0.354504
v -0.020987 0.041580 0.230831
v -0.020974 -0.113922 0.142873
v -0.020974 -0.113922 0.213919
v -0.020974 0.113922 0.142873
v -0.020974 0.113922 0.213919
v -0.020876 -0.035281 0.093985
v -0.023144 -0.114989 0.087847
v -0.004976 0.072541 -0.056075
v -0.020768 0.039031 0.094008
v -0.020483 0.114961 0.271538
v -0.020703 -0.075000 0.393789
v -0.020699 -0.041565 0.230788
v -0.020595 -0.035706 0.094046
v -0.017869 -0.113353 0.131864
v -0.020408 -0.113655 0.354211
v -0.020408 0.113655 0.354211
v -0.020245 0.073070 0.250404
v -0.020346 0.041546 0.230730
v -0.020339 -0.036189 0.094104
v -0.024604 -0.114563 0.136686
v -0.020714 0.055711 0.233827
v -0.020244 -0.041541 0.230713
v -0.010408 0.114839 0.067445
v -0.020104 0.039002 0.094159
v -0.020090 -0.036835 0.094163
v -0.020066 0.041771 0.094048
v -0.020507 0.053327 0.090779
v -0.020658 -0.070578 0.246137
v -0.019982 -0.037248 0.094189
v -0.019951 -0.115000 -0.006555
v -0.019947 -0.042064 0.094059
v -0.019944 -0.113723 0.142873
v -0.019944 0.113723 0.142873
v -0.019942 -0.041313 0.094120
v -0.019937 -0.043103 0.093951
v -0.019927 -0.040534 0.094168
v -0.019915 -0.043958 0.093844
v -0.019883 -0.037801 0.094215
v -0.019916 -0.040938 0.094145
v -0.019892 -0.039765 0.094201
v -0.019874 -0.044869 0.093705
v -0.019872 0.041520 0.230642
v -0.019862 -0.038950 0.094219
v -0.019850 -0.038429 0.094222
v -0.019832 -0.045569 0.093584
v -0.019811 -0.113696 0.213919
v -0.019811 0.113696 0.213919
v -0.021807 0.114962 -0.008370
v -0.020710 0.112447 0.364724
v -0.019750 -0.046601 0.093385
v -0.019683 -0.041512 0.230603
v -0.019565 -0.048360 0.092978
v -0.019519 -0.038976 0.094310
v -0.019450 -0.049205 0.092754
v -0.019511 0.038976 0.094311
v -0.010759 -0.113420 0.095380
v -0.019306 -0.050134 0.092482
v -0.019290 -0.041487 0.230515
v -0.019280 0.041491 0.230512
v -0.019159 0.041484 0.230483
v -0.019023 -0.113951 0.353586
v -0.019018 0.113952 0.353585
v -0.018999 -0.051771 0.091944
v -0.018733 -0.041502 0.230374
v -0.019688 -0.042742 0.094052
v -0.018814 -0.052620 0.091635
v -0.018881 0.038948 0.094492
v -0.017489 -0.073121 0.250302
v -0.015941 0.112836 0.217142
v -0.019420 0.114731 0.092918
v -0.018791 -0.038944 0.094519
v -0.018780 -0.113477 0.142873
v -0.018780 -0.113477 0.213919
v -0.018780 0.113478 0.142873
v -0.018780 0.113478 0.213919
v -0.018615 -0.053439 0.091314
v -0.018575 0.041455 0.230330
v -0.018485 -0.053946 0.091104
v -0.018371 -0.113386 0.142873
v -0.018371 0.113386 0.142873
v -0.018277 -0.113364 0.213919
v -0.018277 0.113364 0.213919
v -0.018257 0.038920 0.094690
v -0.018237 -0.038919 0.094697
v -0.018221 -0.041436 0.230227
v -0.018210 0.041436 0.230224
v -0.018095 -0.055034 0.090630
v -0.018081 0.041429 0.230184
v -0.017393 -0.056501 0.089994
v -0.014697 0.071308 0.246471
v -0.020081 0.072574 -0.052246
v -0.019038 0.083886 -0.061106
v -0.017733 -0.038897 0.094871
v -0.017695 -0.056519 0.089919
v -0.017687 0.113234 0.140652
v -0.017678 0.038895 0.094891
v -0.016611 -0.043810 0.229750
v -0.017610 -0.114214 0.352948
v -0.017610 0.114214 0.352948
v -0.017548 0.041401 0.230010
v -0.017545 -0.074413 0.063770
v -0.015723 -0.074692 0.064819
v -0.017528 -0.056979 0.089681
v -0.017524 -0.074608 0.064284
v 0.005488 -0.073364 0.063001
v -0.023968 -0.073889 0.062697
v 0.004495 -0.072536 0.062585
v -0.015785 -0.112773 0.139272
v -0.017625 -0.041416 0.230037
v -0.017288 -0.057615 0.089342
v -0.017151 -0.041381 0.229867
v -0.017085 0.041378 0.229842
v -0.017033 -0.058247 0.088990
v -0.017033 0.038866 0.095137
v -0.016994 -0.114317 0.352670
v -0.016994 0.114317 0.352670
v -0.016980 -0.038864 0.095158
v -0.013859 0.071998 0.054812
v -0.014935 0.041038 0.096033
v -0.018211 -0.114290 0.255303
v -0.016806 -0.113009 0.142873
v -0.016806 0.113009 0.142873
v -0.015233 -0.059836 0.088262
v -0.016751 -0.112995 0.213919
v -0.016751 0.112996 0.213919
v -0.016733 -0.112995 0.216462
v -0.031050 0.072000 0.389239
v -0.016692 -0.038851 0.095275
v -0.023279 0.114900 0.253953
v -0.016603 -0.112957 0.142873
v -0.016603 -0.112957 0.213919
v -0.016603 0.112957 0.142873
v -0.016603 0.112957 0.213919
v -0.018262 -0.075956 0.258811
v -0.018859 -0.114317 -0.027552
v -0.016499 0.038843 0.095356
v -0.016347 -0.059778 0.088073
v -0.016556 0.041355 0.229634
v -0.027723 0.098857 -0.057936
v -0.016209 -0.060060 0.087894
v -0.015262 -0.108757 -0.047973
v -0.016203 -0.114438 0.352313
v -0.016203 0.114438 0.352313
v -0.016116 -0.041328 0.229445
v -0.016095 0.041327 0.229436
v -0.017330 -0.098327 0.394880
v -0.008635 0.046508 0.099044
v -0.016009 0.042513 0.229391
v -0.016732 0.049031 0.230438
v -0.015940 -0.038818 0.095603
v -0.015879 -0.060645 0.087511
v -0.014865 0.072000 -0.053995
v -0.015862 0.038815 0.095638
v -0.015712 -0.038808 0.095710
v -0.016186 -0.076384 0.292618
v -0.015573 -0.061258 0.087095
v -0.017118 0.113288 0.224613
v -0.015675 -0.041221 0.229243
v -0.015470 0.041295 0.229142
v -0.041771 0.072235 0.295657
v -0.015428 0.075141 0.293743
v -0.015402 -0.038795 0.095858
v -0.015402 0.038795 0.095859
v -0.015400 0.074718 0.293965
v -0.018185 -0.047093 0.093632
v -0.015278 -0.061774 0.086731
v -0.015251 -0.112594 0.142873
v -0.015251 0.112595 0.142873
v -0.015245 -0.040097 0.095894
v -0.015235 -0.112590 0.213919
v -0.015235 0.112590 0.213919
v -0.015234 0.075548 0.293447
v -0.012384 0.099704 0.396125
v -0.015148 -0.041311 0.228980
v -0.015112 0.038807 0.096003
v -0.015110 0.041313 0.228960
v -0.015018 -0.041318 0.228912
v -0.014946 -0.114606 0.351746
v -0.014946 0.114606 0.351746
v -0.014944 -0.062321 0.086331
v -0.016854 0.114876 -0.020213
v -0.012085 -0.114121 0.271102
v -0.014791 -0.114625 0.351676
v -0.014791 0.114625 0.351676
v -0.014723 0.074292 0.294088
v -0.014698 -0.062705 0.086042
v -0.014586 -0.041852 0.228699
v -0.005795 0.071998 0.292313
v -0.013720 -0.062977 0.086081
v -0.014598 0.041339 0.228683
v -0.014557 -0.038832 0.096295
v -0.014445 -0.112363 0.142873
v -0.014445 -0.112363 0.213919
v -0.014445 0.112363 0.142873
v -0.014445 0.112363 0.213919
v -0.014413 -0.038838 0.096373
v -0.006143 -0.098315 0.397867
v -0.014240 -0.063378 0.085518
v -0.014181 0.038848 0.096503
v -0.013644 -0.112272 0.218983
v -0.014125 0.041370 0.228407
v -0.017555 0.063199 0.237842
v -0.013778 -0.064011 0.085004
v -0.013753 0.041383 0.228176
v -0.013729 -0.112148 0.213919
v -0.013729 0.112148 0.213919
v -0.013708 -0.112141 0.142873
v -0.013708 0.112141 0.142873
v -0.013662 -0.038871 0.096806
v -0.013652 0.038872 0.096813
v -0.013488 -0.064384 0.084689
v -0.013424 -0.038882 0.096951
v -0.005036 0.066294 0.087785
v -0.006180 0.111291 -0.043995
v -0.013399 0.038883 0.096967
v -0.013375 -0.114775 0.351037
v -0.013375 0.114775 0.351037
v -0.013224 0.038891 0.097076
v -0.014848 -0.114497 0.354540
v -0.013184 0.041412 0.227798
v -0.013172 -0.041413 0.227790
v -0.012962 -0.065025 0.084132
v -0.012440 0.046893 0.227567
v -0.012890 -0.114817 0.350818
v -0.012890 0.114818 0.350818
v -0.014256 0.081150 -0.062281
v -0.012804 -0.038909 0.097349
v -0.018008 0.109380 0.376758
v -0.012789 0.038910 0.097359
v -0.012786 0.072000 0.396435
v -0.012385 -0.042808 0.097467
v -0.012677 -0.041438 0.227434
v -0.011472 -0.114903 0.291413
v -0.003684 0.073612 0.067401
v -0.012514 -0.038922 0.097544
v -0.012939 0.114979 0.062764
v -0.011332 0.058381 0.231683
v -0.013705 0.066208 0.083380
v -0.018865 -0.114906 0.083598
v -0.012303 -0.041457 0.227148
v -0.012290 0.038932 0.097700
v -0.012282 -0.038932 0.097706
v -0.012271 -0.111682 0.213919
v -0.012262 0.111679 0.213920
v -0.012259 -0.065812 0.083412
v -0.012259 0.041460 0.227115
v -0.012245 0.111674 0.142852
v -0.012237 -0.111672 0.142872
v -0.012236 -0.074912 0.067333
v -0.011971 -0.038946 0.097929
v -0.011957 -0.114887 0.350397
v -0.011957 0.114887 0.350397
v -0.011951 0.038947 0.097943
v -0.011920 0.042671 0.226862
v -0.011903 -0.041478 0.226824
v -0.011903 0.041478 0.226824
v -0.011839 -0.066240 0.083004
v -0.011610 -0.038962 0.098198
v -0.012045 -0.047650 0.227357
v -0.011479 0.040792 0.098252
v -0.011371 -0.066693 0.082559
v -0.011656 0.111574 0.132978
v -0.011210 0.038979 0.098508
v -0.011187 -0.038980 0.098527
v -0.010957 -0.067072 0.082176
v -0.010887 -0.115000 0.301690
v -0.016567 0.115000 0.290013
v -0.010871 -0.073733 0.073231
v -0.010829 -0.114950 0.349888
v -0.010829 0.114950 0.349888
v -0.003518 0.113301 0.284087
v -0.010758 -0.074960 0.068649
v -0.010751 -0.111155 0.213919
v -0.010751 0.111155 0.213919
v -0.010746 -0.074868 0.069803
v -0.010742 -0.074930 0.069224
v -0.010739 -0.039000 0.098893
v -0.010734 -0.074949 0.067896
v -0.040946 -0.074639 0.071848
v -0.010708 -0.073973 0.072765
v -0.010656 -0.111121 0.142873
v -0.010656 0.111121 0.142873
v -0.010627 -0.072000 -0.054982
v -0.010536 -0.114962 0.349756
v -0.010536 0.039009 0.099065
v -0.010536 0.114962 0.349756
v -0.010228 -0.067692 0.081526
v -0.010358 0.039017 0.099220
v -0.012498 0.114858 0.352802
v -0.010312 -0.039019 0.099259
v -0.009200 0.076231 0.291880
v -0.019785 -0.114968 -0.012985
v -0.012807 -0.081321 -0.062794
v -0.015020 0.114049 0.259638
v -0.007933 -0.072450 -0.055486
v -0.010196 -0.110952 0.142873
v -0.010196 -0.110952 0.213919
v -0.010196 0.110952 0.142873
v -0.010196 0.110952 0.213919
v -0.010187 0.039024 0.099372
v -0.012114 -0.059260 0.232575
v -0.009902 -0.039037 0.099631
v -0.009740 -0.114972 0.301104
v -0.009740 0.114972 0.301104
v -0.008292 0.110259 0.219720
v -0.009708 0.039045 0.099812
v -0.009557 -0.068207 0.080959
v -0.009335 -0.044998 0.099763
v -0.013546 -0.051863 0.093615
v -0.009281 -0.110605 0.213919
v -0.009281 0.110605 0.213919
v -0.012094 0.114804 0.287902
v -0.009212 -0.114950 0.300834
v -0.009212 0.114950 0.300834
v -0.009264 0.040156 0.100221
v -0.009150 -0.110554 0.142873
v -0.009150 0.110554 0.142873
v -0.009143 -0.039070 0.100366
v -0.009115 0.115000 0.349114
v -0.009114 -0.115000 0.349117
v -0.013869 -0.075000 0.396279
v -0.008847 -0.068715 0.080381
v 0.001059 0.103063 0.396460
v -0.013926 0.112642 0.127219
v -0.008623 -0.115000 0.351869
v -0.008343 -0.114902 0.300390
v -0.008343 0.114903 0.300390
v -0.008142 -0.069168 0.079844
v -0.008111 -0.110138 0.142873
v -0.008111 -0.110138 0.213919
v -0.008111 0.110138 0.142873
v -0.008111 0.110138 0.213919
v -0.011382 0.112729 0.106827
v -0.005024 -0.114027 0.289239
v 0.000788 0.067361 0.231340
v -0.007293 0.110973 0.244085
v -0.007754 -0.114718 0.296178
v -0.005467 -0.111484 0.378058
v -0.007824 -0.110020 0.213919
v -0.007824 0.110020 0.213919
v -0.004782 -0.114959 0.048092
v -0.008229 -0.110358 0.134207
v -0.007658 -0.109951 0.142873
v -0.007658 0.109951 0.142873
v -0.007550 -0.069522 0.079411
v -0.007161 0.114971 0.051776
v -0.007208 -0.109773 0.216452
v -0.007165 0.109758 0.139575
v -0.007076 0.114808 0.299740
v -0.007052 -0.114806 0.299726
v -0.000821 -0.075000 0.398132
v -0.006856 -0.069930 0.078895
v -0.006802 -0.109595 0.140765
v -0.006382 -0.109400 0.213919
v -0.006382 0.109400 0.213919
v -0.006261 -0.070267 0.078458
v -0.014473 -0.113325 0.117117
v -0.006182 -0.109310 0.142873
v -0.006182 0.109310 0.142873
v -0.001746 0.081131 -0.063962
v -0.008595 -0.063580 0.233851
v -0.001167 0.108175 0.120289
v -0.006055 -0.109253 0.142873
v -0.006055 -0.109253 0.213919
v -0.006055 0.109253 0.142873
v -0.006055 0.109253 0.213919
v -0.007738 -0.112167 0.098008
v -0.005659 -0.070584 0.078032
v -0.002144 0.108011 0.233696
v -0.005557 0.114651 0.298968
v -0.002180 -0.111772 0.272519
v -0.007342 -0.107726 -0.050493
v -0.005189 -0.114606 0.298780
v -0.005189 0.114606 0.298780
v -0.005120 -0.070849 0.077667
v -0.013231 -0.112813 0.239182
v -0.004956 -0.108745 0.213919
v -0.004956 0.108745 0.213919
v -0.004924 0.072000 -0.055786
v 0.005975 0.113759 0.370372
v -0.004722 -0.108633 0.142873
v -0.004722 0.108634 0.142873
v 0.000806 -0.065818 0.228532
v -0.004270 -0.071241 0.077112
v -0.004168 -0.114468 0.298258
v -0.004168 0.114469 0.298258
v -0.006752 -0.074455 0.248282
v -0.004030 -0.108297 0.142873
v -0.004030 -0.108297 0.213919
v -0.004030 0.108297 0.142873
v -0.004030 0.108297 0.213919
v 0.002183 -0.105171 0.129861
v -0.002862 0.112224 0.081764
v -0.001850 0.072140 0.075796
v -0.002663 -0.107661 0.218855
v -0.003649 0.108130 0.217586
v -0.003538 -0.108052 0.162151
v -0.006692 0.114675 0.295386
v -0.003188 -0.114317 0.297758
v -0.003165 -0.076332 0.289422
v -0.002974 0.114283 0.297643
v 0.006018 0.098510 0.397744
v -0.000452 0.110414 0.264199
v -0.002784 -0.114248 0.297552
v -0.001873 -0.106981 0.165996
v -0.002658 -0.076132 0.290009
v -0.007676 0.098240 -0.063655
v -0.003430 0.107883 0.161964
v -0.002365 -0.075880 0.290388
v -0.002141 -0.075616 0.290654
v -0.010252 -0.098204 -0.063349
v -0.000427 0.106416 0.167918
v -0.002084 -0.107296 0.213922
v -0.002065 0.107286 0.166280
v -0.002879 0.075863 0.291519
v 0.003989 0.072417 0.056428
v -0.002003 -0.110233 0.096906
v -0.002348 -0.071904 0.076153
v -0.002444 -0.103276 0.159709
v -0.001481 0.039210 0.108358
v -0.000019 -0.046976 0.108927
v -0.001310 0.113973 0.296796
v -0.000294 0.106042 0.167216
v -0.001303 -0.113972 0.296793
v -0.001196 -0.072233 0.075591
v -0.000879 0.039210 0.108999
v -0.000878 -0.039209 0.108999
v -0.000927 -0.040551 0.108898
v -0.000777 -0.106576 0.213919
v -0.000777 0.106576 0.213919
v -0.001238 -0.107984 0.240541
v 0.001989 0.041885 0.112114
v -0.000311 -0.039209 0.109627
v -0.000311 0.039210 0.109627
v -0.000275 -0.106290 0.167897
v -0.006978 -0.114862 0.059590
v -0.000224 0.106259 0.167921
v 0.006176 0.110204 -0.046443
v 0.003149 0.102473 0.155215
v -0.000149 -0.039209 0.109810
v 0.002055 -0.110249 0.271735
v -0.000086 -0.106179 0.213919
v -0.000086 0.106180 0.213919
v -0.000032 -0.113696 0.296146
v -0.000032 0.113696 0.296146
v 0.009875 0.114810 0.031869
v 0.000297 -0.055650 0.104302
v 0.004141 -0.073281 0.075407
v 0.000563 0.039210 0.110642
v 0.000580 -0.105787 0.213919
v 0.000441 0.105891 0.216996
v 0.020794 -0.113315 0.333407
v 0.000781 0.113503 0.295731
v 0.007896 -0.106451 0.091964
v 0.000890 -0.039209 0.111038
v 0.000890 0.039210 0.111038
v 0.000966 -0.105554 0.168527
v -0.000442 0.072074 -0.056021
v 0.001258 -0.039209 0.111495
v 0.001258 0.039210 0.111495
v 0.001460 -0.113068 0.292681
v 0.013435 0.106918 0.281243
v -0.004614 0.072000 0.397959
v -0.001793 0.101092 0.166619
v -0.000556 -0.081498 -0.064008
v 0.006737 0.104769 0.108321
v 0.001609 0.105156 0.168730
v 0.001705 -0.105098 0.168757
v 0.003210 0.104031 0.168438
v 0.001877 -0.104990 0.213920
v 0.002016 0.072000 -0.055968
v 0.002032 -0.039209 0.112497
v 0.002032 0.039210 0.112497
v 0.002320 -0.104351 0.168116
v 0.002591 -0.039209 0.113259
v 0.002591 0.039210 0.113259
v -0.003828 0.055403 0.100387
v 0.002719 -0.112988 0.294742
v 0.002719 0.112988 0.294742
v -0.005174 -0.099656 0.161173
v 0.004158 0.060985 0.220819
v 0.003113 -0.039209 0.114002
v 0.003113 0.039210 0.114002
v -0.004945 0.060698 0.094048
v 0.003234 -0.104111 0.213919
v 0.003234 0.104111 0.213919
v 0.003269 -0.104087 0.169002
v -0.004584 -0.112973 0.080956
v 0.005546 0.102616 0.220543
v 0.003484 0.072000 0.397885
v 0.003587 0.103874 0.168990
v 0.003682 -0.103810 0.168999
v 0.007977 0.114976 0.027950
v 0.003499 -0.103957 0.216823
v 0.003703 0.103795 0.213919
v 0.003842 -0.039209 0.115097
v 0.003842 0.039210 0.115097
v 0.003703 0.054181 0.216731
v 0.005670 -0.058502 0.216830
v 0.010333 -0.110050 0.289770
v 0.010035 -0.098140 0.397162
v 0.004044 -0.112590 0.294065
v 0.004044 0.112590 0.294065
v 0.004131 -0.039209 0.115550
v 0.004131 0.039210 0.115550
v 0.004316 0.049244 0.214335
v -0.001197 -0.098955 0.397503
v 0.002461 -0.072009 0.238273
v -0.004499 0.075792 0.253153
v 0.004436 -0.039209 0.116043
v 0.004436 0.039210 0.116043
v 0.004449 -0.103281 0.169000
v 0.004449 0.103282 0.169000
v 0.004477 -0.074409 0.064223
v 0.004479 -0.074655 0.065087
v 0.004494 -0.074144 0.063764
v 0.006591 0.046006 0.211538
v 0.004510 -0.072000 0.062489
v 0.004523 0.041765 0.213136
v 0.004530 -0.103225 0.213919
v 0.004530 0.103225 0.213919
v 0.004457 -0.073965 0.063505
v 0.004690 -0.112382 0.293735
v 0.004690 0.112382 0.293735
v 0.004734 -0.041765 0.212958
v 0.004846 -0.072000 0.062517
v 0.004873 -0.074551 0.064620
v 0.006535 -0.066768 0.097772
v 0.005084 -0.039209 0.117139
v 0.005084 0.039210 0.117139
v 0.005159 -0.074728 0.066227
v 0.011198 0.072000 0.293042
v -0.004520 -0.068839 0.083509
v 0.004793 0.042476 0.212916
v 0.005553 -0.043907 0.212268
v 0.005749 0.074041 0.240300
v 0.005385 -0.112148 0.293380
v 0.005385 0.112148 0.293380
v 0.007162 0.083000 -0.063617
v 0.001325 -0.105439 0.155573
v 0.005533 0.102507 0.169000
v 0.005538 0.041766 0.212223
v 0.005556 -0.039209 0.117984
v 0.005556 0.039210 0.117984
v 0.005570 -0.102480 0.168997
v 0.009508 0.101462 0.242337
v 0.005591 -0.041765 0.212171
v 0.005661 -0.102416 0.213922
v 0.005714 0.102376 0.213923
v 0.006493 -0.073726 0.236356
v 0.002605 -0.106701 0.247439
v 0.005880 0.041765 0.211882
v 0.005888 -0.041765 0.211874
v 0.006284 0.046842 0.118679
v 0.002996 -0.104397 -0.056219
v 0.005971 -0.039209 0.118766
v 0.005971 0.039210 0.118766
v 0.010735 0.072782 0.089223
v 0.006080 -0.039209 0.118977
v 0.006304 0.066058 0.104837
v 0.008003 0.076068 0.243886
v 0.006395 -0.041765 0.211331
v 0.006395 0.041765 0.211331
v 0.006559 -0.041765 0.211146
v 0.006580 0.039210 0.119984
v 0.006661 0.111691 0.292727
v 0.006671 -0.111687 0.292722
v 0.006694 -0.101640 0.168692
v 0.006704 0.101632 0.169000
v 0.006791 -0.039209 0.120428
v 0.006791 0.039210 0.120428
v 0.006868 0.041765 0.210783
v 0.005570 -0.041599 0.117749
v 0.007055 -0.039209 0.121004
v 0.007055 0.039210 0.121004
v 0.006306 -0.101948 0.215996
v 0.007056 0.101361 0.213919
v 0.007144 -0.041765 0.210441
v 0.007162 0.041765 0.210418
v 0.001031 0.105743 0.138715
v 0.007194 -0.041765 0.210377
v 0.006223 0.072801 -0.056059
v 0.007319 -0.101156 0.169000
v 0.007319 -0.101156 0.213919
v 0.007319 0.101156 0.169000
v 0.007319 0.101156 0.213919
v 0.007376 -0.075000 0.397484
v 0.007481 0.041765 0.209999
v 0.007800 -0.053634 0.211796
v 0.006595 -0.098709 -0.063693
v 0.007541 -0.039209 0.122122
v 0.007541 0.039210 0.122122
v 0.006706 -0.102329 0.231276
v 0.011566 0.072000 0.396885
v 0.007561 -0.074845 0.068502
v 0.009184 0.067389 0.106501
v 0.008400 -0.104348 0.101842
v 0.007657 -0.074831 0.067770
v 0.007668 -0.043140 0.209828
v 0.007868 0.110059 0.284851
v 0.007789 -0.041765 0.209569
v 0.007801 0.041765 0.209552
v 0.007804 -0.100771 0.169000
v 0.007833 -0.041765 0.209504
v 0.007929 -0.039209 0.123080
v 0.007929 0.039210 0.123080
v 0.007444 0.072000 -0.055506
v 0.004996 0.073885 0.068680
v 0.008052 0.041765 0.209178
v 0.008173 -0.074787 0.069352
v 0.012283 -0.099402 0.118350
v 0.008216 0.111084 0.291929
v 0.008221 -0.039209 0.123845
v 0.008221 0.039210 0.123845
v 0.008140 -0.045721 0.123056
v 0.008225 -0.111081 0.291929
v 0.016608 -0.098933 0.395629
v 0.008284 -0.100384 0.213919
v 0.008284 0.100384 0.213919
v 0.008327 -0.039209 0.124134
v 0.008340 -0.041765 0.208724
v 0.012395 0.072307 0.054907
v 0.010815 0.114849 0.356164
v 0.008461 -0.041765 0.208525
v 0.008461 0.041765 0.208525
v 0.008613 0.100114 0.169000
v 0.008620 0.072000 -0.055333
v 0.008698 0.039210 0.125197
v 0.011516 0.076904 0.258767
v 0.008740 -0.100010 0.169004
v 0.008751 -0.100003 0.155175
v 0.008751 0.100000 0.155490
v 0.008751 0.100000 0.168484
v 0.008787 -0.099969 0.142581
v 0.008825 0.041765 0.207885
v 0.008829 -0.039209 0.125596
v 0.008829 0.039210 0.125596
v 0.008845 -0.041765 0.207848
v 0.010545 -0.114998 0.342012
v 0.008907 0.115000 0.340453
v 0.009024 -0.041765 0.207507
v 0.009042 -0.039209 0.126269
v 0.009042 0.039210 0.126269
v 0.009042 0.041765 0.207473
v 0.009056 -0.099745 0.142873
v 0.009056 -0.099745 0.213919
v 0.009056 0.099745 0.142873
v 0.009056 0.099745 0.213919
v 0.009072 0.041770 0.126212
v 0.010533 0.061481 0.124224
v 0.009280 0.041765 0.206986
v 0.009461 -0.047839 0.206944
v 0.009347 -0.110605 0.291358
v 0.009347 0.110605 0.291358
v 0.009365 -0.039209 0.127369
v 0.009365 0.039210 0.127369
v 0.009398 -0.075000 0.397160
v 0.009489 -0.099378 0.213919
v 0.009489 0.099378 0.213919
v 0.009504 0.041765 0.206491
v 0.009520 -0.041765 0.206455
v 0.010199 -0.074943 0.225879
v -0.002156 -0.075113 0.291258
v 0.009649 -0.039209 0.128433
v 0.009649 0.039210 0.128432
v 0.009685 0.041787 0.206062
v 0.009704 -0.041765 0.206013
v 0.008518 0.067925 0.218825
v 0.009828 -0.039209 0.129164
v 0.009828 0.039210 0.129164
v 0.012725 -0.111927 0.054928
v 0.009866 -0.099797 0.230150
v 0.009911 -0.039209 0.129523
v 0.009947 -0.041765 0.205373
v 0.009947 0.041765 0.205373
v 0.010012 -0.098925 0.142873
v 0.010012 0.098925 0.142873
v 0.011450 0.072000 -0.054837
v 0.009695 0.046200 0.128102
v 0.010029 -0.043606 0.205213
v 0.010145 0.039210 0.130617
v 0.010130 -0.045120 0.129825
v 0.010191 0.041765 0.204644
v 0.010216 -0.039209 0.130976
v 0.010216 0.039210 0.130976
v 0.010295 -0.114962 0.339743
v 0.010295 0.114962 0.339743
v 0.010304 -0.041765 0.204266
v 0.010310 0.041771 0.204245
v 0.010350 -0.041765 0.204100
v 0.010352 -0.039209 0.131715
v 0.010352 0.039210 0.131714
v 0.008522 -0.058229 0.117312
v 0.010364 -0.098658 0.216845
v 0.010412 0.114995 0.342382
v 0.010461 0.041765 0.203680
v 0.009939 -0.076820 0.235319
v 0.010707 0.043213 0.133711
v 0.010517 0.110080 0.290755
v 0.010529 -0.039209 0.132802
v 0.010529 0.039210 0.132802
v 0.010561 -0.110059 0.290731
v 0.010581 -0.114950 0.339597
v 0.010581 0.114950 0.339597
v 0.010588 -0.098438 0.140729
v 0.010588 -0.041765 0.203138
v 0.010588 0.041761 0.203137
v 0.010814 0.049721 0.204225
v 0.010758 -0.044094 0.134151
v 0.010669 -0.098342 0.142873
v 0.010669 -0.098342 0.213919
v 0.010669 0.098343 0.142873
v 0.010669 0.098343 0.213919
v 0.010676 0.041765 0.202708
v 0.010682 -0.039209 0.133914
v 0.010682 0.039210 0.133914
v 0.010767 -0.039209 0.134639
v 0.010767 0.039210 0.134639
v 0.010781 -0.098224 0.142873
v 0.010781 -0.098224 0.213919
v 0.010781 0.098223 0.142873
v 0.010781 0.098224 0.213919
v 0.010788 -0.041767 0.202071
v 0.010798 0.041765 0.201994
v 0.010806 -0.039209 0.135015
v 0.009806 -0.074485 0.071060
v 0.024191 0.112635 -0.030765
v 0.010866 -0.098103 0.142873
v 0.010866 -0.098103 0.213919
v 0.010867 0.098100 0.213919
v 0.010867 0.098101 0.142873
v 0.010895 0.041765 0.201245
v 0.010902 0.039210 0.136114
v 0.010904 -0.041765 0.201164
v 0.010929 -0.039209 0.136485
v 0.010929 0.039210 0.136485
v 0.010935 -0.041765 0.200839
v 0.011684 0.079726 0.234762
v 0.010939 0.041765 0.200799
v 0.010944 -0.097930 0.142873
v 0.010944 -0.097930 0.213919
v 0.010944 0.097930 0.213919
v 0.010945 0.097927 0.142873
v 0.010791 -0.067820 0.211773
v 0.010943 -0.048320 0.201794
v 0.010971 -0.039209 0.137212
v 0.010971 0.039210 0.137211
v 0.010974 0.041765 0.200273
v 0.010979 -0.041765 0.200186
v 0.010984 -0.097779 0.213918
v 0.010985 -0.097774 0.142873
v 0.010985 0.097774 0.213919
v 0.010985 0.097775 0.142874
v 0.010994 0.041766 0.199781
v 0.010996 -0.041765 0.199678
v 0.011000 -0.097599 0.142873
v 0.011000 -0.097599 0.213919
v 0.010989 -0.069809 0.209084
v 0.011000 -0.041765 0.199308
v 0.011000 0.041765 0.199308
v 0.011000 0.043023 0.199277
v 0.010920 0.057968 0.205666
v 0.011000 0.097599 0.142873
v 0.011014 -0.039209 0.138336
v 0.011014 0.039210 0.138336
v 0.011016 0.097599 0.140711
v 0.011246 0.080053 0.223986
v 0.011020 -0.097599 0.140434
v 0.011024 -0.039210 0.140203
v 0.011024 0.039210 0.140203
v 0.011023 0.098087 0.216999
v 0.011038 0.045478 0.138369
v 0.011033 -0.047028 0.137385
v 0.011029 -0.039209 0.139397
v 0.011029 0.039210 0.139397
v 0.011025 -0.097811 0.216865
v 0.011063 -0.077302 0.219900
v 0.011079 -0.097599 0.137996
v 0.011091 0.055708 0.137647
v 0.011099 -0.056360 0.137430
v 0.011103 -0.097748 0.137324
v 0.010938 0.098100 0.140487
v 0.011414 -0.063821 0.129995
v 0.011447 0.097941 0.225927
v 0.011177 -0.073485 0.073289
v 0.011213 -0.098064 0.134708
v 0.011406 -0.075000 0.396758
v 0.015281 0.098046 0.395816
v 0.013550 0.114006 0.036413
v 0.015580 0.110112 0.056661
v 0.012474 0.097800 0.120052
v 0.011683 -0.114887 0.339034
v 0.011683 0.114887 0.339034
v 0.010707 -0.109017 0.380938
v 0.013379 0.076074 0.107207
v 0.010427 -0.071570 0.106198
v 0.002110 -0.072276 -0.056163
v 0.014020 0.078448 -0.061505
v 0.010043 -0.071107 0.284010
v 0.011928 0.109400 0.290039
v 0.011867 -0.097421 0.227849
v 0.011700 -0.074379 0.284947
v 0.011998 -0.072969 0.074173
v 0.011320 -0.071210 0.064733
v 0.017806 -0.074868 0.276576
v 0.012239 -0.072000 0.063560
v 0.012253 -0.109236 0.289874
v 0.012253 0.109236 0.289874
v 0.014065 0.098101 0.245302
v -0.006038 -0.076410 0.289320
v 0.012596 -0.114817 0.338568
v 0.014475 0.114774 0.341468
v 0.013501 0.097980 0.115340
v 0.033161 0.114470 -0.006118
v 0.012740 -0.072000 0.062263
v 0.012486 -0.076045 0.121553
v 0.014560 -0.084403 0.247516
v 0.012472 0.084217 0.235947
v 0.012928 -0.075903 0.277682
v 0.013048 0.083117 0.239269
v 0.013069 -0.114775 0.338326
v 0.013069 0.114775 0.338326
v 0.013198 -0.108745 0.289391
v 0.013198 0.108745 0.289391
v 0.013217 -0.072000 0.061471
v 0.013257 -0.075643 0.278092
v 0.017775 -0.066408 0.291883
v 0.013101 -0.097947 0.117294
v 0.020880 -0.099514 0.088408
v 0.014504 -0.066288 0.279552
v 0.013563 -0.075282 0.278470
v 0.006085 0.076631 0.289468
v 0.012841 -0.098040 0.237554
v 0.007209 0.111880 0.067257
v 0.014076 -0.108267 0.288942
v 0.011819 -0.100580 0.246203
v 0.008368 0.110193 -0.044782
v 0.022918 0.108058 0.305042
v 0.014427 -0.080322 0.252140
v 0.014507 -0.114620 0.337597
v 0.014535 0.114616 0.337581
v 0.019523 -0.114419 0.345670
v 0.021853 -0.103586 0.389024
v 0.015096 -0.104070 0.274014
v -0.000442 -0.078554 -0.064574
v 0.010036 -0.076517 0.273636
v 0.015156 -0.098009 -0.062275
v 0.012361 -0.106024 -0.052262
v 0.015325 0.072000 -0.053862
v 0.016461 -0.076569 0.274575
v 0.015832 -0.114438 0.336916
v 0.015832 0.114438 0.336916
v 0.012955 0.078181 0.117362
v 0.028184 -0.112977 0.023150
v 0.016287 -0.071426 0.058685
v 0.015943 0.083124 -0.061996
v 0.016605 0.114317 0.336521
v 0.016606 -0.114317 0.336521
v 0.015025 0.098531 0.107855
v 0.014738 -0.074365 0.290994
v 0.015254 0.082328 0.251523
v 0.001521 -0.114897 0.042966
v 0.017118 0.115000 0.012165
v 0.017207 -0.114214 0.336214
v 0.017207 0.114214 0.336214
v 0.022513 0.071999 0.051504
v 0.016111 -0.073156 0.074898
v 0.018670 0.075155 0.294675
v 0.016931 0.075474 0.087436
v 0.012673 0.098648 -0.063063
v 0.016962 -0.097906 0.100757
v 0.022359 -0.071996 0.072162
v 0.018419 -0.066100 0.284753
v 0.018587 -0.113951 0.335509
v 0.018587 0.113951 0.335509
v 0.022089 -0.111153 -0.040310
v 0.017368 -0.083426 0.098861
v 0.019858 -0.074179 0.278017
v 0.013265 -0.077822 0.110810
v 0.018800 -0.066602 0.277824
v 0.013363 -0.073421 0.085314
v 0.018121 0.112720 -0.036075
v 0.023871 0.072365 -0.050816
v 0.018909 0.080833 0.093219
v 0.019423 0.072000 0.394313
v 0.016457 -0.098238 0.254800
v 0.019447 0.076716 0.284611
v 0.015133 -0.073037 -0.054169
v 0.019708 0.083447 -0.060893
v 0.020053 0.084251 0.265656
v 0.019941 -0.113655 0.334817
v 0.019941 0.113655 0.334817
v 0.008477 -0.114557 -0.031556
v 0.025927 0.115141 -0.017400
v 0.020327 -0.109854 0.050223
v 0.026539 0.113302 0.343852
v 0.030510 0.109174 0.368479
v 0.028032 0.114383 0.013877
v 0.020758 0.113508 0.334895
v 0.024433 -0.066834 0.070643
v 0.023418 0.098708 0.082742
v 0.023484 -0.079912 0.279541
v 0.025743 -0.069069 0.282289
v 0.021298 -0.113320 0.334124
v 0.021298 0.113320 0.334124
v 0.022748 -0.097980 0.272223
v 0.018988 0.098255 0.094426
v 0.014680 -0.061309 0.062478
v 0.020844 0.098630 0.267809
v 0.022306 0.106450 0.301484
v 0.023147 0.106165 0.297802
v 0.023841 0.100585 0.391521
v 0.022467 -0.100282 0.302803
v 0.022605 0.112963 0.333463
v 0.022607 -0.112962 0.333459
v 0.022855 -0.110948 0.367246
v 0.024269 -0.085015 0.275868
v 0.021359 -0.107717 0.302180
v 0.027956 -0.082013 0.073067
v 0.023674 0.107391 0.305491
v 0.016918 0.112220 0.044272
v 0.021585 -0.074196 0.291005
v 0.024762 0.081216 0.278907
v 0.017961 -0.081696 -0.062115
v 0.015611 -0.074840 0.086560
v 0.024789 -0.098139 -0.059080
v 0.022807 -0.074488 0.279284
v 0.025248 -0.073067 0.287968
v 0.029894 0.098357 -0.056704
v 0.024749 -0.112767 0.336263
v 0.023990 0.112542 0.332750
v 0.021332 -0.071635 0.057475
v 0.024484 -0.112382 0.332498
v 0.024484 0.112382 0.332498
v 0.022641 -0.100793 0.279745
v 0.023609 -0.074877 0.296237
v 0.024059 0.100750 0.282490
v 0.025059 0.072000 -0.050080
v 0.026381 -0.098265 0.076607
v 0.028548 -0.114919 0.000691
v 0.025389 0.082846 -0.058759
v 0.026191 0.086523 0.279722
v 0.025322 -0.112098 0.332070
v 0.025322 0.112098 0.332070
v 0.017794 0.074034 0.055801
v 0.025851 -0.099580 0.282930
v 0.025851 0.099580 0.282930
v 0.026063 -0.099378 0.282822
v 0.026063 0.099378 0.282822
v 0.020190 -0.079201 0.086727
v 0.026054 0.097999 0.279537
v 0.027865 0.074789 0.061802
v 0.026188 -0.098042 0.279693
v 0.034218 0.098279 0.385995
v 0.026425 0.082444 0.282218
v 0.026463 0.082103 0.282658
v 0.026527 -0.111663 0.331454
v 0.026527 0.111663 0.331454
v 0.030455 -0.108681 0.041860
v 0.025239 -0.082377 0.279878
v 0.026860 0.083132 0.282446
v 0.026883 -0.083144 0.282470
v 0.026970 0.083485 0.282387
v 0.027060 -0.083816 0.282337
v 0.027114 -0.098342 0.282285
v 0.027114 0.098343 0.282285
v 0.027123 0.084071 0.282303
v 0.027198 0.084420 0.282262
v 0.027211 -0.084488 0.282246
v 0.027214 -0.098224 0.282234
v 0.027214 0.098224 0.282234
v 0.027284 0.084916 0.282213
v 0.027289 0.098103 0.282196
v 0.027290 -0.098101 0.282195
v 0.027332 -0.085270 0.282186
v 0.027341 0.085350 0.282181
v 0.027367 -0.097907 0.282156
v 0.027369 -0.085635 0.282160
v 0.027380 0.085775 0.282157
v 0.027386 0.097854 0.282148
v 0.027396 -0.097767 0.282141
v 0.027404 -0.086283 0.282140
v 0.027404 0.086262 0.282140
v 0.027409 -0.097599 0.282134
v 0.027409 -0.086624 0.282134
v 0.027409 0.097599 0.282134
v 0.029852 0.105440 0.307893
v 0.042022 -0.100561 -0.047028
v 0.028061 -0.111065 0.330680
v 0.028132 0.111035 0.330640
v 0.030820 -0.104775 0.052228
v 0.035826 0.100565 0.305814
v 0.034849 -0.098706 0.384845
v 0.026840 -0.101166 0.294660
v 0.028806 -0.107693 0.371848
v 0.022159 0.101049 0.302525
v 0.029257 -0.110554 0.330061
v 0.029257 0.110554 0.330061
v 0.029172 0.107216 0.046944
v 0.021710 -0.114559 0.356086
v 0.029323 -0.106735 0.048440
v 0.033436 0.097159 0.064457
v 0.030279 0.105169 0.042325
v 0.027076 0.072371 0.298923
v 0.033468 0.072040 0.045061
v 0.024421 -0.075123 0.392798
v 0.033570 -0.075350 0.303798
v 0.030393 -0.110044 0.329483
v 0.030395 0.100000 0.292928
v 0.030404 0.110039 0.329480
v 0.028649 0.072001 -0.048158
v 0.030246 -0.102393 0.307377
v 0.033925 0.075454 0.053514
v 0.031962 -0.098190 0.066608
v 0.034422 0.080706 -0.053781
v 0.031898 -0.109314 0.328718
v 0.027670 0.072000 0.390457
v 0.031940 0.109292 0.328695
v 0.032145 0.114126 0.000048
v 0.032235 0.072000 -0.045792
v 0.030978 -0.104225 0.307122
v 0.030082 0.077458 0.298962
v 0.033082 -0.108696 0.328107
v 0.033082 0.108697 0.328107
v 0.038337 0.110461 0.022216
v 0.049187 0.101355 -0.040286
v 0.040120 -0.112450 0.005916
v 0.033870 -0.108267 0.327705
v 0.036439 0.072000 -0.042577
v 0.034060 -0.075378 0.052994
v 0.031993 0.082145 0.066045
v 0.035973 -0.110434 0.025658
v 0.036602 -0.084120 0.059035
v 0.036103 0.100011 0.304677
v 0.031300 0.074279 -0.049064
v 0.035079 0.072000 0.384730
v 0.046549 -0.099933 0.369675
v 0.035574 -0.078334 0.057395
v 0.029032 -0.100217 0.043216
v 0.035171 0.100615 0.055638
v 0.037480 -0.080555 0.306607
v 0.035145 -0.107471 0.326751
v 0.036725 0.098065 0.058861
v 0.032293 0.077941 0.061877
v 0.035877 0.076688 0.053854
v 0.036125 0.076955 0.054033
v 0.036563 0.077488 0.054354
v 0.036957 0.078045 0.054637
v 0.033404 0.110664 0.347662
v 0.038452 -0.073926 -0.042287
v 0.037249 0.078528 0.054859
v 0.041020 0.106774 0.336877
v 0.039939 0.099007 -0.049832
v 0.037744 0.079444 0.055171
v 0.038018 0.080175 0.055418
v 0.038278 0.080980 0.055626
v 0.036116 -0.096218 -0.053624
v 0.025838 -0.079216 0.285717
v 0.043648 -0.100155 0.044645
v 0.038463 0.098343 0.055786
v 0.038481 0.081795 0.055767
v 0.038503 0.082225 0.055914
v 0.038575 0.098193 0.055866
v 0.038652 0.082848 0.055903
v 0.038700 0.097863 0.055957
v 0.037339 0.083964 0.057950
v 0.036247 -0.109725 0.340915
v 0.038064 0.072000 0.381909
v 0.039878 0.081957 0.309381
v 0.033299 -0.107650 0.040408
v 0.043202 0.109105 0.020907
v 0.040402 0.103540 0.041832
v 0.039669 0.081341 0.309696
v 0.043389 0.071998 0.035646
v 0.039939 -0.097951 0.379874
v 0.032273 -0.077464 0.388786
v 0.041915 0.082505 0.312505
v 0.040801 -0.082466 0.310603
v 0.038006 -0.109756 -0.030066
v 0.051873 0.099056 -0.037441
v 0.040609 0.081497 -0.049448
v 0.029305 -0.071993 -0.048763
v 0.041842 0.083114 0.312027
v 0.044398 -0.108413 0.021376
v 0.046621 -0.071998 0.031368
v 0.042019 -0.083209 0.312283
v 0.061365 -0.078820 -0.017457
v 0.042559 -0.104999 0.331668
v 0.042194 0.101827 0.043274
v 0.042759 -0.083698 0.313353
v 0.044257 0.083534 -0.046262
v 0.042519 -0.097229 -0.048515
v 0.043645 -0.074241 0.036201
v 0.043104 0.083923 0.313871
v 0.040484 -0.081417 0.310597
v 0.049535 0.098778 0.364154
v 0.049263 0.098988 0.366301
v 0.042027 0.072000 0.377339
v 0.043584 0.083792 0.314821
v 0.043348 -0.084090 0.314241
v 0.043022 0.100261 0.044021
v 0.039987 -0.103948 -0.040334
v 0.044193 0.084356 0.315740
v 0.044315 0.084754 0.315766
v 0.044427 0.072000 0.373900
v 0.044475 -0.084590 0.316164
v 0.044516 -0.084898 0.316088
v 0.045062 0.084992 0.317066
v 0.045103 -0.085336 0.317067
v 0.045290 0.100231 0.322710
v 0.047502 -0.075000 0.321316
v 0.045476 0.085602 0.317714
v 0.045511 -0.085227 0.317840
v 0.045512 0.072000 0.372161
v 0.053753 0.106121 -0.003438
v 0.045645 -0.099580 0.321692
v 0.045645 0.099580 0.321692
v 0.045720 -0.085795 0.318139
v 0.045863 -0.099372 0.321581
v 0.045863 0.099372 0.321581
v 0.047036 0.074114 -0.031426
v 0.046267 -0.086103 0.319145
v 0.040832 0.072000 0.310620
v 0.046584 0.086465 0.319713
v 0.047096 0.109649 0.007453
v 0.046728 -0.086531 0.319988
v 0.046452 0.086145 0.319481
v 0.046907 0.098343 0.321048
v 0.046930 -0.098320 0.321038
v 0.047007 0.098224 0.320997
v 0.047083 -0.098103 0.320958
v 0.047084 0.098101 0.320958
v 0.047089 0.086876 0.320677
v 0.047160 -0.097903 0.320919
v 0.047994 0.098037 0.322487
v 0.047190 -0.097767 0.320904
v 0.047190 0.097767 0.320904
v 0.047202 -0.097599 0.320897
v 0.047202 -0.086970 0.320897
v 0.047202 0.086970 0.320897
v 0.047202 0.097599 0.320897
v 0.049597 -0.097871 -0.040679
v 0.049751 -0.074058 0.026483
v 0.049515 0.078305 -0.038994
v 0.045487 -0.072000 -0.032807
v 0.048895 -0.072000 -0.027299
v 0.050157 -0.105802 -0.019971
v 0.048920 0.076423 0.034392
v 0.048406 -0.098045 0.323387
v 0.045725 -0.075023 0.372758
v 0.049445 -0.098380 0.364054
v 0.049314 0.076925 0.034953
v 0.051815 -0.098032 0.356998
v 0.054992 -0.098799 0.032844
v 0.049175 0.072005 0.324794
v 0.049822 0.077487 0.035306
v 0.046286 -0.103402 0.351211
v 0.039046 0.074470 0.043667
v 0.050070 -0.108058 0.004096
v 0.049225 0.071999 0.026747
v 0.050150 0.077930 0.035559
v 0.050424 0.078329 0.035754
v 0.052234 0.098272 0.334658
v 0.051905 -0.075003 0.333360
v 0.048785 0.072000 0.366017
v 0.050770 0.078913 0.036012
v 0.051534 0.098521 0.037085
v 0.051020 0.072000 0.330649
v 0.051085 -0.075000 0.359401
v 0.048692 0.072001 -0.029189
v 0.051469 0.080442 0.036521
v 0.051472 0.079643 0.035815
v 0.052770 0.098585 0.350769
v 0.049892 -0.072113 -0.025399
v 0.051712 0.081207 0.036710
v 0.047336 -0.083972 -0.046213
v 0.054881 0.072002 0.013077
v 0.051899 0.081944 0.036852
v 0.054287 -0.098220 0.033826
v 0.052005 0.098199 0.036964
v 0.052044 0.082698 0.036948
v 0.052136 0.097857 0.037053
v 0.047777 0.091555 0.043691
v 0.038225 -0.098357 0.056562
v 0.052209 0.097599 0.037016
v 0.051236 -0.098140 0.331125
v 0.052414 -0.072000 -0.019717
v 0.052618 0.083172 0.036274
v 0.047591 -0.084872 0.043713
v 0.052848 -0.075000 0.340989
v 0.052581 0.072000 0.337525
v 0.053190 -0.075028 0.348097
v 0.052542 0.072000 0.353079
v 0.052993 -0.098112 0.342496
v 0.053000 0.072000 0.344817
v 0.054513 -0.098124 -0.033594
v 0.055244 -0.095391 -0.034520
v 0.049557 0.106210 -0.020826
v 0.058169 -0.078905 0.025266
v 0.053942 0.098089 0.034472
v 0.052963 -0.072415 -0.018055
v 0.053053 -0.072161 0.017883
v 0.055071 -0.072475 0.009452
v 0.055561 0.074079 0.010600
v 0.054765 -0.072000 -0.011696
v 0.054113 -0.103583 -0.019292
v 0.056717 0.098681 0.029702
v 0.054768 -0.072509 -0.011090
v 0.055022 0.073120 -0.010995
v 0.055729 -0.072000 -0.005499
v 0.055927 -0.072000 0.002857
v 0.056110 -0.072314 0.001134
v 0.061556 0.098488 -0.018719
v 0.055351 -0.082972 0.032154
v 0.054829 0.082596 -0.033213
v 0.055836 0.080777 0.030921
v 0.058393 0.084669 -0.026206
v 0.058213 0.076214 0.016239
v 0.063219 0.098110 0.012252
v 0.060385 0.082737 0.021076
v 0.061227 0.079230 -0.016951
v 0.060887 0.080166 0.017624
v 0.062512 0.079276 -0.005666
v 0.064198 -0.098235 0.000164
v 0.058958 -0.075777 0.001670
v 0.062992 -0.096429 0.014647
v 0.062480 -0.080056 0.007889
v 0.062592 -0.098442 -0.014087
v 0.062028 -0.098512 0.016150
v 0.063613 0.081597 0.006329
v 0.065111 -0.095485 0.003279
v 0.063967 0.098166 -0.002951
v 0.064011 0.083932 -0.004257
vn -0.7656 0.1157 -0.6329
vn -0.7656 0.1157 -0.6329
vn -0.7656 0.1157 -0.6329
vn -0.2091 0.3140 -0.9261
vn -0.2091 0.3140 -0.9261
vn -0.2091 0.3140 -0.9261
vn 0.8299 0.5561 -0.0444
vn 0.5222 0.7820 0.3402
vn 0.1140 0.9935 0.0005
vn 0.4370 -0.4110 -0.8001
vn 0.4370 -0.4110 -0.8001
vn 0.4370 -0.4110 -0.8001
vn -0.4370 0.4110 0.8001
vn -0.4370 0.4110 0.8001
vn -0.4370 0.4110 0.8001
vn -0.5055 0.3510 0.7882
vn -0.6069 0.7103 0.3566
vn -0.5055 0.3510 0.7882
vn -0.0974 0.9829 -0.1560
vn -0.0383 0.9798 0.1964
vn -0.0139 0.9998 -0.0164
vn -0.6353 0.5506 -0.5414
vn -0.6353 0.5506 -0.5414
vn -0.0974 0.9829 -0.1560
vn -0.8173 -0.4820 -0.3157
vn -0.8173 -0.4820 -0.3157
vn -0.8173 -0.4820 -0.3157
vn -0.0046 0.8705 -0.4921
vn -0.0390 0.9980 0.0499
vn 0.0056 0.8957 -0.4447
vn 0.0056 0.8957 -0.4447
vn -0.0390 0.9980 0.0499
vn -0.0172 0.9581 -0.2859
vn 0.0420 0.0382 0.9984
vn 0.0420 0.0382 0.9984
vn 0.0420 0.0382 0.9984
vn -0.1394 0.9797 0.1439
vn -0.0075 0.9998 -0.0204
vn -0.0147 0.9924 -0.1223
vn -0.0147 0.9924 -0.1223
vn -0.0172 0.9581 -0.2859
vn -0.1394 0.9797 0.1439
vn -0.1394 0.9797 0.1439
vn -0.0172 0.9581 -0.2859
vn -0.0390 0.9980 0.0499
vn -0.3396 0.8521 0.3984
vn -0.1394 0.9797 0.1439
vn -0.5971 0.5571 0.5772
vn -0.0390 0.9980 0.0499
vn -0.3090 0.7336 0.6053
vn -0.3396 0.8521 0.3984
vn -0.1394 0.9797 0.1439
vn -0.3396 0.8521 0.3984
vn -0.0054 0.9963 0.0858
vn -0.3396 0.8521 0.3984
vn -0.0056 0.9920 0.1265
vn -0.0054 0.9963 0.0858
vn -0.3090 0.7336 0.6053
vn -0.0390 0.9980 0.0499
vn -0.6069 0.7103 0.3566
vn -0.0097 0.9144 0.4046
vn -0.3396 0.8521 0.3984
vn -0.0318 0.8496 0.5265
vn -0.3090 0.7336 0.6053
vn -0.0157 0.7928 0.6093
vn -0.0318 0.8496 0.5265
vn -0.3090 0.7336 0.6053
vn -0.0792 0.2997 0.9507
vn -0.0792 0.2997 0.9507
vn -0.2513 0.1767 0.9516
vn -0.0162 0.3473 0.9376
vn -0.3090 0.7336 0.6053
vn -0.3090 0.7336 0.6053
vn -0.6069 0.7103 0.3566
vn -0.3376 0.1693 0.9259
vn -0.3090 0.7336 0.6053
vn -0.0318 0.8496 0.5265
vn -0.3396 0.8521 0.3984
vn -0.0056 0.9920 0.1265
vn -0.0027 0.9519 0.3065
vn -0.0036 0.9953 0.0968
vn -0.0027 0.9519 0.3065
vn -0.0056 0.9920 0.1265
vn -0.3396 0.8521 0.3984
vn -0.0027 0.9519 0.3065
vn -0.3396 0.8521 0.3984
vn -0.0097 0.9144 0.4046
vn -0.0097 0.9144 0.4046
vn -0.0089 0.8822 0.4707
vn -0.0027 0.9519 0.3065
vn -0.0089 0.8822 0.4707
vn -0.0097 0.9144 0.4046
vn -0.0318 0.8496 0.5265
vn -0.0318 0.8496 0.5265
vn -0.0157 0.7928 0.6093
vn -0.0089 0.8822 0.4707
vn -0.0157 0.7928 0.6093
vn -0.3090 0.7336 0.6053
vn -0.0048 0.6387 0.7694
vn -0.0162 0.3473 0.9376
vn -0.0173 0.1761 0.9842
vn -0.0198 0.5824 0.8127
vn -0.0394 0.9203 0.3893
vn 0.0416 0.9430 0.3302
vn -0.0048 0.6387 0.7694
vn 0.0416 0.9430 0.3302
vn -0.0036 0.9953 0.0968
vn -0.0027 0.9519 0.3065
vn -0.0027 0.9519 0.3065
vn -0.0048 0.6387 0.7694
vn 0.0416 0.9430 0.3302
vn -0.0048 0.6387 0.7694
vn -0.0027 0.9519 0.3065
vn -0.0089 0.8822 0.4707
vn -0.0048 0.6387 0.7694
vn -0.0089 0.8822 0.4707
vn -0.0157 0.7928 0.6093
vn -0.0048 0.6387 0.7694
vn -0.3090 0.7336 0.6053
vn -0.0162 0.3473 0.9376
vn -0.0198 0.5824 0.8127
vn -0.0048 0.6387 0.7694
vn -0.0162 0.3473 0.9376
vn -0.0394 0.9203 0.3893
vn -0.0048 0.6387 0.7694
vn -0.0198 0.5824 0.8127
vn -0.0078 0.9489 -0.3156
vn -0.0903 0.9208 -0.3794
vn -0.0088 0.8814 -0.4723
vn -0.0061 0.9990 0.0435
vn -0.0075 0.9998 -0.0204
vn -0.1394 0.9797 0.1439
vn -0.0075 0.9998 -0.0204
vn -0.0061 0.9990 0.0435
vn -0.0064 1.0000 -0.0047
vn -0.0075 0.9998 -0.0204
vn -0.0064 1.0000 -0.0047
vn -0.0068 0.9976 -0.0694
vn -0.0068 0.9976 -0.0694
vn -0.0147 0.9924 -0.1223
vn -0.0075 0.9998 -0.0204
vn -0.0147 0.9924 -0.1223
vn -0.0068 0.9976 -0.0694
vn -0.0075 0.9834 -0.1811
vn -0.0075 0.9834 -0.1811
vn -0.0172 0.9581 -0.2859
vn -0.0147 0.9924 -0.1223
vn -0.0172 0.9581 -0.2859
vn -0.0075 0.9834 -0.1811
vn -0.0078 0.9489 -0.3156
vn -0.0161 0.9974 0.0697
vn -0.0903 0.9208 -0.3794
vn -0.0078 0.9489 -0.3156
vn -0.0088 0.8814 -0.4723
vn -0.0076 0.9044 -0.4267
vn -0.0078 0.9489 -0.3156
vn -0.0076 0.9044 -0.4267
vn -0.0088 0.8814 -0.4723
vn -0.0087 0.8766 -0.4811
vn -0.0087 0.8766 -0.4811
vn -0.0093 0.9162 -0.4007
vn -0.0076 0.9044 -0.4267
vn -0.0093 0.9162 -0.4007
vn -0.0087 0.8766 -0.4811
vn 0.0056 0.8957 -0.4447
vn -0.1394 0.9797 0.1439
vn -0.0051 0.9953 0.0963
vn -0.0061 0.9990 0.0435
vn -0.0013 0.9937 0.1118
vn -0.0061 0.9990 0.0435
vn -0.0051 0.9953 0.0963
vn -0.0013 0.9937 0.1118
vn -0.0057 0.9993 0.0376
vn -0.0061 0.9990 0.0435
vn -0.0064 1.0000 -0.0047
vn -0.0061 0.9990 0.0435
vn -0.0057 0.9993 0.0376
vn -0.0057 0.9993 0.0376
vn -0.0075 0.9999 -0.0135
vn -0.0064 1.0000 -0.0047
vn -0.0068 0.9976 -0.0694
vn -0.0064 1.0000 -0.0047
vn -0.0075 0.9999 -0.0135
vn -0.0075 0.9999 -0.0135
vn -0.0092 0.9995 -0.0298
vn -0.0068 0.9976 -0.0694
vn -0.0075 0.9834 -0.1811
vn -0.0068 0.9976 -0.0694
vn -0.0092 0.9995 -0.0298
vn -0.0092 0.9995 -0.0298
vn -0.0101 0.9958 -0.0907
vn -0.0075 0.9834 -0.1811
vn -0.0078 0.9489 -0.3156
vn -0.0075 0.9834 -0.1811
vn -0.0101 0.9958 -0.0907
vn -0.0078 0.9489 -0.3156
vn -0.0093 0.9162 -0.4007
vn -0.0172 0.9581 -0.2859
vn -0.0078 0.9489 -0.3156
vn -0.0101 0.9958 -0.0907
vn -0.0161 0.9974 0.0697
vn -0.0093 0.9162 -0.4007
vn 0.0056 0.8957 -0.4447
vn -0.0172 0.9581 -0.2859
vn -0.0078 0.9489 -0.3156
vn -0.0076 0.9044 -0.4267
vn -0.0093 0.9162 -0.4007
vn -0.0101 0.9958 -0.0907
vn -0.0092 0.9995 -0.0298
vn -0.0075 0.9999 -0.0135
vn -0.0101 0.9958 -0.0907
vn -0.0075 0.9999 -0.0135
vn -0.0057 0.9993 0.0376
vn -0.0101 0.9958 -0.0907
vn -0.0057 0.9993 0.0376
vn -0.0013 0.9937 0.1118
vn 0.9307 -0.3146 0.1865
vn 0.9307 -0.3146 0.1865
vn 0.9307 -0.3146 0.1865
vn 0.9929 -0.0695 -0.0966
vn 0.9929 -0.0695 -0.0966
vn 0.9929 -0.0695 -0.0966
vn 0.8341 0.1429 -0.5327
vn 0.8341 0.1429 -0.5327
vn 0.8341 0.1429 -0.5327
vn -0.6913 -0.2710 0.6699
vn -0.6913 -0.2710 0.6699
vn -0.6913 -0.2710 0.6699
vn 0.1416 0.9873 -0.0724
vn 0.4879 0.8644 0.1213
vn 0.1200 0.9920 -0.0388
vn -0.9378 0.0463 -0.3440
vn -0.6111 0.5577 -0.5617
vn -0.9378 0.0463 -0.3440
vn -0.2672 -0.1443 -0.9528
vn 0.0155 0.6160 -0.7876
vn -0.2672 -0.1443 -0.9528
vn 0.4901 0.3114 -0.8142
vn 0.4901 0.3114 -0.8142
vn 0.0155 0.6160 -0.7876
vn 0.1416 0.9873 -0.0724
vn 0.7018 0.5952 -0.3915
vn 0.4879 0.8644 0.1213
vn 0.4033 -0.2271 0.8864
vn 0.4033 -0.2271 0.8864
vn 0.4033 -0.2271 0.8864
vn -0.8799 0.4285 0.2054
vn -0.5972 0.8019 -0.0193
vn -0.4641 0.5886 0.6619
vn 0.4089 0.8018 0.4358
vn 0.4879 0.8644 0.1213
vn 0.3223 0.9223 0.2132
vn -0.2987 0.8340 -0.4639
vn -0.4641 0.5886 0.6619
vn 0.3223 0.9223 0.2132
vn 0.4879 0.8644 0.1213
vn 0.6771 0.6599 -0.3258
vn 0.3223 0.9223 0.2132
vn -0.6392 0.7663 -0.0653
vn -0.4782 0.8761 -0.0619
vn -0.5972 0.8019 -0.0193
vn -0.5972 0.8019 -0.0193
vn -0.4782 0.8761 -0.0619
vn -0.0363 0.9984 -0.0424
vn -0.9752 0.2046 -0.0842
vn -0.8643 0.4939 0.0951
vn -0.5972 0.8019 -0.0193
vn -0.5972 0.8019 -0.0193
vn -0.8643 0.4939 0.0951
vn -0.6392 0.7663 -0.0653
vn -0.6637 0.6672 0.3380
vn -0.4315 0.9012 -0.0407
vn -0.6392 0.7663 -0.0653
vn -0.4782 0.8761 -0.0619
vn -0.6392 0.7663 -0.0653
vn -0.4315 0.9012 -0.0407
vn -0.4315 0.9012 -0.0407
vn -0.0806 0.9965 0.0214
vn -0.4782 0.8761 -0.0619
vn -0.0806 0.9965 0.0214
vn -0.0363 0.9984 -0.0424
vn -0.4782 0.8761 -0.0619
vn -0.0363 0.9984 -0.0424
vn -0.0806 0.9965 0.0214
vn -0.0617 0.9978 0.0255
vn -0.8643 0.4939 0.0951
vn -0.7816 0.3547 0.5131
vn -0.7816 0.3547 0.5131
vn -0.8643 0.4939 0.0951
vn -0.8813 0.2024 0.4269
vn -0.8813 0.2024 0.4269
vn -0.6637 0.6672 0.3380
vn -0.6392 0.7663 -0.0653
vn -0.8643 0.4939 0.0951
vn -0.8643 0.4939 0.0951
vn -0.9949 -0.0828 -0.0573
vn -0.9949 -0.0828 -0.0573
vn -0.8643 0.4939 0.0951
vn -0.9390 0.1104 0.3258
vn -0.9390 0.1104 0.3258
vn -0.9199 0.1359 0.3679
vn -0.9199 0.1359 0.3679
vn -0.8643 0.4939 0.0951
vn -0.8391 0.2696 0.4726
vn -0.8391 0.2696 0.4726
vn -0.8643 0.4939 0.0951
vn -0.0806 0.9965 0.0214
vn -0.4315 0.9012 -0.0407
vn -0.6637 0.6672 0.3380
vn -0.8643 0.4939 0.0951
vn -0.7581 0.3886 0.5237
vn -0.7581 0.3886 0.5237
vn -0.0617 0.9978 0.0255
vn -0.0806 0.9965 0.0214
vn -0.6637 0.6672 0.3380
vn -0.6637 0.6672 0.3380
vn -0.7137 0.5535 0.4292
vn -0.7137 0.5535 0.4292
vn -0.8593 -0.1982 0.4716
vn -0.8643 0.4939 0.0951
vn -0.8593 -0.1982 0.4716
vn -0.8643 0.4939 0.0951
vn -0.7083 0.5615 0.4278
vn -0.6637 0.6672 0.3380
vn -0.9531 -0.0537 0.2978
vn -0.9531 -0.0537 0.2978
vn -0.9531 -0.0537 0.2978
vn -0.8740 0.4341 0.2182
vn -0.8740 0.4341 0.2182
vn -0.8740 0.4341 0.2182
vn -0.0161 0.9974 0.0697
vn 0.0119 0.9646 0.2634
vn -0.0394 0.9203 0.3893
vn -0.0036 0.9953 0.0968
vn -0.0054 0.9963 0.0858
vn -0.0056 0.9920 0.1265
vn -0.0036 0.9953 0.0968
vn 0.0416 0.9430 0.3302
vn 0.0119 0.9646 0.2634
vn 0.0119 0.9646 0.2634
vn 0.0416 0.9430 0.3302
vn -0.0394 0.9203 0.3893
vn -0.0101 0.9958 -0.0907
vn 0.0119 0.9646 0.2634
vn -0.0161 0.9974 0.0697
vn 0.0119 0.9646 0.2634
vn -0.0101 0.9958 -0.0907
vn -0.0013 0.9937 0.1118
vn -0.0013 0.9937 0.1118
vn -0.0051 0.9953 0.0963
vn 0.0119 0.9646 0.2634
vn -0.0054 0.9963 0.0858
vn 0.0119 0.9646 0.2634
vn -0.0051 0.9953 0.0963
vn -0.0051 0.9953 0.0963
vn -0.1394 0.9797 0.1439
vn -0.0054 0.9963 0.0858
vn -0.0394 0.9203 0.3893
vn -0.5972 0.8019 -0.0193
vn -0.1323 0.9905 -0.0364
vn -0.1323 0.9905 -0.0364
vn -0.0161 0.9974 0.0697
vn -0.0394 0.9203 0.3893
vn -0.0054 0.9963 0.0858
vn -0.0036 0.9953 0.0968
vn 0.0119 0.9646 0.2634
vn -0.0363 0.9984 -0.0424
vn -0.0617 0.9978 0.0255
vn -0.1323 0.9905 -0.0364
vn -0.5972 0.8019 -0.0193
vn -0.0363 0.9984 -0.0424
vn -0.1323 0.9905 -0.0364
vn -0.2519 0.9663 -0.0538
vn -0.1323 0.9905 -0.0364
vn -0.0617 0.9978 0.0255
vn -0.1159 0.9931 -0.0197
vn -0.2519 0.9663 -0.0538
vn -0.0617 0.9978 0.0255
vn -0.9509 0.0419 -0.3066
vn -0.9527 0.0016 -0.3040
vn -0.9300 0.2202 -0.2944
vn -0.1323 0.9905 -0.0364
vn -0.9203 0.3296 -0.2108
vn -0.5524 0.7783 -0.2986
vn -0.3975 0.9112 -0.1080
vn -0.2519 0.9663 -0.0538
vn -0.1159 0.9931 -0.0197
vn -0.1323 0.9905 -0.0364
vn -0.2519 0.9663 -0.0538
vn -0.9203 0.3296 -0.2108
vn -0.2519 0.9663 -0.0538
vn -0.9300 0.2202 -0.2944
vn -0.9203 0.3296 -0.2108
vn -0.6587 0.7317 -0.1753
vn -0.8115 0.5185 -0.2695
vn -0.9300 0.2202 -0.2944
vn -0.3975 0.9112 -0.1080
vn -0.4846 0.8609 -0.1548
vn -0.2519 0.9663 -0.0538
vn -0.4846 0.8609 -0.1548
vn -0.6587 0.7317 -0.1753
vn -0.2519 0.9663 -0.0538
vn -0.7277 -0.0108 0.6858
vn -0.7277 -0.0108 0.6858
vn -0.7277 -0.0108 0.6858
vn -0.4846 0.8609 -0.1548
vn -0.5159 0.8405 -0.1658
vn -0.6587 0.7317 -0.1753
vn -0.6587 0.7317 -0.1753
vn -0.7128 0.6625 -0.2305
vn -0.7451 0.6220 -0.2407
vn -0.7451 0.6220 -0.2407
vn -0.7722 0.5846 -0.2490
vn -0.6587 0.7317 -0.1753
vn -0.7722 0.5846 -0.2490
vn -0.8015 0.5413 -0.2543
vn -0.6587 0.7317 -0.1753
vn -0.8115 0.5185 -0.2695
vn -0.6587 0.7317 -0.1753
vn -0.8015 0.5413 -0.2543
vn -0.8015 0.5413 -0.2543
vn -0.8244 0.4987 -0.2676
vn -0.8115 0.5185 -0.2695
vn -0.9300 0.2202 -0.2944
vn -0.8115 0.5185 -0.2695
vn -0.8556 0.4330 -0.2837
vn -0.8556 0.4330 -0.2837
vn -0.8958 0.3326 -0.2948
vn -0.9300 0.2202 -0.2944
vn -0.8958 0.3326 -0.2948
vn -0.9200 0.2451 -0.3059
vn -0.9300 0.2202 -0.2944
vn -0.9200 0.2451 -0.3059
vn -0.9336 0.1814 -0.3088
vn -0.9300 0.2202 -0.2944
vn -0.9336 0.1814 -0.3088
vn -0.9418 0.1319 -0.3092
vn -0.9300 0.2202 -0.2944
vn -0.9418 0.1319 -0.3092
vn -0.9473 0.0838 -0.3092
vn -0.9300 0.2202 -0.2944
vn -0.9473 0.0838 -0.3092
vn -0.9509 0.0419 -0.3066
vn -0.9300 0.2202 -0.2944
vn -0.9203 0.3296 -0.2108
vn -0.8829 0.4444 -0.1515
vn -0.5524 0.7783 -0.2986
vn -0.9203 0.3296 -0.2108
vn -0.9648 -0.2033 -0.1669
vn -0.8829 0.4444 -0.1515
vn 0.8411 0.5117 0.1753
vn 0.8411 0.5117 0.1753
vn 0.8411 0.5117 0.1753
vn -0.1159 0.9931 -0.0197
vn -0.1582 0.9812 -0.1103
vn -0.3975 0.9112 -0.1080
vn -0.8095 0.5555 -0.1901
vn -0.6814 0.6637 -0.3086
vn -0.3975 0.9112 -0.1080
vn -0.8462 0.4921 -0.2045
vn -0.8095 0.5555 -0.1901
vn -0.3975 0.9112 -0.1080
vn -0.2185 -0.2523 -0.9427
vn -0.2185 -0.2523 -0.9427
vn -0.2185 -0.2523 -0.9427
vn -0.1582 0.9812 -0.1103
vn -0.1272 0.9624 -0.2401
vn -0.4572 0.6994 -0.5493
vn -0.9473 0.0838 -0.3092
vn -0.9434 0.1127 -0.3119
vn -0.9475 0.0512 -0.3157
vn -0.9475 0.0512 -0.3157
vn -0.9478 0.0015 -0.3188
vn -0.9527 0.0016 -0.3040
vn -0.9527 0.0016 -0.3040
vn -0.9509 0.0419 -0.3066
vn -0.9475 0.0512 -0.3157
vn -0.9509 0.0419 -0.3066
vn -0.9473 0.0838 -0.3092
vn -0.9475 0.0512 -0.3157
vn -0.9473 0.0838 -0.3092
vn -0.9418 0.1319 -0.3092
vn -0.9434 0.1127 -0.3119
vn -0.9388 0.1538 -0.3082
vn -0.9434 0.1127 -0.3119
vn -0.9418 0.1319 -0.3092
vn -0.9418 0.1319 -0.3092
vn -0.9336 0.1814 -0.3088
vn -0.9388 0.1538 -0.3082
vn -0.9296 0.2098 -0.3030
vn -0.9388 0.1538 -0.3082
vn -0.9336 0.1814 -0.3088
vn -0.9336 0.1814 -0.3088
vn -0.9200 0.2451 -0.3059
vn -0.9296 0.2098 -0.3030
vn -0.9284 0.2167 -0.3017
vn -0.9296 0.2098 -0.3030
vn -0.9200 0.2451 -0.3059
vn -0.9284 0.2167 -0.3017
vn -0.9200 0.2451 -0.3059
vn -0.8958 0.3326 -0.2948
vn -0.8958 0.3326 -0.2948
vn -0.8944 0.1984 -0.4009
vn -0.9284 0.2167 -0.3017
vn -0.8343 0.4820 -0.2677
vn -0.8944 0.1984 -0.4009
vn -0.8958 0.3326 -0.2948
vn -0.8958 0.3326 -0.2948
vn -0.8556 0.4330 -0.2837
vn -0.8343 0.4820 -0.2677
vn -0.8403 0.4693 -0.2714
vn -0.8343 0.4820 -0.2677
vn -0.8556 0.4330 -0.2837
vn -0.8556 0.4330 -0.2837
vn -0.8115 0.5185 -0.2695
vn -0.8403 0.4693 -0.2714
vn -0.8115 0.5185 -0.2695
vn -0.8244 0.4987 -0.2676
vn -0.8403 0.4693 -0.2714
vn -0.8109 0.5228 -0.2628
vn -0.8403 0.4693 -0.2714
vn -0.8244 0.4987 -0.2676
vn -0.8244 0.4987 -0.2676
vn -0.8015 0.5413 -0.2543
vn -0.8109 0.5228 -0.2628
vn -0.7829 0.5674 -0.2554
vn -0.8109 0.5228 -0.2628
vn -0.8015 0.5413 -0.2543
vn -0.8015 0.5413 -0.2543
vn -0.7722 0.5846 -0.2490
vn -0.7829 0.5674 -0.2554
vn -0.7555 0.6063 -0.2481
vn -0.7829 0.5674 -0.2554
vn -0.7722 0.5846 -0.2490
vn -0.7555 0.6063 -0.2481
vn -0.7722 0.5846 -0.2490
vn -0.7451 0.6220 -0.2407
vn -0.7451 0.6220 -0.2407
vn -0.7182 0.6531 -0.2401
vn -0.7555 0.6063 -0.2481
vn -0.7451 0.6220 -0.2407
vn -0.7128 0.6625 -0.2305
vn -0.7182 0.6531 -0.2401
vn -0.6782 0.6954 -0.2376
vn -0.7182 0.6531 -0.2401
vn -0.7128 0.6625 -0.2305
vn -0.7128 0.6625 -0.2305
vn -0.6587 0.7317 -0.1753
vn -0.6782 0.6954 -0.2376
vn -0.6587 0.7317 -0.1753
vn -0.5159 0.8405 -0.1658
vn -0.6782 0.6954 -0.2376
vn -0.6017 0.7578 -0.2523
vn -0.6782 0.6954 -0.2376
vn -0.5159 0.8405 -0.1658
vn -0.3975 0.9112 -0.1080
vn -0.5159 0.8405 -0.1658
vn -0.4846 0.8609 -0.1548
vn -0.9300 0.2202 -0.2944
vn -0.9527 0.0016 -0.3040
vn -0.9516 0.0006 -0.3074
vn -0.9516 0.0006 -0.3074
vn -0.9652 -0.0385 -0.2586
vn -0.9300 0.2202 -0.2944
vn -0.9652 -0.0385 -0.2586
vn -0.9203 0.3296 -0.2108
vn -0.9300 0.2202 -0.2944
vn -0.8817 -0.3347 -0.3325
vn -0.8966 -0.3761 -0.2339
vn -0.9203 0.3296 -0.2108
vn -0.9128 -0.3550 -0.2020
vn -0.9203 0.3296 -0.2108
vn -0.8966 -0.3761 -0.2339
vn -0.9648 -0.2033 -0.1669
vn -0.9203 0.3296 -0.2108
vn -0.9128 -0.3550 -0.2020
vn -0.3448 -0.0962 0.9337
vn -0.3448 -0.0962 0.9337
vn -0.3448 -0.0962 0.9337
vn -0.7691 -0.6392 0.0034
vn -0.9163 -0.3985 -0.0405
vn -0.9684 0.2447 -0.0489
vn -0.9788 0.2031 -0.0271
vn -0.9684 0.2447 -0.0489
vn -0.9163 -0.3985 -0.0405
vn -0.9163 -0.3985 -0.0405
vn -0.9997 -0.0130 -0.0194
vn -0.9788 0.2031 -0.0271
vn -0.9997 -0.0130 -0.0194
vn -1.0000 -0.0016 -0.0008
vn -0.9788 0.2031 -0.0271
vn -1.0000 -0.0016 -0.0008
vn -1.0000 0.0013 -0.0015
vn -0.9788 0.2031 -0.0271
vn -0.7829 0.5674 -0.2554
vn -0.7555 0.6063 -0.2481
vn -0.8944 0.1984 -0.4009
vn -0.9388 0.1538 -0.3082
vn -0.9296 0.2098 -0.3030
vn -0.8944 0.1984 -0.4009
vn -0.8343 0.4820 -0.2677
vn -0.8403 0.4693 -0.2714
vn -0.8944 0.1984 -0.4009
vn -0.8403 0.4693 -0.2714
vn -0.8109 0.5228 -0.2628
vn -0.8944 0.1984 -0.4009
vn 0.0067 0.9961 -0.0876
vn -0.0015 0.4506 -0.8927
vn 0.0004 0.9949 -0.1012
vn -0.8944 0.1984 -0.4009
vn -0.9478 0.0015 -0.3188
vn -0.9475 0.0512 -0.3157
vn -0.0015 0.4506 -0.8927
vn -0.1272 0.9624 -0.2401
vn 0.0004 0.9949 -0.1012
vn -0.6814 0.6637 -0.3086
vn -0.8976 0.0994 -0.4295
vn -0.4572 0.6994 -0.5493
vn -0.8095 0.5555 -0.1901
vn -0.1582 0.9812 -0.1103
vn -0.6814 0.6637 -0.3086
vn -0.8944 0.1984 -0.4009
vn -0.9296 0.2098 -0.3030
vn -0.9284 0.2167 -0.3017
vn -0.8944 0.1984 -0.4009
vn -0.9475 0.0512 -0.3157
vn -0.9434 0.1127 -0.3119
vn -0.8944 0.1984 -0.4009
vn -0.9434 0.1127 -0.3119
vn -0.9388 0.1538 -0.3082
vn -0.4572 0.6994 -0.5493
vn -0.4806 0.2888 -0.8280
vn -0.7676 0.1597 -0.6207
vn -0.6017 0.7578 -0.2523
vn -0.5159 0.8405 -0.1658
vn -0.3975 0.9112 -0.1080
vn -0.3975 0.9112 -0.1080
vn -0.6814 0.6637 -0.3086
vn -0.6017 0.7578 -0.2523
vn -0.4572 0.6994 -0.5493
vn -0.1272 0.9624 -0.2401
vn -0.4806 0.2888 -0.8280
vn -0.8944 0.1984 -0.4009
vn -0.6782 0.6954 -0.2376
vn -0.6017 0.7578 -0.2523
vn -0.6017 0.7578 -0.2523
vn -0.7676 0.1597 -0.6207
vn -0.8944 0.1984 -0.4009
vn -0.8944 0.1984 -0.4009
vn -0.7555 0.6063 -0.2481
vn -0.7182 0.6531 -0.2401
vn -0.4806 0.2888 -0.8280
vn -0.0015 0.4506 -0.8927
vn -0.2478 0.0433 -0.9678
vn -0.0015 0.4506 -0.8927
vn -0.4806 0.2888 -0.8280
vn -0.1272 0.9624 -0.2401
vn -0.8944 0.1984 -0.4009
vn -0.7182 0.6531 -0.2401
vn -0.6782 0.6954 -0.2376
vn -0.6814 0.6637 -0.3086
vn -0.4572 0.6994 -0.5493
vn -0.7676 0.1597 -0.6207
vn -0.6017 0.7578 -0.2523
vn -0.6814 0.6637 -0.3086
vn -0.7676 0.1597 -0.6207
vn -0.8944 0.1984 -0.4009
vn -0.8109 0.5228 -0.2628
vn -0.7829 0.5674 -0.2554
vn -0.0704 -0.0270 -0.9972
vn -0.2478 0.0433 -0.9678
vn -0.0015 0.4506 -0.8927
vn -0.0015 0.4506 -0.8927
vn 0.0067 0.9961 -0.0876
vn 0.3740 0.3185 -0.8710
vn 0.9052 -0.0922 -0.4148
vn 0.6947 0.2103 -0.6879
vn 0.8901 0.3503 -0.2915
vn 0.6947 0.2103 -0.6879
vn 0.4354 -0.0955 -0.8952
vn 0.3740 0.3185 -0.8710
vn 0.6947 0.2103 -0.6879
vn 0.8757 -0.2605 -0.4066
vn 0.4354 -0.0955 -0.8952
vn -0.9516 0.0006 -0.3074
vn -0.9527 0.0016 -0.3040
vn -0.9478 0.0015 -0.3188
vn -0.9478 0.0015 -0.3188
vn -0.9499 -0.0024 -0.3126
vn -0.9516 0.0006 -0.3074
vn 0.9504 0.3026 0.0717
vn 0.7317 0.6806 0.0364
vn 0.8518 0.3916 0.3479
vn 0.9504 0.3026 0.0717
vn 0.8901 0.3503 -0.2915
vn 0.7317 0.6806 0.0364
vn 0.9504 0.3026 0.0717
vn 0.9963 0.0795 0.0325
vn 0.8901 0.3503 -0.2915
vn 0.9963 0.0795 0.0325
vn 0.9504 0.3026 0.0717
vn 0.8518 0.3916 0.3479
vn 0.8518 0.3916 0.3479
vn 0.9444 0.0339 0.3271
vn 0.9963 0.0795 0.0325
vn -0.0018 0.9999 -0.0154
vn 0.2268 0.9736 -0.0258
vn 0.0041 1.0000 -0.0005
vn -0.0018 0.9999 -0.0154
vn 0.0041 1.0000 -0.0005
vn 0.0027 1.0000 0.0000
vn 0.0027 1.0000 0.0000
vn 0.0900 0.9959 -0.0015
vn -0.0018 0.9999 -0.0154
vn 0.1263 0.9915 0.0301
vn 0.0096 0.9997 0.0204
vn 0.0031 1.0000 0.0068
vn 0.0027 1.0000 0.0000
vn 0.0031 1.0000 0.0068
vn 0.0096 0.9997 0.0204
vn 0.0096 0.9997 0.0204
vn 0.0900 0.9959 -0.0015
vn 0.0027 1.0000 0.0000
vn 0.0445 0.9990 0.0031
vn 0.1263 0.9915 0.0301
vn 0.0031 1.0000 0.0068
vn 0.0445 0.9990 0.0031
vn 0.0031 1.0000 0.0068
vn -0.0074 0.9997 -0.0219
vn 0.0006 1.0000 -0.0003
vn 0.1759 0.9778 -0.1142
vn 0.0075 0.9999 0.0103
vn 0.0075 0.9999 0.0103
vn -0.0001 1.0000 -0.0020
vn 0.0006 1.0000 -0.0003
vn 0.2268 0.9736 -0.0258
vn 0.0098 0.9999 0.0106
vn 0.0041 1.0000 -0.0005
vn 0.0033 1.0000 -0.0009
vn 0.0041 1.0000 -0.0005
vn 0.0098 0.9999 0.0106
vn 0.0098 0.9999 0.0106
vn 0.0980 0.9947 -0.0301
vn 0.0033 1.0000 -0.0009
vn 0.0033 1.0000 -0.0009
vn 0.0980 0.9947 -0.0301
vn 0.0206 0.9993 0.0315
vn 0.0206 0.9993 0.0315
vn 0.0006 1.0000 -0.0003
vn 0.0033 1.0000 -0.0009
vn 0.0206 0.9993 0.0315
vn 0.1759 0.9778 -0.1142
vn 0.0006 1.0000 -0.0003
vn -0.0001 1.0000 -0.0020
vn 0.0067 0.9961 -0.0876
vn 0.0004 0.9949 -0.1012
vn -0.1582 0.9812 -0.1103
vn -0.1159 0.9931 -0.0197
vn -0.1272 0.9624 -0.2401
vn -0.5972 0.8019 -0.0193
vn -0.6111 0.5577 -0.5617
vn -0.0074 0.9997 -0.0219
vn 0.1140 0.9935 0.0005
vn -0.0074 0.9997 -0.0219
vn -0.0974 0.9829 -0.1560
vn 0.0004 0.9949 -0.1012
vn -0.0444 0.9985 -0.0311
vn -0.0001 1.0000 -0.0020
vn -0.1159 0.9931 -0.0197
vn -0.0444 0.9985 -0.0311
vn -0.1272 0.9624 -0.2401
vn -0.0074 0.9997 -0.0219
vn -0.0284 0.9972 -0.0698
vn 0.0155 0.6160 -0.7876
vn 0.0155 0.6160 -0.7876
vn 0.1416 0.9873 -0.0724
vn -0.0074 0.9997 -0.0219
vn -0.0974 0.9829 -0.1560
vn -0.0074 0.9997 -0.0219
vn 0.1416 0.9873 -0.0724
vn -0.0383 0.9798 0.1964
vn -0.0974 0.9829 -0.1560
vn 0.1416 0.9873 -0.0724
vn -0.1159 0.9931 -0.0197
vn -0.1339 0.9884 -0.0714
vn -0.0444 0.9985 -0.0311
vn -0.0198 0.5824 0.8127
vn 0.4879 0.8644 0.1213
vn -0.0394 0.9203 0.3893
vn 0.0075 0.9999 0.0103
vn 0.0145 0.9998 -0.0123
vn -0.0001 1.0000 -0.0020
vn 0.0255 0.9981 -0.0562
vn 0.0067 0.9961 -0.0876
vn -0.0001 1.0000 -0.0020
vn -0.0779 0.9965 0.0311
vn -0.0099 0.9999 0.0037
vn -0.0444 0.9985 -0.0311
vn 0.1140 0.9935 0.0005
vn 0.0306 0.9995 0.0106
vn -0.0074 0.9997 -0.0219
vn 0.0145 0.9998 -0.0123
vn 0.0255 0.9981 -0.0562
vn -0.0001 1.0000 -0.0020
vn -0.0099 0.9999 0.0037
vn -0.0001 1.0000 -0.0020
vn -0.0444 0.9985 -0.0311
vn 0.5222 0.7820 0.3402
vn -0.6069 0.7103 0.3566
vn -0.0390 0.9980 0.0499
vn 0.0306 0.9995 0.0106
vn 0.0445 0.9990 0.0031
vn -0.0074 0.9997 -0.0219
vn -0.1339 0.9884 -0.0714
vn -0.0779 0.9965 0.0311
vn -0.0444 0.9985 -0.0311
vn -0.0383 0.9798 0.1964
vn 0.1416 0.9873 -0.0724
vn 0.0038 0.9995 0.0314
vn -0.0139 0.9998 -0.0164
vn -0.0383 0.9798 0.1964
vn 0.0038 0.9995 0.0314
vn -0.0139 0.9998 -0.0164
vn 0.0038 0.9995 0.0314
vn 0.1200 0.9920 -0.0388
vn -0.0139 0.9998 -0.0164
vn 0.1200 0.9920 -0.0388
vn 0.0465 0.9955 0.0824
vn 0.0465 0.9955 0.0824
vn 0.1282 0.6904 -0.7120
vn -0.0016 0.9988 -0.0490
vn -0.0016 0.9988 -0.0490
vn -0.0139 0.9998 -0.0164
vn 0.0465 0.9955 0.0824
vn -0.0198 0.5824 0.8127
vn 0.0912 0.9957 0.0176
vn 0.4879 0.8644 0.1213
vn 0.1282 0.6904 -0.7120
vn 0.1314 0.4569 -0.8798
vn 0.1314 0.4569 -0.8798
vn 0.0912 0.9957 0.0176
vn -0.1718 0.9503 0.2596
vn 0.1282 0.6904 -0.7120
vn -0.1718 0.9503 0.2596
vn -0.0016 0.9988 -0.0490
vn 0.1282 0.6904 -0.7120
vn -0.1718 0.9503 0.2596
vn 0.0730 0.8527 -0.5173
vn -0.0016 0.9988 -0.0490
vn 0.6947 0.2103 -0.6879
vn 0.3740 0.3185 -0.8710
vn 0.5610 0.6009 -0.5694
vn 0.5610 0.6009 -0.5694
vn 0.8901 0.3503 -0.2915
vn 0.6947 0.2103 -0.6879
vn 0.7317 0.6806 0.0364
vn 0.1263 0.9915 0.0301
vn 0.8518 0.3916 0.3479
vn 0.5143 0.7719 0.3738
vn 0.8518 0.3916 0.3479
vn 0.6162 0.6821 0.3939
vn 0.2268 0.9736 -0.0258
vn 0.0900 0.9959 -0.0015
vn 0.7317 0.6806 0.0364
vn 0.5610 0.6009 -0.5694
vn 0.1759 0.9778 -0.1142
vn 0.8901 0.3503 -0.2915
vn 0.0980 0.9947 -0.0301
vn 0.8901 0.3503 -0.2915
vn 0.1759 0.9778 -0.1142
vn 0.0900 0.9959 -0.0015
vn 0.1263 0.9915 0.0301
vn 0.7317 0.6806 0.0364
vn 0.1263 0.9915 0.0301
vn 0.0445 0.9990 0.0031
vn 0.8518 0.3916 0.3479
vn 0.6162 0.6821 0.3939
vn 0.8518 0.3916 0.3479
vn 0.0445 0.9990 0.0031
vn 0.0067 0.9961 -0.0876
vn 0.1754 0.7196 -0.6719
vn 0.3740 0.3185 -0.8710
vn 0.0980 0.9947 -0.0301
vn 0.2268 0.9736 -0.0258
vn 0.8901 0.3503 -0.2915
vn 0.7317 0.6806 0.0364
vn 0.8901 0.3503 -0.2915
vn 0.2268 0.9736 -0.0258
vn 0.1754 0.7196 -0.6719
vn 0.0067 0.9961 -0.0876
vn 0.0255 0.9981 -0.0562
vn 0.0255 0.9981 -0.0562
vn 0.3740 0.3185 -0.8710
vn 0.1754 0.7196 -0.6719
vn 0.5610 0.6009 -0.5694
vn 0.3740 0.3185 -0.8710
vn 0.5912 0.3247 -0.7382
vn 0.0255 0.9981 -0.0562
vn 0.0145 0.9998 -0.0123
vn 0.5610 0.6009 -0.5694
vn 0.7409 -0.5003 -0.4481
vn 0.7409 -0.5003 -0.4481
vn 0.7409 -0.5003 -0.4481
vn 0.5058 -0.8039 -0.3129
vn 0.5058 -0.8039 -0.3129
vn 0.5058 -0.8039 -0.3129
vn 0.8552 -0.3604 -0.3725
vn 0.8552 -0.3604 -0.3725
vn 0.8552 -0.3604 -0.3725
vn 0.9269 -0.2851 -0.2440
vn 0.9269 -0.2851 -0.2440
vn 0.9269 -0.2851 -0.2440
vn 0.7685 -0.6355 -0.0743
vn 0.7685 -0.6355 -0.0743
vn 0.7685 -0.6355 -0.0743
vn 0.9883 -0.0915 0.1216
vn 0.9883 -0.0915 0.1216
vn 0.9883 -0.0915 0.1216
vn 0.8504 0.3399 0.4015
vn 0.8504 0.3399 0.4015
vn 0.6162 0.6821 0.3939
vn 0.8463 0.0239 0.5322
vn 0.5143 0.7719 0.3738
vn 0.6162 0.6821 0.3939
vn 0.6371 0.4704 0.6106
vn 0.6371 0.4704 0.6106
vn 0.5143 0.7719 0.3738
vn 0.8518 0.3916 0.3479
vn 0.5143 0.7719 0.3738
vn 0.6964 0.5649 0.4426
vn 0.8568 0.0551 0.5127
vn 0.8518 0.3916 0.3479
vn 0.8171 0.1125 0.5654
vn 0.8568 0.0551 0.5127
vn 0.8146 -0.1148 0.5686
vn 0.7226 -0.5856 0.3674
vn 0.8568 0.0551 0.5127
vn 0.8171 0.1125 0.5654
vn 0.8146 -0.1148 0.5686
vn 0.8098 -0.3198 0.4919
vn 0.8146 -0.1148 0.5686
vn 0.8171 0.1125 0.5654
vn 0.8518 0.3916 0.3479
vn 0.8568 0.0551 0.5127
vn 0.7226 -0.5856 0.3674
vn 0.9963 0.0795 0.0325
vn 0.9444 0.0339 0.3271
vn 0.5939 -0.7892 0.1564
vn 0.9963 0.0795 0.0325
vn 0.6417 -0.7669 0.0102
vn 0.8347 -0.5102 -0.2075
vn 0.8347 -0.5102 -0.2075
vn 0.8901 0.3503 -0.2915
vn 0.9963 0.0795 0.0325
vn 0.8901 0.3503 -0.2915
vn 0.8347 -0.5102 -0.2075
vn 0.9052 -0.0922 -0.4148
vn 0.6190 -0.6761 -0.3996
vn 0.6947 0.2103 -0.6879
vn 0.9052 -0.0922 -0.4148
vn 0.6190 -0.6761 -0.3996
vn 0.2388 -0.5760 -0.7818
vn 0.6947 0.2103 -0.6879
vn 0.3740 0.3185 -0.8710
vn 0.3862 -0.5132 -0.7664
vn 0.1984 -0.3830 -0.9022
vn 0.1984 -0.3830 -0.9022
vn -0.0015 0.4506 -0.8927
vn 0.3740 0.3185 -0.8710
vn -0.0015 0.4506 -0.8927
vn 0.1984 -0.3830 -0.9022
vn 0.0742 -0.5876 -0.8058
vn 0.0742 -0.5876 -0.8058
vn -0.0704 -0.0270 -0.9972
vn -0.0015 0.4506 -0.8927
vn -0.0704 -0.0270 -0.9972
vn 0.0742 -0.5876 -0.8058
vn -0.1390 -0.4045 -0.9039
vn -0.2478 0.0433 -0.9678
vn -0.0704 -0.0270 -0.9972
vn -0.1390 -0.4045 -0.9039
vn -0.1390 -0.4045 -0.9039
vn -0.3170 -0.3981 -0.8608
vn -0.2478 0.0433 -0.9678
vn -0.3170 -0.3981 -0.8608
vn -0.4806 0.2888 -0.8280
vn -0.2478 0.0433 -0.9678
vn -0.3170 -0.3981 -0.8608
vn -0.4510 -0.5068 -0.7347
vn -0.4806 0.2888 -0.8280
vn -0.4510 -0.5068 -0.7347
vn -0.6202 -0.2745 -0.7349
vn -0.4806 0.2888 -0.8280
vn -0.7676 0.1597 -0.6207
vn -0.4806 0.2888 -0.8280
vn -0.6202 -0.2745 -0.7349
vn -0.6202 -0.2745 -0.7349
vn -0.7284 -0.0197 -0.6849
vn -0.7676 0.1597 -0.6207
vn -0.7284 -0.0197 -0.6849
vn -0.7165 -0.4429 -0.5390
vn -0.7676 0.1597 -0.6207
vn -0.7165 -0.4429 -0.5390
vn -0.7550 -0.5004 -0.4238
vn -0.7676 0.1597 -0.6207
vn -0.7550 -0.5004 -0.4238
vn -0.8433 -0.3874 -0.3726
vn -0.7676 0.1597 -0.6207
vn -0.8433 -0.3874 -0.3726
vn -0.9296 -0.0335 -0.3670
vn -0.8944 0.1984 -0.4009
vn -0.8433 -0.3874 -0.3726
vn -0.8944 0.1984 -0.4009
vn -0.7676 0.1597 -0.6207
vn -0.9478 0.0015 -0.3188
vn -0.8944 0.1984 -0.4009
vn -0.9296 -0.0335 -0.3670
vn -0.9296 -0.0335 -0.3670
vn -0.9499 -0.0024 -0.3126
vn -0.9478 0.0015 -0.3188
vn -0.7880 -0.5591 -0.2578
vn -0.6323 -0.7463 -0.2080
vn -0.6503 -0.7292 -0.2133
vn -0.6503 -0.7292 -0.2133
vn -0.8410 -0.4645 -0.2773
vn -0.7880 -0.5591 -0.2578
vn -0.8847 -0.3654 -0.2895
vn -0.7880 -0.5591 -0.2578
vn -0.8410 -0.4645 -0.2773
vn -0.8410 -0.4645 -0.2773
vn -0.9255 -0.2246 -0.3049
vn -0.8847 -0.3654 -0.2895
vn -0.9398 -0.1482 -0.3079
vn -0.8847 -0.3654 -0.2895
vn -0.9255 -0.2246 -0.3049
vn -0.9499 -0.0024 -0.3126
vn -0.9398 -0.1482 -0.3079
vn -0.9255 -0.2246 -0.3049
vn -0.9255 -0.2246 -0.3049
vn -0.9516 0.0006 -0.3074
vn -0.9499 -0.0024 -0.3126
vn 0.1140 0.9935 0.0005
vn 0.5222 0.7820 0.3402
vn 0.4186 0.8876 0.1924
vn 0.5435 0.8392 -0.0210
vn 0.5222 0.7820 0.3402
vn 0.1768 0.9730 0.1481
vn 0.5222 0.7820 0.3402
vn -0.0390 0.9980 0.0499
vn 0.1768 0.9730 0.1481
vn 0.5435 0.8392 -0.0210
vn 0.8120 0.5123 0.2794
vn 0.5222 0.7820 0.3402
vn 0.5222 0.7820 0.3402
vn 0.8771 0.1460 0.4575
vn 0.6964 0.5649 0.4426
vn 0.8771 0.1460 0.4575
vn 0.5222 0.7820 0.3402
vn 0.8120 0.5123 0.2794
vn 0.4186 0.8876 0.1924
vn 0.5222 0.7820 0.3402
vn 0.6964 0.5649 0.4426
vn 0.6964 0.5649 0.4426
vn 0.8171 0.1125 0.5654
vn 0.8518 0.3916 0.3479
vn 0.4186 0.8876 0.1924
vn 0.6964 0.5649 0.4426
vn 0.5143 0.7719 0.3738
vn 0.8771 0.1460 0.4575
vn 0.8285 -0.0433 0.5584
vn 0.8171 0.1125 0.5654
vn 0.6964 0.5649 0.4426
vn 0.8771 0.1460 0.4575
vn 0.8171 0.1125 0.5654
vn 0.1140 0.9935 0.0005
vn 0.4186 0.8876 0.1924
vn 0.5143 0.7719 0.3738
vn -0.8847 -0.3654 -0.2895
vn -0.9398 -0.1482 -0.3079
vn -0.9296 -0.0335 -0.3670
vn 0.9444 0.0339 0.3271
vn 0.8518 0.3916 0.3479
vn 0.7226 -0.5856 0.3674
vn -0.9499 -0.0024 -0.3126
vn -0.9296 -0.0335 -0.3670
vn -0.9398 -0.1482 -0.3079
vn -0.7880 -0.5591 -0.2578
vn -0.8847 -0.3654 -0.2895
vn -0.9296 -0.0335 -0.3670
vn -0.7880 -0.5591 -0.2578
vn -0.9296 -0.0335 -0.3670
vn -0.6323 -0.7463 -0.2080
vn -0.6442 -0.7611 0.0755
vn -0.6442 -0.7611 0.0755
vn -0.6442 -0.7611 0.0755
vn -0.5803 -0.7906 -0.1956
vn -0.6323 -0.7463 -0.2080
vn -0.9296 -0.0335 -0.3670
vn 0.0028 -1.0000 0.0000
vn -0.0236 -0.9997 -0.0076
vn -0.0031 -0.9999 -0.0101
vn -0.0031 -0.9999 -0.0101
vn -0.0236 -0.9997 -0.0076
vn -0.0432 -0.9990 -0.0139
vn -0.0432 -0.9990 -0.0139
vn -0.0662 -0.9976 -0.0222
vn -0.0031 -0.9999 -0.0101
vn -0.1715 -0.9810 -0.0905
vn -0.1434 -0.9627 -0.2294
vn -0.0031 -0.9999 -0.0101
vn -0.0662 -0.9976 -0.0222
vn -0.1263 -0.9912 -0.0400
vn -0.0031 -0.9999 -0.0101
vn -0.0031 -0.9999 -0.0101
vn -0.1263 -0.9912 -0.0400
vn -0.1715 -0.9810 -0.0905
vn 0.1957 -0.9239 -0.3288
vn 0.0702 -0.9973 -0.0215
vn 0.0286 -0.9833 -0.1797
vn -0.1715 -0.9810 -0.0905
vn -0.1263 -0.9912 -0.0400
vn -0.1837 -0.9812 -0.0590
vn -0.1715 -0.9810 -0.0905
vn -0.3063 -0.9389 -0.1567
vn -0.1434 -0.9627 -0.2294
vn 0.3255 -0.9127 -0.2469
vn 0.0702 -0.9973 -0.0215
vn 0.1957 -0.9239 -0.3288
vn 0.0702 -0.9973 -0.0215
vn 0.3255 -0.9127 -0.2469
vn 0.3033 -0.9527 0.0171
vn -0.1715 -0.9810 -0.0905
vn -0.1837 -0.9812 -0.0590
vn -0.2447 -0.9660 -0.0840
vn -0.1502 -0.9106 -0.3851
vn 0.0286 -0.9833 -0.1797
vn -0.1434 -0.9627 -0.2294
vn -0.0440 -0.8663 -0.4976
vn 0.0286 -0.9833 -0.1797
vn -0.1502 -0.9106 -0.3851
vn -0.1434 -0.9627 -0.2294
vn -0.3063 -0.9389 -0.1567
vn -0.3712 -0.8656 -0.3360
vn -0.2447 -0.9660 -0.0840
vn -0.3063 -0.9389 -0.1567
vn -0.1715 -0.9810 -0.0905
vn 0.3033 -0.9527 0.0171
vn 0.5091 -0.8602 0.0297
vn 0.4536 -0.8669 0.2069
vn 0.3033 -0.9527 0.0171
vn 0.4536 -0.8669 0.2069
vn 0.2713 -0.9470 0.1722
vn 0.4438 -0.8820 -0.1581
vn 0.3033 -0.9527 0.0171
vn 0.3255 -0.9127 -0.2469
vn 0.0286 -0.9833 -0.1797
vn -0.0580 -0.8967 -0.4388
vn 0.1957 -0.9239 -0.3288
vn -0.0440 -0.8663 -0.4976
vn 0.0886 -0.8636 -0.4964
vn 0.0286 -0.9833 -0.1797
vn -0.4551 -0.8707 -0.1867
vn -0.3063 -0.9389 -0.1567
vn -0.3625 -0.9247 -0.1163
vn -0.1434 -0.9627 -0.2294
vn -0.2894 -0.8784 -0.3803
vn -0.1502 -0.9106 -0.3851
vn -0.2894 -0.8784 -0.3803
vn -0.1434 -0.9627 -0.2294
vn -0.3712 -0.8656 -0.3360
vn 0.1957 -0.9239 -0.3288
vn 0.7076 -0.6729 -0.2158
vn 0.3255 -0.9127 -0.2469
vn 0.3904 -0.6354 -0.6663
vn 0.7076 -0.6729 -0.2158
vn 0.1957 -0.9239 -0.3288
vn 0.0742 -0.5876 -0.8058
vn 0.0286 -0.9833 -0.1797
vn 0.0886 -0.8636 -0.4964
vn 0.0286 -0.9833 -0.1797
vn 0.0742 -0.5876 -0.8058
vn -0.0580 -0.8967 -0.4388
vn 0.5775 -0.8063 -0.1275
vn 0.3033 -0.9527 0.0171
vn 0.4438 -0.8820 -0.1581
vn 0.3033 -0.9527 0.0171
vn 0.8347 -0.5102 -0.2075
vn 0.5091 -0.8602 0.0297
vn 0.8347 -0.5102 -0.2075
vn 0.3033 -0.9527 0.0171
vn 0.5775 -0.8063 -0.1275
vn -0.3063 -0.9389 -0.1567
vn -0.4551 -0.8707 -0.1867
vn -0.3712 -0.8656 -0.3360
vn 0.5939 -0.7892 0.1564
vn 0.4536 -0.8669 0.2069
vn 0.5091 -0.8602 0.0297
vn 0.5939 -0.7892 0.1564
vn 0.7226 -0.5856 0.3674
vn 0.4536 -0.8669 0.2069
vn 0.5939 -0.7892 0.1564
vn 0.5091 -0.8602 0.0297
vn 0.6417 -0.7669 0.0102
vn -0.0440 -0.8663 -0.4976
vn -0.1390 -0.4045 -0.9039
vn 0.0886 -0.8636 -0.4964
vn -0.6202 -0.2745 -0.7349
vn -0.2894 -0.8784 -0.3803
vn -0.3712 -0.8656 -0.3360
vn 0.6417 -0.7669 0.0102
vn 0.5091 -0.8602 0.0297
vn 0.8347 -0.5102 -0.2075
vn 0.1957 -0.9239 -0.3288
vn 0.3862 -0.5132 -0.7664
vn 0.3904 -0.6354 -0.6663
vn -0.1502 -0.9106 -0.3851
vn -0.3170 -0.3981 -0.8608
vn -0.0440 -0.8663 -0.4976
vn 0.3255 -0.9127 -0.2469
vn 0.6190 -0.6761 -0.3996
vn 0.4438 -0.8820 -0.1581
vn 0.5775 -0.8063 -0.1275
vn 0.4438 -0.8820 -0.1581
vn 0.6190 -0.6761 -0.3996
vn 0.7076 -0.6729 -0.2158
vn 0.9367 -0.3497 -0.0171
vn 0.9367 -0.3497 -0.0171
vn -0.0440 -0.8663 -0.4976
vn -0.3170 -0.3981 -0.8608
vn -0.1390 -0.4045 -0.9039
vn 0.9963 0.0795 0.0325
vn 0.5939 -0.7892 0.1564
vn 0.6417 -0.7669 0.0102
vn 0.1957 -0.9239 -0.3288
vn -0.0580 -0.8967 -0.4388
vn 0.0742 -0.5876 -0.8058
vn -0.6202 -0.2745 -0.7349
vn -0.3712 -0.8656 -0.3360
vn -0.7165 -0.4429 -0.5390
vn -0.7550 -0.5004 -0.4238
vn -0.3712 -0.8656 -0.3360
vn -0.4551 -0.8707 -0.1867
vn -0.9296 -0.0335 -0.3670
vn -0.8433 -0.3874 -0.3726
vn -0.5803 -0.7906 -0.1956
vn -0.4551 -0.8707 -0.1867
vn -0.8433 -0.3874 -0.3726
vn -0.7550 -0.5004 -0.4238
vn -0.3712 -0.8656 -0.3360
vn -0.7550 -0.5004 -0.4238
vn -0.7165 -0.4429 -0.5390
vn -0.3219 -0.9022 -0.2871
vn -0.6202 -0.2745 -0.7349
vn -0.7165 -0.4429 -0.5390
vn -0.2894 -0.8784 -0.3803
vn -0.6202 -0.2745 -0.7349
vn -0.4510 -0.5068 -0.7347
vn -0.4510 -0.5068 -0.7347
vn -0.1502 -0.9106 -0.3851
vn -0.2894 -0.8784 -0.3803
vn -0.1502 -0.9106 -0.3851
vn -0.4510 -0.5068 -0.7347
vn -0.3170 -0.3981 -0.8608
vn 0.0742 -0.5876 -0.8058
vn 0.0886 -0.8636 -0.4964
vn -0.1390 -0.4045 -0.9039
vn 0.1984 -0.3830 -0.9022
vn 0.1957 -0.9239 -0.3288
vn 0.0742 -0.5876 -0.8058
vn 0.1957 -0.9239 -0.3288
vn 0.1984 -0.3830 -0.9022
vn 0.3862 -0.5132 -0.7664
vn 0.3740 0.3185 -0.8710
vn 0.3904 -0.6354 -0.6663
vn 0.3862 -0.5132 -0.7664
vn 0.3904 -0.6354 -0.6663
vn 0.4354 -0.0955 -0.8952
vn 0.8757 -0.2605 -0.4066
vn 0.8757 -0.2605 -0.4066
vn 0.9589 -0.0165 0.2832
vn 0.9589 -0.0165 0.2832
vn 0.8757 -0.2605 -0.4066
vn 0.9393 -0.3429 0.0091
vn 0.7076 -0.6729 -0.2158
vn 0.2388 -0.5760 -0.7818
vn -0.3663 -0.3950 -0.8425
vn -0.3663 -0.3950 -0.8425
vn 0.3255 -0.9127 -0.2469
vn 0.2388 -0.5760 -0.7818
vn 0.6190 -0.6761 -0.3996
vn 0.9052 -0.0922 -0.4148
vn 0.5775 -0.8063 -0.1275
vn 0.6190 -0.6761 -0.3996
vn 0.5775 -0.8063 -0.1275
vn 0.9052 -0.0922 -0.4148
vn 0.8347 -0.5102 -0.2075
vn 0.5939 -0.7892 0.1564
vn 0.9444 0.0339 0.3271
vn 0.7226 -0.5856 0.3674
vn 0.7869 -0.6171 -0.0001
vn 0.6807 -0.7326 0.0002
vn 0.7233 -0.6902 0.0207
vn 0.8819 -0.4714 -0.0003
vn 0.7869 -0.6171 -0.0001
vn 0.7233 -0.6902 0.0207
vn 0.7233 -0.6902 0.0207
vn 0.9991 -0.0083 0.0416
vn 0.8819 -0.4714 -0.0003
vn 0.9488 -0.3158 0.0008
vn 0.8819 -0.4714 -0.0003
vn 0.9991 -0.0083 0.0416
vn 0.9991 -0.0083 0.0416
vn 0.9999 0.0004 0.0137
vn 1.0000 -0.0000 0.0004
vn 1.0000 -0.0000 0.0004
vn 0.9900 -0.1408 0.0010
vn 0.9991 -0.0083 0.0416
vn 0.9900 -0.1408 0.0010
vn 0.9488 -0.3158 0.0008
vn 0.9991 -0.0083 0.0416
vn 0.9991 -0.0083 0.0416
vn 0.9996 0.0000 0.0267
vn 0.9999 0.0004 0.0137
vn 0.9991 -0.0083 0.0416
vn 0.7233 -0.6902 0.0207
vn 0.9581 -0.2778 0.0693
vn -0.8410 -0.4645 -0.2773
vn -0.6503 -0.7292 -0.2133
vn -0.9652 -0.0385 -0.2586
vn -0.6632 -0.7485 -0.0001
vn -0.7566 -0.6539 -0.0001
vn -0.6629 -0.7487 0.0002
vn -0.6629 -0.7487 0.0002
vn -0.7566 -0.6539 -0.0001
vn -0.8629 -0.5054 -0.0007
vn -0.8629 -0.5054 -0.0007
vn -0.9997 -0.0130 -0.0194
vn -0.6629 -0.7487 0.0002
vn -0.9255 -0.2246 -0.3049
vn -0.8410 -0.4645 -0.2773
vn -0.9652 -0.0385 -0.2586
vn -0.9516 0.0006 -0.3074
vn -0.9255 -0.2246 -0.3049
vn -0.9652 -0.0385 -0.2586
vn -0.7760 -0.5839 -0.2385
vn -0.9203 0.3296 -0.2108
vn -0.9652 -0.0385 -0.2586
vn -0.9203 0.3296 -0.2108
vn -0.7760 -0.5839 -0.2385
vn -0.8817 -0.3347 -0.3325
vn -0.6629 -0.7487 0.0002
vn -0.9997 -0.0130 -0.0194
vn -0.9163 -0.3985 -0.0405
vn -0.8629 -0.5054 -0.0007
vn -0.9320 -0.3624 -0.0001
vn -0.9997 -0.0130 -0.0194
vn -0.9320 -0.3624 -0.0001
vn -0.9840 -0.1779 -0.0000
vn -0.9997 -0.0130 -0.0194
vn -0.9840 -0.1779 -0.0000
vn -1.0000 -0.0016 -0.0008
vn -0.9997 -0.0130 -0.0194
vn -0.0511 -0.9986 -0.0165
vn -0.0264 -0.9996 -0.0089
vn -0.0156 -0.9999 -0.0030
vn -0.0264 -0.9996 -0.0089
vn 0.0010 -1.0000 0.0007
vn -0.0156 -0.9999 -0.0030
vn -0.0156 -0.9999 -0.0030
vn -0.1230 -0.9917 -0.0380
vn -0.0511 -0.9986 -0.0165
vn -0.0068 -1.0000 -0.0012
vn -0.0311 -0.9995 0.0001
vn -0.0427 -0.9991 -0.0000
vn -0.0427 -0.9991 -0.0000
vn -0.0596 -0.9982 -0.0003
vn -0.0068 -1.0000 -0.0012
vn -0.0068 -1.0000 -0.0012
vn -0.0596 -0.9982 -0.0003
vn -0.0669 -0.9978 -0.0002
vn -0.0156 -0.9999 -0.0030
vn -0.2127 -0.9764 -0.0375
vn -0.1230 -0.9917 -0.0380
vn -0.2127 -0.9764 -0.0375
vn -0.0156 -0.9999 -0.0030
vn -0.0120 -0.9999 -0.0033
vn -0.2127 -0.9764 -0.0375
vn -0.0120 -0.9999 -0.0033
vn -0.1492 -0.9886 -0.0203
vn -0.0120 -0.9999 -0.0033
vn -0.0722 -0.9974 -0.0061
vn -0.1492 -0.9886 -0.0203
vn -0.1301 -0.9914 -0.0097
vn -0.0722 -0.9974 -0.0061
vn -0.0068 -1.0000 -0.0012
vn -0.0068 -1.0000 -0.0012
vn -0.0642 -0.9979 -0.0062
vn -0.1301 -0.9914 -0.0097
vn -0.0669 -0.9978 -0.0002
vn -0.0642 -0.9979 -0.0062
vn -0.0068 -1.0000 -0.0012
vn -0.0669 -0.9978 -0.0002
vn -0.0914 -0.9958 -0.0000
vn -0.0642 -0.9979 -0.0062
vn -0.1301 -0.9914 -0.0097
vn -0.0642 -0.9979 -0.0062
vn -0.0914 -0.9958 -0.0000
vn -0.1263 -0.9912 -0.0400
vn -0.1230 -0.9917 -0.0380
vn -0.2703 -0.9594 -0.0804
vn -0.2703 -0.9594 -0.0804
vn -0.1230 -0.9917 -0.0380
vn -0.2127 -0.9764 -0.0375
vn -0.0914 -0.9958 -0.0000
vn -0.0952 -0.9955 0.0000
vn -0.1301 -0.9914 -0.0097
vn -0.1301 -0.9914 -0.0097
vn -0.0952 -0.9955 0.0000
vn -0.1170 -0.9931 0.0003
vn -0.1737 -0.9848 -0.0055
vn -0.1301 -0.9914 -0.0097
vn -0.1170 -0.9931 0.0003
vn -0.1170 -0.9931 0.0003
vn -0.1282 -0.9917 -0.0001
vn -0.1737 -0.9848 -0.0055
vn -0.1737 -0.9848 -0.0055
vn -0.1282 -0.9917 -0.0001
vn -0.1391 -0.9903 0.0000
vn -0.1391 -0.9903 0.0000
vn -0.1605 -0.9870 -0.0000
vn -0.1737 -0.9848 -0.0055
vn -0.2504 -0.9677 -0.0293
vn -0.0722 -0.9974 -0.0061
vn -0.1301 -0.9914 -0.0097
vn -0.0722 -0.9974 -0.0061
vn -0.2504 -0.9677 -0.0293
vn -0.4311 -0.9019 -0.0258
vn -0.0722 -0.9974 -0.0061
vn -0.2629 -0.9644 -0.0304
vn -0.1492 -0.9886 -0.0203
vn -0.2127 -0.9764 -0.0375
vn -0.1492 -0.9886 -0.0203
vn -0.2629 -0.9644 -0.0304
vn -0.0722 -0.9974 -0.0061
vn -0.4311 -0.9019 -0.0258
vn -0.2629 -0.9644 -0.0304
vn -0.2504 -0.9677 -0.0293
vn -0.1301 -0.9914 -0.0097
vn -0.1737 -0.9848 -0.0055
vn -0.2633 -0.9606 -0.0885
vn -0.2447 -0.9660 -0.0840
vn -0.1837 -0.9812 -0.0590
vn -0.1605 -0.9870 -0.0000
vn -0.1655 -0.9862 -0.0000
vn -0.1737 -0.9848 -0.0055
vn -0.1737 -0.9848 -0.0055
vn -0.1655 -0.9862 -0.0000
vn -0.1865 -0.9825 -0.0025
vn -0.2504 -0.9677 -0.0293
vn -0.1737 -0.9848 -0.0055
vn -0.1865 -0.9825 -0.0025
vn -0.1865 -0.9825 -0.0025
vn -0.1963 -0.9805 -0.0006
vn -0.2504 -0.9677 -0.0293
vn -0.2504 -0.9677 -0.0293
vn -0.1963 -0.9805 -0.0006
vn -0.2134 -0.9770 -0.0003
vn -0.2703 -0.9594 -0.0804
vn -0.2633 -0.9606 -0.0885
vn -0.1837 -0.9812 -0.0590
vn -0.2134 -0.9770 -0.0003
vn -0.2689 -0.9632 -0.0019
vn -0.2504 -0.9677 -0.0293
vn -0.2134 -0.9770 -0.0003
vn -0.2288 -0.9735 -0.0001
vn -0.2689 -0.9632 -0.0019
vn -0.2703 -0.9594 -0.0804
vn -0.2127 -0.9764 -0.0375
vn -0.4581 -0.8855 -0.0778
vn -0.2127 -0.9764 -0.0375
vn -0.2629 -0.9644 -0.0304
vn -0.4037 -0.9129 -0.0611
vn -0.2288 -0.9735 -0.0001
vn -0.2357 -0.9718 0.0000
vn -0.2689 -0.9632 -0.0019
vn -0.2689 -0.9632 -0.0019
vn -0.2357 -0.9718 0.0000
vn -0.2573 -0.9663 0.0003
vn -0.2573 -0.9663 0.0003
vn -0.2630 -0.9648 0.0002
vn -0.2689 -0.9632 -0.0019
vn -0.2689 -0.9632 -0.0019
vn -0.2630 -0.9648 0.0002
vn -0.2798 -0.9601 0.0001
vn -0.3625 -0.9247 -0.1163
vn -0.2633 -0.9606 -0.0885
vn -0.2703 -0.9594 -0.0804
vn -0.4581 -0.8855 -0.0778
vn -0.2127 -0.9764 -0.0375
vn -0.4037 -0.9129 -0.0611
vn -0.2689 -0.9632 -0.0019
vn -0.3206 -0.9472 -0.0103
vn -0.2504 -0.9677 -0.0293
vn -0.3206 -0.9472 -0.0103
vn -0.3627 -0.9319 0.0027
vn -0.2504 -0.9677 -0.0293
vn -0.2798 -0.9601 0.0001
vn -0.2960 -0.9552 -0.0002
vn -0.2689 -0.9632 -0.0019
vn -0.2689 -0.9632 -0.0019
vn -0.2960 -0.9552 -0.0002
vn -0.3043 -0.9526 -0.0003
vn -0.3043 -0.9526 -0.0003
vn -0.3206 -0.9472 -0.0103
vn -0.2689 -0.9632 -0.0019
vn -0.3043 -0.9526 -0.0003
vn -0.3286 -0.9445 -0.0010
vn -0.3206 -0.9472 -0.0103
vn -0.3627 -0.9319 0.0027
vn -0.3206 -0.9472 -0.0103
vn -0.3286 -0.9445 -0.0010
vn -0.3286 -0.9445 -0.0010
vn -0.3301 -0.9440 -0.0005
vn -0.3627 -0.9319 0.0027
vn -0.3627 -0.9319 0.0027
vn -0.3301 -0.9440 -0.0005
vn -0.3486 -0.9373 -0.0002
vn -0.2504 -0.9677 -0.0293
vn -0.3627 -0.9319 0.0027
vn -0.4311 -0.9019 -0.0258
vn -0.2629 -0.9644 -0.0304
vn -0.4329 -0.8999 -0.0518
vn -0.4037 -0.9129 -0.0611
vn -0.2703 -0.9594 -0.0804
vn -0.4538 -0.8803 -0.1384
vn -0.3625 -0.9247 -0.1163
vn -0.4970 -0.8562 -0.1412
vn -0.2703 -0.9594 -0.0804
vn -0.4581 -0.8855 -0.0778
vn -0.4329 -0.8999 -0.0518
vn -0.2629 -0.9644 -0.0304
vn -0.4311 -0.9019 -0.0258
vn -0.3486 -0.9373 -0.0002
vn -0.3610 -0.9326 0.0000
vn -0.3627 -0.9319 0.0027
vn -0.3627 -0.9319 0.0027
vn -0.3610 -0.9326 0.0000
vn -0.3718 -0.9283 0.0001
vn -0.3718 -0.9283 0.0001
vn -0.3909 -0.9204 0.0002
vn -0.3627 -0.9319 0.0027
vn -0.3909 -0.9204 0.0002
vn -0.3966 -0.9180 0.0001
vn -0.3627 -0.9319 0.0027
vn -0.3627 -0.9319 0.0027
vn -0.3966 -0.9180 0.0001
vn -0.4161 -0.9093 -0.0001
vn -0.5999 -0.7817 -0.1707
vn -0.3625 -0.9247 -0.1163
vn -0.4538 -0.8803 -0.1384
vn -0.5999 -0.7817 -0.1707
vn -0.4551 -0.8707 -0.1867
vn -0.3625 -0.9247 -0.1163
vn -0.3627 -0.9319 0.0027
vn -0.5000 -0.8660 0.0061
vn -0.4311 -0.9019 -0.0258
vn -0.4161 -0.9093 -0.0001
vn -0.4244 -0.9055 -0.0003
vn -0.3627 -0.9319 0.0027
vn -0.3627 -0.9319 0.0027
vn -0.4244 -0.9055 -0.0003
vn -0.4681 -0.8836 -0.0008
vn -0.4681 -0.8836 -0.0008
vn -0.5000 -0.8660 0.0061
vn -0.3627 -0.9319 0.0027
vn -0.4329 -0.8999 -0.0518
vn -0.5896 -0.8043 -0.0735
vn -0.4037 -0.9129 -0.0611
vn -0.6182 -0.7805 -0.0929
vn -0.4581 -0.8855 -0.0778
vn -0.4037 -0.9129 -0.0611
vn -0.4538 -0.8803 -0.1384
vn -0.2703 -0.9594 -0.0804
vn -0.4970 -0.8562 -0.1412
vn -0.4538 -0.8803 -0.1384
vn -0.5728 -0.8081 -0.1375
vn -0.8966 -0.3761 -0.2339
vn -0.4538 -0.8803 -0.1384
vn -0.4970 -0.8562 -0.1412
vn -0.5728 -0.8081 -0.1375
vn -0.5896 -0.8043 -0.0735
vn -0.4329 -0.8999 -0.0518
vn -0.4311 -0.9019 -0.0258
vn -0.5836 -0.8120 0.0094
vn -0.4311 -0.9019 -0.0258
vn -0.5000 -0.8660 0.0061
vn -0.8817 -0.3347 -0.3325
vn -0.4538 -0.8803 -0.1384
vn -0.8966 -0.3761 -0.2339
vn -0.5819 -0.8102 -0.0713
vn -0.4970 -0.8562 -0.1412
vn -0.4581 -0.8855 -0.0778
vn -0.9655 -0.2410 -0.0986
vn -0.8496 -0.2270 -0.4761
vn -0.5896 -0.8043 -0.0735
vn -0.9648 -0.2033 -0.1669
vn -0.4581 -0.8855 -0.0778
vn -0.6182 -0.7805 -0.0929
vn -0.4037 -0.9129 -0.0611
vn -0.9655 -0.2410 -0.0986
vn -0.6182 -0.7805 -0.0929
vn -0.4970 -0.8562 -0.1412
vn -0.9128 -0.3550 -0.2020
vn -0.5728 -0.8081 -0.1375
vn -0.9128 -0.3550 -0.2020
vn -0.4970 -0.8562 -0.1412
vn -0.5819 -0.8102 -0.0713
vn -0.6503 -0.7292 -0.2133
vn -0.6254 -0.7528 -0.2053
vn -0.7760 -0.5839 -0.2385
vn -0.7760 -0.5839 -0.2385
vn -0.6254 -0.7528 -0.2053
vn -0.5684 -0.8024 -0.1820
vn -0.7760 -0.5839 -0.2385
vn -0.4538 -0.8803 -0.1384
vn -0.8817 -0.3347 -0.3325
vn -0.8966 -0.3761 -0.2339
vn -0.5728 -0.8081 -0.1375
vn -0.9128 -0.3550 -0.2020
vn -0.4199 -0.9029 0.0920
vn -0.5819 -0.8102 -0.0713
vn -0.4581 -0.8855 -0.0778
vn -0.4311 -0.9019 -0.0258
vn -0.7691 -0.6392 0.0034
vn -0.5896 -0.8043 -0.0735
vn -0.7691 -0.6392 0.0034
vn -0.4311 -0.9019 -0.0258
vn -0.9163 -0.3985 -0.0405
vn -0.9163 -0.3985 -0.0405
vn -0.4311 -0.9019 -0.0258
vn -0.5836 -0.8120 0.0094
vn -0.5441 -0.8388 0.0201
vn -0.6530 -0.7574 -0.0016
vn -0.5836 -0.8120 0.0094
vn -0.7760 -0.5839 -0.2385
vn -0.9652 -0.0385 -0.2586
vn -0.6503 -0.7292 -0.2133
vn -0.9128 -0.3550 -0.2020
vn -0.5819 -0.8102 -0.0713
vn -0.9648 -0.2033 -0.1669
vn -0.6182 -0.7805 -0.0929
vn -0.9655 -0.2410 -0.0986
vn -0.9648 -0.2033 -0.1669
vn -0.5896 -0.8043 -0.0735
vn -0.7691 -0.6392 0.0034
vn -0.9655 -0.2410 -0.0986
vn -0.5836 -0.8120 0.0094
vn -0.6629 -0.7487 0.0002
vn -0.9163 -0.3985 -0.0405
vn -0.6629 -0.7487 0.0002
vn -0.5836 -0.8120 0.0094
vn -0.6530 -0.7574 -0.0016
vn -0.6530 -0.7574 -0.0016
vn -0.6632 -0.7485 -0.0001
vn -0.6629 -0.7487 0.0002
vn -0.7566 -0.6539 -0.0001
vn -0.6632 -0.7485 -0.0001
vn -0.6732 -0.7394 -0.0021
vn -0.6732 -0.7394 -0.0021
vn -0.7884 -0.6152 -0.0003
vn -0.7566 -0.6539 -0.0001
vn -0.8629 -0.5054 -0.0007
vn -0.7566 -0.6539 -0.0001
vn -0.7884 -0.6152 -0.0003
vn -0.7884 -0.6152 -0.0003
vn -0.8913 -0.4533 -0.0005
vn -0.8629 -0.5054 -0.0007
vn -0.9320 -0.3624 -0.0001
vn -0.8629 -0.5054 -0.0007
vn -0.8913 -0.4533 -0.0005
vn -0.8913 -0.4533 -0.0005
vn -0.9518 -0.3067 -0.0006
vn -0.9320 -0.3624 -0.0001
vn -0.9840 -0.1779 -0.0000
vn -0.9320 -0.3624 -0.0001
vn -0.9518 -0.3067 -0.0006
vn -0.9518 -0.3067 -0.0006
vn -0.9997 -0.0251 0.0001
vn -0.9840 -0.1779 -0.0000
vn -1.0000 -0.0016 -0.0008
vn -0.9840 -0.1779 -0.0000
vn -0.9997 -0.0251 0.0001
vn -0.9997 -0.0251 0.0001
vn -0.9996 0.0170 0.0242
vn -1.0000 -0.0016 -0.0008
vn -0.0903 0.9208 -0.3794
vn -0.0161 0.9974 0.0697
vn -0.5524 0.7783 -0.2986
vn -0.0090 0.8528 -0.5222
vn -0.0092 0.8596 -0.5109
vn -0.0903 0.9208 -0.3794
vn -0.0903 0.9208 -0.3794
vn -0.1528 0.8250 -0.5441
vn -0.0088 0.8406 -0.5416
vn -0.0088 0.8406 -0.5416
vn -0.0090 0.8528 -0.5222
vn -0.0903 0.9208 -0.3794
vn -0.0092 0.7839 -0.6208
vn -0.0138 0.7060 -0.7081
vn -0.1442 0.7549 -0.6398
vn -0.1442 0.7549 -0.6398
vn -0.0138 0.7060 -0.7081
vn -0.1528 0.8250 -0.5441
vn -0.0096 0.8317 -0.5552
vn -0.0090 0.8297 -0.5581
vn -0.1528 0.8250 -0.5441
vn -0.1528 0.8250 -0.5441
vn -0.0090 0.8297 -0.5581
vn -0.0088 0.8406 -0.5416
vn -0.1442 0.7549 -0.6398
vn -0.0097 0.7751 -0.6318
vn -0.0092 0.7839 -0.6208
vn -0.1442 0.7549 -0.6398
vn -0.0100 0.7828 -0.6222
vn -0.0097 0.7751 -0.6318
vn -0.0091 0.7289 -0.6846
vn -0.0089 0.7136 -0.7005
vn -0.1442 0.7549 -0.6398
vn -0.1028 0.6677 -0.7373
vn -0.0100 0.7247 -0.6890
vn -0.0121 0.7202 -0.6937
vn -0.1442 0.7549 -0.6398
vn -0.1028 0.6677 -0.7373
vn -0.0121 0.7202 -0.6937
vn -0.1442 0.7549 -0.6398
vn -0.0121 0.7202 -0.6937
vn -0.0091 0.7289 -0.6846
vn -0.1028 0.6677 -0.7373
vn -0.0108 0.6601 -0.7511
vn -0.0092 0.6314 -0.7754
vn -0.5244 0.5002 -0.6891
vn -0.0118 0.5980 -0.8014
vn -0.0146 0.6209 -0.7838
vn -0.1528 0.8250 -0.5441
vn -0.5524 0.7783 -0.2986
vn -0.1442 0.7549 -0.6398
vn -0.0100 0.6497 -0.7602
vn -0.0108 0.6601 -0.7511
vn -0.1028 0.6677 -0.7373
vn -0.1028 0.6677 -0.7373
vn -0.5524 0.7783 -0.2986
vn -0.5244 0.5002 -0.6891
vn -0.1528 0.8250 -0.5441
vn -0.0903 0.9208 -0.3794
vn -0.5524 0.7783 -0.2986
vn -0.1442 0.7549 -0.6398
vn -0.5524 0.7783 -0.2986
vn -0.1028 0.6677 -0.7373
vn -0.0146 0.6209 -0.7838
vn -0.1028 0.6677 -0.7373
vn -0.5244 0.5002 -0.6891
vn -0.0146 0.6209 -0.7838
vn -0.0093 0.6333 -0.7738
vn -0.1028 0.6677 -0.7373
vn -0.0093 0.6333 -0.7738
vn -0.0100 0.6497 -0.7602
vn -0.1028 0.6677 -0.7373
vn -0.5524 0.7783 -0.2986
vn -0.9117 0.3387 -0.2324
vn -0.5244 0.5002 -0.6891
vn -0.5524 0.7783 -0.2986
vn -0.8829 0.4444 -0.1515
vn -0.9117 0.3387 -0.2324
vn -0.9788 0.2031 -0.0271
vn -1.0000 0.0013 -0.0015
vn -0.9988 0.0480 -0.0003
vn -0.9788 0.2031 -0.0271
vn -0.9988 0.0480 -0.0003
vn -0.9950 0.0994 0.0008
vn -0.9788 0.2031 -0.0271
vn -0.9950 0.0994 0.0008
vn -0.9963 0.0862 0.0005
vn -0.9704 0.1895 -0.1499
vn -0.8829 0.4444 -0.1515
vn -0.9648 -0.2033 -0.1669
vn -0.9655 -0.2410 -0.0986
vn -0.9588 0.2627 -0.1080
vn -0.9704 0.1895 -0.1499
vn -0.9655 -0.2410 -0.0986
vn -0.9704 0.1895 -0.1499
vn -0.9648 -0.2033 -0.1669
vn -0.8829 0.4444 -0.1515
vn -0.9704 0.1895 -0.1499
vn -0.9588 0.2627 -0.1080
vn -0.9588 0.2627 -0.1080
vn -0.9655 -0.2410 -0.0986
vn -0.9684 0.2447 -0.0489
vn -0.9684 0.2447 -0.0489
vn -0.9081 0.4103 -0.0839
vn -0.8829 0.4444 -0.1515
vn -0.9117 0.3387 -0.2324
vn -0.8829 0.4444 -0.1515
vn -0.9081 0.4103 -0.0839
vn -0.3783 0.9244 0.0476
vn -0.8829 0.4444 -0.1515
vn -0.3783 0.9244 0.0476
vn -0.9117 0.3387 -0.2324
vn -0.9905 0.0236 -0.1353
vn -0.9895 0.0704 -0.1261
vn -0.9117 0.3387 -0.2324
vn -0.9081 0.4103 -0.0839
vn -0.9905 0.0236 -0.1353
vn -0.9788 0.2031 -0.0271
vn -0.9905 0.0236 -0.1353
vn -0.9081 0.4103 -0.0839
vn -0.8078 0.0818 -0.5838
vn -0.4955 0.0940 -0.8635
vn -0.9231 0.0934 -0.3731
vn -0.9231 0.0934 -0.3731
vn -0.4955 0.0940 -0.8635
vn -0.3076 0.2970 -0.9040
vn -0.8078 0.0818 -0.5838
vn -0.9231 0.0934 -0.3731
vn -0.9804 -0.0213 -0.1960
vn -0.9231 0.0934 -0.3731
vn -0.9117 0.3387 -0.2324
vn -0.9895 0.0704 -0.1261
vn -0.5244 0.5002 -0.6891
vn -0.9117 0.3387 -0.2324
vn -0.9231 0.0934 -0.3731
vn -0.5244 0.5002 -0.6891
vn -0.9231 0.0934 -0.3731
vn -0.4391 0.4755 -0.7623
vn -0.0092 0.4337 -0.9010
vn -0.0503 0.4445 -0.8944
vn -0.0411 0.4059 -0.9130
vn -0.9231 0.0934 -0.3731
vn -0.3076 0.2970 -0.9040
vn -0.4391 0.4755 -0.7623
vn -0.5244 0.5002 -0.6891
vn -0.0161 0.5098 -0.8601
vn -0.0091 0.4097 -0.9122
vn -0.0145 0.4841 -0.8749
vn -0.0161 0.5098 -0.8601
vn -0.5244 0.5002 -0.6891
vn -0.5244 0.5002 -0.6891
vn -0.0503 0.4445 -0.8944
vn -0.0145 0.4841 -0.8749
vn -0.0503 0.4445 -0.8944
vn -0.0092 0.4823 -0.8759
vn -0.0145 0.4841 -0.8749
vn -0.0503 0.4445 -0.8944
vn -0.0084 0.4422 -0.8969
vn -0.0091 0.4687 -0.8833
vn -0.0411 0.4059 -0.9130
vn -0.0092 0.4124 -0.9110
vn -0.0092 0.4337 -0.9010
vn -0.0096 0.3733 -0.9277
vn -0.0411 0.4059 -0.9130
vn -0.3076 0.2970 -0.9040
vn -0.3076 0.2970 -0.9040
vn -0.0105 0.3094 -0.9509
vn 0.0109 0.2875 -0.9577
vn -0.0105 0.3094 -0.9509
vn -0.3076 0.2970 -0.9040
vn -0.0569 0.2661 -0.9623
vn -0.0085 0.2790 -0.9603
vn -0.0105 0.3094 -0.9509
vn -0.0569 0.2661 -0.9623
vn -0.0662 0.1659 -0.9839
vn -0.0081 0.2194 -0.9756
vn -0.0068 0.2321 -0.9727
vn -0.0068 0.2321 -0.9727
vn -0.0569 0.2661 -0.9623
vn -0.0662 0.1659 -0.9839
vn -0.0569 0.2661 -0.9623
vn -0.0068 0.2321 -0.9727
vn -0.0041 0.2328 -0.9725
vn -0.0662 0.1659 -0.9839
vn -0.0087 0.1895 -0.9818
vn -0.0081 0.2194 -0.9756
vn -0.0662 0.1659 -0.9839
vn -0.0717 0.0742 -0.9947
vn -0.0097 0.1452 -0.9894
vn -0.0097 0.1452 -0.9894
vn -0.0082 0.1369 -0.9906
vn -0.0662 0.1659 -0.9839
vn -0.0662 0.1659 -0.9839
vn -0.0082 0.1369 -0.9906
vn -0.0086 0.1471 -0.9891
vn -0.0717 0.0742 -0.9947
vn -0.0092 0.0550 -0.9984
vn -0.0094 0.0490 -0.9988
vn -0.4955 0.0940 -0.8635
vn -0.0569 0.2661 -0.9623
vn -0.3076 0.2970 -0.9040
vn -0.0157 0.5851 -0.8108
vn -0.0118 0.5980 -0.8014
vn -0.5244 0.5002 -0.6891
vn -0.0141 0.6450 -0.7641
vn -0.0157 0.5851 -0.8108
vn -0.5244 0.5002 -0.6891
vn -0.0503 0.4445 -0.8944
vn -0.0091 0.4687 -0.8833
vn -0.0092 0.4823 -0.8759
vn -0.0717 0.0742 -0.9947
vn -0.0118 0.0409 -0.9991
vn -0.0092 0.0550 -0.9984
vn -0.0411 0.4059 -0.9130
vn -0.0503 0.4445 -0.8944
vn -0.5244 0.5002 -0.6891
vn -0.0717 0.0742 -0.9947
vn -0.0662 0.1659 -0.9839
vn -0.4955 0.0940 -0.8635
vn -0.0662 0.1659 -0.9839
vn -0.0569 0.2661 -0.9623
vn -0.4955 0.0940 -0.8635
vn -0.4391 0.4755 -0.7623
vn -0.3076 0.2970 -0.9040
vn -0.0411 0.4059 -0.9130
vn -0.4391 0.4755 -0.7623
vn -0.0411 0.4059 -0.9130
vn -0.5244 0.5002 -0.6891
vn -0.0092 0.4337 -0.9010
vn -0.0084 0.4422 -0.8969
vn -0.0503 0.4445 -0.8944
vn -0.4955 0.0940 -0.8635
vn -0.5483 0.0022 -0.8363
vn -0.5037 0.0082 -0.8639
vn -0.4955 0.0940 -0.8635
vn -0.5766 0.0018 -0.8170
vn -0.5483 0.0022 -0.8363
vn -0.4955 0.0940 -0.8635
vn -0.6440 -0.0002 -0.7650
vn -0.6071 0.0008 -0.7946
vn -0.4955 0.0940 -0.8635
vn -0.6071 0.0008 -0.7946
vn -0.5766 0.0018 -0.8170
vn -0.4955 0.0940 -0.8635
vn -0.7094 -0.0114 -0.7048
vn -0.7043 -0.0015 -0.7099
vn -0.7043 -0.0015 -0.7099
vn -0.6676 -0.0010 -0.7445
vn -0.4955 0.0940 -0.8635
vn -0.4955 0.0940 -0.8635
vn -0.6676 -0.0010 -0.7445
vn -0.6440 -0.0002 -0.7650
vn -0.2158 -0.9579 -0.1892
vn -0.2158 -0.9579 -0.1892
vn -0.2158 -0.9579 -0.1892
vn -0.7094 -0.0114 -0.7048
vn -0.8078 0.0818 -0.5838
vn -0.7691 0.0008 -0.6391
vn -0.8078 0.0818 -0.5838
vn -0.7954 0.0012 -0.6061
vn -0.7691 0.0008 -0.6391
vn -0.8078 0.0818 -0.5838
vn -0.8394 0.0015 -0.5436
vn -0.8164 0.0014 -0.5775
vn -0.8078 0.0818 -0.5838
vn -0.8164 0.0014 -0.5775
vn -0.7954 0.0012 -0.6061
vn -0.8078 0.0818 -0.5838
vn -0.9119 -0.0004 -0.4104
vn -0.8892 0.0007 -0.4575
vn -0.8078 0.0818 -0.5838
vn -0.8892 0.0007 -0.4575
vn -0.8826 0.0006 -0.4702
vn -0.8826 0.0006 -0.4702
vn -0.8556 0.0010 -0.5176
vn -0.8078 0.0818 -0.5838
vn -0.8078 0.0818 -0.5838
vn -0.8556 0.0010 -0.5176
vn -0.8394 0.0015 -0.5436
vn -0.9804 -0.0213 -0.1960
vn -0.9502 0.0002 -0.3116
vn -0.9337 -0.0047 -0.3579
vn -0.9337 -0.0047 -0.3579
vn -0.8078 0.0818 -0.5838
vn -0.9804 -0.0213 -0.1960
vn -0.9337 -0.0047 -0.3579
vn -0.9258 -0.0011 -0.3779
vn -0.8078 0.0818 -0.5838
vn -0.8078 0.0818 -0.5838
vn -0.9258 -0.0011 -0.3779
vn -0.9119 -0.0004 -0.4104
vn -0.9708 0.0004 -0.2400
vn -0.9605 0.0004 -0.2782
vn -0.9804 -0.0213 -0.1960
vn -0.9804 -0.0213 -0.1960
vn -0.9605 0.0004 -0.2782
vn -0.9502 0.0002 -0.3116
vn -0.9804 -0.0213 -0.1960
vn -0.9790 0.0003 -0.2038
vn -0.9708 0.0004 -0.2400
vn -0.9804 -0.0213 -0.1960
vn -0.9855 0.0001 -0.1696
vn -0.9790 0.0003 -0.2038
vn -0.9855 0.0001 -0.1696
vn -0.9804 -0.0213 -0.1960
vn -0.9893 -0.0003 -0.1462
vn -0.7094 -0.0114 -0.7048
vn -0.4955 0.0940 -0.8635
vn -0.8078 0.0818 -0.5838
vn -0.4955 0.0940 -0.8635
vn -0.5037 0.0082 -0.8639
vn -0.1683 -0.0212 -0.9855
vn -0.0717 0.0742 -0.9947
vn -0.4955 0.0940 -0.8635
vn -0.1683 -0.0212 -0.9855
vn -0.0118 0.0409 -0.9991
vn -0.0717 0.0742 -0.9947
vn -0.1683 -0.0212 -0.9855
vn -0.1683 -0.0212 -0.9855
vn -0.0107 0.0183 -0.9998
vn -0.0118 0.0409 -0.9991
vn -0.1683 -0.0212 -0.9855
vn -0.0111 0.0025 -0.9999
vn -0.0107 0.0183 -0.9998
vn -1.0000 0.0013 -0.0015
vn -1.0000 0.0017 0.0011
vn -0.9995 0.0312 0.0000
vn -0.9963 0.0862 0.0005
vn -0.9939 0.1103 -0.0002
vn -0.9788 0.2031 -0.0271
vn -0.9950 0.0999 -0.0003
vn -0.9950 0.0994 0.0008
vn -0.9988 0.0480 -0.0003
vn -0.9995 0.0312 0.0000
vn -0.9988 0.0480 -0.0003
vn -1.0000 0.0013 -0.0015
vn -0.9995 0.0312 0.0000
vn -0.9990 0.0455 -0.0045
vn -0.9988 0.0480 -0.0003
vn -0.9988 0.0480 -0.0003
vn -0.9990 0.0455 -0.0045
vn -0.9950 0.0999 -0.0003
vn -0.9950 0.0999 -0.0003
vn -0.9963 0.0862 0.0005
vn -0.9950 0.0994 0.0008
vn -0.9950 0.0999 -0.0003
vn -0.9939 0.1103 -0.0002
vn -0.9963 0.0862 0.0005
vn -0.9788 0.2031 -0.0271
vn -0.9081 0.4103 -0.0839
vn -0.9684 0.2447 -0.0489
vn -0.9922 0.0006 -0.1249
vn -0.9933 0.0002 -0.1153
vn -0.9905 0.0236 -0.1353
vn -0.9980 0.0616 -0.0150
vn -0.9950 0.0999 -0.0003
vn -0.9990 0.0455 -0.0045
vn -0.9980 0.0616 -0.0150
vn -0.9939 0.1103 -0.0002
vn -0.9950 0.0999 -0.0003
vn -0.9788 0.2031 -0.0271
vn -0.9939 0.1103 -0.0002
vn -0.9979 0.0505 -0.0406
vn -0.9665 0.2549 -0.0297
vn -0.9788 0.2031 -0.0271
vn -0.9979 0.0505 -0.0406
vn -0.9788 0.2031 -0.0271
vn -0.9665 0.2549 -0.0297
vn -0.9905 0.0236 -0.1353
vn -0.9927 0.0004 -0.1206
vn -0.9922 0.0006 -0.1249
vn -0.9905 0.0236 -0.1353
vn -0.9935 0.0000 -0.1141
vn -0.9905 0.0236 -0.1353
vn -0.9949 0.0244 -0.0977
vn -0.9905 0.0236 -0.1353
vn -0.9935 0.0000 -0.1141
vn -0.9927 0.0004 -0.1206
vn -0.9949 0.0244 -0.0977
vn -0.9934 0.0001 -0.1143
vn -0.9935 0.0000 -0.1141
vn -0.9958 0.0001 -0.0916
vn -0.9956 0.0001 -0.0937
vn -0.9949 0.0244 -0.0977
vn -0.9949 0.0244 -0.0977
vn -0.9961 0.0005 -0.0881
vn -0.9958 0.0001 -0.0916
vn -0.9973 0.0225 -0.0703
vn -0.9961 0.0005 -0.0881
vn -0.9949 0.0244 -0.0977
vn -0.9951 0.0003 -0.0989
vn -0.9961 0.0005 -0.0881
vn -0.9973 0.0225 -0.0703
vn -0.9973 0.0225 -0.0703
vn -0.9981 0.0002 -0.0623
vn -0.9978 0.0004 -0.0661
vn -0.9978 0.0004 -0.0661
vn -0.9975 0.0004 -0.0700
vn -0.9973 0.0225 -0.0703
vn -0.9975 0.0004 -0.0700
vn -0.9981 0.0003 -0.0610
vn -0.9973 0.0225 -0.0703
vn -0.9979 0.0505 -0.0406
vn -0.9980 0.0004 -0.0632
vn -0.9973 0.0225 -0.0703
vn -0.9973 0.0225 -0.0703
vn -0.9980 0.0004 -0.0632
vn -0.9981 0.0002 -0.0623
vn -0.9979 0.0505 -0.0406
vn -0.9993 0.0004 -0.0371
vn -0.9992 0.0000 -0.0396
vn -0.9997 0.0001 -0.0239
vn -0.9980 0.0616 -0.0150
vn -0.9990 0.0455 -0.0045
vn -0.9980 0.0616 -0.0150
vn -0.9997 0.0001 -0.0239
vn -0.9995 0.0003 -0.0312
vn -0.9980 0.0616 -0.0150
vn -0.9995 0.0003 -0.0312
vn -0.9993 0.0004 -0.0371
vn -0.9980 0.0616 -0.0150
vn -0.9993 0.0004 -0.0371
vn -0.9979 0.0505 -0.0406
vn -0.9990 0.0455 -0.0045
vn -1.0000 0.0030 -0.0047
vn -0.9999 0.0001 -0.0120
vn -0.9999 0.0001 -0.0120
vn -0.9998 0.0001 -0.0178
vn -0.9990 0.0455 -0.0045
vn -0.9990 0.0455 -0.0045
vn -0.9998 0.0001 -0.0178
vn -0.9997 0.0001 -0.0239
vn -1.0000 0.0030 -0.0047
vn -1.0000 0.0017 0.0011
vn -1.0000 0.0000 -0.0025
vn -1.0000 0.0000 -0.0025
vn -1.0000 0.0000 -0.0061
vn -1.0000 0.0030 -0.0047
vn -1.0000 0.0000 -0.0061
vn -0.9999 0.0001 -0.0120
vn -1.0000 0.0030 -0.0047
vn -0.9665 0.2549 -0.0297
vn -0.9979 0.0505 -0.0406
vn -0.9973 0.0225 -0.0703
vn -0.9949 0.0244 -0.0977
vn -0.9905 0.0236 -0.1353
vn -0.9665 0.2549 -0.0297
vn -0.9949 0.0244 -0.0977
vn -0.9665 0.2549 -0.0297
vn -0.9973 0.0225 -0.0703
vn -0.9990 0.0455 -0.0045
vn -1.0000 0.0017 0.0011
vn -1.0000 0.0030 -0.0047
vn -1.0000 0.0017 0.0011
vn -0.9990 0.0455 -0.0045
vn -0.9995 0.0312 0.0000
vn -0.9979 0.0505 -0.0406
vn -0.9939 0.1103 -0.0002
vn -0.9980 0.0616 -0.0150
vn -0.9899 -0.0168 -0.1409
vn -0.8921 -0.1539 -0.4247
vn -0.9673 -0.0140 -0.2532
vn -0.9905 0.0236 -0.1353
vn -0.9893 -0.0003 -0.1462
vn -0.9804 -0.0213 -0.1960
vn -0.9899 -0.0168 -0.1409
vn -0.9673 -0.0140 -0.2532
vn -0.9888 -0.0006 -0.1490
vn -0.9905 0.0236 -0.1353
vn -0.9899 -0.0168 -0.1409
vn -0.9888 -0.0006 -0.1490
vn -0.9888 -0.0006 -0.1490
vn -0.9893 -0.0003 -0.1462
vn -0.9905 0.0236 -0.1353
vn -0.9905 0.0236 -0.1353
vn -0.9804 -0.0213 -0.1960
vn -0.9231 0.0934 -0.3731
vn -0.9895 0.0704 -0.1261
vn -0.9905 0.0236 -0.1353
vn -0.9231 0.0934 -0.3731
vn -0.3495 -0.0003 -0.9369
vn -0.3765 -0.0005 -0.9264
vn -0.3586 -0.0007 -0.9335
vn -0.4738 0.0016 -0.8806
vn -0.4269 0.0001 -0.9043
vn -0.4466 -0.0011 -0.8947
vn -0.4466 -0.0011 -0.8947
vn -0.4756 -0.0011 -0.8797
vn -0.4738 0.0016 -0.8806
vn -0.4756 -0.0011 -0.8797
vn -0.4966 0.0037 -0.8680
vn -0.4738 0.0016 -0.8806
vn -0.4756 -0.0011 -0.8797
vn -0.4723 -0.0029 -0.8814
vn -0.4966 0.0037 -0.8680
vn -0.4723 -0.0029 -0.8814
vn -0.5037 0.0082 -0.8639
vn -0.4966 0.0037 -0.8680
vn -0.4072 -0.0005 -0.9133
vn -0.3586 -0.0007 -0.9335
vn -0.3765 -0.0005 -0.9264
vn -0.3765 -0.0005 -0.9264
vn -0.4086 -0.0004 -0.9127
vn -0.4072 -0.0005 -0.9133
vn -0.4086 -0.0004 -0.9127
vn -0.4269 0.0001 -0.9043
vn -0.4072 -0.0005 -0.9133
vn -0.4269 0.0001 -0.9043
vn -0.4086 -0.0004 -0.9127
vn -0.4182 -0.0014 -0.9084
vn -0.4182 -0.0014 -0.9084
vn -0.4466 -0.0011 -0.8947
vn -0.4269 0.0001 -0.9043
vn -0.2970 -0.0016 -0.9549
vn -0.2811 -0.0001 -0.9597
vn -0.3144 -0.0000 -0.9493
vn -0.3374 -0.0017 -0.9413
vn -0.2970 -0.0016 -0.9549
vn -0.3144 -0.0000 -0.9493
vn -0.3144 -0.0000 -0.9493
vn -0.3416 -0.0001 -0.9398
vn -0.3374 -0.0017 -0.9413
vn -0.3416 -0.0001 -0.9398
vn -0.3586 -0.0007 -0.9335
vn -0.3374 -0.0017 -0.9413
vn -0.3416 -0.0001 -0.9398
vn -0.3495 -0.0003 -0.9369
vn -0.3586 -0.0007 -0.9335
vn -0.2716 -0.0001 -0.9624
vn -0.2811 -0.0001 -0.9597
vn -0.2970 -0.0016 -0.9549
vn -0.2716 -0.0001 -0.9624
vn -0.2970 -0.0016 -0.9549
vn -0.2660 -0.0021 -0.9640
vn -0.2379 -0.0004 -0.9713
vn -0.2716 -0.0001 -0.9624
vn -0.2660 -0.0021 -0.9640
vn -0.2660 -0.0021 -0.9640
vn -0.2167 -0.0016 -0.9762
vn -0.2379 -0.0004 -0.9713
vn -0.2107 -0.0008 -0.9775
vn -0.2379 -0.0004 -0.9713
vn -0.2167 -0.0016 -0.9762
vn -0.1228 -0.0004 -0.9924
vn -0.1562 -0.0049 -0.9877
vn -0.1355 -0.0006 -0.9908
vn -0.1917 -0.0018 -0.9814
vn -0.1355 -0.0006 -0.9908
vn -0.1562 -0.0049 -0.9877
vn -0.1562 -0.0049 -0.9877
vn -0.1956 -0.0006 -0.9807
vn -0.1917 -0.0018 -0.9814
vn -0.1956 -0.0006 -0.9807
vn -0.2167 -0.0016 -0.9762
vn -0.1917 -0.0018 -0.9814
vn -0.2167 -0.0016 -0.9762
vn -0.1956 -0.0006 -0.9807
vn -0.2107 -0.0008 -0.9775
vn -0.1013 -0.0001 -0.9949
vn -0.1228 -0.0004 -0.9924
vn -0.1355 -0.0006 -0.9908
vn -0.1355 -0.0006 -0.9908
vn -0.1243 -0.0012 -0.9922
vn -0.1013 -0.0001 -0.9949
vn -0.1243 -0.0012 -0.9922
vn -0.0791 -0.0002 -0.9969
vn -0.1013 -0.0001 -0.9949
vn -0.0498 0.0008 -0.9988
vn -0.0173 -0.0004 -0.9998
vn -0.0156 -0.0003 -0.9999
vn -0.0156 -0.0003 -0.9999
vn -0.0654 -0.0002 -0.9979
vn -0.0498 0.0008 -0.9988
vn -0.0654 -0.0002 -0.9979
vn -0.0791 -0.0002 -0.9969
vn -0.0498 0.0008 -0.9988
vn -0.0654 -0.0002 -0.9979
vn -0.0590 -0.0232 -0.9980
vn -0.0791 -0.0002 -0.9969
vn -0.0590 -0.0232 -0.9980
vn -0.1013 -0.0001 -0.9949
vn -0.0791 -0.0002 -0.9969
vn -0.5380 -0.0008 -0.8429
vn -0.4966 0.0037 -0.8680
vn -0.5037 0.0082 -0.8639
vn -0.5037 0.0082 -0.8639
vn -0.5483 0.0022 -0.8363
vn -0.5380 -0.0008 -0.8429
vn -0.5630 -0.0008 -0.8265
vn -0.5380 -0.0008 -0.8429
vn -0.5483 0.0022 -0.8363
vn -0.5483 0.0022 -0.8363
vn -0.5766 0.0018 -0.8170
vn -0.5630 -0.0008 -0.8265
vn -0.6004 -0.0013 -0.7997
vn -0.5630 -0.0008 -0.8265
vn -0.5766 0.0018 -0.8170
vn -0.6004 -0.0013 -0.7997
vn -0.5766 0.0018 -0.8170
vn -0.6071 0.0008 -0.7946
vn -0.6071 0.0008 -0.7946
vn -0.6261 -0.0019 -0.7797
vn -0.6004 -0.0013 -0.7997
vn -0.6071 0.0008 -0.7946
vn -0.6440 -0.0002 -0.7650
vn -0.6261 -0.0019 -0.7797
vn -0.6584 -0.0016 -0.7526
vn -0.6261 -0.0019 -0.7797
vn -0.6440 -0.0002 -0.7650
vn -0.6440 -0.0002 -0.7650
vn -0.6676 -0.0010 -0.7445
vn -0.6584 -0.0016 -0.7526
vn -0.6927 -0.0017 -0.7212
vn -0.6584 -0.0016 -0.7526
vn -0.6676 -0.0010 -0.7445
vn -0.6676 -0.0010 -0.7445
vn -0.7043 -0.0015 -0.7099
vn -0.6927 -0.0017 -0.7212
vn -0.7163 -0.0020 -0.6978
vn -0.6927 -0.0017 -0.7212
vn -0.7043 -0.0015 -0.7099
vn -0.7306 -0.0009 -0.6828
vn -0.7163 -0.0020 -0.6978
vn -0.7043 -0.0015 -0.7099
vn -0.7306 -0.0009 -0.6828
vn -0.7043 -0.0015 -0.7099
vn -0.7094 -0.0114 -0.7048
vn -0.7094 -0.0114 -0.7048
vn -0.7425 -0.0001 -0.6698
vn -0.7306 -0.0009 -0.6828
vn -0.7624 -0.0001 -0.6471
vn -0.7306 -0.0009 -0.6828
vn -0.7425 -0.0001 -0.6698
vn -0.7425 -0.0001 -0.6698
vn -0.7691 0.0008 -0.6391
vn -0.7624 -0.0001 -0.6471
vn -0.7847 -0.0003 -0.6198
vn -0.7624 -0.0001 -0.6471
vn -0.7691 0.0008 -0.6391
vn -0.7691 0.0008 -0.6391
vn -0.7954 0.0012 -0.6061
vn -0.7847 -0.0003 -0.6198
vn -0.8101 -0.0004 -0.5863
vn -0.7847 -0.0003 -0.6198
vn -0.7954 0.0012 -0.6061
vn -0.7954 0.0012 -0.6061
vn -0.8164 0.0014 -0.5775
vn -0.8101 -0.0004 -0.5863
vn -0.8296 -0.0004 -0.5583
vn -0.8101 -0.0004 -0.5863
vn -0.8164 0.0014 -0.5775
vn -0.8164 0.0014 -0.5775
vn -0.8394 0.0015 -0.5436
vn -0.8296 -0.0004 -0.5583
vn -0.8506 -0.0001 -0.5258
vn -0.8296 -0.0004 -0.5583
vn -0.8394 0.0015 -0.5436
vn -0.8394 0.0015 -0.5436
vn -0.8556 0.0010 -0.5176
vn -0.8506 -0.0001 -0.5258
vn -0.8660 0.0001 -0.5000
vn -0.8506 -0.0001 -0.5258
vn -0.8556 0.0010 -0.5176
vn -0.8556 0.0010 -0.5176
vn -0.8826 0.0006 -0.4702
vn -0.8660 0.0001 -0.5000
vn -0.8909 0.0047 -0.4541
vn -0.8660 0.0001 -0.5000
vn -0.8826 0.0006 -0.4702
vn -0.8826 0.0006 -0.4702
vn -0.8996 0.0001 -0.4367
vn -0.8909 0.0047 -0.4541
vn -0.8996 0.0001 -0.4367
vn -0.8826 0.0006 -0.4702
vn -0.8892 0.0007 -0.4575
vn -0.8892 0.0007 -0.4575
vn -0.9119 -0.0004 -0.4104
vn -0.8996 0.0001 -0.4367
vn -0.9215 -0.0003 -0.3884
vn -0.8996 0.0001 -0.4367
vn -0.9119 -0.0004 -0.4104
vn -0.9119 -0.0004 -0.4104
vn -0.9258 -0.0011 -0.3779
vn -0.9215 -0.0003 -0.3884
vn -0.9422 -0.0006 -0.3351
vn -0.9215 -0.0003 -0.3884
vn -0.9258 -0.0011 -0.3779
vn -0.9258 -0.0011 -0.3779
vn -0.9337 -0.0047 -0.3579
vn -0.9422 -0.0006 -0.3351
vn -0.9422 -0.0006 -0.3351
vn -0.9337 -0.0047 -0.3579
vn -0.9502 0.0002 -0.3116
vn -0.9546 -0.0008 -0.2978
vn -0.9422 -0.0006 -0.3351
vn -0.9502 0.0002 -0.3116
vn -0.9502 0.0002 -0.3116
vn -0.9605 0.0004 -0.2782
vn -0.9546 -0.0008 -0.2978
vn -0.9679 -0.0006 -0.2512
vn -0.9546 -0.0008 -0.2978
vn -0.9605 0.0004 -0.2782
vn -0.9605 0.0004 -0.2782
vn -0.9708 0.0004 -0.2400
vn -0.9679 -0.0006 -0.2512
vn -0.9756 -0.0003 -0.2197
vn -0.9679 -0.0006 -0.2512
vn -0.9708 0.0004 -0.2400
vn -0.9708 0.0004 -0.2400
vn -0.9790 0.0003 -0.2038
vn -0.9756 -0.0003 -0.2197
vn -0.9837 0.0001 -0.1797
vn -0.9756 -0.0003 -0.2197
vn -0.9790 0.0003 -0.2038
vn -0.9790 0.0003 -0.2038
vn -0.9855 0.0001 -0.1696
vn -0.9837 0.0001 -0.1797
vn -0.9888 -0.0006 -0.1490
vn -0.9837 0.0001 -0.1797
vn -0.9855 0.0001 -0.1696
vn -0.9855 0.0001 -0.1696
vn -0.9893 -0.0003 -0.1462
vn -0.9888 -0.0006 -0.1490
vn -0.9919 -0.0023 -0.1267
vn -0.9899 -0.0168 -0.1409
vn -0.9905 0.0236 -0.1353
vn -0.9905 0.0236 -0.1353
vn -0.9933 0.0002 -0.1153
vn -0.9919 -0.0023 -0.1267
vn -0.9923 -0.0062 -0.1237
vn -0.9919 -0.0023 -0.1267
vn -0.9933 0.0002 -0.1153
vn -0.9933 0.0002 -0.1153
vn -0.9922 0.0006 -0.1249
vn -0.9923 -0.0062 -0.1237
vn -0.9922 0.0006 -0.1249
vn -0.9925 -0.0002 -0.1225
vn -0.9923 -0.0062 -0.1237
vn -0.9922 0.0006 -0.1249
vn -0.9927 0.0004 -0.1206
vn -0.9925 -0.0002 -0.1225
vn -0.9918 -0.0002 -0.1276
vn -0.9925 -0.0002 -0.1225
vn -0.9927 0.0004 -0.1206
vn -0.9927 0.0004 -0.1206
vn -0.9935 0.0000 -0.1141
vn -0.9918 -0.0002 -0.1276
vn -0.9944 -0.0317 -0.1010
vn -0.9918 -0.0002 -0.1276
vn -0.9935 0.0000 -0.1141
vn -0.9952 -0.0012 -0.0982
vn -0.9943 0.0001 -0.1062
vn -0.9956 0.0001 -0.0937
vn -0.9949 0.0244 -0.0977
vn -0.9956 0.0001 -0.0937
vn -0.9943 0.0001 -0.1062
vn -0.9935 0.0000 -0.1141
vn -0.9955 -0.0006 -0.0947
vn -0.9944 -0.0317 -0.1010
vn -0.9935 0.0000 -0.1141
vn -0.9934 0.0001 -0.1143
vn -0.9955 -0.0006 -0.0947
vn -0.9943 0.0001 -0.1062
vn -0.9955 -0.0006 -0.0947
vn -0.9934 0.0001 -0.1143
vn -0.9934 0.0001 -0.1143
vn -0.9949 0.0244 -0.0977
vn -0.9943 0.0001 -0.1062
vn -0.9962 -0.0006 -0.0875
vn -0.9958 -0.0004 -0.0911
vn -0.9961 0.0005 -0.0881
vn -0.9958 -0.0004 -0.0911
vn -0.9952 -0.0012 -0.0982
vn -0.9956 0.0001 -0.0937
vn -0.9956 0.0001 -0.0937
vn -0.9958 0.0001 -0.0916
vn -0.9958 -0.0004 -0.0911
vn -0.9958 0.0001 -0.0916
vn -0.9961 0.0005 -0.0881
vn -0.9958 -0.0004 -0.0911
vn -0.9972 -0.0006 -0.0746
vn -0.9970 -0.0001 -0.0780
vn -0.9981 0.0003 -0.0610
vn -0.9961 0.0005 -0.0881
vn -0.9965 -0.0004 -0.0838
vn -0.9962 -0.0006 -0.0875
vn -0.9961 0.0005 -0.0881
vn -0.9951 0.0003 -0.0989
vn -0.9965 -0.0004 -0.0838
vn -0.9970 -0.0001 -0.0780
vn -0.9965 -0.0004 -0.0838
vn -0.9951 0.0003 -0.0989
vn -0.9951 0.0003 -0.0989
vn -0.9973 0.0225 -0.0703
vn -0.9970 -0.0001 -0.0780
vn -0.9973 0.0225 -0.0703
vn -0.9981 0.0003 -0.0610
vn -0.9970 -0.0001 -0.0780
vn -0.9981 -0.0002 -0.0619
vn -0.9979 -0.0006 -0.0653
vn -0.9981 0.0002 -0.0623
vn -0.9981 0.0003 -0.0610
vn -0.9975 -0.0003 -0.0706
vn -0.9972 -0.0006 -0.0746
vn -0.9981 0.0003 -0.0610
vn -0.9975 0.0004 -0.0700
vn -0.9975 -0.0003 -0.0706
vn -0.9979 -0.0006 -0.0653
vn -0.9975 -0.0003 -0.0706
vn -0.9975 0.0004 -0.0700
vn -0.9975 0.0004 -0.0700
vn -0.9978 0.0004 -0.0661
vn -0.9979 -0.0006 -0.0653
vn -0.9978 0.0004 -0.0661
vn -0.9981 0.0002 -0.0623
vn -0.9979 -0.0006 -0.0653
vn -0.9992 0.0000 -0.0396
vn -0.9989 -0.0164 -0.0442
vn -0.9983 -0.0000 -0.0588
vn -0.9979 0.0505 -0.0406
vn -0.9992 0.0000 -0.0396
vn -0.9983 -0.0000 -0.0588
vn -0.9981 0.0002 -0.0623
vn -0.9983 -0.0002 -0.0585
vn -0.9981 -0.0002 -0.0619
vn -0.9981 0.0002 -0.0623
vn -0.9980 0.0004 -0.0632
vn -0.9983 -0.0002 -0.0585
vn -0.9983 -0.0000 -0.0588
vn -0.9983 -0.0002 -0.0585
vn -0.9980 0.0004 -0.0632
vn -0.9980 0.0004 -0.0632
vn -0.9979 0.0505 -0.0406
vn -0.9983 -0.0000 -0.0588
vn -0.9995 -0.0002 -0.0323
vn -0.9989 -0.0164 -0.0442
vn -0.9992 0.0000 -0.0396
vn -0.9992 0.0000 -0.0396
vn -0.9993 0.0004 -0.0371
vn -0.9995 -0.0002 -0.0323
vn -0.9993 0.0004 -0.0371
vn -0.9993 -0.0005 -0.0363
vn -0.9995 -0.0002 -0.0323
vn -0.9993 0.0004 -0.0371
vn -0.9994 -0.0001 -0.0338
vn -0.9993 -0.0005 -0.0363
vn -0.9993 0.0004 -0.0371
vn -0.9995 0.0003 -0.0312
vn -0.9994 -0.0001 -0.0338
vn -0.9994 -0.0001 -0.0359
vn -0.9994 -0.0001 -0.0338
vn -0.9995 0.0003 -0.0312
vn -0.9995 0.0003 -0.0312
vn -0.9997 0.0001 -0.0239
vn -0.9994 -0.0001 -0.0359
vn -0.9997 0.0001 -0.0239
vn -0.9995 -0.0236 -0.0194
vn -0.9994 -0.0001 -0.0359
vn -1.0000 0.0017 0.0011
vn -1.0000 -0.0018 0.0024
vn -1.0000 -0.0001 -0.0047
vn -1.0000 0.0000 -0.0025
vn -1.0000 0.0017 0.0011
vn -1.0000 -0.0001 -0.0047
vn -0.9997 0.0001 -0.0239
vn -0.9998 -0.0001 -0.0177
vn -0.9995 -0.0236 -0.0194
vn -0.9997 0.0001 -0.0239
vn -0.9998 0.0001 -0.0178
vn -0.9998 -0.0001 -0.0177
vn -0.9999 -0.0001 -0.0142
vn -0.9998 -0.0001 -0.0177
vn -0.9998 0.0001 -0.0178
vn -0.9998 0.0001 -0.0178
vn -0.9999 0.0001 -0.0120
vn -0.9999 -0.0001 -0.0142
vn -0.9999 0.0001 -0.0120
vn -0.9999 -0.0001 -0.0104
vn -0.9999 -0.0001 -0.0142
vn -0.9999 0.0001 -0.0120
vn -1.0000 0.0000 -0.0061
vn -0.9999 -0.0001 -0.0104
vn -1.0000 -0.0001 -0.0047
vn -0.9999 -0.0001 -0.0104
vn -1.0000 0.0000 -0.0061
vn -1.0000 0.0000 -0.0061
vn -1.0000 0.0000 -0.0025
vn -1.0000 -0.0001 -0.0047
vn -0.9899 -0.0168 -0.1409
vn -0.9919 -0.0023 -0.1267
vn -0.9647 -0.2561 -0.0621
vn -0.9094 -0.4038 -0.0995
vn -0.9411 -0.3119 -0.1307
vn -0.9372 -0.3399 -0.0779
vn -0.9899 -0.0168 -0.1409
vn -0.9647 -0.2561 -0.0621
vn -0.9372 -0.3399 -0.0779
vn -0.9899 -0.0168 -0.1409
vn -0.9411 -0.3119 -0.1307
vn -0.8921 -0.1539 -0.4247
vn -0.9411 -0.3119 -0.1307
vn -0.9899 -0.0168 -0.1409
vn -0.9372 -0.3399 -0.0779
vn -0.5456 -0.7875 -0.2867
vn -0.8006 -0.4779 -0.3613
vn -0.9094 -0.4038 -0.0995
vn -0.8006 -0.4779 -0.3613
vn -0.9411 -0.3119 -0.1307
vn -0.9094 -0.4038 -0.0995
vn -0.4970 -0.5945 -0.6321
vn -0.8006 -0.4779 -0.3613
vn -0.5456 -0.7875 -0.2867
vn -0.0212 -0.0349 -0.9992
vn -0.0214 -0.0147 -0.9997
vn -0.3266 -0.0803 -0.9417
vn -0.9837 0.0001 -0.1797
vn -0.9888 -0.0006 -0.1490
vn -0.9673 -0.0140 -0.2532
vn -0.9673 -0.0140 -0.2532
vn -0.9546 -0.0008 -0.2978
vn -0.9679 -0.0006 -0.2512
vn -0.9673 -0.0140 -0.2532
vn -0.9679 -0.0006 -0.2512
vn -0.9756 -0.0003 -0.2197
vn -0.9673 -0.0140 -0.2532
vn -0.9756 -0.0003 -0.2197
vn -0.9837 0.0001 -0.1797
vn -0.9215 -0.0003 -0.3884
vn -0.9422 -0.0006 -0.3351
vn -0.9673 -0.0140 -0.2532
vn -0.9673 -0.0140 -0.2532
vn -0.9422 -0.0006 -0.3351
vn -0.9546 -0.0008 -0.2978
vn -0.8467 0.0902 -0.5243
vn -0.8660 0.0001 -0.5000
vn -0.8909 0.0047 -0.4541
vn -0.8909 0.0047 -0.4541
vn -0.9673 -0.0140 -0.2532
vn -0.8467 0.0902 -0.5243
vn -0.9673 -0.0140 -0.2532
vn -0.8909 0.0047 -0.4541
vn -0.8996 0.0001 -0.4367
vn -0.9673 -0.0140 -0.2532
vn -0.8996 0.0001 -0.4367
vn -0.9215 -0.0003 -0.3884
vn -0.8101 -0.0004 -0.5863
vn -0.8296 -0.0004 -0.5583
vn -0.8467 0.0902 -0.5243
vn -0.8296 -0.0004 -0.5583
vn -0.8506 -0.0001 -0.5258
vn -0.8467 0.0902 -0.5243
vn -0.8467 0.0902 -0.5243
vn -0.8506 -0.0001 -0.5258
vn -0.8660 0.0001 -0.5000
vn -0.8467 0.0902 -0.5243
vn -0.7847 -0.0003 -0.6198
vn -0.8101 -0.0004 -0.5863
vn -0.5946 -0.1469 -0.7905
vn -0.6261 -0.0019 -0.7797
vn -0.6584 -0.0016 -0.7526
vn -0.5946 -0.1469 -0.7905
vn -0.6584 -0.0016 -0.7526
vn -0.6927 -0.0017 -0.7212
vn -0.5946 -0.1469 -0.7905
vn -0.6927 -0.0017 -0.7212
vn -0.7163 -0.0020 -0.6978
vn -0.5946 -0.1469 -0.7905
vn -0.7163 -0.0020 -0.6978
vn -0.7306 -0.0009 -0.6828
vn -0.8467 0.0902 -0.5243
vn -0.5946 -0.1469 -0.7905
vn -0.7306 -0.0009 -0.6828
vn -0.7306 -0.0009 -0.6828
vn -0.7624 -0.0001 -0.6471
vn -0.8467 0.0902 -0.5243
vn -0.8467 0.0902 -0.5243
vn -0.7624 -0.0001 -0.6471
vn -0.7847 -0.0003 -0.6198
vn -0.5380 -0.0008 -0.8429
vn -0.5630 -0.0008 -0.8265
vn -0.5946 -0.1469 -0.7905
vn -0.5630 -0.0008 -0.8265
vn -0.6004 -0.0013 -0.7997
vn -0.5946 -0.1469 -0.7905
vn -0.5946 -0.1469 -0.7905
vn -0.6004 -0.0013 -0.7997
vn -0.6261 -0.0019 -0.7797
vn -0.3266 -0.0803 -0.9417
vn -0.4269 0.0001 -0.9043
vn -0.4738 0.0016 -0.8806
vn -0.3266 -0.0803 -0.9417
vn -0.4738 0.0016 -0.8806
vn -0.4966 0.0037 -0.8680
vn -0.4966 0.0037 -0.8680
vn -0.5946 -0.1469 -0.7905
vn -0.3266 -0.0803 -0.9417
vn -0.5946 -0.1469 -0.7905
vn -0.4966 0.0037 -0.8680
vn -0.5380 -0.0008 -0.8429
vn -0.3374 -0.0017 -0.9413
vn -0.3586 -0.0007 -0.9335
vn -0.3266 -0.0803 -0.9417
vn -0.3586 -0.0007 -0.9335
vn -0.4072 -0.0005 -0.9133
vn -0.3266 -0.0803 -0.9417
vn -0.3266 -0.0803 -0.9417
vn -0.4072 -0.0005 -0.9133
vn -0.4269 0.0001 -0.9043
vn -0.3266 -0.0803 -0.9417
vn -0.2167 -0.0016 -0.9762
vn -0.2660 -0.0021 -0.9640
vn -0.3266 -0.0803 -0.9417
vn -0.2660 -0.0021 -0.9640
vn -0.2970 -0.0016 -0.9549
vn -0.3266 -0.0803 -0.9417
vn -0.2970 -0.0016 -0.9549
vn -0.3374 -0.0017 -0.9413
vn -0.1243 -0.0012 -0.9922
vn -0.1355 -0.0006 -0.9908
vn -0.3266 -0.0803 -0.9417
vn -0.1355 -0.0006 -0.9908
vn -0.1917 -0.0018 -0.9814
vn -0.3266 -0.0803 -0.9417
vn -0.3266 -0.0803 -0.9417
vn -0.1917 -0.0018 -0.9814
vn -0.2167 -0.0016 -0.9762
vn -0.3266 -0.0803 -0.9417
vn -0.0791 -0.0002 -0.9969
vn -0.1243 -0.0012 -0.9922
vn -0.3266 -0.0803 -0.9417
vn -0.0498 0.0008 -0.9988
vn -0.0791 -0.0002 -0.9969
vn -0.0498 0.0008 -0.9988
vn -0.3266 -0.0803 -0.9417
vn -0.0214 -0.0147 -0.9997
vn -0.0214 -0.0147 -0.9997
vn -0.0173 -0.0004 -0.9998
vn -0.0498 0.0008 -0.9988
vn -0.0233 -0.0595 -0.9980
vn -0.0212 -0.0349 -0.9992
vn -0.3266 -0.0803 -0.9417
vn -0.0256 -0.1041 -0.9942
vn -0.0223 -0.0804 -0.9965
vn -0.3266 -0.0803 -0.9417
vn -0.3266 -0.0803 -0.9417
vn -0.0223 -0.0804 -0.9965
vn -0.0233 -0.0595 -0.9980
vn 0.9871 -0.0423 -0.1545
vn 0.9871 -0.0423 -0.1545
vn 0.9871 -0.0423 -0.1545
vn -0.3266 -0.0803 -0.9417
vn -0.0230 -0.1696 -0.9852
vn -0.0256 -0.1472 -0.9888
vn -0.2480 -0.2027 -0.9473
vn 0.1762 -0.1973 -0.9644
vn -0.0291 -0.2849 -0.9581
vn -0.2480 -0.2027 -0.9473
vn -0.0232 -0.3187 -0.9476
vn -0.0263 -0.3035 -0.9525
vn -0.0229 -0.3849 -0.9227
vn -0.0237 -0.3599 -0.9327
vn -0.2480 -0.2027 -0.9473
vn -0.2480 -0.2027 -0.9473
vn -0.0237 -0.3599 -0.9327
vn -0.0254 -0.3447 -0.9384
vn -0.2480 -0.2027 -0.9473
vn -0.0186 -0.4103 -0.9118
vn -0.0229 -0.3849 -0.9227
vn -0.0254 -0.5066 -0.8618
vn -0.0255 -0.5214 -0.8529
vn -0.3043 -0.4479 -0.8407
vn -0.3043 -0.4479 -0.8407
vn -0.0247 -0.5247 -0.8509
vn -0.0254 -0.5066 -0.8618
vn -0.4970 -0.5945 -0.6321
vn -0.0320 -0.5809 -0.8134
vn -0.0282 -0.5629 -0.8260
vn -0.1008 -0.7052 -0.7018
vn -0.0252 -0.6474 -0.7618
vn -0.0246 -0.6352 -0.7720
vn -0.0408 -0.6153 -0.7872
vn -0.1008 -0.7052 -0.7018
vn -0.0246 -0.6352 -0.7720
vn -0.0267 -0.6713 -0.7407
vn -0.0252 -0.6474 -0.7618
vn -0.1008 -0.7052 -0.7018
vn -0.0257 -0.6486 -0.7607
vn -0.0267 -0.6713 -0.7407
vn -0.1008 -0.7052 -0.7018
vn -0.1008 -0.7052 -0.7018
vn -0.0256 -0.7349 -0.6776
vn -0.0252 -0.7307 -0.6822
vn -0.0749 -0.7392 -0.6693
vn -0.1008 -0.7052 -0.7018
vn -0.5456 -0.7875 -0.2867
vn -0.1008 -0.7052 -0.7018
vn -0.0749 -0.7392 -0.6693
vn -0.0246 -0.7453 -0.6663
vn -0.1008 -0.7052 -0.7018
vn -0.0246 -0.7453 -0.6663
vn -0.0256 -0.7349 -0.6776
vn -0.0586 -0.7865 -0.6148
vn -0.0450 -0.7726 -0.6333
vn -0.5456 -0.7875 -0.2867
vn -0.5456 -0.7875 -0.2867
vn -0.0450 -0.7726 -0.6333
vn -0.0749 -0.7392 -0.6693
vn -0.1045 -0.8246 -0.5559
vn -0.5456 -0.7875 -0.2867
vn -0.1453 -0.8595 -0.4901
vn -0.1045 -0.8246 -0.5559
vn -0.0476 -0.8001 -0.5979
vn -0.5456 -0.7875 -0.2867
vn -0.5456 -0.7875 -0.2867
vn -0.0476 -0.8001 -0.5979
vn -0.0586 -0.7865 -0.6148
vn -0.0248 -0.8431 -0.5372
vn -0.0243 -0.8299 -0.5574
vn -0.1453 -0.8595 -0.4901
vn -0.1453 -0.8595 -0.4901
vn -0.0243 -0.8299 -0.5574
vn -0.1045 -0.8246 -0.5559
vn -0.0249 -0.8429 -0.5375
vn -0.0248 -0.8431 -0.5372
vn -0.1453 -0.8595 -0.4901
vn -0.0236 -0.8886 -0.4581
vn -0.0240 -0.8834 -0.4681
vn -0.1453 -0.8595 -0.4901
vn -0.1453 -0.8595 -0.4901
vn -0.1490 -0.9010 -0.4075
vn -0.0236 -0.8886 -0.4581
vn -0.1490 -0.9010 -0.4075
vn -0.0244 -0.8981 -0.4391
vn -0.0236 -0.8886 -0.4581
vn -0.1490 -0.9010 -0.4075
vn -0.0239 -0.8941 -0.4472
vn -0.0244 -0.8981 -0.4391
vn -0.0229 -0.9361 -0.3509
vn -0.0236 -0.9335 -0.3578
vn -0.1490 -0.9010 -0.4075
vn -0.0229 -0.9361 -0.3509
vn -0.1490 -0.9010 -0.4075
vn -0.0917 -0.9677 -0.2347
vn -0.0917 -0.9677 -0.2347
vn -0.0218 -0.9400 -0.3406
vn -0.0229 -0.9361 -0.3509
vn -0.0223 -0.9501 -0.3113
vn -0.0218 -0.9400 -0.3406
vn -0.0917 -0.9677 -0.2347
vn -0.0223 -0.9502 -0.3107
vn -0.0223 -0.9501 -0.3113
vn -0.0917 -0.9677 -0.2347
vn -0.0917 -0.9677 -0.2347
vn -0.0280 -0.9508 -0.3084
vn -0.0223 -0.9748 -0.2222
vn -0.0449 -0.9966 -0.0686
vn -0.0280 -0.9508 -0.3084
vn -0.0917 -0.9677 -0.2347
vn -0.0290 -0.9901 -0.1374
vn -0.0253 -0.9995 -0.0178
vn -0.0449 -0.9966 -0.0686
vn -0.0449 -0.9966 -0.0686
vn -0.0242 -0.9924 -0.1205
vn -0.0290 -0.9901 -0.1374
vn -0.0241 -0.9958 -0.0886
vn -0.0242 -0.9924 -0.1205
vn -0.0449 -0.9966 -0.0686
vn -0.0449 -0.9966 -0.0686
vn -0.0232 -0.9978 -0.0629
vn -0.0241 -0.9958 -0.0886
vn -0.0205 -0.9992 -0.0356
vn -0.0232 -0.9978 -0.0629
vn -0.0449 -0.9966 -0.0686
vn -0.4970 -0.5945 -0.6321
vn -0.5456 -0.7875 -0.2867
vn -0.1008 -0.7052 -0.7018
vn -0.1008 -0.7052 -0.7018
vn -0.0408 -0.6153 -0.7872
vn -0.4970 -0.5945 -0.6321
vn -0.8921 -0.1539 -0.4247
vn -0.5946 -0.1469 -0.7905
vn -0.9673 -0.0140 -0.2532
vn -0.0256 -0.1041 -0.9942
vn -0.3266 -0.0803 -0.9417
vn -0.0256 -0.1472 -0.9888
vn -0.2480 -0.2027 -0.9473
vn -0.3266 -0.0803 -0.9417
vn -0.5946 -0.1469 -0.7905
vn -0.8369 0.4786 -0.2655
vn -0.8467 0.0902 -0.5243
vn -0.9673 -0.0140 -0.2532
vn -0.8921 -0.1539 -0.4247
vn -0.2480 -0.2027 -0.9473
vn -0.5946 -0.1469 -0.7905
vn -0.0237 -0.1848 -0.9825
vn -0.2480 -0.2027 -0.9473
vn -0.0291 -0.2849 -0.9581
vn -0.0263 -0.3035 -0.9525
vn -0.0267 -0.3665 -0.9300
vn -0.2480 -0.2027 -0.9473
vn -0.2480 -0.2027 -0.9473
vn -0.0254 -0.3447 -0.9384
vn -0.0232 -0.3187 -0.9476
vn -0.0230 -0.1696 -0.9852
vn -0.3266 -0.0803 -0.9417
vn -0.0237 -0.1848 -0.9825
vn -0.3266 -0.0803 -0.9417
vn -0.2480 -0.2027 -0.9473
vn -0.0237 -0.1848 -0.9825
vn -0.0222 -0.4216 -0.9065
vn -0.2480 -0.2027 -0.9473
vn -0.3043 -0.4479 -0.8407
vn -0.2480 -0.2027 -0.9473
vn -0.0222 -0.4216 -0.9065
vn -0.0186 -0.4103 -0.9118
vn -0.3043 -0.4479 -0.8407
vn -0.2480 -0.2027 -0.9473
vn -0.8921 -0.1539 -0.4247
vn -0.9411 -0.3119 -0.1307
vn -0.8006 -0.4779 -0.3613
vn -0.8921 -0.1539 -0.4247
vn -0.3043 -0.4479 -0.8407
vn -0.4970 -0.5945 -0.6321
vn -0.0338 -0.5389 -0.8417
vn -0.0338 -0.5389 -0.8417
vn -0.0247 -0.5247 -0.8509
vn -0.3043 -0.4479 -0.8407
vn -0.4970 -0.5945 -0.6321
vn -0.3043 -0.4479 -0.8407
vn -0.8921 -0.1539 -0.4247
vn -0.4970 -0.5945 -0.6321
vn -0.0282 -0.5629 -0.8260
vn -0.0338 -0.5389 -0.8417
vn -0.0350 -0.5981 -0.8007
vn -0.4970 -0.5945 -0.6321
vn -0.0408 -0.6153 -0.7872
vn -0.4970 -0.5945 -0.6321
vn -0.0350 -0.5981 -0.8007
vn -0.0320 -0.5809 -0.8134
vn -0.8921 -0.1539 -0.4247
vn -0.8006 -0.4779 -0.3613
vn -0.4970 -0.5945 -0.6321
vn -0.9998 -0.0001 -0.0177
vn -0.9999 -0.0001 -0.0142
vn -0.9985 -0.0554 -0.0013
vn -0.9999 -0.0001 -0.0104
vn -1.0000 -0.0001 -0.0047
vn -0.9985 -0.0554 -0.0013
vn -0.9985 -0.0554 -0.0013
vn -1.0000 -0.0001 -0.0047
vn -1.0000 -0.0018 0.0024
vn -0.9989 -0.0164 -0.0442
vn -0.9995 -0.0002 -0.0323
vn -0.9993 -0.0005 -0.0363
vn -0.9989 -0.0164 -0.0442
vn -0.9983 -0.0002 -0.0585
vn -0.9983 -0.0000 -0.0588
vn -0.9975 -0.0003 -0.0706
vn -0.9979 -0.0006 -0.0653
vn -0.9931 -0.1074 -0.0475
vn -0.9989 -0.0164 -0.0442
vn -0.9931 -0.1074 -0.0475
vn -0.9979 -0.0006 -0.0653
vn -0.9979 -0.0006 -0.0653
vn -0.9981 -0.0002 -0.0619
vn -0.9989 -0.0164 -0.0442
vn -0.9981 -0.0002 -0.0619
vn -0.9983 -0.0002 -0.0585
vn -0.9989 -0.0164 -0.0442
vn -0.9970 -0.0001 -0.0780
vn -0.9972 -0.0006 -0.0746
vn -0.9931 -0.1074 -0.0475
vn -0.9931 -0.1074 -0.0475
vn -0.9972 -0.0006 -0.0746
vn -0.9975 -0.0003 -0.0706
vn -0.9952 -0.0012 -0.0982
vn -0.9955 -0.0006 -0.0947
vn -0.9943 0.0001 -0.1062
vn -0.9944 -0.0317 -0.1010
vn -0.9955 -0.0006 -0.0947
vn -0.9952 -0.0012 -0.0982
vn -0.9925 -0.0002 -0.1225
vn -0.9918 -0.0002 -0.1276
vn -0.9944 -0.0317 -0.1010
vn -0.9944 -0.0317 -0.1010
vn -0.9923 -0.0062 -0.1237
vn -0.9925 -0.0002 -0.1225
vn -0.9647 -0.2561 -0.0621
vn -0.9919 -0.0023 -0.1267
vn -0.9923 -0.0062 -0.1237
vn -0.9923 -0.0062 -0.1237
vn -0.9944 -0.0317 -0.1010
vn -0.9647 -0.2561 -0.0621
vn -0.9958 -0.0004 -0.0911
vn -0.9931 -0.1074 -0.0475
vn -0.9952 -0.0012 -0.0982
vn -0.9931 -0.1074 -0.0475
vn -0.9958 -0.0004 -0.0911
vn -0.9962 -0.0006 -0.0875
vn -0.9962 -0.0006 -0.0875
vn -0.9965 -0.0004 -0.0838
vn -0.9931 -0.1074 -0.0475
vn -0.9931 -0.1074 -0.0475
vn -0.9965 -0.0004 -0.0838
vn -0.9970 -0.0001 -0.0780
vn -0.9944 -0.0317 -0.1010
vn -0.9952 -0.0012 -0.0982
vn -0.9931 -0.1074 -0.0475
vn -0.9995 -0.0236 -0.0194
vn -0.9760 -0.2170 -0.0168
vn -0.9989 -0.0164 -0.0442
vn -0.9994 -0.0001 -0.0338
vn -0.9994 -0.0001 -0.0359
vn -0.9995 -0.0236 -0.0194
vn -0.9995 -0.0236 -0.0194
vn -0.9998 -0.0001 -0.0177
vn -0.9985 -0.0554 -0.0013
vn -0.9993 -0.0005 -0.0363
vn -0.9995 -0.0236 -0.0194
vn -0.9989 -0.0164 -0.0442
vn -0.9993 -0.0005 -0.0363
vn -0.9994 -0.0001 -0.0338
vn -0.9995 -0.0236 -0.0194
vn -0.9985 -0.0554 -0.0013
vn -0.9999 -0.0001 -0.0142
vn -0.9999 -0.0001 -0.0104
vn -0.9931 -0.1074 -0.0475
vn -0.9989 -0.0164 -0.0442
vn -0.9760 -0.2170 -0.0168
vn -0.9760 -0.2170 -0.0168
vn -0.9647 -0.2561 -0.0621
vn -0.9944 -0.0317 -0.1010
vn -0.9760 -0.2170 -0.0168
vn -0.9944 -0.0317 -0.1010
vn -0.9931 -0.1074 -0.0475
vn -0.9985 -0.0554 -0.0013
vn -1.0000 -0.0018 0.0024
vn -1.0000 -0.0007 -0.0010
vn -0.9985 -0.0554 -0.0013
vn -1.0000 -0.0007 -0.0010
vn -0.9943 -0.1070 -0.0004
vn -0.9995 -0.0236 -0.0194
vn -0.9985 -0.0554 -0.0013
vn -0.9943 -0.1070 -0.0004
vn -0.9760 -0.2170 -0.0168
vn -0.9995 -0.0236 -0.0194
vn -0.9943 -0.1070 -0.0004
vn -0.9760 -0.2170 -0.0168
vn -0.9943 -0.1070 -0.0004
vn -0.9695 -0.2451 -0.0069
vn -0.9647 -0.2561 -0.0621
vn -0.9760 -0.2170 -0.0168
vn -0.9695 -0.2451 -0.0069
vn -0.0504 -0.9985 0.0231
vn -0.0205 -0.9992 -0.0356
vn -0.0449 -0.9966 -0.0686
vn -0.1490 -0.9010 -0.4075
vn -0.1453 -0.8595 -0.4901
vn -0.5456 -0.7875 -0.2867
vn -0.1490 -0.9010 -0.4075
vn -0.5456 -0.7875 -0.2867
vn -0.0917 -0.9677 -0.2347
vn -0.5456 -0.7875 -0.2867
vn -0.0449 -0.9966 -0.0686
vn -0.0917 -0.9677 -0.2347
vn -0.9372 -0.3399 -0.0779
vn -0.9647 -0.2561 -0.0621
vn -0.9695 -0.2451 -0.0069
vn -0.9372 -0.3399 -0.0779
vn -0.9975 0.0237 -0.0665
vn -0.9094 -0.4038 -0.0995
vn -0.9653 -0.2318 -0.1201
vn -0.5456 -0.7875 -0.2867
vn -0.9094 -0.4038 -0.0995
vn -0.4865 -0.8645 -0.1261
vn -0.5969 -0.7779 -0.1965
vn -0.5555 -0.8110 -0.1836
vn -0.8543 -0.4780 -0.2041
vn -0.8489 -0.4512 -0.2754
vn -0.7866 -0.5725 -0.2312
vn -0.9535 -0.0233 -0.3004
vn -0.9493 -0.0414 -0.3117
vn -0.9459 -0.0957 -0.3100
vn -0.9493 -0.0414 -0.3117
vn -0.9535 -0.0233 -0.3004
vn -0.9503 -0.0002 -0.3114
vn -0.9695 -0.2451 -0.0069
vn -0.9943 -0.1070 -0.0004
vn -1.0000 -0.0007 -0.0010
vn -0.2536 -0.9664 -0.0411
vn -0.4865 -0.8645 -0.1261
vn -0.4195 -0.8969 -0.1399
vn -0.4195 -0.8969 -0.1399
vn -0.4726 -0.8680 -0.1526
vn -0.2536 -0.9664 -0.0411
vn 0.2651 -0.9611 -0.0773
vn -0.0449 -0.9966 -0.0686
vn 0.2651 -0.9611 -0.0773
vn -0.5555 -0.8110 -0.1836
vn -0.4195 -0.8969 -0.1399
vn -0.4865 -0.8645 -0.1261
vn -0.4865 -0.8645 -0.1261
vn -0.6477 -0.7324 -0.2101
vn -0.5969 -0.7779 -0.1965
vn -0.6477 -0.7324 -0.2101
vn -0.4865 -0.8645 -0.1261
vn -0.6889 -0.6902 -0.2217
vn -0.7177 -0.6585 -0.2265
vn -0.6889 -0.6902 -0.2217
vn -0.4865 -0.8645 -0.1261
vn -0.9479 -0.2693 -0.1703
vn -0.6411 -0.7533 -0.1468
vn -0.5456 -0.7875 -0.2867
vn -0.6411 -0.7533 -0.1468
vn -0.9182 -0.3362 -0.2095
vn -0.4865 -0.8645 -0.1261
vn -0.7589 -0.6058 -0.2390
vn -0.7177 -0.6585 -0.2265
vn -0.4865 -0.8645 -0.1261
vn -0.9479 -0.2693 -0.1703
vn -0.5456 -0.7875 -0.2867
vn -0.9653 -0.2318 -0.1201
vn -0.9594 -0.1291 -0.2508
vn -0.4865 -0.8645 -0.1261
vn -0.9182 -0.3362 -0.2095
vn -0.8543 -0.4780 -0.2041
vn -0.4865 -0.8645 -0.1261
vn -0.9594 -0.1291 -0.2508
vn -0.7999 -0.5469 -0.2471
vn -0.7589 -0.6058 -0.2390
vn -0.4865 -0.8645 -0.1261
vn -0.6411 -0.7533 -0.1468
vn -0.9479 -0.2693 -0.1703
vn -0.9182 -0.3362 -0.2095
vn -0.4865 -0.8645 -0.1261
vn -0.8543 -0.4780 -0.2041
vn -0.7866 -0.5725 -0.2312
vn -0.7866 -0.5725 -0.2312
vn -0.7999 -0.5469 -0.2471
vn -0.4865 -0.8645 -0.1261
vn -0.9975 0.0237 -0.0665
vn -0.9372 -0.3399 -0.0779
vn -0.9695 -0.2451 -0.0069
vn -0.8753 -0.3908 -0.2849
vn -0.8489 -0.4512 -0.2754
vn -0.8543 -0.4780 -0.2041
vn -0.8984 -0.3273 -0.2927
vn -0.8753 -0.3908 -0.2849
vn -0.8543 -0.4780 -0.2041
vn -0.9094 -0.4038 -0.0995
vn -0.9975 0.0237 -0.0665
vn -0.9653 -0.2318 -0.1201
vn -0.8543 -0.4780 -0.2041
vn -0.9319 -0.2097 -0.2959
vn -0.9174 -0.2631 -0.2986
vn -0.9174 -0.2631 -0.2986
vn -0.8984 -0.3273 -0.2927
vn -0.8543 -0.4780 -0.2041
vn -0.9479 -0.2693 -0.1703
vn -0.9653 -0.2318 -0.1201
vn -0.9839 0.0003 -0.1785
vn -0.9319 -0.2097 -0.2959
vn -0.9535 -0.0233 -0.3004
vn -0.9385 -0.1587 -0.3065
vn -0.8543 -0.4780 -0.2041
vn -0.9594 -0.1291 -0.2508
vn -0.9535 -0.0233 -0.3004
vn -0.9535 -0.0233 -0.3004
vn -0.9319 -0.2097 -0.2959
vn -0.8543 -0.4780 -0.2041
vn -0.9459 -0.0957 -0.3100
vn -0.9385 -0.1587 -0.3065
vn -0.9535 -0.0233 -0.3004
vn -0.0156 -0.0042 -0.9999
vn -0.0156 -0.0003 -0.9999
vn -0.0173 -0.0004 -0.9998
vn -0.0175 -0.0003 -0.9998
vn -0.0135 -0.0006 -0.9999
vn -0.0180 -0.0015 -0.9998
vn -0.0173 -0.0004 -0.9998
vn -0.0175 -0.0003 -0.9998
vn -0.0180 -0.0015 -0.9998
vn -0.0180 -0.0015 -0.9998
vn -0.0173 -0.0024 -0.9998
vn -0.0173 -0.0004 -0.9998
vn -0.0173 -0.0024 -0.9998
vn -0.0156 -0.0042 -0.9999
vn -0.0173 -0.0004 -0.9998
vn -0.0104 0.0904 -0.9959
vn -0.0127 -0.0216 -0.9997
vn -0.1683 -0.0212 -0.9855
vn -0.0654 -0.0002 -0.9979
vn -0.0156 -0.0003 -0.9999
vn -0.0590 -0.0232 -0.9980
vn -0.0590 -0.0232 -0.9980
vn -0.1228 -0.0004 -0.9924
vn -0.1013 -0.0001 -0.9949
vn -0.0590 -0.0232 -0.9980
vn -0.1562 -0.0049 -0.9877
vn -0.1228 -0.0004 -0.9924
vn -0.1683 -0.0212 -0.9855
vn -0.2107 -0.0008 -0.9775
vn -0.1956 -0.0006 -0.9807
vn -0.1683 -0.0212 -0.9855
vn -0.2379 -0.0004 -0.9713
vn -0.2107 -0.0008 -0.9775
vn -0.1683 -0.0212 -0.9855
vn -0.2716 -0.0001 -0.9624
vn -0.2379 -0.0004 -0.9713
vn -0.1683 -0.0212 -0.9855
vn -0.2811 -0.0001 -0.9597
vn -0.2716 -0.0001 -0.9624
vn -0.3416 -0.0001 -0.9398
vn -0.3144 -0.0000 -0.9493
vn -0.1683 -0.0212 -0.9855
vn -0.4086 -0.0004 -0.9127
vn -0.3765 -0.0005 -0.9264
vn -0.1683 -0.0212 -0.9855
vn -0.1683 -0.0212 -0.9855
vn -0.3765 -0.0005 -0.9264
vn -0.3495 -0.0003 -0.9369
vn -0.1683 -0.0212 -0.9855
vn -0.4182 -0.0014 -0.9084
vn -0.4086 -0.0004 -0.9127
vn -0.1683 -0.0212 -0.9855
vn -0.4466 -0.0011 -0.8947
vn -0.4182 -0.0014 -0.9084
vn -0.4756 -0.0011 -0.8797
vn -0.4466 -0.0011 -0.8947
vn -0.1683 -0.0212 -0.9855
vn -0.4723 -0.0029 -0.8814
vn -0.4756 -0.0011 -0.8797
vn -0.1683 -0.0212 -0.9855
vn -0.1683 -0.0212 -0.9855
vn -0.5037 0.0082 -0.8639
vn -0.4723 -0.0029 -0.8814
vn -0.1683 -0.0212 -0.9855
vn -0.0127 -0.0216 -0.9997
vn -0.0111 0.0025 -0.9999
vn -0.0590 -0.0232 -0.9980
vn -0.0111 -0.1329 -0.9911
vn -0.1683 -0.0212 -0.9855
vn -0.1683 -0.0212 -0.9855
vn -0.0111 -0.1329 -0.9911
vn -0.0105 -0.1663 -0.9860
vn -0.1562 -0.0049 -0.9877
vn -0.0590 -0.0232 -0.9980
vn -0.1683 -0.0212 -0.9855
vn -0.1956 -0.0006 -0.9807
vn -0.1562 -0.0049 -0.9877
vn -0.1683 -0.0212 -0.9855
vn -0.1683 -0.0212 -0.9855
vn -0.3495 -0.0003 -0.9369
vn -0.3416 -0.0001 -0.9398
vn -0.3144 -0.0000 -0.9493
vn -0.2811 -0.0001 -0.9597
vn -0.1683 -0.0212 -0.9855
vn 0.0609 -0.0105 -0.9981
vn 0.0875 -0.0140 -0.9961
vn -0.0106 -0.1687 -0.9856
vn 0.0200 -0.0024 -0.9998
vn 0.0334 -0.0018 -0.9994
vn -0.0137 -0.1001 -0.9949
vn -0.0137 -0.1001 -0.9949
vn -0.0135 -0.0006 -0.9999
vn 0.0200 -0.0024 -0.9998
vn -0.0180 -0.0015 -0.9998
vn -0.0135 -0.0006 -0.9999
vn -0.0137 -0.1001 -0.9949
vn -0.0590 -0.0232 -0.9980
vn -0.0156 -0.0003 -0.9999
vn -0.0156 -0.0042 -0.9999
vn -0.0156 -0.0042 -0.9999
vn -0.0173 -0.0024 -0.9998
vn -0.0101 -0.1616 -0.9868
vn -0.0101 -0.1616 -0.9868
vn -0.0091 -0.1520 -0.9883
vn -0.0156 -0.0042 -0.9999
vn -0.0180 -0.0015 -0.9998
vn -0.0106 -0.1687 -0.9856
vn -0.0101 -0.1616 -0.9868
vn -0.0101 -0.1616 -0.9868
vn -0.0173 -0.0024 -0.9998
vn -0.0180 -0.0015 -0.9998
vn -0.0180 -0.0015 -0.9998
vn -0.0137 -0.1001 -0.9949
vn -0.0106 -0.1687 -0.9856
vn -0.0106 -0.1687 -0.9856
vn -0.0137 -0.1001 -0.9949
vn 0.0609 -0.0105 -0.9981
vn 0.0334 -0.0018 -0.9994
vn 0.0609 -0.0105 -0.9981
vn -0.0137 -0.1001 -0.9949
vn 0.1502 -0.0475 -0.9875
vn 0.0659 -0.0738 -0.9951
vn -0.0111 -0.1329 -0.9911
vn -0.0078 -0.0116 -0.9999
vn -0.0111 0.0025 -0.9999
vn -0.0127 -0.0216 -0.9997
vn -0.0095 0.8475 -0.5308
vn -0.0095 0.8475 -0.5308
vn -0.0095 0.8475 -0.5308
vn 0.0245 -0.0521 -0.9983
vn 0.0913 -0.0181 -0.9957
vn -0.0104 0.0904 -0.9959
vn -0.0127 -0.0216 -0.9997
vn -0.0104 0.0904 -0.9959
vn -0.0078 -0.0116 -0.9999
vn 0.0913 -0.0181 -0.9957
vn -0.0078 -0.0116 -0.9999
vn -0.0104 0.0904 -0.9959
vn 0.0245 -0.0521 -0.9983
vn -0.1683 -0.0212 -0.9855
vn -0.0105 -0.1663 -0.9860
vn -0.0105 -0.1663 -0.9860
vn -0.0111 -0.1329 -0.9911
vn 0.0659 -0.0738 -0.9951
vn 0.0659 -0.0738 -0.9951
vn 0.0741 -0.0550 -0.9957
vn -0.0105 -0.1663 -0.9860
vn 0.0741 -0.0550 -0.9957
vn 0.0245 -0.0521 -0.9983
vn -0.0105 -0.1663 -0.9860
vn -0.0111 -0.1329 -0.9911
vn -0.0156 -0.0042 -0.9999
vn -0.0091 -0.1520 -0.9883
vn -0.0156 -0.0042 -0.9999
vn -0.0111 -0.1329 -0.9911
vn -0.0590 -0.0232 -0.9980
vn 0.1140 -0.0697 -0.9910
vn -0.0091 -0.1520 -0.9883
vn -0.0101 -0.1616 -0.9868
vn -0.0091 -0.1520 -0.9883
vn 0.1140 -0.0697 -0.9910
vn 0.1066 -0.0728 -0.9916
vn 0.1066 -0.0728 -0.9916
vn -0.0111 -0.1329 -0.9911
vn -0.0091 -0.1520 -0.9883
vn -0.0111 -0.1329 -0.9911
vn 0.1066 -0.0728 -0.9916
vn 0.1502 -0.0475 -0.9875
vn -0.0106 -0.1687 -0.9856
vn 0.0875 -0.0140 -0.9961
vn 0.1211 -0.0101 -0.9926
vn -0.0106 -0.1687 -0.9856
vn 0.1211 -0.0101 -0.9926
vn 0.1530 -0.0134 -0.9881
vn 0.1140 -0.0697 -0.9910
vn -0.0101 -0.1616 -0.9868
vn -0.0106 -0.1687 -0.9856
vn -0.0106 -0.1687 -0.9856
vn 0.1530 -0.0134 -0.9881
vn 0.1140 -0.0697 -0.9910
vn -0.0046 0.8705 -0.4921
vn -0.0092 0.8596 -0.5109
vn -0.0090 0.8528 -0.5222
vn -0.0046 0.8705 -0.4921
vn -0.0028 0.8773 -0.4799
vn -0.0390 0.9980 0.0499
vn -0.0028 0.8773 -0.4799
vn -0.0046 0.8705 -0.4921
vn -0.0090 0.8528 -0.5222
vn -0.0090 0.8528 -0.5222
vn -0.0088 0.8406 -0.5416
vn -0.0028 0.8773 -0.4799
vn -0.0088 0.8406 -0.5416
vn -0.0090 0.8297 -0.5581
vn -0.0028 0.8773 -0.4799
vn 0.0487 0.8725 -0.4863
vn -0.0028 0.8773 -0.4799
vn -0.0090 0.8297 -0.5581
vn 0.0007 0.8107 -0.5855
vn 0.0154 0.8245 -0.5656
vn -0.0096 0.8317 -0.5552
vn 0.0007 0.8107 -0.5855
vn -0.0096 0.8317 -0.5552
vn -0.1528 0.8250 -0.5441
vn -0.0093 -0.0227 -0.9997
vn -0.0093 -0.0227 -0.9997
vn -0.0138 0.7060 -0.7081
vn 0.0137 0.8064 -0.5912
vn 0.0007 0.8107 -0.5855
vn -0.0138 0.7060 -0.7081
vn -0.0096 0.8317 -0.5552
vn 0.0154 0.8245 -0.5656
vn 0.0086 0.8296 -0.5583
vn -0.0090 0.8297 -0.5581
vn -0.0096 0.8317 -0.5552
vn 0.0086 0.8296 -0.5583
vn 0.0086 0.8296 -0.5583
vn 0.0487 0.8725 -0.4863
vn -0.0090 0.8297 -0.5581
vn 0.0103 0.7779 -0.6284
vn 0.0084 0.7891 -0.6142
vn -0.0097 0.7751 -0.6318
vn 0.0084 0.7891 -0.6142
vn -0.0092 0.7839 -0.6208
vn -0.0097 0.7751 -0.6318
vn -0.0092 0.7839 -0.6208
vn 0.0084 0.7891 -0.6142
vn 0.0195 0.8003 -0.5993
vn -0.0138 0.7060 -0.7081
vn -0.0092 0.7839 -0.6208
vn 0.0137 0.8064 -0.5912
vn 0.0195 0.8003 -0.5993
vn 0.0137 0.8064 -0.5912
vn -0.0092 0.7839 -0.6208
vn 0.0065 0.7542 -0.6566
vn 0.0228 0.7714 -0.6359
vn -0.0100 0.7828 -0.6222
vn -0.0243 0.8616 0.5071
vn -0.0243 0.8616 0.5071
vn -0.0243 0.8616 0.5071
vn -0.0097 0.7751 -0.6318
vn -0.0100 0.7828 -0.6222
vn 0.0103 0.7779 -0.6284
vn 0.0228 0.7714 -0.6359
vn 0.0103 0.7779 -0.6284
vn -0.0100 0.7828 -0.6222
vn 0.0202 0.7309 -0.6822
vn 0.0246 0.7450 -0.6666
vn -0.0091 0.7289 -0.6846
vn 0.0202 0.7309 -0.6822
vn -0.0091 0.7289 -0.6846
vn -0.0121 0.7202 -0.6937
vn 0.0065 0.7542 -0.6566
vn -0.1442 0.7549 -0.6398
vn -0.0089 0.7136 -0.7005
vn 0.0065 0.7542 -0.6566
vn -0.0089 0.7136 -0.7005
vn -0.0091 0.7289 -0.6846
vn 0.0246 0.7450 -0.6666
vn 0.0065 0.7542 -0.6566
vn -0.0091 0.7289 -0.6846
vn 0.0407 0.7008 -0.7122
vn -0.0087 0.6910 -0.7228
vn -0.0100 0.7247 -0.6890
vn 0.0407 0.7008 -0.7122
vn -0.0100 0.7247 -0.6890
vn -0.1028 0.6677 -0.7373
vn 0.0202 0.7309 -0.6822
vn -0.0121 0.7202 -0.6937
vn -0.0100 0.7247 -0.6890
vn -0.0090 0.7006 -0.7135
vn 0.0202 0.7309 -0.6822
vn -0.0100 0.7247 -0.6890
vn -0.0100 0.7247 -0.6890
vn -0.0087 0.6910 -0.7228
vn -0.0090 0.7006 -0.7135
vn -0.0074 0.6543 -0.7562
vn -0.0070 0.6632 -0.7484
vn -0.0092 0.6314 -0.7754
vn -0.0074 0.6543 -0.7562
vn -0.0092 0.6314 -0.7754
vn -0.0108 0.6601 -0.7511
vn -0.0108 0.6601 -0.7511
vn -0.0100 0.6497 -0.7602
vn -0.0074 0.6543 -0.7562
vn -0.0066 0.6362 -0.7715
vn -0.0074 0.6543 -0.7562
vn -0.0100 0.6497 -0.7602
vn -0.0100 0.6497 -0.7602
vn -0.0093 0.6333 -0.7738
vn -0.0066 0.6362 -0.7715
vn 0.0407 0.7008 -0.7122
vn -0.1028 0.6677 -0.7373
vn -0.0092 0.6314 -0.7754
vn -0.0070 0.6632 -0.7484
vn 0.0407 0.7008 -0.7122
vn -0.0092 0.6314 -0.7754
vn -0.0054 0.5255 -0.8508
vn 0.1268 0.6540 -0.7458
vn -0.0146 0.6209 -0.7838
vn 0.1268 0.6540 -0.7458
vn -0.0081 0.7010 -0.7131
vn -0.0146 0.6209 -0.7838
vn -0.0093 0.6333 -0.7738
vn -0.0146 0.6209 -0.7838
vn -0.0081 0.7010 -0.7131
vn -0.0081 0.7010 -0.7131
vn -0.0066 0.6362 -0.7715
vn -0.0093 0.6333 -0.7738
vn -0.0088 0.5769 -0.8168
vn -0.0039 0.5818 -0.8133
vn -0.0118 0.5980 -0.8014
vn -0.0118 0.5980 -0.8014
vn -0.0157 0.5851 -0.8108
vn -0.0088 0.5769 -0.8168
vn -0.0146 0.6209 -0.7838
vn -0.0118 0.5980 -0.8014
vn -0.0054 0.5255 -0.8508
vn -0.0052 0.5928 -0.8053
vn -0.0054 0.5255 -0.8508
vn -0.0118 0.5980 -0.8014
vn -0.0118 0.5980 -0.8014
vn -0.0039 0.5818 -0.8133
vn -0.0052 0.5928 -0.8053
vn -0.0141 0.6450 -0.7641
vn -0.5244 0.5002 -0.6891
vn -0.0145 0.6126 -0.7903
vn -0.0145 0.6126 -0.7903
vn -0.0049 0.5421 -0.8403
vn -0.0141 0.6450 -0.7641
vn -0.0049 0.5421 -0.8403
vn 0.0028 0.5565 -0.8308
vn -0.0141 0.6450 -0.7641
vn -0.0157 0.5851 -0.8108
vn -0.0141 0.6450 -0.7641
vn -0.0088 0.5769 -0.8168
vn -0.0141 0.6450 -0.7641
vn 0.0028 0.5565 -0.8308
vn -0.0088 0.5769 -0.8168
vn -0.0057 0.4652 -0.8852
vn 0.0700 0.5401 -0.8387
vn -0.0091 0.4097 -0.9122
vn -0.5244 0.5002 -0.6891
vn -0.0091 0.4097 -0.9122
vn -0.0145 0.6126 -0.7903
vn -0.0009 0.9544 0.2985
vn -0.0009 0.9544 0.2985
vn -0.0009 0.9544 0.2985
vn -0.0081 0.4715 -0.8818
vn -0.0078 0.4761 -0.8793
vn -0.0145 0.4841 -0.8749
vn -0.0081 0.4715 -0.8818
vn -0.0145 0.4841 -0.8749
vn -0.0092 0.4823 -0.8759
vn -0.0081 0.4715 -0.8818
vn -0.0092 0.4823 -0.8759
vn -0.0091 0.4687 -0.8833
vn -0.0091 0.4687 -0.8833
vn -0.0084 0.4971 -0.8676
vn -0.0081 0.4715 -0.8818
vn -0.0057 0.4652 -0.8852
vn -0.0091 0.4097 -0.9122
vn -0.0161 0.5098 -0.8601
vn -0.0161 0.5098 -0.8601
vn -0.0145 0.4841 -0.8749
vn -0.0057 0.4652 -0.8852
vn -0.0145 0.4841 -0.8749
vn -0.0078 0.4761 -0.8793
vn -0.0057 0.4652 -0.8852
vn 0.0080 0.4154 -0.9096
vn 0.0477 0.4593 -0.8870
vn -0.0084 0.4422 -0.8969
vn -0.0084 0.4422 -0.8969
vn -0.0092 0.4337 -0.9010
vn 0.0080 0.4154 -0.9096
vn -0.0091 0.4687 -0.8833
vn -0.0084 0.4422 -0.8969
vn -0.0084 0.4971 -0.8676
vn -0.0084 0.9783 -0.2071
vn -0.0084 0.9783 -0.2071
vn -0.0084 0.4971 -0.8676
vn -0.0092 0.4124 -0.9110
vn -0.0411 0.4059 -0.9130
vn 0.0036 0.3851 -0.9229
vn 0.0036 0.3851 -0.9229
vn 0.0176 0.3989 -0.9168
vn -0.0092 0.4124 -0.9110
vn -0.0092 0.4124 -0.9110
vn 0.0176 0.3989 -0.9168
vn 0.0080 0.4154 -0.9096
vn -0.0092 0.4337 -0.9010
vn -0.0092 0.4124 -0.9110
vn 0.0080 0.4154 -0.9096
vn -0.0008 0.7268 -0.6868
vn 0.0196 0.3572 -0.9338
vn -0.0096 0.3733 -0.9277
vn -0.0096 0.3733 -0.9277
vn -0.3076 0.2970 -0.9040
vn -0.0008 0.7268 -0.6868
vn -0.0411 0.4059 -0.9130
vn -0.0096 0.3733 -0.9277
vn 0.0036 0.3851 -0.9229
vn 0.0196 0.3572 -0.9338
vn 0.0036 0.3851 -0.9229
vn -0.0096 0.3733 -0.9277
vn 0.0109 0.2875 -0.9577
vn -0.0105 0.3094 -0.9509
vn 0.0102 -0.0548 -0.9984
vn 0.0102 -0.0548 -0.9984
vn 0.0191 -0.5025 -0.8644
vn 0.0109 0.2875 -0.9577
vn -0.3076 0.2970 -0.9040
vn 0.0109 0.2875 -0.9577
vn -0.0073 -0.2493 -0.9684
vn -0.0024 0.9980 0.0627
vn -0.0008 0.7268 -0.6868
vn -0.0024 0.9980 0.0627
vn -0.0569 0.2661 -0.9623
vn -0.0041 0.2328 -0.9725
vn -0.0074 0.3353 -0.9421
vn -0.0074 0.3353 -0.9421
vn 0.0432 0.2680 -0.9625
vn -0.0085 0.2790 -0.9603
vn -0.0085 0.2790 -0.9603
vn -0.0569 0.2661 -0.9623
vn -0.0074 0.3353 -0.9421
vn -0.0105 0.3094 -0.9509
vn -0.0085 0.2790 -0.9603
vn 0.0102 -0.0548 -0.9984
vn 0.0432 0.2680 -0.9625
vn 0.0102 -0.0548 -0.9984
vn -0.0085 0.2790 -0.9603
vn -0.0031 0.1096 -0.9940
vn 0.2096 0.2270 -0.9511
vn -0.0041 0.2328 -0.9725
vn -0.0041 0.2328 -0.9725
vn -0.0068 0.2321 -0.9727
vn -0.0031 0.1096 -0.9940
vn 0.2096 0.2270 -0.9511
vn -0.0074 0.3353 -0.9421
vn -0.0041 0.2328 -0.9725
vn -0.0038 0.1693 -0.9856
vn -0.0023 0.1815 -0.9834
vn -0.0087 0.1895 -0.9818
vn -0.0087 0.1895 -0.9818
vn -0.0023 0.1815 -0.9834
vn -0.0031 0.1096 -0.9940
vn -0.0068 0.2321 -0.9727
vn -0.0081 0.2194 -0.9756
vn -0.0031 0.1096 -0.9940
vn -0.0081 0.2194 -0.9756
vn -0.0087 0.1895 -0.9818
vn -0.0031 0.1096 -0.9940
vn -0.0084 0.1504 -0.9886
vn -0.0077 0.1377 -0.9904
vn -0.0086 0.1471 -0.9891
vn -0.0087 0.1895 -0.9818
vn -0.0662 0.1659 -0.9839
vn -0.0038 0.1693 -0.9856
vn -0.0662 0.1659 -0.9839
vn -0.0086 0.1471 -0.9891
vn -0.0038 0.1693 -0.9856
vn -0.0077 0.1377 -0.9904
vn -0.0038 0.1693 -0.9856
vn -0.0086 0.1471 -0.9891
vn -0.0084 0.1504 -0.9886
vn -0.0086 0.1471 -0.9891
vn -0.0082 0.1369 -0.9906
vn -0.0082 0.1369 -0.9906
vn -0.0097 0.1452 -0.9894
vn -0.0084 0.1504 -0.9886
vn 0.1413 0.1081 -0.9841
vn -0.0084 0.1504 -0.9886
vn -0.0097 0.1452 -0.9894
vn -0.0097 0.1452 -0.9894
vn -0.0089 0.0731 -0.9973
vn 0.1413 0.1081 -0.9841
vn -0.0097 0.1452 -0.9894
vn -0.0717 0.0742 -0.9947
vn -0.0089 0.0731 -0.9973
vn -0.0089 0.0731 -0.9973
vn -0.0717 0.0742 -0.9947
vn -0.0094 0.0490 -0.9988
vn -0.0094 0.0490 -0.9988
vn -0.0087 0.0706 -0.9975
vn -0.0089 0.0731 -0.9973
vn -0.0094 0.0490 -0.9988
vn -0.0092 0.0550 -0.9984
vn -0.0087 0.0706 -0.9975
vn -0.0082 0.0518 -0.9986
vn -0.0087 0.0706 -0.9975
vn -0.0092 0.0550 -0.9984
vn -0.0092 0.0550 -0.9984
vn -0.0118 0.0409 -0.9991
vn -0.0082 0.0518 -0.9986
vn -0.0111 0.0025 -0.9999
vn -0.0078 -0.0116 -0.9999
vn -0.0075 0.0137 -0.9999
vn -0.0107 0.0183 -0.9998
vn -0.0111 0.0025 -0.9999
vn -0.0075 0.0137 -0.9999
vn -0.0107 0.0183 -0.9998
vn -0.0075 0.0137 -0.9999
vn 0.0003 0.0306 -0.9995
vn 0.0003 0.0306 -0.9995
vn -0.0118 0.0409 -0.9991
vn -0.0107 0.0183 -0.9998
vn -0.0118 0.0409 -0.9991
vn 0.0003 0.0306 -0.9995
vn -0.0087 0.0479 -0.9988
vn -0.0118 0.0409 -0.9991
vn -0.0087 0.0479 -0.9988
vn -0.0082 0.0518 -0.9986
vn -0.0088 0.8814 -0.4723
vn -0.0903 0.9208 -0.3794
vn -0.0092 0.8596 -0.5109
vn -0.0092 0.8596 -0.5109
vn -0.0046 0.8705 -0.4921
vn -0.0088 0.8814 -0.4723
vn -0.0087 0.8766 -0.4811
vn -0.0088 0.8814 -0.4723
vn -0.0046 0.8705 -0.4921
vn -0.0046 0.8705 -0.4921
vn 0.0056 0.8957 -0.4447
vn -0.0087 0.8766 -0.4811
vn -0.0075 0.0137 -0.9999
vn 0.2681 0.0000 -0.9634
vn 0.0003 0.0306 -0.9995
vn 0.0003 0.0306 -0.9995
vn -0.0082 0.0518 -0.9986
vn -0.0087 0.0479 -0.9988
vn -0.0089 0.0731 -0.9973
vn -0.0087 0.0706 -0.9975
vn -0.0082 0.0518 -0.9986
vn -0.0082 0.0518 -0.9986
vn 0.1413 0.1081 -0.9841
vn -0.0089 0.0731 -0.9973
vn -0.0077 0.1377 -0.9904
vn -0.0084 0.1504 -0.9886
vn 0.1413 0.1081 -0.9841
vn 0.2096 0.2270 -0.9511
vn -0.0023 0.1815 -0.9834
vn -0.0038 0.1693 -0.9856
vn 0.1413 0.1081 -0.9841
vn 0.2096 0.2270 -0.9511
vn -0.0038 0.1693 -0.9856
vn -0.0038 0.1693 -0.9856
vn -0.0077 0.1377 -0.9904
vn 0.1413 0.1081 -0.9841
vn -0.0031 0.1096 -0.9940
vn -0.0023 0.1815 -0.9834
vn 0.2096 0.2270 -0.9511
vn 0.2096 0.2270 -0.9511
vn 0.0432 0.2680 -0.9625
vn -0.0074 0.3353 -0.9421
vn 0.2096 0.2270 -0.9511
vn 0.4813 0.4793 -0.7339
vn 0.0432 0.2680 -0.9625
vn 0.0102 -0.0548 -0.9984
vn 0.0432 0.2680 -0.9625
vn 0.4813 0.4793 -0.7339
vn 0.0196 0.3572 -0.9338
vn -0.0008 0.7268 -0.6868
vn 0.4813 0.4793 -0.7339
vn 0.0176 0.3989 -0.9168
vn 0.0036 0.3851 -0.9229
vn 0.4813 0.4793 -0.7339
vn 0.0036 0.3851 -0.9229
vn 0.0196 0.3572 -0.9338
vn 0.4813 0.4793 -0.7339
vn -0.0081 0.4715 -0.8818
vn -0.0084 0.4971 -0.8676
vn 0.0477 0.4593 -0.8870
vn 0.0477 0.4593 -0.8870
vn -0.0078 0.4761 -0.8793
vn -0.0081 0.4715 -0.8818
vn -0.0078 0.4761 -0.8793
vn 0.0477 0.4593 -0.8870
vn -0.0057 0.4652 -0.8852
vn -0.0088 0.5769 -0.8168
vn 0.0028 0.5565 -0.8308
vn -0.0039 0.5818 -0.8133
vn 0.0700 0.5401 -0.8387
vn 0.0028 0.5565 -0.8308
vn -0.0049 0.5421 -0.8403
vn 0.0700 0.5401 -0.8387
vn -0.0049 0.5421 -0.8403
vn -0.0145 0.6126 -0.7903
vn -0.0066 0.6362 -0.7715
vn 0.1268 0.6540 -0.7458
vn -0.0074 0.6543 -0.7562
vn 0.1268 0.6540 -0.7458
vn -0.0066 0.6362 -0.7715
vn -0.0081 0.7010 -0.7131
vn -0.0054 0.5255 -0.8508
vn -0.0052 0.5928 -0.8053
vn 0.1268 0.6540 -0.7458
vn 0.1268 0.6540 -0.7458
vn -0.0052 0.5928 -0.8053
vn -0.0039 0.5818 -0.8133
vn 0.1268 0.6540 -0.7458
vn -0.0070 0.6632 -0.7484
vn -0.0074 0.6543 -0.7562
vn -0.0070 0.6632 -0.7484
vn 0.1268 0.6540 -0.7458
vn 0.0407 0.7008 -0.7122
vn 0.0202 0.7309 -0.6822
vn -0.0090 0.7006 -0.7135
vn 0.0407 0.7008 -0.7122
vn 0.4330 0.7874 -0.4388
vn 0.0246 0.7450 -0.6666
vn 0.0202 0.7309 -0.6822
vn 0.0202 0.7309 -0.6822
vn 0.0407 0.7008 -0.7122
vn 0.4330 0.7874 -0.4388
vn 0.0084 0.7891 -0.6142
vn 0.4330 0.7874 -0.4388
vn 0.0195 0.8003 -0.5993
vn 0.0103 0.7779 -0.6284
vn 0.4330 0.7874 -0.4388
vn 0.0084 0.7891 -0.6142
vn 0.4283 0.0004 -0.9036
vn 0.4463 0.0003 -0.8949
vn 0.4274 0.0819 -0.9003
vn 0.4274 0.0819 -0.9003
vn 0.4053 0.0001 -0.9142
vn 0.4283 0.0004 -0.9036
vn 0.0103 0.7779 -0.6284
vn 0.0228 0.7714 -0.6359
vn 0.4330 0.7874 -0.4388
vn 0.4330 0.7874 -0.4388
vn 0.0228 0.7714 -0.6359
vn 0.0065 0.7542 -0.6566
vn 0.4330 0.7874 -0.4388
vn 0.0065 0.7542 -0.6566
vn 0.0246 0.7450 -0.6666
vn 0.0407 0.7008 -0.7122
vn -0.0090 0.7006 -0.7135
vn -0.0087 0.6910 -0.7228
vn 0.0407 0.7008 -0.7122
vn 0.1268 0.6540 -0.7458
vn 0.4330 0.7874 -0.4388
vn -0.0039 0.5818 -0.8133
vn 0.0028 0.5565 -0.8308
vn 0.1268 0.6540 -0.7458
vn 0.1413 0.1081 -0.9841
vn 0.3156 0.0019 -0.9489
vn 0.3437 0.0006 -0.9391
vn 0.4813 0.4793 -0.7339
vn 0.0080 0.4154 -0.9096
vn 0.0176 0.3989 -0.9168
vn -0.0082 0.0518 -0.9986
vn 0.0003 0.0306 -0.9995
vn 0.1413 0.1081 -0.9841
vn 0.2883 0.0015 -0.9575
vn 0.1413 0.1081 -0.9841
vn 0.0003 0.0306 -0.9995
vn 0.0003 0.0306 -0.9995
vn 0.2681 0.0000 -0.9634
vn 0.2883 0.0015 -0.9575
vn 0.1413 0.1081 -0.9841
vn 0.2883 0.0015 -0.9575
vn 0.3156 0.0019 -0.9489
vn 0.0477 0.4593 -0.8870
vn 0.0700 0.5401 -0.8387
vn -0.0057 0.4652 -0.8852
vn 0.2096 0.2270 -0.9511
vn 0.1413 0.1081 -0.9841
vn 0.4274 0.0819 -0.9003
vn 0.3926 -0.0008 -0.9197
vn 0.4274 0.0819 -0.9003
vn 0.1413 0.1081 -0.9841
vn 0.1413 0.1081 -0.9841
vn 0.3676 0.0004 -0.9300
vn 0.3926 -0.0008 -0.9197
vn 0.0477 0.4593 -0.8870
vn 0.4813 0.4793 -0.7339
vn 0.0700 0.5401 -0.8387
vn 0.4274 0.0819 -0.9003
vn 0.3926 -0.0008 -0.9197
vn 0.4053 0.0001 -0.9142
vn 0.1413 0.1081 -0.9841
vn 0.3437 0.0006 -0.9391
vn 0.3676 0.0004 -0.9300
vn 0.0477 0.4593 -0.8870
vn 0.0080 0.4154 -0.9096
vn 0.4813 0.4793 -0.7339
vn 0.1268 0.6540 -0.7458
vn 0.0028 0.5565 -0.8308
vn 0.0700 0.5401 -0.8387
vn 0.0137 0.8064 -0.5912
vn 0.0195 0.8003 -0.5993
vn 0.4330 0.7874 -0.4388
vn 0.4674 -0.0001 -0.8840
vn 0.4994 0.0000 -0.8663
vn 0.4274 0.0819 -0.9003
vn 0.5316 0.0011 -0.8470
vn 0.5434 0.0014 -0.8395
vn 0.5234 0.1833 -0.8322
vn 0.5800 0.0010 -0.8146
vn 0.5989 0.0005 -0.8008
vn 0.5234 0.1833 -0.8322
vn 0.6417 0.0029 -0.7669
vn 0.6619 0.0027 -0.7496
vn 0.7020 0.0961 -0.7056
vn 0.7323 0.0031 -0.6809
vn 0.7222 0.0067 -0.6916
vn 0.7020 0.0961 -0.7056
vn 0.6619 0.0027 -0.7496
vn 0.5486 0.0017 -0.8361
vn 0.7020 0.0961 -0.7056
vn 0.6322 0.0012 -0.7748
vn 0.6417 0.0029 -0.7669
vn 0.7020 0.0961 -0.7056
vn 0.6078 0.0060 -0.7941
vn 0.6322 0.0012 -0.7748
vn 0.7020 0.0961 -0.7056
vn 0.5589 0.0006 -0.8292
vn 0.5800 0.0010 -0.8146
vn 0.5234 0.1833 -0.8322
vn 0.5234 0.1833 -0.8322
vn 0.5035 0.0015 -0.8640
vn 0.5316 0.0011 -0.8470
vn 0.4463 0.0003 -0.8949
vn 0.4674 -0.0001 -0.8840
vn 0.4274 0.0819 -0.9003
vn 0.0007 0.8107 -0.5855
vn 0.4330 0.7874 -0.4388
vn 0.0154 0.8245 -0.5656
vn 0.4330 0.7874 -0.4388
vn 0.0007 0.8107 -0.5855
vn 0.0137 0.8064 -0.5912
vn 0.0368 0.9240 -0.3806
vn -0.0028 0.8773 -0.4799
vn 0.0487 0.8725 -0.4863
vn 0.5234 0.1833 -0.8322
vn 0.5434 0.0014 -0.8395
vn 0.5589 0.0006 -0.8292
vn 0.4813 0.4793 -0.7339
vn 0.5234 0.1833 -0.8322
vn 0.7020 0.0961 -0.7056
vn 0.4330 0.7874 -0.4388
vn 0.0700 0.5401 -0.8387
vn 0.4813 0.4793 -0.7339
vn 0.4274 0.0819 -0.9003
vn 0.4994 0.0000 -0.8663
vn 0.5035 0.0015 -0.8640
vn 0.5035 0.0015 -0.8640
vn 0.5234 0.1833 -0.8322
vn 0.4274 0.0819 -0.9003
vn 0.2096 0.2270 -0.9511
vn 0.4274 0.0819 -0.9003
vn 0.5234 0.1833 -0.8322
vn 0.4813 0.4793 -0.7339
vn 0.2096 0.2270 -0.9511
vn 0.5234 0.1833 -0.8322
vn 0.4330 0.7874 -0.4388
vn 0.0487 0.8725 -0.4863
vn 0.0086 0.8296 -0.5583
vn 0.0700 0.5401 -0.8387
vn 0.4330 0.7874 -0.4388
vn 0.1268 0.6540 -0.7458
vn 0.0154 0.8245 -0.5656
vn 0.4330 0.7874 -0.4388
vn 0.0086 0.8296 -0.5583
vn 0.5234 0.1833 -0.8322
vn 0.5989 0.0005 -0.8008
vn 0.6078 0.0060 -0.7941
vn 0.7020 0.0961 -0.7056
vn 0.5234 0.1833 -0.8322
vn 0.6078 0.0060 -0.7941
vn 0.0487 0.8725 -0.4863
vn 0.4330 0.7874 -0.4388
vn 0.0368 0.9240 -0.3806
vn 0.4330 0.7874 -0.4388
vn -0.0390 0.9980 0.0499
vn 0.0368 0.9240 -0.3806
vn -0.0135 -0.0006 -0.9999
vn -0.0175 -0.0003 -0.9998
vn 0.0179 -0.0001 -0.9998
vn -0.0135 -0.0006 -0.9999
vn 0.0179 -0.0001 -0.9998
vn 0.0232 -0.0005 -0.9997
vn 0.0232 -0.0005 -0.9997
vn 0.0200 -0.0024 -0.9998
vn -0.0135 -0.0006 -0.9999
vn 0.8457 0.0004 -0.5337
vn 0.8559 0.0009 -0.5171
vn 0.8570 0.1212 -0.5008
vn 0.7428 0.0002 -0.6695
vn 0.7600 -0.0000 -0.6500
vn 0.7222 0.0067 -0.6916
vn 0.9720 0.0010 -0.2352
vn 0.9775 0.0010 -0.2110
vn 0.9792 0.0673 -0.1917
vn 0.9935 0.0003 -0.1137
vn 0.9960 0.0002 -0.0890
vn 0.9937 -0.0051 -0.1119
vn 0.9994 0.0206 -0.0267
vn 0.9991 0.0013 0.0421
vn 0.9986 0.0517 0.0093
vn 0.9994 0.0206 -0.0267
vn 1.0000 0.0001 -0.0083
vn 1.0000 -0.0000 0.0075
vn 0.9994 0.0206 -0.0267
vn 0.9995 0.0003 -0.0303
vn 1.0000 0.0001 -0.0083
vn 0.9986 0.0008 -0.0521
vn 0.9995 0.0003 -0.0303
vn 0.9994 0.0206 -0.0267
vn 0.9913 0.0003 -0.1313
vn 0.9935 0.0003 -0.1137
vn 0.9937 -0.0051 -0.1119
vn 0.9675 0.0009 -0.2527
vn 0.9720 0.0010 -0.2352
vn 0.9792 0.0673 -0.1917
vn 0.8763 0.0010 -0.4817
vn 0.8839 0.0008 -0.4676
vn 0.8570 0.1212 -0.5008
vn 0.7471 0.0004 -0.6647
vn 0.7428 0.0002 -0.6695
vn 0.7222 0.0067 -0.6916
vn 0.8818 0.3335 -0.3336
vn 0.8570 0.1212 -0.5008
vn 0.9407 0.1149 -0.3192
vn 0.8570 0.1212 -0.5008
vn 0.8559 0.0009 -0.5171
vn 0.8643 0.0009 -0.5030
vn 0.5717 0.7697 -0.2840
vn 0.8495 0.5274 -0.0122
vn 0.5435 0.8392 -0.0210
vn 0.8570 0.1212 -0.5008
vn 0.8643 0.0009 -0.5030
vn 0.8763 0.0010 -0.4817
vn 0.8570 0.1212 -0.5008
vn 0.8243 -0.0007 -0.5661
vn 0.8343 -0.0001 -0.5514
vn 0.7545 0.2167 -0.6195
vn 0.7956 0.0039 -0.6058
vn 0.8158 0.0053 -0.5784
vn 0.8158 0.0053 -0.5784
vn 0.8570 0.1212 -0.5008
vn 0.7545 0.2167 -0.6195
vn 0.8570 0.1212 -0.5008
vn 0.8158 0.0053 -0.5784
vn 0.8243 -0.0007 -0.5661
vn 0.8570 0.1212 -0.5008
vn 0.8818 0.3335 -0.3336
vn 0.7545 0.2167 -0.6195
vn 0.7545 0.2167 -0.6195
vn 0.7655 0.0094 -0.6434
vn 0.7855 0.0052 -0.6188
vn 0.5717 0.7697 -0.2840
vn 0.4330 0.7874 -0.4388
vn 0.8818 0.3335 -0.3336
vn 0.7222 0.0067 -0.6916
vn 0.7600 -0.0000 -0.6500
vn 0.7655 0.0094 -0.6434
vn 0.7655 0.0094 -0.6434
vn 0.7545 0.2167 -0.6195
vn 0.7222 0.0067 -0.6916
vn 0.7051 0.4711 -0.5301
vn 0.4330 0.7874 -0.4388
vn 0.4813 0.4793 -0.7339
vn 0.7545 0.2167 -0.6195
vn 0.7855 0.0052 -0.6188
vn 0.7956 0.0039 -0.6058
vn 0.7545 0.2167 -0.6195
vn 0.8818 0.3335 -0.3336
vn 0.7051 0.4711 -0.5301
vn 0.4330 0.7874 -0.4388
vn 0.7051 0.4711 -0.5301
vn 0.8818 0.3335 -0.3336
vn 0.8570 0.1212 -0.5008
vn 0.8343 -0.0001 -0.5514
vn 0.8457 0.0004 -0.5337
vn 0.8495 0.5274 -0.0122
vn 0.5717 0.7697 -0.2840
vn 0.8818 0.3335 -0.3336
vn 0.8120 0.5123 0.2794
vn 0.5435 0.8392 -0.0210
vn 0.8495 0.5274 -0.0122
vn 0.9964 0.0185 0.0826
vn 0.9756 0.1996 0.0918
vn 0.9986 0.0517 0.0093
vn 0.9937 -0.0051 -0.1119
vn 0.9960 0.0002 -0.0890
vn 0.9972 0.0000 -0.0746
vn 0.9792 0.0673 -0.1917
vn 0.9937 -0.0051 -0.1119
vn 0.9994 0.0206 -0.0267
vn 0.9937 -0.0051 -0.1119
vn 0.9884 0.0010 -0.1518
vn 0.9913 0.0003 -0.1313
vn 0.9937 -0.0051 -0.1119
vn 0.9972 0.0000 -0.0746
vn 0.9986 0.0008 -0.0521
vn 0.9986 0.0008 -0.0521
vn 0.9994 0.0206 -0.0267
vn 0.9937 -0.0051 -0.1119
vn 0.9994 0.0206 -0.0267
vn 0.9986 0.0517 0.0093
vn 0.9792 0.0673 -0.1917
vn 0.9792 0.0673 -0.1917
vn 0.9804 0.0014 -0.1968
vn 0.9850 0.0009 -0.1723
vn 0.9792 0.0673 -0.1917
vn 0.9986 0.0517 0.0093
vn 0.8818 0.3335 -0.3336
vn 0.8495 0.5274 -0.0122
vn 0.8818 0.3335 -0.3336
vn 0.9756 0.1996 0.0918
vn 0.9472 0.0561 0.3157
vn 0.8120 0.5123 0.2794
vn 0.9756 0.1996 0.0918
vn 0.9472 0.0561 0.3157
vn 0.8771 0.1460 0.4575
vn 0.8120 0.5123 0.2794
vn 0.8120 0.5123 0.2794
vn 0.8495 0.5274 -0.0122
vn 0.9756 0.1996 0.0918
vn 0.9792 0.0673 -0.1917
vn 0.9775 0.0010 -0.2110
vn 0.9804 0.0014 -0.1968
vn 0.9792 0.0673 -0.1917
vn 0.9567 0.0016 -0.2909
vn 0.9618 0.0006 -0.2738
vn 0.9407 0.1149 -0.3192
vn 0.9485 0.0015 -0.3167
vn 0.9567 0.0016 -0.2909
vn 0.9567 0.0016 -0.2909
vn 0.9792 0.0673 -0.1917
vn 0.9407 0.1149 -0.3192
vn 0.9792 0.0673 -0.1917
vn 0.9618 0.0006 -0.2738
vn 0.9675 0.0009 -0.2527
vn 0.9792 0.0673 -0.1917
vn 0.8818 0.3335 -0.3336
vn 0.9407 0.1149 -0.3192
vn 0.9792 0.0673 -0.1917
vn 0.9850 0.0009 -0.1723
vn 0.9884 0.0010 -0.1518
vn 0.9884 0.0010 -0.1518
vn 0.9937 -0.0051 -0.1119
vn 0.9792 0.0673 -0.1917
vn 0.9756 0.1996 0.0918
vn 0.8818 0.3335 -0.3336
vn 0.9986 0.0517 0.0093
vn 0.9265 0.0042 -0.3764
vn 0.9350 0.0014 -0.3546
vn 0.9407 0.1149 -0.3192
vn 0.9350 0.0014 -0.3546
vn 0.9440 0.0012 -0.3300
vn 0.9407 0.1149 -0.3192
vn 0.9407 0.1149 -0.3192
vn 0.9440 0.0012 -0.3300
vn 0.9485 0.0015 -0.3167
vn 0.8839 0.0008 -0.4676
vn 0.8958 0.0006 -0.4444
vn 0.8570 0.1212 -0.5008
vn 0.8570 0.1212 -0.5008
vn 0.8958 0.0006 -0.4444
vn 0.9015 0.0006 -0.4327
vn 0.8570 0.1212 -0.5008
vn 0.9015 0.0006 -0.4327
vn 0.9131 -0.0004 -0.4078
vn 0.8570 0.1212 -0.5008
vn 0.9131 -0.0004 -0.4078
vn 0.9201 -0.0010 -0.3917
vn 0.8570 0.1212 -0.5008
vn 0.9201 -0.0010 -0.3917
vn 0.9265 0.0042 -0.3764
vn 0.9265 0.0042 -0.3764
vn 0.9407 0.1149 -0.3192
vn 0.8570 0.1212 -0.5008
vn 0.4330 0.7874 -0.4388
vn 0.1768 0.9730 0.1481
vn -0.0390 0.9980 0.0499
vn 0.1320 0.7639 0.6317
vn 0.5435 0.8392 -0.0210
vn 0.1768 0.9730 0.1481
vn 0.5717 0.7697 -0.2840
vn 0.5435 0.8392 -0.0210
vn 0.4330 0.7874 -0.4388
vn 0.4813 0.4793 -0.7339
vn 0.7545 0.2167 -0.6195
vn 0.7051 0.4711 -0.5301
vn 0.4813 0.4793 -0.7339
vn 0.7020 0.0961 -0.7056
vn 0.7545 0.2167 -0.6195
vn 0.7020 0.0961 -0.7056
vn 0.7222 0.0067 -0.6916
vn 0.7545 0.2167 -0.6195
vn 0.7205 -0.0114 -0.6933
vn 0.7250 0.0013 -0.6888
vn 0.7222 0.0067 -0.6916
vn 0.7471 0.0004 -0.6647
vn 0.7222 0.0067 -0.6916
vn 0.7250 0.0013 -0.6888
vn 0.7250 0.0013 -0.6888
vn 0.7375 0.0000 -0.6754
vn 0.7471 0.0004 -0.6647
vn 0.7428 0.0002 -0.6695
vn 0.7471 0.0004 -0.6647
vn 0.7375 0.0000 -0.6754
vn 0.7375 0.0000 -0.6754
vn 0.7513 -0.0010 -0.6599
vn 0.7428 0.0002 -0.6695
vn 0.7600 -0.0000 -0.6500
vn 0.7428 0.0002 -0.6695
vn 0.7513 -0.0010 -0.6599
vn 0.7600 -0.0000 -0.6500
vn 0.7513 -0.0010 -0.6599
vn 0.7624 -0.0009 -0.6471
vn 0.7624 -0.0009 -0.6471
vn 0.7655 0.0094 -0.6434
vn 0.7600 -0.0000 -0.6500
vn 0.7624 -0.0009 -0.6471
vn 0.7765 -0.0014 -0.6301
vn 0.7655 0.0094 -0.6434
vn 0.7855 0.0052 -0.6188
vn 0.7655 0.0094 -0.6434
vn 0.7765 -0.0014 -0.6301
vn 0.7765 -0.0014 -0.6301
vn 0.7890 -0.0014 -0.6144
vn 0.7855 0.0052 -0.6188
vn 0.7956 0.0039 -0.6058
vn 0.7855 0.0052 -0.6188
vn 0.7890 -0.0014 -0.6144
vn 0.7890 -0.0014 -0.6144
vn 0.8003 -0.0017 -0.5996
vn 0.7956 0.0039 -0.6058
vn 0.8158 0.0053 -0.5784
vn 0.7956 0.0039 -0.6058
vn 0.8003 -0.0017 -0.5996
vn 0.8003 -0.0017 -0.5996
vn 0.8142 -0.0015 -0.5807
vn 0.8158 0.0053 -0.5784
vn 0.8243 -0.0007 -0.5661
vn 0.8158 0.0053 -0.5784
vn 0.8142 -0.0015 -0.5807
vn 0.8142 -0.0015 -0.5807
vn 0.8288 -0.0010 -0.5596
vn 0.8243 -0.0007 -0.5661
vn 0.8343 -0.0001 -0.5514
vn 0.8243 -0.0007 -0.5661
vn 0.8288 -0.0010 -0.5596
vn 0.8288 -0.0010 -0.5596
vn 0.8372 -0.0009 -0.5469
vn 0.8343 -0.0001 -0.5514
vn 0.8457 0.0004 -0.5337
vn 0.8343 -0.0001 -0.5514
vn 0.8372 -0.0009 -0.5469
vn 0.8372 -0.0009 -0.5469
vn 0.8481 -0.0001 -0.5299
vn 0.8457 0.0004 -0.5337
vn 0.8559 0.0009 -0.5171
vn 0.8457 0.0004 -0.5337
vn 0.8481 -0.0001 -0.5299
vn 0.8481 -0.0001 -0.5299
vn 0.8589 0.0006 -0.5122
vn 0.8559 0.0009 -0.5171
vn 0.8643 0.0009 -0.5030
vn 0.8559 0.0009 -0.5171
vn 0.8589 0.0006 -0.5122
vn 0.8589 0.0006 -0.5122
vn 0.8647 -0.0045 -0.5022
vn 0.8643 0.0009 -0.5030
vn 0.8763 0.0010 -0.4817
vn 0.8643 0.0009 -0.5030
vn 0.8647 -0.0045 -0.5022
vn 0.8647 -0.0045 -0.5022
vn 0.8796 -0.0025 -0.4757
vn 0.8763 0.0010 -0.4817
vn 0.8839 0.0008 -0.4676
vn 0.8763 0.0010 -0.4817
vn 0.8796 -0.0025 -0.4757
vn 0.8796 -0.0025 -0.4757
vn 0.8900 -0.0034 -0.4560
vn 0.8839 0.0008 -0.4676
vn 0.8958 0.0006 -0.4444
vn 0.8839 0.0008 -0.4676
vn 0.8900 -0.0034 -0.4560
vn 0.8958 0.0006 -0.4444
vn 0.8900 -0.0034 -0.4560
vn 0.8973 -0.0020 -0.4414
vn 0.8973 -0.0020 -0.4414
vn 0.9015 0.0006 -0.4327
vn 0.8958 0.0006 -0.4444
vn 0.8973 -0.0020 -0.4414
vn 0.9074 -0.0021 -0.4203
vn 0.9015 0.0006 -0.4327
vn 0.9131 -0.0004 -0.4078
vn 0.9015 0.0006 -0.4327
vn 0.9074 -0.0021 -0.4203
vn 0.9074 -0.0021 -0.4203
vn 0.9154 -0.0017 -0.4025
vn 0.9131 -0.0004 -0.4078
vn 0.9201 -0.0010 -0.3917
vn 0.9131 -0.0004 -0.4078
vn 0.9154 -0.0017 -0.4025
vn 0.9154 -0.0017 -0.4025
vn 0.9232 -0.0015 -0.3843
vn 0.9201 -0.0010 -0.3917
vn 0.9265 0.0042 -0.3764
vn 0.9201 -0.0010 -0.3917
vn 0.9232 -0.0015 -0.3843
vn 0.9232 -0.0015 -0.3843
vn 0.9324 0.0001 -0.3615
vn 0.9265 0.0042 -0.3764
vn 0.9350 0.0014 -0.3546
vn 0.9265 0.0042 -0.3764
vn 0.9324 0.0001 -0.3615
vn 0.9324 0.0001 -0.3615
vn 0.9398 0.0001 -0.3418
vn 0.9350 0.0014 -0.3546
vn 0.9440 0.0012 -0.3300
vn 0.9350 0.0014 -0.3546
vn 0.9398 0.0001 -0.3418
vn 0.9440 0.0012 -0.3300
vn 0.9398 0.0001 -0.3418
vn 0.9452 -0.0002 -0.3266
vn 0.9452 -0.0002 -0.3266
vn 0.9485 0.0015 -0.3167
vn 0.9440 0.0012 -0.3300
vn 0.9452 -0.0002 -0.3266
vn 0.9526 -0.0003 -0.3041
vn 0.9485 0.0015 -0.3167
vn 0.9567 0.0016 -0.2909
vn 0.9485 0.0015 -0.3167
vn 0.9526 -0.0003 -0.3041
vn 0.9526 -0.0003 -0.3041
vn 0.9581 -0.0003 -0.2865
vn 0.9567 0.0016 -0.2909
vn 0.9618 0.0006 -0.2738
vn 0.9567 0.0016 -0.2909
vn 0.9581 -0.0003 -0.2865
vn 0.9581 -0.0003 -0.2865
vn 0.9638 -0.0013 -0.2666
vn 0.9618 0.0006 -0.2738
vn 0.9675 0.0009 -0.2527
vn 0.9618 0.0006 -0.2738
vn 0.9638 -0.0013 -0.2666
vn 0.9638 -0.0013 -0.2666
vn 0.9691 -0.0011 -0.2465
vn 0.9675 0.0009 -0.2527
vn 0.9720 0.0010 -0.2352
vn 0.9675 0.0009 -0.2527
vn 0.9691 -0.0011 -0.2465
vn 0.9691 -0.0011 -0.2465
vn 0.9751 -0.0010 -0.2219
vn 0.9720 0.0010 -0.2352
vn 0.9775 0.0010 -0.2110
vn 0.9720 0.0010 -0.2352
vn 0.9751 -0.0010 -0.2219
vn 0.9775 0.0010 -0.2110
vn 0.9751 -0.0010 -0.2219
vn 0.9782 -0.0006 -0.2077
vn 0.9782 -0.0006 -0.2077
vn 0.9804 0.0014 -0.1968
vn 0.9775 0.0010 -0.2110
vn 0.9782 -0.0006 -0.2077
vn 0.9830 -0.0002 -0.1837
vn 0.9804 0.0014 -0.1968
vn 0.9850 0.0009 -0.1723
vn 0.9804 0.0014 -0.1968
vn 0.9830 -0.0002 -0.1837
vn 0.9830 -0.0002 -0.1837
vn 0.9859 -0.0000 -0.1673
vn 0.9850 0.0009 -0.1723
vn 0.9884 0.0010 -0.1518
vn 0.9850 0.0009 -0.1723
vn 0.9859 -0.0000 -0.1673
vn 0.9859 -0.0000 -0.1673
vn 0.9895 -0.0003 -0.1444
vn 0.9884 0.0010 -0.1518
vn 0.9913 0.0003 -0.1313
vn 0.9884 0.0010 -0.1518
vn 0.9895 -0.0003 -0.1444
vn 0.9895 -0.0003 -0.1444
vn 0.9921 -0.0005 -0.1252
vn 0.9913 0.0003 -0.1313
vn 0.9935 0.0003 -0.1137
vn 0.9913 0.0003 -0.1313
vn 0.9921 -0.0005 -0.1252
vn 0.9921 -0.0005 -0.1252
vn 0.9950 -0.0003 -0.1000
vn 0.9935 0.0003 -0.1137
vn 0.9960 0.0002 -0.0890
vn 0.9935 0.0003 -0.1137
vn 0.9950 -0.0003 -0.1000
vn 0.9960 0.0002 -0.0890
vn 0.9950 -0.0003 -0.1000
vn 0.9963 -0.0001 -0.0857
vn 0.9963 -0.0001 -0.0857
vn 0.9972 0.0000 -0.0746
vn 0.9960 0.0002 -0.0890
vn 0.9963 -0.0001 -0.0857
vn 0.9981 0.0003 -0.0608
vn 0.9972 0.0000 -0.0746
vn 0.9986 0.0008 -0.0521
vn 0.9972 0.0000 -0.0746
vn 0.9981 0.0003 -0.0608
vn 0.9981 0.0003 -0.0608
vn 0.9989 0.0003 -0.0459
vn 0.9986 0.0008 -0.0521
vn 0.9995 0.0003 -0.0303
vn 0.9986 0.0008 -0.0521
vn 0.9989 0.0003 -0.0459
vn 0.9989 0.0003 -0.0459
vn 0.9997 -0.0002 -0.0227
vn 0.9995 0.0003 -0.0303
vn 1.0000 0.0001 -0.0083
vn 0.9995 0.0003 -0.0303
vn 0.9997 -0.0002 -0.0227
vn 0.9997 -0.0002 -0.0227
vn 1.0000 -0.0001 -0.0021
vn 1.0000 0.0001 -0.0083
vn 1.0000 -0.0000 0.0075
vn 1.0000 0.0001 -0.0083
vn 1.0000 -0.0001 -0.0021
vn 1.0000 -0.0001 -0.0021
vn 1.0000 0.0000 0.0088
vn 1.0000 -0.0000 0.0075
vn 0.9981 0.0003 -0.0608
vn 0.9963 -0.0001 -0.0857
vn 0.9906 -0.0422 -0.1304
vn 0.9830 -0.0002 -0.1837
vn 0.9782 -0.0006 -0.2077
vn 0.9711 -0.0862 -0.2225
vn 0.9526 -0.0003 -0.3041
vn 0.9452 -0.0002 -0.3266
vn 0.9255 -0.1602 -0.3431
vn 0.8481 -0.0001 -0.5299
vn 0.8372 -0.0009 -0.5469
vn 0.7657 -0.2552 -0.5905
vn 0.7765 -0.0014 -0.6301
vn 0.7624 -0.0009 -0.6471
vn 0.7657 -0.2552 -0.5905
vn 0.7890 -0.0014 -0.6144
vn 0.7765 -0.0014 -0.6301
vn 0.7657 -0.2552 -0.5905
vn 0.8589 0.0006 -0.5122
vn 0.8481 -0.0001 -0.5299
vn 0.7657 -0.2552 -0.5905
vn 0.9154 -0.0017 -0.4025
vn 0.9074 -0.0021 -0.4203
vn 0.8703 -0.2245 -0.4383
vn 0.9581 -0.0003 -0.2865
vn 0.9526 -0.0003 -0.3041
vn 0.9255 -0.1602 -0.3431
vn 0.9859 -0.0000 -0.1673
vn 0.9830 -0.0002 -0.1837
vn 0.9711 -0.0862 -0.2225
vn 0.9989 0.0003 -0.0459
vn 0.9981 0.0003 -0.0608
vn 0.9906 -0.0422 -0.1304
vn 1.0000 0.0000 0.0088
vn 1.0000 -0.0001 -0.0021
vn 0.9983 -0.0346 -0.0459
vn 0.9975 -0.0009 0.0704
vn 0.9983 -0.0346 -0.0459
vn 0.9609 0.2676 0.0714
vn 0.7657 -0.2552 -0.5905
vn 0.7375 0.0000 -0.6754
vn 0.7250 0.0013 -0.6888
vn 0.8703 -0.2245 -0.4383
vn 0.9324 0.0001 -0.3615
vn 0.9232 -0.0015 -0.3843
vn 0.8703 -0.2245 -0.4383
vn 0.9232 -0.0015 -0.3843
vn 0.9154 -0.0017 -0.4025
vn 0.7657 -0.2552 -0.5905
vn 0.8095 -0.4558 -0.3700
vn 0.8703 -0.2245 -0.4383
vn 0.6868 -0.7091 0.1598
vn 0.8095 -0.4558 -0.3700
vn 0.2490 -0.9574 -0.1462
vn 0.7657 -0.2552 -0.5905
vn 0.8372 -0.0009 -0.5469
vn 0.8288 -0.0010 -0.5596
vn 0.7657 -0.2552 -0.5905
vn 0.8142 -0.0015 -0.5807
vn 0.8003 -0.0017 -0.5996
vn 0.7657 -0.2552 -0.5905
vn 0.5627 -0.3468 -0.7504
vn 0.8095 -0.4558 -0.3700
vn 0.7657 -0.2552 -0.5905
vn 0.8288 -0.0010 -0.5596
vn 0.8142 -0.0015 -0.5807
vn 0.7657 -0.2552 -0.5905
vn 0.7513 -0.0010 -0.6599
vn 0.7375 0.0000 -0.6754
vn 0.8095 -0.4558 -0.3700
vn 0.6378 -0.6582 -0.3999
vn 0.2490 -0.9574 -0.1462
vn 0.7275 -0.3884 -0.5656
vn 0.6378 -0.6582 -0.3999
vn 0.8095 -0.4558 -0.3700
vn 0.7657 -0.2552 -0.5905
vn 0.7624 -0.0009 -0.6471
vn 0.7513 -0.0010 -0.6599
vn 0.8095 -0.4558 -0.3700
vn 0.5627 -0.3468 -0.7504
vn 0.7275 -0.3884 -0.5656
vn 0.7657 -0.2552 -0.5905
vn 0.8003 -0.0017 -0.5996
vn 0.7890 -0.0014 -0.6144
vn 0.7657 -0.2552 -0.5905
vn 0.8647 -0.0045 -0.5022
vn 0.8589 0.0006 -0.5122
vn 0.8647 -0.0045 -0.5022
vn 0.7657 -0.2552 -0.5905
vn 0.8703 -0.2245 -0.4383
vn 0.8703 -0.2245 -0.4383
vn 0.8796 -0.0025 -0.4757
vn 0.8647 -0.0045 -0.5022
vn 0.8703 -0.2245 -0.4383
vn 0.8900 -0.0034 -0.4560
vn 0.8796 -0.0025 -0.4757
vn 0.8703 -0.2245 -0.4383
vn 0.8973 -0.0020 -0.4414
vn 0.8900 -0.0034 -0.4560
vn 0.9074 -0.0021 -0.4203
vn 0.8973 -0.0020 -0.4414
vn 0.8703 -0.2245 -0.4383
vn 0.9609 0.2676 0.0714
vn 0.9983 -0.0346 -0.0459
vn 0.9850 -0.1485 -0.0875
vn 0.9906 -0.0422 -0.1304
vn 0.9963 -0.0001 -0.0857
vn 0.9950 -0.0003 -0.1000
vn 0.9906 -0.0422 -0.1304
vn 0.9921 -0.0005 -0.1252
vn 0.9895 -0.0003 -0.1444
vn 0.9758 -0.0595 0.2102
vn 0.8978 -0.4390 0.0367
vn 0.9215 -0.1667 0.3509
vn 0.9850 -0.1485 -0.0875
vn 0.8978 -0.4390 0.0367
vn 0.9758 -0.0595 0.2102
vn 0.9850 -0.1485 -0.0875
vn 0.9758 -0.0595 0.2102
vn 0.9609 0.2676 0.0714
vn 0.9906 -0.0422 -0.1304
vn 0.9950 -0.0003 -0.1000
vn 0.9921 -0.0005 -0.1252
vn 0.9906 -0.0422 -0.1304
vn 0.9850 -0.1485 -0.0875
vn 0.9983 -0.0346 -0.0459
vn 0.9906 -0.0422 -0.1304
vn 0.9983 -0.0346 -0.0459
vn 0.9989 0.0003 -0.0459
vn 0.9983 -0.0346 -0.0459
vn 0.9997 -0.0002 -0.0227
vn 0.9989 0.0003 -0.0459
vn 1.0000 -0.0001 -0.0021
vn 0.9997 -0.0002 -0.0227
vn 0.9983 -0.0346 -0.0459
vn 0.9850 -0.1485 -0.0875
vn 0.9906 -0.0422 -0.1304
vn 0.9711 -0.0862 -0.2225
vn 0.9711 -0.0862 -0.2225
vn 0.9906 -0.0422 -0.1304
vn 0.9859 -0.0000 -0.1673
vn 0.9711 -0.0862 -0.2225
vn 0.9751 -0.0010 -0.2219
vn 0.9691 -0.0011 -0.2465
vn 0.9711 -0.0862 -0.2225
vn 0.9782 -0.0006 -0.2077
vn 0.9751 -0.0010 -0.2219
vn 0.8095 -0.4558 -0.3700
vn 0.9850 -0.1485 -0.0875
vn 0.9711 -0.0862 -0.2225
vn 0.9255 -0.1602 -0.3431
vn 0.9452 -0.0002 -0.3266
vn 0.9398 0.0001 -0.3418
vn 0.8095 -0.4558 -0.3700
vn 0.6868 -0.7091 0.1598
vn 0.8978 -0.4390 0.0367
vn 0.8095 -0.4558 -0.3700
vn 0.5588 -0.2045 -0.8037
vn 0.8118 -0.5034 -0.2959
vn 0.8978 -0.4390 0.0367
vn 0.9850 -0.1485 -0.0875
vn 0.8118 -0.5034 -0.2959
vn 0.9255 -0.1602 -0.3431
vn 0.8095 -0.4558 -0.3700
vn 0.9711 -0.0862 -0.2225
vn 0.9255 -0.1602 -0.3431
vn 0.9638 -0.0013 -0.2666
vn 0.9581 -0.0003 -0.2865
vn 0.9215 -0.1667 0.3509
vn 0.8978 -0.4390 0.0367
vn 0.6868 -0.7091 0.1598
vn 0.9638 -0.0013 -0.2666
vn 0.9255 -0.1602 -0.3431
vn 0.9711 -0.0862 -0.2225
vn 0.9711 -0.0862 -0.2225
vn 0.9691 -0.0011 -0.2465
vn 0.9638 -0.0013 -0.2666
vn 0.9906 -0.0422 -0.1304
vn 0.9895 -0.0003 -0.1444
vn 0.9859 -0.0000 -0.1673
vn 0.9255 -0.1602 -0.3431
vn 0.9398 0.0001 -0.3418
vn 0.9324 0.0001 -0.3615
vn 0.9324 0.0001 -0.3615
vn 0.8703 -0.2245 -0.4383
vn 0.9255 -0.1602 -0.3431
vn 0.8095 -0.4558 -0.3700
vn 0.9255 -0.1602 -0.3431
vn 0.8703 -0.2245 -0.4383
vn 0.9850 -0.1485 -0.0875
vn 0.8095 -0.4558 -0.3700
vn 0.8118 -0.5034 -0.2959
vn 0.7657 -0.2552 -0.5905
vn 0.7250 0.0013 -0.6888
vn 0.7205 -0.0114 -0.6933
vn 0.1303 -0.0007 -0.9915
vn 0.1211 -0.0101 -0.9926
vn 0.0875 -0.0140 -0.9961
vn 0.1066 -0.0728 -0.9916
vn 0.1140 -0.0697 -0.9910
vn 0.1998 -0.0021 -0.9798
vn 0.1779 0.0001 -0.9841
vn 0.1998 -0.0021 -0.9798
vn 0.1140 -0.0697 -0.9910
vn 0.1140 -0.0697 -0.9910
vn 0.1530 -0.0134 -0.9881
vn 0.1779 0.0001 -0.9841
vn 0.1510 -0.0004 -0.9885
vn 0.1779 0.0001 -0.9841
vn 0.1530 -0.0134 -0.9881
vn 0.1211 -0.0101 -0.9926
vn 0.1303 -0.0007 -0.9915
vn 0.1199 -0.0011 -0.9928
vn 0.1199 -0.0011 -0.9928
vn 0.1510 -0.0004 -0.9885
vn 0.1211 -0.0101 -0.9926
vn 0.1530 -0.0134 -0.9881
vn 0.1211 -0.0101 -0.9926
vn 0.1510 -0.0004 -0.9885
vn 0.0913 -0.0181 -0.9957
vn 0.0245 -0.0521 -0.9983
vn 0.2576 -0.0006 -0.9663
vn -0.0075 0.0137 -0.9999
vn -0.0078 -0.0116 -0.9999
vn 0.2681 0.0000 -0.9634
vn -0.0078 -0.0116 -0.9999
vn 0.0913 -0.0181 -0.9957
vn 0.2681 0.0000 -0.9634
vn 0.2576 -0.0006 -0.9663
vn 0.0245 -0.0521 -0.9983
vn 0.0741 -0.0550 -0.9957
vn 0.0741 -0.0550 -0.9957
vn 0.0659 -0.0738 -0.9951
vn 0.2576 -0.0006 -0.9663
vn 0.0659 -0.0738 -0.9951
vn 0.1502 -0.0475 -0.9875
vn 0.2576 -0.0006 -0.9663
vn 0.2304 -0.0013 -0.9731
vn 0.2576 -0.0006 -0.9663
vn 0.1502 -0.0475 -0.9875
vn 0.1502 -0.0475 -0.9875
vn 0.1066 -0.0728 -0.9916
vn 0.2304 -0.0013 -0.9731
vn 0.1998 -0.0021 -0.9798
vn 0.2304 -0.0013 -0.9731
vn 0.1066 -0.0728 -0.9916
vn 0.0913 -0.0181 -0.9957
vn 0.2576 -0.0006 -0.9663
vn 0.2681 0.0000 -0.9634
vn 0.2883 0.0015 -0.9575
vn 0.2681 0.0000 -0.9634
vn 0.2576 -0.0006 -0.9663
vn 0.2576 -0.0006 -0.9663
vn 0.2982 0.0016 -0.9545
vn 0.2883 0.0015 -0.9575
vn 0.2883 0.0015 -0.9575
vn 0.2982 0.0016 -0.9545
vn 0.3153 0.0015 -0.9490
vn 0.3156 0.0019 -0.9489
vn 0.2883 0.0015 -0.9575
vn 0.3153 0.0015 -0.9490
vn 0.3437 0.0006 -0.9391
vn 0.3156 0.0019 -0.9489
vn 0.3153 0.0015 -0.9490
vn 0.3437 0.0006 -0.9391
vn 0.3153 0.0015 -0.9490
vn 0.3431 0.0016 -0.9393
vn 0.3437 0.0006 -0.9391
vn 0.3431 0.0016 -0.9393
vn 0.3628 0.0005 -0.9319
vn 0.3676 0.0004 -0.9300
vn 0.3437 0.0006 -0.9391
vn 0.3628 0.0005 -0.9319
vn 0.3676 0.0004 -0.9300
vn 0.3628 0.0005 -0.9319
vn 0.3934 0.0000 -0.9194
vn 0.4463 0.0003 -0.8949
vn 0.4283 0.0004 -0.9036
vn 0.4205 -0.0002 -0.9073
vn 0.4283 0.0004 -0.9036
vn 0.4053 0.0001 -0.9142
vn 0.4205 -0.0002 -0.9073
vn 0.4053 0.0001 -0.9142
vn 0.3934 0.0000 -0.9194
vn 0.4205 -0.0002 -0.9073
vn 0.4053 0.0001 -0.9142
vn 0.3926 -0.0008 -0.9197
vn 0.3934 0.0000 -0.9194
vn 0.3926 -0.0008 -0.9197
vn 0.3676 0.0004 -0.9300
vn 0.3934 0.0000 -0.9194
vn 0.4205 -0.0002 -0.9073
vn 0.4376 -0.0006 -0.8992
vn 0.4463 0.0003 -0.8949
vn 0.4463 0.0003 -0.8949
vn 0.4376 -0.0006 -0.8992
vn 0.4230 -0.0005 -0.9061
vn 0.4230 -0.0005 -0.9061
vn 0.4674 -0.0001 -0.8840
vn 0.4463 0.0003 -0.8949
vn 0.5071 -0.0001 -0.8619
vn 0.5334 0.0000 -0.8459
vn 0.5316 0.0011 -0.8470
vn 0.5071 -0.0001 -0.8619
vn 0.5316 0.0011 -0.8470
vn 0.5035 0.0015 -0.8640
vn 0.5035 0.0015 -0.8640
vn 0.4994 0.0000 -0.8663
vn 0.5071 -0.0001 -0.8619
vn 0.5149 -0.0003 -0.8573
vn 0.5071 -0.0001 -0.8619
vn 0.4994 0.0000 -0.8663
vn 0.5149 -0.0003 -0.8573
vn 0.4994 0.0000 -0.8663
vn 0.4674 -0.0001 -0.8840
vn 0.4674 -0.0001 -0.8840
vn 0.4302 0.0190 -0.9025
vn 0.5149 -0.0003 -0.8573
vn 0.4230 -0.0005 -0.9061
vn 0.4302 0.0190 -0.9025
vn 0.4674 -0.0001 -0.8840
vn 0.5697 0.0015 -0.8218
vn 0.5800 0.0010 -0.8146
vn 0.5589 0.0006 -0.8292
vn 0.5434 0.0014 -0.8395
vn 0.5316 0.0011 -0.8470
vn 0.5334 0.0000 -0.8459
vn 0.5334 0.0000 -0.8459
vn 0.5462 0.0004 -0.8377
vn 0.5434 0.0014 -0.8395
vn 0.5462 0.0004 -0.8377
vn 0.5589 0.0006 -0.8292
vn 0.5434 0.0014 -0.8395
vn 0.5589 0.0006 -0.8292
vn 0.5462 0.0004 -0.8377
vn 0.5555 0.0011 -0.8315
vn 0.5555 0.0011 -0.8315
vn 0.5697 0.0015 -0.8218
vn 0.5589 0.0006 -0.8292
vn 0.5800 0.0010 -0.8146
vn 0.5697 0.0015 -0.8218
vn 0.5685 -0.0001 -0.8227
vn 0.5685 -0.0001 -0.8227
vn 0.5989 0.0005 -0.8008
vn 0.5800 0.0010 -0.8146
vn 0.5685 -0.0001 -0.8227
vn 0.5944 -0.0555 -0.8023
vn 0.5989 0.0005 -0.8008
vn 0.5944 -0.0555 -0.8023
vn 0.6324 -0.0003 -0.7746
vn 0.5989 0.0005 -0.8008
vn 0.6472 0.0001 -0.7623
vn 0.6619 0.0027 -0.7496
vn 0.6417 0.0029 -0.7669
vn 0.6417 0.0029 -0.7669
vn 0.6322 0.0012 -0.7748
vn 0.6472 0.0001 -0.7623
vn 0.6425 0.0004 -0.7663
vn 0.6472 0.0001 -0.7623
vn 0.6322 0.0012 -0.7748
vn 0.6322 0.0012 -0.7748
vn 0.6324 -0.0003 -0.7746
vn 0.6425 0.0004 -0.7663
vn 0.6324 -0.0003 -0.7746
vn 0.6322 0.0012 -0.7748
vn 0.6078 0.0060 -0.7941
vn 0.6078 0.0060 -0.7941
vn 0.5989 0.0005 -0.8008
vn 0.6324 -0.0003 -0.7746
vn 0.6472 0.0001 -0.7623
vn 0.6728 0.0001 -0.7398
vn 0.6619 0.0027 -0.7496
vn 0.5486 0.0017 -0.8361
vn 0.6619 0.0027 -0.7496
vn 0.6728 0.0001 -0.7398
vn 0.6728 0.0001 -0.7398
vn 0.6860 0.0016 -0.7276
vn 0.5486 0.0017 -0.8361
vn 0.6860 0.0016 -0.7276
vn 0.7020 0.0961 -0.7056
vn 0.5486 0.0017 -0.8361
vn 0.7323 0.0031 -0.6809
vn 0.7020 0.0961 -0.7056
vn 0.6860 0.0016 -0.7276
vn 0.6860 0.0016 -0.7276
vn 0.7205 -0.0114 -0.6933
vn 0.7323 0.0031 -0.6809
vn 0.7205 -0.0114 -0.6933
vn 0.7222 0.0067 -0.6916
vn 0.7323 0.0031 -0.6809
vn 0.0875 -0.0140 -0.9961
vn 0.0609 -0.0105 -0.9981
vn 0.1303 -0.0007 -0.9915
vn 0.0695 -0.0514 -0.9963
vn 0.1303 -0.0007 -0.9915
vn 0.0609 -0.0105 -0.9981
vn 0.0609 -0.0105 -0.9981
vn 0.0017 -0.0004 -1.0000
vn 0.0695 -0.0514 -0.9963
vn 0.0609 -0.0105 -0.9981
vn 0.0334 -0.0018 -0.9994
vn 0.0017 -0.0004 -1.0000
vn 0.0232 -0.0005 -0.9997
vn 0.0017 -0.0004 -1.0000
vn 0.0334 -0.0018 -0.9994
vn 0.0334 -0.0018 -0.9994
vn 0.0200 -0.0024 -0.9998
vn 0.0232 -0.0005 -0.9997
vn 0.6728 0.0001 -0.7398
vn 0.6472 0.0001 -0.7623
vn 0.7205 -0.0114 -0.6933
vn 0.6425 0.0004 -0.7663
vn 0.6324 -0.0003 -0.7746
vn 0.5944 -0.0555 -0.8023
vn 0.5071 -0.0001 -0.8619
vn 0.5149 -0.0003 -0.8573
vn 0.4302 0.0190 -0.9025
vn 0.4230 -0.0005 -0.9061
vn 0.4376 -0.0006 -0.8992
vn 0.4302 0.0190 -0.9025
vn 0.5555 0.0011 -0.8315
vn 0.5462 0.0004 -0.8377
vn 0.4302 0.0190 -0.9025
vn 0.4302 0.0190 -0.9025
vn 0.5462 0.0004 -0.8377
vn 0.5334 0.0000 -0.8459
vn 0.5944 -0.0555 -0.8023
vn 0.5685 -0.0001 -0.8227
vn 0.5697 0.0015 -0.8218
vn 0.6860 0.0016 -0.7276
vn 0.6728 0.0001 -0.7398
vn 0.7205 -0.0114 -0.6933
vn 0.5627 -0.3468 -0.7504
vn 0.7657 -0.2552 -0.5905
vn 0.7205 -0.0114 -0.6933
vn 0.3014 -0.7824 -0.5449
vn 0.2490 -0.9574 -0.1462
vn 0.6378 -0.6582 -0.3999
vn 0.3866 -0.8759 -0.2888
vn 0.2490 -0.9574 -0.1462
vn 0.3014 -0.7824 -0.5449
vn 0.5627 -0.3468 -0.7504
vn 0.7205 -0.0114 -0.6933
vn 0.5944 -0.0555 -0.8023
vn 0.5944 -0.0555 -0.8023
vn 0.7205 -0.0114 -0.6933
vn 0.6425 0.0004 -0.7663
vn 0.7205 -0.0114 -0.6933
vn 0.6472 0.0001 -0.7623
vn 0.6425 0.0004 -0.7663
vn 0.5334 0.0000 -0.8459
vn 0.5071 -0.0001 -0.8619
vn 0.4302 0.0190 -0.9025
vn 0.0573 -0.9888 -0.1376
vn 0.0231 -0.9997 0.0064
vn 0.2490 -0.9574 -0.1462
vn 0.6378 -0.6582 -0.3999
vn 0.5627 -0.3468 -0.7504
vn 0.3014 -0.7824 -0.5449
vn 0.5697 0.0015 -0.8218
vn 0.5555 0.0011 -0.8315
vn 0.4302 0.0190 -0.9025
vn 0.5627 -0.3468 -0.7504
vn 0.5944 -0.0555 -0.8023
vn 0.4302 0.0190 -0.9025
vn 0.4302 0.0190 -0.9025
vn 0.5944 -0.0555 -0.8023
vn 0.5697 0.0015 -0.8218
vn 0.2490 -0.9574 -0.1462
vn 0.3866 -0.8759 -0.2888
vn 0.0573 -0.9888 -0.1376
vn 0.5627 -0.3468 -0.7504
vn 0.6378 -0.6582 -0.3999
vn 0.7275 -0.3884 -0.5656
vn -0.0221 -0.5202 -0.8538
vn -0.0217 -0.5448 -0.8383
vn 0.0678 -0.6005 -0.7967
vn -0.0217 -0.5448 -0.8383
vn -0.0213 -0.5691 -0.8220
vn 0.0678 -0.6005 -0.7967
vn -0.0213 -0.5691 -0.8220
vn -0.0223 -0.6001 -0.7996
vn 0.0678 -0.6005 -0.7967
vn -0.0223 -0.6001 -0.7996
vn -0.0226 -0.6264 -0.7791
vn 0.0678 -0.6005 -0.7967
vn -0.0226 -0.6264 -0.7791
vn -0.0243 -0.6450 -0.7638
vn 0.0678 -0.6005 -0.7967
vn -0.0243 -0.6450 -0.7638
vn -0.0438 -0.7050 -0.7079
vn 0.0678 -0.6005 -0.7967
vn -0.0243 -0.6450 -0.7638
vn -0.0245 -0.6722 -0.7399
vn -0.0438 -0.7050 -0.7079
vn -0.0438 -0.7050 -0.7079
vn -0.0245 -0.6722 -0.7399
vn -0.0250 -0.6832 -0.7298
vn -0.0438 -0.7050 -0.7079
vn -0.0246 -0.7404 -0.6717
vn -0.0227 -0.7470 -0.6645
vn -0.0227 -0.7470 -0.6645
vn 0.1198 -0.7557 -0.6439
vn -0.0438 -0.7050 -0.7079
vn -0.0227 -0.7470 -0.6645
vn -0.0226 -0.7705 -0.6371
vn 0.1198 -0.7557 -0.6439
vn -0.0226 -0.7705 -0.6371
vn -0.0224 -0.7775 -0.6285
vn 0.1198 -0.7557 -0.6439
vn -0.0224 -0.7775 -0.6285
vn -0.0224 -0.7993 -0.6005
vn 0.1198 -0.7557 -0.6439
vn -0.0224 -0.7993 -0.6005
vn -0.0229 -0.8165 -0.5769
vn 0.1198 -0.7557 -0.6439
vn -0.0229 -0.8165 -0.5769
vn -0.0237 -0.8338 -0.5516
vn 0.1198 -0.7557 -0.6439
vn -0.0237 -0.8338 -0.5516
vn 0.0566 -0.8626 -0.5028
vn 0.1198 -0.7557 -0.6439
vn -0.0237 -0.8338 -0.5516
vn -0.0235 -0.8520 -0.5230
vn 0.0566 -0.8626 -0.5028
vn 0.0566 -0.8626 -0.5028
vn -0.0235 -0.8520 -0.5230
vn -0.0234 -0.8665 -0.4986
vn 0.0566 -0.8626 -0.5028
vn -0.0234 -0.8665 -0.4986
vn -0.0226 -0.8804 -0.4737
vn -0.0226 -0.8804 -0.4737
vn -0.0231 -0.8982 -0.4390
vn 0.0566 -0.8626 -0.5028
vn 0.0566 -0.8626 -0.5028
vn -0.0231 -0.8982 -0.4390
vn -0.0241 -0.9013 -0.4326
vn -0.0241 -0.9013 -0.4326
vn -0.0455 -0.9239 -0.3800
vn 0.0566 -0.8626 -0.5028
vn -0.0241 -0.9013 -0.4326
vn -0.0238 -0.9142 -0.4046
vn -0.0455 -0.9239 -0.3800
vn -0.0455 -0.9239 -0.3800
vn -0.0221 -0.9386 -0.3442
vn -0.0222 -0.9465 -0.3218
vn 0.0499 -0.9503 -0.3073
vn -0.0455 -0.9239 -0.3800
vn -0.0222 -0.9465 -0.3218
vn -0.0222 -0.9465 -0.3218
vn -0.0210 -0.9602 -0.2785
vn 0.0499 -0.9503 -0.3073
vn -0.0210 -0.9602 -0.2785
vn -0.0184 -0.9669 -0.2545
vn 0.0499 -0.9503 -0.3073
vn -0.0237 -0.4901 -0.8714
vn -0.0221 -0.5202 -0.8538
vn 0.0678 -0.6005 -0.7967
vn 0.0678 -0.6005 -0.7967
vn -0.0191 -0.4679 -0.8836
vn -0.0237 -0.4901 -0.8714
vn -0.0191 -0.4679 -0.8836
vn 0.0678 -0.6005 -0.7967
vn 0.2250 -0.4993 -0.8367
vn 0.2250 -0.4993 -0.8367
vn -0.0202 -0.5040 -0.8635
vn -0.0191 -0.4679 -0.8836
vn -0.0182 -0.3646 -0.9310
vn -0.0166 -0.2453 -0.9693
vn 0.2250 -0.4993 -0.8367
vn -0.0183 -0.3529 -0.9355
vn -0.0182 -0.3646 -0.9310
vn 0.2250 -0.4993 -0.8367
vn 0.2250 -0.4993 -0.8367
vn -0.0413 -0.2863 -0.9573
vn -0.0183 -0.3529 -0.9355
vn -0.0253 -0.1899 -0.9815
vn -0.0205 -0.2700 -0.9627
vn -0.0413 -0.2863 -0.9573
vn -0.0413 -0.2863 -0.9573
vn 0.1762 -0.1973 -0.9644
vn -0.0253 -0.1899 -0.9815
vn -0.0294 -0.1758 -0.9840
vn -0.0292 -0.3336 -0.9423
vn 0.1762 -0.1973 -0.9644
vn 0.1762 -0.1973 -0.9644
vn 0.0695 -0.0514 -0.9963
vn -0.0294 -0.1758 -0.9840
vn -0.0178 -0.1349 -0.9907
vn -0.0294 -0.1758 -0.9840
vn 0.0695 -0.0514 -0.9963
vn -0.0174 -0.1201 -0.9926
vn -0.0178 -0.1349 -0.9907
vn 0.0695 -0.0514 -0.9963
vn -0.0164 -0.0883 -0.9960
vn -0.0174 -0.1201 -0.9926
vn 0.0695 -0.0514 -0.9963
vn -0.0163 -0.0739 -0.9971
vn -0.0164 -0.0883 -0.9960
vn 0.0695 -0.0514 -0.9963
vn -0.0161 -0.0423 -0.9990
vn -0.0163 -0.0739 -0.9971
vn 0.0695 -0.0514 -0.9963
vn -0.0156 -0.0258 -0.9995
vn -0.0161 -0.0423 -0.9990
vn 0.0695 -0.0514 -0.9963
vn 0.0232 -0.0005 -0.9997
vn 0.0179 -0.0001 -0.9998
vn -0.0156 -0.0258 -0.9995
vn 0.0179 -0.0001 -0.9998
vn -0.0175 -0.0003 -0.9998
vn -0.0156 -0.0258 -0.9995
vn 0.4302 0.0190 -0.9025
vn 0.4205 -0.0002 -0.9073
vn 0.3934 0.0000 -0.9194
vn 0.4302 0.0190 -0.9025
vn 0.3628 0.0005 -0.9319
vn 0.3431 0.0016 -0.9393
vn 0.4302 0.0190 -0.9025
vn 0.3153 0.0015 -0.9490
vn 0.2982 0.0016 -0.9545
vn 0.2736 -0.0392 -0.9610
vn 0.2304 -0.0013 -0.9731
vn 0.1998 -0.0021 -0.9798
vn 0.0695 -0.0514 -0.9963
vn 0.1779 0.0001 -0.9841
vn 0.1510 -0.0004 -0.9885
vn 0.4302 0.0190 -0.9025
vn 0.4376 -0.0006 -0.8992
vn 0.4205 -0.0002 -0.9073
vn 0.0566 -0.8626 -0.5028
vn -0.0455 -0.9239 -0.3800
vn 0.1722 -0.7625 -0.6237
vn 0.0232 -0.0005 -0.9997
vn -0.0156 -0.0258 -0.9995
vn 0.0695 -0.0514 -0.9963
vn -0.0455 -0.9239 -0.3800
vn 0.0499 -0.9503 -0.3073
vn 0.1722 -0.7625 -0.6237
vn 0.0695 -0.0514 -0.9963
vn 0.0017 -0.0004 -1.0000
vn 0.0232 -0.0005 -0.9997
vn 0.0566 -0.8626 -0.5028
vn 0.1722 -0.7625 -0.6237
vn 0.1198 -0.7557 -0.6439
vn -0.0438 -0.7050 -0.7079
vn 0.1198 -0.7557 -0.6439
vn 0.0678 -0.6005 -0.7967
vn 0.0695 -0.0514 -0.9963
vn 0.1199 -0.0011 -0.9928
vn 0.1303 -0.0007 -0.9915
vn 0.0678 -0.6005 -0.7967
vn 0.1722 -0.7625 -0.6237
vn 0.2250 -0.4993 -0.8367
vn -0.0413 -0.2863 -0.9573
vn 0.2250 -0.4993 -0.8367
vn 0.1762 -0.1973 -0.9644
vn 0.0695 -0.0514 -0.9963
vn 0.1762 -0.1973 -0.9644
vn 0.2736 -0.0392 -0.9610
vn 0.1510 -0.0004 -0.9885
vn 0.1199 -0.0011 -0.9928
vn 0.0695 -0.0514 -0.9963
vn 0.1722 -0.7625 -0.6237
vn 0.0678 -0.6005 -0.7967
vn 0.1198 -0.7557 -0.6439
vn 0.0695 -0.0514 -0.9963
vn 0.2736 -0.0392 -0.9610
vn 0.1998 -0.0021 -0.9798
vn 0.1998 -0.0021 -0.9798
vn 0.1779 0.0001 -0.9841
vn 0.0695 -0.0514 -0.9963
vn 0.2576 -0.0006 -0.9663
vn 0.2304 -0.0013 -0.9731
vn 0.2736 -0.0392 -0.9610
vn 0.0499 -0.9503 -0.3073
vn 0.3014 -0.7824 -0.5449
vn 0.1722 -0.7625 -0.6237
vn 0.5627 -0.3468 -0.7504
vn 0.1762 -0.1973 -0.9644
vn 0.2250 -0.4993 -0.8367
vn 0.3014 -0.7824 -0.5449
vn 0.0499 -0.9503 -0.3073
vn 0.0573 -0.9888 -0.1376
vn 0.2982 0.0016 -0.9545
vn 0.2736 -0.0392 -0.9610
vn 0.4302 0.0190 -0.9025
vn 0.2736 -0.0392 -0.9610
vn 0.2982 0.0016 -0.9545
vn 0.2576 -0.0006 -0.9663
vn 0.0573 -0.9888 -0.1376
vn 0.3866 -0.8759 -0.2888
vn 0.3014 -0.7824 -0.5449
vn 0.4302 0.0190 -0.9025
vn 0.2736 -0.0392 -0.9610
vn 0.1762 -0.1973 -0.9644
vn 0.1722 -0.7625 -0.6237
vn 0.3014 -0.7824 -0.5449
vn 0.2250 -0.4993 -0.8367
vn 0.4302 0.0190 -0.9025
vn 0.3431 0.0016 -0.9393
vn 0.3153 0.0015 -0.9490
vn 0.4302 0.0190 -0.9025
vn 0.1762 -0.1973 -0.9644
vn 0.5627 -0.3468 -0.7504
vn 0.2250 -0.4993 -0.8367
vn 0.3014 -0.7824 -0.5449
vn 0.5627 -0.3468 -0.7504
vn 0.4302 0.0190 -0.9025
vn 0.3934 0.0000 -0.9194
vn 0.3628 0.0005 -0.9319
vn 0.2490 -0.9574 -0.1462
vn 0.4046 -0.8952 0.1866
vn 0.6868 -0.7091 0.1598
vn 0.6868 -0.7091 0.1598
vn 0.4046 -0.8952 0.1866
vn 0.9215 -0.1667 0.3509
vn 0.7937 -0.2881 0.5358
vn 0.6366 -0.6097 0.4721
vn 0.7639 -0.3410 0.5478
vn 0.7639 -0.3410 0.5478
vn 0.7832 -0.2829 0.5537
vn 0.7937 -0.2881 0.5358
vn 0.8175 -0.0206 0.5755
vn 0.7937 -0.2881 0.5358
vn 0.8074 -0.1378 0.5736
vn 0.6372 -0.6358 0.4355
vn 0.6772 -0.5699 0.4654
vn 0.6366 -0.6097 0.4721
vn 0.6772 -0.5699 0.4654
vn 0.7079 -0.5083 0.4904
vn 0.6366 -0.6097 0.4721
vn 0.7079 -0.5083 0.4904
vn 0.7411 -0.4245 0.5202
vn 0.6366 -0.6097 0.4721
vn 0.7411 -0.4245 0.5202
vn 0.7639 -0.3410 0.5478
vn 0.6366 -0.6097 0.4721
vn 0.4584 -0.8397 0.2912
vn 0.4818 -0.8092 0.3364
vn 0.6366 -0.6097 0.4721
vn 0.4818 -0.8092 0.3364
vn 0.5619 -0.7319 0.3854
vn 0.6366 -0.6097 0.4721
vn 0.5619 -0.7319 0.3854
vn 0.6013 -0.6852 0.4110
vn 0.6366 -0.6097 0.4721
vn 0.6013 -0.6852 0.4110
vn 0.6372 -0.6358 0.4355
vn 0.6366 -0.6097 0.4721
vn 0.8175 -0.0206 0.5755
vn 0.8605 -0.2269 0.4562
vn 0.7937 -0.2881 0.5358
vn 0.6366 -0.6097 0.4721
vn 0.7937 -0.2881 0.5358
vn 0.8605 -0.2269 0.4562
vn 0.4584 -0.8397 0.2912
vn 0.6366 -0.6097 0.4721
vn 0.4046 -0.8952 0.1866
vn 0.8605 -0.2269 0.4562
vn 0.4046 -0.8952 0.1866
vn 0.6366 -0.6097 0.4721
vn 0.9215 -0.1667 0.3509
vn 0.4046 -0.8952 0.1866
vn 0.8605 -0.2269 0.4562
vn 0.8605 -0.2269 0.4562
vn 0.8857 0.0743 0.4582
vn 0.9215 -0.1667 0.3509
vn -0.9695 -0.2451 -0.0069
vn -1.0000 -0.0007 -0.0010
vn -1.0000 0.0012 -0.0023
vn -1.0000 0.0012 -0.0023
vn -0.9790 0.1961 0.0566
vn -0.9695 -0.2451 -0.0069
vn -0.9790 0.1961 0.0566
vn -0.9975 0.0237 -0.0665
vn -0.9695 -0.2451 -0.0069
vn -0.9975 0.0237 -0.0665
vn -0.6450 0.7636 -0.0280
vn -0.9713 0.1869 -0.1471
vn -0.9653 -0.2318 -0.1201
vn -0.9975 0.0237 -0.0665
vn -0.9713 0.1869 -0.1471
vn -0.9839 0.0003 -0.1785
vn -0.9653 -0.2318 -0.1201
vn -0.9713 0.1869 -0.1471
vn -0.9713 0.1869 -0.1471
vn -0.9221 0.3431 -0.1786
vn -0.9479 -0.2693 -0.1703
vn -0.9479 -0.2693 -0.1703
vn -0.9839 0.0003 -0.1785
vn -0.9713 0.1869 -0.1471
vn -0.9182 -0.3362 -0.2095
vn -0.9479 -0.2693 -0.1703
vn -0.9221 0.3431 -0.1786
vn -0.9594 -0.1291 -0.2508
vn -0.9182 -0.3362 -0.2095
vn -0.9221 0.3431 -0.1786
vn -0.8646 0.4523 -0.2187
vn -0.7673 0.5924 -0.2456
vn -0.9594 -0.1291 -0.2508
vn -0.9535 -0.0233 -0.3004
vn -0.9594 -0.1291 -0.2508
vn -0.7673 0.5924 -0.2456
vn -0.9521 0.0140 -0.3056
vn -0.9446 0.0083 -0.3282
vn -0.9503 -0.0002 -0.3114
vn -0.9503 -0.0002 -0.3114
vn -0.9535 -0.0233 -0.3004
vn -0.9521 0.0140 -0.3056
vn -0.7673 0.5924 -0.2456
vn -0.9521 0.0140 -0.3056
vn -0.9535 -0.0233 -0.3004
vn -0.5382 -0.8232 -0.1811
vn -0.4726 -0.8680 -0.1526
vn -0.4195 -0.8969 -0.1399
vn -0.4195 -0.8969 -0.1399
vn -0.5555 -0.8110 -0.1836
vn -0.5382 -0.8232 -0.1811
vn -0.5838 -0.7889 -0.1920
vn -0.5382 -0.8232 -0.1811
vn -0.5555 -0.8110 -0.1836
vn -0.5555 -0.8110 -0.1836
vn -0.5969 -0.7779 -0.1965
vn -0.5838 -0.7889 -0.1920
vn -0.6385 -0.7410 -0.2077
vn -0.5838 -0.7889 -0.1920
vn -0.5969 -0.7779 -0.1965
vn -0.5969 -0.7779 -0.1965
vn -0.6477 -0.7324 -0.2101
vn -0.6385 -0.7410 -0.2077
vn -0.6772 -0.7024 -0.2191
vn -0.6385 -0.7410 -0.2077
vn -0.6477 -0.7324 -0.2101
vn -0.6477 -0.7324 -0.2101
vn -0.6889 -0.6902 -0.2217
vn -0.6772 -0.7024 -0.2191
vn -0.6889 -0.6902 -0.2217
vn -0.7107 -0.6651 -0.2293
vn -0.6772 -0.7024 -0.2191
vn -0.6889 -0.6902 -0.2217
vn -0.7177 -0.6585 -0.2265
vn -0.7107 -0.6651 -0.2293
vn -0.7177 -0.6585 -0.2265
vn -0.7589 -0.6058 -0.2390
vn -0.7107 -0.6651 -0.2293
vn -0.6674 -0.6677 -0.3298
vn -0.7107 -0.6651 -0.2293
vn -0.7589 -0.6058 -0.2390
vn -0.7982 -0.5442 -0.2585
vn -0.6674 -0.6677 -0.3298
vn -0.7589 -0.6058 -0.2390
vn -0.7589 -0.6058 -0.2390
vn -0.7999 -0.5469 -0.2471
vn -0.7982 -0.5442 -0.2585
vn -0.7999 -0.5469 -0.2471
vn -0.8270 -0.4933 -0.2696
vn -0.7982 -0.5442 -0.2585
vn -0.8270 -0.4933 -0.2696
vn -0.7999 -0.5469 -0.2471
vn -0.7866 -0.5725 -0.2312
vn -0.7866 -0.5725 -0.2312
vn -0.8489 -0.4512 -0.2754
vn -0.8270 -0.4933 -0.2696
vn -0.8627 -0.4178 -0.2849
vn -0.8270 -0.4933 -0.2696
vn -0.8489 -0.4512 -0.2754
vn -0.8489 -0.4512 -0.2754
vn -0.8753 -0.3908 -0.2849
vn -0.8627 -0.4178 -0.2849
vn -0.8886 -0.3494 -0.2972
vn -0.8627 -0.4178 -0.2849
vn -0.8753 -0.3908 -0.2849
vn -0.8753 -0.3908 -0.2849
vn -0.8984 -0.3273 -0.2927
vn -0.8886 -0.3494 -0.2972
vn -0.9003 -0.2961 -0.3190
vn -0.8886 -0.3494 -0.2972
vn -0.8984 -0.3273 -0.2927
vn -0.8984 -0.3273 -0.2927
vn -0.9174 -0.2631 -0.2986
vn -0.9003 -0.2961 -0.3190
vn -0.9297 -0.2012 -0.3085
vn -0.9003 -0.2961 -0.3190
vn -0.9174 -0.2631 -0.2986
vn -0.9174 -0.2631 -0.2986
vn -0.9319 -0.2097 -0.2959
vn -0.9297 -0.2012 -0.3085
vn -0.9319 -0.2097 -0.2959
vn -0.9385 -0.1587 -0.3065
vn -0.9297 -0.2012 -0.3085
vn -0.9414 -0.1262 -0.3129
vn -0.9297 -0.2012 -0.3085
vn -0.9385 -0.1587 -0.3065
vn -0.9414 -0.1262 -0.3129
vn -0.9385 -0.1587 -0.3065
vn -0.9459 -0.0957 -0.3100
vn -0.9471 -0.0594 -0.3154
vn -0.9414 -0.1262 -0.3129
vn -0.9459 -0.0957 -0.3100
vn -0.9459 -0.0957 -0.3100
vn -0.9493 -0.0414 -0.3117
vn -0.9471 -0.0594 -0.3154
vn -0.9493 -0.0414 -0.3117
vn -0.9479 -0.0034 -0.3187
vn -0.9471 -0.0594 -0.3154
vn -0.9479 -0.0034 -0.3187
vn -0.9493 -0.0414 -0.3117
vn -0.9503 -0.0002 -0.3114
vn -0.2536 -0.9664 -0.0411
vn -0.4726 -0.8680 -0.1526
vn -0.5861 -0.7742 -0.2390
vn -0.0736 -0.9971 0.0177
vn -0.2536 -0.9664 -0.0411
vn -0.5861 -0.7742 -0.2390
vn -0.9446 0.0083 -0.3282
vn -0.9479 -0.0034 -0.3187
vn -0.9503 -0.0002 -0.3114
vn -0.9446 0.0083 -0.3282
vn -0.9521 0.0140 -0.3056
vn -0.8618 0.4204 -0.2837
vn -0.9521 0.0140 -0.3056
vn -0.5446 0.8189 -0.1813
vn -0.8618 0.4204 -0.2837
vn -0.4801 0.8620 -0.1625
vn -0.8618 0.4204 -0.2837
vn -0.5446 0.8189 -0.1813
vn -0.5446 0.8189 -0.1813
vn -0.4906 0.8417 -0.2256
vn -0.4801 0.8620 -0.1625
vn 0.8283 0.0081 0.5602
vn 0.8501 0.0227 0.5261
vn 0.7630 0.3496 0.5437
vn 0.6532 0.5968 0.4660
vn 0.8501 0.0227 0.5261
vn 0.4709 0.8193 0.3272
vn -0.4801 0.8620 -0.1625
vn -0.6421 0.6450 -0.4144
vn -0.9446 0.0083 -0.3282
vn -0.9446 0.0083 -0.3282
vn -0.8618 0.4204 -0.2837
vn -0.4801 0.8620 -0.1625
vn 0.6532 0.5968 0.4660
vn 0.7630 0.3496 0.5437
vn 0.8501 0.0227 0.5261
vn 0.8501 0.0227 0.5261
vn 0.6321 0.7098 0.3107
vn 0.4709 0.8193 0.3272
vn 0.4444 0.8779 -0.1785
vn 0.8912 0.3534 -0.2844
vn 0.8169 0.4003 -0.4153
vn 0.5048 0.8620 -0.0467
vn 0.8912 0.3534 -0.2844
vn 0.4444 0.8779 -0.1785
vn 0.5048 0.8620 -0.0467
vn 0.9039 0.3779 0.2002
vn 0.9062 0.4206 -0.0435
vn 0.4288 0.8980 0.0985
vn 0.9039 0.3779 0.2002
vn 0.5048 0.8620 -0.0467
vn 0.9062 0.4206 -0.0435
vn 0.8912 0.3534 -0.2844
vn 0.5048 0.8620 -0.0467
vn -0.6421 0.6450 -0.4144
vn -0.6683 0.7429 -0.0390
vn -0.4963 0.8426 -0.2092
vn 0.1124 0.9485 -0.2961
vn 0.4361 0.6688 -0.6021
vn 0.3924 0.5044 -0.7691
vn -0.1083 0.4903 -0.8648
vn -0.0678 0.9170 -0.3931
vn 0.1551 0.5635 -0.8114
vn -0.0678 0.9170 -0.3931
vn -0.1083 0.4903 -0.8648
vn -0.3409 0.5771 -0.7421
vn -0.6421 0.6450 -0.4144
vn -0.2461 0.9408 -0.2330
vn -0.5665 0.5610 -0.6037
vn 0.1124 0.9485 -0.2961
vn 0.3924 0.5044 -0.7691
vn 0.1551 0.5635 -0.8114
vn 0.0355 0.8487 -0.5276
vn 0.1750 0.8914 -0.4180
vn 0.1551 0.5635 -0.8114
vn -0.0678 0.9170 -0.3931
vn -0.3409 0.5771 -0.7421
vn -0.1401 0.9296 -0.3409
vn -0.6421 0.6450 -0.4144
vn -0.4963 0.8426 -0.2092
vn -0.2461 0.9408 -0.2330
vn -0.3409 0.5771 -0.7421
vn -0.5424 0.7581 -0.3621
vn -0.1401 0.9296 -0.3409
vn 0.0355 0.8487 -0.5276
vn 0.1551 0.5635 -0.8114
vn -0.0678 0.9170 -0.3931
vn 0.3110 0.9079 -0.2810
vn 0.5302 0.7119 -0.4605
vn 0.4361 0.6688 -0.6021
vn 0.4361 0.6688 -0.6021
vn 0.1124 0.9485 -0.2961
vn 0.3110 0.9079 -0.2810
vn 0.1124 0.9485 -0.2961
vn 0.1551 0.5635 -0.8114
vn 0.1750 0.8914 -0.4180
vn -0.5665 0.5610 -0.6037
vn -0.2461 0.9408 -0.2330
vn -0.3409 0.5771 -0.7421
vn 0.8169 0.4003 -0.4153
vn 0.5302 0.7119 -0.4605
vn 0.4444 0.8779 -0.1785
vn -0.5424 0.7581 -0.3621
vn -0.3409 0.5771 -0.7421
vn -0.2461 0.9408 -0.2330
vn 0.4444 0.8779 -0.1785
vn 0.3318 0.9322 -0.1445
vn 0.5048 0.8620 -0.0467
vn 0.3318 0.9322 -0.1445
vn 0.4288 0.8980 0.0985
vn 0.5048 0.8620 -0.0467
vn -0.2461 0.9408 -0.2330
vn -0.4963 0.8426 -0.2092
vn -0.3342 0.9352 -0.1167
vn -0.1401 0.9296 -0.3409
vn -0.5424 0.7581 -0.3621
vn -0.2461 0.9408 -0.2330
vn 0.4444 0.8779 -0.1785
vn 0.5302 0.7119 -0.4605
vn 0.3318 0.9322 -0.1445
vn -0.0678 0.9170 -0.3931
vn 0.1750 0.8914 -0.4180
vn 0.0355 0.8487 -0.5276
vn -0.3342 0.9352 -0.1167
vn -0.2509 0.9646 -0.0809
vn -0.2461 0.9408 -0.2330
vn 0.3318 0.9322 -0.1445
vn 0.1915 0.9800 0.0534
vn 0.4288 0.8980 0.0985
vn 0.5302 0.7119 -0.4605
vn 0.3110 0.9079 -0.2810
vn 0.3318 0.9322 -0.1445
vn 0.1124 0.9485 -0.2961
vn 0.1750 0.8914 -0.4180
vn -0.0678 0.9170 -0.3931
vn -0.0198 0.9974 -0.0695
vn -0.0678 0.9170 -0.3931
vn -0.1401 0.9296 -0.3409
vn -0.2509 0.9646 -0.0809
vn -0.1894 0.9800 -0.0604
vn -0.2461 0.9408 -0.2330
vn -0.1401 0.9296 -0.3409
vn -0.2461 0.9408 -0.2330
vn -0.0198 0.9974 -0.0695
vn -0.1894 0.9800 -0.0604
vn -0.1215 0.9916 -0.0437
vn -0.2461 0.9408 -0.2330
vn 0.1124 0.9485 -0.2961
vn 0.0250 0.9989 -0.0394
vn 0.3110 0.9079 -0.2810
vn 0.3318 0.9322 -0.1445
vn 0.3110 0.9079 -0.2810
vn 0.0250 0.9989 -0.0394
vn -0.0678 0.9170 -0.3931
vn -0.0198 0.9974 -0.0695
vn 0.1124 0.9485 -0.2961
vn -0.0061 0.9996 -0.0264
vn -0.2461 0.9408 -0.2330
vn -0.1215 0.9916 -0.0437
vn 0.0250 0.9989 -0.0394
vn 0.1915 0.9800 0.0534
vn 0.3318 0.9322 -0.1445
vn 0.0250 0.9989 -0.0394
vn 0.1124 0.9485 -0.2961
vn -0.0198 0.9974 -0.0695
vn 0.2653 0.9487 0.1719
vn 0.4438 0.8427 0.3049
vn 0.1019 0.9934 0.0526
vn 0.4438 0.8427 0.3049
vn 0.6321 0.7098 0.3107
vn 0.4288 0.8980 0.0985
vn 0.1915 0.9800 0.0534
vn 0.1019 0.9934 0.0526
vn 0.4288 0.8980 0.0985
vn 0.1915 0.9800 0.0534
vn 0.0250 0.9989 -0.0394
vn 0.1019 0.9934 0.0526
vn 0.4438 0.8427 0.3049
vn 0.4288 0.8980 0.0985
vn 0.1019 0.9934 0.0526
vn 0.9039 0.3779 0.2002
vn 0.4288 0.8980 0.0985
vn 0.6321 0.7098 0.3107
vn 0.6532 0.5968 0.4660
vn 0.4709 0.8193 0.3272
vn 0.5278 0.7620 0.3752
vn 0.5278 0.7620 0.3752
vn 0.7150 0.4840 0.5045
vn 0.6532 0.5968 0.4660
vn 0.7630 0.3496 0.5437
vn 0.6532 0.5968 0.4660
vn 0.7150 0.4840 0.5045
vn 0.7150 0.4840 0.5045
vn 0.8141 0.0756 0.5758
vn 0.7630 0.3496 0.5437
vn 0.8283 0.0081 0.5602
vn 0.7630 0.3496 0.5437
vn 0.8141 0.0756 0.5758
vn 0.8141 0.0756 0.5758
vn 0.8209 -0.0018 0.5710
vn 0.8283 0.0081 0.5602
vn 0.8098 -0.3198 0.4919
vn 0.8171 0.1125 0.5654
vn 0.8285 -0.0433 0.5584
vn 1.0000 -0.0000 0.0004
vn 0.9999 0.0004 0.0137
vn 1.0000 0.0003 0.0079
vn 1.0000 0.0003 0.0079
vn 1.0000 0.0001 -0.0001
vn 1.0000 -0.0000 0.0004
vn 0.8209 -0.0018 0.5710
vn 0.8238 0.0547 0.5642
vn 0.8175 -0.0206 0.5755
vn 0.8605 -0.2269 0.4562
vn 0.8175 -0.0206 0.5755
vn 0.8238 0.0547 0.5642
vn 0.8238 0.0547 0.5642
vn 0.8857 0.0743 0.4582
vn 0.8605 -0.2269 0.4562
vn 0.9215 -0.1667 0.3509
vn 0.8857 0.0743 0.4582
vn 0.6947 0.6194 0.3657
vn 0.6947 0.6194 0.3657
vn 0.7296 0.6297 0.2666
vn 0.9215 -0.1667 0.3509
vn 0.7296 0.6297 0.2666
vn 0.8734 0.4336 0.2218
vn 0.9215 -0.1667 0.3509
vn 0.9758 -0.0595 0.2102
vn 0.9215 -0.1667 0.3509
vn 0.8734 0.4336 0.2218
vn 0.8734 0.4336 0.2218
vn 0.9330 0.2905 0.2126
vn 0.9758 -0.0595 0.2102
vn 0.9758 -0.0595 0.2102
vn 0.9330 0.2905 0.2126
vn 0.9609 0.2676 0.0714
vn 0.9996 0.0000 0.0267
vn 0.9991 -0.0083 0.0416
vn 0.9991 0.0013 0.0421
vn 0.9991 0.0013 0.0421
vn 0.9999 0.0004 0.0137
vn 0.9996 0.0000 0.0267
vn 0.9991 0.0013 0.0421
vn 0.9994 0.0206 -0.0267
vn 0.9999 0.0004 0.0137
vn 1.0000 0.0000 0.0088
vn 0.9983 -0.0346 -0.0459
vn 1.0000 0.0003 0.0079
vn 0.9999 0.0004 0.0137
vn 0.9994 0.0206 -0.0267
vn 1.0000 -0.0000 0.0075
vn 1.0000 0.0003 0.0079
vn 0.9999 0.0004 0.0137
vn 1.0000 -0.0000 0.0075
vn 1.0000 -0.0000 0.0075
vn 1.0000 0.0000 0.0088
vn 1.0000 0.0003 0.0079
vn 1.0000 0.0003 0.0079
vn 0.9983 -0.0346 -0.0459
vn 0.9975 -0.0009 0.0704
vn 0.9975 -0.0009 0.0704
vn 0.9609 0.2676 0.0714
vn 0.9742 0.2168 0.0631
vn 0.9742 0.2168 0.0631
vn 1.0000 0.0003 0.0079
vn 0.9975 -0.0009 0.0704
vn 0.9986 0.0517 0.0093
vn 0.9991 -0.0083 0.0416
vn 0.9581 -0.2778 0.0693
vn 0.9986 0.0517 0.0093
vn 0.9991 0.0013 0.0421
vn 0.9991 -0.0083 0.0416
vn 0.9986 0.0517 0.0093
vn 0.9581 -0.2778 0.0693
vn 0.7368 -0.6704 0.0873
vn 0.9986 0.0517 0.0093
vn 0.7368 -0.6704 0.0873
vn 0.9712 -0.1224 0.2044
vn 0.9712 -0.1224 0.2044
vn 0.9964 0.0185 0.0826
vn 0.9986 0.0517 0.0093
vn 0.9712 -0.1224 0.2044
vn 0.9756 0.1996 0.0918
vn 0.9964 0.0185 0.0826
vn 0.9712 -0.1224 0.2044
vn 0.9001 -0.3486 0.2613
vn 0.9472 0.0561 0.3157
vn 0.9712 -0.1224 0.2044
vn 0.9472 0.0561 0.3157
vn 0.9756 0.1996 0.0918
vn 0.9001 -0.3486 0.2613
vn 0.6704 -0.6919 0.2680
vn 0.9472 0.0561 0.3157
vn 0.8771 0.1460 0.4575
vn 0.9472 0.0561 0.3157
vn 0.6704 -0.6919 0.2680
vn 0.8771 0.1460 0.4575
vn 0.6704 -0.6919 0.2680
vn 0.7385 -0.5822 0.3401
vn 0.7385 -0.5822 0.3401
vn 0.6543 -0.6262 0.4241
vn 0.8771 0.1460 0.4575
vn 0.8771 0.1460 0.4575
vn 0.6543 -0.6262 0.4241
vn 0.8098 -0.3198 0.4919
vn 0.8098 -0.3198 0.4919
vn 0.8285 -0.0433 0.5584
vn 0.8771 0.1460 0.4575
vn -0.8962 -0.0792 -0.4366
vn -0.9479 -0.0034 -0.3187
vn -0.9446 0.0083 -0.3282
vn -0.9446 0.0083 -0.3282
vn -0.6421 0.6450 -0.4144
vn -0.8962 -0.0792 -0.4366
vn -0.7733 -0.0165 -0.6339
vn -0.8962 -0.0792 -0.4366
vn -0.6421 0.6450 -0.4144
vn -0.5731 -0.2702 -0.7736
vn -0.7733 -0.0165 -0.6339
vn -0.5665 0.5610 -0.6037
vn -0.6421 0.6450 -0.4144
vn -0.5665 0.5610 -0.6037
vn -0.7733 -0.0165 -0.6339
vn -0.5665 0.5610 -0.6037
vn -0.3409 0.5771 -0.7421
vn -0.5731 -0.2702 -0.7736
vn -0.4354 -0.2033 -0.8770
vn -0.5731 -0.2702 -0.7736
vn -0.3409 0.5771 -0.7421
vn -0.3060 0.0008 -0.9520
vn -0.4354 -0.2033 -0.8770
vn -0.3409 0.5771 -0.7421
vn -0.3409 0.5771 -0.7421
vn -0.1083 0.4903 -0.8648
vn -0.2091 -0.2253 -0.9516
vn -0.2091 -0.2253 -0.9516
vn -0.3060 0.0008 -0.9520
vn -0.3409 0.5771 -0.7421
vn -0.0200 -0.2693 -0.9629
vn -0.2091 -0.2253 -0.9516
vn -0.1083 0.4903 -0.8648
vn 0.2155 -0.5293 -0.8206
vn 0.1425 -0.0667 -0.9875
vn 0.1551 0.5635 -0.8114
vn 0.1425 -0.0667 -0.9875
vn -0.0200 -0.2693 -0.9629
vn 0.1551 0.5635 -0.8114
vn -0.0200 -0.2693 -0.9629
vn -0.1083 0.4903 -0.8648
vn 0.1551 0.5635 -0.8114
vn 0.1631 -0.0650 -0.9845
vn 0.2155 -0.5293 -0.8206
vn 0.1551 0.5635 -0.8114
vn 0.3224 -0.0514 -0.9452
vn 0.1631 -0.0650 -0.9845
vn 0.1551 0.5635 -0.8114
vn 0.7571 -0.0258 -0.6528
vn 0.6264 -0.1619 -0.7625
vn 0.5302 0.7119 -0.4605
vn 0.6264 -0.1619 -0.7625
vn 0.4361 0.6688 -0.6021
vn 0.5302 0.7119 -0.4605
vn 0.3924 0.5044 -0.7691
vn 0.4361 0.6688 -0.6021
vn 0.6264 -0.1619 -0.7625
vn 0.6264 -0.1619 -0.7625
vn 0.4916 -0.2372 -0.8379
vn 0.3924 0.5044 -0.7691
vn 0.4916 -0.2372 -0.8379
vn 0.3890 -0.1941 -0.9006
vn 0.3924 0.5044 -0.7691
vn 0.3890 -0.1941 -0.9006
vn 0.1551 0.5635 -0.8114
vn 0.3924 0.5044 -0.7691
vn 0.3890 -0.1941 -0.9006
vn 0.3224 -0.0514 -0.9452
vn 0.1551 0.5635 -0.8114
vn 0.8362 -0.5077 -0.2074
vn 0.9258 -0.0502 -0.3746
vn 0.8912 0.3534 -0.2844
vn 0.9258 -0.0502 -0.3746
vn 0.8523 -0.0619 -0.5193
vn 0.8912 0.3534 -0.2844
vn 0.8523 -0.0619 -0.5193
vn 0.8169 0.4003 -0.4153
vn 0.8912 0.3534 -0.2844
vn 0.5302 0.7119 -0.4605
vn 0.8169 0.4003 -0.4153
vn 0.8523 -0.0619 -0.5193
vn 0.8523 -0.0619 -0.5193
vn 0.6696 -0.5538 -0.4949
vn 0.5302 0.7119 -0.4605
vn 0.6696 -0.5538 -0.4949
vn 0.7571 -0.0258 -0.6528
vn 0.5302 0.7119 -0.4605
vn 0.9964 -0.0356 -0.0764
vn 0.8362 -0.5077 -0.2074
vn 0.8912 0.3534 -0.2844
vn 0.8912 0.3534 -0.2844
vn 0.9062 0.4206 -0.0435
vn 0.9964 -0.0356 -0.0764
vn 0.9062 0.4206 -0.0435
vn 0.9039 0.3779 0.2002
vn 0.9964 -0.0356 -0.0764
vn 0.9668 -0.2305 0.1102
vn 0.9964 -0.0356 -0.0764
vn 0.9039 0.3779 0.2002
vn 0.9582 -0.1784 0.2235
vn 0.9668 -0.2305 0.1102
vn 0.9039 0.3779 0.2002
vn 0.9226 -0.1459 0.3571
vn 0.9582 -0.1784 0.2235
vn 0.9039 0.3779 0.2002
vn 0.8864 -0.1536 0.4368
vn 0.9226 -0.1459 0.3571
vn 0.9039 0.3779 0.2002
vn 0.9039 0.3779 0.2002
vn 0.6321 0.7098 0.3107
vn 0.8864 -0.1536 0.4368
vn 0.8864 -0.1536 0.4368
vn 0.6321 0.7098 0.3107
vn 0.8501 0.0227 0.5261
vn 0.8209 -0.0018 0.5710
vn 0.8864 -0.1536 0.4368
vn 0.8283 0.0081 0.5602
vn 0.8501 0.0227 0.5261
vn 0.8283 0.0081 0.5602
vn 0.8864 -0.1536 0.4368
vn 0.8864 -0.1536 0.4368
vn 0.5824 -0.7154 0.3860
vn 0.5488 -0.7601 0.3480
vn 0.8864 -0.1536 0.4368
vn 0.6195 -0.6622 0.4215
vn 0.5824 -0.7154 0.3860
vn 0.8864 -0.1536 0.4368
vn 0.7891 -0.2517 0.5604
vn 0.7703 -0.3254 0.5485
vn 0.8217 -0.0445 0.5682
vn 0.8008 -0.1954 0.5661
vn 0.7891 -0.2517 0.5604
vn 0.5808 -0.7965 0.1681
vn 0.8864 -0.1536 0.4368
vn 0.4680 -0.8428 0.2660
vn 0.5488 -0.7601 0.3480
vn 0.4680 -0.8428 0.2660
vn 0.8864 -0.1536 0.4368
vn 0.6506 -0.6125 0.4490
vn 0.6195 -0.6622 0.4215
vn 0.8864 -0.1536 0.4368
vn 0.5808 -0.7965 0.1681
vn 0.9668 -0.2305 0.1102
vn 0.9582 -0.1784 0.2235
vn 0.8864 -0.1536 0.4368
vn 0.7161 -0.4807 0.5061
vn 0.6823 -0.5538 0.4772
vn 0.6823 -0.5538 0.4772
vn 0.6506 -0.6125 0.4490
vn 0.8864 -0.1536 0.4368
vn 0.9226 -0.1459 0.3571
vn 0.5808 -0.7965 0.1681
vn 0.9582 -0.1784 0.2235
vn 0.5808 -0.7965 0.1681
vn 0.9226 -0.1459 0.3571
vn 0.8864 -0.1536 0.4368
vn 0.7161 -0.4807 0.5061
vn 0.8864 -0.1536 0.4368
vn 0.7447 -0.4064 0.5294
vn 0.8864 -0.1536 0.4368
vn 0.7703 -0.3254 0.5485
vn 0.7447 -0.4064 0.5294
vn 0.7891 -0.2517 0.5604
vn 0.8864 -0.1536 0.4368
vn 0.8217 -0.0445 0.5682
vn 0.8217 -0.0445 0.5682
vn 0.8864 -0.1536 0.4368
vn 0.8209 -0.0018 0.5710
vn 0.6264 -0.1619 -0.7625
vn 0.6696 -0.5538 -0.4949
vn 0.4391 -0.6514 -0.6187
vn 0.4391 -0.6514 -0.6187
vn 0.4916 -0.2372 -0.8379
vn 0.6264 -0.1619 -0.7625
vn 0.0368 -0.9284 -0.3696
vn -0.0298 -0.9540 -0.2984
vn -0.0200 -0.2693 -0.9629
vn 0.9668 -0.2305 0.1102
vn 0.5808 -0.7965 0.1681
vn 0.7785 -0.6274 -0.0160
vn 0.6696 -0.5538 -0.4949
vn 0.8523 -0.0619 -0.5193
vn 0.8362 -0.5077 -0.2074
vn 0.0368 -0.9284 -0.3696
vn -0.0200 -0.2693 -0.9629
vn 0.2155 -0.5293 -0.8206
vn 0.2155 -0.5293 -0.8206
vn 0.3890 -0.1941 -0.9006
vn 0.4391 -0.6514 -0.6187
vn -0.0200 -0.2693 -0.9629
vn 0.1425 -0.0667 -0.9875
vn 0.2155 -0.5293 -0.8206
vn 0.6264 -0.1619 -0.7625
vn 0.7571 -0.0258 -0.6528
vn 0.6696 -0.5538 -0.4949
vn 0.9964 -0.0356 -0.0764
vn 0.9668 -0.2305 0.1102
vn 0.7785 -0.6274 -0.0160
vn 0.2155 -0.5293 -0.8206
vn 0.3224 -0.0514 -0.9452
vn 0.3890 -0.1941 -0.9006
vn 0.9964 -0.0356 -0.0764
vn 0.7785 -0.6274 -0.0160
vn 0.8362 -0.5077 -0.2074
vn 0.3224 -0.0514 -0.9452
vn 0.2155 -0.5293 -0.8206
vn 0.1631 -0.0650 -0.9845
vn 0.4916 -0.2372 -0.8379
vn 0.4391 -0.6514 -0.6187
vn 0.3890 -0.1941 -0.9006
vn 0.8523 -0.0619 -0.5193
vn 0.9258 -0.0502 -0.3746
vn 0.8362 -0.5077 -0.2074
vn 0.7785 -0.6274 -0.0160
vn 0.5808 -0.7965 0.1681
vn 0.8362 -0.5077 -0.2074
vn -0.5382 -0.8232 -0.1811
vn -0.5838 -0.7889 -0.1920
vn -0.6674 -0.6677 -0.3298
vn -0.9297 -0.2012 -0.3085
vn -0.9414 -0.1262 -0.3129
vn -0.8962 -0.0792 -0.4366
vn -0.9003 -0.2961 -0.3190
vn -0.9297 -0.2012 -0.3085
vn -0.8962 -0.0792 -0.4366
vn -0.9414 -0.1262 -0.3129
vn -0.9471 -0.0594 -0.3154
vn -0.8962 -0.0792 -0.4366
vn -0.8962 -0.0792 -0.4366
vn -0.9471 -0.0594 -0.3154
vn -0.9479 -0.0034 -0.3187
vn -0.6674 -0.6677 -0.3298
vn -0.7982 -0.5442 -0.2585
vn -0.8270 -0.4933 -0.2696
vn -0.6674 -0.6677 -0.3298
vn -0.8627 -0.4178 -0.2849
vn -0.8886 -0.3494 -0.2972
vn -0.6674 -0.6677 -0.3298
vn -0.8270 -0.4933 -0.2696
vn -0.8627 -0.4178 -0.2849
vn -0.4354 -0.2033 -0.8770
vn -0.3060 0.0008 -0.9520
vn -0.2091 -0.2253 -0.9516
vn -0.5731 -0.2702 -0.7736
vn -0.6743 -0.5329 -0.5112
vn -0.7733 -0.0165 -0.6339
vn -0.2091 -0.2253 -0.9516
vn -0.3436 -0.6367 -0.6903
vn -0.4354 -0.2033 -0.8770
vn -0.7733 -0.0165 -0.6339
vn -0.6743 -0.5329 -0.5112
vn -0.8962 -0.0792 -0.4366
vn -0.3436 -0.6367 -0.6903
vn -0.5731 -0.2702 -0.7736
vn -0.4354 -0.2033 -0.8770
vn -0.6743 -0.5329 -0.5112
vn -0.6674 -0.6677 -0.3298
vn -0.8962 -0.0792 -0.4366
vn -0.9003 -0.2961 -0.3190
vn -0.8962 -0.0792 -0.4366
vn -0.6674 -0.6677 -0.3298
vn -0.6674 -0.6677 -0.3298
vn -0.8886 -0.3494 -0.2972
vn -0.9003 -0.2961 -0.3190
vn -0.6674 -0.6677 -0.3298
vn -0.5861 -0.7742 -0.2390
vn -0.4726 -0.8680 -0.1526
vn -0.6674 -0.6677 -0.3298
vn -0.5838 -0.7889 -0.1920
vn -0.6385 -0.7410 -0.2077
vn -0.6674 -0.6677 -0.3298
vn -0.5165 -0.6789 -0.5218
vn -0.5861 -0.7742 -0.2390
vn -0.6674 -0.6677 -0.3298
vn -0.6385 -0.7410 -0.2077
vn -0.6772 -0.7024 -0.2191
vn -0.3436 -0.6367 -0.6903
vn -0.5165 -0.6789 -0.5218
vn -0.5731 -0.2702 -0.7736
vn -0.5165 -0.6789 -0.5218
vn -0.6674 -0.6677 -0.3298
vn -0.6743 -0.5329 -0.5112
vn -0.6674 -0.6677 -0.3298
vn -0.6772 -0.7024 -0.2191
vn -0.7107 -0.6651 -0.2293
vn -0.6674 -0.6677 -0.3298
vn -0.4726 -0.8680 -0.1526
vn -0.5382 -0.8232 -0.1811
vn -0.2091 -0.2253 -0.9516
vn -0.0200 -0.2693 -0.9629
vn -0.0298 -0.9540 -0.2984
vn -0.0298 -0.9540 -0.2984
vn -0.3436 -0.6367 -0.6903
vn -0.2091 -0.2253 -0.9516
vn -0.6743 -0.5329 -0.5112
vn -0.5731 -0.2702 -0.7736
vn -0.5165 -0.6789 -0.5218
vn 0.8217 -0.0445 0.5682
vn 0.8209 -0.0018 0.5710
vn 0.8175 -0.0206 0.5755
vn 0.8175 -0.0206 0.5755
vn 0.8074 -0.1378 0.5736
vn 0.8217 -0.0445 0.5682
vn 0.8008 -0.1954 0.5661
vn 0.8217 -0.0445 0.5682
vn 0.8074 -0.1378 0.5736
vn 0.8074 -0.1378 0.5736
vn 0.7937 -0.2881 0.5358
vn 0.8008 -0.1954 0.5661
vn 0.7891 -0.2517 0.5604
vn 0.8008 -0.1954 0.5661
vn 0.7937 -0.2881 0.5358
vn 0.7937 -0.2881 0.5358
vn 0.7832 -0.2829 0.5537
vn 0.7891 -0.2517 0.5604
vn 0.7703 -0.3254 0.5485
vn 0.7891 -0.2517 0.5604
vn 0.7832 -0.2829 0.5537
vn 0.7832 -0.2829 0.5537
vn 0.7639 -0.3410 0.5478
vn 0.7703 -0.3254 0.5485
vn 0.7447 -0.4064 0.5294
vn 0.7703 -0.3254 0.5485
vn 0.7639 -0.3410 0.5478
vn 0.7639 -0.3410 0.5478
vn 0.7411 -0.4245 0.5202
vn 0.7447 -0.4064 0.5294
vn 0.7161 -0.4807 0.5061
vn 0.7447 -0.4064 0.5294
vn 0.7411 -0.4245 0.5202
vn 0.7411 -0.4245 0.5202
vn 0.7079 -0.5083 0.4904
vn 0.7161 -0.4807 0.5061
vn 0.6823 -0.5538 0.4772
vn 0.7161 -0.4807 0.5061
vn 0.7079 -0.5083 0.4904
vn 0.7079 -0.5083 0.4904
vn 0.6772 -0.5699 0.4654
vn 0.6823 -0.5538 0.4772
vn 0.6506 -0.6125 0.4490
vn 0.6823 -0.5538 0.4772
vn 0.6772 -0.5699 0.4654
vn 0.6772 -0.5699 0.4654
vn 0.6372 -0.6358 0.4355
vn 0.6506 -0.6125 0.4490
vn 0.6195 -0.6622 0.4215
vn 0.6506 -0.6125 0.4490
vn 0.6372 -0.6358 0.4355
vn 0.6372 -0.6358 0.4355
vn 0.6013 -0.6852 0.4110
vn 0.6195 -0.6622 0.4215
vn 0.5824 -0.7154 0.3860
vn 0.6195 -0.6622 0.4215
vn 0.6013 -0.6852 0.4110
vn 0.6013 -0.6852 0.4110
vn 0.5619 -0.7319 0.3854
vn 0.5824 -0.7154 0.3860
vn 0.5488 -0.7601 0.3480
vn 0.5824 -0.7154 0.3860
vn 0.5619 -0.7319 0.3854
vn 0.5619 -0.7319 0.3854
vn 0.4818 -0.8092 0.3364
vn 0.5488 -0.7601 0.3480
vn 0.4680 -0.8428 0.2660
vn 0.5488 -0.7601 0.3480
vn 0.4818 -0.8092 0.3364
vn 0.5808 -0.7965 0.1681
vn 0.4680 -0.8428 0.2660
vn 0.4584 -0.8397 0.2912
vn 0.4818 -0.8092 0.3364
vn 0.4584 -0.8397 0.2912
vn 0.4680 -0.8428 0.2660
vn 0.4584 -0.8397 0.2912
vn 0.4746 -0.7973 0.3728
vn 0.5808 -0.7965 0.1681
vn 0.4584 -0.8397 0.2912
vn 0.4046 -0.8952 0.1866
vn 0.4746 -0.7973 0.3728
vn 0.1614 -0.3527 -0.9217
vn 0.1614 -0.3527 -0.9217
vn 0.0368 -0.9284 -0.3696
vn 0.0154 -0.1925 -0.9812
vn 0.0154 -0.1925 -0.9812
vn 0.0154 -0.1925 -0.9812
vn 0.6696 -0.5538 -0.4949
vn 0.8362 -0.5077 -0.2074
vn 0.6200 -0.7694 -0.1536
vn 0.6013 -0.6941 -0.3958
vn 0.4391 -0.6514 -0.6187
vn 0.6696 -0.5538 -0.4949
vn 0.6013 -0.6941 -0.3958
vn 0.6696 -0.5538 -0.4949
vn 0.6200 -0.7694 -0.1536
vn 0.6936 -0.7102 0.1207
vn 0.5808 -0.7965 0.1681
vn 0.4746 -0.7973 0.3728
vn 0.6936 -0.7102 0.1207
vn 0.6200 -0.7694 -0.1536
vn 0.8362 -0.5077 -0.2074
vn 0.0368 -0.9284 -0.3696
vn 0.2155 -0.5293 -0.8206
vn 0.0525 -0.9878 -0.1468
vn 0.8362 -0.5077 -0.2074
vn 0.5808 -0.7965 0.1681
vn 0.6936 -0.7102 0.1207
vn 0.2155 -0.5293 -0.8206
vn 0.4391 -0.6514 -0.6187
vn 0.0525 -0.9878 -0.1468
vn 0.0033 -0.0829 -0.9966
vn 0.0033 -0.0829 -0.9966
vn 0.0033 -0.0829 -0.9966
vn 0.0368 -0.9284 -0.3696
vn 0.1320 -0.4194 -0.8981
vn 0.1320 -0.4194 -0.8981
vn 0.0201 -0.9996 0.0187
vn 0.4746 -0.7973 0.3728
vn 0.0212 -0.9994 0.0280
vn 0.7987 -0.2963 0.5238
vn 0.7987 -0.2963 0.5238
vn 0.4746 -0.7973 0.3728
vn 0.5952 0.7649 0.2464
vn 0.5952 0.7649 0.2464
vn 0.5952 0.7649 0.2464
vn 0.8717 0.2302 0.4326
vn 0.8717 0.2302 0.4326
vn 0.8717 0.2302 0.4326
vn 0.4147 -0.9058 0.0862
vn 0.6200 -0.7694 -0.1536
vn 0.6936 -0.7102 0.1207
vn 0.8804 0.3431 -0.3274
vn 0.8804 0.3431 -0.3274
vn 0.8804 0.3431 -0.3274
vn 0.7142 -0.2503 -0.6537
vn 0.7142 -0.2503 -0.6537
vn 0.4391 -0.6514 -0.6187
vn 0.4391 -0.6514 -0.6187
vn 0.6013 -0.6941 -0.3958
vn 0.7402 -0.1204 -0.6615
vn 0.0023 -1.0000 0.0009
vn 0.0112 -0.9998 -0.0159
vn 0.4391 -0.6514 -0.6187
vn 0.0126 -0.9997 -0.0228
vn 0.0525 -0.9878 -0.1468
vn 0.4391 -0.6514 -0.6187
vn 0.0112 -0.9998 -0.0159
vn 0.0126 -0.9997 -0.0228
vn 0.4391 -0.6514 -0.6187
vn 0.4589 -0.2350 -0.8569
vn 0.4589 -0.2350 -0.8569
vn 0.4589 -0.2350 -0.8569
vn 0.2328 0.6423 -0.7303
vn 0.2328 0.6423 -0.7303
vn 0.2328 0.6423 -0.7303
vn 0.2425 0.1125 -0.9636
vn 0.2425 0.1125 -0.9636
vn 0.2425 0.1125 -0.9636
vn -0.0383 -0.4738 -0.8798
vn -0.0383 -0.4738 -0.8798
vn -0.0298 -0.9540 -0.2984
vn -0.3436 -0.6367 -0.6903
vn -0.0298 -0.9540 -0.2984
vn -0.0642 -0.9872 -0.1461
vn -0.5505 -0.3524 -0.7568
vn -0.5165 -0.6789 -0.5218
vn -0.3436 -0.6367 -0.6903
vn -0.1967 0.5928 -0.7809
vn -0.1967 0.5928 -0.7809
vn -0.1967 0.5928 -0.7809
vn -0.2078 -0.9548 -0.2124
vn -0.3436 -0.6367 -0.6903
vn -0.0642 -0.9872 -0.1461
vn -0.5861 -0.7742 -0.2390
vn -0.5165 -0.6789 -0.5218
vn -0.2078 -0.9548 -0.2124
vn -0.4603 -0.8585 -0.2260
vn -0.5861 -0.7742 -0.2390
vn -0.2078 -0.9548 -0.2124
vn -0.4603 -0.8585 -0.2260
vn -0.9366 -0.2743 -0.2180
vn -0.5861 -0.7742 -0.2390
vn -0.9151 0.3892 -0.1051
vn -0.9151 0.3892 -0.1051
vn -0.9151 0.3892 -0.1051
vn 0.4746 -0.7973 0.3728
vn 0.4219 -0.5591 0.7137
vn 0.4219 -0.5591 0.7137
vn 0.0104 -0.9993 0.0348
vn -0.0026 -0.9991 0.0426
vn 0.0629 -0.9969 0.0464
vn 0.2746 0.5844 0.7636
vn 0.2746 0.5844 0.7636
vn 0.2746 0.5844 0.7636
vn -0.0026 -0.9991 0.0426
vn 0.4746 -0.7973 0.3728
vn 0.0629 -0.9969 0.0464
vn -0.0999 -0.9135 0.3943
vn -0.3376 -0.3386 0.8783
vn -0.3376 -0.3386 0.8783
vn -0.6387 -0.4414 0.6303
vn -0.6387 -0.4414 0.6303
vn -0.2606 -0.9271 0.2694
vn 0.0104 -0.9993 0.0348
vn -0.0378 -0.9988 0.0320
vn -0.0999 -0.9135 0.3943
vn -0.2606 -0.9271 0.2694
vn 0.0268 -0.9981 0.0552
vn -0.0689 -0.9974 0.0200
vn 0.0268 -0.9981 0.0552
vn -0.0221 -0.9991 0.0363
vn -0.0689 -0.9974 0.0200
vn 0.0104 -0.9993 0.0348
vn -0.0999 -0.9135 0.3943
vn -0.0318 -0.9995 -0.0021
vn -0.2606 -0.9271 0.2694
vn -0.5779 -0.3796 0.7224
vn -0.5779 -0.3796 0.7224
vn -0.2606 -0.9271 0.2694
vn -0.4884 -0.3299 0.8079
vn -0.4884 -0.3299 0.8079
vn -0.0543 -0.2651 0.9627
vn -0.0543 -0.2651 0.9627
vn -0.0543 -0.2651 0.9627
vn -0.3877 -0.3063 0.8694
vn -0.3877 -0.3063 0.8694
vn -0.3877 -0.3063 0.8694
vn -0.4353 -0.3125 0.8443
vn -0.4353 -0.3125 0.8443
vn -0.4353 -0.3125 0.8443
vn -0.5306 -0.3494 0.7723
vn -0.5306 -0.3494 0.7723
vn -0.2606 -0.9271 0.2694
vn -0.2606 -0.9271 0.2694
vn -0.6326 -0.4308 0.6436
vn -0.6326 -0.4308 0.6436
vn -0.0497 -0.9979 -0.0416
vn -0.0006 -1.0000 0.0006
vn 0.0009 -1.0000 -0.0027
vn -0.0497 -0.9979 -0.0416
vn 0.0126 -0.9997 -0.0228
vn -0.0006 -1.0000 0.0006
vn 0.0126 -0.9997 -0.0228
vn 0.0112 -0.9998 -0.0159
vn -0.0006 -1.0000 0.0006
vn -0.0049 -1.0000 0.0052
vn -0.0006 -1.0000 0.0006
vn 0.0112 -0.9998 -0.0159
vn 0.0112 -0.9998 -0.0159
vn 0.0023 -1.0000 0.0009
vn -0.0049 -1.0000 0.0052
vn 0.0009 -1.0000 -0.0027
vn 0.0525 -0.9878 -0.1468
vn -0.0497 -0.9979 -0.0416
vn -0.0001 -0.9998 -0.0183
vn 0.1043 -0.9934 0.0468
vn -0.0003 -1.0000 -0.0002
vn 0.0002 -1.0000 -0.0057
vn -0.0003 -1.0000 -0.0002
vn 0.1043 -0.9934 0.0468
vn 0.1043 -0.9934 0.0468
vn 0.0368 -0.9284 -0.3696
vn 0.0002 -1.0000 -0.0057
vn -0.0003 -1.0000 0.0005
vn 0.0002 -1.0000 -0.0057
vn 0.0012 -1.0000 -0.0077
vn 0.0012 -1.0000 -0.0077
vn 0.0017 -1.0000 -0.0077
vn -0.0003 -1.0000 0.0005
vn 0.0017 -1.0000 -0.0077
vn 0.0272 -0.9996 0.0057
vn -0.0003 -1.0000 0.0005
vn 0.0009 -1.0000 -0.0027
vn -0.0003 -1.0000 0.0005
vn 0.0272 -0.9996 0.0057
vn 0.0272 -0.9996 0.0057
vn 0.0525 -0.9878 -0.1468
vn 0.0009 -1.0000 -0.0027
vn -0.8870 -0.2815 -0.3661
vn -0.8870 -0.2815 -0.3661
vn -0.8870 -0.2815 -0.3661
vn -0.0998 -0.9939 -0.0467
vn -0.0003 -1.0000 -0.0002
vn -0.1330 -0.9904 -0.0385
vn -0.0998 -0.9939 -0.0467
vn -0.0001 -0.9998 -0.0183
vn -0.0003 -1.0000 -0.0002
vn -0.0689 -0.9974 0.0200
vn -0.0587 -0.9981 0.0190
vn -0.0021 -0.9996 0.0269
vn -0.0263 -0.9996 0.0039
vn -0.0689 -0.9974 0.0200
vn -0.0021 -0.9996 0.0269
vn -0.1330 -0.9904 -0.0385
vn -0.0689 -0.9974 0.0200
vn -0.0263 -0.9996 0.0039
vn -0.0263 -0.9996 0.0039
vn -0.0298 -0.9540 -0.2984
vn -0.1330 -0.9904 -0.0385
vn 0.0201 -0.9996 0.0187
vn 0.0212 -0.9994 0.0280
vn 0.0023 -1.0000 0.0009
vn 0.0201 -0.9996 0.0187
vn 0.0023 -1.0000 0.0009
vn 0.0926 -0.9945 -0.0493
vn 0.0268 -0.9981 0.0552
vn -0.0049 -1.0000 0.0052
vn 0.0023 -1.0000 0.0009
vn 0.0002 -1.0000 -0.0057
vn 0.0368 -0.9284 -0.3696
vn -0.2716 -0.9504 -0.1516
vn -0.2716 -0.9504 -0.1516
vn 0.0012 -1.0000 -0.0077
vn 0.0002 -1.0000 -0.0057
vn 0.0023 -1.0000 0.0009
vn -0.0221 -0.9991 0.0363
vn 0.0268 -0.9981 0.0552
vn 0.0023 -1.0000 0.0009
vn 0.0104 -0.9993 0.0348
vn -0.0318 -0.9995 -0.0021
vn 0.0023 -1.0000 0.0009
vn -0.0318 -0.9995 -0.0021
vn -0.0221 -0.9991 0.0363
vn 0.0926 -0.9945 -0.0493
vn 0.6200 -0.7694 -0.1536
vn 0.4147 -0.9058 0.0862
vn 0.0007 -0.9996 0.0286
vn -0.0026 -0.9991 0.0426
vn 0.0023 -1.0000 0.0009
vn -0.0263 -0.9996 0.0039
vn -0.0736 -0.9971 0.0177
vn -0.0387 -0.9992 0.0127
vn 0.0926 -0.9945 -0.0493
vn 0.4147 -0.9058 0.0862
vn 0.0900 -0.9949 0.0456
vn 0.0900 -0.9949 0.0456
vn 0.0201 -0.9996 0.0187
vn 0.0926 -0.9945 -0.0493
vn 0.0023 -1.0000 0.0009
vn 0.0212 -0.9994 0.0280
vn 0.0007 -0.9996 0.0286
vn -0.0263 -0.9996 0.0039
vn -0.0021 -0.9996 0.0269
vn -0.0736 -0.9971 0.0177
vn -0.0387 -0.9992 0.0127
vn -0.4603 -0.8585 -0.2260
vn -0.2078 -0.9548 -0.2124
vn -0.0587 -0.9981 0.0190
vn -0.0689 -0.9974 0.0200
vn 0.4580 -0.8039 -0.3796
vn -0.2078 -0.9548 -0.2124
vn -0.0642 -0.9872 -0.1461
vn -0.0387 -0.9992 0.0127
vn -0.0642 -0.9872 -0.1461
vn -0.0263 -0.9996 0.0039
vn -0.0387 -0.9992 0.0127
vn 0.0023 -1.0000 0.0009
vn -0.0026 -0.9991 0.0426
vn 0.0104 -0.9993 0.0348
vn -0.4580 0.8039 0.3796
vn -0.4580 0.8039 0.3796
vn -0.4580 0.8039 0.3796
vn -0.1563 -0.9847 -0.0766
vn -0.0021 -0.9996 0.0269
vn -0.0587 -0.9981 0.0190
vn 0.8141 0.0756 0.5758
vn 0.7150 0.4840 0.5045
vn 0.8238 0.0547 0.5642
vn 0.6742 0.7385 0.0000
vn 0.7590 0.6511 0.0004
vn 0.9742 0.2168 0.0631
vn 0.9742 0.2168 0.0631
vn 0.9810 0.1939 0.0001
vn 1.0000 0.0001 -0.0001
vn 1.0000 0.0001 -0.0001
vn 1.0000 0.0003 0.0079
vn 0.9742 0.2168 0.0631
vn 0.7150 0.4840 0.5045
vn 0.5278 0.7620 0.3752
vn 0.8238 0.0547 0.5642
vn 0.8209 -0.0018 0.5710
vn 0.8141 0.0756 0.5758
vn 0.8238 0.0547 0.5642
vn 0.7590 0.6511 0.0004
vn 0.8597 0.5109 0.0006
vn 0.9742 0.2168 0.0631
vn 0.8597 0.5109 0.0006
vn 0.9309 0.3653 0.0005
vn 0.9742 0.2168 0.0631
vn 0.9742 0.2168 0.0631
vn 0.9309 0.3653 0.0005
vn 0.9810 0.1939 0.0001
vn 0.9330 0.2905 0.2126
vn 0.4890 0.8609 0.1406
vn 0.9609 0.2676 0.0714
vn 0.9999 0.0173 -0.0004
vn 0.9998 -0.0213 0.0018
vn 1.0000 0.0001 -0.0001
vn 1.0000 0.0001 -0.0001
vn 0.9810 0.1939 0.0001
vn 0.9999 0.0173 -0.0004
vn 0.9492 0.3146 -0.0012
vn 0.9999 0.0173 -0.0004
vn 0.9810 0.1939 0.0001
vn 0.9810 0.1939 0.0001
vn 0.9309 0.3653 0.0005
vn 0.9492 0.3146 -0.0012
vn 0.8887 0.4586 -0.0011
vn 0.9492 0.3146 -0.0012
vn 0.9309 0.3653 0.0005
vn 0.9309 0.3653 0.0005
vn 0.8597 0.5109 0.0006
vn 0.8887 0.4586 -0.0011
vn 0.7888 0.6146 -0.0009
vn 0.8887 0.4586 -0.0011
vn 0.8597 0.5109 0.0006
vn 0.8597 0.5109 0.0006
vn 0.7590 0.6511 0.0004
vn 0.7888 0.6146 -0.0009
vn 0.6691 0.7432 -0.0003
vn 0.7888 0.6146 -0.0009
vn 0.7590 0.6511 0.0004
vn 0.7590 0.6511 0.0004
vn 0.6742 0.7385 0.0000
vn 0.6691 0.7432 -0.0003
vn -0.7894 0.6139 0.0000
vn -0.6713 0.7412 -0.0023
vn -0.9790 0.1961 0.0566
vn -0.5446 0.8189 -0.1813
vn -0.9521 0.0140 -0.3056
vn -0.7673 0.5924 -0.2456
vn -0.7673 0.5924 -0.2456
vn -0.4906 0.8417 -0.2256
vn -0.5446 0.8189 -0.1813
vn -1.0000 0.0012 -0.0023
vn -0.9917 0.1285 0.0000
vn -0.9790 0.1961 0.0566
vn -0.9790 0.1961 0.0566
vn -0.9917 0.1285 0.0000
vn -0.9519 0.3063 0.0003
vn -0.9519 0.3063 0.0003
vn -0.8915 0.4530 0.0002
vn -0.9790 0.1961 0.0566
vn -0.8915 0.4530 0.0002
vn -0.7894 0.6139 0.0000
vn -0.9790 0.1961 0.0566
vn -0.0275 0.9996 -0.0035
vn -0.0959 0.9954 -0.0046
vn -0.0326 0.9995 -0.0002
vn -0.0326 0.9995 -0.0002
vn -0.0016 1.0000 -0.0000
vn -0.0275 0.9996 -0.0035
vn -0.6832 0.7269 -0.0689
vn -0.9790 0.1961 0.0566
vn -0.6713 0.7412 -0.0023
vn -0.9790 0.1961 0.0566
vn -0.6832 0.7269 -0.0689
vn -0.9975 0.0237 -0.0665
vn -0.9975 0.0237 -0.0665
vn -0.6667 0.7416 -0.0737
vn -0.5179 0.8553 -0.0119
vn -0.5179 0.8553 -0.0119
vn -0.6450 0.7636 -0.0280
vn -0.9975 0.0237 -0.0665
vn -0.9713 0.1869 -0.1471
vn -0.6450 0.7636 -0.0280
vn -0.5427 0.8356 -0.0849
vn -0.5427 0.8356 -0.0849
vn -0.9221 0.3431 -0.1786
vn -0.9713 0.1869 -0.1471
vn -0.9221 0.3431 -0.1786
vn -0.5427 0.8356 -0.0849
vn -0.5204 0.8432 -0.1350
vn -0.8646 0.4523 -0.2187
vn -0.9594 -0.1291 -0.2508
vn -0.9221 0.3431 -0.1786
vn -0.5204 0.8432 -0.1350
vn -0.8646 0.4523 -0.2187
vn -0.9221 0.3431 -0.1786
vn -0.6713 0.7412 -0.0023
vn -0.6574 0.7535 -0.0005
vn -0.6832 0.7269 -0.0689
vn -0.6832 0.7269 -0.0689
vn -0.6574 0.7535 -0.0005
vn -0.5089 0.8606 0.0180
vn -0.9975 0.0237 -0.0665
vn -0.6832 0.7269 -0.0689
vn -0.6667 0.7416 -0.0737
vn -0.8646 0.4523 -0.2187
vn -0.5204 0.8432 -0.1350
vn -0.7673 0.5924 -0.2456
vn -0.5108 0.8336 -0.2100
vn -0.7673 0.5924 -0.2456
vn -0.5204 0.8432 -0.1350
vn -0.5188 0.8528 -0.0601
vn -0.5427 0.8356 -0.0849
vn -0.6450 0.7636 -0.0280
vn -0.5108 0.8336 -0.2100
vn -0.5204 0.8432 -0.1350
vn -0.3966 0.9107 -0.1156
vn -0.4190 0.9045 -0.0792
vn -0.5204 0.8432 -0.1350
vn -0.5427 0.8356 -0.0849
vn -0.3598 0.9319 -0.0453
vn -0.5427 0.8356 -0.0849
vn -0.5188 0.8528 -0.0601
vn -0.5427 0.8356 -0.0849
vn -0.3598 0.9319 -0.0453
vn -0.4190 0.9045 -0.0792
vn -0.5553 0.8113 -0.1829
vn -0.5108 0.8336 -0.2100
vn -0.3966 0.9107 -0.1156
vn -0.5188 0.8528 -0.0601
vn -0.6450 0.7636 -0.0280
vn -0.5179 0.8553 -0.0119
vn -0.3242 0.9423 -0.0836
vn -0.5204 0.8432 -0.1350
vn -0.4190 0.9045 -0.0792
vn -0.5204 0.8432 -0.1350
vn -0.3242 0.9423 -0.0836
vn -0.3966 0.9107 -0.1156
vn -0.3598 0.9319 -0.0453
vn -0.5188 0.8528 -0.0601
vn -0.5179 0.8553 -0.0119
vn -0.5179 0.8553 -0.0119
vn -0.3713 0.9283 -0.0226
vn -0.3598 0.9319 -0.0453
vn -0.4738 0.8807 0.0012
vn -0.4293 0.9032 -0.0015
vn -0.5179 0.8553 -0.0119
vn -0.5179 0.8553 -0.0119
vn -0.4293 0.9032 -0.0015
vn -0.4190 0.9080 -0.0042
vn -0.4190 0.9080 -0.0042
vn -0.3956 0.9183 -0.0133
vn -0.5179 0.8553 -0.0119
vn -0.4190 0.9080 -0.0042
vn -0.3996 0.9167 -0.0001
vn -0.3956 0.9183 -0.0133
vn -0.3996 0.9167 -0.0001
vn -0.3936 0.9193 -0.0000
vn -0.3956 0.9183 -0.0133
vn -0.3956 0.9183 -0.0133
vn -0.3936 0.9193 -0.0000
vn -0.3738 0.9275 0.0000
vn -0.2582 0.9628 -0.0799
vn -0.3170 0.9432 -0.0996
vn -0.3966 0.9107 -0.1156
vn -0.3966 0.9107 -0.1156
vn -0.3170 0.9432 -0.0996
vn -0.3342 0.9352 -0.1167
vn -0.2751 0.9600 -0.0529
vn -0.4190 0.9045 -0.0792
vn -0.3598 0.9319 -0.0453
vn -0.3713 0.9283 -0.0226
vn -0.5179 0.8553 -0.0119
vn -0.3956 0.9183 -0.0133
vn -0.3956 0.9183 -0.0133
vn -0.3221 0.9467 -0.0076
vn -0.3713 0.9283 -0.0226
vn -0.3738 0.9275 0.0000
vn -0.3661 0.9306 -0.0000
vn -0.3956 0.9183 -0.0133
vn -0.3956 0.9183 -0.0133
vn -0.3661 0.9306 -0.0000
vn -0.3520 0.9360 -0.0001
vn -0.3520 0.9360 -0.0001
vn -0.3347 0.9423 -0.0005
vn -0.3956 0.9183 -0.0133
vn -0.3221 0.9467 -0.0076
vn -0.3956 0.9183 -0.0133
vn -0.3347 0.9423 -0.0005
vn -0.3347 0.9423 -0.0005
vn -0.3273 0.9449 -0.0000
vn -0.3221 0.9467 -0.0076
vn -0.3221 0.9467 -0.0076
vn -0.3273 0.9449 -0.0000
vn -0.3047 0.9525 -0.0007
vn -0.2669 0.9635 -0.0201
vn -0.3221 0.9467 -0.0076
vn -0.3047 0.9525 -0.0007
vn -0.2669 0.9635 -0.0201
vn -0.3713 0.9283 -0.0226
vn -0.3221 0.9467 -0.0076
vn -0.3713 0.9283 -0.0226
vn -0.2669 0.9635 -0.0201
vn -0.3598 0.9319 -0.0453
vn -0.2751 0.9600 -0.0529
vn -0.3598 0.9319 -0.0453
vn -0.1620 0.9866 -0.0200
vn -0.3242 0.9423 -0.0836
vn -0.4190 0.9045 -0.0792
vn -0.2751 0.9600 -0.0529
vn -0.3242 0.9423 -0.0836
vn -0.1653 0.9855 -0.0385
vn -0.2582 0.9628 -0.0799
vn -0.2582 0.9628 -0.0799
vn -0.3966 0.9107 -0.1156
vn -0.3242 0.9423 -0.0836
vn -0.3047 0.9525 -0.0007
vn -0.3008 0.9537 -0.0003
vn -0.2669 0.9635 -0.0201
vn -0.2669 0.9635 -0.0201
vn -0.3008 0.9537 -0.0003
vn -0.2834 0.9590 -0.0002
vn -0.2834 0.9590 -0.0002
vn -0.2680 0.9634 -0.0001
vn -0.2669 0.9635 -0.0201
vn -0.2669 0.9635 -0.0201
vn -0.2680 0.9634 -0.0001
vn -0.2588 0.9659 -0.0001
vn -0.1008 0.9944 -0.0320
vn -0.2582 0.9628 -0.0799
vn -0.1653 0.9855 -0.0385
vn -0.2001 0.9797 -0.0156
vn -0.3598 0.9319 -0.0453
vn -0.2669 0.9635 -0.0201
vn -0.2669 0.9635 -0.0201
vn -0.2318 0.9728 -0.0039
vn -0.1801 0.9836 -0.0035
vn -0.2588 0.9659 -0.0001
vn -0.2318 0.9728 -0.0039
vn -0.2669 0.9635 -0.0201
vn -0.2588 0.9659 -0.0001
vn -0.2366 0.9716 -0.0005
vn -0.2318 0.9728 -0.0039
vn -0.1801 0.9836 -0.0035
vn -0.2318 0.9728 -0.0039
vn -0.2366 0.9716 -0.0005
vn -0.1008 0.9944 -0.0320
vn -0.1880 0.9802 -0.0618
vn -0.2582 0.9628 -0.0799
vn -0.1653 0.9855 -0.0385
vn -0.3242 0.9423 -0.0836
vn -0.2751 0.9600 -0.0529
vn -0.3598 0.9319 -0.0453
vn -0.2001 0.9797 -0.0156
vn -0.1620 0.9866 -0.0200
vn -0.2669 0.9635 -0.0201
vn -0.1801 0.9836 -0.0035
vn -0.2001 0.9797 -0.0156
vn -0.2366 0.9716 -0.0005
vn -0.2325 0.9726 -0.0003
vn -0.1801 0.9836 -0.0035
vn -0.1801 0.9836 -0.0035
vn -0.2325 0.9726 -0.0003
vn -0.2137 0.9769 0.0000
vn -0.2137 0.9769 0.0000
vn -0.2009 0.9796 0.0001
vn -0.1801 0.9836 -0.0035
vn -0.1801 0.9836 -0.0035
vn -0.2009 0.9796 0.0001
vn -0.1879 0.9822 0.0002
vn -0.1879 0.9822 0.0002
vn -0.1353 0.9908 -0.0071
vn -0.1801 0.9836 -0.0035
vn -0.1879 0.9822 0.0002
vn -0.1692 0.9856 0.0001
vn -0.1353 0.9908 -0.0071
vn -0.2751 0.9600 -0.0529
vn -0.1620 0.9866 -0.0200
vn -0.1653 0.9855 -0.0385
vn -0.1692 0.9856 0.0001
vn -0.1630 0.9866 0.0001
vn -0.1353 0.9908 -0.0071
vn -0.1353 0.9908 -0.0071
vn -0.1630 0.9866 0.0001
vn -0.1413 0.9900 0.0000
vn -0.1413 0.9900 0.0000
vn -0.1336 0.9910 -0.0001
vn -0.1353 0.9908 -0.0071
vn -0.1353 0.9908 -0.0071
vn -0.1336 0.9910 -0.0001
vn -0.1180 0.9930 -0.0011
vn -0.1801 0.9836 -0.0035
vn -0.0959 0.9954 -0.0046
vn -0.2001 0.9797 -0.0156
vn -0.0959 0.9954 -0.0046
vn -0.1801 0.9836 -0.0035
vn -0.1353 0.9908 -0.0071
vn -0.1180 0.9930 -0.0011
vn -0.0959 0.9954 -0.0046
vn -0.1353 0.9908 -0.0071
vn -0.1180 0.9930 -0.0011
vn -0.0993 0.9951 -0.0000
vn -0.0959 0.9954 -0.0046
vn -0.0918 0.9958 0.0010
vn -0.0959 0.9954 -0.0046
vn -0.0993 0.9951 -0.0000
vn -0.1620 0.9866 -0.0200
vn -0.0371 0.9993 -0.0052
vn -0.1653 0.9855 -0.0385
vn -0.1008 0.9944 -0.0320
vn -0.0136 0.9999 -0.0035
vn -0.0083 1.0000 -0.0039
vn -0.0136 0.9999 -0.0035
vn -0.1653 0.9855 -0.0385
vn -0.0371 0.9993 -0.0052
vn -0.1620 0.9866 -0.0200
vn -0.0275 0.9996 -0.0035
vn -0.0371 0.9993 -0.0052
vn -0.0275 0.9996 -0.0035
vn -0.1620 0.9866 -0.0200
vn -0.2001 0.9797 -0.0156
vn -0.0275 0.9996 -0.0035
vn -0.2001 0.9797 -0.0156
vn -0.0959 0.9954 -0.0046
vn -0.0993 0.9951 -0.0000
vn -0.0921 0.9958 -0.0000
vn -0.0918 0.9958 0.0010
vn -0.0918 0.9958 0.0010
vn -0.0921 0.9958 -0.0000
vn -0.0689 0.9976 0.0002
vn -0.0959 0.9954 -0.0046
vn -0.0918 0.9958 0.0010
vn -0.0689 0.9976 0.0002
vn -0.0689 0.9976 0.0002
vn -0.0643 0.9979 0.0001
vn -0.0959 0.9954 -0.0046
vn -0.0959 0.9954 -0.0046
vn -0.0643 0.9979 0.0001
vn -0.0457 0.9990 -0.0000
vn -0.0136 0.9999 -0.0035
vn -0.1008 0.9944 -0.0320
vn -0.1653 0.9855 -0.0385
vn -0.0457 0.9990 -0.0000
vn -0.0326 0.9995 -0.0002
vn -0.0959 0.9954 -0.0046
vn -0.9917 0.1285 0.0000
vn -1.0000 0.0012 -0.0023
vn -1.0000 0.0007 0.0002
vn -1.0000 0.0007 0.0002
vn -0.9840 0.1782 -0.0003
vn -0.9917 0.1285 0.0000
vn -0.9519 0.3063 0.0003
vn -0.9917 0.1285 0.0000
vn -0.9840 0.1782 -0.0003
vn -0.9840 0.1782 -0.0003
vn -0.9319 0.3626 -0.0005
vn -0.9519 0.3063 0.0003
vn -0.8915 0.4530 0.0002
vn -0.9519 0.3063 0.0003
vn -0.9319 0.3626 -0.0005
vn -0.9319 0.3626 -0.0005
vn -0.8622 0.5066 -0.0005
vn -0.8915 0.4530 0.0002
vn -0.7894 0.6139 0.0000
vn -0.8915 0.4530 0.0002
vn -0.8622 0.5066 -0.0005
vn -0.8622 0.5066 -0.0005
vn -0.7582 0.6520 -0.0003
vn -0.7894 0.6139 0.0000
vn -0.6713 0.7412 -0.0023
vn -0.7894 0.6139 0.0000
vn -0.7582 0.6520 -0.0003
vn -0.7582 0.6520 -0.0003
vn -0.6626 0.7489 0.0007
vn -0.6713 0.7412 -0.0023
vn 0.7592 -0.6508 0.0019
vn 0.6654 -0.7465 -0.0003
vn 0.6807 -0.7326 0.0002
vn 0.6807 -0.7326 0.0002
vn 0.7869 -0.6171 -0.0001
vn 0.7592 -0.6508 0.0019
vn 0.8589 -0.5122 0.0000
vn 0.7592 -0.6508 0.0019
vn 0.7869 -0.6171 -0.0001
vn 0.7869 -0.6171 -0.0001
vn 0.8819 -0.4714 -0.0003
vn 0.8589 -0.5122 0.0000
vn 0.9305 -0.3662 -0.0003
vn 0.8589 -0.5122 0.0000
vn 0.8819 -0.4714 -0.0003
vn 0.8819 -0.4714 -0.0003
vn 0.9488 -0.3158 0.0008
vn 0.9305 -0.3662 -0.0003
vn 0.9809 -0.1946 -0.0004
vn 0.9305 -0.3662 -0.0003
vn 0.9488 -0.3158 0.0008
vn 0.9488 -0.3158 0.0008
vn 0.9900 -0.1408 0.0010
vn 0.9809 -0.1946 -0.0004
vn 1.0000 -0.0007 -0.0011
vn 0.9809 -0.1946 -0.0004
vn 0.9900 -0.1408 0.0010
vn 0.9900 -0.1408 0.0010
vn 1.0000 -0.0000 0.0004
vn 1.0000 -0.0007 -0.0011
vn -0.0504 -0.9985 0.0231
vn -0.0587 -0.9981 0.0190
vn -0.0689 -0.9974 0.0200
vn -0.6411 -0.7533 -0.1468
vn -0.4865 -0.8645 -0.1261
vn -0.0449 -0.9966 -0.0686
vn -0.0504 -0.9985 0.0231
vn -0.0449 -0.9966 -0.0686
vn -0.4865 -0.8645 -0.1261
vn -0.4865 -0.8645 -0.1261
vn -0.2536 -0.9664 -0.0411
vn -0.0504 -0.9985 0.0231
vn -0.1563 -0.9847 -0.0766
vn -0.0587 -0.9981 0.0190
vn -0.2536 -0.9664 -0.0411
vn -0.0504 -0.9985 0.0231
vn -0.2536 -0.9664 -0.0411
vn -0.0587 -0.9981 0.0190
vn -0.0021 -0.9996 0.0269
vn -0.1563 -0.9847 -0.0766
vn -0.2536 -0.9664 -0.0411
vn -0.2536 -0.9664 -0.0411
vn -0.0736 -0.9971 0.0177
vn -0.0021 -0.9996 0.0269
vn -0.0378 -0.9988 0.0320
vn -0.0221 -0.9991 0.0363
vn -0.0999 -0.9135 0.3943
vn -0.0504 -0.9985 0.0231
vn -0.0689 -0.9974 0.0200
vn -0.0221 -0.9991 0.0363
vn -0.0132 -0.9962 0.0865
vn -0.0221 -0.9991 0.0363
vn -0.0378 -0.9988 0.0320
vn -0.0338 -0.9952 -0.0916
vn -0.0132 -0.9962 0.0865
vn -0.0378 -0.9988 0.0320
vn 0.0499 -0.9503 -0.3073
vn -0.0252 -0.9848 -0.1721
vn 0.0053 -0.9924 -0.1226
vn 0.0231 -0.9997 0.0064
vn 0.0573 -0.9888 -0.1376
vn 0.0104 -0.9993 0.0348
vn 0.0573 -0.9888 -0.1376
vn 0.0499 -0.9503 -0.3073
vn 0.0053 -0.9924 -0.1226
vn 0.2490 -0.9574 -0.1462
vn 0.0231 -0.9997 0.0064
vn 0.0629 -0.9969 0.0464
vn 0.0629 -0.9969 0.0464
vn 0.4746 -0.7973 0.3728
vn 0.4046 -0.8952 0.1866
vn 0.0104 -0.9993 0.0348
vn 0.0629 -0.9969 0.0464
vn 0.0231 -0.9997 0.0064
vn 0.0053 -0.9924 -0.1226
vn -0.0378 -0.9988 0.0320
vn 0.0573 -0.9888 -0.1376
vn 0.0629 -0.9969 0.0464
vn 0.4046 -0.8952 0.1866
vn 0.2490 -0.9574 -0.1462
vn -0.0378 -0.9988 0.0320
vn 0.0104 -0.9993 0.0348
vn 0.0573 -0.9888 -0.1376
vn -0.0212 -0.0349 -0.9992
vn -0.0233 -0.0595 -0.9980
vn -0.0161 -0.0423 -0.9990
vn -0.0163 -0.0739 -0.9971
vn -0.0161 -0.0423 -0.9990
vn -0.0233 -0.0595 -0.9980
vn -0.0338 -0.9952 -0.0916
vn -0.0322 -0.9960 -0.0828
vn -0.0232 -0.9978 -0.0629
vn -0.0322 -0.9960 -0.0828
vn -0.0241 -0.9958 -0.0886
vn -0.0232 -0.9978 -0.0629
vn -0.0322 -0.9960 -0.0828
vn -0.0380 -0.9933 -0.1092
vn -0.0241 -0.9958 -0.0886
vn -0.0338 -0.9952 -0.0916
vn -0.0232 -0.9978 -0.0629
vn -0.0205 -0.9992 -0.0356
vn -0.0132 -0.9962 0.0865
vn -0.0338 -0.9952 -0.0916
vn -0.0205 -0.9992 -0.0356
vn -0.0132 -0.9962 0.0865
vn -0.0205 -0.9992 -0.0356
vn -0.0504 -0.9985 0.0231
vn -0.0504 -0.9985 0.0231
vn -0.0221 -0.9991 0.0363
vn -0.0132 -0.9962 0.0865
vn -0.0242 -0.9924 -0.1205
vn -0.0241 -0.9958 -0.0886
vn -0.0380 -0.9933 -0.1092
vn -0.0380 -0.9933 -0.1092
vn -0.0372 -0.9890 -0.1429
vn -0.0242 -0.9924 -0.1205
vn -0.0372 -0.9890 -0.1429
vn -0.0290 -0.9901 -0.1374
vn -0.0242 -0.9924 -0.1205
vn -0.0449 -0.9966 -0.0686
vn -0.0253 -0.9995 -0.0178
vn -0.0407 -0.9816 -0.1866
vn -0.0372 -0.9890 -0.1429
vn -0.0407 -0.9816 -0.1866
vn -0.0253 -0.9995 -0.0178
vn -0.0253 -0.9995 -0.0178
vn -0.0290 -0.9901 -0.1374
vn -0.0372 -0.9890 -0.1429
vn -0.0280 -0.9508 -0.3084
vn -0.0449 -0.9966 -0.0686
vn -0.0407 -0.9816 -0.1866
vn -0.0407 -0.9816 -0.1866
vn -0.0252 -0.9848 -0.1721
vn -0.0280 -0.9508 -0.3084
vn 0.0499 -0.9503 -0.3073
vn -0.0184 -0.9669 -0.2545
vn -0.0252 -0.9848 -0.1721
vn -0.0252 -0.9848 -0.1721
vn -0.0223 -0.9748 -0.2222
vn -0.0280 -0.9508 -0.3084
vn -0.0184 -0.9669 -0.2545
vn -0.0223 -0.9748 -0.2222
vn -0.0252 -0.9848 -0.1721
vn -0.0184 -0.9669 -0.2545
vn -0.0210 -0.9602 -0.2785
vn -0.0223 -0.9748 -0.2222
vn -0.0210 -0.9602 -0.2785
vn -0.0917 -0.9677 -0.2347
vn -0.0223 -0.9748 -0.2222
vn -0.0223 -0.9502 -0.3107
vn -0.0917 -0.9677 -0.2347
vn -0.0210 -0.9602 -0.2785
vn -0.0210 -0.9602 -0.2785
vn -0.0222 -0.9465 -0.3218
vn -0.0223 -0.9502 -0.3107
vn -0.0222 -0.9465 -0.3218
vn -0.0223 -0.9501 -0.3113
vn -0.0223 -0.9502 -0.3107
vn -0.0222 -0.9465 -0.3218
vn -0.0218 -0.9400 -0.3406
vn -0.0223 -0.9501 -0.3113
vn -0.0222 -0.9465 -0.3218
vn -0.0221 -0.9386 -0.3442
vn -0.0218 -0.9400 -0.3406
vn -0.0221 -0.9386 -0.3442
vn -0.0229 -0.9361 -0.3509
vn -0.0218 -0.9400 -0.3406
vn -0.0236 -0.9335 -0.3578
vn -0.0229 -0.9361 -0.3509
vn -0.0221 -0.9386 -0.3442
vn -0.0221 -0.9386 -0.3442
vn -0.0455 -0.9239 -0.3800
vn -0.0236 -0.9335 -0.3578
vn -0.0455 -0.9239 -0.3800
vn -0.0238 -0.9142 -0.4046
vn -0.0236 -0.9335 -0.3578
vn -0.0238 -0.9142 -0.4046
vn -0.1490 -0.9010 -0.4075
vn -0.0236 -0.9335 -0.3578
vn -0.0239 -0.8941 -0.4472
vn -0.1490 -0.9010 -0.4075
vn -0.0238 -0.9142 -0.4046
vn -0.0238 -0.9142 -0.4046
vn -0.0241 -0.9013 -0.4326
vn -0.0239 -0.8941 -0.4472
vn -0.0241 -0.9013 -0.4326
vn -0.0231 -0.8982 -0.4390
vn -0.0239 -0.8941 -0.4472
vn -0.0231 -0.8982 -0.4390
vn -0.0244 -0.8981 -0.4391
vn -0.0239 -0.8941 -0.4472
vn -0.0236 -0.8886 -0.4581
vn -0.0244 -0.8981 -0.4391
vn -0.0231 -0.8982 -0.4390
vn -0.0231 -0.8982 -0.4390
vn -0.0226 -0.8804 -0.4737
vn -0.0236 -0.8886 -0.4581
vn -0.0240 -0.8834 -0.4681
vn -0.0236 -0.8886 -0.4581
vn -0.0226 -0.8804 -0.4737
vn -0.0226 -0.8804 -0.4737
vn -0.0234 -0.8665 -0.4986
vn -0.0240 -0.8834 -0.4681
vn -0.1453 -0.8595 -0.4901
vn -0.0240 -0.8834 -0.4681
vn -0.0234 -0.8665 -0.4986
vn -0.0249 -0.8429 -0.5375
vn -0.1453 -0.8595 -0.4901
vn -0.0234 -0.8665 -0.4986
vn -0.0234 -0.8665 -0.4986
vn -0.0235 -0.8520 -0.5230
vn -0.0249 -0.8429 -0.5375
vn -0.0248 -0.8431 -0.5372
vn -0.0249 -0.8429 -0.5375
vn -0.0235 -0.8520 -0.5230
vn -0.0235 -0.8520 -0.5230
vn -0.0237 -0.8338 -0.5516
vn -0.0248 -0.8431 -0.5372
vn -0.1045 -0.8246 -0.5559
vn -0.0243 -0.8299 -0.5574
vn -0.0229 -0.8165 -0.5769
vn -0.0237 -0.8338 -0.5516
vn -0.0229 -0.8165 -0.5769
vn -0.0243 -0.8299 -0.5574
vn -0.0243 -0.8299 -0.5574
vn -0.0248 -0.8431 -0.5372
vn -0.0237 -0.8338 -0.5516
vn -0.0224 -0.7993 -0.6005
vn -0.0224 -0.7775 -0.6285
vn -0.0586 -0.7865 -0.6148
vn -0.0586 -0.7865 -0.6148
vn -0.0476 -0.8001 -0.5979
vn -0.0224 -0.7993 -0.6005
vn -0.0229 -0.8165 -0.5769
vn -0.0224 -0.7993 -0.6005
vn -0.0476 -0.8001 -0.5979
vn -0.0476 -0.8001 -0.5979
vn -0.1045 -0.8246 -0.5559
vn -0.0229 -0.8165 -0.5769
vn -0.0226 -0.7705 -0.6371
vn -0.0227 -0.7470 -0.6645
vn -0.0749 -0.7392 -0.6693
vn -0.0749 -0.7392 -0.6693
vn -0.0450 -0.7726 -0.6333
vn -0.0226 -0.7705 -0.6371
vn -0.0224 -0.7775 -0.6285
vn -0.0226 -0.7705 -0.6371
vn -0.0450 -0.7726 -0.6333
vn -0.0450 -0.7726 -0.6333
vn -0.0586 -0.7865 -0.6148
vn -0.0224 -0.7775 -0.6285
vn -0.0227 -0.7470 -0.6645
vn -0.0246 -0.7404 -0.6717
vn -0.0246 -0.7453 -0.6663
vn -0.0227 -0.7470 -0.6645
vn -0.0246 -0.7453 -0.6663
vn -0.0749 -0.7392 -0.6693
vn -0.0438 -0.7050 -0.7079
vn -0.0250 -0.6832 -0.7298
vn -0.0252 -0.7307 -0.6822
vn -0.0246 -0.7404 -0.6717
vn -0.0438 -0.7050 -0.7079
vn -0.0252 -0.7307 -0.6822
vn -0.0252 -0.7307 -0.6822
vn -0.0256 -0.7349 -0.6776
vn -0.0246 -0.7404 -0.6717
vn -0.0246 -0.7404 -0.6717
vn -0.0256 -0.7349 -0.6776
vn -0.0246 -0.7453 -0.6663
vn -0.0245 -0.6722 -0.7399
vn -0.0267 -0.6713 -0.7407
vn -0.0257 -0.6486 -0.7607
vn -0.0250 -0.6832 -0.7298
vn -0.0245 -0.6722 -0.7399
vn -0.0257 -0.6486 -0.7607
vn -0.0257 -0.6486 -0.7607
vn -0.1008 -0.7052 -0.7018
vn -0.0250 -0.6832 -0.7298
vn -0.0250 -0.6832 -0.7298
vn -0.1008 -0.7052 -0.7018
vn -0.0252 -0.7307 -0.6822
vn -0.0252 -0.6474 -0.7618
vn -0.0267 -0.6713 -0.7407
vn -0.0245 -0.6722 -0.7399
vn -0.0245 -0.6722 -0.7399
vn -0.0243 -0.6450 -0.7638
vn -0.0252 -0.6474 -0.7618
vn -0.0243 -0.6450 -0.7638
vn -0.0226 -0.6264 -0.7791
vn -0.0252 -0.6474 -0.7618
vn -0.0226 -0.6264 -0.7791
vn -0.0246 -0.6352 -0.7720
vn -0.0252 -0.6474 -0.7618
vn -0.0408 -0.6153 -0.7872
vn -0.0246 -0.6352 -0.7720
vn -0.0226 -0.6264 -0.7791
vn -0.0226 -0.6264 -0.7791
vn -0.0223 -0.6001 -0.7996
vn -0.0408 -0.6153 -0.7872
vn -0.0223 -0.6001 -0.7996
vn -0.0350 -0.5981 -0.8007
vn -0.0408 -0.6153 -0.7872
vn -0.0320 -0.5809 -0.8134
vn -0.0350 -0.5981 -0.8007
vn -0.0223 -0.6001 -0.7996
vn -0.0223 -0.6001 -0.7996
vn -0.0213 -0.5691 -0.8220
vn -0.0320 -0.5809 -0.8134
vn -0.0282 -0.5629 -0.8260
vn -0.0320 -0.5809 -0.8134
vn -0.0213 -0.5691 -0.8220
vn -0.0213 -0.5691 -0.8220
vn -0.0217 -0.5448 -0.8383
vn -0.0282 -0.5629 -0.8260
vn -0.0338 -0.5389 -0.8417
vn -0.0282 -0.5629 -0.8260
vn -0.0217 -0.5448 -0.8383
vn -0.0247 -0.5247 -0.8509
vn -0.0338 -0.5389 -0.8417
vn -0.0217 -0.5448 -0.8383
vn -0.0217 -0.5448 -0.8383
vn -0.0221 -0.5202 -0.8538
vn -0.0247 -0.5247 -0.8509
vn -0.0254 -0.5066 -0.8618
vn -0.0247 -0.5247 -0.8509
vn -0.0221 -0.5202 -0.8538
vn -0.0221 -0.5202 -0.8538
vn -0.0237 -0.4901 -0.8714
vn -0.0254 -0.5066 -0.8618
vn -0.0255 -0.5214 -0.8529
vn -0.0254 -0.5066 -0.8618
vn -0.0237 -0.4901 -0.8714
vn -0.0237 -0.4901 -0.8714
vn -0.0191 -0.4679 -0.8836
vn -0.0255 -0.5214 -0.8529
vn -0.3043 -0.4479 -0.8407
vn -0.0255 -0.5214 -0.8529
vn -0.0191 -0.4679 -0.8836
vn -0.0222 -0.4216 -0.9065
vn -0.3043 -0.4479 -0.8407
vn -0.0191 -0.4679 -0.8836
vn -0.0191 -0.4679 -0.8836
vn -0.0202 -0.5040 -0.8635
vn -0.0222 -0.4216 -0.9065
vn -0.0186 -0.4103 -0.9118
vn -0.0222 -0.4216 -0.9065
vn -0.0202 -0.5040 -0.8635
vn -0.0202 -0.5040 -0.8635
vn 0.2250 -0.4993 -0.8367
vn -0.0186 -0.4103 -0.9118
vn 0.2250 -0.4993 -0.8367
vn -0.0166 -0.2453 -0.9693
vn -0.0186 -0.4103 -0.9118
vn -0.0166 -0.2453 -0.9693
vn -0.0229 -0.3849 -0.9227
vn -0.0186 -0.4103 -0.9118
vn -0.0166 -0.2453 -0.9693
vn -0.0182 -0.3646 -0.9310
vn -0.0229 -0.3849 -0.9227
vn -0.0237 -0.3599 -0.9327
vn -0.0229 -0.3849 -0.9227
vn -0.0182 -0.3646 -0.9310
vn -0.0182 -0.3646 -0.9310
vn -0.0183 -0.3529 -0.9355
vn -0.0237 -0.3599 -0.9327
vn -0.0183 -0.3529 -0.9355
vn -0.0254 -0.3447 -0.9384
vn -0.0237 -0.3599 -0.9327
vn -0.0232 -0.3187 -0.9476
vn -0.0254 -0.3447 -0.9384
vn -0.0183 -0.3529 -0.9355
vn -0.0183 -0.3529 -0.9355
vn -0.0413 -0.2863 -0.9573
vn -0.0232 -0.3187 -0.9476
vn -0.0413 -0.2863 -0.9573
vn -0.0205 -0.2700 -0.9627
vn -0.0232 -0.3187 -0.9476
vn -0.0205 -0.2700 -0.9627
vn -0.0263 -0.3035 -0.9525
vn -0.0232 -0.3187 -0.9476
vn -0.0267 -0.3665 -0.9300
vn -0.0263 -0.3035 -0.9525
vn -0.0205 -0.2700 -0.9627
vn -0.0205 -0.2700 -0.9627
vn -0.0253 -0.1899 -0.9815
vn -0.0267 -0.3665 -0.9300
vn 0.1762 -0.1973 -0.9644
vn -0.2480 -0.2027 -0.9473
vn -0.0253 -0.1899 -0.9815
vn -0.0449 -0.9990 -0.0011
vn -0.0449 -0.9990 -0.0011
vn -0.0449 -0.9990 -0.0011
vn -0.0292 -0.3336 -0.9423
vn -0.0294 -0.1758 -0.9840
vn -0.0237 -0.1848 -0.9825
vn -0.0237 -0.1848 -0.9825
vn -0.0291 -0.2849 -0.9581
vn -0.0292 -0.3336 -0.9423
vn -0.0327 -0.9593 -0.2805
vn -0.0327 -0.9593 -0.2805
vn -0.0327 -0.9593 -0.2805
vn -0.0294 -0.1758 -0.9840
vn -0.0178 -0.1349 -0.9907
vn -0.0256 -0.1472 -0.9888
vn -0.0256 -0.1472 -0.9888
vn -0.0230 -0.1696 -0.9852
vn -0.0294 -0.1758 -0.9840
vn -0.0294 -0.1758 -0.9840
vn -0.0230 -0.1696 -0.9852
vn -0.0237 -0.1848 -0.9825
vn -0.0178 -0.1349 -0.9907
vn -0.0174 -0.1201 -0.9926
vn -0.0194 -0.1264 -0.9918
vn -0.0194 -0.1264 -0.9918
vn -0.0256 -0.1472 -0.9888
vn -0.0178 -0.1349 -0.9907
vn -0.0163 -0.0739 -0.9971
vn -0.0233 -0.0595 -0.9980
vn -0.0223 -0.0804 -0.9965
vn -0.0223 -0.0804 -0.9965
vn -0.0164 -0.0883 -0.9960
vn -0.0163 -0.0739 -0.9971
vn -0.0223 -0.0804 -0.9965
vn -0.0256 -0.1041 -0.9942
vn -0.0164 -0.0883 -0.9960
vn -0.0174 -0.1201 -0.9926
vn -0.0164 -0.0883 -0.9960
vn -0.0256 -0.1041 -0.9942
vn -0.0174 -0.1201 -0.9926
vn -0.0256 -0.1041 -0.9942
vn -0.0194 -0.1264 -0.9918
vn -0.0212 -0.0349 -0.9992
vn -0.0161 -0.0423 -0.9990
vn -0.0156 -0.0258 -0.9995
vn -0.0156 -0.0258 -0.9995
vn -0.0214 -0.0147 -0.9997
vn -0.0212 -0.0349 -0.9992
vn -0.0214 -0.0147 -0.9997
vn -0.0156 -0.0258 -0.9995
vn -0.0175 -0.0003 -0.9998
vn -0.0175 -0.0003 -0.9998
vn -0.0173 -0.0004 -0.9998
vn -0.0214 -0.0147 -0.9997
vn -0.9816 0.0278 -0.1889
vn -0.9816 0.0278 -0.1889
vn -0.9816 0.0278 -0.1889
vn -0.7671 0.3673 -0.5259
vn -0.7671 0.3673 -0.5259
vn -0.7671 0.3673 -0.5259
vn -0.2811 0.2182 -0.9345
vn -0.2811 0.2182 -0.9345
vn -0.2811 0.2182 -0.9345
vn -0.9741 -0.2211 -0.0475
vn -0.9741 -0.2211 -0.0475
vn -0.9741 -0.2211 -0.0475
vn -0.9642 -0.2615 -0.0451
vn -0.9642 -0.2615 -0.0451
vn -0.9642 -0.2615 -0.0451
vn -0.9494 -0.3120 -0.0361
vn -0.9494 -0.3120 -0.0361
vn -0.9494 -0.3120 -0.0361
vn -0.9319 0.3626 -0.0005
vn -0.9840 0.1782 -0.0003
vn -0.9933 0.1009 0.0559
vn -0.9933 0.1009 0.0559
vn -0.9840 0.1782 -0.0003
vn -1.0000 0.0007 0.0002
vn -0.8622 0.5066 -0.0005
vn -0.9319 0.3626 -0.0005
vn -0.9933 0.1009 0.0559
vn -0.6626 0.7489 0.0007
vn -0.7582 0.6520 -0.0003
vn -0.9933 0.1009 0.0559
vn -0.9933 0.1009 0.0559
vn -0.7582 0.6520 -0.0003
vn -0.8622 0.5066 -0.0005
vn -0.7202 0.6127 0.3255
vn -0.6124 0.7402 0.2774
vn -0.9185 0.0149 0.3951
vn -0.9116 0.0004 0.4112
vn -0.9038 0.1285 0.4083
vn -0.9185 0.0149 0.3951
vn -0.9185 0.0149 0.3951
vn -0.9038 0.1285 0.4083
vn -0.8668 0.3081 0.3920
vn -0.8668 0.3081 0.3920
vn -0.8124 0.4527 0.3674
vn -0.9185 0.0149 0.3951
vn -0.8124 0.4527 0.3674
vn -0.7202 0.6127 0.3255
vn -0.9185 0.0149 0.3951
vn -0.8066 0.4959 0.3217
vn -0.9185 0.0149 0.3951
vn -0.6124 0.7402 0.2774
vn -0.0254 0.9996 0.0116
vn -0.0016 1.0000 0.0005
vn -0.0166 0.9998 -0.0057
vn -0.5577 0.8301 -0.0052
vn -0.6541 0.7564 0.0005
vn -0.5911 0.8046 0.0564
vn -0.5911 0.8046 0.0564
vn -0.6541 0.7564 0.0005
vn -0.6626 0.7489 0.0007
vn -0.6124 0.7402 0.2774
vn -0.5999 0.7527 0.2712
vn -0.8066 0.4959 0.3217
vn -0.8066 0.4959 0.3217
vn -0.5999 0.7527 0.2712
vn -0.5865 0.7654 0.2648
vn -0.6121 0.7908 0.0003
vn -0.6286 0.7778 0.0004
vn -0.5911 0.8046 0.0564
vn -0.5911 0.8046 0.0564
vn -0.6286 0.7778 0.0004
vn -0.5577 0.8301 -0.0052
vn -0.5865 0.7654 0.2648
vn -0.5767 0.7745 0.2598
vn -0.8066 0.4959 0.3217
vn -0.8066 0.4959 0.3217
vn -0.5767 0.7745 0.2598
vn -0.5678 0.7829 0.2542
vn -0.5678 0.7829 0.2542
vn -0.5602 0.7966 0.2272
vn -0.8066 0.4959 0.3217
vn -0.4936 0.8443 0.2088
vn -0.8066 0.4959 0.3217
vn -0.5602 0.7966 0.2272
vn -0.5911 0.8046 0.0564
vn -0.5588 0.8291 0.0186
vn -0.5909 0.8067 0.0020
vn -0.5909 0.8067 0.0020
vn -0.6051 0.7962 0.0009
vn -0.5911 0.8046 0.0564
vn -0.5911 0.8046 0.0564
vn -0.6051 0.7962 0.0009
vn -0.6121 0.7908 0.0003
vn -0.5602 0.7966 0.2272
vn -0.5352 0.8098 0.2403
vn -0.4936 0.8443 0.2088
vn -0.5588 0.8291 0.0186
vn -0.5704 0.8214 0.0003
vn -0.5909 0.8067 0.0020
vn -0.5322 0.8466 0.0006
vn -0.5253 0.8508 0.0128
vn -0.4952 0.8688 -0.0037
vn -0.5322 0.8466 0.0006
vn -0.5513 0.8343 0.0003
vn -0.5253 0.8508 0.0128
vn -0.5588 0.8291 0.0186
vn -0.5253 0.8508 0.0128
vn -0.5513 0.8343 0.0003
vn -0.4980 0.8672 0.0002
vn -0.5197 0.8543 0.0006
vn -0.4952 0.8688 -0.0037
vn -0.4952 0.8688 -0.0037
vn -0.5197 0.8543 0.0006
vn -0.5322 0.8466 0.0006
vn -0.4487 0.8936 -0.0153
vn -0.4713 0.8820 -0.0004
vn -0.4952 0.8688 -0.0037
vn -0.4936 0.8443 0.2088
vn -0.4820 0.8499 0.2128
vn -0.4405 0.8779 0.1879
vn -0.4487 0.8936 -0.0153
vn -0.3883 0.9208 -0.0377
vn -0.4160 0.9094 0.0020
vn -0.4160 0.9094 0.0020
vn -0.4244 0.9055 0.0002
vn -0.4487 0.8936 -0.0153
vn -0.4487 0.8936 -0.0153
vn -0.4244 0.9055 0.0002
vn -0.4407 0.8976 0.0001
vn -0.4820 0.8499 0.2128
vn -0.3826 0.9079 0.1716
vn -0.4405 0.8779 0.1879
vn -0.3481 0.9258 0.1472
vn -0.4405 0.8779 0.1879
vn -0.3826 0.9079 0.1716
vn -0.3718 0.9283 -0.0000
vn -0.3909 0.9204 0.0001
vn -0.3883 0.9208 -0.0377
vn -0.3909 0.9204 0.0001
vn -0.3966 0.9180 0.0001
vn -0.3883 0.9208 -0.0377
vn -0.3883 0.9208 -0.0377
vn -0.3966 0.9180 0.0001
vn -0.4160 0.9094 0.0020
vn -0.3826 0.9079 0.1716
vn -0.3599 0.9187 0.1623
vn -0.3481 0.9258 0.1472
vn -0.3481 0.9258 0.1472
vn -0.3599 0.9187 0.1623
vn -0.3415 0.9272 0.1541
vn -0.3486 0.9373 0.0001
vn -0.3610 0.9326 0.0000
vn -0.3883 0.9208 -0.0377
vn -0.3883 0.9208 -0.0377
vn -0.3610 0.9326 0.0000
vn -0.3718 0.9283 -0.0000
vn -0.3415 0.9272 0.1541
vn -0.3339 0.9305 0.1506
vn -0.3481 0.9258 0.1472
vn -0.3481 0.9258 0.1472
vn -0.3339 0.9305 0.1506
vn -0.3212 0.9361 0.1436
vn -0.3212 0.9361 0.1436
vn -0.2942 0.9509 0.0962
vn -0.3481 0.9258 0.1472
vn -0.3212 0.9361 0.1436
vn -0.3042 0.9427 0.1371
vn -0.2942 0.9509 0.0962
vn -0.3040 0.9527 0.0006
vn -0.3209 0.9469 -0.0220
vn -0.2454 0.9687 0.0373
vn -0.3040 0.9527 0.0006
vn -0.3276 0.9448 0.0007
vn -0.3209 0.9469 -0.0220
vn -0.3883 0.9208 -0.0377
vn -0.3209 0.9469 -0.0220
vn -0.3276 0.9448 0.0007
vn -0.3276 0.9448 0.0007
vn -0.3301 0.9440 0.0003
vn -0.3883 0.9208 -0.0377
vn -0.3883 0.9208 -0.0377
vn -0.3301 0.9440 0.0003
vn -0.3486 0.9373 0.0001
vn -0.3042 0.9427 0.1371
vn -0.2922 0.9472 0.1320
vn -0.2942 0.9509 0.0962
vn -0.2798 0.9601 0.0001
vn -0.2960 0.9552 0.0006
vn -0.2454 0.9687 0.0373
vn -0.2454 0.9687 0.0373
vn -0.2960 0.9552 0.0006
vn -0.3040 0.9527 0.0006
vn -0.2922 0.9472 0.1320
vn -0.2740 0.9537 0.1237
vn -0.2942 0.9509 0.0962
vn -0.2942 0.9509 0.0962
vn -0.2740 0.9537 0.1237
vn -0.2592 0.9587 0.1168
vn -0.2584 0.9661 -0.0003
vn -0.2630 0.9648 -0.0001
vn -0.2454 0.9687 0.0373
vn -0.2454 0.9687 0.0373
vn -0.2630 0.9648 -0.0001
vn -0.2798 0.9601 0.0001
vn -0.2592 0.9587 0.1168
vn -0.2434 0.9638 0.1092
vn -0.2942 0.9509 0.0962
vn -0.2942 0.9509 0.0962
vn -0.2434 0.9638 0.1092
vn -0.2372 0.9656 0.1064
vn -0.2372 0.9656 0.1064
vn -0.2326 0.9687 0.0870
vn -0.2942 0.9509 0.0962
vn -0.2372 0.9656 0.1064
vn -0.2147 0.9719 0.0966
vn -0.2326 0.9687 0.0870
vn -0.1669 0.9836 0.0683
vn -0.2326 0.9687 0.0870
vn -0.2147 0.9719 0.0966
vn -0.2097 0.9778 -0.0000
vn -0.2291 0.9734 -0.0003
vn -0.2454 0.9687 0.0373
vn -0.2291 0.9734 -0.0003
vn -0.2354 0.9719 -0.0002
vn -0.2454 0.9687 0.0373
vn -0.2454 0.9687 0.0373
vn -0.2354 0.9719 -0.0002
vn -0.2584 0.9661 -0.0003
vn -0.2147 0.9719 0.0966
vn -0.2096 0.9732 0.0942
vn -0.1669 0.9836 0.0683
vn -0.1669 0.9836 0.0683
vn -0.2096 0.9732 0.0942
vn -0.1953 0.9768 0.0883
vn -0.2454 0.9687 0.0373
vn -0.1880 0.9821 0.0105
vn -0.1872 0.9823 0.0011
vn -0.1872 0.9823 0.0011
vn -0.1957 0.9807 0.0002
vn -0.2454 0.9687 0.0373
vn -0.2454 0.9687 0.0373
vn -0.1957 0.9807 0.0002
vn -0.2097 0.9778 -0.0000
vn -0.1953 0.9768 0.0883
vn -0.1817 0.9799 0.0823
vn -0.1669 0.9836 0.0683
vn -0.1669 0.9836 0.0683
vn -0.1817 0.9799 0.0823
vn -0.1649 0.9835 0.0746
vn -0.1401 0.9901 0.0000
vn -0.1880 0.9821 0.0105
vn -0.1906 0.9814 0.0248
vn -0.1401 0.9901 0.0000
vn -0.1600 0.9871 -0.0000
vn -0.1880 0.9821 0.0105
vn -0.1600 0.9871 -0.0000
vn -0.1660 0.9861 -0.0000
vn -0.1880 0.9821 0.0105
vn -0.1880 0.9821 0.0105
vn -0.1660 0.9861 -0.0000
vn -0.1872 0.9823 0.0011
vn -0.1649 0.9835 0.0746
vn -0.1465 0.9870 0.0662
vn -0.1669 0.9836 0.0683
vn -0.1669 0.9836 0.0683
vn -0.1465 0.9870 0.0662
vn -0.1398 0.9882 0.0620
vn -0.1058 0.9935 0.0424
vn -0.1669 0.9836 0.0683
vn -0.1398 0.9882 0.0620
vn -0.1141 0.9935 0.0000
vn -0.1280 0.9918 -0.0000
vn -0.1906 0.9814 0.0248
vn -0.1906 0.9814 0.0248
vn -0.1280 0.9918 -0.0000
vn -0.1401 0.9901 0.0000
vn -0.1398 0.9882 0.0620
vn -0.1189 0.9915 0.0536
vn -0.1058 0.9935 0.0424
vn -0.1058 0.9935 0.0424
vn -0.1189 0.9915 0.0536
vn -0.1077 0.9930 0.0487
vn -0.1077 0.9930 0.0487
vn -0.0883 0.9953 0.0399
vn -0.1058 0.9935 0.0424
vn -0.0423 0.9991 0.0001
vn -0.0594 0.9982 0.0004
vn -0.0043 1.0000 0.0025
vn -0.0043 1.0000 0.0025
vn -0.0594 0.9982 0.0004
vn -0.0676 0.9977 0.0004
vn -0.0676 0.9977 0.0004
vn -0.0805 0.9967 0.0088
vn -0.0043 1.0000 0.0025
vn -0.0676 0.9977 0.0004
vn -0.0919 0.9958 0.0004
vn -0.0805 0.9967 0.0088
vn -0.1906 0.9814 0.0248
vn -0.0805 0.9967 0.0088
vn -0.0919 0.9958 0.0004
vn -0.0919 0.9958 0.0004
vn -0.0952 0.9955 0.0002
vn -0.1906 0.9814 0.0248
vn -0.1906 0.9814 0.0248
vn -0.0952 0.9955 0.0002
vn -0.1141 0.9935 0.0000
vn -0.6626 0.7489 0.0007
vn -0.9933 0.1009 0.0559
vn -0.5911 0.8046 0.0564
vn -0.5911 0.8046 0.0564
vn -0.3988 0.9167 0.0256
vn -0.5588 0.8291 0.0186
vn -0.4952 0.8688 -0.0037
vn -0.5253 0.8508 0.0128
vn -0.5588 0.8291 0.0186
vn -0.3883 0.9208 -0.0377
vn -0.3988 0.9167 0.0256
vn -0.3209 0.9469 -0.0220
vn -0.2454 0.9687 0.0373
vn -0.3209 0.9469 -0.0220
vn -0.3988 0.9167 0.0256
vn -0.0043 1.0000 0.0025
vn -0.0805 0.9967 0.0088
vn -0.1906 0.9814 0.0248
vn -0.9933 0.1009 0.0559
vn -0.9030 0.4083 0.1339
vn -0.5911 0.8046 0.0564
vn -0.4952 0.8688 -0.0037
vn -0.3988 0.9167 0.0256
vn -0.4487 0.8936 -0.0153
vn -0.3883 0.9208 -0.0377
vn -0.4487 0.8936 -0.0153
vn -0.3988 0.9167 0.0256
vn -0.3988 0.9167 0.0256
vn -0.1906 0.9814 0.0248
vn -0.2454 0.9687 0.0373
vn -0.1880 0.9821 0.0105
vn -0.2454 0.9687 0.0373
vn -0.1906 0.9814 0.0248
vn -0.4952 0.8688 -0.0037
vn -0.5588 0.8291 0.0186
vn -0.3988 0.9167 0.0256
vn -0.9030 0.4083 0.1339
vn -0.3988 0.9167 0.0256
vn -0.5911 0.8046 0.0564
vn -0.3988 0.9167 0.0256
vn -0.1074 0.9940 0.0184
vn -0.1906 0.9814 0.0248
vn -0.4498 0.8886 0.0898
vn -0.3988 0.9167 0.0256
vn -0.9030 0.4083 0.1339
vn -0.0043 1.0000 0.0025
vn -0.1906 0.9814 0.0248
vn -0.1074 0.9940 0.0184
vn -0.5549 0.8173 0.1554
vn -0.4498 0.8886 0.0898
vn -0.9030 0.4083 0.1339
vn -0.3988 0.9167 0.0256
vn -0.4498 0.8886 0.0898
vn -0.1714 0.9844 0.0399
vn -0.3988 0.9167 0.0256
vn -0.1714 0.9844 0.0399
vn -0.1074 0.9940 0.0184
vn -0.5549 0.8173 0.1554
vn -0.3637 0.9244 0.1147
vn -0.4498 0.8886 0.0898
vn -0.9030 0.4083 0.1339
vn -0.9023 0.3253 0.2828
vn -0.5549 0.8173 0.1554
vn -0.3637 0.9244 0.1147
vn -0.1714 0.9844 0.0399
vn -0.4498 0.8886 0.0898
vn -0.5549 0.8173 0.1554
vn -0.4405 0.8779 0.1879
vn -0.3637 0.9244 0.1147
vn -0.1058 0.9935 0.0424
vn -0.0166 0.9998 -0.0057
vn -0.1714 0.9844 0.0399
vn -0.5549 0.8173 0.1554
vn -0.9023 0.3253 0.2828
vn -0.4936 0.8443 0.2088
vn -0.4405 0.8779 0.1879
vn -0.5549 0.8173 0.1554
vn -0.4936 0.8443 0.2088
vn -0.4405 0.8779 0.1879
vn -0.3481 0.9258 0.1472
vn -0.3637 0.9244 0.1147
vn -0.1714 0.9844 0.0399
vn -0.3637 0.9244 0.1147
vn -0.2942 0.9509 0.0962
vn -0.8066 0.4959 0.3217
vn -0.4936 0.8443 0.2088
vn -0.9023 0.3253 0.2828
vn -0.3481 0.9258 0.1472
vn -0.2942 0.9509 0.0962
vn -0.3637 0.9244 0.1147
vn -0.2942 0.9509 0.0962
vn -0.2326 0.9687 0.0870
vn -0.1714 0.9844 0.0399
vn -0.1669 0.9836 0.0683
vn -0.1714 0.9844 0.0399
vn -0.2326 0.9687 0.0870
vn -0.1058 0.9935 0.0424
vn -0.1714 0.9844 0.0399
vn -0.1669 0.9836 0.0683
vn -0.0043 1.0000 0.0025
vn -0.0276 0.9996 0.0000
vn -0.0423 0.9991 0.0001
vn -0.0883 0.9953 0.0399
vn -0.0822 0.9959 0.0372
vn -0.1058 0.9935 0.0424
vn -0.1058 0.9935 0.0424
vn -0.0822 0.9959 0.0372
vn -0.0739 0.9967 0.0325
vn -0.0166 0.9998 -0.0057
vn -0.1058 0.9935 0.0424
vn -0.0739 0.9967 0.0325
vn -0.0739 0.9967 0.0325
vn -0.0554 0.9982 0.0249
vn -0.0166 0.9998 -0.0057
vn -0.0166 0.9998 -0.0057
vn -0.0554 0.9982 0.0249
vn -0.0426 0.9989 0.0193
vn -0.0426 0.9989 0.0193
vn -0.0254 0.9996 0.0116
vn -0.0166 0.9998 -0.0057
vn -0.9038 0.1285 0.4083
vn -0.9116 0.0004 0.4112
vn -0.9114 0.0020 0.4114
vn -0.9114 0.0020 0.4114
vn -0.8973 0.1768 0.4044
vn -0.9038 0.1285 0.4083
vn -0.8668 0.3081 0.3920
vn -0.9038 0.1285 0.4083
vn -0.8973 0.1768 0.4044
vn -0.8973 0.1768 0.4044
vn -0.8483 0.3666 0.3821
vn -0.8668 0.3081 0.3920
vn -0.8124 0.4527 0.3674
vn -0.8668 0.3081 0.3920
vn -0.8483 0.3666 0.3821
vn -0.8483 0.3666 0.3821
vn -0.7894 0.5005 0.3554
vn -0.8124 0.4527 0.3674
vn -0.7202 0.6127 0.3255
vn -0.8124 0.4527 0.3674
vn -0.7894 0.5005 0.3554
vn -0.7894 0.5005 0.3554
vn -0.6922 0.6508 0.3120
vn -0.7202 0.6127 0.3255
vn -0.6124 0.7402 0.2774
vn -0.7202 0.6127 0.3255
vn -0.6922 0.6508 0.3120
vn -0.6922 0.6508 0.3120
vn -0.6041 0.7488 0.2728
vn -0.6124 0.7402 0.2774
vn -0.9167 -0.0089 0.3994
vn -0.9115 -0.0061 0.4112
vn -0.9116 0.0004 0.4112
vn -0.9116 0.0004 0.4112
vn -0.9185 0.0149 0.3951
vn -0.9167 -0.0089 0.3994
vn -0.8066 0.4959 0.3217
vn -0.9023 0.3253 0.2828
vn -0.9286 -0.1214 0.3506
vn -0.9185 0.0149 0.3951
vn -0.8066 0.4959 0.3217
vn -0.9286 -0.1214 0.3506
vn -0.9286 -0.1214 0.3506
vn -0.9167 -0.0089 0.3994
vn -0.9185 0.0149 0.3951
vn -0.9023 0.3253 0.2828
vn -0.7760 -0.5809 0.2457
vn -0.9286 -0.1214 0.3506
vn -0.9133 -0.3225 0.2486
vn -0.7760 -0.5809 0.2457
vn -0.9023 0.3253 0.2828
vn -0.9732 -0.0241 0.2285
vn -0.9133 -0.3225 0.2486
vn -0.9030 0.4083 0.1339
vn -0.9023 0.3253 0.2828
vn -0.9030 0.4083 0.1339
vn -0.9133 -0.3225 0.2486
vn -0.9752 -0.1598 0.1534
vn -0.9732 -0.0241 0.2285
vn -0.9030 0.4083 0.1339
vn -0.9253 -0.3117 0.2161
vn -0.9752 -0.1598 0.1534
vn -0.9030 0.4083 0.1339
vn -1.0000 -0.0004 0.0062
vn -0.9030 0.4083 0.1339
vn -0.9933 0.1009 0.0559
vn -0.9933 0.1009 0.0559
vn -1.0000 0.0007 0.0002
vn -1.0000 -0.0004 0.0062
vn -0.9847 0.0002 0.1741
vn -0.9770 0.0008 0.2133
vn -0.9929 -0.0057 0.1186
vn -0.9140 0.0004 0.4056
vn -0.9053 0.0003 0.4247
vn -0.9220 0.0370 0.3853
vn -0.8395 0.0007 0.5433
vn -0.8214 0.0009 0.5703
vn -0.8903 -0.0547 0.4521
vn -0.7094 -0.0000 0.7048
vn -0.6750 0.0005 0.7378
vn -0.7365 -0.0150 0.6763
vn -0.0210 -0.9962 0.0850
vn -0.3141 -0.9423 0.1156
vn 0.0043 -0.9907 0.1363
vn -0.9030 0.4083 0.1339
vn -1.0000 -0.0004 0.0062
vn -0.9253 -0.3117 0.2161
vn -0.0191 -0.9992 0.0344
vn -0.0207 -0.9998 0.0020
vn -0.3141 -0.9423 0.1156
vn -0.3141 -0.9423 0.1156
vn -0.0210 -0.9962 0.0850
vn -0.0193 -0.9970 0.0755
vn -0.0193 -0.9970 0.0755
vn -0.0199 -0.9986 0.0484
vn -0.3141 -0.9423 0.1156
vn -0.3141 -0.9423 0.1156
vn -0.0199 -0.9986 0.0484
vn -0.0191 -0.9992 0.0344
vn -0.0201 -0.9949 0.0988
vn -0.0210 -0.9962 0.0850
vn 0.0043 -0.9907 0.1363
vn -0.0470 -0.9737 0.2229
vn -0.0208 -0.9864 0.1632
vn -0.0228 -0.9823 0.1858
vn 0.0043 -0.9907 0.1363
vn -0.0470 -0.9737 0.2229
vn -0.0228 -0.9823 0.1858
vn -0.0228 -0.9823 0.1858
vn -0.0206 -0.9828 0.1837
vn 0.0043 -0.9907 0.1363
vn -0.0223 -0.9639 0.2654
vn -0.0204 -0.9638 0.2658
vn -0.0470 -0.9737 0.2229
vn -0.0508 -0.9485 0.3126
vn -0.0219 -0.9514 0.3071
vn -0.0218 -0.9538 0.2997
vn -0.0218 -0.9538 0.2997
vn -0.0214 -0.9594 0.2811
vn -0.0508 -0.9485 0.3126
vn -0.0470 -0.9737 0.2229
vn -0.0508 -0.9485 0.3126
vn -0.0214 -0.9594 0.2811
vn -0.0214 -0.9594 0.2811
vn -0.0223 -0.9639 0.2654
vn -0.0470 -0.9737 0.2229
vn -0.0441 -0.9340 0.3544
vn -0.0223 -0.9387 0.3441
vn -0.0508 -0.9485 0.3126
vn -0.0508 -0.9485 0.3126
vn -0.4883 -0.8078 0.3303
vn -0.0441 -0.9340 0.3544
vn -0.4883 -0.8078 0.3303
vn -0.0304 -0.9245 0.3799
vn -0.0441 -0.9340 0.3544
vn -0.4883 -0.8078 0.3303
vn -0.0391 -0.9168 0.3973
vn -0.0304 -0.9245 0.3799
vn -0.4883 -0.8078 0.3303
vn -0.0303 -0.9067 0.4208
vn -0.0391 -0.9168 0.3973
vn -0.0388 -0.8995 0.4351
vn -0.0303 -0.9067 0.4208
vn -0.4883 -0.8078 0.3303
vn -0.0323 -0.8809 0.4721
vn -0.0329 -0.8907 0.4534
vn -0.4883 -0.8078 0.3303
vn -0.0329 -0.8907 0.4534
vn -0.0388 -0.8995 0.4351
vn -0.4883 -0.8078 0.3303
vn -0.0310 -0.8592 0.5106
vn -0.0328 -0.8716 0.4891
vn -0.4883 -0.8078 0.3303
vn -0.4883 -0.8078 0.3303
vn -0.0328 -0.8716 0.4891
vn -0.0323 -0.8809 0.4721
vn -0.4883 -0.8078 0.3303
vn -0.0459 -0.8084 0.5868
vn -0.0440 -0.8507 0.5237
vn -0.0440 -0.8507 0.5237
vn -0.0310 -0.8592 0.5106
vn -0.4883 -0.8078 0.3303
vn -0.0459 -0.8084 0.5868
vn -0.0262 -0.8253 0.5641
vn -0.0248 -0.8363 0.5477
vn -0.0248 -0.8363 0.5477
vn -0.0440 -0.8507 0.5237
vn -0.0459 -0.8084 0.5868
vn -0.0459 -0.8084 0.5868
vn -0.0258 -0.8368 0.5469
vn -0.0262 -0.8253 0.5641
vn -0.0528 -0.7785 0.6254
vn -0.0459 -0.8084 0.5868
vn -0.3566 -0.6809 0.6397
vn -0.0459 -0.8084 0.5868
vn -0.0528 -0.7785 0.6254
vn -0.0252 -0.7772 0.6287
vn -0.0252 -0.7772 0.6287
vn -0.0251 -0.7628 0.6461
vn -0.0459 -0.8084 0.5868
vn -0.0348 -0.7465 0.6644
vn -0.0338 -0.7628 0.6458
vn -0.3566 -0.6809 0.6397
vn -0.3566 -0.6809 0.6397
vn -0.0338 -0.7628 0.6458
vn -0.0528 -0.7785 0.6254
vn -0.0376 -0.7350 0.6770
vn -0.0348 -0.7465 0.6644
vn -0.3566 -0.6809 0.6397
vn -0.3566 -0.6809 0.6397
vn -0.0404 -0.7035 0.7096
vn -0.0368 -0.7158 0.6973
vn -0.0368 -0.7158 0.6973
vn -0.0376 -0.7350 0.6770
vn -0.3566 -0.6809 0.6397
vn -0.0389 -0.6846 0.7279
vn -0.0404 -0.7035 0.7096
vn -0.3566 -0.6809 0.6397
vn -0.3566 -0.6809 0.6397
vn -0.0423 -0.6704 0.7408
vn -0.0389 -0.6846 0.7279
vn -0.0398 -0.6508 0.7582
vn -0.0423 -0.6704 0.7408
vn -0.3566 -0.6809 0.6397
vn -0.3566 -0.6809 0.6397
vn -0.0531 -0.6360 0.7699
vn -0.0398 -0.6508 0.7582
vn -0.0531 -0.6360 0.7699
vn -0.3566 -0.6809 0.6397
vn -0.0844 -0.5996 0.7958
vn -0.0844 -0.5996 0.7958
vn -0.0251 -0.6252 0.7801
vn -0.0531 -0.6360 0.7699
vn -0.0844 -0.5996 0.7958
vn -0.0256 -0.5593 0.8285
vn -0.0248 -0.5573 0.8299
vn -0.0256 -0.5593 0.8285
vn -0.0844 -0.5996 0.7958
vn -0.1189 -0.5269 0.8415
vn -0.1189 -0.5269 0.8415
vn -0.0244 -0.5600 0.8281
vn -0.0256 -0.5593 0.8285
vn -0.1189 -0.5269 0.8415
vn -0.0784 -0.4912 0.8675
vn -0.0247 -0.4986 0.8665
vn -0.0784 -0.4912 0.8675
vn -0.0238 -0.4438 0.8958
vn -0.0229 -0.4613 0.8870
vn -0.0233 -0.4322 0.9015
vn -0.0238 -0.4438 0.8958
vn -0.0784 -0.4912 0.8675
vn -0.0784 -0.4912 0.8675
vn -0.1088 -0.3966 0.9115
vn -0.0233 -0.4322 0.9015
vn -0.1088 -0.3966 0.9115
vn -0.0239 -0.4049 0.9140
vn -0.0233 -0.4322 0.9015
vn -0.1088 -0.3966 0.9115
vn -0.0219 -0.4107 0.9115
vn -0.0239 -0.4049 0.9140
vn -0.0937 -0.3231 0.9417
vn -0.0231 -0.3408 0.9399
vn -0.1088 -0.3966 0.9115
vn -0.0225 -0.2661 0.9637
vn -0.0226 -0.2747 0.9613
vn -0.0937 -0.3231 0.9417
vn -0.0222 -0.2737 0.9616
vn -0.0225 -0.2661 0.9637
vn -0.0937 -0.3231 0.9417
vn -0.0937 -0.3231 0.9417
vn -0.1165 -0.2118 0.9703
vn -0.0222 -0.2737 0.9616
vn -0.0239 -0.1792 0.9835
vn -0.0217 -0.1792 0.9836
vn -0.1165 -0.2118 0.9703
vn -0.1165 -0.2118 0.9703
vn -0.1438 -0.0953 0.9850
vn -0.0239 -0.1792 0.9835
vn -0.0209 -0.1618 0.9866
vn -0.0239 -0.1792 0.9835
vn -0.1438 -0.0953 0.9850
vn -0.1438 -0.0953 0.9850
vn -0.0223 -0.1321 0.9910
vn -0.0209 -0.1618 0.9866
vn -0.1438 -0.0953 0.9850
vn -0.0194 -0.1627 0.9865
vn -0.0223 -0.1321 0.9910
vn -0.1438 -0.0953 0.9850
vn -0.0192 -0.0359 0.9992
vn -0.0199 -0.0270 0.9994
vn -0.0451 -0.0005 0.9990
vn -0.0176 -0.0001 0.9998
vn -0.0194 -0.0183 0.9996
vn -0.1438 -0.0953 0.9850
vn -0.0721 -0.0006 0.9974
vn -0.0451 -0.0005 0.9990
vn -0.1438 -0.0953 0.9850
vn -0.1064 -0.0010 0.9943
vn -0.0721 -0.0006 0.9974
vn -0.1438 -0.0953 0.9850
vn -0.1273 -0.0007 0.9919
vn -0.1064 -0.0010 0.9943
vn -0.1594 -0.0006 0.9872
vn -0.1273 -0.0007 0.9919
vn -0.1438 -0.0953 0.9850
vn -0.1438 -0.0953 0.9850
vn -0.2081 -0.0000 0.9781
vn -0.1835 -0.0004 0.9830
vn -0.1438 -0.0953 0.9850
vn -0.2377 0.0006 0.9713
vn -0.2081 -0.0000 0.9781
vn -0.3937 -0.0378 0.9185
vn -0.4461 0.0006 0.8950
vn -0.4134 0.0003 0.9105
vn -0.5240 0.0023 0.8517
vn -0.4956 0.0014 0.8686
vn -0.3937 -0.0378 0.9185
vn -0.3937 -0.0378 0.9185
vn -0.4956 0.0014 0.8686
vn -0.4776 0.0015 0.8786
vn -0.3937 -0.0378 0.9185
vn -0.5413 0.0049 0.8408
vn -0.5240 0.0023 0.8517
vn -0.5900 -0.1584 0.7917
vn -0.6207 0.0010 0.7841
vn -0.5896 0.0005 0.8077
vn -0.5900 -0.1584 0.7917
vn -0.6334 0.0009 0.7738
vn -0.6207 0.0010 0.7841
vn -0.9935 -0.0090 0.1134
vn -1.0000 0.0018 0.0084
vn -0.9929 -0.0057 0.1186
vn -0.5900 -0.1584 0.7917
vn -0.6600 0.0049 0.7513
vn -0.6334 0.0009 0.7738
vn -0.5900 -0.1584 0.7917
vn -0.5896 0.0005 0.8077
vn -0.5661 0.0082 0.8243
vn -0.5661 0.0082 0.8243
vn -0.3937 -0.0378 0.9185
vn -0.5900 -0.1584 0.7917
vn -0.3937 -0.0378 0.9185
vn -0.5661 0.0082 0.8243
vn -0.5413 0.0049 0.8408
vn -0.3937 -0.0378 0.9185
vn -0.4776 0.0015 0.8786
vn -0.4461 0.0006 0.8950
vn -0.3886 -0.0001 0.9214
vn -0.3430 0.0002 0.9393
vn -0.3937 -0.0378 0.9185
vn -0.3937 -0.0378 0.9185
vn -0.3430 0.0002 0.9393
vn -0.3213 0.0007 0.9470
vn -0.3937 -0.0378 0.9185
vn -0.3213 0.0007 0.9470
vn -0.2908 0.0009 0.9568
vn -0.3937 -0.0378 0.9185
vn -0.2908 0.0009 0.9568
vn -0.2630 0.0072 0.9648
vn -0.2630 0.0072 0.9648
vn -0.1438 -0.0953 0.9850
vn -0.3937 -0.0378 0.9185
vn -0.1438 -0.0953 0.9850
vn -0.2630 0.0072 0.9648
vn -0.2377 0.0006 0.9713
vn -0.7365 -0.0150 0.6763
vn -0.6750 0.0005 0.7378
vn -0.6600 0.0049 0.7513
vn -0.6600 0.0049 0.7513
vn -0.5900 -0.1584 0.7917
vn -0.7365 -0.0150 0.6763
vn -0.1438 -0.0953 0.9850
vn -0.1835 -0.0004 0.9830
vn -0.1594 -0.0006 0.9872
vn -0.0194 -0.0183 0.9996
vn -0.1438 -0.0953 0.9850
vn -0.0451 -0.0005 0.9990
vn -0.1438 -0.0953 0.9850
vn -0.0194 -0.0183 0.9996
vn -0.0192 -0.0359 0.9992
vn -0.5900 -0.1584 0.7917
vn -0.8450 -0.2487 0.4734
vn -0.7365 -0.0150 0.6763
vn -0.3937 -0.0378 0.9185
vn -0.4213 -0.3545 0.8348
vn -0.5900 -0.1584 0.7917
vn -0.1438 -0.0953 0.9850
vn -0.4213 -0.3545 0.8348
vn -0.3937 -0.0378 0.9185
vn -0.8450 -0.2487 0.4734
vn -0.5900 -0.1584 0.7917
vn -0.6584 -0.4947 0.5672
vn -0.6584 -0.4947 0.5672
vn -0.3566 -0.6809 0.6397
vn -0.4883 -0.8078 0.3303
vn -0.5900 -0.1584 0.7917
vn -0.4213 -0.3545 0.8348
vn -0.6584 -0.4947 0.5672
vn -0.4213 -0.3545 0.8348
vn -0.3566 -0.6809 0.6397
vn -0.6584 -0.4947 0.5672
vn -0.3566 -0.6809 0.6397
vn -0.4213 -0.3545 0.8348
vn -0.1189 -0.5269 0.8415
vn -0.0470 -0.9737 0.2229
vn 0.0043 -0.9907 0.1363
vn -0.4883 -0.8078 0.3303
vn -0.0508 -0.9485 0.3126
vn -0.0470 -0.9737 0.2229
vn -0.4883 -0.8078 0.3303
vn -0.3566 -0.6809 0.6397
vn -0.0459 -0.8084 0.5868
vn -0.4883 -0.8078 0.3303
vn -0.1189 -0.5269 0.8415
vn -0.4213 -0.3545 0.8348
vn -0.0784 -0.4912 0.8675
vn -0.3566 -0.6809 0.6397
vn -0.1189 -0.5269 0.8415
vn -0.0844 -0.5996 0.7958
vn -0.1165 -0.2118 0.9703
vn -0.0937 -0.3231 0.9417
vn -0.4213 -0.3545 0.8348
vn -0.1438 -0.0953 0.9850
vn -0.1165 -0.2118 0.9703
vn -0.4213 -0.3545 0.8348
vn -0.0784 -0.4912 0.8675
vn -0.4213 -0.3545 0.8348
vn -0.1088 -0.3966 0.9115
vn -0.0937 -0.3231 0.9417
vn -0.1088 -0.3966 0.9115
vn -0.4213 -0.3545 0.8348
vn -0.3141 -0.9423 0.1156
vn 0.3872 -0.9171 0.0945
vn 0.0043 -0.9907 0.1363
vn -0.9929 -0.0057 0.1186
vn -1.0000 0.0018 0.0084
vn -0.9990 0.0004 0.0444
vn -0.9929 -0.0057 0.1186
vn -0.9978 0.0002 0.0666
vn -0.9945 -0.0000 0.1046
vn -0.9929 -0.0057 0.1186
vn -0.9868 0.0002 0.1621
vn -0.9847 0.0002 0.1741
vn -0.9929 -0.0057 0.1186
vn -0.9770 0.0008 0.2133
vn -0.9719 0.0016 0.2354
vn -0.9935 -0.0090 0.1134
vn -0.9564 0.0005 0.2921
vn -0.9461 0.0016 0.3239
vn -0.9220 0.0370 0.3853
vn -0.9404 0.0041 0.3401
vn -0.9277 0.0003 0.3732
vn -0.9929 -0.0057 0.1186
vn -0.9945 -0.0000 0.1046
vn -0.9921 0.0000 0.1253
vn -0.9929 -0.0057 0.1186
vn -0.9990 0.0004 0.0444
vn -0.9978 0.0002 0.0666
vn -0.9935 -0.0090 0.1134
vn -0.9665 -0.0029 0.2566
vn -0.9564 0.0005 0.2921
vn -0.9914 -0.0774 0.1055
vn -0.9253 -0.3117 0.2161
vn -1.0000 -0.0004 0.0062
vn -0.9665 -0.0029 0.2566
vn -0.9935 -0.0090 0.1134
vn -0.9929 -0.0057 0.1186
vn -0.9929 -0.0057 0.1186
vn -0.9719 0.0016 0.2354
vn -0.9665 -0.0029 0.2566
vn -0.9929 -0.0057 0.1186
vn -0.9921 0.0000 0.1253
vn -0.9868 0.0002 0.1621
vn -0.9220 0.0370 0.3853
vn -0.9215 0.0005 0.3884
vn -0.9140 0.0004 0.4056
vn -0.9220 0.0370 0.3853
vn -0.8970 0.0006 0.4419
vn -0.8806 0.0009 0.4739
vn -0.9220 0.0370 0.3853
vn -0.8734 0.0012 0.4871
vn -0.8658 0.0011 0.5005
vn -0.8658 0.0011 0.5005
vn -0.8903 -0.0547 0.4521
vn -0.9220 0.0370 0.3853
vn -0.8903 -0.0547 0.4521
vn -0.8522 0.0005 0.5231
vn -0.8395 0.0007 0.5433
vn -0.8903 -0.0547 0.4521
vn -0.8214 0.0009 0.5703
vn -0.8088 0.0019 0.5880
vn -0.8903 -0.0547 0.4521
vn -0.7887 0.0021 0.6148
vn -0.7766 0.0082 0.6300
vn -0.7766 0.0082 0.6300
vn -0.7365 -0.0150 0.6763
vn -0.8903 -0.0547 0.4521
vn -0.8450 -0.2487 0.4734
vn -0.8903 -0.0547 0.4521
vn -0.7365 -0.0150 0.6763
vn -0.7365 -0.0150 0.6763
vn -0.7539 0.0002 0.6570
vn -0.7412 0.0001 0.6713
vn -0.9220 0.0370 0.3853
vn -0.9277 0.0003 0.3732
vn -0.9215 0.0005 0.3884
vn -0.8903 -0.0547 0.4521
vn -0.8450 -0.2487 0.4734
vn -0.9914 -0.0774 0.1055
vn -0.9220 0.0370 0.3853
vn -0.8806 0.0009 0.4739
vn -0.8734 0.0012 0.4871
vn -0.9253 -0.3117 0.2161
vn -0.8450 -0.2487 0.4734
vn -0.6584 -0.4947 0.5672
vn -0.9220 0.0370 0.3853
vn -0.9053 0.0003 0.4247
vn -0.8970 0.0006 0.4419
vn -0.7365 -0.0150 0.6763
vn -0.7766 0.0082 0.6300
vn -0.7539 0.0002 0.6570
vn -0.8903 -0.0547 0.4521
vn -0.8088 0.0019 0.5880
vn -0.7887 0.0021 0.6148
vn -0.4883 -0.8078 0.3303
vn -0.7473 -0.5883 0.3090
vn -0.6584 -0.4947 0.5672
vn -0.9253 -0.3117 0.2161
vn -0.6584 -0.4947 0.5672
vn -0.7473 -0.5883 0.3090
vn -0.7473 -0.5883 0.3090
vn -0.5930 -0.7760 0.2149
vn -0.9253 -0.3117 0.2161
vn -0.8903 -0.0547 0.4521
vn -0.8658 0.0011 0.5005
vn -0.8522 0.0005 0.5231
vn -0.9914 -0.0774 0.1055
vn -0.8450 -0.2487 0.4734
vn -0.9253 -0.3117 0.2161
vn -0.9914 -0.0774 0.1055
vn -0.9935 -0.0090 0.1134
vn -0.8903 -0.0547 0.4521
vn -0.8903 -0.0547 0.4521
vn -0.9935 -0.0090 0.1134
vn -0.9220 0.0370 0.3853
vn -0.9404 0.0041 0.3401
vn -0.9220 0.0370 0.3853
vn -0.9935 -0.0090 0.1134
vn -0.9935 -0.0090 0.1134
vn -0.9461 0.0016 0.3239
vn -0.9404 0.0041 0.3401
vn -0.5930 -0.7760 0.2149
vn -0.7473 -0.5883 0.3090
vn -0.4883 -0.8078 0.3303
vn -1.0000 0.0007 0.0002
vn -1.0000 0.0012 -0.0023
vn -1.0000 -0.0007 -0.0010
vn -1.0000 -0.0007 -0.0010
vn -1.0000 -0.0018 0.0024
vn -1.0000 0.0007 0.0002
vn -1.0000 0.0017 0.0011
vn -1.0000 0.0013 -0.0015
vn -1.0000 -0.0016 -0.0008
vn -1.0000 -0.0016 -0.0008
vn -0.9996 0.0170 0.0242
vn -1.0000 0.0017 0.0011
vn -1.0000 0.0007 0.0002
vn -1.0000 -0.0018 0.0024
vn -1.0000 -0.0004 0.0062
vn -1.0000 -0.0018 0.0024
vn -1.0000 0.0018 0.0084
vn -0.9935 -0.0090 0.1134
vn -1.0000 -0.0001 0.0035
vn -1.0000 -0.0018 0.0024
vn -1.0000 0.0017 0.0011
vn -1.0000 -0.0001 0.0035
vn -1.0000 0.0018 0.0084
vn -1.0000 -0.0018 0.0024
vn -0.9914 -0.0774 0.1055
vn -1.0000 -0.0004 0.0062
vn -1.0000 -0.0018 0.0024
vn -0.9935 -0.0090 0.1134
vn -0.9914 -0.0774 0.1055
vn -1.0000 -0.0018 0.0024
vn -1.0000 0.0017 0.0011
vn -0.9981 0.0380 0.0488
vn -1.0000 -0.0001 0.0035
vn -0.9996 0.0170 0.0242
vn -0.9981 0.0380 0.0488
vn -1.0000 0.0017 0.0011
vn -0.0176 0.0000 0.9998
vn -0.0176 -0.0001 0.9998
vn -0.0451 -0.0005 0.9990
vn -0.0451 -0.0005 0.9990
vn -0.0373 -0.0006 0.9993
vn -0.0176 0.0000 0.9998
vn -0.0660 0.0000 0.9978
vn -0.0373 -0.0006 0.9993
vn -0.0451 -0.0005 0.9990
vn -0.0660 0.0000 0.9978
vn -0.0451 -0.0005 0.9990
vn -0.0721 -0.0006 0.9974
vn -0.0721 -0.0006 0.9974
vn -0.0834 0.0001 0.9965
vn -0.0660 0.0000 0.9978
vn -0.0721 -0.0006 0.9974
vn -0.1064 -0.0010 0.9943
vn -0.0834 0.0001 0.9965
vn -0.1211 0.0003 0.9926
vn -0.0834 0.0001 0.9965
vn -0.1064 -0.0010 0.9943
vn -0.1211 0.0003 0.9926
vn -0.1064 -0.0010 0.9943
vn -0.1273 -0.0007 0.9919
vn -0.1273 -0.0007 0.9919
vn -0.1428 0.0003 0.9897
vn -0.1211 0.0003 0.9926
vn -0.1273 -0.0007 0.9919
vn -0.1594 -0.0006 0.9872
vn -0.1428 0.0003 0.9897
vn -0.1752 -0.0000 0.9845
vn -0.1428 0.0003 0.9897
vn -0.1594 -0.0006 0.9872
vn -0.1594 -0.0006 0.9872
vn -0.1835 -0.0004 0.9830
vn -0.1752 -0.0000 0.9845
vn -0.2021 -0.0052 0.9794
vn -0.1752 -0.0000 0.9845
vn -0.1835 -0.0004 0.9830
vn -0.1835 -0.0004 0.9830
vn -0.2081 -0.0000 0.9781
vn -0.2021 -0.0052 0.9794
vn -0.2290 -0.0018 0.9734
vn -0.2021 -0.0052 0.9794
vn -0.2081 -0.0000 0.9781
vn -0.2081 -0.0000 0.9781
vn -0.2377 0.0006 0.9713
vn -0.2290 -0.0018 0.9734
vn -0.2483 -0.0013 0.9687
vn -0.2290 -0.0018 0.9734
vn -0.2377 0.0006 0.9713
vn -0.2377 0.0006 0.9713
vn -0.2630 0.0072 0.9648
vn -0.2483 -0.0013 0.9687
vn -0.2846 -0.0010 0.9586
vn -0.2483 -0.0013 0.9687
vn -0.2630 0.0072 0.9648
vn -0.2846 -0.0010 0.9586
vn -0.2630 0.0072 0.9648
vn -0.2908 0.0009 0.9568
vn -0.2908 0.0009 0.9568
vn -0.3007 -0.0012 0.9537
vn -0.2846 -0.0010 0.9586
vn -0.2908 0.0009 0.9568
vn -0.3213 0.0007 0.9470
vn -0.3007 -0.0012 0.9537
vn -0.3373 -0.0011 0.9414
vn -0.3007 -0.0012 0.9537
vn -0.3213 0.0007 0.9470
vn -0.3373 -0.0011 0.9414
vn -0.3213 0.0007 0.9470
vn -0.3430 0.0002 0.9393
vn -0.3430 0.0002 0.9393
vn -0.3747 -0.0018 0.9272
vn -0.3373 -0.0011 0.9414
vn -0.3430 0.0002 0.9393
vn -0.3886 -0.0001 0.9214
vn -0.3747 -0.0018 0.9272
vn -0.3698 -0.0041 0.9291
vn -0.3747 -0.0018 0.9272
vn -0.3886 -0.0001 0.9214
vn -0.3862 0.0044 0.9224
vn -0.3886 -0.0001 0.9214
vn -0.3937 -0.0378 0.9185
vn -0.3862 0.0044 0.9224
vn -0.3698 -0.0041 0.9291
vn -0.3886 -0.0001 0.9214
vn -0.3937 -0.0378 0.9185
vn -0.4134 0.0003 0.9105
vn -0.3862 0.0044 0.9224
vn -0.4410 -0.0000 0.8975
vn -0.3862 0.0044 0.9224
vn -0.4134 0.0003 0.9105
vn -0.4410 -0.0000 0.8975
vn -0.4134 0.0003 0.9105
vn -0.4461 0.0006 0.8950
vn -0.4461 0.0006 0.8950
vn -0.4587 -0.0002 0.8886
vn -0.4410 -0.0000 0.8975
vn -0.4461 0.0006 0.8950
vn -0.4776 0.0015 0.8786
vn -0.4587 -0.0002 0.8886
vn -0.4860 0.0102 0.8739
vn -0.4587 -0.0002 0.8886
vn -0.4776 0.0015 0.8786
vn -0.4860 0.0102 0.8739
vn -0.4776 0.0015 0.8786
vn -0.4956 0.0014 0.8686
vn -0.4956 0.0014 0.8686
vn -0.5112 0.0088 0.8594
vn -0.4860 0.0102 0.8739
vn -0.4956 0.0014 0.8686
vn -0.5240 0.0023 0.8517
vn -0.5112 0.0088 0.8594
vn -0.5606 0.0111 0.8280
vn -0.5112 0.0088 0.8594
vn -0.5240 0.0023 0.8517
vn -0.5240 0.0023 0.8517
vn -0.5413 0.0049 0.8408
vn -0.5606 0.0111 0.8280
vn -0.5606 0.0111 0.8280
vn -0.5413 0.0049 0.8408
vn -0.5661 0.0082 0.8243
vn -0.5661 0.0082 0.8243
vn -0.5637 -0.0017 0.8260
vn -0.5606 0.0111 0.8280
vn -0.6371 -0.0010 0.7708
vn -0.5637 -0.0017 0.8260
vn -0.5661 0.0082 0.8243
vn -0.5661 0.0082 0.8243
vn -0.5896 0.0005 0.8077
vn -0.6371 -0.0010 0.7708
vn -0.7110 -0.0003 0.7032
vn -0.7094 -0.0000 0.7048
vn -0.7365 -0.0150 0.6763
vn -0.7094 -0.0000 0.7048
vn -0.7110 -0.0003 0.7032
vn -0.7129 -0.0270 0.7008
vn -0.7129 -0.0270 0.7008
vn -0.6980 -0.0004 0.7161
vn -0.7094 -0.0000 0.7048
vn -0.6750 0.0005 0.7378
vn -0.7094 -0.0000 0.7048
vn -0.6980 -0.0004 0.7161
vn -0.6750 0.0005 0.7378
vn -0.6980 -0.0004 0.7161
vn -0.6700 -0.0005 0.7423
vn -0.6700 -0.0005 0.7423
vn -0.6600 0.0049 0.7513
vn -0.6750 0.0005 0.7378
vn -0.6700 -0.0005 0.7423
vn -0.6433 -0.0057 0.7656
vn -0.6600 0.0049 0.7513
vn -0.6334 0.0009 0.7738
vn -0.6600 0.0049 0.7513
vn -0.6433 -0.0057 0.7656
vn -0.6334 0.0009 0.7738
vn -0.6433 -0.0057 0.7656
vn -0.6286 -0.0012 0.7777
vn -0.6286 -0.0012 0.7777
vn -0.6207 0.0010 0.7841
vn -0.6334 0.0009 0.7738
vn -0.6286 -0.0012 0.7777
vn -0.5264 -0.0008 0.8502
vn -0.6207 0.0010 0.7841
vn -0.5896 0.0005 0.8077
vn -0.6207 0.0010 0.7841
vn -0.5264 -0.0008 0.8502
vn -0.5264 -0.0008 0.8502
vn -0.6744 0.0571 0.7362
vn -0.5896 0.0005 0.8077
vn -0.9558 -0.0062 -0.2940
vn -0.9558 -0.0062 -0.2940
vn -0.9558 -0.0062 -0.2940
vn -0.9327 -0.0006 0.3607
vn -0.9247 -0.0006 0.3806
vn -0.9277 0.0003 0.3732
vn -0.7365 -0.0150 0.6763
vn -0.7412 0.0001 0.6713
vn -0.7110 -0.0003 0.7032
vn -0.7495 -0.0006 0.6620
vn -0.7110 -0.0003 0.7032
vn -0.7412 0.0001 0.6713
vn -0.7412 0.0001 0.6713
vn -0.7539 0.0002 0.6570
vn -0.7495 -0.0006 0.6620
vn -0.7647 -0.0013 0.6444
vn -0.7495 -0.0006 0.6620
vn -0.7539 0.0002 0.6570
vn -0.7539 0.0002 0.6570
vn -0.7766 0.0082 0.6300
vn -0.7647 -0.0013 0.6444
vn -0.7845 -0.0019 0.6202
vn -0.7647 -0.0013 0.6444
vn -0.7766 0.0082 0.6300
vn -0.7845 -0.0019 0.6202
vn -0.7766 0.0082 0.6300
vn -0.7887 0.0021 0.6148
vn -0.7887 0.0021 0.6148
vn -0.7961 -0.0001 0.6051
vn -0.7845 -0.0019 0.6202
vn -0.7887 0.0021 0.6148
vn -0.8088 0.0019 0.5880
vn -0.7961 -0.0001 0.6051
vn -0.8139 -0.0000 0.5810
vn -0.7961 -0.0001 0.6051
vn -0.8088 0.0019 0.5880
vn -0.8139 -0.0000 0.5810
vn -0.8088 0.0019 0.5880
vn -0.8214 0.0009 0.5703
vn -0.8214 0.0009 0.5703
vn -0.8306 0.0011 0.5569
vn -0.8139 -0.0000 0.5810
vn -0.8214 0.0009 0.5703
vn -0.8395 0.0007 0.5433
vn -0.8306 0.0011 0.5569
vn -0.8485 0.0009 0.5292
vn -0.8306 0.0011 0.5569
vn -0.8395 0.0007 0.5433
vn -0.8395 0.0007 0.5433
vn -0.8522 0.0005 0.5231
vn -0.8485 0.0009 0.5292
vn -0.8612 0.0006 0.5083
vn -0.8485 0.0009 0.5292
vn -0.8522 0.0005 0.5231
vn -0.8522 0.0005 0.5231
vn -0.8658 0.0011 0.5005
vn -0.8612 0.0006 0.5083
vn -0.8658 0.0011 0.5005
vn -0.8734 0.0012 0.4871
vn -0.8612 0.0006 0.5083
vn -0.8774 0.0002 0.4798
vn -0.8612 0.0006 0.5083
vn -0.8734 0.0012 0.4871
vn -0.8774 0.0002 0.4798
vn -0.8734 0.0012 0.4871
vn -0.8806 0.0009 0.4739
vn -0.8806 0.0009 0.4739
vn -0.8874 -0.0002 0.4609
vn -0.8774 0.0002 0.4798
vn -0.8806 0.0009 0.4739
vn -0.8970 0.0006 0.4419
vn -0.8874 -0.0002 0.4609
vn -0.9025 -0.0010 0.4306
vn -0.8874 -0.0002 0.4609
vn -0.8970 0.0006 0.4419
vn -0.9025 -0.0010 0.4306
vn -0.8970 0.0006 0.4419
vn -0.9053 0.0003 0.4247
vn -0.9053 0.0003 0.4247
vn -0.9094 -0.0077 0.4160
vn -0.9025 -0.0010 0.4306
vn -0.9053 0.0003 0.4247
vn -0.9140 0.0004 0.4056
vn -0.9094 -0.0077 0.4160
vn -0.9247 -0.0006 0.3806
vn -0.9094 -0.0077 0.4160
vn -0.9140 0.0004 0.4056
vn -0.9140 0.0004 0.4056
vn -0.9215 0.0005 0.3884
vn -0.9247 -0.0006 0.3806
vn -0.9247 -0.0006 0.3806
vn -0.9215 0.0005 0.3884
vn -0.9277 0.0003 0.3732
vn -0.9277 0.0003 0.3732
vn -0.9404 0.0041 0.3401
vn -0.9327 -0.0006 0.3607
vn -0.9404 0.0041 0.3401
vn -0.9454 -0.0005 0.3259
vn -0.9327 -0.0006 0.3607
vn -0.9404 0.0041 0.3401
vn -0.9457 -0.0004 0.3250
vn -0.9454 -0.0005 0.3259
vn -0.9457 -0.0004 0.3250
vn -0.9404 0.0041 0.3401
vn -0.9461 0.0016 0.3239
vn -0.9528 -0.0004 0.3035
vn -0.9457 -0.0004 0.3250
vn -0.9461 0.0016 0.3239
vn -0.9461 0.0016 0.3239
vn -0.9564 0.0005 0.2921
vn -0.9528 -0.0004 0.3035
vn -0.9618 -0.0007 0.2736
vn -0.9528 -0.0004 0.3035
vn -0.9564 0.0005 0.2921
vn -0.9618 -0.0007 0.2736
vn -0.9564 0.0005 0.2921
vn -0.9665 -0.0029 0.2566
vn -0.9665 -0.0029 0.2566
vn -0.9663 -0.0012 0.2576
vn -0.9618 -0.0007 0.2736
vn -0.9665 -0.0029 0.2566
vn -0.9719 0.0016 0.2354
vn -0.9663 -0.0012 0.2576
vn -0.9754 -0.0005 0.2205
vn -0.9663 -0.0012 0.2576
vn -0.9719 0.0016 0.2354
vn -0.9719 0.0016 0.2354
vn -0.9770 0.0008 0.2133
vn -0.9754 -0.0005 0.2205
vn -0.9827 -0.0011 0.1850
vn -0.9754 -0.0005 0.2205
vn -0.9770 0.0008 0.2133
vn -0.9770 0.0008 0.2133
vn -0.9847 0.0002 0.1741
vn -0.9827 -0.0011 0.1850
vn -0.9818 -0.0016 0.1898
vn -0.9827 -0.0011 0.1850
vn -0.9847 0.0002 0.1741
vn -0.9847 0.0002 0.1741
vn -0.9872 -0.0003 0.1595
vn -0.9818 -0.0016 0.1898
vn -0.9872 -0.0003 0.1595
vn -0.9847 0.0002 0.1741
vn -0.9868 0.0002 0.1621
vn -0.9872 -0.0003 0.1595
vn -0.9868 0.0002 0.1621
vn -0.9921 0.0000 0.1253
vn -0.9935 0.0004 0.1136
vn -0.9872 -0.0003 0.1595
vn -0.9921 0.0000 0.1253
vn -0.9921 0.0000 0.1253
vn -0.9945 -0.0000 0.1046
vn -0.9935 0.0004 0.1136
vn -0.9964 0.0001 0.0849
vn -0.9935 0.0004 0.1136
vn -0.9945 -0.0000 0.1046
vn -0.9964 0.0001 0.0849
vn -0.9945 -0.0000 0.1046
vn -0.9978 0.0002 0.0666
vn -0.9985 -0.0003 0.0556
vn -0.9964 0.0001 0.0849
vn -0.9978 0.0002 0.0666
vn -0.9985 -0.0003 0.0556
vn -0.9978 0.0002 0.0666
vn -0.9990 0.0004 0.0444
vn -0.9990 0.0004 0.0444
vn -0.9996 -0.0008 0.0287
vn -0.9985 -0.0003 0.0556
vn -0.9990 0.0004 0.0444
vn -1.0000 0.0018 0.0084
vn -0.9996 -0.0008 0.0287
vn -0.9996 -0.0008 0.0287
vn -1.0000 0.0018 0.0084
vn -1.0000 -0.0001 0.0035
vn -0.0312 0.7142 0.6992
vn -0.0364 0.7032 0.7100
vn -0.3577 0.7378 0.5724
vn -0.0172 -0.0127 0.9998
vn -0.0176 0.0000 0.9998
vn -0.0373 -0.0006 0.9993
vn -0.8612 0.0006 0.5083
vn -0.8774 0.0002 0.4798
vn -0.8117 0.0558 0.5815
vn -0.9528 -0.0004 0.3035
vn -0.9618 -0.0007 0.2736
vn -0.9244 -0.0604 0.3767
vn -0.9964 0.0001 0.0849
vn -0.9985 -0.0003 0.0556
vn -0.9735 0.0688 0.2183
vn -0.9981 0.0380 0.0488
vn -0.9735 0.0688 0.2183
vn -1.0000 -0.0001 0.0035
vn -0.7129 -0.0270 0.7008
vn -0.6700 -0.0005 0.7423
vn -0.6980 -0.0004 0.7161
vn -0.7129 -0.0270 0.7008
vn -0.6433 -0.0057 0.7656
vn -0.6700 -0.0005 0.7423
vn -0.6433 -0.0057 0.7656
vn -0.7129 -0.0270 0.7008
vn -0.6744 0.0571 0.7362
vn -0.6744 0.0571 0.7362
vn -0.6286 -0.0012 0.7777
vn -0.6433 -0.0057 0.7656
vn -0.5264 -0.0008 0.8502
vn -0.6286 -0.0012 0.7777
vn -0.6744 0.0571 0.7362
vn -0.6744 0.0571 0.7362
vn -0.5637 -0.0017 0.8260
vn -0.6371 -0.0010 0.7708
vn -0.6755 0.3720 0.6367
vn -0.5112 0.0088 0.8594
vn -0.5606 0.0111 0.8280
vn -0.6755 0.3720 0.6367
vn -0.4860 0.0102 0.8739
vn -0.5112 0.0088 0.8594
vn -0.4856 0.2054 0.8497
vn -0.3007 -0.0012 0.9537
vn -0.3373 -0.0011 0.9414
vn -0.4856 0.2054 0.8497
vn -0.3373 -0.0011 0.9414
vn -0.3747 -0.0018 0.9272
vn -0.2021 -0.0052 0.9794
vn -0.2290 -0.0018 0.9734
vn -0.4856 0.2054 0.8497
vn -0.4856 0.2054 0.8497
vn -0.2290 -0.0018 0.9734
vn -0.2483 -0.0013 0.9687
vn -0.4856 0.2054 0.8497
vn -0.2483 -0.0013 0.9687
vn -0.2846 -0.0010 0.9586
vn -0.1308 0.1322 0.9826
vn -0.1752 -0.0000 0.9845
vn -0.2021 -0.0052 0.9794
vn -0.1308 0.1322 0.9826
vn -0.1428 0.0003 0.9897
vn -0.1752 -0.0000 0.9845
vn -0.1308 0.1322 0.9826
vn -0.1211 0.0003 0.9926
vn -0.1428 0.0003 0.9897
vn -0.1308 0.1322 0.9826
vn -0.0834 0.0001 0.9965
vn -0.1211 0.0003 0.9926
vn -0.1308 0.1322 0.9826
vn -0.0660 0.0000 0.9978
vn -0.0834 0.0001 0.9965
vn -0.1308 0.1322 0.9826
vn -0.0373 -0.0006 0.9993
vn -0.0660 0.0000 0.9978
vn -0.1308 0.1322 0.9826
vn -0.0172 -0.0127 0.9998
vn -0.0373 -0.0006 0.9993
vn -0.0206 0.1177 0.9928
vn -0.0214 0.0837 0.9963
vn -0.1308 0.1322 0.9826
vn -0.0501 0.1801 0.9824
vn -0.0195 0.1232 0.9922
vn -0.0206 0.1177 0.9928
vn -0.0501 0.1801 0.9824
vn -0.0203 0.1447 0.9893
vn -0.0195 0.1232 0.9922
vn -0.0501 0.1801 0.9824
vn -0.0207 0.1473 0.9889
vn -0.0203 0.1447 0.9893
vn -0.0501 0.1801 0.9824
vn -0.0219 0.2206 0.9751
vn -0.0214 0.2308 0.9728
vn -0.0196 0.2521 0.9675
vn -0.0219 0.2206 0.9751
vn -0.0501 0.1801 0.9824
vn -0.0501 0.1801 0.9824
vn -0.0193 0.2600 0.9654
vn -0.0196 0.2521 0.9675
vn -0.0193 0.2600 0.9654
vn -0.0501 0.1801 0.9824
vn -0.0863 0.3161 0.9448
vn -0.0863 0.3161 0.9448
vn -0.0215 0.2824 0.9591
vn -0.0193 0.2600 0.9654
vn -0.0227 0.3368 0.9413
vn -0.0863 0.3161 0.9448
vn -0.1678 0.4116 0.8958
vn -0.0227 0.3368 0.9413
vn -0.0220 0.3235 0.9460
vn -0.0863 0.3161 0.9448
vn -0.1678 0.4116 0.8958
vn -0.0219 0.4411 0.8972
vn -0.0235 0.4302 0.9024
vn -0.0235 0.4302 0.9024
vn -0.0242 0.4003 0.9161
vn -0.1678 0.4116 0.8958
vn -0.1678 0.4116 0.8958
vn -0.0242 0.4003 0.9161
vn -0.0237 0.4154 0.9093
vn -0.0219 0.4411 0.8972
vn -0.1940 0.5342 0.8228
vn -0.0206 0.4717 0.8815
vn -0.0252 0.5239 0.8514
vn -0.0237 0.5008 0.8652
vn -0.1940 0.5342 0.8228
vn -0.0252 0.5239 0.8514
vn -0.2037 0.6506 0.7316
vn -0.0266 0.5631 0.8260
vn -0.0266 0.5631 0.8260
vn -0.0240 0.5412 0.8406
vn -0.0252 0.5239 0.8514
vn -0.2037 0.6506 0.7316
vn -0.0266 0.4882 0.8723
vn -0.0266 0.5631 0.8260
vn -0.2037 0.6506 0.7316
vn -0.3577 0.7378 0.5724
vn -0.0393 0.6351 0.7714
vn -0.0393 0.6351 0.7714
vn -0.0262 0.6478 0.7614
vn -0.2037 0.6506 0.7316
vn -0.0327 0.6681 0.7434
vn -0.0297 0.6468 0.7621
vn -0.3577 0.7378 0.5724
vn -0.3577 0.7378 0.5724
vn -0.0297 0.6468 0.7621
vn -0.0393 0.6351 0.7714
vn -0.3577 0.7378 0.5724
vn -0.0304 0.6842 0.7287
vn -0.0327 0.6681 0.7434
vn -0.0364 0.7032 0.7100
vn -0.0304 0.6842 0.7287
vn -0.3577 0.7378 0.5724
vn -0.0339 0.7304 0.6822
vn -0.0312 0.7142 0.6992
vn -0.3577 0.7378 0.5724
vn -0.3577 0.7378 0.5724
vn -0.0313 0.7445 0.6669
vn -0.0339 0.7304 0.6822
vn -0.0330 0.7600 0.6491
vn -0.0313 0.7445 0.6669
vn -0.3577 0.7378 0.5724
vn -0.3577 0.7378 0.5724
vn -0.0305 0.7736 0.6330
vn -0.0330 0.7600 0.6491
vn -0.3577 0.7378 0.5724
vn -0.0528 0.7913 0.6092
vn -0.0305 0.7736 0.6330
vn -0.0528 0.7913 0.6092
vn -0.3577 0.7378 0.5724
vn -0.4068 0.8070 0.4280
vn -0.4068 0.8070 0.4280
vn -0.0288 0.7980 0.6020
vn -0.0528 0.7913 0.6092
vn -0.4068 0.8070 0.4280
vn -0.0278 0.8083 0.5881
vn -0.0288 0.7980 0.6020
vn -0.0276 0.8336 0.5517
vn -0.0290 0.8238 0.5662
vn -0.4068 0.8070 0.4280
vn -0.0290 0.8238 0.5662
vn -0.0278 0.8083 0.5881
vn -0.4068 0.8070 0.4280
vn -0.4039 0.8479 0.3435
vn -0.0294 0.8773 0.4790
vn -0.0277 0.8680 0.4958
vn -0.0277 0.8680 0.4958
vn -0.0350 0.8577 0.5129
vn -0.4039 0.8479 0.3435
vn -0.4068 0.8070 0.4280
vn -0.4039 0.8479 0.3435
vn -0.0350 0.8577 0.5129
vn -0.0350 0.8577 0.5129
vn -0.0282 0.8465 0.5316
vn -0.4068 0.8070 0.4280
vn -0.4068 0.8070 0.4280
vn -0.0282 0.8465 0.5316
vn -0.0276 0.8336 0.5517
vn -0.4039 0.8479 0.3435
vn -0.0279 0.8956 0.4441
vn -0.0270 0.8843 0.4661
vn -0.4039 0.8479 0.3435
vn -0.0270 0.8843 0.4661
vn -0.0294 0.8773 0.4790
vn -0.0348 0.9149 0.4021
vn -0.4039 0.8479 0.3435
vn -0.3557 0.8932 0.2750
vn -0.4039 0.8479 0.3435
vn -0.0348 0.9149 0.4021
vn -0.0263 0.9040 0.4267
vn -0.0263 0.9040 0.4267
vn -0.0279 0.8956 0.4441
vn -0.4039 0.8479 0.3435
vn -0.0247 0.9296 0.3677
vn -0.0239 0.9209 0.3891
vn -0.3557 0.8932 0.2750
vn -0.3557 0.8932 0.2750
vn -0.0239 0.9209 0.3891
vn -0.0348 0.9149 0.4021
vn -0.0257 0.9362 0.3505
vn -0.0247 0.9296 0.3677
vn -0.3557 0.8932 0.2750
vn -0.0246 0.9488 0.3150
vn -0.0242 0.9412 0.3370
vn -0.3557 0.8932 0.2750
vn -0.0242 0.9412 0.3370
vn -0.0257 0.9362 0.3505
vn -0.3557 0.8932 0.2750
vn -0.0236 0.9603 0.2779
vn -0.0235 0.9536 0.3002
vn -0.3557 0.8932 0.2750
vn -0.3557 0.8932 0.2750
vn -0.0235 0.9536 0.3002
vn -0.0246 0.9488 0.3150
vn -0.0238 0.9646 0.2626
vn -0.0236 0.9603 0.2779
vn -0.3557 0.8932 0.2750
vn -0.3557 0.8932 0.2750
vn -0.1605 0.9708 0.1781
vn -0.0235 0.9700 0.2420
vn -0.0235 0.9700 0.2420
vn -0.0238 0.9646 0.2626
vn -0.3557 0.8932 0.2750
vn -0.0224 0.9640 0.2649
vn -0.0226 0.9756 0.2182
vn -0.1605 0.9708 0.1781
vn -0.1605 0.9708 0.1781
vn -0.0226 0.9756 0.2182
vn -0.0235 0.9700 0.2420
vn -0.0208 0.9909 0.1332
vn -0.0208 0.9908 0.1339
vn -0.1605 0.9708 0.1781
vn -0.0228 0.9929 0.1163
vn -0.0208 0.9909 0.1332
vn -0.1605 0.9708 0.1781
vn -0.1605 0.9708 0.1781
vn -0.3386 0.9346 0.1086
vn -0.0228 0.9929 0.1163
vn -0.3386 0.9346 0.1086
vn -0.0227 0.9961 0.0855
vn -0.0228 0.9929 0.1163
vn -0.3386 0.9346 0.1086
vn -0.0212 0.9900 0.1398
vn -0.0227 0.9961 0.0855
vn 0.0281 -0.9983 -0.0519
vn 0.0281 -0.9983 -0.0519
vn 0.0281 -0.9983 -0.0519
vn -0.4860 0.0102 0.8739
vn -0.6755 0.3720 0.6367
vn -0.3862 0.0044 0.9224
vn -0.5606 0.0111 0.8280
vn -0.6744 0.0571 0.7362
vn -0.6755 0.3720 0.6367
vn -0.6744 0.0571 0.7362
vn -0.5606 0.0111 0.8280
vn -0.5637 -0.0017 0.8260
vn -0.6755 0.3720 0.6367
vn -0.3698 -0.0041 0.9291
vn -0.3862 0.0044 0.9224
vn -0.4856 0.2054 0.8497
vn -0.3747 -0.0018 0.9272
vn -0.3698 -0.0041 0.9291
vn -0.4856 0.2054 0.8497
vn -0.2846 -0.0010 0.9586
vn -0.3007 -0.0012 0.9537
vn -0.4856 0.2054 0.8497
vn -0.1308 0.1322 0.9826
vn -0.2021 -0.0052 0.9794
vn -0.0202 0.0743 0.9970
vn -0.0216 0.1867 0.9822
vn -0.1308 0.1322 0.9826
vn -0.6755 0.3720 0.6367
vn -0.6744 0.0571 0.7362
vn -0.8117 0.0558 0.5815
vn -0.6755 0.3720 0.6367
vn -0.5940 0.7210 0.3570
vn -0.3762 0.5208 0.7663
vn 0.1501 0.9884 0.0248
vn -0.3386 0.9346 0.1086
vn -0.1362 0.9848 0.1079
vn -0.5940 0.7210 0.3570
vn -0.3577 0.7378 0.5724
vn -0.3762 0.5208 0.7663
vn -0.3762 0.5208 0.7663
vn -0.4856 0.2054 0.8497
vn -0.6755 0.3720 0.6367
vn -0.5940 0.7210 0.3570
vn -0.1362 0.9848 0.1079
vn -0.1605 0.9708 0.1781
vn -0.3557 0.8932 0.2750
vn -0.4039 0.8479 0.3435
vn -0.5940 0.7210 0.3570
vn -0.4039 0.8479 0.3435
vn -0.4068 0.8070 0.4280
vn -0.5940 0.7210 0.3570
vn -0.3577 0.7378 0.5724
vn -0.5940 0.7210 0.3570
vn -0.4068 0.8070 0.4280
vn -0.2037 0.6506 0.7316
vn -0.3762 0.5208 0.7663
vn -0.3577 0.7378 0.5724
vn -0.1605 0.9708 0.1781
vn -0.3557 0.8932 0.2750
vn -0.5940 0.7210 0.3570
vn -0.3762 0.5208 0.7663
vn -0.2037 0.6506 0.7316
vn -0.1940 0.5342 0.8228
vn -0.3386 0.9346 0.1086
vn -0.1605 0.9708 0.1781
vn -0.1362 0.9848 0.1079
vn -0.1940 0.5342 0.8228
vn -0.1678 0.4116 0.8958
vn -0.3762 0.5208 0.7663
vn -0.1940 0.5342 0.8228
vn -0.2037 0.6506 0.7316
vn -0.0252 0.5239 0.8514
vn -0.1678 0.4116 0.8958
vn -0.1940 0.5342 0.8228
vn -0.0219 0.4411 0.8972
vn -0.1678 0.4116 0.8958
vn -0.0863 0.3161 0.9448
vn -0.3762 0.5208 0.7663
vn -0.0501 0.1801 0.9824
vn -0.3762 0.5208 0.7663
vn -0.0863 0.3161 0.9448
vn -0.9735 0.0688 0.2183
vn -0.9985 -0.0003 0.0556
vn -0.9996 -0.0008 0.0287
vn -0.9735 0.0688 0.2183
vn -0.9996 -0.0008 0.0287
vn -1.0000 -0.0001 0.0035
vn -0.9735 0.0688 0.2183
vn -0.9935 0.0004 0.1136
vn -0.9964 0.0001 0.0849
vn -0.9408 0.0380 0.3367
vn -0.9663 -0.0012 0.2576
vn -0.9754 -0.0005 0.2205
vn -0.9244 -0.0604 0.3767
vn -0.9457 -0.0004 0.3250
vn -0.9528 -0.0004 0.3035
vn -0.9244 -0.0604 0.3767
vn -0.9327 -0.0006 0.3607
vn -0.9454 -0.0005 0.3259
vn -0.9935 0.0004 0.1136
vn -0.9735 0.0688 0.2183
vn -0.9818 -0.0016 0.1898
vn -0.9818 -0.0016 0.1898
vn -0.9872 -0.0003 0.1595
vn -0.9935 0.0004 0.1136
vn -0.9981 0.0380 0.0488
vn -0.9996 0.0170 0.0242
vn -0.9442 0.2601 0.2023
vn -0.9735 0.0688 0.2183
vn -0.9981 0.0380 0.0488
vn -0.9033 0.1657 0.3956
vn -0.9818 -0.0016 0.1898
vn -0.9735 0.0688 0.2183
vn -0.9033 0.1657 0.3956
vn -0.9033 0.1657 0.3956
vn -0.9408 0.0380 0.3367
vn -0.9818 -0.0016 0.1898
vn -0.9408 0.0380 0.3367
vn -0.9754 -0.0005 0.2205
vn -0.9827 -0.0011 0.1850
vn -0.9807 0.1298 0.1466
vn -0.9363 0.2884 0.2003
vn -0.5940 0.7210 0.3570
vn -0.5940 0.7210 0.3570
vn -0.9442 0.2601 0.2023
vn -0.9807 0.1298 0.1466
vn -0.8117 0.0558 0.5815
vn -0.9244 -0.0604 0.3767
vn -0.9408 0.0380 0.3367
vn -0.9244 -0.0604 0.3767
vn -0.9454 -0.0005 0.3259
vn -0.9457 -0.0004 0.3250
vn -0.9981 0.0380 0.0488
vn -0.9442 0.2601 0.2023
vn -0.9033 0.1657 0.3956
vn -0.8117 0.0558 0.5815
vn -0.9408 0.0380 0.3367
vn -0.9033 0.1657 0.3956
vn -0.9663 -0.0012 0.2576
vn -0.9408 0.0380 0.3367
vn -0.9244 -0.0604 0.3767
vn -0.9244 -0.0604 0.3767
vn -0.9618 -0.0007 0.2736
vn -0.9663 -0.0012 0.2576
vn -0.9807 0.1298 0.1466
vn -0.9442 0.2601 0.2023
vn -0.9996 0.0170 0.0242
vn -0.9408 0.0380 0.3367
vn -0.9827 -0.0011 0.1850
vn -0.9818 -0.0016 0.1898
vn -0.8117 0.0558 0.5815
vn -0.9025 -0.0010 0.4306
vn -0.9094 -0.0077 0.4160
vn -0.9094 -0.0077 0.4160
vn -0.9244 -0.0604 0.3767
vn -0.8117 0.0558 0.5815
vn -0.9244 -0.0604 0.3767
vn -0.9094 -0.0077 0.4160
vn -0.9247 -0.0006 0.3806
vn -0.8117 0.0558 0.5815
vn -0.8774 0.0002 0.4798
vn -0.8874 -0.0002 0.4609
vn -0.8117 0.0558 0.5815
vn -0.8485 0.0009 0.5292
vn -0.8612 0.0006 0.5083
vn -0.8306 0.0011 0.5569
vn -0.8117 0.0558 0.5815
vn -0.8139 -0.0000 0.5810
vn -0.7129 -0.0270 0.7008
vn -0.7647 -0.0013 0.6444
vn -0.7845 -0.0019 0.6202
vn -0.7845 -0.0019 0.6202
vn -0.8139 -0.0000 0.5810
vn -0.7129 -0.0270 0.7008
vn -0.8117 0.0558 0.5815
vn -0.7129 -0.0270 0.7008
vn -0.8139 -0.0000 0.5810
vn 0.1071 -0.9715 -0.2115
vn 0.1071 -0.9715 -0.2115
vn 0.1071 -0.9715 -0.2115
vn -0.8117 0.0558 0.5815
vn -0.6744 0.0571 0.7362
vn -0.7129 -0.0270 0.7008
vn -0.7110 -0.0003 0.7032
vn -0.7495 -0.0006 0.6620
vn -0.7129 -0.0270 0.7008
vn -0.3762 0.5208 0.7663
vn -0.1308 0.1322 0.9826
vn -0.4856 0.2054 0.8497
vn -0.0214 0.0837 0.9963
vn -0.0202 0.0743 0.9970
vn -0.1308 0.1322 0.9826
vn -0.8117 0.0558 0.5815
vn -0.8874 -0.0002 0.4609
vn -0.9025 -0.0010 0.4306
vn -0.6854 0.3665 0.6292
vn -0.9033 0.1657 0.3956
vn -0.9442 0.2601 0.2023
vn -0.8117 0.0558 0.5815
vn -0.9033 0.1657 0.3956
vn -0.6755 0.3720 0.6367
vn -0.6854 0.3665 0.6292
vn -0.1221 0.1001 0.9875
vn -0.6755 0.3720 0.6367
vn -0.7129 -0.0270 0.7008
vn -0.7495 -0.0006 0.6620
vn -0.7647 -0.0013 0.6444
vn -0.8601 0.4389 0.2599
vn -0.6755 0.3720 0.6367
vn -0.9442 0.2601 0.2023
vn -0.3375 -0.9046 0.2603
vn -0.3375 -0.9046 0.2603
vn -0.3375 -0.9046 0.2603
vn -0.5940 0.7210 0.3570
vn -0.8601 0.4389 0.2599
vn -0.9442 0.2601 0.2023
vn -0.8117 0.0558 0.5815
vn -0.8306 0.0011 0.5569
vn -0.8485 0.0009 0.5292
vn -0.9244 -0.0604 0.3767
vn -0.9247 -0.0006 0.3806
vn -0.9327 -0.0006 0.3607
vn -0.8423 0.4779 0.2492
vn -0.5940 0.7210 0.3570
vn -0.9363 0.2884 0.2003
vn -0.6755 0.3720 0.6367
vn -0.8601 0.4389 0.2599
vn -0.5940 0.7210 0.3570
vn -0.9033 0.1657 0.3956
vn -0.6854 0.3665 0.6292
vn -0.6755 0.3720 0.6367
vn -0.3698 -0.0041 0.9291
vn -0.6755 0.3720 0.6367
vn -0.4856 0.2054 0.8497
vn -0.0501 0.1801 0.9824
vn -0.1308 0.1322 0.9826
vn -0.3762 0.5208 0.7663
vn -0.0206 0.1177 0.9928
vn -0.1308 0.1322 0.9826
vn -0.0501 0.1801 0.9824
vn -0.0176 0.0000 0.9998
vn -0.0166 -0.0013 0.9999
vn -0.0173 -0.0000 0.9999
vn -0.0173 -0.0000 0.9999
vn -0.0176 -0.0001 0.9998
vn -0.0176 0.0000 0.9998
vn -0.5940 0.7210 0.3570
vn -0.8423 0.4779 0.2492
vn -0.3386 0.9346 0.1086
vn -0.0229 0.9997 0.0015
vn -0.0197 0.9970 -0.0742
vn -0.3386 0.9346 0.1086
vn -0.9996 0.0170 0.0242
vn -0.9877 -0.1545 0.0226
vn -0.6893 -0.7230 0.0459
vn -0.9359 -0.3220 0.1429
vn -0.9807 0.1298 0.1466
vn -0.9996 0.0170 0.0242
vn -0.9608 -0.0030 0.2773
vn -0.9807 0.1298 0.1466
vn -0.9359 -0.3220 0.1429
vn -0.9359 -0.3220 0.1429
vn -0.5883 -0.7961 0.1419
vn -0.9608 -0.0030 0.2773
vn -0.9608 -0.0030 0.2773
vn -0.8960 -0.2649 0.3563
vn -0.9168 0.2584 0.3046
vn -0.9228 0.0174 0.3850
vn -0.9168 0.2584 0.3046
vn -0.8960 -0.2649 0.3563
vn -0.8960 -0.2649 0.3563
vn -0.9120 -0.0028 0.4101
vn -0.9228 0.0174 0.3850
vn -0.9120 -0.0028 0.4101
vn -0.9115 0.0000 0.4114
vn -0.9228 0.0174 0.3850
vn -0.2689 -0.9600 0.0775
vn -0.0222 -0.9997 -0.0096
vn -0.0200 -0.9998 0.0012
vn -0.9115 -0.0061 0.4112
vn -0.8863 -0.2877 0.3630
vn -0.9076 -0.0977 0.4083
vn -0.6043 -0.7597 0.2403
vn -0.7515 -0.5683 0.3351
vn -0.7819 -0.5177 0.3472
vn -0.6043 -0.7597 0.2403
vn -0.7819 -0.5177 0.3472
vn -0.8119 -0.4612 0.3579
vn -0.6043 -0.7597 0.2403
vn -0.8119 -0.4612 0.3579
vn -0.8357 -0.4097 0.3657
vn -0.6043 -0.7597 0.2403
vn -0.8357 -0.4097 0.3657
vn -0.8598 -0.3477 0.3740
vn -0.6043 -0.7597 0.2403
vn -0.8598 -0.3477 0.3740
vn -0.8799 -0.2851 0.3800
vn -0.8799 -0.2851 0.3800
vn -0.8863 -0.2877 0.3630
vn -0.6043 -0.7597 0.2403
vn -0.8863 -0.2877 0.3630
vn -0.8994 -0.1658 0.4045
vn -0.9076 -0.0977 0.4083
vn -0.6043 -0.7597 0.2403
vn -0.6426 -0.7094 0.2896
vn -0.6785 -0.6669 0.3080
vn -0.6043 -0.7597 0.2403
vn -0.6785 -0.6669 0.3080
vn -0.6977 -0.6461 0.3094
vn -0.6977 -0.6461 0.3094
vn -0.7296 -0.5999 0.3283
vn -0.6043 -0.7597 0.2403
vn -0.6043 -0.7597 0.2403
vn -0.7296 -0.5999 0.3283
vn -0.7515 -0.5683 0.3351
vn -0.6043 -0.7597 0.2403
vn -0.7223 -0.6085 0.3286
vn -0.6426 -0.7094 0.2896
vn -0.6043 -0.7597 0.2403
vn -0.4707 -0.8568 0.2104
vn -0.4272 -0.8847 0.1864
vn -0.3765 -0.9121 0.1619
vn -0.4231 -0.8867 0.1862
vn -0.6043 -0.7597 0.2403
vn -0.6043 -0.7597 0.2403
vn -0.4231 -0.8867 0.1862
vn -0.4707 -0.8568 0.2104
vn -0.6043 -0.7597 0.2403
vn -0.3187 -0.9390 0.1295
vn -0.3765 -0.9121 0.1619
vn -0.6043 -0.7597 0.2403
vn -0.2580 -0.9609 0.1004
vn -0.3187 -0.9390 0.1295
vn -0.1242 -0.9922 0.0079
vn -0.1191 -0.9918 0.0464
vn -0.1809 -0.9820 0.0541
vn -0.6043 -0.7597 0.2403
vn -0.1242 -0.9922 0.0079
vn -0.1809 -0.9820 0.0541
vn -0.1809 -0.9820 0.0541
vn -0.2261 -0.9714 0.0722
vn -0.6043 -0.7597 0.2403
vn -0.2261 -0.9714 0.0722
vn -0.2580 -0.9609 0.1004
vn -0.6043 -0.7597 0.2403
vn -0.5930 -0.7760 0.2149
vn -0.9133 -0.3225 0.2486
vn -0.9253 -0.3117 0.2161
vn -0.9133 -0.3225 0.2486
vn -0.9752 -0.1598 0.1534
vn -0.9253 -0.3117 0.2161
vn -0.4883 -0.8078 0.3303
vn -0.9133 -0.3225 0.2486
vn -0.5930 -0.7760 0.2149
vn -0.9732 -0.0241 0.2285
vn -0.9752 -0.1598 0.1534
vn -0.9133 -0.3225 0.2486
vn -0.3141 -0.9423 0.1156
vn 0.1586 -0.9792 0.1262
vn -0.4883 -0.8078 0.3303
vn -0.0207 -0.9998 0.0020
vn -0.2689 -0.9600 0.0775
vn -0.3141 -0.9423 0.1156
vn -0.9133 -0.3225 0.2486
vn -0.4883 -0.8078 0.3303
vn -0.7760 -0.5809 0.2457
vn -0.2689 -0.9600 0.0775
vn -0.0207 -0.9998 0.0020
vn -0.0186 -0.9998 0.0001
vn -0.2689 -0.9600 0.0775
vn -0.7760 -0.5809 0.2457
vn -0.3141 -0.9423 0.1156
vn -0.2689 -0.9600 0.0775
vn -0.6043 -0.7597 0.2403
vn -0.7760 -0.5809 0.2457
vn -0.2689 -0.9600 0.0775
vn -0.0186 -0.9998 0.0001
vn -0.0153 -0.9998 0.0086
vn -0.1242 -0.9922 0.0079
vn -0.0200 -0.9998 0.0012
vn -0.0190 -0.9998 -0.0016
vn -0.2689 -0.9600 0.0775
vn -0.0200 -0.9998 0.0012
vn -0.1242 -0.9922 0.0079
vn -0.1242 -0.9922 0.0079
vn -0.0190 -0.9998 -0.0016
vn -0.0237 -0.9997 -0.0090
vn -0.9286 -0.1214 0.3506
vn -0.7760 -0.5809 0.2457
vn -0.6043 -0.7597 0.2403
vn -0.6043 -0.7597 0.2403
vn -0.8863 -0.2877 0.3630
vn -0.9286 -0.1214 0.3506
vn -0.8863 -0.2877 0.3630
vn -0.9167 -0.0089 0.3994
vn -0.9286 -0.1214 0.3506
vn -0.1242 -0.9922 0.0079
vn -0.0237 -0.9997 -0.0090
vn -0.1228 -0.9878 -0.0962
vn -0.1242 -0.9922 0.0079
vn -0.6043 -0.7597 0.2403
vn -0.2689 -0.9600 0.0775
vn -0.8863 -0.2877 0.3630
vn -0.9115 -0.0061 0.4112
vn -0.9167 -0.0089 0.3994
vn -0.2212 -0.9709 0.0920
vn -0.1632 -0.9848 0.0590
vn -0.2580 -0.9609 0.1004
vn -0.9340 -0.1768 0.3105
vn -0.8660 -0.3162 0.3875
vn -0.8598 -0.3477 0.3740
vn -0.9340 -0.1234 0.3354
vn -0.8869 -0.2343 0.3981
vn -0.8799 -0.2851 0.3800
vn -0.9076 -0.0977 0.4083
vn -0.8994 -0.1658 0.4045
vn -0.9018 -0.1493 0.4056
vn -0.9018 -0.1493 0.4056
vn -0.9265 -0.0410 0.3741
vn -0.9076 -0.0977 0.4083
vn -0.9265 -0.0410 0.3741
vn -0.9094 -0.0703 0.4098
vn -0.9076 -0.0977 0.4083
vn -0.9115 -0.0061 0.4112
vn -0.9076 -0.0977 0.4083
vn -0.9094 -0.0703 0.4098
vn -0.9094 -0.0703 0.4098
vn -0.9136 0.0009 0.4066
vn -0.9115 -0.0061 0.4112
vn -0.8863 -0.2877 0.3630
vn -0.8799 -0.2851 0.3800
vn -0.8869 -0.2343 0.3981
vn -0.8869 -0.2343 0.3981
vn -0.8994 -0.1658 0.4045
vn -0.8863 -0.2877 0.3630
vn -0.8869 -0.2343 0.3981
vn -0.9318 -0.0806 0.3540
vn -0.8994 -0.1658 0.4045
vn -0.9318 -0.0806 0.3540
vn -0.9018 -0.1493 0.4056
vn -0.8994 -0.1658 0.4045
vn -0.8799 -0.2851 0.3800
vn -0.8598 -0.3477 0.3740
vn -0.8660 -0.3162 0.3875
vn -0.8660 -0.3162 0.3875
vn -0.9340 -0.1234 0.3354
vn -0.8799 -0.2851 0.3800
vn -0.8598 -0.3477 0.3740
vn -0.8357 -0.4097 0.3657
vn -0.8255 -0.4291 0.3666
vn -0.8255 -0.4291 0.3666
vn -0.9340 -0.1768 0.3105
vn -0.8598 -0.3477 0.3740
vn -0.8119 -0.4612 0.3579
vn -0.7819 -0.5177 0.3472
vn -0.7983 -0.4870 0.3543
vn -0.7983 -0.4870 0.3543
vn -0.8170 -0.4478 0.3631
vn -0.8119 -0.4612 0.3579
vn -0.8170 -0.4478 0.3631
vn -0.8357 -0.4097 0.3657
vn -0.8119 -0.4612 0.3579
vn -0.8170 -0.4478 0.3631
vn -0.8255 -0.4291 0.3666
vn -0.8357 -0.4097 0.3657
vn -0.7296 -0.5999 0.3283
vn -0.6977 -0.6461 0.3094
vn -0.7771 -0.5260 0.3456
vn -0.7771 -0.5260 0.3456
vn -0.7515 -0.5683 0.3351
vn -0.7296 -0.5999 0.3283
vn -0.7771 -0.5260 0.3456
vn -0.7370 -0.5929 0.3243
vn -0.7515 -0.5683 0.3351
vn -0.7515 -0.5683 0.3351
vn -0.7370 -0.5929 0.3243
vn -0.7655 -0.5463 0.3399
vn -0.7819 -0.5177 0.3472
vn -0.7515 -0.5683 0.3351
vn -0.7655 -0.5463 0.3399
vn -0.7655 -0.5463 0.3399
vn -0.7830 -0.5210 0.3398
vn -0.7819 -0.5177 0.3472
vn -0.7819 -0.5177 0.3472
vn -0.7830 -0.5210 0.3398
vn -0.7983 -0.4870 0.3543
vn -0.6785 -0.6669 0.3080
vn -0.6426 -0.7094 0.2896
vn -0.5810 -0.7746 0.2497
vn -0.5810 -0.7746 0.2497
vn -0.6977 -0.6461 0.3094
vn -0.6785 -0.6669 0.3080
vn -0.5810 -0.7746 0.2497
vn -0.1210 -0.9921 0.0344
vn -0.6977 -0.6461 0.3094
vn -0.9511 -0.2403 0.1943
vn -0.7771 -0.5260 0.3456
vn -0.6977 -0.6461 0.3094
vn -0.6541 -0.6990 0.2892
vn -0.6426 -0.7094 0.2896
vn -0.7223 -0.6085 0.3286
vn -0.6541 -0.6990 0.2892
vn -0.6354 -0.7197 0.2799
vn -0.6426 -0.7094 0.2896
vn -0.6354 -0.7197 0.2799
vn -0.5810 -0.7746 0.2497
vn -0.6426 -0.7094 0.2896
vn -0.9402 -0.3246 0.1030
vn -0.5927 -0.7614 0.2628
vn -0.4272 -0.8847 0.1864
vn -0.6043 -0.7597 0.2403
vn -0.4272 -0.8847 0.1864
vn -0.5927 -0.7614 0.2628
vn -0.8215 0.4105 0.3958
vn -0.8215 0.4105 0.3958
vn -0.8215 0.4105 0.3958
vn -0.5927 -0.7614 0.2628
vn -0.6026 -0.7571 0.2523
vn -0.7223 -0.6085 0.3286
vn -0.6026 -0.7571 0.2523
vn -0.6541 -0.6990 0.2892
vn -0.7223 -0.6085 0.3286
vn -0.3858 -0.9082 0.1620
vn 0.0282 -0.9990 -0.0352
vn -0.4272 -0.8847 0.1864
vn -0.4272 -0.8847 0.1864
vn -0.4707 -0.8568 0.2104
vn -0.3858 -0.9082 0.1620
vn -0.4231 -0.8867 0.1862
vn -0.3765 -0.9121 0.1619
vn -0.3951 -0.9031 0.1685
vn -0.3951 -0.9031 0.1685
vn -0.4486 -0.8739 0.1871
vn -0.4231 -0.8867 0.1862
vn -0.4486 -0.8739 0.1871
vn -0.4707 -0.8568 0.2104
vn -0.4231 -0.8867 0.1862
vn -0.4707 -0.8568 0.2104
vn -0.4486 -0.8739 0.1871
vn -0.3858 -0.9082 0.1620
vn -0.1632 -0.9848 0.0590
vn 0.1415 -0.9863 -0.0842
vn -0.3187 -0.9390 0.1295
vn -0.3187 -0.9390 0.1295
vn -0.2580 -0.9609 0.1004
vn -0.1632 -0.9848 0.0590
vn -0.3187 -0.9390 0.1295
vn -0.7882 -0.6149 -0.0275
vn -0.4410 -0.8772 0.1901
vn -0.3765 -0.9121 0.1619
vn -0.3187 -0.9390 0.1295
vn -0.4410 -0.8772 0.1901
vn -0.3765 -0.9121 0.1619
vn -0.4410 -0.8772 0.1901
vn -0.3951 -0.9031 0.1685
vn -0.2261 -0.9714 0.0722
vn -0.1809 -0.9820 0.0541
vn -0.2549 -0.9644 0.0701
vn -0.2549 -0.9644 0.0701
vn -0.2580 -0.9609 0.1004
vn -0.2261 -0.9714 0.0722
vn -0.2549 -0.9644 0.0701
vn -0.2212 -0.9709 0.0920
vn -0.2580 -0.9609 0.1004
vn -0.3088 -0.9426 0.1270
vn -0.1191 -0.9918 0.0464
vn -0.1242 -0.9922 0.0079
vn -0.3088 -0.9426 0.1270
vn -0.1192 -0.9918 0.0464
vn -0.1191 -0.9918 0.0464
vn -0.1809 -0.9820 0.0541
vn -0.1191 -0.9918 0.0464
vn -0.1192 -0.9918 0.0464
vn -0.1192 -0.9918 0.0464
vn -0.2549 -0.9644 0.0701
vn -0.1809 -0.9820 0.0541
vn -0.9116 0.0004 0.4112
vn -0.9115 -0.0061 0.4112
vn -0.9136 0.0009 0.4066
vn -0.9136 0.0009 0.4066
vn -0.9114 0.0020 0.4114
vn -0.9116 0.0004 0.4112
vn -0.3088 -0.9426 0.1270
vn -0.2549 -0.9644 0.0701
vn -0.1192 -0.9918 0.0464
vn -0.1632 -0.9848 0.0590
vn -0.2549 -0.9644 0.0701
vn -0.7882 -0.6149 -0.0275
vn -0.1632 -0.9848 0.0590
vn -0.2212 -0.9709 0.0920
vn -0.2549 -0.9644 0.0701
vn -0.9402 -0.3246 0.1030
vn -0.3858 -0.9082 0.1620
vn -0.4486 -0.8739 0.1871
vn -0.4486 -0.8739 0.1871
vn -0.7882 -0.6149 -0.0275
vn -0.9402 -0.3246 0.1030
vn -0.7882 -0.6149 -0.0275
vn -0.4486 -0.8739 0.1871
vn -0.3951 -0.9031 0.1685
vn -0.7882 -0.6149 -0.0275
vn -0.3951 -0.9031 0.1685
vn -0.4410 -0.8772 0.1901
vn -0.9402 -0.3246 0.1030
vn -0.6026 -0.7571 0.2523
vn -0.5927 -0.7614 0.2628
vn -0.6026 -0.7571 0.2523
vn -0.6354 -0.7197 0.2799
vn -0.6541 -0.6990 0.2892
vn -0.5810 -0.7746 0.2497
vn -0.6354 -0.7197 0.2799
vn -0.6026 -0.7571 0.2523
vn -0.9511 -0.2403 0.1943
vn -0.5810 -0.7746 0.2497
vn -0.6026 -0.7571 0.2523
vn -0.7370 -0.5929 0.3243
vn -0.7771 -0.5260 0.3456
vn -0.9511 -0.2403 0.1943
vn -0.7830 -0.5210 0.3398
vn -0.7655 -0.5463 0.3399
vn -0.9511 -0.2403 0.1943
vn -0.9511 -0.2403 0.1943
vn -0.7655 -0.5463 0.3399
vn -0.7370 -0.5929 0.3243
vn -0.9511 -0.2403 0.1943
vn -0.9794 -0.0286 0.1999
vn -0.7830 -0.5210 0.3398
vn -0.9794 -0.0286 0.1999
vn -0.7983 -0.4870 0.3543
vn -0.7830 -0.5210 0.3398
vn -0.8255 -0.4291 0.3666
vn -0.8170 -0.4478 0.3631
vn -0.9794 -0.0286 0.1999
vn -0.8170 -0.4478 0.3631
vn -0.7983 -0.4870 0.3543
vn -0.9794 -0.0286 0.1999
vn -0.9340 -0.1768 0.3105
vn -0.8255 -0.4291 0.3666
vn -0.9794 -0.0286 0.1999
vn -0.9318 -0.0806 0.3540
vn -0.8869 -0.2343 0.3981
vn -0.9340 -0.1234 0.3354
vn -0.9018 -0.1493 0.4056
vn -0.9318 -0.0806 0.3540
vn -0.9265 -0.0410 0.3741
vn -0.9402 -0.3246 0.1030
vn -0.7882 -0.6149 -0.0275
vn -0.9574 -0.2723 0.0961
vn -0.9265 -0.0410 0.3741
vn -0.9136 0.0009 0.4066
vn -0.9094 -0.0703 0.4098
vn -0.9511 -0.2403 0.1943
vn -0.6026 -0.7571 0.2523
vn -0.9402 -0.3246 0.1030
vn -0.0931 -0.9956 -0.0134
vn -0.7882 -0.6149 -0.0275
vn -0.2549 -0.9644 0.0701
vn -0.9515 -0.1434 -0.2722
vn -0.9515 -0.1434 -0.2722
vn -0.7882 -0.6149 -0.0275
vn -0.9340 -0.1234 0.3354
vn -0.8660 -0.3162 0.3875
vn -0.9340 -0.1768 0.3105
vn -0.2549 -0.9644 0.0701
vn -0.3088 -0.9426 0.1270
vn -0.0931 -0.9956 -0.0134
vn -0.8483 0.3666 0.3821
vn -0.8973 0.1768 0.4044
vn -0.8671 0.0710 0.4930
vn 0.9284 0.1009 -0.3577
vn 0.8908 0.0012 -0.4545
vn 0.8887 0.0645 -0.4540
vn 0.7021 0.6149 -0.3591
vn 0.5981 0.7416 -0.3039
vn 0.9284 0.1009 -0.3577
vn -0.8973 0.1768 0.4044
vn -0.9114 0.0020 0.4114
vn -0.8671 0.0710 0.4930
vn 0.9158 0.3526 -0.1925
vn 0.9442 0.0137 -0.3292
vn 0.9284 0.1009 -0.3577
vn -0.7894 0.5005 0.3554
vn -0.8483 0.3666 0.3821
vn -0.8671 0.0710 0.4930
vn -0.6041 0.7488 0.2728
vn -0.6922 0.6508 0.3120
vn -0.8671 0.0710 0.4930
vn -0.8671 0.0710 0.4930
vn -0.6922 0.6508 0.3120
vn -0.7894 0.5005 0.3554
vn 0.7274 0.5760 -0.3729
vn 0.7021 0.6149 -0.3591
vn 0.9284 0.1009 -0.3577
vn 0.0430 0.9988 -0.0216
vn 0.0258 0.9996 -0.0132
vn 0.0400 0.9992 0.0048
vn -0.0413 0.9990 0.0182
vn -0.0506 0.9985 0.0222
vn -0.0252 0.9962 0.0829
vn -0.1073 0.9931 0.0480
vn -0.1136 0.9922 0.0512
vn -0.0252 0.9962 0.0829
vn -0.1282 0.9900 0.0583
vn -0.1471 0.9868 0.0683
vn -0.0252 0.9962 0.0829
vn -0.2175 0.9709 0.1007
vn -0.2371 0.9656 0.1071
vn -0.2567 0.9582 0.1263
vn -0.5468 0.7990 0.2503
vn -0.5980 0.7545 0.2703
vn -0.8671 0.0710 0.4930
vn -0.5980 0.7545 0.2703
vn -0.6041 0.7488 0.2728
vn -0.8671 0.0710 0.4930
vn 0.3477 0.0355 0.9369
vn 0.3253 0.7065 0.6285
vn 0.0804 0.0961 0.9921
vn 0.5123 0.8294 -0.2227
vn 0.9284 0.1009 -0.3577
vn 0.5981 0.7416 -0.3039
vn 0.9284 0.1009 -0.3577
vn 0.5123 0.8294 -0.2227
vn 0.9158 0.3526 -0.1925
vn 0.3199 0.9102 0.2631
vn 0.6743 0.2888 0.6796
vn 0.7392 0.4922 0.4597
vn -0.5468 0.7990 0.2503
vn -0.8671 0.0710 0.4930
vn -0.7138 0.4544 0.5329
vn 0.5981 0.7416 -0.3039
vn 0.5865 0.7526 -0.2991
vn 0.5123 0.8294 -0.2227
vn 0.5123 0.8294 -0.2227
vn 0.5865 0.7526 -0.2991
vn 0.5333 0.8006 -0.2730
vn 0.5123 0.8294 -0.2227
vn 0.4943 0.8093 -0.3173
vn 0.9158 0.3526 -0.1925
vn 0.9158 0.3526 -0.1925
vn 0.4990 0.8573 -0.1269
vn 0.8983 0.4320 0.0796
vn 0.3253 0.7065 0.6285
vn -0.0098 0.7561 0.6544
vn 0.0804 0.0961 0.9921
vn 0.4990 0.8573 -0.1269
vn 0.9158 0.3526 -0.1925
vn 0.4943 0.8093 -0.3173
vn 0.3253 0.7065 0.6285
vn 0.6743 0.2888 0.6796
vn 0.3199 0.9102 0.2631
vn -0.2003 0.3663 0.9087
vn -0.2194 0.8945 0.3895
vn -0.4191 0.2892 0.8606
vn -0.5762 0.4326 0.6934
vn -0.4191 0.2892 0.8606
vn -0.2194 0.8945 0.3895
vn -0.5762 0.4326 0.6934
vn -0.2194 0.8945 0.3895
vn -0.7138 0.4544 0.5329
vn 0.4750 0.8754 0.0893
vn 0.9304 0.2540 0.2644
vn 0.8983 0.4320 0.0796
vn -0.2033 0.9472 0.2480
vn -0.7138 0.4544 0.5329
vn -0.2194 0.8945 0.3895
vn -0.7138 0.4544 0.5329
vn -0.2033 0.9472 0.2480
vn -0.4118 0.8734 0.2599
vn 0.4750 0.8754 0.0893
vn 0.8983 0.4320 0.0796
vn 0.4990 0.8573 -0.1269
vn -0.3854 0.9063 0.1734
vn -0.4820 0.8499 0.2128
vn -0.4118 0.8734 0.2599
vn 0.9304 0.2540 0.2644
vn 0.4750 0.8754 0.0893
vn 0.7392 0.4922 0.4597
vn -0.3575 0.9197 0.1620
vn -0.3620 0.9177 0.1636
vn -0.4118 0.8734 0.2599
vn -0.4118 0.8734 0.2599
vn -0.3620 0.9177 0.1636
vn -0.3854 0.9063 0.1734
vn -0.0098 0.7561 0.6544
vn 0.3253 0.7065 0.6285
vn 0.0545 0.9624 0.2660
vn 0.7392 0.4922 0.4597
vn 0.4750 0.8754 0.0893
vn 0.3199 0.9102 0.2631
vn -0.2003 0.3663 0.9087
vn -0.0098 0.7561 0.6544
vn -0.2194 0.8945 0.3895
vn -0.3194 0.9355 0.1509
vn -0.3284 0.9325 0.1503
vn -0.4118 0.8734 0.2599
vn -0.4118 0.8734 0.2599
vn -0.3284 0.9325 0.1503
vn -0.3394 0.9279 0.1543
vn 0.4622 0.8594 -0.2189
vn 0.4079 0.8904 -0.2020
vn 0.4990 0.8573 -0.1269
vn 0.4990 0.8573 -0.1269
vn 0.4079 0.8904 -0.2020
vn 0.3661 0.9183 -0.1506
vn 0.3661 0.9183 -0.1506
vn 0.2454 0.9692 0.0205
vn 0.4990 0.8573 -0.1269
vn 0.3661 0.9183 -0.1506
vn 0.3514 0.9212 -0.1672
vn 0.2454 0.9692 0.0205
vn -0.3394 0.9279 0.1543
vn -0.3575 0.9197 0.1620
vn -0.4118 0.8734 0.2599
vn -0.3020 0.9409 0.1535
vn -0.2970 0.9454 0.1343
vn -0.3194 0.9355 0.1509
vn -0.4118 0.8734 0.2599
vn -0.3020 0.9409 0.1535
vn -0.3194 0.9355 0.1509
vn 0.0545 0.9624 0.2660
vn 0.3253 0.7065 0.6285
vn 0.3199 0.9102 0.2631
vn 0.4750 0.8754 0.0893
vn 0.4990 0.8573 -0.1269
vn 0.2454 0.9692 0.0205
vn -0.4118 0.8734 0.2599
vn -0.2033 0.9472 0.2480
vn -0.3020 0.9409 0.1535
vn -0.2567 0.9582 0.1263
vn -0.2690 0.9554 0.1216
vn -0.2841 0.9501 0.1288
vn 0.3514 0.9212 -0.1672
vn 0.3292 0.9307 -0.1593
vn 0.2454 0.9692 0.0205
vn 0.2454 0.9692 0.0205
vn 0.3292 0.9307 -0.1593
vn 0.3085 0.9391 -0.1514
vn 0.3085 0.9391 -0.1514
vn 0.2883 0.9467 -0.1437
vn 0.2454 0.9692 0.0205
vn -0.2841 0.9501 0.1288
vn -0.3020 0.9409 0.1535
vn -0.2567 0.9582 0.1263
vn -0.2194 0.8945 0.3895
vn -0.0098 0.7561 0.6544
vn 0.0545 0.9624 0.2660
vn 0.2883 0.9467 -0.1437
vn 0.2685 0.9537 -0.1353
vn 0.2454 0.9692 0.0205
vn -0.2371 0.9656 0.1071
vn -0.2393 0.9649 0.1080
vn -0.2567 0.9582 0.1263
vn -0.2567 0.9582 0.1263
vn -0.2393 0.9649 0.1080
vn -0.2566 0.9596 0.1158
vn -0.2033 0.9472 0.2480
vn -0.2567 0.9582 0.1263
vn -0.3020 0.9409 0.1535
vn -0.2566 0.9596 0.1158
vn -0.2690 0.9554 0.1216
vn -0.2567 0.9582 0.1263
vn 0.0545 0.9624 0.2660
vn -0.2033 0.9472 0.2480
vn -0.2194 0.8945 0.3895
vn 0.4750 0.8754 0.0893
vn 0.2454 0.9692 0.0205
vn 0.3199 0.9102 0.2631
vn -0.1926 0.9773 0.0888
vn -0.2093 0.9732 0.0956
vn -0.2033 0.9472 0.2480
vn -0.2033 0.9472 0.2480
vn -0.2093 0.9732 0.0956
vn -0.2175 0.9709 0.1007
vn 0.2685 0.9537 -0.1353
vn 0.2546 0.9584 -0.1290
vn 0.2454 0.9692 0.0205
vn 0.2546 0.9584 -0.1290
vn 0.2362 0.9642 -0.1207
vn 0.2454 0.9692 0.0205
vn 0.2256 0.9673 -0.1156
vn 0.2454 0.9692 0.0205
vn 0.2362 0.9642 -0.1207
vn -0.2175 0.9709 0.1007
vn -0.2567 0.9582 0.1263
vn -0.2033 0.9472 0.2480
vn 0.1986 0.9749 -0.1005
vn 0.2454 0.9692 0.0205
vn 0.2256 0.9673 -0.1156
vn 0.2256 0.9673 -0.1156
vn 0.2057 0.9730 -0.1050
vn 0.1986 0.9749 -0.1005
vn -0.1509 0.9853 0.0796
vn -0.1763 0.9809 0.0822
vn -0.2033 0.9472 0.2480
vn -0.2033 0.9472 0.2480
vn -0.1763 0.9809 0.0822
vn -0.1926 0.9773 0.0888
vn 0.1432 0.9846 0.0999
vn 0.0545 0.9624 0.2660
vn 0.3199 0.9102 0.2631
vn 0.3199 0.9102 0.2631
vn 0.2454 0.9692 0.0205
vn 0.1432 0.9846 0.0999
vn -0.1509 0.9853 0.0796
vn -0.0252 0.9962 0.0829
vn -0.1471 0.9868 0.0683
vn -0.0252 0.9962 0.0829
vn -0.1509 0.9853 0.0796
vn -0.2033 0.9472 0.2480
vn 0.1986 0.9749 -0.1005
vn 0.1776 0.9799 -0.0906
vn 0.1631 0.9832 -0.0826
vn 0.1631 0.9832 -0.0826
vn 0.2454 0.9692 0.0205
vn 0.1986 0.9749 -0.1005
vn 0.1631 0.9832 -0.0826
vn 0.1456 0.9866 -0.0729
vn 0.2454 0.9692 0.0205
vn 0.2454 0.9692 0.0205
vn 0.1456 0.9866 -0.0729
vn 0.1297 0.9896 -0.0618
vn -0.1136 0.9922 0.0512
vn -0.1282 0.9900 0.0583
vn -0.0252 0.9962 0.0829
vn -0.2033 0.9472 0.2480
vn 0.0545 0.9624 0.2660
vn -0.0252 0.9962 0.0829
vn 0.1432 0.9846 0.0999
vn 0.2454 0.9692 0.0205
vn 0.0966 0.9953 0.0011
vn -0.0506 0.9985 0.0222
vn -0.0633 0.9976 0.0279
vn -0.0252 0.9962 0.0829
vn -0.0633 0.9976 0.0279
vn -0.0845 0.9957 0.0368
vn -0.0252 0.9962 0.0829
vn -0.0845 0.9957 0.0368
vn -0.0857 0.9956 0.0381
vn -0.0252 0.9962 0.0829
vn -0.0252 0.9962 0.0829
vn -0.0857 0.9956 0.0381
vn -0.1073 0.9931 0.0480
vn 0.1297 0.9896 -0.0618
vn 0.1181 0.9914 -0.0559
vn 0.2454 0.9692 0.0205
vn 0.2454 0.9692 0.0205
vn 0.1181 0.9914 -0.0559
vn 0.1050 0.9934 -0.0466
vn 0.0966 0.9953 0.0011
vn 0.2454 0.9692 0.0205
vn 0.1050 0.9934 -0.0466
vn 0.1050 0.9934 -0.0466
vn 0.0796 0.9960 -0.0404
vn 0.0966 0.9953 0.0011
vn -0.0008 1.0000 0.0025
vn -0.0224 0.9997 0.0103
vn -0.0252 0.9962 0.0829
vn -0.0252 0.9962 0.0829
vn -0.0224 0.9997 0.0103
vn -0.0413 0.9990 0.0182
vn 0.0400 0.9992 0.0048
vn 0.1432 0.9846 0.0999
vn 0.0966 0.9953 0.0011
vn 0.0400 0.9992 0.0048
vn 0.0966 0.9953 0.0011
vn 0.0589 0.9978 -0.0289
vn 0.0589 0.9978 -0.0289
vn 0.0430 0.9988 -0.0216
vn 0.0400 0.9992 0.0048
vn 0.0000 1.0000 0.0095
vn 0.0400 0.9992 0.0048
vn 0.0258 0.9996 -0.0132
vn -0.0061 0.9996 -0.0264
vn -0.0083 1.0000 -0.0039
vn 0.0342 0.9991 0.0254
vn -0.0166 0.9998 -0.0057
vn -0.0016 1.0000 0.0005
vn 0.0055 1.0000 -0.0030
vn 0.0055 1.0000 -0.0030
vn 0.0498 0.9986 -0.0158
vn -0.0166 0.9998 -0.0057
vn -0.1714 0.9844 0.0399
vn -0.0166 0.9998 -0.0057
vn 0.0332 0.9994 -0.0069
vn 0.0498 0.9986 -0.0158
vn 0.0332 0.9994 -0.0069
vn -0.0166 0.9998 -0.0057
vn 0.0332 0.9994 -0.0069
vn -0.0043 1.0000 0.0025
vn -0.1074 0.9940 0.0184
vn -0.1074 0.9940 0.0184
vn -0.1714 0.9844 0.0399
vn 0.0332 0.9994 -0.0069
vn -0.0043 1.0000 0.0025
vn 0.0430 0.9991 -0.0032
vn 0.0010 1.0000 0.0002
vn -0.0016 1.0000 -0.0000
vn -0.0043 1.0000 0.0025
vn 0.0010 1.0000 0.0002
vn 0.0010 1.0000 0.0002
vn 0.0040 1.0000 -0.0002
vn -0.0016 1.0000 -0.0000
vn -0.0275 0.9996 -0.0035
vn -0.0016 1.0000 -0.0000
vn 0.0040 1.0000 -0.0002
vn 0.0040 1.0000 -0.0002
vn 0.0164 0.9999 0.0014
vn -0.0275 0.9996 -0.0035
vn -0.0275 0.9996 -0.0035
vn 0.0164 0.9999 0.0014
vn 0.0434 0.9990 0.0059
vn -0.0371 0.9993 -0.0052
vn -0.0275 0.9996 -0.0035
vn 0.0434 0.9990 0.0059
vn 0.0000 1.0000 0.0095
vn -0.0008 1.0000 0.0025
vn -0.0252 0.9962 0.0829
vn -0.0016 1.0000 0.0005
vn -0.0008 1.0000 0.0025
vn 0.0000 1.0000 0.0095
vn 0.0000 1.0000 0.0095
vn 0.0055 1.0000 -0.0030
vn -0.0016 1.0000 0.0005
vn 0.1347 0.9901 0.0407
vn 0.0608 0.9979 0.0210
vn -0.0136 0.9999 -0.0035
vn -0.0061 0.9996 -0.0264
vn 0.0342 0.9991 0.0254
vn 0.0183 0.9996 0.0207
vn 0.0183 0.9996 0.0207
vn 0.0070 0.9999 -0.0136
vn -0.0061 0.9996 -0.0264
vn 0.1019 0.9934 0.0526
vn 0.0250 0.9989 -0.0394
vn -0.0198 0.9974 -0.0695
vn -0.0371 0.9993 -0.0052
vn 0.0434 0.9990 0.0059
vn 0.0076 1.0000 0.0031
vn -0.0136 0.9999 -0.0035
vn -0.0371 0.9993 -0.0052
vn 0.0076 1.0000 0.0031
vn 0.0076 1.0000 0.0031
vn 0.0052 1.0000 -0.0031
vn -0.0136 0.9999 -0.0035
vn 0.0052 1.0000 -0.0031
vn 0.1347 0.9901 0.0407
vn -0.0136 0.9999 -0.0035
vn -0.0198 0.9974 -0.0695
vn 0.0070 0.9999 -0.0136
vn 0.1019 0.9934 0.0526
vn 0.0608 0.9979 0.0210
vn 0.0264 0.9995 0.0162
vn -0.0136 0.9999 -0.0035
vn -0.0083 1.0000 -0.0039
vn -0.0136 0.9999 -0.0035
vn 0.0264 0.9995 0.0162
vn 0.0264 0.9995 0.0162
vn 0.0342 0.9991 0.0254
vn -0.0083 1.0000 -0.0039
vn 0.0070 0.9999 -0.0136
vn -0.0198 0.9974 -0.0695
vn -0.2461 0.9408 -0.2330
vn -0.2461 0.9408 -0.2330
vn -0.0061 0.9996 -0.0264
vn 0.0070 0.9999 -0.0136
vn -0.0252 0.9962 0.0829
vn 0.0545 0.9624 0.2660
vn 0.0000 1.0000 0.0095
vn 0.1432 0.9846 0.0999
vn 0.0400 0.9992 0.0048
vn 0.0000 1.0000 0.0095
vn 0.0000 1.0000 0.0095
vn 0.0545 0.9624 0.2660
vn 0.1432 0.9846 0.0999
vn 0.0377 0.9991 -0.0206
vn 0.0502 0.9984 -0.0257
vn 0.1033 0.9932 -0.0541
vn 0.1167 0.9932 0.0001
vn 0.0986 0.9951 0.0016
vn 0.1484 0.9889 0.0060
vn 0.1041 0.9933 -0.0510
vn 0.1128 0.9920 -0.0563
vn 0.1033 0.9932 -0.0541
vn 0.2434 0.9620 -0.1237
vn 0.2634 0.9553 -0.1345
vn 0.1944 0.9775 -0.0813
vn 0.3525 0.9358 -0.0001
vn 0.3311 0.9436 0.0029
vn 0.3520 0.9360 -0.0034
vn 0.2938 0.9436 -0.1527
vn 0.3213 0.9329 -0.1627
vn 0.3259 0.9331 -0.1523
vn 0.5069 0.8620 -0.0031
vn 0.4881 0.8728 0.0008
vn 0.5330 0.8460 -0.0103
vn 0.0055 1.0000 -0.0030
vn 0.1033 0.9932 -0.0541
vn 0.1067 0.9930 -0.0498
vn 0.0055 1.0000 -0.0030
vn 0.1067 0.9930 -0.0498
vn 0.0498 0.9986 -0.0158
vn -0.0043 1.0000 0.0025
vn 0.0332 0.9994 -0.0069
vn 0.0430 0.9991 -0.0032
vn 0.0307 0.9995 -0.0002
vn 0.0010 1.0000 0.0002
vn 0.0430 0.9991 -0.0032
vn 0.7839 0.5523 -0.2838
vn 0.8434 0.5292 -0.0931
vn 0.8897 0.1199 -0.4406
vn 0.9675 0.1374 -0.2123
vn 0.5292 0.8419 -0.1054
vn 0.7839 0.5523 -0.2838
vn 0.5828 0.7549 -0.3008
vn 0.5903 0.7485 -0.3021
vn 0.8897 0.1199 -0.4406
vn 0.8897 0.1199 -0.4406
vn 0.8434 0.5292 -0.0931
vn 0.5828 0.7549 -0.3008
vn 0.2672 0.9591 -0.0932
vn 0.5828 0.7549 -0.3008
vn 0.8434 0.5292 -0.0931
vn 0.9591 0.2814 -0.0314
vn 0.6542 0.7563 -0.0003
vn 0.6414 0.7672 0.0002
vn 0.9591 0.2814 -0.0314
vn 0.6691 0.7432 -0.0003
vn 0.6542 0.7563 -0.0003
vn 0.5774 0.8154 -0.0408
vn 0.5292 0.8419 -0.1054
vn 0.9591 0.2649 -0.1001
vn 0.9591 0.2649 -0.1001
vn 0.9591 0.2814 -0.0314
vn 0.5774 0.8154 -0.0408
vn 0.6414 0.7672 0.0002
vn 0.6307 0.7761 0.0007
vn 0.9591 0.2814 -0.0314
vn 0.5774 0.8154 -0.0408
vn 0.9591 0.2814 -0.0314
vn 0.6307 0.7761 0.0007
vn 0.8434 0.5292 -0.0931
vn 0.7839 0.5523 -0.2838
vn 0.6819 0.7083 -0.1824
vn 0.6307 0.7761 0.0007
vn 0.6226 0.7825 -0.0007
vn 0.5774 0.8154 -0.0408
vn 0.6226 0.7825 -0.0007
vn 0.6069 0.7948 -0.0012
vn 0.5774 0.8154 -0.0408
vn 0.6069 0.7948 -0.0012
vn 0.5952 0.8036 -0.0013
vn 0.5774 0.8154 -0.0408
vn 0.5952 0.8036 -0.0013
vn 0.5782 0.8159 -0.0012
vn 0.5774 0.8154 -0.0408
vn 0.4500 0.8924 -0.0338
vn 0.5292 0.8419 -0.1054
vn 0.5774 0.8154 -0.0408
vn 0.3949 0.9115 -0.1152
vn 0.7839 0.5523 -0.2838
vn 0.5292 0.8419 -0.1054
vn 0.5782 0.8159 -0.0012
vn 0.5650 0.8251 -0.0008
vn 0.5774 0.8154 -0.0408
vn 0.5650 0.8251 -0.0008
vn 0.5278 0.8493 -0.0012
vn 0.5774 0.8154 -0.0408
vn 0.5330 0.8460 -0.0103
vn 0.5774 0.8154 -0.0408
vn 0.5278 0.8493 -0.0012
vn 0.5278 0.8493 -0.0012
vn 0.5627 0.8165 -0.1293
vn 0.5330 0.8460 -0.0103
vn 0.5774 0.8154 -0.0408
vn 0.5330 0.8460 -0.0103
vn 0.4500 0.8924 -0.0338
vn 0.5292 0.8419 -0.1054
vn 0.4500 0.8924 -0.0338
vn 0.3778 0.9233 -0.0695
vn 0.4560 0.8899 -0.0113
vn 0.5330 0.8460 -0.0103
vn 0.4881 0.8728 0.0008
vn 0.4560 0.8899 -0.0113
vn 0.4500 0.8924 -0.0338
vn 0.5330 0.8460 -0.0103
vn 0.5292 0.8419 -0.1054
vn 0.3778 0.9233 -0.0695
vn 0.3949 0.9115 -0.1152
vn 0.7839 0.5523 -0.2838
vn 0.3949 0.9115 -0.1152
vn 0.4248 0.8842 -0.1944
vn 0.3711 0.9089 -0.1900
vn 0.4622 0.8594 -0.2189
vn 0.4248 0.8842 -0.1944
vn 0.4622 0.8594 -0.2189
vn 0.6819 0.7083 -0.1824
vn 0.4248 0.8842 -0.1944
vn 0.4881 0.8728 0.0008
vn 0.4853 0.8743 -0.0041
vn 0.4560 0.8899 -0.0113
vn 0.4541 0.8910 -0.0012
vn 0.4285 0.9035 0.0004
vn 0.4560 0.8899 -0.0113
vn 0.3520 0.9360 -0.0034
vn 0.4560 0.8899 -0.0113
vn 0.4285 0.9035 0.0004
vn 0.3520 0.9360 -0.0034
vn 0.4500 0.8924 -0.0338
vn 0.4560 0.8899 -0.0113
vn 0.4248 0.8842 -0.1944
vn 0.3259 0.9331 -0.1523
vn 0.3774 0.9064 -0.1896
vn 0.3774 0.9064 -0.1896
vn 0.3711 0.9089 -0.1900
vn 0.4248 0.8842 -0.1944
vn 0.3213 0.9329 -0.1627
vn 0.3396 0.9248 -0.1717
vn 0.3259 0.9331 -0.1523
vn 0.3396 0.9248 -0.1717
vn 0.3546 0.9176 -0.1798
vn 0.3259 0.9331 -0.1523
vn 0.3259 0.9331 -0.1523
vn 0.3546 0.9176 -0.1798
vn 0.3774 0.9064 -0.1896
vn 0.4285 0.9035 0.0004
vn 0.4191 0.9079 0.0001
vn 0.3520 0.9360 -0.0034
vn 0.4191 0.9079 0.0001
vn 0.3985 0.9172 -0.0004
vn 0.3520 0.9360 -0.0034
vn 0.3985 0.9172 -0.0004
vn 0.3951 0.9186 -0.0003
vn 0.3520 0.9360 -0.0034
vn 0.3520 0.9360 -0.0034
vn 0.3951 0.9186 -0.0003
vn 0.3746 0.9272 -0.0005
vn 0.3746 0.9272 -0.0005
vn 0.3662 0.9305 -0.0003
vn 0.3520 0.9360 -0.0034
vn 0.3259 0.9331 -0.1523
vn 0.1944 0.9775 -0.0813
vn 0.2938 0.9436 -0.1527
vn 0.4248 0.8842 -0.1944
vn 0.2423 0.9660 -0.0903
vn 0.3259 0.9331 -0.1523
vn 0.2423 0.9660 -0.0903
vn 0.4248 0.8842 -0.1944
vn 0.3949 0.9115 -0.1152
vn 0.3520 0.9360 -0.0034
vn 0.2551 0.9667 -0.0217
vn 0.4500 0.8924 -0.0338
vn 0.3662 0.9305 -0.0003
vn 0.3525 0.9358 -0.0001
vn 0.3520 0.9360 -0.0034
vn 0.2669 0.9637 -0.0039
vn 0.3520 0.9360 -0.0034
vn 0.3311 0.9436 0.0029
vn 0.3520 0.9360 -0.0034
vn 0.2669 0.9637 -0.0039
vn 0.2551 0.9667 -0.0217
vn 0.4500 0.8924 -0.0338
vn 0.2551 0.9667 -0.0217
vn 0.3778 0.9233 -0.0695
vn 0.2634 0.9553 -0.1345
vn 0.2794 0.9493 -0.1442
vn 0.1944 0.9775 -0.0813
vn 0.2794 0.9493 -0.1442
vn 0.2938 0.9436 -0.1527
vn 0.1944 0.9775 -0.0813
vn 0.1944 0.9775 -0.0813
vn 0.2361 0.9645 -0.1183
vn 0.2434 0.9620 -0.1237
vn 0.3311 0.9436 0.0029
vn 0.3205 0.9472 0.0006
vn 0.2669 0.9637 -0.0039
vn 0.3205 0.9472 0.0006
vn 0.3010 0.9536 0.0000
vn 0.2669 0.9637 -0.0039
vn 0.2669 0.9637 -0.0039
vn 0.3010 0.9536 0.0000
vn 0.2838 0.9589 -0.0003
vn 0.1944 0.9775 -0.0813
vn 0.3259 0.9331 -0.1523
vn 0.2423 0.9660 -0.0903
vn 0.2838 0.9589 -0.0003
vn 0.2683 0.9633 -0.0005
vn 0.2669 0.9637 -0.0039
vn 0.3778 0.9233 -0.0695
vn 0.1956 0.9804 -0.0248
vn 0.3949 0.9115 -0.1152
vn 0.2363 0.9644 -0.1185
vn 0.2361 0.9645 -0.1183
vn 0.1944 0.9775 -0.0813
vn 0.1676 0.9822 -0.0853
vn 0.1571 0.9844 -0.0795
vn 0.1944 0.9775 -0.0813
vn 0.2683 0.9633 -0.0005
vn 0.2587 0.9660 -0.0004
vn 0.2669 0.9637 -0.0039
vn 0.2587 0.9660 -0.0004
vn 0.2375 0.9714 -0.0004
vn 0.2669 0.9637 -0.0039
vn 0.2375 0.9714 -0.0004
vn 0.2324 0.9726 -0.0002
vn 0.2669 0.9637 -0.0039
vn 0.2669 0.9637 -0.0039
vn 0.2324 0.9726 -0.0002
vn 0.2131 0.9770 0.0003
vn 0.1944 0.9775 -0.0813
vn 0.1033 0.9932 -0.0541
vn 0.1676 0.9822 -0.0853
vn 0.1956 0.9804 -0.0248
vn 0.3778 0.9233 -0.0695
vn 0.2551 0.9667 -0.0217
vn 0.2131 0.9770 0.0003
vn 0.2003 0.9797 0.0029
vn 0.2669 0.9637 -0.0039
vn 0.1484 0.9889 0.0060
vn 0.2669 0.9637 -0.0039
vn 0.2003 0.9797 0.0029
vn 0.2669 0.9637 -0.0039
vn 0.1484 0.9889 0.0060
vn 0.2551 0.9667 -0.0217
vn 0.0332 0.9994 -0.0069
vn 0.3949 0.9115 -0.1152
vn 0.1956 0.9804 -0.0248
vn 0.0332 0.9994 -0.0069
vn 0.2423 0.9660 -0.0903
vn 0.3949 0.9115 -0.1152
vn 0.1536 0.9850 -0.0790
vn 0.1676 0.9822 -0.0853
vn 0.1033 0.9932 -0.0541
vn 0.1128 0.9920 -0.0563
vn 0.1338 0.9887 -0.0677
vn 0.1033 0.9932 -0.0541
vn 0.1338 0.9887 -0.0677
vn 0.1536 0.9850 -0.0790
vn 0.1033 0.9932 -0.0541
vn 0.2003 0.9797 0.0029
vn 0.1886 0.9821 0.0005
vn 0.1484 0.9889 0.0060
vn 0.1886 0.9821 0.0005
vn 0.1698 0.9855 0.0001
vn 0.1484 0.9889 0.0060
vn 0.1698 0.9855 0.0001
vn 0.1628 0.9867 -0.0000
vn 0.1484 0.9889 0.0060
vn 0.1067 0.9930 -0.0498
vn 0.1033 0.9932 -0.0541
vn 0.1944 0.9775 -0.0813
vn 0.1944 0.9775 -0.0813
vn 0.0498 0.9986 -0.0158
vn 0.1067 0.9930 -0.0498
vn 0.0498 0.9986 -0.0158
vn 0.1944 0.9775 -0.0813
vn 0.2423 0.9660 -0.0903
vn 0.0430 0.9991 -0.0032
vn 0.1956 0.9804 -0.0248
vn 0.2551 0.9667 -0.0217
vn 0.0430 0.9991 -0.0032
vn 0.2551 0.9667 -0.0217
vn 0.1484 0.9889 0.0060
vn 0.1282 0.9917 -0.0001
vn 0.1167 0.9932 0.0001
vn 0.1484 0.9889 0.0060
vn 0.0430 0.9991 -0.0032
vn 0.1484 0.9889 0.0060
vn 0.0986 0.9951 0.0016
vn 0.0502 0.9984 -0.0257
vn 0.0694 0.9970 -0.0345
vn 0.1033 0.9932 -0.0541
vn 0.0694 0.9970 -0.0345
vn 0.0855 0.9954 -0.0425
vn 0.1033 0.9932 -0.0541
vn 0.1033 0.9932 -0.0541
vn 0.0855 0.9954 -0.0425
vn 0.1041 0.9933 -0.0510
vn 0.0055 1.0000 -0.0030
vn 0.0314 0.9994 -0.0170
vn 0.1033 0.9932 -0.0541
vn 0.1033 0.9932 -0.0541
vn 0.0314 0.9994 -0.0170
vn 0.0377 0.9991 -0.0206
vn 0.0986 0.9951 0.0016
vn 0.0865 0.9963 0.0000
vn 0.0430 0.9991 -0.0032
vn 0.0865 0.9963 0.0000
vn 0.0633 0.9980 -0.0002
vn 0.0430 0.9991 -0.0032
vn 0.0430 0.9991 -0.0032
vn 0.0633 0.9980 -0.0002
vn 0.0447 0.9990 -0.0004
vn 0.0498 0.9986 -0.0158
vn 0.2423 0.9660 -0.0903
vn 0.0332 0.9994 -0.0069
vn 0.1956 0.9804 -0.0248
vn 0.0430 0.9991 -0.0032
vn 0.0332 0.9994 -0.0069
vn 0.0447 0.9990 -0.0004
vn 0.0307 0.9995 -0.0002
vn 0.0430 0.9991 -0.0032
vn 0.8887 0.0645 -0.4540
vn 0.8908 0.0012 -0.4545
vn 0.8904 0.0047 -0.4552
vn 0.8904 0.0047 -0.4552
vn 0.8524 0.2896 -0.4354
vn 0.8887 0.0645 -0.4540
vn 0.9284 0.1009 -0.3577
vn 0.8887 0.0645 -0.4540
vn 0.8524 0.2896 -0.4354
vn 0.7274 0.5760 -0.3729
vn 0.4659 0.8512 -0.2419
vn 0.8524 0.2896 -0.4354
vn 0.8524 0.2896 -0.4354
vn 0.7764 0.4906 -0.3956
vn 0.7274 0.5760 -0.3729
vn 0.7021 0.6149 -0.3591
vn 0.7274 0.5760 -0.3729
vn 0.7764 0.4906 -0.3956
vn 0.7764 0.4906 -0.3956
vn 0.6760 0.6511 -0.3451
vn 0.7021 0.6149 -0.3591
vn 0.5981 0.7416 -0.3039
vn 0.7021 0.6149 -0.3591
vn 0.6760 0.6511 -0.3451
vn 0.6760 0.6511 -0.3451
vn 0.5903 0.7485 -0.3021
vn 0.5981 0.7416 -0.3039
vn 0.8524 0.2896 -0.4354
vn 0.8904 0.0047 -0.4552
vn 0.8897 0.1199 -0.4406
vn 0.5903 0.7485 -0.3021
vn 0.6760 0.6511 -0.3451
vn 0.8897 0.1199 -0.4406
vn 0.7888 0.6146 -0.0009
vn 0.6691 0.7432 -0.0003
vn 0.9591 0.2814 -0.0314
vn 0.9998 -0.0213 0.0018
vn 0.9999 0.0173 -0.0004
vn 0.9591 0.2814 -0.0314
vn 0.6760 0.6511 -0.3451
vn 0.7764 0.4906 -0.3956
vn 0.8897 0.1199 -0.4406
vn 0.7764 0.4906 -0.3956
vn 0.8524 0.2896 -0.4354
vn 0.8897 0.1199 -0.4406
vn 0.9999 0.0173 -0.0004
vn 0.9492 0.3146 -0.0012
vn 0.9591 0.2814 -0.0314
vn 0.9492 0.3146 -0.0012
vn 0.8887 0.4586 -0.0011
vn 0.9591 0.2814 -0.0314
vn 0.5292 0.8419 -0.1054
vn 0.9675 0.1374 -0.2123
vn 0.9591 0.2649 -0.1001
vn 0.8887 0.4586 -0.0011
vn 0.7888 0.6146 -0.0009
vn 0.9591 0.2814 -0.0314
vn 0.8908 0.0012 -0.4545
vn 0.8909 -0.0016 -0.4542
vn 0.8859 -0.0027 -0.4639
vn 0.8859 -0.0027 -0.4639
vn 0.8904 0.0047 -0.4552
vn 0.8908 0.0012 -0.4545
vn -0.0280 0.9996 0.0042
vn -0.0436 0.9969 -0.0657
vn -0.5065 0.8493 0.1490
vn -0.1153 0.9924 0.0433
vn -0.0665 0.9978 0.0041
vn -0.2383 0.9663 0.0978
vn -0.2383 0.9663 0.0978
vn -0.1530 0.9863 0.0610
vn -0.1153 0.9924 0.0433
vn -0.5992 0.7670 0.2295
vn -0.2559 0.9610 0.1048
vn -0.2383 0.9663 0.0978
vn -0.2559 0.9610 0.1048
vn -0.5992 0.7670 0.2295
vn -0.3195 0.9378 0.1355
vn -0.4089 0.8949 0.1786
vn -0.3699 0.9151 0.1603
vn -0.5992 0.7670 0.2295
vn -0.3195 0.9378 0.1355
vn -0.5992 0.7670 0.2295
vn -0.3699 0.9151 0.1603
vn -0.5992 0.7670 0.2295
vn -0.4672 0.8600 0.2051
vn -0.4089 0.8949 0.1786
vn -0.6406 0.7160 0.2774
vn -0.5992 0.7670 0.2295
vn -0.7283 0.6278 0.2748
vn -0.5992 0.7670 0.2295
vn -0.6406 0.7160 0.2774
vn -0.5979 0.7576 0.2617
vn -0.5992 0.7670 0.2295
vn -0.5979 0.7576 0.2617
vn -0.5623 0.7892 0.2471
vn -0.5992 0.7670 0.2295
vn -0.5623 0.7892 0.2471
vn -0.5230 0.8213 0.2279
vn -0.5992 0.7670 0.2295
vn -0.5230 0.8213 0.2279
vn -0.4672 0.8600 0.2051
vn -0.6918 0.6535 0.3071
vn -0.6781 0.6709 0.3003
vn -0.7283 0.6278 0.2748
vn -0.7283 0.6278 0.2748
vn -0.6781 0.6709 0.3003
vn -0.6406 0.7160 0.2774
vn -0.7500 0.5717 0.3327
vn -0.7283 0.6278 0.2748
vn -0.8077 0.4701 0.3558
vn -0.8077 0.4701 0.3558
vn -0.7880 0.5065 0.3501
vn -0.7500 0.5717 0.3327
vn -0.8077 0.4701 0.3558
vn -0.8434 0.3824 0.3774
vn -0.8293 0.4179 0.3711
vn -0.8077 0.4701 0.3558
vn -0.8588 0.3370 0.3858
vn -0.8434 0.3824 0.3774
vn -0.8588 0.3370 0.3858
vn -0.8077 0.4701 0.3558
vn -0.9168 0.2584 0.3046
vn -0.9168 0.2584 0.3046
vn -0.8768 0.2750 0.3945
vn -0.8588 0.3370 0.3858
vn -0.9168 0.2584 0.3046
vn -0.8894 0.2201 0.4007
vn -0.8768 0.2750 0.3945
vn -0.9168 0.2584 0.3046
vn -0.8996 0.1651 0.4043
vn -0.8894 0.2201 0.4007
vn -0.9168 0.2584 0.3046
vn -0.9080 0.0974 0.4076
vn -0.8996 0.1651 0.4043
vn -0.9080 0.0974 0.4076
vn -0.9168 0.2584 0.3046
vn -0.9228 0.0174 0.3850
vn -0.9228 0.0174 0.3850
vn -0.9115 0.0000 0.4114
vn -0.9113 0.0248 0.4111
vn -0.5065 0.8493 0.1490
vn -0.9168 0.2584 0.3046
vn -0.5992 0.7670 0.2295
vn -0.7283 0.6278 0.2748
vn -0.5992 0.7670 0.2295
vn -0.9168 0.2584 0.3046
vn -0.8077 0.4701 0.3558
vn -0.7283 0.6278 0.2748
vn -0.9168 0.2584 0.3046
vn -0.2383 0.9663 0.0978
vn -0.0665 0.9978 0.0041
vn -0.5065 0.8493 0.1490
vn -0.5992 0.7670 0.2295
vn -0.2383 0.9663 0.0978
vn -0.5065 0.8493 0.1490
vn -0.5065 0.8493 0.1490
vn -0.0665 0.9978 0.0041
vn -0.0280 0.9996 0.0042
vn -0.5065 0.8493 0.1490
vn -0.9608 -0.0030 0.2773
vn -0.9168 0.2584 0.3046
vn -0.0523 0.9924 0.1115
vn -0.1715 0.9844 0.0400
vn -0.5065 0.8493 0.1490
vn -0.0523 0.9924 0.1115
vn -0.0181 0.9998 0.0046
vn -0.0229 0.9997 0.0015
vn -0.1715 0.9844 0.0400
vn -0.0523 0.9924 0.1115
vn -0.3386 0.9346 0.1086
vn -0.9608 -0.0030 0.2773
vn -0.5065 0.8493 0.1490
vn -0.8423 0.4779 0.2492
vn -0.3386 0.9346 0.1086
vn -0.0523 0.9924 0.1115
vn -0.0229 0.9997 0.0015
vn 0.3257 0.9452 -0.0221
vn -0.1715 0.9844 0.0400
vn -0.3386 0.9346 0.1086
vn -0.8423 0.4779 0.2492
vn -0.5065 0.8493 0.1490
vn -0.3386 0.9346 0.1086
vn -0.9608 -0.0030 0.2773
vn -0.8423 0.4779 0.2492
vn -0.9363 0.2884 0.2003
vn -0.9363 0.2884 0.2003
vn -0.9807 0.1298 0.1466
vn -0.9608 -0.0030 0.2773
vn -0.3699 0.9151 0.1603
vn -0.4089 0.8949 0.1786
vn -0.4616 0.8756 0.1423
vn -0.4089 0.8949 0.1786
vn -0.4672 0.8600 0.2051
vn -0.5231 0.8344 0.1738
vn -0.9113 0.0248 0.4111
vn -0.9115 0.0000 0.4114
vn -0.9094 0.0014 0.4159
vn -0.9132 0.0518 0.4041
vn -0.9070 0.0999 0.4091
vn -0.9080 0.0974 0.4076
vn -0.9094 0.0014 0.4159
vn -0.9112 0.0281 0.4111
vn -0.9113 0.0248 0.4111
vn -0.9113 0.0248 0.4111
vn -0.9112 0.0281 0.4111
vn -0.9132 0.0518 0.4041
vn -0.9228 0.0174 0.3850
vn -0.9113 0.0248 0.4111
vn -0.9132 0.0518 0.4041
vn -0.9080 0.0974 0.4076
vn -0.9228 0.0174 0.3850
vn -0.9132 0.0518 0.4041
vn -0.9043 0.1289 0.4070
vn -0.9257 0.1553 0.3449
vn -0.8996 0.1651 0.4043
vn -0.8996 0.1651 0.4043
vn -0.9080 0.0974 0.4076
vn -0.9043 0.1289 0.4070
vn -0.9070 0.0999 0.4091
vn -0.9043 0.1289 0.4070
vn -0.9080 0.0974 0.4076
vn -0.9257 0.1553 0.3449
vn -0.8844 0.2456 0.3969
vn -0.8996 0.1651 0.4043
vn -0.8894 0.2201 0.4007
vn -0.8996 0.1651 0.4043
vn -0.8844 0.2456 0.3969
vn -0.8768 0.2750 0.3945
vn -0.8894 0.2201 0.4007
vn -0.8844 0.2456 0.3969
vn -0.8844 0.2456 0.3969
vn -0.8807 0.2621 0.3946
vn -0.8768 0.2750 0.3945
vn -0.8768 0.2750 0.3945
vn -0.8807 0.2621 0.3946
vn -0.8767 0.2772 0.3931
vn -0.8588 0.3370 0.3858
vn -0.8768 0.2750 0.3945
vn -0.8767 0.2772 0.3931
vn -0.8767 0.2772 0.3931
vn -0.8855 0.2879 0.3647
vn -0.8588 0.3370 0.3858
vn -0.8588 0.3370 0.3858
vn -0.8855 0.2879 0.3647
vn -0.8310 0.4149 0.3705
vn -0.8434 0.3824 0.3774
vn -0.8588 0.3370 0.3858
vn -0.8310 0.4149 0.3705
vn -0.8293 0.4179 0.3711
vn -0.8434 0.3824 0.3774
vn -0.8310 0.4149 0.3705
vn -0.8268 0.4244 0.3692
vn -0.8955 0.3400 0.2873
vn -0.7880 0.5065 0.3501
vn -0.8310 0.4149 0.3705
vn -0.8282 0.4209 0.3699
vn -0.8293 0.4179 0.3711
vn -0.8293 0.4179 0.3711
vn -0.8282 0.4209 0.3699
vn -0.8268 0.4244 0.3692
vn -0.8077 0.4701 0.3558
vn -0.8293 0.4179 0.3711
vn -0.8268 0.4244 0.3692
vn -0.7880 0.5065 0.3501
vn -0.8077 0.4701 0.3558
vn -0.8268 0.4244 0.3692
vn -0.7158 0.6229 0.3157
vn -0.7331 0.5990 0.3221
vn -0.7500 0.5717 0.3327
vn -0.7500 0.5717 0.3327
vn -0.7880 0.5065 0.3501
vn -0.7158 0.6229 0.3157
vn -0.7880 0.5065 0.3501
vn -0.8955 0.3400 0.2873
vn -0.7158 0.6229 0.3157
vn -0.7500 0.5717 0.3327
vn -0.7331 0.5990 0.3221
vn -0.7176 0.6189 0.3194
vn -0.7283 0.6278 0.2748
vn -0.7500 0.5717 0.3327
vn -0.7176 0.6189 0.3194
vn -0.6918 0.6535 0.3071
vn -0.7283 0.6278 0.2748
vn -0.7176 0.6189 0.3194
vn -0.6918 0.6535 0.3071
vn -0.7176 0.6189 0.3194
vn -0.6833 0.6644 0.3027
vn -0.6918 0.6535 0.3071
vn -0.6833 0.6644 0.3027
vn -0.6853 0.6618 0.3039
vn -0.6781 0.6709 0.3003
vn -0.6918 0.6535 0.3071
vn -0.6853 0.6618 0.3039
vn -0.6406 0.7160 0.2774
vn -0.6781 0.6709 0.3003
vn -0.6853 0.6618 0.3039
vn -0.5979 0.7576 0.2617
vn -0.6406 0.7160 0.2774
vn -0.5933 0.7626 0.2577
vn -0.6406 0.7160 0.2774
vn -0.6507 0.7048 0.2826
vn -0.5933 0.7626 0.2577
vn -0.6406 0.7160 0.2774
vn -0.6853 0.6618 0.3039
vn -0.6507 0.7048 0.2826
vn -0.6549 0.6991 0.2870
vn -0.8968 0.3837 0.2203
vn -0.5230 0.8213 0.2279
vn -0.5979 0.7576 0.2617
vn -0.5933 0.7626 0.2577
vn -0.6549 0.6991 0.2870
vn -0.5623 0.7892 0.2471
vn -0.5979 0.7576 0.2617
vn -0.6549 0.6991 0.2870
vn -0.5230 0.8213 0.2279
vn -0.5623 0.7892 0.2471
vn -0.6549 0.6991 0.2870
vn -0.5230 0.8213 0.2279
vn -0.2068 0.9751 0.0804
vn -0.3914 0.9051 0.1663
vn -0.7607 0.6080 0.2274
vn -0.5231 0.8344 0.1738
vn -0.4672 0.8600 0.2051
vn -0.4672 0.8600 0.2051
vn -0.5230 0.8213 0.2279
vn -0.3914 0.9051 0.1663
vn -0.3914 0.9051 0.1663
vn -0.7607 0.6080 0.2274
vn -0.4672 0.8600 0.2051
vn -0.5231 0.8344 0.1738
vn -0.4616 0.8756 0.1423
vn -0.4089 0.8949 0.1786
vn -0.3234 0.9360 0.1389
vn -0.4317 0.9007 0.0491
vn -0.3195 0.9378 0.1355
vn -0.3195 0.9378 0.1355
vn -0.3699 0.9151 0.1603
vn -0.4616 0.8756 0.1423
vn -0.4616 0.8756 0.1423
vn -0.3234 0.9360 0.1389
vn -0.3195 0.9378 0.1355
vn -0.4317 0.9007 0.0491
vn -0.2330 0.9674 0.0992
vn -0.2559 0.9610 0.1048
vn -0.2559 0.9610 0.1048
vn -0.3195 0.9378 0.1355
vn -0.4317 0.9007 0.0491
vn -0.2559 0.9610 0.1048
vn -0.2330 0.9674 0.0992
vn -0.2035 0.9756 0.0823
vn -0.2383 0.9663 0.0978
vn -0.2559 0.9610 0.1048
vn -0.2035 0.9756 0.0823
vn -0.1530 0.9863 0.0610
vn -0.2383 0.9663 0.0978
vn -0.2035 0.9756 0.0823
vn -0.2035 0.9756 0.0823
vn -0.1480 0.9875 0.0542
vn -0.1530 0.9863 0.0610
vn -0.1153 0.9924 0.0433
vn -0.1530 0.9863 0.0610
vn -0.1480 0.9875 0.0542
vn -0.1480 0.9875 0.0542
vn -0.2098 0.9742 0.0831
vn -0.1153 0.9924 0.0433
vn -0.0665 0.9978 0.0041
vn -0.1153 0.9924 0.0433
vn -0.2098 0.9742 0.0831
vn -0.2098 0.9742 0.0831
vn -0.2848 0.9576 0.0428
vn -0.0665 0.9978 0.0041
vn -0.1480 0.9875 0.0542
vn -0.2035 0.9756 0.0823
vn -0.2848 0.9576 0.0428
vn -0.2848 0.9576 0.0428
vn -0.2098 0.9742 0.0831
vn -0.1480 0.9875 0.0542
vn -0.2848 0.9576 0.0428
vn -0.1293 0.9912 0.0292
vn -0.2701 0.9628 -0.0024
vn -0.5933 0.7626 0.2577
vn -0.6507 0.7048 0.2826
vn -0.8968 0.3837 0.2203
vn -0.9257 0.1553 0.3449
vn -0.9070 0.0999 0.4091
vn -0.9132 0.0518 0.4041
vn -0.9043 0.1289 0.4070
vn -0.9070 0.0999 0.4091
vn -0.9257 0.1553 0.3449
vn -0.8955 0.3400 0.2873
vn -0.8310 0.4149 0.3705
vn -0.8855 0.2879 0.3647
vn -0.8855 0.2879 0.3647
vn -0.8767 0.2772 0.3931
vn -0.8807 0.2621 0.3946
vn -0.8955 0.3400 0.2873
vn -0.8268 0.4244 0.3692
vn -0.8282 0.4209 0.3699
vn -0.7331 0.5990 0.3221
vn -0.7158 0.6229 0.3157
vn -0.8955 0.3400 0.2873
vn -0.7331 0.5990 0.3221
vn -0.8955 0.3400 0.2873
vn -0.6507 0.7048 0.2826
vn -0.6507 0.7048 0.2826
vn -0.7176 0.6189 0.3194
vn -0.7331 0.5990 0.3221
vn -0.6833 0.6644 0.3027
vn -0.7176 0.6189 0.3194
vn -0.6507 0.7048 0.2826
vn -0.6507 0.7048 0.2826
vn -0.6853 0.6618 0.3039
vn -0.6833 0.6644 0.3027
vn -0.8968 0.3837 0.2203
vn -0.6549 0.6991 0.2870
vn -0.5933 0.7626 0.2577
vn -0.8968 0.3837 0.2203
vn -0.7607 0.6080 0.2274
vn -0.3914 0.9051 0.1663
vn -0.6308 0.7630 0.1410
vn -0.5231 0.8344 0.1738
vn -0.7607 0.6080 0.2274
vn -0.3234 0.9360 0.1389
vn -0.4616 0.8756 0.1423
vn -0.4317 0.9007 0.0491
vn -0.6308 0.7630 0.1410
vn -0.4317 0.9007 0.0491
vn -0.4616 0.8756 0.1423
vn -0.4616 0.8756 0.1423
vn -0.5231 0.8344 0.1738
vn -0.6308 0.7630 0.1410
vn -0.2330 0.9674 0.0992
vn -0.4317 0.9007 0.0491
vn -0.2848 0.9576 0.0428
vn -0.2848 0.9576 0.0428
vn -0.2035 0.9756 0.0823
vn -0.2330 0.9674 0.0992
vn -0.9626 -0.1454 0.2287
vn -0.7607 0.6080 0.2274
vn -0.8968 0.3837 0.2203
vn -0.2848 0.9576 0.0428
vn -0.4317 0.9007 0.0491
vn -0.6308 0.7630 0.1410
vn -0.8807 0.2621 0.3946
vn -0.9257 0.1553 0.3449
vn -0.8855 0.2879 0.3647
vn -0.9257 0.1553 0.3449
vn -0.8807 0.2621 0.3946
vn -0.8844 0.2456 0.3969
vn -0.9112 0.0281 0.4111
vn -0.9094 0.0014 0.4159
vn -0.9132 0.0518 0.4041
vn -0.8955 0.3400 0.2873
vn -0.8968 0.3837 0.2203
vn -0.6507 0.7048 0.2826
vn -0.8955 0.3400 0.2873
vn -0.8282 0.4209 0.3699
vn -0.8310 0.4149 0.3705
vn -0.9114 -0.0007 0.4115
vn -0.9094 0.0014 0.4159
vn -0.9115 0.0000 0.4114
vn -0.9115 0.0000 0.4114
vn -0.9120 -0.0028 0.4101
vn -0.9114 -0.0007 0.4115
vn -0.9877 -0.1545 0.0226
vn -0.7884 -0.6152 -0.0003
vn -0.6732 -0.7394 -0.0021
vn -0.8913 -0.4533 -0.0005
vn -0.7884 -0.6152 -0.0003
vn -0.9877 -0.1545 0.0226
vn -0.9518 -0.3067 -0.0006
vn -0.8913 -0.4533 -0.0005
vn -0.9877 -0.1545 0.0226
vn -0.9877 -0.1545 0.0226
vn -0.9997 -0.0251 0.0001
vn -0.9518 -0.3067 -0.0006
vn -0.9877 -0.1545 0.0226
vn -0.9996 0.0170 0.0242
vn -0.9997 -0.0251 0.0001
vn -0.6046 -0.7484 0.2726
vn -0.6877 -0.6563 0.3105
vn -0.8960 -0.2649 0.3563
vn -0.8960 -0.2649 0.3563
vn -0.6877 -0.6563 0.3105
vn -0.7870 -0.5042 0.3555
vn -0.7870 -0.5042 0.3555
vn -0.8484 -0.3652 0.3831
vn -0.8960 -0.2649 0.3563
vn -0.8484 -0.3652 0.3831
vn -0.8972 -0.1773 0.4046
vn -0.8960 -0.2649 0.3563
vn -0.9996 0.0170 0.0242
vn -0.6893 -0.7230 0.0459
vn -0.9359 -0.3220 0.1429
vn -0.8972 -0.1773 0.4046
vn -0.9120 -0.0028 0.4101
vn -0.8960 -0.2649 0.3563
vn -0.0312 -0.9995 -0.0000
vn -0.0012 -1.0000 0.0001
vn -0.0097 -0.9999 0.0061
vn -0.0465 -0.9989 0.0000
vn -0.0312 -0.9995 -0.0000
vn -0.0097 -0.9999 0.0061
vn -0.0079 -1.0000 0.0041
vn -0.0307 -0.9994 0.0141
vn -0.0395 -0.9991 0.0179
vn -0.0097 -0.9999 0.0061
vn -0.0895 -0.9959 0.0092
vn -0.0673 -0.9977 0.0004
vn -0.0673 -0.9977 0.0004
vn -0.0640 -0.9979 0.0002
vn -0.0097 -0.9999 0.0061
vn -0.0097 -0.9999 0.0061
vn -0.0640 -0.9979 0.0002
vn -0.0465 -0.9989 0.0000
vn -0.0395 -0.9991 0.0179
vn -0.0511 -0.9984 0.0229
vn -0.0079 -1.0000 0.0041
vn -0.0079 -1.0000 0.0041
vn -0.0511 -0.9984 0.0229
vn -0.0619 -0.9977 0.0272
vn -0.0619 -0.9977 0.0272
vn -0.0847 -0.9963 0.0173
vn -0.0079 -1.0000 0.0041
vn -0.0619 -0.9977 0.0272
vn -0.0796 -0.9962 0.0359
vn -0.0847 -0.9963 0.0173
vn -0.1184 -0.9930 -0.0000
vn -0.0996 -0.9950 0.0003
vn -0.1274 -0.9918 0.0007
vn -0.0895 -0.9959 0.0092
vn -0.1274 -0.9918 0.0007
vn -0.0996 -0.9950 0.0003
vn -0.0996 -0.9950 0.0003
vn -0.0921 -0.9958 0.0000
vn -0.0895 -0.9959 0.0092
vn -0.0895 -0.9959 0.0092
vn -0.0921 -0.9958 0.0000
vn -0.0673 -0.9977 0.0004
vn -0.0796 -0.9962 0.0359
vn -0.0874 -0.9954 0.0395
vn -0.0847 -0.9963 0.0173
vn -0.0847 -0.9963 0.0173
vn -0.0874 -0.9954 0.0395
vn -0.1049 -0.9933 0.0476
vn -0.1334 -0.9900 0.0459
vn -0.0847 -0.9963 0.0173
vn -0.1049 -0.9933 0.0476
vn -0.1418 -0.9899 -0.0001
vn -0.1333 -0.9911 -0.0001
vn -0.1274 -0.9918 0.0007
vn -0.1274 -0.9918 0.0007
vn -0.1333 -0.9911 -0.0001
vn -0.1184 -0.9930 -0.0000
vn -0.1049 -0.9933 0.0476
vn -0.1139 -0.9921 0.0518
vn -0.1334 -0.9900 0.0459
vn -0.1334 -0.9900 0.0459
vn -0.1139 -0.9921 0.0518
vn -0.1269 -0.9902 0.0578
vn -0.1269 -0.9902 0.0578
vn -0.1443 -0.9874 0.0657
vn -0.1334 -0.9900 0.0459
vn -0.1879 -0.9822 0.0016
vn -0.1274 -0.9918 0.0007
vn -0.2127 -0.9769 0.0179
vn -0.1879 -0.9822 0.0016
vn -0.1687 -0.9857 0.0002
vn -0.1274 -0.9918 0.0007
vn -0.1687 -0.9857 0.0002
vn -0.1627 -0.9867 0.0001
vn -0.1274 -0.9918 0.0007
vn -0.1274 -0.9918 0.0007
vn -0.1627 -0.9867 0.0001
vn -0.1418 -0.9899 -0.0001
vn -0.1443 -0.9874 0.0657
vn -0.1576 -0.9849 0.0714
vn -0.1334 -0.9900 0.0459
vn -0.2133 -0.9770 0.0001
vn -0.2015 -0.9795 0.0002
vn -0.2127 -0.9769 0.0179
vn -0.2127 -0.9769 0.0179
vn -0.2015 -0.9795 0.0002
vn -0.1879 -0.9822 0.0016
vn -0.1576 -0.9849 0.0714
vn -0.1773 -0.9809 0.0798
vn -0.1334 -0.9900 0.0459
vn -0.1334 -0.9900 0.0459
vn -0.1773 -0.9809 0.0798
vn -0.1925 -0.9775 0.0860
vn -0.1925 -0.9775 0.0860
vn -0.2074 -0.9739 0.0917
vn -0.1334 -0.9900 0.0459
vn -0.2119 -0.9721 0.1010
vn -0.1334 -0.9900 0.0459
vn -0.2074 -0.9739 0.0917
vn -0.2591 -0.9658 0.0006
vn -0.2623 -0.9649 0.0080
vn -0.2738 -0.9612 0.0345
vn -0.2591 -0.9658 0.0006
vn -0.2371 -0.9715 0.0001
vn -0.2623 -0.9649 0.0080
vn -0.2127 -0.9769 0.0179
vn -0.2623 -0.9649 0.0080
vn -0.2371 -0.9715 0.0001
vn -0.2371 -0.9715 0.0001
vn -0.2327 -0.9725 0.0001
vn -0.2127 -0.9769 0.0179
vn -0.2127 -0.9769 0.0179
vn -0.2327 -0.9725 0.0001
vn -0.2133 -0.9770 0.0001
vn -0.3054 -0.9428 0.1338
vn -0.2119 -0.9721 0.1010
vn -0.2265 -0.9687 0.1015
vn -0.2834 -0.9590 0.0004
vn -0.2681 -0.9634 0.0006
vn -0.2738 -0.9612 0.0345
vn -0.2738 -0.9612 0.0345
vn -0.2681 -0.9634 0.0006
vn -0.2591 -0.9658 0.0006
vn -0.2265 -0.9687 0.1015
vn -0.2399 -0.9648 0.1077
vn -0.3054 -0.9428 0.1338
vn -0.3054 -0.9428 0.1338
vn -0.2399 -0.9648 0.1077
vn -0.2555 -0.9599 0.1152
vn -0.2738 -0.9612 0.0345
vn -0.3360 -0.9418 0.0106
vn -0.3054 -0.9522 0.0005
vn -0.3054 -0.9522 0.0005
vn -0.3009 -0.9537 0.0003
vn -0.2738 -0.9612 0.0345
vn -0.2738 -0.9612 0.0345
vn -0.3009 -0.9537 0.0003
vn -0.2834 -0.9590 0.0004
vn -0.2555 -0.9599 0.1152
vn -0.2692 -0.9553 0.1217
vn -0.3054 -0.9428 0.1338
vn -0.3054 -0.9428 0.1338
vn -0.2692 -0.9553 0.1217
vn -0.2855 -0.9496 0.1292
vn -0.3520 -0.9360 0.0003
vn -0.3348 -0.9423 0.0009
vn -0.3996 -0.9159 0.0389
vn -0.3360 -0.9418 0.0106
vn -0.3996 -0.9159 0.0389
vn -0.3348 -0.9423 0.0009
vn -0.3348 -0.9423 0.0009
vn -0.3273 -0.9449 0.0000
vn -0.3360 -0.9418 0.0106
vn -0.3360 -0.9418 0.0106
vn -0.3273 -0.9449 0.0000
vn -0.3054 -0.9522 0.0005
vn -0.2855 -0.9496 0.1292
vn -0.3016 -0.9436 0.1363
vn -0.3054 -0.9428 0.1338
vn -0.3054 -0.9428 0.1338
vn -0.3016 -0.9436 0.1363
vn -0.3182 -0.9371 0.1434
vn -0.3738 -0.9275 0.0001
vn -0.3661 -0.9306 0.0001
vn -0.3996 -0.9159 0.0389
vn -0.3996 -0.9159 0.0389
vn -0.3661 -0.9306 0.0001
vn -0.3520 -0.9360 0.0003
vn -0.3182 -0.9371 0.1434
vn -0.3294 -0.9325 0.1480
vn -0.3054 -0.9428 0.1338
vn -0.3054 -0.9428 0.1338
vn -0.3294 -0.9325 0.1480
vn -0.3408 -0.9281 0.1500
vn -0.3408 -0.9281 0.1500
vn -0.4054 -0.9001 0.1598
vn -0.3054 -0.9428 0.1338
vn -0.3408 -0.9281 0.1500
vn -0.3567 -0.9203 0.1607
vn -0.4054 -0.9001 0.1598
vn -0.4183 -0.9083 0.0003
vn -0.3996 -0.9167 0.0002
vn -0.3996 -0.9159 0.0389
vn -0.3996 -0.9167 0.0002
vn -0.3936 -0.9193 0.0001
vn -0.3996 -0.9159 0.0389
vn -0.3996 -0.9159 0.0389
vn -0.3936 -0.9193 0.0001
vn -0.3738 -0.9275 0.0001
vn -0.3567 -0.9203 0.1607
vn -0.3624 -0.9176 0.1635
vn -0.4054 -0.9001 0.1598
vn -0.4054 -0.9001 0.1598
vn -0.3624 -0.9176 0.1635
vn -0.3840 -0.9069 0.1734
vn -0.3996 -0.9159 0.0389
vn -0.5027 -0.8644 0.0110
vn -0.4604 -0.8877 0.0022
vn -0.4604 -0.8877 0.0022
vn -0.4295 -0.9031 0.0006
vn -0.3996 -0.9159 0.0389
vn -0.3996 -0.9159 0.0389
vn -0.4295 -0.9031 0.0006
vn -0.4183 -0.9083 0.0003
vn -0.5030 -0.7279 0.4660
vn -0.4212 -0.8869 0.1896
vn -0.4054 -0.9001 0.1598
vn -0.4753 -0.8647 0.1624
vn -0.4054 -0.9001 0.1598
vn -0.4212 -0.8869 0.1896
vn -0.5027 -0.8644 0.0110
vn -0.5254 -0.8501 -0.0371
vn -0.4604 -0.8877 0.0022
vn -0.4753 -0.8647 0.1624
vn -0.4212 -0.8869 0.1896
vn -0.4609 -0.8628 0.2079
vn -0.5027 -0.8644 0.0110
vn -0.5554 -0.8312 0.0235
vn -0.5362 -0.8441 0.0007
vn -0.5362 -0.8441 0.0007
vn -0.5178 -0.8555 0.0010
vn -0.5027 -0.8644 0.0110
vn -0.5027 -0.8644 0.0110
vn -0.5178 -0.8555 0.0010
vn -0.5006 -0.8657 -0.0013
vn -0.5654 -0.8248 0.0003
vn -0.5479 -0.8366 0.0012
vn -0.5912 -0.8063 0.0202
vn -0.5554 -0.8312 0.0235
vn -0.5912 -0.8063 0.0202
vn -0.5479 -0.8366 0.0012
vn -0.5953 -0.8035 -0.0001
vn -0.5778 -0.8162 -0.0000
vn -0.5912 -0.8063 0.0202
vn -0.5912 -0.8063 0.0202
vn -0.5778 -0.8162 -0.0000
vn -0.5654 -0.8248 0.0003
vn -0.2957 -0.9506 0.0948
vn -0.1238 -0.9921 0.0205
vn -0.0471 -0.9988 0.0103
vn -0.6221 -0.7829 0.0003
vn -0.6071 -0.7946 -0.0001
vn -0.5912 -0.8063 0.0202
vn -0.6071 -0.7946 -0.0001
vn -0.5953 -0.8035 -0.0001
vn -0.5912 -0.8063 0.0202
vn -0.3962 -0.9136 0.0911
vn -0.5279 -0.8438 0.0963
vn -0.5883 -0.7961 0.1419
vn -0.5279 -0.8438 0.0963
vn -0.3962 -0.9136 0.0911
vn -0.5132 -0.8374 0.1881
vn -0.2957 -0.9506 0.0948
vn -0.5132 -0.8374 0.1881
vn -0.3962 -0.9136 0.0911
vn -0.0471 -0.9988 0.0103
vn -0.1334 -0.9900 0.0459
vn -0.2957 -0.9506 0.0948
vn -0.2957 -0.9506 0.0948
vn -0.4753 -0.8647 0.1624
vn -0.5132 -0.8374 0.1881
vn 0.0159 -0.9998 -0.0069
vn -0.0079 -1.0000 0.0041
vn -0.0471 -0.9988 0.0103
vn -0.1334 -0.9900 0.0459
vn -0.0471 -0.9988 0.0103
vn -0.0079 -1.0000 0.0041
vn -0.4054 -0.9001 0.1598
vn -0.4753 -0.8647 0.1624
vn -0.2957 -0.9506 0.0948
vn -0.4753 -0.8647 0.1624
vn -0.6118 -0.7430 0.2715
vn -0.5132 -0.8374 0.1881
vn -0.9608 -0.0030 0.2773
vn -0.5132 -0.8374 0.1881
vn -0.6118 -0.7430 0.2715
vn -0.0079 -1.0000 0.0041
vn -0.0847 -0.9963 0.0173
vn -0.1334 -0.9900 0.0459
vn -0.1334 -0.9900 0.0459
vn -0.2119 -0.9721 0.1010
vn -0.2957 -0.9506 0.0948
vn -0.3054 -0.9428 0.1338
vn -0.2957 -0.9506 0.0948
vn -0.2119 -0.9721 0.1010
vn -0.3054 -0.9428 0.1338
vn -0.4054 -0.9001 0.1598
vn -0.2957 -0.9506 0.0948
vn -0.6118 -0.7430 0.2715
vn -0.8960 -0.2649 0.3563
vn -0.6071 -0.7761 0.1704
vn -0.5912 -0.8063 0.0202
vn -0.6893 -0.7230 0.0459
vn -0.6390 -0.7692 -0.0017
vn -0.6390 -0.7692 -0.0017
vn -0.6305 -0.7762 0.0006
vn -0.5912 -0.8063 0.0202
vn -0.5912 -0.8063 0.0202
vn -0.6305 -0.7762 0.0006
vn -0.6221 -0.7829 0.0003
vn -0.6118 -0.7430 0.2715
vn -0.4136 -0.8861 0.2094
vn -0.8960 -0.2649 0.3563
vn -0.8960 -0.2649 0.3563
vn -0.4136 -0.8861 0.2094
vn -0.5861 -0.7662 0.2633
vn -0.5861 -0.7662 0.2633
vn -0.5984 -0.7545 0.2695
vn -0.8960 -0.2649 0.3563
vn -0.6893 -0.7230 0.0459
vn -0.9877 -0.1545 0.0226
vn -0.6732 -0.7394 -0.0021
vn -0.6732 -0.7394 -0.0021
vn -0.6577 -0.7533 -0.0011
vn -0.6893 -0.7230 0.0459
vn -0.6893 -0.7230 0.0459
vn -0.6577 -0.7533 -0.0011
vn -0.6390 -0.7692 -0.0017
vn -0.1274 -0.9918 0.0007
vn -0.0895 -0.9959 0.0092
vn -0.0097 -0.9999 0.0061
vn -0.2127 -0.9769 0.0179
vn -0.1274 -0.9918 0.0007
vn -0.1238 -0.9921 0.0205
vn -0.2738 -0.9612 0.0345
vn -0.2623 -0.9649 0.0080
vn -0.2127 -0.9769 0.0179
vn -0.3996 -0.9159 0.0389
vn -0.3360 -0.9418 0.0106
vn -0.2738 -0.9612 0.0345
vn -0.5027 -0.8644 0.0110
vn -0.3996 -0.9159 0.0389
vn -0.5150 -0.8531 0.0831
vn -0.5027 -0.8644 0.0110
vn -0.6893 -0.7230 0.0459
vn -0.5554 -0.8312 0.0235
vn -0.5912 -0.8063 0.0202
vn -0.5554 -0.8312 0.0235
vn -0.6893 -0.7230 0.0459
vn -0.1274 -0.9918 0.0007
vn -0.0097 -0.9999 0.0061
vn -0.1238 -0.9921 0.0205
vn -0.1238 -0.9921 0.0205
vn -0.2738 -0.9612 0.0345
vn -0.2127 -0.9769 0.0179
vn -0.5027 -0.8644 0.0110
vn -0.5150 -0.8531 0.0831
vn -0.6893 -0.7230 0.0459
vn -0.5150 -0.8531 0.0831
vn -0.9359 -0.3220 0.1429
vn -0.6893 -0.7230 0.0459
vn -0.2738 -0.9612 0.0345
vn -0.3962 -0.9136 0.0911
vn -0.3996 -0.9159 0.0389
vn -0.5150 -0.8531 0.0831
vn -0.3996 -0.9159 0.0389
vn -0.3962 -0.9136 0.0911
vn -0.1238 -0.9921 0.0205
vn -0.3962 -0.9136 0.0911
vn -0.2738 -0.9612 0.0345
vn -0.3962 -0.9136 0.0911
vn -0.1238 -0.9921 0.0205
vn -0.2957 -0.9506 0.0948
vn -0.5150 -0.8531 0.0831
vn -0.6026 -0.7907 0.1077
vn -0.9359 -0.3220 0.1429
vn -0.5883 -0.7961 0.1419
vn -0.9359 -0.3220 0.1429
vn -0.6026 -0.7907 0.1077
vn -0.5883 -0.7961 0.1419
vn -0.5150 -0.8531 0.0831
vn -0.3962 -0.9136 0.0911
vn -0.6026 -0.7907 0.1077
vn -0.5150 -0.8531 0.0831
vn -0.5883 -0.7961 0.1419
vn -0.5883 -0.7961 0.1419
vn -0.5279 -0.8438 0.0963
vn -0.5132 -0.8374 0.1881
vn -0.5132 -0.8374 0.1881
vn -0.9608 -0.0030 0.2773
vn -0.5883 -0.7961 0.1419
vn -0.5984 -0.7545 0.2695
vn -0.6046 -0.7484 0.2726
vn -0.8960 -0.2649 0.3563
vn -0.9039 -0.1301 0.4075
vn -0.9114 -0.0007 0.4115
vn -0.9120 -0.0028 0.4101
vn -0.9120 -0.0028 0.4101
vn -0.8972 -0.1773 0.4046
vn -0.9039 -0.1301 0.4075
vn -0.8664 -0.3115 0.3902
vn -0.9039 -0.1301 0.4075
vn -0.8972 -0.1773 0.4046
vn -0.8972 -0.1773 0.4046
vn -0.8484 -0.3652 0.3831
vn -0.8664 -0.3115 0.3902
vn -0.8143 -0.4499 0.3667
vn -0.8664 -0.3115 0.3902
vn -0.8484 -0.3652 0.3831
vn -0.8484 -0.3652 0.3831
vn -0.7870 -0.5042 0.3555
vn -0.8143 -0.4499 0.3667
vn -0.7180 -0.6163 0.3236
vn -0.8143 -0.4499 0.3667
vn -0.7870 -0.5042 0.3555
vn -0.7870 -0.5042 0.3555
vn -0.6877 -0.6563 0.3105
vn -0.7180 -0.6163 0.3236
vn -0.6093 -0.7428 0.2775
vn -0.7180 -0.6163 0.3236
vn -0.6877 -0.6563 0.3105
vn -0.6877 -0.6563 0.3105
vn -0.6046 -0.7484 0.2726
vn -0.6093 -0.7428 0.2775
vn -0.0276 0.9989 -0.0372
vn -0.0199 0.9990 -0.0395
vn -0.0131 0.9996 0.0241
vn -0.0276 0.9989 -0.0372
vn -0.0365 0.9071 -0.4192
vn -0.0199 0.9990 -0.0395
vn -0.0276 0.9989 -0.0372
vn -0.0437 0.7634 -0.6444
vn -0.0365 0.9071 -0.4192
vn -0.0437 0.7634 -0.6444
vn -0.1141 0.4988 -0.8592
vn -0.3795 0.6088 -0.6966
vn -0.3795 0.6088 -0.6966
vn -0.0196 0.6384 -0.7695
vn -0.0437 0.7634 -0.6444
vn -0.2701 0.9628 -0.0024
vn -0.3795 0.6088 -0.6966
vn -0.0276 0.9989 -0.0372
vn -0.3795 0.6088 -0.6966
vn -0.0152 0.8018 -0.5974
vn -0.0196 0.6384 -0.7695
vn -0.3795 0.6088 -0.6966
vn 0.4089 0.6462 -0.6443
vn -0.0152 0.8018 -0.5974
vn -0.0152 0.8018 -0.5974
vn 0.4089 0.6462 -0.6443
vn 0.0018 1.0000 -0.0097
vn -0.0250 0.5091 -0.8603
vn -0.0152 0.8018 -0.5974
vn -0.0223 0.3250 -0.9455
vn -0.0196 0.6384 -0.7695
vn -0.0152 0.8018 -0.5974
vn -0.0250 0.5091 -0.8603
vn -0.0250 0.5091 -0.8603
vn -0.1562 0.5937 -0.7893
vn -0.0196 0.6384 -0.7695
vn -0.0196 0.6384 -0.7695
vn -0.1562 0.5937 -0.7893
vn -0.0938 0.7857 -0.6114
vn -0.0938 0.7857 -0.6114
vn -0.0437 0.7634 -0.6444
vn -0.0196 0.6384 -0.7695
vn -0.0938 0.7857 -0.6114
vn -0.0253 0.8684 -0.4951
vn -0.0437 0.7634 -0.6444
vn -0.0365 0.9071 -0.4192
vn -0.0437 0.7634 -0.6444
vn -0.0253 0.8684 -0.4951
vn -0.0253 0.8684 -0.4951
vn -0.0285 0.9983 -0.0511
vn -0.0365 0.9071 -0.4192
vn -0.0199 0.9990 -0.0395
vn -0.0365 0.9071 -0.4192
vn -0.0285 0.9983 -0.0511
vn -0.0285 0.9983 -0.0511
vn -0.0131 0.9996 0.0241
vn -0.0199 0.9990 -0.0395
vn -0.1260 0.4466 -0.8858
vn -0.1562 0.5937 -0.7893
vn -0.0250 0.5091 -0.8603
vn -0.0938 0.7857 -0.6114
vn -0.0285 0.9983 -0.0511
vn -0.0253 0.8684 -0.4951
vn -0.0570 0.9890 -0.1367
vn -0.0987 0.9728 -0.2093
vn -0.0204 0.9987 -0.0472
vn -0.1608 0.9486 -0.2726
vn -0.0204 0.9987 -0.0472
vn -0.0987 0.9728 -0.2093
vn -0.4440 0.3107 -0.8404
vn -0.1562 0.5937 -0.7893
vn -0.4440 0.3107 -0.8404
vn -0.0570 0.9890 -0.1367
vn -0.0938 0.7857 -0.6114
vn -0.1562 0.5937 -0.7893
vn -0.0938 0.7857 -0.6114
vn -0.0570 0.9890 -0.1367
vn -0.0285 0.9983 -0.0511
vn -0.0570 0.9890 -0.1367
vn -0.0131 0.9996 0.0241
vn -0.0285 0.9983 -0.0511
vn -0.2243 0.9285 -0.2959
vn -0.0987 0.9728 -0.2093
vn -0.3457 0.8318 -0.4344
vn -0.0987 0.9728 -0.2093
vn -0.4291 0.7263 -0.5370
vn -0.3457 0.8318 -0.4344
vn 0.5445 0.5292 -0.6507
vn 0.5445 0.5292 -0.6507
vn 0.5445 0.5292 -0.6507
vn -0.0987 0.9728 -0.2093
vn -0.0968 0.7797 -0.6187
vn -0.3313 0.8446 -0.4205
vn -0.3313 0.8446 -0.4205
vn -0.3167 0.8615 -0.3968
vn -0.3457 0.8318 -0.4344
vn -0.3457 0.8318 -0.4344
vn -0.4291 0.7263 -0.5370
vn -0.3313 0.8446 -0.4205
vn -0.4291 0.7263 -0.5370
vn -0.0987 0.9728 -0.2093
vn -0.3313 0.8446 -0.4205
vn 0.2016 0.9606 -0.1912
vn -0.0204 0.9987 -0.0472
vn -0.1608 0.9486 -0.2726
vn -0.3371 0.8201 -0.4624
vn -0.5232 0.4869 -0.6994
vn -0.1608 0.9486 -0.2726
vn -0.1608 0.9486 -0.2726
vn -0.2243 0.9285 -0.2959
vn -0.3371 0.8201 -0.4624
vn -0.3167 0.8615 -0.3968
vn -0.3371 0.8201 -0.4624
vn -0.2243 0.9285 -0.2959
vn -0.2243 0.9285 -0.2959
vn -0.3457 0.8318 -0.4344
vn -0.3167 0.8615 -0.3968
vn -0.9257 0.1553 0.3449
vn -0.9132 0.0518 0.4041
vn -0.6491 0.6093 0.4555
vn -0.9132 0.0518 0.4041
vn -0.9094 0.0014 0.4159
vn -0.6491 0.6093 0.4555
vn -0.8855 0.2879 0.3647
vn -0.9257 0.1553 0.3449
vn -0.6308 0.7630 0.1410
vn -0.6491 0.6093 0.4555
vn -0.6308 0.7630 0.1410
vn -0.9257 0.1553 0.3449
vn -0.6308 0.7630 0.1410
vn -0.8955 0.3400 0.2873
vn -0.8855 0.2879 0.3647
vn -0.8968 0.3837 0.2203
vn -0.8955 0.3400 0.2873
vn -0.9929 -0.0273 0.1156
vn -0.8707 -0.1239 0.4759
vn -0.6491 0.6093 0.4555
vn -0.9094 0.0014 0.4159
vn -0.9094 0.0014 0.4159
vn -0.9114 -0.0007 0.4115
vn -0.8707 -0.1239 0.4759
vn -0.6491 0.6093 0.4555
vn -0.8707 -0.1239 0.4759
vn -0.7246 -0.3637 0.5853
vn -0.6491 0.6093 0.4555
vn -0.7246 -0.3637 0.5853
vn -0.5521 -0.4737 0.6862
vn -0.6772 0.0009 0.7358
vn -0.6491 0.6093 0.4555
vn -0.5521 -0.4737 0.6862
vn -0.5880 -0.0005 0.8089
vn -0.5521 -0.4737 0.6862
vn -0.3282 0.7434 0.5828
vn -0.3185 -0.6210 0.7161
vn -0.3431 -0.0101 0.9393
vn -0.3282 0.7434 0.5828
vn -0.4401 -0.0029 0.8979
vn -0.3282 0.7434 0.5828
vn -0.3431 -0.0101 0.9393
vn -0.3423 0.0053 0.9396
vn -0.3423 0.0053 0.9396
vn -0.3431 -0.0101 0.9393
vn -0.2523 -0.0177 0.9675
vn -0.3431 -0.0101 0.9393
vn -0.1262 -0.3330 0.9345
vn -0.1262 -0.3330 0.9345
vn -0.1405 0.0208 0.9899
vn -0.1405 0.0208 0.9899
vn -0.1262 -0.3330 0.9345
vn 0.1425 -0.2601 0.9550
vn 0.0437 -0.0213 0.9988
vn 0.0788 -0.0048 0.9969
vn 0.0788 -0.0048 0.9969
vn 0.1425 -0.2601 0.9550
vn 0.1425 -0.2601 0.9550
vn 0.1582 0.0044 0.9874
vn 0.1582 0.0044 0.9874
vn 0.1963 0.0055 0.9805
vn 0.1963 0.0055 0.9805
vn 0.1425 -0.2601 0.9550
vn 0.1425 -0.2601 0.9550
vn 0.2911 -0.0005 0.9567
vn 0.2911 -0.0005 0.9567
vn 0.4120 -0.1562 0.8977
vn 0.3955 -0.6282 0.6700
vn 0.4120 -0.1562 0.8977
vn 0.7015 -0.0468 0.7111
vn 0.4974 -0.5511 0.6700
vn 0.7787 -0.0379 0.6263
vn 0.7655 0.0065 0.6434
vn 0.7787 -0.0379 0.6263
vn 0.7655 0.0065 0.6434
vn 0.7772 0.5836 0.2356
vn 0.9280 -0.0095 0.3724
vn 0.9678 -0.1170 0.2228
vn 0.9085 -0.2411 0.3412
vn 0.9678 -0.1170 0.2228
vn 0.9470 0.0318 0.3196
vn 0.9959 0.0171 0.0889
vn 0.7772 0.5836 0.2356
vn 0.9678 -0.1170 0.2228
vn 0.9417 -0.3327 -0.0502
vn 0.9858 0.1441 -0.0858
vn 0.9959 0.0171 0.0889
vn 0.9544 0.2035 -0.2184
vn 0.9858 0.1441 -0.0858
vn 0.9417 -0.3327 -0.0502
vn 0.9392 0.0060 -0.3433
vn 0.9544 0.2035 -0.2184
vn 0.9190 -0.3177 -0.2336
vn 0.9190 -0.3177 -0.2336
vn 0.8883 -0.2912 -0.3552
vn 0.9392 0.0060 -0.3434
vn 0.8855 -0.0059 -0.4646
vn 0.8908 0.0001 -0.4544
vn 0.8875 0.0229 -0.4603
vn 0.8908 0.0001 -0.4544
vn 0.8890 -0.0063 -0.4578
vn 0.8883 -0.2912 -0.3552
vn 0.8883 -0.2912 -0.3552
vn 0.8912 -0.0025 -0.4536
vn 0.8908 0.0001 -0.4544
vn 0.8657 0.0016 -0.5005
vn 0.8828 0.0462 -0.4674
vn 0.8599 0.0133 -0.5103
vn 0.8766 -0.0034 -0.4811
vn 0.8875 0.0229 -0.4603
vn 0.8828 0.0462 -0.4674
vn 0.7788 0.0878 -0.6211
vn 0.7788 0.0878 -0.6211
vn 0.8075 0.1399 -0.5730
vn 0.8599 0.0133 -0.5103
vn 0.8075 0.1399 -0.5730
vn 0.8525 0.0116 -0.5226
vn 0.8075 0.1399 -0.5730
vn 0.8053 0.4327 -0.4054
vn 0.0827 0.9958 -0.0391
vn -0.0968 0.7797 -0.6187
vn -0.3167 0.8615 -0.3968
vn -0.3313 0.8446 -0.4205
vn -0.3371 0.8201 -0.4624
vn -0.3167 0.8615 -0.3968
vn -0.0968 0.7797 -0.6187
vn -0.0968 0.7797 -0.6187
vn 0.2016 0.9606 -0.1912
vn -0.3371 0.8201 -0.4624
vn -0.0501 0.1801 0.9824
vn -0.0214 0.2308 0.9728
vn -0.0205 0.1807 0.9833
vn -0.0198 0.9860 0.1656
vn -0.0235 0.9700 0.2420
vn -0.0226 0.9756 0.2182
vn -0.0455 0.9826 0.1800
vn -0.0198 0.9860 0.1656
vn -0.0224 0.9640 0.2649
vn -0.0226 0.9756 0.2182
vn -0.0224 0.9640 0.2649
vn -0.0198 0.9860 0.1656
vn -0.0455 0.9826 0.1800
vn -0.0224 0.9640 0.2649
vn -0.1605 0.9708 0.1781
vn -0.0455 0.9826 0.1800
vn -0.1605 0.9708 0.1781
vn -0.0208 0.9908 0.1339
vn -0.0392 0.9891 0.1416
vn -0.0455 0.9826 0.1800
vn -0.0208 0.9908 0.1339
vn -0.0208 0.9908 0.1339
vn -0.0208 0.9909 0.1332
vn -0.0392 0.9891 0.1416
vn -0.0228 0.9929 0.1163
vn -0.0227 0.9961 0.0855
vn -0.0365 0.9948 0.0955
vn -0.0365 0.9948 0.0955
vn -0.0392 0.9891 0.1416
vn -0.0228 0.9929 0.1163
vn -0.0208 0.9909 0.1332
vn -0.0228 0.9929 0.1163
vn -0.0392 0.9891 0.1416
vn -0.0212 0.9900 0.1398
vn -0.3386 0.9346 0.1086
vn -0.0329 0.9982 0.0507
vn -0.0329 0.9982 0.0507
vn -0.0365 0.9948 0.0955
vn -0.0212 0.9900 0.1398
vn -0.0227 0.9961 0.0855
vn -0.0212 0.9900 0.1398
vn -0.0365 0.9948 0.0955
vn -0.0126 0.6406 -0.7678
vn -0.0126 0.6406 -0.7678
vn -0.0197 0.9970 -0.0742
vn -0.0313 0.9994 0.0127
vn -0.0329 0.9982 0.0507
vn -0.0197 0.9970 -0.0742
vn -0.0313 0.9994 0.0127
vn -0.0197 0.9970 -0.0742
vn -0.0229 0.9997 0.0015
vn -0.0229 0.9997 0.0015
vn -0.0212 0.9998 -0.0011
vn -0.0313 0.9994 0.0127
vn 0.0673 0.9811 0.1816
vn -0.0199 0.9696 0.2441
vn -0.0198 0.9860 0.1656
vn -0.0199 0.9696 0.2441
vn -0.0235 0.9700 0.2420
vn -0.0198 0.9860 0.1656
vn -0.0235 0.9700 0.2420
vn -0.0199 0.9696 0.2441
vn -0.0210 0.9647 0.2625
vn -0.0238 0.9646 0.2626
vn -0.0235 0.9700 0.2420
vn -0.0210 0.9647 0.2625
vn -0.0246 0.9488 0.3150
vn -0.0282 0.9509 0.3081
vn -0.0222 0.9422 0.3343
vn -0.0246 0.9488 0.3150
vn -0.0235 0.9536 0.3002
vn -0.0282 0.9509 0.3081
vn -0.0224 0.9558 0.2932
vn -0.0282 0.9509 0.3081
vn -0.0235 0.9536 0.3002
vn -0.0235 0.9536 0.3002
vn -0.0236 0.9603 0.2779
vn -0.0224 0.9558 0.2932
vn -0.0210 0.9647 0.2625
vn -0.0224 0.9558 0.2932
vn -0.0236 0.9603 0.2779
vn -0.0236 0.9603 0.2779
vn -0.0238 0.9646 0.2626
vn -0.0210 0.9647 0.2625
vn -0.0257 0.9362 0.3505
vn -0.0242 0.9412 0.3370
vn -0.0219 0.9358 0.3518
vn -0.0222 0.9422 0.3343
vn -0.0219 0.9358 0.3518
vn -0.0242 0.9412 0.3370
vn -0.0222 0.9422 0.3343
vn -0.0242 0.9412 0.3370
vn -0.0246 0.9488 0.3150
vn -0.0348 0.9149 0.4021
vn -0.0207 0.9179 0.3964
vn -0.0202 0.9058 0.4231
vn -0.0348 0.9149 0.4021
vn -0.0239 0.9209 0.3891
vn -0.0207 0.9179 0.3964
vn -0.0208 0.9238 0.3823
vn -0.0207 0.9179 0.3964
vn -0.0239 0.9209 0.3891
vn -0.0239 0.9209 0.3891
vn -0.0247 0.9296 0.3677
vn -0.0208 0.9238 0.3823
vn -0.0219 0.9358 0.3518
vn -0.0208 0.9238 0.3823
vn -0.0247 0.9296 0.3677
vn -0.0219 0.9358 0.3518
vn -0.0247 0.9296 0.3677
vn -0.0257 0.9362 0.3505
vn -0.0202 0.9058 0.4231
vn -0.0204 0.8993 0.4368
vn -0.0263 0.9040 0.4267
vn -0.0202 0.9058 0.4231
vn -0.0263 0.9040 0.4267
vn -0.0348 0.9149 0.4021
vn -0.0279 0.8956 0.4441
vn -0.0204 0.8993 0.4368
vn -0.0208 0.8858 0.4637
vn -0.0279 0.8956 0.4441
vn -0.0263 0.9040 0.4267
vn -0.0204 0.8993 0.4368
vn -0.0217 0.8766 0.4808
vn -0.0277 0.8680 0.4958
vn -0.0294 0.8773 0.4790
vn -0.0294 0.8773 0.4790
vn -0.0270 0.8843 0.4661
vn -0.0217 0.8766 0.4808
vn -0.0208 0.8858 0.4637
vn -0.0217 0.8766 0.4808
vn -0.0270 0.8843 0.4661
vn -0.0208 0.8858 0.4637
vn -0.0270 0.8843 0.4661
vn -0.0279 0.8956 0.4441
vn -0.0217 0.8766 0.4808
vn -0.0195 0.8595 0.5108
vn -0.0277 0.8680 0.4958
vn -0.0350 0.8577 0.5129
vn -0.0277 0.8680 0.4958
vn -0.0195 0.8595 0.5108
vn -0.0195 0.8595 0.5108
vn -0.0233 0.8524 0.5223
vn -0.0350 0.8577 0.5129
vn -0.0282 0.8465 0.5316
vn -0.0350 0.8577 0.5129
vn -0.0233 0.8524 0.5223
vn -0.0282 0.8465 0.5316
vn -0.0233 0.8524 0.5223
vn -0.0228 0.8364 0.5476
vn -0.0228 0.8364 0.5476
vn -0.0276 0.8336 0.5517
vn -0.0282 0.8465 0.5316
vn -0.0276 0.8336 0.5517
vn -0.0228 0.8364 0.5476
vn -0.0230 0.8283 0.5598
vn -0.0290 0.8238 0.5662
vn -0.0276 0.8336 0.5517
vn -0.0230 0.8283 0.5598
vn -0.0290 0.8238 0.5662
vn -0.0230 0.8283 0.5598
vn -0.0231 0.8102 0.5857
vn -0.0231 0.8102 0.5857
vn -0.0278 0.8083 0.5881
vn -0.0290 0.8238 0.5662
vn -0.0231 0.8102 0.5857
vn -0.0235 0.8018 0.5972
vn -0.0278 0.8083 0.5881
vn -0.0288 0.7980 0.6020
vn -0.0278 0.8083 0.5881
vn -0.0235 0.8018 0.5972
vn -0.0288 0.7980 0.6020
vn -0.0235 0.8018 0.5972
vn -0.0244 0.7818 0.6231
vn -0.0244 0.7818 0.6231
vn -0.0528 0.7913 0.6092
vn -0.0288 0.7980 0.6020
vn -0.0305 0.7736 0.6330
vn -0.0528 0.7913 0.6092
vn -0.0244 0.7818 0.6231
vn -0.0244 0.7818 0.6231
vn -0.0278 0.7676 0.6403
vn -0.0305 0.7736 0.6330
vn -0.0330 0.7600 0.6491
vn -0.0305 0.7736 0.6330
vn -0.0278 0.7676 0.6403
vn -0.0330 0.7600 0.6491
vn -0.0278 0.7676 0.6403
vn -0.0246 0.7488 0.6623
vn -0.0313 0.7445 0.6669
vn -0.0330 0.7600 0.6491
vn -0.0246 0.7488 0.6623
vn -0.0246 0.7488 0.6623
vn -0.0242 0.7383 0.6740
vn -0.0313 0.7445 0.6669
vn -0.0339 0.7304 0.6822
vn -0.0313 0.7445 0.6669
vn -0.0242 0.7383 0.6740
vn -0.0339 0.7304 0.6822
vn -0.0242 0.7383 0.6740
vn -0.0234 0.7170 0.6966
vn -0.0312 0.7142 0.6992
vn -0.0339 0.7304 0.6822
vn -0.0234 0.7170 0.6966
vn -0.0234 0.7170 0.6966
vn -0.0236 0.7039 0.7099
vn -0.0312 0.7142 0.6992
vn -0.0364 0.7032 0.7100
vn -0.0312 0.7142 0.6992
vn -0.0236 0.7039 0.7099
vn -0.0327 0.6681 0.7434
vn -0.0235 0.6734 0.7389
vn -0.0240 0.6498 0.7597
vn -0.0327 0.6681 0.7434
vn -0.0304 0.6842 0.7287
vn -0.0235 0.6734 0.7389
vn -0.0226 0.6825 0.7305
vn -0.0235 0.6734 0.7389
vn -0.0304 0.6842 0.7287
vn -0.0236 0.7039 0.7099
vn -0.0226 0.6825 0.7305
vn -0.0304 0.6842 0.7287
vn -0.0304 0.6842 0.7287
vn -0.0364 0.7032 0.7100
vn -0.0236 0.7039 0.7099
vn -0.0393 0.6351 0.7714
vn -0.0245 0.6384 0.7693
vn -0.0259 0.6144 0.7885
vn -0.0393 0.6351 0.7714
vn -0.0297 0.6468 0.7621
vn -0.0245 0.6384 0.7693
vn -0.0240 0.6498 0.7597
vn -0.0245 0.6384 0.7693
vn -0.0297 0.6468 0.7621
vn -0.0240 0.6498 0.7597
vn -0.0297 0.6468 0.7621
vn -0.0327 0.6681 0.7434
vn -0.0262 0.6478 0.7614
vn -0.0259 0.6144 0.7885
vn -0.0329 0.6004 0.7990
vn -0.0259 0.6144 0.7885
vn -0.0262 0.6478 0.7614
vn -0.0393 0.6351 0.7714
vn -0.0228 0.5578 0.8297
vn -0.0214 0.5321 0.8464
vn -0.0240 0.5412 0.8406
vn -0.0240 0.5412 0.8406
vn -0.0266 0.5631 0.8260
vn -0.0228 0.5578 0.8297
vn -0.0266 0.5631 0.8260
vn -0.0235 0.5707 0.8209
vn -0.0228 0.5578 0.8297
vn -0.0235 0.5707 0.8209
vn -0.0266 0.5631 0.8260
vn -0.0266 0.4882 0.8723
vn -0.0329 0.6004 0.7990
vn -0.0235 0.5707 0.8209
vn -0.0266 0.4882 0.8723
vn -0.0266 0.4882 0.8723
vn -0.2037 0.6506 0.7316
vn -0.0329 0.6004 0.7990
vn -0.0329 0.6004 0.7990
vn -0.2037 0.6506 0.7316
vn -0.0262 0.6478 0.7614
vn 0.1076 0.6078 0.7867
vn -0.0208 0.3753 0.9267
vn -0.0206 0.4717 0.8815
vn -0.0206 0.4717 0.8815
vn -0.0205 0.5627 0.8264
vn 0.1076 0.6078 0.7867
vn -0.0206 0.4717 0.8815
vn -0.1940 0.5342 0.8228
vn -0.0205 0.5627 0.8264
vn -0.0205 0.5627 0.8264
vn -0.1940 0.5342 0.8228
vn -0.0237 0.5008 0.8652
vn -0.0208 0.5184 0.8549
vn -0.0205 0.5627 0.8264
vn -0.0237 0.5008 0.8652
vn -0.0237 0.5008 0.8652
vn -0.0252 0.5239 0.8514
vn -0.0208 0.5184 0.8549
vn -0.0252 0.5239 0.8514
vn -0.0214 0.5321 0.8464
vn -0.0208 0.5184 0.8549
vn -0.0214 0.5321 0.8464
vn -0.0252 0.5239 0.8514
vn -0.0240 0.5412 0.8406
vn -0.0183 0.4387 0.8985
vn -0.0219 0.3979 0.9172
vn -0.0235 0.4302 0.9024
vn -0.0235 0.4302 0.9024
vn -0.0208 0.3753 0.9267
vn -0.0183 0.4387 0.8985
vn -0.0235 0.4302 0.9024
vn -0.0219 0.4411 0.8972
vn -0.0208 0.3753 0.9267
vn -0.0219 0.4411 0.8972
vn -0.0206 0.4717 0.8815
vn -0.0208 0.3753 0.9267
vn -0.0230 0.3959 0.9180
vn -0.0254 0.3625 0.9316
vn -0.0237 0.4154 0.9093
vn -0.0237 0.4154 0.9093
vn -0.0219 0.3979 0.9172
vn -0.0230 0.3959 0.9180
vn -0.0237 0.4154 0.9093
vn -0.0242 0.4003 0.9161
vn -0.0219 0.3979 0.9172
vn -0.0242 0.4003 0.9161
vn -0.0235 0.4302 0.9024
vn -0.0219 0.3979 0.9172
vn -0.0224 0.3476 0.9374
vn -0.0208 0.3165 0.9484
vn -0.0220 0.3235 0.9460
vn -0.0220 0.3235 0.9460
vn -0.0227 0.3368 0.9413
vn -0.0224 0.3476 0.9374
vn -0.0227 0.3368 0.9413
vn -0.0254 0.3625 0.9316
vn -0.0224 0.3476 0.9374
vn -0.0227 0.3368 0.9413
vn -0.1678 0.4116 0.8958
vn -0.0254 0.3625 0.9316
vn -0.1678 0.4116 0.8958
vn -0.0237 0.4154 0.9093
vn -0.0254 0.3625 0.9316
vn 0.1258 0.2795 0.9519
vn -0.0194 0.1848 0.9826
vn -0.0196 0.2521 0.9675
vn -0.0196 0.2521 0.9675
vn -0.0197 0.3194 0.9474
vn 0.1258 0.2795 0.9519
vn -0.0196 0.2521 0.9675
vn -0.0193 0.2600 0.9654
vn -0.0197 0.3194 0.9474
vn -0.0197 0.3194 0.9474
vn -0.0193 0.2600 0.9654
vn -0.0215 0.2824 0.9591
vn -0.0202 0.3032 0.9527
vn -0.0197 0.3194 0.9474
vn -0.0215 0.2824 0.9591
vn -0.0215 0.2824 0.9591
vn -0.0863 0.3161 0.9448
vn -0.0202 0.3032 0.9527
vn -0.0863 0.3161 0.9448
vn -0.0208 0.3165 0.9484
vn -0.0202 0.3032 0.9527
vn -0.0208 0.3165 0.9484
vn -0.0863 0.3161 0.9448
vn -0.0220 0.3235 0.9460
vn -0.0182 0.2162 0.9762
vn -0.0205 0.1807 0.9833
vn -0.0214 0.2308 0.9728
vn -0.0214 0.2308 0.9728
vn -0.0194 0.1848 0.9826
vn -0.0182 0.2162 0.9762
vn -0.0214 0.2308 0.9728
vn -0.0219 0.2206 0.9751
vn -0.0194 0.1848 0.9826
vn -0.0219 0.2206 0.9751
vn -0.0196 0.2521 0.9675
vn -0.0194 0.1848 0.9826
vn -0.0206 0.1177 0.9928
vn -0.0195 0.1232 0.9922
vn -0.0181 0.1293 0.9914
vn -0.0206 0.1177 0.9928
vn -0.0181 0.1293 0.9914
vn -0.0174 0.0987 0.9950
vn -0.0214 0.0837 0.9963
vn -0.0206 0.1177 0.9928
vn -0.0174 0.0987 0.9950
vn -0.0181 0.1293 0.9914
vn -0.0195 0.1232 0.9922
vn -0.0203 0.1447 0.9893
vn -0.0168 0.1677 0.9857
vn -0.0181 0.1293 0.9914
vn -0.0203 0.1447 0.9893
vn -0.0203 0.1447 0.9893
vn -0.0207 0.1473 0.9889
vn -0.0168 0.1677 0.9857
vn -0.0207 0.1473 0.9889
vn -0.0205 0.1807 0.9833
vn -0.0168 0.1677 0.9857
vn -0.0205 0.1807 0.9833
vn -0.0207 0.1473 0.9889
vn -0.0501 0.1801 0.9824
vn -0.0172 -0.0127 0.9998
vn -0.1308 0.1322 0.9826
vn -0.0153 0.0969 0.9952
vn -0.0202 0.9272 0.3741
vn -0.0202 0.9272 0.3741
vn -0.0202 0.9272 0.3741
vn -0.0172 0.0719 0.9973
vn -0.0153 0.0969 0.9952
vn -0.0216 0.1867 0.9822
vn -0.0216 0.1867 0.9822
vn -0.0202 0.0743 0.9970
vn -0.0172 0.0719 0.9973
vn -0.0202 0.0743 0.9970
vn -0.0174 0.0987 0.9950
vn -0.0172 0.0719 0.9973
vn -0.0174 0.0987 0.9950
vn -0.0202 0.0743 0.9970
vn -0.0214 0.0837 0.9963
vn -0.0153 0.0969 0.9952
vn 0.0747 0.0169 0.9971
vn -0.0172 -0.0127 0.9998
vn -0.0172 -0.0127 0.9998
vn 0.0747 0.0169 0.9971
vn -0.0166 -0.0013 0.9999
vn -0.0166 -0.0013 0.9999
vn -0.0176 0.0000 0.9998
vn -0.0172 -0.0127 0.9998
vn 0.0336 -0.0001 0.9994
vn -0.0166 -0.0013 0.9999
vn 0.0747 0.0169 0.9971
vn 0.0673 0.9811 0.1816
vn -0.0210 0.9647 0.2625
vn -0.0199 0.9696 0.2441
vn -0.0224 0.9558 0.2932
vn -0.0210 0.9647 0.2625
vn 0.0673 0.9811 0.1816
vn -0.0282 0.9509 0.3081
vn -0.0224 0.9558 0.2932
vn 0.0673 0.9811 0.1816
vn 0.0673 0.9811 0.1816
vn 0.1021 0.9230 0.3711
vn -0.0282 0.9509 0.3081
vn -0.0222 0.9422 0.3343
vn -0.0282 0.9509 0.3081
vn 0.1021 0.9230 0.3711
vn -0.0219 0.9358 0.3518
vn -0.0222 0.9422 0.3343
vn 0.1021 0.9230 0.3711
vn -0.0208 0.9238 0.3823
vn -0.0219 0.9358 0.3518
vn 0.1021 0.9230 0.3711
vn -0.0207 0.9179 0.3964
vn -0.0208 0.9238 0.3823
vn 0.1021 0.9230 0.3711
vn -0.0202 0.9058 0.4231
vn -0.0207 0.9179 0.3964
vn 0.1021 0.9230 0.3711
vn -0.0204 0.8993 0.4368
vn -0.0202 0.9058 0.4231
vn 0.1021 0.9230 0.3711
vn -0.0208 0.8858 0.4637
vn -0.0204 0.8993 0.4368
vn 0.1021 0.9230 0.3711
vn -0.0217 0.8766 0.4808
vn -0.0208 0.8858 0.4637
vn 0.1021 0.9230 0.3711
vn -0.0195 0.8595 0.5108
vn -0.0217 0.8766 0.4808
vn 0.1021 0.9230 0.3711
vn 0.1021 0.9230 0.3711
vn 0.1083 0.8265 0.5524
vn -0.0195 0.8595 0.5108
vn -0.0233 0.8524 0.5223
vn -0.0195 0.8595 0.5108
vn 0.1083 0.8265 0.5524
vn -0.0228 0.8364 0.5476
vn -0.0233 0.8524 0.5223
vn 0.1083 0.8265 0.5524
vn -0.0230 0.8283 0.5598
vn -0.0228 0.8364 0.5476
vn 0.1083 0.8265 0.5524
vn -0.0231 0.8102 0.5857
vn -0.0230 0.8283 0.5598
vn 0.1083 0.8265 0.5524
vn -0.0235 0.8018 0.5972
vn -0.0231 0.8102 0.5857
vn 0.1083 0.8265 0.5524
vn -0.0244 0.7818 0.6231
vn -0.0235 0.8018 0.5972
vn 0.1083 0.8265 0.5524
vn -0.0278 0.7676 0.6403
vn -0.0244 0.7818 0.6231
vn 0.1083 0.8265 0.5524
vn 0.1083 0.8265 0.5524
vn -0.0015 0.6751 0.7377
vn -0.0278 0.7676 0.6403
vn -0.0246 0.7488 0.6623
vn -0.0278 0.7676 0.6403
vn -0.0015 0.6751 0.7377
vn -0.0242 0.7383 0.6740
vn -0.0246 0.7488 0.6623
vn -0.0015 0.6751 0.7377
vn -0.0234 0.7170 0.6966
vn -0.0242 0.7383 0.6740
vn -0.0015 0.6751 0.7377
vn -0.0236 0.7039 0.7099
vn -0.0234 0.7170 0.6966
vn -0.0015 0.6751 0.7377
vn -0.0226 0.6825 0.7305
vn -0.0236 0.7039 0.7099
vn -0.0015 0.6751 0.7377
vn -0.0235 0.6734 0.7389
vn -0.0226 0.6825 0.7305
vn -0.0015 0.6751 0.7377
vn -0.0240 0.6498 0.7597
vn -0.0235 0.6734 0.7389
vn -0.0015 0.6751 0.7377
vn -0.0245 0.6384 0.7693
vn -0.0240 0.6498 0.7597
vn -0.0015 0.6751 0.7377
vn -0.0259 0.6144 0.7885
vn -0.0245 0.6384 0.7693
vn -0.0015 0.6751 0.7377
vn -0.0329 0.6004 0.7990
vn -0.0259 0.6144 0.7885
vn -0.0015 0.6751 0.7377
vn -0.0015 0.6751 0.7377
vn 0.1076 0.6078 0.7867
vn -0.0329 0.6004 0.7990
vn -0.0235 0.5707 0.8209
vn -0.0329 0.6004 0.7990
vn 0.1076 0.6078 0.7867
vn -0.0228 0.5578 0.8297
vn -0.0235 0.5707 0.8209
vn 0.1076 0.6078 0.7867
vn -0.0214 0.5321 0.8464
vn -0.0228 0.5578 0.8297
vn 0.1076 0.6078 0.7867
vn -0.0208 0.5184 0.8549
vn -0.0214 0.5321 0.8464
vn 0.1076 0.6078 0.7867
vn -0.0205 0.5627 0.8264
vn -0.0208 0.5184 0.8549
vn 0.1076 0.6078 0.7867
vn -0.0183 0.4387 0.8985
vn -0.0208 0.3753 0.9267
vn 0.1076 0.6078 0.7867
vn 0.1076 0.6078 0.7867
vn -0.0219 0.3979 0.9172
vn -0.0183 0.4387 0.8985
vn -0.0254 0.3625 0.9316
vn -0.0230 0.3959 0.9180
vn -0.0219 0.3979 0.9172
vn -0.0254 0.3625 0.9316
vn -0.0219 0.3979 0.9172
vn 0.1258 0.2795 0.9519
vn -0.0224 0.3476 0.9374
vn -0.0254 0.3625 0.9316
vn 0.1258 0.2795 0.9519
vn -0.0208 0.3165 0.9484
vn -0.0224 0.3476 0.9374
vn 0.1258 0.2795 0.9519
vn -0.0202 0.3032 0.9527
vn -0.0208 0.3165 0.9484
vn 0.1258 0.2795 0.9519
vn -0.0197 0.3194 0.9474
vn -0.0202 0.3032 0.9527
vn 0.1258 0.2795 0.9519
vn -0.0182 0.2162 0.9762
vn -0.0194 0.1848 0.9826
vn 0.1258 0.2795 0.9519
vn -0.0205 0.1807 0.9833
vn -0.0182 0.2162 0.9762
vn 0.1258 0.2795 0.9519
vn -0.0168 0.1677 0.9857
vn -0.0205 0.1807 0.9833
vn 0.1258 0.2795 0.9519
vn 0.1258 0.2795 0.9519
vn 0.1447 0.1463 0.9786
vn -0.0168 0.1677 0.9857
vn -0.0181 0.1293 0.9914
vn -0.0168 0.1677 0.9857
vn 0.1447 0.1463 0.9786
vn -0.0174 0.0987 0.9950
vn -0.0181 0.1293 0.9914
vn 0.1447 0.1463 0.9786
vn -0.0172 0.0719 0.9973
vn -0.0174 0.0987 0.9950
vn 0.1447 0.1463 0.9786
vn -0.0153 0.0969 0.9952
vn 0.1447 0.1463 0.9786
vn 0.0747 0.0169 0.9971
vn -0.0153 0.0969 0.9952
vn -0.0172 0.0719 0.9973
vn 0.1447 0.1463 0.9786
vn -1.0000 0.0000 0.0000
vn -1.0000 0.0000 0.0000
vn -1.0000 0.0000 0.0000
vn -1.0000 0.0000 -0.0000
vn -1.0000 0.0000 -0.0000
vn -1.0000 0.0000 -0.0000
vn -1.0000 0.0000 -0.0000
vn -1.0000 0.0000 -0.0000
vn -1.0000 0.0000 -0.0000
vn -1.0000 0.0000 0.0000
vn -1.0000 0.0000 0.0000
vn -1.0000 0.0000 0.0000
vn -1.0000 0.0000 0.0000
vn -1.0000 0.0000 0.0000
vn -1.0000 0.0000 0.0000
vn -1.0000 0.0000 0.0000
vn -1.0000 0.0000 0.0000
vn -1.0000 0.0000 0.0000
vn -0.0212 0.9998 -0.0011
vn -0.0229 0.9997 0.0015
vn -0.0181 0.9998 0.0046
vn -0.0269 0.9996 0.0041
vn -0.0212 0.9998 -0.0011
vn -0.0181 0.9998 0.0046
vn -0.0181 0.9998 0.0046
vn -0.0523 0.9924 0.1115
vn -0.0269 0.9996 0.0041
vn -0.0269 0.9996 0.0041
vn -0.0523 0.9924 0.1115
vn -0.5065 0.8493 0.1490
vn -0.0269 0.9996 0.0041
vn -0.5065 0.8493 0.1490
vn -0.0436 0.9969 -0.0657
vn -0.0436 0.9969 -0.0657
vn -0.0218 0.9998 0.0016
vn -0.0269 0.9996 0.0041
vn -0.0436 0.9969 -0.0657
vn -0.0280 0.9996 0.0042
vn -0.0218 0.9998 0.0016
vn -0.0049 0.9999 0.0158
vn -0.0218 0.9998 0.0016
vn -0.0280 0.9996 0.0042
vn -0.0280 0.9996 0.0042
vn -0.0665 0.9978 0.0041
vn -0.0049 0.9999 0.0158
vn -0.0665 0.9978 0.0041
vn -0.2848 0.9576 0.0428
vn -0.2701 0.9628 -0.0024
vn -0.0049 0.9999 0.0158
vn -0.0276 0.9989 -0.0372
vn -0.0131 0.9996 0.0241
vn -0.0204 0.9987 -0.0472
vn 0.2016 0.9606 -0.1912
vn 0.0771 0.9965 0.0326
vn -0.0049 0.9999 0.0158
vn -0.0665 0.9978 0.0041
vn -0.0276 0.9989 -0.0372
vn -0.2701 0.9628 -0.0024
vn -0.0276 0.9989 -0.0372
vn -0.0665 0.9978 0.0041
vn -0.0570 0.9890 -0.1367
vn -0.0204 0.9987 -0.0472
vn -0.0131 0.9996 0.0241
vn 0.0771 0.9965 0.0326
vn -0.0131 0.9996 0.0241
vn -0.0204 0.9987 -0.0472
vn -0.9942 -0.0562 0.0917
vn -0.9942 -0.0562 0.0917
vn -0.9942 -0.0562 0.0917
vn -0.9580 -0.0845 0.2742
vn -0.9580 -0.0845 0.2742
vn -0.9580 -0.0845 0.2742
vn -0.8961 -0.0283 0.4429
vn -0.8961 -0.0283 0.4429
vn -0.8961 -0.0283 0.4429
vn -0.4346 0.3932 0.8102
vn -0.4346 0.3932 0.8102
vn -0.4346 0.3932 0.8102
vn 0.0673 0.9811 0.1816
vn -0.0198 0.9860 0.1656
vn 0.0062 0.9958 0.0914
vn 0.0062 0.9958 0.0914
vn -0.0131 0.9996 0.0241
vn 0.0673 0.9811 0.1816
vn -0.0131 0.9996 0.0241
vn 0.0771 0.9965 0.0326
vn 0.1106 0.9464 0.3035
vn 0.1106 0.9464 0.3035
vn 0.0673 0.9811 0.1816
vn -0.0131 0.9996 0.0241
vn 0.2038 -0.0019 0.9790
vn 0.1791 0.0005 0.9838
vn 0.0747 0.0169 0.9971
vn 0.0599 0.0004 0.9982
vn 0.0336 -0.0001 0.9994
vn 0.0747 0.0169 0.9971
vn 0.0509 0.0006 0.9987
vn 0.0826 0.0003 0.9966
vn 0.0747 0.0169 0.9971
vn 0.0826 0.0003 0.9966
vn 0.0599 0.0004 0.9982
vn 0.0747 0.0169 0.9971
vn 0.1791 0.0005 0.9838
vn 0.1930 0.0003 0.9812
vn 0.0747 0.0169 0.9971
vn 0.2602 -0.0005 0.9656
vn 0.2475 -0.0006 0.9689
vn 0.3582 0.1533 0.9210
vn 0.3188 0.0008 0.9478
vn 0.3064 0.0001 0.9519
vn 0.3582 0.1533 0.9210
vn 0.3582 0.1533 0.9210
vn 0.3064 0.0001 0.9519
vn 0.2602 -0.0005 0.9656
vn 0.3277 0.0008 0.9448
vn 0.3188 0.0008 0.9478
vn 0.3582 0.1533 0.9210
vn 0.3582 0.1533 0.9210
vn 0.5139 0.0020 0.8579
vn 0.4335 0.0008 0.9011
vn 0.4335 0.0008 0.9011
vn 0.4562 0.0003 0.8899
vn 0.3582 0.1533 0.9210
vn 0.1076 0.6078 0.7867
vn 0.1106 0.9464 0.3035
vn 0.4863 0.4831 0.7281
vn 0.1447 0.1463 0.9786
vn 0.1258 0.2795 0.9519
vn 0.3582 0.1533 0.9210
vn 0.3582 0.1533 0.9210
vn 0.0747 0.0169 0.9971
vn 0.1447 0.1463 0.9786
vn 0.3582 0.1533 0.9210
vn 0.2475 -0.0006 0.9689
vn 0.2038 -0.0019 0.9790
vn 0.0747 0.0169 0.9971
vn 0.3582 0.1533 0.9210
vn 0.2038 -0.0019 0.9790
vn 0.3582 0.1533 0.9210
vn 0.1258 0.2795 0.9519
vn 0.4863 0.4831 0.7281
vn -0.0015 0.6751 0.7377
vn 0.1083 0.8265 0.5524
vn 0.1106 0.9464 0.3035
vn -0.0219 0.3979 0.9172
vn 0.1076 0.6078 0.7867
vn 0.1258 0.2795 0.9519
vn 0.1106 0.9464 0.3035
vn 0.1083 0.8265 0.5524
vn 0.1021 0.9230 0.3711
vn 0.1106 0.9464 0.3035
vn 0.1076 0.6078 0.7867
vn -0.0015 0.6751 0.7377
vn 0.1021 0.9230 0.3711
vn 0.0673 0.9811 0.1816
vn 0.1106 0.9464 0.3035
vn 0.1258 0.2795 0.9519
vn 0.1076 0.6078 0.7867
vn 0.4863 0.4831 0.7281
vn -0.0166 -0.0013 0.9999
vn 0.0336 -0.0001 0.9994
vn 0.0239 -0.0013 0.9997
vn 0.0239 -0.0013 0.9997
vn -0.0173 -0.0000 0.9999
vn -0.0166 -0.0013 0.9999
vn -0.0210 -0.9962 0.0850
vn -0.0201 -0.9949 0.0988
vn -0.0363 -0.9942 0.1008
vn 0.0667 -0.1256 0.9898
vn -0.0185 -0.1923 0.9812
vn -0.0194 -0.1627 0.9865
vn -0.0209 -0.2150 0.9764
vn -0.0217 -0.2224 0.9747
vn -0.0217 -0.1792 0.9836
vn -0.0204 -0.3501 0.9365
vn -0.0216 -0.3319 0.9431
vn -0.0231 -0.3408 0.9399
vn -0.0215 -0.7054 0.7085
vn -0.0163 -0.7219 0.6918
vn -0.0368 -0.7158 0.6973
vn -0.0470 -0.9737 0.2229
vn -0.0204 -0.9638 0.2658
vn -0.0221 -0.9937 0.1100
vn -0.0221 -0.9937 0.1100
vn -0.0204 -0.9638 0.2658
vn 0.0065 -0.9933 0.1154
vn -0.0207 -0.9492 0.3141
vn 0.0065 -0.9933 0.1154
vn -0.0204 -0.9638 0.2658
vn -0.0207 -0.9492 0.3141
vn -0.0204 -0.9638 0.2658
vn -0.0223 -0.9639 0.2654
vn -0.0207 -0.9492 0.3141
vn -0.0223 -0.9639 0.2654
vn -0.0214 -0.9594 0.2811
vn -0.0202 -0.9558 0.2933
vn -0.0207 -0.9492 0.3141
vn -0.0214 -0.9594 0.2811
vn -0.0214 -0.9594 0.2811
vn -0.0218 -0.9538 0.2997
vn -0.0202 -0.9558 0.2933
vn -0.0214 -0.9499 0.3117
vn -0.0202 -0.9558 0.2933
vn -0.0218 -0.9538 0.2997
vn -0.0214 -0.9499 0.3117
vn -0.0218 -0.9538 0.2997
vn -0.0219 -0.9514 0.3071
vn -0.0214 -0.9499 0.3117
vn -0.0219 -0.9514 0.3071
vn -0.0508 -0.9485 0.3126
vn -0.0264 -0.9397 0.3411
vn -0.0214 -0.9499 0.3117
vn -0.0508 -0.9485 0.3126
vn -0.0508 -0.9485 0.3126
vn -0.0223 -0.9387 0.3441
vn -0.0264 -0.9397 0.3411
vn -0.0231 -0.9328 0.3595
vn -0.0264 -0.9397 0.3411
vn -0.0223 -0.9387 0.3441
vn -0.0231 -0.9328 0.3595
vn -0.0223 -0.9387 0.3441
vn -0.0441 -0.9340 0.3544
vn -0.0441 -0.9340 0.3544
vn -0.0304 -0.9245 0.3799
vn -0.0231 -0.9328 0.3595
vn -0.0225 -0.9231 0.3839
vn -0.0231 -0.9328 0.3595
vn -0.0304 -0.9245 0.3799
vn -0.0225 -0.9220 0.3865
vn -0.0225 -0.9231 0.3839
vn -0.0304 -0.9245 0.3799
vn -0.0225 -0.9220 0.3865
vn -0.0304 -0.9245 0.3799
vn -0.0391 -0.9168 0.3973
vn -0.0391 -0.9168 0.3973
vn -0.0303 -0.9067 0.4208
vn -0.0225 -0.9220 0.3865
vn -0.0200 -0.9136 0.4061
vn -0.0225 -0.9220 0.3865
vn -0.0303 -0.9067 0.4208
vn -0.0223 -0.8738 0.4859
vn -0.0200 -0.9136 0.4061
vn -0.0303 -0.9067 0.4208
vn -0.0223 -0.8738 0.4859
vn -0.0303 -0.9067 0.4208
vn -0.0388 -0.8995 0.4351
vn -0.0223 -0.8738 0.4859
vn -0.0388 -0.8995 0.4351
vn -0.0329 -0.8907 0.4534
vn -0.0225 -0.8840 0.4669
vn -0.0223 -0.8738 0.4859
vn -0.0329 -0.8907 0.4534
vn -0.0329 -0.8907 0.4534
vn -0.0323 -0.8809 0.4721
vn -0.0225 -0.8840 0.4669
vn -0.0230 -0.8745 0.4844
vn -0.0225 -0.8840 0.4669
vn -0.0323 -0.8809 0.4721
vn -0.0440 -0.8507 0.5237
vn -0.0248 -0.8363 0.5477
vn -0.0119 -0.8552 0.5182
vn -0.0135 -0.8349 0.5503
vn -0.0119 -0.8552 0.5182
vn -0.0248 -0.8363 0.5477
vn -0.0185 -0.8245 0.5655
vn -0.0135 -0.8349 0.5503
vn -0.0248 -0.8363 0.5477
vn -0.0230 -0.8745 0.4844
vn -0.0323 -0.8809 0.4721
vn -0.0328 -0.8716 0.4891
vn -0.0238 -0.8619 0.5066
vn -0.0230 -0.8745 0.4844
vn -0.0328 -0.8716 0.4891
vn -0.0328 -0.8716 0.4891
vn -0.0310 -0.8592 0.5106
vn -0.0238 -0.8619 0.5066
vn -0.0119 -0.8552 0.5182
vn -0.0238 -0.8619 0.5066
vn -0.0310 -0.8592 0.5106
vn -0.0119 -0.8552 0.5182
vn -0.0310 -0.8592 0.5106
vn -0.0440 -0.8507 0.5237
vn -0.0185 -0.8245 0.5655
vn -0.0248 -0.8363 0.5477
vn -0.0262 -0.8253 0.5641
vn -0.0262 -0.8253 0.5641
vn -0.0258 -0.8368 0.5469
vn -0.0185 -0.8245 0.5655
vn -0.0142 -0.8077 0.5895
vn -0.0185 -0.8245 0.5655
vn -0.0258 -0.8368 0.5469
vn -0.0197 -0.7980 0.6024
vn -0.0142 -0.8077 0.5895
vn -0.0258 -0.8368 0.5469
vn -0.0266 -0.9234 -0.3829
vn -0.0266 -0.9234 -0.3829
vn -0.0266 -0.9234 -0.3829
vn -0.0459 -0.8084 0.5868
vn -0.0251 -0.7628 0.6461
vn -0.0197 -0.7980 0.6024
vn -0.0176 -0.7803 0.6251
vn -0.0197 -0.7980 0.6024
vn -0.0251 -0.7628 0.6461
vn -0.0251 -0.7628 0.6461
vn -0.0252 -0.7772 0.6287
vn -0.0176 -0.7803 0.6251
vn -0.0200 -0.7689 0.6391
vn -0.0176 -0.7803 0.6251
vn -0.0252 -0.7772 0.6287
vn -0.0376 -0.7350 0.6770
vn -0.0368 -0.7158 0.6973
vn -0.0163 -0.7219 0.6918
vn -0.0163 -0.7219 0.6918
vn -0.0223 -0.7376 0.6749
vn -0.0376 -0.7350 0.6770
vn -0.0252 -0.7772 0.6287
vn -0.0528 -0.7785 0.6254
vn -0.0200 -0.7689 0.6391
vn -0.0200 -0.7689 0.6391
vn -0.0528 -0.7785 0.6254
vn -0.0338 -0.7628 0.6458
vn -0.0207 -0.7500 0.6611
vn -0.0200 -0.7689 0.6391
vn -0.0338 -0.7628 0.6458
vn -0.0338 -0.7628 0.6458
vn -0.0348 -0.7465 0.6644
vn -0.0207 -0.7500 0.6611
vn -0.0223 -0.7376 0.6749
vn -0.0207 -0.7500 0.6611
vn -0.0348 -0.7465 0.6644
vn -0.0223 -0.7376 0.6749
vn -0.0348 -0.7465 0.6644
vn -0.0376 -0.7350 0.6770
vn -0.0182 -0.6506 0.7592
vn -0.0193 -0.6715 0.7407
vn -0.0423 -0.6704 0.7408
vn -0.0215 -0.7054 0.7085
vn -0.0368 -0.7158 0.6973
vn -0.0404 -0.7035 0.7096
vn -0.0198 -0.6855 0.7278
vn -0.0215 -0.7054 0.7085
vn -0.0404 -0.7035 0.7096
vn -0.0404 -0.7035 0.7096
vn -0.0389 -0.6846 0.7279
vn -0.0198 -0.6855 0.7278
vn -0.0193 -0.6715 0.7407
vn -0.0198 -0.6855 0.7278
vn -0.0389 -0.6846 0.7279
vn -0.0193 -0.6715 0.7407
vn -0.0389 -0.6846 0.7279
vn -0.0423 -0.6704 0.7408
vn -0.0136 -0.5621 0.8270
vn -0.0196 -0.5975 0.8017
vn -0.0248 -0.5573 0.8299
vn -0.0423 -0.6704 0.7408
vn -0.0398 -0.6508 0.7582
vn -0.0182 -0.6506 0.7592
vn -0.0179 -0.6362 0.7713
vn -0.0182 -0.6506 0.7592
vn -0.0398 -0.6508 0.7582
vn -0.0398 -0.6508 0.7582
vn -0.0531 -0.6360 0.7699
vn -0.0179 -0.6362 0.7713
vn -0.0175 -0.6146 0.7887
vn -0.0179 -0.6362 0.7713
vn -0.0531 -0.6360 0.7699
vn -0.0531 -0.6360 0.7699
vn -0.0251 -0.6252 0.7801
vn -0.0175 -0.6146 0.7887
vn -0.0196 -0.5975 0.8017
vn -0.0175 -0.6146 0.7887
vn -0.0251 -0.6252 0.7801
vn -0.0251 -0.6252 0.7801
vn -0.0844 -0.5996 0.7958
vn -0.0196 -0.5975 0.8017
vn -0.0196 -0.5975 0.8017
vn -0.0844 -0.5996 0.7958
vn -0.0248 -0.5573 0.8299
vn -0.0136 -0.5621 0.8270
vn -0.0248 -0.5573 0.8299
vn -0.0256 -0.5593 0.8285
vn -0.0256 -0.5593 0.8285
vn -0.0244 -0.5600 0.8281
vn -0.0136 -0.5621 0.8270
vn -0.0241 -0.5583 0.8293
vn -0.0136 -0.5621 0.8270
vn -0.0244 -0.5600 0.8281
vn -0.0239 -0.5271 0.8495
vn -0.0241 -0.5583 0.8293
vn -0.0244 -0.5600 0.8281
vn -0.0239 -0.5271 0.8495
vn -0.0244 -0.5600 0.8281
vn -0.1189 -0.5269 0.8415
vn -0.0239 -0.5271 0.8495
vn -0.1189 -0.5269 0.8415
vn -0.0247 -0.4986 0.8665
vn -0.0223 -0.5186 0.8548
vn -0.0239 -0.5271 0.8495
vn -0.0247 -0.4986 0.8665
vn -0.0228 -0.5238 0.8516
vn -0.0223 -0.5186 0.8548
vn -0.0247 -0.4986 0.8665
vn -0.0228 -0.5238 0.8516
vn -0.0247 -0.4986 0.8665
vn -0.0784 -0.4912 0.8675
vn -0.0228 -0.5238 0.8516
vn -0.0784 -0.4912 0.8675
vn -0.0229 -0.4613 0.8870
vn -0.0077 -0.4851 0.8744
vn -0.0228 -0.5238 0.8516
vn -0.0229 -0.4613 0.8870
vn -0.0216 -0.4382 0.8986
vn -0.0077 -0.4851 0.8744
vn -0.0229 -0.4613 0.8870
vn -0.0216 -0.4382 0.8986
vn -0.0229 -0.4613 0.8870
vn -0.0238 -0.4438 0.8958
vn -0.0216 -0.4382 0.8986
vn -0.0238 -0.4438 0.8958
vn -0.0233 -0.4322 0.9015
vn -0.0233 -0.4322 0.9015
vn -0.0239 -0.4049 0.9140
vn -0.0216 -0.4574 0.8890
vn -0.0216 -0.4574 0.8890
vn -0.0209 -0.4363 0.8995
vn -0.0233 -0.4322 0.9015
vn -0.0209 -0.4363 0.8995
vn -0.0216 -0.4382 0.8986
vn -0.0233 -0.4322 0.9015
vn -0.0239 -0.4049 0.9140
vn -0.0219 -0.4107 0.9115
vn -0.0216 -0.4574 0.8890
vn 0.0066 -0.4169 0.9089
vn -0.0216 -0.4574 0.8890
vn -0.0219 -0.4107 0.9115
vn -0.1088 -0.3966 0.9115
vn -0.0231 -0.3408 0.9399
vn -0.0216 -0.3319 0.9431
vn -0.0216 -0.3319 0.9431
vn 0.0066 -0.4169 0.9089
vn -0.0219 -0.4107 0.9115
vn -0.0219 -0.4107 0.9115
vn -0.1088 -0.3966 0.9115
vn -0.0216 -0.3319 0.9431
vn -0.0220 -0.3176 0.9480
vn -0.0204 -0.3501 0.9365
vn -0.0231 -0.3408 0.9399
vn -0.0231 -0.3408 0.9399
vn -0.0937 -0.3231 0.9417
vn -0.0220 -0.3176 0.9480
vn -0.0220 -0.3176 0.9480
vn -0.0937 -0.3231 0.9417
vn -0.0226 -0.2747 0.9613
vn -0.0212 -0.3049 0.9522
vn -0.0220 -0.3176 0.9480
vn -0.0226 -0.2747 0.9613
vn -0.0210 -0.2940 0.9556
vn -0.0212 -0.3049 0.9522
vn -0.0226 -0.2747 0.9613
vn -0.0210 -0.2940 0.9556
vn -0.0226 -0.2747 0.9613
vn -0.0225 -0.2661 0.9637
vn -0.0225 -0.2661 0.9637
vn -0.0222 -0.2737 0.9616
vn -0.0210 -0.2940 0.9556
vn 0.0704 -0.2650 0.9617
vn -0.0210 -0.2940 0.9556
vn -0.0222 -0.2737 0.9616
vn -0.1165 -0.2118 0.9703
vn -0.0217 -0.1792 0.9836
vn -0.0217 -0.2224 0.9747
vn -0.0217 -0.2224 0.9747
vn 0.0704 -0.2650 0.9617
vn -0.0222 -0.2737 0.9616
vn -0.0222 -0.2737 0.9616
vn -0.1165 -0.2118 0.9703
vn -0.0217 -0.2224 0.9747
vn -0.0194 -0.1808 0.9833
vn -0.0209 -0.2150 0.9764
vn -0.0217 -0.1792 0.9836
vn -0.0217 -0.1792 0.9836
vn -0.0239 -0.1792 0.9835
vn -0.0194 -0.1808 0.9833
vn -0.0239 -0.1792 0.9835
vn -0.0209 -0.1618 0.9866
vn -0.0194 -0.1808 0.9833
vn -0.0174 -0.1688 0.9855
vn -0.0194 -0.1808 0.9833
vn -0.0209 -0.1618 0.9866
vn -0.0223 -0.1321 0.9910
vn -0.0194 -0.1627 0.9865
vn -0.0185 -0.1923 0.9812
vn -0.0185 -0.1923 0.9812
vn -0.0174 -0.1688 0.9855
vn -0.0209 -0.1618 0.9866
vn -0.0209 -0.1618 0.9866
vn -0.0223 -0.1321 0.9910
vn -0.0185 -0.1923 0.9812
vn -0.0182 -0.0468 0.9987
vn 0.0667 -0.1256 0.9898
vn -0.0194 -0.1627 0.9865
vn -0.0194 -0.1627 0.9865
vn -0.1438 -0.0953 0.9850
vn -0.0182 -0.0468 0.9987
vn -0.0182 -0.0468 0.9987
vn -0.1438 -0.0953 0.9850
vn -0.0199 -0.0270 0.9994
vn -0.0165 -0.0557 0.9983
vn -0.0182 -0.0468 0.9987
vn -0.0199 -0.0270 0.9994
vn -0.0165 -0.0557 0.9983
vn -0.0199 -0.0270 0.9994
vn -0.0192 -0.0359 0.9992
vn -0.0171 -0.0242 0.9996
vn -0.0165 -0.0557 0.9983
vn -0.0192 -0.0359 0.9992
vn -0.0192 -0.0359 0.9992
vn -0.0194 -0.0183 0.9996
vn -0.0171 -0.0242 0.9996
vn -0.0171 -0.0242 0.9996
vn -0.0194 -0.0183 0.9996
vn -0.0176 -0.0001 0.9998
vn -0.0176 -0.0001 0.9998
vn -0.0173 -0.0000 0.9999
vn -0.0171 -0.0242 0.9996
vn -0.0228 -0.9823 0.1858
vn -0.0208 -0.9864 0.1632
vn -0.0444 -0.9816 0.1856
vn -0.0221 -0.9937 0.1100
vn -0.0444 -0.9816 0.1856
vn -0.0208 -0.9864 0.1632
vn -0.0221 -0.9937 0.1100
vn -0.0208 -0.9864 0.1632
vn -0.0470 -0.9737 0.2229
vn -0.0206 -0.9828 0.1837
vn -0.0228 -0.9823 0.1858
vn -0.0444 -0.9816 0.1856
vn -0.0206 -0.9828 0.1837
vn -0.0444 -0.9816 0.1856
vn -0.0399 -0.9881 0.1487
vn -0.0399 -0.9881 0.1487
vn 0.0043 -0.9907 0.1363
vn -0.0206 -0.9828 0.1837
vn -0.0399 -0.9881 0.1487
vn -0.0363 -0.9942 0.1008
vn -0.0201 -0.9949 0.0988
vn -0.0201 -0.9949 0.0988
vn 0.0043 -0.9907 0.1363
vn -0.0399 -0.9881 0.1487
vn -0.0199 -0.9986 0.0484
vn -0.0193 -0.9970 0.0755
vn -0.0342 -0.9977 0.0588
vn -0.0363 -0.9942 0.1008
vn -0.0342 -0.9977 0.0588
vn -0.0193 -0.9970 0.0755
vn -0.0193 -0.9970 0.0755
vn -0.0210 -0.9962 0.0850
vn -0.0363 -0.9942 0.1008
vn -0.0191 -0.9992 0.0344
vn -0.0199 -0.9986 0.0484
vn -0.0342 -0.9977 0.0588
vn -0.0191 -0.9992 0.0344
vn -0.0342 -0.9977 0.0588
vn -0.0309 -0.9994 0.0144
vn -0.0309 -0.9994 0.0144
vn -0.0207 -0.9998 0.0020
vn -0.0191 -0.9992 0.0344
vn -0.0207 -0.9998 0.0020
vn -0.0309 -0.9994 0.0144
vn -0.0200 -0.9998 0.0000
vn 0.0066 -0.4169 0.9089
vn -0.0204 -0.3501 0.9365
vn -0.0220 -0.3176 0.9480
vn -0.0171 -0.0242 0.9996
vn -0.0173 -0.0000 0.9999
vn 0.0239 -0.0013 0.9997
vn 0.0239 -0.0013 0.9997
vn 0.0667 -0.1256 0.9898
vn -0.0171 -0.0242 0.9996
vn -0.0165 -0.0557 0.9983
vn -0.0171 -0.0242 0.9996
vn 0.0667 -0.1256 0.9898
vn -0.0182 -0.0468 0.9987
vn -0.0165 -0.0557 0.9983
vn 0.0667 -0.1256 0.9898
vn -0.0174 -0.1688 0.9855
vn -0.0185 -0.1923 0.9812
vn 0.0667 -0.1256 0.9898
vn -0.0194 -0.1808 0.9833
vn -0.0174 -0.1688 0.9855
vn 0.0667 -0.1256 0.9898
vn -0.0209 -0.2150 0.9764
vn -0.0194 -0.1808 0.9833
vn 0.0667 -0.1256 0.9898
vn -0.0217 -0.2224 0.9747
vn -0.0209 -0.2150 0.9764
vn 0.0667 -0.1256 0.9898
vn 0.0667 -0.1256 0.9898
vn 0.0704 -0.2650 0.9617
vn -0.0217 -0.2224 0.9747
vn -0.0212 -0.3049 0.9522
vn -0.0210 -0.2940 0.9556
vn 0.0704 -0.2650 0.9617
vn -0.0220 -0.3176 0.9480
vn -0.0212 -0.3049 0.9522
vn 0.0704 -0.2650 0.9617
vn 0.0704 -0.2650 0.9617
vn 0.0066 -0.4169 0.9089
vn -0.0220 -0.3176 0.9480
vn -0.0216 -0.3319 0.9431
vn -0.0204 -0.3501 0.9365
vn 0.0066 -0.4169 0.9089
vn -0.0209 -0.4363 0.8995
vn -0.0216 -0.4574 0.8890
vn 0.0066 -0.4169 0.9089
vn -0.0216 -0.4382 0.8986
vn -0.0209 -0.4363 0.8995
vn 0.0066 -0.4169 0.9089
vn 0.0066 -0.4169 0.9089
vn -0.0077 -0.4851 0.8744
vn -0.0216 -0.4382 0.8986
vn -0.0223 -0.5186 0.8548
vn -0.0228 -0.5238 0.8516
vn -0.0077 -0.4851 0.8744
vn -0.0239 -0.5271 0.8495
vn -0.0223 -0.5186 0.8548
vn -0.0077 -0.4851 0.8744
vn -0.0241 -0.5583 0.8293
vn -0.0239 -0.5271 0.8495
vn -0.0077 -0.4851 0.8744
vn -0.0136 -0.5621 0.8270
vn -0.0241 -0.5583 0.8293
vn -0.0077 -0.4851 0.8744
vn -0.0077 -0.4851 0.8744
vn 0.2891 -0.6124 0.7358
vn -0.0136 -0.5621 0.8270
vn -0.0196 -0.5975 0.8017
vn -0.0136 -0.5621 0.8270
vn 0.2891 -0.6124 0.7358
vn -0.0175 -0.6146 0.7887
vn -0.0196 -0.5975 0.8017
vn 0.2891 -0.6124 0.7358
vn -0.0179 -0.6362 0.7713
vn -0.0175 -0.6146 0.7887
vn 0.2891 -0.6124 0.7358
vn -0.0182 -0.6506 0.7592
vn -0.0179 -0.6362 0.7713
vn 0.2891 -0.6124 0.7358
vn -0.0193 -0.6715 0.7407
vn -0.0182 -0.6506 0.7592
vn 0.2891 -0.6124 0.7358
vn -0.0198 -0.6855 0.7278
vn -0.0193 -0.6715 0.7407
vn 0.2891 -0.6124 0.7358
vn -0.0215 -0.7054 0.7085
vn -0.0198 -0.6855 0.7278
vn 0.2891 -0.6124 0.7358
vn -0.0163 -0.7219 0.6918
vn -0.0215 -0.7054 0.7085
vn 0.2891 -0.6124 0.7358
vn 0.2891 -0.6124 0.7358
vn 0.1723 -0.8555 0.4883
vn -0.0163 -0.7219 0.6918
vn -0.0223 -0.7376 0.6749
vn -0.0163 -0.7219 0.6918
vn 0.1723 -0.8555 0.4883
vn -0.0207 -0.7500 0.6611
vn -0.0223 -0.7376 0.6749
vn 0.1723 -0.8555 0.4883
vn -0.0200 -0.7689 0.6391
vn -0.0207 -0.7500 0.6611
vn 0.1723 -0.8555 0.4883
vn -0.0176 -0.7803 0.6251
vn -0.0200 -0.7689 0.6391
vn 0.1723 -0.8555 0.4883
vn -0.0197 -0.7980 0.6024
vn -0.0176 -0.7803 0.6251
vn 0.1723 -0.8555 0.4883
vn -0.0142 -0.8077 0.5895
vn -0.0197 -0.7980 0.6024
vn 0.1723 -0.8555 0.4883
vn -0.0185 -0.8245 0.5655
vn -0.0142 -0.8077 0.5895
vn 0.1723 -0.8555 0.4883
vn -0.0135 -0.8349 0.5503
vn -0.0185 -0.8245 0.5655
vn 0.1723 -0.8555 0.4883
vn -0.0119 -0.8552 0.5182
vn -0.0135 -0.8349 0.5503
vn 0.1723 -0.8555 0.4883
vn 0.1723 -0.8555 0.4883
vn -0.0200 -0.9136 0.4061
vn -0.0119 -0.8552 0.5182
vn -0.0238 -0.8619 0.5066
vn -0.0119 -0.8552 0.5182
vn -0.0200 -0.9136 0.4061
vn -0.0230 -0.8745 0.4844
vn -0.0238 -0.8619 0.5066
vn -0.0200 -0.9136 0.4061
vn -0.0225 -0.8840 0.4669
vn -0.0230 -0.8745 0.4844
vn -0.0200 -0.9136 0.4061
vn -0.0223 -0.8738 0.4859
vn -0.0225 -0.8840 0.4669
vn -0.0200 -0.9136 0.4061
vn -0.0225 -0.9231 0.3839
vn -0.0225 -0.9220 0.3865
vn -0.0200 -0.9136 0.4061
vn -0.0231 -0.9328 0.3595
vn -0.0225 -0.9231 0.3839
vn -0.0200 -0.9136 0.4061
vn -0.0264 -0.9397 0.3411
vn -0.0231 -0.9328 0.3595
vn -0.0200 -0.9136 0.4061
vn -0.0200 -0.9136 0.4061
vn 0.0065 -0.9933 0.1154
vn -0.0264 -0.9397 0.3411
vn -0.0214 -0.9499 0.3117
vn -0.0264 -0.9397 0.3411
vn 0.0065 -0.9933 0.1154
vn -0.0202 -0.9558 0.2933
vn -0.0214 -0.9499 0.3117
vn 0.0065 -0.9933 0.1154
vn -0.0207 -0.9492 0.3141
vn -0.0202 -0.9558 0.2933
vn 0.0065 -0.9933 0.1154
vn -1.0000 0.0071 0.0016
vn -1.0000 0.0071 0.0016
vn -1.0000 0.0071 0.0016
vn -1.0000 -0.0010 0.0000
vn -1.0000 -0.0010 0.0000
vn -1.0000 -0.0010 0.0000
vn -1.0000 -0.0008 0.0001
vn -1.0000 -0.0008 0.0001
vn -1.0000 -0.0008 0.0001
vn -1.0000 -0.0006 0.0001
vn -1.0000 -0.0006 0.0001
vn -1.0000 -0.0006 0.0001
vn -1.0000 -0.0005 0.0001
vn -1.0000 -0.0005 0.0001
vn -1.0000 -0.0005 0.0001
vn -1.0000 -0.0004 0.0001
vn -1.0000 -0.0004 0.0001
vn -1.0000 -0.0004 0.0001
vn -0.6788 -0.2467 0.6917
vn -0.6788 -0.2467 0.6917
vn -0.6788 -0.2467 0.6917
vn -0.8938 0.0078 0.4483
vn -0.8938 0.0078 0.4483
vn -0.8938 0.0078 0.4483
vn -0.9640 0.0800 0.2536
vn -0.9640 0.0800 0.2536
vn -0.9640 0.0800 0.2536
vn 0.1725 -0.0019 0.9850
vn 0.2026 -0.0084 0.9792
vn 0.3225 -0.3038 0.8965
vn 0.1359 0.9296 0.3427
vn 0.1359 0.9296 0.3427
vn 0.1359 0.9296 0.3427
vn 0.4462 -0.0334 0.8943
vn 0.3794 0.0001 0.9252
vn 0.3871 0.0007 0.9220
vn 0.3075 0.0025 0.9515
vn 0.3248 0.0009 0.9458
vn 0.4462 -0.0334 0.8943
vn 0.4462 -0.0334 0.8943
vn 0.3248 0.0009 0.9458
vn 0.3362 0.0002 0.9418
vn 0.0370 0.9979 -0.0540
vn 0.0370 0.9979 -0.0540
vn 0.0370 0.9979 -0.0540
vn 0.0993 -0.0135 0.9950
vn 0.1039 -0.0004 0.9946
vn 0.3225 -0.3038 0.8965
vn 0.1039 -0.0004 0.9946
vn 0.1368 -0.0011 0.9906
vn 0.3225 -0.3038 0.8965
vn 0.0239 -0.0013 0.9997
vn 0.0528 -0.0012 0.9986
vn 0.0667 -0.1256 0.9898
vn 0.0528 -0.0012 0.9986
vn 0.0993 -0.0135 0.9950
vn 0.0667 -0.1256 0.9898
vn 0.2808 -0.0236 0.9595
vn 0.3225 -0.3038 0.8965
vn 0.2026 -0.0084 0.9792
vn 0.3225 -0.3038 0.8965
vn 0.1368 -0.0011 0.9906
vn 0.1725 -0.0019 0.9850
vn 0.0066 -0.4169 0.9089
vn 0.2891 -0.6124 0.7358
vn -0.0077 -0.4851 0.8744
vn 0.3225 -0.3038 0.8965
vn 0.0667 -0.1256 0.9898
vn 0.0993 -0.0135 0.9950
vn 0.0667 -0.1256 0.9898
vn 0.3225 -0.3038 0.8965
vn 0.0704 -0.2650 0.9617
vn 0.0065 -0.9933 0.1154
vn -0.0200 -0.9136 0.4061
vn 0.1723 -0.8555 0.4883
vn 0.0066 -0.4169 0.9089
vn 0.0704 -0.2650 0.9617
vn 0.3225 -0.3038 0.8965
vn 0.2891 -0.6124 0.7358
vn 0.3225 -0.3038 0.8965
vn 0.5257 -0.4572 0.7174
vn 0.1723 -0.8555 0.4883
vn 0.1431 -0.9757 0.1662
vn 0.0065 -0.9933 0.1154
vn 0.4462 -0.0334 0.8943
vn 0.3362 0.0002 0.9418
vn 0.3794 0.0001 0.9252
vn 0.0260 -0.9971 -0.0718
vn 0.0065 -0.9933 0.1154
vn 0.1431 -0.9757 0.1662
vn 0.3225 -0.3038 0.8965
vn 0.2808 -0.0236 0.9595
vn 0.4462 -0.0334 0.8943
vn 0.4462 -0.0334 0.8943
vn 0.2808 -0.0236 0.9595
vn 0.3075 0.0025 0.9515
vn 0.0192 0.9935 -0.1120
vn 0.0192 0.9935 -0.1120
vn 0.0192 0.9935 -0.1120
vn 0.3225 -0.3038 0.8965
vn 0.2891 -0.6124 0.7358
vn 0.0066 -0.4169 0.9089
vn 0.2026 -0.0084 0.9792
vn 0.1725 -0.0019 0.9850
vn 0.2038 -0.0019 0.9790
vn 0.4562 0.0003 0.8899
vn 0.4335 0.0008 0.9011
vn 0.4329 0.0001 0.9015
vn 0.4329 0.0001 0.9015
vn 0.4335 0.0008 0.9011
vn 0.4589 0.0000 0.8885
vn 0.4589 0.0000 0.8885
vn 0.4658 0.0004 0.8849
vn 0.4329 0.0001 0.9015
vn 0.4836 0.0000 0.8753
vn 0.4658 0.0004 0.8849
vn 0.4589 0.0000 0.8885
vn 0.4589 0.0000 0.8885
vn 0.4741 0.0002 0.8805
vn 0.4836 0.0000 0.8753
vn 0.4741 0.0002 0.8805
vn 0.5178 -0.0005 0.8555
vn 0.4836 0.0000 0.8753
vn 0.5178 -0.0005 0.8555
vn 0.4741 0.0002 0.8805
vn 0.5139 0.0020 0.8579
vn 0.5139 0.0020 0.8579
vn 0.5492 0.0020 0.8357
vn 0.5178 -0.0005 0.8555
vn 0.6058 0.0002 0.7956
vn 0.7489 -0.0011 0.6627
vn 0.6075 -0.1906 0.7711
vn 0.6075 -0.1906 0.7711
vn 0.5012 -0.0019 0.8653
vn 0.6058 0.0002 0.7956
vn 0.5943 0.0036 0.8042
vn 0.6058 0.0002 0.7956
vn 0.5012 -0.0019 0.8653
vn 0.5012 -0.0019 0.8653
vn 0.5492 0.0020 0.8357
vn 0.5943 0.0036 0.8042
vn 0.5492 0.0020 0.8357
vn 0.5012 -0.0019 0.8653
vn 0.5434 -0.0024 0.8395
vn 0.5434 -0.0024 0.8395
vn 0.5178 -0.0005 0.8555
vn 0.5492 0.0020 0.8357
vn 0.6058 0.0002 0.7956
vn 0.6293 0.0036 0.7772
vn 0.7489 -0.0011 0.6627
vn 0.6293 0.0036 0.7772
vn 0.6400 -0.0002 0.7684
vn 0.7489 -0.0011 0.6627
vn 0.3871 0.0007 0.9220
vn 0.3794 0.0001 0.9252
vn 0.3277 0.0008 0.9448
vn 0.3277 0.0008 0.9448
vn 0.3582 0.1533 0.9210
vn 0.3871 0.0007 0.9220
vn 0.4329 0.0001 0.9015
vn 0.4462 -0.0334 0.8943
vn 0.4562 0.0003 0.8899
vn 0.4462 -0.0334 0.8943
vn 0.3871 0.0007 0.9220
vn 0.4562 0.0003 0.8899
vn 0.3582 0.1533 0.9210
vn 0.4562 0.0003 0.8899
vn 0.3871 0.0007 0.9220
vn 0.3362 0.0002 0.9418
vn 0.3248 0.0009 0.9458
vn 0.3064 0.0001 0.9519
vn 0.3064 0.0001 0.9519
vn 0.3188 0.0008 0.9478
vn 0.3362 0.0002 0.9418
vn 0.3794 0.0001 0.9252
vn 0.3362 0.0002 0.9418
vn 0.3277 0.0008 0.9448
vn 0.3188 0.0008 0.9478
vn 0.3277 0.0008 0.9448
vn 0.3362 0.0002 0.9418
vn 0.2675 0.0000 0.9635
vn 0.2808 -0.0236 0.9595
vn 0.2475 -0.0006 0.9689
vn 0.2475 -0.0006 0.9689
vn 0.2808 -0.0236 0.9595
vn 0.2499 0.0000 0.9683
vn 0.3064 0.0001 0.9519
vn 0.3248 0.0009 0.9458
vn 0.3075 0.0025 0.9515
vn 0.3075 0.0025 0.9515
vn 0.2675 0.0000 0.9635
vn 0.3064 0.0001 0.9519
vn 0.2602 -0.0005 0.9656
vn 0.3064 0.0001 0.9519
vn 0.2675 0.0000 0.9635
vn 0.2475 -0.0006 0.9689
vn 0.2602 -0.0005 0.9656
vn 0.2675 0.0000 0.9635
vn 0.1791 0.0005 0.9838
vn 0.2038 -0.0019 0.9790
vn 0.1725 -0.0019 0.9850
vn 0.2499 0.0000 0.9683
vn 0.2180 0.0002 0.9760
vn 0.2475 -0.0006 0.9689
vn 0.2038 -0.0019 0.9790
vn 0.2475 -0.0006 0.9689
vn 0.2180 0.0002 0.9760
vn 0.2180 0.0002 0.9760
vn 0.2026 -0.0084 0.9792
vn 0.2038 -0.0019 0.9790
vn 0.1368 -0.0011 0.9906
vn 0.0509 0.0006 0.9987
vn 0.0747 0.0169 0.9971
vn 0.0747 0.0169 0.9971
vn 0.1930 0.0003 0.9812
vn 0.1368 -0.0011 0.9906
vn 0.1725 -0.0019 0.9850
vn 0.1368 -0.0011 0.9906
vn 0.1930 0.0003 0.9812
vn 0.1930 0.0003 0.9812
vn 0.1791 0.0005 0.9838
vn 0.1725 -0.0019 0.9850
vn 0.0599 0.0004 0.9982
vn 0.0826 0.0003 0.9966
vn 0.0528 -0.0012 0.9986
vn 0.0993 -0.0135 0.9950
vn 0.0528 -0.0012 0.9986
vn 0.0826 0.0003 0.9966
vn 0.1368 -0.0011 0.9906
vn 0.1039 -0.0004 0.9946
vn 0.0509 0.0006 0.9987
vn 0.0826 0.0003 0.9966
vn 0.0509 0.0006 0.9987
vn 0.1039 -0.0004 0.9946
vn 0.1039 -0.0004 0.9946
vn 0.0993 -0.0135 0.9950
vn 0.0826 0.0003 0.9966
vn 0.0336 -0.0001 0.9994
vn 0.0599 0.0004 0.9982
vn 0.0528 -0.0012 0.9986
vn 0.0528 -0.0012 0.9986
vn 0.0239 -0.0013 0.9997
vn 0.0336 -0.0001 0.9994
vn -0.0698 -0.9954 0.0655
vn -0.0221 -0.9937 0.1100
vn 0.0065 -0.9933 0.1154
vn 0.0065 -0.9933 0.1154
vn -0.0152 -0.9999 -0.0014
vn -0.0698 -0.9954 0.0655
vn 0.0260 -0.9971 -0.0718
vn -0.0152 -0.9999 -0.0014
vn 0.0065 -0.9933 0.1154
vn 0.1431 -0.9757 0.1662
vn 0.2429 -0.9681 -0.0623
vn 0.0260 -0.9971 -0.0718
vn 0.2429 -0.9681 -0.0623
vn 0.1963 -0.9775 -0.0772
vn 0.0260 -0.9971 -0.0718
vn 0.4257 -0.8404 -0.3355
vn 0.0260 -0.9971 -0.0718
vn 0.1963 -0.9775 -0.0772
vn 0.7859 -0.5170 -0.3393
vn 0.8859 -0.0027 -0.4639
vn 0.8841 -0.0861 -0.4593
vn 0.8841 -0.0861 -0.4593
vn 0.8862 -0.0753 -0.4572
vn 0.7859 -0.5170 -0.3393
vn 0.8862 -0.0753 -0.4572
vn 0.8809 -0.1282 -0.4557
vn 0.7859 -0.5170 -0.3393
vn 0.8809 -0.1282 -0.4557
vn 0.8770 -0.1736 -0.4480
vn 0.7859 -0.5170 -0.3393
vn 0.8770 -0.1736 -0.4480
vn 0.8714 -0.2131 -0.4418
vn 0.7859 -0.5170 -0.3393
vn 0.8714 -0.2131 -0.4418
vn 0.8616 -0.2628 -0.4343
vn 0.7859 -0.5170 -0.3393
vn 0.8616 -0.2628 -0.4343
vn 0.8543 -0.3124 -0.4154
vn 0.7859 -0.5170 -0.3393
vn 0.8159 -0.4122 -0.4054
vn 0.7859 -0.5170 -0.3393
vn 0.8543 -0.3124 -0.4154
vn 0.8543 -0.3124 -0.4154
vn 0.8343 -0.3529 -0.4237
vn 0.8159 -0.4122 -0.4054
vn 0.9447 0.0036 -0.3279
vn 0.7859 -0.5170 -0.3393
vn 0.9288 -0.2766 -0.2466
vn 0.7859 -0.5170 -0.3393
vn 0.8159 -0.4122 -0.4054
vn 0.8810 -0.1922 -0.4323
vn 0.8810 -0.1922 -0.4323
vn 0.7446 -0.3626 -0.5604
vn 0.7859 -0.5170 -0.3393
vn 0.7446 -0.3626 -0.5604
vn 0.4257 -0.8404 -0.3355
vn 0.7859 -0.5170 -0.3393
vn 0.9288 -0.2766 -0.2466
vn 0.7859 -0.5170 -0.3393
vn 0.2429 -0.9681 -0.0623
vn 0.1963 -0.9775 -0.0772
vn 0.7859 -0.5170 -0.3393
vn 0.4257 -0.8404 -0.3355
vn 0.7859 -0.5170 -0.3393
vn 0.1963 -0.9775 -0.0772
vn 0.2429 -0.9681 -0.0623
vn 0.9998 -0.0213 0.0018
vn 0.9591 0.2814 -0.0314
vn 0.9591 0.2649 -0.1001
vn 0.9907 -0.0194 -0.1347
vn 0.9998 -0.0213 0.0018
vn 0.9591 0.2649 -0.1001
vn 0.9907 -0.0194 -0.1347
vn 0.9591 0.2649 -0.1001
vn 0.9675 0.1374 -0.2123
vn 0.9675 0.1374 -0.2123
vn 0.9288 -0.2766 -0.2466
vn 0.9907 -0.0194 -0.1347
vn 0.9675 0.1374 -0.2123
vn 0.7839 0.5523 -0.2838
vn 0.9288 -0.2766 -0.2466
vn 0.7839 0.5523 -0.2838
vn 0.9447 0.0036 -0.3279
vn 0.9288 -0.2766 -0.2466
vn 0.8859 -0.0027 -0.4639
vn 0.7859 -0.5170 -0.3393
vn 0.8897 0.1199 -0.4406
vn 0.7839 0.5523 -0.2838
vn 0.8897 0.1199 -0.4406
vn 0.7859 -0.5170 -0.3393
vn 0.7859 -0.5170 -0.3393
vn 0.9447 0.0036 -0.3279
vn 0.7839 0.5523 -0.2838
vn 0.8897 0.1199 -0.4406
vn 0.8904 0.0047 -0.4552
vn 0.8859 -0.0027 -0.4639
vn 0.2429 -0.9681 -0.0623
vn 0.5402 -0.8366 0.0912
vn 0.9288 -0.2766 -0.2466
vn 0.6408 -0.0376 0.7668
vn 0.6075 -0.1906 0.7711
vn 0.7489 -0.0011 0.6627
vn 0.7489 -0.0011 0.6627
vn 0.6400 -0.0002 0.7684
vn 0.6408 -0.0376 0.7668
vn 0.1431 -0.9757 0.1662
vn 0.5402 -0.8366 0.0912
vn 0.2429 -0.9681 -0.0623
vn 0.4836 0.0000 0.8753
vn 0.5178 -0.0005 0.8555
vn 0.6075 -0.1906 0.7711
vn 0.1723 -0.8555 0.4883
vn 0.2891 -0.6124 0.7358
vn 0.4479 -0.7124 0.5402
vn 0.5257 -0.4572 0.7174
vn 0.4479 -0.7124 0.5402
vn 0.2891 -0.6124 0.7358
vn 0.4462 -0.0334 0.8943
vn 0.6075 -0.1906 0.7711
vn 0.3225 -0.3038 0.8965
vn 0.4479 -0.7124 0.5402
vn 0.1431 -0.9757 0.1662
vn 0.1723 -0.8555 0.4883
vn 0.5257 -0.4572 0.7174
vn 0.3225 -0.3038 0.8965
vn 0.6075 -0.1906 0.7711
vn 0.6075 -0.1906 0.7711
vn 0.4462 -0.0334 0.8943
vn 0.4836 0.0000 0.8753
vn 0.4462 -0.0334 0.8943
vn 0.4658 0.0004 0.8849
vn 0.4836 0.0000 0.8753
vn 0.4329 0.0001 0.9015
vn 0.4658 0.0004 0.8849
vn 0.4462 -0.0334 0.8943
vn 0.5434 -0.0024 0.8395
vn 0.5012 -0.0019 0.8653
vn 0.6075 -0.1906 0.7711
vn 0.6075 -0.1906 0.7711
vn 0.5178 -0.0005 0.8555
vn 0.5434 -0.0024 0.8395
vn 0.2458 -0.9204 0.3041
vn 0.1431 -0.9757 0.1662
vn 0.7899 -0.4864 0.3735
vn 0.7899 -0.4864 0.3735
vn 0.5402 -0.8366 0.0912
vn 0.2458 -0.9204 0.3041
vn 0.9093 -0.4158 0.0146
vn 0.9288 -0.2766 -0.2466
vn 0.5402 -0.8366 0.0912
vn 0.9093 -0.4158 0.0146
vn 0.9745 -0.1212 -0.1887
vn 0.9288 -0.2766 -0.2466
vn 0.9907 -0.0194 -0.1347
vn 0.9288 -0.2766 -0.2466
vn 0.9745 -0.1212 -0.1887
vn 0.9907 -0.0194 -0.1347
vn 0.9745 -0.1212 -0.1887
vn 0.9093 -0.4158 0.0146
vn 0.7899 -0.4864 0.3735
vn 0.9093 -0.4158 0.0146
vn 0.5402 -0.8366 0.0912
vn 0.9907 -0.0194 -0.1347
vn 0.9093 -0.4158 0.0146
vn 0.9998 -0.0213 0.0018
vn 0.9093 -0.4158 0.0146
vn 0.7899 -0.4864 0.3735
vn 0.9998 -0.0213 0.0018
vn 0.6408 -0.0376 0.7668
vn 0.6400 -0.0002 0.7684
vn 0.6402 0.0017 0.7682
vn 0.6402 0.0017 0.7682
vn 0.6518 -0.0234 0.7581
vn 0.6408 -0.0376 0.7668
vn 0.1431 -0.9757 0.1662
vn 0.2458 -0.9204 0.3041
vn 0.5402 -0.8366 0.0912
vn 0.1431 -0.9757 0.1662
vn 0.4479 -0.7124 0.5402
vn 0.7899 -0.4864 0.3735
vn 0.4479 -0.7124 0.5402
vn 0.5257 -0.4572 0.7174
vn 0.6267 -0.5123 0.5872
vn 0.6202 -0.3483 0.7029
vn 0.6267 -0.5123 0.5872
vn 0.5257 -0.4572 0.7174
vn 0.5257 -0.4572 0.7174
vn 0.6075 -0.1906 0.7711
vn 0.6202 -0.3483 0.7029
vn 0.5909 -0.2734 0.7590
vn 0.6202 -0.3483 0.7029
vn 0.6075 -0.1906 0.7711
vn 0.6075 -0.1906 0.7711
vn 0.7720 -0.1722 0.6118
vn 0.5909 -0.2734 0.7590
vn 0.6075 -0.1906 0.7711
vn 0.6408 -0.0376 0.7668
vn 0.6518 -0.0234 0.7581
vn 0.6518 -0.0234 0.7581
vn 0.7720 -0.1722 0.6118
vn 0.6075 -0.1906 0.7711
vn 0.7720 -0.1722 0.6118
vn 0.7899 -0.4864 0.3735
vn 0.5909 -0.2734 0.7590
vn 0.6202 -0.3483 0.7029
vn 0.5909 -0.2734 0.7590
vn 0.7899 -0.4864 0.3735
vn 0.6267 -0.5123 0.5872
vn 0.6202 -0.3483 0.7029
vn 0.7899 -0.4864 0.3735
vn 0.9998 -0.0213 0.0018
vn 0.7899 -0.4864 0.3735
vn 0.9994 -0.0283 0.0216
vn 0.7899 -0.4864 0.3735
vn 0.9948 -0.0291 0.0977
vn 0.9994 -0.0283 0.0216
vn 0.4479 -0.7124 0.5402
vn 0.6267 -0.5123 0.5872
vn 0.7899 -0.4864 0.3735
vn 0.7899 -0.4864 0.3735
vn 0.7720 -0.1722 0.6118
vn 0.9948 -0.0291 0.0977
vn 0.8841 -0.0861 -0.4593
vn 0.8859 -0.0027 -0.4639
vn 0.8909 -0.0016 -0.4542
vn 0.8909 -0.0016 -0.4542
vn 0.8900 -0.0418 -0.4541
vn 0.8841 -0.0861 -0.4593
vn 0.8900 -0.0418 -0.4541
vn 0.8862 -0.0753 -0.4572
vn 0.8841 -0.0861 -0.4593
vn 0.8862 -0.0753 -0.4572
vn 0.8900 -0.0418 -0.4541
vn 0.8902 -0.0323 -0.4545
vn 0.8159 -0.4122 -0.4054
vn 0.8207 -0.1729 -0.5446
vn 0.7663 -0.5106 -0.3898
vn 0.7446 -0.3626 -0.5604
vn 0.8810 -0.1922 -0.4323
vn 0.7663 -0.5106 -0.3898
vn 0.8810 -0.1922 -0.4323
vn 0.8159 -0.4122 -0.4054
vn 0.7663 -0.5106 -0.3898
vn 0.8343 -0.3529 -0.4237
vn 0.8410 -0.1466 -0.5208
vn 0.8370 -0.3430 -0.4263
vn 0.8370 -0.3430 -0.4263
vn 0.8207 -0.1729 -0.5446
vn 0.8159 -0.4122 -0.4054
vn 0.8159 -0.4122 -0.4054
vn 0.8343 -0.3529 -0.4237
vn 0.8370 -0.3430 -0.4263
vn 0.8616 -0.2628 -0.4343
vn 0.8584 -0.1442 -0.4923
vn 0.8577 -0.2718 -0.4363
vn 0.8577 -0.2718 -0.4363
vn 0.8410 -0.1466 -0.5208
vn 0.8343 -0.3529 -0.4237
vn 0.8343 -0.3529 -0.4237
vn 0.8543 -0.3124 -0.4154
vn 0.8577 -0.2718 -0.4363
vn 0.8543 -0.3124 -0.4154
vn 0.8616 -0.2628 -0.4343
vn 0.8577 -0.2718 -0.4363
vn 0.8714 -0.0944 -0.4814
vn 0.8664 -0.2346 -0.4407
vn 0.8770 -0.1736 -0.4480
vn 0.8664 -0.2346 -0.4407
vn 0.8584 -0.1442 -0.4923
vn 0.8616 -0.2628 -0.4343
vn 0.8616 -0.2628 -0.4343
vn 0.8714 -0.2131 -0.4418
vn 0.8664 -0.2346 -0.4407
vn 0.8714 -0.2131 -0.4418
vn 0.8770 -0.1736 -0.4480
vn 0.8664 -0.2346 -0.4407
vn 0.8902 -0.0323 -0.4545
vn 0.8680 -0.0323 -0.4955
vn 0.8862 -0.0753 -0.4572
vn 0.8680 -0.0323 -0.4955
vn 0.8841 -0.1246 -0.4505
vn 0.8862 -0.0753 -0.4572
vn 0.8841 -0.1246 -0.4505
vn 0.8714 -0.0944 -0.4814
vn 0.8770 -0.1736 -0.4480
vn 0.8770 -0.1736 -0.4480
vn 0.8809 -0.1282 -0.4557
vn 0.8841 -0.1246 -0.4505
vn 0.8809 -0.1282 -0.4557
vn 0.8862 -0.0753 -0.4572
vn 0.8841 -0.1246 -0.4505
vn 0.8680 -0.0323 -0.4955
vn 0.8714 -0.0944 -0.4814
vn 0.8841 -0.1246 -0.4505
vn 0.8714 -0.0944 -0.4814
vn 0.8584 -0.1442 -0.4923
vn 0.8664 -0.2346 -0.4407
vn 0.8207 -0.1729 -0.5446
vn 0.8370 -0.3430 -0.4263
vn 0.8410 -0.1466 -0.5208
vn 0.7663 -0.5106 -0.3898
vn 0.8207 -0.1729 -0.5446
vn 0.7446 -0.3626 -0.5604
vn 0.3747 -0.7865 -0.4910
vn 0.4257 -0.8404 -0.3355
vn 0.7446 -0.3626 -0.5604
vn 0.8410 -0.1466 -0.5208
vn 0.8577 -0.2718 -0.4363
vn 0.8584 -0.1442 -0.4923
vn 0.3747 -0.7865 -0.4910
vn 0.3548 -0.2506 -0.9007
vn 0.4257 -0.8404 -0.3355
vn 0.8902 -0.0323 -0.4545
vn 0.8909 -0.0016 -0.4542
vn 0.8680 -0.0323 -0.4955
vn -0.0838 -0.9001 0.4276
vn -0.0838 -0.9001 0.4276
vn -0.0838 -0.9001 0.4276
vn 0.3689 -0.1101 -0.9229
vn 0.3689 -0.1101 -0.9229
vn 0.3548 -0.2506 -0.9007
vn -0.1028 -0.0451 -0.9937
vn -0.0519 -0.6961 -0.7161
vn -0.1641 -0.5006 -0.8500
vn 0.7177 -0.0024 0.6963
vn 0.7396 -0.0022 0.6731
vn 0.7720 -0.1722 0.6118
vn 0.7720 -0.1722 0.6118
vn 0.6518 -0.0234 0.7581
vn 0.6832 -0.0013 0.7303
vn 0.6832 -0.0013 0.7303
vn 0.7177 -0.0024 0.6963
vn 0.7720 -0.1722 0.6118
vn 0.7396 -0.0022 0.6731
vn 0.7654 -0.0016 0.6436
vn 0.7720 -0.1722 0.6118
vn 0.7654 -0.0016 0.6436
vn 0.7878 -0.0025 0.6159
vn 0.7720 -0.1722 0.6118
vn 0.8447 0.0038 0.5352
vn 0.8578 0.0018 0.5139
vn 0.9948 -0.0291 0.0977
vn 0.9948 -0.0291 0.0977
vn 0.7720 -0.1722 0.6118
vn 0.8447 0.0038 0.5352
vn 0.8215 -0.0015 0.5703
vn 0.8447 0.0038 0.5352
vn 0.7720 -0.1722 0.6118
vn 0.8049 -0.0012 0.5934
vn 0.8215 -0.0015 0.5703
vn 0.7720 -0.1722 0.6118
vn 0.7878 -0.0025 0.6159
vn 0.8049 -0.0012 0.5934
vn 0.7720 -0.1722 0.6118
vn 0.8578 0.0018 0.5139
vn 0.8733 0.0002 0.4871
vn 0.9948 -0.0291 0.0977
vn 0.8733 0.0002 0.4871
vn 0.8905 -0.0009 0.4550
vn 0.9948 -0.0291 0.0977
vn 0.8905 -0.0009 0.4550
vn 0.9055 -0.0038 0.4243
vn 0.9948 -0.0291 0.0977
vn 0.9275 -0.0038 0.3738
vn 0.9948 -0.0291 0.0977
vn 0.9055 -0.0038 0.4243
vn 0.9398 -0.0033 0.3417
vn 0.9948 -0.0291 0.0977
vn 0.9275 -0.0038 0.3738
vn 0.9055 -0.0038 0.4243
vn 0.9097 0.0009 0.4153
vn 0.9275 -0.0038 0.3738
vn 0.9398 -0.0033 0.3417
vn 0.9519 -0.0052 0.3063
vn 0.9948 -0.0291 0.0977
vn 0.9519 -0.0052 0.3063
vn 0.9573 -0.0024 0.2891
vn 0.9948 -0.0291 0.0977
vn 0.9832 -0.0024 0.1823
vn 0.9890 -0.0038 0.1480
vn 0.9948 -0.0291 0.0977
vn 0.9731 -0.0024 0.2305
vn 0.9832 -0.0024 0.1823
vn 0.9948 -0.0291 0.0977
vn 0.9699 -0.0053 0.2434
vn 0.9731 -0.0024 0.2305
vn 0.9948 -0.0291 0.0977
vn 0.9573 -0.0024 0.2891
vn 0.9699 -0.0053 0.2434
vn 0.9948 -0.0291 0.0977
vn 0.9890 -0.0038 0.1480
vn 0.9926 -0.0017 0.1211
vn 0.9948 -0.0291 0.0977
vn 0.9926 -0.0017 0.1211
vn 0.9964 -0.0013 0.0843
vn 0.9948 -0.0291 0.0977
vn 0.9964 -0.0013 0.0843
vn 0.9985 -0.0007 0.0539
vn 0.9948 -0.0291 0.0977
vn 0.9992 0.0003 0.0402
vn 1.0000 0.0000 0.0001
vn 0.9998 0.0145 0.0143
vn 0.9998 0.0145 0.0143
vn 0.9948 -0.0291 0.0977
vn 0.9992 0.0003 0.0402
vn 0.9985 -0.0007 0.0539
vn 0.9992 0.0003 0.0402
vn 0.9948 -0.0291 0.0977
vn 0.6402 0.0017 0.7682
vn 0.6400 -0.0002 0.7684
vn 0.6293 0.0036 0.7772
vn 0.6293 0.0036 0.7772
vn 0.6420 0.0778 0.7628
vn 0.6402 0.0017 0.7682
vn 0.5139 0.0020 0.8579
vn 0.4741 0.0002 0.8805
vn 0.4589 0.0000 0.8885
vn 0.4589 0.0000 0.8885
vn 0.4335 0.0008 0.9011
vn 0.5139 0.0020 0.8579
vn 0.6293 0.0036 0.7772
vn 0.6058 0.0002 0.7956
vn 0.6420 0.0778 0.7628
vn 0.4870 0.8592 0.1571
vn 0.1106 0.9464 0.3035
vn 0.0771 0.9965 0.0326
vn 0.6420 0.0778 0.7628
vn 0.5492 0.0020 0.8357
vn 0.5139 0.0020 0.8579
vn 0.6420 0.0778 0.7628
vn 0.6058 0.0002 0.7956
vn 0.5943 0.0036 0.8042
vn 0.6420 0.0778 0.7628
vn 0.5943 0.0036 0.8042
vn 0.5492 0.0020 0.8357
vn 0.3998 0.7737 0.4914
vn 0.3990 0.7490 0.5289
vn 0.1106 0.9464 0.3035
vn 0.6420 0.0778 0.7628
vn 0.5139 0.0020 0.8579
vn 0.3582 0.1533 0.9210
vn 0.6420 0.0778 0.7628
vn 0.3582 0.1533 0.9210
vn 0.4863 0.4831 0.7281
vn 0.1106 0.9464 0.3035
vn 0.5091 0.6697 0.5407
vn 0.4863 0.4831 0.7281
vn 0.4870 0.8592 0.1571
vn 0.3998 0.7737 0.4914
vn 0.1106 0.9464 0.3035
vn 0.5091 0.6697 0.5407
vn 0.1106 0.9464 0.3035
vn 0.3990 0.7490 0.5289
vn 0.9998 -0.0000 0.0202
vn 1.0000 -0.0006 0.0007
vn 1.0000 0.0000 0.0001
vn 1.0000 0.0000 0.0001
vn 0.9992 0.0003 0.0402
vn 0.9998 -0.0000 0.0202
vn 0.9986 0.0006 0.0525
vn 0.9998 -0.0000 0.0202
vn 0.9992 0.0003 0.0402
vn 0.9992 0.0003 0.0402
vn 0.9979 0.0005 0.0654
vn 0.9986 0.0006 0.0525
vn 0.9979 0.0005 0.0654
vn 0.9992 0.0003 0.0402
vn 0.9985 -0.0007 0.0539
vn 0.9985 -0.0007 0.0539
vn 0.9964 -0.0013 0.0843
vn 0.9979 0.0005 0.0654
vn 0.9935 0.0009 0.1134
vn 0.9979 0.0005 0.0654
vn 0.9964 -0.0013 0.0843
vn 0.9964 -0.0013 0.0843
vn 0.9926 -0.0017 0.1211
vn 0.9935 0.0009 0.1134
vn 0.9881 0.0007 0.1540
vn 0.9935 0.0009 0.1134
vn 0.9926 -0.0017 0.1211
vn 0.9926 -0.0017 0.1211
vn 0.9890 -0.0038 0.1480
vn 0.9881 0.0007 0.1540
vn 0.9881 0.0007 0.1540
vn 0.9890 -0.0038 0.1480
vn 0.9832 -0.0024 0.1823
vn 0.9832 -0.0024 0.1823
vn 0.9778 0.0006 0.2094
vn 0.9881 0.0007 0.1540
vn 0.9832 -0.0024 0.1823
vn 0.9731 -0.0024 0.2305
vn 0.9778 0.0006 0.2094
vn 0.9692 -0.0005 0.2464
vn 0.9778 0.0006 0.2094
vn 0.9731 -0.0024 0.2305
vn 0.9655 -0.0000 0.2604
vn 0.9692 -0.0005 0.2464
vn 0.9731 -0.0024 0.2305
vn 0.9655 -0.0000 0.2604
vn 0.9731 -0.0024 0.2305
vn 0.9699 -0.0053 0.2434
vn 0.9699 -0.0053 0.2434
vn 0.9573 -0.0024 0.2891
vn 0.9655 -0.0000 0.2604
vn 0.9531 -0.0015 0.3028
vn 0.9655 -0.0000 0.2604
vn 0.9573 -0.0024 0.2891
vn 0.9419 0.0002 0.3358
vn 0.9531 -0.0015 0.3028
vn 0.9573 -0.0024 0.2891
vn 0.9573 -0.0024 0.2891
vn 0.9519 -0.0052 0.3063
vn 0.9419 0.0002 0.3358
vn 0.9519 -0.0052 0.3063
vn 0.9398 -0.0033 0.3417
vn 0.9419 0.0002 0.3358
vn 0.9319 0.0001 0.3626
vn 0.9419 0.0002 0.3358
vn 0.9398 -0.0033 0.3417
vn 0.9398 -0.0033 0.3417
vn 0.9275 -0.0038 0.3738
vn 0.9319 0.0001 0.3626
vn 0.9532 0.0014 0.3022
vn 0.9319 0.0001 0.3626
vn 0.9275 -0.0038 0.3738
vn 0.9275 -0.0038 0.3738
vn 0.9097 0.0009 0.4153
vn 0.9532 0.0014 0.3022
vn 0.9193 0.0119 0.3933
vn 0.9532 0.0014 0.3022
vn 0.9097 0.0009 0.4153
vn 0.9097 0.0009 0.4153
vn 0.8697 0.0011 0.4936
vn 0.9193 0.0119 0.3933
vn 0.8697 0.0011 0.4936
vn 0.9097 0.0009 0.4153
vn 0.9055 -0.0038 0.4243
vn 0.9055 -0.0038 0.4243
vn 0.8905 -0.0009 0.4550
vn 0.8697 0.0011 0.4936
vn 0.8759 0.0011 0.4825
vn 0.8697 0.0011 0.4936
vn 0.8905 -0.0009 0.4550
vn 0.8905 -0.0009 0.4550
vn 0.8733 0.0002 0.4871
vn 0.8759 0.0011 0.4825
vn 0.8676 -0.0003 0.4973
vn 0.8759 0.0011 0.4825
vn 0.8733 0.0002 0.4871
vn 0.8733 0.0002 0.4871
vn 0.8578 0.0018 0.5139
vn 0.8676 -0.0003 0.4973
vn 0.8440 0.0002 0.5363
vn 0.8676 -0.0003 0.4973
vn 0.8578 0.0018 0.5139
vn 0.8440 0.0002 0.5363
vn 0.8578 0.0018 0.5139
vn 0.8447 0.0038 0.5352
vn 0.8447 0.0038 0.5352
vn 0.8354 0.0003 0.5496
vn 0.8440 0.0002 0.5363
vn 0.8447 0.0038 0.5352
vn 0.8215 -0.0015 0.5703
vn 0.8354 0.0003 0.5496
vn 0.8090 0.0004 0.5878
vn 0.8354 0.0003 0.5496
vn 0.8215 -0.0015 0.5703
vn 0.8090 0.0004 0.5878
vn 0.8215 -0.0015 0.5703
vn 0.8049 -0.0012 0.5934
vn 0.8049 -0.0012 0.5934
vn 0.8013 0.0004 0.5983
vn 0.8090 0.0004 0.5878
vn 0.8049 -0.0012 0.5934
vn 0.7878 -0.0025 0.6159
vn 0.8013 0.0004 0.5983
vn 0.7735 0.0001 0.6338
vn 0.8013 0.0004 0.5983
vn 0.7878 -0.0025 0.6159
vn 0.7735 0.0001 0.6338
vn 0.7878 -0.0025 0.6159
vn 0.7654 -0.0016 0.6436
vn 0.7651 -0.0000 0.6439
vn 0.7735 0.0001 0.6338
vn 0.7654 -0.0016 0.6436
vn 0.6519 0.0001 0.7583
vn 0.6518 -0.0234 0.7581
vn 0.6402 0.0017 0.7682
vn 0.6402 0.0017 0.7682
vn 0.6420 0.0778 0.7628
vn 0.6519 0.0001 0.7583
vn 0.7449 -0.0004 0.6671
vn 0.7651 -0.0000 0.6439
vn 0.7654 -0.0016 0.6436
vn 0.7654 -0.0016 0.6436
vn 0.7396 -0.0022 0.6731
vn 0.7449 -0.0004 0.6671
vn 0.7256 0.0002 0.6881
vn 0.7449 -0.0004 0.6671
vn 0.7396 -0.0022 0.6731
vn 0.7396 -0.0022 0.6731
vn 0.7177 -0.0024 0.6963
vn 0.7256 0.0002 0.6881
vn 0.7350 0.0002 0.6781
vn 0.7256 0.0002 0.6881
vn 0.7177 -0.0024 0.6963
vn 0.7177 -0.0024 0.6963
vn 0.6832 -0.0013 0.7303
vn 0.7350 0.0002 0.6781
vn 0.6566 0.0707 0.7509
vn 0.7350 0.0002 0.6781
vn 0.6832 -0.0013 0.7303
vn 0.6832 -0.0013 0.7303
vn 0.6519 0.0001 0.7583
vn 0.6566 0.0707 0.7509
vn 0.6519 0.0001 0.7583
vn 0.6832 -0.0013 0.7303
vn 0.6518 -0.0234 0.7581
vn 1.0000 0.0001 -0.0001
vn 0.9948 -0.0291 0.0977
vn 0.9998 0.0145 0.0143
vn 1.0000 -0.0000 0.0004
vn 0.9992 0.0122 0.0368
vn 1.0000 0.0019 0.0006
vn 1.0000 0.0001 -0.0001
vn 0.9998 0.0145 0.0143
vn 1.0000 0.0000 0.0001
vn 1.0000 -0.0000 0.0004
vn 1.0000 0.0001 -0.0001
vn 1.0000 0.0000 0.0001
vn 1.0000 0.0000 0.0001
vn 1.0000 -0.0006 0.0007
vn 1.0000 -0.0000 0.0004
vn 1.0000 -0.0006 0.0007
vn 0.9992 0.0122 0.0368
vn 1.0000 -0.0000 0.0004
vn 1.0000 0.0001 -0.0001
vn 0.9994 -0.0283 0.0216
vn 0.9948 -0.0291 0.0977
vn 1.0000 -0.0007 -0.0011
vn 1.0000 -0.0000 0.0004
vn 1.0000 0.0019 0.0006
vn 0.9998 -0.0213 0.0018
vn 0.9994 -0.0283 0.0216
vn 1.0000 0.0001 -0.0001
vn 0.8875 0.0980 -0.4502
vn 0.8904 0.0522 -0.4522
vn 0.9163 0.0921 -0.3898
vn 0.9163 0.0921 -0.3898
vn 0.7809 0.4791 -0.4009
vn 0.8336 0.3559 -0.4223
vn 0.8336 0.3559 -0.4223
vn 0.8526 0.2951 -0.4313
vn 0.9163 0.0921 -0.3898
vn 0.8526 0.2951 -0.4313
vn 0.8706 0.2202 -0.4400
vn 0.9163 0.0921 -0.3898
vn 0.8706 0.2202 -0.4400
vn 0.8810 0.1603 -0.4452
vn 0.9163 0.0921 -0.3898
vn 0.8810 0.1603 -0.4452
vn 0.8875 0.0980 -0.4502
vn 0.9163 0.0921 -0.3898
vn 0.8904 0.0522 -0.4522
vn 0.8911 0.0012 -0.4538
vn 0.9163 0.0921 -0.3898
vn 0.7809 0.4791 -0.4009
vn 0.9163 0.0921 -0.3898
vn 0.8124 0.4629 -0.3546
vn 0.8124 0.4629 -0.3546
vn 0.9163 0.0921 -0.3898
vn 0.8573 0.4415 -0.2647
vn 0.2016 0.9606 -0.1912
vn 0.8124 0.4629 -0.3546
vn 0.8573 0.4415 -0.2647
vn 0.0771 0.9965 0.0326
vn 0.2016 0.9606 -0.1912
vn 0.0326 0.9853 -0.1678
vn 0.9163 0.0921 -0.3898
vn 0.8911 0.0012 -0.4538
vn 0.8910 -0.0006 -0.4540
vn 0.8910 -0.0006 -0.4540
vn 0.8864 -0.1974 -0.4187
vn 0.9163 0.0921 -0.3898
vn 0.9163 0.0921 -0.3898
vn 0.8864 -0.1974 -0.4187
vn 0.9082 -0.2104 -0.3618
vn 0.8573 0.4415 -0.2647
vn 0.9163 0.0921 -0.3898
vn 0.9082 -0.2104 -0.3618
vn 0.9082 -0.2104 -0.3618
vn 0.9294 -0.2718 -0.2496
vn 0.8573 0.4415 -0.2647
vn 0.9792 0.1470 -0.1401
vn 0.8573 0.4415 -0.2647
vn 0.9294 -0.2718 -0.2496
vn 0.9294 -0.2718 -0.2496
vn 0.9428 -0.2892 -0.1656
vn 0.9792 0.1470 -0.1401
vn 0.9934 -0.0576 -0.0990
vn 0.9792 0.1470 -0.1401
vn 0.9428 -0.2892 -0.1656
vn 0.9978 -0.0258 -0.0607
vn 0.9995 0.0304 0.0057
vn 0.9934 -0.0576 -0.0990
vn 1.0000 -0.0007 -0.0011
vn 1.0000 0.0019 0.0006
vn 0.9995 0.0304 0.0057
vn 0.9978 -0.0258 -0.0607
vn 1.0000 -0.0007 -0.0011
vn 0.9995 0.0304 0.0057
vn 0.3990 0.7490 0.5289
vn 0.6914 0.4670 0.5513
vn 0.5091 0.6697 0.5407
vn 0.6914 0.4670 0.5513
vn 0.4863 0.4831 0.7281
vn 0.5091 0.6697 0.5407
vn 0.6420 0.0778 0.7628
vn 0.4863 0.4831 0.7281
vn 0.6914 0.4670 0.5513
vn 0.6914 0.4670 0.5513
vn 0.7701 0.1971 0.6067
vn 0.6420 0.0778 0.7628
vn 0.9419 0.0002 0.3358
vn 0.9319 0.0001 0.3626
vn 0.9531 -0.0015 0.3028
vn 0.7449 -0.0004 0.6671
vn 0.7256 0.0002 0.6881
vn 0.6566 0.0707 0.7509
vn 0.7735 0.0001 0.6338
vn 0.7651 -0.0000 0.6439
vn 0.8367 0.0829 0.5413
vn 0.8354 0.0003 0.5496
vn 0.8090 0.0004 0.5878
vn 0.8367 0.0829 0.5413
vn 0.9992 0.0122 0.0368
vn 1.0000 -0.0006 0.0007
vn 0.9998 -0.0000 0.0202
vn 0.9415 0.2089 0.2644
vn 1.0000 0.0019 0.0006
vn 0.9992 0.0122 0.0368
vn 0.6566 0.0707 0.7509
vn 0.6420 0.0778 0.7628
vn 0.7701 0.1971 0.6067
vn 0.6566 0.0707 0.7509
vn 0.6519 0.0001 0.7583
vn 0.6420 0.0778 0.7628
vn 0.8367 0.0829 0.5413
vn 0.7701 0.1971 0.6067
vn 0.9193 0.0119 0.3933
vn 0.8440 0.0002 0.5363
vn 0.8354 0.0003 0.5496
vn 0.8367 0.0829 0.5413
vn 0.8697 0.0011 0.4936
vn 0.8759 0.0011 0.4825
vn 0.9193 0.0119 0.3933
vn 0.8367 0.0829 0.5413
vn 0.9193 0.0119 0.3933
vn 0.8759 0.0011 0.4825
vn 0.8759 0.0011 0.4825
vn 0.8676 -0.0003 0.4973
vn 0.8367 0.0829 0.5413
vn 0.8676 -0.0003 0.4973
vn 0.8440 0.0002 0.5363
vn 0.8367 0.0829 0.5413
vn 0.8367 0.0829 0.5413
vn 0.8013 0.0004 0.5983
vn 0.7735 0.0001 0.6338
vn 0.6566 0.0707 0.7509
vn 0.7256 0.0002 0.6881
vn 0.7350 0.0002 0.6781
vn 0.8367 0.0829 0.5413
vn 0.7651 -0.0000 0.6439
vn 0.7449 -0.0004 0.6671
vn 0.6566 0.0707 0.7509
vn 0.8367 0.0829 0.5413
vn 0.7449 -0.0004 0.6671
vn 0.7701 0.1971 0.6067
vn 0.8367 0.0829 0.5413
vn 0.6566 0.0707 0.7509
vn 0.8367 0.0829 0.5413
vn 0.8090 0.0004 0.5878
vn 0.8013 0.0004 0.5983
vn 0.9986 0.0006 0.0525
vn 0.9979 0.0005 0.0654
vn 0.9992 0.0122 0.0368
vn 0.9979 0.0005 0.0654
vn 0.9935 0.0009 0.1134
vn 0.9992 0.0122 0.0368
vn 0.9935 0.0009 0.1134
vn 0.9881 0.0007 0.1540
vn 0.9992 0.0122 0.0368
vn 0.9992 0.0122 0.0368
vn 0.9778 0.0006 0.2094
vn 0.9692 -0.0005 0.2464
vn 0.9692 -0.0005 0.2464
vn 0.9531 -0.0015 0.3028
vn 0.9992 0.0122 0.0368
vn 0.9531 -0.0015 0.3028
vn 0.9193 0.0119 0.3933
vn 0.9992 0.0122 0.0368
vn 0.9531 -0.0015 0.3028
vn 0.9692 -0.0005 0.2464
vn 0.9655 -0.0000 0.2604
vn 0.9992 0.0122 0.0368
vn 0.9881 0.0007 0.1540
vn 0.9778 0.0006 0.2094
vn 0.9998 -0.0000 0.0202
vn 0.9986 0.0006 0.0525
vn 0.9992 0.0122 0.0368
vn 0.9992 0.0122 0.0368
vn 0.7701 0.1971 0.6067
vn 0.9415 0.2089 0.2644
vn 0.9992 0.0122 0.0368
vn 0.9193 0.0119 0.3933
vn 0.7701 0.1971 0.6067
vn 0.7701 0.1971 0.6067
vn 0.6914 0.4670 0.5513
vn 0.9415 0.2089 0.2644
vn 0.9531 -0.0015 0.3028
vn 0.9319 0.0001 0.3626
vn 0.9532 0.0014 0.3022
vn 0.9193 0.0119 0.3933
vn 0.9531 -0.0015 0.3028
vn 0.9532 0.0014 0.3022
vn 0.0771 0.9965 0.0326
vn 0.8573 0.4415 -0.2647
vn 0.4870 0.8592 0.1571
vn 0.9692 0.2413 0.0489
vn 0.6914 0.4670 0.5513
vn 0.4870 0.8592 0.1571
vn 0.6914 0.4670 0.5513
vn 0.3990 0.7490 0.5289
vn 0.4870 0.8592 0.1571
vn 0.3998 0.7737 0.4914
vn 0.4870 0.8592 0.1571
vn 0.3990 0.7490 0.5289
vn 0.9692 0.2413 0.0489
vn 0.9415 0.2089 0.2644
vn 0.6914 0.4670 0.5513
vn 0.9692 0.2413 0.0489
vn 0.9995 0.0304 0.0057
vn 0.9415 0.2089 0.2644
vn 1.0000 0.0019 0.0006
vn 0.9415 0.2089 0.2644
vn 0.9995 0.0304 0.0057
vn 0.9934 -0.0576 -0.0990
vn 0.9692 0.2413 0.0489
vn 0.9792 0.1470 -0.1401
vn 0.4870 0.8592 0.1571
vn 0.9792 0.1470 -0.1401
vn 0.6962 0.6986 0.1651
vn 0.9692 0.2413 0.0489
vn 0.6962 0.6986 0.1651
vn 0.9792 0.1470 -0.1401
vn 0.9934 -0.0576 -0.0990
vn 0.9995 0.0304 0.0057
vn 0.9692 0.2413 0.0489
vn 0.6962 0.6986 0.1651
vn 0.9692 0.2413 0.0489
vn 0.4870 0.8592 0.1571
vn 0.4870 0.8592 0.1571
vn 0.8573 0.4415 -0.2647
vn 0.9792 0.1470 -0.1401
vn 0.8053 0.4327 -0.4054
vn 0.7930 0.4531 -0.4072
vn 0.7843 0.4638 -0.4121
vn 0.8346 0.3498 -0.4255
vn 0.7930 0.4531 -0.4072
vn 0.8053 0.4327 -0.4054
vn 0.8053 0.4327 -0.4054
vn 0.8444 0.3216 -0.4284
vn 0.8346 0.3498 -0.4255
vn 0.8053 0.4327 -0.4054
vn 0.8584 0.2736 -0.4339
vn 0.8444 0.3216 -0.4284
vn 0.8075 0.1399 -0.5730
vn 0.8584 0.2736 -0.4339
vn 0.8053 0.4327 -0.4054
vn 0.8075 0.1399 -0.5730
vn 0.8599 0.0133 -0.5103
vn 0.8760 0.1831 -0.4461
vn 0.8814 0.1453 -0.4494
vn 0.8760 0.1831 -0.4461
vn 0.8599 0.0133 -0.5103
vn 0.8844 0.1201 -0.4510
vn 0.8814 0.1453 -0.4494
vn 0.8599 0.0133 -0.5103
vn 0.8599 0.0133 -0.5103
vn 0.8828 0.0462 -0.4674
vn 0.8844 0.1201 -0.4510
vn 0.7907 0.3087 -0.5287
vn 0.8053 0.4327 -0.4054
vn 0.7843 0.4638 -0.4121
vn 0.8910 -0.0006 -0.4540
vn 0.8911 0.0012 -0.4538
vn 0.8908 0.0001 -0.4544
vn 0.8908 0.0001 -0.4544
vn 0.8912 -0.0025 -0.4536
vn 0.8910 -0.0006 -0.4540
vn 0.6928 -0.6289 -0.3528
vn 0.5915 -0.7475 -0.3022
vn 0.8864 -0.1974 -0.4187
vn 0.7971 -0.4477 -0.4053
vn 0.6928 -0.6289 -0.3528
vn 0.8864 -0.1974 -0.4187
vn 0.6654 -0.7465 -0.0003
vn 0.7592 -0.6508 0.0019
vn 0.6680 -0.7438 -0.0202
vn 0.9978 -0.0258 -0.0607
vn 0.6680 -0.7438 -0.0202
vn 0.7592 -0.6508 0.0019
vn 0.7592 -0.6508 0.0019
vn 0.8589 -0.5122 0.0000
vn 0.9978 -0.0258 -0.0607
vn 0.8476 -0.3098 -0.4308
vn 0.7971 -0.4477 -0.4053
vn 0.8864 -0.1974 -0.4187
vn 0.8910 -0.0006 -0.4540
vn 0.8837 -0.1286 -0.4500
vn 0.8864 -0.1974 -0.4187
vn 0.8837 -0.1286 -0.4500
vn 0.8476 -0.3098 -0.4308
vn 0.8864 -0.1974 -0.4187
vn 0.9294 -0.2718 -0.2496
vn 0.5413 -0.8294 -0.1378
vn 0.9428 -0.2892 -0.1656
vn 0.6680 -0.7438 -0.0202
vn 0.9978 -0.0258 -0.0607
vn 0.9934 -0.0576 -0.0990
vn 0.8589 -0.5122 0.0000
vn 0.9305 -0.3662 -0.0003
vn 0.9978 -0.0258 -0.0607
vn 0.9978 -0.0258 -0.0607
vn 0.9305 -0.3662 -0.0003
vn 0.9809 -0.1946 -0.0004
vn 0.9809 -0.1946 -0.0004
vn 1.0000 -0.0007 -0.0011
vn 0.9978 -0.0258 -0.0607
vn 0.6385 -0.7696 -0.0000
vn 0.6544 -0.7562 -0.0003
vn 0.6680 -0.7438 -0.0202
vn 0.2179 -0.9759 0.0112
vn 0.1521 -0.9883 -0.0082
vn 0.2272 -0.9739 0.0015
vn 0.5289 -0.8198 -0.2193
vn 0.8864 -0.1974 -0.4187
vn 0.5915 -0.7475 -0.3022
vn 0.0249 -0.9996 -0.0125
vn 0.0014 -1.0000 -0.0016
vn 0.0367 -0.9992 -0.0160
vn 0.0367 -0.9992 -0.0160
vn 0.0965 -0.9942 -0.0483
vn 0.0749 -0.9965 -0.0372
vn 0.0749 -0.9965 -0.0372
vn 0.0553 -0.9981 -0.0270
vn 0.0367 -0.9992 -0.0160
vn 0.0553 -0.9981 -0.0270
vn 0.0422 -0.9989 -0.0208
vn 0.0367 -0.9992 -0.0160
vn 0.0422 -0.9989 -0.0208
vn 0.0249 -0.9996 -0.0125
vn 0.0367 -0.9992 -0.0160
vn 0.0340 -0.9994 -0.0002
vn 0.0405 -0.9992 -0.0000
vn 0.0090 -1.0000 -0.0001
vn 0.0405 -0.9992 -0.0000
vn 0.0634 -0.9980 0.0019
vn 0.0090 -1.0000 -0.0001
vn 0.1521 -0.9883 -0.0082
vn 0.0090 -1.0000 -0.0001
vn 0.0634 -0.9980 0.0019
vn 0.0634 -0.9980 0.0019
vn 0.0800 -0.9968 0.0012
vn 0.1521 -0.9883 -0.0082
vn 0.1276 -0.9897 -0.0647
vn 0.1140 -0.9917 -0.0592
vn 0.1988 -0.9767 -0.0809
vn 0.0965 -0.9942 -0.0483
vn 0.1988 -0.9767 -0.0809
vn 0.1140 -0.9917 -0.0592
vn 0.1140 -0.9917 -0.0592
vn 0.1024 -0.9934 -0.0524
vn 0.0965 -0.9942 -0.0483
vn 0.0800 -0.9968 0.0012
vn 0.0939 -0.9956 0.0002
vn 0.1521 -0.9883 -0.0082
vn 0.1521 -0.9883 -0.0082
vn 0.0939 -0.9956 0.0002
vn 0.1131 -0.9936 -0.0003
vn 0.1131 -0.9936 -0.0003
vn 0.1284 -0.9917 -0.0006
vn 0.1521 -0.9883 -0.0082
vn 0.1284 -0.9917 -0.0006
vn 0.1381 -0.9904 -0.0005
vn 0.1521 -0.9883 -0.0082
vn 0.1381 -0.9904 -0.0005
vn 0.1612 -0.9869 -0.0008
vn 0.1521 -0.9883 -0.0082
vn 0.1611 -0.9836 -0.0810
vn 0.1458 -0.9866 -0.0735
vn 0.1988 -0.9767 -0.0809
vn 0.1988 -0.9767 -0.0809
vn 0.1458 -0.9866 -0.0735
vn 0.1276 -0.9897 -0.0647
vn 0.1907 -0.9771 -0.0942
vn 0.1891 -0.9773 -0.0953
vn 0.2327 -0.9655 -0.1167
vn 0.1988 -0.9767 -0.0809
vn 0.2327 -0.9655 -0.1167
vn 0.1891 -0.9773 -0.0953
vn 0.1891 -0.9773 -0.0953
vn 0.1611 -0.9836 -0.0810
vn 0.1988 -0.9767 -0.0809
vn 0.1612 -0.9869 -0.0008
vn 0.1643 -0.9864 -0.0004
vn 0.1521 -0.9883 -0.0082
vn 0.1521 -0.9883 -0.0082
vn 0.1643 -0.9864 -0.0004
vn 0.1856 -0.9826 -0.0002
vn 0.1856 -0.9826 -0.0002
vn 0.1960 -0.9806 0.0002
vn 0.1521 -0.9883 -0.0082
vn 0.1960 -0.9806 0.0002
vn 0.2096 -0.9778 0.0005
vn 0.1521 -0.9883 -0.0082
vn 0.2096 -0.9778 0.0005
vn 0.2272 -0.9739 0.0015
vn 0.1521 -0.9883 -0.0082
vn 0.2359 -0.9643 -0.1199
vn 0.2290 -0.9665 -0.1162
vn 0.2327 -0.9655 -0.1167
vn 0.2272 -0.9739 0.0015
vn 0.2353 -0.9719 -0.0000
vn 0.2179 -0.9759 0.0112
vn 0.2179 -0.9759 0.0112
vn 0.2353 -0.9719 -0.0000
vn 0.2554 -0.9668 -0.0012
vn 0.3108 -0.9502 -0.0211
vn 0.2179 -0.9759 0.0112
vn 0.2554 -0.9668 -0.0012
vn 0.2554 -0.9668 -0.0012
vn 0.2631 -0.9648 -0.0010
vn 0.3108 -0.9502 -0.0211
vn 0.2327 -0.9655 -0.1167
vn 0.3709 -0.9124 -0.1733
vn 0.2834 -0.9470 -0.1511
vn 0.2834 -0.9470 -0.1511
vn 0.2677 -0.9536 -0.1377
vn 0.2327 -0.9655 -0.1167
vn 0.2677 -0.9536 -0.1377
vn 0.2532 -0.9587 -0.1295
vn 0.2327 -0.9655 -0.1167
vn 0.2532 -0.9587 -0.1295
vn 0.2359 -0.9643 -0.1199
vn 0.2327 -0.9655 -0.1167
vn 0.2631 -0.9648 -0.0010
vn 0.2796 -0.9601 -0.0012
vn 0.3108 -0.9502 -0.0211
vn 0.2796 -0.9601 -0.0012
vn 0.2964 -0.9551 -0.0014
vn 0.3108 -0.9502 -0.0211
vn 0.2964 -0.9551 -0.0014
vn 0.3124 -0.9500 -0.0011
vn 0.3108 -0.9502 -0.0211
vn 0.3062 -0.9391 -0.1563
vn 0.2834 -0.9470 -0.1511
vn 0.3709 -0.9124 -0.1733
vn 0.3253 -0.9313 -0.1642
vn 0.3260 -0.9308 -0.1654
vn 0.3709 -0.9124 -0.1733
vn 0.3260 -0.9308 -0.1654
vn 0.3062 -0.9391 -0.1563
vn 0.3709 -0.9124 -0.1733
vn 0.3124 -0.9500 -0.0011
vn 0.3307 -0.9437 -0.0007
vn 0.3108 -0.9502 -0.0211
vn 0.3108 -0.9502 -0.0211
vn 0.3307 -0.9437 -0.0007
vn 0.3492 -0.9371 -0.0003
vn 0.3492 -0.9371 -0.0003
vn 0.3613 -0.9325 0.0006
vn 0.3108 -0.9502 -0.0211
vn 0.3870 -0.9215 0.0319
vn 0.3108 -0.9502 -0.0211
vn 0.3613 -0.9325 0.0006
vn 0.3613 -0.9325 0.0006
vn 0.3722 -0.9281 0.0000
vn 0.3870 -0.9215 0.0319
vn 0.3722 -0.9281 0.0000
vn 0.3904 -0.9207 -0.0001
vn 0.3870 -0.9215 0.0319
vn 0.4536 -0.8610 -0.2300
vn 0.3834 -0.9027 -0.1955
vn 0.3709 -0.9124 -0.1733
vn 0.3834 -0.9027 -0.1955
vn 0.3816 -0.9036 -0.1945
vn 0.3709 -0.9124 -0.1733
vn 0.3904 -0.9207 -0.0001
vn 0.3980 -0.9174 -0.0001
vn 0.3870 -0.9215 0.0319
vn 0.3870 -0.9215 0.0319
vn 0.3980 -0.9174 -0.0001
vn 0.4171 -0.9089 0.0007
vn 0.4217 -0.9064 -0.0258
vn 0.3870 -0.9215 0.0319
vn 0.4171 -0.9089 0.0007
vn 0.4171 -0.9089 0.0007
vn 0.4249 -0.9052 -0.0000
vn 0.4217 -0.9064 -0.0258
vn 0.4249 -0.9052 -0.0000
vn 0.4332 -0.9013 -0.0002
vn 0.4217 -0.9064 -0.0258
vn 0.3709 -0.9124 -0.1733
vn 0.5151 -0.8342 -0.1970
vn 0.4536 -0.8610 -0.2300
vn 0.4866 -0.8736 -0.0028
vn 0.4880 -0.8729 -0.0006
vn 0.4217 -0.9064 -0.0258
vn 0.4217 -0.9064 -0.0258
vn 0.4880 -0.8729 -0.0006
vn 0.5101 -0.8601 0.0001
vn 0.5101 -0.8601 0.0001
vn 0.5182 -0.8553 0.0037
vn 0.4217 -0.9064 -0.0258
vn 0.5413 -0.8404 -0.0274
vn 0.4217 -0.9064 -0.0258
vn 0.5182 -0.8553 0.0037
vn 0.5182 -0.8553 0.0037
vn 0.5374 -0.8433 -0.0022
vn 0.5413 -0.8404 -0.0274
vn 0.5374 -0.8433 -0.0022
vn 0.5417 -0.8406 -0.0003
vn 0.5413 -0.8404 -0.0274
vn 0.6082 -0.7936 -0.0182
vn 0.5413 -0.8404 -0.0274
vn 0.5773 -0.8166 0.0000
vn 0.3937 -0.9166 -0.0698
vn 0.2762 -0.9605 -0.0353
vn 0.4217 -0.9064 -0.0258
vn 0.4217 -0.9064 -0.0258
vn 0.2762 -0.9605 -0.0353
vn 0.3108 -0.9502 -0.0211
vn 0.1521 -0.9883 -0.0082
vn 0.0596 -0.9982 -0.0054
vn 0.0090 -1.0000 -0.0001
vn 0.2762 -0.9605 -0.0353
vn 0.0596 -0.9982 -0.0054
vn 0.1521 -0.9883 -0.0082
vn 0.3108 -0.9502 -0.0211
vn 0.2762 -0.9605 -0.0353
vn 0.1521 -0.9883 -0.0082
vn 0.5820 -0.8104 -0.0678
vn 0.3937 -0.9166 -0.0698
vn 0.5413 -0.8404 -0.0274
vn 0.1521 -0.9883 -0.0082
vn 0.2179 -0.9759 0.0112
vn 0.3108 -0.9502 -0.0211
vn 0.4217 -0.9064 -0.0258
vn 0.3108 -0.9502 -0.0211
vn 0.3870 -0.9215 0.0319
vn 0.4217 -0.9064 -0.0258
vn 0.5413 -0.8404 -0.0274
vn 0.3937 -0.9166 -0.0698
vn 0.5413 -0.8404 -0.0274
vn 0.6082 -0.7936 -0.0182
vn 0.5820 -0.8104 -0.0678
vn 0.5773 -0.8166 0.0000
vn 0.5828 -0.8126 0.0000
vn 0.6082 -0.7936 -0.0182
vn 0.5820 -0.8104 -0.0678
vn 0.6443 -0.7564 -0.1129
vn 0.9428 -0.2892 -0.1656
vn 0.6680 -0.7438 -0.0202
vn 0.5820 -0.8104 -0.0678
vn 0.6082 -0.7936 -0.0182
vn 0.6680 -0.7438 -0.0202
vn 0.6082 -0.7936 -0.0182
vn 0.6134 -0.7898 0.0007
vn 0.6134 -0.7898 0.0007
vn 0.6287 -0.7776 0.0004
vn 0.6680 -0.7438 -0.0202
vn 0.5915 -0.7475 -0.3022
vn 0.5865 -0.7524 -0.2997
vn 0.5289 -0.8198 -0.2193
vn 0.5289 -0.8198 -0.2193
vn 0.5865 -0.7524 -0.2997
vn 0.3493 -0.9209 -0.1730
vn 0.0596 -0.9982 -0.0054
vn 0.2762 -0.9605 -0.0353
vn 0.1479 -0.9879 -0.0458
vn 0.1853 -0.9814 -0.0507
vn 0.1479 -0.9879 -0.0458
vn 0.2762 -0.9605 -0.0353
vn 0.9428 -0.2892 -0.1656
vn 0.5413 -0.8294 -0.1378
vn 0.5820 -0.8104 -0.0678
vn 0.6287 -0.7776 0.0004
vn 0.6385 -0.7696 -0.0000
vn 0.6680 -0.7438 -0.0202
vn 0.1988 -0.9767 -0.0809
vn 0.0965 -0.9942 -0.0483
vn 0.0367 -0.9992 -0.0160
vn 0.3709 -0.9124 -0.1733
vn 0.2327 -0.9655 -0.1167
vn 0.4103 -0.9014 -0.1382
vn 0.5151 -0.8342 -0.1970
vn 0.3709 -0.9124 -0.1733
vn 0.4103 -0.9014 -0.1382
vn 0.5289 -0.8198 -0.2193
vn 0.9082 -0.2104 -0.3618
vn 0.8864 -0.1974 -0.4187
vn 0.4103 -0.9014 -0.1382
vn 0.2327 -0.9655 -0.1167
vn 0.1988 -0.9767 -0.0809
vn 0.9082 -0.2104 -0.3618
vn 0.5289 -0.8198 -0.2193
vn 0.5151 -0.8342 -0.1970
vn 0.0367 -0.9992 -0.0160
vn 0.1853 -0.9814 -0.0507
vn 0.1988 -0.9767 -0.0809
vn 0.4103 -0.9014 -0.1382
vn 0.1988 -0.9767 -0.0809
vn 0.2669 -0.9587 -0.0982
vn 0.0159 -0.9998 -0.0069
vn 0.1853 -0.9814 -0.0507
vn 0.0367 -0.9992 -0.0160
vn 0.1853 -0.9814 -0.0507
vn 0.2669 -0.9587 -0.0982
vn 0.1988 -0.9767 -0.0809
vn 0.0241 -0.9997 -0.0070
vn 0.1853 -0.9814 -0.0507
vn 0.0159 -0.9998 -0.0069
vn 0.5151 -0.8342 -0.1970
vn 0.4103 -0.9014 -0.1382
vn 0.5413 -0.8294 -0.1378
vn 0.9082 -0.2104 -0.3618
vn 0.5151 -0.8342 -0.1970
vn 0.9294 -0.2718 -0.2496
vn 0.1853 -0.9814 -0.0507
vn 0.3937 -0.9166 -0.0698
vn 0.2669 -0.9587 -0.0982
vn 0.4103 -0.9014 -0.1382
vn 0.2669 -0.9587 -0.0982
vn 0.3937 -0.9166 -0.0698
vn 0.9294 -0.2718 -0.2496
vn 0.5151 -0.8342 -0.1970
vn 0.5413 -0.8294 -0.1378
vn 0.1853 -0.9814 -0.0507
vn 0.0241 -0.9997 -0.0070
vn 0.0124 -0.9999 -0.0058
vn 0.4103 -0.9014 -0.1382
vn 0.5246 -0.8448 -0.1051
vn 0.5413 -0.8294 -0.1378
vn 0.0124 -0.9999 -0.0058
vn 0.0596 -0.9982 -0.0054
vn 0.1853 -0.9814 -0.0507
vn 0.1479 -0.9879 -0.0458
vn 0.1853 -0.9814 -0.0507
vn 0.0596 -0.9982 -0.0054
vn 0.3937 -0.9166 -0.0698
vn 0.1853 -0.9814 -0.0507
vn 0.2762 -0.9605 -0.0353
vn 0.4103 -0.9014 -0.1382
vn 0.3937 -0.9166 -0.0698
vn 0.5246 -0.8448 -0.1051
vn 0.5413 -0.8294 -0.1378
vn 0.5246 -0.8448 -0.1051
vn 0.5820 -0.8104 -0.0678
vn 0.5820 -0.8104 -0.0678
vn 0.5246 -0.8448 -0.1051
vn 0.3937 -0.9166 -0.0698
vn 0.6443 -0.7564 -0.1129
vn 0.9934 -0.0576 -0.0990
vn 0.9428 -0.2892 -0.1656
vn 0.4915 -0.7830 -0.3812
vn 0.6443 -0.7564 -0.1129
vn 0.5820 -0.8104 -0.0678
vn 0.5820 -0.8104 -0.0678
vn 0.6680 -0.7438 -0.0202
vn 0.9934 -0.0576 -0.0990
vn 0.6544 -0.7562 -0.0003
vn 0.6654 -0.7465 -0.0003
vn 0.6680 -0.7438 -0.0202
vn 0.5915 -0.7475 -0.3022
vn 0.6928 -0.6289 -0.3528
vn 0.5998 -0.7394 -0.3058
vn 0.7510 -0.5372 -0.3840
vn 0.5998 -0.7394 -0.3058
vn 0.6928 -0.6289 -0.3528
vn 0.6928 -0.6289 -0.3528
vn 0.7971 -0.4477 -0.4053
vn 0.7510 -0.5372 -0.3840
vn 0.8302 -0.3615 -0.4244
vn 0.7510 -0.5372 -0.3840
vn 0.7971 -0.4477 -0.4053
vn 0.7971 -0.4477 -0.4053
vn 0.8476 -0.3098 -0.4308
vn 0.8302 -0.3615 -0.4244
vn 0.8766 -0.1765 -0.4476
vn 0.8302 -0.3615 -0.4244
vn 0.8476 -0.3098 -0.4308
vn 0.8476 -0.3098 -0.4308
vn 0.8837 -0.1286 -0.4500
vn 0.8766 -0.1765 -0.4476
vn 0.8912 -0.0025 -0.4536
vn 0.8766 -0.1765 -0.4476
vn 0.8837 -0.1286 -0.4500
vn 0.8837 -0.1286 -0.4500
vn 0.8910 -0.0006 -0.4540
vn 0.8912 -0.0025 -0.4536
vn -0.0079 -1.0000 0.0041
vn 0.0159 -0.9998 -0.0069
vn 0.0367 -0.9992 -0.0160
vn 0.0010 -1.0000 0.0007
vn 0.0028 -1.0000 0.0000
vn 0.0393 -0.9989 0.0258
vn 0.0433 -0.9990 0.0097
vn 0.0279 -0.9996 0.0009
vn -0.0722 -0.9974 -0.0061
vn -0.0068 -1.0000 -0.0012
vn -0.0722 -0.9974 -0.0061
vn 0.0279 -0.9996 0.0009
vn 0.0035 -1.0000 -0.0028
vn 0.0433 -0.9990 0.0097
vn -0.0120 -0.9999 -0.0033
vn -0.0722 -0.9974 -0.0061
vn -0.0120 -0.9999 -0.0033
vn 0.0433 -0.9990 0.0097
vn 0.0009 -1.0000 -0.0003
vn 0.0090 -1.0000 -0.0001
vn -0.0012 -1.0000 0.0001
vn -0.0012 -1.0000 0.0001
vn -0.0068 -1.0000 -0.0012
vn 0.0009 -1.0000 -0.0003
vn -0.0068 -1.0000 -0.0012
vn 0.0279 -0.9996 0.0009
vn 0.0009 -1.0000 -0.0003
vn 0.0124 -0.9999 -0.0058
vn -0.0471 -0.9988 0.0103
vn -0.1238 -0.9921 0.0205
vn 0.0124 -0.9999 -0.0058
vn 0.0241 -0.9997 -0.0070
vn -0.0471 -0.9988 0.0103
vn 0.0159 -0.9998 -0.0069
vn -0.0471 -0.9988 0.0103
vn 0.0241 -0.9997 -0.0070
vn -0.0156 -0.9999 -0.0030
vn 0.0010 -1.0000 0.0007
vn 0.0393 -0.9989 0.0258
vn 0.0393 -0.9989 0.0258
vn 0.0524 -0.9982 0.0289
vn -0.0156 -0.9999 -0.0030
vn 0.0524 -0.9982 0.0289
vn 0.0350 -0.9993 0.0146
vn -0.0156 -0.9999 -0.0030
vn -0.0120 -0.9999 -0.0033
vn -0.0156 -0.9999 -0.0030
vn 0.0350 -0.9993 0.0146
vn -0.0079 -1.0000 0.0041
vn 0.0367 -0.9992 -0.0160
vn 0.0014 -1.0000 -0.0016
vn 0.0001 -1.0000 0.0036
vn -0.0079 -1.0000 0.0041
vn 0.0014 -1.0000 -0.0016
vn 0.0014 -1.0000 -0.0016
vn 0.0093 -1.0000 0.0034
vn 0.0001 -1.0000 0.0036
vn 0.0702 -0.9973 -0.0215
vn 0.0393 -0.9989 0.0258
vn -0.0031 -0.9999 -0.0101
vn -0.0120 -0.9999 -0.0033
vn 0.0350 -0.9993 0.0146
vn 0.0866 -0.9957 0.0326
vn 0.0866 -0.9957 0.0326
vn 0.0035 -1.0000 -0.0028
vn -0.0120 -0.9999 -0.0033
vn 0.0393 -0.9989 0.0258
vn 0.0028 -1.0000 0.0000
vn -0.0031 -0.9999 -0.0101
vn -0.0097 -0.9999 0.0061
vn -0.0012 -1.0000 0.0001
vn 0.0090 -1.0000 -0.0001
vn 0.0090 -1.0000 -0.0001
vn 0.0596 -0.9982 -0.0054
vn -0.0097 -0.9999 0.0061
vn -0.0031 -0.9999 -0.0101
vn 0.0286 -0.9833 -0.1797
vn 0.0702 -0.9973 -0.0215
vn 0.0596 -0.9982 -0.0054
vn 0.0124 -0.9999 -0.0058
vn -0.1238 -0.9921 0.0205
vn -0.1238 -0.9921 0.0205
vn -0.0097 -0.9999 0.0061
vn 0.0596 -0.9982 -0.0054
vn 0.0286 -0.9833 -0.1797
vn -0.0031 -0.9999 -0.0101
vn -0.1434 -0.9627 -0.2294
vn -0.0054 -0.9962 0.0871
vn 0.0001 -1.0000 0.0036
vn 0.1905 -0.9691 0.1564
vn 0.0001 -1.0000 0.0036
vn 0.0093 -1.0000 0.0034
vn 0.1905 -0.9691 0.1564
vn 0.1425 -0.2601 0.9550
vn -0.1262 -0.3330 0.9345
vn 0.0331 -0.8318 0.5541
vn -0.3215 -0.9355 0.1464
vn -0.3052 -0.9422 0.1384
vn -0.2108 -0.9500 0.2302
vn -0.2799 -0.9517 0.1262
vn -0.2738 -0.9538 0.1234
vn -0.2108 -0.9500 0.2302
vn -0.2299 -0.9676 0.1040
vn -0.2117 -0.9726 0.0963
vn -0.2108 -0.9500 0.2302
vn 0.1260 -0.9900 -0.0627
vn 0.1442 -0.9870 -0.0708
vn 0.1965 -0.9795 -0.0450
vn -0.1092 -0.9928 0.0491
vn -0.0908 -0.9950 0.0411
vn -0.0380 -0.9893 0.1405
vn -0.0644 -0.9974 0.0335
vn -0.0557 -0.9981 0.0255
vn -0.0054 -0.9962 0.0871
vn 0.5852 -0.7542 -0.2978
vn 0.5998 -0.7394 -0.3058
vn 0.8883 -0.2912 -0.3552
vn 0.1905 -0.9691 0.1564
vn 0.0093 -1.0000 0.0034
vn 0.1965 -0.9795 -0.0450
vn 0.0001 -1.0000 0.0036
vn -0.0054 -0.9962 0.0871
vn -0.0265 -0.9996 0.0118
vn -0.0441 -0.9988 0.0200
vn -0.0265 -0.9996 0.0118
vn -0.0054 -0.9962 0.0871
vn -0.0557 -0.9981 0.0255
vn -0.0441 -0.9988 0.0200
vn -0.0054 -0.9962 0.0871
vn 0.0093 -1.0000 0.0034
vn 0.0279 -0.9995 -0.0145
vn 0.0402 -0.9990 -0.0204
vn 0.0402 -0.9990 -0.0204
vn 0.0540 -0.9983 -0.0222
vn 0.0093 -1.0000 0.0034
vn -0.0908 -0.9950 0.0411
vn -0.0837 -0.9958 0.0380
vn -0.0380 -0.9893 0.1405
vn -0.0380 -0.9893 0.1405
vn -0.0837 -0.9958 0.0380
vn -0.0644 -0.9974 0.0335
vn -0.0054 -0.9962 0.0871
vn -0.0380 -0.9893 0.1405
vn -0.0644 -0.9974 0.0335
vn -0.0380 -0.9893 0.1405
vn -0.0054 -0.9962 0.0871
vn 0.1905 -0.9691 0.1564
vn 0.1965 -0.9795 -0.0450
vn 0.0093 -1.0000 0.0034
vn 0.0540 -0.9983 -0.0222
vn -0.0831 -0.9298 0.3587
vn -0.0380 -0.9893 0.1405
vn 0.1905 -0.9691 0.1564
vn -0.1323 -0.9894 0.0596
vn -0.1188 -0.9915 0.0534
vn -0.0380 -0.9893 0.1405
vn -0.0380 -0.9893 0.1405
vn -0.1188 -0.9915 0.0534
vn -0.1092 -0.9928 0.0491
vn 0.0540 -0.9983 -0.0222
vn 0.0626 -0.9976 -0.0297
vn 0.1965 -0.9795 -0.0450
vn 0.0626 -0.9976 -0.0297
vn 0.0826 -0.9958 -0.0394
vn 0.1965 -0.9795 -0.0450
vn 0.0826 -0.9958 -0.0394
vn 0.0926 -0.9947 -0.0458
vn 0.1965 -0.9795 -0.0450
vn 0.0926 -0.9947 -0.0458
vn 0.1121 -0.9921 -0.0556
vn 0.1965 -0.9795 -0.0450
vn -0.1650 -0.9829 0.0817
vn -0.1484 -0.9866 0.0672
vn -0.0380 -0.9893 0.1405
vn -0.0380 -0.9893 0.1405
vn -0.1484 -0.9866 0.0672
vn -0.1323 -0.9894 0.0596
vn 0.1121 -0.9921 -0.0556
vn 0.1260 -0.9900 -0.0627
vn 0.1965 -0.9795 -0.0450
vn -0.1650 -0.9829 0.0817
vn -0.0380 -0.9893 0.1405
vn -0.2108 -0.9500 0.2302
vn -0.2108 -0.9500 0.2302
vn -0.0380 -0.9893 0.1405
vn -0.0831 -0.9298 0.3587
vn -0.2117 -0.9726 0.0963
vn -0.1960 -0.9765 0.0902
vn -0.2108 -0.9500 0.2302
vn -0.1960 -0.9765 0.0902
vn -0.1810 -0.9799 0.0845
vn -0.2108 -0.9500 0.2302
vn -0.2108 -0.9500 0.2302
vn -0.1810 -0.9799 0.0845
vn -0.1650 -0.9829 0.0817
vn 0.1442 -0.9870 -0.0708
vn 0.1566 -0.9847 -0.0768
vn 0.1965 -0.9795 -0.0450
vn 0.1566 -0.9847 -0.0768
vn 0.1872 -0.9782 -0.0897
vn 0.1965 -0.9795 -0.0450
vn 0.1965 -0.9795 -0.0450
vn 0.1872 -0.9782 -0.0897
vn 0.1907 -0.9771 -0.0942
vn 0.1965 -0.9795 -0.0450
vn 0.2513 -0.9652 -0.0726
vn 0.4373 -0.8987 -0.0331
vn -0.2738 -0.9538 0.1234
vn -0.2602 -0.9584 0.1172
vn -0.2108 -0.9500 0.2302
vn -0.2602 -0.9584 0.1172
vn -0.2440 -0.9635 0.1100
vn -0.2108 -0.9500 0.2302
vn -0.2440 -0.9635 0.1100
vn -0.2299 -0.9676 0.1040
vn -0.2108 -0.9500 0.2302
vn 0.1907 -0.9771 -0.0942
vn 0.2066 -0.9735 -0.0983
vn 0.1965 -0.9795 -0.0450
vn 0.1965 -0.9795 -0.0450
vn 0.2066 -0.9735 -0.0983
vn 0.2214 -0.9695 -0.1049
vn 0.2214 -0.9695 -0.1049
vn 0.2513 -0.9652 -0.0726
vn 0.1965 -0.9795 -0.0450
vn 0.4373 -0.8987 -0.0331
vn 0.2513 -0.9652 -0.0726
vn 0.2551 -0.9595 -0.1191
vn -0.3052 -0.9422 0.1384
vn -0.2987 -0.9447 0.1351
vn -0.2108 -0.9500 0.2302
vn -0.2108 -0.9500 0.2302
vn -0.2987 -0.9447 0.1351
vn -0.2799 -0.9517 0.1262
vn -0.3361 -0.9276 0.1634
vn -0.3330 -0.9305 0.1523
vn -0.2108 -0.9500 0.2302
vn -0.2108 -0.9500 0.2302
vn -0.3330 -0.9305 0.1523
vn -0.3215 -0.9355 0.1464
vn 0.2551 -0.9595 -0.1191
vn 0.2677 -0.9550 -0.1279
vn 0.4373 -0.8987 -0.0331
vn 0.4373 -0.8987 -0.0331
vn 0.2677 -0.9550 -0.1279
vn 0.2831 -0.9491 -0.1380
vn 0.2831 -0.9491 -0.1380
vn 0.3018 -0.9417 -0.1491
vn 0.4373 -0.8987 -0.0331
vn -0.3706 -0.9135 0.1676
vn -0.3593 -0.9189 0.1625
vn -0.3868 -0.9018 0.1928
vn -0.3868 -0.9018 0.1928
vn -0.3593 -0.9189 0.1625
vn -0.3361 -0.9276 0.1634
vn -0.2108 -0.9500 0.2302
vn -0.3868 -0.9018 0.1928
vn -0.3361 -0.9276 0.1634
vn -0.2108 -0.9500 0.2302
vn -0.3740 -0.8740 0.3102
vn -0.3868 -0.9018 0.1928
vn -0.2108 -0.9500 0.2302
vn -0.0831 -0.9298 0.3587
vn -0.3740 -0.8740 0.3102
vn 0.4373 -0.8987 -0.0331
vn 0.1905 -0.9691 0.1564
vn 0.1965 -0.9795 -0.0450
vn 0.3018 -0.9417 -0.1491
vn 0.3228 -0.9328 -0.1604
vn 0.4373 -0.8987 -0.0331
vn 0.4373 -0.8987 -0.0331
vn 0.3228 -0.9328 -0.1604
vn 0.3421 -0.9241 -0.1704
vn 0.3421 -0.9241 -0.1704
vn 0.3621 -0.9146 -0.1801
vn 0.4373 -0.8987 -0.0331
vn 0.4992 -0.8595 0.1103
vn 0.1905 -0.9691 0.1564
vn 0.4373 -0.8987 -0.0331
vn -0.3868 -0.9018 0.1928
vn -0.3740 -0.8740 0.3102
vn -0.6379 -0.7567 0.1429
vn -0.3185 -0.6210 0.7161
vn -0.5521 -0.4737 0.6862
vn -0.0831 -0.9298 0.3587
vn -0.3740 -0.8740 0.3102
vn -0.0831 -0.9298 0.3587
vn -0.5521 -0.4737 0.6862
vn 0.3621 -0.9146 -0.1801
vn 0.3807 -0.9051 -0.1892
vn 0.4373 -0.8987 -0.0331
vn 0.4373 -0.8987 -0.0331
vn 0.3807 -0.9051 -0.1892
vn 0.4444 -0.8676 -0.2231
vn 0.4444 -0.8676 -0.2231
vn 0.4265 -0.8799 -0.2095
vn 0.4373 -0.8987 -0.0331
vn 0.4265 -0.8799 -0.2095
vn 0.5272 -0.8142 -0.2429
vn 0.4373 -0.8987 -0.0331
vn -0.0831 -0.9298 0.3587
vn 0.0331 -0.8318 0.5541
vn -0.1262 -0.3330 0.9345
vn 0.4992 -0.8595 0.1103
vn 0.6151 -0.7102 0.3425
vn 0.1905 -0.9691 0.1564
vn -0.0831 -0.9298 0.3587
vn -0.1262 -0.3330 0.9345
vn -0.3185 -0.6210 0.7161
vn 0.1905 -0.9691 0.1564
vn 0.6151 -0.7102 0.3425
vn 0.3883 -0.8679 0.3099
vn 0.9085 -0.2411 0.3412
vn 0.6151 -0.7102 0.3425
vn 0.4992 -0.8595 0.1103
vn -0.7246 -0.3637 0.5853
vn -0.5180 -0.8120 0.2690
vn -0.3740 -0.8740 0.3102
vn 0.5272 -0.8142 -0.2429
vn 0.9190 -0.3177 -0.2336
vn 0.4373 -0.8987 -0.0331
vn 0.9417 -0.3327 -0.0502
vn 0.4992 -0.8595 0.1103
vn 0.4373 -0.8987 -0.0331
vn -0.3740 -0.8740 0.3102
vn -0.5521 -0.4737 0.6862
vn -0.7246 -0.3637 0.5853
vn 0.4373 -0.8987 -0.0331
vn 0.9190 -0.3177 -0.2336
vn 0.9417 -0.3327 -0.0502
vn -0.5180 -0.8120 0.2690
vn -0.5999 -0.7525 0.2717
vn -0.5844 -0.7672 0.2645
vn 0.5272 -0.8142 -0.2429
vn 0.8883 -0.2912 -0.3552
vn 0.9190 -0.3177 -0.2336
vn 0.3962 -0.8884 -0.2320
vn 0.8883 -0.2912 -0.3552
vn 0.5272 -0.8142 -0.2429
vn 0.3962 -0.8884 -0.2320
vn 0.5852 -0.7542 -0.2978
vn 0.8883 -0.2912 -0.3552
vn -0.3185 -0.6210 0.7161
vn -0.1262 -0.3330 0.9345
vn -0.2423 -0.5054 0.8282
vn -0.5180 -0.8120 0.2690
vn -0.7246 -0.3637 0.5853
vn -0.8707 -0.1239 0.4759
vn -0.5180 -0.8120 0.2690
vn -0.8707 -0.1239 0.4759
vn -0.6093 -0.7428 0.2775
vn -0.6093 -0.7428 0.2775
vn -0.5999 -0.7525 0.2717
vn -0.5180 -0.8120 0.2690
vn 0.1140 -0.9188 0.3778
vn -0.0831 -0.9298 0.3587
vn 0.1905 -0.9691 0.1564
vn -0.0831 -0.9298 0.3587
vn 0.1425 -0.2601 0.9550
vn 0.0331 -0.8318 0.5541
vn 0.1140 -0.9188 0.3778
vn 0.2555 -0.5996 0.7584
vn -0.0831 -0.9298 0.3587
vn 0.1140 -0.9188 0.3778
vn 0.1905 -0.9691 0.1564
vn 0.3955 -0.6282 0.6700
vn 0.1425 -0.2601 0.9550
vn -0.0831 -0.9298 0.3587
vn 0.2555 -0.5996 0.7584
vn 0.2555 -0.5996 0.7584
vn 0.1140 -0.9188 0.3778
vn 0.3955 -0.6282 0.6700
vn 0.3474 -0.1301 0.9286
vn 0.3955 -0.6282 0.6700
vn 0.4974 -0.5511 0.6700
vn 0.2131 -0.9272 0.3080
vn 0.3883 -0.8679 0.3099
vn 0.3955 -0.6282 0.6700
vn 0.4974 -0.5511 0.6700
vn 0.3955 -0.6282 0.6700
vn 0.3883 -0.8679 0.3099
vn 0.2131 -0.9272 0.3080
vn 0.3955 -0.6282 0.6700
vn 0.1905 -0.9691 0.1564
vn 0.6151 -0.7102 0.3425
vn 0.4974 -0.5511 0.6700
vn 0.3883 -0.8679 0.3099
vn 0.3883 -0.8679 0.3099
vn 0.2131 -0.9272 0.3080
vn 0.1905 -0.9691 0.1564
vn 0.4992 -0.8595 0.1103
vn 0.9417 -0.3327 -0.0502
vn 0.9678 -0.1170 0.2228
vn 0.9678 -0.1170 0.2228
vn 0.9085 -0.2411 0.3412
vn 0.4992 -0.8595 0.1103
vn 0.6151 -0.7102 0.3425
vn 0.7787 -0.0379 0.6263
vn 0.4974 -0.5511 0.6700
vn 0.2555 -0.5996 0.7584
vn 0.3955 -0.6282 0.6700
vn 0.7177 -0.1548 0.6789
vn -0.8143 -0.4499 0.3667
vn -0.7180 -0.6163 0.3236
vn -0.8707 -0.1239 0.4759
vn 0.8883 -0.2912 -0.3552
vn 0.5998 -0.7394 -0.3058
vn 0.7510 -0.5372 -0.3840
vn -0.8664 -0.3115 0.3902
vn -0.8143 -0.4499 0.3667
vn -0.8707 -0.1239 0.4759
vn -0.8707 -0.1239 0.4759
vn -0.9039 -0.1301 0.4075
vn -0.8664 -0.3115 0.3902
vn -0.3431 -0.0101 0.9393
vn -0.2423 -0.5054 0.8282
vn -0.1262 -0.3330 0.9345
vn 0.8302 -0.3615 -0.4244
vn 0.8766 -0.1765 -0.4476
vn 0.8883 -0.2912 -0.3552
vn 0.7510 -0.5372 -0.3840
vn 0.8302 -0.3615 -0.4244
vn 0.8883 -0.2912 -0.3552
vn -0.8707 -0.1239 0.4759
vn -0.9114 -0.0007 0.4115
vn -0.9039 -0.1301 0.4075
vn -0.3185 -0.6210 0.7161
vn -0.3282 0.7434 0.5828
vn -0.5521 -0.4737 0.6862
vn -0.3431 -0.0101 0.9393
vn -0.3185 -0.6210 0.7161
vn -0.2423 -0.5054 0.8282
vn -0.7180 -0.6163 0.3236
vn -0.6093 -0.7428 0.2775
vn -0.8707 -0.1239 0.4759
vn 0.2555 -0.5996 0.7584
vn 0.2315 0.0396 0.9720
vn 0.1425 -0.2601 0.9550
vn 0.7787 -0.0379 0.6263
vn 0.6151 -0.7102 0.3425
vn 0.8349 -0.0403 0.5489
vn 0.8915 -0.0265 0.4522
vn 0.6151 -0.7102 0.3425
vn 0.9085 -0.2411 0.3412
vn 0.9959 0.0171 0.0889
vn 0.9678 -0.1170 0.2228
vn 0.9417 -0.3327 -0.0502
vn 0.9190 -0.3177 -0.2336
vn 0.9544 0.2035 -0.2184
vn 0.9417 -0.3327 -0.0502
vn 0.8766 -0.1765 -0.4476
vn 0.8912 -0.0025 -0.4536
vn 0.8883 -0.2912 -0.3552
vn 0.8875 0.0229 -0.4603
vn 0.8908 0.0001 -0.4544
vn 0.8911 0.0012 -0.4538
vn 0.8911 0.0012 -0.4538
vn 0.8904 0.0522 -0.4522
vn 0.8875 0.0229 -0.4603
vn 0.8828 0.0462 -0.4674
vn 0.8875 0.0229 -0.4603
vn 0.8904 0.0522 -0.4522
vn 0.8828 0.0462 -0.4674
vn 0.8904 0.0522 -0.4522
vn 0.8875 0.0980 -0.4502
vn 0.8844 0.1201 -0.4510
vn 0.8828 0.0462 -0.4674
vn 0.8875 0.0980 -0.4502
vn 0.8706 0.2202 -0.4400
vn 0.8526 0.2951 -0.4313
vn 0.8584 0.2736 -0.4339
vn 0.8584 0.2736 -0.4339
vn 0.8075 0.1399 -0.5730
vn 0.8706 0.2202 -0.4400
vn 0.8706 0.2202 -0.4400
vn 0.8075 0.1399 -0.5730
vn 0.8760 0.1831 -0.4461
vn 0.8810 0.1603 -0.4452
vn 0.8706 0.2202 -0.4400
vn 0.8760 0.1831 -0.4461
vn 0.8760 0.1831 -0.4461
vn 0.8814 0.1453 -0.4494
vn 0.8810 0.1603 -0.4452
vn 0.8814 0.1453 -0.4494
vn 0.8875 0.0980 -0.4502
vn 0.8810 0.1603 -0.4452
vn 0.8875 0.0980 -0.4502
vn 0.8814 0.1453 -0.4494
vn 0.8844 0.1201 -0.4510
vn 0.8346 0.3498 -0.4255
vn 0.8526 0.2951 -0.4313
vn 0.8336 0.3559 -0.4223
vn 0.8346 0.3498 -0.4255
vn 0.8444 0.3216 -0.4284
vn 0.8526 0.2951 -0.4313
vn 0.8444 0.3216 -0.4284
vn 0.8584 0.2736 -0.4339
vn 0.8526 0.2951 -0.4313
vn 0.7843 0.4638 -0.4121
vn 0.7930 0.4531 -0.4072
vn 0.7809 0.4791 -0.4009
vn 0.7930 0.4531 -0.4072
vn 0.8336 0.3559 -0.4223
vn 0.7809 0.4791 -0.4009
vn 0.7930 0.4531 -0.4072
vn 0.8346 0.3498 -0.4255
vn 0.8336 0.3559 -0.4223
vn 0.7843 0.4638 -0.4121
vn 0.7809 0.4791 -0.4009
vn 0.8124 0.4629 -0.3546
vn 0.7414 0.5872 -0.3248
vn 0.7843 0.4638 -0.4121
vn 0.8124 0.4629 -0.3546
vn 0.7414 0.5872 -0.3248
vn 0.8176 0.3815 -0.4312
vn 0.7843 0.4638 -0.4121
vn 0.0827 0.9958 -0.0391
vn 0.7414 0.5872 -0.3248
vn 0.0188 0.9998 0.0026
vn 0.6432 0.3134 -0.6986
vn 0.6432 0.3134 -0.6986
vn 0.8124 0.4629 -0.3546
vn 0.7414 0.5872 -0.3248
vn 0.8124 0.4629 -0.3546
vn 0.9295 0.2737 0.2473
vn 0.4751 0.0176 -0.8798
vn 0.5269 0.1091 -0.8429
vn 0.8124 0.4629 -0.3546
vn 0.5269 0.1091 -0.8429
vn 0.7920 0.5769 -0.1999
vn 0.8124 0.4629 -0.3546
vn 0.7920 0.5769 -0.1999
vn 0.9295 0.2737 0.2473
vn 0.8124 0.4629 -0.3546
vn 0.9798 0.0213 0.1989
vn 0.7414 0.5872 -0.3248
vn 0.9295 0.2737 0.2473
vn 0.1369 0.9643 0.2265
vn -0.0758 0.9958 0.0519
vn 0.0156 0.9992 0.0372
vn 0.0423 0.9711 0.2351
vn 0.0156 0.9992 0.0372
vn -0.0758 0.9958 0.0519
vn 0.0018 1.0000 -0.0097
vn 0.0156 0.9992 0.0372
vn 0.0188 0.9998 0.0026
vn 0.0211 0.9748 0.2220
vn 0.0423 0.9711 0.2351
vn -0.0758 0.9958 0.0519
vn 0.0211 0.9748 0.2220
vn -0.0758 0.9958 0.0519
vn 0.0009 1.0000 0.0017
vn 0.0009 1.0000 0.0017
vn -0.0060 0.8972 0.4416
vn 0.0211 0.9748 0.2220
vn -0.6368 0.0814 -0.7668
vn -0.6417 -0.4258 -0.6379
vn -0.6417 -0.4258 -0.6379
vn 0.1704 0.5409 0.8237
vn -0.1575 0.9622 0.2221
vn 0.0188 0.9998 0.0026
vn -0.1030 0.8920 0.4400
vn -0.0060 0.8972 0.4416
vn 0.0009 1.0000 0.0017
vn 0.0614 0.9980 -0.0122
vn 0.0117 0.8616 0.5074
vn 0.5265 0.8426 -0.1131
vn -0.2800 0.9033 0.3251
vn -0.3282 0.7434 0.5828
vn 0.0614 0.9980 -0.0122
vn 0.0827 0.9958 -0.0391
vn 0.0156 0.9992 0.0372
vn 0.3085 0.8477 0.4316
vn 0.0827 0.9958 -0.0391
vn 0.0188 0.9998 0.0026
vn 0.0156 0.9992 0.0372
vn 0.0018 1.0000 -0.0097
vn 0.0188 0.9998 0.0026
vn -0.1575 0.9622 0.2221
vn -0.1575 0.9622 0.2221
vn -0.3688 0.9229 -0.1107
vn -0.0987 0.9728 -0.2093
vn 0.0156 0.9992 0.0372
vn 0.0018 1.0000 -0.0097
vn 0.0589 0.9982 -0.0114
vn 0.0589 0.9982 -0.0114
vn 0.1369 0.9643 0.2265
vn 0.0156 0.9992 0.0372
vn -0.3282 0.7434 0.5828
vn -0.1211 0.9519 0.2813
vn 0.0614 0.9980 -0.0122
vn 0.0009 1.0000 0.0017
vn 0.0614 0.9980 -0.0122
vn -0.1211 0.9519 0.2813
vn -0.1211 0.9519 0.2813
vn -0.1030 0.8920 0.4400
vn 0.0009 1.0000 0.0017
vn -0.3688 0.9229 -0.1107
vn -0.0968 0.7797 -0.6187
vn -0.0987 0.9728 -0.2093
vn 0.0827 0.9958 -0.0391
vn 0.3395 0.8175 0.4652
vn 0.4169 0.8583 0.2991
vn 0.0018 1.0000 -0.0097
vn 0.4089 0.6462 -0.6443
vn 0.0589 0.9982 -0.0114
vn -0.1293 0.9912 0.0292
vn -0.2800 0.9033 0.3251
vn 0.0117 0.8616 0.5074
vn 0.4169 0.8583 0.2991
vn 0.5019 0.8272 -0.2528
vn 0.0827 0.9958 -0.0391
vn -0.1293 0.9912 0.0292
vn -0.2848 0.9576 0.0428
vn -0.6308 0.7630 0.1410
vn 0.5019 0.8272 -0.2528
vn 0.4169 0.8583 0.2991
vn -0.0035 1.0000 0.0003
vn 0.0008 1.0000 -0.0001
vn 0.5019 0.8272 -0.2528
vn 0.0008 1.0000 -0.0001
vn -0.0006 1.0000 0.0006
vn -0.2800 0.9033 0.3251
vn -0.1293 0.9912 0.0292
vn 0.0827 0.9958 -0.0391
vn 0.3085 0.8477 0.4316
vn 0.3395 0.8175 0.4652
vn 0.0275 0.9996 0.0026
vn 0.0275 0.9996 0.0026
vn 0.0275 0.9996 0.0026
vn -0.0016 1.0000 -0.0002
vn -0.0016 1.0000 -0.0002
vn -0.0016 1.0000 -0.0002
vn -0.1293 0.9912 0.0292
vn -0.6308 0.7630 0.1410
vn -0.6491 0.6093 0.4555
vn -0.0987 0.9728 -0.2093
vn -0.0570 0.9890 -0.1367
vn 0.0018 1.0000 -0.0097
vn 0.0018 1.0000 -0.0097
vn -0.1575 0.9622 0.2221
vn -0.0987 0.9728 -0.2093
vn -0.2701 0.9628 -0.0024
vn -0.6729 0.7368 -0.0661
vn -0.6729 0.7368 -0.0661
vn 0.5071 0.3676 0.7796
vn 0.5071 0.3676 0.7796
vn 0.5071 0.3676 0.7796
vn 0.4049 0.5672 0.7172
vn 0.1369 0.9643 0.2265
vn 0.0117 0.8616 0.5074
vn 0.0117 0.8616 0.5074
vn 0.3634 0.3115 0.8780
vn 0.3634 0.3115 0.8780
vn -0.1293 0.9912 0.0292
vn 0.0117 0.8616 0.5074
vn -0.0591 0.9789 0.1954
vn 0.1301 0.6916 -0.7105
vn 0.4089 0.6462 -0.6443
vn -0.3795 0.6088 -0.6966
vn -0.5656 -0.6023 0.5633
vn -0.5656 -0.6023 0.5633
vn -0.8734 0.0956 0.4776
vn -0.9515 -0.2072 -0.2275
vn -0.6368 0.0814 -0.7668
vn -0.8734 0.0956 0.4776
vn 0.0303 -0.1422 -0.9894
vn 0.0303 -0.1422 -0.9894
vn -0.6368 0.0814 -0.7668
vn 0.4089 0.6462 -0.6443
vn -0.0463 0.7423 -0.6684
vn 0.4224 0.0859 -0.9023
vn 0.9578 -0.0019 -0.2876
vn 0.9578 -0.0019 -0.2876
vn 0.9373 0.3030 0.1723
vn 0.9373 0.3030 0.1723
vn 0.9434 0.0330 -0.3300
vn 0.9434 0.0330 -0.3300
vn 0.9373 0.3030 0.1723
vn 0.9408 0.0195 0.3384
vn 0.9408 0.0195 0.3384
vn 0.7435 0.1911 0.6408
vn 0.9373 0.3030 0.1723
vn 0.7435 0.1911 0.6408
vn 0.4755 -0.0603 0.8776
vn 0.4755 -0.0603 0.8776
vn 0.4755 -0.0603 0.8776
vn -0.3567 -0.1237 0.9260
vn -0.8734 0.0956 0.4776
vn -0.3567 -0.1237 0.9260
vn -0.8734 0.0956 0.4776
vn -0.6344 0.1793 0.7519
vn -0.7588 0.3794 0.5294
vn -0.8734 0.0956 0.4776
vn -0.7588 0.3794 0.5294
vn -0.7060 0.6310 -0.3217
vn -0.7060 0.6310 -0.3217
vn -0.1339 0.9884 0.0711
vn 0.0329 0.7831 0.6211
vn 0.0980 0.9951 0.0154
vn 0.4614 0.8078 -0.3669
vn 0.0329 0.7831 0.6211
vn -0.6368 0.0814 -0.7668
vn -0.7060 0.6310 -0.3217
vn -0.0463 0.7423 -0.6684
vn 0.0329 0.7831 0.6211
vn 0.4614 0.8078 -0.3669
vn -0.0463 0.7423 -0.6684
vn -0.7060 0.6310 -0.3217
vn 0.0329 0.7831 0.6211
vn -0.0463 0.7423 -0.6684
vn -0.7127 -0.5015 -0.4905
vn -0.7127 -0.5015 -0.4905
vn -0.7127 -0.5015 -0.4905
vn -0.0207 0.1815 -0.9832
vn 0.5269 0.1091 -0.8429
vn -0.0968 0.7797 -0.6187
vn 0.0100 0.8964 -0.4431
vn 0.0100 0.8964 -0.4431
vn -0.0968 0.7797 -0.6187
vn 0.1704 0.5409 0.8237
vn 0.0188 0.9998 0.0026
vn -0.1474 0.9719 0.1835
vn -0.3640 -0.4282 -0.8271
vn -0.3640 -0.4282 -0.8271
vn -0.1223 0.1089 -0.9865
vn -0.1223 0.1089 -0.9865
vn -0.0207 0.1815 -0.9832
vn -0.5406 -0.0967 -0.8357
vn -0.0207 0.1815 -0.9832
vn -0.1223 0.1089 -0.9865
vn 0.5541 0.0563 -0.8306
vn 0.7920 0.5769 -0.1999
vn 0.5269 0.1091 -0.8429
vn -0.0207 0.1815 -0.9832
vn 0.0236 0.7068 0.7071
vn 0.1704 0.5409 0.8237
vn 0.9295 0.2737 0.2473
vn 0.0012 -0.1114 0.9938
vn 0.0012 -0.1114 0.9938
vn 0.1704 0.5409 0.8237
vn -0.7585 0.2210 0.6130
vn -0.7585 0.2210 0.6130
vn -0.7585 0.2210 0.6130
vn -0.8498 -0.3079 0.4278
vn -0.8498 -0.3079 0.4278
vn -0.8498 -0.3079 0.4278
vn 0.9295 0.2737 0.2473
vn 0.7920 0.5769 -0.1999
vn 0.0236 0.7068 0.7071
vn 0.1727 0.9509 0.2568
vn -0.1369 0.9874 -0.0791
vn 0.1727 0.9509 0.2568
vn 0.0236 0.7068 0.7071
vn 0.7920 0.5769 -0.1999
vn -0.1241 0.9914 0.0425
vn -0.8966 0.3930 -0.2041
vn -0.5125 0.8586 -0.0092
vn -0.1241 0.9914 0.0425
vn -0.1369 0.9874 -0.0791
vn -0.8966 0.3930 -0.2041
vn -0.1241 0.9914 0.0425
vn 0.7920 0.5769 -0.1999
vn -0.1369 0.9874 -0.0791
vn -0.1241 0.9914 0.0425
vn -0.0200 -0.9998 0.0000
vn -0.0186 -0.9998 0.0001
vn -0.0207 -0.9998 0.0020
vn -0.0213 -0.9998 0.0011
vn -0.0183 -0.9998 0.0035
vn -0.0222 -0.9997 -0.0096
vn -0.0190 -0.9998 -0.0016
vn -0.0200 -0.9998 0.0012
vn -0.0183 -0.9998 0.0035
vn -0.0200 -0.9998 0.0012
vn -0.0222 -0.9997 -0.0096
vn -0.0183 -0.9998 0.0035
vn -0.0222 -0.9997 -0.0096
vn -0.2689 -0.9600 0.0775
vn -0.0213 -0.9998 0.0011
vn -0.0213 -0.9998 0.0011
vn -0.2689 -0.9600 0.0775
vn -0.0153 -0.9998 0.0086
vn -0.0200 -0.9998 0.0000
vn -0.0213 -0.9998 0.0011
vn -0.0153 -0.9998 0.0086
vn -0.0153 -0.9998 0.0086
vn -0.0186 -0.9998 0.0001
vn -0.0200 -0.9998 0.0000
vn -0.0152 -0.9999 -0.0014
vn -0.1274 -0.9912 -0.0347
vn -0.0237 -0.9997 -0.0090
vn -0.0237 -0.9997 -0.0090
vn -0.0183 -0.9998 0.0035
vn -0.0152 -0.9999 -0.0014
vn -0.0183 -0.9998 0.0035
vn -0.0237 -0.9997 -0.0090
vn -0.0190 -0.9998 -0.0016
vn -0.1228 -0.9878 -0.0962
vn -0.0237 -0.9997 -0.0090
vn -0.1274 -0.9912 -0.0347
vn -0.1228 -0.9878 -0.0962
vn -0.0931 -0.9956 -0.0134
vn -0.1242 -0.9922 0.0079
vn -0.1387 -0.9437 -0.3004
vn -0.1274 -0.9912 -0.0347
vn -0.0152 -0.9999 -0.0014
vn -0.0931 -0.9956 -0.0134
vn -0.3088 -0.9426 0.1270
vn -0.1242 -0.9922 0.0079
vn -0.1466 -0.2167 -0.9652
vn -0.0158 -0.9925 -0.1210
vn 0.0260 -0.9971 -0.0718
vn -0.0152 -0.9999 -0.0014
vn 0.0260 -0.9971 -0.0718
vn -0.0158 -0.9925 -0.1210
vn -0.1387 -0.9437 -0.3004
vn -0.0152 -0.9999 -0.0014
vn -0.0151 -0.9988 -0.0473
vn 0.0749 -0.3247 -0.9429
vn -0.0187 -0.4084 -0.9126
vn -0.0192 -0.3841 -0.9231
vn -0.1387 -0.9437 -0.3004
vn -0.0259 -0.5033 -0.8637
vn -0.0278 -0.5324 -0.8460
vn -0.7118 -0.0155 -0.7023
vn -0.7118 -0.0155 -0.7023
vn -0.7118 -0.0155 -0.7023
vn -0.1387 -0.9437 -0.3004
vn -0.0278 -0.5324 -0.8460
vn -0.0187 -0.4084 -0.9126
vn -0.0122 -0.4176 -0.9085
vn -0.1387 -0.9437 -0.3004
vn -0.0192 -0.3841 -0.9231
vn -0.8789 -0.4725 -0.0653
vn -0.1274 -0.9912 -0.0347
vn -0.2359 -0.9405 -0.2444
vn -0.1274 -0.9912 -0.0347
vn -0.8789 -0.4725 -0.0653
vn -0.1228 -0.9878 -0.0962
vn -0.9943 -0.0635 -0.0859
vn -0.9943 -0.0635 -0.0859
vn -0.8789 -0.4725 -0.0653
vn -0.9068 -0.2310 -0.3526
vn -0.9068 -0.2310 -0.3526
vn -0.9068 -0.2310 -0.3526
vn -0.8539 -0.0970 -0.5112
vn -0.8789 -0.4725 -0.0653
vn -0.8539 -0.0970 -0.5112
vn 0.6479 0.0054 -0.7617
vn 0.7446 -0.3626 -0.5604
vn 0.7751 -0.1975 -0.6001
vn 0.8207 -0.1729 -0.5446
vn 0.8410 -0.1466 -0.5208
vn 0.7751 -0.1975 -0.6001
vn 0.8714 -0.0944 -0.4814
vn 0.8680 -0.0323 -0.4955
vn 0.7751 -0.1975 -0.6001
vn 0.8615 -0.0246 -0.5071
vn 0.7751 -0.1975 -0.6001
vn 0.8680 -0.0323 -0.4955
vn 0.8680 -0.0323 -0.4955
vn 0.8909 -0.0016 -0.4542
vn 0.8848 -0.0047 -0.4660
vn 0.8410 -0.1466 -0.5208
vn 0.8584 -0.1442 -0.4923
vn 0.7751 -0.1975 -0.6001
vn 0.8584 -0.1442 -0.4923
vn 0.8714 -0.0944 -0.4814
vn 0.7751 -0.1975 -0.6001
vn 0.7446 -0.3626 -0.5604
vn 0.8207 -0.1729 -0.5446
vn 0.7751 -0.1975 -0.6001
vn 0.3747 -0.7865 -0.4910
vn 0.3341 -0.3352 -0.8809
vn 0.3548 -0.2506 -0.9007
vn 0.3297 -0.3210 -0.8878
vn 0.3297 -0.3210 -0.8878
vn 0.3548 -0.2506 -0.9007
vn 0.0573 -0.9760 -0.2101
vn 0.0348 -0.5861 -0.8095
vn 0.0260 -0.9971 -0.0718
vn -0.1466 -0.2167 -0.9652
vn -0.2200 -0.0343 -0.9749
vn -0.2200 -0.0343 -0.9749
vn -0.0653 -0.1534 -0.9860
vn -0.1466 -0.2167 -0.9652
vn -0.0653 -0.1534 -0.9860
vn -0.2601 -0.3030 -0.9168
vn -0.1028 -0.0451 -0.9937
vn -0.2601 -0.3030 -0.9168
vn -0.8342 -0.0973 -0.5428
vn -0.8342 -0.0973 -0.5428
vn -0.8342 -0.0973 -0.5428
vn -0.8515 -0.1068 -0.5134
vn -0.8515 -0.1068 -0.5134
vn -0.8515 -0.1068 -0.5134
vn -0.9184 -0.0542 -0.3919
vn -0.9184 -0.0542 -0.3919
vn -0.9184 -0.0542 -0.3919
vn -0.9914 -0.0826 0.1017
vn -0.9511 -0.2403 0.1943
vn -0.9402 -0.3246 0.1030
vn -0.9750 -0.2165 0.0504
vn -0.9750 -0.2165 0.0504
vn -0.9402 -0.3246 0.1030
vn -0.9794 -0.0286 0.1999
vn -0.9511 -0.2403 0.1943
vn -0.9859 0.0103 0.1673
vn -0.9779 0.0367 0.2059
vn -0.9340 -0.1768 0.3105
vn -0.9794 -0.0286 0.1999
vn -0.9689 0.0504 0.2423
vn -0.9340 -0.1234 0.3354
vn -0.9340 -0.1768 0.3105
vn -0.9318 -0.0806 0.3540
vn -0.9340 -0.1234 0.3354
vn -0.9578 0.0585 0.2815
vn -0.9374 0.0549 0.3440
vn -0.9136 0.0009 0.4066
vn -0.9265 -0.0410 0.3741
vn -0.9464 0.0585 0.3175
vn -0.9265 -0.0410 0.3741
vn -0.9318 -0.0806 0.3540
vn -0.8671 0.0710 0.4930
vn -0.9114 0.0020 0.4114
vn -0.9136 0.0009 0.4066
vn -0.9136 0.0009 0.4066
vn -0.9872 0.1154 0.1102
vn -0.8671 0.0710 0.4930
vn -0.7138 0.4544 0.5329
vn -0.8671 0.0710 0.4930
vn -0.8322 -0.0318 0.5536
vn -0.8035 -0.0595 0.5923
vn -0.8035 -0.0595 0.5923
vn -0.7138 0.4544 0.5329
vn -0.5762 0.4326 0.6934
vn -0.7138 0.4544 0.5329
vn -0.7666 -0.0184 0.6418
vn -0.5565 0.0579 0.8289
vn -0.4191 0.2892 0.8606
vn -0.5762 0.4326 0.6934
vn -0.4191 0.2892 0.8606
vn -0.3665 -0.0209 0.9302
vn -0.1960 -0.7608 0.6187
vn -0.2761 0.0147 0.9610
vn -0.2003 0.3663 0.9087
vn -0.4191 0.2892 0.8606
vn -0.1834 0.0136 0.9830
vn -0.0818 -0.3337 0.9391
vn -0.2003 0.3663 0.9087
vn -0.0818 -0.3337 0.9391
vn -0.0098 0.7561 0.6544
vn -0.2003 0.3663 0.9087
vn -0.0818 -0.3337 0.9391
vn 0.0804 0.0961 0.9921
vn -0.0098 0.7561 0.6544
vn -0.0818 -0.3337 0.9391
vn 0.0549 -0.5612 0.8259
vn 0.0804 0.0961 0.9921
vn 0.0804 0.0961 0.9921
vn 0.0549 -0.5612 0.8259
vn 0.2040 -0.2865 0.9361
vn 0.3477 0.0355 0.9369
vn 0.0804 0.0961 0.9921
vn 0.2040 -0.2865 0.9361
vn 0.3477 0.0355 0.9369
vn 0.2040 -0.2865 0.9361
vn 0.3534 -0.3020 0.8854
vn 0.3477 0.0355 0.9369
vn 0.3534 -0.3020 0.8854
vn 0.4879 -0.0019 0.8729
vn 0.4879 -0.0019 0.8729
vn 0.3253 0.7065 0.6285
vn 0.3477 0.0355 0.9369
vn 0.6743 0.2888 0.6796
vn 0.3253 0.7065 0.6285
vn 0.4879 -0.0019 0.8729
vn 0.4879 -0.0019 0.8729
vn 0.6312 -0.1124 0.7675
vn 0.6743 0.2888 0.6796
vn 0.6312 -0.1124 0.7675
vn 0.7153 -0.1899 0.6725
vn 0.6743 0.2888 0.6796
vn 0.6743 0.2888 0.6796
vn 0.7153 -0.1899 0.6725
vn 0.6134 -0.6313 0.4745
vn 0.7392 0.4922 0.4597
vn 0.6743 0.2888 0.6796
vn 0.6134 -0.6313 0.4745
vn 0.6134 -0.6313 0.4745
vn 0.8200 0.0142 0.5722
vn 0.7392 0.4922 0.4597
vn 0.7392 0.4922 0.4597
vn 0.8484 -0.0030 0.5293
vn 0.8484 -0.0030 0.5293
vn 0.9304 0.2540 0.2644
vn 0.8825 0.0080 0.4702
vn 0.8825 0.0080 0.4702
vn 0.9850 -0.1076 0.1352
vn 0.9304 0.2540 0.2644
vn 0.7392 0.4922 0.4597
vn 0.9304 0.2540 0.2644
vn 0.9603 -0.0075 0.2788
vn 0.9603 -0.0075 0.2788
vn 0.9720 0.0120 0.2347
vn 0.8983 0.4320 0.0796
vn 0.9304 0.2540 0.2644
vn 0.8983 0.4320 0.0796
vn 0.9985 -0.0038 0.0554
vn 0.9985 -0.0038 0.0554
vn 0.9983 0.0069 -0.0574
vn 0.9983 0.0069 -0.0574
vn 0.9158 0.3526 -0.1925
vn 0.9158 0.3526 -0.1925
vn 0.8983 0.4320 0.0796
vn 0.9993 0.0162 -0.0335
vn 0.9158 0.3526 -0.1925
vn 0.9751 -0.0113 -0.2214
vn 0.9751 -0.0113 -0.2214
vn 0.9158 0.3526 -0.1925
vn 0.9538 0.0018 -0.3005
vn 0.9538 0.0018 -0.3005
vn 0.9284 0.1009 -0.3577
vn 0.8932 0.0007 -0.4497
vn 0.8909 -0.0016 -0.4542
vn 0.8909 -0.0016 -0.4542
vn 0.8908 0.0012 -0.4545
vn 0.9284 0.1009 -0.3577
vn -0.1028 -0.0451 -0.9937
vn -0.0235 -0.3655 -0.9305
vn -0.0275 -0.5283 -0.8486
vn -0.1028 -0.0451 -0.9937
vn -0.0275 -0.5283 -0.8486
vn -0.0519 -0.6961 -0.7161
vn -0.0519 -0.6961 -0.7161
vn -0.0151 -0.9988 -0.0473
vn -0.0158 -0.9925 -0.1210
vn 0.2724 -0.9614 -0.0381
vn 0.4711 -0.8820 -0.0074
vn -0.0178 -0.9998 -0.0048
vn -0.0034 -1.0000 -0.0019
vn -0.0178 -0.9998 -0.0048
vn 0.4711 -0.8820 -0.0074
vn 0.4711 -0.8820 -0.0074
vn 0.3855 -0.9190 0.0831
vn -0.0034 -1.0000 -0.0019
vn 0.3855 -0.9190 0.0831
vn 0.2330 -0.9687 0.0858
vn -0.0034 -1.0000 -0.0019
vn -0.0178 -0.9998 -0.0048
vn 0.1960 -0.9769 -0.0852
vn 0.2792 -0.9573 -0.0751
vn 0.2792 -0.9573 -0.0751
vn 0.2724 -0.9614 -0.0381
vn -0.0178 -0.9998 -0.0048
vn -0.0073 -0.9975 -0.0701
vn -0.0178 -0.9998 -0.0048
vn -0.2359 -0.9405 -0.2444
vn 0.1960 -0.9769 -0.0852
vn -0.0178 -0.9998 -0.0048
vn -0.0073 -0.9975 -0.0701
vn -0.0034 -1.0000 -0.0019
vn 0.2330 -0.9687 0.0858
vn 0.2255 -0.9686 0.1042
vn 0.2255 -0.9686 0.1042
vn -0.0266 -0.9995 -0.0165
vn -0.0034 -1.0000 -0.0019
vn 0.2255 -0.9686 0.1042
vn 0.0085 -0.9999 0.0090
vn -0.0266 -0.9995 -0.0165
vn -0.1758 -0.9638 0.2003
vn -0.0266 -0.9995 -0.0165
vn 0.0085 -0.9999 0.0090
vn 0.0573 -0.9760 -0.2101
vn 0.3747 -0.7865 -0.4910
vn 0.1960 -0.9769 -0.0852
vn 0.0085 -0.9999 0.0090
vn -0.1960 -0.7608 0.6187
vn -0.3607 -0.8379 0.4097
vn -0.1960 -0.7608 0.6187
vn 0.0085 -0.9999 0.0090
vn -0.0000 -1.0000 -0.0000
vn 0.0000 -1.0000 0.0000
vn -0.1960 -0.7608 0.6187
vn 0.0000 -1.0000 0.0000
vn -0.3607 -0.8379 0.4097
vn -0.2591 -0.9566 0.1330
vn 0.0085 -0.9999 0.0090
vn 0.0085 -0.9999 0.0090
vn -0.0931 -0.9956 -0.0134
vn -0.1758 -0.9638 0.2003
vn -0.0000 -1.0000 0.0000
vn -0.0000 -1.0000 0.0000
vn -0.0000 -1.0000 0.0000
vn -0.0369 -0.9947 -0.0963
vn -0.0931 -0.9956 -0.0134
vn 0.0085 -0.9999 0.0090
vn -0.0000 -1.0000 -0.0000
vn -0.0000 -1.0000 -0.0000
vn -0.0000 -1.0000 -0.0000
vn 0.0000 -1.0000 0.0000
vn 0.0000 -1.0000 0.0000
vn 0.0000 -1.0000 0.0000
vn 0.0000 -1.0000 0.0000
vn 0.0000 -1.0000 0.0000
vn 0.0000 -1.0000 0.0000
vn 0.0085 -0.9999 0.0090
vn -0.2591 -0.9566 0.1330
vn -0.0369 -0.9947 -0.0963
vn -0.0545 -0.9980 0.0324
vn 0.1960 -0.9769 -0.0852
vn 0.3747 -0.7865 -0.4910
vn 0.0000 -1.0000 0.0000
vn 0.0000 -1.0000 0.0000
vn 0.0000 -1.0000 0.0000
vn -0.0000 -1.0000 -0.0000
vn -0.0000 -1.0000 -0.0000
vn -0.0000 -1.0000 -0.0000
vn 0.1960 -0.9769 -0.0852
vn -0.0073 -0.9975 -0.0701
vn 0.0573 -0.9760 -0.2101
vn -0.0225 -0.4018 -0.9155
vn -0.0192 -0.3841 -0.9231
vn -0.1028 -0.0451 -0.9937
vn -0.0235 -0.3655 -0.9305
vn -0.1028 -0.0451 -0.9937
vn -0.0192 -0.3841 -0.9231
vn -0.0235 -0.3655 -0.9305
vn -0.0192 -0.3841 -0.9231
vn -0.0187 -0.4084 -0.9126
vn -0.0275 -0.5283 -0.8486
vn -0.0235 -0.3655 -0.9305
vn -0.0187 -0.4084 -0.9126
vn -0.0187 -0.4084 -0.9126
vn -0.0278 -0.5324 -0.8460
vn -0.0275 -0.5283 -0.8486
vn -0.0275 -0.5283 -0.8486
vn -0.0278 -0.5324 -0.8460
vn -0.0259 -0.5033 -0.8637
vn -0.0259 -0.5033 -0.8637
vn -0.0519 -0.6961 -0.7161
vn -0.0275 -0.5283 -0.8486
vn -0.0259 -0.5033 -0.8637
vn -0.1387 -0.9437 -0.3004
vn -0.0519 -0.6961 -0.7161
vn -0.0151 -0.9988 -0.0473
vn -0.0519 -0.6961 -0.7161
vn -0.1387 -0.9437 -0.3004
vn -0.0151 -0.9988 -0.0473
vn -0.0152 -0.9999 -0.0014
vn -0.0158 -0.9925 -0.1210
vn -0.0827 0.3882 -0.9179
vn -0.1028 -0.0451 -0.9937
vn -0.0827 0.3882 -0.9179
vn 0.0383 0.9993 -0.0001
vn 0.0491 0.9988 0.0000
vn 0.0629 0.9980 -0.0030
vn 0.1034 0.9946 0.0004
vn 0.1281 0.9918 0.0007
vn 0.1360 0.9907 -0.0003
vn 0.2085 0.9780 -0.0001
vn 0.2292 0.9734 0.0001
vn 0.1927 0.9812 0.0057
vn 0.2805 0.9599 0.0034
vn 0.2965 0.9550 0.0038
vn 0.2570 0.9658 0.0341
vn 0.3730 0.9278 0.0000
vn 0.3927 0.9197 0.0002
vn 0.4190 0.9077 -0.0249
vn 0.8238 0.0547 0.5642
vn 0.5278 0.7620 0.3752
vn 0.5228 0.8117 0.2604
vn 0.6574 0.7535 -0.0001
vn 0.6742 0.7385 0.0000
vn 0.9742 0.2168 0.0631
vn 0.5382 0.8418 0.0403
vn 0.4244 0.9055 -0.0014
vn 0.4669 0.8843 0.0017
vn 0.4190 0.9077 -0.0249
vn 0.3973 0.9177 0.0001
vn 0.4220 0.9066 -0.0034
vn 0.4024 0.9154 -0.0096
vn 0.3305 0.9438 0.0007
vn 0.3502 0.9367 0.0006
vn 0.1927 0.9812 0.0057
vn 0.2352 0.9720 0.0001
vn 0.2514 0.9679 0.0055
vn 0.1360 0.9907 -0.0003
vn 0.1648 0.9863 0.0002
vn 0.1846 0.9828 -0.0005
vn 0.0076 1.0000 0.0031
vn 0.0434 0.9990 0.0059
vn 0.1143 0.9928 0.0353
vn 0.5382 0.8418 0.0403
vn 0.9742 0.2168 0.0631
vn 0.9609 0.2676 0.0714
vn 0.9742 0.2168 0.0631
vn 0.5382 0.8418 0.0403
vn 0.5755 0.8174 0.0260
vn 0.5755 0.8174 0.0260
vn 0.6574 0.7535 -0.0001
vn 0.9742 0.2168 0.0631
vn 0.4890 0.8609 0.1406
vn 0.9330 0.2905 0.2126
vn 0.8734 0.4336 0.2218
vn 0.9609 0.2676 0.0714
vn 0.4166 0.9060 0.0748
vn 0.5382 0.8418 0.0403
vn 0.5228 0.8117 0.2604
vn 0.8857 0.0743 0.4582
vn 0.8238 0.0547 0.5642
vn 0.8857 0.0743 0.4582
vn 0.5228 0.8117 0.2604
vn 0.6947 0.6194 0.3657
vn 0.9609 0.2676 0.0714
vn 0.4890 0.8609 0.1406
vn 0.4166 0.9060 0.0748
vn 0.8734 0.4336 0.2218
vn 0.7296 0.6297 0.2666
vn 0.3319 0.9337 0.1340
vn 0.5228 0.8117 0.2604
vn 0.4352 0.8746 0.2137
vn 0.6947 0.6194 0.3657
vn 0.6947 0.6194 0.3657
vn 0.4181 0.8755 0.2424
vn 0.7296 0.6297 0.2666
vn 0.4181 0.8755 0.2424
vn 0.3319 0.9337 0.1340
vn 0.7296 0.6297 0.2666
vn 0.4181 0.8755 0.2424
vn 0.6947 0.6194 0.3657
vn 0.4352 0.8746 0.2137
vn 0.8734 0.4336 0.2218
vn 0.3319 0.9337 0.1340
vn 0.4890 0.8609 0.1406
vn 0.4166 0.9060 0.0748
vn 0.2570 0.9658 0.0341
vn 0.5382 0.8418 0.0403
vn 0.4669 0.8843 0.0017
vn 0.6512 0.7570 0.0532
vn 0.5382 0.8418 0.0403
vn 0.5382 0.8418 0.0403
vn 0.4190 0.9077 -0.0249
vn 0.4220 0.9066 -0.0034
vn 0.4220 0.9066 -0.0034
vn 0.4244 0.9055 -0.0014
vn 0.5382 0.8418 0.0403
vn 0.3927 0.9197 0.0002
vn 0.3973 0.9177 0.0001
vn 0.4190 0.9077 -0.0249
vn 0.5382 0.8418 0.0403
vn 0.2570 0.9658 0.0341
vn 0.4024 0.9154 -0.0096
vn 0.4024 0.9154 -0.0096
vn 0.4190 0.9077 -0.0249
vn 0.5382 0.8418 0.0403
vn 0.4190 0.9077 -0.0249
vn 0.4024 0.9154 -0.0096
vn 0.3622 0.9321 0.0004
vn 0.3622 0.9321 0.0004
vn 0.3730 0.9278 0.0000
vn 0.4190 0.9077 -0.0249
vn 0.4181 0.8755 0.2424
vn 0.1839 0.9767 0.1105
vn 0.3319 0.9337 0.1340
vn 0.3319 0.9337 0.1340
vn 0.2905 0.9503 0.1123
vn 0.4890 0.8609 0.1406
vn 0.4166 0.9060 0.0748
vn 0.2608 0.9641 0.0495
vn 0.2570 0.9658 0.0341
vn 0.3502 0.9367 0.0006
vn 0.3622 0.9321 0.0004
vn 0.4024 0.9154 -0.0096
vn 0.3189 0.9478 0.0030
vn 0.3305 0.9438 0.0007
vn 0.4024 0.9154 -0.0096
vn 0.4890 0.8609 0.1406
vn 0.2905 0.9503 0.1123
vn 0.4166 0.9060 0.0748
vn 0.2570 0.9658 0.0341
vn 0.3189 0.9478 0.0030
vn 0.4024 0.9154 -0.0096
vn 0.3189 0.9478 0.0030
vn 0.2570 0.9658 0.0341
vn 0.2965 0.9550 0.0038
vn 0.2632 0.9647 0.0030
vn 0.2805 0.9599 0.0034
vn 0.2570 0.9658 0.0341
vn 0.1839 0.9767 0.1105
vn 0.4181 0.8755 0.2424
vn 0.2304 0.9594 0.1628
vn 0.0342 0.9991 0.0254
vn 0.3319 0.9337 0.1340
vn 0.1839 0.9767 0.1105
vn 0.2905 0.9503 0.1123
vn 0.1347 0.9901 0.0407
vn 0.4166 0.9060 0.0748
vn 0.2570 0.9658 0.0341
vn 0.1927 0.9812 0.0057
vn 0.2514 0.9679 0.0055
vn 0.2514 0.9679 0.0055
vn 0.2632 0.9647 0.0030
vn 0.2570 0.9658 0.0341
vn 0.2292 0.9734 0.0001
vn 0.2352 0.9720 0.0001
vn 0.1927 0.9812 0.0057
vn 0.1347 0.9901 0.0407
vn 0.2905 0.9503 0.1123
vn 0.3319 0.9337 0.1340
vn 0.1492 0.9881 0.0363
vn 0.2570 0.9658 0.0341
vn 0.2608 0.9641 0.0495
vn 0.1360 0.9907 -0.0003
vn 0.1927 0.9812 0.0057
vn 0.2570 0.9658 0.0341
vn 0.1927 0.9812 0.0057
vn 0.1360 0.9907 -0.0003
vn 0.1957 0.9807 -0.0017
vn 0.1957 0.9807 -0.0017
vn 0.2085 0.9780 -0.0001
vn 0.1927 0.9812 0.0057
vn 0.2608 0.9641 0.0495
vn 0.1143 0.9928 0.0353
vn 0.1492 0.9881 0.0363
vn 0.1846 0.9828 -0.0005
vn 0.1957 0.9807 -0.0017
vn 0.1360 0.9907 -0.0003
vn 0.2608 0.9641 0.0495
vn 0.4166 0.9060 0.0748
vn 0.1347 0.9901 0.0407
vn 0.1461 0.9893 0.0004
vn 0.1648 0.9863 0.0002
vn 0.1360 0.9907 -0.0003
vn 0.1281 0.9918 0.0007
vn 0.1461 0.9893 0.0004
vn 0.1360 0.9907 -0.0003
vn 0.2608 0.9641 0.0495
vn 0.1347 0.9901 0.0407
vn 0.1143 0.9928 0.0353
vn 0.1492 0.9881 0.0363
vn 0.0434 0.9990 0.0059
vn 0.2570 0.9658 0.0341
vn 0.0965 0.9953 0.0007
vn 0.1034 0.9946 0.0004
vn 0.1360 0.9907 -0.0003
vn 0.0264 0.9995 0.0162
vn 0.3319 0.9337 0.1340
vn 0.0342 0.9991 0.0254
vn 0.3319 0.9337 0.1340
vn 0.0264 0.9995 0.0162
vn 0.0608 0.9979 0.0210
vn 0.0608 0.9979 0.0210
vn 0.1347 0.9901 0.0407
vn 0.3319 0.9337 0.1340
vn 0.0434 0.9990 0.0059
vn 0.1360 0.9907 -0.0003
vn 0.2570 0.9658 0.0341
vn 0.1360 0.9907 -0.0003
vn 0.0629 0.9980 -0.0030
vn 0.0770 0.9970 0.0001
vn 0.0770 0.9970 0.0001
vn 0.0965 0.9953 0.0007
vn 0.1360 0.9907 -0.0003
vn 0.0183 0.9996 0.0207
vn 0.0342 0.9991 0.0254
vn 0.1839 0.9767 0.1105
vn 0.1492 0.9881 0.0363
vn 0.1143 0.9928 0.0353
vn 0.0434 0.9990 0.0059
vn 0.0164 0.9999 0.0014
vn 0.1360 0.9907 -0.0003
vn 0.0434 0.9990 0.0059
vn 0.1347 0.9901 0.0407
vn 0.0052 1.0000 -0.0031
vn 0.0076 1.0000 0.0031
vn 0.0076 1.0000 0.0031
vn 0.1143 0.9928 0.0353
vn 0.1347 0.9901 0.0407
vn 0.0040 1.0000 -0.0002
vn 0.1360 0.9907 -0.0003
vn 0.0164 0.9999 0.0014
vn 0.0040 1.0000 -0.0002
vn 0.0629 0.9980 -0.0030
vn 0.1360 0.9907 -0.0003
vn 0.0629 0.9980 -0.0030
vn 0.0040 1.0000 -0.0002
vn 0.0284 0.9996 -0.0002
vn 0.0284 0.9996 -0.0002
vn 0.0383 0.9993 -0.0001
vn 0.0629 0.9980 -0.0030
vn 0.5228 0.8117 0.2604
vn 0.3790 0.8744 0.3029
vn 0.4352 0.8500 0.2967
vn 0.4352 0.8746 0.2137
vn 0.5228 0.8117 0.2604
vn 0.4352 0.8500 0.2967
vn 0.4366 0.7141 0.5473
vn 0.6321 0.7098 0.3107
vn 0.2651 0.9623 0.0606
vn 0.4366 0.7141 0.5473
vn 0.3790 0.8744 0.3029
vn 0.6321 0.7098 0.3107
vn 0.3790 0.8744 0.3029
vn 0.4709 0.8193 0.3272
vn 0.6321 0.7098 0.3107
vn 0.2651 0.9623 0.0606
vn 0.6321 0.7098 0.3107
vn 0.4352 0.8500 0.2967
vn 0.6321 0.7098 0.3107
vn 0.4438 0.8427 0.3049
vn 0.4352 0.8500 0.2967
vn 0.0183 0.9996 0.0207
vn 0.1019 0.9934 0.0526
vn 0.0070 0.9999 -0.0136
vn 0.0183 0.9996 0.0207
vn 0.1839 0.9767 0.1105
vn 0.1019 0.9934 0.0526
vn 0.1839 0.9767 0.1105
vn 0.2304 0.9594 0.1628
vn 0.1019 0.9934 0.0526
vn 0.2304 0.9594 0.1628
vn 0.4181 0.8755 0.2424
vn 0.2653 0.9487 0.1719
vn 0.2653 0.9487 0.1719
vn 0.1019 0.9934 0.0526
vn 0.2304 0.9594 0.1628
vn 0.4352 0.8746 0.2137
vn -0.1125 0.8981 -0.4251
vn -0.1125 0.8981 -0.4251
vn 0.4438 0.8427 0.3049
vn 0.4181 0.8755 0.2424
vn 0.4352 0.8500 0.2967
vn 0.4438 0.8427 0.3049
vn 0.2653 0.9487 0.1719
vn 0.4181 0.8755 0.2424
vn 0.5228 0.8117 0.2604
vn 0.5278 0.7620 0.3752
vn 0.4709 0.8193 0.3272
vn 0.3790 0.8744 0.3029
vn 0.5228 0.8117 0.2604
vn 0.4709 0.8193 0.3272
vn 0.4352 0.8500 0.2967
vn 0.3790 0.8744 0.3029
vn 0.4366 0.7141 0.5473
vn 0.2651 0.9623 0.0606
vn 0.4352 0.8500 0.2967
vn 0.4366 0.7141 0.5473
vn 0.2429 -0.8613 0.4463
vn 0.3978 -0.7972 0.4541
vn 0.7226 -0.5856 0.3674
vn 0.7226 -0.5856 0.3674
vn 0.8146 -0.1148 0.5686
vn 0.2429 -0.8613 0.4463
vn 0.8098 -0.3198 0.4919
vn 0.2429 -0.8613 0.4463
vn 0.8146 -0.1148 0.5686
vn 0.4536 -0.8669 0.2069
vn 0.7226 -0.5856 0.3674
vn 0.3978 -0.7972 0.4541
vn 0.3978 -0.7972 0.4541
vn 0.3691 -0.9000 0.2320
vn 0.4536 -0.8669 0.2069
vn 0.2713 -0.9470 0.1722
vn 0.4536 -0.8669 0.2069
vn 0.3691 -0.9000 0.2320
vn 0.3033 -0.9527 0.0171
vn 0.2713 -0.9470 0.1722
vn 0.3691 -0.9000 0.2320
vn 0.3691 -0.9000 0.2320
vn 0.2130 -0.9684 0.1294
vn 0.3033 -0.9527 0.0171
vn 0.2130 -0.9684 0.1294
vn 0.0393 -0.9989 0.0258
vn 0.3033 -0.9527 0.0171
vn 0.0702 -0.9973 -0.0215
vn 0.3033 -0.9527 0.0171
vn 0.0393 -0.9989 0.0258
vn 0.2429 -0.8613 0.4463
vn -0.0100 -0.9894 0.1447
vn 0.4745 -0.8204 0.3191
vn 0.3978 -0.7972 0.4541
vn 0.2429 -0.8613 0.4463
vn -0.0877 -0.3956 0.9142
vn 0.4715 -0.0616 0.8797
vn 0.4715 -0.0616 0.8797
vn 0.4715 -0.0616 0.8797
vn 0.9814 0.1448 0.1260
vn 0.9814 0.1448 0.1260
vn 0.9814 0.1448 0.1260
vn 0.7273 -0.6829 0.0683
vn 0.4298 -0.9029 -0.0022
vn 0.4892 -0.8712 0.0396
vn 0.4202 -0.9074 -0.0001
vn 0.4010 -0.9161 0.0001
vn 0.4369 -0.8995 0.0015
vn 0.3531 -0.9356 0.0011
vn 0.3348 -0.9423 0.0009
vn 0.4061 -0.9138 -0.0049
vn 0.2584 -0.9660 0.0002
vn 0.2368 -0.9716 0.0002
vn 0.2842 -0.9588 -0.0035
vn 0.1877 -0.9822 0.0001
vn 0.1678 -0.9858 -0.0005
vn 0.2464 -0.9687 0.0313
vn 0.0312 -0.9995 0.0003
vn 0.0009 -1.0000 -0.0003
vn 0.0279 -0.9996 0.0009
vn 0.1400 -0.9901 0.0119
vn 0.1332 -0.9911 0.0006
vn 0.1157 -0.9933 0.0006
vn 0.1735 -0.9848 -0.0003
vn 0.1619 -0.9868 0.0000
vn 0.1392 -0.9903 0.0008
vn 0.2842 -0.9588 -0.0035
vn 0.2325 -0.9726 0.0000
vn 0.2158 -0.9764 0.0017
vn 0.2842 -0.9588 -0.0035
vn 0.3009 -0.9537 -0.0001
vn 0.2835 -0.9590 0.0001
vn 0.4369 -0.8995 0.0015
vn 0.3947 -0.9188 0.0001
vn 0.3779 -0.9258 0.0025
vn 0.6807 -0.7326 0.0002
vn 0.6577 -0.7533 0.0001
vn 0.7233 -0.6902 0.0207
vn 0.9001 -0.3486 0.2613
vn 0.9712 -0.1224 0.2044
vn 0.5093 -0.8444 0.1658
vn 0.8098 -0.3198 0.4919
vn 0.6543 -0.6262 0.4241
vn 0.5368 -0.8201 0.1982
vn 0.3267 -0.9430 0.0633
vn 0.0279 -0.9996 0.0009
vn 0.0433 -0.9990 0.0097
vn 0.0667 -0.9978 0.0021
vn 0.0279 -0.9996 0.0009
vn 0.1400 -0.9901 0.0119
vn 0.0279 -0.9996 0.0009
vn 0.0667 -0.9978 0.0021
vn 0.0434 -0.9991 0.0006
vn 0.0434 -0.9991 0.0006
vn 0.0312 -0.9995 0.0003
vn 0.0279 -0.9996 0.0009
vn 0.0035 -1.0000 -0.0028
vn 0.0866 -0.9957 0.0326
vn 0.0433 -0.9990 0.0097
vn 0.0524 -0.9982 0.0289
vn 0.3095 -0.9345 0.1760
vn 0.0350 -0.9993 0.0146
vn 0.3267 -0.9430 0.0633
vn 0.0433 -0.9990 0.0097
vn 0.2525 -0.9666 0.0444
vn 0.0667 -0.9978 0.0021
vn 0.1400 -0.9901 0.0119
vn 0.0967 -0.9953 0.0003
vn 0.0967 -0.9953 0.0003
vn 0.0799 -0.9968 -0.0001
vn 0.0667 -0.9978 0.0021
vn 0.3095 -0.9345 0.1760
vn 0.0524 -0.9982 0.0289
vn 0.0393 -0.9989 0.0258
vn 0.3095 -0.9345 0.1760
vn 0.3391 -0.9266 0.1627
vn 0.0866 -0.9957 0.0326
vn 0.0866 -0.9957 0.0326
vn 0.3391 -0.9266 0.1627
vn 0.2525 -0.9666 0.0444
vn 0.2525 -0.9666 0.0444
vn 0.0433 -0.9990 0.0097
vn 0.0866 -0.9957 0.0326
vn 0.1157 -0.9933 0.0006
vn 0.0967 -0.9953 0.0003
vn 0.1400 -0.9901 0.0119
vn 0.1400 -0.9901 0.0119
vn 0.1735 -0.9848 -0.0003
vn 0.1392 -0.9903 0.0008
vn 0.1392 -0.9903 0.0008
vn 0.1332 -0.9911 0.0006
vn 0.1400 -0.9901 0.0119
vn 0.1400 -0.9901 0.0119
vn 0.0279 -0.9996 0.0009
vn 0.3267 -0.9430 0.0633
vn 0.2464 -0.9687 0.0313
vn 0.1735 -0.9848 -0.0003
vn 0.1400 -0.9901 0.0119
vn 0.1735 -0.9848 -0.0003
vn 0.2464 -0.9687 0.0313
vn 0.1678 -0.9858 -0.0005
vn 0.1678 -0.9858 -0.0005
vn 0.1619 -0.9868 0.0000
vn 0.1735 -0.9848 -0.0003
vn 0.2130 -0.9684 0.1294
vn 0.3095 -0.9345 0.1760
vn 0.0393 -0.9989 0.0258
vn 0.2014 -0.9795 0.0004
vn 0.1877 -0.9822 0.0001
vn 0.2464 -0.9687 0.0313
vn 0.3691 -0.9000 0.2320
vn 0.3095 -0.9345 0.1760
vn 0.2130 -0.9684 0.1294
vn 0.3320 -0.9413 0.0608
vn 0.3267 -0.9430 0.0633
vn 0.2525 -0.9666 0.0444
vn 0.2464 -0.9687 0.0313
vn 0.2842 -0.9588 -0.0035
vn 0.2158 -0.9764 0.0017
vn 0.2158 -0.9764 0.0017
vn 0.2014 -0.9795 0.0004
vn 0.2464 -0.9687 0.0313
vn 0.3095 -0.9345 0.1760
vn 0.0866 -0.9957 0.0326
vn 0.0350 -0.9993 0.0146
vn 0.1400 -0.9901 0.0119
vn 0.3267 -0.9430 0.0633
vn 0.2464 -0.9687 0.0313
vn 0.2368 -0.9716 0.0002
vn 0.2325 -0.9726 0.0000
vn 0.2842 -0.9588 -0.0035
vn 0.2464 -0.9687 0.0313
vn 0.4061 -0.9138 -0.0049
vn 0.2842 -0.9588 -0.0035
vn 0.2682 -0.9634 0.0003
vn 0.2584 -0.9660 0.0002
vn 0.2842 -0.9588 -0.0035
vn 0.4061 -0.9138 -0.0049
vn 0.2464 -0.9687 0.0313
vn 0.3267 -0.9430 0.0633
vn 0.2835 -0.9590 0.0001
vn 0.2682 -0.9634 0.0003
vn 0.2842 -0.9588 -0.0035
vn 0.2842 -0.9588 -0.0035
vn 0.4061 -0.9138 -0.0049
vn 0.3184 -0.9480 -0.0004
vn 0.3184 -0.9480 -0.0004
vn 0.3009 -0.9537 -0.0001
vn 0.2842 -0.9588 -0.0035
vn 0.3348 -0.9423 0.0009
vn 0.3184 -0.9480 -0.0004
vn 0.4061 -0.9138 -0.0049
vn 0.3651 -0.9286 0.0664
vn 0.3320 -0.9413 0.0608
vn 0.2525 -0.9666 0.0444
vn 0.3660 -0.9306 0.0013
vn 0.3531 -0.9356 0.0011
vn 0.4061 -0.9138 -0.0049
vn 0.3691 -0.9000 0.2320
vn 0.3951 -0.8602 0.3224
vn 0.3095 -0.9345 0.1760
vn 0.3267 -0.9430 0.0633
vn 0.3320 -0.9413 0.0608
vn 0.3651 -0.9286 0.0664
vn 0.4061 -0.9138 -0.0049
vn 0.4369 -0.8995 0.0015
vn 0.3779 -0.9258 0.0025
vn 0.3779 -0.9258 0.0025
vn 0.3660 -0.9306 0.0013
vn 0.4061 -0.9138 -0.0049
vn 0.6868 -0.6960 0.2093
vn 0.3095 -0.9345 0.1760
vn 0.3951 -0.8602 0.3224
vn 0.3095 -0.9345 0.1760
vn 0.6868 -0.6960 0.2093
vn 0.5368 -0.8201 0.1982
vn 0.6704 -0.6919 0.2680
vn 0.2525 -0.9666 0.0444
vn 0.3391 -0.9266 0.1627
vn 0.4330 -0.8989 0.0670
vn 0.3651 -0.9286 0.0664
vn 0.2525 -0.9666 0.0444
vn 0.3651 -0.9286 0.0664
vn 0.4330 -0.8989 0.0670
vn 0.3267 -0.9430 0.0633
vn 0.4010 -0.9161 0.0001
vn 0.3947 -0.9188 0.0001
vn 0.4369 -0.8995 0.0015
vn 0.6868 -0.6960 0.2093
vn 0.3951 -0.8602 0.3224
vn 0.3691 -0.9000 0.2320
vn 0.6704 -0.6919 0.2680
vn 0.3391 -0.9266 0.1627
vn 0.3095 -0.9345 0.1760
vn 0.0241 -0.4913 -0.8707
vn 0.0241 -0.4913 -0.8707
vn 0.0241 -0.4913 -0.8707
vn 0.7368 -0.6704 0.0873
vn 0.4061 -0.9138 -0.0049
vn 0.3267 -0.9430 0.0633
vn 0.4892 -0.8712 0.0396
vn 0.4369 -0.8995 0.0015
vn 0.4061 -0.9138 -0.0049
vn 0.4369 -0.8995 0.0015
vn 0.4892 -0.8712 0.0396
vn 0.4298 -0.9029 -0.0022
vn 0.4298 -0.9029 -0.0022
vn 0.4202 -0.9074 -0.0001
vn 0.4369 -0.8995 0.0015
vn 0.5093 -0.8444 0.1658
vn 0.3267 -0.9430 0.0633
vn 0.4330 -0.8989 0.0670
vn 0.3267 -0.9430 0.0633
vn 0.5093 -0.8444 0.1658
vn 0.7368 -0.6704 0.0873
vn 0.7368 -0.6704 0.0873
vn 0.4892 -0.8712 0.0396
vn 0.4061 -0.9138 -0.0049
vn 0.5368 -0.8201 0.1982
vn 0.6543 -0.6262 0.4241
vn 0.3095 -0.9345 0.1760
vn 0.3095 -0.9345 0.1760
vn 0.6543 -0.6262 0.4241
vn 0.7385 -0.5822 0.3401
vn 0.3095 -0.9345 0.1760
vn 0.7385 -0.5822 0.3401
vn 0.6704 -0.6919 0.2680
vn 0.4330 -0.8989 0.0670
vn 0.6704 -0.6919 0.2680
vn 0.5093 -0.8444 0.1658
vn 0.9581 -0.2778 0.0693
vn 0.4892 -0.8712 0.0396
vn 0.7368 -0.6704 0.0873
vn 0.4892 -0.8712 0.0396
vn 0.9581 -0.2778 0.0693
vn 0.6065 -0.7950 0.0063
vn 0.6065 -0.7950 0.0063
vn 0.4268 -0.8843 0.1892
vn 0.4892 -0.8712 0.0396
vn 0.5093 -0.8444 0.1658
vn 0.6704 -0.6919 0.2680
vn 0.9001 -0.3486 0.2613
vn 0.9712 -0.1224 0.2044
vn 0.7368 -0.6704 0.0873
vn 0.5093 -0.8444 0.1658
vn 0.7233 -0.6902 0.0207
vn 0.6065 -0.7950 0.0063
vn 0.9581 -0.2778 0.0693
vn 0.6065 -0.7950 0.0063
vn 0.7233 -0.6902 0.0207
vn 0.6577 -0.7533 0.0001
vn 0.6577 -0.7533 0.0001
vn 0.6482 -0.7615 -0.0001
vn 0.6065 -0.7950 0.0063
vn 0.5368 -0.8201 0.1982
vn 0.4745 -0.8204 0.3191
vn 0.7221 -0.5490 -0.4210
vn 0.9431 -0.1813 -0.2788
vn 0.9431 -0.1813 -0.2788
vn 0.6868 -0.6960 0.2093
vn -0.5980 0.7545 0.2703
vn -0.5468 0.7990 0.2503
vn -0.5865 0.7654 0.2648
vn -0.5865 0.7654 0.2648
vn -0.5999 0.7527 0.2712
vn -0.5980 0.7545 0.2703
vn -0.6041 0.7488 0.2728
vn -0.5980 0.7545 0.2703
vn -0.5999 0.7527 0.2712
vn -0.5999 0.7527 0.2712
vn -0.6124 0.7402 0.2774
vn -0.6041 0.7488 0.2728
vn -0.5920 0.7894 0.1624
vn -0.5468 0.7990 0.2503
vn -0.7138 0.4544 0.5329
vn -0.5468 0.7990 0.2503
vn -0.5920 0.7894 0.1624
vn -0.4905 0.8655 0.1013
vn -0.4905 0.8655 0.1013
vn -0.5865 0.7654 0.2648
vn -0.5468 0.7990 0.2503
vn -0.5865 0.7654 0.2648
vn -0.4905 0.8655 0.1013
vn -0.1833 0.9683 0.1695
vn -0.5920 0.7894 0.1624
vn -0.7138 0.4544 0.5329
vn -0.4118 0.8734 0.2599
vn -0.4118 0.8734 0.2599
vn -0.4820 0.8499 0.2128
vn -0.5920 0.7894 0.1624
vn -0.4465 0.7694 0.4567
vn -0.4820 0.8499 0.2128
vn -0.4936 0.8443 0.2088
vn -0.4936 0.8443 0.2088
vn -0.5009 0.8344 0.2301
vn -0.4465 0.7694 0.4567
vn -0.4936 0.8443 0.2088
vn -0.5352 0.8098 0.2403
vn -0.5009 0.8344 0.2301
vn -0.5352 0.8098 0.2403
vn -0.2842 0.6592 0.6962
vn -0.5009 0.8344 0.2301
vn -0.5528 0.7951 0.2496
vn -0.2842 0.6592 0.6962
vn -0.5352 0.8098 0.2403
vn -0.5352 0.8098 0.2403
vn -0.5557 0.7926 0.2511
vn -0.5528 0.7951 0.2496
vn -0.5767 0.7745 0.2598
vn -0.5865 0.7654 0.2648
vn -0.1833 0.9683 0.1695
vn -0.5767 0.7745 0.2598
vn -0.1833 0.9683 0.1695
vn -0.5717 0.7783 0.2595
vn -0.5717 0.7783 0.2595
vn -0.5678 0.7829 0.2542
vn -0.5767 0.7745 0.2598
vn -0.5717 0.7783 0.2595
vn -0.5557 0.7926 0.2511
vn -0.5678 0.7829 0.2542
vn -0.5602 0.7966 0.2272
vn -0.5678 0.7829 0.2542
vn -0.5557 0.7926 0.2511
vn -0.5557 0.7926 0.2511
vn -0.5352 0.8098 0.2403
vn -0.5602 0.7966 0.2272
vn -0.3826 0.9079 0.1716
vn -0.4820 0.8499 0.2128
vn -0.3854 0.9063 0.1734
vn -0.3854 0.9063 0.1734
vn -0.3620 0.9177 0.1636
vn -0.3826 0.9079 0.1716
vn -0.3599 0.9187 0.1623
vn -0.3826 0.9079 0.1716
vn -0.3620 0.9177 0.1636
vn -0.3620 0.9177 0.1636
vn -0.3575 0.9197 0.1620
vn -0.3599 0.9187 0.1623
vn -0.3415 0.9272 0.1541
vn -0.3599 0.9187 0.1623
vn -0.3575 0.9197 0.1620
vn -0.3575 0.9197 0.1620
vn -0.3394 0.9279 0.1543
vn -0.3415 0.9272 0.1541
vn -0.3339 0.9305 0.1506
vn -0.3415 0.9272 0.1541
vn -0.3394 0.9279 0.1543
vn -0.3394 0.9279 0.1543
vn -0.3284 0.9325 0.1503
vn -0.3339 0.9305 0.1506
vn -0.3212 0.9361 0.1436
vn -0.3339 0.9305 0.1506
vn -0.3284 0.9325 0.1503
vn -0.3284 0.9325 0.1503
vn -0.3194 0.9355 0.1509
vn -0.3212 0.9361 0.1436
vn -0.3042 0.9427 0.1371
vn -0.3212 0.9361 0.1436
vn -0.3194 0.9355 0.1509
vn -0.3194 0.9355 0.1509
vn -0.2970 0.9454 0.1343
vn -0.3042 0.9427 0.1371
vn -0.2922 0.9472 0.1320
vn -0.3042 0.9427 0.1371
vn -0.2970 0.9454 0.1343
vn -0.2970 0.9454 0.1343
vn -0.3020 0.9409 0.1535
vn -0.2922 0.9472 0.1320
vn -0.3020 0.9409 0.1535
vn -0.2841 0.9501 0.1288
vn -0.2922 0.9472 0.1320
vn -0.2740 0.9537 0.1237
vn -0.2922 0.9472 0.1320
vn -0.2841 0.9501 0.1288
vn -0.2841 0.9501 0.1288
vn -0.2690 0.9554 0.1216
vn -0.2740 0.9537 0.1237
vn -0.2592 0.9587 0.1168
vn -0.2740 0.9537 0.1237
vn -0.2690 0.9554 0.1216
vn -0.2690 0.9554 0.1216
vn -0.2566 0.9596 0.1158
vn -0.2592 0.9587 0.1168
vn -0.2434 0.9638 0.1092
vn -0.2592 0.9587 0.1168
vn -0.2566 0.9596 0.1158
vn -0.2566 0.9596 0.1158
vn -0.2393 0.9649 0.1080
vn -0.2434 0.9638 0.1092
vn -0.2372 0.9656 0.1064
vn -0.2434 0.9638 0.1092
vn -0.2393 0.9649 0.1080
vn -0.2393 0.9649 0.1080
vn -0.2371 0.9656 0.1071
vn -0.2372 0.9656 0.1064
vn -0.2371 0.9656 0.1071
vn -0.2175 0.9709 0.1007
vn -0.2372 0.9656 0.1064
vn -0.2147 0.9719 0.0966
vn -0.2372 0.9656 0.1064
vn -0.2175 0.9709 0.1007
vn -0.2147 0.9719 0.0966
vn -0.2175 0.9709 0.1007
vn -0.2093 0.9732 0.0956
vn -0.1509 0.9853 0.0796
vn -0.1398 0.9882 0.0620
vn -0.1465 0.9870 0.0662
vn -0.1509 0.9853 0.0796
vn -0.1465 0.9870 0.0662
vn -0.1649 0.9835 0.0746
vn -0.1763 0.9809 0.0822
vn -0.1509 0.9853 0.0796
vn -0.1649 0.9835 0.0746
vn -0.1649 0.9835 0.0746
vn -0.1817 0.9799 0.0823
vn -0.1763 0.9809 0.0822
vn -0.1926 0.9773 0.0888
vn -0.1763 0.9809 0.0822
vn -0.1817 0.9799 0.0823
vn -0.1817 0.9799 0.0823
vn -0.1953 0.9768 0.0883
vn -0.1926 0.9773 0.0888
vn -0.2093 0.9732 0.0956
vn -0.1926 0.9773 0.0888
vn -0.1953 0.9768 0.0883
vn -0.1953 0.9768 0.0883
vn -0.2096 0.9732 0.0942
vn -0.2093 0.9732 0.0956
vn -0.2093 0.9732 0.0956
vn -0.2096 0.9732 0.0942
vn -0.2147 0.9719 0.0966
vn -0.1398 0.9882 0.0620
vn -0.1509 0.9853 0.0796
vn -0.1471 0.9868 0.0683
vn -0.1471 0.9868 0.0683
vn -0.1282 0.9900 0.0583
vn -0.1398 0.9882 0.0620
vn -0.1189 0.9915 0.0536
vn -0.1398 0.9882 0.0620
vn -0.1282 0.9900 0.0583
vn -0.1282 0.9900 0.0583
vn -0.1136 0.9922 0.0512
vn -0.1189 0.9915 0.0536
vn -0.1077 0.9930 0.0487
vn -0.1189 0.9915 0.0536
vn -0.1136 0.9922 0.0512
vn -0.1136 0.9922 0.0512
vn -0.1073 0.9931 0.0480
vn -0.1077 0.9930 0.0487
vn -0.0883 0.9953 0.0399
vn -0.1077 0.9930 0.0487
vn -0.1073 0.9931 0.0480
vn -0.1073 0.9931 0.0480
vn -0.0857 0.9956 0.0381
vn -0.0883 0.9953 0.0399
vn -0.0822 0.9959 0.0372
vn -0.0883 0.9953 0.0399
vn -0.0857 0.9956 0.0381
vn -0.0857 0.9956 0.0381
vn -0.0739 0.9967 0.0325
vn -0.0822 0.9959 0.0372
vn -0.0224 0.9997 0.0103
vn -0.0008 1.0000 0.0025
vn -0.0016 1.0000 0.0005
vn -0.0016 1.0000 0.0005
vn -0.0254 0.9996 0.0116
vn -0.0224 0.9997 0.0103
vn -0.0413 0.9990 0.0182
vn -0.0224 0.9997 0.0103
vn -0.0254 0.9996 0.0116
vn -0.0254 0.9996 0.0116
vn -0.0426 0.9989 0.0193
vn -0.0413 0.9990 0.0182
vn -0.0506 0.9985 0.0222
vn -0.0413 0.9990 0.0182
vn -0.0426 0.9989 0.0193
vn -0.0426 0.9989 0.0193
vn -0.0554 0.9982 0.0249
vn -0.0506 0.9985 0.0222
vn -0.0633 0.9976 0.0279
vn -0.0506 0.9985 0.0222
vn -0.0554 0.9982 0.0249
vn -0.0554 0.9982 0.0249
vn -0.0739 0.9967 0.0325
vn -0.0633 0.9976 0.0279
vn -0.0845 0.9957 0.0368
vn -0.0633 0.9976 0.0279
vn -0.0739 0.9967 0.0325
vn -0.0739 0.9967 0.0325
vn -0.0857 0.9956 0.0381
vn -0.0845 0.9957 0.0368
vn -0.2842 0.6592 0.6962
vn -0.5717 0.7783 0.2595
vn -0.1833 0.9683 0.1695
vn -0.5557 0.7926 0.2511
vn -0.5717 0.7783 0.2595
vn -0.2842 0.6592 0.6962
vn -0.5528 0.7951 0.2496
vn -0.5557 0.7926 0.2511
vn -0.2842 0.6592 0.6962
vn 0.0815 0.2645 0.9609
vn 0.0815 0.2645 0.9609
vn -0.2842 0.6592 0.6962
vn -0.5009 0.8344 0.2301
vn -0.2842 0.6592 0.6962
vn -0.4465 0.7694 0.4567
vn 0.0859 0.2861 0.9544
vn 0.0859 0.2861 0.9544
vn -0.2842 0.6592 0.6962
vn -0.1833 0.9683 0.1695
vn -0.4905 0.8655 0.1013
vn -0.3362 0.9213 -0.1953
vn -0.5680 0.7056 0.4236
vn -0.1833 0.9683 0.1695
vn -0.3362 0.9213 -0.1953
vn -0.5099 0.1219 -0.8515
vn -0.5099 0.1219 -0.8515
vn -0.5099 0.1219 -0.8515
vn -0.5241 -0.1495 0.8384
vn -0.5241 -0.1495 0.8384
vn -0.5241 -0.1495 0.8384
vn -0.9984 0.0557 -0.0097
vn -0.9984 0.0557 -0.0097
vn -0.9984 0.0557 -0.0097
vn -0.5920 0.7894 0.1624
vn -0.5680 0.7056 0.4236
vn -0.3362 0.9213 -0.1953
vn 0.5865 0.7526 -0.2991
vn 0.5981 0.7416 -0.3039
vn 0.5903 0.7485 -0.3021
vn 0.5903 0.7485 -0.3021
vn 0.5828 0.7549 -0.3008
vn 0.5865 0.7526 -0.2991
vn 0.5333 0.8006 -0.2730
vn 0.5865 0.7526 -0.2991
vn 0.5828 0.7549 -0.3008
vn 0.5828 0.7549 -0.3008
vn 0.2672 0.9591 -0.0932
vn 0.5333 0.8006 -0.2730
vn 0.5009 0.8259 -0.2589
vn 0.2672 0.9591 -0.0932
vn 0.8434 0.5292 -0.0931
vn 0.2672 0.9591 -0.0932
vn 0.5009 0.8259 -0.2589
vn 0.1265 0.9888 -0.0793
vn 0.1265 0.9888 -0.0793
vn 0.5333 0.8006 -0.2730
vn 0.2672 0.9591 -0.0932
vn 0.5333 0.8006 -0.2730
vn 0.1265 0.9888 -0.0793
vn 0.1870 0.9745 -0.1242
vn 0.9901 -0.1032 0.0955
vn 0.9901 -0.1032 0.0955
vn 0.8434 0.5292 -0.0931
vn 0.6819 0.7083 -0.1824
vn 0.7839 0.5523 -0.2838
vn 0.4248 0.8842 -0.1944
vn 0.4943 0.8093 -0.3173
vn 0.4622 0.8594 -0.2189
vn 0.4990 0.8573 -0.1269
vn 0.5123 0.8294 -0.2227
vn 0.5333 0.8006 -0.2730
vn 0.1870 0.9745 -0.1242
vn 0.5123 0.8294 -0.2227
vn 0.1870 0.9745 -0.1242
vn 0.4324 0.7730 -0.4642
vn 0.4324 0.7730 -0.4642
vn 0.4943 0.8093 -0.3173
vn 0.5123 0.8294 -0.2227
vn 0.4622 0.8594 -0.2189
vn 0.3711 0.9089 -0.1900
vn 0.4079 0.8904 -0.2020
vn 0.3661 0.9183 -0.1506
vn 0.4079 0.8904 -0.2020
vn 0.3711 0.9089 -0.1900
vn 0.3711 0.9089 -0.1900
vn 0.3774 0.9064 -0.1896
vn 0.3661 0.9183 -0.1506
vn 0.3774 0.9064 -0.1896
vn 0.3546 0.9176 -0.1798
vn 0.3661 0.9183 -0.1506
vn 0.3514 0.9212 -0.1672
vn 0.3661 0.9183 -0.1506
vn 0.3546 0.9176 -0.1798
vn 0.3546 0.9176 -0.1798
vn 0.3396 0.9248 -0.1717
vn 0.3514 0.9212 -0.1672
vn 0.3292 0.9307 -0.1593
vn 0.3514 0.9212 -0.1672
vn 0.3396 0.9248 -0.1717
vn 0.3396 0.9248 -0.1717
vn 0.3213 0.9329 -0.1627
vn 0.3292 0.9307 -0.1593
vn 0.3085 0.9391 -0.1514
vn 0.3292 0.9307 -0.1593
vn 0.3213 0.9329 -0.1627
vn 0.3213 0.9329 -0.1627
vn 0.2938 0.9436 -0.1527
vn 0.3085 0.9391 -0.1514
vn 0.2883 0.9467 -0.1437
vn 0.3085 0.9391 -0.1514
vn 0.2938 0.9436 -0.1527
vn 0.2938 0.9436 -0.1527
vn 0.2794 0.9493 -0.1442
vn 0.2883 0.9467 -0.1437
vn 0.2685 0.9537 -0.1353
vn 0.2883 0.9467 -0.1437
vn 0.2794 0.9493 -0.1442
vn 0.2794 0.9493 -0.1442
vn 0.2634 0.9553 -0.1345
vn 0.2685 0.9537 -0.1353
vn 0.2546 0.9584 -0.1290
vn 0.2685 0.9537 -0.1353
vn 0.2634 0.9553 -0.1345
vn 0.2634 0.9553 -0.1345
vn 0.2434 0.9620 -0.1237
vn 0.2546 0.9584 -0.1290
vn 0.2362 0.9642 -0.1207
vn 0.2546 0.9584 -0.1290
vn 0.2434 0.9620 -0.1237
vn 0.2434 0.9620 -0.1237
vn 0.2256 0.9673 -0.1156
vn 0.2362 0.9642 -0.1207
vn 0.2256 0.9673 -0.1156
vn 0.2434 0.9620 -0.1237
vn 0.2361 0.9645 -0.1183
vn 0.2361 0.9645 -0.1183
vn 0.2363 0.9644 -0.1185
vn 0.2256 0.9673 -0.1156
vn 0.2057 0.9730 -0.1050
vn 0.2256 0.9673 -0.1156
vn 0.2363 0.9644 -0.1185
vn 0.2363 0.9644 -0.1185
vn 0.1986 0.9749 -0.1005
vn 0.2057 0.9730 -0.1050
vn 0.1986 0.9749 -0.1005
vn 0.2363 0.9644 -0.1185
vn 0.1944 0.9775 -0.0813
vn 0.1944 0.9775 -0.0813
vn 0.1571 0.9844 -0.0795
vn 0.1986 0.9749 -0.1005
vn 0.1776 0.9799 -0.0906
vn 0.1986 0.9749 -0.1005
vn 0.1571 0.9844 -0.0795
vn 0.1571 0.9844 -0.0795
vn 0.1676 0.9822 -0.0853
vn 0.1776 0.9799 -0.0906
vn 0.1631 0.9832 -0.0826
vn 0.1776 0.9799 -0.0906
vn 0.1676 0.9822 -0.0853
vn 0.1676 0.9822 -0.0853
vn 0.1536 0.9850 -0.0790
vn 0.1631 0.9832 -0.0826
vn 0.1456 0.9866 -0.0729
vn 0.1631 0.9832 -0.0826
vn 0.1536 0.9850 -0.0790
vn 0.1536 0.9850 -0.0790
vn 0.1338 0.9887 -0.0677
vn 0.1456 0.9866 -0.0729
vn 0.1297 0.9896 -0.0618
vn 0.1456 0.9866 -0.0729
vn 0.1338 0.9887 -0.0677
vn 0.1181 0.9914 -0.0559
vn 0.1297 0.9896 -0.0618
vn 0.1338 0.9887 -0.0677
vn 0.1338 0.9887 -0.0677
vn 0.1128 0.9920 -0.0563
vn 0.1181 0.9914 -0.0559
vn 0.1050 0.9934 -0.0466
vn 0.1181 0.9914 -0.0559
vn 0.1128 0.9920 -0.0563
vn 0.1128 0.9920 -0.0563
vn 0.1041 0.9933 -0.0510
vn 0.1050 0.9934 -0.0466
vn 0.1050 0.9934 -0.0466
vn 0.1041 0.9933 -0.0510
vn 0.0855 0.9954 -0.0425
vn 0.0796 0.9960 -0.0404
vn 0.1050 0.9934 -0.0466
vn 0.0855 0.9954 -0.0425
vn 0.0855 0.9954 -0.0425
vn 0.0694 0.9970 -0.0345
vn 0.0796 0.9960 -0.0404
vn 0.0966 0.9953 0.0011
vn 0.0796 0.9960 -0.0404
vn 0.0694 0.9970 -0.0345
vn 0.0589 0.9978 -0.0289
vn 0.0966 0.9953 0.0011
vn 0.0694 0.9970 -0.0345
vn 0.0694 0.9970 -0.0345
vn 0.0502 0.9984 -0.0257
vn 0.0589 0.9978 -0.0289
vn 0.0430 0.9988 -0.0216
vn 0.0589 0.9978 -0.0289
vn 0.0502 0.9984 -0.0257
vn 0.0502 0.9984 -0.0257
vn 0.0377 0.9991 -0.0206
vn 0.0430 0.9988 -0.0216
vn 0.0258 0.9996 -0.0132
vn 0.0430 0.9988 -0.0216
vn 0.0377 0.9991 -0.0206
vn 0.0377 0.9991 -0.0206
vn 0.0314 0.9994 -0.0170
vn 0.0258 0.9996 -0.0132
vn 0.0000 1.0000 0.0095
vn 0.0258 0.9996 -0.0132
vn 0.0314 0.9994 -0.0170
vn 0.0314 0.9994 -0.0170
vn 0.0055 1.0000 -0.0030
vn 0.0000 1.0000 0.0095
vn 0.4492 0.2584 -0.8552
vn 0.2495 -0.3304 -0.9103
vn 0.2495 -0.3304 -0.9103
vn 0.6682 -0.7143 0.2079
vn 0.6682 -0.7143 0.2079
vn 0.9893 -0.1307 0.0655
vn 0.1870 0.9745 -0.1242
vn 0.1265 0.9888 -0.0793
vn 0.5009 0.8259 -0.2589
vn 0.4324 0.7730 -0.4642
vn 0.1870 0.9745 -0.1242
vn 0.5009 0.8259 -0.2589
vn 0.4324 0.7730 -0.4642
vn 0.5009 0.8259 -0.2589
vn 0.4943 0.8093 -0.3173
vn 0.4492 0.2584 -0.8552
vn 0.4943 0.8093 -0.3173
vn 0.5009 0.8259 -0.2589
vn 0.6263 0.2025 -0.7528
vn 0.4492 0.2584 -0.8552
vn 0.5009 0.8259 -0.2589
vn 0.9893 -0.1307 0.0655
vn 0.9879 -0.0549 -0.1451
vn 0.9879 -0.0549 -0.1451
vn 0.9893 -0.1307 0.0655
vn 0.9750 0.0161 0.2215
vn 0.9750 0.0161 0.2215
vn 0.6691 0.7432 -0.0003
vn 0.6742 0.7385 0.0000
vn 0.6574 0.7535 -0.0001
vn 0.5755 0.8174 0.0260
vn 0.5156 0.8485 0.1190
vn 0.4482 0.8939 -0.0036
vn 0.6574 0.7535 -0.0001
vn 0.6542 0.7563 -0.0003
vn 0.6691 0.7432 -0.0003
vn 0.6574 0.7535 -0.0001
vn 0.5755 0.8174 0.0260
vn 0.6542 0.7563 -0.0003
vn 0.5755 0.8174 0.0260
vn 0.6414 0.7672 0.0002
vn 0.6542 0.7563 -0.0003
vn 0.4482 0.8939 -0.0036
vn 0.6414 0.7672 0.0002
vn 0.5755 0.8174 0.0260
vn 0.6414 0.7672 0.0002
vn 0.4482 0.8939 -0.0036
vn 0.2284 0.9699 0.0840
vn 0.2284 0.9699 0.0840
vn 0.6124 0.7867 -0.0774
vn 0.6414 0.7672 0.0002
vn 0.6307 0.7761 0.0007
vn 0.6414 0.7672 0.0002
vn 0.6124 0.7867 -0.0774
vn 0.6307 0.7761 0.0007
vn 0.6124 0.7867 -0.0774
vn 0.6207 0.7804 -0.0749
vn 0.5156 0.8485 0.1190
vn 0.5755 0.8174 0.0260
vn 0.5382 0.8418 0.0403
vn 0.6512 0.7570 0.0532
vn 0.5156 0.8485 0.1190
vn 0.5382 0.8418 0.0403
vn 0.4402 0.8979 -0.0022
vn 0.6512 0.7570 0.0532
vn 0.4541 0.8910 -0.0012
vn 0.4402 0.8979 -0.0022
vn 0.4541 0.8910 -0.0012
vn 0.4560 0.8899 -0.0113
vn 0.4402 0.8979 -0.0022
vn 0.4560 0.8899 -0.0113
vn 0.4853 0.8743 -0.0041
vn 0.5330 0.8460 -0.0103
vn 0.5627 0.8165 -0.1293
vn 0.4993 0.8664 -0.0048
vn 0.4993 0.8664 -0.0048
vn 0.5069 0.8620 -0.0031
vn 0.5330 0.8460 -0.0103
vn 0.4993 0.8664 -0.0048
vn 0.6931 0.6508 -0.3100
vn 0.5069 0.8620 -0.0031
vn 0.9548 -0.2971 -0.0034
vn 0.9548 -0.2971 -0.0034
vn 0.9548 -0.2971 -0.0034
vn 0.4881 0.8728 0.0008
vn 0.5069 0.8620 -0.0031
vn 0.6821 0.7313 -0.0013
vn 0.6821 0.7313 -0.0013
vn 0.4853 0.8743 -0.0041
vn 0.4881 0.8728 0.0008
vn 0.5627 0.8165 -0.1293
vn 0.5278 0.8493 -0.0012
vn 0.5294 0.8484 -0.0013
vn 0.5278 0.8493 -0.0012
vn 0.5650 0.8251 -0.0008
vn 0.5294 0.8484 -0.0013
vn 0.5727 0.8198 -0.0015
vn 0.5294 0.8484 -0.0013
vn 0.5650 0.8251 -0.0008
vn 0.5650 0.8251 -0.0008
vn 0.5782 0.8159 -0.0012
vn 0.5727 0.8198 -0.0015
vn 0.5953 0.7955 -0.1132
vn 0.5727 0.8198 -0.0015
vn 0.5782 0.8159 -0.0012
vn 0.5782 0.8159 -0.0012
vn 0.5952 0.8036 -0.0013
vn 0.5953 0.7955 -0.1132
vn 0.6018 0.7957 -0.0684
vn 0.5953 0.7955 -0.1132
vn 0.5952 0.8036 -0.0013
vn 0.5952 0.8036 -0.0013
vn 0.6069 0.7948 -0.0012
vn 0.6018 0.7957 -0.0684
vn 0.6069 0.7948 -0.0012
vn 0.6207 0.7804 -0.0749
vn 0.6018 0.7957 -0.0684
vn 0.6069 0.7948 -0.0012
vn 0.6226 0.7825 -0.0007
vn 0.6207 0.7804 -0.0749
vn 0.6207 0.7804 -0.0749
vn 0.6226 0.7825 -0.0007
vn 0.6307 0.7761 0.0007
vn 0.6512 0.7570 0.0532
vn 0.4669 0.8843 0.0017
vn 0.4541 0.8910 -0.0012
vn 0.4285 0.9035 0.0004
vn 0.4541 0.8910 -0.0012
vn 0.4669 0.8843 0.0017
vn 0.4669 0.8843 0.0017
vn 0.4244 0.9055 -0.0014
vn 0.4285 0.9035 0.0004
vn 0.4191 0.9079 0.0001
vn 0.4285 0.9035 0.0004
vn 0.4244 0.9055 -0.0014
vn 0.4244 0.9055 -0.0014
vn 0.4220 0.9066 -0.0034
vn 0.4191 0.9079 0.0001
vn 0.3985 0.9172 -0.0004
vn 0.4191 0.9079 0.0001
vn 0.4220 0.9066 -0.0034
vn 0.4220 0.9066 -0.0034
vn 0.3973 0.9177 0.0001
vn 0.3985 0.9172 -0.0004
vn 0.3951 0.9186 -0.0003
vn 0.3985 0.9172 -0.0004
vn 0.3973 0.9177 0.0001
vn 0.3973 0.9177 0.0001
vn 0.3927 0.9197 0.0002
vn 0.3951 0.9186 -0.0003
vn 0.3746 0.9272 -0.0005
vn 0.3951 0.9186 -0.0003
vn 0.3927 0.9197 0.0002
vn 0.3927 0.9197 0.0002
vn 0.3730 0.9278 0.0000
vn 0.3746 0.9272 -0.0005
vn 0.3662 0.9305 -0.0003
vn 0.3746 0.9272 -0.0005
vn 0.3730 0.9278 0.0000
vn 0.3730 0.9278 0.0000
vn 0.3622 0.9321 0.0004
vn 0.3662 0.9305 -0.0003
vn 0.3525 0.9358 -0.0001
vn 0.3662 0.9305 -0.0003
vn 0.3622 0.9321 0.0004
vn 0.3622 0.9321 0.0004
vn 0.3502 0.9367 0.0006
vn 0.3525 0.9358 -0.0001
vn 0.3311 0.9436 0.0029
vn 0.3525 0.9358 -0.0001
vn 0.3502 0.9367 0.0006
vn 0.3502 0.9367 0.0006
vn 0.3305 0.9438 0.0007
vn 0.3311 0.9436 0.0029
vn 0.3205 0.9472 0.0006
vn 0.3311 0.9436 0.0029
vn 0.3305 0.9438 0.0007
vn 0.3305 0.9438 0.0007
vn 0.3189 0.9478 0.0030
vn 0.3205 0.9472 0.0006
vn 0.3010 0.9536 0.0000
vn 0.3205 0.9472 0.0006
vn 0.3189 0.9478 0.0030
vn 0.3189 0.9478 0.0030
vn 0.2965 0.9550 0.0038
vn 0.3010 0.9536 0.0000
vn 0.2838 0.9589 -0.0003
vn 0.3010 0.9536 0.0000
vn 0.2965 0.9550 0.0038
vn 0.2965 0.9550 0.0038
vn 0.2805 0.9599 0.0034
vn 0.2838 0.9589 -0.0003
vn 0.2683 0.9633 -0.0005
vn 0.2838 0.9589 -0.0003
vn 0.2805 0.9599 0.0034
vn 0.2805 0.9599 0.0034
vn 0.2632 0.9647 0.0030
vn 0.2683 0.9633 -0.0005
vn 0.2587 0.9660 -0.0004
vn 0.2683 0.9633 -0.0005
vn 0.2632 0.9647 0.0030
vn 0.2632 0.9647 0.0030
vn 0.2514 0.9679 0.0055
vn 0.2587 0.9660 -0.0004
vn 0.2375 0.9714 -0.0004
vn 0.2587 0.9660 -0.0004
vn 0.2514 0.9679 0.0055
vn 0.2514 0.9679 0.0055
vn 0.2352 0.9720 0.0001
vn 0.2375 0.9714 -0.0004
vn 0.2324 0.9726 -0.0002
vn 0.2375 0.9714 -0.0004
vn 0.2352 0.9720 0.0001
vn 0.2352 0.9720 0.0001
vn 0.2292 0.9734 0.0001
vn 0.2324 0.9726 -0.0002
vn 0.2131 0.9770 0.0003
vn 0.2324 0.9726 -0.0002
vn 0.2292 0.9734 0.0001
vn 0.2292 0.9734 0.0001
vn 0.2085 0.9780 -0.0001
vn 0.2131 0.9770 0.0003
vn 0.2003 0.9797 0.0029
vn 0.2131 0.9770 0.0003
vn 0.2085 0.9780 -0.0001
vn 0.2085 0.9780 -0.0001
vn 0.1957 0.9807 -0.0017
vn 0.2003 0.9797 0.0029
vn 0.1886 0.9821 0.0005
vn 0.2003 0.9797 0.0029
vn 0.1957 0.9807 -0.0017
vn 0.1957 0.9807 -0.0017
vn 0.1846 0.9828 -0.0005
vn 0.1886 0.9821 0.0005
vn 0.1698 0.9855 0.0001
vn 0.1886 0.9821 0.0005
vn 0.1846 0.9828 -0.0005
vn 0.1846 0.9828 -0.0005
vn 0.1648 0.9863 0.0002
vn 0.1698 0.9855 0.0001
vn 0.1628 0.9867 -0.0000
vn 0.1698 0.9855 0.0001
vn 0.1648 0.9863 0.0002
vn 0.1648 0.9863 0.0002
vn 0.1461 0.9893 0.0004
vn 0.1628 0.9867 -0.0000
vn 0.1484 0.9889 0.0060
vn 0.1628 0.9867 -0.0000
vn 0.1461 0.9893 0.0004
vn 0.1282 0.9917 -0.0001
vn 0.1484 0.9889 0.0060
vn 0.1461 0.9893 0.0004
vn 0.1461 0.9893 0.0004
vn 0.1281 0.9918 0.0007
vn 0.1282 0.9917 -0.0001
vn 0.1167 0.9932 0.0001
vn 0.1282 0.9917 -0.0001
vn 0.1281 0.9918 0.0007
vn 0.1281 0.9918 0.0007
vn 0.1034 0.9946 0.0004
vn 0.1167 0.9932 0.0001
vn 0.0986 0.9951 0.0016
vn 0.1167 0.9932 0.0001
vn 0.1034 0.9946 0.0004
vn 0.0284 0.9996 -0.0002
vn 0.0040 1.0000 -0.0002
vn 0.0010 1.0000 0.0002
vn 0.0010 1.0000 0.0002
vn 0.0307 0.9995 -0.0002
vn 0.0284 0.9996 -0.0002
vn 0.0383 0.9993 -0.0001
vn 0.0284 0.9996 -0.0002
vn 0.0307 0.9995 -0.0002
vn 0.0307 0.9995 -0.0002
vn 0.0447 0.9990 -0.0004
vn 0.0383 0.9993 -0.0001
vn 0.0491 0.9988 0.0000
vn 0.0383 0.9993 -0.0001
vn 0.0447 0.9990 -0.0004
vn 0.0447 0.9990 -0.0004
vn 0.0633 0.9980 -0.0002
vn 0.0491 0.9988 0.0000
vn 0.1034 0.9946 0.0004
vn 0.0865 0.9963 0.0000
vn 0.0986 0.9951 0.0016
vn 0.0865 0.9963 0.0000
vn 0.1034 0.9946 0.0004
vn 0.0965 0.9953 0.0007
vn 0.0965 0.9953 0.0007
vn 0.0770 0.9970 0.0001
vn 0.0865 0.9963 0.0000
vn 0.0633 0.9980 -0.0002
vn 0.0865 0.9963 0.0000
vn 0.0770 0.9970 0.0001
vn 0.0770 0.9970 0.0001
vn 0.0629 0.9980 -0.0030
vn 0.0633 0.9980 -0.0002
vn 0.0629 0.9980 -0.0030
vn 0.0491 0.9988 0.0000
vn 0.0633 0.9980 -0.0002
vn 0.6931 0.6508 -0.3100
vn 0.4993 0.8664 -0.0048
vn 0.5627 0.8165 -0.1293
vn 0.4853 0.8743 -0.0041
vn 0.6931 0.6508 -0.3100
vn 0.6512 0.7570 0.0532
vn 0.4853 0.8743 -0.0041
vn 0.6512 0.7570 0.0532
vn 0.4402 0.8979 -0.0022
vn 0.4853 0.8743 -0.0041
vn 0.6821 0.7313 -0.0013
vn 0.6931 0.6508 -0.3100
vn 0.3355 0.0122 -0.9420
vn 0.3355 0.0122 -0.9420
vn 0.3355 0.0122 -0.9420
vn 0.5294 0.8484 -0.0013
vn 0.5727 0.8198 -0.0015
vn 0.5627 0.8165 -0.1293
vn 0.2395 0.2974 -0.9242
vn 0.2395 0.2974 -0.9242
vn 0.2395 0.2974 -0.9242
vn 0.2385 0.3082 -0.9209
vn 0.2385 0.3082 -0.9209
vn 0.2385 0.3082 -0.9209
vn 0.2372 0.3174 -0.9182
vn 0.2372 0.3174 -0.9182
vn 0.2372 0.3174 -0.9182
vn 0.2915 0.0933 -0.9520
vn 0.2915 0.0933 -0.9520
vn 0.2915 0.0933 -0.9520
vn 0.5627 0.8165 -0.1293
vn 0.5727 0.8198 -0.0015
vn 0.5953 0.7955 -0.1132
vn 0.5718 0.8152 -0.0924
vn 0.6124 0.7867 -0.0774
vn 0.2284 0.9699 0.0840
vn 0.2284 0.9699 0.0840
vn 0.4482 0.8939 -0.0036
vn 0.5156 0.8485 0.1190
vn 0.5156 0.8485 0.1190
vn 0.5718 0.8152 -0.0924
vn 0.2284 0.9699 0.0840
vn 0.8154 -0.1804 -0.5501
vn 0.8154 -0.1804 -0.5501
vn 0.8154 -0.1804 -0.5501
vn 0.5718 0.8152 -0.0924
vn 0.5156 0.8485 0.1190
vn 0.6512 0.7570 0.0532
vn -0.6421 0.6450 -0.4144
vn -0.4801 0.8620 -0.1625
vn -0.4906 0.8417 -0.2256
vn -0.4906 0.8417 -0.2256
vn -0.7673 0.5924 -0.2456
vn -0.5108 0.8336 -0.2100
vn -0.5384 0.8263 -0.1654
vn -0.5553 0.8113 -0.1829
vn -0.9570 0.1251 -0.2617
vn -0.4963 0.8426 -0.2092
vn -0.6683 0.7429 -0.0390
vn -0.5384 0.8263 -0.1654
vn -0.6421 0.6450 -0.4144
vn -0.4906 0.8417 -0.2256
vn -0.9004 0.3570 -0.2484
vn -0.2275 0.9687 -0.0997
vn -0.5384 0.8263 -0.1654
vn -0.6421 0.6450 -0.4144
vn -0.6683 0.7429 -0.0390
vn -0.9971 0.0202 0.0732
vn -0.9971 0.0202 0.0732
vn -0.2582 0.9628 -0.0799
vn -0.2509 0.9646 -0.0809
vn -0.3342 0.9352 -0.1167
vn -0.3170 0.9432 -0.0996
vn -0.2582 0.9628 -0.0799
vn -0.3342 0.9352 -0.1167
vn -0.5553 0.8113 -0.1829
vn -0.3966 0.9107 -0.1156
vn -0.3342 0.9352 -0.1167
vn -0.5553 0.8113 -0.1829
vn -0.3342 0.9352 -0.1167
vn -0.4963 0.8426 -0.2092
vn -0.1894 0.9800 -0.0604
vn -0.2509 0.9646 -0.0809
vn -0.2582 0.9628 -0.0799
vn -0.2582 0.9628 -0.0799
vn -0.1880 0.9802 -0.0618
vn -0.1894 0.9800 -0.0604
vn -0.1215 0.9916 -0.0437
vn -0.1894 0.9800 -0.0604
vn -0.1880 0.9802 -0.0618
vn -0.1880 0.9802 -0.0618
vn -0.1008 0.9944 -0.0320
vn -0.1215 0.9916 -0.0437
vn -0.0061 0.9996 -0.0264
vn -0.1215 0.9916 -0.0437
vn -0.1008 0.9944 -0.0320
vn -0.0083 1.0000 -0.0039
vn -0.0061 0.9996 -0.0264
vn -0.1008 0.9944 -0.0320
vn -0.2124 -0.8628 -0.4587
vn -0.2124 -0.8628 -0.4587
vn -0.2124 -0.8628 -0.4587
vn -0.2275 0.9687 -0.0997
vn -0.4906 0.8417 -0.2256
vn -0.5384 0.8263 -0.1654
vn -0.7344 0.1839 -0.6533
vn -0.5553 0.8113 -0.1829
vn -0.5384 0.8263 -0.1654
vn -0.7344 0.1839 -0.6533
vn -0.5384 0.8263 -0.1654
vn -0.5108 0.8336 -0.2100
vn -0.5384 0.8263 -0.1654
vn -0.4906 0.8417 -0.2256
vn -0.5108 0.8336 -0.2100
vn -0.6574 0.7535 -0.0005
vn -0.6713 0.7412 -0.0023
vn -0.6626 0.7489 0.0007
vn -0.6626 0.7489 0.0007
vn -0.6541 0.7564 0.0005
vn -0.6574 0.7535 -0.0005
vn -0.5089 0.8606 0.0180
vn -0.6574 0.7535 -0.0005
vn -0.6541 0.7564 0.0005
vn -0.6541 0.7564 0.0005
vn -0.5577 0.8301 -0.0052
vn -0.5089 0.8606 0.0180
vn -0.3922 0.9144 0.1006
vn -0.5582 0.8224 0.1094
vn -0.5089 0.8606 0.0180
vn -0.3922 0.9144 0.1006
vn -0.5089 0.8606 0.0180
vn -0.5577 0.8301 -0.0052
vn -0.6832 0.7269 -0.0689
vn -0.5089 0.8606 0.0180
vn -0.5582 0.8224 0.1094
vn -0.6121 0.7908 0.0003
vn -0.5988 0.7975 -0.0732
vn -0.6028 0.7956 -0.0614
vn -0.6028 0.7956 -0.0614
vn -0.6191 0.7846 -0.0333
vn -0.6121 0.7908 0.0003
vn -0.6286 0.7778 0.0004
vn -0.6121 0.7908 0.0003
vn -0.6191 0.7846 -0.0333
vn -0.6191 0.7846 -0.0333
vn -0.7638 0.6430 -0.0559
vn -0.6286 0.7778 0.0004
vn -0.5577 0.8301 -0.0052
vn -0.6286 0.7778 0.0004
vn -0.7638 0.6430 -0.0559
vn -0.9702 -0.2412 -0.0239
vn -0.9702 -0.2412 -0.0239
vn -0.9702 -0.2412 -0.0239
vn -0.5429 0.8398 -0.0000
vn -0.5498 0.8353 -0.0000
vn -0.5322 0.8466 0.0006
vn -0.5513 0.8343 0.0003
vn -0.5322 0.8466 0.0006
vn -0.5498 0.8353 -0.0000
vn -0.5513 0.8343 0.0003
vn -0.5498 0.8353 -0.0000
vn -0.5570 0.8305 -0.0001
vn -0.5988 0.7975 -0.0732
vn -0.6121 0.7908 0.0003
vn -0.6051 0.7962 0.0009
vn -0.6051 0.7962 0.0009
vn -0.5909 0.8067 0.0020
vn -0.5988 0.7975 -0.0732
vn -0.5776 0.8163 -0.0009
vn -0.5988 0.7975 -0.0732
vn -0.5909 0.8067 0.0020
vn -0.5909 0.8067 0.0020
vn -0.5704 0.8214 0.0003
vn -0.5776 0.8163 -0.0009
vn -0.5570 0.8305 -0.0001
vn -0.5776 0.8163 -0.0009
vn -0.5704 0.8214 0.0003
vn -0.5704 0.8214 0.0003
vn -0.5588 0.8291 0.0186
vn -0.5570 0.8305 -0.0001
vn -0.5570 0.8305 -0.0001
vn -0.5588 0.8291 0.0186
vn -0.5513 0.8343 0.0003
vn -0.5033 0.8641 -0.0046
vn -0.5162 0.8565 -0.0001
vn -0.4980 0.8672 0.0002
vn -0.5197 0.8543 0.0006
vn -0.4980 0.8672 0.0002
vn -0.5162 0.8565 -0.0001
vn -0.5197 0.8543 0.0006
vn -0.5162 0.8565 -0.0001
vn -0.6152 0.7619 -0.2026
vn -0.6152 0.7619 -0.2026
vn -0.5322 0.8466 0.0006
vn -0.5197 0.8543 0.0006
vn -0.5322 0.8466 0.0006
vn -0.6152 0.7619 -0.2026
vn -0.5429 0.8398 -0.0000
vn -0.5143 0.8576 -0.0015
vn -0.4487 0.8936 -0.0153
vn -0.4407 0.8976 0.0001
vn -0.9970 -0.0742 -0.0216
vn -0.9970 -0.0742 -0.0216
vn -0.9970 -0.0742 -0.0216
vn -0.5143 0.8576 -0.0015
vn -0.4713 0.8820 -0.0004
vn -0.4487 0.8936 -0.0153
vn -0.9969 -0.0754 -0.0222
vn -0.9969 -0.0754 -0.0222
vn -0.9969 -0.0754 -0.0222
vn -0.6407 0.7669 -0.0365
vn -0.4541 0.8910 -0.0007
vn -0.4713 0.8820 -0.0004
vn -0.4952 0.8688 -0.0037
vn -0.4713 0.8820 -0.0004
vn -0.4541 0.8910 -0.0007
vn -0.4541 0.8910 -0.0007
vn -0.4980 0.8672 0.0002
vn -0.4952 0.8688 -0.0037
vn -0.4541 0.8910 -0.0007
vn -0.5033 0.8641 -0.0046
vn -0.4980 0.8672 0.0002
vn -0.5582 0.8224 0.1094
vn -0.6407 0.7669 -0.0365
vn -0.5179 0.8553 -0.0119
vn -0.6407 0.7669 -0.0365
vn -0.4738 0.8807 0.0012
vn -0.5179 0.8553 -0.0119
vn -0.5582 0.8224 0.1094
vn -0.5179 0.8553 -0.0119
vn -0.6667 0.7416 -0.0737
vn -0.6667 0.7416 -0.0737
vn -0.6832 0.7269 -0.0689
vn -0.5582 0.8224 0.1094
vn -0.0276 0.9996 0.0000
vn -0.0043 1.0000 0.0025
vn -0.0016 1.0000 -0.0000
vn -0.0016 1.0000 -0.0000
vn -0.0326 0.9995 -0.0002
vn -0.0276 0.9996 0.0000
vn -0.0423 0.9991 0.0001
vn -0.0276 0.9996 0.0000
vn -0.0326 0.9995 -0.0002
vn -0.0326 0.9995 -0.0002
vn -0.0457 0.9990 -0.0000
vn -0.0423 0.9991 0.0001
vn -0.0594 0.9982 0.0004
vn -0.0423 0.9991 0.0001
vn -0.0457 0.9990 -0.0000
vn -0.0457 0.9990 -0.0000
vn -0.0643 0.9979 0.0001
vn -0.0594 0.9982 0.0004
vn -0.0676 0.9977 0.0004
vn -0.0594 0.9982 0.0004
vn -0.0643 0.9979 0.0001
vn -0.0643 0.9979 0.0001
vn -0.0689 0.9976 0.0002
vn -0.0676 0.9977 0.0004
vn -0.0919 0.9958 0.0004
vn -0.0676 0.9977 0.0004
vn -0.0689 0.9976 0.0002
vn -0.0689 0.9976 0.0002
vn -0.0921 0.9958 -0.0000
vn -0.0919 0.9958 0.0004
vn -0.0952 0.9955 0.0002
vn -0.0919 0.9958 0.0004
vn -0.0921 0.9958 -0.0000
vn -0.0921 0.9958 -0.0000
vn -0.0993 0.9951 -0.0000
vn -0.0952 0.9955 0.0002
vn -0.1141 0.9935 0.0000
vn -0.0952 0.9955 0.0002
vn -0.0993 0.9951 -0.0000
vn -0.0993 0.9951 -0.0000
vn -0.1180 0.9930 -0.0011
vn -0.1141 0.9935 0.0000
vn -0.1280 0.9918 -0.0000
vn -0.1141 0.9935 0.0000
vn -0.1180 0.9930 -0.0011
vn -0.1180 0.9930 -0.0011
vn -0.1336 0.9910 -0.0001
vn -0.1280 0.9918 -0.0000
vn -0.1401 0.9901 0.0000
vn -0.1280 0.9918 -0.0000
vn -0.1336 0.9910 -0.0001
vn -0.1336 0.9910 -0.0001
vn -0.1413 0.9900 0.0000
vn -0.1401 0.9901 0.0000
vn -0.1600 0.9871 -0.0000
vn -0.1401 0.9901 0.0000
vn -0.1413 0.9900 0.0000
vn -0.1413 0.9900 0.0000
vn -0.1630 0.9866 0.0001
vn -0.1600 0.9871 -0.0000
vn -0.1660 0.9861 -0.0000
vn -0.1600 0.9871 -0.0000
vn -0.1630 0.9866 0.0001
vn -0.1630 0.9866 0.0001
vn -0.1692 0.9856 0.0001
vn -0.1660 0.9861 -0.0000
vn -0.1872 0.9823 0.0011
vn -0.1660 0.9861 -0.0000
vn -0.1692 0.9856 0.0001
vn -0.1692 0.9856 0.0001
vn -0.1879 0.9822 0.0002
vn -0.1872 0.9823 0.0011
vn -0.1957 0.9807 0.0002
vn -0.1872 0.9823 0.0011
vn -0.1879 0.9822 0.0002
vn -0.1879 0.9822 0.0002
vn -0.2009 0.9796 0.0001
vn -0.1957 0.9807 0.0002
vn -0.2097 0.9778 -0.0000
vn -0.1957 0.9807 0.0002
vn -0.2009 0.9796 0.0001
vn -0.2009 0.9796 0.0001
vn -0.2137 0.9769 0.0000
vn -0.2097 0.9778 -0.0000
vn -0.2291 0.9734 -0.0003
vn -0.2097 0.9778 -0.0000
vn -0.2137 0.9769 0.0000
vn -0.2137 0.9769 0.0000
vn -0.2325 0.9726 -0.0003
vn -0.2291 0.9734 -0.0003
vn -0.2354 0.9719 -0.0002
vn -0.2291 0.9734 -0.0003
vn -0.2325 0.9726 -0.0003
vn -0.2325 0.9726 -0.0003
vn -0.2366 0.9716 -0.0005
vn -0.2354 0.9719 -0.0002
vn -0.2584 0.9661 -0.0003
vn -0.2354 0.9719 -0.0002
vn -0.2366 0.9716 -0.0005
vn -0.2366 0.9716 -0.0005
vn -0.2588 0.9659 -0.0001
vn -0.2584 0.9661 -0.0003
vn -0.2630 0.9648 -0.0001
vn -0.2584 0.9661 -0.0003
vn -0.2588 0.9659 -0.0001
vn -0.2588 0.9659 -0.0001
vn -0.2680 0.9634 -0.0001
vn -0.2630 0.9648 -0.0001
vn -0.2798 0.9601 0.0001
vn -0.2630 0.9648 -0.0001
vn -0.2680 0.9634 -0.0001
vn -0.2680 0.9634 -0.0001
vn -0.2834 0.9590 -0.0002
vn -0.2798 0.9601 0.0001
vn -0.2960 0.9552 0.0006
vn -0.2798 0.9601 0.0001
vn -0.2834 0.9590 -0.0002
vn -0.2834 0.9590 -0.0002
vn -0.3008 0.9537 -0.0003
vn -0.2960 0.9552 0.0006
vn -0.3040 0.9527 0.0006
vn -0.2960 0.9552 0.0006
vn -0.3008 0.9537 -0.0003
vn -0.3008 0.9537 -0.0003
vn -0.3047 0.9525 -0.0007
vn -0.3040 0.9527 0.0006
vn -0.3276 0.9448 0.0007
vn -0.3040 0.9527 0.0006
vn -0.3047 0.9525 -0.0007
vn -0.3047 0.9525 -0.0007
vn -0.3273 0.9449 -0.0000
vn -0.3276 0.9448 0.0007
vn -0.3301 0.9440 0.0003
vn -0.3276 0.9448 0.0007
vn -0.3273 0.9449 -0.0000
vn -0.3273 0.9449 -0.0000
vn -0.3347 0.9423 -0.0005
vn -0.3301 0.9440 0.0003
vn -0.3486 0.9373 0.0001
vn -0.3301 0.9440 0.0003
vn -0.3347 0.9423 -0.0005
vn -0.3347 0.9423 -0.0005
vn -0.3520 0.9360 -0.0001
vn -0.3486 0.9373 0.0001
vn -0.3610 0.9326 0.0000
vn -0.3486 0.9373 0.0001
vn -0.3520 0.9360 -0.0001
vn -0.3520 0.9360 -0.0001
vn -0.3661 0.9306 -0.0000
vn -0.3610 0.9326 0.0000
vn -0.3718 0.9283 -0.0000
vn -0.3610 0.9326 0.0000
vn -0.3661 0.9306 -0.0000
vn -0.3661 0.9306 -0.0000
vn -0.3738 0.9275 0.0000
vn -0.3718 0.9283 -0.0000
vn -0.3909 0.9204 0.0001
vn -0.3718 0.9283 -0.0000
vn -0.3738 0.9275 0.0000
vn -0.3738 0.9275 0.0000
vn -0.3936 0.9193 -0.0000
vn -0.3909 0.9204 0.0001
vn -0.3966 0.9180 0.0001
vn -0.3909 0.9204 0.0001
vn -0.3936 0.9193 -0.0000
vn -0.3936 0.9193 -0.0000
vn -0.3996 0.9167 -0.0001
vn -0.3966 0.9180 0.0001
vn -0.4160 0.9094 0.0020
vn -0.3966 0.9180 0.0001
vn -0.3996 0.9167 -0.0001
vn -0.3996 0.9167 -0.0001
vn -0.4190 0.9080 -0.0042
vn -0.4160 0.9094 0.0020
vn -0.4244 0.9055 0.0002
vn -0.4160 0.9094 0.0020
vn -0.4190 0.9080 -0.0042
vn -0.4190 0.9080 -0.0042
vn -0.4293 0.9032 -0.0015
vn -0.4244 0.9055 0.0002
vn -0.4407 0.8976 0.0001
vn -0.4244 0.9055 0.0002
vn -0.4293 0.9032 -0.0015
vn -0.4293 0.9032 -0.0015
vn -0.4738 0.8807 0.0012
vn -0.4407 0.8976 0.0001
vn -0.5143 0.8576 -0.0015
vn -0.4407 0.8976 0.0001
vn -0.4738 0.8807 0.0012
vn -0.5033 0.8641 -0.0046
vn -0.4541 0.8910 -0.0007
vn -0.6407 0.7669 -0.0365
vn -0.5033 0.8641 -0.0046
vn -0.6407 0.7669 -0.0365
vn -0.6152 0.7619 -0.2026
vn -0.5033 0.8641 -0.0046
vn -0.6152 0.7619 -0.2026
vn -0.5162 0.8565 -0.0001
vn -0.6152 0.7619 -0.2026
vn -0.5498 0.8353 -0.0000
vn -0.5429 0.8398 -0.0000
vn -0.5570 0.8305 -0.0001
vn -0.5498 0.8353 -0.0000
vn -0.6152 0.7619 -0.2026
vn -0.7368 -0.2361 0.6335
vn -0.7368 -0.2361 0.6335
vn -0.7368 -0.2361 0.6335
vn -0.7650 0.0923 -0.6374
vn -0.5251 0.7403 -0.4198
vn -0.6152 0.7619 -0.2026
vn 0.2923 0.5899 0.7527
vn 0.2923 0.5899 0.7527
vn 0.2923 0.5899 0.7527
vn -0.5684 0.7694 0.2914
vn -0.3922 0.9144 0.1006
vn -0.5251 0.7403 -0.4198
vn -0.3922 0.9144 0.1006
vn 0.0277 0.9918 -0.1248
vn -0.5251 0.7403 -0.4198
vn -0.6407 0.7669 -0.0365
vn -0.5684 0.7694 0.2914
vn -0.5251 0.7403 -0.4198
vn -0.1597 0.2063 -0.9654
vn -0.1597 0.2063 -0.9654
vn -0.1597 0.2063 -0.9654
vn -0.5988 0.7975 -0.0732
vn -0.5776 0.8163 -0.0009
vn -0.6152 0.7619 -0.2026
vn -0.5776 0.8163 -0.0009
vn -0.5570 0.8305 -0.0001
vn -0.6152 0.7619 -0.2026
vn -0.5251 0.7403 -0.4198
vn -0.1504 0.2620 -0.9533
vn -0.1504 0.2620 -0.9533
vn -0.5251 0.7403 -0.4198
vn -0.1587 0.2097 -0.9648
vn -0.1587 0.2097 -0.9648
vn -0.2007 0.1351 -0.9703
vn -0.2007 0.1351 -0.9703
vn -0.2007 0.1351 -0.9703
vn 0.6577 -0.7533 0.0001
vn 0.6807 -0.7326 0.0002
vn 0.6654 -0.7465 -0.0003
vn 0.6654 -0.7465 -0.0003
vn 0.6544 -0.7562 -0.0003
vn 0.6577 -0.7533 0.0001
vn 0.6482 -0.7615 -0.0001
vn 0.6577 -0.7533 0.0001
vn 0.6544 -0.7562 -0.0003
vn 0.6544 -0.7562 -0.0003
vn 0.6385 -0.7696 -0.0000
vn 0.6482 -0.7615 -0.0001
vn 0.2300 -0.9696 -0.0836
vn 0.6482 -0.7615 -0.0001
vn 0.6385 -0.7696 -0.0000
vn 0.6482 -0.7615 -0.0001
vn 0.2300 -0.9696 -0.0836
vn 0.2878 -0.9323 0.2190
vn 0.6065 -0.7950 0.0063
vn 0.6482 -0.7615 -0.0001
vn 0.2878 -0.9323 0.2190
vn 0.6065 -0.7950 0.0063
vn 0.2878 -0.9323 0.2190
vn 0.4268 -0.8843 0.1892
vn 0.6134 -0.7898 0.0007
vn 0.5967 -0.8025 -0.0003
vn 0.5768 -0.7176 -0.3903
vn 0.5768 -0.7176 -0.3903
vn 0.6203 -0.7844 -0.0000
vn 0.6134 -0.7898 0.0007
vn 0.6287 -0.7776 0.0004
vn 0.6134 -0.7898 0.0007
vn 0.6203 -0.7844 -0.0000
vn 0.6203 -0.7844 -0.0000
vn 0.6313 -0.7756 -0.0003
vn 0.6287 -0.7776 0.0004
vn 0.6385 -0.7696 -0.0000
vn 0.6287 -0.7776 0.0004
vn 0.6313 -0.7756 -0.0003
vn 0.6313 -0.7756 -0.0003
vn 0.2300 -0.9696 -0.0836
vn 0.6385 -0.7696 -0.0000
vn 0.5967 -0.8025 -0.0003
vn 0.6134 -0.7898 0.0007
vn 0.6082 -0.7936 -0.0182
vn 0.5967 -0.8025 -0.0003
vn 0.6082 -0.7936 -0.0182
vn 0.5828 -0.8126 0.0000
vn 0.5777 -0.8162 -0.0085
vn 0.5967 -0.8025 -0.0003
vn 0.5828 -0.8126 0.0000
vn 0.5828 -0.8126 0.0000
vn 0.5773 -0.8166 0.0000
vn 0.5777 -0.8162 -0.0085
vn 0.5642 -0.8256 -0.0035
vn 0.5777 -0.8162 -0.0085
vn 0.5773 -0.8166 0.0000
vn 0.5773 -0.8166 0.0000
vn 0.5413 -0.8404 -0.0274
vn 0.5642 -0.8256 -0.0035
vn 0.5413 -0.8404 -0.0274
vn 0.5417 -0.8406 -0.0003
vn 0.5642 -0.8256 -0.0035
vn 0.4640 -0.8858 -0.0046
vn 0.5642 -0.8256 -0.0035
vn 0.5417 -0.8406 -0.0003
vn 0.5417 -0.8406 -0.0003
vn 0.5374 -0.8433 -0.0022
vn 0.4640 -0.8858 -0.0046
vn 0.5747 -0.6716 -0.4676
vn 0.4640 -0.8858 -0.0046
vn 0.5374 -0.8433 -0.0022
vn 0.5101 -0.8601 0.0001
vn 0.5180 -0.8554 -0.0069
vn 0.5848 -0.8112 -0.0018
vn 0.5182 -0.8553 0.0037
vn 0.5101 -0.8601 0.0001
vn 0.5848 -0.8112 -0.0018
vn 0.5848 -0.8112 -0.0018
vn 0.5374 -0.8433 -0.0022
vn 0.5182 -0.8553 0.0037
vn 0.5848 -0.8112 -0.0018
vn 0.5747 -0.6716 -0.4676
vn 0.5374 -0.8433 -0.0022
vn 0.4866 -0.8736 -0.0028
vn 0.7002 -0.6939 -0.1679
vn 0.4701 -0.8826 -0.0083
vn 0.4880 -0.8729 -0.0006
vn 0.4866 -0.8736 -0.0028
vn 0.4701 -0.8826 -0.0083
vn 0.4701 -0.8826 -0.0083
vn 0.5101 -0.8601 0.0001
vn 0.4880 -0.8729 -0.0006
vn 0.4701 -0.8826 -0.0083
vn 0.5180 -0.8554 -0.0069
vn 0.5101 -0.8601 0.0001
vn 0.7273 -0.6829 0.0683
vn 0.6868 -0.7203 0.0968
vn 0.6836 -0.7294 -0.0264
vn 0.4217 -0.9064 -0.0258
vn 0.4332 -0.9013 -0.0002
vn 0.6836 -0.7294 -0.0264
vn 0.4866 -0.8736 -0.0028
vn 0.4217 -0.9064 -0.0258
vn 0.6836 -0.7294 -0.0264
vn 0.4866 -0.8736 -0.0028
vn 0.6836 -0.7294 -0.0264
vn 0.7002 -0.6939 -0.1679
vn -0.5191 -0.8543 -0.0262
vn -0.5191 -0.8543 -0.0262
vn -0.5191 -0.8543 -0.0262
vn 0.6868 -0.7203 0.0968
vn 0.7273 -0.6829 0.0683
vn 0.4892 -0.8712 0.0396
vn 0.6836 -0.7294 -0.0264
vn 0.4332 -0.9013 -0.0002
vn 0.7273 -0.6829 0.0683
vn 0.4298 -0.9029 -0.0022
vn 0.7273 -0.6829 0.0683
vn 0.4332 -0.9013 -0.0002
vn 0.4332 -0.9013 -0.0002
vn 0.4249 -0.9052 -0.0000
vn 0.4298 -0.9029 -0.0022
vn 0.4202 -0.9074 -0.0001
vn 0.4298 -0.9029 -0.0022
vn 0.4249 -0.9052 -0.0000
vn 0.4249 -0.9052 -0.0000
vn 0.4171 -0.9089 0.0007
vn 0.4202 -0.9074 -0.0001
vn 0.4010 -0.9161 0.0001
vn 0.4202 -0.9074 -0.0001
vn 0.4171 -0.9089 0.0007
vn 0.4010 -0.9161 0.0001
vn 0.4171 -0.9089 0.0007
vn 0.3980 -0.9174 -0.0001
vn 0.3947 -0.9188 0.0001
vn 0.4010 -0.9161 0.0001
vn 0.3980 -0.9174 -0.0001
vn 0.3980 -0.9174 -0.0001
vn 0.3904 -0.9207 -0.0001
vn 0.3947 -0.9188 0.0001
vn 0.3779 -0.9258 0.0025
vn 0.3947 -0.9188 0.0001
vn 0.3904 -0.9207 -0.0001
vn 0.3904 -0.9207 -0.0001
vn 0.3722 -0.9281 0.0000
vn 0.3779 -0.9258 0.0025
vn 0.3660 -0.9306 0.0013
vn 0.3779 -0.9258 0.0025
vn 0.3722 -0.9281 0.0000
vn 0.3722 -0.9281 0.0000
vn 0.3613 -0.9325 0.0006
vn 0.3660 -0.9306 0.0013
vn 0.3531 -0.9356 0.0011
vn 0.3660 -0.9306 0.0013
vn 0.3613 -0.9325 0.0006
vn 0.3613 -0.9325 0.0006
vn 0.3492 -0.9371 -0.0003
vn 0.3531 -0.9356 0.0011
vn 0.3348 -0.9423 0.0009
vn 0.3531 -0.9356 0.0011
vn 0.3492 -0.9371 -0.0003
vn 0.3492 -0.9371 -0.0003
vn 0.3307 -0.9437 -0.0007
vn 0.3348 -0.9423 0.0009
vn 0.3184 -0.9480 -0.0004
vn 0.3348 -0.9423 0.0009
vn 0.3307 -0.9437 -0.0007
vn 0.3307 -0.9437 -0.0007
vn 0.3124 -0.9500 -0.0011
vn 0.3184 -0.9480 -0.0004
vn 0.3009 -0.9537 -0.0001
vn 0.3184 -0.9480 -0.0004
vn 0.3124 -0.9500 -0.0011
vn 0.3124 -0.9500 -0.0011
vn 0.2964 -0.9551 -0.0014
vn 0.3009 -0.9537 -0.0001
vn 0.2835 -0.9590 0.0001
vn 0.3009 -0.9537 -0.0001
vn 0.2964 -0.9551 -0.0014
vn 0.2964 -0.9551 -0.0014
vn 0.2796 -0.9601 -0.0012
vn 0.2835 -0.9590 0.0001
vn 0.2682 -0.9634 0.0003
vn 0.2835 -0.9590 0.0001
vn 0.2796 -0.9601 -0.0012
vn 0.2796 -0.9601 -0.0012
vn 0.2631 -0.9648 -0.0010
vn 0.2682 -0.9634 0.0003
vn 0.2584 -0.9660 0.0002
vn 0.2682 -0.9634 0.0003
vn 0.2631 -0.9648 -0.0010
vn 0.2631 -0.9648 -0.0010
vn 0.2554 -0.9668 -0.0012
vn 0.2584 -0.9660 0.0002
vn 0.2368 -0.9716 0.0002
vn 0.2584 -0.9660 0.0002
vn 0.2554 -0.9668 -0.0012
vn 0.2554 -0.9668 -0.0012
vn 0.2353 -0.9719 -0.0000
vn 0.2368 -0.9716 0.0002
vn 0.2325 -0.9726 0.0000
vn 0.2368 -0.9716 0.0002
vn 0.2353 -0.9719 -0.0000
vn 0.2353 -0.9719 -0.0000
vn 0.2272 -0.9739 0.0015
vn 0.2325 -0.9726 0.0000
vn 0.2158 -0.9764 0.0017
vn 0.2325 -0.9726 0.0000
vn 0.2272 -0.9739 0.0015
vn 0.2272 -0.9739 0.0015
vn 0.2096 -0.9778 0.0005
vn 0.2158 -0.9764 0.0017
vn 0.2014 -0.9795 0.0004
vn 0.2158 -0.9764 0.0017
vn 0.2096 -0.9778 0.0005
vn 0.2096 -0.9778 0.0005
vn 0.1960 -0.9806 0.0002
vn 0.2014 -0.9795 0.0004
vn 0.1877 -0.9822 0.0001
vn 0.2014 -0.9795 0.0004
vn 0.1960 -0.9806 0.0002
vn 0.1960 -0.9806 0.0002
vn 0.1856 -0.9826 -0.0002
vn 0.1877 -0.9822 0.0001
vn 0.1678 -0.9858 -0.0005
vn 0.1877 -0.9822 0.0001
vn 0.1856 -0.9826 -0.0002
vn 0.1856 -0.9826 -0.0002
vn 0.1643 -0.9864 -0.0004
vn 0.1678 -0.9858 -0.0005
vn 0.1619 -0.9868 0.0000
vn 0.1678 -0.9858 -0.0005
vn 0.1643 -0.9864 -0.0004
vn 0.1643 -0.9864 -0.0004
vn 0.1612 -0.9869 -0.0008
vn 0.1619 -0.9868 0.0000
vn 0.1392 -0.9903 0.0008
vn 0.1619 -0.9868 0.0000
vn 0.1612 -0.9869 -0.0008
vn 0.1612 -0.9869 -0.0008
vn 0.1381 -0.9904 -0.0005
vn 0.1392 -0.9903 0.0008
vn 0.1332 -0.9911 0.0006
vn 0.1392 -0.9903 0.0008
vn 0.1381 -0.9904 -0.0005
vn 0.1381 -0.9904 -0.0005
vn 0.1284 -0.9917 -0.0006
vn 0.1332 -0.9911 0.0006
vn 0.1157 -0.9933 0.0006
vn 0.1332 -0.9911 0.0006
vn 0.1284 -0.9917 -0.0006
vn 0.1284 -0.9917 -0.0006
vn 0.1131 -0.9936 -0.0003
vn 0.1157 -0.9933 0.0006
vn 0.0967 -0.9953 0.0003
vn 0.1157 -0.9933 0.0006
vn 0.1131 -0.9936 -0.0003
vn 0.1131 -0.9936 -0.0003
vn 0.0939 -0.9956 0.0002
vn 0.0967 -0.9953 0.0003
vn 0.0799 -0.9968 -0.0001
vn 0.0967 -0.9953 0.0003
vn 0.0939 -0.9956 0.0002
vn 0.0939 -0.9956 0.0002
vn 0.0800 -0.9968 0.0012
vn 0.0799 -0.9968 -0.0001
vn 0.0799 -0.9968 -0.0001
vn 0.0800 -0.9968 0.0012
vn 0.0634 -0.9980 0.0019
vn 0.0340 -0.9994 -0.0002
vn 0.0090 -1.0000 -0.0001
vn 0.0009 -1.0000 -0.0003
vn 0.0009 -1.0000 -0.0003
vn 0.0312 -0.9995 0.0003
vn 0.0340 -0.9994 -0.0002
vn 0.0405 -0.9992 -0.0000
vn 0.0340 -0.9994 -0.0002
vn 0.0312 -0.9995 0.0003
vn 0.0312 -0.9995 0.0003
vn 0.0434 -0.9991 0.0006
vn 0.0405 -0.9992 -0.0000
vn 0.0634 -0.9980 0.0019
vn 0.0405 -0.9992 -0.0000
vn 0.0434 -0.9991 0.0006
vn 0.0434 -0.9991 0.0006
vn 0.0667 -0.9978 0.0021
vn 0.0634 -0.9980 0.0019
vn 0.0634 -0.9980 0.0019
vn 0.0667 -0.9978 0.0021
vn 0.0799 -0.9968 -0.0001
vn 0.6868 -0.7203 0.0968
vn 0.7002 -0.6939 -0.1679
vn 0.6836 -0.7294 -0.0264
vn 0.5747 -0.6716 -0.4676
vn 0.4701 -0.8826 -0.0083
vn 0.7002 -0.6939 -0.1679
vn 0.5747 -0.6716 -0.4676
vn 0.5180 -0.8554 -0.0069
vn 0.4701 -0.8826 -0.0083
vn 0.5747 -0.6716 -0.4676
vn 0.5642 -0.8256 -0.0035
vn 0.4640 -0.8858 -0.0046
vn 0.5848 -0.8112 -0.0018
vn 0.5180 -0.8554 -0.0069
vn 0.5747 -0.6716 -0.4676
vn 0.7741 0.3787 0.5074
vn 0.7741 0.3787 0.5074
vn 0.7741 0.3787 0.5074
vn 0.4416 -0.4006 -0.8028
vn 0.5768 -0.7176 -0.3903
vn 0.4416 -0.4006 -0.8028
vn 0.5967 -0.8025 -0.0003
vn 0.5777 -0.8162 -0.0085
vn 0.5768 -0.7176 -0.3903
vn 0.2300 -0.9696 -0.0836
vn 0.6313 -0.7756 -0.0003
vn 0.5768 -0.7176 -0.3903
vn 0.5747 -0.6716 -0.4676
vn 0.5768 -0.7176 -0.3903
vn 0.5777 -0.8162 -0.0085
vn 0.5777 -0.8162 -0.0085
vn 0.5642 -0.8256 -0.0035
vn 0.5747 -0.6716 -0.4676
vn 0.5768 -0.7176 -0.3903
vn 0.6313 -0.7756 -0.0003
vn 0.6203 -0.7844 -0.0000
vn 0.5768 -0.7176 -0.3903
vn 0.5747 -0.6716 -0.4676
vn 0.4502 -0.8923 -0.0335
vn 0.2878 -0.9323 0.2190
vn 0.2300 -0.9696 -0.0836
vn 0.4502 -0.8923 -0.0335
vn 0.2878 -0.9323 0.2190
vn 0.3507 -0.4176 0.8382
vn 0.4268 -0.8843 0.1892
vn 0.8193 0.5234 0.2341
vn 0.8193 0.5234 0.2341
vn 0.8193 0.5234 0.2341
vn 0.5747 -0.6716 -0.4676
vn 0.7002 -0.6939 -0.1679
vn 0.5616 -0.2633 -0.7844
vn 0.5852 -0.7542 -0.2978
vn 0.3962 -0.8884 -0.2320
vn 0.3493 -0.9209 -0.1730
vn 0.3493 -0.9209 -0.1730
vn 0.5865 -0.7524 -0.2997
vn 0.5852 -0.7542 -0.2978
vn 0.5998 -0.7394 -0.3058
vn 0.5852 -0.7542 -0.2978
vn 0.5865 -0.7524 -0.2997
vn 0.5865 -0.7524 -0.2997
vn 0.5915 -0.7475 -0.3022
vn 0.5998 -0.7394 -0.3058
vn 0.4096 -0.8471 -0.3387
vn 0.3962 -0.8884 -0.2320
vn 0.5272 -0.8142 -0.2429
vn 0.4096 -0.8471 -0.3387
vn 0.3493 -0.9209 -0.1730
vn 0.3962 -0.8884 -0.2320
vn 0.3493 -0.9209 -0.1730
vn 0.4096 -0.8471 -0.3387
vn 0.5167 -0.8493 -0.1082
vn 0.5289 -0.8198 -0.2193
vn 0.3493 -0.9209 -0.1730
vn 0.5167 -0.8493 -0.1082
vn 0.5167 -0.8493 -0.1082
vn 0.5151 -0.8342 -0.1970
vn 0.5289 -0.8198 -0.2193
vn 0.5167 -0.8493 -0.1082
vn 0.5771 -0.7712 -0.2687
vn 0.5151 -0.8342 -0.1970
vn 0.5771 -0.7712 -0.2687
vn 0.6305 -0.6702 -0.3915
vn 0.5272 -0.8142 -0.2429
vn 0.8382 0.3880 -0.3832
vn 0.8382 0.3880 -0.3832
vn 0.8382 0.3880 -0.3832
vn 0.5272 -0.8142 -0.2429
vn 0.4265 -0.8799 -0.2095
vn 0.5771 -0.7712 -0.2687
vn 0.5771 -0.7712 -0.2687
vn 0.4265 -0.8799 -0.2095
vn 0.4444 -0.8676 -0.2231
vn 0.5771 -0.7712 -0.2687
vn 0.4536 -0.8610 -0.2300
vn 0.5151 -0.8342 -0.1970
vn 0.5771 -0.7712 -0.2687
vn 0.4444 -0.8676 -0.2231
vn 0.4536 -0.8610 -0.2300
vn 0.3834 -0.9027 -0.1955
vn 0.4536 -0.8610 -0.2300
vn 0.4444 -0.8676 -0.2231
vn 0.4444 -0.8676 -0.2231
vn 0.3807 -0.9051 -0.1892
vn 0.3834 -0.9027 -0.1955
vn 0.3816 -0.9036 -0.1945
vn 0.3834 -0.9027 -0.1955
vn 0.3807 -0.9051 -0.1892
vn 0.3807 -0.9051 -0.1892
vn 0.3621 -0.9146 -0.1801
vn 0.3816 -0.9036 -0.1945
vn 0.3709 -0.9124 -0.1733
vn 0.3816 -0.9036 -0.1945
vn 0.3621 -0.9146 -0.1801
vn 0.3253 -0.9313 -0.1642
vn 0.3709 -0.9124 -0.1733
vn 0.3621 -0.9146 -0.1801
vn 0.3621 -0.9146 -0.1801
vn 0.3421 -0.9241 -0.1704
vn 0.3253 -0.9313 -0.1642
vn 0.3260 -0.9308 -0.1654
vn 0.3253 -0.9313 -0.1642
vn 0.3421 -0.9241 -0.1704
vn 0.3421 -0.9241 -0.1704
vn 0.3228 -0.9328 -0.1604
vn 0.3260 -0.9308 -0.1654
vn 0.3062 -0.9391 -0.1563
vn 0.3260 -0.9308 -0.1654
vn 0.3228 -0.9328 -0.1604
vn 0.3228 -0.9328 -0.1604
vn 0.3018 -0.9417 -0.1491
vn 0.3062 -0.9391 -0.1563
vn 0.2834 -0.9470 -0.1511
vn 0.3062 -0.9391 -0.1563
vn 0.3018 -0.9417 -0.1491
vn 0.2834 -0.9470 -0.1511
vn 0.3018 -0.9417 -0.1491
vn 0.2831 -0.9491 -0.1380
vn 0.2677 -0.9536 -0.1377
vn 0.2834 -0.9470 -0.1511
vn 0.2831 -0.9491 -0.1380
vn 0.2831 -0.9491 -0.1380
vn 0.2677 -0.9550 -0.1279
vn 0.2677 -0.9536 -0.1377
vn 0.2532 -0.9587 -0.1295
vn 0.2677 -0.9536 -0.1377
vn 0.2677 -0.9550 -0.1279
vn 0.2677 -0.9550 -0.1279
vn 0.2551 -0.9595 -0.1191
vn 0.2532 -0.9587 -0.1295
vn 0.2359 -0.9643 -0.1199
vn 0.2532 -0.9587 -0.1295
vn 0.2551 -0.9595 -0.1191
vn 0.2551 -0.9595 -0.1191
vn 0.2513 -0.9652 -0.0726
vn 0.2359 -0.9643 -0.1199
vn 0.2359 -0.9643 -0.1199
vn 0.2513 -0.9652 -0.0726
vn 0.2214 -0.9695 -0.1049
vn 0.2214 -0.9695 -0.1049
vn 0.2290 -0.9665 -0.1162
vn 0.2359 -0.9643 -0.1199
vn 0.2290 -0.9665 -0.1162
vn 0.2214 -0.9695 -0.1049
vn 0.2066 -0.9735 -0.0983
vn 0.0279 -0.9995 -0.0145
vn 0.0093 -1.0000 0.0034
vn 0.0014 -1.0000 -0.0016
vn 0.0014 -1.0000 -0.0016
vn 0.0249 -0.9996 -0.0125
vn 0.0279 -0.9995 -0.0145
vn 0.0402 -0.9990 -0.0204
vn 0.0279 -0.9995 -0.0145
vn 0.0249 -0.9996 -0.0125
vn 0.0249 -0.9996 -0.0125
vn 0.0422 -0.9989 -0.0208
vn 0.0402 -0.9990 -0.0204
vn 0.0540 -0.9983 -0.0222
vn 0.0402 -0.9990 -0.0204
vn 0.0422 -0.9989 -0.0208
vn 0.0422 -0.9989 -0.0208
vn 0.0553 -0.9981 -0.0270
vn 0.0540 -0.9983 -0.0222
vn 0.0626 -0.9976 -0.0297
vn 0.0540 -0.9983 -0.0222
vn 0.0553 -0.9981 -0.0270
vn 0.0553 -0.9981 -0.0270
vn 0.0749 -0.9965 -0.0372
vn 0.0626 -0.9976 -0.0297
vn 0.0826 -0.9958 -0.0394
vn 0.0626 -0.9976 -0.0297
vn 0.0749 -0.9965 -0.0372
vn 0.0926 -0.9947 -0.0458
vn 0.0826 -0.9958 -0.0394
vn 0.0749 -0.9965 -0.0372
vn 0.0749 -0.9965 -0.0372
vn 0.0965 -0.9942 -0.0483
vn 0.0926 -0.9947 -0.0458
vn 0.0965 -0.9942 -0.0483
vn 0.1024 -0.9934 -0.0524
vn 0.0926 -0.9947 -0.0458
vn 0.1121 -0.9921 -0.0556
vn 0.0926 -0.9947 -0.0458
vn 0.1024 -0.9934 -0.0524
vn 0.1024 -0.9934 -0.0524
vn 0.1140 -0.9917 -0.0592
vn 0.1121 -0.9921 -0.0556
vn 0.1260 -0.9900 -0.0627
vn 0.1121 -0.9921 -0.0556
vn 0.1140 -0.9917 -0.0592
vn 0.1140 -0.9917 -0.0592
vn 0.1276 -0.9897 -0.0647
vn 0.1260 -0.9900 -0.0627
vn 0.1442 -0.9870 -0.0708
vn 0.1260 -0.9900 -0.0627
vn 0.1276 -0.9897 -0.0647
vn 0.1276 -0.9897 -0.0647
vn 0.1458 -0.9866 -0.0735
vn 0.1442 -0.9870 -0.0708
vn 0.1566 -0.9847 -0.0768
vn 0.1442 -0.9870 -0.0708
vn 0.1458 -0.9866 -0.0735
vn 0.1458 -0.9866 -0.0735
vn 0.1611 -0.9836 -0.0810
vn 0.1566 -0.9847 -0.0768
vn 0.1872 -0.9782 -0.0897
vn 0.1566 -0.9847 -0.0768
vn 0.1611 -0.9836 -0.0810
vn 0.1611 -0.9836 -0.0810
vn 0.1891 -0.9773 -0.0953
vn 0.1872 -0.9782 -0.0897
vn 0.1907 -0.9771 -0.0942
vn 0.1872 -0.9782 -0.0897
vn 0.1891 -0.9773 -0.0953
vn 0.1907 -0.9771 -0.0942
vn 0.2327 -0.9655 -0.1167
vn 0.2066 -0.9735 -0.0983
vn 0.2066 -0.9735 -0.0983
vn 0.2327 -0.9655 -0.1167
vn 0.2290 -0.9665 -0.1162
vn 0.3615 0.2683 -0.8930
vn 0.3615 0.2683 -0.8930
vn 0.3615 0.2683 -0.8930
vn 0.8606 -0.1686 0.4805
vn 0.8606 -0.1686 0.4805
vn 0.8606 -0.1686 0.4805
vn 0.5167 -0.8493 -0.1082
vn 0.4096 -0.8471 -0.3387
vn -0.2467 -0.9687 -0.0274
vn 0.5062 -0.0031 -0.8624
vn 0.5062 -0.0031 -0.8624
vn 0.5062 -0.0031 -0.8624
vn -0.5999 -0.7525 0.2717
vn -0.6093 -0.7428 0.2775
vn -0.6046 -0.7484 0.2726
vn -0.6046 -0.7484 0.2726
vn -0.5984 -0.7545 0.2695
vn -0.5999 -0.7525 0.2717
vn -0.5844 -0.7672 0.2645
vn -0.5999 -0.7525 0.2717
vn -0.5984 -0.7545 0.2695
vn -0.5984 -0.7545 0.2695
vn -0.5861 -0.7662 0.2633
vn -0.5844 -0.7672 0.2645
vn -0.2764 -0.9569 0.0888
vn -0.5844 -0.7672 0.2645
vn -0.5861 -0.7662 0.2633
vn -0.5844 -0.7672 0.2645
vn -0.2764 -0.9569 0.0888
vn -0.4886 -0.8634 0.1255
vn -0.3740 -0.8740 0.3102
vn -0.5180 -0.8120 0.2690
vn -0.4886 -0.8634 0.1255
vn -0.5180 -0.8120 0.2690
vn -0.5844 -0.7672 0.2645
vn -0.4886 -0.8634 0.1255
vn -0.5871 -0.7472 0.3116
vn -0.3849 -0.8291 0.4056
vn -0.6118 -0.7430 0.2715
vn -0.4136 -0.8861 0.2094
vn -0.6118 -0.7430 0.2715
vn -0.3849 -0.8291 0.4056
vn -0.3849 -0.8291 0.4056
vn -0.2670 -0.9551 0.1282
vn -0.4136 -0.8861 0.2094
vn -0.2670 -0.9551 0.1282
vn -0.5861 -0.7662 0.2633
vn -0.4136 -0.8861 0.2094
vn -0.5861 -0.7662 0.2633
vn -0.2670 -0.9551 0.1282
vn -0.2764 -0.9569 0.0888
vn -0.6118 -0.7430 0.2715
vn -0.4753 -0.8647 0.1624
vn -0.5871 -0.7472 0.3116
vn -0.4975 -0.8379 0.2245
vn -0.5871 -0.7472 0.3116
vn -0.4753 -0.8647 0.1624
vn -0.4609 -0.8628 0.2079
vn -0.4566 -0.8624 0.2187
vn -0.4975 -0.8379 0.2245
vn -0.4753 -0.8647 0.1624
vn -0.4609 -0.8628 0.2079
vn -0.4975 -0.8379 0.2245
vn -0.4212 -0.8869 0.1896
vn -0.4196 -0.8870 0.1925
vn -0.4566 -0.8624 0.2187
vn -0.4566 -0.8624 0.2187
vn -0.4609 -0.8628 0.2079
vn -0.4212 -0.8869 0.1896
vn -0.5030 -0.7279 0.4660
vn -0.4196 -0.8870 0.1925
vn -0.4212 -0.8869 0.1896
vn -0.4054 -0.9001 0.1598
vn -0.3840 -0.9069 0.1734
vn -0.4123 -0.8921 0.1850
vn -0.4123 -0.8921 0.1850
vn -0.5030 -0.7279 0.4660
vn -0.4054 -0.9001 0.1598
vn -0.6379 -0.7567 0.1429
vn -0.4123 -0.8921 0.1850
vn -0.3868 -0.9018 0.1928
vn -0.3740 -0.8740 0.3102
vn -0.4886 -0.8634 0.1255
vn -0.6379 -0.7567 0.1429
vn -0.4123 -0.8921 0.1850
vn -0.3840 -0.9069 0.1734
vn -0.3868 -0.9018 0.1928
vn -0.3706 -0.9135 0.1676
vn -0.3868 -0.9018 0.1928
vn -0.3840 -0.9069 0.1734
vn -0.3840 -0.9069 0.1734
vn -0.3624 -0.9176 0.1635
vn -0.3706 -0.9135 0.1676
vn -0.3593 -0.9189 0.1625
vn -0.3706 -0.9135 0.1676
vn -0.3624 -0.9176 0.1635
vn -0.3624 -0.9176 0.1635
vn -0.3567 -0.9203 0.1607
vn -0.3593 -0.9189 0.1625
vn -0.3361 -0.9276 0.1634
vn -0.3593 -0.9189 0.1625
vn -0.3567 -0.9203 0.1607
vn -0.3567 -0.9203 0.1607
vn -0.3408 -0.9281 0.1500
vn -0.3361 -0.9276 0.1634
vn -0.3330 -0.9305 0.1523
vn -0.3361 -0.9276 0.1634
vn -0.3408 -0.9281 0.1500
vn -0.3408 -0.9281 0.1500
vn -0.3294 -0.9325 0.1480
vn -0.3330 -0.9305 0.1523
vn -0.3215 -0.9355 0.1464
vn -0.3330 -0.9305 0.1523
vn -0.3294 -0.9325 0.1480
vn -0.3294 -0.9325 0.1480
vn -0.3182 -0.9371 0.1434
vn -0.3215 -0.9355 0.1464
vn -0.3052 -0.9422 0.1384
vn -0.3215 -0.9355 0.1464
vn -0.3182 -0.9371 0.1434
vn -0.3182 -0.9371 0.1434
vn -0.3016 -0.9436 0.1363
vn -0.3052 -0.9422 0.1384
vn -0.2987 -0.9447 0.1351
vn -0.3052 -0.9422 0.1384
vn -0.3016 -0.9436 0.1363
vn -0.3016 -0.9436 0.1363
vn -0.2855 -0.9496 0.1292
vn -0.2987 -0.9447 0.1351
vn -0.2855 -0.9496 0.1292
vn -0.2799 -0.9517 0.1262
vn -0.2987 -0.9447 0.1351
vn -0.2738 -0.9538 0.1234
vn -0.2799 -0.9517 0.1262
vn -0.2855 -0.9496 0.1292
vn -0.2855 -0.9496 0.1292
vn -0.2692 -0.9553 0.1217
vn -0.2738 -0.9538 0.1234
vn -0.2602 -0.9584 0.1172
vn -0.2738 -0.9538 0.1234
vn -0.2692 -0.9553 0.1217
vn -0.2692 -0.9553 0.1217
vn -0.2555 -0.9599 0.1152
vn -0.2602 -0.9584 0.1172
vn -0.2440 -0.9635 0.1100
vn -0.2602 -0.9584 0.1172
vn -0.2555 -0.9599 0.1152
vn -0.2555 -0.9599 0.1152
vn -0.2399 -0.9648 0.1077
vn -0.2440 -0.9635 0.1100
vn -0.2299 -0.9676 0.1040
vn -0.2440 -0.9635 0.1100
vn -0.2399 -0.9648 0.1077
vn -0.2399 -0.9648 0.1077
vn -0.2265 -0.9687 0.1015
vn -0.2299 -0.9676 0.1040
vn -0.2117 -0.9726 0.0963
vn -0.2299 -0.9676 0.1040
vn -0.2265 -0.9687 0.1015
vn -0.0307 -0.9994 0.0141
vn -0.0079 -1.0000 0.0041
vn 0.0001 -1.0000 0.0036
vn 0.0001 -1.0000 0.0036
vn -0.0265 -0.9996 0.0118
vn -0.0307 -0.9994 0.0141
vn -0.0395 -0.9991 0.0179
vn -0.0307 -0.9994 0.0141
vn -0.0265 -0.9996 0.0118
vn -0.0265 -0.9996 0.0118
vn -0.0441 -0.9988 0.0200
vn -0.0395 -0.9991 0.0179
vn -0.0511 -0.9984 0.0229
vn -0.0395 -0.9991 0.0179
vn -0.0441 -0.9988 0.0200
vn -0.0441 -0.9988 0.0200
vn -0.0557 -0.9981 0.0255
vn -0.0511 -0.9984 0.0229
vn -0.0619 -0.9977 0.0272
vn -0.0511 -0.9984 0.0229
vn -0.0557 -0.9981 0.0255
vn -0.0557 -0.9981 0.0255
vn -0.0644 -0.9974 0.0335
vn -0.0619 -0.9977 0.0272
vn -0.0796 -0.9962 0.0359
vn -0.0619 -0.9977 0.0272
vn -0.0644 -0.9974 0.0335
vn -0.0644 -0.9974 0.0335
vn -0.0837 -0.9958 0.0380
vn -0.0796 -0.9962 0.0359
vn -0.0874 -0.9954 0.0395
vn -0.0796 -0.9962 0.0359
vn -0.0837 -0.9958 0.0380
vn -0.0837 -0.9958 0.0380
vn -0.0908 -0.9950 0.0411
vn -0.0874 -0.9954 0.0395
vn -0.1049 -0.9933 0.0476
vn -0.0874 -0.9954 0.0395
vn -0.0908 -0.9950 0.0411
vn -0.0908 -0.9950 0.0411
vn -0.1092 -0.9928 0.0491
vn -0.1049 -0.9933 0.0476
vn -0.1139 -0.9921 0.0518
vn -0.1049 -0.9933 0.0476
vn -0.1092 -0.9928 0.0491
vn -0.1092 -0.9928 0.0491
vn -0.1188 -0.9915 0.0534
vn -0.1139 -0.9921 0.0518
vn -0.1269 -0.9902 0.0578
vn -0.1139 -0.9921 0.0518
vn -0.1188 -0.9915 0.0534
vn -0.1188 -0.9915 0.0534
vn -0.1323 -0.9894 0.0596
vn -0.1269 -0.9902 0.0578
vn -0.1443 -0.9874 0.0657
vn -0.1269 -0.9902 0.0578
vn -0.1323 -0.9894 0.0596
vn -0.1323 -0.9894 0.0596
vn -0.1484 -0.9866 0.0672
vn -0.1443 -0.9874 0.0657
vn -0.1576 -0.9849 0.0714
vn -0.1443 -0.9874 0.0657
vn -0.1484 -0.9866 0.0672
vn -0.1484 -0.9866 0.0672
vn -0.1650 -0.9829 0.0817
vn -0.1576 -0.9849 0.0714
vn -0.1773 -0.9809 0.0798
vn -0.1576 -0.9849 0.0714
vn -0.1650 -0.9829 0.0817
vn -0.1650 -0.9829 0.0817
vn -0.1810 -0.9799 0.0845
vn -0.1773 -0.9809 0.0798
vn -0.1925 -0.9775 0.0860
vn -0.1773 -0.9809 0.0798
vn -0.1810 -0.9799 0.0845
vn -0.1810 -0.9799 0.0845
vn -0.1960 -0.9765 0.0902
vn -0.1925 -0.9775 0.0860
vn -0.2074 -0.9739 0.0917
vn -0.1925 -0.9775 0.0860
vn -0.1960 -0.9765 0.0902
vn -0.1960 -0.9765 0.0902
vn -0.2117 -0.9726 0.0963
vn -0.2074 -0.9739 0.0917
vn -0.2119 -0.9721 0.1010
vn -0.2074 -0.9739 0.0917
vn -0.2117 -0.9726 0.0963
vn -0.2265 -0.9687 0.1015
vn -0.2119 -0.9721 0.1010
vn -0.2117 -0.9726 0.0963
vn -0.4196 -0.8870 0.1925
vn -0.5030 -0.7279 0.4660
vn -0.4566 -0.8624 0.2187
vn -0.4566 -0.8624 0.2187
vn -0.5871 -0.7472 0.3116
vn -0.4975 -0.8379 0.2245
vn -0.5871 -0.7472 0.3116
vn -0.4566 -0.8624 0.2187
vn -0.5030 -0.7279 0.4660
vn -0.5030 -0.7279 0.4660
vn -0.4123 -0.8921 0.1850
vn -0.6379 -0.7567 0.1429
vn -0.3849 -0.8291 0.4056
vn -0.2764 -0.9569 0.0888
vn -0.2670 -0.9551 0.1282
vn -0.2764 -0.9569 0.0888
vn -0.3231 -0.9150 -0.2414
vn -0.4886 -0.8634 0.1255
vn -0.2764 -0.9569 0.0888
vn -0.3849 -0.8291 0.4056
vn -0.3231 -0.9150 -0.2414
vn -0.3231 -0.9150 -0.2414
vn -0.3849 -0.8291 0.4056
vn 0.0261 -0.9996 0.0048
vn -0.6286 0.0464 -0.7763
vn -0.6286 0.0464 -0.7763
vn -0.6286 0.0464 -0.7763
vn -0.9858 -0.1582 -0.0570
vn -0.6393 -0.5445 0.5430
vn -0.6379 -0.7567 0.1429
vn -0.6393 -0.5445 0.5430
vn -0.9404 0.1291 0.3146
vn -0.9404 0.1291 0.3146
vn -0.6393 -0.5445 0.5430
vn -0.3849 -0.8291 0.4056
vn -0.5030 -0.7279 0.4660
vn 0.0839 0.0078 0.9964
vn 0.0839 0.0078 0.9964
vn 0.0839 0.0078 0.9964
vn -0.6577 -0.7533 -0.0011
vn -0.6732 -0.7394 -0.0021
vn -0.6632 -0.7485 -0.0001
vn -0.6632 -0.7485 -0.0001
vn -0.6530 -0.7574 -0.0016
vn -0.6577 -0.7533 -0.0011
vn -0.6390 -0.7692 -0.0017
vn -0.6577 -0.7533 -0.0011
vn -0.6530 -0.7574 -0.0016
vn -0.6530 -0.7574 -0.0016
vn -0.5441 -0.8388 0.0201
vn -0.6390 -0.7692 -0.0017
vn -0.5478 -0.8366 0.0001
vn -0.5698 -0.7927 -0.2167
vn -0.5362 -0.8441 0.0007
vn -0.5362 -0.8441 0.0007
vn -0.5698 -0.7927 -0.2167
vn -0.5411 -0.8410 -0.0029
vn -0.5794 -0.8070 0.1142
vn -0.5441 -0.8388 0.0201
vn -0.5836 -0.8120 0.0094
vn -0.5441 -0.8388 0.0201
vn -0.5794 -0.8070 0.1142
vn -0.3388 -0.9396 0.0493
vn -0.3388 -0.9396 0.0493
vn -0.6390 -0.7692 -0.0017
vn -0.5441 -0.8388 0.0201
vn -0.6390 -0.7692 -0.0017
vn -0.3388 -0.9396 0.0493
vn -0.1774 -0.9831 -0.0440
vn -0.5362 -0.8441 0.0007
vn -0.5554 -0.8312 0.0235
vn -0.5478 -0.8366 0.0001
vn -0.5554 -0.8312 0.0235
vn -0.5479 -0.8366 0.0012
vn -0.5478 -0.8366 0.0001
vn -0.5635 -0.8261 -0.0001
vn -0.5478 -0.8366 0.0001
vn -0.5479 -0.8366 0.0012
vn -0.5479 -0.8366 0.0012
vn -0.5654 -0.8248 0.0003
vn -0.5635 -0.8261 -0.0001
vn -0.5732 -0.8194 -0.0003
vn -0.5635 -0.8261 -0.0001
vn -0.5654 -0.8248 0.0003
vn -0.5654 -0.8248 0.0003
vn -0.5778 -0.8162 -0.0000
vn -0.5732 -0.8194 -0.0003
vn -0.5861 -0.8069 -0.0735
vn -0.5732 -0.8194 -0.0003
vn -0.5778 -0.8162 -0.0000
vn -0.5778 -0.8162 -0.0000
vn -0.5953 -0.8035 -0.0001
vn -0.5861 -0.8069 -0.0735
vn -0.6030 -0.7968 -0.0396
vn -0.5861 -0.8069 -0.0735
vn -0.5953 -0.8035 -0.0001
vn -0.5953 -0.8035 -0.0001
vn -0.6071 -0.7946 -0.0001
vn -0.6030 -0.7968 -0.0396
vn -0.6071 -0.7946 -0.0001
vn -0.6147 -0.7867 -0.0572
vn -0.6030 -0.7968 -0.0396
vn -0.6071 -0.7946 -0.0001
vn -0.6221 -0.7829 0.0003
vn -0.6147 -0.7867 -0.0572
vn -0.6199 -0.7833 -0.0457
vn -0.6147 -0.7867 -0.0572
vn -0.6221 -0.7829 0.0003
vn -0.6221 -0.7829 0.0003
vn -0.6305 -0.7762 0.0006
vn -0.6199 -0.7833 -0.0457
vn -0.6345 -0.7730 -0.0000
vn -0.6199 -0.7833 -0.0457
vn -0.6305 -0.7762 0.0006
vn -0.6305 -0.7762 0.0006
vn -0.6390 -0.7692 -0.0017
vn -0.6345 -0.7730 -0.0000
vn -0.1774 -0.9831 -0.0440
vn -0.6345 -0.7730 -0.0000
vn -0.6390 -0.7692 -0.0017
vn -0.5924 -0.8045 0.0418
vn -0.5794 -0.8070 0.1142
vn -0.5836 -0.8120 0.0094
vn -0.5924 -0.8045 0.0418
vn -0.5836 -0.8120 0.0094
vn -0.5000 -0.8660 0.0061
vn -0.5000 -0.8660 0.0061
vn -0.4681 -0.8836 -0.0008
vn -0.5924 -0.8045 0.0418
vn -0.5924 -0.8045 0.0418
vn -0.4604 -0.8877 0.0022
vn -0.5254 -0.8501 -0.0371
vn -0.5411 -0.8410 -0.0029
vn -0.4866 -0.8736 -0.0019
vn -0.5362 -0.8441 0.0007
vn -0.5178 -0.8555 0.0010
vn -0.5362 -0.8441 0.0007
vn -0.4866 -0.8736 -0.0019
vn -0.4866 -0.8736 -0.0019
vn -0.5006 -0.8657 -0.0013
vn -0.5178 -0.8555 0.0010
vn -0.4866 -0.8736 -0.0019
vn -0.5728 -0.8072 -0.1423
vn -0.5006 -0.8657 -0.0013
vn -0.5728 -0.8072 -0.1423
vn -0.5347 -0.8451 -0.0006
vn -0.5006 -0.8657 -0.0013
vn -0.5027 -0.8644 0.0110
vn -0.5006 -0.8657 -0.0013
vn -0.5347 -0.8451 -0.0006
vn -0.5347 -0.8451 -0.0006
vn -0.5254 -0.8501 -0.0371
vn -0.5027 -0.8644 0.0110
vn -0.0311 -0.9995 0.0001
vn -0.0068 -1.0000 -0.0012
vn -0.0012 -1.0000 0.0001
vn -0.0012 -1.0000 0.0001
vn -0.0312 -0.9995 -0.0000
vn -0.0311 -0.9995 0.0001
vn -0.0427 -0.9991 -0.0000
vn -0.0311 -0.9995 0.0001
vn -0.0312 -0.9995 -0.0000
vn -0.0312 -0.9995 -0.0000
vn -0.0465 -0.9989 0.0000
vn -0.0427 -0.9991 -0.0000
vn -0.0596 -0.9982 -0.0003
vn -0.0427 -0.9991 -0.0000
vn -0.0465 -0.9989 0.0000
vn -0.0465 -0.9989 0.0000
vn -0.0640 -0.9979 0.0002
vn -0.0596 -0.9982 -0.0003
vn -0.0669 -0.9978 -0.0002
vn -0.0596 -0.9982 -0.0003
vn -0.0640 -0.9979 0.0002
vn -0.0640 -0.9979 0.0002
vn -0.0673 -0.9977 0.0004
vn -0.0669 -0.9978 -0.0002
vn -0.0914 -0.9958 -0.0000
vn -0.0669 -0.9978 -0.0002
vn -0.0673 -0.9977 0.0004
vn -0.0673 -0.9977 0.0004
vn -0.0921 -0.9958 0.0000
vn -0.0914 -0.9958 -0.0000
vn -0.0952 -0.9955 0.0000
vn -0.0914 -0.9958 -0.0000
vn -0.0921 -0.9958 0.0000
vn -0.0921 -0.9958 0.0000
vn -0.0996 -0.9950 0.0003
vn -0.0952 -0.9955 0.0000
vn -0.1170 -0.9931 0.0003
vn -0.0952 -0.9955 0.0000
vn -0.0996 -0.9950 0.0003
vn -0.0996 -0.9950 0.0003
vn -0.1184 -0.9930 -0.0000
vn -0.1170 -0.9931 0.0003
vn -0.1282 -0.9917 -0.0001
vn -0.1170 -0.9931 0.0003
vn -0.1184 -0.9930 -0.0000
vn -0.1184 -0.9930 -0.0000
vn -0.1333 -0.9911 -0.0001
vn -0.1282 -0.9917 -0.0001
vn -0.1391 -0.9903 0.0000
vn -0.1282 -0.9917 -0.0001
vn -0.1333 -0.9911 -0.0001
vn -0.1333 -0.9911 -0.0001
vn -0.1418 -0.9899 -0.0001
vn -0.1391 -0.9903 0.0000
vn -0.1605 -0.9870 -0.0000
vn -0.1391 -0.9903 0.0000
vn -0.1418 -0.9899 -0.0001
vn -0.1418 -0.9899 -0.0001
vn -0.1627 -0.9867 0.0001
vn -0.1605 -0.9870 -0.0000
vn -0.1655 -0.9862 -0.0000
vn -0.1605 -0.9870 -0.0000
vn -0.1627 -0.9867 0.0001
vn -0.1627 -0.9867 0.0001
vn -0.1687 -0.9857 0.0002
vn -0.1655 -0.9862 -0.0000
vn -0.1865 -0.9825 -0.0025
vn -0.1655 -0.9862 -0.0000
vn -0.1687 -0.9857 0.0002
vn -0.1687 -0.9857 0.0002
vn -0.1879 -0.9822 0.0016
vn -0.1865 -0.9825 -0.0025
vn -0.1963 -0.9805 -0.0006
vn -0.1865 -0.9825 -0.0025
vn -0.1879 -0.9822 0.0016
vn -0.1879 -0.9822 0.0016
vn -0.2015 -0.9795 0.0002
vn -0.1963 -0.9805 -0.0006
vn -0.2134 -0.9770 -0.0003
vn -0.1963 -0.9805 -0.0006
vn -0.2015 -0.9795 0.0002
vn -0.2015 -0.9795 0.0002
vn -0.2133 -0.9770 0.0001
vn -0.2134 -0.9770 -0.0003
vn -0.2288 -0.9735 -0.0001
vn -0.2134 -0.9770 -0.0003
vn -0.2133 -0.9770 0.0001
vn -0.2133 -0.9770 0.0001
vn -0.2327 -0.9725 0.0001
vn -0.2288 -0.9735 -0.0001
vn -0.2357 -0.9718 0.0000
vn -0.2288 -0.9735 -0.0001
vn -0.2327 -0.9725 0.0001
vn -0.2327 -0.9725 0.0001
vn -0.2371 -0.9715 0.0001
vn -0.2357 -0.9718 0.0000
vn -0.2573 -0.9663 0.0003
vn -0.2357 -0.9718 0.0000
vn -0.2371 -0.9715 0.0001
vn -0.2371 -0.9715 0.0001
vn -0.2591 -0.9658 0.0006
vn -0.2573 -0.9663 0.0003
vn -0.2630 -0.9648 0.0002
vn -0.2573 -0.9663 0.0003
vn -0.2591 -0.9658 0.0006
vn -0.2591 -0.9658 0.0006
vn -0.2681 -0.9634 0.0006
vn -0.2630 -0.9648 0.0002
vn -0.2798 -0.9601 0.0001
vn -0.2630 -0.9648 0.0002
vn -0.2681 -0.9634 0.0006
vn -0.2681 -0.9634 0.0006
vn -0.2834 -0.9590 0.0004
vn -0.2798 -0.9601 0.0001
vn -0.2960 -0.9552 -0.0002
vn -0.2798 -0.9601 0.0001
vn -0.2834 -0.9590 0.0004
vn -0.2834 -0.9590 0.0004
vn -0.3009 -0.9537 0.0003
vn -0.2960 -0.9552 -0.0002
vn -0.3043 -0.9526 -0.0003
vn -0.2960 -0.9552 -0.0002
vn -0.3009 -0.9537 0.0003
vn -0.3009 -0.9537 0.0003
vn -0.3054 -0.9522 0.0005
vn -0.3043 -0.9526 -0.0003
vn -0.3286 -0.9445 -0.0010
vn -0.3043 -0.9526 -0.0003
vn -0.3054 -0.9522 0.0005
vn -0.3054 -0.9522 0.0005
vn -0.3273 -0.9449 0.0000
vn -0.3286 -0.9445 -0.0010
vn -0.3301 -0.9440 -0.0005
vn -0.3286 -0.9445 -0.0010
vn -0.3273 -0.9449 0.0000
vn -0.3273 -0.9449 0.0000
vn -0.3348 -0.9423 0.0009
vn -0.3301 -0.9440 -0.0005
vn -0.3486 -0.9373 -0.0002
vn -0.3301 -0.9440 -0.0005
vn -0.3348 -0.9423 0.0009
vn -0.3348 -0.9423 0.0009
vn -0.3520 -0.9360 0.0003
vn -0.3486 -0.9373 -0.0002
vn -0.3610 -0.9326 0.0000
vn -0.3486 -0.9373 -0.0002
vn -0.3520 -0.9360 0.0003
vn -0.3520 -0.9360 0.0003
vn -0.3661 -0.9306 0.0001
vn -0.3610 -0.9326 0.0000
vn -0.3718 -0.9283 0.0001
vn -0.3610 -0.9326 0.0000
vn -0.3661 -0.9306 0.0001
vn -0.3661 -0.9306 0.0001
vn -0.3738 -0.9275 0.0001
vn -0.3718 -0.9283 0.0001
vn -0.3909 -0.9204 0.0002
vn -0.3718 -0.9283 0.0001
vn -0.3738 -0.9275 0.0001
vn -0.3738 -0.9275 0.0001
vn -0.3936 -0.9193 0.0001
vn -0.3909 -0.9204 0.0002
vn -0.3966 -0.9180 0.0001
vn -0.3909 -0.9204 0.0002
vn -0.3936 -0.9193 0.0001
vn -0.3936 -0.9193 0.0001
vn -0.3996 -0.9167 0.0002
vn -0.3966 -0.9180 0.0001
vn -0.4161 -0.9093 -0.0001
vn -0.3966 -0.9180 0.0001
vn -0.3996 -0.9167 0.0002
vn -0.3996 -0.9167 0.0002
vn -0.4183 -0.9083 0.0003
vn -0.4161 -0.9093 -0.0001
vn -0.4244 -0.9055 -0.0003
vn -0.4161 -0.9093 -0.0001
vn -0.4183 -0.9083 0.0003
vn -0.4183 -0.9083 0.0003
vn -0.4295 -0.9031 0.0006
vn -0.4244 -0.9055 -0.0003
vn -0.4681 -0.8836 -0.0008
vn -0.4244 -0.9055 -0.0003
vn -0.4295 -0.9031 0.0006
vn -0.4295 -0.9031 0.0006
vn -0.4604 -0.8877 0.0022
vn -0.4681 -0.8836 -0.0008
vn -0.5924 -0.8045 0.0418
vn -0.4681 -0.8836 -0.0008
vn -0.4604 -0.8877 0.0022
vn -0.5254 -0.8501 -0.0371
vn -0.5438 -0.8367 -0.0654
vn -0.5924 -0.8045 0.0418
vn -0.5254 -0.8501 -0.0371
vn -0.5347 -0.8451 -0.0006
vn -0.5728 -0.8072 -0.1423
vn -0.4866 -0.8736 -0.0019
vn -0.5411 -0.8410 -0.0029
vn -0.5728 -0.8072 -0.1423
vn -0.5411 -0.8410 -0.0029
vn -0.5698 -0.7927 -0.2167
vn -0.5728 -0.8072 -0.1423
vn -0.3388 -0.9396 0.0493
vn -0.5438 -0.8367 -0.0654
vn -0.1774 -0.9831 -0.0440
vn -0.5438 -0.8367 -0.0654
vn -0.3388 -0.9396 0.0493
vn -0.5794 -0.8070 0.1142
vn -0.5794 -0.8070 0.1142
vn -0.5924 -0.8045 0.0418
vn -0.5438 -0.8367 -0.0654
vn -0.6136 -0.1416 -0.7768
vn -0.6136 -0.1416 -0.7768
vn -0.6136 -0.1416 -0.7768
vn -0.5635 -0.8261 -0.0001
vn -0.5732 -0.8194 -0.0003
vn -0.5698 -0.7927 -0.2167
vn -0.2734 -0.3453 -0.8978
vn -0.2734 -0.3453 -0.8978
vn -0.2734 -0.3453 -0.8978
vn -0.5438 -0.8367 -0.0654
vn -0.2383 -0.5751 -0.7826
vn -0.2383 -0.5751 -0.7826
vn -0.6199 -0.7833 -0.0457
vn -0.6345 -0.7730 -0.0000
vn -0.1774 -0.9831 -0.0440
vn -0.5698 -0.7927 -0.2167
vn -0.5478 -0.8366 0.0001
vn -0.5635 -0.8261 -0.0001
vn -0.5160 -0.1639 -0.8408
vn -0.5160 -0.1639 -0.8408
vn -0.5160 -0.1639 -0.8408
vn -0.2723 -0.3518 -0.8956
vn -0.2723 -0.3518 -0.8956
vn -0.2723 -0.3518 -0.8956
vn -0.2701 -0.3603 -0.8929
vn -0.2701 -0.3603 -0.8929
vn -0.2701 -0.3603 -0.8929
vn -0.2673 -0.3664 -0.8912
vn -0.2673 -0.3664 -0.8912
vn -0.2673 -0.3664 -0.8912
vn -0.5698 -0.7927 -0.2167
vn -0.5732 -0.8194 -0.0003
vn -0.5861 -0.8069 -0.0735
vn -0.0236 -0.9997 -0.0076
vn 0.0028 -1.0000 0.0000
vn 0.0010 -1.0000 0.0007
vn 0.0010 -1.0000 0.0007
vn -0.0264 -0.9996 -0.0089
vn -0.0236 -0.9997 -0.0076
vn -0.0432 -0.9990 -0.0139
vn -0.0236 -0.9997 -0.0076
vn -0.0264 -0.9996 -0.0089
vn -0.0264 -0.9996 -0.0089
vn -0.0511 -0.9986 -0.0165
vn -0.0432 -0.9990 -0.0139
vn -0.0662 -0.9976 -0.0222
vn -0.0432 -0.9990 -0.0139
vn -0.0511 -0.9986 -0.0165
vn -0.0511 -0.9986 -0.0165
vn -0.1230 -0.9917 -0.0380
vn -0.0662 -0.9976 -0.0222
vn -0.1263 -0.9912 -0.0400
vn -0.0662 -0.9976 -0.0222
vn -0.1230 -0.9917 -0.0380
vn -0.1263 -0.9912 -0.0400
vn -0.2703 -0.9594 -0.0804
vn -0.1837 -0.9812 -0.0590
vn -0.2633 -0.9606 -0.0885
vn -0.3625 -0.9247 -0.1163
vn -0.3063 -0.9389 -0.1567
vn -0.2447 -0.9660 -0.0840
vn -0.2633 -0.9606 -0.0885
vn -0.3063 -0.9389 -0.1567
vn -0.5999 -0.7817 -0.1707
vn -0.6315 -0.7732 -0.0585
vn -0.4551 -0.8707 -0.1867
vn -0.8433 -0.3874 -0.3726
vn -0.4551 -0.8707 -0.1867
vn -0.6315 -0.7732 -0.0585
vn -0.6315 -0.7732 -0.0585
vn -0.5803 -0.7906 -0.1956
vn -0.8433 -0.3874 -0.3726
vn -0.1845 -0.9517 -0.2455
vn -0.5228 -0.7720 -0.3615
vn -0.5684 -0.8024 -0.1820
vn -0.4451 -0.8946 0.0389
vn -0.1845 -0.9517 -0.2455
vn -0.5684 -0.8024 -0.1820
vn -0.6254 -0.7528 -0.2053
vn -0.6503 -0.7292 -0.2133
vn -0.6323 -0.7463 -0.2080
vn -0.6323 -0.7463 -0.2080
vn -0.5803 -0.7906 -0.1956
vn -0.6254 -0.7528 -0.2053
vn -0.5684 -0.8024 -0.1820
vn -0.6254 -0.7528 -0.2053
vn -0.5803 -0.7906 -0.1956
vn -0.4451 -0.8946 0.0389
vn -0.5684 -0.8024 -0.1820
vn -0.5803 -0.7906 -0.1956
vn -0.5803 -0.7906 -0.1956
vn -0.6315 -0.7732 -0.0585
vn -0.4451 -0.8946 0.0389
vn -0.7760 -0.5839 -0.2385
vn -0.5684 -0.8024 -0.1820
vn -0.5228 -0.7720 -0.3615
vn -0.5228 -0.7720 -0.3615
vn -0.4538 -0.8803 -0.1384
vn -0.7760 -0.5839 -0.2385
vn -0.4538 -0.8803 -0.1384
vn -0.5228 -0.7720 -0.3615
vn -0.5999 -0.7817 -0.1707
vn -0.4809 -0.1263 0.8676
vn -0.4809 -0.1263 0.8676
vn -0.4809 -0.1263 0.8676
vn -0.1845 -0.9517 -0.2455
vn -0.4451 -0.8946 0.0389
vn -0.5094 -0.8374 0.1982
vn -0.4732 -0.7086 -0.5233
vn -0.1845 -0.9517 -0.2455
vn -0.5094 -0.8374 0.1982
vn -0.4437 0.2029 -0.8729
vn -0.4437 0.2029 -0.8729
vn -0.4437 0.2029 -0.8729
vn -0.5999 -0.7817 -0.1707
vn -0.9750 -0.2113 0.0683
vn -0.5094 -0.8374 0.1982
vn -0.6315 -0.7732 -0.0585
vn -0.5999 -0.7817 -0.1707
vn -0.5094 -0.8374 0.1982
vn 0.1209 -0.2381 -0.9637
vn 0.1209 -0.2381 -0.9637
vn 0.1209 -0.2381 -0.9637
f 2741//1 2688//2 2637//3
f 2741//4 2765//5 2688//6
f 2741//7 2705//8 2765//9
f 2705//10 2741//11 2733//12
f 2705//13 2733//14 2741//15
f 2741//16 2637//17 2705//18
f 2688//19 2658//20 2648//21
f 2648//22 2637//23 2688//24
f 2637//25 2648//26 2639//27
f 2636//28 2700//29 2618//30
f 2618//31 2700//32 2559//33
f 2281//34 2700//35 2258//36
f 2431//37 2428//38 2443//39
f 2443//40 2559//41 2431//42
f 2431//43 2559//44 2700//45
f 2360//46 2431//47 2700//48
f 2700//49 1938//50 2360//51
f 2431//52 2360//53 2364//54
f 2360//55 2348//56 2364//57
f 1938//58 2700//59 2637//60
f 2347//61 2360//62 2349//63
f 1938//64 2355//65 2349//66
f 1938//67 2359//68 2351//69
f 2351//70 1940//71 1938//72
f 1938//73 2637//74 2359//75
f 1938//76 2349//77 2360//78
f 2348//79 1937//80 1935//81
f 1937//82 2348//83 2360//84
f 1937//85 2360//86 2347//87
f 2347//88 1934//89 1937//90
f 1934//91 2347//92 2349//93
f 2349//94 2355//95 1934//96
f 2355//97 1938//98 1939//99
f 1940//100 2351//101 1532//102
f 1430//103 1531//104 1939//105
f 1531//106 1935//107 1937//108
f 1937//109 1939//110 1531//111
f 1939//112 1937//113 1934//114
f 1939//115 1934//116 2355//117
f 1939//118 1938//119 1940//120
f 1532//121 1939//122 1940//123
f 1430//124 1939//125 1532//126
f 2112//127 1158//128 1485//129
f 2111//130 2428//131 2431//132
f 2428//133 2111//134 2105//135
f 2428//136 2105//137 2109//138
f 2109//139 2443//140 2428//141
f 2443//142 2109//143 2108//144
f 2108//145 2559//146 2443//147
f 2559//148 2108//149 2112//150
f 1395//151 1158//152 2112//153
f 1485//154 1484//155 2112//156
f 1484//157 1485//158 2101//159
f 2101//160 2113//161 1484//162
f 2113//163 2101//164 2618//165
f 2431//166 2082//167 2111//168
f 1487//169 2111//170 2082//171
f 1487//172 1481//173 2111//174
f 2105//175 2111//176 1481//177
f 1481//178 1483//179 2105//180
f 2109//181 2105//182 1483//183
f 1483//184 1482//185 2109//186
f 2108//187 2109//188 1482//189
f 1482//190 1425//191 2108//192
f 2112//193 2108//194 1425//195
f 2112//196 2113//197 2559//198
f 2112//199 1425//200 1395//201
f 2113//202 2618//203 2559//204
f 2112//205 1484//206 2113//207
f 1425//208 1482//209 1483//210
f 1425//211 1483//212 1481//213
f 1425//214 1481//215 1487//216
f 1473//217 1475//218 1476//219
f 1473//220 1476//221 1477//222
f 1477//223 1471//224 1467//225
f 1430//226 1385//227 1352//228
f 1467//229 1473//230 1477//231
f 1371//232 1401//233 1352//234
f 1371//235 1446//236 1401//237
f 1371//238 1467//239 1446//240
f 1467//241 1371//242 1473//243
f 1385//244 1430//245 1473//246
f 1371//247 1352//248 1385//249
f 1385//250 1473//251 1441//252
f 1371//253 1385//254 1441//255
f 1473//256 1371//257 1441//258
f 1341//259 1307//260 1352//261
f 1352//262 1307//263 1301//264
f 1380//265 1370//266 1352//267
f 1352//268 1370//269 1341//270
f 1359//271 1351//272 1341//273
f 1307//274 1341//275 1351//276
f 1351//277 1348//278 1307//279
f 1348//280 1301//281 1307//282
f 1301//283 1348//284 1275//285
f 1370//286 1374//287 1372//288
f 1370//289 1377//290 1375//291
f 1359//292 1341//293 1370//294
f 1370//295 1380//296 1379//297
f 1370//298 1379//299 1378//300
f 1378//301 1377//302 1370//303
f 1375//304 1374//305 1370//306
f 1348//307 1351//308 1359//309
f 1370//310 1372//311 1367//312
f 1275//313 1348//314 1359//315
f 1359//316 1319//317 1275//318
f 1319//319 1370//320 1367//321
f 1370//322 1319//323 1359//324
f 1319//325 1170//326 1137//327
f 1137//328 1275//329 1319//330
f 1395//331 1470//332 1430//333
f 1935//334 2364//335 2348//336
f 1935//337 1531//338 1470//339
f 1470//340 1531//341 1430//342
f 1425//343 1470//344 1395//345
f 1470//346 1425//347 1487//348
f 1487//349 2082//350 1470//351
f 2364//352 1470//353 2082//354
f 2082//355 2431//356 2364//357
f 1430//358 1352//359 748//360
f 748//361 1395//362 1430//363
f 2364//364 1935//365 1470//366
f 1301//367 1275//368 748//369
f 1352//370 1301//371 748//372
f 871//373 748//374 1275//375
f 1137//376 871//377 1275//378
f 688//379 685//380 645//381
f 748//382 484//383 467//384
f 966//385 871//386 1137//387
f 748//388 871//389 484//390
f 871//391 645//392 484//393
f 867//394 769//395 645//396
f 966//397 941//398 871//399
f 941//400 867//401 871//402
f 645//403 871//404 867//405
f 941//406 885//407 867//408
f 867//409 859//410 848//411
f 848//412 829//413 867//414
f 829//415 817//416 867//417
f 769//418 867//419 817//420
f 817//421 790//422 769//423
f 645//424 769//425 757//426
f 757//427 738//428 645//429
f 738//430 716//431 645//432
f 716//433 708//434 645//435
f 708//436 702//437 645//438
f 702//439 696//440 645//441
f 696//442 688//443 645//444
f 484//445 308//446 467//447
f 484//448 243//449 308//450
f 467//451 1395//452 748//453
f 1137//454 1140//455 966//456
f 1287//457 1127//458 966//459
f 1140//460 1287//461 966//462
f 1806//463 2116//464 2128//465
f 1140//466 1806//467 1399//468
f 696//469 1043//470 1038//471
f 1038//472 1034//473 685//474
f 685//475 688//476 1038//477
f 688//478 696//479 1038//480
f 696//481 702//482 1043//483
f 1045//484 1043//485 702//486
f 702//487 708//488 1045//489
f 1048//490 1045//491 708//492
f 708//493 716//494 1048//495
f 1051//496 1048//497 716//498
f 1051//499 716//500 738//501
f 738//502 1109//503 1051//504
f 1066//505 1109//506 738//507
f 738//508 757//509 1066//510
f 1075//511 1066//512 757//513
f 757//514 769//515 1075//516
f 769//517 790//518 1075//519
f 1084//520 1075//521 790//522
f 790//523 817//524 1084//525
f 1089//526 1084//527 817//528
f 817//529 829//530 1089//531
f 1092//532 1089//533 829//534
f 1092//535 829//536 848//537
f 848//538 1096//539 1092//540
f 848//541 859//542 1096//543
f 1108//544 1096//545 859//546
f 859//547 867//548 1108//549
f 867//550 885//551 1108//552
f 1132//553 1108//554 885//555
f 966//556 885//557 941//558
f 645//559 685//560 684//561
f 684//562 623//563 645//564
f 623//565 484//566 645//567
f 640//568 371//569 484//570
f 359//571 484//572 371//573
f 243//574 484//575 359//576
f 196//577 122//578 120//579
f 122//580 60//581 120//582
f 70//583 120//584 60//585
f 60//586 29//587 70//588
f 29//589 1//590 70//591
f 1//592 2//593 70//594
f 1089//595 1092//596 1109//597
f 1045//598 1048//599 1109//600
f 1066//601 1075//602 1109//603
f 1075//604 1084//605 1109//606
f 2630//607 2678//608 2128//609
f 1109//610 1034//611 1038//612
f 2678//613 1806//614 2128//615
f 1127//616 1140//617 1399//618
f 1287//619 1140//620 1127//621
f 1109//622 1048//623 1051//624
f 1109//625 1038//626 1043//627
f 1109//628 1043//629 1045//630
f 1399//631 1591//632 1381//633
f 1132//634 885//635 966//636
f 966//637 1127//638 1132//639
f 1399//640 1806//641 1591//642
f 1109//643 1108//644 1132//645
f 1132//646 1381//647 1109//648
f 1109//649 1092//650 1096//651
f 1591//652 2678//653 2126//654
f 2678//655 1591//656 1806//657
f 1109//658 1096//659 1108//660
f 1127//661 1399//662 1381//663
f 1132//664 1127//665 1381//666
f 1109//667 1084//668 1089//669
f 2298//670 2126//671 2678//672
f 2678//673 2630//674 2757//675
f 3030//676 3009//677 2920//678
f 3009//679 2890//680 2757//681
f 3009//682 2925//683 2890//684
f 684//685 685//686 1034//687
f 1034//688 1036//689 684//690
f 3060//691 3058//692 3032//693
f 3060//694 2920//695 3058//696
f 3060//697 3064//698 2920//699
f 3064//700 3060//701 3032//702
f 3032//703 3059//704 3064//705
f 3043//706 3041//707 1377//708
f 3043//709 1377//710 1378//711
f 1378//712 3045//713 3043//714
f 3036//715 3044//716 1379//717
f 1378//718 1379//719 3044//720
f 3044//721 3045//722 1378//723
f 3035//724 3036//725 1379//726
f 3035//727 1379//728 1380//729
f 1374//730 3007//731 2979//732
f 2979//733 1372//734 1374//735
f 3041//736 3038//737 1377//738
f 1375//739 1377//740 3038//741
f 3038//742 3034//743 1375//744
f 1375//745 3034//746 3020//747
f 3020//748 1374//749 1375//750
f 3020//751 3007//752 1374//753
f 1372//754 2630//755 2128//756
f 1140//757 1137//758 1806//759
f 1352//760 1401//761 1380//762
f 2765//763 1380//764 2688//765
f 2128//766 2116//767 1372//768
f 1137//769 2116//770 1806//771
f 1380//772 1401//773 1446//774
f 1446//775 1467//776 1380//777
f 2688//778 1380//779 1467//780
f 2658//781 2688//782 1467//783
f 1137//784 1170//785 2116//786
f 1532//787 1473//788 1430//789
f 2979//790 2978//791 1372//792
f 2915//793 2630//794 1372//795
f 1319//796 1367//797 2116//798
f 2765//799 2918//800 1380//801
f 2978//802 2915//803 1372//804
f 1367//805 1372//806 2116//807
f 2705//808 2637//809 2700//810
f 2918//811 3035//812 1380//813
f 1170//814 1319//815 2116//816
f 2658//817 1467//818 1471//819
f 2648//820 2658//821 1471//822
f 2648//823 1471//824 1477//825
f 2648//826 1477//827 1476//828
f 1476//829 1475//830 2639//831
f 2639//832 2648//833 1476//834
f 1532//835 2351//836 1473//837
f 1475//838 1473//839 2351//840
f 2351//841 2359//842 1475//843
f 2359//844 2639//845 1475//846
f 2359//847 2637//848 2639//849
f 3009//850 2757//851 2883//852
f 2883//853 2920//854 3009//855
f 3058//856 3036//857 3032//858
f 2926//859 3032//860 2976//861
f 3041//862 3045//863 3058//864
f 2883//865 3007//866 2920//867
f 3034//868 2920//869 3007//870
f 3045//871 3036//872 3058//873
f 3036//874 3035//875 3032//876
f 2976//877 3032//878 3035//879
f 2630//880 2721//881 2757//882
f 3034//883 3041//884 2920//885
f 3058//886 2920//887 3041//888
f 2721//889 2630//890 2915//891
f 2915//892 2757//893 2721//894
f 2883//895 2757//896 2915//897
f 2915//898 2978//899 2883//900
f 3007//901 2883//902 2978//903
f 2978//904 2979//905 3007//906
f 3007//907 3020//908 3034//909
f 3034//910 3038//911 3041//912
f 3041//913 3043//914 3045//915
f 3044//916 3036//917 3045//918
f 3035//919 2918//920 2976//921
f 2918//922 2926//923 2976//924
f 2918//925 2765//926 2926//927
f 3032//928 2926//929 2871//930
f 3047//931 3032//932 3022//933
f 3047//934 3012//935 2987//936
f 3047//937 3022//938 3012//939
f 3017//940 3012//941 3022//942
f 3032//943 3047//944 2987//945
f 3064//946 3059//947 3062//948
f 3064//949 3057//950 3061//951
f 3061//952 2920//953 3064//954
f 2920//955 3061//956 3030//957
f 3029//958 3009//959 3030//960
f 3029//961 2975//962 3009//963
f 2757//964 2759//965 2680//966
f 2680//967 2678//968 2757//969
f 2678//970 2680//971 2423//972
f 2423//973 2298//974 2678//975
f 2298//976 2423//977 2244//978
f 2126//979 2298//980 2244//981
f 2244//982 1533//983 2126//984
f 1533//985 1591//986 2126//987
f 1533//988 1469//989 1591//990
f 1469//991 1447//992 1591//993
f 1381//994 1591//995 1447//996
f 1447//997 1364//998 1381//999
f 1364//1000 1304//1001 1381//1002
f 1304//1003 1139//1004 1381//1005
f 1139//1006 1070//1007 1381//1008
f 1070//1009 1055//1010 1109//1011
f 1070//1012 1109//1013 1381//1014
f 1034//1015 1109//1016 1055//1017
f 1055//1018 1036//1019 1034//1020
f 1046//1021 1050//1022 715//1023
f 715//1024 706//1025 1046//1026
f 1042//1027 1046//1028 706//1029
f 706//1030 691//1031 1042//1032
f 1037//1033 1042//1034 691//1035
f 1036//1036 1037//1037 691//1038
f 691//1039 684//1040 1036//1041
f 2765//1042 2705//1043 2863//1044
f 2758//1045 2705//1046 2714//1047
f 2705//1048 2700//1049 2714//1050
f 2758//1051 2783//1052 2705//1053
f 2705//1054 2752//1055 2871//1056
f 2752//1057 2705//1058 2783//1059
f 2863//1060 2705//1061 2871//1062
f 2871//1063 3022//1064 3032//1065
f 2863//1066 2871//1067 2926//1068
f 2752//1069 2866//1070 3022//1071
f 2871//1072 2752//1073 3022//1074
f 2765//1075 2863//1076 2926//1077
f 1042//1078 1037//1079 1055//1080
f 3059//1081 3032//1082 2987//1083
f 1036//1084 1055//1085 1037//1086
f 1046//1087 1042//1088 1055//1089
f 1046//1090 1055//1091 1050//1092
f 2757//1093 2890//1094 2821//1095
f 1086//1096 1050//1097 1055//1098
f 1863//1099 1821//1100 2125//1101
f 2125//1102 1821//1103 1811//1104
f 1811//1105 1783//1106 2125//1107
f 1465//1108 1968//1109 2125//1110
f 1783//1111 1642//1112 2125//1113
f 2125//1114 1642//1115 1465//1116
f 2709//1117 2773//1118 2726//1119
f 1465//1120 1642//1121 1542//1122
f 1465//1123 1459//1124 1968//1125
f 2912//1126 2773//1127 2709//1128
f 2773//1129 2912//1130 2860//1131
f 1465//1132 1542//1133 1491//1134
f 1974//1135 2726//1136 1968//1137
f 2205//1138 2726//1139 1974//1140
f 1968//1141 1459//1142 1265//1143
f 1491//1144 1459//1145 1465//1146
f 2860//1147 2992//1148 2917//1149
f 2860//1150 2917//1151 2865//1152
f 2980//1153 2860//1154 2912//1155
f 2726//1156 2681//1157 2709//1158
f 2205//1159 2388//1160 2726//1161
f 1387//1162 1459//1163 1294//1164
f 1968//1165 1490//1166 1974//1167
f 1490//1168 1968//1169 1265//1170
f 2709//1171 2935//1172 2912//1173
f 2821//1174 2935//1175 2709//1176
f 2423//1177 2726//1178 2388//1179
f 2726//1180 2423//1181 2681//1182
f 3039//1183 2860//1184 2980//1185
f 2860//1186 3061//1187 2992//1188
f 3061//1189 2860//1190 3039//1191
f 1459//1192 1387//1193 1265//1194
f 3062//1195 2917//1196 2992//1197
f 3062//1198 2987//1199 2917//1200
f 3062//1201 2992//1202 3057//1203
f 2205//1204 2244//1205 2388//1206
f 1447//1207 1490//1208 1265//1209
f 3057//1210 2992//1211 3061//1212
f 2709//1213 2759//1214 2821//1215
f 1974//1216 1533//1217 2205//1218
f 2912//1219 3029//1220 2980//1221
f 3039//1222 2980//1223 3029//1224
f 2935//1225 3009//1226 2912//1227
f 2205//1228 1533//1229 2244//1230
f 3064//1231 3062//1232 3057//1233
f 2709//1234 2681//1235 2423//1236
f 1447//1237 1265//1238 1304//1239
f 1139//1240 1265//1241 1387//1242
f 1055//1243 1070//1244 1086//1245
f 1387//1246 1070//1247 1139//1248
f 1265//1249 1139//1250 1304//1251
f 1364//1252 1447//1253 1304//1254
f 1490//1255 1447//1256 1469//1257
f 1469//1258 1974//1259 1490//1260
f 1974//1261 1469//1262 1533//1263
f 2423//1264 2388//1265 2244//1266
f 2680//1267 2709//1268 2423//1269
f 2709//1270 2680//1271 2759//1272
f 2757//1273 2821//1274 2759//1275
f 2821//1276 2890//1277 2925//1278
f 2925//1279 2935//1280 2821//1281
f 2925//1282 3009//1283 2935//1284
f 2975//1285 2912//1286 3009//1287
f 2912//1288 2975//1289 3029//1290
f 3030//1291 3039//1292 3029//1293
f 3039//1294 3030//1295 3061//1296
f 3062//1297 3059//1298 2987//1299
f 2552//1300 2543//1301 2538//1302
f 2561//1303 2552//1304 2538//1305
f 2538//1306 2614//1307 2561//1308
f 2573//1309 2561//1310 2614//1311
f 2614//1312 2601//1313 2589//1314
f 2589//1315 2584//1316 2614//1317
f 2584//1318 2573//1319 2614//1320
f 2614//1321 2611//1322 2601//1323
f 2614//1324 2538//1325 2619//1326
f 706//1327 715//1328 623//1329
f 78//1330 66//1331 76//1332
f 76//1333 66//1334 55//1335
f 55//1336 29//1337 76//1338
f 691//1339 706//1340 623//1341
f 684//1342 691//1343 623//1344
f 844//1345 484//1346 623//1347
f 484//1348 844//1349 640//1350
f 76//1351 29//1352 60//1353
f 55//1354 38//1355 29//1356
f 38//1357 18//1358 29//1359
f 18//1360 1//1361 29//1362
f 1479//1363 1492//1364 1493//1365
f 1492//1366 1501//1367 1493//1368
f 1493//1369 1458//1370 1479//1371
f 1318//1372 1289//1373 1271//1374
f 1271//1375 1249//1376 1318//1377
f 1318//1378 1249//1379 1217//1380
f 1493//1381 1122//1382 1458//1383
f 1122//1384 1493//1385 1423//1386
f 1122//1387 1423//1388 1161//1389
f 1423//1390 1320//1391 1161//1392
f 1202//1393 1320//1394 1318//1395
f 1318//1396 1215//1397 1202//1398
f 1217//1399 1215//1400 1318//1401
f 1217//1402 1207//1403 1215//1404
f 1202//1405 1215//1406 1207//1407
f 1642//1408 1458//1409 1432//1410
f 1432//1411 1458//1412 1122//1413
f 1207//1414 1154//1415 1202//1416
f 1202//1417 1154//1418 1147//1419
f 1076//1420 1202//1421 1147//1422
f 1147//1423 1128//1424 1076//1425
f 1076//1426 1128//1427 1110//1428
f 1110//1429 1103//1430 1076//1431
f 977//1432 1320//1433 1202//1434
f 1320//1435 977//1436 351//1437
f 1320//1438 1012//1439 1161//1440
f 1122//1441 1161//1442 1012//1443
f 1320//1444 351//1445 1012//1446
f 977//1447 1202//1448 1076//1449
f 1321//1450 1491//1451 1542//1452
f 1103//1453 1071//1454 1076//1455
f 1076//1456 1071//1457 1062//1458
f 977//1459 1076//1460 1062//1461
f 1062//1462 1028//1463 977//1464
f 977//1465 1028//1466 1019//1467
f 1432//1468 1321//1469 1542//1470
f 1019//1471 1011//1472 977//1473
f 1019//1474 1013//1475 1011//1476
f 1432//1477 1122//1478 1120//1479
f 1122//1480 1012//1481 724//1482
f 1013//1483 1000//1484 1011//1485
f 1011//1486 1000//1487 995//1488
f 995//1489 980//1490 1011//1491
f 1011//1492 980//1493 968//1494
f 1294//1495 1321//1496 1432//1497
f 1120//1498 1122//1499 724//1500
f 1011//1501 892//1502 977//1503
f 892//1504 646//1505 977//1506
f 968//1507 955//1508 1011//1509
f 1011//1510 955//1511 896//1512
f 896//1513 892//1514 1011//1515
f 896//1516 886//1517 892//1518
f 646//1519 892//1520 886//1521
f 886//1522 834//1523 646//1524
f 646//1525 834//1526 786//1527
f 977//1528 646//1529 351//1530
f 1012//1531 494//1532 724//1533
f 1432//1534 989//1535 1294//1536
f 627//1537 1432//1538 1120//1539
f 494//1540 1012//1541 351//1542
f 786//1543 718//1544 646//1545
f 646//1546 718//1547 649//1548
f 649//1549 630//1550 646//1551
f 630//1552 574//1553 646//1554
f 646//1555 574//1556 559//1557
f 1234//1558 1294//1559 989//1560
f 1234//1561 1387//1562 1294//1563
f 646//1564 460//1565 351//1566
f 559//1567 504//1568 646//1569
f 646//1570 504//1571 472//1572
f 472//1573 460//1574 646//1575
f 494//1576 430//1577 724//1578
f 315//1579 1120//1580 724//1581
f 989//1582 1432//1583 627//1584
f 989//1585 671//1586 371//1587
f 989//1588 627//1589 671//1590
f 430//1591 494//1592 351//1593
f 153//1594 351//1595 460//1596
f 640//1597 989//1598 371//1599
f 321//1600 627//1601 1120//1602
f 196//1603 724//1604 430//1605
f 243//1606 1120//1607 315//1608
f 724//1609 196//1610 315//1611
f 627//1612 359//1613 671//1614
f 359//1615 627//1616 321//1617
f 715//1618 812//1619 844//1620
f 844//1621 812//1622 826//1623
f 844//1624 989//1625 640//1626
f 371//1627 671//1628 359//1629
f 243//1630 321//1631 1120//1632
f 351//1633 122//1634 430//1635
f 122//1636 351//1637 60//1638
f 60//1639 351//1640 153//1641
f 142//1642 129//1643 153//1644
f 844//1645 623//1646 715//1647
f 359//1648 321//1649 243//1650
f 315//1651 196//1652 243//1653
f 430//1654 122//1655 196//1656
f 153//1657 76//1658 60//1659
f 76//1660 153//1661 129//1662
f 129//1663 78//1664 76//1665
f 66//1666 78//1667 79//1668
f 79//1669 67//1670 66//1671
f 55//1672 66//1673 67//1674
f 67//1675 53//1676 55//1677
f 38//1678 55//1679 53//1680
f 53//1681 36//1682 38//1683
f 18//1684 38//1685 36//1686
f 36//1687 19//1688 18//1689
f 1//1690 18//1691 19//1692
f 19//1693 43//1694 1//1695
f 1158//1696 1395//1697 467//1698
f 621//1699 606//1700 1158//1701
f 1158//1702 675//1703 639//1704
f 639//1705 621//1706 1158//1707
f 703//1708 699//1709 644//1710
f 644//1711 699//1712 675//1713
f 668//1714 659//1715 675//1716
f 675//1717 659//1718 639//1719
f 644//1720 727//1721 703//1722
f 644//1723 740//1724 727//1725
f 758//1726 749//1727 644//1728
f 602//1729 774//1730 766//1731
f 644//1732 602//1733 766//1734
f 644//1735 766//1736 758//1737
f 602//1738 795//1739 794//1740
f 628//1741 797//1742 799//1743
f 675//1744 467//1745 644//1746
f 798//1747 795//1748 602//1749
f 602//1750 467//1751 628//1752
f 675//1753 1158//1754 467//1755
f 644//1756 467//1757 602//1758
f 799//1759 602//1760 628//1761
f 799//1762 800//1763 602//1764
f 800//1765 798//1766 602//1767
f 467//1768 352//1769 628//1770
f 467//1771 308//1772 352//1773
f 70//1774 2//1775 23//1776
f 70//1777 23//1778 34//1779
f 70//1780 34//1781 48//1782
f 212//1783 308//1784 243//1785
f 196//1786 217//1787 212//1788
f 196//1789 212//1790 243//1791
f 308//1792 212//1793 217//1794
f 217//1795 196//1796 120//1797
f 120//1798 254//1799 308//1800
f 352//1801 308//1802 254//1803
f 120//1804 308//1805 217//1806
f 352//1807 200//1808 245//1809
f 352//1810 254//1811 200//1812
f 70//1813 200//1814 254//1815
f 327//1816 536//1817 346//1818
f 346//1819 536//1820 654//1821
f 327//1822 346//1823 280//1824
f 346//1825 352//1826 245//1827
f 628//1828 352//1829 346//1830
f 628//1831 346//1832 588//1833
f 770//1834 742//1835 765//1836
f 346//1837 654//1838 588//1839
f 628//1840 776//1841 777//1842
f 775//1843 776//1844 628//1845
f 628//1846 742//1847 775//1848
f 742//1849 773//1850 775//1851
f 742//1852 771//1853 772//1854
f 765//1855 767//1856 770//1857
f 764//1858 765//1859 654//1860
f 654//1861 756//1862 759//1863
f 756//1864 654//1865 737//1866
f 753//1867 756//1868 737//1869
f 730//1870 745//1871 746//1872
f 746//1873 737//1874 730//1875
f 737//1876 746//1877 747//1878
f 730//1879 743//1880 745//1881
f 730//1882 713//1883 722//1884
f 722//1885 728//1886 730//1887
f 730//1888 728//1889 731//1890
f 713//1891 704//1892 711//1893
f 536//1894 737//1895 654//1896
f 791//1897 797//1898 628//1899
f 784//1900 791//1901 628//1902
f 742//1903 772//1904 773//1905
f 713//1906 700//1907 704//1908
f 765//1909 742//1910 628//1911
f 713//1912 730//1913 536//1914
f 730//1915 737//1916 536//1917
f 588//1918 654//1919 765//1920
f 588//1921 765//1922 628//1923
f 770//1924 771//1925 742//1926
f 536//1927 464//1928 471//1929
f 536//1930 448//1931 464//1932
f 536//1933 431//1934 436//1935
f 536//1936 436//1937 448//1938
f 536//1939 368//1940 379//1941
f 379//1942 403//1943 536//1944
f 536//1945 403//1946 431//1947
f 355//1948 362//1949 368//1950
f 368//1951 327//1952 355//1953
f 327//1954 342//1955 355//1956
f 327//1957 325//1958 329//1959
f 327//1960 329//1961 342//1962
f 327//1963 307//1964 311//1965
f 327//1966 311//1967 313//1968
f 313//1969 320//1970 327//1971
f 327//1972 320//1973 325//1974
f 280//1975 294//1976 297//1977
f 297//1978 327//1979 280//1980
f 297//1981 300//1982 327//1983
f 327//1984 300//1985 307//1986
f 282//1987 287//1988 280//1989
f 280//1990 287//1991 294//1992
f 280//1993 278//1994 282//1995
f 280//1996 274//1997 278//1998
f 274//1999 280//2000 272//2001
f 368//2002 536//2003 327//2004
f 536//2005 471//2006 578//2007
f 713//2008 536//2009 578//2010
f 700//2011 713//2012 578//2013
f 578//2014 693//2015 700//2016
f 578//2017 690//2018 693//2019
f 2//2020 3//2021 11//2022
f 48//2023 51//2024 70//2025
f 32//2026 34//2027 23//2028
f 11//2029 23//2030 2//2031
f 11//2032 30//2033 23//2034
f 23//2035 30//2036 32//2037
f 32//2038 48//2039 34//2040
f 32//2041 51//2042 48//2043
f 70//2044 254//2045 120//2046
f 179//2047 184//2048 200//2049
f 62//2050 32//2051 30//2052
f 62//2053 51//2054 32//2055
f 70//2056 51//2057 91//2058
f 96//2059 70//2060 91//2061
f 70//2062 96//2063 200//2064
f 173//2065 179//2066 200//2067
f 164//2068 200//2069 151//2070
f 200//2071 164//2072 173//2073
f 151//2074 159//2075 164//2076
f 139//2077 141//2078 151//2079
f 151//2080 133//2081 139//2082
f 121//2083 133//2084 151//2085
f 125//2086 133//2087 121//2088
f 121//2089 101//2090 106//2091
f 106//2092 107//2093 121//2094
f 107//2095 112//2096 121//2097
f 91//2098 94//2099 121//2100
f 121//2101 94//2102 101//2103
f 91//2104 75//2105 87//2106
f 52//2107 62//2108 30//2109
f 62//2110 52//2111 65//2112
f 62//2113 65//2114 75//2115
f 62//2116 75//2117 91//2118
f 30//2119 16//2120 31//2121
f 31//2122 41//2123 30//2124
f 30//2125 41//2126 52//2127
f 16//2128 3//2129 4//2130
f 4//2131 12//2132 16//2133
f 12//2134 31//2135 16//2136
f 96//2137 91//2138 121//2139
f 151//2140 200//2141 96//2142
f 151//2143 96//2144 121//2145
f 30//2146 3//2147 16//2148
f 3//2149 30//2150 11//2151
f 91//2152 51//2153 62//2154
f 201//2155 295//2156 277//2157
f 200//2158 272//2159 280//2160
f 201//2161 277//2162 271//2163
f 200//2164 201//2165 271//2166
f 271//2167 272//2168 200//2169
f 200//2170 280//2171 346//2172
f 245//2173 200//2174 346//2175
f 557//2176 544//2177 542//2178
f 487//2179 498//2180 497//2181
f 497//2182 493//2183 487//2184
f 493//2185 470//2186 487//2187
f 493//2188 485//2189 470//2190
f 485//2191 471//2192 470//2193
f 534//2194 542//2195 544//2196
f 544//2197 529//2198 534//2199
f 529//2200 498//2201 534//2202
f 498//2203 529//2204 509//2205
f 509//2206 497//2207 498//2208
f 584//2209 596//2210 585//2211
f 561//2212 584//2213 585//2214
f 585//2215 573//2216 561//2217
f 573//2218 542//2219 561//2220
f 573//2221 557//2222 542//2223
f 609//2224 596//2225 584//2226
f 609//2227 584//2228 607//2229
f 620//2230 609//2231 607//2232
f 607//2233 622//2234 620//2235
f 638//2236 620//2237 622//2238
f 709//2239 666//2240 665//2241
f 656//2242 665//2243 666//2244
f 666//2245 653//2246 656//2247
f 653//2248 622//2249 656//2250
f 622//2251 653//2252 638//2253
f 734//2254 709//2255 665//2256
f 665//2257 680//2258 734//2259
f 680//2260 732//2261 734//2262
f 761//2263 806//2264 805//2265
f 805//2266 785//2267 761//2268
f 785//2269 732//2270 761//2271
f 785//2272 755//2273 732//2274
f 755//2275 734//2276 732//2277
f 453//2278 470//2279 471//2280
f 471//2281 464//2282 453//2283
f 449//2284 453//2285 464//2286
f 464//2287 448//2288 449//2289
f 444//2290 449//2291 448//2292
f 444//2293 448//2294 436//2295
f 436//2296 432//2297 444//2298
f 436//2299 431//2300 432//2301
f 407//2302 432//2303 431//2304
f 431//2305 403//2306 407//2307
f 381//2308 407//2309 403//2310
f 403//2311 379//2312 381//2313
f 366//2314 381//2315 379//2316
f 361//2317 366//2318 379//2319
f 361//2320 379//2321 368//2322
f 368//2323 362//2324 361//2325
f 356//2326 361//2327 362//2328
f 362//2329 355//2330 356//2331
f 343//2332 356//2333 355//2334
f 355//2335 342//2336 343//2337
f 332//2338 343//2339 342//2340
f 342//2341 329//2342 332//2343
f 326//2344 332//2345 329//2346
f 329//2347 325//2348 326//2349
f 324//2350 326//2351 325//2352
f 325//2353 320//2354 324//2355
f 314//2356 324//2357 320//2358
f 320//2359 313//2360 314//2361
f 312//2362 314//2363 313//2364
f 313//2365 306//2366 312//2367
f 306//2368 313//2369 311//2370
f 311//2371 307//2372 306//2373
f 302//2374 306//2375 307//2376
f 307//2377 300//2378 302//2379
f 296//2380 302//2381 300//2382
f 300//2383 297//2384 296//2385
f 296//2386 297//2387 294//2388
f 286//2389 296//2390 294//2391
f 294//2392 287//2393 286//2394
f 283//2395 286//2396 287//2397
f 287//2398 282//2399 283//2400
f 279//2401 283//2402 282//2403
f 282//2404 278//2405 279//2406
f 275//2407 279//2408 278//2409
f 278//2410 274//2411 275//2412
f 271//2413 275//2414 274//2415
f 274//2416 272//2417 271//2418
f 185//2419 201//2420 200//2421
f 200//2422 184//2423 185//2424
f 176//2425 185//2426 184//2427
f 184//2428 179//2429 176//2430
f 179//2431 174//2432 176//2433
f 179//2434 173//2435 174//2436
f 171//2437 174//2438 173//2439
f 173//2440 164//2441 171//2442
f 162//2443 171//2444 164//2445
f 148//2446 154//2447 141//2448
f 151//2449 141//2450 154//2451
f 164//2452 161//2453 162//2454
f 164//2455 159//2456 161//2457
f 154//2458 161//2459 159//2460
f 159//2461 151//2462 154//2463
f 128//2464 137//2465 133//2466
f 137//2467 148//2468 141//2469
f 141//2470 139//2471 137//2472
f 139//2473 133//2474 137//2475
f 111//2476 118//2477 112//2478
f 133//2479 126//2480 128//2481
f 133//2482 125//2483 126//2484
f 118//2485 126//2486 125//2487
f 125//2488 121//2489 118//2490
f 121//2491 112//2492 118//2493
f 98//2494 104//2495 101//2496
f 112//2497 108//2498 111//2499
f 112//2500 107//2501 108//2502
f 104//2503 108//2504 107//2505
f 107//2506 106//2507 104//2508
f 106//2509 101//2510 104//2511
f 87//2512 77//2513 93//2514
f 91//2515 87//2516 93//2517
f 101//2518 95//2519 98//2520
f 101//2521 94//2522 95//2523
f 93//2524 95//2525 94//2526
f 94//2527 91//2528 93//2529
f 84//2530 77//2531 87//2532
f 87//2533 75//2534 84//2535
f 75//2536 74//2537 84//2538
f 75//2539 64//2540 74//2541
f 75//2542 65//2543 64//2544
f 61//2545 64//2546 65//2547
f 65//2548 52//2549 61//2550
f 52//2551 33//2552 61//2553
f 3//2554 8//2555 20//2556
f 4//2557 3//2558 20//2559
f 52//2560 42//2561 33//2562
f 52//2563 41//2564 42//2565
f 40//2566 42//2567 41//2568
f 41//2569 31//2570 40//2571
f 31//2572 25//2573 40//2574
f 31//2575 12//2576 25//2577
f 20//2578 25//2579 12//2580
f 12//2581 4//2582 20//2583
f 201//2584 185//2585 110//2586
f 344//2587 266//2588 206//2589
f 201//2590 110//2591 206//2592
f 201//2593 266//2594 295//2595
f 266//2596 201//2597 206//2598
f 587//2599 323//2600 344//2601
f 323//2602 266//2603 344//2604
f 611//2605 323//2606 587//2607
f 802//2608 803//2609 530//2610
f 275//2611 271//2612 277//2613
f 277//2614 286//2615 283//2616
f 277//2617 283//2618 279//2619
f 277//2620 279//2621 275//2622
f 302//2623 296//2624 277//2625
f 277//2626 296//2627 286//2628
f 333//2629 314//2630 312//2631
f 312//2632 277//2633 333//2634
f 277//2635 312//2636 306//2637
f 277//2638 306//2639 302//2640
f 332//2641 326//2642 333//2643
f 326//2644 324//2645 333//2646
f 333//2647 324//2648 314//2649
f 333//2650 343//2651 332//2652
f 375//2653 432//2654 407//2655
f 375//2656 407//2657 381//2658
f 375//2659 381//2660 366//2661
f 375//2662 366//2663 361//2664
f 333//2665 375//2666 361//2667
f 361//2668 356//2669 333//2670
f 333//2671 356//2672 343//2673
f 453//2674 449//2675 375//2676
f 449//2677 444//2678 375//2679
f 375//2680 444//2681 432//2682
f 530//2683 498//2684 487//2685
f 530//2686 487//2687 470//2688
f 470//2689 375//2690 530//2691
f 375//2692 470//2693 453//2694
f 561//2695 542//2696 530//2697
f 542//2698 534//2699 530//2700
f 530//2701 534//2702 498//2703
f 530//2704 622//2705 607//2706
f 530//2707 607//2708 584//2709
f 530//2710 584//2711 561//2712
f 680//2713 665//2714 530//2715
f 665//2716 656//2717 530//2718
f 530//2719 656//2720 622//2721
f 530//2722 732//2723 680//2724
f 530//2725 761//2726 732//2727
f 761//2728 530//2729 803//2730
f 803//2731 806//2732 761//2733
f 804//2734 802//2735 530//2736
f 808//2737 807//2738 530//2739
f 530//2740 807//2741 804//2742
f 810//2743 809//2744 808//2745
f 530//2746 811//2747 810//2748
f 626//2749 820//2750 816//2751
f 626//2752 827//2753 823//2754
f 839//2755 833//2756 626//2757
f 626//2758 833//2759 830//2760
f 626//2761 841//2762 839//2763
f 852//2764 850//2765 697//2766
f 697//2767 855//2768 852//2769
f 611//2770 863//2771 860//2772
f 815//2773 876//2774 872//2775
f 870//2776 815//2777 872//2778
f 879//2779 876//2780 815//2781
f 882//2782 879//2783 815//2784
f 815//2785 905//2786 902//2787
f 912//2788 815//2789 587//2790
f 815//2791 912//2792 910//2793
f 815//2794 910//2795 905//2796
f 922//2797 915//2798 587//2799
f 587//2800 915//2801 912//2802
f 931//2803 587//2804 900//2805
f 931//2806 928//2807 587//2808
f 587//2809 928//2810 922//2811
f 939//2812 935//2813 900//2814
f 900//2815 935//2816 931//2817
f 949//2818 939//2819 900//2820
f 961//2821 959//2822 900//2823
f 900//2824 908//2825 961//2826
f 908//2827 963//2828 961//2829
f 908//2830 965//2831 963//2832
f 975//2833 973//2834 908//2835
f 975//2836 908//2837 962//2838
f 962//2839 976//2840 975//2841
f 978//2842 976//2843 962//2844
f 979//2845 978//2846 962//2847
f 962//2848 988//2849 985//2850
f 458//2851 988//2852 962//2853
f 991//2854 990//2855 458//2856
f 458//2857 993//2858 991//2859
f 994//2860 993//2861 458//2862
f 458//2863 999//2864 994//2865
f 1006//2866 999//2867 458//2868
f 611//2869 587//2870 815//2871
f 815//2872 870//2873 611//2874
f 295//2875 375//2876 277//2877
f 808//2878 530//2879 810//2880
f 626//2881 530//2882 375//2883
f 375//2884 333//2885 277//2886
f 295//2887 626//2888 375//2889
f 813//2890 626//2891 816//2892
f 823//2893 821//2894 626//2895
f 626//2896 830//2897 827//2898
f 811//2899 530//2900 813//2901
f 530//2902 626//2903 813//2904
f 846//2905 626//2906 697//2907
f 626//2908 846//2909 841//2910
f 697//2911 626//2912 295//2913
f 266//2914 323//2915 295//2916
f 697//2917 611//2918 858//2919
f 858//2920 855//2921 697//2922
f 611//2923 697//2924 295//2925
f 611//2926 860//2927 858//2928
f 866//2929 611//2930 870//2931
f 611//2932 866//2933 863//2934
f 295//2935 323//2936 611//2937
f 42//2938 40//2939 15//2940
f 25//2941 20//2942 15//2943
f 15//2944 20//2945 8//2946
f 77//2947 84//2948 74//2949
f 77//2950 95//2951 93//2952
f 108//2953 104//2954 105//2955
f 77//2956 105//2957 104//2958
f 104//2959 98//2960 77//2961
f 98//2962 95//2963 77//2964
f 118//2965 111//2966 105//2967
f 105//2968 111//2969 108//2970
f 148//2971 161//2972 154//2973
f 162//2974 161//2975 148//2976
f 174//2977 171//2978 162//2979
f 162//2980 176//2981 174//2982
f 110//2983 185//2984 176//2985
f 176//2986 162//2987 110//2988
f 137//2989 105//2990 148//2991
f 105//2992 137//2993 128//2994
f 128//2995 126//2996 105//2997
f 105//2998 126//2999 118//3000
f 162//3001 148//3002 105//3003
f 33//3004 47//3005 77//3006
f 64//3007 61//3008 33//3009
f 33//3010 42//3011 15//3012
f 74//3013 33//3014 77//3015
f 74//3016 64//3017 33//3018
f 15//3019 40//3020 25//3021
f 105//3022 77//3023 47//3024
f 47//3025 110//3026 162//3027
f 47//3028 162//3029 105//3030
f 15//3031 8//3032 7//3033
f 15//3034 7//3035 17//3036
f 33//3037 15//3038 17//3039
f 47//3040 33//3041 17//3042
f 47//3043 17//3044 88//3045
f 110//3046 47//3047 88//3048
f 1007//3049 1006//3050 458//3051
f 908//3052 900//3053 587//3054
f 908//3055 587//3056 962//3057
f 587//3058 458//3059 962//3060
f 206//3061 110//3062 88//3063
f 206//3064 63//3065 344//3066
f 180//3067 587//3068 344//3069
f 894//3070 907//3071 927//3072
f 672//3073 768//3074 796//3075
f 642//3076 687//3077 698//3078
f 687//3079 642//3080 676//3081
f 88//3082 17//3083 7//3084
f 960//3085 894//3086 951//3087
f 951//3088 1135//3089 960//3090
f 349//3091 458//3092 587//3093
f 927//3094 951//3095 894//3096
f 894//3097 881//3098 907//3099
f 881//3100 894//3101 869//3102
f 856//3103 869//3104 894//3105
f 247//3106 349//3107 587//3108
f 349//3109 340//3110 894//3111
f 843//3112 856//3113 894//3114
f 247//3115 587//3116 180//3117
f 367//3118 894//3119 340//3120
f 672//3121 894//3122 367//3123
f 824//3124 843//3125 894//3126
f 349//3127 247//3128 340//3129
f 894//3130 672//3131 796//3132
f 796//3133 824//3134 894//3135
f 63//3136 206//3137 88//3138
f 751//3139 768//3140 672//3141
f 741//3142 751//3143 672//3144
f 344//3145 63//3146 180//3147
f 672//3148 637//3149 726//3150
f 726//3151 741//3152 672//3153
f 247//3154 180//3155 224//3156
f 637//3157 642//3158 705//3159
f 672//3160 367//3161 642//3162
f 642//3163 637//3164 672//3165
f 698//3166 705//3167 642//3168
f 1010//3169 805//3170 806//3171
f 1566//3172 1565//3173 1440//3174
f 806//3175 1566//3176 1440//3177
f 1440//3178 1153//3179 806//3180
f 1153//3181 1010//3182 806//3183
f 701//3184 695//3185 578//3186
f 785//3187 805//3188 755//3189
f 755//3190 709//3191 734//3192
f 755//3193 666//3194 709//3195
f 578//3196 638//3197 653//3198
f 578//3199 620//3200 638//3201
f 578//3202 609//3203 620//3204
f 578//3205 596//3206 609//3207
f 573//3208 585//3209 578//3210
f 529//3211 544//3212 578//3213
f 578//3214 544//3215 557//3216
f 578//3217 509//3218 529//3219
f 578//3220 497//3221 509//3222
f 493//3223 497//3224 578//3225
f 485//3226 493//3227 578//3228
f 578//3229 471//3230 485//3231
f 578//3232 695//3233 690//3234
f 755//3235 733//3236 578//3237
f 578//3238 733//3239 714//3240
f 666//3241 755//3242 578//3243
f 653//3244 666//3245 578//3246
f 578//3247 557//3248 573//3249
f 585//3250 596//3251 578//3252
f 1641//3253 1648//3254 1480//3255
f 1629//3256 1634//3257 1520//3258
f 1520//3259 1565//3260 1629//3261
f 1440//3262 1565//3263 1520//3264
f 755//3265 805//3266 1010//3267
f 1010//3268 1153//3269 1376//3270
f 1376//3271 1053//3272 1010//3273
f 1440//3274 1480//3275 1376//3276
f 1376//3277 1153//3278 1440//3279
f 1440//3280 1520//3281 1480//3282
f 1480//3283 1520//3284 1641//3285
f 1634//3286 1641//3287 1520//3288
f 1846//3289 1852//3290 733//3291
f 1877//3292 690//3293 695//3294
f 701//3295 578//3296 1862//3297
f 1862//3298 1871//3299 701//3300
f 695//3301 701//3302 1877//3303
f 1871//3304 1877//3305 701//3306
f 1862//3307 578//3308 714//3309
f 714//3310 733//3311 1852//3312
f 1852//3313 1858//3314 714//3315
f 1858//3316 1862//3317 714//3318
f 733//3319 1010//3320 1053//3321
f 1010//3322 733//3323 755//3324
f 1826//3325 1053//3326 1376//3327
f 1053//3328 1826//3329 1839//3330
f 1839//3331 733//3332 1053//3333
f 733//3334 1839//3335 1846//3336
f 1480//3337 1648//3338 1799//3339
f 1480//3340 1799//3341 1812//3342
f 1826//3343 1376//3344 1480//3345
f 1480//3346 1812//3347 1826//3348
f 2636//3349 606//3350 621//3351
f 2636//3352 2258//3353 2700//3354
f 2258//3355 2636//3356 621//3357
f 621//3358 639//3359 2258//3360
f 639//3361 659//3362 2258//3363
f 2251//3364 2258//3365 659//3366
f 2201//3367 2208//3368 668//3369
f 2201//3370 668//3371 675//3372
f 2201//3373 675//3374 699//3375
f 2189//3376 2201//3377 699//3378
f 668//3379 2208//3380 2217//3381
f 659//3382 668//3383 2217//3384
f 2217//3385 2251//3386 659//3387
f 2161//3388 2178//3389 727//3390
f 2178//3391 703//3392 727//3393
f 703//3394 2178//3395 2185//3396
f 699//3397 703//3398 2189//3399
f 2185//3400 2189//3401 703//3402
f 2140//3403 2155//3404 740//3405
f 2140//3406 740//3407 644//3408
f 727//3409 740//3410 2161//3411
f 2155//3412 2161//3413 740//3414
f 2098//3415 2120//3416 758//3417
f 2098//3418 758//3419 766//3420
f 2140//3421 644//3422 749//3423
f 2140//3424 749//3425 758//3426
f 2120//3427 2140//3428 758//3429
f 2078//3430 2090//3431 774//3432
f 2078//3433 774//3434 602//3435
f 2098//3436 766//3437 774//3438
f 2094//3439 2098//3440 774//3441
f 774//3442 2090//3443 2094//3444
f 2044//3445 2055//3446 794//3447
f 2044//3448 794//3449 795//3450
f 795//3451 798//3452 2044//3453
f 2036//3454 2044//3455 798//3456
f 798//3457 800//3458 2036//3459
f 2078//3460 602//3461 794//3462
f 2055//3463 2078//3464 794//3465
f 2019//3466 2022//3467 799//3468
f 2022//3469 2031//3470 799//3471
f 800//3472 799//3473 2031//3474
f 2031//3475 2036//3476 800//3477
f 1989//3478 1999//3479 797//3480
f 797//3481 791//3482 1989//3483
f 799//3484 797//3485 2019//3486
f 2013//3487 2019//3488 797//3489
f 797//3490 1999//3491 2013//3492
f 784//3493 628//3494 1970//3495
f 1970//3496 1973//3497 784//3498
f 1973//3499 1984//3500 784//3501
f 791//3502 784//3503 1989//3504
f 784//3505 1984//3506 1989//3507
f 1946//3508 1956//3509 777//3510
f 628//3511 777//3512 1970//3513
f 1956//3514 1970//3515 777//3516
f 1936//3517 1943//3518 775//3519
f 1936//3520 775//3521 773//3522
f 1936//3523 773//3524 772//3525
f 772//3526 1927//3527 1936//3528
f 1946//3529 777//3530 776//3531
f 776//3532 775//3533 1946//3534
f 775//3535 1943//3536 1946//3537
f 1920//3538 1922//3539 771//3540
f 771//3541 770//3542 1920//3543
f 772//3544 771//3545 1927//3546
f 771//3547 1922//3548 1927//3549
f 767//3550 765//3551 1909//3552
f 1909//3553 1911//3554 767//3555
f 767//3556 1911//3557 1920//3558
f 770//3559 767//3560 1920//3561
f 1896//3562 1899//3563 764//3564
f 764//3565 654//3566 1896//3567
f 765//3568 764//3569 1909//3570
f 1899//3571 1909//3572 764//3573
f 759//3574 756//3575 1890//3576
f 1890//3577 2142//3578 759//3579
f 654//3580 759//3581 1896//3582
f 2142//3583 1896//3584 759//3585
f 737//3586 747//3587 1885//3588
f 1885//3589 1887//3590 753//3591
f 753//3592 737//3593 1885//3594
f 756//3595 753//3596 1890//3597
f 1887//3598 1890//3599 753//3600
f 1883//3601 1998//3602 747//3603
f 747//3604 746//3605 1883//3606
f 1998//3607 1885//3608 747//3609
f 1874//3610 1878//3611 743//3612
f 743//3613 1878//3614 1883//3615
f 746//3616 745//3617 1883//3618
f 745//3619 743//3620 1883//3621
f 1868//3622 1870//3623 731//3624
f 743//3625 730//3626 1874//3627
f 730//3628 731//3629 1874//3630
f 1870//3631 1874//3632 731//3633
f 1868//3634 731//3635 728//3636
f 728//3637 722//3638 1868//3639
f 1898//3640 1868//3641 722//3642
f 722//3643 1864//3644 1898//3645
f 722//3646 713//3647 1864//3648
f 1864//3649 713//3650 711//3651
f 711//3652 1867//3653 1864//3654
f 711//3655 704//3656 1867//3657
f 1872//3658 1867//3659 704//3660
f 704//3661 700//3662 1872//3663
f 690//3664 1877//3665 1876//3666
f 693//3667 690//3668 1876//3669
f 693//3670 1876//3671 1873//3672
f 1873//3673 700//3674 693//3675
f 700//3676 1873//3677 1869//3678
f 700//3679 1869//3680 1872//3681
f 1485//3682 1158//3683 606//3684
f 606//3685 2636//3686 1485//3687
f 2101//3688 1485//3689 2636//3690
f 2636//3691 2618//3692 2101//3693
f 1876//3694 1886//3695 1873//3696
f 1873//3697 1872//3698 1869//3699
f 1864//3700 1867//3701 1872//3702
f 1872//3703 1898//3704 1864//3705
f 1870//3706 1868//3707 1898//3708
f 1998//3709 1878//3710 1874//3711
f 1898//3712 1998//3713 1874//3714
f 1874//3715 1870//3716 1898//3717
f 1883//3718 1878//3719 1998//3720
f 1998//3721 1887//3722 1885//3723
f 1998//3724 2142//3725 1887//3726
f 1890//3727 1887//3728 2142//3729
f 1899//3730 1896//3731 2142//3732
f 1911//3733 1909//3734 2142//3735
f 1909//3736 1899//3737 2142//3738
f 1936//3739 1927//3740 1922//3741
f 1922//3742 1943//3743 1936//3744
f 1943//3745 1922//3746 1946//3747
f 1989//3748 1984//3749 1999//3750
f 1956//3751 1984//3752 1973//3753
f 1956//3754 1973//3755 1970//3756
f 2036//3757 2022//3758 2044//3759
f 2022//3760 2036//3761 2031//3762
f 2019//3763 2013//3764 2022//3765
f 2022//3766 2013//3767 1999//3768
f 2022//3769 2055//3770 2044//3771
f 2055//3772 2022//3773 2078//3774
f 2098//3775 2094//3776 2078//3777
f 2366//3778 2120//3779 2098//3780
f 2098//3781 2078//3782 2366//3783
f 2178//3784 2366//3785 2185//3786
f 2161//3787 2366//3788 2178//3789
f 1987//3790 1995//3791 2002//3792
f 2002//3793 1983//3794 1987//3795
f 2161//3796 2155//3797 2366//3798
f 2366//3799 2155//3800 2140//3801
f 2366//3802 2140//3803 2120//3804
f 2078//3805 2094//3806 2090//3807
f 2078//3808 2022//3809 2366//3810
f 1999//3811 1984//3812 2022//3813
f 1898//3814 1917//3815 1926//3816
f 2142//3817 1920//3818 1911//3819
f 1872//3820 1873//3821 1898//3822
f 1904//3823 1898//3824 1873//3825
f 1873//3826 1886//3827 1904//3828
f 1898//3829 1904//3830 1917//3831
f 1922//3832 1956//3833 1946//3834
f 1998//3835 1898//3836 2002//3837
f 1961//3838 2002//3839 1898//3840
f 1898//3841 1950//3842 1961//3843
f 1922//3844 2142//3845 1956//3846
f 2002//3847 1961//3848 1983//3849
f 1898//3850 1926//3851 1950//3852
f 1922//3853 1920//3854 2142//3855
f 2022//3856 1984//3857 1956//3858
f 2189//3859 2185//3860 2366//3861
f 2024//3862 2029//3863 2002//3864
f 2045//3865 2060//3866 2064//3867
f 2075//3868 2083//3869 2064//3870
f 2110//3871 2123//3872 2141//3873
f 2151//3874 2261//3875 2141//3876
f 2123//3877 2135//3878 2141//3879
f 2097//3880 2110//3881 2141//3882
f 2091//3883 2097//3884 2141//3885
f 2068//3886 2075//3887 2064//3888
f 2064//3889 2042//3890 2045//3891
f 1995//3892 2024//3893 2002//3894
f 2201//3895 2366//3896 2208//3897
f 2366//3898 2201//3899 2189//3900
f 2281//3901 2258//3902 2251//3903
f 2064//3904 2060//3905 2068//3906
f 2142//3907 2064//3908 2141//3909
f 2366//3910 1956//3911 2142//3912
f 2002//3913 2029//3914 2042//3915
f 2042//3916 2064//3917 2002//3918
f 1998//3919 2002//3920 2064//3921
f 2142//3922 1998//3923 2064//3924
f 2366//3925 2251//3926 2217//3927
f 1956//3928 2366//3929 2022//3930
f 2208//3931 2366//3932 2217//3933
f 2064//3934 2083//3935 2091//3936
f 2141//3937 2064//3938 2091//3939
f 2251//3940 2366//3941 2281//3942
f 2366//3943 2700//3944 2281//3945
f 1565//3946 1566//3947 1595//3948
f 1565//3949 1595//3950 1626//3951
f 1626//3952 1629//3953 1565//3954
f 2337//3955 2343//3956 2406//3957
f 2266//3958 2273//3959 2261//3960
f 2502//3961 2506//3962 2515//3963
f 2550//3964 2558//3965 2542//3966
f 2606//3967 2613//3968 2616//3969
f 2606//3970 2607//3971 2602//3972
f 2606//3973 2597//3974 2607//3975
f 2579//3976 2597//3977 2606//3978
f 2548//3979 2550//3980 2542//3981
f 2497//3982 2502//3983 2515//3984
f 2376//3985 2389//3986 2406//3987
f 2260//3988 2266//3989 2261//3990
f 2526//3991 2406//3992 2448//3993
f 2406//3994 2343//3995 2362//3996
f 2361//3997 2629//3998 2758//3999
f 2406//4000 2362//4001 2376//4002
f 2406//4003 2315//4004 2329//4005
f 2254//4006 2305//4007 2308//4008
f 2308//4009 2406//4010 2254//4011
f 2406//4012 2308//4013 2315//4014
f 2406//4015 2526//4016 2254//4017
f 2254//4018 2288//4019 2292//4020
f 2361//4021 2366//4022 2526//4023
f 2261//4024 2273//4025 2288//4026
f 2288//4027 2254//4028 2261//4029
f 2280//4030 2366//4031 2142//4032
f 2254//4033 2292//4034 2305//4035
f 2254//4036 2526//4037 2280//4038
f 2366//4039 2280//4040 2526//4041
f 2406//4042 2329//4043 2337//4044
f 2629//4045 2361//4046 2526//4047
f 2783//4048 2758//4049 2629//4050
f 2649//4051 2712//4052 2616//4053
f 2542//4054 2558//4055 2568//4056
f 2515//4057 2542//4058 2606//4059
f 2542//4060 2533//4061 2548//4062
f 2542//4063 2568//4064 2579//4065
f 2579//4066 2606//4067 2542//4068
f 2606//4069 2616//4070 2515//4071
f 2515//4072 2517//4073 2524//4074
f 2515//4075 2616//4076 2526//4077
f 2629//4078 2526//4079 2712//4080
f 2710//4081 2783//4082 2712//4083
f 2710//4084 2752//4085 2783//4086
f 2783//4087 2629//4088 2712//4089
f 2515//4090 2506//4091 2517//4092
f 2515//4093 2475//4094 2488//4095
f 2448//4096 2469//4097 2475//4098
f 2475//4099 2515//4100 2448//4101
f 2515//4102 2488//4103 2497//4104
f 2515//4105 2526//4106 2448//4107
f 2515//4108 2524//4109 2533//4110
f 2533//4111 2542//4112 2515//4113
f 2712//4114 2526//4115 2616//4116
f 2438//4117 2446//4118 2448//4119
f 2446//4120 2453//4121 2448//4122
f 2448//4123 2453//4124 2469//4125
f 2389//4126 2392//4127 2406//4128
f 2406//4129 2392//4130 2403//4131
f 2406//4132 2403//4133 2407//4134
f 2406//4135 2407//4136 2424//4137
f 2406//4138 2424//4139 2438//4140
f 2438//4141 2448//4142 2406//4143
f 2366//4144 2714//4145 2700//4146
f 2366//4147 2758//4148 2714//4149
f 2361//4150 2758//4151 2366//4152
f 2142//4153 2254//4154 2280//4155
f 2142//4156 2141//4157 2254//4158
f 2141//4159 2261//4160 2254//4161
f 2148//4162 2253//4163 2261//4164
f 2260//4165 2261//4166 2253//4167
f 2253//4168 2259//4169 2260//4170
f 2266//4171 2260//4172 2259//4173
f 2259//4174 2267//4175 2266//4176
f 2273//4177 2266//4178 2267//4179
f 2273//4180 2267//4181 2282//4182
f 2282//4183 2288//4184 2273//4185
f 2282//4186 2289//4187 2288//4188
f 2292//4189 2288//4190 2289//4191
f 2289//4192 2293//4193 2292//4194
f 2305//4195 2292//4196 2293//4197
f 2293//4198 2306//4199 2305//4200
f 2308//4201 2305//4202 2306//4203
f 2306//4204 2309//4205 2308//4206
f 2315//4207 2308//4208 2309//4209
f 2309//4210 2316//4211 2315//4212
f 2329//4213 2315//4214 2316//4215
f 2316//4216 2330//4217 2329//4218
f 2337//4219 2329//4220 2330//4221
f 2330//4222 2338//4223 2337//4224
f 2343//4225 2337//4226 2338//4227
f 2338//4228 2344//4229 2343//4230
f 2362//4231 2343//4232 2344//4233
f 2344//4234 2363//4235 2362//4236
f 2376//4237 2362//4238 2363//4239
f 2363//4240 2377//4241 2376//4242
f 2389//4243 2376//4244 2377//4245
f 2377//4246 2390//4247 2389//4248
f 2392//4249 2389//4250 2390//4251
f 2392//4252 2390//4253 2398//4254
f 2398//4255 2403//4256 2392//4257
f 2398//4258 2404//4259 2403//4260
f 2407//4261 2403//4262 2404//4263
f 2404//4264 2408//4265 2407//4266
f 2424//4267 2407//4268 2408//4269
f 2408//4270 2425//4271 2424//4272
f 2438//4273 2424//4274 2425//4275
f 2425//4276 2439//4277 2438//4278
f 2446//4279 2438//4280 2439//4281
f 2439//4282 2447//4283 2446//4284
f 2453//4285 2446//4286 2447//4287
f 2453//4288 2447//4289 2461//4290
f 2461//4291 2469//4292 2453//4293
f 2461//4294 2470//4295 2469//4296
f 2475//4297 2469//4298 2470//4299
f 2470//4300 2476//4301 2475//4302
f 2488//4303 2475//4304 2476//4305
f 2476//4306 2489//4307 2488//4308
f 2497//4309 2488//4310 2489//4311
f 2489//4312 2498//4313 2497//4314
f 2502//4315 2497//4316 2498//4317
f 2498//4318 2503//4319 2502//4320
f 2506//4321 2502//4322 2503//4323
f 2506//4324 2503//4325 2514//4326
f 2514//4327 2517//4328 2506//4329
f 2514//4330 2518//4331 2517//4332
f 2524//4333 2517//4334 2518//4335
f 2518//4336 2525//4337 2524//4338
f 2533//4339 2524//4340 2525//4341
f 2525//4342 2534//4343 2533//4344
f 2548//4345 2533//4346 2534//4347
f 2534//4348 2549//4349 2548//4350
f 2550//4351 2548//4352 2549//4353
f 2549//4354 2551//4355 2550//4356
f 2558//4357 2550//4358 2551//4359
f 2558//4360 2551//4361 2566//4362
f 2566//4363 2568//4364 2558//4365
f 2566//4366 2569//4367 2568//4368
f 2579//4369 2568//4370 2569//4371
f 2569//4372 2580//4373 2579//4374
f 2597//4375 2579//4376 2580//4377
f 2580//4378 2598//4379 2597//4380
f 2607//4381 2597//4382 2598//4383
f 2598//4384 2608//4385 2607//4386
f 2602//4387 2607//4388 2608//4389
f 2608//4390 2603//4391 2602//4392
f 2569//4393 2566//4394 2531//4395
f 2518//4396 2514//4397 2512//4398
f 2470//4399 2461//4400 2482//4401
f 2338//4402 2330//4403 2265//4404
f 2289//4405 2282//4406 2265//4407
f 2293//4408 2289//4409 2265//4410
f 2344//4411 2338//4412 2265//4413
f 2408//4414 2404//4415 2387//4416
f 2476//4417 2470//4418 2482//4419
f 2525//4420 2518//4421 2512//4422
f 2580//4423 2569//4424 2531//4425
f 2603//4426 2608//4427 2605//4428
f 2612//4429 2605//4430 2624//4431
f 2265//4432 2259//4433 2253//4434
f 2387//4435 2439//4436 2425//4437
f 2387//4438 2425//4439 2408//4440
f 2265//4441 2393//4442 2387//4443
f 2702//4444 2393//4445 2391//4446
f 2265//4447 2330//4448 2316//4449
f 2265//4450 2309//4451 2306//4452
f 2265//4453 1980//4454 2393//4455
f 2265//4456 2316//4457 2309//4458
f 2265//4459 2267//4460 2259//4461
f 2393//4462 2317//4463 2391//4464
f 2310//4465 2317//4466 2393//4467
f 2265//4468 2282//4469 2267//4470
f 2393//4471 1980//4472 2310//4473
f 2265//4474 2306//4475 2293//4476
f 2265//4477 2363//4478 2344//4479
f 2363//4480 2265//4481 2387//4482
f 2387//4483 2377//4484 2363//4485
f 2387//4486 2390//4487 2377//4488
f 2387//4489 2398//4490 2390//4491
f 2404//4492 2398//4493 2387//4494
f 2624//4495 2605//4496 2483//4497
f 2531//4498 2566//4499 2551//4500
f 2531//4501 2549//4502 2534//4503
f 2686//4504 2628//4505 2717//4506
f 2483//4507 2628//4508 2686//4509
f 2483//4510 2686//4511 2624//4512
f 2531//4513 2551//4514 2549//4515
f 2531//4516 2483//4517 2605//4518
f 2531//4519 2605//4520 2580//4521
f 2605//4522 2598//4523 2580//4524
f 2608//4525 2598//4526 2605//4527
f 2483//4528 2531//4529 2512//4530
f 2512//4531 2531//4532 2525//4533
f 2512//4534 2503//4535 2498//4536
f 2512//4537 2514//4538 2503//4539
f 2393//4540 2483//4541 2512//4542
f 2482//4543 2461//4544 2447//4545
f 2393//4546 2702//4547 2628//4548
f 2393//4549 2628//4550 2429//4551
f 2628//4552 2483//4553 2429//4554
f 2482//4555 2393//4556 2512//4557
f 2482//4558 2489//4559 2476//4560
f 2717//4561 2628//4562 2702//4563
f 2489//4564 2482//4565 2512//4566
f 2512//4567 2498//4568 2489//4569
f 2531//4570 2534//4571 2525//4572
f 2482//4573 2447//4574 2439//4575
f 2439//4576 2387//4577 2482//4578
f 2393//4579 2482//4580 2387//4581
f 2483//4582 2393//4583 2429//4584
f 2265//4585 2253//4586 2148//4587
f 1669//4588 1799//4589 1648//4590
f 1839//4591 1826//4592 1842//4593
f 1825//4594 1842//4595 1826//4596
f 1826//4597 1812//4598 1825//4599
f 1803//4600 1825//4601 1812//4602
f 1799//4603 1669//4604 1701//4605
f 1701//4606 1803//4607 1799//4608
f 1812//4609 1799//4610 1803//4611
f 1871//4612 1862//4613 1888//4614
f 1876//4615 1877//4616 1886//4617
f 1877//4618 1871//4619 1886//4620
f 1888//4621 1862//4622 1858//4623
f 1858//4624 1852//4625 1888//4626
f 1852//4627 1846//4628 1888//4629
f 1857//4630 1888//4631 1846//4632
f 1846//4633 1839//4634 1857//4635
f 1842//4636 1857//4637 1839//4638
f 1871//4639 1888//4640 1886//4641
f 1904//4642 1886//4643 1888//4644
f 1888//4645 1900//4646 1904//4647
f 1904//4648 1900//4649 1916//4650
f 1917//4651 1904//4652 1916//4653
f 1926//4654 1917//4655 1916//4656
f 1926//4657 1916//4658 1929//4659
f 1926//4660 1929//4661 1947//4662
f 1950//4663 1926//4664 1947//4665
f 1950//4666 1947//4667 1969//4668
f 1995//4669 1987//4670 1986//4671
f 1987//4672 1983//4673 1986//4674
f 1983//4675 1969//4676 1986//4677
f 1983//4678 1961//4679 1969//4680
f 1961//4681 1950//4682 1969//4683
f 1986//4684 1996//4685 1995//4686
f 1995//4687 1996//4688 2008//4689
f 2008//4690 2024//4691 1995//4692
f 2043//4693 2048//4694 2045//4695
f 2043//4696 2045//4697 2042//4698
f 2042//4699 2029//4700 2043//4701
f 2032//4702 2043//4703 2029//4704
f 2032//4705 2029//4706 2024//4707
f 2024//4708 1952//4709 2032//4710
f 2008//4711 1952//4712 2024//4713
f 2074//4714 2075//4715 2068//4716
f 2060//4717 2045//4718 2048//4719
f 2048//4720 2051//4721 2060//4722
f 2051//4723 2068//4724 2060//4725
f 2068//4726 2051//4727 2062//4728
f 2062//4729 2074//4730 2068//4731
f 2075//4732 2074//4733 2086//4734
f 2086//4735 2083//4736 2075//4737
f 2086//4738 2093//4739 2083//4740
f 2093//4741 2096//4742 2083//4743
f 2121//4744 2123//4745 2110//4746
f 2110//4747 2097//4748 2121//4749
f 2118//4750 2121//4751 2097//4752
f 2097//4753 2096//4754 2118//4755
f 2096//4756 2097//4757 2091//4758
f 2091//4759 2083//4760 2096//4761
f 2121//4762 2133//4763 2123//4764
f 2135//4765 2123//4766 2133//4767
f 2133//4768 2139//4769 2135//4770
f 2139//4771 2141//4772 2135//4773
f 2151//4774 2141//4775 2139//4776
f 2139//4777 2148//4778 2151//4779
f 2148//4780 2261//4781 2151//4782
f 1648//4783 1641//4784 1669//4785
f 1644//4786 1669//4787 1641//4788
f 1641//4789 1638//4790 1644//4791
f 1641//4792 1634//4793 1638//4794
f 1626//4795 1638//4796 1634//4797
f 1634//4798 1629//4799 1626//4800
f 2133//4801 2121//4802 2148//4803
f 2118//4804 2096//4805 2093//4806
f 2043//4807 2032//4808 1952//4809
f 2008//4810 1996//4811 1952//4812
f 2062//4813 2051//4814 1952//4815
f 1952//4816 2051//4817 2048//4818
f 2093//4819 2086//4820 2074//4821
f 2139//4822 2133//4823 2148//4824
f 1980//4825 2265//4826 2148//4827
f 2046//4828 2391//4829 2317//4830
f 2227//4831 2391//4832 2046//4833
f 1980//4834 2148//4835 2093//4836
f 2093//4837 2148//4838 2118//4839
f 2148//4840 2121//4841 2118//4842
f 2048//4843 2043//4844 1952//4845
f 2067//4846 2441//4847 2391//4848
f 2317//4849 1980//4850 2046//4851
f 2074//4852 2062//4853 1952//4854
f 1980//4855 2093//4856 1952//4857
f 1952//4858 2093//4859 2074//4860
f 2391//4861 2227//4862 2067//4863
f 1980//4864 2317//4865 2310//4866
f 1590//4867 1592//4868 1646//4869
f 1592//4870 1593//4871 1646//4872
f 1593//4873 1594//4874 1646//4875
f 1594//4876 1596//4877 1646//4878
f 1596//4879 1597//4880 1646//4881
f 1597//4882 1600//4883 1646//4884
f 1597//4885 1598//4886 1600//4887
f 1600//4888 1598//4889 1599//4890
f 1600//4891 1601//4892 1602//4893
f 1602//4894 1830//4895 1600//4896
f 1602//4897 1603//4898 1830//4899
f 1603//4900 1604//4901 1830//4902
f 1604//4903 1605//4904 1830//4905
f 1605//4906 1606//4907 1830//4908
f 1606//4909 1607//4910 1830//4911
f 1607//4912 1765//4913 1830//4914
f 1607//4915 1608//4916 1765//4917
f 1765//4918 1608//4919 1609//4920
f 1765//4921 1609//4922 1610//4923
f 1610//4924 1611//4925 1765//4926
f 1765//4927 1611//4928 1612//4929
f 1612//4930 1614//4931 1765//4932
f 1612//4933 1613//4934 1614//4935
f 1614//4936 1615//4937 1616//4938
f 1818//4939 1614//4940 1616//4941
f 1616//4942 1617//4943 1818//4944
f 1617//4945 1618//4946 1818//4947
f 1589//4948 1590//4949 1646//4950
f 1646//4951 1588//4952 1589//4953
f 1588//4954 1646//4955 1860//4956
f 1860//4957 1587//4958 1588//4959
f 1585//4960 1586//4961 1860//4962
f 1584//4963 1585//4964 1860//4965
f 1860//4966 1647//4967 1584//4968
f 1581//4969 1583//4970 1647//4971
f 1647//4972 820//4973 1581//4974
f 1579//4975 1580//4976 820//4977
f 820//4978 1644//4979 1579//4980
f 1578//4981 1579//4982 1644//4983
f 1575//4984 1578//4985 1644//4986
f 1574//4987 1575//4988 1644//4989
f 1572//4990 1574//4991 1644//4992
f 1571//4993 1572//4994 1644//4995
f 1570//4996 1571//4997 1644//4998
f 1626//4999 1595//5000 1570//5001
f 1595//5002 1566//5003 1570//5004
f 1952//5005 1986//5006 1969//5007
f 1952//5008 1947//5009 1929//5010
f 1952//5011 1916//5012 1900//5013
f 1859//5014 1857//5015 1842//5016
f 1644//5017 1825//5018 1803//5019
f 1952//5020 1996//5021 1986//5022
f 1765//5023 1614//5024 2071//5025
f 1626//5026 1570//5027 1644//5028
f 1614//5029 1818//5030 2071//5031
f 1644//5032 1638//5033 1626//5034
f 1765//5035 2071//5036 1830//5037
f 1600//5038 1830//5039 1646//5040
f 1644//5041 1701//5042 1669//5043
f 1646//5044 2071//5045 1860//5046
f 1647//5047 1860//5048 820//5049
f 1644//5050 820//5051 1859//5052
f 1803//5053 1701//5054 1644//5055
f 2071//5056 1646//5057 1830//5058
f 1644//5059 1859//5060 1842//5061
f 1842//5062 1825//5063 1644//5064
f 1888//5065 1857//5066 1859//5067
f 1818//5068 2046//5069 2071//5070
f 1980//5071 820//5072 1860//5073
f 2046//5074 1818//5075 2067//5076
f 1900//5077 1859//5078 1952//5079
f 1859//5080 1900//5081 1888//5082
f 2067//5083 2227//5084 2046//5085
f 1952//5086 1859//5087 820//5088
f 2071//5089 2046//5090 1860//5091
f 1952//5092 1929//5093 1916//5094
f 1952//5095 820//5096 1980//5097
f 1860//5098 2046//5099 1980//5100
f 1952//5101 1969//5102 1947//5103
f 2391//5104 2785//5105 2702//5106
f 2702//5107 2785//5108 2717//5109
f 2895//5110 2877//5111 2889//5112
f 2889//5113 2894//5114 2895//5115
f 2899//5116 2895//5117 2897//5118
f 2881//5119 2884//5120 2877//5121
f 2884//5122 2887//5123 2877//5124
f 2887//5125 2888//5126 2877//5127
f 2888//5128 2889//5129 2877//5130
f 2846//5131 2878//5132 2877//5133
f 2878//5134 2879//5135 2877//5136
f 2879//5137 2880//5138 2877//5139
f 2880//5140 2881//5141 2877//5142
f 2899//5143 2864//5144 2895//5145
f 2877//5146 2895//5147 2864//5148
f 2846//5149 2877//5150 2785//5151
f 2864//5152 2785//5153 2877//5154
f 2717//5155 2785//5156 2864//5157
f 2864//5158 2835//5159 2717//5160
f 88//5161 7//5162 9//5163
f 9//5164 27//5165 88//5166
f 27//5167 63//5168 88//5169
f 63//5170 220//5171 170//5172
f 180//5173 63//5174 170//5175
f 224//5176 180//5177 170//5178
f 170//5179 248//5180 247//5181
f 247//5182 224//5183 170//5184
f 340//5185 247//5186 248//5187
f 367//5188 340//5189 248//5190
f 549//5191 717//5192 367//5193
f 642//5194 367//5195 717//5196
f 629//5197 686//5198 676//5199
f 676//5200 642//5201 629//5202
f 717//5203 629//5204 642//5205
f 1126//5206 1135//5207 951//5208
f 951//5209 927//5210 1126//5211
f 1118//5212 1126//5213 927//5214
f 927//5215 907//5216 1118//5217
f 1114//5218 1118//5219 907//5220
f 907//5221 881//5222 1114//5223
f 1102//5224 1114//5225 881//5226
f 881//5227 869//5228 1102//5229
f 869//5230 1095//5231 1102//5232
f 869//5233 856//5234 1095//5235
f 856//5236 843//5237 1095//5238
f 1093//5239 1095//5240 843//5241
f 1087//5242 1093//5243 843//5244
f 843//5245 824//5246 1087//5247
f 824//5248 1077//5249 1087//5250
f 1077//5251 824//5252 796//5253
f 796//5254 768//5255 1077//5256
f 1067//5257 1077//5258 768//5259
f 768//5260 751//5261 1067//5262
f 1054//5263 1067//5264 751//5265
f 751//5266 741//5267 1054//5268
f 1052//5269 1054//5270 741//5271
f 741//5272 726//5273 1052//5274
f 1047//5275 1052//5276 726//5277
f 726//5278 637//5279 1047//5280
f 637//5281 705//5282 1047//5283
f 1044//5284 1047//5285 705//5286
f 1044//5287 705//5288 698//5289
f 1039//5290 1044//5291 698//5292
f 698//5293 687//5294 1039//5295
f 687//5296 1035//5297 1039//5298
f 1035//5299 687//5300 676//5301
f 960//5302 1135//5303 1246//5304
f 1138//5305 960//5306 1246//5307
f 686//5308 1035//5309 676//5310
f 686//5311 629//5312 1041//5313
f 629//5314 707//5315 1041//5316
f 1049//5317 1041//5318 707//5319
f 707//5320 986//5321 1049//5322
f 3018//5323 3033//5324 3015//5325
f 3013//5326 3033//5327 3000//5328
f 1049//5329 1337//5330 686//5331
f 686//5332 1041//5333 1049//5334
f 3013//5335 3015//5336 3033//5337
f 3033//5338 3040//5339 3000//5340
f 3031//5341 3046//5342 2913//5343
f 2948//5344 3046//5345 3031//5346
f 2948//5347 3052//5348 3065//5349
f 2958//5350 3052//5351 2948//5352
f 3065//5353 3046//5354 2948//5355
f 1337//5356 1142//5357 1394//5358
f 2715//5359 2886//5360 2762//5361
f 2240//5362 2047//5363 2703//5364
f 2047//5365 2240//5366 1972//5367
f 1337//5368 1546//5369 1463//5370
f 2715//5371 2762//5372 2703//5373
f 2271//5374 2670//5375 2703//5376
f 2047//5377 1972//5378 1814//5379
f 1337//5380 1394//5381 1546//5382
f 1972//5383 1554//5384 1814//5385
f 2271//5386 2703//5387 2047//5388
f 2560//5389 2859//5390 2886//5391
f 2886//5392 2715//5393 2560//5394
f 2715//5395 2703//5396 2670//5397
f 1463//5398 1546//5399 1972//5400
f 2913//5401 2859//5402 3031//5403
f 1554//5404 1972//5405 1546//5406
f 3031//5407 2647//5408 2948//5409
f 2647//5410 2958//5411 2948//5412
f 1546//5413 1394//5414 1436//5415
f 1814//5416 1554//5417 1546//5418
f 3031//5419 2859//5420 2647//5421
f 2047//5422 2670//5423 2271//5424
f 1436//5425 1478//5426 1546//5427
f 2647//5428 2852//5429 2958//5430
f 2859//5431 2560//5432 2647//5433
f 2715//5434 2670//5435 2047//5436
f 2014//5437 2047//5438 1814//5439
f 1478//5440 1511//5441 1546//5442
f 1814//5443 1546//5444 2014//5445
f 1511//5446 1573//5447 1546//5448
f 2715//5449 2727//5450 2560//5451
f 2647//5452 2560//5453 2727//5454
f 2047//5455 2014//5456 2715//5457
f 1881//5458 1546//5459 1573//5460
f 2727//5461 2852//5462 2647//5463
f 2727//5464 2715//5465 2014//5466
f 2858//5467 2904//5468 2731//5469
f 2904//5470 3040//5471 2958//5472
f 2852//5473 2731//5474 2958//5475
f 2852//5476 2727//5477 2731//5478
f 2904//5479 2958//5480 2731//5481
f 3052//5482 2958//5483 3040//5484
f 3013//5485 3000//5486 2893//5487
f 2893//5488 2896//5489 3013//5490
f 3015//5491 3013//5492 2896//5493
f 2896//5494 2898//5495 3015//5496
f 3018//5497 3015//5498 2898//5499
f 2898//5500 3016//5501 3018//5502
f 3017//5503 3022//5504 2866//5505
f 2589//5506 2601//5507 2599//5508
f 2599//5509 2596//5510 2589//5511
f 3016//5512 2876//5513 2899//5514
f 2864//5515 2899//5516 2876//5517
f 2876//5518 2835//5519 2864//5520
f 2717//5521 2835//5522 2734//5523
f 2734//5524 2740//5525 2717//5526
f 2740//5527 2692//5528 2717//5529
f 2686//5530 2717//5531 2692//5532
f 2692//5533 2646//5534 2686//5535
f 2686//5536 2646//5537 2624//5538
f 2611//5539 2614//5540 2613//5541
f 2613//5542 2601//5543 2611//5544
f 2613//5545 2606//5546 2601//5547
f 2603//5548 2605//5549 2599//5550
f 2601//5551 2606//5552 2602//5553
f 2599//5554 2601//5555 2602//5556
f 2602//5557 2603//5558 2599//5559
f 2599//5560 2605//5561 2612//5562
f 2612//5563 2624//5564 2615//5565
f 2615//5566 2599//5567 2612//5568
f 2616//5569 2614//5570 2619//5571
f 2616//5572 2613//5573 2614//5574
f 2616//5575 2619//5576 2444//5577
f 2616//5578 2444//5579 2661//5580
f 2661//5581 2649//5582 2616//5583
f 2661//5584 2712//5585 2649//5586
f 2661//5587 2704//5588 2710//5589
f 2661//5590 2710//5591 2712//5592
f 2704//5593 2662//5594 2710//5595
f 2752//5596 2710//5597 2662//5598
f 2752//5599 2662//5600 2772//5601
f 2772//5602 2847//5603 2752//5604
f 2752//5605 2847//5606 3017//5607
f 3017//5608 2866//5609 2752//5610
f 1079//5611 1035//5612 686//5613
f 686//5614 1337//5615 1079//5616
f 1195//5617 1079//5618 1337//5619
f 1424//5620 1195//5621 1463//5622
f 1337//5623 1463//5624 1195//5625
f 1463//5626 1972//5627 1424//5628
f 1549//5629 1424//5630 1972//5631
f 1925//5632 1549//5633 1972//5634
f 1972//5635 2240//5636 2059//5637
f 2059//5638 1925//5639 1972//5640
f 2193//5641 2059//5642 2240//5643
f 2631//5644 2372//5645 2703//5646
f 2372//5647 2193//5648 2703//5649
f 2193//5650 2240//5651 2703//5652
f 2689//5653 2631//5654 2703//5655
f 2722//5656 2689//5657 2703//5658
f 2924//5659 2914//5660 2859//5661
f 2914//5662 2886//5663 2859//5664
f 2762//5665 2886//5666 2914//5667
f 2914//5668 2848//5669 2762//5670
f 2848//5671 2774//5672 2762//5673
f 2774//5674 2703//5675 2762//5676
f 2774//5677 2722//5678 2703//5679
f 3054//5680 3050//5681 3046//5682
f 3050//5683 3048//5684 3046//5685
f 3048//5686 2913//5687 3046//5688
f 2859//5689 2913//5690 3048//5691
f 3048//5692 2977//5693 2859//5694
f 2977//5695 2924//5696 2859//5697
f 3066//5698 3054//5699 3046//5700
f 3046//5701 3065//5702 3066//5703
f 3065//5704 3052//5705 3066//5706
f 3063//5707 3066//5708 3052//5709
f 3055//5710 3063//5711 3052//5712
f 3053//5713 3055//5714 3052//5715
f 3049//5716 3053//5717 3052//5718
f 3052//5719 3040//5720 3049//5721
f 3049//5722 3040//5723 3033//5724
f 3016//5725 3049//5726 3018//5727
f 3033//5728 3018//5729 3049//5730
f 3049//5731 2989//5732 2985//5733
f 3049//5734 2994//5735 2989//5736
f 3049//5737 3011//5738 3008//5739
f 3021//5740 3014//5741 3011//5742
f 3051//5743 3049//5744 2981//5745
f 2985//5746 2981//5747 3049//5748
f 2995//5749 2994//5750 3049//5751
f 3051//5752 3063//5753 3055//5754
f 3049//5755 3005//5756 2999//5757
f 2999//5758 2995//5759 3049//5760
f 3053//5761 3051//5762 3055//5763
f 3051//5764 3053//5765 3049//5766
f 3005//5767 3049//5768 3004//5769
f 3049//5770 3008//5771 3004//5772
f 3011//5773 3049//5774 3021//5775
f 3021//5776 3049//5777 3016//5778
f 2914//5779 2977//5780 2868//5781
f 2868//5782 2848//5783 2914//5784
f 2415//5785 1841//5786 2193//5787
f 3063//5788 3051//5789 3056//5790
f 2977//5791 3048//5792 3054//5793
f 2415//5794 2193//5795 2631//5796
f 2631//5797 2774//5798 2868//5799
f 2193//5800 2372//5801 2631//5802
f 2914//5803 2924//5804 2977//5805
f 3066//5806 3063//5807 3056//5808
f 2631//5809 2722//5810 2774//5811
f 3066//5812 3056//5813 3054//5814
f 2722//5815 2631//5816 2689//5817
f 2848//5818 2868//5819 2774//5820
f 3048//5821 3050//5822 3054//5823
f 3056//5824 3051//5825 3054//5826
f 1126//5827 1118//5828 1093//5829
f 1047//5830 1044//5831 1079//5832
f 1052//5833 1047//5834 1079//5835
f 1044//5836 1039//5837 1079//5838
f 1079//5839 1039//5840 1035//5841
f 1093//5842 1087//5843 1077//5844
f 1093//5845 1067//5846 1054//5847
f 1093//5848 1077//5849 1067//5850
f 1549//5851 1925//5852 2059//5853
f 1424//5854 1260//5855 1195//5856
f 2059//5857 1645//5858 1549//5859
f 1195//5860 1260//5861 1079//5862
f 1645//5863 1424//5864 1549//5865
f 1260//5866 1093//5867 1079//5868
f 1052//5869 1079//5870 1093//5871
f 1093//5872 1054//5873 1052//5874
f 1093//5875 1246//5876 1135//5877
f 1093//5878 1118//5879 1114//5880
f 1093//5881 1460//5882 1246//5883
f 1093//5884 1114//5885 1102//5886
f 1645//5887 1460//5888 1424//5889
f 1460//5890 1093//5891 1260//5892
f 1093//5893 1102//5894 1095//5895
f 1093//5896 1135//5897 1126//5898
f 2059//5899 2193//5900 1841//5901
f 1841//5902 1645//5903 2059//5904
f 1260//5905 1424//5906 1460//5907
f 3021//5908 3016//5909 2899//5910
f 2899//5911 2897//5912 3021//5913
f 3014//5914 3021//5915 2897//5916
f 2897//5917 2895//5918 3014//5919
f 3011//5920 3014//5921 2895//5922
f 2895//5923 2894//5924 3011//5925
f 3008//5926 3011//5927 2894//5928
f 2894//5929 2889//5930 3008//5931
f 3004//5932 3008//5933 2889//5934
f 2889//5935 2888//5936 3004//5937
f 3005//5938 3004//5939 2888//5940
f 2888//5941 2887//5942 3005//5943
f 2999//5944 3005//5945 2887//5946
f 2887//5947 2884//5948 2999//5949
f 2995//5950 2999//5951 2884//5952
f 2884//5953 2881//5954 2995//5955
f 2994//5956 2995//5957 2881//5958
f 2881//5959 2880//5960 2994//5961
f 2989//5962 2994//5963 2880//5964
f 2880//5965 2879//5966 2989//5967
f 2985//5968 2989//5969 2879//5970
f 2879//5971 2878//5972 2985//5973
f 2981//5974 2985//5975 2878//5976
f 3051//5977 2981//5978 2846//5979
f 2878//5980 2846//5981 2981//5982
f 2846//5983 2991//5984 3051//5985
f 2846//5986 2785//5987 2991//5988
f 2511//5989 2460//5990 2415//5991
f 2291//5992 2415//5993 2304//5994
f 2977//5995 3054//5996 3042//5997
f 2954//5998 2868//5999 2977//6000
f 2954//6001 2977//6002 3042//6003
f 3037//6004 3051//6005 2991//6006
f 3037//6007 3042//6008 3054//6009
f 2415//6010 2631//6011 2716//6012
f 3054//6013 3051//6014 3037//6015
f 2631//6016 2868//6017 2716//6018
f 1841//6019 2415//6020 2291//6021
f 2415//6022 2460//6023 2440//6024
f 2907//6025 2991//6026 2838//6027
f 2907//6028 2993//6029 2991//6030
f 2993//6031 3010//6032 2991//6033
f 3010//6034 3037//6035 2991//6036
f 3010//6037 3042//6038 3037//6039
f 2954//6040 3042//6041 3003//6042
f 3003//6043 2862//6044 2868//6045
f 2868//6046 2954//6047 3003//6048
f 2862//6049 2853//6050 2868//6051
f 2844//6052 2716//6053 2868//6054
f 2853//6055 2844//6056 2868//6057
f 2844//6058 2771//6059 2716//6060
f 2682//6061 2415//6062 2716//6063
f 2682//6064 2511//6065 2415//6066
f 2291//6067 2212//6068 1841//6069
f 1645//6070 1841//6071 1924//6072
f 1442//6073 1460//6074 1645//6075
f 1924//6076 1841//6077 1985//6078
f 1442//6079 1645//6080 1924//6081
f 1246//6082 1460//6083 1442//6084
f 1263//6085 1246//6086 1442//6087
f 1263//6088 1152//6089 1246//6090
f 1138//6091 1246//6092 1152//6093
f 2991//6094 2699//6095 2838//6096
f 2249//6097 2455//6098 2778//6099
f 2991//6100 2455//6101 2699//6102
f 2455//6103 2991//6104 2778//6105
f 1798//6106 1631//6107 1951//6108
f 1420//6109 1429//6110 1461//6111
f 2249//6112 1635//6113 1798//6114
f 1461//6115 1429//6116 1474//6117
f 1429//6118 1631//6119 1474//6120
f 2249//6121 1798//6122 1951//6123
f 1461//6124 1415//6125 1419//6126
f 1461//6127 1411//6128 1412//6129
f 1461//6130 1474//6131 1409//6132
f 1461//6133 1409//6134 1410//6135
f 1410//6136 1411//6137 1461//6138
f 1412//6139 1415//6140 1461//6141
f 1461//6142 1419//6143 1420//6144
f 2771//6145 1419//6146 1415//6147
f 2771//6148 2844//6149 1419//6150
f 2844//6151 2853//6152 1419//6153
f 1420//6154 1419//6155 2853//6156
f 2853//6157 2862//6158 1420//6159
f 1415//6160 2716//6161 2771//6162
f 2291//6163 2304//6164 1410//6165
f 1411//6166 1410//6167 2304//6168
f 2304//6169 2415//6170 1411//6171
f 1412//6172 1411//6173 2460//6174
f 2460//6175 2511//6176 1412//6177
f 2511//6178 2682//6179 1412//6180
f 1415//6181 1412//6182 2682//6183
f 2682//6184 2716//6185 1415//6186
f 1409//6187 1841//6188 2212//6189
f 2212//6190 1410//6191 1409//6192
f 2212//6193 2291//6194 1410//6195
f 1474//6196 1078//6197 1223//6198
f 1985//6199 1474//6200 1223//6201
f 1409//6202 1474//6203 1985//6204
f 1985//6205 1841//6206 1409//6207
f 2907//6208 2838//6209 2862//6210
f 2907//6211 2862//6212 3003//6213
f 1429//6214 1420//6215 2862//6216
f 1411//6217 2415//6218 2440//6219
f 2440//6220 2460//6221 1411//6222
f 2862//6223 1631//6224 1429//6225
f 2862//6226 2249//6227 1951//6228
f 2862//6229 1951//6230 1631//6231
f 3003//6232 3042//6233 3010//6234
f 2699//6235 2455//6236 2862//6237
f 1985//6238 1138//6239 1152//6240
f 3003//6241 3010//6242 2993//6243
f 2993//6244 2907//6245 3003//6246
f 2862//6247 2838//6248 2699//6249
f 1985//6250 1223//6251 1138//6252
f 1152//6253 1263//6254 1442//6255
f 1078//6256 1474//6257 1121//6258
f 1442//6259 1924//6260 1152//6261
f 1924//6262 1985//6263 1152//6264
f 2862//6265 2455//6266 2249//6267
f 1121//6268 1474//6269 1078//6270
f 1081//6271 1223//6272 1078//6273
f 2898//6274 2896//6275 2876//6276
f 2545//6277 2554//6278 2615//6279
f 2615//6280 2586//6281 2596//6282
f 2596//6283 2599//6284 2615//6285
f 2896//6286 2893//6287 2876//6288
f 3016//6289 2898//6290 2876//6291
f 2554//6292 2564//6293 2615//6294
f 2564//6295 2576//6296 2615//6297
f 2615//6298 2576//6299 2586//6300
f 2646//6301 2299//6302 2624//6303
f 2585//6304 2600//6305 2596//6306
f 2596//6307 2586//6308 2585//6309
f 2575//6310 2585//6311 2586//6312
f 2586//6313 2576//6314 2575//6315
f 2563//6316 2575//6317 2576//6318
f 2576//6319 2564//6320 2563//6321
f 2555//6322 2563//6323 2564//6324
f 2564//6325 2554//6326 2555//6327
f 2546//6328 2555//6329 2554//6330
f 2554//6331 2545//6332 2546//6333
f 68//6334 80//6335 27//6336
f 707//6337 629//6338 717//6339
f 717//6340 986//6341 707//6342
f 9//6343 21//6344 27//6345
f 27//6346 21//6347 37//6348
f 37//6349 54//6350 27//6351
f 54//6352 68//6353 27//6354
f 1312//6355 1269//6356 1291//6357
f 1291//6358 1310//6359 1312//6360
f 226//6361 27//6362 80//6363
f 27//6364 226//6365 63//6366
f 63//6367 334//6368 454//6369
f 454//6370 220//6371 63//6372
f 170//6373 220//6374 594//6375
f 594//6376 248//6377 170//6378
f 248//6379 594//6380 601//6381
f 549//6382 367//6383 248//6384
f 601//6385 549//6386 248//6387
f 80//6388 131//6389 226//6390
f 226//6391 131//6392 144//6393
f 63//6394 226//6395 334//6396
f 549//6397 601//6398 717//6399
f 1159//6400 717//6401 601//6402
f 495//6403 594//6404 220//6405
f 1159//6406 601//6407 1094//6408
f 932//6409 601//6410 594//6411
f 822//6412 594//6413 495//6414
f 594//6415 822//6416 932//6417
f 1233//6418 1159//6419 1094//6420
f 495//6421 220//6422 454//6423
f 1119//6424 601//6425 932//6426
f 601//6427 1119//6428 1094//6429
f 822//6430 495//6431 454//6432
f 454//6433 729//6434 822//6435
f 474//6436 506//6437 454//6438
f 454//6439 506//6440 562//6441
f 562//6442 762//6443 454//6444
f 562//6445 576//6446 762//6447
f 576//6448 632//6449 762//6450
f 762//6451 632//6452 651//6453
f 1398//6454 1266//6455 1094//6456
f 1094//6457 1266//6458 1436//6459
f 1008//6460 932//6461 822//6462
f 729//6463 454//6464 762//6465
f 762//6466 893//6467 729//6468
f 651//6469 720//6470 762//6471
f 762//6472 720//6473 788//6474
f 788//6475 836//6476 762//6477
f 893//6478 762//6479 836//6480
f 836//6481 888//6482 893//6483
f 893//6484 888//6485 898//6486
f 967//6487 893//6488 898//6489
f 967//6490 729//6491 893//6492
f 729//6493 967//6494 822//6495
f 1008//6496 822//6497 1040//6498
f 1119//6499 932//6500 1008//6501
f 1119//6502 1308//6503 1398//6504
f 1398//6505 1094//6506 1119//6507
f 898//6508 957//6509 967//6510
f 967//6511 957//6512 970//6513
f 970//6514 982//6515 967//6516
f 967//6517 982//6518 997//6519
f 1428//6520 1398//6521 1308//6522
f 1196//6523 822//6524 967//6525
f 967//6526 1005//6527 1057//6528
f 997//6529 1005//6530 967//6531
f 997//6532 1002//6533 1005//6534
f 1057//6535 1005//6536 1002//6537
f 1428//6538 1426//6539 1398//6540
f 1308//6541 1119//6542 1008//6543
f 822//6544 1196//6545 1040//6546
f 967//6547 1057//6548 1196//6549
f 1002//6550 1015//6551 1057//6552
f 1057//6553 1015//6554 1021//6555
f 1021//6556 1030//6557 1057//6558
f 1057//6559 1030//6560 1064//6561
f 1064//6562 1116//6563 1057//6564
f 1064//6565 1073//6566 1116//6567
f 1008//6568 1040//6569 1308//6570
f 1073//6571 1105//6572 1116//6573
f 1116//6574 1105//6575 1112//6576
f 1112//6577 1130//6578 1116//6579
f 1116//6580 1130//6581 1149//6582
f 1057//6583 1269//6584 1196//6585
f 1269//6586 1057//6587 1116//6588
f 1149//6589 1269//6590 1116//6591
f 1149//6592 1156//6593 1269//6594
f 1216//6595 1269//6596 1156//6597
f 1040//6598 1338//6599 1308//6600
f 1428//6601 1466//6602 1784//6603
f 1466//6604 1308//6605 1338//6606
f 1040//6607 1312//6608 1338//6609
f 1312//6610 1040//6611 1196//6612
f 1312//6613 1196//6614 1269//6615
f 1156//6616 1209//6617 1216//6618
f 1216//6619 1209//6620 1219//6621
f 1269//6622 1216//6623 1219//6624
f 1219//6625 1251//6626 1269//6627
f 1269//6628 1251//6629 1273//6630
f 1466//6631 1428//6632 1308//6633
f 1273//6634 1291//6635 1269//6636
f 21//6637 9//6638 10//6639
f 10//6640 22//6641 21//6642
f 37//6643 21//6644 22//6645
f 22//6646 39//6647 37//6648
f 54//6649 37//6650 39//6651
f 39//6652 56//6653 54//6654
f 68//6655 54//6656 56//6657
f 56//6658 69//6659 68//6660
f 80//6661 68//6662 69//6663
f 69//6664 81//6665 80//6666
f 2553//6667 2544//6668 2543//6669
f 2543//6670 2552//6671 2553//6672
f 2562//6673 2553//6674 2552//6675
f 2552//6676 2561//6677 2562//6678
f 2574//6679 2562//6680 2561//6681
f 2561//6682 2573//6683 2574//6684
f 2583//6685 2574//6686 2573//6687
f 2573//6688 2584//6689 2583//6690
f 2590//6691 2583//6692 2584//6693
f 2584//6694 2589//6695 2590//6696
f 1007//6697 1078//6698 1474//6699
f 349//6700 894//6701 458//6702
f 1007//6703 458//6704 894//6705
f 894//6706 960//6707 1007//6708
f 1081//6709 1078//6710 960//6711
f 1007//6712 960//6713 1078//6714
f 1223//6715 1081//6716 960//6717
f 960//6718 1138//6719 1223//6720
f 1635//6721 1631//6722 1798//6723
f 1007//6724 1474//6725 1631//6726
f 1623//6727 1631//6728 1635//6729
f 1624//6730 1623//6731 1635//6732
f 1818//6733 1567//6734 1625//6735
f 2441//6736 2067//6737 2249//6738
f 2067//6739 1818//6740 1625//6741
f 2391//6742 2441//6743 2778//6744
f 2778//6745 2991//6746 2785//6747
f 2249//6748 2778//6749 2441//6750
f 1625//6751 1635//6752 2067//6753
f 2778//6754 2785//6755 2391//6756
f 1635//6757 2249//6758 2067//6759
f 802//6760 804//6761 1571//6762
f 1572//6763 1571//6764 804//6765
f 1624//6766 1582//6767 999//6768
f 1582//6769 994//6770 999//6771
f 1582//6772 1564//6773 994//6774
f 1624//6775 999//6776 1006//6777
f 1623//6778 1624//6779 1006//6780
f 1623//6781 1006//6782 1007//6783
f 1007//6784 1631//6785 1623//6786
f 993//6787 994//6788 1564//6789
f 1564//6790 1569//6791 993//6792
f 1569//6793 991//6794 993//6795
f 458//6796 990//6797 1568//6798
f 1569//6799 1568//6800 990//6801
f 990//6802 991//6803 1569//6804
f 988//6805 458//6806 1568//6807
f 1568//6808 1567//6809 988//6810
f 1818//6811 1618//6812 1567//6813
f 1567//6814 985//6815 988//6816
f 1618//6817 985//6818 1567//6819
f 1618//6820 1617//6821 985//6822
f 1617//6823 962//6824 985//6825
f 979//6826 962//6827 1617//6828
f 1617//6829 1616//6830 979//6831
f 1616//6832 978//6833 979//6834
f 1616//6835 976//6836 978//6837
f 1616//6838 1615//6839 976//6840
f 1615//6841 975//6842 976//6843
f 973//6844 975//6845 1615//6846
f 1615//6847 1614//6848 973//6849
f 1614//6850 1613//6851 973//6852
f 1613//6853 908//6854 973//6855
f 965//6856 908//6857 1613//6858
f 1613//6859 1612//6860 965//6861
f 1612//6862 1611//6863 965//6864
f 1611//6865 963//6866 965//6867
f 961//6868 963//6869 1611//6870
f 1611//6871 1610//6872 961//6873
f 959//6874 961//6875 1610//6876
f 1610//6877 1609//6878 959//6879
f 900//6880 959//6881 1609//6882
f 949//6883 900//6884 1609//6885
f 1609//6886 1608//6887 949//6888
f 939//6889 949//6890 1608//6891
f 1608//6892 1607//6893 939//6894
f 931//6895 935//6896 1606//6897
f 1607//6898 1606//6899 935//6900
f 935//6901 939//6902 1607//6903
f 1605//6904 1604//6905 922//6906
f 922//6907 928//6908 1605//6909
f 1606//6910 1605//6911 928//6912
f 928//6913 931//6914 1606//6915
f 1603//6916 1602//6917 912//6918
f 912//6919 915//6920 1603//6921
f 1604//6922 1603//6923 915//6924
f 915//6925 922//6926 1604//6927
f 1602//6928 1601//6929 910//6930
f 1602//6931 910//6932 912//6933
f 1600//6934 1599//6935 902//6936
f 1601//6937 1600//6938 902//6939
f 902//6940 905//6941 1601//6942
f 1601//6943 905//6944 910//6945
f 1598//6946 879//6947 882//6948
f 1599//6949 1598//6950 882//6951
f 882//6952 815//6953 1599//6954
f 1599//6955 815//6956 902//6957
f 876//6958 879//6959 1598//6960
f 1598//6961 1597//6962 876//6963
f 1597//6964 1596//6965 876//6966
f 1596//6967 872//6968 876//6969
f 870//6970 872//6971 1596//6972
f 1596//6973 1594//6974 870//6975
f 1594//6976 866//6977 870//6978
f 863//6979 866//6980 1594//6981
f 1594//6982 1593//6983 863//6984
f 860//6985 863//6986 1593//6987
f 1593//6988 1592//6989 860//6990
f 858//6991 860//6992 1592//6993
f 855//6994 858//6995 1592//6996
f 1592//6997 1590//6998 855//6999
f 852//7000 855//7001 1590//7002
f 1590//7003 1589//7004 852//7005
f 850//7006 852//7007 1589//7008
f 1589//7009 1588//7010 850//7011
f 697//7012 850//7013 1588//7014
f 846//7015 697//7016 1588//7017
f 1588//7018 1587//7019 846//7020
f 841//7021 846//7022 1587//7023
f 1587//7024 1860//7025 841//7026
f 1860//7027 1586//7028 841//7029
f 1586//7030 839//7031 841//7032
f 1586//7033 1585//7034 839//7035
f 833//7036 839//7037 1585//7038
f 1585//7039 1584//7040 833//7041
f 1584//7042 830//7043 833//7044
f 827//7045 830//7046 1584//7047
f 1584//7048 1647//7049 827//7050
f 1647//7051 1583//7052 827//7053
f 1583//7054 823//7055 827//7056
f 821//7057 823//7058 1583//7059
f 1583//7060 1581//7061 821//7062
f 820//7063 626//7064 1581//7065
f 1581//7066 626//7067 821//7068
f 1580//7069 1579//7070 813//7071
f 813//7072 816//7073 1580//7074
f 1580//7075 816//7076 820//7077
f 1579//7078 1578//7079 810//7080
f 810//7081 811//7082 1579//7083
f 1579//7084 811//7085 813//7086
f 1578//7087 1575//7088 809//7089
f 809//7090 810//7091 1578//7092
f 1572//7093 804//7094 807//7095
f 807//7096 1574//7097 1572//7098
f 807//7099 808//7100 1574//7101
f 1575//7102 1574//7103 808//7104
f 1575//7105 808//7106 809//7107
f 802//7108 1571//7109 1570//7110
f 1570//7111 803//7112 802//7113
f 803//7114 1570//7115 1566//7116
f 1566//7117 806//7118 803//7119
f 1625//7120 1564//7121 1582//7122
f 1582//7123 1624//7124 1625//7125
f 1625//7126 1624//7127 1635//7128
f 1625//7129 1567//7130 1568//7131
f 1625//7132 1568//7133 1569//7134
f 1569//7135 1564//7136 1625//7137
f 39//7138 22//7139 28//7140
f 28//7141 22//7142 10//7143
f 56//7144 39//7145 28//7146
f 81//7147 69//7148 28//7149
f 28//7150 69//7151 56//7152
f 538//7153 546//7154 477//7155
f 519//7156 521//7157 477//7158
f 477//7159 521//7160 525//7161
f 525//7162 531//7163 477//7164
f 531//7165 538//7166 477//7167
f 586//7168 477//7169 546//7170
f 1451//7171 1464//7172 1437//7173
f 145//7174 132//7175 169//7176
f 169//7177 132//7178 81//7179
f 546//7180 591//7181 586//7182
f 586//7183 591//7184 599//7185
f 191//7186 168//7187 169//7188
f 169//7189 168//7190 145//7191
f 599//7192 636//7193 586//7194
f 586//7195 636//7196 669//7197
f 669//7198 683//7199 586//7200
f 1009//7201 586//7202 683//7203
f 169//7204 261//7205 219//7206
f 219//7207 199//7208 169//7209
f 169//7210 199//7211 191//7212
f 683//7213 778//7214 1009//7215
f 261//7216 235//7217 219//7218
f 292//7219 288//7220 358//7221
f 292//7222 285//7223 288//7224
f 261//7225 288//7226 285//7227
f 336//7228 318//7229 358//7230
f 358//7231 318//7232 292//7233
f 462//7234 416//7235 358//7236
f 1009//7237 1060//7238 992//7239
f 462//7240 603//7241 563//7242
f 563//7243 507//7244 462//7245
f 462//7246 507//7247 475//7248
f 1060//7249 1069//7250 992//7251
f 1083//7252 992//7253 1069//7254
f 652//7255 633//7256 603//7257
f 633//7258 577//7259 603//7260
f 603//7261 577//7262 563//7263
f 1069//7264 1098//7265 1083//7266
f 1083//7267 1098//7268 1100//7269
f 789//7270 721//7271 603//7272
f 603//7273 721//7274 652//7275
f 1100//7276 1124//7277 1083//7278
f 1083//7279 1124//7280 1134//7281
f 1134//7282 1201//7283 1083//7284
f 1134//7285 1144//7286 1201//7287
f 899//7288 891//7289 972//7290
f 899//7291 889//7292 891//7293
f 603//7294 891//7295 889//7296
f 889//7297 837//7298 603//7299
f 603//7300 837//7301 789//7302
f 1144//7303 1177//7304 1201//7305
f 971//7306 958//7307 972//7308
f 972//7309 958//7310 899//7311
f 1177//7312 1225//7313 1201//7314
f 1201//7315 1225//7316 1238//7317
f 998//7318 983//7319 972//7320
f 972//7321 983//7322 971//7323
f 1238//7324 1259//7325 1201//7326
f 1201//7327 1259//7328 1284//7329
f 1284//7330 1268//7331 1201//7332
f 1284//7333 1286//7334 1268//7335
f 1358//7336 1268//7337 1286//7338
f 1022//7339 1016//7340 972//7341
f 1016//7342 1003//7343 972//7344
f 972//7345 1003//7346 998//7347
f 1286//7348 1314//7349 1358//7350
f 1358//7351 1314//7352 1325//7353
f 972//7354 1091//7355 1065//7356
f 1065//7357 1031//7358 972//7359
f 972//7360 1031//7361 1022//7362
f 1325//7363 1346//7364 1358//7365
f 1358//7366 1346//7367 1361//7368
f 1113//7369 1091//7370 1082//7371
f 1113//7372 1106//7373 1091//7374
f 1106//7375 1074//7376 1091//7377
f 1091//7378 1074//7379 1065//7380
f 1361//7381 1383//7382 1358//7383
f 1358//7384 1383//7385 1389//7386
f 1408//7387 1358//7388 1389//7389
f 1150//7390 1131//7391 1082//7392
f 1082//7393 1131//7394 1113//7395
f 1389//7396 1404//7397 1408//7398
f 1408//7399 1404//7400 1418//7401
f 1418//7402 1422//7403 1408//7404
f 1274//7405 1252//7406 1523//7407
f 1523//7408 1252//7409 1220//7410
f 1220//7411 1214//7412 1523//7413
f 1220//7414 1210//7415 1214//7416
f 1082//7417 1214//7418 1210//7419
f 1210//7420 1157//7421 1082//7422
f 1082//7423 1157//7424 1150//7425
f 81//7426 28//7427 169//7428
f 169//7429 592//7430 261//7431
f 358//7432 288//7433 261//7434
f 603//7435 592//7436 891//7437
f 972//7438 891//7439 592//7440
f 1523//7441 1214//7442 1082//7443
f 28//7444 57//7445 169//7446
f 358//7447 592//7448 462//7449
f 603//7450 462//7451 592//7452
f 592//7453 1082//7454 972//7455
f 1091//7456 972//7457 1082//7458
f 358//7459 261//7460 592//7461
f 57//7462 592//7463 169//7464
f 592//7465 1303//7466 1082//7467
f 920//7468 592//7469 57//7470
f 1523//7471 1082//7472 1303//7473
f 301//7474 920//7475 57//7476
f 592//7477 920//7478 1198//7479
f 592//7480 1198//7481 1303//7482
f 301//7483 987//7484 920//7485
f 57//7486 252//7487 301//7488
f 987//7489 1198//7490 920//7491
f 301//7492 992//7493 987//7494
f 1408//7495 1437//7496 1198//7497
f 301//7498 252//7499 1009//7500
f 992//7501 301//7502 1009//7503
f 992//7504 1083//7505 987//7506
f 1198//7507 987//7508 1201//7509
f 586//7510 1009//7511 252//7512
f 1083//7513 1201//7514 987//7515
f 1201//7516 1268//7517 1198//7518
f 1358//7519 1198//7520 1268//7521
f 1408//7522 1198//7523 1358//7524
f 1523//7525 1288//7526 1274//7527
f 1422//7528 1434//7529 1408//7530
f 1408//7531 1434//7532 1439//7533
f 1437//7534 1408//7535 1439//7536
f 1439//7537 1445//7538 1437//7539
f 1437//7540 1445//7541 1449//7542
f 1449//7543 1451//7544 1437//7545
f 521//7546 519//7547 1329//7548
f 1329//7549 1331//7550 521//7551
f 525//7552 521//7553 1331//7554
f 1331//7555 1333//7556 525//7557
f 531//7558 525//7559 1333//7560
f 1333//7561 1336//7562 531//7563
f 538//7564 531//7565 1336//7566
f 1336//7567 1340//7568 538//7569
f 546//7570 538//7571 1340//7572
f 1340//7573 1343//7574 546//7575
f 480//7576 518//7577 519//7578
f 519//7579 477//7580 480//7581
f 586//7582 252//7583 442//7584
f 477//7585 586//7586 442//7587
f 442//7588 480//7589 477//7590
f 252//7591 339//7592 442//7593
f 244//7594 339//7595 252//7596
f 210//7597 244//7598 57//7599
f 252//7600 57//7601 244//7602
f 194//7603 210//7604 57//7605
f 73//7606 194//7607 57//7608
f 59//7609 57//7610 28//7611
f 28//7612 10//7613 59//7614
f 89//7615 92//7616 83//7617
f 150//7618 158//7619 152//7620
f 203//7621 208//7622 209//7623
f 259//7624 264//7625 242//7626
f 402//7627 410//7628 390//7629
f 57//7630 59//7631 73//7632
f 419//7633 424//7634 410//7635
f 410//7636 402//7637 406//7638
f 406//7639 413//7640 410//7641
f 410//7642 413//7643 419//7644
f 395//7645 402//7646 390//7647
f 338//7648 376//7649 378//7650
f 390//7651 338//7652 378//7653
f 378//7654 383//7655 390//7656
f 386//7657 382//7658 338//7659
f 377//7660 393//7661 391//7662
f 391//7663 388//7664 377//7665
f 338//7666 377//7667 388//7668
f 388//7669 386//7670 338//7671
f 405//7672 399//7673 377//7674
f 377//7675 256//7676 405//7677
f 256//7678 414//7679 405//7680
f 256//7681 421//7682 414//7683
f 256//7684 428//7685 421//7686
f 433//7687 428//7688 256//7689
f 440//7690 435//7691 256//7692
f 435//7693 433//7694 256//7695
f 446//7696 443//7697 256//7698
f 256//7699 443//7700 440//7701
f 256//7702 425//7703 451//7704
f 451//7705 446//7706 256//7707
f 425//7708 465//7709 455//7710
f 455//7711 451//7712 425//7713
f 425//7714 469//7715 465//7716
f 491//7717 425//7718 483//7719
f 425//7720 491//7721 488//7722
f 488//7723 482//7724 425//7725
f 508//7726 501//7727 483//7728
f 483//7729 501//7730 491//7731
f 522//7732 508//7733 483//7734
f 483//7735 553//7736 541//7737
f 541//7738 522//7739 483//7740
f 568//7741 553//7742 483//7743
f 483//7744 579//7745 568//7746
f 595//7747 579//7748 483//7749
f 483//7750 605//7751 595//7752
f 605//7753 483//7754 555//7755
f 555//7756 614//7757 605//7758
f 555//7759 660//7760 648//7761
f 660//7762 555//7763 511//7764
f 511//7765 674//7766 660//7767
f 511//7768 619//7769 723//7770
f 619//7771 780//7772 760//7773
f 814//7774 780//7775 619//7776
f 619//7777 735//7778 814//7779
f 735//7780 825//7781 814//7782
f 735//7783 845//7784 825//7785
f 875//7786 861//7787 735//7788
f 895//7789 880//7790 875//7791
f 906//7792 895//7793 875//7794
f 875//7795 840//7796 906//7797
f 923//7798 914//7799 840//7800
f 840//7801 943//7802 923//7803
f 930//7804 923//7805 943//7806
f 943//7807 934//7808 930//7809
f 943//7810 937//7811 934//7812
f 943//7813 948//7814 946//7815
f 926//7816 954//7817 950//7818
f 943//7819 877//7820 926//7821
f 943//7822 865//7823 877//7824
f 943//7825 831//7826 865//7827
f 779//7828 831//7829 943//7830
f 943//7831 681//7832 736//7833
f 943//7834 657//7835 681//7836
f 558//7837 437//7838 463//7839
f 363//7840 372//7841 558//7842
f 558//7843 372//7844 427//7845
f 558//7846 350//7847 363//7848
f 364//7849 305//7850 310//7851
f 364//7852 281//7853 305//7854
f 119//7855 14//7856 83//7857
f 364//7858 270//7859 281//7860
f 364//7861 310//7862 331//7863
f 331//7864 558//7865 364//7866
f 558//7867 331//7868 350//7869
f 558//7870 427//7871 437//7872
f 500//7873 514//7874 558//7875
f 558//7876 514//7877 566//7878
f 558//7879 566//7880 580//7881
f 558//7882 580//7883 618//7884
f 618//7885 943//7886 558//7887
f 943//7888 618//7889 657//7890
f 242//7891 264//7892 270//7893
f 270//7894 364//7895 242//7896
f 943//7897 736//7898 779//7899
f 950//7900 943//7901 926//7902
f 943//7903 950//7904 948//7905
f 364//7906 239//7907 242//7908
f 558//7909 670//7910 364//7911
f 943//7912 670//7913 558//7914
f 239//7915 364//7916 319//7917
f 319//7918 483//7919 256//7920
f 364//7921 670//7922 319//7923
f 670//7924 483//7925 319//7926
f 483//7927 670//7928 511//7929
f 338//7930 390//7931 256//7932
f 377//7933 338//7934 256//7935
f 483//7936 425//7937 256//7938
f 511//7939 670//7940 619//7941
f 483//7942 511//7943 555//7944
f 840//7945 875//7946 670//7947
f 943//7948 840//7949 670//7950
f 619//7951 670//7952 735//7953
f 875//7954 735//7955 670//7956
f 410//7957 256//7958 390//7959
f 83//7960 14//7961 26//7962
f 83//7963 45//7964 49//7965
f 83//7966 82//7967 89//7968
f 83//7969 92//7970 100//7971
f 119//7972 114//7973 124//7974
f 152//7975 135//7976 140//7977
f 83//7978 49//7979 72//7980
f 83//7981 26//7982 45//7983
f 119//7984 102//7985 114//7986
f 6//7987 73//7988 59//7989
f 102//7990 119//7991 83//7992
f 83//7993 100//7994 102//7995
f 83//7996 72//7997 82//7998
f 152//7999 147//8000 150//8001
f 152//8002 166//8003 172//8004
f 152//8005 181//8006 183//8007
f 183//8008 209//8009 152//8010
f 209//8011 193//8012 203//8013
f 209//8014 208//8015 214//8016
f 209//8017 216//8018 229//8019
f 229//8020 242//8021 209//8022
f 239//8023 209//8024 242//8025
f 242//8026 231//8027 241//8028
f 152//8029 140//8030 147//8031
f 209//8032 239//8033 6//8034
f 152//8035 172//8036 181//8037
f 73//8038 239//8039 319//8040
f 152//8041 158//8042 166//8043
f 242//8044 229//8045 231//8046
f 209//8047 214//8048 216//8049
f 256//8050 207//8051 319//8052
f 73//8053 319//8054 207//8055
f 207//8056 215//8057 73//8058
f 209//8059 183//8060 193//8061
f 6//8062 239//8063 73//8064
f 6//8065 119//8066 209//8067
f 209//8068 119//8069 152//8070
f 135//8071 152//8072 119//8073
f 119//8074 124//8075 135//8076
f 215//8077 207//8078 256//8079
f 10//8080 9//8081 7//8082
f 7//8083 8//8084 10//8085
f 3//8086 2//8087 1//8088
f 1//8089 43//8090 3//8091
f 10//8092 8//8093 59//8094
f 8//8095 14//8096 119//8097
f 5//8098 8//8099 3//8100
f 5//8101 14//8102 8//8103
f 6//8104 59//8105 8//8106
f 119//8107 6//8108 8//8109
f 3//8110 50//8111 5//8112
f 43//8113 50//8114 3//8115
f 953//8116 954//8117 926//8118
f 926//8119 925//8120 953//8121
f 911//8122 925//8123 926//8124
f 911//8125 926//8126 877//8127
f 877//8128 864//8129 911//8130
f 877//8131 865//8132 864//8133
f 857//8134 864//8135 865//8136
f 857//8137 865//8138 831//8139
f 831//8140 782//8141 857//8142
f 831//8143 779//8144 782//8145
f 739//8146 782//8147 779//8148
f 779//8149 736//8150 739//8151
f 682//8152 739//8153 736//8154
f 736//8155 681//8156 682//8157
f 658//8158 682//8159 681//8160
f 681//8161 657//8162 658//8163
f 617//8164 658//8165 657//8166
f 657//8167 618//8168 617//8169
f 604//8170 617//8171 618//8172
f 604//8173 618//8174 580//8175
f 580//8176 565//8177 604//8178
f 580//8179 566//8180 565//8181
f 554//8182 565//8183 566//8184
f 554//8185 566//8186 514//8187
f 514//8188 499//8189 554//8190
f 514//8191 500//8192 499//8193
f 479//8194 499//8195 500//8196
f 459//8197 500//8198 558//8199
f 459//8200 479//8201 500//8202
f 558//8203 463//8204 459//8205
f 447//8206 459//8207 463//8208
f 447//8209 463//8210 437//8211
f 437//8212 426//8213 447//8214
f 437//8215 427//8216 426//8217
f 408//8218 426//8219 427//8220
f 408//8221 427//8222 372//8223
f 372//8224 365//8225 408//8226
f 372//8227 363//8228 365//8229
f 348//8230 365//8231 363//8232
f 363//8233 350//8234 348//8235
f 348//8236 350//8237 331//8238
f 331//8239 330//8240 348//8241
f 316//8242 330//8243 331//8244
f 331//8245 310//8246 316//8247
f 240//8248 259//8249 242//8250
f 259//8251 240//8252 257//8253
f 257//8254 258//8255 259//8256
f 264//8257 259//8258 258//8259
f 264//8260 258//8261 267//8262
f 267//8263 270//8264 264//8265
f 267//8266 269//8267 270//8268
f 281//8269 270//8270 269//8271
f 281//8272 269//8273 298//8274
f 298//8275 305//8276 281//8277
f 298//8278 304//8279 305//8280
f 310//8281 305//8282 304//8283
f 304//8284 322//8285 310//8286
f 310//8287 322//8288 316//8289
f 134//8290 146//8291 140//8292
f 242//8293 241//8294 240//8295
f 233//8296 240//8297 241//8298
f 241//8299 231//8300 233//8301
f 228//8302 233//8303 231//8304
f 231//8305 229//8306 228//8307
f 225//8308 228//8309 229//8310
f 225//8311 229//8312 216//8313
f 216//8314 213//8315 225//8316
f 216//8317 214//8318 213//8319
f 211//8320 213//8321 214//8322
f 211//8323 214//8324 208//8325
f 208//8326 202//8327 211//8328
f 208//8329 203//8330 202//8331
f 192//8332 202//8333 203//8334
f 203//8335 193//8336 192//8337
f 182//8338 192//8339 193//8340
f 193//8341 183//8342 182//8343
f 183//8344 181//8345 182//8346
f 175//8347 182//8348 181//8349
f 175//8350 181//8351 172//8352
f 172//8353 165//8354 175//8355
f 172//8356 166//8357 165//8358
f 163//8359 165//8360 166//8361
f 163//8362 166//8363 158//8364
f 158//8365 149//8366 163//8367
f 158//8368 150//8369 149//8370
f 146//8371 149//8372 150//8373
f 150//8374 147//8375 146//8376
f 146//8377 147//8378 140//8379
f 140//8380 135//8381 134//8382
f 135//8383 123//8384 134//8385
f 135//8386 116//8387 123//8388
f 116//8389 135//8390 124//8391
f 113//8392 116//8393 124//8394
f 124//8395 114//8396 113//8397
f 109//8398 113//8399 114//8400
f 109//8401 114//8402 102//8403
f 102//8404 99//8405 109//8406
f 102//8407 100//8408 99//8409
f 97//8410 99//8411 100//8412
f 100//8413 92//8414 97//8415
f 90//8416 97//8417 92//8418
f 92//8419 89//8420 90//8421
f 86//8422 90//8423 89//8424
f 89//8425 71//8426 86//8427
f 71//8428 89//8429 82//8430
f 71//8431 82//8432 72//8433
f 58//8434 71//8435 72//8436
f 72//8437 49//8438 58//8439
f 46//8440 58//8441 49//8442
f 46//8443 49//8444 45//8445
f 35//8446 46//8447 45//8448
f 35//8449 45//8450 26//8451
f 26//8452 13//8453 35//8454
f 26//8455 14//8456 13//8457
f 13//8458 14//8459 5//8460
f 548//8461 552//8462 490//8463
f 952//8464 953//8465 925//8466
f 182//8467 175//8468 136//8469
f 113//8470 109//8471 127//8472
f 46//8473 35//8474 44//8475
f 50//8476 44//8477 5//8478
f 257//8479 267//8480 258//8481
f 257//8482 269//8483 267//8484
f 269//8485 257//8486 322//8487
f 322//8488 298//8489 269//8490
f 304//8491 298//8492 322//8493
f 322//8494 330//8495 316//8496
f 360//8497 365//8498 348//8499
f 360//8500 408//8501 365//8502
f 556//8503 565//8504 554//8505
f 556//8506 554//8507 499//8508
f 682//8509 658//8510 556//8511
f 556//8512 658//8513 617//8514
f 556//8515 617//8516 604//8517
f 818//8518 739//8519 682//8520
f 818//8521 782//8522 739//8523
f 818//8524 857//8525 782//8526
f 818//8527 864//8528 857//8529
f 818//8530 911//8531 864//8532
f 818//8533 925//8534 911//8535
f 818//8536 952//8537 925//8538
f 938//8539 940//8540 818//8541
f 924//8542 936//8543 938//8544
f 924//8545 933//8546 936//8547
f 924//8548 929//8549 933//8550
f 924//8551 913//8552 918//8553
f 909//8554 913//8555 924//8556
f 924//8557 903//8558 909//8559
f 903//8560 924//8561 873//8562
f 873//8563 883//8564 903//8565
f 862//8566 873//8567 854//8568
f 862//8569 868//8570 873//8571
f 854//8572 781//8573 819//8574
f 819//8575 838//8576 854//8577
f 854//8578 838//8579 847//8580
f 781//8581 613//8582 763//8583
f 689//8584 725//8585 613//8586
f 689//8587 527//8588 661//8589
f 661//8590 673//8591 689//8592
f 527//8593 647//8594 661//8595
f 527//8596 490//8597 608//8598
f 608//8599 615//8600 527//8601
f 582//8602 593//8603 490//8604
f 490//8605 593//8606 608//8607
f 490//8608 570//8609 582//8610
f 552//8611 570//8612 490//8613
f 528//8614 548//8615 490//8616
f 490//8617 512//8618 528//8619
f 503//8620 512//8621 490//8622
f 490//8623 492//8624 503//8625
f 490//8626 486//8627 492//8628
f 486//8629 490//8630 400//8631
f 400//8632 478//8633 486//8634
f 400//8635 468//8636 478//8637
f 456//8638 466//8639 400//8640
f 466//8641 468//8642 400//8643
f 354//8644 441//8645 445//8646
f 445//8647 450//8648 354//8649
f 400//8650 354//8651 450//8652
f 450//8653 452//8654 400//8655
f 400//8656 452//8657 456//8658
f 354//8659 434//8660 439//8661
f 354//8662 439//8663 441//8664
f 423//8665 354//8666 345//8667
f 354//8668 423//8669 429//8670
f 429//8671 434//8672 354//8673
f 409//8674 418//8675 345//8676
f 345//8677 418//8678 423//8679
f 401//8680 409//8681 345//8682
f 394//8683 397//8684 345//8685
f 397//8686 401//8687 345//8688
f 389//8689 392//8690 345//8691
f 345//8692 392//8693 394//8694
f 385//8695 389//8696 345//8697
f 345//8698 328//8699 380//8700
f 380//8701 385//8702 345//8703
f 374//8704 373//8705 328//8706
f 328//8707 373//8708 380//8709
f 387//8710 384//8711 328//8712
f 396//8713 387//8714 328//8715
f 328//8716 347//8717 396//8718
f 347//8719 398//8720 396//8721
f 347//8722 404//8723 398//8724
f 459//8725 426//8726 408//8727
f 408//8728 360//8729 459//8730
f 348//8731 322//8732 360//8733
f 322//8734 348//8735 330//8736
f 360//8737 479//8738 459//8739
f 556//8740 499//8741 479//8742
f 556//8743 604//8744 565//8745
f 556//8746 818//8747 682//8748
f 945//8749 947//8750 818//8751
f 360//8752 322//8753 136//8754
f 360//8755 232//8756 489//8757
f 232//8758 347//8759 290//8760
f 232//8761 490//8762 489//8763
f 489//8764 556//8765 360//8766
f 232//8767 290//8768 328//8769
f 345//8770 354//8771 232//8772
f 354//8773 400//8774 232//8775
f 490//8776 232//8777 400//8778
f 527//8779 489//8780 490//8781
f 328//8782 345//8783 232//8784
f 489//8785 527//8786 613//8787
f 347//8788 328//8789 290//8790
f 613//8791 854//8792 489//8793
f 613//8794 527//8795 689//8796
f 854//8797 613//8798 781//8799
f 854//8800 873//8801 489//8802
f 924//8803 489//8804 873//8805
f 44//8806 35//8807 13//8808
f 44//8809 13//8810 5//8811
f 44//8812 58//8813 46//8814
f 103//8815 99//8816 97//8817
f 127//8818 116//8819 113//8820
f 127//8821 134//8822 123//8823
f 58//8824 44//8825 86//8826
f 86//8827 71//8828 58//8829
f 50//8830 43//8831 85//8832
f 44//8833 50//8834 115//8835
f 86//8836 44//8837 115//8838
f 115//8839 103//8840 86//8841
f 103//8842 97//8843 90//8844
f 117//8845 227//8846 232//8847
f 232//8848 85//8849 117//8850
f 136//8851 127//8852 103//8853
f 127//8854 123//8855 116//8856
f 50//8857 85//8858 115//8859
f 136//8860 103//8861 115//8862
f 99//8863 103//8864 127//8865
f 127//8866 109//8867 99//8868
f 117//8869 85//8870 43//8871
f 103//8872 90//8873 86//8874
f 136//8875 163//8876 149//8877
f 149//8878 127//8879 136//8880
f 127//8881 149//8882 146//8883
f 136//8884 175//8885 165//8886
f 136//8887 192//8888 182//8889
f 202//8890 136//8891 211//8892
f 257//8893 228//8894 225//8895
f 225//8896 211//8897 257//8898
f 136//8899 257//8900 211//8901
f 459//8902 447//8903 426//8904
f 136//8905 322//8906 257//8907
f 240//8908 233//8909 257//8910
f 489//8911 818//8912 556//8913
f 940//8914 945//8915 818//8916
f 136//8917 165//8918 163//8919
f 197//8920 115//8921 85//8922
f 136//8923 115//8924 360//8925
f 197//8926 85//8927 360//8928
f 257//8929 233//8930 228//8931
f 186//8932 360//8933 85//8934
f 211//8935 225//8936 213//8937
f 232//8938 186//8939 85//8940
f 136//8941 202//8942 192//8943
f 127//8944 146//8945 134//8946
f 230//8947 232//8948 227//8949
f 360//8950 186//8951 232//8952
f 115//8953 197//8954 360//8955
f 479//8956 360//8957 556//8958
f 924//8959 818//8960 489//8961
f 938//8962 818//8963 924//8964
f 953//8965 1657//8966 1658//8967
f 1658//8968 954//8969 953//8970
f 232//8971 230//8972 347//8973
f 496//8974 422//8975 347//8976
f 43//8977 24//8978 268//8979
f 138//8980 117//8981 43//8982
f 276//8983 117//8984 138//8985
f 138//8986 249//8987 276//8988
f 276//8989 476//8990 353//8991
f 502//8992 353//8993 476//8994
f 476//8995 515//8996 502//8997
f 515//8998 516//8999 502//9000
f 692//9001 744//9002 793//9003
f 518//9004 540//9005 523//9006
f 679//9007 597//9008 581//9009
f 679//9010 581//9011 572//9012
f 679//9013 572//9014 567//9015
f 679//9016 567//9017 550//9018
f 679//9019 550//9020 543//9021
f 543//9022 540//9023 679//9024
f 540//9025 533//9026 523//9027
f 679//9028 641//9029 625//9030
f 679//9031 625//9032 612//9033
f 612//9034 610//9035 679//9036
f 679//9037 610//9038 597//9039
f 679//9040 664//9041 641//9042
f 679//9043 750//9044 710//9045
f 828//9046 792//9047 679//9048
f 679//9049 792//9050 750//9051
f 679//9052 851//9053 828//9054
f 679//9055 874//9056 851//9057
f 884//9058 942//9059 916//9060
f 679//9061 884//9062 916//9063
f 916//9064 901//9065 679//9066
f 901//9067 874//9068 679//9069
f 215//9070 244//9071 73//9072
f 244//9073 194//9074 73//9075
f 256//9076 244//9077 215//9078
f 210//9079 194//9080 244//9081
f 410//9082 339//9083 256//9084
f 424//9085 692//9086 410//9087
f 244//9088 256//9089 339//9090
f 692//9091 424//9092 589//9093
f 692//9094 339//9095 410//9096
f 692//9097 679//9098 339//9099
f 692//9100 589//9101 662//9102
f 884//9103 793//9104 842//9105
f 692//9106 793//9107 884//9108
f 884//9109 842//9110 921//9111
f 442//9112 339//9113 679//9114
f 679//9115 540//9116 442//9117
f 540//9118 480//9119 442//9120
f 884//9121 921//9122 1397//9123
f 884//9124 679//9125 692//9126
f 540//9127 518//9128 480//9129
f 1175//9130 1173//9131 874//9132
f 1254//9133 1264//9134 550//9135
f 1270//9136 1280//9137 543//9138
f 523//9139 533//9140 1293//9141
f 1293//9142 1302//9143 523//9144
f 1302//9145 1306//9146 523//9147
f 518//9148 523//9149 1306//9150
f 1306//9151 1315//9152 518//9153
f 540//9154 543//9155 1280//9156
f 1280//9157 533//9158 540//9159
f 1280//9160 1282//9161 533//9162
f 1282//9163 1293//9164 533//9165
f 543//9166 550//9167 1264//9168
f 1264//9169 1270//9170 543//9171
f 550//9172 567//9173 1241//9174
f 1241//9175 1254//9176 550//9177
f 572//9178 581//9179 1230//9180
f 1230//9181 1231//9182 572//9183
f 1231//9184 567//9185 572//9186
f 1231//9187 1241//9188 567//9189
f 610//9190 612//9191 1204//9192
f 1204//9193 597//9194 610//9195
f 1204//9196 1211//9197 597//9198
f 597//9199 1211//9200 1221//9201
f 581//9202 597//9203 1221//9204
f 1221//9205 1226//9206 581//9207
f 581//9208 1226//9209 1230//9210
f 625//9211 641//9212 1193//9213
f 1193//9214 612//9215 625//9216
f 1193//9217 1229//9218 612//9219
f 1229//9220 1204//9221 612//9222
f 1188//9223 641//9224 664//9225
f 1188//9226 1190//9227 641//9228
f 1190//9229 1193//9230 641//9231
f 1227//9232 1180//9233 710//9234
f 679//9235 710//9236 1180//9237
f 1180//9238 664//9239 679//9240
f 1180//9241 1185//9242 664//9243
f 1185//9244 1188//9245 664//9246
f 1171//9247 1227//9248 710//9249
f 710//9250 750//9251 1171//9252
f 792//9253 828//9254 1163//9255
f 1163//9256 1166//9257 792//9258
f 1166//9259 750//9260 792//9261
f 750//9262 1166//9263 1171//9264
f 1173//9265 1168//9266 851//9267
f 851//9268 874//9269 1173//9270
f 851//9271 1168//9272 1167//9273
f 828//9274 851//9275 1167//9276
f 828//9277 1167//9278 1163//9279
f 901//9280 916//9281 1189//9282
f 1189//9283 874//9284 901//9285
f 1189//9286 1175//9287 874//9288
f 1192//9289 942//9290 884//9291
f 1192//9292 1184//9293 942//9294
f 916//9295 942//9296 1184//9297
f 1184//9298 1189//9299 916//9300
f 519//9301 518//9302 1315//9303
f 1315//9304 1329//9305 519//9306
f 1192//9307 1189//9308 1184//9309
f 1173//9310 1189//9311 1168//9312
f 1173//9313 1175//9314 1189//9315
f 1227//9316 1171//9317 1166//9318
f 1166//9319 1168//9320 1227//9321
f 1168//9322 1166//9323 1163//9324
f 1168//9325 1163//9326 1167//9327
f 1227//9328 1185//9329 1180//9330
f 1185//9331 1190//9332 1188//9333
f 1193//9334 1190//9335 1185//9336
f 1229//9337 1193//9338 1185//9339
f 1211//9340 1204//9341 1229//9342
f 1226//9343 1221//9344 1229//9345
f 1229//9346 1221//9347 1211//9348
f 1229//9349 1247//9350 1226//9351
f 1247//9352 1230//9353 1226//9354
f 1241//9355 1231//9356 1247//9357
f 1231//9358 1230//9359 1247//9360
f 1254//9361 1241//9362 1247//9363
f 1282//9364 1280//9365 1270//9366
f 1293//9367 1282//9368 1302//9369
f 1227//9370 1168//9371 1248//9372
f 1302//9373 1315//9374 1306//9375
f 1229//9376 1185//9377 1227//9378
f 1244//9379 1168//9380 1189//9381
f 1244//9382 1248//9383 1168//9384
f 1270//9385 1264//9386 1254//9387
f 1189//9388 1192//9389 1244//9390
f 1333//9391 1331//9392 1360//9393
f 2968//9394 2974//9395 2970//9396
f 2963//9397 2961//9398 2968//9399
f 1331//9400 1329//9401 1360//9402
f 2996//9403 2988//9404 2968//9405
f 1336//9406 1333//9407 1360//9408
f 1343//9409 1340//9410 1360//9411
f 1360//9412 1340//9413 1336//9414
f 2965//9415 2963//9416 2968//9417
f 2537//9418 2520//9419 2528//9420
f 2103//9421 2085//9422 2122//9423
f 2012//9424 1976//9425 2122//9426
f 1949//9427 1932//9428 2122//9429
f 1740//9430 1713//9431 1643//9432
f 1355//9433 1350//9434 1360//9435
f 1350//9436 1343//9437 1360//9438
f 2621//9439 2745//9440 2235//9441
f 2943//9442 2968//9443 2961//9444
f 2968//9445 2943//9446 2996//9447
f 2730//9448 2787//9449 2930//9450
f 1355//9451 1360//9452 1392//9453
f 2961//9454 2953//9455 2943//9456
f 2943//9457 2953//9458 2950//9459
f 2943//9460 2820//9461 2996//9462
f 2996//9463 2885//9464 3006//9465
f 2745//9466 2156//9467 2235//9468
f 2885//9469 2996//9470 2820//9471
f 2745//9472 2787//9473 2730//9474
f 2006//9475 2061//9476 1518//9477
f 1536//9478 1518//9479 2061//9480
f 1536//9481 2061//9482 1392//9483
f 2882//9484 2929//9485 3006//9486
f 1882//9487 1392//9488 2061//9489
f 1392//9490 1882//9491 1457//9492
f 2882//9493 3006//9494 2885//9495
f 1486//9496 1060//9497 1457//9498
f 2929//9499 2882//9500 2930//9501
f 1500//9502 1489//9503 1457//9504
f 1457//9505 1489//9506 1486//9507
f 2156//9508 2745//9509 2213//9510
f 2930//9511 2882//9512 2730//9513
f 2006//9514 2156//9515 2061//9516
f 1528//9517 1513//9518 1457//9519
f 1457//9520 1513//9521 1506//9522
f 2671//9523 2857//9524 2885//9525
f 2885//9526 2857//9527 2851//9528
f 2851//9529 2729//9530 2885//9531
f 2851//9532 2843//9533 2729//9534
f 1506//9535 1500//9536 1457//9537
f 1544//9538 1535//9539 1528//9540
f 1457//9541 1544//9542 1528//9543
f 2213//9544 2745//9545 2730//9546
f 2882//9547 2885//9548 2729//9549
f 1457//9550 1882//9551 1544//9552
f 1643//9553 1577//9554 1548//9555
f 2843//9556 2831//9557 2729//9558
f 2729//9559 2831//9560 2823//9561
f 2823//9562 2791//9563 2729//9564
f 1548//9565 1544//9566 1643//9567
f 2061//9568 2156//9569 2213//9570
f 2791//9571 2777//9572 2729//9573
f 1713//9574 1637//9575 1643//9576
f 1643//9577 1637//9578 1628//9579
f 1882//9580 1643//9581 1544//9582
f 1628//9583 1577//9584 1643//9585
f 2213//9586 1882//9587 2061//9588
f 2882//9589 2729//9590 2730//9591
f 1833//9592 1810//9593 1882//9594
f 1882//9595 1810//9596 1740//9597
f 2777//9598 2767//9599 2729//9600
f 2767//9601 2764//9602 2729//9603
f 2747//9604 2729//9605 2764//9606
f 1740//9607 1643//9608 1882//9609
f 2732//9610 2729//9611 2747//9612
f 2747//9613 2738//9614 2732//9615
f 1895//9616 1849//9617 1882//9618
f 1882//9619 1849//9620 1833//9621
f 2456//9622 2213//9623 2730//9624
f 2730//9625 2729//9626 2456//9627
f 1895//9628 2122//9629 1932//9630
f 2122//9631 1895//9632 1882//9633
f 2732//9634 2725//9635 2708//9636
f 2708//9637 2729//9638 2732//9639
f 2708//9640 2698//9641 2729//9642
f 2729//9643 2698//9644 2690//9645
f 1976//9646 1949//9647 2122//9648
f 1882//9649 2213//9650 2122//9651
f 2456//9652 2729//9653 2645//9654
f 2085//9655 2058//9656 2122//9657
f 2058//9658 2050//9659 2122//9660
f 2050//9661 2017//9662 2122//9663
f 2122//9664 2017//9665 2012//9666
f 2690//9667 2685//9668 2729//9669
f 2729//9670 2685//9671 2674//9672
f 2645//9673 2729//9674 2674//9675
f 2674//9676 2655//9677 2645//9678
f 2152//9679 2119//9680 2122//9681
f 2122//9682 2119//9683 2103//9684
f 2528//9685 2456//9686 2645//9687
f 2528//9688 2645//9689 2626//9690
f 2626//9691 2537//9692 2528//9693
f 2473//9694 2528//9695 2520//9696
f 1881//9697 1784//9698 2279//9699
f 1437//9700 1464//9701 2100//9702
f 2100//9703 1843//9704 1437//9705
f 1198//9706 1437//9707 1962//9708
f 1843//9709 1962//9710 1437//9711
f 1962//9712 1523//9713 1303//9714
f 1303//9715 1198//9716 1962//9717
f 1523//9718 1522//9719 1496//9720
f 1310//9721 1523//9722 1496//9723
f 1496//9724 1495//9725 1310//9726
f 1312//9727 1310//9728 1495//9729
f 1495//9730 1521//9731 1312//9732
f 1312//9733 1521//9734 1509//9735
f 1338//9736 1312//9737 1509//9738
f 2473//9739 2152//9740 2122//9741
f 1464//9742 2152//9743 2473//9744
f 2473//9745 2100//9746 1464//9747
f 1856//9748 2069//9749 1466//9750
f 1881//9751 2279//9752 2326//9753
f 2326//9754 2696//9755 1881//9756
f 2731//9757 2727//9758 2014//9759
f 1338//9760 1509//9761 1545//9762
f 1466//9763 1338//9764 1545//9765
f 1545//9766 1793//9767 1466//9768
f 1793//9769 1856//9770 1466//9771
f 2014//9772 2696//9773 2731//9774
f 2069//9775 2179//9776 1466//9777
f 1784//9778 1466//9779 2179//9780
f 2179//9781 2279//9782 1784//9783
f 2696//9784 2014//9785 1546//9786
f 1546//9787 1881//9788 2696//9789
f 2122//9790 2213//9791 2473//9792
f 2456//9793 2528//9794 2473//9795
f 2473//9796 2213//9797 2456//9798
f 2147//9799 2160//9800 2231//9801
f 1622//9802 1563//9803 1712//9804
f 2207//9805 2219//9806 2231//9807
f 2357//9808 2371//9809 2104//9810
f 2132//9811 2107//9812 2138//9813
f 2445//9814 2487//9815 2433//9816
f 2276//9817 2263//9818 2284//9819
f 2100//9820 2231//9821 2145//9822
f 2100//9823 2145//9824 1843//9825
f 1523//9826 1962//9827 1522//9828
f 1507//9829 1496//9830 1522//9831
f 2742//9832 2770//9833 2784//9834
f 2642//9835 2379//9836 2742//9837
f 2782//9838 2799//9839 2784//9840
f 2784//9841 2770//9842 2782//9843
f 2780//9844 2782//9845 2770//9846
f 2604//9847 2492//9848 2481//9849
f 2604//9850 2546//9851 2492//9852
f 2322//9853 2379//9854 2617//9855
f 2617//9856 2604//9857 2322//9858
f 2481//9859 2452//9860 2604//9861
f 2322//9862 2604//9863 2452//9864
f 2770//9865 2742//9866 2744//9867
f 2452//9868 2419//9869 2322//9870
f 2419//9871 2410//9872 2322//9873
f 2410//9874 2382//9875 2322//9876
f 2382//9877 2354//9878 2322//9879
f 2202//9880 2379//9881 2322//9882
f 2236//9883 2742//9884 2379//9885
f 2354//9886 2328//9887 2322//9888
f 2328//9889 2319//9890 2322//9891
f 2284//9892 2322//9893 2319//9894
f 2319//9895 2302//9896 2284//9897
f 2322//9898 2284//9899 2202//9900
f 2379//9901 2202//9902 2169//9903
f 2229//9904 2284//9905 2263//9906
f 2229//9907 2202//9908 2284//9909
f 2379//9910 2169//9911 2236//9912
f 2742//9913 2236//9914 2295//9915
f 2657//9916 2671//9917 2295//9918
f 2671//9919 2744//9920 2295//9921
f 2263//9922 2245//9923 2229//9924
f 2224//9925 2211//9926 2229//9927
f 2138//9928 2229//9929 2211//9930
f 2138//9931 2202//9932 2229//9933
f 2295//9934 2433//9935 2641//9936
f 2641//9937 2657//9938 2295//9939
f 2487//9940 2532//9941 2433//9942
f 2532//9943 2633//9944 2433//9945
f 2433//9946 2633//9947 2641//9948
f 2211//9949 2199//9950 2138//9951
f 2199//9952 2188//9953 2138//9954
f 2188//9955 2173//9956 2138//9957
f 2138//9958 2173//9959 2165//9960
f 2165//9961 2144//9962 2138//9963
f 2433//9964 2104//9965 2445//9966
f 2295//9967 2127//9968 2433//9969
f 2127//9970 2295//9971 2236//9972
f 2138//9973 1990//9974 2202//9975
f 2144//9976 2132//9977 2138//9978
f 1902//9979 2138//9980 2107//9981
f 2138//9982 1902//9983 1990//9984
f 2202//9985 1990//9986 2169//9987
f 2371//9988 2399//9989 2104//9990
f 2399//9991 2445//9992 2104//9993
f 2104//9994 2336//9995 2357//9996
f 2107//9997 2077//9998 1902//9999
f 2077//10000 2039//10001 1902//10002
f 1902//10003 2039//10004 2028//10005
f 2104//10006 2433//10007 2127//10008
f 2028//10009 2004//10010 1902//10011
f 2169//10012 1801//10013 2236//10014
f 2312//10015 2336//10016 2104//10017
f 2278//10018 2286//10019 2104//10020
f 2004//10021 1966//10022 1902//10023
f 1966//10024 1958//10025 1902//10026
f 1958//10027 1915//10028 1902//10029
f 1902//10030 1915//10031 1908//10032
f 2104//10033 2231//10034 2278//10035
f 1801//10036 2169//10037 1990//10038
f 1908//10039 1880//10040 1902//10041
f 1712//10042 1902//10043 1880//10044
f 1902//10045 1712//10046 1990//10047
f 1962//10048 2236//10049 1801//10050
f 1962//10051 2127//10052 2236//10053
f 2255//10054 2278//10055 2231//10056
f 2219//10057 2234//10058 2231//10059
f 2234//10060 2255//10061 2231//10062
f 1880//10063 1838//10064 1712//10065
f 1838//10066 1824//10067 1712//10068
f 1824//10069 1790//10070 1712//10071
f 2145//10072 2231//10073 2104//10074
f 2104//10075 1843//10076 2145//10077
f 1843//10078 2104//10079 2127//10080
f 1522//10081 1801//10082 1990//10083
f 1522//10084 1990//10085 1712//10086
f 1640//10087 1622//10088 1712//10089
f 1522//10090 1712//10091 1563//10092
f 2160//10093 2182//10094 2231//10095
f 2182//10096 2203//10097 2231//10098
f 2231//10099 2203//10100 2207//10101
f 2100//10102 2137//10103 2231//10104
f 2231//10105 2137//10106 2147//10107
f 1563//10108 1540//10109 1522//10110
f 1540//10111 1525//10112 1522//10113
f 1522//10114 1525//10115 1517//10116
f 1843//10117 2127//10118 1962//10119
f 1801//10120 1522//10121 1962//10122
f 1517//10123 1507//10124 1522//10125
f 2970//10126 2974//10127 2819//10128
f 2819//10129 2813//10130 2970//10131
f 2968//10132 2970//10133 2813//10134
f 2965//10135 2968//10136 2813//10137
f 2813//10138 2806//10139 2965//10140
f 2963//10141 2965//10142 2806//10143
f 2806//10144 2804//10145 2963//10146
f 2961//10147 2963//10148 2804//10149
f 2804//10150 2799//10151 2961//10152
f 2813//10153 2819//10154 2784//10155
f 2799//10156 2804//10157 2784//10158
f 2555//10159 2546//10160 2604//10161
f 2600//10162 2585//10163 2604//10164
f 2804//10165 2806//10166 2784//10167
f 2806//10168 2813//10169 2784//10170
f 2585//10171 2575//10172 2604//10173
f 2575//10174 2563//10175 2604//10176
f 2379//10177 2642//10178 2617//10179
f 2563//10180 2555//10181 2604//10182
f 2974//10183 2973//10184 2775//10185
f 2775//10186 2819//10187 2974//10188
f 694//10189 663//10190 634//10191
f 944//10192 964//10193 849//10194
f 849//10195 917//10196 944//10197
f 752//10198 878//10199 849//10200
f 878//10201 752//10202 853//10203
f 801//10204 832//10205 752//10206
f 853//10207 752//10208 832//10209
f 752//10210 754//10211 801//10212
f 643//10213 752//10214 569//10215
f 752//10216 643//10217 667//10218
f 752//10219 667//10220 678//10221
f 752//10222 678//10223 712//10224
f 752//10225 712//10226 754//10227
f 616//10228 624//10229 569//10230
f 569//10231 624//10232 643//10233
f 600//10234 569//10235 510//10236
f 510//10237 583//10238 600//10239
f 510//10240 564//10241 571//10242
f 510//10243 551//10244 564//10245
f 551//10246 510//10247 353//10248
f 353//10249 547//10250 551//10251
f 353//10252 539//10253 547//10254
f 353//10255 535//10256 539//10257
f 353//10258 524//10259 535//10260
f 524//10261 353//10262 502//10263
f 502//10264 516//10265 517//10266
f 634//10267 353//10268 752//10269
f 569//10270 752//10271 353//10272
f 510//10273 569//10274 353//10275
f 849//10276 964//10277 634//10278
f 752//10279 849//10280 634//10281
f 634//10282 964//10283 694//10284
f 634//10285 276//10286 353//10287
f 481//10288 369//10289 634//10290
f 481//10291 513//10292 496//10293
f 369//10294 481//10295 347//10296
f 276//10297 634//10298 230//10299
f 347//10300 481//10301 496//10302
f 634//10303 369//10304 347//10305
f 230//10306 634//10307 347//10308
f 276//10309 230//10310 227//10311
f 227//10312 117//10313 276//10314
f 832//10315 801//10316 1162//10317
f 801//10318 754//10319 1164//10320
f 517//10321 516//10322 1328//10323
f 1317//10324 1305//10325 524//10326
f 1328//10327 1323//10328 517//10329
f 517//10330 1323//10331 1317//10332
f 502//10333 517//10334 1317//10335
f 524//10336 502//10337 1317//10338
f 1295//10339 1292//10340 535//10341
f 535//10342 524//10343 1295//10344
f 1305//10345 1295//10346 524//10347
f 1292//10348 1281//10349 535//10350
f 539//10351 535//10352 1281//10353
f 547//10354 539//10355 1281//10356
f 1281//10357 1276//10358 547//10359
f 547//10360 1276//10361 1267//10362
f 551//10363 547//10364 1267//10365
f 1267//10366 1262//10367 551//10368
f 551//10369 1262//10370 1245//10371
f 564//10372 551//10373 1245//10374
f 571//10375 564//10376 1245//10377
f 1235//10378 1253//10379 583//10380
f 1245//10381 1240//10382 571//10383
f 571//10384 1240//10385 1235//10386
f 510//10387 571//10388 1235//10389
f 583//10390 510//10391 1235//10392
f 1222//10393 1212//10394 600//10395
f 600//10396 583//10397 1222//10398
f 583//10399 1253//10400 1222//10401
f 600//10402 1212//10403 1203//10404
f 569//10405 600//10406 1203//10407
f 616//10408 569//10409 1203//10410
f 616//10411 1203//10412 1200//10413
f 616//10414 1200//10415 1194//10416
f 624//10417 616//10418 1194//10419
f 643//10420 624//10421 1194//10422
f 667//10423 643//10424 1186//10425
f 643//10426 1205//10427 1186//10428
f 643//10429 1194//10430 1205//10431
f 1181//10432 1228//10433 712//10434
f 667//10435 1186//10436 1181//10437
f 678//10438 667//10439 1181//10440
f 712//10441 678//10442 1181//10443
f 712//10444 1228//10445 1174//10446
f 1169//10447 1164//10448 754//10449
f 754//10450 712//10451 1174//10452
f 1174//10453 1169//10454 754//10455
f 1164//10456 1162//10457 801//10458
f 1165//10459 1182//10460 853//10461
f 853//10462 832//10463 1162//10464
f 1162//10465 1165//10466 853//10467
f 1182//10468 1172//10469 878//10470
f 878//10471 853//10472 1182//10473
f 878//10474 1172//10475 1179//10476
f 849//10477 878//10478 1179//10479
f 917//10480 849//10481 1179//10482
f 1179//10483 1183//10484 917//10485
f 944//10486 917//10487 1183//10488
f 1183//10489 1187//10490 944//10491
f 964//10492 944//10493 1187//10494
f 1187//10495 1242//10496 964//10497
f 1183//10498 1179//10499 1242//10500
f 1242//10501 1187//10502 1183//10503
f 1242//10504 1326//10505 1136//10506
f 1186//10507 1205//10508 1228//10509
f 1292//10510 1305//10511 1317//10512
f 1295//10513 1305//10514 1292//10515
f 1253//10516 1245//10517 1262//10518
f 1262//10519 1267//10520 1276//10521
f 1253//10522 1235//10523 1240//10524
f 1212//10525 1222//10526 1253//10527
f 1212//10528 1253//10529 1205//10530
f 1205//10531 1203//10532 1212//10533
f 1200//10534 1203//10535 1205//10536
f 1205//10537 1194//10538 1200//10539
f 1228//10540 1181//10541 1186//10542
f 1228//10543 1169//10544 1174//10545
f 1277//10546 1164//10547 1169//10548
f 1165//10549 1162//10550 1182//10551
f 1277//10552 1182//10553 1162//10554
f 1162//10555 1164//10556 1277//10557
f 1172//10558 1182//10559 1242//10560
f 1242//10561 1179//10562 1172//10563
f 1277//10564 1169//10565 1228//10566
f 1242//10567 1182//10568 1277//10569
f 1276//10570 1292//10571 1262//10572
f 1292//10573 1276//10574 1281//10575
f 1323//10576 1328//10577 1317//10578
f 1253//10579 1228//10580 1205//10581
f 1253//10582 1240//10583 1245//10584
f 1327//10585 1328//10586 516//10587
f 516//10588 515//10589 1327//10590
f 24//10591 67//10592 79//10593
f 53//10594 67//10595 24//10596
f 36//10597 53//10598 24//10599
f 24//10600 19//10601 36//10602
f 24//10603 43//10604 19//10605
f 545//10606 537//10607 476//10608
f 476//10609 537//10610 532//10611
f 532//10612 526//10613 476//10614
f 526//10615 520//10616 476//10617
f 43//10618 268//10619 138//10620
f 520//10621 515//10622 476//10623
f 1290//10624 1309//10625 1311//10626
f 1272//10627 1290//10628 1311//10629
f 1435//10630 1450//10631 1448//10632
f 1311//10633 1213//10634 1218//10635
f 1218//10636 1250//10637 1311//10638
f 1311//10639 1250//10640 1272//10641
f 1448//10642 1444//10643 1435//10644
f 1435//10645 1444//10646 1438//10647
f 1438//10648 1414//10649 1435//10650
f 1438//10651 1433//10652 1414//10653
f 1148//10654 1155//10655 1145//10656
f 1213//10657 1145//10658 1155//10659
f 1155//10660 1208//10661 1213//10662
f 1213//10663 1208//10664 1218//10665
f 1433//10666 1421//10667 1414//10668
f 1414//10669 1421//10670 1417//10671
f 1390//10672 1414//10673 1417//10674
f 1111//10675 1129//10676 1145//10677
f 1145//10678 1129//10679 1148//10680
f 1417//10681 1403//10682 1390//10683
f 1390//10684 1403//10685 1388//10686
f 1388//10687 1382//10688 1390//10689
f 1063//10690 1145//10691 1024//10692
f 1063//10693 1072//10694 1145//10695
f 1072//10696 1104//10697 1145//10698
f 1145//10699 1104//10700 1111//10701
f 1382//10702 1362//10703 1390//10704
f 1020//10705 1029//10706 1024//10707
f 1024//10708 1029//10709 1063//10710
f 1362//10711 1345//10712 1390//10713
f 1390//10714 1345//10715 1324//10716
f 1324//10717 1313//10718 1390//10719
f 1285//10720 1390//10721 1313//10722
f 996//10723 1004//10724 904//10725
f 996//10726 1001//10727 1004//10728
f 1024//10729 1004//10730 1001//10731
f 1001//10732 1014//10733 1024//10734
f 1024//10735 1014//10736 1020//10737
f 1115//10738 1285//10739 1283//10740
f 969//10741 981//10742 904//10743
f 904//10744 981//10745 996//10746
f 1283//10747 1258//10748 1115//10749
f 1115//10750 1258//10751 1237//10752
f 904//10753 890//10754 897//10755
f 897//10756 956//10757 904//10758
f 904//10759 956//10760 969//10761
f 1237//10762 1224//10763 1115//10764
f 1115//10765 1224//10766 1178//10767
f 787//10768 835//10769 677//10770
f 890//10771 677//10772 835//10773
f 835//10774 887//10775 890//10776
f 890//10777 887//10778 897//10779
f 1178//10780 1143//10781 1115//10782
f 1115//10783 1143//10784 1133//10785
f 650//10786 719//10787 677//10788
f 677//10789 719//10790 787//10791
f 1133//10792 1123//10793 1115//10794
f 1115//10795 1123//10796 1099//10797
f 1099//10798 1033//10799 1115//10800
f 1099//10801 1097//10802 1033//10803
f 560//10804 575//10805 677//10806
f 575//10807 631//10808 677//10809
f 677//10810 631//10811 650//10812
f 1097//10813 1068//10814 1033//10815
f 1033//10816 1068//10817 1059//10818
f 677//10819 357//10820 473//10821
f 473//10822 505//10823 677//10824
f 677//10825 505//10826 560//10827
f 1023//10828 1017//10829 1033//10830
f 919//10831 1033//10832 1017//10833
f 357//10834 417//10835 473//10836
f 919//10837 1017//10838 984//10839
f 357//10840 284//10841 291//10842
f 291//10843 317//10844 357//10845
f 357//10846 317//10847 335//10848
f 251//10849 260//10850 246//10851
f 284//10852 246//10853 260//10854
f 218//10855 234//10856 246//10857
f 246//10858 234//10859 251//10860
f 1026//10861 1255//10862 1416//10863
f 189//10864 198//10865 246//10866
f 198//10867 218//10868 246//10869
f 655//10870 341//10871 249//10872
f 341//10873 655//10874 457//10875
f 1026//10876 457//10877 655//10878
f 1416//10879 1390//10880 1026//10881
f 1026//10882 919//10883 457//10884
f 1431//10885 1435//10886 1416//10887
f 1390//10888 1416//10889 1435//10890
f 1033//10891 919//10892 1026//10893
f 919//10894 783//10895 457//10896
f 276//10897 457//10898 783//10899
f 1435//10900 1414//10901 1390//10902
f 1390//10903 1285//10904 1026//10905
f 1115//10906 1026//10907 1285//10908
f 1115//10909 1033//10910 1026//10911
f 783//10912 476//10913 276//10914
f 246//10915 268//10916 143//10917
f 143//10918 167//10919 246//10920
f 246//10921 167//10922 189//10923
f 783//10924 635//10925 476//10926
f 476//10927 635//10928 598//10929
f 598//10930 590//10931 476//10932
f 268//10933 24//10934 79//10935
f 79//10936 130//10937 268//10938
f 268//10939 130//10940 143//10941
f 1145//10942 1213//10943 1311//10944
f 1024//10945 1145//10946 1255//10947
f 904//10948 1004//10949 1024//10950
f 677//10951 890//10952 904//10953
f 357//10954 677//10955 303//10956
f 357//10957 268//10958 284//10959
f 246//10960 284//10961 268//10962
f 1145//10963 1311//10964 1255//10965
f 1255//10966 904//10967 1024//10968
f 357//10969 303//10970 268//10971
f 303//10972 138//10973 268//10974
f 904//10975 655//10976 677//10977
f 303//10978 677//10979 655//10980
f 1255//10981 655//10982 904//10983
f 655//10984 1255//10985 1026//10986
f 303//10987 222//10988 138//10989
f 249//10990 138//10991 222//10992
f 249//10993 303//10994 655//10995
f 222//10996 303//10997 249//10998
f 249//10999 341//11000 457//11001
f 457//11002 276//11003 249//11004
f 590//11005 545//11006 476//11007
f 1330//11008 1327//11009 515//11010
f 515//11011 520//11012 1330//11013
f 1332//11014 1330//11015 520//11016
f 520//11017 526//11018 1332//11019
f 1335//11020 1332//11021 526//11022
f 526//11023 532//11024 1335//11025
f 1339//11026 1335//11027 532//11028
f 532//11029 537//11030 1339//11031
f 1342//11032 1339//11033 537//11034
f 537//11035 545//11036 1342//11037
f 1243//11038 1296//11039 1550//11040
f 1243//11041 1299//11042 1296//11043
f 1243//11044 1300//11045 1299//11046
f 1300//11047 1243//11048 1261//11049
f 1261//11050 1297//11051 1300//11052
f 1136//11053 1261//11054 1243//11055
f 1261//11056 1298//11057 1297//11058
f 1261//11059 1357//11060 1298//11061
f 1298//11062 1357//11063 1555//11064
f 1551//11065 1298//11066 1555//11067
f 1297//11068 1298//11069 1551//11070
f 1551//11071 1561//11072 1297//11073
f 1297//11074 1561//11075 1560//11076
f 1560//11077 1300//11078 1297//11079
f 1560//11080 1552//11081 1300//11082
f 1299//11083 1300//11084 1552//11085
f 1552//11086 1556//11087 1299//11088
f 1296//11089 1299//11090 1556//11091
f 1556//11092 1550//11093 1296//11094
f 1555//11095 1561//11096 1551//11097
f 1560//11098 1556//11099 1552//11100
f 1988//11101 2496//11102 2643//11103
f 2233//11104 2643//11105 2496//11106
f 1988//11107 1561//11108 1555//11109
f 1988//11110 1560//11111 1561//11112
f 1560//11113 1988//11114 1556//11115
f 1988//11116 1550//11117 1556//11118
f 2239//11119 2496//11120 2242//11121
f 2496//11122 2243//11123 2242//11124
f 2496//11125 2239//11126 2233//11127
f 2496//11128 2638//11129 2664//11130
f 2664//11131 2659//11132 2242//11133
f 2242//11134 2243//11135 2664//11136
f 2243//11137 2496//11138 2664//11139
f 2683//11140 2643//11141 2233//11142
f 2652//11143 2683//11144 2233//11145
f 2233//11146 2239//11147 2652//11148
f 2659//11149 2652//11150 2239//11151
f 2239//11152 2242//11153 2659//11154
f 1292//11155 1317//11156 1468//11157
f 1317//11158 1328//11159 1468//11160
f 1262//11161 1292//11162 1277//11163
f 1468//11164 1277//11165 1292//11166
f 1277//11167 1253//11168 1262//11169
f 1228//11170 1253//11171 1277//11172
f 1344//11173 1468//11174 1328//11175
f 1328//11176 1327//11177 1344//11178
f 1468//11179 1344//11180 1413//11181
f 1468//11182 1413//11183 1462//11184
f 1498//11185 1468//11186 1462//11187
f 1498//11188 1462//11189 1794//11190
f 1530//11191 1795//11192 1794//11193
f 1844//11194 1794//11195 1795//11196
f 2154//11197 1844//11198 1795//11199
f 2154//11200 1795//11201 2030//11202
f 2030//11203 2184//11204 2154//11205
f 2030//11206 2334//11207 2184//11208
f 2420//11209 2184//11210 2334//11211
f 2334//11212 2490//11213 2420//11214
f 2620//11215 2490//11216 2334//11217
f 2334//11218 2839//11219 2620//11220
f 2839//11221 2676//11222 2909//11223
f 2909//11224 2826//11225 2908//11226
f 2909//11227 2908//11228 2983//11229
f 3002//11230 2983//11231 2986//11232
f 2984//11233 2986//11234 2983//11235
f 3025//11236 3002//11237 2986//11238
f 3027//11239 3023//11240 3025//11241
f 2997//11242 3023//11243 3027//11244
f 2944//11245 2997//11246 3019//11247
f 3019//11248 2982//11249 2944//11250
f 2944//11251 2972//11252 2959//11253
f 2972//11254 2944//11255 2982//11256
f 2982//11257 2971//11258 2972//11259
f 2944//11260 2955//11261 2946//11262
f 2944//11263 2959//11264 2955//11265
f 2840//11266 2944//11267 2939//11268
f 2946//11269 2939//11270 2944//11271
f 2939//11272 2928//11273 2840//11274
f 2638//11275 2659//11276 2664//11277
f 2652//11278 2659//11279 2638//11280
f 2638//11281 2683//11282 2652//11283
f 924//11284 918//11285 1680//11286
f 1655//11287 380//11288 373//11289
f 1654//11290 1655//11291 374//11292
f 373//11293 374//11294 1655//11295
f 1654//11296 374//11297 328//11298
f 1654//11299 328//11300 384//11301
f 1653//11302 1654//11303 384//11304
f 384//11305 387//11306 1653//11307
f 396//11308 398//11309 1652//11310
f 1652//11311 1653//11312 396//11313
f 387//11314 396//11315 1653//11316
f 404//11317 347//11318 1651//11319
f 1651//11320 1652//11321 404//11322
f 398//11323 404//11324 1652//11325
f 1651//11326 347//11327 422//11328
f 1649//11329 1651//11330 422//11331
f 1649//11332 422//11333 496//11334
f 496//11335 1650//11336 1649//11337
f 1967//11338 1788//11339 1655//11340
f 1788//11341 380//11342 1655//11343
f 380//11344 1788//11345 1785//11346
f 385//11347 380//11348 1785//11349
f 394//11350 1779//11351 1778//11352
f 394//11353 392//11354 1779//11355
f 1782//11356 1779//11357 392//11358
f 392//11359 389//11360 1782//11361
f 1785//11362 1782//11363 389//11364
f 389//11365 385//11366 1785//11367
f 401//11368 397//11369 1775//11370
f 1778//11371 1775//11372 397//11373
f 1778//11374 397//11375 394//11376
f 423//11377 1771//11378 1770//11379
f 423//11380 418//11381 1771//11382
f 1774//11383 1771//11384 418//11385
f 418//11386 409//11387 1774//11388
f 1775//11389 1774//11390 409//11391
f 1775//11392 409//11393 401//11394
f 1770//11395 1768//11396 429//11397
f 1770//11398 429//11399 423//11400
f 434//11401 1768//11402 1767//11403
f 434//11404 429//11405 1768//11406
f 1763//11407 445//11408 441//11409
f 441//11410 439//11411 1763//11412
f 1767//11413 1763//11414 439//11415
f 1767//11416 439//11417 434//11418
f 1763//11419 1762//11420 445//11421
f 450//11422 445//11423 1762//11424
f 1762//11425 1759//11426 450//11427
f 452//11428 450//11429 1759//11430
f 452//11431 1759//11432 1758//11433
f 1758//11434 456//11435 452//11436
f 456//11437 1758//11438 1755//11439
f 466//11440 456//11441 1755//11442
f 466//11443 1755//11444 1754//11445
f 1754//11446 468//11447 466//11448
f 1754//11449 1751//11450 468//11451
f 478//11452 468//11453 1751//11454
f 478//11455 1751//11456 1750//11457
f 1750//11458 486//11459 478//11460
f 492//11461 486//11462 1750//11463
f 1750//11464 1747//11465 492//11466
f 503//11467 492//11468 1747//11469
f 503//11470 1747//11471 1746//11472
f 512//11473 503//11474 1746//11475
f 1746//11476 1743//11477 512//11478
f 528//11479 512//11480 1743//11481
f 528//11482 1743//11483 1742//11484
f 548//11485 528//11486 1742//11487
f 1742//11488 1738//11489 548//11490
f 552//11491 548//11492 1738//11493
f 582//11494 1734//11495 1733//11496
f 582//11497 570//11498 1734//11499
f 1737//11500 1734//11501 570//11502
f 1738//11503 1737//11504 570//11505
f 570//11506 552//11507 1738//11508
f 608//11509 1728//11510 1727//11511
f 608//11512 593//11513 1728//11514
f 1733//11515 1728//11516 593//11517
f 1733//11518 593//11519 582//11520
f 615//11521 1727//11522 1722//11523
f 1727//11524 615//11525 608//11526
f 1717//11527 1715//11528 673//11529
f 673//11530 661//11531 1717//11532
f 661//11533 1721//11534 1717//11535
f 1721//11536 661//11537 647//11538
f 1722//11539 1721//11540 647//11541
f 647//11542 527//11543 1722//11544
f 1722//11545 527//11546 615//11547
f 1820//11548 1703//11549 763//11550
f 763//11551 1707//11552 1820//11553
f 763//11554 613//11555 1707//11556
f 1707//11557 613//11558 725//11559
f 1708//11560 1707//11561 725//11562
f 725//11563 689//11564 1708//11565
f 689//11566 1715//11567 1708//11568
f 1715//11569 689//11570 673//11571
f 1699//11572 1716//11573 819//11574
f 819//11575 1703//11576 1699//11577
f 819//11578 781//11579 1703//11580
f 781//11581 763//11582 1703//11583
f 1697//11584 1696//11585 847//11586
f 847//11587 1716//11588 1697//11589
f 847//11590 838//11591 1716//11592
f 838//11593 819//11594 1716//11595
f 1693//11596 1692//11597 868//11598
f 868//11599 862//11600 1693//11601
f 862//11602 1696//11603 1693//11604
f 862//11605 854//11606 1696//11607
f 854//11608 847//11609 1696//11610
f 1805//11611 1686//11612 909//11613
f 909//11614 1688//11615 1805//11616
f 909//11617 903//11618 1688//11619
f 1688//11620 903//11621 883//11622
f 1689//11623 1688//11624 883//11625
f 883//11626 873//11627 1689//11628
f 873//11629 1692//11630 1689//11631
f 1692//11632 873//11633 868//11634
f 1681//11635 1680//11636 918//11637
f 918//11638 1686//11639 1681//11640
f 918//11641 913//11642 1686//11643
f 913//11644 909//11645 1686//11646
f 938//11647 936//11648 1676//11649
f 938//11650 1676//11651 1674//11652
f 940//11653 938//11654 1674//11655
f 1676//11656 936//11657 933//11658
f 1677//11659 1676//11660 933//11661
f 933//11662 929//11663 1677//11664
f 929//11665 1680//11666 1677//11667
f 1680//11668 929//11669 924//11670
f 952//11671 818//11672 1668//11673
f 1668//11674 818//11675 947//11676
f 1672//11677 1668//11678 947//11679
f 947//11680 945//11681 1672//11682
f 945//11683 1674//11684 1672//11685
f 1674//11686 945//11687 940//11688
f 1668//11689 1829//11690 952//11691
f 952//11692 1829//11693 1657//11694
f 1657//11695 953//11696 952//11697
f 1792//11698 1657//11699 1829//11700
f 1967//11701 1785//11702 1788//11703
f 1782//11704 1785//11705 1967//11706
f 1779//11707 1782//11708 1967//11709
f 1967//11710 1901//11711 1779//11712
f 1778//11713 1779//11714 1901//11715
f 1775//11716 1778//11717 1901//11718
f 1774//11719 1775//11720 1901//11721
f 1771//11722 1774//11723 1901//11724
f 1770//11725 1771//11726 1901//11727
f 1768//11728 1770//11729 1901//11730
f 1767//11731 1768//11732 1901//11733
f 1763//11734 1767//11735 1901//11736
f 1762//11737 1763//11738 1901//11739
f 1901//11740 1861//11741 1762//11742
f 1759//11743 1762//11744 1861//11745
f 1758//11746 1759//11747 1861//11748
f 1755//11749 1758//11750 1861//11751
f 1754//11752 1755//11753 1861//11754
f 1751//11755 1754//11756 1861//11757
f 1750//11758 1751//11759 1861//11760
f 1747//11761 1750//11762 1861//11763
f 1861//11764 1822//11765 1747//11766
f 1746//11767 1747//11768 1822//11769
f 1743//11770 1746//11771 1822//11772
f 1742//11773 1743//11774 1822//11775
f 1738//11776 1742//11777 1822//11778
f 1737//11779 1738//11780 1822//11781
f 1734//11782 1737//11783 1822//11784
f 1733//11785 1734//11786 1822//11787
f 1728//11788 1733//11789 1822//11790
f 1727//11791 1728//11792 1822//11793
f 1722//11794 1727//11795 1822//11796
f 1822//11797 1820//11798 1722//11799
f 1721//11800 1722//11801 1820//11802
f 1717//11803 1721//11804 1820//11805
f 1715//11806 1717//11807 1820//11808
f 1708//11809 1715//11810 1820//11811
f 1707//11812 1708//11813 1820//11814
f 1699//11815 1703//11816 1820//11817
f 1820//11818 1716//11819 1699//11820
f 1696//11821 1697//11822 1716//11823
f 1696//11824 1716//11825 1805//11826
f 1693//11827 1696//11828 1805//11829
f 1692//11830 1693//11831 1805//11832
f 1689//11833 1692//11834 1805//11835
f 1688//11836 1689//11837 1805//11838
f 1681//11839 1686//11840 1805//11841
f 1680//11842 1681//11843 1805//11844
f 1677//11845 1680//11846 1805//11847
f 1805//11848 1813//11849 1677//11850
f 1676//11851 1677//11852 1813//11853
f 1674//11854 1676//11855 1813//11856
f 1672//11857 1674//11858 1813//11859
f 1668//11860 1813//11861 1829//11862
f 1668//11863 1672//11864 1813//11865
f 1651//11866 1649//11867 1656//11868
f 1649//11869 1650//11870 1656//11871
f 1656//11872 1655//11873 1654//11874
f 1656//11875 1654//11876 1653//11877
f 1653//11878 1652//11879 1656//11880
f 1652//11881 1651//11882 1656//11883
f 1650//11884 496//11885 513//11886
f 1670//11887 1650//11888 513//11889
f 513//11890 481//11891 1670//11892
f 1670//11893 481//11894 634//11895
f 1670//11896 634//11897 663//11898
f 663//11899 1683//11900 1670//11901
f 663//11902 694//11903 1683//11904
f 1704//11905 1683//11906 694//11907
f 694//11908 964//11909 1704//11910
f 964//11911 1242//11912 1136//11913
f 1704//11914 1243//11915 1550//11916
f 2643//11917 2683//11918 2679//11919
f 1704//11920 964//11921 1243//11922
f 1136//11923 1243//11924 964//11925
f 1988//11926 2643//11927 1550//11928
f 2679//11929 1550//11930 2643//11931
f 1656//11932 1650//11933 1670//11934
f 1656//11935 1670//11936 1683//11937
f 1656//11938 1683//11939 1704//11940
f 1704//11941 1550//11942 1656//11943
f 1967//11944 1655//11945 1656//11946
f 1656//11947 1550//11948 1967//11949
f 1550//11950 2679//11951 2220//11952
f 2220//11953 1967//11954 1550//11955
f 1884//11956 1855//11957 1829//11958
f 1800//11959 1792//11960 1829//11961
f 1817//11962 1808//11963 1829//11964
f 1808//11965 1800//11966 1829//11967
f 1855//11968 1845//11969 1829//11970
f 1897//11971 1891//11972 1930//11973
f 1942//11974 1918//11975 1930//11976
f 1930//11977 1918//11978 1897//11979
f 1944//11980 1942//11981 1930//11982
f 1930//11983 2020//11984 1991//11985
f 1991//11986 1977//11987 1930//11988
f 1820//11989 2220//11990 2134//11991
f 1813//11992 1805//11993 1930//11994
f 1930//11995 1829//11996 1813//11997
f 1930//11998 1891//11999 1884//12000
f 1829//12001 1930//12002 1884//12003
f 1930//12004 1805//12005 2134//12006
f 1822//12007 1861//12008 2220//12009
f 1716//12010 1820//12011 1805//12012
f 2220//12013 1861//12014 1901//12015
f 2220//12016 1820//12017 1822//12018
f 1901//12019 1967//12020 2220//12021
f 1805//12022 1820//12023 2134//12024
f 1657//12025 1792//12026 1726//12027
f 1726//12028 1658//12029 1657//12030
f 402//12031 395//12032 1662//12033
f 1807//12034 1675//12035 937//12036
f 1682//12037 1685//12038 914//12039
f 1694//12040 1695//12041 861//12042
f 1739//12043 1741//12044 541//12045
f 338//12046 382//12047 1659//12048
f 1659//12049 382//12050 1787//12051
f 1786//12052 1787//12053 382//12054
f 1786//12055 382//12056 386//12057
f 1786//12058 386//12059 388//12060
f 1781//12061 1786//12062 388//12063
f 388//12064 391//12065 1781//12066
f 1780//12067 1781//12068 391//12069
f 1780//12070 391//12071 393//12072
f 1780//12073 393//12074 377//12075
f 1777//12076 1780//12077 377//12078
f 377//12079 399//12080 1777//12081
f 1776//12082 1777//12083 399//12084
f 1776//12085 399//12086 405//12087
f 405//12088 414//12089 1776//12090
f 1773//12091 1776//12092 414//12093
f 1772//12094 1773//12095 414//12096
f 1772//12097 414//12098 421//12099
f 421//12100 428//12101 1772//12102
f 1850//12103 1772//12104 428//12105
f 1769//12106 1850//12107 428//12108
f 1769//12109 428//12110 433//12111
f 1769//12112 433//12113 435//12114
f 1766//12115 1769//12116 435//12117
f 435//12118 440//12119 1766//12120
f 1764//12121 1766//12122 440//12123
f 451//12124 455//12125 1760//12126
f 1757//12127 1760//12128 455//12129
f 1756//12130 1757//12131 455//12132
f 1764//12133 440//12134 443//12135
f 1761//12136 1764//12137 443//12138
f 443//12139 446//12140 1761//12141
f 1760//12142 1761//12143 446//12144
f 1760//12145 446//12146 451//12147
f 1756//12148 455//12149 465//12150
f 465//12151 469//12152 1756//12153
f 1753//12154 1756//12155 469//12156
f 1752//12157 1753//12158 469//12159
f 1752//12160 469//12161 425//12162
f 425//12163 482//12164 1752//12165
f 1749//12166 1752//12167 482//12168
f 482//12169 488//12170 1749//12171
f 1748//12172 1749//12173 488//12174
f 522//12175 541//12176 1741//12177
f 1741//12178 1744//12179 522//12180
f 488//12181 491//12182 1748//12183
f 1748//12184 491//12185 501//12186
f 1745//12187 1748//12188 501//12189
f 501//12190 508//12191 1745//12192
f 1744//12193 1745//12194 508//12195
f 1744//12196 508//12197 522//12198
f 1731//12199 1735//12200 579//12201
f 1739//12202 541//12203 553//12204
f 1736//12205 1739//12206 553//12207
f 553//12208 568//12209 1736//12210
f 1735//12211 1736//12212 568//12213
f 1735//12214 568//12215 579//12216
f 1720//12217 1723//12218 648//12219
f 579//12220 595//12221 1731//12222
f 1729//12223 1731//12224 595//12225
f 595//12226 605//12227 1729//12228
f 1725//12229 1729//12230 605//12231
f 605//12232 614//12233 1725//12234
f 1723//12235 1725//12236 614//12237
f 614//12238 555//12239 1723//12240
f 1723//12241 555//12242 648//12243
f 1720//12244 648//12245 660//12246
f 660//12247 674//12248 1720//12249
f 1718//12250 1720//12251 674//12252
f 1714//12253 1718//12254 674//12255
f 1714//12256 674//12257 511//12258
f 1714//12259 511//12260 723//12261
f 1709//12262 1714//12263 723//12264
f 1706//12265 1709//12266 723//12267
f 1706//12268 723//12269 619//12270
f 1706//12271 619//12272 760//12273
f 1828//12274 1706//12275 760//12276
f 1702//12277 1828//12278 760//12279
f 1702//12280 760//12281 780//12282
f 1702//12283 780//12284 814//12285
f 814//12286 825//12287 1698//12288
f 1698//12289 1700//12290 814//12291
f 1700//12292 1702//12293 814//12294
f 825//12295 845//12296 1698//12297
f 1854//12298 1698//12299 845//12300
f 735//12301 861//12302 1695//12303
f 1695//12304 1854//12305 845//12306
f 845//12307 735//12308 1695//12309
f 1691//12310 1694//12311 861//12312
f 861//12313 875//12314 1691//12315
f 1691//12316 875//12317 880//12318
f 1690//12319 1691//12320 880//12321
f 1687//12322 1690//12323 880//12324
f 1687//12325 880//12326 895//12327
f 895//12328 906//12329 1687//12330
f 1804//12331 1687//12332 906//12333
f 840//12334 914//12335 1685//12336
f 1685//12337 1804//12338 906//12339
f 906//12340 840//12341 1685//12342
f 1679//12343 1682//12344 914//12345
f 914//12346 923//12347 1679//12348
f 923//12349 930//12350 1679//12351
f 1678//12352 1679//12353 930//12354
f 934//12355 937//12356 1675//12357
f 1675//12358 1678//12359 930//12360
f 930//12361 934//12362 1675//12363
f 1673//12364 1807//12365 937//12366
f 937//12367 943//12368 1673//12369
f 1673//12370 943//12371 946//12372
f 1671//12373 1673//12374 946//12375
f 1671//12376 946//12377 948//12378
f 1667//12379 1671//12380 948//12381
f 948//12382 950//12383 1667//12384
f 1667//12385 950//12386 954//12387
f 954//12388 1658//12389 1667//12390
f 378//12391 376//12392 1660//12393
f 1659//12394 1660//12395 376//12396
f 1659//12397 376//12398 338//12399
f 383//12400 378//12401 1660//12402
f 383//12403 1660//12404 1661//12405
f 1661//12406 390//12407 383//12408
f 1661//12409 1662//12410 395//12411
f 395//12412 390//12413 1661//12414
f 413//12415 406//12416 1663//12417
f 1662//12418 1663//12419 406//12420
f 406//12421 402//12422 1662//12423
f 419//12424 413//12425 1663//12426
f 419//12427 1663//12428 1664//12429
f 1664//12430 424//12431 419//12432
f 424//12433 1664//12434 1665//12435
f 1854//12436 1694//12437 1691//12438
f 1667//12439 1658//12440 1726//12441
f 1726//12442 1807//12443 1667//12444
f 1671//12445 1667//12446 1807//12447
f 1673//12448 1671//12449 1807//12450
f 1678//12451 1675//12452 1807//12453
f 1679//12454 1678//12455 1807//12456
f 1682//12457 1679//12458 1807//12459
f 1685//12460 1682//12461 1807//12462
f 1807//12463 1804//12464 1685//12465
f 1690//12466 1687//12467 1804//12468
f 1691//12469 1690//12470 1804//12471
f 1804//12472 1854//12473 1691//12474
f 1695//12475 1694//12476 1854//12477
f 1700//12478 1698//12479 1854//12480
f 1702//12481 1700//12482 1854//12483
f 1854//12484 1828//12485 1702//12486
f 1709//12487 1706//12488 1828//12489
f 1714//12490 1709//12491 1828//12492
f 1718//12493 1714//12494 1828//12495
f 1720//12496 1718//12497 1828//12498
f 1828//12499 2035//12500 1720//12501
f 1723//12502 1720//12503 2035//12504
f 1725//12505 1723//12506 2035//12507
f 1729//12508 1725//12509 2035//12510
f 1731//12511 1729//12512 2035//12513
f 1735//12514 1731//12515 2035//12516
f 1736//12517 1735//12518 2035//12519
f 1739//12520 1736//12521 2035//12522
f 1741//12523 1739//12524 2035//12525
f 2035//12526 1923//12527 1741//12528
f 1744//12529 1741//12530 1923//12531
f 1745//12532 1744//12533 1923//12534
f 1748//12535 1745//12536 1923//12537
f 1749//12538 1748//12539 1923//12540
f 1752//12541 1749//12542 1923//12543
f 1753//12544 1752//12545 1923//12546
f 1756//12547 1753//12548 1923//12549
f 1757//12550 1756//12551 1923//12552
f 1760//12553 1757//12554 1923//12555
f 1923//12556 1850//12557 1760//12558
f 1761//12559 1760//12560 1850//12561
f 1764//12562 1761//12563 1850//12564
f 1766//12565 1764//12566 1850//12567
f 1769//12568 1766//12569 1850//12570
f 1773//12571 1772//12572 1850//12573
f 1776//12574 1773//12575 1850//12576
f 1777//12577 1776//12578 1850//12579
f 1850//12580 1787//12581 1777//12582
f 1780//12583 1777//12584 1787//12585
f 1781//12586 1780//12587 1787//12588
f 1786//12589 1781//12590 1787//12591
f 1666//12592 1665//12593 1664//12594
f 1666//12595 1664//12596 1663//12597
f 1666//12598 1663//12599 1662//12600
f 1666//12601 1662//12602 1661//12603
f 1661//12604 1660//12605 1666//12606
f 1660//12607 1659//12608 1666//12609
f 1705//12610 1666//12611 1796//12612
f 1666//12613 1705//12614 1684//12615
f 1666//12616 1684//12617 1665//12618
f 1851//12619 1875//12620 1982//12621
f 1892//12622 1893//12623 1910//12624
f 1981//12625 1971//12626 1978//12627
f 1921//12628 1933//12629 1981//12630
f 1981//12631 1933//12632 1945//12633
f 1875//12634 1892//12635 1910//12636
f 1802//12637 1819//12638 1982//12639
f 1819//12640 1834//12641 1982//12642
f 1726//12643 1797//12644 1807//12645
f 1797//12646 1802//12647 1807//12648
f 1910//12649 1982//12650 1875//12651
f 1982//12652 1834//12653 1851//12654
f 1854//12655 2035//12656 1828//12657
f 1982//12658 1807//12659 1802//12660
f 1807//12661 1982//12662 1804//12663
f 1787//12664 1850//12665 1923//12666
f 1854//12667 1804//12668 1982//12669
f 2035//12670 1982//12671 2070//12672
f 1923//12673 2342//12674 1787//12675
f 1981//12676 1945//12677 1971//12678
f 2665//12679 1787//12680 2342//12681
f 1982//12682 1910//12683 1981//12684
f 1981//12685 1910//12686 1921//12687
f 1910//12688 1919//12689 1921//12690
f 1982//12691 2035//12692 1854//12693
f 1875//12694 1851//12695 1884//12696
f 1977//12697 1991//12698 1992//12699
f 1992//12700 1991//12701 2007//12702
f 2007//12703 2009//12704 1992//12705
f 2023//12706 2009//12707 2007//12708
f 2007//12709 2010//12710 2023//12711
f 2010//12712 2034//12713 2023//12714
f 2034//12715 2010//12716 2020//12717
f 2020//12718 2054//12719 2034//12720
f 2073//12721 2079//12722 2056//12723
f 2056//12724 2053//12725 2073//12726
f 2065//12727 2073//12728 2053//12729
f 2053//12730 2054//12731 2065//12732
f 2054//12733 2053//12734 2037//12735
f 2037//12736 2034//12737 2054//12738
f 2073//12739 2088//12740 2079//12741
f 2088//12742 2089//12743 2079//12744
f 1978//12745 1971//12746 1944//12747
f 1944//12748 1930//12749 1978//12750
f 1992//12751 1981//12752 1977//12753
f 1981//12754 1978//12755 1977//12756
f 1930//12757 1977//12758 1978//12759
f 1945//12760 1933//12761 1918//12762
f 1918//12763 1942//12764 1945//12765
f 1971//12766 1945//12767 1944//12768
f 1942//12769 1944//12770 1945//12771
f 1919//12772 1910//12773 1891//12774
f 1891//12775 1910//12776 1893//12777
f 1918//12778 1933//12779 1921//12780
f 1921//12781 1919//12782 1918//12783
f 1897//12784 1918//12785 1919//12786
f 1891//12787 1897//12788 1919//12789
f 1855//12790 1884//12791 1851//12792
f 1893//12793 1892//12794 1891//12795
f 1884//12796 1891//12797 1892//12798
f 1892//12799 1875//12800 1884//12801
f 1834//12802 1817//12803 1829//12804
f 1829//12805 1845//12806 1834//12807
f 1851//12808 1834//12809 1845//12810
f 1845//12811 1855//12812 1851//12813
f 1800//12814 1808//12815 1797//12816
f 1802//12817 1797//12818 1808//12819
f 1834//12820 1819//12821 1817//12822
f 1808//12823 1817//12824 1819//12825
f 1819//12826 1802//12827 1808//12828
f 1792//12829 1800//12830 1797//12831
f 1797//12832 1726//12833 1792//12834
f 1666//12835 1659//12836 1787//12837
f 1787//12838 1796//12839 1666//12840
f 2665//12841 1796//12842 1787//12843
f 2342//12844 2462//12845 2665//12846
f 2462//12847 2720//12848 2665//12849
f 2855//12850 2665//12851 2720//12852
f 2756//12853 2775//12854 2816//12855
f 2816//12856 2812//12857 2756//12858
f 2812//12859 2809//12860 2756//12861
f 2809//12862 2805//12863 2756//12864
f 2805//12865 2801//12866 2756//12867
f 2801//12868 2800//12869 2756//12870
f 2800//12871 2796//12872 2756//12873
f 2788//12874 2756//12875 2796//12876
f 2796//12877 2794//12878 2788//12879
f 2723//12880 2756//12881 2694//12882
f 2756//12883 2788//12884 2789//12885
f 2789//12886 2906//12887 2756//12888
f 2906//12889 2855//12890 2756//12891
f 2694//12892 2756//12893 2462//12894
f 2720//12895 2756//12896 2855//12897
f 2756//12898 2720//12899 2462//12900
f 2600//12901 2604//12902 2617//12903
f 2651//12904 2600//12905 2617//12906
f 2651//12907 2617//12908 2642//12909
f 2642//12910 2694//12911 2651//12912
f 2642//12913 2742//12914 2694//12915
f 2742//12916 2723//12917 2694//12918
f 2775//12919 2756//12920 2784//12921
f 2742//12922 2784//12923 2756//12924
f 2756//12925 2723//12926 2742//12927
f 2784//12928 2819//12929 2775//12930
f 2462//12931 2394//12932 2694//12933
f 2087//12934 2056//12935 2079//12936
f 2079//12937 2089//12938 2087//12939
f 2342//12940 2394//12941 2462//12942
f 2023//12943 2034//12944 2056//12945
f 1923//12946 2035//12947 2168//12948
f 2070//12949 2168//12950 2035//12951
f 1981//12952 2056//12953 1982//12954
f 2168//12955 2342//12956 1923//12957
f 2070//12958 1982//12959 2056//12960
f 2056//12961 1981//12962 2023//12963
f 1981//12964 2009//12965 2023//12966
f 1992//12967 2009//12968 1981//12969
f 2037//12970 2053//12971 2056//12972
f 2056//12973 2034//12974 2037//12975
f 2369//12976 2342//12977 2501//12978
f 2501//12979 2394//12980 2369//12981
f 2571//12982 2694//12983 2394//12984
f 2571//12985 2653//12986 2694//12987
f 2651//12988 2694//12989 2653//12990
f 2651//12991 2653//12992 2571//12993
f 2501//12994 2571//12995 2394//12996
f 2651//12997 2571//12998 2600//12999
f 2571//13000 2501//13001 2600//13002
f 2087//13003 2089//13004 2352//13005
f 2352//13006 2367//13007 2087//13008
f 2342//13009 2369//13010 2394//13011
f 2342//13012 2168//13013 2501//13014
f 2168//13015 2070//13016 2314//13017
f 2331//13018 2314//13019 2070//13020
f 2070//13021 2056//13022 2331//13023
f 2339//13024 2331//13025 2056//13026
f 2056//13027 2350//13028 2339//13029
f 2056//13030 2087//13031 2367//13032
f 2367//13033 2350//13034 2056//13035
f 2350//13036 2501//13037 2339//13038
f 2331//13039 2339//13040 2501//13041
f 2314//13042 2331//13043 2501//13044
f 2600//13045 2501//13046 2595//13047
f 2501//13048 2541//13049 2595//13050
f 2168//13051 2314//13052 2501//13053
f 2501//13054 2350//13055 2541//13056
f 2816//13057 2775//13058 2973//13059
f 2973//13060 2966//13061 2816//13062
f 2966//13063 2812//13064 2816//13065
f 2812//13066 2966//13067 2957//13068
f 2788//13069 2910//13070 2902//13071
f 2906//13072 2789//13073 2902//13074
f 2789//13075 2788//13076 2902//13077
f 2794//13078 2932//13079 2916//13080
f 2916//13081 2910//13082 2788//13083
f 2788//13084 2794//13085 2916//13086
f 2800//13087 2936//13088 2927//13089
f 2927//13090 2932//13091 2794//13092
f 2794//13093 2796//13094 2927//13095
f 2796//13096 2800//13097 2927//13098
f 2941//13099 2937//13100 2805//13101
f 2937//13102 2936//13103 2800//13104
f 2800//13105 2801//13106 2937//13107
f 2801//13108 2805//13109 2937//13110
f 2957//13111 2960//13112 2812//13113
f 2960//13114 2945//13115 2812//13116
f 2945//13117 2941//13118 2805//13119
f 2805//13120 2809//13121 2945//13122
f 2809//13123 2812//13124 2945//13125
f 2960//13126 2941//13127 2945//13128
f 2941//13129 2936//13130 2937//13131
f 2910//13132 2916//13133 2932//13134
f 2902//13135 2910//13136 2906//13137
f 2837//13138 2855//13139 2906//13140
f 2932//13141 2927//13142 2936//13143
f 2837//13144 2701//13145 2855//13146
f 2957//13147 2973//13148 2960//13149
f 2966//13150 2973//13151 2957//13152
f 2665//13153 2855//13154 2701//13155
f 2018//13156 2005//13157 2124//13158
f 2385//13159 2396//13160 2350//13161
f 2350//13162 2367//13163 2375//13164
f 2375//13165 2385//13166 2350//13167
f 2396//13168 2405//13169 2350//13170
f 2405//13171 2412//13172 2350//13173
f 2442//13174 2458//13175 2541//13176
f 2541//13177 2350//13178 2442//13179
f 2435//13180 2442//13181 2350//13182
f 2421//13183 2435//13184 2350//13185
f 2412//13186 2421//13187 2350//13188
f 2458//13189 2468//13190 2541//13191
f 2468//13192 2477//13193 2541//13194
f 2477//13195 2484//13196 2541//13197
f 2499//13198 2541//13199 2484//13200
f 2508//13201 2541//13202 2499//13203
f 2484//13204 2493//13205 2499//13206
f 2508//13207 2516//13208 2541//13209
f 2516//13210 2522//13211 2541//13212
f 2547//13213 2557//13214 2541//13215
f 2540//13216 2547//13217 2541//13218
f 2529//13219 2540//13220 2541//13221
f 2522//13222 2529//13223 2541//13224
f 2557//13225 2565//13226 2541//13227
f 2565//13228 2572//13229 2541//13230
f 2572//13231 2581//13232 2541//13233
f 2587//13234 2593//13235 2594//13236
f 2594//13237 2541//13238 2587//13239
f 2581//13240 2587//13241 2541//13242
f 2352//13243 2089//13244 2088//13245
f 2088//13246 2092//13247 2352//13248
f 2020//13249 2010//13250 2007//13251
f 2007//13252 1991//13253 2020//13254
f 2088//13255 2073//13256 2092//13257
f 2383//13258 2220//13259 2679//13260
f 2092//13261 2054//13262 2020//13263
f 2092//13264 2073//13265 2065//13266
f 2092//13267 2065//13268 2054//13269
f 2341//13270 2216//13271 2220//13272
f 2092//13273 2020//13274 1930//13275
f 2092//13276 1930//13277 2134//13278
f 2220//13279 2194//13280 2134//13281
f 2383//13282 2341//13283 2220//13284
f 2194//13285 2220//13286 2216//13287
f 2588//13288 2592//13289 2593//13290
f 2593//13291 2587//13292 2588//13293
f 2582//13294 2588//13295 2587//13296
f 2587//13297 2570//13298 2582//13299
f 2570//13300 2587//13301 2581//13302
f 2581//13303 2572//13304 2570//13305
f 2567//13306 2570//13307 2572//13308
f 2572//13309 2565//13310 2567//13311
f 2556//13312 2567//13313 2565//13314
f 2565//13315 2557//13316 2556//13317
f 2556//13318 2557//13319 2547//13320
f 2547//13321 2539//13322 2556//13323
f 2547//13324 2540//13325 2539//13326
f 2523//13327 2539//13328 2540//13329
f 2521//13330 2523//13331 2540//13332
f 2521//13333 2540//13334 2529//13335
f 2529//13336 2522//13337 2521//13338
f 2513//13339 2521//13340 2522//13341
f 2507//13342 2513//13343 2522//13344
f 2522//13345 2516//13346 2507//13347
f 2516//13348 2508//13349 2507//13350
f 2500//13351 2507//13352 2508//13353
f 2508//13354 2499//13355 2500//13356
f 2494//13357 2500//13358 2499//13359
f 2499//13360 2493//13361 2494//13362
f 2485//13363 2494//13364 2493//13365
f 2493//13366 2474//13367 2485//13368
f 2474//13369 2493//13370 2484//13371
f 2484//13372 2477//13373 2474//13374
f 2471//13375 2474//13376 2477//13377
f 2477//13378 2468//13379 2471//13380
f 2457//13381 2471//13382 2468//13383
f 2468//13384 2458//13385 2457//13386
f 2454//13387 2457//13388 2458//13389
f 2454//13390 2458//13391 2442//13392
f 2442//13393 2437//13394 2454//13395
f 2442//13396 2435//13397 2437//13398
f 2434//13399 2437//13400 2435//13401
f 2434//13402 2435//13403 2421//13404
f 2421//13405 2414//13406 2434//13407
f 2421//13408 2412//13409 2414//13410
f 2411//13411 2414//13412 2412//13413
f 2411//13414 2412//13415 2405//13416
f 2397//13417 2411//13418 2405//13419
f 2358//13420 2367//13421 2352//13422
f 2352//13423 2092//13424 2358//13425
f 2395//13426 2397//13427 2405//13428
f 2405//13429 2396//13430 2395//13431
f 2386//13432 2395//13433 2396//13434
f 2396//13435 2385//13436 2386//13437
f 2380//13438 2386//13439 2385//13440
f 2385//13441 2375//13442 2380//13443
f 2368//13444 2380//13445 2375//13446
f 2375//13447 2358//13448 2368//13449
f 2358//13450 2375//13451 2367//13452
f 2596//13453 2541//13454 2594//13455
f 2589//13456 2578//13457 2591//13458
f 2596//13459 2594//13460 2593//13461
f 2589//13462 2596//13463 2593//13464
f 2593//13465 2592//13466 2589//13467
f 2592//13468 2578//13469 2589//13470
f 2596//13471 2595//13472 2541//13473
f 2590//13474 2589//13475 2591//13476
f 2600//13477 2595//13478 2596//13479
f 2811//13480 2815//13481 2750//13482
f 2750//13483 2793//13484 2795//13485
f 2795//13486 2797//13487 2750//13488
f 2797//13489 2802//13490 2750//13491
f 2802//13492 2808//13493 2750//13494
f 2808//13495 2811//13496 2750//13497
f 2815//13498 2818//13499 2750//13500
f 2793//13501 2750//13502 2735//13503
f 2735//13504 2750//13505 2672//13506
f 2683//13507 2735//13508 2672//13509
f 2679//13510 2683//13511 2672//13512
f 2750//13513 2818//13514 2817//13515
f 2817//13516 2786//13517 2750//13518
f 2750//13519 2786//13520 2739//13521
f 2672//13522 2750//13523 2739//13524
f 2739//13525 2719//13526 2672//13527
f 2650//13528 2672//13529 2719//13530
f 2719//13531 2666//13532 2650//13533
f 2634//13534 2650//13535 2666//13536
f 2609//13537 2610//13538 2634//13539
f 2590//13540 2591//13541 2610//13542
f 2609//13543 2590//13544 2610//13545
f 2216//13546 2332//13547 2194//13548
f 2332//13549 2134//13550 2194//13551
f 2092//13552 2134//13553 2332//13554
f 2332//13555 2422//13556 2092//13557
f 2507//13558 2500//13559 2513//13560
f 2395//13561 2386//13562 2368//13563
f 2411//13564 2397//13565 2432//13566
f 2437//13567 2434//13568 2432//13569
f 2578//13570 2592//13571 2588//13572
f 2577//13573 2591//13574 2578//13575
f 2368//13576 2092//13577 2422//13578
f 2368//13579 2358//13580 2092//13581
f 2432//13582 2422//13583 2485//13584
f 2454//13585 2437//13586 2432//13587
f 2474//13588 2471//13589 2485//13590
f 2432//13591 2485//13592 2471//13593
f 2471//13594 2457//13595 2432//13596
f 2457//13597 2454//13598 2432//13599
f 2432//13600 2414//13601 2411//13602
f 2368//13603 2386//13604 2380//13605
f 2432//13606 2397//13607 2395//13608
f 2368//13609 2432//13610 2395//13611
f 2422//13612 2432//13613 2368//13614
f 2432//13615 2434//13616 2414//13617
f 2582//13618 2570//13619 2578//13620
f 2570//13621 2567//13622 2578//13623
f 2567//13624 2556//13625 2578//13626
f 2578//13627 2539//13628 2523//13629
f 2523//13630 2513//13631 2578//13632
f 2513//13633 2485//13634 2578//13635
f 2513//13636 2523//13637 2521//13638
f 2578//13639 2556//13640 2539//13641
f 2588//13642 2582//13643 2578//13644
f 2578//13645 2422//13646 2577//13647
f 2578//13648 2485//13649 2422//13650
f 2422//13651 2332//13652 2577//13653
f 2513//13654 2500//13655 2494//13656
f 2485//13657 2513//13658 2494//13659
f 2679//13660 2672//13661 2383//13662
f 2495//13663 2332//13664 2383//13665
f 2332//13666 2216//13667 2383//13668
f 2341//13669 2383//13670 2216//13671
f 2495//13672 2577//13673 2332//13674
f 2495//13675 2610//13676 2577//13677
f 2591//13678 2577//13679 2610//13680
f 2634//13681 2495//13682 2650//13683
f 2383//13684 2650//13685 2530//13686
f 2495//13687 2530//13688 2650//13689
f 2634//13690 2610//13691 2495//13692
f 2530//13693 2495//13694 2383//13695
f 2383//13696 2672//13697 2650//13698
f 2928//13699 2911//13700 2874//13701
f 2919//13702 2911//13703 2928//13704
f 2928//13705 2923//13706 2919//13707
f 2928//13708 2933//13709 2923//13710
f 2939//13711 2933//13712 2928//13713
f 2939//13714 2946//13715 2940//13716
f 2942//13717 2940//13718 2946//13719
f 2951//13720 2942//13721 2946//13722
f 2946//13723 2955//13724 2951//13725
f 2840//13726 2928//13727 2874//13728
f 2817//13729 2818//13730 2972//13731
f 2972//13732 2971//13733 2817//13734
f 2803//13735 2798//13736 2786//13737
f 2807//13738 2803//13739 2786//13740
f 2544//13741 2553//13742 2527//13743
f 2609//13744 2527//13745 2553//13746
f 2553//13747 2562//13748 2609//13749
f 2810//13750 2807//13751 2786//13752
f 2817//13753 2814//13754 2786//13755
f 2814//13756 2810//13757 2786//13758
f 2719//13759 2669//13760 2666//13761
f 2527//13762 2609//13763 2634//13764
f 2562//13765 2574//13766 2609//13767
f 2609//13768 2574//13769 2583//13770
f 2583//13771 2590//13772 2609//13773
f 2479//13774 2491//13775 2527//13776
f 1959//13777 1553//13778 1914//13779
f 2768//13780 2786//13781 2798//13782
f 2136//13783 2099//13784 2066//13785
f 2066//13786 2170//13787 2183//13788
f 2183//13789 2159//13790 2066//13791
f 2159//13792 2146//13793 2066//13794
f 2146//13795 2136//13796 2066//13797
f 1508//13798 1515//13799 1497//13800
f 1515//13801 1524//13802 1497//13803
f 1553//13804 1497//13805 1524//13806
f 1524//13807 1539//13808 1553//13809
f 2232//13810 2218//13811 2167//13812
f 2170//13813 2167//13814 2218//13815
f 2218//13816 2206//13817 2170//13818
f 1539//13819 1562//13820 1553//13821
f 1553//13822 1562//13823 1620//13824
f 1620//13825 1639//13826 1553//13827
f 1639//13828 1711//13829 1553//13830
f 1711//13831 1789//13832 1553//13833
f 2257//13834 2237//13835 2167//13836
f 2167//13837 2237//13838 2232//13839
f 2285//13840 2277//13841 2294//13842
f 2167//13843 2294//13844 2277//13845
f 2277//13846 2257//13847 2167//13848
f 1789//13849 1823//13850 1553//13851
f 1553//13852 1823//13853 1836//13854
f 1836//13855 1879//13856 1553//13857
f 1879//13858 1906//13859 1553//13860
f 1906//13861 1914//13862 1553//13863
f 2335//13864 2311//13865 2294//13866
f 1914//13867 1957//13868 1959//13869
f 1959//13870 1957//13871 1964//13872
f 2033//13873 1959//13874 1964//13875
f 1964//13876 2003//13877 2033//13878
f 2294//13879 2333//13880 2400//13881
f 2400//13882 2370//13883 2294//13884
f 2370//13885 2356//13886 2294//13887
f 2356//13888 2335//13889 2294//13890
f 2003//13891 2026//13892 2033//13893
f 2026//13894 2038//13895 2033//13896
f 2038//13897 2076//13898 2033//13899
f 2449//13900 2400//13901 2333//13902
f 2535//13903 2486//13904 2333//13905
f 2486//13906 2449//13907 2333//13908
f 2076//13909 2106//13910 2033//13911
f 2033//13912 2106//13913 2130//13914
f 2130//13915 2143//13916 2033//13917
f 2180//13918 2033//13919 2143//13920
f 2143//13921 2163//13922 2180//13923
f 2163//13924 2172//13925 2180//13926
f 2668//13927 2656//13928 2333//13929
f 2656//13930 2640//13931 2333//13932
f 2172//13933 2187//13934 2180//13935
f 2180//13936 2187//13937 2197//13938
f 2228//13939 2180//13940 2197//13941
f 2197//13942 2210//13943 2228//13944
f 2210//13945 2222//13946 2228//13947
f 2333//13948 2677//13949 2668//13950
f 2246//13951 2262//13952 2228//13953
f 2228//13954 2262//13955 2275//13956
f 2275//13957 2283//13958 2228//13959
f 2327//13960 2228//13961 2283//13962
f 2283//13963 2303//13964 2327//13965
f 2303//13966 2318//13967 2327//13968
f 2409//13969 2327//13970 2353//13971
f 2264//13972 2209//13973 2228//13974
f 2228//13975 2209//13976 2033//13977
f 1553//13978 1504//13979 1497//13980
f 2209//13981 1504//13982 1553//13983
f 2033//13984 2209//13985 1553//13986
f 2426//13987 2264//13988 2327//13989
f 1553//13990 1959//13991 2033//13992
f 2228//13993 2033//13994 2180//13995
f 2228//13996 2327//13997 2264//13998
f 2327//13999 2409//14000 2426//14001
f 2353//14002 2381//14003 2409//14004
f 2426//14005 2505//14006 2666//14007
f 2527//14008 2426//14009 2409//14010
f 2527//14011 2409//14012 2417//14013
f 2417//14014 2451//14015 2527//14016
f 2798//14017 2781//14018 2768//14019
f 2768//14020 2781//14021 2779//14022
f 1504//14023 2209//14024 1953//14025
f 2015//14026 1953//14027 2209//14028
f 2666//14029 2669//14030 2426//14031
f 2451//14032 2479//14033 2527//14034
f 2167//14035 2170//14036 2066//14037
f 2333//14038 2294//14039 2274//14040
f 2677//14041 2333//14042 2274//14043
f 2768//14044 2739//14045 2786//14046
f 2274//14047 2294//14048 2167//14049
f 2739//14050 2768//14051 2677//14052
f 2066//14053 2015//14054 2167//14055
f 2274//14056 2167//14057 2204//14058
f 1431//14059 2015//14060 2066//14061
f 2015//14062 2204//14063 2167//14064
f 1630//14065 2015//14066 1431//14067
f 2677//14068 2274//14069 2669//14070
f 2739//14071 2677//14072 2719//14073
f 2015//14074 2264//14075 2204//14076
f 2274//14077 2204//14078 2264//14079
f 2719//14080 2677//14081 2669//14082
f 2015//14083 1630//14084 1557//14085
f 2274//14086 2384//14087 2669//14088
f 1557//14089 1504//14090 2015//14091
f 1953//14092 2015//14093 1504//14094
f 2264//14095 2015//14096 2209//14097
f 2274//14098 2264//14099 2384//14100
f 2669//14101 2384//14102 2426//14103
f 2426//14104 2384//14105 2264//14106
f 2505//14107 2634//14108 2666//14109
f 2634//14110 2505//14111 2426//14112
f 2426//14113 2527//14114 2634//14115
f 2491//14116 2544//14117 2527//14118
f 2798//14119 2803//14120 2962//14121
f 2964//14122 2962//14123 2803//14124
f 2803//14125 2807//14126 2964//14127
f 2967//14128 2964//14129 2807//14130
f 2807//14131 2810//14132 2967//14133
f 2969//14134 2967//14135 2810//14136
f 2810//14137 2814//14138 2969//14139
f 2971//14140 2969//14141 2814//14142
f 2814//14143 2817//14144 2971//14145
f 1435//14146 1431//14147 2066//14148
f 1501//14149 1863//14150 2695//14151
f 1541//14152 1510//14153 1320//14154
f 1318//14155 1320//14156 1510//14157
f 1840//14158 1541//14159 1423//14160
f 1320//14161 1423//14162 1541//14163
f 1494//14164 1497//14165 1309//14166
f 1309//14167 1318//14168 1494//14169
f 1318//14170 1510//14171 1494//14172
f 1557//14173 1416//14174 1255//14175
f 1557//14176 1630//14177 1416//14178
f 1431//14179 1416//14180 1630//14181
f 1493//14182 1501//14183 2695//14184
f 2695//14185 2174//14186 1493//14187
f 2174//14188 2269//14189 1493//14190
f 1423//14191 1493//14192 2269//14193
f 1435//14194 2066//14195 2099//14196
f 2153//14197 1435//14198 2099//14199
f 2099//14200 2472//14201 2153//14202
f 2773//14203 2695//14204 2125//14205
f 1423//14206 2269//14207 2072//14208
f 2072//14209 1840//14210 1423//14211
f 2695//14212 1863//14213 2125//14214
f 1311//14215 1309//14216 1497//14217
f 1497//14218 1504//14219 1311//14220
f 2125//14221 2726//14222 2773//14223
f 1504//14224 1557//14225 1255//14226
f 1255//14227 1311//14228 1504//14229
f 2726//14230 2125//14231 1968//14232
f 2158//14233 2153//14234 2833//14235
f 2153//14236 2472//14237 2833//14238
f 2334//14239 2030//14240 2340//14241
f 1527//14242 1534//14243 1791//14244
f 1547//14245 1576//14246 1791//14247
f 1724//14248 1809//14249 1791//14250
f 2691//14251 2697//14252 2675//14253
f 2011//14254 2016//14255 2052//14256
f 2057//14257 2084//14258 2158//14259
f 2952//14260 2962//14261 2982//14262
f 2833//14263 2472//14264 2675//14265
f 2153//14266 2158//14267 2117//14268
f 2102//14269 2117//14270 2158//14271
f 2084//14272 2102//14273 2158//14274
f 2472//14275 2519//14276 2536//14277
f 2536//14278 2625//14279 2472//14280
f 2016//14281 2049//14282 2052//14283
f 2052//14284 2049//14285 2057//14286
f 2158//14287 2052//14288 2057//14289
f 2052//14290 2158//14291 2833//14292
f 2675//14293 2472//14294 2625//14295
f 2171//14296 2052//14297 2833//14298
f 1948//14299 1975//14300 2052//14301
f 2052//14302 1975//14303 2011//14304
f 2625//14305 2644//14306 2675//14307
f 2644//14308 2654//14309 2675//14310
f 2654//14311 2673//14312 2675//14313
f 2673//14314 2684//14315 2675//14316
f 1894//14317 1931//14318 2052//14319
f 2052//14320 1931//14321 1948//14322
f 2684//14323 2691//14324 2675//14325
f 1894//14326 2052//14327 1791//14328
f 1791//14329 2052//14330 2171//14331
f 1809//14332 1832//14333 1791//14334
f 1832//14335 1848//14336 1791//14337
f 1791//14338 1848//14339 1894//14340
f 2697//14341 2707//14342 2675//14343
f 2707//14344 2724//14345 2675//14346
f 2675//14347 2724//14348 2285//14349
f 2675//14350 2763//14351 2900//14352
f 1576//14353 1627//14354 1791//14355
f 1627//14356 1636//14357 1791//14358
f 1636//14359 1724//14360 1791//14361
f 2285//14362 2737//14363 2675//14364
f 2675//14365 2737//14366 2748//14367
f 2748//14368 2763//14369 2675//14370
f 2900//14371 2763//14372 2766//14373
f 1534//14374 1543//14375 1791//14376
f 1791//14377 1543//14378 1547//14379
f 1505//14380 1512//14381 1791//14382
f 1791//14383 1512//14384 1527//14385
f 2766//14386 2776//14387 2900//14388
f 2900//14389 2776//14390 2790//14391
f 2790//14392 2822//14393 2900//14394
f 1488//14395 1499//14396 1472//14397
f 1472//14398 1499//14399 1505//14400
f 1791//14401 1472//14402 1505//14403
f 1791//14404 1427//14405 1472//14406
f 1791//14407 2171//14408 1427//14409
f 2900//14410 2833//14411 2675//14412
f 2822//14413 2830//14414 2900//14415
f 2900//14416 2830//14417 2841//14418
f 2841//14419 2849//14420 2900//14421
f 2990//14422 2833//14423 2900//14424
f 1472//14425 1427//14426 1356//14427
f 1530//14428 1462//14429 2171//14430
f 1427//14431 2171//14432 1462//14433
f 2849//14434 2856//14435 2900//14436
f 2900//14437 2856//14438 2861//14439
f 2861//14440 2875//14441 2900//14442
f 2875//14443 2921//14444 2900//14445
f 2171//14446 2340//14447 2030//14448
f 2990//14449 2870//14450 2833//14451
f 2171//14452 2030//14453 1530//14454
f 2833//14455 2870//14456 2828//14457
f 2984//14458 2870//14459 2990//14460
f 1413//14461 1400//14462 1427//14463
f 2921//14464 3019//14465 2900//14466
f 3027//14467 2990//14468 2900//14469
f 1427//14470 1462//14471 1413//14472
f 2900//14473 3019//14474 3027//14475
f 1400//14476 1349//14477 1354//14478
f 2921//14479 2982//14480 3019//14481
f 2949//14482 2982//14483 2921//14484
f 2949//14485 2952//14486 2982//14487
f 1530//14488 2030//14489 1979//14490
f 1400//14491 1413//14492 1344//14493
f 1400//14494 1344//14495 1342//14496
f 1342//14497 1349//14498 1400//14499
f 2627//14500 2171//14501 2833//14502
f 2171//14503 2334//14504 2340//14505
f 2627//14506 2450//14507 2171//14508
f 2627//14509 2833//14510 2676//14511
f 2334//14512 2171//14513 2450//14514
f 2450//14515 2627//14516 2676//14517
f 2909//14518 2676//14519 2826//14520
f 2749//14521 2828//14522 2676//14523
f 2826//14524 2676//14525 2828//14526
f 2749//14527 2676//14528 2833//14529
f 2870//14530 2826//14531 2828//14532
f 2828//14533 2749//14534 2833//14535
f 2990//14536 3027//14537 2986//14538
f 2986//14539 2984//14540 2990//14541
f 2870//14542 2908//14543 2826//14544
f 2450//14545 2676//14546 2839//14547
f 1335//14548 1339//14549 1344//14550
f 2982//14551 2962//14552 2964//14553
f 1332//14554 1335//14555 1344//14556
f 1344//14557 1330//14558 1332//14559
f 1795//14560 1979//14561 2030//14562
f 2967//14563 2969//14564 2982//14565
f 2964//14566 2967//14567 2982//14568
f 1344//14569 1327//14570 1330//14571
f 1530//14572 1794//14573 1462//14574
f 1795//14575 1530//14576 1979//14577
f 1339//14578 1342//14579 1344//14580
f 2450//14581 2839//14582 2334//14583
f 2908//14584 2870//14585 2983//14586
f 2983//14587 2870//14588 2984//14589
f 3025//14590 2986//14591 3027//14592
f 3019//14593 2997//14594 3027//14595
f 2969//14596 2971//14597 2982//14598
f 2959//14599 2972//14600 2818//14601
f 2818//14602 2815//14603 2959//14604
f 2955//14605 2959//14606 2815//14607
f 2955//14608 2815//14609 2811//14610
f 2951//14611 2955//14612 2811//14613
f 2802//14614 2797//14615 2933//14616
f 2933//14617 2939//14618 2802//14619
f 2802//14620 2939//14621 2940//14622
f 2808//14623 2802//14624 2940//14625
f 2940//14626 2942//14627 2808//14628
f 2942//14629 2811//14630 2808//14631
f 2811//14632 2942//14633 2951//14634
f 2919//14635 2797//14636 2795//14637
f 2919//14638 2923//14639 2797//14640
f 2923//14641 2933//14642 2797//14643
f 2874//14644 2911//14645 2793//14646
f 2911//14647 2795//14648 2793//14649
f 2911//14650 2919//14651 2795//14652
f 2874//14653 2793//14654 2735//14655
f 2891//14656 2874//14657 2735//14658
f 2891//14659 2840//14660 2874//14661
f 2840//14662 2891//14663 2769//14664
f 2683//14665 2638//14666 2735//14667
f 2891//14668 2735//14669 2761//14670
f 2638//14671 2760//14672 2735//14673
f 2760//14674 2736//14675 2735//14676
f 2736//14677 2761//14678 2735//14679
f 2769//14680 2891//14681 2761//14682
f 1405//14683 1369//14684 2620//14685
f 2490//14686 2620//14687 1369//14688
f 1555//14689 2620//14690 2769//14691
f 2420//14692 2490//14693 1369//14694
f 2420//14695 1369//14696 1363//14697
f 1363//14698 2184//14699 2420//14700
f 1278//14701 1261//14702 1136//14703
f 2755//14704 2693//14705 2769//14706
f 2154//14707 2184//14708 1363//14709
f 1347//14710 1322//14711 1498//14712
f 1498//14713 1794//14714 1347//14715
f 2840//14716 2620//14717 2839//14718
f 2840//14719 2769//14720 2620//14721
f 1555//14722 2769//14723 2693//14724
f 2693//14725 2635//14726 2496//14727
f 2620//14728 1555//14729 1407//14730
f 1407//14731 1405//14732 2620//14733
f 1794//14734 1844//14735 1347//14736
f 1363//14737 1347//14738 1844//14739
f 1844//14740 2154//14741 1363//14742
f 2635//14743 2638//14744 2496//14745
f 2840//14746 2909//14747 2983//14748
f 1555//14749 1357//14750 1407//14751
f 1326//14752 1498//14753 1322//14754
f 2983//14755 2944//14756 2840//14757
f 1326//14758 1242//14759 1277//14760
f 2944//14761 2983//14762 3002//14763
f 2997//14764 2944//14765 3002//14766
f 1468//14767 1498//14768 1326//14769
f 2840//14770 2839//14771 2909//14772
f 3025//14773 3023//14774 3002//14775
f 3002//14776 3023//14777 2997//14778
f 1326//14779 1277//14780 1468//14781
f 2496//14782 1988//14783 1555//14784
f 1555//14785 2693//14786 2496//14787
f 1136//14788 1197//14789 1278//14790
f 1405//14791 1363//14792 1369//14793
f 1363//14794 1405//14795 1322//14796
f 1322//14797 1347//14798 1363//14799
f 1326//14800 1322//14801 1197//14802
f 1278//14803 1357//14804 1261//14805
f 1136//14806 1326//14807 1197//14808
f 1151//14809 1278//14810 1197//14811
f 1279//14812 1357//14813 1278//14814
f 1357//14815 1279//14816 1391//14817
f 1357//14818 1391//14819 1406//14820
f 1406//14821 1407//14822 1357//14823
f 1406//14824 1405//14825 1407//14826
f 1405//14827 1406//14828 1373//14829
f 1373//14830 1322//14831 1405//14832
f 1373//14833 1197//14834 1322//14835
f 1197//14836 1373//14837 1146//14838
f 1197//14839 1146//14840 1151//14841
f 1151//14842 1146//14843 1373//14844
f 1406//14845 1391//14846 1373//14847
f 1278//14848 1151//14849 1279//14850
f 1373//14851 1391//14852 1279//14853
f 1151//14854 1373//14855 1279//14856
f 2632//14857 2638//14858 2635//14859
f 2711//14860 2760//14861 2638//14862
f 2632//14863 2711//14864 2638//14865
f 2755//14866 2769//14867 2761//14868
f 2632//14869 2663//14870 2713//14871
f 2713//14872 2711//14873 2632//14874
f 2711//14875 2713//14876 2736//14877
f 2736//14878 2760//14879 2711//14880
f 2660//14881 2755//14882 2761//14883
f 2660//14884 2693//14885 2755//14886
f 2693//14887 2660//14888 2632//14889
f 2632//14890 2635//14891 2693//14892
f 2761//14893 2736//14894 2660//14895
f 2713//14896 2663//14897 2736//14898
f 2660//14899 2736//14900 2706//14901
f 2632//14902 2660//14903 2706//14904
f 2663//14905 2632//14906 2706//14907
f 2736//14908 2663//14909 2706//14910
f 1665//14911 589//14912 424//14913
f 1684//14914 1705//14915 744//14916
f 842//14917 793//14918 1705//14919
f 793//14920 744//14921 1705//14922
f 744//14923 692//14924 1684//14925
f 1684//14926 692//14927 662//14928
f 1665//14929 1684//14930 662//14931
f 662//14932 589//14933 1665//14934
f 1796//14935 1393//14936 921//14937
f 921//14938 1705//14939 1796//14940
f 1705//14941 921//14942 842//14943
f 1397//14944 921//14945 1393//14946
f 1397//14947 1244//14948 884//14949
f 1443//14950 1393//14951 1796//14952
f 1244//14953 1192//14954 884//14955
f 2248//14956 2124//14957 2665//14958
f 1796//14959 2665//14960 2124//14961
f 1443//14962 1796//14963 1452//14964
f 1443//14965 1456//14966 1453//14967
f 1443//14968 1455//14969 1454//14970
f 1393//14971 1443//14972 1993//14973
f 1443//14974 1454//14975 1456//14976
f 1993//14977 1443//14978 1453//14979
f 1386//14980 1393//14981 1993//14982
f 1393//14983 1386//14984 1397//14985
f 1993//14986 1402//14987 1386//14988
f 1402//14989 1396//14990 1397//14991
f 1397//14992 1386//14993 1402//14994
f 2837//14995 2906//14996 2956//14997
f 2910//14998 2932//14999 2956//15000
f 2941//15001 2960//15002 2956//15003
f 2988//15004 2956//15005 2960//15006
f 2960//15007 2973//15008 2988//15009
f 2932//15010 2936//15011 2956//15012
f 2936//15013 2941//15014 2956//15015
f 2906//15016 2910//15017 2956//15018
f 2837//15019 2365//15020 2701//15021
f 2365//15022 2665//15023 2701//15024
f 2365//15025 2021//15026 2665//15027
f 2248//15028 2665//15029 2021//15030
f 2124//15031 2248//15032 2021//15033
f 2021//15034 2018//15035 2124//15036
f 1396//15037 1384//15038 1397//15039
f 1384//15040 1353//15041 1397//15042
f 1353//15043 1244//15044 1397//15045
f 1232//15046 1229//15047 1227//15048
f 1248//15049 1232//15050 1227//15051
f 1247//15052 1229//15053 1232//15054
f 1232//15055 1254//15056 1247//15057
f 1232//15058 1270//15059 1254//15060
f 1282//15061 1270//15062 1232//15063
f 1232//15064 1315//15065 1302//15066
f 1232//15067 1302//15068 1282//15069
f 1360//15070 1329//15071 1315//15072
f 1315//15073 1232//15074 1360//15075
f 1392//15076 1360//15077 1232//15078
f 1232//15079 1960//15080 1392//15081
f 1536//15082 1392//15083 1960//15084
f 1960//15085 1518//15086 1536//15087
f 1518//15088 1960//15089 2063//15090
f 2063//15091 2006//15092 1518//15093
f 2063//15094 2296//15095 2006//15096
f 2296//15097 2156//15098 2006//15099
f 2296//15100 2235//15101 2156//15102
f 2296//15103 2323//15104 2235//15105
f 2235//15106 2323//15107 2427//15108
f 2621//15109 2235//15110 2427//15111
f 2621//15112 2427//15113 2718//15114
f 2621//15115 2718//15116 2850//15117
f 2850//15118 2745//15119 2621//15120
f 2787//15121 2745//15122 2850//15123
f 2850//15124 2869//15125 2787//15126
f 2869//15127 2901//15128 2787//15129
f 2787//15130 2901//15131 2931//15132
f 2930//15133 2787//15134 2931//15135
f 2931//15136 2938//15137 2930//15138
f 2930//15139 2938//15140 2947//15141
f 2929//15142 2947//15143 2998//15144
f 2947//15145 2929//15146 2930//15147
f 2929//15148 2998//15149 3026//15150
f 3026//15151 3006//15152 2929//15153
f 3006//15154 3026//15155 3028//15156
f 3028//15157 3024//15158 2996//15159
f 2996//15160 3006//15161 3028//15162
f 2996//15163 3024//15164 3001//15165
f 2996//15166 3001//15167 2988//15168
f 2968//15169 2988//15170 2973//15171
f 2973//15172 2974//15173 2968//15174
f 2018//15175 1997//15176 1994//15177
f 2018//15178 1994//15179 2005//15180
f 2005//15181 1452//15182 2124//15183
f 3024//15184 3028//15185 1402//15186
f 1396//15187 1402//15188 3028//15189
f 3028//15190 3026//15191 1396//15192
f 3026//15193 2998//15194 1396//15195
f 1402//15196 2988//15197 3001//15198
f 3001//15199 3024//15200 1402//15201
f 2021//15202 1402//15203 1993//15204
f 2988//15205 1402//15206 2021//15207
f 1396//15208 2998//15209 2947//15210
f 2947//15211 1384//15212 1396//15213
f 2947//15214 2938//15215 1384//15216
f 1353//15217 1384//15218 2938//15219
f 2365//15220 2837//15221 2988//15222
f 2938//15223 2063//15224 1960//15225
f 2063//15226 2938//15227 2931//15228
f 2296//15229 2063//15230 2931//15231
f 1960//15232 1232//15233 2938//15234
f 2938//15235 1244//15236 1353//15237
f 2931//15238 2323//15239 2296//15240
f 1248//15241 1244//15242 2938//15243
f 2901//15244 2869//15245 2718//15246
f 2850//15247 2718//15248 2869//15249
f 2427//15250 2323//15251 2931//15252
f 2938//15253 1232//15254 1248//15255
f 2956//15256 2988//15257 2837//15258
f 2718//15259 2931//15260 2901//15261
f 2931//15262 2718//15263 2427//15264
f 2988//15265 2021//15266 2365//15267
f 1993//15268 1453//15269 2018//15270
f 1997//15271 2018//15272 1453//15273
f 1997//15274 1453//15275 1456//15276
f 1994//15277 1997//15278 1456//15279
f 1456//15280 1454//15281 1994//15282
f 1994//15283 1454//15284 1455//15285
f 1455//15286 2005//15287 1994//15288
f 1455//15289 1443//15290 2005//15291
f 1452//15292 2005//15293 1443//15294
f 1452//15295 1796//15296 2124//15297
f 1993//15298 2018//15299 2021//15300
f 1516//15301 1519//15302 1529//15303
f 1621//15304 1633//15305 1831//15306
f 1907//15307 1913//15308 1928//15309
f 2027//15310 2041//15311 2157//15312
f 2164//15313 2177//15314 2181//15315
f 2876//15316 2893//15317 2873//15318
f 2510//15319 2545//15320 2615//15321
f 2413//15322 2215//15323 2223//15324
f 2181//15325 2192//15326 2198//15327
f 2095//15328 2115//15329 2131//15330
f 1928//15331 1955//15332 1965//15333
f 1831//15334 1816//15335 1837//15336
f 1545//15337 1509//15338 1903//15339
f 2413//15340 2615//15341 2624//15342
f 2615//15343 2413//15344 2480//15345
f 2480//15346 2510//15347 2615//15348
f 2299//15349 2646//15350 2692//15351
f 2624//15352 2195//15353 2413//15354
f 2873//15355 2835//15356 2876//15357
f 2835//15358 2873//15359 2734//15360
f 2624//15361 2299//15362 2195//15363
f 2692//15364 2740//15365 2667//15366
f 2873//15367 2832//15368 2734//15369
f 2734//15370 2623//15371 2740//15372
f 2623//15373 2667//15374 2740//15375
f 2623//15376 2734//15377 2832//15378
f 2692//15379 2667//15380 2299//15381
f 2195//15382 2157//15383 2413//15384
f 2223//15385 2241//15386 2413//15387
f 2413//15388 2181//15389 2198//15390
f 2198//15391 2215//15392 2413//15393
f 2177//15394 2192//15395 2181//15396
f 2413//15397 2157//15398 2095//15399
f 2095//15400 2181//15401 2413//15402
f 2181//15403 2095//15404 2150//15405
f 2150//15406 2164//15407 2181//15408
f 2623//15409 2622//15410 2667//15411
f 2667//15412 2226//15413 2299//15414
f 2195//15415 2166//15416 2157//15417
f 2131//15418 2150//15419 2095//15420
f 2080//15421 2115//15422 2095//15423
f 2299//15424 2226//15425 2195//15426
f 2157//15427 2080//15428 2095//15429
f 2080//15430 2157//15431 2041//15432
f 2001//15433 2027//15434 2157//15435
f 2622//15436 2623//15437 2754//15438
f 2279//15439 2667//15440 2622//15441
f 2226//15442 1856//15443 2195//15444
f 2157//15445 1928//15446 1965//15447
f 1965//15448 2001//15449 2157//15450
f 1913//15451 1955//15452 1928//15453
f 1856//15454 2226//15455 2667//15456
f 1827//15457 2157//15458 2166//15459
f 1831//15460 1928//15461 2157//15462
f 1928//15463 1831//15464 1866//15465
f 1866//15466 1907//15467 1928//15468
f 2166//15469 1903//15470 1827//15471
f 1837//15472 1866//15473 1831//15474
f 2166//15475 2195//15476 1856//15477
f 1719//15478 1816//15479 1831//15480
f 1633//15481 1719//15482 1831//15483
f 2166//15484 1856//15485 1903//15486
f 1827//15487 1509//15488 2157//15489
f 1559//15490 1621//15491 1831//15492
f 2179//15493 2667//15494 2279//15495
f 2667//15496 2179//15497 2069//15498
f 2069//15499 1856//15500 2667//15501
f 1509//15502 1831//15503 2157//15504
f 1831//15505 1529//15506 1538//15507
f 1538//15508 1559//15509 1831//15510
f 2326//15511 2279//15512 2622//15513
f 1827//15514 1903//15515 1509//15516
f 1521//15517 1831//15518 1509//15519
f 1856//15520 1793//15521 1545//15522
f 1545//15523 1903//15524 1856//15525
f 1495//15526 1831//15527 1521//15528
f 1495//15529 1529//15530 1831//15531
f 1529//15532 1495//15533 1503//15534
f 1503//15535 1516//15536 1529//15537
f 2873//15538 2934//15539 2836//15540
f 2832//15541 2873//15542 2836//15543
f 2922//15544 3040//15545 2905//15546
f 2922//15547 2934//15548 3040//15549
f 2934//15550 3000//15551 3040//15552
f 2905//15553 3040//15554 2836//15555
f 3040//15556 2904//15557 2836//15558
f 2326//15559 2731//15560 2696//15561
f 2326//15562 2622//15563 2731//15564
f 2622//15565 2754//15566 2731//15567
f 2754//15568 2623//15569 2858//15570
f 2858//15571 2731//15572 2754//15573
f 2832//15574 2836//15575 2623//15576
f 2904//15577 2623//15578 2836//15579
f 2904//15580 2858//15581 2623//15582
f 2873//15583 2893//15584 3000//15585
f 2934//15586 2873//15587 3000//15588
f 2836//15589 2934//15590 2922//15591
f 2905//15592 2836//15593 2922//15594
f 2892//15595 2903//15596 2987//15597
f 2987//15598 3012//15599 2892//15600
f 3017//15601 2892//15602 3012//15603
f 2917//15604 2987//15605 2903//15606
f 2903//15607 2792//15608 2917//15609
f 2865//15610 2917//15611 2792//15612
f 2860//15613 2865//15614 2792//15615
f 2792//15616 2687//15617 2860//15618
f 2687//15619 2695//15620 2860//15621
f 2773//15622 2860//15623 2695//15624
f 2892//15625 3017//15626 2872//15627
f 2903//15628 2892//15629 2872//15630
f 2792//15631 2903//15632 2872//15633
f 2834//15634 2792//15635 2872//15636
f 2221//15637 2214//15638 2225//15639
f 2196//15640 2191//15641 2186//15642
f 2129//15643 2114//15644 2175//15645
f 1963//15646 1954//15647 1941//15648
f 1835//15649 1815//15650 1847//15651
f 1502//15652 1494//15653 1510//15654
f 1853//15655 1632//15656 1619//15657
f 1732//15658 1730//15659 1710//15660
f 1941//15661 1912//15662 1905//15663
f 1941//15664 2040//15665 2025//15666
f 2186//15667 2176//15668 2162//15669
f 2543//15670 2509//15671 2538//15672
f 2704//15673 2661//15674 2430//15675
f 3017//15676 2847//15677 2824//15678
f 2190//15679 1510//15680 1541//15681
f 1526//15682 1510//15683 1853//15684
f 1510//15685 1526//15686 1514//15687
f 1514//15688 1502//15689 1510//15690
f 1840//15691 2072//15692 1541//15693
f 2174//15694 2504//15695 2269//15696
f 2190//15697 1541//15698 1889//15699
f 1526//15700 1853//15701 1558//15702
f 1558//15703 1537//15704 1526//15705
f 2504//15706 2174//15707 2695//15708
f 2504//15709 2321//15710 2072//15711
f 2072//15712 2321//15713 1889//15714
f 1889//15715 1541//15716 2072//15717
f 1619//15718 1558//15719 1853//15720
f 1853//15721 1732//15722 1710//15723
f 1710//15724 1632//15725 1853//15726
f 1853//15727 1510//15728 2190//15729
f 1847//15730 1732//15731 1853//15732
f 1732//15733 1847//15734 1815//15735
f 1815//15736 1730//15737 1732//15738
f 2687//15739 2504//15740 2695//15741
f 1865//15742 1835//15743 1847//15744
f 2792//15745 2504//15746 2687//15747
f 2200//15748 2190//15749 1889//15750
f 1847//15751 1941//15752 1905//15753
f 1905//15754 1865//15755 1847//15756
f 2504//15757 2072//15758 2269//15759
f 1853//15760 2190//15761 1847//15762
f 1954//15763 1912//15764 1941//15765
f 1847//15766 2175//15767 1941//15768
f 2000//15769 1963//15770 1941//15771
f 2175//15772 1847//15773 2190//15774
f 2025//15775 2000//15776 1941//15777
f 1941//15778 2175//15779 2081//15780
f 2081//15781 2040//15782 1941//15783
f 2114//15784 2081//15785 2175//15786
f 2250//15787 2200//15788 1889//15789
f 2149//15790 2129//15791 2175//15792
f 2792//15793 2728//15794 2504//15795
f 2190//15796 2200//15797 2250//15798
f 2175//15799 2186//15800 2162//15801
f 2162//15802 2149//15803 2175//15804
f 2834//15805 2504//15806 2728//15807
f 2504//15808 2834//15809 2824//15810
f 2662//15811 1889//15812 2321//15813
f 2287//15814 2250//15815 1889//15816
f 2250//15817 2287//15818 2190//15819
f 2191//15820 2176//15821 2186//15822
f 2834//15823 2728//15824 2792//15825
f 2662//15826 2321//15827 2504//15828
f 1889//15829 2662//15830 2287//15831
f 2444//15832 2175//15833 2190//15834
f 2225//15835 2186//15836 2175//15837
f 2186//15838 2225//15839 2214//15840
f 2214//15841 2196//15842 2186//15843
f 2430//15844 2190//15845 2287//15846
f 2190//15847 2430//15848 2444//15849
f 2444//15850 2225//15851 2175//15852
f 2824//15853 2847//15854 2504//15855
f 2504//15856 2847//15857 2772//15858
f 2504//15859 2772//15860 2662//15861
f 2287//15862 2662//15863 2430//15864
f 2619//15865 2225//15866 2444//15867
f 2225//15868 2619//15869 2467//15870
f 2467//15871 2373//15872 2225//15873
f 2430//15874 2662//15875 2704//15876
f 2661//15877 2444//15878 2430//15879
f 2538//15880 2467//15881 2619//15882
f 2467//15883 2538//15884 2509//15885
f 2509//15886 2478//15887 2467//15888
f 2824//15889 2872//15890 3017//15891
f 2872//15892 2824//15893 2834//15894
f 1350//15895 1355//15896 599//15897
f 599//15898 591//15899 1350//15900
f 1343//15901 1350//15902 591//15903
f 591//15904 546//15905 1343//15906
f 1368//15907 1355//15908 1392//15909
f 1355//15910 1368//15911 1160//15912
f 1160//15913 599//15914 1355//15915
f 599//15916 1160//15917 1056//15918
f 1368//15919 1392//15920 1457//15921
f 1457//15922 1060//15923 1368//15924
f 1256//15925 1060//15926 1009//15927
f 1009//15928 1125//15929 1256//15930
f 1009//15931 778//15932 1125//15933
f 778//15934 1117//15935 1125//15936
f 1101//15937 1117//15938 778//15939
f 778//15940 1090//15941 1101//15942
f 636//15943 599//15944 1056//15945
f 636//15946 1056//15947 1085//15948
f 1085//15949 669//15950 636//15951
f 1085//15952 1090//15953 669//15954
f 683//15955 669//15956 1090//15957
f 1090//15958 778//15959 683//15960
f 1069//15961 1060//15962 1486//15963
f 1486//15964 1489//15965 1069//15966
f 1098//15967 1069//15968 1489//15969
f 1489//15970 1500//15971 1098//15972
f 1100//15973 1098//15974 1500//15975
f 1500//15976 1506//15977 1100//15978
f 1124//15979 1100//15980 1506//15981
f 1506//15982 1513//15983 1124//15984
f 1134//15985 1124//15986 1513//15987
f 1513//15988 1528//15989 1134//15990
f 1144//15991 1134//15992 1528//15993
f 1528//15994 1535//15995 1144//15996
f 1177//15997 1144//15998 1535//15999
f 1535//16000 1544//16001 1177//16002
f 1544//16003 1548//16004 1177//16005
f 1225//16006 1177//16007 1548//16008
f 1548//16009 1577//16010 1225//16011
f 1238//16012 1225//16013 1577//16014
f 1577//16015 1628//16016 1238//16017
f 1259//16018 1238//16019 1628//16020
f 1628//16021 1637//16022 1259//16023
f 1284//16024 1259//16025 1637//16026
f 1637//16027 1713//16028 1284//16029
f 1713//16030 1740//16031 1284//16032
f 1286//16033 1284//16034 1740//16035
f 1286//16036 1740//16037 1810//16038
f 1895//16039 1389//16040 1383//16041
f 1895//16042 1383//16043 1361//16044
f 1849//16045 1895//16046 1361//16047
f 1361//16048 1346//16049 1849//16050
f 1833//16051 1849//16052 1346//16053
f 1346//16054 1325//16055 1833//16056
f 1810//16057 1833//16058 1325//16059
f 1325//16060 1314//16061 1810//16062
f 1810//16063 1314//16064 1286//16065
f 1389//16066 1895//16067 1932//16068
f 1932//16069 1949//16070 1389//16071
f 1404//16072 1389//16073 1949//16074
f 1949//16075 1976//16076 1404//16077
f 1418//16078 1404//16079 1976//16080
f 1976//16081 2012//16082 1418//16083
f 1422//16084 1418//16085 2012//16086
f 2012//16087 2017//16088 1422//16089
f 1434//16090 1422//16091 2017//16092
f 2017//16093 1439//16094 1434//16095
f 2119//16096 2152//16097 1464//16098
f 1464//16099 1451//16100 2119//16101
f 2103//16102 2119//16103 1451//16104
f 1451//16105 1449//16106 2103//16107
f 2085//16108 2103//16109 1449//16110
f 1449//16111 1445//16112 2085//16113
f 2058//16114 2085//16115 1445//16116
f 1445//16117 1439//16118 2058//16119
f 2050//16120 2058//16121 1439//16122
f 1439//16123 2017//16124 2050//16125
f 1117//16126 1085//16127 1056//16128
f 1090//16129 1085//16130 1117//16131
f 1101//16132 1090//16133 1117//16134
f 1366//16135 1256//16136 1117//16137
f 1125//16138 1117//16139 1256//16140
f 1056//16141 1366//16142 1117//16143
f 1056//16144 1160//16145 1206//16146
f 1366//16147 1056//16148 1206//16149
f 1368//16150 1206//16151 1160//16152
f 1060//16153 1256//16154 1366//16155
f 1366//16156 1368//16157 1060//16158
f 1368//16159 1366//16160 1206//16161
f 2953//16162 2961//16163 2799//16164
f 2799//16165 2782//16166 2953//16167
f 2950//16168 2953//16169 2782//16170
f 2782//16171 2780//16172 2950//16173
f 2829//16174 2780//16175 2770//16176
f 2780//16177 2829//16178 2842//16179
f 2842//16180 2950//16181 2780//16182
f 2950//16183 2842//16184 2867//16185
f 2744//16186 2829//16187 2770//16188
f 2744//16189 2742//16190 2295//16191
f 2820//16192 2671//16193 2885//16194
f 2943//16195 2950//16196 2867//16197
f 2943//16198 2867//16199 2825//16200
f 2825//16201 2820//16202 2943//16203
f 2671//16204 2657//16205 2857//16206
f 2851//16207 2857//16208 2657//16209
f 2657//16210 2641//16211 2851//16212
f 2641//16213 2633//16214 2851//16215
f 2843//16216 2851//16217 2633//16218
f 2633//16219 2532//16220 2843//16221
f 2831//16222 2843//16223 2532//16224
f 2532//16225 2487//16226 2831//16227
f 2823//16228 2831//16229 2487//16230
f 2487//16231 2445//16232 2823//16233
f 2791//16234 2823//16235 2445//16236
f 2445//16237 2399//16238 2791//16239
f 2777//16240 2791//16241 2399//16242
f 2399//16243 2371//16244 2777//16245
f 2767//16246 2777//16247 2371//16248
f 2371//16249 2357//16250 2767//16251
f 2764//16252 2767//16253 2357//16254
f 2357//16255 2747//16256 2764//16257
f 2747//16258 2357//16259 2336//16260
f 2336//16261 2312//16262 2747//16263
f 2738//16264 2747//16265 2312//16266
f 2312//16267 2732//16268 2738//16269
f 2732//16270 2312//16271 2104//16272
f 2104//16273 2286//16274 2732//16275
f 2725//16276 2732//16277 2286//16278
f 2286//16279 2278//16280 2725//16281
f 2708//16282 2725//16283 2278//16284
f 2278//16285 2255//16286 2708//16287
f 2698//16288 2708//16289 2255//16290
f 2255//16291 2234//16292 2698//16293
f 2690//16294 2698//16295 2234//16296
f 2685//16297 2690//16298 2234//16299
f 2234//16300 2219//16301 2685//16302
f 2674//16303 2685//16304 2219//16305
f 2219//16306 2207//16307 2674//16308
f 2674//16309 2207//16310 2203//16311
f 2655//16312 2674//16313 2203//16314
f 2203//16315 2182//16316 2655//16317
f 2645//16318 2655//16319 2182//16320
f 2626//16321 2645//16322 2182//16323
f 2182//16324 2160//16325 2626//16326
f 2537//16327 2626//16328 2160//16329
f 2160//16330 2147//16331 2537//16332
f 2520//16333 2537//16334 2147//16335
f 2147//16336 2137//16337 2520//16338
f 2473//16339 2520//16340 2137//16341
f 2137//16342 2100//16343 2473//16344
f 2753//16345 2671//16346 2820//16347
f 2744//16348 2671//16349 2743//16350
f 2867//16351 2842//16352 2829//16353
f 2825//16354 2867//16355 2829//16356
f 2825//16357 2829//16358 2820//16359
f 2753//16360 2820//16361 2829//16362
f 2671//16363 2753//16364 2829//16365
f 2743//16366 2671//16367 2829//16368
f 2743//16369 2829//16370 2744//16371
f 2546//16372 2545//16373 2510//16374
f 2480//16375 2272//16376 2465//16377
f 2510//16378 2492//16379 2546//16380
f 2510//16381 2480//16382 2492//16383
f 2480//16384 2481//16385 2492//16386
f 2465//16387 2481//16388 2480//16389
f 2481//16390 2465//16391 2466//16392
f 2466//16393 2459//16394 2481//16395
f 2452//16396 2481//16397 2459//16398
f 2452//16399 2459//16400 2418//16401
f 2272//16402 2480//16403 2413//16404
f 2241//16405 2272//16406 2413//16407
f 2247//16408 2241//16409 2224//16410
f 2247//16411 2224//16412 2229//16413
f 2247//16414 2229//16415 2245//16416
f 2284//16417 2302//16418 2300//16419
f 2300//16420 2276//16421 2284//16422
f 2300//16423 2256//16424 2276//16425
f 2276//16426 2256//16427 2270//16428
f 2263//16429 2276//16430 2270//16431
f 2270//16432 2245//16433 2263//16434
f 2302//16435 2319//16436 2324//16437
f 2319//16438 2328//16439 2324//16440
f 2346//16441 2324//16442 2328//16443
f 2328//16444 2354//16445 2346//16446
f 2374//16447 2346//16448 2354//16449
f 2354//16450 2382//16451 2374//16452
f 2402//16453 2374//16454 2382//16455
f 2382//16456 2410//16457 2402//16458
f 2410//16459 2418//16460 2402//16461
f 2410//16462 2419//16463 2418//16464
f 2418//16465 2419//16466 2452//16467
f 2241//16468 2223//16469 2224//16470
f 2211//16471 2224//16472 2223//16473
f 2223//16474 2215//16475 2211//16476
f 2199//16477 2211//16478 2215//16479
f 2215//16480 2198//16481 2199//16482
f 2188//16483 2199//16484 2198//16485
f 2198//16486 2192//16487 2188//16488
f 2173//16489 2188//16490 2192//16491
f 2192//16492 2177//16493 2173//16494
f 2165//16495 2173//16496 2177//16497
f 2177//16498 2164//16499 2165//16500
f 2144//16501 2165//16502 2164//16503
f 2164//16504 2150//16505 2144//16506
f 2132//16507 2144//16508 2150//16509
f 2150//16510 2131//16511 2132//16512
f 2107//16513 2132//16514 2131//16515
f 2131//16516 2115//16517 2107//16518
f 2077//16519 2107//16520 2115//16521
f 2115//16522 2080//16523 2077//16524
f 2039//16525 2077//16526 2080//16527
f 2080//16528 2041//16529 2039//16530
f 2028//16531 2039//16532 2041//16533
f 2041//16534 2027//16535 2028//16536
f 2004//16537 2028//16538 2027//16539
f 2027//16540 2001//16541 2004//16542
f 1966//16543 2004//16544 2001//16545
f 2001//16546 1965//16547 1966//16548
f 1958//16549 1966//16550 1965//16551
f 1965//16552 1955//16553 1958//16554
f 1915//16555 1958//16556 1955//16557
f 1955//16558 1913//16559 1915//16560
f 1908//16561 1915//16562 1913//16563
f 1913//16564 1907//16565 1908//16566
f 1880//16567 1908//16568 1907//16569
f 1907//16570 1866//16571 1880//16572
f 1838//16573 1880//16574 1866//16575
f 1866//16576 1837//16577 1838//16578
f 1824//16579 1838//16580 1837//16581
f 1837//16582 1816//16583 1824//16584
f 1790//16585 1824//16586 1816//16587
f 1816//16588 1719//16589 1790//16590
f 1712//16591 1790//16592 1719//16593
f 1640//16594 1712//16595 1719//16596
f 1719//16597 1633//16598 1640//16599
f 1622//16600 1640//16601 1633//16602
f 1633//16603 1621//16604 1622//16605
f 1563//16606 1622//16607 1621//16608
f 1503//16609 1495//16610 1496//16611
f 1496//16612 1507//16613 1503//16614
f 1516//16615 1503//16616 1507//16617
f 1507//16618 1517//16619 1516//16620
f 1519//16621 1516//16622 1517//16623
f 1517//16624 1525//16625 1519//16626
f 1621//16627 1540//16628 1563//16629
f 1540//16630 1621//16631 1559//16632
f 1559//16633 1538//16634 1540//16635
f 1525//16636 1540//16637 1538//16638
f 1538//16639 1529//16640 1525//16641
f 1529//16642 1519//16643 1525//16644
f 2256//16645 2300//16646 2302//16647
f 2245//16648 2256//16649 2241//16650
f 2245//16651 2241//16652 2247//16653
f 2245//16654 2270//16655 2256//16656
f 2256//16657 2302//16658 2297//16659
f 2324//16660 2346//16661 2302//16662
f 2297//16663 2418//16664 2459//16665
f 2297//16666 2402//16667 2418//16668
f 2297//16669 2374//16670 2402//16671
f 2374//16672 2297//16673 2302//16674
f 2302//16675 2346//16676 2374//16677
f 2297//16678 2459//16679 2466//16680
f 2466//16681 2465//16682 2272//16683
f 2272//16684 2297//16685 2466//16686
f 2297//16687 2241//16688 2256//16689
f 2297//16690 2272//16691 2241//16692
f 1337//16693 1049//16694 986//16695
f 986//16696 717//16697 1159//16698
f 1080//16699 1233//16700 1394//16701
f 1394//16702 1142//16703 1080//16704
f 1337//16705 986//16706 1032//16707
f 1032//16708 1080//16709 1337//16710
f 1142//16711 1337//16712 1080//16713
f 1398//16714 1478//16715 1436//16716
f 1266//16717 1398//16718 1436//16719
f 1233//16720 1094//16721 1436//16722
f 1233//16723 1436//16724 1394//16725
f 1511//16726 1478//16727 1398//16728
f 1398//16729 1426//16730 1511//16731
f 1573//16732 1511//16733 1426//16734
f 1426//16735 1428//16736 1573//16737
f 1881//16738 1573//16739 1428//16740
f 1784//16741 1881//16742 1428//16743
f 1159//16744 1233//16745 1191//16746
f 1032//16747 986//16748 1080//16749
f 1191//16750 1233//16751 1080//16752
f 1191//16753 1080//16754 1159//16755
f 1080//16756 986//16757 1159//16758
f 131//16759 80//16760 81//16761
f 81//16762 132//16763 131//16764
f 144//16765 131//16766 132//16767
f 132//16768 145//16769 144//16770
f 157//16771 195//16772 144//16773
f 157//16774 144//16775 145//16776
f 226//16777 144//16778 195//16779
f 191//16780 221//16781 205//16782
f 205//16783 190//16784 191//16785
f 168//16786 191//16787 190//16788
f 190//16789 178//16790 168//16791
f 145//16792 168//16793 178//16794
f 178//16795 157//16796 145//16797
f 265//16798 262//16799 292//16800
f 285//16801 292//16802 262//16803
f 285//16804 262//16805 253//16806
f 221//16807 191//16808 199//16809
f 199//16810 219//16811 221//16812
f 238//16813 221//16814 219//16815
f 219//16816 235//16817 238//16818
f 253//16819 238//16820 235//16821
f 235//16822 261//16823 253//16824
f 253//16825 261//16826 285//16827
f 370//16828 299//16829 336//16830
f 318//16831 336//16832 299//16833
f 318//16834 299//16835 289//16836
f 289//16837 292//16838 318//16839
f 292//16840 289//16841 265//16842
f 461//16843 462//16844 475//16845
f 474//16846 411//16847 461//16848
f 461//16849 416//16850 462//16851
f 461//16852 411//16853 416//16854
f 411//16855 412//16856 416//16857
f 358//16858 416//16859 412//16860
f 412//16861 336//16862 358//16863
f 412//16864 370//16865 336//16866
f 195//16867 411//16868 454//16869
f 411//16870 474//16871 454//16872
f 195//16873 454//16874 334//16875
f 334//16876 226//16877 195//16878
f 1288//16879 1523//16880 1310//16881
f 1310//16882 1291//16883 1288//16884
f 1274//16885 1288//16886 1291//16887
f 1291//16888 1273//16889 1274//16890
f 1252//16891 1274//16892 1273//16893
f 1273//16894 1251//16895 1252//16896
f 1220//16897 1252//16898 1251//16899
f 1251//16900 1219//16901 1220//16902
f 1210//16903 1220//16904 1219//16905
f 1219//16906 1209//16907 1210//16908
f 1157//16909 1210//16910 1209//16911
f 1209//16912 1156//16913 1157//16914
f 1150//16915 1157//16916 1156//16917
f 1156//16918 1149//16919 1150//16920
f 1131//16921 1150//16922 1149//16923
f 1149//16924 1130//16925 1131//16926
f 1113//16927 1131//16928 1130//16929
f 1130//16930 1112//16931 1113//16932
f 1106//16933 1113//16934 1112//16935
f 1112//16936 1105//16937 1106//16938
f 1074//16939 1106//16940 1105//16941
f 1105//16942 1073//16943 1074//16944
f 1065//16945 1074//16946 1073//16947
f 1073//16948 1064//16949 1065//16950
f 1031//16951 1065//16952 1064//16953
f 1064//16954 1030//16955 1031//16956
f 1022//16957 1031//16958 1030//16959
f 1030//16960 1021//16961 1022//16962
f 1016//16963 1022//16964 1021//16965
f 1021//16966 1015//16967 1016//16968
f 1003//16969 1016//16970 1015//16971
f 1015//16972 1002//16973 1003//16974
f 998//16975 1003//16976 1002//16977
f 1002//16978 997//16979 998//16980
f 983//16981 998//16982 997//16983
f 997//16984 982//16985 983//16986
f 971//16987 983//16988 982//16989
f 982//16990 970//16991 971//16992
f 958//16993 971//16994 970//16995
f 970//16996 957//16997 958//16998
f 899//16999 958//17000 957//17001
f 957//17002 898//17003 899//17004
f 889//17005 899//17006 898//17007
f 898//17008 888//17009 889//17010
f 837//17011 889//17012 888//17013
f 888//17014 836//17015 837//17016
f 789//17017 837//17018 836//17019
f 836//17020 788//17021 789//17022
f 721//17023 789//17024 788//17025
f 788//17026 720//17027 721//17028
f 652//17029 721//17030 720//17031
f 720//17032 651//17033 652//17034
f 633//17035 652//17036 651//17037
f 651//17038 632//17039 633//17040
f 577//17041 633//17042 632//17043
f 632//17044 576//17045 577//17046
f 563//17047 577//17048 576//17049
f 576//17050 562//17051 563//17052
f 507//17053 563//17054 562//17055
f 562//17056 506//17057 507//17058
f 475//17059 507//17060 506//17061
f 506//17062 474//17063 475//17064
f 461//17065 475//17066 474//17067
f 370//17068 412//17069 411//17070
f 370//17071 411//17072 289//17073
f 370//17074 289//17075 299//17076
f 289//17077 262//17078 265//17079
f 253//17080 262//17081 289//17082
f 195//17083 415//17084 411//17085
f 411//17086 438//17087 289//17088
f 415//17089 195//17090 157//17091
f 415//17092 157//17093 438//17094
f 157//17095 178//17096 438//17097
f 411//17098 415//17099 438//17100
f 190//17101 205//17102 438//17103
f 221//17104 238//17105 289//17106
f 238//17107 253//17108 289//17109
f 438//17110 178//17111 190//17112
f 438//17113 205//17114 221//17115
f 289//17116 438//17117 221//17118
f 2509//17119 2543//17120 2544//17121
f 2544//17122 2491//17123 2509//17124
f 2478//17125 2509//17126 2491//17127
f 2491//17128 2479//17129 2478//17130
f 2463//17131 2478//17132 2479//17133
f 2478//17134 2463//17135 2464//17136
f 2467//17137 2478//17138 2464//17139
f 2467//17140 2464//17141 2373//17142
f 2417//17143 2378//17144 2401//17145
f 2401//17146 2416//17147 2417//17148
f 2451//17149 2417//17150 2416//17151
f 2416//17152 2436//17153 2451//17154
f 2479//17155 2451//17156 2436//17157
f 2436//17158 2463//17159 2479//17160
f 2378//17161 2417//17162 2409//17163
f 2378//17164 2409//17165 2381//17166
f 2345//17167 2378//17168 2381//17169
f 2381//17170 2353//17171 2345//17172
f 2325//17173 2345//17174 2353//17175
f 2353//17176 2327//17177 2325//17178
f 2327//17179 2318//17180 2325//17181
f 2320//17182 2325//17183 2318//17184
f 2318//17185 2303//17186 2320//17187
f 2307//17188 2320//17189 2303//17190
f 2275//17191 2290//17192 2301//17193
f 2283//17194 2275//17195 2301//17196
f 2301//17197 2303//17198 2283//17199
f 2301//17200 2307//17201 2303//17202
f 2246//17203 2238//17204 2268//17205
f 2262//17206 2246//17207 2268//17208
f 2268//17209 2275//17210 2262//17211
f 2268//17212 2290//17213 2275//17214
f 2221//17215 2252//17216 2230//17217
f 2228//17218 2222//17219 2230//17220
f 2246//17221 2228//17222 2230//17223
f 2246//17224 2230//17225 2238//17226
f 2225//17227 2373//17228 2252//17229
f 2252//17230 2221//17231 2225//17232
f 2230//17233 2222//17234 2221//17235
f 2214//17236 2221//17237 2222//17238
f 2222//17239 2210//17240 2214//17241
f 2196//17242 2214//17243 2210//17244
f 2210//17245 2197//17246 2196//17247
f 2191//17248 2196//17249 2197//17250
f 2191//17251 2197//17252 2187//17253
f 2176//17254 2191//17255 2187//17256
f 2187//17257 2172//17258 2176//17259
f 2162//17260 2176//17261 2172//17262
f 2172//17263 2163//17264 2162//17265
f 2149//17266 2162//17267 2163//17268
f 2163//17269 2143//17270 2149//17271
f 2129//17272 2149//17273 2143//17274
f 2143//17275 2130//17276 2129//17277
f 2114//17278 2129//17279 2130//17280
f 2130//17281 2106//17282 2114//17283
f 2081//17284 2114//17285 2106//17286
f 2106//17287 2076//17288 2081//17289
f 2040//17290 2081//17291 2076//17292
f 2076//17293 2038//17294 2040//17295
f 2025//17296 2040//17297 2038//17298
f 2038//17299 2026//17300 2025//17301
f 2000//17302 2025//17303 2026//17304
f 2026//17305 2003//17306 2000//17307
f 1963//17308 2000//17309 2003//17310
f 2003//17311 1964//17312 1963//17313
f 1954//17314 1963//17315 1964//17316
f 1964//17317 1957//17318 1954//17319
f 1912//17320 1954//17321 1957//17322
f 1957//17323 1914//17324 1912//17325
f 1905//17326 1912//17327 1914//17328
f 1914//17329 1906//17330 1905//17331
f 1865//17332 1905//17333 1906//17334
f 1906//17335 1879//17336 1865//17337
f 1835//17338 1865//17339 1879//17340
f 1879//17341 1836//17342 1835//17343
f 1815//17344 1835//17345 1836//17346
f 1836//17347 1823//17348 1815//17349
f 1730//17350 1815//17351 1823//17352
f 1823//17353 1789//17354 1730//17355
f 1710//17356 1730//17357 1789//17358
f 1789//17359 1711//17360 1710//17361
f 1632//17362 1710//17363 1711//17364
f 1711//17365 1639//17366 1632//17367
f 1619//17368 1632//17369 1639//17370
f 1639//17371 1620//17372 1619//17373
f 1558//17374 1619//17375 1620//17376
f 1620//17377 1562//17378 1558//17379
f 1537//17380 1558//17381 1562//17382
f 1562//17383 1539//17384 1537//17385
f 1537//17386 1539//17387 1524//17388
f 1508//17389 1497//17390 1494//17391
f 1494//17392 1502//17393 1508//17394
f 1515//17395 1508//17396 1502//17397
f 1502//17398 1514//17399 1515//17400
f 1524//17401 1515//17402 1514//17403
f 1514//17404 1526//17405 1524//17406
f 1524//17407 1526//17408 1537//17409
f 2252//17410 2238//17411 2230//17412
f 2307//17413 2268//17414 2238//17415
f 2307//17416 2290//17417 2268//17418
f 2307//17419 2325//17420 2320//17421
f 2301//17422 2290//17423 2307//17424
f 2313//17425 2252//17426 2373//17427
f 2463//17428 2401//17429 2313//17430
f 2378//17431 2345//17432 2401//17433
f 2463//17434 2436//17435 2401//17436
f 2307//17437 2401//17438 2345//17439
f 2345//17440 2325//17441 2307//17442
f 2401//17443 2436//17444 2416//17445
f 2401//17446 2307//17447 2313//17448
f 2464//17449 2463//17450 2313//17451
f 2464//17452 2313//17453 2373//17454
f 2252//17455 2313//17456 2238//17457
f 2307//17458 2238//17459 2313//17460
f 2952//17461 2949//17462 2779//17463
f 2779//17464 2781//17465 2952//17466
f 2962//17467 2952//17468 2781//17469
f 2781//17470 2798//17471 2962//17472
f 2845//17473 2949//17474 2921//17475
f 2845//17476 2779//17477 2949//17478
f 2779//17479 2845//17480 2827//17481
f 2768//17482 2779//17483 2827//17484
f 2827//17485 2677//17486 2768//17487
f 2827//17488 2751//17489 2677//17490
f 2751//17491 2854//17492 2921//17493
f 2921//17494 2854//17495 2845//17496
f 2921//17497 2875//17498 2751//17499
f 2751//17500 2875//17501 2861//17502
f 2751//17503 2668//17504 2677//17505
f 2751//17506 2861//17507 2668//17508
f 2656//17509 2668//17510 2861//17511
f 2861//17512 2856//17513 2656//17514
f 2640//17515 2656//17516 2856//17517
f 2856//17518 2849//17519 2640//17520
f 2333//17521 2640//17522 2849//17523
f 2535//17524 2333//17525 2849//17526
f 2849//17527 2841//17528 2535//17529
f 2486//17530 2535//17531 2841//17532
f 2841//17533 2830//17534 2486//17535
f 2449//17536 2486//17537 2830//17538
f 2830//17539 2822//17540 2449//17541
f 2400//17542 2449//17543 2822//17544
f 2400//17545 2822//17546 2790//17547
f 2370//17548 2400//17549 2790//17550
f 2790//17551 2776//17552 2370//17553
f 2356//17554 2370//17555 2776//17556
f 2776//17557 2766//17558 2356//17559
f 2335//17560 2356//17561 2766//17562
f 2766//17563 2763//17564 2335//17565
f 2335//17566 2763//17567 2748//17568
f 2748//17569 2311//17570 2335//17571
f 2311//17572 2748//17573 2737//17574
f 2519//17575 2472//17576 2099//17577
f 2099//17578 2136//17579 2519//17580
f 2536//17581 2519//17582 2136//17583
f 2136//17584 2146//17585 2536//17586
f 2625//17587 2536//17588 2146//17589
f 2146//17590 2159//17591 2625//17592
f 2644//17593 2625//17594 2159//17595
f 2159//17596 2183//17597 2644//17598
f 2654//17599 2644//17600 2183//17601
f 2673//17602 2654//17603 2183//17604
f 2183//17605 2170//17606 2673//17607
f 2170//17608 2206//17609 2673//17610
f 2684//17611 2673//17612 2206//17613
f 2206//17614 2218//17615 2684//17616
f 2691//17617 2684//17618 2218//17619
f 2218//17620 2232//17621 2691//17622
f 2697//17623 2691//17624 2232//17625
f 2232//17626 2237//17627 2697//17628
f 2707//17629 2697//17630 2237//17631
f 2237//17632 2257//17633 2707//17634
f 2724//17635 2707//17636 2257//17637
f 2257//17638 2277//17639 2724//17640
f 2285//17641 2724//17642 2277//17643
f 2285//17644 2294//17645 2737//17646
f 2737//17647 2294//17648 2311//17649
f 2854//17650 2751//17651 2845//17652
f 2746//17653 2751//17654 2827//17655
f 2827//17656 2845//17657 2746//17658
f 2746//17659 2845//17660 2751//17661
f 1349//17662 1342//17663 545//17664
f 545//17665 590//17666 1349//17667
f 1354//17668 1349//17669 590//17670
f 590//17671 598//17672 1354//17673
f 1061//17674 1354//17675 598//17676
f 1354//17677 1061//17678 1176//17679
f 1427//17680 1400//17681 1176//17682
f 1400//17683 1354//17684 1176//17685
f 1141//17686 1088//17687 783//17688
f 635//17689 783//17690 1088//17691
f 1088//17692 1058//17693 635//17694
f 1058//17695 598//17696 635//17697
f 598//17698 1058//17699 1061//17700
f 783//17701 919//17702 1141//17703
f 1199//17704 1141//17705 919//17706
f 984//17707 1239//17708 1199//17709
f 919//17710 984//17711 1199//17712
f 1017//17713 1257//17714 1239//17715
f 1239//17716 984//17717 1017//17718
f 1023//17719 1257//17720 1017//17721
f 1033//17722 1059//17723 1365//17724
f 1365//17725 1023//17726 1033//17727
f 1356//17728 1365//17729 1472//17730
f 1427//17731 1176//17732 1356//17733
f 1365//17734 1059//17735 1472//17736
f 1488//17737 1472//17738 1059//17739
f 1059//17740 1068//17741 1488//17742
f 1499//17743 1488//17744 1068//17745
f 1068//17746 1097//17747 1499//17748
f 1505//17749 1499//17750 1097//17751
f 1097//17752 1099//17753 1505//17754
f 1512//17755 1505//17756 1099//17757
f 1099//17758 1123//17759 1512//17760
f 1527//17761 1512//17762 1123//17763
f 1123//17764 1133//17765 1527//17766
f 1534//17767 1527//17768 1133//17769
f 1133//17770 1143//17771 1534//17772
f 1543//17773 1534//17774 1143//17775
f 1143//17776 1178//17777 1543//17778
f 1178//17779 1547//17780 1543//17781
f 1576//17782 1547//17783 1178//17784
f 1178//17785 1224//17786 1576//17787
f 1627//17788 1576//17789 1224//17790
f 1224//17791 1237//17792 1627//17793
f 1636//17794 1627//17795 1237//17796
f 1237//17797 1258//17798 1636//17799
f 1724//17800 1636//17801 1258//17802
f 1258//17803 1283//17804 1724//17805
f 1809//17806 1724//17807 1283//17808
f 1450//17809 1435//17810 2153//17811
f 2153//17812 2117//17813 1450//17814
f 1448//17815 1450//17816 2117//17817
f 2117//17818 2102//17819 1448//17820
f 1444//17821 1448//17822 2102//17823
f 2102//17824 2084//17825 1444//17826
f 1438//17827 1444//17828 2084//17829
f 2084//17830 2057//17831 1438//17832
f 1433//17833 1438//17834 2057//17835
f 2057//17836 2049//17837 1433//17838
f 1421//17839 1433//17840 2049//17841
f 2049//17842 2016//17843 1421//17844
f 1417//17845 1421//17846 2016//17847
f 2016//17848 2011//17849 1417//17850
f 1403//17851 1417//17852 2011//17853
f 2011//17854 1975//17855 1403//17856
f 1388//17857 1403//17858 1975//17859
f 1975//17860 1948//17861 1388//17862
f 1382//17863 1388//17864 1948//17865
f 1948//17866 1931//17867 1382//17868
f 1362//17869 1382//17870 1931//17871
f 1931//17872 1894//17873 1362//17874
f 1345//17875 1362//17876 1894//17877
f 1894//17878 1848//17879 1345//17880
f 1324//17881 1345//17882 1848//17883
f 1848//17884 1832//17885 1324//17886
f 1313//17887 1324//17888 1832//17889
f 1832//17890 1809//17891 1313//17892
f 1285//17893 1313//17894 1809//17895
f 1283//17896 1285//17897 1809//17898
f 1257//17899 1023//17900 1239//17901
f 1239//17902 1141//17903 1199//17904
f 1141//17905 1239//17906 1023//17907
f 1023//17908 1365//17909 1356//17910
f 1088//17911 1061//17912 1058//17913
f 1061//17914 1316//17915 1176//17916
f 1061//17917 1088//17918 1316//17919
f 1316//17920 1088//17921 1334//17922
f 1356//17923 1176//17924 1316//17925
f 1316//17926 1334//17927 1356//17928
f 1334//17929 1023//17930 1356//17931
f 1334//17932 1088//17933 1023//17934
f 1141//17935 1023//17936 1088//17937
f 130//17938 79//17939 78//17940
f 78//17941 129//17942 130//17943
f 143//17944 130//17945 129//17946
f 129//17947 142//17948 143//17949
f 255//17950 263//17951 291//17952
f 291//17953 263//17954 273//17955
f 236//17956 142//17957 153//17958
f 142//17959 236//17960 155//17961
f 155//17962 143//17963 142//17964
f 143//17965 155//17966 156//17967
f 291//17968 284//17969 255//17970
f 284//17971 260//17972 255//17973
f 250//17974 255//17975 260//17976
f 260//17977 251//17978 250//17979
f 237//17980 250//17981 251//17982
f 251//17983 234//17984 237//17985
f 223//17986 237//17987 234//17988
f 234//17989 218//17990 223//17991
f 204//17992 223//17993 218//17994
f 218//17995 198//17996 204//17997
f 198//17998 188//17999 204//18000
f 198//18001 189//18002 188//18003
f 177//18004 188//18005 189//18006
f 189//18007 167//18008 177//18009
f 160//18010 177//18011 167//18012
f 167//18013 143//18014 160//18015
f 156//18016 160//18017 143//18018
f 420//18019 236//18020 153//18021
f 420//18022 153//18023 460//18024
f 460//18025 472//18026 420//18027
f 420//18028 473//18029 417//18030
f 273//18031 293//18032 291//18033
f 317//18034 291//18035 293//18036
f 293//18037 335//18038 317//18039
f 293//18040 309//18041 335//18042
f 309//18043 337//18044 335//18045
f 357//18046 335//18047 337//18048
f 337//18049 417//18050 357//18051
f 1289//18052 1318//18053 1309//18054
f 1309//18055 1290//18056 1289//18057
f 1271//18058 1289//18059 1290//18060
f 1290//18061 1272//18062 1271//18063
f 1249//18064 1271//18065 1272//18066
f 1272//18067 1250//18068 1249//18069
f 1217//18070 1249//18071 1250//18072
f 1250//18073 1218//18074 1217//18075
f 1207//18076 1217//18077 1218//18078
f 1218//18079 1208//18080 1207//18081
f 1154//18082 1207//18083 1208//18084
f 1208//18085 1155//18086 1154//18087
f 1147//18088 1154//18089 1155//18090
f 1155//18091 1148//18092 1147//18093
f 1128//18094 1147//18095 1148//18096
f 1148//18097 1129//18098 1128//18099
f 1110//18100 1128//18101 1129//18102
f 1129//18103 1111//18104 1110//18105
f 1103//18106 1110//18107 1111//18108
f 1111//18109 1104//18110 1103//18111
f 1071//18112 1103//18113 1104//18114
f 1104//18115 1072//18116 1071//18117
f 1062//18118 1071//18119 1072//18120
f 1072//18121 1063//18122 1062//18123
f 1028//18124 1062//18125 1063//18126
f 1063//18127 1029//18128 1028//18129
f 1019//18130 1028//18131 1029//18132
f 1029//18133 1020//18134 1019//18135
f 1013//18136 1019//18137 1020//18138
f 1020//18139 1014//18140 1013//18141
f 1000//18142 1013//18143 1014//18144
f 1014//18145 1001//18146 1000//18147
f 995//18148 1000//18149 1001//18150
f 1001//18151 996//18152 995//18153
f 980//18154 995//18155 996//18156
f 996//18157 981//18158 980//18159
f 968//18160 980//18161 981//18162
f 981//18163 969//18164 968//18165
f 955//18166 968//18167 969//18168
f 969//18169 956//18170 955//18171
f 896//18172 955//18173 956//18174
f 956//18175 897//18176 896//18177
f 886//18178 896//18179 897//18180
f 897//18181 887//18182 886//18183
f 834//18184 886//18185 887//18186
f 887//18187 835//18188 834//18189
f 786//18190 834//18191 835//18192
f 835//18193 787//18194 786//18195
f 718//18196 786//18197 787//18198
f 787//18199 719//18200 718//18201
f 649//18202 718//18203 719//18204
f 719//18205 650//18206 649//18207
f 630//18208 649//18209 650//18210
f 650//18211 631//18212 630//18213
f 574//18214 630//18215 631//18216
f 631//18217 575//18218 574//18219
f 559//18220 574//18221 575//18222
f 575//18223 560//18224 559//18225
f 504//18226 559//18227 560//18228
f 560//18229 505//18230 504//18231
f 472//18232 504//18233 505//18234
f 505//18235 473//18236 472//18237
f 420//18238 472//18239 473//18240
f 417//18241 187//18242 420//18243
f 417//18244 337//18245 309//18246
f 293//18247 273//18248 309//18249
f 273//18250 263//18251 309//18252
f 155//18253 187//18254 156//18255
f 187//18256 155//18257 236//18258
f 236//18259 420//18260 187//18261
f 187//18262 417//18263 309//18264
f 250//18265 237//18266 263//18267
f 188//18268 177//18269 187//18270
f 187//18271 177//18272 156//18273
f 177//18274 160//18275 156//18276
f 263//18277 255//18278 250//18279
f 187//18280 309//18281 263//18282
f 187//18283 204//18284 188//18285
f 187//18286 223//18287 204//18288
f 223//18289 187//18290 263//18291
f 263//18292 237//18293 223//18294
f 1821//18295 1863//18296 1501//18297
f 1501//18298 1492//18299 1821//18300
f 1811//18301 1821//18302 1492//18303
f 1492//18304 1479//18305 1811//18306
f 1783//18307 1811//18308 1479//18309
f 1479//18310 1458//18311 1783//18312
f 1642//18313 1783//18314 1458//18315
f 1642//18316 1432//18317 1542//18318
f 1321//18319 1294//18320 1459//18321
f 1491//18322 1321//18323 1459//18324
f 1234//18325 1027//18326 1387//18327
f 1070//18328 1387//18329 1027//18330
f 1027//18331 1086//18332 1070//18333
f 974//18334 1107//18335 826//18336
f 1018//18337 974//18338 826//18339
f 812//18340 715//18341 1050//18342
f 1050//18343 1086//18344 812//18345
f 826//18346 812//18347 1086//18348
f 1018//18349 826//18350 1086//18351
f 1086//18352 1027//18353 1018//18354
f 844//18355 826//18356 1107//18357
f 1107//18358 989//18359 844//18360
f 989//18361 1107//18362 1234//18363
f 1025//18364 1018//18365 1027//18366
f 974//18367 1018//18368 1025//18369
f 1236//18370 974//18371 1025//18372
f 1234//18373 1107//18374 1236//18375
f 1234//18376 1236//18377 1025//18378
f 1027//18379 1234//18380 1025//18381
f 1107//18382 974//18383 1236//18384
