# decimated from Yaskawa CAD (ROS-Industrial motoman, BSD-3-Clause)
v -0.037507 -0.014005 -0.012995
v -0.037845 0.000054 -0.014816
v -0.036718 0.014853 0.011591
v -0.037413 0.014447 -0.000857
v -0.036326 -0.015805 0.007696
v -0.037723 -0.012228 0.013611
v -0.037643 -0.004887 0.014931
v -0.035282 0.006762 0.014945
v -0.035092 -0.016425 -0.011815
v -0.036594 0.016126 0.000815
v -0.035984 0.017020 -0.006252
v -0.035906 0.031000 0.004596
v -0.035727 0.016011 -0.010130
v -0.036043 -0.031000 0.000032
v -0.035634 0.031000 -0.005446
v -0.035648 -0.031000 -0.005106
v -0.035817 0.017041 0.007022
v -0.035519 -0.017259 0.008375
v -0.033936 0.000161 -0.015430
v -0.034659 -0.015393 0.013091
v -0.034869 -0.031000 -0.009041
v -0.035811 -0.013245 -0.013832
v -0.035296 -0.031000 0.007422
v -0.033560 0.009071 0.015672
v -0.034070 0.014943 0.013485
v -0.033142 0.031000 0.014180
v -0.033867 -0.031000 -0.012209
v -0.034339 0.031000 -0.010872
v -0.035607 0.014533 -0.013254
v -0.033612 -0.012326 0.014832
v -0.032029 -0.031000 -0.016603
v -0.033614 -0.012754 -0.014792
v -0.032873 0.031000 -0.014693
v -0.032019 0.000000 0.018705
v -0.031120 -0.000001 0.020168
v -0.028097 0.031000 0.022829
v -0.031476 -0.000002 -0.019623
v -0.032226 -0.031000 0.016295
v -0.030155 0.000000 0.021583
v -0.025782 -0.031000 -0.025413
v -0.029125 -0.000000 0.022955
v -0.030522 0.031000 -0.019195
v -0.029571 -0.000014 -0.022395
v -0.028032 -0.000000 0.024277
v -0.027881 0.000000 -0.024449
v -0.026880 -0.000000 0.025547
v -0.026731 -0.000003 -0.025706
v -0.025670 -0.000000 0.026762
v -0.025504 0.000000 -0.026919
v -0.024593 0.031000 -0.026500
v -0.024406 0.000000 0.027919
v -0.023089 0.000000 0.029018
v -0.023589 -0.000001 -0.028624
v -0.019306 0.031000 0.030518
v -0.021723 0.000001 0.030055
v -0.025448 -0.031000 0.025746
v -0.018461 -0.031000 -0.030936
v -0.019697 -0.031000 0.030134
v -0.019601 0.000003 0.031491
v -0.018725 -0.000005 -0.032102
v -0.018286 -0.031000 0.031010
v -0.016836 -0.031000 0.031820
v -0.015351 -0.031000 -0.032563
v -0.011941 0.000096 -0.035155
v -0.013850 0.031000 0.033229
v -0.012448 -0.031000 -0.033806
v -0.014477 -0.031000 0.032970
v -0.016337 0.031000 -0.032166
v -0.008521 0.031000 0.035096
v -0.011524 -0.031000 0.034112
v -0.013501 -0.000363 0.034661
v -0.007479 -0.031000 -0.035244
v -0.009116 -0.031000 0.034827
v -0.010285 0.031000 -0.034522
v -0.008331 0.000006 -0.036136
v -0.007816 -0.000000 -0.036408
v -0.007532 -0.000000 -0.036647
v -0.007291 -0.000000 -0.036954
v -0.007209 0.031000 -0.035276
v -0.007072 0.000000 -0.037412
v -0.006854 -0.000001 -0.038031
v -0.006573 0.031000 -0.035618
v -0.006567 0.000000 -0.038424
v -0.006306 0.000000 -0.038665
v -0.006132 0.031000 -0.036111
v -0.006922 0.000035 0.036439
v -0.006007 0.000000 -0.038857
v -0.005901 0.031001 -0.036621
v -0.005720 0.031000 -0.037022
v -0.005684 0.000000 -0.038990
v -0.005503 0.031000 -0.037321
v -0.005384 0.000000 -0.039060
v -0.005234 0.031000 -0.037574
v -0.004924 0.031000 -0.037774
v -0.004582 0.031000 -0.037914
v -0.001511 -0.031000 -0.036015
v -0.005853 -0.031000 0.035553
v -0.004220 0.031000 -0.037988
v -0.005147 0.004912 0.035510
v -0.002936 0.002839 0.038743
v -0.004001 0.031000 -0.038000
v -0.003000 0.031000 -0.038000
v -0.003000 0.031000 -0.035500
v -0.002999 0.023395 -0.038266
v -0.005032 -0.000003 -0.036776
v -0.002570 -0.031000 0.035908
v -0.000133 0.031000 0.036044
v -0.001597 0.010545 0.036579
v -0.003749 0.000413 0.035447
v -0.000773 0.007656 0.036085
v 0.000468 0.020592 -0.038368
v 0.000269 -0.002299 0.035498
v -0.004466 -0.000813 0.036860
v -0.004831 0.000036 -0.037973
v 0.001466 0.007743 0.036559
v 0.001149 0.000382 0.038397
v 0.005915 -0.031000 -0.035586
v 0.000333 0.020330 -0.035499
v 0.003693 0.030685 -0.038025
v 0.003000 0.031000 -0.035500
v 0.002659 -0.000346 0.036005
v 0.004011 0.004274 0.037634
v 0.004220 0.031000 -0.037988
v 0.004582 0.031000 -0.037914
v 0.004924 0.031000 -0.037775
v 0.005084 0.000000 -0.039082
v 0.005234 0.031000 -0.037575
v 0.005502 0.031000 -0.037321
v 0.005617 0.000000 -0.039013
v 0.005730 0.031000 -0.037005
v 0.005266 0.000817 0.036716
v 0.005990 0.031000 -0.036362
v 0.006006 0.000000 -0.038857
v 0.006083 0.005426 0.036165
v 0.006305 0.031000 -0.035876
v 0.006317 0.000000 -0.038657
v 0.006585 0.000000 -0.038404
v 0.006650 0.031000 -0.035561
v 0.006893 0.000000 -0.037943
v 0.007109 0.031000 -0.035299
v 0.007165 -0.000000 -0.037182
v 0.003706 -0.031000 0.035925
v 0.004662 -0.000000 -0.036834
v 0.007632 -0.000000 -0.036533
v 0.008299 -0.000000 -0.036142
v 0.008320 0.031000 -0.035025
v 0.006683 0.031000 0.035427
v 0.008339 0.000074 0.036142
v 0.013049 -0.031000 -0.033609
v 0.009904 -0.031000 0.034620
v 0.010654 0.031000 0.034387
v 0.010107 0.000019 -0.035686
v 0.010874 0.000000 0.035453
v 0.011395 0.019642 0.034564
v 0.011508 -0.000009 0.035256
v 0.011719 -0.014752 0.034592
v 0.011555 -0.019191 0.034528
v 0.008300 -0.007614 0.035413
v 0.012041 0.019035 0.034534
v 0.012144 0.000000 0.035198
v 0.021470 0.030568 0.029960
v 0.012304 0.019267 0.034504
v 0.013396 -0.005298 0.037430
v 0.013396 -0.012610 0.037365
v 0.013030 0.030999 -0.033618
v 0.012892 -0.031000 0.033617
v 0.014866 -0.004908 0.034887
v 0.036490 -0.019786 0.034240
v 0.011594 -0.011907 0.035290
v 0.014985 -0.021427 0.033096
v 0.015491 -0.012603 0.036875
v 0.013698 -0.000012 -0.034485
v 0.015280 -0.031000 0.032597
v 0.018704 -0.008796 0.034768
v 0.016692 -0.031000 -0.031896
v 0.019220 -0.014229 0.034549
v 0.017037 -0.000007 -0.032948
v 0.017503 -0.026479 -0.031688
v 0.017508 -0.024773 -0.031812
v 0.017721 0.024764 -0.031731
v 0.017972 0.000000 -0.032587
v 0.018076 0.019841 0.034143
v 0.018263 -0.024770 -0.031577
v 0.016932 -0.006877 0.037422
v 0.018783 0.021323 0.031677
v 0.018647 0.024769 -0.031477
v 0.018809 0.000000 -0.032349
v 0.019305 -0.024770 -0.031348
v 0.019452 0.024730 -0.031318
v 0.019663 0.000000 -0.032185
v 0.019900 -0.024773 -0.031268
v 0.019580 -0.028085 0.030650
v 0.020415 -0.024770 -0.031228
v 0.020451 -0.006332 0.034961
v 0.020528 0.000000 -0.032095
v 0.036149 -0.019447 0.032195
v 0.020737 0.030224 -0.030176
v 0.020886 -0.025254 -0.031204
v 0.020907 0.024779 -0.031220
v 0.021113 0.000000 -0.032080
v 0.036388 0.030994 0.025163
v 0.022234 -0.030739 -0.029544
v 0.026446 -0.030997 -0.028325
v 0.036496 -0.030702 -0.027865
v 0.036498 0.030297 0.029186
v 0.036497 -0.026281 0.031053
v 0.036495 0.019287 0.034498
v 0.036495 0.028101 -0.030380
v 0.036498 -0.028765 0.030045
v 0.036499 -0.019277 0.034510
v 0.036500 -0.031000 -0.023000
v 0.036507 -0.030887 0.025338
v 0.036504 -0.027867 -0.030397
v 0.036349 -0.031282 0.026906
v 0.036500 -0.026344 -0.031082
v 0.036500 -0.024175 0.030904
v 0.036500 -0.023000 0.031000
v 0.036500 -0.020160 0.033095
v 0.036500 0.000000 -0.032082
v 0.036500 0.000000 0.035199
v 0.036500 0.019035 0.034534
v 0.036500 0.019940 0.033849
v 0.036500 0.020110 0.033250
v 0.036500 0.021424 0.031505
v 0.036500 0.023000 0.031000
v 0.036498 0.026270 -0.030878
v 0.036501 0.026137 0.030654
v 0.036501 0.019715 0.034250
v 0.037618 -0.018971 0.035000
v 0.038901 -0.013456 0.031004
v 0.040013 -0.031285 -0.024757
v 0.039989 -0.031698 0.022152
v 0.040000 -0.022266 -0.022539
v 0.040000 -0.021903 0.023752
v 0.043001 -0.021575 -0.031113
v 0.040039 -0.021259 0.031328
v 0.040007 0.019579 -0.030473
v 0.040003 0.020282 0.030897
v 0.038002 0.030121 -0.028011
v 0.040016 0.031614 0.021258
v 0.038816 0.031011 -0.021608
v 0.042133 -0.018137 0.031649
v 0.040660 -0.019494 0.035014
v 0.039467 -0.015827 0.031649
v 0.043084 -0.015857 0.034993
v 0.040097 -0.013010 0.034895
v 0.044447 -0.019495 0.031003
v 0.045000 -0.031000 -0.021500
v 0.045001 -0.031002 -0.000845
v 0.045000 -0.031000 0.021500
v 0.045002 -0.030554 0.005931
v 0.045005 -0.028746 -0.013204
v 0.045001 -0.026514 0.016467
v 0.044983 -0.022189 0.022592
v 0.044997 -0.022569 -0.022277
v 0.045005 -0.017787 -0.025549
v 0.044993 -0.005169 -0.030942
v 0.046210 -0.013113 0.028467
v 0.045000 0.000000 0.031000
v 0.045009 0.011626 0.029467
v 0.045000 0.021500 -0.031000
v 0.045000 0.021500 0.031000
v 0.044950 0.021795 -0.023094
v 0.044999 0.021901 0.023695
v 0.043125 0.029368 -0.020899
v 0.045033 0.031290 0.003570
v 0.045000 0.031000 0.021500
v 0.047036 -0.030761 0.005029
v 0.047028 -0.020940 -0.022876
v 0.046971 -0.015991 0.019978
v 0.047006 0.000202 -0.030389
v 0.047009 0.006416 0.029781
v 0.046210 0.012131 -0.028425
v 0.045932 0.024011 0.020752
v 0.045819 0.024390 -0.021033
v 0.046999 0.030128 -0.000255
v 0.047500 -0.028052 0.010960
v 0.047290 -0.024356 0.007995
v 0.047512 -0.026865 -0.014009
v 0.047193 -0.023634 -0.009692
v 0.047541 -0.017276 -0.024665
v 0.047517 -0.021988 0.021636
v 0.047382 -0.014450 -0.020709
v 0.047321 -0.010104 0.023608
v 0.047213 0.001111 -0.025815
v 0.048107 -0.001348 0.029911
v 0.047474 -0.001417 -0.030688
v 0.047233 0.008939 0.024129
v 0.048153 0.017240 -0.024363
v 0.047256 0.019840 -0.016362
v 0.047347 0.018375 0.017464
v 0.047236 0.025329 0.003490
v 0.047512 0.027300 -0.012868
v 0.047762 0.029904 0.007589
v 0.049444 0.010102 -0.028313
v 0.048028 0.018352 0.023987
v 0.050173 0.027081 -0.014330
v 0.050650 0.028814 0.009620
v 0.050477 -0.022420 -0.020666
v 0.048288 -0.029802 -0.000791
v 0.050941 -0.017728 0.025097
v 0.050349 -0.009563 -0.029183
v 0.053732 -0.027997 0.016873
v 0.054131 0.029617 -0.014596
v 0.054467 -0.029036 -0.015825
v 0.054393 0.033217 -0.001493
v 0.053958 -0.032179 -0.006575
v 0.054490 -0.032820 -0.003564
v 0.054531 -0.032932 0.003976
v 0.052231 0.002164 -0.031726
v 0.054535 0.028335 0.017034
v 0.055180 0.027084 -0.018879
v 0.054441 0.031878 0.008774
v 0.055638 -0.025383 0.021154
v 0.056304 0.023742 0.023942
v 0.053246 0.019954 0.026003
v 0.055204 -0.023735 0.023556
v 0.055308 0.023775 -0.023686
v 0.060450 -0.018062 0.032812
v 0.053380 0.002423 0.033060
v 0.060863 -0.022140 0.030205
v 0.059935 0.019363 0.029908
v 0.060198 -0.018107 -0.028950
v 0.060176 -0.019671 0.027274
v 0.059786 0.019103 -0.029089
v 0.061214 0.020486 -0.032246
v 0.060496 0.019353 -0.027283
v 0.059082 -0.021646 -0.029513
v 0.060457 -0.020659 -0.028419
v 0.060193 -0.017913 -0.032858
v 0.060368 -0.018941 0.029893
v 0.060366 0.019246 0.027285
v 0.060905 0.021800 0.030774
v 0.067500 -0.025261 0.002788
v 0.067500 -0.023128 -0.009743
v 0.067500 -0.020410 0.014681
v 0.067500 -0.015127 -0.020638
v 0.067500 0.002267 -0.025441
v 0.067500 -0.010608 0.023064
v 0.067500 0.000000 0.000000
v 0.067500 0.001633 0.025102
v 0.067500 0.011351 0.022466
v 0.067500 0.016642 -0.019088
v 0.067500 0.019305 0.016134
v 0.067500 0.023763 -0.008538
v 0.067500 0.024865 0.005031
v 0.069500 -0.032961 0.001598
v 0.069540 -0.032141 0.007285
v 0.069500 -0.030031 -0.014033
v 0.069510 -0.029384 0.014274
v 0.069500 -0.029203 0.015368
v 0.069499 -0.027240 0.018617
v 0.069485 -0.022158 -0.026855
v 0.069500 -0.022494 0.030023
v 0.069499 -0.021604 0.028627
v 0.069500 -0.020497 -0.028209
v 0.069502 -0.019221 -0.031009
v 0.069500 -0.019138 0.027125
v 0.069499 -0.019646 0.031312
v 0.069800 -0.017773 -0.028197
v 0.069800 -0.011278 0.031937
v 0.069500 -0.010497 -0.029848
v 0.069500 0.000000 0.033000
v 0.069497 0.020859 -0.031243
v 0.069473 0.019471 0.031728
v 0.069502 0.018265 -0.029609
v 0.069915 0.018883 0.026690
v 0.069500 0.020285 0.027790
v 0.069497 0.021335 -0.028682
v 0.069500 0.022441 0.030075
v 0.069500 0.027938 -0.017650
v 0.069500 0.023713 0.023602
v 0.069500 0.028460 0.016759
v 0.069500 0.029913 -0.013935
v 0.069985 0.032597 -0.007850
v 0.069686 0.030618 0.011452
v 0.069500 0.032792 -0.004864
v 0.069500 0.032542 0.006312
v 0.069502 0.031212 -0.004045
v 0.069709 0.004838 -0.032479
v 0.070047 -0.033067 -0.001436
v 0.070008 -0.029196 0.015127
v 0.069792 -0.030760 -0.011295
v 0.069960 -0.021272 0.027471
v 0.069990 -0.020221 -0.028846
v 0.070671 -0.021909 0.030224
v 0.070001 -0.014613 0.029809
v 0.069945 -0.002872 -0.032588
v 0.069728 0.004218 0.031552
v 0.071474 0.014538 -0.030217
v 0.070434 0.017803 0.032722
v 0.070034 0.021896 0.029922
v 0.069837 0.021060 -0.026955
v 0.074154 0.030726 0.013053
v 0.070000 0.032156 0.007532
v 0.071775 -0.020073 0.029709
v 0.071884 -0.019361 -0.027312
v 0.071672 -0.018939 0.026651
v 0.071640 -0.019056 -0.030595
v 0.071640 0.017512 0.027676
v 0.071640 0.019357 -0.026571
v 0.071601 0.020494 -0.029789
v 0.071751 0.020002 0.030287
v 0.073985 -0.020753 0.024836
v 0.074389 -0.014796 -0.031747
v 0.075036 -0.015437 0.033143
v 0.072009 0.019685 0.026707
v 0.072126 0.021922 -0.024274
v 0.071611 0.015201 -0.033164
v 0.070103 0.022375 0.026085
v 0.075640 -0.013298 0.029456
v 0.075653 -0.013057 0.031486
v 0.076001 -0.034562 0.005148
v 0.076000 -0.028260 -0.017120
v 0.076000 -0.025000 0.000000
v 0.076000 -0.024961 0.001402
v 0.076000 -0.024615 0.004660
v 0.075035 -0.023134 -0.024522
v 0.076000 -0.024607 0.022296
v 0.075999 -0.023408 -0.010082
v 0.076000 -0.024111 0.023201
v 0.076000 -0.021629 0.012974
v 0.076000 -0.018794 0.025137
v 0.075998 -0.016594 0.026053
v 0.076000 -0.009049 0.024055
v 0.076000 -0.012685 -0.021967
v 0.076000 0.003275 0.024836
v 0.076000 0.012727 0.021949
v 0.076000 0.005008 -0.025341
v 0.076010 0.015370 0.032716
v 0.076000 0.015828 -0.028104
v 0.076000 0.020573 -0.024969
v 0.076000 0.020748 0.014091
v 0.076000 0.023280 0.009137
v 0.076000 0.021537 -0.013445
v 0.076000 0.022178 0.024164
v 0.076000 0.024670 0.004484
v 0.076000 0.024941 -0.002633
v 0.076000 0.028081 -0.017390
v 0.076000 0.031548 -0.010054
v 0.076000 0.033103 -0.000617
vn -0.9773 -0.1853 0.1028
vn -0.9999 0.0098 -0.0102
vn -0.9762 -0.0376 0.2138
vn -0.9967 -0.0644 -0.0499
vn -0.9967 -0.0644 -0.0499
vn -0.9967 -0.0644 -0.0499
vn -0.9757 -0.1997 -0.0902
vn -0.9757 -0.1997 -0.0902
vn -0.8923 0.2308 -0.3881
vn -0.9549 -0.0002 -0.2970
vn -0.9549 -0.0002 -0.2970
vn -0.9549 -0.0002 -0.2970
vn 0.1209 0.8960 0.4274
vn -0.2827 0.8107 0.5126
vn -0.2321 0.7690 0.5957
vn -0.9760 0.2175 0.0072
vn -0.9760 0.2175 0.0072
vn -0.9760 0.2175 0.0072
vn -0.9950 -0.0888 0.0448
vn -0.9773 -0.1853 0.1028
vn -0.9950 -0.0888 0.0448
vn 0.0464 0.0221 -0.9987
vn -0.5035 0.2820 -0.8166
vn -0.8923 0.2308 -0.3881
vn 0.0464 0.0221 -0.9987
vn 0.4039 0.2052 -0.8915
vn -0.3219 -0.1231 -0.9387
vn -0.9836 0.1802 -0.0052
vn -0.8923 0.2308 -0.3881
vn -0.9836 0.1802 -0.0052
vn -0.8909 0.0072 0.4541
vn -0.8909 0.0072 0.4541
vn -0.3778 0.2226 0.8987
vn -0.9947 0.0436 0.0934
vn -0.9947 0.0436 0.0934
vn -0.9947 0.0436 0.0934
vn 0.6945 -0.1038 -0.7120
vn 0.8667 -0.3444 -0.3610
vn -0.2958 -0.7196 -0.6282
vn -0.6619 0.1433 -0.7358
vn -0.0656 -0.4273 -0.9017
vn -0.6619 0.1433 -0.7358
vn 0.6573 0.7075 0.2597
vn -0.0602 0.9931 0.1009
vn 0.1209 0.8960 0.4274
vn 0.6573 0.7075 0.2597
vn -0.0516 0.9560 -0.2888
vn -0.0602 0.9931 0.1009
vn -0.0516 0.9560 -0.2888
vn -0.2422 0.9609 0.1343
vn -0.2422 0.9609 0.1343
vn -0.0516 0.9560 -0.2888
vn 0.8010 0.5943 0.0719
vn 0.1118 0.9805 -0.1615
vn -0.0516 0.9560 -0.2888
vn 0.0011 0.9041 -0.4273
vn 0.6808 0.5899 -0.4341
vn -0.0516 0.9560 -0.2888
vn -0.5035 0.6138 -0.6080
vn -0.5035 0.6138 -0.6080
vn -0.0248 -0.9649 -0.2616
vn 0.1310 -0.9539 -0.2700
vn 0.7357 -0.6753 0.0513
vn 0.7357 -0.6753 0.0513
vn -0.3322 -0.9410 0.0647
vn -0.0248 -0.9649 -0.2616
vn -0.4437 -0.8729 0.2030
vn -0.2967 -0.8561 0.4231
vn -0.3322 -0.9410 0.0647
vn -0.0531 -0.8558 -0.5145
vn -0.0248 -0.9649 -0.2616
vn -0.2958 -0.7196 -0.6282
vn -0.0248 -0.9649 -0.2616
vn -0.1802 -0.8195 -0.5440
vn -0.1802 -0.8195 -0.5440
vn 0.4280 0.6176 -0.6599
vn -0.0516 0.9560 -0.2888
vn 0.2377 0.8076 -0.5397
vn 0.2377 0.8076 -0.5397
vn -0.0516 0.9560 -0.2888
vn 0.8369 0.4193 -0.3519
vn -0.0656 -0.4273 -0.9017
vn -0.3219 -0.1231 -0.9387
vn -0.4905 -0.2419 -0.8372
vn 0.4039 0.2052 -0.8915
vn 0.6945 -0.1038 -0.7120
vn -0.3219 -0.1231 -0.9387
vn 0.4039 0.2052 -0.8915
vn 0.4280 0.6176 -0.6599
vn 0.2377 0.8076 -0.5397
vn 0.4039 0.2052 -0.8915
vn 0.2377 0.8076 -0.5397
vn 0.8369 0.4193 -0.3519
vn 0.8369 0.4193 -0.3519
vn 0.9393 0.0167 -0.3427
vn 0.4039 0.2052 -0.8915
vn 0.3792 0.7466 0.5466
vn 0.9863 0.1548 0.0574
vn 0.8900 0.3134 0.3311
vn 0.3792 0.7466 0.5466
vn 0.8031 0.5894 0.0879
vn 0.9863 0.1548 0.0574
vn -0.2625 0.7714 0.5796
vn 0.2132 0.7912 0.5733
vn 0.6573 0.7075 0.2597
vn -0.2625 0.7714 0.5796
vn 0.3792 0.7466 0.5466
vn 0.2950 0.4088 0.8636
vn 0.3792 0.7466 0.5466
vn 0.3728 0.8533 0.3646
vn 0.3728 0.8533 0.3646
vn -0.0913 0.7790 0.6203
vn -0.0913 0.7790 0.6203
vn 0.3792 0.7466 0.5466
vn 0.5364 0.1338 0.8333
vn -0.3778 0.2226 0.8987
vn -0.0194 -0.0533 0.9984
vn -0.3521 -0.1770 0.9191
vn -0.0194 -0.0533 0.9984
vn 0.1478 -0.7465 0.6487
vn -0.2090 0.0201 0.9777
vn 0.5364 0.1338 0.8333
vn -0.0194 -0.0533 0.9984
vn -0.9762 -0.0376 0.2138
vn -0.9425 -0.2830 0.1780
vn -0.9425 -0.2830 0.1780
vn 0.1478 -0.7465 0.6487
vn 0.6961 -0.6580 0.2871
vn 0.7841 -0.5123 0.3502
vn -0.2967 -0.8561 0.4231
vn -0.4252 -0.5895 0.6868
vn -0.4252 -0.5895 0.6868
vn -0.2967 -0.8561 0.4231
vn 0.0962 -0.8729 0.4784
vn 0.0962 -0.8729 0.4784
vn -0.2967 -0.8561 0.4231
vn 0.7357 -0.6753 0.0513
vn 0.0616 -0.8632 0.5011
vn 0.7841 -0.5123 0.3502
vn 0.9046 -0.0949 0.4157
vn 0.1478 -0.7465 0.6487
vn 0.2296 -0.3741 0.8985
vn 0.2296 -0.3741 0.8985
vn 0.7841 -0.5123 0.3502
vn 0.9046 -0.0949 0.4157
vn 0.7841 -0.5123 0.3502
vn 0.9941 -0.0701 0.0823
vn 0.8667 -0.3444 -0.3610
vn 0.6945 -0.1038 -0.7120
vn 0.9393 0.0167 -0.3427
vn 0.4039 0.2052 -0.8915
vn 0.9393 0.0167 -0.3427
vn 0.6945 -0.1038 -0.7120
vn 0.8369 0.4193 -0.3519
vn 0.7269 -0.5328 0.4334
vn 0.6463 -0.2478 0.7217
vn 0.6667 -0.7169 0.2038
vn 0.8566 -0.4831 0.1812
vn 0.7841 -0.5123 0.3502
vn 0.8566 -0.4831 0.1812
vn 0.7703 0.6269 -0.1168
vn 1.0000 -0.0003 0.0001
vn 1.0000 0.0010 -0.0002
vn 0.9941 -0.0701 0.0823
vn 0.8566 -0.4831 0.1812
vn 0.7269 -0.5328 0.4334
vn 0.8369 0.4193 -0.3519
vn 0.6808 0.5899 -0.4341
vn 0.7269 -0.5328 0.4334
vn 0.6808 0.5899 -0.4341
vn 0.9150 0.3866 -0.1157
vn 0.6479 -0.7549 0.1015
vn 0.7269 -0.5328 0.4334
vn 0.9150 0.3866 -0.1157
vn 0.9745 0.1746 0.1413
vn 0.9991 -0.0319 -0.0266
vn 0.9046 -0.0949 0.4157
vn 0.9393 0.0167 -0.3427
vn 0.8369 0.4193 -0.3519
vn 0.6463 -0.2478 0.7217
vn 0.9941 -0.0701 0.0823
vn 1.0000 -0.0002 0.0002
vn 1.0000 -0.0002 0.0002
vn 0.7703 0.6269 -0.1168
vn 0.8544 0.5195 -0.0141
vn 0.8703 0.0880 0.4846
vn 0.9897 0.0326 -0.1393
vn 0.9745 0.1746 0.1413
vn 0.5852 -0.3593 -0.7269
vn 0.9590 0.1984 0.2026
vn 0.9590 0.1984 0.2026
vn 0.6573 0.7075 0.2597
vn 0.9516 0.3046 0.0412
vn 0.8817 -0.4084 0.2365
vn 0.7357 -0.6753 0.0513
vn 0.8817 -0.4084 0.2365
vn 0.9516 0.3046 0.0412
vn 1.0000 0.0000 0.0000
vn 1.0000 0.0000 0.0000
vn 0.8703 0.0880 0.4846
vn 0.8817 -0.4084 0.2365
vn 0.8703 0.0880 0.4846
vn 1.0000 0.0001 -0.0000
vn 0.7703 0.6269 -0.1168
vn 0.9150 0.3866 -0.1157
vn 0.8010 0.5943 0.0719
vn 0.6479 -0.7549 0.1015
vn 0.9241 -0.3816 0.0187
vn 0.6479 -0.7549 0.1015
vn 0.8010 0.5943 0.0719
vn 0.8010 0.5943 0.0719
vn 0.6573 0.7075 0.2597
vn 0.9241 -0.3816 0.0187
vn 0.9759 0.2091 0.0625
vn 0.9241 -0.3816 0.0187
vn 0.6573 0.7075 0.2597
vn 0.9768 0.1908 0.0976
vn 0.9768 0.1908 0.0976
vn 0.6573 0.7075 0.2597
vn 0.9046 -0.0949 0.4157
vn 0.9941 -0.0701 0.0823
vn 0.9911 0.0339 0.1289
vn 0.9949 -0.0064 0.1010
vn 0.8916 -0.0523 -0.4498
vn 0.9046 -0.0949 0.4157
vn 0.8916 -0.0523 -0.4498
vn 0.9745 0.1746 0.1413
vn 0.9046 -0.0949 0.4157
vn 0.8916 -0.0523 -0.4498
vn 1.0000 -0.0000 -0.0001
vn 0.9745 0.1746 0.1413
vn 0.8737 -0.4429 -0.2013
vn 0.8667 -0.3444 -0.3610
vn 0.9852 -0.0509 -0.1638
vn 1.0000 0.0001 0.0001
vn 0.6526 0.6792 0.3359
vn 0.8737 -0.4429 -0.2013
vn 0.6526 0.6792 0.3359
vn 0.9516 0.3046 0.0412
vn 0.7357 -0.6753 0.0513
vn 0.9880 -0.0383 -0.1498
vn 0.8667 -0.3444 -0.3610
vn 0.9393 0.0167 -0.3427
vn 0.9775 -0.0396 -0.2074
vn 0.9775 -0.0396 -0.2074
vn 0.8667 -0.3444 -0.3610
vn 0.7357 -0.6753 0.0513
vn 0.8737 -0.4429 -0.2013
vn 0.6526 0.6792 0.3359
vn -0.2324 0.9660 -0.1130
vn -0.2324 0.9660 -0.1130
vn -0.2324 0.9660 -0.1130
vn 0.2324 -0.9660 0.1130
vn 0.2324 -0.9660 0.1130
vn 0.2324 -0.9660 0.1130
vn -0.0194 -0.0533 0.9984
vn -0.0995 -0.5396 0.8360
vn -0.0995 -0.5396 0.8360
vn 0.0995 0.5396 -0.8360
vn 0.0995 0.5396 -0.8360
vn 0.0995 0.5396 -0.8360
vn 0.8426 -0.0564 0.5356
vn 0.8426 -0.0564 0.5356
vn 0.8426 -0.0564 0.5356
vn -0.6362 -0.7299 -0.2502
vn -0.6362 -0.7299 -0.2502
vn -0.6362 -0.7299 -0.2502
vn 0.5882 0.4749 -0.6546
vn 0.4280 0.6176 -0.6599
vn 0.5882 0.4749 -0.6546
vn -0.9996 0.0199 0.0192
vn -0.8923 0.2308 -0.3881
vn -0.8426 0.0564 -0.5356
vn 0.4875 -0.8653 -0.1167
vn 0.4875 -0.8653 -0.1167
vn 0.4875 -0.8653 -0.1167
vn -0.4875 0.8653 0.1167
vn -0.4875 0.8653 0.1167
vn -0.4875 0.8653 0.1167
vn -0.8989 0.1212 0.4210
vn -0.9718 -0.2355 0.0090
vn -0.8989 0.1212 0.4210
vn -0.7279 -0.6787 -0.0977
vn -0.7279 -0.6787 -0.0977
vn -0.9718 -0.2355 0.0090
vn -0.4383 -0.5362 -0.7213
vn -0.4383 -0.5362 -0.7213
vn -0.4383 -0.5362 -0.7213
vn -0.9718 -0.2355 0.0090
vn -0.7439 0.6438 0.1792
vn -0.9266 0.2909 -0.2383
vn 0.5862 0.8047 0.0936
vn 0.5862 0.8047 0.0936
vn 0.5862 0.8047 0.0936
vn -0.6945 -0.5056 0.5118
vn -0.9718 -0.2355 0.0090
vn -0.6945 -0.5056 0.5118
vn 0.6727 -0.2488 0.6968
vn 0.6727 -0.2488 0.6968
vn 0.6727 -0.2488 0.6968
vn -0.6889 -0.2363 0.6853
vn -0.9750 0.0789 -0.2076
vn -0.9773 -0.1853 0.1028
vn -0.3062 -0.0821 -0.9484
vn -0.3062 -0.0821 -0.9484
vn -0.3062 -0.0821 -0.9484
vn -0.9762 -0.0376 0.2138
vn -0.7671 0.5526 0.3258
vn -0.9750 0.0789 -0.2076
vn -0.9750 0.0789 -0.2076
vn -0.7335 0.6289 0.2577
vn -0.9762 -0.0376 0.2138
vn 0.6479 -0.7549 0.1015
vn -0.0253 -0.9990 -0.0380
vn -0.0253 -0.9990 -0.0380
vn -0.0403 -0.9574 -0.2861
vn -0.0403 -0.9574 -0.2861
vn -0.0403 -0.9574 -0.2861
vn 0.7860 -0.5724 -0.2337
vn 0.4850 -0.7319 -0.4787
vn 0.0538 -0.8891 -0.4545
vn 0.0441 -0.8933 -0.4474
vn 0.0441 -0.8933 -0.4474
vn 0.4850 -0.7319 -0.4787
vn 0.4850 -0.7319 -0.4787
vn 0.5852 -0.3593 -0.7269
vn -0.0528 -0.6989 -0.7133
vn 0.0532 -0.6220 -0.7812
vn 0.0532 -0.6220 -0.7812
vn 0.5852 -0.3593 -0.7269
vn -0.0164 -0.2617 -0.9650
vn -0.0164 -0.2617 -0.9650
vn 0.5852 -0.3593 -0.7269
vn 0.5852 -0.3593 -0.7269
vn 0.0265 -0.2920 -0.9560
vn 0.0265 -0.2920 -0.9560
vn -0.0434 0.0631 -0.9971
vn 0.5427 0.3766 -0.7508
vn -0.0434 0.0631 -0.9971
vn 0.0846 0.1636 -0.9829
vn 0.0846 0.1636 -0.9829
vn 0.5427 0.3766 -0.7508
vn -0.0307 0.6497 -0.7596
vn -0.0307 0.6497 -0.7596
vn 0.5427 0.3766 -0.7508
vn 0.5427 0.3766 -0.7508
vn 0.4133 0.7626 -0.4976
vn -0.0557 0.6599 -0.7492
vn 0.0569 0.9244 -0.3770
vn 0.0569 0.9244 -0.3770
vn 0.4133 0.7626 -0.4976
vn 0.4133 0.7626 -0.4976
vn 0.0030 0.9411 -0.3380
vn 0.0030 0.9411 -0.3380
vn -0.0522 0.9931 -0.1054
vn 0.3152 0.9458 -0.0781
vn -0.0522 0.9931 -0.1054
vn 0.3152 0.9458 -0.0781
vn -0.0397 0.9988 -0.0278
vn -0.0397 0.9988 -0.0278
vn 0.0209 0.9875 0.1560
vn 0.6526 0.6792 0.3359
vn 0.0209 0.9875 0.1560
vn 0.0391 0.9851 0.1676
vn 0.0391 0.9851 0.1676
vn 0.6526 0.6792 0.3359
vn 0.0501 0.8050 0.5912
vn 0.0501 0.8050 0.5912
vn 0.6526 0.6792 0.3359
vn 0.6526 0.6792 0.3359
vn 0.5937 0.3333 0.7324
vn -0.1079 0.7381 0.6660
vn 0.0740 0.2654 0.9613
vn 0.0740 0.2654 0.9613
vn 0.5937 0.3333 0.7324
vn 0.5937 0.3333 0.7324
vn -0.0718 0.1868 0.9798
vn -0.0718 0.1868 0.9798
vn 0.1187 -0.4014 0.9082
vn 0.1187 -0.4014 0.9082
vn 0.6463 -0.2478 0.7217
vn -0.1984 -0.5725 0.7955
vn -0.1984 -0.5725 0.7955
vn -0.1984 -0.5725 0.7955
vn 0.1053 -0.8242 0.5563
vn 0.1053 -0.8242 0.5563
vn 0.7269 -0.5328 0.4334
vn -0.0762 -0.9511 0.2994
vn 0.6479 -0.7549 0.1015
vn -0.0762 -0.9511 0.2994
vn 0.0816 -0.9934 0.0807
vn 0.0816 -0.9934 0.0807
vn 0.6479 -0.7549 0.1015
vn 0.8703 0.3718 -0.3229
vn 0.8429 0.5356 -0.0507
vn 1.0000 -0.0000 0.0000
vn 0.9491 0.1346 -0.2847
vn 0.8703 0.3718 -0.3229
vn 1.0000 -0.0000 0.0000
vn 0.8315 -0.0343 -0.5545
vn 0.9491 0.1346 -0.2847
vn 1.0000 -0.0000 0.0000
vn 0.9481 -0.1440 -0.2837
vn 0.8315 -0.0343 -0.5545
vn 1.0000 -0.0000 0.0000
vn 0.8925 -0.3434 -0.2923
vn 0.9481 -0.1440 -0.2837
vn 1.0000 -0.0000 0.0000
vn 0.8749 -0.4741 -0.0991
vn 0.8925 -0.3434 -0.2923
vn 1.0000 -0.0000 0.0000
vn 0.9028 -0.4080 0.1358
vn 0.8749 -0.4741 -0.0991
vn 1.0000 -0.0000 0.0000
vn 0.8602 -0.3079 0.4065
vn 0.9028 -0.4080 0.1358
vn 1.0000 -0.0000 0.0000
vn 0.8915 0.0167 0.4526
vn 0.8602 -0.3079 0.4065
vn 1.0000 -0.0000 0.0000
vn 0.8924 0.2739 0.3586
vn 0.8915 0.0167 0.4526
vn 1.0000 -0.0000 0.0000
vn 0.9486 0.2904 0.1256
vn 0.8924 0.2739 0.3586
vn 1.0000 -0.0000 0.0000
vn 0.8429 0.5356 -0.0507
vn 0.9486 0.2904 0.1256
vn 1.0000 -0.0000 0.0000
vn -0.7884 -0.1668 -0.5921
vn -0.3219 -0.1231 -0.9387
vn -0.0656 -0.4273 -0.9017
vn -0.9198 0.3916 0.0259
vn -0.9198 0.3916 0.0259
vn -0.9198 0.3916 0.0259
vn -0.2967 -0.8561 0.4231
vn -0.9773 -0.1853 0.1028
vn -0.6846 -0.5173 0.5135
vn -0.2967 -0.8561 0.4231
vn 0.3066 -0.8779 0.3679
vn -0.3322 -0.9410 0.0647
vn 0.9802 -0.1829 0.0764
vn 0.9802 -0.1829 0.0764
vn 0.9802 -0.1829 0.0764
vn -0.9725 -0.0264 -0.2314
vn -0.9725 -0.0264 -0.2314
vn -0.9725 -0.0264 -0.2314
vn -0.9704 -0.2395 -0.0310
vn -0.9704 -0.2395 -0.0310
vn -0.9704 -0.2395 -0.0310
vn -0.9563 -0.1962 0.2168
vn -0.9773 -0.1853 0.1028
vn -0.9563 -0.1962 0.2168
vn 0.8384 -0.5239 0.1503
vn 0.9969 0.0611 0.0500
vn 0.9969 0.0611 0.0500
vn 0.9738 0.1870 0.1293
vn 0.9738 0.1870 0.1293
vn 0.8384 -0.5239 0.1503
vn 0.9891 0.1210 0.0839
vn 0.9891 0.1210 0.0839
vn 0.9891 0.1210 0.0839
vn 0.9805 0.0142 0.1958
vn 0.9805 0.0142 0.1958
vn 0.9805 0.0142 0.1958
vn 0.9962 0.0157 0.0857
vn 0.9962 0.0157 0.0857
vn 0.9962 0.0157 0.0857
vn 0.9999 0.0114 0.0093
vn 0.8384 -0.5239 0.1503
vn 0.9999 0.0114 0.0093
vn 0.9999 -0.0103 -0.0020
vn 0.9999 -0.0103 -0.0020
vn 0.9999 -0.0103 -0.0020
vn 0.9998 0.0119 0.0164
vn 0.9998 0.0119 0.0164
vn 0.8072 0.5832 -0.0913
vn 0.8072 0.5832 -0.0913
vn 0.9820 0.0539 -0.1810
vn 0.9820 0.0539 -0.1810
vn 0.8871 0.3921 -0.2436
vn 0.8871 0.3921 -0.2436
vn 0.4280 0.6176 -0.6599
vn 0.4280 0.6176 -0.6599
vn 0.9571 0.2484 -0.1489
vn 0.9571 0.2484 -0.1489
vn 0.9810 0.1715 -0.0912
vn 0.9810 0.1715 -0.0912
vn 0.9810 0.1715 -0.0912
vn 0.7500 0.6567 0.0789
vn 0.9846 0.0813 0.1545
vn 0.9846 0.0813 0.1545
vn 0.9999 -0.0051 -0.0121
vn 0.7500 0.6567 0.0789
vn 0.9999 -0.0051 -0.0121
vn 0.9947 0.1025 0.0023
vn 0.9947 0.1025 0.0023
vn 0.9947 0.1025 0.0023
vn 0.9989 -0.0058 0.0455
vn 0.9989 -0.0058 0.0455
vn 0.9467 -0.0563 -0.3171
vn 0.9467 -0.0563 -0.3171
vn 0.9935 0.0153 -0.1130
vn 0.9935 0.0153 -0.1130
vn 0.9999 -0.0133 -0.0053
vn 0.9999 -0.0133 -0.0053
vn 0.9999 -0.0133 -0.0053
vn 0.9867 -0.1080 -0.1216
vn 0.9867 -0.1080 -0.1216
vn 0.9867 -0.1080 -0.1216
vn 0.9656 -0.2063 -0.1581
vn 0.9656 -0.2063 -0.1581
vn 0.9656 -0.2063 -0.1581
vn 0.9946 -0.0883 -0.0554
vn 0.9946 -0.0883 -0.0554
vn 0.9946 -0.0883 -0.0554
vn 0.9997 -0.0205 0.0127
vn 0.9997 -0.0205 0.0127
vn 0.9997 -0.0205 0.0127
vn 0.9954 -0.0749 0.0605
vn 0.9954 -0.0749 0.0605
vn 0.9128 -0.3621 0.1890
vn 0.9994 -0.0356 -0.0040
vn 0.9128 -0.3621 0.1890
vn 0.9994 -0.0356 -0.0040
vn 0.9955 -0.0941 0.0065
vn 0.9955 -0.0941 0.0065
vn 0.9955 -0.0941 0.0065
vn 0.9128 -0.3621 0.1890
vn 1.0000 -0.0004 0.0002
vn 1.0000 -0.0004 0.0002
vn 1.0000 -0.0059 0.0054
vn 1.0000 -0.0059 0.0054
vn 0.9128 -0.3621 0.1890
vn 1.0000 0.0005 -0.0003
vn 1.0000 0.0005 -0.0003
vn 1.0000 0.0005 -0.0003
vn 0.9834 0.0090 0.1813
vn 0.9834 0.0090 0.1813
vn 0.9834 0.0090 0.1813
vn -0.0194 -0.0533 0.9984
vn 0.0938 0.0020 0.9956
vn 0.3034 -0.2673 0.9146
vn 0.1552 -0.8527 -0.4988
vn 0.1548 -0.8916 -0.4255
vn -0.1310 -0.8752 -0.4657
vn 0.1548 -0.8916 -0.4255
vn -0.0248 -0.9649 -0.2616
vn -0.2300 -0.9221 -0.3113
vn 0.1548 -0.8916 -0.4255
vn -0.2300 -0.9221 -0.3113
vn -0.1310 -0.8752 -0.4657
vn -0.0248 -0.9649 -0.2616
vn -0.0770 -0.9948 -0.0668
vn -0.2300 -0.9221 -0.3113
vn -0.1127 -0.9876 0.1096
vn -0.0770 -0.9948 -0.0668
vn -0.0248 -0.9649 -0.2616
vn -0.1127 -0.9876 0.1096
vn -0.0248 -0.9649 -0.2616
vn 0.0685 -0.9950 -0.0730
vn 0.0685 -0.9950 -0.0730
vn 0.0107 -0.9512 0.3082
vn -0.1127 -0.9876 0.1096
vn -0.1866 -0.8900 0.4160
vn 0.0107 -0.9512 0.3082
vn 0.3066 -0.8779 0.3679
vn -0.1866 -0.8900 0.4160
vn -0.0059 -0.8966 0.4427
vn 0.1512 -0.8529 0.4996
vn 0.3066 -0.8779 0.3679
vn -0.0059 -0.8966 0.4427
vn -0.1866 -0.8900 0.4160
vn -0.0336 -0.8584 0.5119
vn -0.1866 -0.8900 0.4160
vn 0.1512 -0.8529 0.4996
vn -0.0336 -0.8584 0.5119
vn 0.1512 -0.8529 0.4996
vn 0.2091 -0.8596 0.4662
vn 0.2091 -0.8596 0.4662
vn -0.3160 -0.8115 0.4915
vn -0.0336 -0.8584 0.5119
vn -0.2635 -0.7506 0.6060
vn -0.3160 -0.8115 0.4915
vn 0.2091 -0.8596 0.4662
vn -0.0459 -0.8422 -0.5372
vn -0.0459 -0.8422 -0.5372
vn -0.0459 -0.8422 -0.5372
vn -0.3160 -0.8115 0.4915
vn -0.1866 -0.8900 0.4160
vn -0.0336 -0.8584 0.5119
vn 0.0107 -0.9512 0.3082
vn -0.1866 -0.8900 0.4160
vn -0.1127 -0.9876 0.1096
vn -0.3161 -0.7115 -0.6275
vn 0.1552 -0.8527 -0.4988
vn -0.1310 -0.8752 -0.4657
vn -0.3160 -0.8115 0.4915
vn -0.5032 -0.3810 0.7756
vn -0.1866 -0.8900 0.4160
vn 0.1559 -0.7981 0.5820
vn 0.3034 -0.2673 0.9146
vn -0.2635 -0.7506 0.6060
vn 0.3034 -0.2673 0.9146
vn -0.2051 -0.1613 0.9654
vn -0.2635 -0.7506 0.6060
vn 0.4284 -0.3028 -0.8513
vn -0.3161 -0.7115 -0.6275
vn -0.0966 -0.0984 -0.9904
vn -0.3161 -0.7115 -0.6275
vn 0.4284 -0.3028 -0.8513
vn 0.1552 -0.8527 -0.4988
vn 0.3027 0.6083 -0.7337
vn 0.0464 0.0221 -0.9987
vn -0.2458 0.2727 -0.9302
vn 0.0464 0.0221 -0.9987
vn 0.4284 -0.3028 -0.8513
vn -0.0966 -0.0984 -0.9904
vn -0.2216 0.0586 -0.9734
vn -0.2458 0.2727 -0.9302
vn 0.0464 0.0221 -0.9987
vn -0.0966 -0.0984 -0.9904
vn -0.2216 0.0586 -0.9734
vn 0.0464 0.0221 -0.9987
vn -0.4582 -0.3396 -0.8214
vn -0.2216 0.0586 -0.9734
vn -0.0966 -0.0984 -0.9904
vn 0.3034 -0.2673 0.9146
vn 0.0938 0.0020 0.9956
vn -0.2051 -0.1613 0.9654
vn 0.2307 0.1382 0.9632
vn -0.2740 0.0309 0.9612
vn 0.0938 0.0020 0.9956
vn -0.2740 0.0309 0.9612
vn -0.2051 -0.1613 0.9654
vn 0.0938 0.0020 0.9956
vn -0.2740 0.0309 0.9612
vn 0.2307 0.1382 0.9632
vn -0.2639 0.5394 0.7996
vn -0.2260 0.8229 -0.5213
vn 0.0370 0.8553 -0.5168
vn 0.1430 0.8014 -0.5808
vn 0.1430 0.8014 -0.5808
vn 0.3027 0.6083 -0.7337
vn -0.2260 0.8229 -0.5213
vn -0.2260 0.8229 -0.5213
vn 0.3027 0.6083 -0.7337
vn 0.0013 0.9338 -0.3579
vn 0.1299 0.8891 0.4389
vn 0.0513 0.8679 0.4940
vn -0.1786 0.8604 0.4772
vn 0.0513 0.8679 0.4940
vn 0.1209 0.8960 0.4274
vn -0.1786 0.8604 0.4772
vn 0.1209 0.8960 0.4274
vn 0.0454 0.9792 0.1980
vn -0.1786 0.8604 0.4772
vn -0.1448 0.9565 0.2531
vn -0.1786 0.8604 0.4772
vn 0.0454 0.9792 0.1980
vn -0.2064 0.9765 -0.0614
vn -0.1448 0.9565 0.2531
vn 0.0454 0.9792 0.1980
vn 0.0454 0.9792 0.1980
vn 0.0951 0.9871 -0.1284
vn -0.2064 0.9765 -0.0614
vn 0.0951 0.9871 -0.1284
vn -0.1260 0.9274 -0.3521
vn -0.2064 0.9765 -0.0614
vn -0.1260 0.9274 -0.3521
vn 0.0951 0.9871 -0.1284
vn -0.0516 0.9560 -0.2888
vn -0.1260 0.9274 -0.3521
vn -0.0516 0.9560 -0.2888
vn 0.1463 0.8906 -0.4307
vn 0.1463 0.8906 -0.4307
vn 0.0370 0.8553 -0.5168
vn -0.1260 0.9274 -0.3521
vn 0.0370 0.8553 -0.5168
vn -0.0159 0.8402 -0.5421
vn -0.1260 0.9274 -0.3521
vn -0.2260 0.8229 -0.5213
vn -0.0159 0.8402 -0.5421
vn 0.0370 0.8553 -0.5168
vn 0.1861 0.8707 0.4552
vn 0.1299 0.8891 0.4389
vn -0.2639 0.5394 0.7996
vn -0.1311 0.8703 0.4747
vn -0.2639 0.5394 0.7996
vn 0.1299 0.8891 0.4389
vn 0.1299 0.8891 0.4389
vn -0.1786 0.8604 0.4772
vn -0.1311 0.8703 0.4747
vn -0.1448 0.9565 0.2531
vn -0.4393 0.8108 0.3867
vn -0.1786 0.8604 0.4772
vn -0.0159 0.8402 -0.5421
vn -0.2260 0.8229 -0.5213
vn -0.1260 0.9274 -0.3521
vn -0.7325 0.3606 -0.5774
vn -0.2260 0.8229 -0.5213
vn -0.2458 0.2727 -0.9302
vn -0.1260 0.9274 -0.3521
vn -0.2260 0.8229 -0.5213
vn -0.4959 0.7978 -0.3428
vn -0.4959 0.7978 -0.3428
vn -0.2064 0.9765 -0.0614
vn -0.1260 0.9274 -0.3521
vn -0.4959 0.7978 -0.3428
vn -0.8499 0.5249 0.0468
vn -0.2064 0.9765 -0.0614
vn -0.2064 0.9765 -0.0614
vn 0.0733 0.9185 0.3886
vn -0.4393 0.8108 0.3867
vn -0.4393 0.8108 0.3867
vn -0.1448 0.9565 0.2531
vn -0.2064 0.9765 -0.0614
vn -0.1786 0.8604 0.4772
vn -0.4393 0.8108 0.3867
vn -0.7192 0.4606 0.5201
vn -0.5322 0.4033 0.7444
vn -0.1786 0.8604 0.4772
vn -0.7192 0.4606 0.5201
vn -0.5322 0.4033 0.7444
vn -0.2740 0.0309 0.9612
vn -0.2639 0.5394 0.7996
vn -0.5322 0.4033 0.7444
vn -0.7258 0.0135 0.6878
vn -0.2740 0.0309 0.9612
vn -0.7258 0.0135 0.6878
vn -0.5032 -0.3810 0.7756
vn -0.2740 0.0309 0.9612
vn -0.5032 -0.3810 0.7756
vn -0.2051 -0.1613 0.9654
vn -0.2740 0.0309 0.9612
vn -0.2635 -0.7506 0.6060
vn -0.2051 -0.1613 0.9654
vn -0.5032 -0.3810 0.7756
vn -0.3160 -0.8115 0.4915
vn -0.2635 -0.7506 0.6060
vn -0.5032 -0.3810 0.7756
vn -0.0770 -0.9948 -0.0668
vn -0.1127 -0.9876 0.1096
vn -0.7293 -0.6829 0.0409
vn -0.2300 -0.9221 -0.3113
vn -0.0770 -0.9948 -0.0668
vn -0.7293 -0.6829 0.0409
vn -0.1310 -0.8752 -0.4657
vn -0.2300 -0.9221 -0.3113
vn -0.4539 -0.6455 -0.6142
vn -0.3161 -0.7115 -0.6275
vn -0.1310 -0.8752 -0.4657
vn -0.4539 -0.6455 -0.6142
vn -0.0966 -0.0984 -0.9904
vn -0.3161 -0.7115 -0.6275
vn -0.4582 -0.3396 -0.8214
vn -0.2216 0.0586 -0.9734
vn -0.7325 0.3606 -0.5774
vn -0.2458 0.2727 -0.9302
vn 0.2307 0.1382 0.9632
vn 0.1861 0.8707 0.4552
vn -0.2639 0.5394 0.7996
vn -0.1311 0.8703 0.4747
vn -0.5322 0.4033 0.7444
vn -0.2639 0.5394 0.7996
vn -0.1311 0.8703 0.4747
vn -0.1786 0.8604 0.4772
vn -0.5322 0.4033 0.7444
vn 0.1522 0.7986 -0.5824
vn 0.1522 0.7986 -0.5824
vn 0.1522 0.7986 -0.5824
vn 0.2334 0.9321 -0.2770
vn 0.2334 0.9321 -0.2770
vn 0.2334 0.9321 -0.2770
vn -0.0162 0.5202 0.8539
vn -0.0162 0.5202 0.8539
vn 0.2607 0.5022 0.8245
vn 0.0592 -0.9627 0.2641
vn 0.0592 -0.9627 0.2641
vn 0.0592 -0.9627 0.2641
vn -0.0578 -0.9911 -0.1201
vn -0.0578 -0.9911 -0.1201
vn -0.0578 -0.9911 -0.1201
vn -0.0028 0.9990 -0.0449
vn -0.0028 0.9990 -0.0449
vn -0.0028 0.9990 -0.0449
vn 0.0307 0.9931 -0.1133
vn -0.2827 0.8107 0.5126
vn 0.0307 0.9931 -0.1133
vn 0.0259 -0.6126 0.7900
vn 0.0259 -0.6126 0.7900
vn 0.0259 -0.6126 0.7900
vn 0.1216 -0.9722 -0.2000
vn 0.1216 -0.9722 -0.2000
vn 0.1216 -0.9722 -0.2000
vn 0.0028 -0.9990 0.0449
vn 0.0028 -0.9990 0.0449
vn 0.0028 -0.9990 0.0449
vn -0.0656 -0.4273 -0.9017
vn 0.0232 0.0017 -0.9997
vn 0.0232 0.0017 -0.9997
vn -0.0259 0.9096 0.4146
vn -0.0259 0.9096 0.4146
vn -0.0259 0.9096 0.4146
vn 0.2359 0.2207 0.9464
vn 0.2359 0.2207 0.9464
vn 0.2359 0.2207 0.9464
vn -0.0050 -0.8889 0.4582
vn -0.0050 -0.8889 0.4582
vn 0.2586 -0.8697 0.4204
vn 0.0834 -0.1947 -0.9773
vn 0.0834 -0.1947 -0.9773
vn -0.0656 -0.4273 -0.9017
vn 0.5162 0.8495 0.1094
vn -0.1771 0.9820 -0.0661
vn -0.1771 0.9820 -0.0661
vn 0.4280 0.6176 -0.6599
vn 0.0204 0.6872 -0.7262
vn 0.0204 0.6872 -0.7262
vn 0.0909 0.5308 0.8426
vn 0.0909 0.5308 0.8426
vn 0.0909 0.5308 0.8426
vn 0.2133 -0.9606 0.1784
vn 0.2133 -0.9606 0.1784
vn 0.2133 -0.9606 0.1784
vn 0.2274 -0.9537 -0.1967
vn 0.2218 -0.9739 0.0475
vn 0.2218 -0.9739 0.0475
vn 0.1829 -0.9647 -0.1897
vn 0.1829 -0.9647 -0.1897
vn 0.2274 -0.9537 -0.1967
vn -0.4582 -0.3396 -0.8214
vn -0.3161 -0.7115 -0.6275
vn -0.4539 -0.6455 -0.6142
vn -0.7293 -0.6829 0.0409
vn -0.1127 -0.9876 0.1096
vn -0.1866 -0.8900 0.4160
vn -0.4959 0.7978 -0.3428
vn -0.2260 0.8229 -0.5213
vn -0.7325 0.3606 -0.5774
vn 0.5131 0.4847 -0.7083
vn 0.5131 0.4847 -0.7083
vn 0.5131 0.4847 -0.7083
vn -0.1866 -0.8900 0.4160
vn -0.5032 -0.3810 0.7756
vn -0.0084 -0.6265 0.7794
vn -0.2300 -0.9221 -0.3113
vn -0.7293 -0.6829 0.0409
vn -0.6923 -0.6512 -0.3109
vn -0.4539 -0.6455 -0.6142
vn 0.1686 -0.5432 -0.8225
vn -0.4582 -0.3396 -0.8214
vn -0.2216 0.0586 -0.9734
vn -0.4582 -0.3396 -0.8214
vn -0.0611 -0.2022 -0.9774
vn -0.4167 0.3055 -0.8562
vn -0.2216 0.0586 -0.9734
vn -0.8681 -0.0043 -0.4963
vn -0.7258 0.0135 0.6878
vn -0.8447 -0.3400 0.4133
vn -0.5032 -0.3810 0.7756
vn -0.6923 -0.6512 -0.3109
vn -0.4539 -0.6455 -0.6142
vn -0.2300 -0.9221 -0.3113
vn -0.8757 -0.2678 -0.4017
vn -0.8681 -0.0043 -0.4963
vn -0.4582 -0.3396 -0.8214
vn -0.7192 0.4606 0.5201
vn -0.7258 0.0135 0.6878
vn -0.5322 0.4033 0.7444
vn -0.7192 0.4606 0.5201
vn -0.4393 0.8108 0.3867
vn -0.0972 0.8129 0.5742
vn -0.4959 0.7978 -0.3428
vn 0.0122 0.9919 -0.1264
vn 0.0122 0.9919 -0.1264
vn -0.4959 0.7978 -0.3428
vn -0.7325 0.3606 -0.5774
vn -0.8957 0.4094 -0.1732
vn -0.4167 0.3055 -0.8562
vn -0.8681 -0.0043 -0.4963
vn -0.7325 0.3606 -0.5774
vn -0.6923 -0.6512 -0.3109
vn -0.8757 -0.2678 -0.4017
vn -0.4539 -0.6455 -0.6142
vn -0.1866 -0.8900 0.4160
vn -0.6896 -0.6909 0.2170
vn -0.7293 -0.6829 0.0409
vn -0.6896 -0.6909 0.2170
vn -0.1866 -0.8900 0.4160
vn -0.8447 -0.3400 0.4133
vn -0.6923 -0.6512 -0.3109
vn -0.7293 -0.6829 0.0409
vn -0.6739 -0.7260 -0.1371
vn -0.9647 -0.2564 0.0604
vn -0.6739 -0.7260 -0.1371
vn -0.7293 -0.6829 0.0409
vn -0.8681 -0.0043 -0.4963
vn -0.8757 -0.2678 -0.4017
vn -0.9701 -0.1265 -0.2070
vn -0.6739 -0.7260 -0.1371
vn -0.9701 -0.1265 -0.2070
vn -0.8757 -0.2678 -0.4017
vn -0.8757 -0.2678 -0.4017
vn -0.6923 -0.6512 -0.3109
vn -0.6739 -0.7260 -0.1371
vn -0.9996 -0.0199 0.0201
vn -0.9647 -0.2564 0.0604
vn -0.8447 -0.3400 0.4133
vn -0.6655 0.5771 0.4733
vn -0.9909 0.0852 0.1038
vn -0.7192 0.4606 0.5201
vn -0.7192 0.4606 0.5201
vn -0.8499 0.5249 0.0468
vn -0.6655 0.5771 0.4733
vn -0.5348 -0.2846 0.7956
vn -0.8447 -0.3400 0.4133
vn -0.7258 0.0135 0.6878
vn -0.9908 -0.0082 0.1351
vn -0.9908 -0.0082 0.1351
vn -0.7258 0.0135 0.6878
vn -0.7258 0.0135 0.6878
vn -0.7192 0.4606 0.5201
vn -0.9518 0.0848 0.2948
vn -0.7293 -0.6829 0.0409
vn -0.6896 -0.6909 0.2170
vn -0.9647 -0.2564 0.0604
vn -0.6896 -0.6909 0.2170
vn -0.8447 -0.3400 0.4133
vn -0.9647 -0.2564 0.0604
vn -0.9701 -0.1265 -0.2070
vn -0.9989 -0.0243 -0.0409
vn -0.8681 -0.0043 -0.4963
vn -0.8957 0.4094 -0.1732
vn -0.7325 0.3606 -0.5774
vn -0.9846 0.1008 -0.1431
vn -0.9886 0.0697 -0.1335
vn -0.9886 0.0697 -0.1335
vn -0.7325 0.3606 -0.5774
vn -0.9940 0.0659 -0.0874
vn -0.7325 0.3606 -0.5774
vn -0.8681 -0.0043 -0.4963
vn -0.9874 0.1520 -0.0430
vn -0.9874 0.1520 -0.0430
vn -0.8499 0.5249 0.0468
vn -0.8499 0.5249 0.0468
vn -0.8957 0.4094 -0.1732
vn -0.9995 0.0304 0.0083
vn -0.9962 0.0743 0.0449
vn -0.6655 0.5771 0.4733
vn -0.8499 0.5249 0.0468
vn 0.9859 -0.1192 0.1175
vn 0.9844 -0.1309 0.1176
vn 0.9844 -0.1309 0.1176
vn 0.9650 0.1028 -0.2413
vn 0.9166 0.3363 -0.2163
vn 0.9763 0.1337 -0.1701
vn 0.9859 -0.1192 0.1175
vn 0.9805 -0.1421 0.1360
vn 0.9457 -0.1646 0.2803
vn 0.8042 0.2042 -0.5582
vn 0.9949 -0.0214 -0.0982
vn 0.9449 -0.2261 -0.2369
vn 0.9463 0.2228 0.2341
vn 0.9500 0.0533 0.3077
vn 0.9907 0.1049 0.0862
vn 0.8042 0.2042 -0.5582
vn 0.9449 -0.2261 -0.2369
vn 0.9328 -0.0370 -0.3584
vn 0.9328 -0.0370 -0.3584
vn 0.9650 0.1028 -0.2413
vn 0.8042 0.2042 -0.5582
vn 0.9500 0.0533 0.3077
vn 0.9991 0.0035 0.0413
vn 0.9991 0.0035 0.0413
vn 0.9717 0.1283 0.1982
vn 0.9717 0.1283 0.1982
vn 0.9463 0.2228 0.2341
vn 0.9166 0.3363 -0.2163
vn 0.9380 0.3466 0.0006
vn 0.9589 0.2835 0.0081
vn 0.9589 0.2835 0.0081
vn 0.9688 0.2391 -0.0651
vn 0.9166 0.3363 -0.2163
vn 0.9904 0.0606 -0.1246
vn 0.8042 0.2042 -0.5582
vn 0.9650 0.1028 -0.2413
vn 0.9801 -0.0529 0.1912
vn 0.9500 0.0533 0.3077
vn 0.9457 -0.1646 0.2803
vn 0.9771 0.1936 0.0886
vn 0.9589 0.2835 0.0081
vn 0.9463 0.2228 0.2341
vn 0.9449 -0.2261 -0.2369
vn 0.9986 -0.0470 -0.0221
vn 0.9986 -0.0470 -0.0221
vn 0.9491 -0.3107 0.0519
vn 0.9939 -0.0763 0.0797
vn 0.9859 -0.1192 0.1175
vn 0.9457 -0.1646 0.2803
vn 0.9491 -0.3107 0.0519
vn 0.9859 -0.1192 0.1175
vn 0.9589 0.2835 0.0081
vn 0.9380 0.3466 0.0006
vn 0.9463 0.2228 0.2341
vn 0.9491 -0.3107 0.0519
vn 0.9449 -0.2261 -0.2369
vn 0.9962 -0.0825 -0.0293
vn 0.9491 -0.3107 0.0519
vn 0.9993 -0.0364 -0.0070
vn 0.9993 -0.0364 -0.0070
vn 0.7225 -0.4595 0.5166
vn 0.9510 -0.2549 0.1751
vn 0.9457 -0.1646 0.2803
vn 0.9491 -0.3107 0.0519
vn 0.9457 -0.1646 0.2803
vn 0.9510 -0.2549 0.1751
vn 0.0636 -0.9318 0.3573
vn 0.0636 -0.9318 0.3573
vn 0.0636 -0.9318 0.3573
vn -0.0721 -0.9952 0.0658
vn -0.0721 -0.9952 0.0658
vn 0.2318 -0.9727 -0.0114
vn 0.2318 -0.9727 -0.0114
vn 0.9184 -0.3623 -0.1588
vn 0.9491 -0.3107 0.0519
vn 0.9449 -0.2261 -0.2369
vn 0.9491 -0.3107 0.0519
vn 0.9184 -0.3623 -0.1588
vn -0.2768 -0.7186 -0.6379
vn -0.2768 -0.7186 -0.6379
vn -0.2768 -0.7186 -0.6379
vn 0.8518 -0.2839 -0.4402
vn 0.4411 -0.0662 -0.8950
vn 0.9449 -0.2261 -0.2369
vn 0.9328 -0.0370 -0.3584
vn 0.9449 -0.2261 -0.2369
vn 0.4411 -0.0662 -0.8950
vn 0.4411 -0.0662 -0.8950
vn -0.1367 0.1520 -0.9789
vn -0.1367 0.1520 -0.9789
vn 0.9166 0.3363 -0.2163
vn 0.4051 0.4815 -0.7772
vn 0.7778 0.5837 -0.2332
vn 0.0469 0.9622 -0.2683
vn 0.0469 0.9622 -0.2683
vn 0.5096 0.8595 -0.0389
vn 0.9463 0.2228 0.2341
vn 0.9380 0.3466 0.0006
vn 0.5096 0.8595 -0.0389
vn 0.9500 0.0533 0.3077
vn 0.9463 0.2228 0.2341
vn 0.9283 0.1437 0.3429
vn 0.3385 -0.0055 0.9410
vn 0.9457 -0.1646 0.2803
vn 0.9500 0.0533 0.3077
vn 0.1818 0.1284 0.9749
vn 0.3385 -0.0055 0.9410
vn 0.1818 0.1284 0.9749
vn 0.5096 0.8595 -0.0389
vn 0.9166 0.3363 -0.2163
vn 0.6629 0.6725 -0.3292
vn 0.9650 0.1028 -0.2413
vn 0.4411 -0.0662 -0.8950
vn 0.5471 0.2347 -0.8035
vn 0.9917 0.1285 0.0014
vn 0.7778 0.5837 -0.2332
vn 0.9650 0.1028 -0.2413
vn 0.2795 0.2440 -0.9286
vn 0.6629 0.6725 -0.3292
vn 0.9166 0.3363 -0.2163
vn 0.9166 0.3363 -0.2163
vn 0.7778 0.5837 -0.2332
vn 0.2795 0.2440 -0.9286
vn -0.3622 0.9314 -0.0370
vn -0.3622 0.9314 -0.0370
vn -0.3622 0.9314 -0.0370
vn 0.3468 0.5970 -0.7234
vn 0.6629 0.6725 -0.3292
vn 0.2795 0.2440 -0.9286
vn 0.9636 0.2190 -0.1531
vn 0.4487 0.7966 -0.4051
vn 0.9636 0.2190 -0.1531
vn 0.4487 0.7966 -0.4051
vn 0.2795 0.2440 -0.9286
vn 0.0674 0.0473 -0.9966
vn 0.2135 -0.1983 -0.9566
vn 0.0674 0.0473 -0.9966
vn 0.3122 -0.1478 -0.9384
vn 0.2795 0.2440 -0.9286
vn 0.5471 0.2347 -0.8035
vn 0.4411 -0.0662 -0.8950
vn 0.2795 0.2440 -0.9286
vn 0.3122 -0.1478 -0.9384
vn 0.0674 0.0473 -0.9966
vn 0.3122 -0.1478 -0.9384
vn 0.2795 0.2440 -0.9286
vn 0.4411 -0.0662 -0.8950
vn -0.0551 -0.9935 -0.0993
vn -0.0551 -0.9935 -0.0993
vn -0.0551 -0.9935 -0.0993
vn 0.9429 -0.0783 0.3237
vn 0.9429 -0.0783 0.3237
vn 0.8701 -0.4279 -0.2447
vn 0.7973 -0.5616 -0.2211
vn 0.8277 -0.2199 -0.5163
vn 0.9184 -0.3623 -0.1588
vn 0.8518 -0.2839 -0.4402
vn 0.9184 -0.3623 -0.1588
vn 0.8277 -0.2199 -0.5163
vn 0.9184 -0.3623 -0.1588
vn 1.0000 -0.0020 -0.0000
vn 0.7973 -0.5616 -0.2211
vn 0.8277 -0.2199 -0.5163
vn 0.9584 -0.1621 -0.2347
vn 0.8518 -0.2839 -0.4402
vn 0.4411 -0.0662 -0.8950
vn 0.8518 -0.2839 -0.4402
vn 0.9569 -0.1134 -0.2674
vn 0.0653 0.2384 -0.9690
vn 0.0653 0.2384 -0.9690
vn 0.0653 0.2384 -0.9690
vn 0.8277 -0.2199 -0.5163
vn 0.7973 -0.5616 -0.2211
vn 0.5483 -0.0766 -0.8328
vn 0.2135 -0.1983 -0.9566
vn 0.3122 -0.1478 -0.9384
vn 0.4879 -0.5782 -0.6540
vn 0.4805 -0.5849 -0.6534
vn 0.4805 -0.5849 -0.6534
vn 0.2135 -0.1983 -0.9566
vn 0.0407 -0.9986 -0.0352
vn -0.0481 -0.9978 -0.0452
vn 0.0127 -0.9981 -0.0610
vn 1.0000 0.0001 -0.0008
vn 1.0000 0.0001 -0.0008
vn 1.0000 0.0001 -0.0008
vn 1.0000 -0.0003 -0.0067
vn 1.0000 -0.0003 -0.0067
vn 1.0000 -0.0003 -0.0067
vn 0.1059 0.5669 -0.8170
vn 0.4487 0.7966 -0.4051
vn 0.0674 0.0473 -0.9966
vn 0.4487 0.7966 -0.4051
vn 0.1059 0.5669 -0.8170
vn 0.1122 0.6615 -0.7415
vn 0.0674 0.0473 -0.9966
vn -0.0268 0.0625 -0.9977
vn 0.1122 0.6615 -0.7415
vn 0.0066 0.0148 -0.9999
vn -0.0268 0.0625 -0.9977
vn 0.0674 0.0473 -0.9966
vn 0.0674 0.0473 -0.9966
vn 0.0798 -0.0087 -0.9968
vn 0.0066 0.0148 -0.9999
vn 0.2202 0.0496 -0.9742
vn 0.3783 0.0360 -0.9250
vn 0.1122 0.6615 -0.7415
vn 0.3612 0.0803 -0.9290
vn 0.1122 0.6615 -0.7415
vn 0.3783 0.0360 -0.9250
vn 0.1122 0.6615 -0.7415
vn 0.1059 0.5669 -0.8170
vn 0.0674 0.0473 -0.9966
vn 0.1122 0.6615 -0.7415
vn 0.3486 0.0498 -0.9360
vn 0.2202 0.0496 -0.9742
vn 0.4108 -0.0007 -0.9117
vn 0.3612 0.0803 -0.9290
vn 0.3783 0.0360 -0.9250
vn 0.3162 -0.0062 -0.9487
vn 0.4108 -0.0007 -0.9117
vn 0.3783 0.0360 -0.9250
vn 0.2339 -0.0006 -0.9723
vn 0.3162 -0.0062 -0.9487
vn 0.3783 0.0360 -0.9250
vn 0.2202 0.0496 -0.9742
vn 0.3486 0.0498 -0.9360
vn 0.1529 0.0016 -0.9882
vn 0.1529 0.0016 -0.9882
vn 0.2339 -0.0006 -0.9723
vn 0.2202 0.0496 -0.9742
vn 0.3783 0.0360 -0.9250
vn 0.2202 0.0496 -0.9742
vn 0.2339 -0.0006 -0.9723
vn 0.0703 0.0180 -0.9974
vn 0.1529 0.0016 -0.9882
vn 0.3486 0.0498 -0.9360
vn 0.3486 0.0498 -0.9360
vn 0.1122 0.6615 -0.7415
vn 0.0703 0.0180 -0.9974
vn -0.9582 0.0247 -0.2852
vn -0.9582 0.0247 -0.2852
vn -0.9582 0.0247 -0.2852
vn -0.0268 0.0625 -0.9977
vn 0.0066 0.0148 -0.9999
vn 0.0703 0.0180 -0.9974
vn 0.0798 -0.0087 -0.9968
vn 0.0349 -0.0983 -0.9945
vn 0.0005 -0.0622 -0.9981
vn 0.0005 -0.0622 -0.9981
vn 0.0066 0.0148 -0.9999
vn 0.0798 -0.0087 -0.9968
vn -0.0130 -0.2924 -0.9562
vn 0.0005 -0.0622 -0.9981
vn 0.0349 -0.0983 -0.9945
vn 0.0349 -0.0983 -0.9945
vn 0.2135 -0.1983 -0.9566
vn 0.0281 -0.4103 -0.9115
vn 0.0127 -0.9981 -0.0610
vn 0.0265 -0.9700 -0.2415
vn 0.2135 -0.1983 -0.9566
vn 0.1860 -0.0587 -0.9808
vn 0.1057 -0.0604 -0.9926
vn 0.1286 -0.2285 -0.9650
vn 0.0005 -0.0622 -0.9981
vn -0.3072 -0.3439 -0.8873
vn 0.0256 -0.0658 -0.9975
vn 0.0764 -0.2490 -0.9655
vn 0.1057 -0.0604 -0.9926
vn 0.0256 -0.0658 -0.9975
vn 0.0029 -1.0000 -0.0024
vn 0.0265 -0.9700 -0.2415
vn 0.0127 -0.9981 -0.0610
vn 0.3114 -0.0488 -0.9490
vn 0.3598 -0.0687 -0.9305
vn 0.4110 -0.0362 -0.9109
vn 0.2109 -0.1865 -0.9596
vn 0.2562 -0.0535 -0.9652
vn 0.1860 -0.0587 -0.9808
vn 0.3114 -0.0488 -0.9490
vn 0.2562 -0.0535 -0.9652
vn 0.2953 -0.1261 -0.9471
vn 0.0703 0.0180 -0.9974
vn 0.0066 0.0148 -0.9999
vn 0.0256 -0.0658 -0.9975
vn 0.0256 -0.0658 -0.9975
vn 0.0066 0.0148 -0.9999
vn 0.0005 -0.0622 -0.9981
vn 0.0703 0.0180 -0.9974
vn 0.0256 -0.0658 -0.9975
vn 0.1057 -0.0604 -0.9926
vn 0.1529 0.0016 -0.9882
vn 0.0703 0.0180 -0.9974
vn 0.1057 -0.0604 -0.9926
vn 0.1057 -0.0604 -0.9926
vn 0.1860 -0.0587 -0.9808
vn 0.1529 0.0016 -0.9882
vn 0.2339 -0.0006 -0.9723
vn 0.1529 0.0016 -0.9882
vn 0.1860 -0.0587 -0.9808
vn 0.3162 -0.0062 -0.9487
vn 0.2339 -0.0006 -0.9723
vn 0.2562 -0.0535 -0.9652
vn 0.1860 -0.0587 -0.9808
vn 0.2562 -0.0535 -0.9652
vn 0.2339 -0.0006 -0.9723
vn -0.7731 -0.0437 -0.6328
vn -0.7731 -0.0437 -0.6328
vn -0.7731 -0.0437 -0.6328
vn 0.4108 -0.0007 -0.9117
vn 0.3162 -0.0062 -0.9487
vn 0.3114 -0.0488 -0.9490
vn 0.2562 -0.0535 -0.9652
vn 0.3114 -0.0488 -0.9490
vn 0.3162 -0.0062 -0.9487
vn 0.3612 0.0803 -0.9290
vn 0.4108 -0.0007 -0.9117
vn 0.3674 -0.0000 -0.9300
vn 0.3612 0.0803 -0.9290
vn 0.3674 -0.0000 -0.9300
vn 0.2837 -0.0047 -0.9589
vn 0.3680 0.0633 -0.9277
vn 0.2660 0.0607 -0.9621
vn 0.2412 -0.0080 -0.9705
vn 0.2837 -0.0047 -0.9589
vn 0.2412 -0.0080 -0.9705
vn 0.2660 0.0607 -0.9621
vn 0.2837 -0.0047 -0.9589
vn 0.2660 0.0607 -0.9621
vn 0.3612 0.0803 -0.9290
vn 0.3680 0.0633 -0.9277
vn 0.2412 -0.0080 -0.9705
vn 0.6406 0.0102 -0.7678
vn 0.5793 0.1135 -0.8072
vn 0.3680 0.0633 -0.9277
vn 0.6406 0.0102 -0.7678
vn 0.6406 0.0102 -0.7678
vn 0.7858 0.0968 -0.6108
vn 0.5793 0.1135 -0.8072
vn 0.7858 0.0968 -0.6108
vn 0.6406 0.0102 -0.7678
vn 0.8740 -0.0100 -0.4859
vn 0.8740 -0.0100 -0.4859
vn 0.9075 0.1055 -0.4067
vn 0.7858 0.0968 -0.6108
vn 0.8740 -0.0100 -0.4859
vn 0.9118 -0.0069 -0.4107
vn 0.9075 0.1055 -0.4067
vn 0.9118 -0.0069 -0.4107
vn 0.8667 0.1134 -0.4858
vn 0.9075 0.1055 -0.4067
vn 0.8667 0.1134 -0.4858
vn 0.9118 -0.0069 -0.4107
vn 0.7883 -0.0074 -0.6153
vn 0.7883 -0.0074 -0.6153
vn 0.7280 0.1155 -0.6758
vn 0.8667 0.1134 -0.4858
vn 0.7280 0.1155 -0.6758
vn 0.7883 -0.0074 -0.6153
vn 0.6408 -0.0036 -0.7677
vn 0.6408 -0.0036 -0.7677
vn 0.5888 0.1128 -0.8004
vn 0.7280 0.1155 -0.6758
vn 0.5888 0.1128 -0.8004
vn 0.6408 -0.0036 -0.7677
vn 0.4822 -0.0056 -0.8760
vn 0.4822 -0.0056 -0.8760
vn 0.4270 0.1057 -0.8980
vn 0.5888 0.1128 -0.8004
vn 0.4270 0.1057 -0.8980
vn 0.4822 -0.0056 -0.8760
vn 0.2601 0.0000 -0.9656
vn 0.2601 0.0000 -0.9656
vn 0.2871 0.1318 -0.9488
vn 0.4270 0.1057 -0.8980
vn 0.2601 0.0000 -0.9656
vn 0.0988 0.0902 -0.9910
vn 0.2871 0.1318 -0.9488
vn 0.0988 0.0902 -0.9910
vn 0.2601 0.0000 -0.9656
vn -0.0572 -0.0454 -0.9973
vn -0.0572 -0.0454 -0.9973
vn -0.3710 0.1447 -0.9173
vn 0.0988 0.0902 -0.9910
vn -0.0011 -1.0000 -0.0013
vn -0.0011 -1.0000 -0.0013
vn -0.0011 -1.0000 -0.0013
vn 0.0000 -1.0000 -0.0000
vn 0.0000 -1.0000 -0.0000
vn 0.0000 -1.0000 -0.0000
vn 0.0026 -0.9996 0.0270
vn 0.0026 -0.9996 0.0270
vn 0.0026 -0.9996 0.0270
vn -0.0011 -1.0000 -0.0009
vn -0.0011 -1.0000 -0.0009
vn -0.0011 -1.0000 -0.0009
vn 0.0013 -0.9995 -0.0317
vn 0.0013 -0.9995 -0.0317
vn 0.0013 -0.9995 -0.0317
vn 0.0180 -0.9998 0.0086
vn 0.0180 -0.9998 0.0086
vn 0.0180 -0.9998 0.0086
vn 0.0000 -1.0000 -0.0000
vn 0.0000 -1.0000 -0.0000
vn 0.0000 -1.0000 -0.0000
vn 0.0000 -1.0000 -0.0000
vn 0.0000 -1.0000 -0.0000
vn 0.0000 -1.0000 -0.0000
vn 0.0000 -1.0000 -0.0000
vn 0.0000 -1.0000 -0.0000
vn 0.0000 -1.0000 -0.0000
vn -0.0037 -1.0000 -0.0007
vn -0.0037 -1.0000 -0.0007
vn -0.0037 -1.0000 -0.0007
vn 0.0179 -0.9998 0.0079
vn 0.0179 -0.9998 0.0079
vn 0.0179 -0.9998 0.0079
vn 0.0174 -0.9996 0.0239
vn 0.0174 -0.9996 0.0239
vn 0.0174 -0.9996 0.0239
vn -0.0003 -1.0000 -0.0015
vn -0.0003 -1.0000 -0.0015
vn -0.0003 -1.0000 -0.0015
vn 0.0000 -1.0000 -0.0000
vn 0.0000 -1.0000 -0.0000
vn 0.0000 -1.0000 -0.0000
vn 0.0000 -1.0000 -0.0000
vn 0.0000 -1.0000 -0.0000
vn 0.0000 -1.0000 -0.0000
vn 0.0000 -1.0000 -0.0000
vn 0.0000 -1.0000 -0.0000
vn 0.0000 -1.0000 -0.0000
vn 0.0000 -1.0000 -0.0000
vn 0.0000 -1.0000 -0.0000
vn 0.0000 -1.0000 -0.0000
vn -0.0023 -1.0000 -0.0035
vn -0.0023 -1.0000 -0.0035
vn -0.0023 -1.0000 -0.0035
vn -0.0009 -1.0000 -0.0021
vn -0.0009 -1.0000 -0.0021
vn -0.0009 -1.0000 -0.0021
vn -0.0072 -0.9999 -0.0078
vn -0.0072 -0.9999 -0.0078
vn -0.0072 -0.9999 -0.0078
vn 0.3392 0.0390 -0.9399
vn 0.8912 -0.0243 -0.4530
vn 0.6837 -0.0579 -0.7274
vn 0.6837 -0.0579 -0.7274
vn -0.1736 0.0959 -0.9801
vn 0.3392 0.0390 -0.9399
vn -0.1736 0.0959 -0.9801
vn -0.2270 0.0422 -0.9730
vn -0.2996 0.0355 -0.9534
vn -0.2996 0.0355 -0.9534
vn -0.2883 0.1317 -0.9484
vn -0.1736 0.0959 -0.9801
vn -0.2996 0.0355 -0.9534
vn -0.4607 0.0947 -0.8825
vn -0.2883 0.1317 -0.9484
vn -0.2996 0.0355 -0.9534
vn -0.4628 0.0362 -0.8857
vn -0.4607 0.0947 -0.8825
vn -0.4607 0.0947 -0.8825
vn -0.4628 0.0362 -0.8857
vn -0.5877 0.0452 -0.8078
vn -0.5877 0.0452 -0.8078
vn -0.6328 0.1140 -0.7659
vn -0.4607 0.0947 -0.8825
vn -0.6328 0.1140 -0.7659
vn -0.5877 0.0452 -0.8078
vn -0.7347 0.0484 -0.6767
vn -0.7347 0.0484 -0.6767
vn -0.7695 0.1084 -0.6294
vn -0.6328 0.1140 -0.7659
vn -0.7695 0.1084 -0.6294
vn -0.7347 0.0484 -0.6767
vn -0.8845 -0.0181 -0.4661
vn -0.8598 0.1468 -0.4891
vn -0.7695 0.1084 -0.6294
vn -0.8845 -0.0181 -0.4661
vn -0.8845 -0.0181 -0.4661
vn -0.9195 0.1051 -0.3787
vn -0.8598 0.1468 -0.4891
vn -0.9195 0.1051 -0.3787
vn -0.8845 -0.0181 -0.4661
vn -0.9217 0.0042 -0.3879
vn -0.8502 -0.1114 -0.5145
vn -0.7323 0.0161 -0.6808
vn -0.8380 0.0999 -0.5365
vn -0.9217 0.0042 -0.3879
vn -0.8502 -0.1114 -0.5145
vn -0.8380 0.0999 -0.5365
vn -0.8380 0.0999 -0.5365
vn -0.9195 0.1051 -0.3787
vn -0.9217 0.0042 -0.3879
vn -0.6163 0.1015 -0.7810
vn -0.7323 0.0161 -0.6808
vn -0.5108 0.0207 -0.8594
vn -0.7323 0.0161 -0.6808
vn -0.6163 0.1015 -0.7810
vn -0.8380 0.0999 -0.5365
vn -0.5108 0.0207 -0.8594
vn -0.2491 0.0001 -0.9685
vn -0.4662 0.0414 -0.8837
vn -0.5108 0.0207 -0.8594
vn -0.4732 0.0414 -0.8800
vn -0.6163 0.1015 -0.7810
vn -0.0572 -0.0454 -0.9973
vn -0.0040 -0.0736 -0.9973
vn -0.1162 0.0598 -0.9914
vn 0.2765 0.1155 -0.9540
vn -0.1162 0.0598 -0.9914
vn -0.0040 -0.0736 -0.9973
vn -0.0572 -0.0454 -0.9973
vn -0.1162 0.0598 -0.9914
vn -0.3710 0.1447 -0.9173
vn 0.2765 0.1155 -0.9540
vn -0.0040 -0.0736 -0.9973
vn 0.3392 0.0390 -0.9399
vn 0.3392 0.0390 -0.9399
vn 0.0000 0.0350 -0.9994
vn 0.2765 0.1155 -0.9540
vn -0.9301 0.2325 -0.2844
vn -0.9301 0.2325 -0.2844
vn -0.9301 0.2325 -0.2844
vn -0.1759 0.3362 -0.9252
vn 0.0000 -0.0001 -1.0000
vn 0.0000 -0.0001 -1.0000
vn 0.6273 0.7723 0.1002
vn 0.6273 0.7723 0.1002
vn 0.6273 0.7723 0.1002
vn -0.9522 0.3049 -0.0171
vn -0.9522 0.3049 -0.0171
vn -0.9522 0.3049 -0.0171
vn 0.7384 0.2306 -0.6337
vn 0.7384 0.2306 -0.6337
vn 0.2765 0.1155 -0.9540
vn 1.0000 0.0001 0.0000
vn 0.9200 0.1341 -0.3684
vn 1.0000 0.0001 0.0000
vn 0.7649 -0.6028 0.2273
vn 1.0000 -0.0034 0.0000
vn 0.9062 -0.4092 0.1061
vn 0.9457 -0.1646 0.2803
vn 0.3385 -0.0055 0.9410
vn 0.6884 -0.2238 0.6900
vn 0.7649 -0.6028 0.2273
vn 0.9062 -0.4092 0.1061
vn 0.9510 -0.2549 0.1751
vn 0.7225 -0.4595 0.5166
vn 0.7649 -0.6028 0.2273
vn 0.9510 -0.2549 0.1751
vn 0.7225 -0.4595 0.5166
vn 0.9457 -0.1646 0.2803
vn 0.6884 -0.2238 0.6900
vn 0.7675 -0.4253 0.4797
vn 0.2153 -0.1577 0.9637
vn 0.7225 -0.4595 0.5166
vn 0.5180 -0.7007 0.4906
vn -0.0374 -0.9957 0.0849
vn -0.0374 -0.9957 0.0849
vn 0.7225 -0.4595 0.5166
vn 0.6884 -0.2238 0.6900
vn 0.5180 -0.7007 0.4906
vn 0.1447 -0.1214 0.9820
vn 0.7225 -0.4595 0.5166
vn 0.1447 -0.1214 0.9820
vn 0.7675 -0.4253 0.4797
vn 1.0000 -0.0002 -0.0051
vn 1.0000 -0.0002 -0.0051
vn -0.4393 -0.8595 -0.2613
vn -0.0130 -0.9999 -0.0009
vn 0.2255 -0.9508 0.2126
vn 0.2255 -0.9508 0.2126
vn 0.5180 -0.7007 0.4906
vn 0.2160 -0.8844 0.4138
vn 0.5608 -0.3617 0.7448
vn 0.2160 -0.8844 0.4138
vn 0.5180 -0.7007 0.4906
vn -0.0523 -0.0813 0.9953
vn 0.6657 -0.0018 0.7462
vn 0.5608 -0.3617 0.7448
vn 0.2318 -0.9727 -0.0114
vn 0.7649 -0.6028 0.2273
vn 0.2255 -0.9508 0.2126
vn -0.0130 -0.9999 -0.0009
vn 0.0407 -0.9986 -0.0352
vn 0.2255 -0.9508 0.2126
vn 0.2318 -0.9727 -0.0114
vn 0.2255 -0.9508 0.2126
vn 0.0407 -0.9986 -0.0352
vn 0.0407 -0.9986 -0.0352
vn 0.0571 -0.9984 -0.0001
vn 0.2318 -0.9727 -0.0114
vn -0.0258 -0.9984 0.0505
vn 0.0407 -0.9986 -0.0352
vn -0.0130 -0.9999 -0.0009
vn -0.0258 -0.9984 0.0505
vn -0.0481 -0.9978 -0.0452
vn 0.0407 -0.9986 -0.0352
vn -0.0258 -0.9984 0.0505
vn -0.1747 -0.9242 0.3395
vn -0.0481 -0.9978 -0.0452
vn -0.1747 -0.9242 0.3395
vn -0.0780 -0.9866 0.1430
vn -0.0481 -0.9978 -0.0452
vn -0.0481 -0.9978 -0.0452
vn -0.0780 -0.9866 0.1430
vn 0.0127 -0.9981 -0.0610
vn -0.0258 -0.9984 0.0505
vn 0.2160 -0.8844 0.4138
vn 0.1765 -0.8424 0.5092
vn 0.0130 -0.9998 -0.0120
vn 0.0265 -0.9700 -0.2415
vn -0.0780 -0.9866 0.1430
vn 0.0130 -0.9998 -0.0120
vn -0.0780 -0.9866 0.1430
vn -0.2327 -0.9196 0.3166
vn -0.2327 -0.9196 0.3166
vn -0.4350 -0.7949 0.4229
vn 0.0130 -0.9998 -0.0120
vn -0.1166 -0.8318 -0.5426
vn -0.0132 -0.6456 -0.7636
vn -0.1575 -0.9867 0.0399
vn -0.0132 -0.6456 -0.7636
vn 0.1126 -0.7652 -0.6338
vn -0.1575 -0.9867 0.0399
vn 0.1126 -0.7652 -0.6338
vn 0.2375 -0.7254 -0.6461
vn -0.1575 -0.9867 0.0399
vn -0.4403 -0.8604 0.2566
vn -0.1575 -0.9867 0.0399
vn 0.0130 -0.9998 -0.0120
vn 0.2375 -0.7254 -0.6461
vn 0.0130 -0.9998 -0.0120
vn -0.1575 -0.9867 0.0399
vn -0.0780 -0.9866 0.1430
vn 0.0029 -1.0000 -0.0024
vn 0.0127 -0.9981 -0.0610
vn 0.0130 -0.9998 -0.0120
vn -0.4350 -0.7949 0.4229
vn -0.4403 -0.8604 0.2566
vn 0.1765 -0.8424 0.5092
vn 0.0000 -1.0000 0.0000
vn 0.0000 -1.0000 0.0000
vn 0.0000 -1.0000 -0.0000
vn -0.0258 -0.9984 0.0505
vn 0.1765 -0.8424 0.5092
vn -0.1166 -0.8318 -0.5426
vn -0.1575 -0.9867 0.0399
vn 0.0000 -1.0000 0.0000
vn -0.5515 -0.8226 -0.1383
vn -0.4337 -0.8862 -0.1629
vn -0.1166 -0.8318 -0.5426
vn 0.0000 -1.0000 0.0000
vn -0.1166 -0.8318 -0.5426
vn -0.4337 -0.8862 -0.1629
vn 0.1765 -0.8424 0.5092
vn -0.0000 -1.0000 -0.0001
vn -0.0000 -1.0000 -0.0001
vn 0.0000 -1.0000 0.0001
vn 0.0000 -1.0000 0.0001
vn 0.0000 -1.0000 0.0001
vn -0.0000 -1.0000 -0.0000
vn -0.0000 -1.0000 -0.0000
vn -0.0000 -1.0000 -0.0000
vn -0.0000 -1.0000 0.0000
vn -0.0000 -1.0000 0.0000
vn -0.0000 -1.0000 0.0000
vn 0.0000 -1.0000 -0.0000
vn 0.0000 -1.0000 -0.0000
vn 0.0000 -1.0000 -0.0000
vn -0.1166 -0.8318 -0.5426
vn -0.0000 -1.0000 -0.0000
vn -0.5089 -0.8583 -0.0659
vn -0.5089 -0.8583 -0.0659
vn -0.5515 -0.8226 -0.1383
vn -0.1166 -0.8318 -0.5426
vn -0.4337 -0.8862 -0.1629
vn -0.0000 -1.0000 -0.0000
vn -0.0000 -1.0000 -0.0000
vn 0.0000 -1.0000 0.0000
vn -0.4337 -0.8862 -0.1629
vn 0.0000 -1.0000 0.0000
vn 0.0000 -1.0000 0.0000
vn 0.0000 -1.0000 0.0000
vn 0.0000 -1.0000 0.0000
vn -0.0000 -1.0000 -0.0000
vn -0.0000 -1.0000 -0.0000
vn -0.0000 -1.0000 -0.0000
vn 0.0265 -0.9700 -0.2415
vn 0.0029 -1.0000 -0.0024
vn -0.0780 -0.9866 0.1430
vn -0.0258 -0.9984 0.0505
vn -0.0130 -0.9999 -0.0009
vn 0.2160 -0.8844 0.4138
vn 0.0498 -0.6384 0.7681
vn 0.1119 -0.2224 0.9685
vn 0.1003 -0.2581 0.9609
vn 0.2160 -0.8844 0.4138
vn 0.0498 -0.6384 0.7681
vn 0.1003 -0.2581 0.9609
vn 0.1119 -0.2224 0.9685
vn 0.3239 -0.3729 0.8695
vn 0.1003 -0.2581 0.9609
vn -0.9372 -0.3338 0.1009
vn -0.9372 -0.3338 0.1009
vn -0.9372 -0.3338 0.1009
vn 0.3239 -0.3729 0.8695
vn 0.1788 -0.3920 0.9024
vn 0.1003 -0.2581 0.9609
vn 0.0050 -0.0435 0.9990
vn 0.0911 -0.1477 0.9848
vn -0.0010 -0.4690 0.8832
vn 0.0842 -0.9807 -0.1765
vn 0.0842 -0.9807 -0.1765
vn 0.0842 -0.9807 -0.1765
vn 0.1788 -0.3920 0.9024
vn 0.6894 -0.5970 0.4102
vn 0.0911 -0.1477 0.9848
vn 0.0055 -0.0411 0.9991
vn 0.0923 -0.0689 0.9934
vn 0.0911 -0.1477 0.9848
vn 0.0077 0.0164 0.9998
vn 0.1901 -0.0355 0.9811
vn -0.0005 -0.0401 0.9992
vn 0.0451 0.0112 0.9989
vn 0.0077 0.0164 0.9998
vn -0.0005 -0.0401 0.9992
vn 0.0911 -0.1477 0.9848
vn 0.0050 -0.0435 0.9990
vn 0.0055 -0.0411 0.9991
vn -0.0005 -0.0401 0.9992
vn 0.0055 -0.0411 0.9991
vn 0.0050 -0.0435 0.9990
vn 0.0050 -0.0435 0.9990
vn 0.0451 0.0112 0.9989
vn -0.0005 -0.0401 0.9992
vn -0.0222 -0.1384 -0.9901
vn -0.0222 -0.1384 -0.9901
vn -0.0222 -0.1384 -0.9901
vn 0.0077 0.0164 0.9998
vn 0.2392 0.0183 0.9708
vn 0.1901 -0.0355 0.9811
vn 0.0010 0.0355 0.9994
vn 0.0077 0.0164 0.9998
vn 0.0451 0.0112 0.9989
vn 0.0451 0.0112 0.9989
vn 0.0266 0.0374 0.9989
vn 0.0010 0.0355 0.9994
vn 0.0010 0.0355 0.9994
vn 0.3213 0.1098 0.9406
vn 0.0077 0.0164 0.9998
vn 0.3213 0.1098 0.9406
vn 0.2392 0.0183 0.9708
vn 0.0077 0.0164 0.9998
vn 0.3213 0.1098 0.9406
vn 0.0063 0.3394 0.9406
vn 0.0631 -0.0068 0.9980
vn 0.0083 0.8041 0.5945
vn 0.0827 0.4022 0.9118
vn 0.0071 0.8562 0.5166
vn 0.0063 0.3394 0.9406
vn 0.3213 0.1098 0.9406
vn 0.0010 0.0355 0.9994
vn 0.0010 0.0355 0.9994
vn 0.0266 0.0374 0.9989
vn 0.0063 0.3394 0.9406
vn 0.0266 0.0374 0.9989
vn 0.0009 0.4539 0.8910
vn 0.0063 0.3394 0.9406
vn 0.0009 0.4539 0.8910
vn 0.0158 0.7048 0.7092
vn 0.0083 0.8041 0.5945
vn 0.0083 0.8041 0.5945
vn 0.0063 0.3394 0.9406
vn 0.0009 0.4539 0.8910
vn 0.0158 0.7048 0.7092
vn 0.0031 0.8721 0.4893
vn 0.0083 0.8041 0.5945
vn -0.0008 0.9620 0.2730
vn -0.0008 0.9620 0.2730
vn 0.0083 0.8041 0.5945
vn 0.0827 0.4022 0.9118
vn 0.0083 0.8041 0.5945
vn 0.0126 0.8554 0.5178
vn 0.0013 0.7989 0.6014
vn 0.3631 0.2562 0.8959
vn 0.0827 0.4022 0.9118
vn 0.3827 0.3771 0.8434
vn 0.1875 0.7376 0.6487
vn 0.1342 0.5933 0.7937
vn 0.1342 0.5933 0.7937
vn 0.0827 0.4022 0.9118
vn 0.3631 0.2562 0.8959
vn 0.3631 0.2562 0.8959
vn 0.3827 0.3771 0.8434
vn 0.1342 0.5933 0.7937
vn 0.6894 -0.5970 0.4102
vn 0.9917 -0.0034 -0.1285
vn 0.9882 0.1418 0.0576
vn 0.9917 -0.0034 -0.1285
vn 0.8737 0.4109 0.2604
vn 0.9882 0.1418 0.0576
vn 0.9321 -0.0295 0.3610
vn 0.5608 -0.3617 0.7448
vn 0.6657 -0.0018 0.7462
vn 0.6657 -0.0018 0.7462
vn 1.0000 -0.0000 0.0000
vn 0.8737 0.4109 0.2604
vn 0.9446 -0.0171 0.3279
vn 0.6657 -0.0018 0.7462
vn 0.8737 0.4109 0.2604
vn 1.0000 -0.0003 -0.0010
vn 1.0000 -0.0003 -0.0010
vn 1.0000 -0.0003 -0.0010
vn 1.0000 0.0000 -0.0000
vn 0.6657 -0.0018 0.7462
vn 1.0000 0.0000 -0.0000
vn 0.5608 -0.3617 0.7448
vn 0.9766 0.0138 0.2146
vn 0.9766 0.0138 0.2146
vn 0.9995 -0.0036 -0.0314
vn 0.9995 -0.0036 -0.0314
vn 0.9995 -0.0036 -0.0314
vn 0.9993 0.0013 -0.0372
vn 0.9993 0.0013 -0.0372
vn 0.6894 -0.5970 0.4102
vn 0.6894 -0.5970 0.4102
vn 0.9882 0.1418 0.0576
vn 1.0000 -0.0003 -0.0044
vn 1.0000 0.0000 0.0000
vn 1.0000 0.0000 0.0000
vn 0.9882 0.1418 0.0576
vn 0.9882 0.1418 0.0576
vn 1.0000 -0.0033 -0.0043
vn 1.0000 -0.0033 -0.0043
vn 0.9917 -0.0034 -0.1285
vn 0.9321 0.0014 -0.3622
vn 0.8737 0.4109 0.2604
vn 0.9965 0.0308 0.0773
vn 0.9965 0.0308 0.0773
vn 0.9965 0.0308 0.0773
vn 0.9970 0.0295 -0.0713
vn 0.9970 0.0295 -0.0713
vn 0.9970 0.0295 -0.0713
vn 0.9995 -0.0095 -0.0289
vn 0.9995 -0.0095 -0.0289
vn 0.9995 -0.0095 -0.0289
vn 0.2606 0.2798 0.9240
vn 0.3827 0.3771 0.8434
vn 0.1193 0.0060 0.9928
vn 0.2606 0.2798 0.9240
vn 0.2219 0.9405 0.2574
vn 0.3827 0.3771 0.8434
vn 0.0029 0.9998 0.0181
vn 0.3827 0.3771 0.8434
vn 0.2219 0.9405 0.2574
vn 0.5096 0.8595 -0.0389
vn 0.6629 0.6725 -0.3292
vn 0.0147 0.9998 -0.0147
vn 0.2219 0.9405 0.2574
vn 0.7784 0.5916 0.2099
vn 0.5096 0.8595 -0.0389
vn 0.5096 0.8595 -0.0389
vn 0.0147 0.9998 -0.0147
vn 0.2219 0.9405 0.2574
vn 0.2219 0.9405 0.2574
vn 0.0147 0.9998 -0.0147
vn 0.0029 0.9998 0.0181
vn -0.0071 0.9993 -0.0353
vn 0.1432 0.9540 -0.2636
vn -0.3734 0.9270 -0.0347
vn 0.0147 0.9998 -0.0147
vn 0.4487 0.7966 -0.4051
vn 0.1122 0.6615 -0.7415
vn -0.0004 1.0000 0.0018
vn -0.0004 1.0000 0.0018
vn 0.1432 0.9540 -0.2636
vn 0.1432 0.9540 -0.2636
vn 0.0000 1.0000 0.0000
vn 0.0000 1.0000 0.0000
vn 0.1342 0.5933 0.7937
vn 0.1875 0.7376 0.6487
vn 0.0029 0.9998 0.0181
vn 0.1432 0.9540 -0.2636
vn 0.0000 1.0000 0.0000
vn -0.1242 0.9149 -0.3840
vn -0.3734 0.9270 -0.0347
vn 0.1432 0.9540 -0.2636
vn -0.1242 0.9149 -0.3840
vn -0.4084 0.8473 0.3395
vn -0.3175 0.8256 0.4665
vn 0.0147 0.9998 -0.0147
vn 0.0147 0.9998 -0.0147
vn -0.1408 0.9900 0.0119
vn -0.2442 0.9617 0.1246
vn 0.0147 0.9998 -0.0147
vn -0.2442 0.9617 0.1246
vn -0.4084 0.8473 0.3395
vn 0.1432 0.9540 -0.2636
vn 0.0000 1.0000 0.0000
vn 0.0000 1.0000 0.0000
vn 0.1432 0.9540 -0.2636
vn 0.0000 1.0000 0.0000
vn 0.0000 1.0000 0.0000
vn -0.0448 0.9926 0.1127
vn 0.1342 0.5933 0.7937
vn 0.0029 0.9998 0.0181
vn 0.0000 1.0000 -0.0000
vn -0.0448 0.9926 0.1127
vn 0.0000 1.0000 -0.0000
vn -0.0448 0.9926 0.1127
vn -0.0000 1.0000 0.0000
vn -0.0000 1.0000 0.0000
vn 0.0041 0.9962 -0.0871
vn 0.0041 0.9962 -0.0871
vn -0.0448 0.9926 0.1127
vn 0.0000 1.0000 0.0000
vn 0.0000 1.0000 0.0000
vn 0.0000 1.0000 0.0000
vn -0.1242 0.9149 -0.3840
vn 0.0000 1.0000 0.0000
vn 0.0000 1.0000 0.0000
vn -0.3734 0.9270 -0.0347
vn -0.1242 0.9149 -0.3840
vn 0.0000 1.0000 0.0000
vn -0.3175 0.8256 0.4665
vn -0.0448 0.9926 0.1127
vn 0.0147 0.9998 -0.0147
vn 0.0029 0.9998 0.0181
vn 0.0147 0.9998 -0.0147
vn -0.0448 0.9926 0.1127
vn 0.1432 0.9540 -0.2636
vn 0.0000 1.0000 0.0000
vn 0.0000 1.0000 0.0000
vn 0.1432 0.9540 -0.2636
vn 0.0000 1.0000 0.0000
vn 0.0000 1.0000 0.0000
vn 0.1432 0.9540 -0.2636
vn 0.0000 1.0000 0.0000
vn 0.0000 1.0000 0.0000
vn 0.1432 0.9540 -0.2636
vn 0.0000 1.0000 0.0000
vn 0.0000 1.0000 0.0000
vn 0.0000 1.0000 -0.0000
vn 0.0000 1.0000 -0.0000
vn 0.1432 0.9540 -0.2636
vn 0.0011 1.0000 -0.0020
vn 0.0011 1.0000 -0.0020
vn 0.1432 0.9540 -0.2636
vn 0.0000 1.0000 0.0000
vn 0.0000 1.0000 0.0000
vn 0.0000 1.0000 0.0000
vn 0.0000 1.0000 0.0000
vn 0.0000 1.0000 0.0000
vn 0.0000 1.0000 0.0000
vn 0.0000 1.0000 0.0000
vn 0.0000 1.0000 0.0000
vn 0.0000 1.0000 0.0000
vn -0.0000 1.0000 -0.0000
vn -0.0000 1.0000 -0.0000
vn -0.3734 0.9270 -0.0347
vn -0.0071 0.9993 -0.0353
vn 0.0000 1.0000 0.0000
vn 0.0000 1.0000 0.0000
vn 0.0000 1.0000 0.0000
vn 0.0000 1.0000 0.0000
vn -0.0071 0.9993 -0.0353
vn -0.0071 0.9993 -0.0353
vn -0.0000 1.0000 0.0000
vn -0.0000 1.0000 0.0000
vn -0.0071 0.9993 -0.0353
vn 0.0000 1.0000 0.0000
vn 0.0000 1.0000 0.0000
vn 0.0000 1.0000 0.0000
vn 0.0000 1.0000 0.0000
vn -0.0071 0.9993 -0.0353
vn 0.0000 1.0000 0.0000
vn 0.0000 1.0000 0.0000
vn -0.0071 0.9993 -0.0353
vn -0.4862 0.8407 -0.2384
vn -0.4862 0.8407 -0.2384
vn -0.0071 0.9993 -0.0353
vn -0.0071 0.9993 -0.0353
vn 0.0000 1.0000 0.0000
vn 0.0000 1.0000 0.0000
vn -0.0071 0.9993 -0.0353
vn 0.0000 1.0000 0.0000
vn 0.0000 1.0000 0.0000
vn 0.0000 1.0000 0.0000
vn 0.0000 1.0000 0.0000
vn -0.0071 0.9993 -0.0353
vn 0.0000 1.0000 0.0000
vn 0.0000 1.0000 0.0000
vn -0.0071 0.9993 -0.0353
vn -0.1408 0.9900 0.0119
vn 0.0147 0.9998 -0.0147
vn -0.0071 0.9993 -0.0353
vn -0.3734 0.9270 -0.0347
vn -0.1408 0.9900 0.0119
vn -0.0071 0.9993 -0.0353
vn 0.0147 0.9998 -0.0147
vn 0.1122 0.6615 -0.7415
vn -0.0071 0.9993 -0.0353
vn -0.0071 0.9993 -0.0353
vn -0.0676 0.9302 0.3608
vn -0.0676 0.9302 0.3608
vn -0.0001 1.0000 0.0011
vn -0.0001 1.0000 0.0011
vn -0.0071 0.9993 -0.0353
vn -0.0622 -0.1144 0.9915
vn -0.0622 -0.1144 0.9915
vn -0.0622 -0.1144 0.9915
vn 0.9463 0.2228 0.2341
vn 0.9913 0.1317 0.0040
vn 0.7784 0.5916 0.2099
vn 0.9283 0.1437 0.3429
vn 0.9463 0.2228 0.2341
vn 0.7779 0.4858 0.3986
vn 1.0000 0.0000 0.0056
vn 1.0000 0.0000 0.0056
vn 0.9283 0.1437 0.3429
vn 0.7779 0.4858 0.3986
vn 1.0000 0.0009 -0.0001
vn 0.9283 0.1437 0.3429
vn -0.2375 0.9699 0.0533
vn -0.2375 0.9699 0.0533
vn -0.2375 0.9699 0.0533
vn 0.2219 0.9405 0.2574
vn 0.2606 0.2798 0.9240
vn 0.7779 0.4858 0.3986
vn 0.7779 0.4858 0.3986
vn 0.9463 0.2228 0.2341
vn 0.2219 0.9405 0.2574
vn 0.1193 0.0060 0.9928
vn 0.6657 -0.0018 0.7462
vn -0.0317 0.0622 0.9976
vn 0.1193 0.0060 0.9928
vn -0.0317 0.0622 0.9976
vn 0.2606 0.2798 0.9240
vn 0.2942 0.1175 0.9485
vn 0.2606 0.2798 0.9240
vn -0.0317 0.0622 0.9976
vn 0.3385 -0.0055 0.9410
vn 0.2942 0.1175 0.9485
vn -0.0317 0.0622 0.9976
vn -0.0317 0.0622 0.9976
vn 0.6884 -0.2238 0.6900
vn 0.3385 -0.0055 0.9410
vn -0.1050 0.0260 0.9941
vn -0.0317 0.0622 0.9976
vn 0.6657 -0.0018 0.7462
vn 0.1901 -0.0355 0.9811
vn -0.0190 -0.1193 0.9927
vn -0.1944 0.2086 0.9585
vn -0.0005 -0.0401 0.9992
vn -0.1944 0.2086 0.9585
vn 0.4425 -0.1530 0.8836
vn 0.4425 -0.1530 0.8836
vn 0.0055 -0.0411 0.9991
vn -0.0005 -0.0401 0.9992
vn -0.0190 -0.1193 0.9927
vn 0.1901 -0.0355 0.9811
vn 0.0923 -0.0689 0.9934
vn -0.0190 -0.1193 0.9927
vn 0.0923 -0.0689 0.9934
vn 0.0055 -0.0411 0.9991
vn 0.4425 -0.1530 0.8836
vn -0.0190 -0.1193 0.9927
vn 0.0055 -0.0411 0.9991
vn 0.6884 -0.2238 0.6900
vn 0.6553 -0.4331 0.6189
vn 0.4025 -0.4116 0.8177
vn 0.4025 -0.4116 0.8177
vn 0.5180 -0.7007 0.4906
vn 0.6884 -0.2238 0.6900
vn 0.5180 -0.7007 0.4906
vn 0.4025 -0.4116 0.8177
vn -0.1533 -0.8809 0.4477
vn -0.9595 -0.1061 0.2611
vn -0.8653 -0.1461 -0.4795
vn -0.8653 -0.1461 -0.4795
vn -0.8966 0.3770 0.2323
vn -0.9595 -0.1061 0.2611
vn -0.8966 0.3770 0.2323
vn 0.6665 0.6892 -0.2840
vn 0.6665 0.6892 -0.2840
vn 0.9246 0.3392 0.1734
vn 0.9246 0.3392 0.1734
vn 0.6919 0.6353 -0.3430
vn 0.6919 0.6353 -0.3430
vn 0.4025 -0.4116 0.8177
vn -0.0165 0.0169 0.9997
vn -0.2704 0.4768 0.8364
vn -0.2704 0.4768 0.8364
vn -0.0014 0.0182 0.9998
vn 0.4025 -0.4116 0.8177
vn 0.5634 0.6506 0.5091
vn 0.5634 0.6506 0.5091
vn 0.5634 0.6506 0.5091
vn -0.8243 0.5486 -0.1397
vn -0.8243 0.5486 -0.1397
vn -0.8243 0.5486 -0.1397
vn -0.5359 -0.6189 0.5742
vn -0.5359 -0.6189 0.5742
vn -0.5359 -0.6189 0.5742
vn 0.6159 -0.4145 -0.6700
vn 0.6159 -0.4145 -0.6700
vn 0.6159 -0.4145 -0.6700
vn 0.2392 0.0183 0.9708
vn 0.2615 0.0225 0.9649
vn 0.1901 -0.0355 0.9811
vn 0.2615 0.0225 0.9649
vn 0.2311 -0.0087 0.9729
vn 0.1901 -0.0355 0.9811
vn 0.0948 -0.0600 0.9937
vn 0.2155 -0.1802 0.9597
vn 0.1901 -0.0355 0.9811
vn 0.0911 -0.1477 0.9848
vn 0.0923 -0.0689 0.9934
vn 0.2155 -0.1802 0.9597
vn 0.0923 -0.0689 0.9934
vn 0.1901 -0.0355 0.9811
vn 0.2155 -0.1802 0.9597
vn 0.1788 -0.3920 0.9024
vn 0.0911 -0.1477 0.9848
vn 0.3302 -0.3756 0.8660
vn 0.2155 -0.1802 0.9597
vn 0.3302 -0.3756 0.8660
vn 0.0911 -0.1477 0.9848
vn 0.3302 -0.3756 0.8660
vn 0.3926 -0.0358 0.9190
vn 0.1788 -0.3920 0.9024
vn 0.1788 -0.3920 0.9024
vn 0.4311 -0.0337 0.9017
vn 0.1003 -0.2581 0.9609
vn 0.2558 0.2469 0.9347
vn 0.2558 0.2469 0.9347
vn 0.1003 -0.2581 0.9609
vn 0.4110 -0.0362 -0.9109
vn 0.3916 -0.0279 -0.9197
vn 0.3916 -0.0279 -0.9197
vn 0.4108 -0.0007 -0.9117
vn 0.4110 -0.0362 -0.9109
vn 0.2375 -0.7254 -0.6461
vn 0.4110 -0.0362 -0.9109
vn 0.4252 -0.0347 -0.9044
vn 0.2375 -0.7254 -0.6461
vn -0.9769 -0.1010 -0.1884
vn -0.7955 -0.0756 -0.6012
vn -0.8400 -0.1767 -0.5130
vn -0.9510 -0.0718 -0.3007
vn -0.9510 -0.0718 -0.3007
vn -0.9769 -0.1010 -0.1884
vn -0.8400 -0.1767 -0.5130
vn -0.9204 -0.0669 -0.3851
vn -0.9769 -0.1010 -0.1884
vn -0.9796 -0.0519 -0.1940
vn -0.9796 -0.0519 -0.1940
vn -0.9769 -0.1010 -0.1884
vn -0.9971 0.0027 -0.0767
vn -0.7880 -0.6153 -0.0214
vn -0.9769 -0.1010 -0.1884
vn -0.7880 -0.6153 -0.0214
vn -0.9818 -0.1885 0.0224
vn -0.9769 -0.1010 -0.1884
vn -0.9818 -0.1885 0.0224
vn -0.7880 -0.6153 -0.0214
vn -0.9925 -0.0691 0.1004
vn -0.7041 -0.0605 0.7075
vn -0.9516 -0.0699 0.2993
vn -0.9818 -0.1885 0.0224
vn -0.8008 -0.1355 0.5834
vn -0.9516 -0.0699 0.2993
vn -0.9813 -0.0292 0.1904
vn -0.9420 -0.0800 0.3259
vn -0.9420 -0.0800 0.3259
vn -0.8008 -0.1355 0.5834
vn -0.7462 -0.0366 0.6647
vn -0.8008 -0.1355 0.5834
vn -0.8408 -0.0200 0.5410
vn -0.7462 -0.0366 0.6647
vn -0.8376 -0.0194 0.5459
vn -0.8515 0.0252 0.5238
vn -0.2073 -0.0368 0.9776
vn -0.0389 -0.0612 0.9974
vn 0.0317 -0.0016 0.9995
vn 0.0370 -0.0391 0.9985
vn 0.0317 -0.0016 0.9995
vn 0.0948 -0.0600 0.9937
vn -0.0389 -0.0612 0.9974
vn 0.0948 -0.0600 0.9937
vn 0.0317 -0.0016 0.9995
vn -0.0238 -0.0050 0.9997
vn 0.0370 -0.0391 0.9985
vn 0.0948 -0.0600 0.9937
vn 0.0948 -0.0600 0.9937
vn 0.2311 -0.0087 0.9729
vn -0.0238 -0.0050 0.9997
vn 0.2311 -0.0087 0.9729
vn 0.0948 -0.0600 0.9937
vn 0.1901 -0.0355 0.9811
vn -0.2069 0.0063 0.9784
vn -0.2073 -0.0368 0.9776
vn 0.0317 -0.0016 0.9995
vn -0.2073 -0.0368 0.9776
vn -0.2069 0.0063 0.9784
vn -0.3645 -0.0010 0.9312
vn -0.3645 -0.0010 0.9312
vn -0.2162 -0.4783 0.8511
vn -0.2073 -0.0368 0.9776
vn -0.3645 -0.0010 0.9312
vn -0.3068 -0.3479 0.8859
vn -0.2162 -0.4783 0.8511
vn -0.3602 -0.0400 0.9320
vn -0.3068 -0.3479 0.8859
vn -0.3645 -0.0010 0.9312
vn -0.4380 -0.0356 0.8983
vn -0.4380 -0.0356 0.8983
vn -0.3645 -0.0010 0.9312
vn -0.4875 -0.0279 0.8727
vn -0.4875 -0.0279 0.8727
vn -0.3645 -0.0010 0.9312
vn -0.3645 -0.0010 0.9312
vn -0.5228 -0.0125 0.8524
vn -0.4625 -0.0334 0.8860
vn -0.5271 -0.0355 0.8490
vn -0.5271 -0.0355 0.8490
vn -0.5228 -0.0125 0.8524
vn -0.6063 -0.0329 0.7946
vn -0.6063 -0.0329 0.7946
vn -0.5228 -0.0125 0.8524
vn -0.5228 -0.0125 0.8524
vn -0.5783 -0.0055 0.8158
vn -0.5597 -0.0477 0.8273
vn -0.5783 -0.0055 0.8158
vn -0.6228 0.0015 0.7823
vn -0.6042 -0.0380 0.7959
vn -0.6228 0.0015 0.7823
vn -0.6580 0.0304 0.7524
vn -0.6404 -0.0323 0.7674
vn -0.6580 0.0304 0.7524
vn -0.6921 0.0044 0.7218
vn -0.6749 -0.0290 0.7373
vn -0.6921 0.0044 0.7218
vn -0.7248 0.0014 0.6889
vn -0.7083 -0.0282 0.7054
vn -0.7248 0.0014 0.6889
vn -0.7559 -0.0015 0.6547
vn -0.7403 -0.0299 0.6716
vn -0.7559 -0.0015 0.6547
vn -0.7854 -0.0044 0.6189
vn -0.7703 -0.0340 0.6368
vn -0.7854 -0.0044 0.6189
vn -0.8124 -0.0303 0.5823
vn -0.7991 -0.0408 0.5999
vn -0.8118 -0.0451 0.5822
vn -0.8118 -0.0451 0.5822
vn -0.8124 -0.0303 0.5823
vn -0.8124 -0.0303 0.5823
vn -0.8393 -0.0014 0.5436
vn -0.8255 -0.0409 0.5630
vn -0.8393 -0.0014 0.5436
vn -0.8731 0.0068 0.4876
vn -0.8515 -0.0350 0.5232
vn -0.8731 0.0068 0.4876
vn -0.8515 0.0252 0.5238
vn -0.9189 -0.0245 0.3938
vn -0.7401 0.0003 -0.6725
vn -0.8400 -0.1767 -0.5130
vn -0.7955 -0.0756 -0.6012
vn -0.7401 0.0003 -0.6725
vn -0.8350 -0.0182 -0.5499
vn -0.8400 -0.1767 -0.5130
vn -0.7112 -0.0833 -0.6981
vn -0.8400 -0.1767 -0.5130
vn -0.8350 -0.0182 -0.5499
vn -0.8350 -0.0182 -0.5499
vn -0.7908 0.0170 -0.6118
vn -0.7112 -0.0833 -0.6981
vn -0.7908 0.0170 -0.6118
vn -0.7590 0.0031 -0.6510
vn -0.7112 -0.0833 -0.6981
vn -0.7590 0.0031 -0.6510
vn -0.7205 0.0017 -0.6934
vn -0.7112 -0.0833 -0.6981
vn -0.7205 0.0017 -0.6934
vn -0.6805 0.0002 -0.7327
vn -0.7112 -0.0833 -0.6981
vn -0.6805 0.0002 -0.7327
vn -0.6074 -0.0023 -0.7944
vn -0.7112 -0.0833 -0.6981
vn -0.6074 -0.0023 -0.7944
vn -0.5171 -0.0036 -0.8559
vn -0.7112 -0.0833 -0.6981
vn -0.5647 -0.0492 -0.8238
vn -0.7112 -0.0833 -0.6981
vn -0.5171 -0.0036 -0.8559
vn -0.3570 -0.5595 -0.7480
vn -0.5647 -0.0492 -0.8238
vn -0.5171 -0.0036 -0.8559
vn -0.3520 -0.2551 -0.9005
vn -0.3570 -0.5595 -0.7480
vn -0.5171 -0.0036 -0.8559
vn -0.5171 -0.0036 -0.8559
vn -0.3494 0.0008 -0.9370
vn -0.3520 -0.2551 -0.9005
vn -0.2777 -0.0371 -0.9599
vn -0.3520 -0.2551 -0.9005
vn -0.3494 0.0008 -0.9370
vn -0.2630 -0.0350 -0.9642
vn -0.3494 0.0008 -0.9370
vn -0.2491 0.0001 -0.9685
vn 0.1126 -0.7652 -0.6338
vn 0.1086 -0.0919 -0.9898
vn 0.2412 -0.0080 -0.9705
vn 0.1086 -0.0919 -0.9898
vn 0.1126 -0.7652 -0.6338
vn -0.0132 -0.6456 -0.7636
vn -0.0132 -0.6456 -0.7636
vn -0.0040 -0.0736 -0.9973
vn 0.1086 -0.0919 -0.9898
vn -0.9789 -0.1153 -0.1688
vn -0.9789 -0.1153 -0.1688
vn -0.9789 -0.1153 -0.1688
vn -0.2648 -0.0646 -0.9621
vn -0.0132 -0.6456 -0.7636
vn -0.1281 -0.0389 -0.9910
vn -0.2491 0.0001 -0.9685
vn -0.2648 -0.0646 -0.9621
vn -0.1905 -0.0335 -0.9811
vn 0.2412 -0.0080 -0.9705
vn 0.2837 -0.0047 -0.9589
vn 0.1126 -0.7652 -0.6338
vn 0.2837 -0.0047 -0.9589
vn 0.2375 -0.7254 -0.6461
vn 0.1126 -0.7652 -0.6338
vn 0.2375 -0.7254 -0.6461
vn 0.2837 -0.0047 -0.9589
vn 0.3674 -0.0000 -0.9300
vn 0.2375 -0.7254 -0.6461
vn 0.3674 -0.0000 -0.9300
vn 0.4108 -0.0007 -0.9117
vn -0.2712 -0.1554 -0.9499
vn -0.7955 -0.0756 -0.6012
vn -0.2249 -0.5576 -0.7991
vn -0.9818 -0.1885 0.0224
vn -0.9516 -0.0699 0.2993
vn -0.8008 -0.1355 0.5834
vn -0.9818 -0.1885 0.0224
vn -0.9799 -0.1903 -0.0606
vn -0.9769 -0.1010 -0.1884
vn -0.9818 -0.1885 0.0224
vn -0.8008 -0.1355 0.5834
vn -0.9991 -0.0286 0.0306
vn -0.1553 -0.5538 -0.8180
vn -0.1553 -0.5538 -0.8180
vn -0.2712 -0.1554 -0.9499
vn -0.9991 -0.0286 0.0306
vn -0.9954 0.0319 -0.0904
vn -0.9799 -0.1903 -0.0606
vn -0.9991 -0.0286 0.0306
vn -0.9799 -0.1903 -0.0606
vn -0.9818 -0.1885 0.0224
vn 0.0641 0.0285 0.9975
vn 0.0370 -0.0391 0.9985
vn -0.0238 -0.0050 0.9997
vn -0.1350 0.4006 -0.9063
vn -0.1350 0.4006 -0.9063
vn -0.1350 0.4006 -0.9063
vn 0.0307 0.7471 0.6640
vn 0.3886 0.5890 0.7085
vn 0.0317 -0.0016 0.9995
vn 0.4887 -0.1447 -0.8604
vn 0.4887 -0.1447 -0.8604
vn 0.4887 -0.1447 -0.8604
vn 0.7715 0.2314 0.5926
vn 0.7715 0.2314 0.5926
vn 0.7715 0.2314 0.5926
vn -0.2712 -0.1554 -0.9499
vn -0.3923 -0.1274 -0.9110
vn -0.3923 -0.1274 -0.9110
vn -0.7955 -0.0756 -0.6012
vn -0.2712 -0.1554 -0.9499
vn -0.7401 0.0003 -0.6725
vn -0.1519 -0.0960 -0.9837
vn -0.7401 0.0003 -0.6725
vn -0.2712 -0.1554 -0.9499
vn -0.1574 0.1299 -0.9790
vn -0.8209 0.0903 -0.5639
vn -0.7401 0.0003 -0.6725
vn -0.9964 0.0310 -0.0793
vn -0.9758 0.1371 -0.1701
vn -0.9948 0.1017 -0.0050
vn -0.9758 0.1371 -0.1701
vn -0.9926 0.1153 -0.0391
vn -0.9948 0.1017 -0.0050
vn -0.9948 0.1017 -0.0050
vn -0.9912 0.0628 0.1167
vn -0.9988 0.0477 -0.0058
vn -0.9926 0.1153 -0.0391
vn -0.9912 0.0628 0.1167
vn -0.9948 0.1017 -0.0050
vn -0.8209 0.0903 -0.5639
vn -0.9954 0.0319 -0.0904
vn -0.9758 0.1371 -0.1701
vn -0.9954 0.0319 -0.0904
vn -0.9991 -0.0286 0.0306
vn -0.9912 0.0628 0.1167
vn -0.9912 0.0628 0.1167
vn -0.9926 0.1153 -0.0391
vn -0.9954 0.0319 -0.0904
vn -0.9954 0.0319 -0.0904
vn -0.9926 0.1153 -0.0391
vn -0.9758 0.1371 -0.1701
vn -0.5203 0.0069 0.8540
vn -0.0153 -0.1767 0.9842
vn -0.0153 -0.1767 0.9842
vn -0.4251 0.0411 0.9042
vn -0.9912 0.0628 0.1167
vn -0.5203 0.0069 0.8540
vn -0.9912 0.0628 0.1167
vn -0.9991 -0.0286 0.0306
vn -0.9943 0.0292 -0.1029
vn -0.7257 0.0856 0.6827
vn -0.9912 0.0628 0.1167
vn -0.4251 0.0411 0.9042
vn -0.0032 0.0217 0.9998
vn 0.0641 0.0285 0.9975
vn 0.1388 0.1395 0.9804
vn 0.1388 0.1395 0.9804
vn -0.0218 0.0650 0.9976
vn -0.0032 0.0217 0.9998
vn -0.0218 0.0650 0.9976
vn -0.2045 0.0861 0.9751
vn -0.0032 0.0217 0.9998
vn -0.7257 0.0856 0.6827
vn -0.8515 0.0252 0.5238
vn -0.9438 0.0403 0.3281
vn -0.9912 0.0628 0.1167
vn -0.7257 0.0856 0.6827
vn -0.5817 -0.0016 0.8134
vn -0.9475 0.1660 0.2732
vn -0.9475 0.1660 0.2732
vn -0.9912 0.0628 0.1167
vn -0.9988 0.0477 -0.0058
vn -0.9912 0.0628 0.1167
vn -0.9761 -0.0433 -0.2131
vn -0.9924 0.0149 0.1221
vn -0.9948 0.1017 -0.0050
vn -0.9988 0.0477 -0.0058
vn -0.9982 0.0531 -0.0271
vn -0.9982 0.0531 -0.0271
vn -0.9948 0.1017 -0.0050
vn -0.9962 0.0297 -0.0822
vn -0.9964 0.0310 -0.0793
vn -0.9948 0.1017 -0.0050
vn -0.9968 0.0293 -0.0739
vn -0.9758 0.1371 -0.1701
vn -0.9964 0.0310 -0.0793
vn -0.9697 0.0783 -0.2314
vn -0.7413 0.6336 -0.2214
vn -0.9758 0.1371 -0.1701
vn -0.8513 0.4255 -0.3069
vn -0.8209 0.0903 -0.5639
vn -0.9758 0.1371 -0.1701
vn -0.7413 0.6336 -0.2214
vn -0.8513 0.4255 -0.3069
vn -0.9758 0.1371 -0.1701
vn -0.8209 0.0903 -0.5639
vn -0.8513 0.4255 -0.3069
vn -0.8065 0.1147 -0.5800
vn -0.8209 0.0903 -0.5639
vn -0.8065 0.1147 -0.5800
vn -0.7401 0.0003 -0.6725
vn -0.3053 0.0430 -0.9513
vn -0.2379 0.0355 -0.9706
vn -0.2491 0.0001 -0.9685
vn 0.2392 0.0183 0.9708
vn 0.3213 0.1098 0.9406
vn 0.2864 0.4956 0.8199
vn 0.1342 0.5933 0.7937
vn 0.2864 0.4956 0.8199
vn 0.3213 0.1098 0.9406
vn 0.3213 0.1098 0.9406
vn 0.0827 0.4022 0.9118
vn 0.1342 0.5933 0.7937
vn 0.0641 0.0285 0.9975
vn -0.0238 -0.0050 0.9997
vn 0.2311 -0.0087 0.9729
vn -0.3053 0.0430 -0.9513
vn -0.2491 0.0001 -0.9685
vn -0.3494 0.0008 -0.9370
vn -0.4130 0.4597 -0.7862
vn -0.3053 0.0430 -0.9513
vn -0.3494 0.0008 -0.9370
vn -0.3494 0.0008 -0.9370
vn -0.5171 -0.0036 -0.8559
vn -0.4130 0.4597 -0.7862
vn -0.6700 0.0644 -0.7395
vn -0.4130 0.4597 -0.7862
vn -0.5171 -0.0036 -0.8559
vn -0.5171 -0.0036 -0.8559
vn -0.6074 -0.0023 -0.7944
vn -0.6700 0.0644 -0.7395
vn -0.6074 -0.0023 -0.7944
vn -0.6805 0.0002 -0.7327
vn -0.6700 0.0644 -0.7395
vn -0.6805 0.0002 -0.7327
vn -0.7205 0.0017 -0.6934
vn -0.6700 0.0644 -0.7395
vn -0.7205 0.0017 -0.6934
vn -0.7590 0.0031 -0.6510
vn -0.6700 0.0644 -0.7395
vn -0.7590 0.0031 -0.6510
vn -0.7908 0.0170 -0.6118
vn -0.6700 0.0644 -0.7395
vn -0.8065 0.1147 -0.5800
vn -0.6700 0.0644 -0.7395
vn -0.7908 0.0170 -0.6118
vn -0.7908 0.0170 -0.6118
vn -0.8350 -0.0182 -0.5499
vn -0.8065 0.1147 -0.5800
vn -0.8350 -0.0182 -0.5499
vn -0.7401 0.0003 -0.6725
vn -0.8065 0.1147 -0.5800
vn -0.8626 0.0507 0.5033
vn -0.8626 0.0507 0.5033
vn -0.8515 0.0252 0.5238
vn -0.8515 0.0252 0.5238
vn -0.8731 0.0068 0.4876
vn -0.8439 0.0356 0.5353
vn -0.8731 0.0068 0.4876
vn -0.8393 -0.0014 0.5436
vn -0.8514 0.0381 0.5232
vn -0.8393 -0.0014 0.5436
vn -0.8124 -0.0303 0.5823
vn -0.8257 0.0322 0.5631
vn -0.8124 -0.0303 0.5823
vn -0.7854 -0.0044 0.6189
vn -0.7994 0.0290 0.6001
vn -0.7854 -0.0044 0.6189
vn -0.7559 -0.0015 0.6547
vn -0.7704 0.0281 0.6369
vn -0.7559 -0.0015 0.6547
vn -0.7248 0.0014 0.6889
vn -0.7403 0.0298 0.6716
vn -0.7248 0.0014 0.6889
vn -0.6921 0.0044 0.7218
vn -0.7082 0.0340 0.7052
vn -0.6921 0.0044 0.7218
vn -0.6580 0.0304 0.7524
vn -0.6746 0.0407 0.7370
vn -0.6577 0.0452 0.7519
vn -0.6577 0.0452 0.7519
vn -0.6580 0.0304 0.7524
vn -0.6580 0.0304 0.7524
vn -0.6228 0.0015 0.7823
vn -0.6402 0.0410 0.7671
vn -0.6228 0.0015 0.7823
vn -0.5783 -0.0055 0.8158
vn -0.6043 0.0352 0.7960
vn -0.5783 -0.0055 0.8158
vn -0.5228 -0.0125 0.8524
vn -0.5601 0.0313 0.8278
vn -0.5228 -0.0125 0.8524
vn -0.3645 -0.0010 0.9312
vn -0.4594 0.0322 0.8876
vn -0.4447 0.0359 0.8950
vn -0.4447 0.0359 0.8950
vn -0.3645 -0.0010 0.9312
vn -0.2045 0.0861 0.9751
vn -0.3303 0.0394 0.9431
vn -0.3645 -0.0010 0.9312
vn 0.0317 -0.0016 0.9995
vn -0.0032 0.0217 0.9998
vn -0.2069 0.0063 0.9784
vn -0.2045 0.0861 0.9751
vn -0.2069 0.0063 0.9784
vn -0.0032 0.0217 0.9998
vn -0.2045 0.0861 0.9751
vn -0.3645 -0.0010 0.9312
vn -0.2069 0.0063 0.9784
vn 0.1388 0.1395 0.9804
vn 0.0641 0.0285 0.9975
vn 0.2311 -0.0087 0.9729
vn 0.2615 0.0225 0.9649
vn 0.2392 0.0183 0.9708
vn 0.2864 0.4956 0.8199
vn 0.2615 0.0225 0.9649
vn 0.2864 0.4956 0.8199
vn 0.1388 0.1395 0.9804
vn 0.1388 0.1395 0.9804
vn 0.2311 -0.0087 0.9729
vn 0.2615 0.0225 0.9649
vn -0.4251 0.0411 0.9042
vn -0.8515 0.0252 0.5238
vn -0.7257 0.0856 0.6827
vn -0.4251 0.0411 0.9042
vn 0.3356 -0.0692 0.9395
vn 0.3356 -0.0692 0.9395
vn -0.8008 -0.1355 0.5834
vn -0.7462 -0.0366 0.6647
vn -0.4251 0.0411 0.9042
vn -0.8515 0.0252 0.5238
vn -0.4251 0.0411 0.9042
vn -0.7462 -0.0366 0.6647
vn -0.2055 0.0242 0.9784
vn 0.0370 -0.0391 0.9985
vn 0.0641 0.0285 0.9975
vn 0.0641 0.0285 0.9975
vn -0.0032 0.0217 0.9998
vn -0.2055 0.0242 0.9784
vn -0.0032 0.0217 0.9998
vn -0.2595 0.1828 0.9483
vn 0.0684 0.1759 0.9820
vn 0.0684 0.1759 0.9820
vn -0.2055 0.0242 0.9784
vn -0.0032 0.0217 0.9998
vn 0.0370 -0.0391 0.9985
vn -0.1816 -0.3630 0.9139
vn -0.1015 -0.1318 0.9861
vn 0.2933 0.2613 0.9196
vn 0.7165 -0.2429 0.6539
vn 0.4425 -0.1530 0.8836
vn -0.8296 0.3634 -0.4239
vn -0.8296 0.3634 -0.4239
vn -0.8296 0.3634 -0.4239
vn -0.1842 -0.2113 0.9599
vn -0.7234 0.1170 0.6804
vn -0.1944 0.2086 0.9585
vn 0.7107 0.7027 -0.0334
vn 0.7107 0.7027 -0.0334
vn 0.7107 0.7027 -0.0334
vn 0.2064 -0.6012 -0.7720
vn 0.2064 -0.6012 -0.7720
vn 0.2064 -0.6012 -0.7720
vn -0.1944 0.2086 0.9585
vn -0.0190 -0.1193 0.9927
vn -0.1842 -0.2113 0.9599
vn 0.7560 0.0058 -0.6546
vn 0.7560 0.0058 -0.6546
vn 0.7560 0.0058 -0.6546
vn 0.8296 -0.3634 0.4239
vn 0.8296 -0.3634 0.4239
vn 0.8296 -0.3634 0.4239
vn -0.7560 -0.0058 0.6546
vn -0.0190 -0.1193 0.9927
vn -0.7560 -0.0058 0.6546
vn 0.5374 0.1363 -0.8323
vn 0.5374 0.1363 -0.8323
vn 0.5374 0.1363 -0.8323
vn 0.7099 -0.4097 0.5729
vn 0.8543 0.0909 0.5117
vn 0.7099 -0.4097 0.5729
vn 0.0684 0.1759 0.9820
vn -0.2595 0.1828 0.9483
vn -0.0956 -0.0484 0.9942
vn -0.8667 -0.2752 0.4161
vn -0.8667 -0.2752 0.4161
vn -0.8667 -0.2752 0.4161
vn -0.5374 -0.1363 0.8323
vn -0.0748 0.2446 0.9667
vn -0.2055 0.0242 0.9784
vn -0.8543 -0.0909 -0.5117
vn -0.8543 -0.0909 -0.5117
vn -0.8543 -0.0909 -0.5117
vn -0.1816 -0.3630 0.9139
vn -0.1454 -0.7793 0.6095
vn -0.0956 -0.0484 0.9942
vn 0.0370 -0.0391 0.9985
vn -0.2055 0.0242 0.9784
vn 0.0684 0.1759 0.9820
vn -0.0956 -0.0484 0.9942
vn 0.0370 -0.0391 0.9985
vn 0.0684 0.1759 0.9820
f 387//1 382//2 384//3
f 385//4 383//5 360//6
f 393//7 409//8 390//9
f 410//10 394//11 367//12
f 376//13 367//14 394//15
f 395//16 375//17 376//18
f 361//19 387//20 386//21
f 380//22 393//23 390//24
f 380//25 409//26 388//27
f 380//28 390//29 409//30
f 389//31 361//32 391//33
f 391//34 367//35 389//36
f 405//37 418//38 385//39
f 385//40 360//41 405//42
f 394//43 395//44 376//45
f 394//46 375//47 395//48
f 375//49 394//50 441//51
f 375//52 441//53 440//54
f 375//55 440//56 439//57
f 375//58 439//59 432//60
f 383//61 414//62 413//63
f 413//64 381//65 383//66
f 413//67 382//68 381//69
f 418//70 383//71 385//72
f 383//73 418//74 414//75
f 393//76 375//77 408//78
f 408//79 375//80 432//81
f 360//82 388//83 405//84
f 409//85 405//86 388//87
f 409//88 393//89 408//90
f 409//91 408//92 432//93
f 432//94 431//95 409//96
f 407//97 392//98 391//99
f 407//100 410//101 392//102
f 410//103 436//104 394//105
f 410//106 407//107 436//108
f 407//109 391//110 430//111
f 430//112 436//113 407//114
f 430//115 391//116 361//117
f 406//118 361//119 386//120
f 406//121 430//122 361//123
f 384//124 382//125 386//126
f 386//127 382//128 404//129
f 382//130 421//131 404//132
f 382//133 419//134 421//135
f 382//136 413//137 419//138
f 404//139 406//140 386//141
f 423//142 424//143 404//144
f 406//145 404//146 424//147
f 418//148 405//149 431//150
f 409//151 431//152 405//153
f 432//154 435//155 429//156
f 417//157 423//158 404//159
f 423//160 417//161 422//162
f 422//163 424//164 423//165
f 435//166 432//167 439//168
f 435//169 439//170 440//171
f 438//172 435//173 440//174
f 436//175 430//176 406//177
f 431//178 432//179 429//180
f 424//181 422//182 425//183
f 417//184 404//185 421//186
f 394//187 436//188 428//189
f 428//190 433//191 394//192
f 415//193 419//194 413//195
f 419//196 415//197 416//198
f 416//199 421//200 419//201
f 421//202 416//203 417//204
f 440//205 441//206 438//207
f 437//208 438//209 441//210
f 441//211 394//212 437//213
f 434//214 437//215 394//216
f 433//217 434//218 394//219
f 406//220 424//221 425//222
f 425//223 427//224 406//225
f 427//226 436//227 406//228
f 427//229 428//230 436//231
f 414//232 418//233 426//234
f 426//235 420//236 414//237
f 420//238 415//239 413//240
f 429//241 418//242 431//243
f 429//244 426//245 418//246
f 413//247 414//248 420//249
f 412//250 411//251 387//252
f 411//253 412//254 387//255
f 361//256 387//257 412//258
f 387//259 361//260 412//261
f 393//262 390//263 402//264
f 402//265 401//266 393//267
f 390//268 393//269 401//270
f 402//271 390//272 401//273
f 399//274 397//275 385//276
f 397//277 399//278 385//279
f 367//280 403//281 410//282
f 392//283 410//284 403//285
f 391//286 392//287 403//288
f 403//289 400//290 391//291
f 367//292 391//293 400//294
f 400//295 403//296 367//297
f 387//298 384//299 398//300
f 398//301 396//302 387//303
f 386//304 387//305 396//306
f 384//307 386//308 396//309
f 396//310 398//311 384//312
f 438//313 437//314 346//315
f 437//316 434//317 346//318
f 434//319 433//320 346//321
f 344//322 346//323 433//324
f 433//325 428//326 344//327
f 342//328 344//329 428//330
f 341//331 342//332 428//333
f 428//334 427//335 341//336
f 427//337 425//338 341//339
f 339//340 341//341 425//342
f 336//343 339//344 425//345
f 425//346 422//347 336//348
f 334//349 336//350 422//351
f 422//352 417//353 334//354
f 417//355 416//356 334//357
f 416//358 415//359 334//360
f 415//361 420//362 334//363
f 335//364 334//365 420//366
f 337//367 335//368 420//369
f 420//370 426//371 337//372
f 338//373 337//374 426//375
f 426//376 429//377 338//378
f 343//379 338//380 429//381
f 429//382 435//383 343//384
f 345//385 343//386 435//387
f 435//388 438//389 345//390
f 346//391 345//392 438//393
f 336//394 334//395 340//396
f 339//397 336//398 340//399
f 341//400 339//401 340//402
f 342//403 341//404 340//405
f 344//406 342//407 340//408
f 346//409 344//410 340//411
f 345//412 346//413 340//414
f 343//415 345//416 340//417
f 338//418 343//419 340//420
f 337//421 338//422 340//423
f 335//424 337//425 340//426
f 334//427 335//428 340//429
f 362//430 388//431 360//432
f 376//433 375//434 379//435
f 382//436 387//437 350//438
f 382//439 350//440 381//441
f 348//442 381//443 350//444
f 388//445 362//446 380//447
f 348//448 383//449 381//450
f 350//451 387//452 361//453
f 368//454 376//455 372//456
f 367//457 376//458 368//459
f 376//460 373//461 372//462
f 365//463 363//464 389//465
f 365//466 389//467 367//468
f 365//469 368//470 372//471
f 372//472 370//473 365//474
f 380//475 364//476 366//477
f 366//478 393//479 380//480
f 374//481 375//482 393//483
f 393//484 369//485 371//486
f 371//487 374//488 393//489
f 379//490 375//491 377//492
f 376//493 379//494 377//495
f 377//496 378//497 376//498
f 357//499 380//500 362//501
f 362//502 360//503 357//504
f 357//505 356//506 353//507
f 356//508 360//509 353//510
f 349//511 360//512 383//513
f 360//514 349//515 353//516
f 351//517 350//518 352//519
f 350//520 361//521 358//522
f 359//523 358//524 361//525
f 347//526 383//527 348//528
f 358//529 355//530 352//531
f 352//532 350//533 358//534
f 359//535 354//536 355//537
f 361//538 389//539 363//540
f 361//541 363//542 359//543
f 353//544 349//545 305//546
f 349//547 383//548 307//549
f 349//550 307//551 305//552
f 383//553 308//554 307//555
f 309//556 308//557 383//558
f 309//559 383//560 347//561
f 347//562 348//563 309//564
f 303//565 348//566 350//567
f 303//568 351//569 352//570
f 350//571 351//572 303//573
f 314//574 303//575 352//576
f 314//577 352//578 355//579
f 355//580 317//581 314//582
f 321//583 317//584 355//585
f 355//586 354//587 321//588
f 317//589 303//590 314//591
f 348//592 303//593 309//594
f 328//595 353//596 305//597
f 317//598 301//599 303//600
f 354//601 359//602 321//603
f 359//604 319//605 321//606
f 357//607 328//608 330//609
f 328//610 357//611 353//612
f 364//613 380//614 326//615
f 380//616 357//617 330//618
f 310//619 326//620 380//621
f 330//622 310//623 380//624
f 302//625 310//626 330//627
f 359//628 363//629 319//630
f 365//631 320//632 363//633
f 320//634 319//635 363//636
f 320//637 365//638 333//639
f 318//640 371//641 369//642
f 369//643 364//644 318//645
f 318//646 364//647 326//648
f 372//649 373//650 311//651
f 373//652 376//653 311//654
f 376//655 378//656 311//657
f 313//658 311//659 378//660
f 306//661 313//662 378//663
f 378//664 377//665 306//666
f 377//667 304//668 306//669
f 304//670 377//671 375//672
f 304//673 375//674 374//675
f 374//676 371//677 304//678
f 371//679 312//680 304//681
f 318//682 312//683 371//684
f 370//685 372//686 333//687
f 315//688 333//689 372//690
f 372//691 311//692 315//693
f 313//694 298//695 311//696
f 312//697 318//698 304//699
f 289//700 318//701 326//702
f 304//703 318//704 297//705
f 297//706 306//707 304//708
f 297//709 294//710 306//711
f 306//712 294//713 298//714
f 298//715 313//716 306//717
f 311//718 298//719 296//720
f 316//721 311//722 296//723
f 316//724 320//725 333//726
f 316//727 286//728 320//729
f 286//730 301//731 320//732
f 301//733 319//734 320//735
f 321//736 319//737 301//738
f 317//739 321//740 301//741
f 308//742 309//743 300//744
f 307//745 308//746 300//747
f 305//748 307//749 299//750
f 328//751 305//752 299//753
f 330//754 328//755 302//756
f 310//757 289//758 326//759
f 365//760 370//761 333//762
f 315//763 316//764 333//765
f 315//766 311//767 316//768
f 359//769 355//770 331//771
f 324//772 331//773 355//774
f 355//775 358//776 324//777
f 331//778 324//779 358//780
f 358//781 359//782 331//783
f 332//784 322//785 365//786
f 365//787 367//788 332//789
f 367//790 368//791 332//792
f 368//793 365//794 332//795
f 322//796 332//797 365//798
f 360//799 356//800 329//801
f 356//802 357//803 329//804
f 323//805 329//806 357//807
f 357//808 360//809 323//810
f 329//811 323//812 360//813
f 325//814 327//815 393//816
f 393//817 366//818 325//819
f 366//820 364//821 325//822
f 364//823 369//824 325//825
f 327//826 325//827 369//828
f 369//829 393//830 327//831
f 302//832 328//833 299//834
f 300//835 309//836 303//837
f 297//838 318//839 289//840
f 289//841 310//842 295//843
f 303//844 301//845 282//846
f 307//847 300//848 279//849
f 299//850 281//851 302//852
f 310//853 302//854 287//855
f 295//856 310//857 287//858
f 286//859 282//860 301//861
f 279//862 299//863 307//864
f 281//865 287//866 302//867
f 296//868 286//869 316//870
f 296//871 298//872 294//873
f 297//874 293//875 294//876
f 297//877 289//878 293//879
f 295//880 287//881 289//882
f 279//883 281//884 299//885
f 303//886 277//887 300//888
f 277//889 303//890 282//891
f 279//892 300//893 280//894
f 278//895 280//896 300//897
f 287//898 281//899 283//900
f 280//901 283//902 281//903
f 281//904 279//905 280//906
f 284//907 278//908 282//909
f 291//910 288//911 296//912
f 296//913 294//914 291//915
f 284//916 282//917 286//918
f 288//919 284//920 286//921
f 286//922 296//923 288//924
f 300//925 277//926 278//927
f 277//928 282//929 278//930
f 283//931 285//932 287//933
f 293//934 289//935 290//936
f 285//937 290//938 289//939
f 285//940 289//941 287//942
f 290//943 292//944 294//945
f 294//946 293//947 290//948
f 292//949 291//950 294//951
f 270//952 278//953 284//954
f 273//955 275//956 290//957
f 270//958 284//959 258//960
f 285//961 283//962 269//963
f 274//964 272//965 288//966
f 285//967 269//968 271//969
f 271//970 273//971 285//972
f 272//973 284//974 288//975
f 288//976 291//977 274//978
f 275//979 276//980 292//981
f 292//982 290//983 275//984
f 290//985 285//986 273//987
f 284//988 272//989 258//990
f 291//991 292//992 274//993
f 269//994 283//995 280//996
f 268//997 278//998 270//999
f 258//1000 268//1001 270//1002
f 292//1003 276//1004 274//1005
f 268//1006 269//1007 280//1008
f 268//1009 280//1010 278//1011
f 254//1012 253//1013 258//1014
f 268//1015 258//1016 253//1017
f 253//1018 251//1019 268//1020
f 268//1021 251//1022 249//1023
f 249//1024 252//1025 268//1026
f 269//1027 268//1028 252//1029
f 252//1030 256//1031 269//1032
f 256//1033 257//1034 269//1035
f 271//1036 269//1037 257//1038
f 257//1039 273//1040 271//1041
f 275//1042 273//1043 263//1044
f 276//1045 275//1046 266//1047
f 274//1048 276//1049 266//1050
f 272//1051 274//1052 260//1053
f 259//1054 258//1055 272//1056
f 260//1057 259//1058 272//1059
f 266//1060 275//1061 265//1062
f 273//1063 257//1064 261//1065
f 261//1066 263//1067 273//1068
f 237//1069 265//1070 275//1071
f 275//1072 263//1073 237//1074
f 263//1075 261//1076 237//1077
f 241//1078 265//1079 237//1080
f 237//1081 239//1082 241//1083
f 239//1084 237//1085 226//1086
f 213//1087 226//1088 235//1089
f 237//1090 261//1091 257//1092
f 237//1093 235//1094 226//1095
f 235//1096 237//1097 257//1098
f 235//1099 255//1100 233//1101
f 231//1102 235//1103 233//1104
f 248//1105 255//1106 252//1107
f 256//1108 252//1109 255//1110
f 252//1111 249//1112 248//1113
f 255//1114 235//1115 256//1116
f 257//1117 256//1118 235//1119
f 231//1120 233//1121 255//1122
f 255//1123 248//1124 231//1125
f 213//1126 235//1127 231//1128
f 231//1129 204//1130 213//1131
f 231//1132 211//1133 204//1134
f 226//1135 213//1136 219//1137
f 213//1138 215//1139 219//1140
f 208//1141 239//1142 226//1143
f 239//1144 208//1145 197//1146
f 226//1147 199//1148 197//1149
f 200//1150 199//1151 226//1152
f 226//1153 219//1154 200//1155
f 186//1156 180//1157 197//1158
f 165//1159 197//1160 180//1161
f 197//1162 208//1163 226//1164
f 197//1165 189//1166 186//1167
f 177//1168 165//1169 180//1170
f 181//1171 177//1172 180//1173
f 187//1174 181//1175 180//1176
f 186//1177 189//1178 190//1179
f 190//1180 187//1181 186//1182
f 180//1183 186//1184 187//1185
f 195//1186 190//1187 189//1188
f 189//1189 197//1190 195//1191
f 195//1192 197//1193 199//1194
f 199//1195 200//1196 195//1197
f 219//1198 215//1199 198//1200
f 198//1201 200//1202 219//1203
f 202//1204 198//1205 215//1206
f 215//1207 213//1208 202//1209
f 204//1210 202//1211 213//1212
f 188//1213 191//1214 202//1215
f 198//1216 202//1217 193//1218
f 202//1219 191//1220 193//1221
f 203//1222 202//1223 204//1224
f 179//1225 202//1226 178//1227
f 202//1228 183//1229 188//1230
f 179//1231 183//1232 202//1233
f 195//1234 200//1235 193//1236
f 193//1237 200//1238 198//1239
f 195//1240 193//1241 191//1242
f 190//1243 195//1244 191//1245
f 191//1246 188//1247 190//1248
f 187//1249 190//1250 188//1251
f 181//1252 187//1253 183//1254
f 188//1255 183//1256 187//1257
f 179//1258 178//1259 177//1260
f 177//1261 181//1262 179//1263
f 183//1264 179//1265 181//1266
f 165//1267 177//1268 172//1269
f 165//1270 172//1271 152//1272
f 140//1273 146//1274 145//1275
f 152//1276 145//1277 146//1278
f 152//1279 146//1280 165//1281
f 140//1282 145//1283 144//1284
f 138//1285 140//1286 144//1287
f 144//1288 135//1289 138//1290
f 135//1291 144//1292 141//1293
f 141//1294 132//1295 135//1296
f 141//1297 139//1298 132//1299
f 139//1300 130//1301 132//1302
f 130//1303 139//1304 137//1305
f 137//1306 128//1307 130//1308
f 128//1309 137//1310 136//1311
f 136//1312 127//1313 128//1314
f 127//1315 136//1316 133//1317
f 133//1318 125//1319 127//1320
f 125//1321 133//1322 129//1323
f 129//1324 124//1325 125//1326
f 129//1327 123//1328 124//1329
f 123//1330 129//1331 126//1332
f 126//1333 119//1334 123//1335
f 76//1336 77//1337 105//1338
f 144//1339 145//1340 143//1341
f 75//1342 76//1343 105//1344
f 77//1345 78//1346 105//1347
f 78//1348 114//1349 105//1350
f 114//1351 78//1352 80//1353
f 143//1354 141//1355 144//1356
f 139//1357 141//1358 143//1359
f 126//1360 129//1361 143//1362
f 126//1363 143//1364 114//1365
f 114//1366 80//1367 81//1368
f 92//1369 114//1370 81//1371
f 81//1372 90//1373 92//1374
f 143//1375 129//1376 133//1377
f 143//1378 133//1379 136//1380
f 143//1381 136//1382 137//1383
f 137//1384 139//1385 143//1386
f 81//1387 84//1388 87//1389
f 87//1390 90//1391 81//1392
f 81//1393 83//1394 84//1395
f 101//1396 114//1397 92//1398
f 92//1399 98//1400 101//1401
f 98//1402 92//1403 90//1404
f 90//1405 95//1406 98//1407
f 90//1408 94//1409 95//1410
f 90//1411 87//1412 94//1413
f 94//1414 87//1415 84//1416
f 84//1417 93//1418 94//1419
f 93//1420 84//1421 83//1422
f 83//1423 91//1424 93//1425
f 91//1426 83//1427 81//1428
f 89//1429 91//1430 81//1431
f 81//1432 88//1433 89//1434
f 88//1435 81//1436 80//1437
f 78//1438 77//1439 85//1440
f 80//1441 78//1442 85//1443
f 85//1444 88//1445 80//1446
f 82//1447 77//1448 76//1449
f 77//1450 82//1451 85//1452
f 76//1453 75//1454 79//1455
f 76//1456 79//1457 82//1458
f 126//1459 114//1460 111//1461
f 104//1462 111//1463 114//1464
f 126//1465 111//1466 119//1467
f 104//1468 114//1469 101//1470
f 101//1471 102//1472 104//1473
f 118//1474 120//1475 119//1476
f 118//1477 103//1478 120//1479
f 111//1480 104//1481 118//1482
f 118//1483 119//1484 111//1485
f 103//1486 118//1487 104//1488
f 104//1489 102//1490 103//1491
f 250//1492 249//1493 251//1494
f 258//1495 259//1496 247//1497
f 250//1498 251//1499 253//1500
f 254//1501 250//1502 253//1503
f 254//1504 258//1505 247//1506
f 234//1507 232//1508 254//1509
f 236//1510 234//1511 254//1512
f 254//1513 247//1514 236//1515
f 250//1516 254//1517 232//1518
f 234//1519 236//1520 232//1521
f 214//1522 212//1523 232//1524
f 232//1525 236//1526 214//1527
f 216//1528 214//1529 236//1530
f 236//1531 217//1532 216//1533
f 249//1534 250//1535 232//1536
f 212//1537 231//1538 232//1539
f 249//1540 232//1541 231//1542
f 231//1543 248//1544 249//1545
f 67//1546 231//1547 212//1548
f 67//1549 211//1550 231//1551
f 67//1552 62//1553 211//1554
f 62//1555 61//1556 211//1557
f 211//1558 61//1559 204//1560
f 67//1561 214//1562 173//1563
f 175//1564 202//1565 61//1566
f 175//1567 61//1568 58//1569
f 58//1570 56//1571 175//1572
f 72//1573 96//1574 23//1575
f 96//1576 117//1577 23//1578
f 117//1579 149//1580 23//1581
f 38//1582 23//1583 175//1584
f 149//1585 175//1586 23//1587
f 61//1588 203//1589 204//1590
f 175//1591 56//1592 38//1593
f 173//1594 73//1595 70//1596
f 70//1597 67//1598 173//1599
f 72//1600 23//1601 14//1602
f 21//1603 27//1604 72//1605
f 66//1606 72//1607 27//1608
f 173//1609 166//1610 73//1611
f 166//1612 150//1613 73//1614
f 150//1615 142//1616 73//1617
f 73//1618 142//1619 106//1620
f 106//1621 97//1622 73//1623
f 72//1624 14//1625 16//1626
f 16//1627 21//1628 72//1629
f 27//1630 63//1631 66//1632
f 63//1633 27//1634 31//1635
f 31//1636 40//1637 63//1638
f 63//1639 40//1640 57//1641
f 202//1642 203//1643 61//1644
f 67//1645 212//1646 214//1647
f 209//1648 206//1649 192//1650
f 214//1651 209//1652 192//1653
f 206//1654 196//1655 192//1656
f 196//1657 218//1658 168//1659
f 196//1660 170//1661 192//1662
f 210//1663 157//1664 168//1665
f 196//1666 168//1667 170//1668
f 170//1669 168//1670 157//1671
f 176//1672 156//1673 157//1674
f 160//1675 158//1676 194//1677
f 220//1678 160//1679 194//1680
f 157//1681 210//1682 176//1683
f 194//1684 176//1685 210//1686
f 210//1687 220//1688 194//1689
f 194//1690 158//1691 167//1692
f 160//1693 155//1694 158//1695
f 159//1696 160//1697 220//1698
f 220//1699 221//1700 159//1701
f 159//1702 154//1703 160//1704
f 154//1705 155//1706 160//1707
f 154//1708 162//1709 182//1710
f 182//1711 185//1712 154//1713
f 162//1714 154//1715 159//1716
f 159//1717 221//1718 162//1719
f 221//1720 207//1721 162//1722
f 207//1723 228//1724 182//1725
f 182//1726 162//1727 207//1728
f 228//1729 222//1730 182//1731
f 222//1732 223//1733 182//1734
f 185//1735 182//1736 223//1737
f 223//1738 224//1739 185//1740
f 227//1741 205//1742 161//1743
f 161//1744 185//1745 224//1746
f 224//1747 227//1748 161//1749
f 168//1750 218//1751 222//1752
f 218//1753 223//1754 222//1755
f 196//1756 216//1757 217//1758
f 217//1759 224//1760 223//1761
f 196//1762 217//1763 223//1764
f 225//1765 227//1766 224//1767
f 224//1768 217//1769 225//1770
f 216//1771 196//1772 206//1773
f 206//1774 214//1775 216//1776
f 220//1777 210//1778 168//1779
f 168//1780 222//1781 220//1782
f 221//1783 220//1784 222//1785
f 222//1786 228//1787 221//1788
f 218//1789 196//1790 223//1791
f 221//1792 228//1793 207//1794
f 214//1795 206//1796 209//1797
f 227//1798 201//1799 205//1800
f 238//1801 227//1802 225//1803
f 238//1804 240//1805 227//1806
f 201//1807 227//1808 240//1809
f 266//1810 265//1811 241//1812
f 240//1813 267//1814 266//1815
f 266//1816 241//1817 240//1818
f 240//1819 241//1820 201//1821
f 120//1822 103//1823 15//1824
f 241//1825 239//1826 197//1827
f 88//1828 85//1829 103//1830
f 103//1831 85//1832 82//1833
f 161//1834 205//1835 201//1836
f 103//1837 82//1838 79//1839
f 15//1840 103//1841 79//1842
f 36//1843 54//1844 241//1845
f 241//1846 12//1847 26//1848
f 241//1849 26//1850 36//1851
f 103//1852 102//1853 101//1854
f 103//1855 101//1856 98//1857
f 65//1858 161//1859 201//1860
f 147//1861 65//1862 69//1863
f 65//1864 147//1865 151//1866
f 151//1867 161//1868 65//1869
f 69//1870 107//1871 147//1872
f 79//1873 74//1874 68//1875
f 15//1876 79//1877 68//1878
f 54//1879 65//1880 241//1881
f 201//1882 241//1883 65//1884
f 103//1885 98//1886 95//1887
f 103//1888 95//1889 94//1890
f 103//1891 94//1892 93//1893
f 103//1894 93//1895 91//1896
f 91//1897 89//1898 103//1899
f 89//1900 88//1901 103//1902
f 68//1903 50//1904 42//1905
f 42//1906 33//1907 68//1908
f 68//1909 33//1910 28//1911
f 68//1912 28//1913 15//1914
f 120//1915 135//1916 132//1917
f 146//1918 140//1919 120//1920
f 120//1921 140//1922 138//1923
f 120//1924 138//1925 135//1926
f 125//1927 124//1928 120//1929
f 124//1930 123//1931 120//1932
f 123//1933 119//1934 120//1935
f 120//1936 132//1937 130//1938
f 120//1939 130//1940 128//1941
f 128//1942 127//1943 120//1944
f 127//1945 125//1946 120//1947
f 12//1948 241//1949 120//1950
f 15//1951 12//1952 120//1953
f 241//1954 197//1955 120//1956
f 120//1957 197//1958 165//1959
f 165//1960 146//1961 120//1962
f 274//1963 267//1964 240//1965
f 274//1966 266//1967 267//1968
f 260//1969 274//1970 264//1971
f 262//1972 259//1973 260//1974
f 264//1975 262//1976 260//1977
f 262//1978 264//1979 238//1980
f 240//1981 238//1982 264//1983
f 264//1984 274//1985 240//1986
f 225//1987 217//1988 230//1989
f 225//1990 230//1991 238//1992
f 262//1993 238//1994 230//1995
f 259//1996 262//1997 230//1998
f 230//1999 247//2000 259//2001
f 236//2002 230//2003 217//2004
f 158//2005 169//2006 167//2007
f 194//2008 167//2009 174//2010
f 174//2011 176//2012 194//2013
f 169//2014 158//2015 156//2016
f 169//2017 156//2018 176//2019
f 174//2020 169//2021 176//2022
f 247//2023 245//2024 243//2025
f 243//2026 236//2027 247//2028
f 236//2029 243//2030 229//2031
f 229//2032 230//2033 236//2034
f 230//2035 229//2036 246//2037
f 230//2038 246//2039 245//2040
f 245//2041 247//2042 230//2043
f 243//2044 245//2045 246//2046
f 246//2047 229//2048 243//2049
f 242//2050 244//2051 243//2052
f 243//2053 245//2054 242//2055
f 244//2056 242//2057 245//2058
f 245//2059 243//2060 244//2061
f 155//2062 153//2063 158//2064
f 153//2065 148//2066 158//2067
f 142//2068 150//2069 158//2070
f 157//2071 156//2072 150//2073
f 156//2074 158//2075 150//2076
f 170//2077 157//2078 166//2079
f 150//2080 166//2081 157//2082
f 166//2083 173//2084 170//2085
f 170//2086 173//2087 192//2088
f 173//2089 214//2090 192//2091
f 178//2092 202//2093 175//2094
f 177//2095 178//2096 149//2097
f 178//2098 175//2099 149//2100
f 9//2101 32//2102 31//2103
f 27//2104 21//2105 9//2106
f 31//2107 27//2108 9//2109
f 21//2110 16//2111 9//2112
f 16//2113 14//2114 9//2115
f 14//2116 5//2117 9//2118
f 5//2119 14//2120 23//2121
f 23//2122 18//2123 5//2124
f 20//2125 18//2126 23//2127
f 23//2128 38//2129 20//2130
f 30//2131 20//2132 38//2133
f 30//2134 38//2135 24//2136
f 97//2137 106//2138 113//2139
f 121//2140 113//2141 142//2142
f 106//2143 142//2144 113//2145
f 131//2146 121//2147 142//2148
f 142//2149 148//2150 131//2151
f 148//2152 142//2153 158//2154
f 86//2155 97//2156 113//2157
f 97//2158 86//2159 71//2160
f 71//2161 73//2162 97//2163
f 71//2164 70//2165 73//2166
f 67//2167 70//2168 71//2169
f 62//2170 67//2171 71//2172
f 61//2173 62//2174 71//2175
f 71//2176 59//2177 61//2178
f 58//2179 61//2180 59//2181
f 56//2182 58//2183 59//2184
f 59//2185 55//2186 56//2187
f 55//2188 52//2189 56//2190
f 52//2191 51//2192 56//2193
f 51//2194 48//2195 56//2196
f 48//2197 46//2198 56//2199
f 46//2200 44//2201 56//2202
f 44//2203 41//2204 56//2205
f 41//2206 39//2207 56//2208
f 38//2209 56//2210 39//2211
f 39//2212 35//2213 38//2214
f 35//2215 34//2216 38//2217
f 34//2218 24//2219 38//2220
f 19//2221 31//2222 32//2223
f 19//2224 37//2225 31//2226
f 40//2227 31//2228 37//2229
f 37//2230 43//2231 40//2232
f 43//2233 45//2234 40//2235
f 45//2236 47//2237 40//2238
f 47//2239 49//2240 40//2241
f 49//2242 53//2243 40//2244
f 53//2245 60//2246 40//2247
f 57//2248 40//2249 60//2250
f 63//2251 57//2252 60//2253
f 66//2254 63//2255 60//2256
f 60//2257 64//2258 66//2259
f 72//2260 66//2261 64//2262
f 72//2263 64//2264 75//2265
f 117//2266 143//2267 145//2268
f 143//2269 117//2270 96//2271
f 96//2272 114//2273 143//2274
f 96//2275 105//2276 114//2277
f 105//2278 96//2279 72//2280
f 75//2281 105//2282 72//2283
f 145//2284 152//2285 117//2286
f 152//2287 149//2288 117//2289
f 149//2290 152//2291 172//2292
f 149//2293 172//2294 177//2295
f 22//2296 32//2297 9//2298
f 5//2299 18//2300 20//2301
f 5//2302 1//2303 9//2304
f 5//2305 20//2306 6//2307
f 9//2308 1//2309 22//2310
f 6//2311 2//2312 1//2313
f 6//2314 1//2315 5//2316
f 134//2317 121//2318 131//2319
f 113//2320 121//2321 112//2322
f 112//2323 109//2324 113//2325
f 108//2326 113//2327 99//2328
f 109//2329 99//2330 113//2331
f 22//2332 1//2333 2//2334
f 32//2335 22//2336 19//2337
f 2//2338 19//2339 22//2340
f 2//2341 29//2342 19//2343
f 11//2344 13//2345 10//2346
f 13//2347 4//2348 10//2349
f 10//2350 3//2351 17//2352
f 4//2353 3//2354 10//2355
f 29//2356 2//2357 13//2358
f 2//2359 6//2360 3//2361
f 3//2362 4//2363 2//2364
f 2//2365 4//2366 13//2367
f 7//2368 6//2369 20//2370
f 8//2371 3//2372 7//2373
f 3//2374 6//2375 7//2376
f 25//2377 3//2378 8//2379
f 108//2380 134//2381 147//2382
f 147//2383 107//2384 108//2385
f 107//2386 69//2387 108//2388
f 25//2389 24//2390 26//2391
f 3//2392 25//2393 26//2394
f 26//2395 12//2396 3//2397
f 17//2398 3//2399 12//2400
f 12//2401 10//2402 17//2403
f 12//2404 15//2405 10//2406
f 15//2407 11//2408 10//2409
f 15//2410 13//2411 11//2412
f 15//2413 28//2414 13//2415
f 33//2416 29//2417 13//2418
f 28//2419 33//2420 13//2421
f 29//2422 33//2423 42//2424
f 29//2425 42//2426 19//2427
f 74//2428 79//2429 75//2430
f 155//2431 154//2432 151//2433
f 161//2434 151//2435 154//2436
f 154//2437 185//2438 161//2439
f 134//2440 131//2441 148//2442
f 74//2443 75//2444 64//2445
f 68//2446 74//2447 64//2448
f 64//2449 60//2450 68//2451
f 50//2452 68//2453 60//2454
f 60//2455 53//2456 50//2457
f 53//2458 49//2459 50//2460
f 49//2461 47//2462 50//2463
f 47//2464 45//2465 50//2466
f 45//2467 43//2468 50//2469
f 42//2470 50//2471 43//2472
f 43//2473 37//2474 42//2475
f 37//2476 19//2477 42//2478
f 36//2479 26//2480 24//2481
f 24//2482 34//2483 36//2484
f 34//2485 35//2486 36//2487
f 35//2488 39//2489 36//2490
f 39//2491 41//2492 36//2493
f 41//2494 44//2495 36//2496
f 44//2497 46//2498 36//2499
f 46//2500 48//2501 36//2502
f 48//2503 51//2504 36//2505
f 54//2506 36//2507 51//2508
f 51//2509 52//2510 54//2511
f 52//2512 55//2513 54//2514
f 55//2515 59//2516 54//2517
f 59//2518 71//2519 54//2520
f 65//2521 54//2522 71//2523
f 69//2524 65//2525 71//2526
f 113//2527 108//2528 86//2529
f 69//2530 86//2531 108//2532
f 69//2533 71//2534 86//2535
f 147//2536 134//2537 148//2538
f 153//2539 155//2540 151//2541
f 153//2542 151//2543 147//2544
f 147//2545 148//2546 153//2547
f 8//2548 24//2549 25//2550
f 8//2551 7//2552 20//2553
f 20//2554 30//2555 8//2556
f 24//2557 8//2558 30//2559
f 115//2560 121//2561 134//2562
f 134//2563 108//2564 115//2565
f 108//2566 99//2567 110//2568
f 110//2569 115//2570 108//2571
f 121//2572 109//2573 112//2574
f 184//2575 171//2576 174//2577
f 167//2578 169//2579 163//2580
f 171//2581 184//2582 167//2583
f 174//2584 167//2585 184//2586
f 169//2587 174//2588 171//2589
f 167//2590 169//2591 171//2592
f 163//2593 164//2594 169//2595
f 169//2596 167//2597 163//2598
f 163//2599 169//2600 164//2601
f 122//2602 121//2603 115//2604
f 121//2605 122//2606 116//2607
f 110//2608 99//2609 100//2610
f 99//2611 109//2612 100//2613
f 116//2614 122//2615 115//2616
f 115//2617 121//2618 116//2619
f 109//2620 121//2621 100//2622
f 121//2623 115//2624 110//2625
f 100//2626 121//2627 110//2628
