# decimated from Yaskawa CAD (ROS-Industrial motoman, BSD-3-Clause)
v -0.104985 -0.049067 -0.007551
v -0.104985 0.049067 -0.007551
v -0.104984 -0.045770 0.020199
v -0.104984 -0.045681 0.020931
v -0.104984 -0.045589 0.021662
v -0.104984 0.045590 0.021662
v -0.104984 0.045681 0.020933
v -0.104984 0.045770 0.020199
v -0.104980 -0.049133 -0.008228
v -0.104977 0.049157 -0.008460
v -0.104975 -0.045464 0.022817
v -0.104974 0.045460 0.022852
v -0.104973 -0.049174 -0.008622
v -0.104967 0.049691 -0.007479
v -0.104966 -0.049717 -0.007475
v -0.104962 -0.046414 0.020275
v -0.104962 0.046414 0.020275
v -0.104952 0.049254 -0.009369
v -0.104948 -0.045341 0.023972
v -0.104947 0.045339 0.023994
v -0.104889 0.046717 0.024340
v -0.104930 0.049314 -0.009898
v -0.104929 -0.049316 -0.009911
v -0.104923 -0.049331 -0.010044
v -0.104920 0.046894 0.020332
v -0.104919 -0.046894 0.020332
v -0.104624 0.052098 -0.012100
v -0.104914 -0.050242 -0.007411
v -0.104914 0.050242 -0.007411
v -0.104911 0.049358 -0.010271
v -0.104904 -0.045222 0.025125
v -0.104895 -0.045203 0.025310
v -0.104895 0.045203 0.025310
v -0.104869 -0.049442 -0.010952
v -0.104869 0.049442 -0.010952
v -0.104846 -0.047414 0.020394
v -0.104873 -0.050707 -0.009713
v -0.104787 -0.047215 0.025430
v -0.104840 0.045103 0.026303
v -0.104839 0.050772 -0.007352
v -0.104836 -0.050787 -0.007350
v -0.104806 -0.049547 -0.011779
v -0.104797 0.049561 -0.011887
v -0.104761 -0.044992 0.027430
v -0.104759 0.044989 0.027456
v -0.104736 -0.044961 0.027751
v -0.104736 0.044961 0.027751
v -0.104719 -0.049669 -0.012702
v -0.104706 0.049686 -0.012829
v -0.104705 -0.048104 0.020478
v -0.104703 0.048109 0.020491
v -0.104693 -0.051447 -0.007268
v -0.104661 0.044879 0.028608
v -0.104632 -0.050364 -0.013416
v -0.104631 -0.045686 0.028744
v -0.104600 -0.049812 -0.013743
v -0.104598 0.049814 -0.013759
v -0.104557 -0.048640 0.020540
v -0.104548 -0.044774 0.029729
v -0.104618 0.045734 0.028914
v -0.104522 0.048762 0.020547
v -0.104500 -0.049918 -0.014497
v -0.104497 -0.044732 0.030186
v -0.104497 0.044732 0.030186
v -0.104489 -0.052154 -0.007184
v -0.104489 0.052154 -0.007184
v -0.104465 0.049954 -0.014745
v -0.104415 -0.044670 0.030875
v -0.104412 0.044667 0.030906
v -0.104402 -0.049114 0.020603
v -0.104367 0.049204 0.020607
v -0.104366 -0.050048 -0.015394
v -0.104325 -0.050085 -0.015647
v -0.104314 0.050096 -0.015718
v -0.104307 0.052659 -0.007124
v -0.104265 -0.044569 0.032020
v -0.104262 -0.052775 -0.007120
v -0.104260 0.044566 0.032052
v -0.104218 -0.050179 -0.016278
v -0.104180 0.044518 0.032612
v -0.104165 0.053005 -0.007083
v -0.104152 0.050235 -0.016642
v -0.103783 -0.053941 -0.017419
v -0.104143 -0.049756 0.020672
v -0.104143 0.049756 0.020672
v -0.104097 -0.047490 0.032024
v -0.104062 -0.053234 -0.007056
v -0.104062 0.053234 -0.007056
v -0.103977 -0.050371 -0.017539
v -0.103971 0.050377 -0.017571
v -0.103911 -0.044376 0.034301
v -0.103886 -0.050439 -0.017978
v -0.103886 -0.050293 0.020736
v -0.103845 0.050371 0.020745
v -0.103485 0.054688 -0.010866
v -0.103805 0.053746 -0.006995
v -0.103792 -0.053769 -0.006993
v -0.103784 0.050513 -0.018443
v -0.103783 0.044317 0.035026
v -0.103744 -0.044295 0.035244
v -0.103689 -0.050576 -0.018861
v -0.103504 -0.050850 0.022779
v -0.103597 0.050815 0.020798
v -0.103558 0.050667 -0.019413
v -0.103557 -0.050664 -0.019416
v -0.103492 -0.050706 -0.019681
v -0.103487 -0.044195 0.036570
v -0.103589 0.044242 0.036063
v -0.103437 0.054377 -0.006923
v -0.103822 0.045649 0.034653
v -0.103385 -0.054454 -0.006911
v -0.103384 -0.051157 0.020839
v -0.103349 0.050798 -0.020236
v -0.103308 0.044130 0.037426
v -0.103306 0.051277 0.020860
v -0.103277 -0.051318 0.020858
v -0.103298 -0.044849 0.037455
v -0.103117 0.050936 -0.021091
v -0.103113 0.054850 -0.006864
v -0.103100 -0.054952 -0.007546
v -0.103065 -0.050961 -0.021276
v -0.103065 0.050966 -0.021276
v -0.103011 -0.050991 -0.021461
v -0.103340 -0.052894 -0.019764
v -0.103003 0.051000 -0.021491
v -0.102993 -0.044026 0.038825
v -0.103072 0.044028 0.038492
v -0.102919 0.052277 -0.021652
v -0.102928 -0.051801 0.020915
v -0.102844 0.055214 -0.006840
v -0.102767 -0.055305 -0.006819
v -0.102755 -0.043956 0.039809
v -0.102755 0.043957 0.039809
v -0.102658 0.045280 0.040022
v -0.102594 -0.052091 -0.022778
v -0.102550 -0.052263 0.020970
v -0.102501 -0.051258 -0.023115
v -0.102501 0.051264 -0.023115
v -0.102466 -0.051275 -0.023222
v -0.102462 0.052361 0.020982
v -0.102476 -0.043899 0.040893
v -0.102419 0.043868 0.041105
v -0.102375 -0.055756 -0.006756
v -0.102375 0.055756 -0.006756
v -0.102201 0.051421 -0.024004
v -0.102078 -0.051468 -0.024361
v -0.102281 -0.052564 0.021010
v -0.102144 0.052701 0.021022
v -0.102123 -0.043797 0.042175
v -0.100874 -0.052666 0.029880
v -0.102111 0.043794 0.042219
v -0.101836 -0.057181 -0.014204
v -0.101868 0.051560 -0.024931
v -0.101792 -0.056340 -0.006687
v -0.101792 0.056340 -0.006687
v -0.101786 -0.043724 0.043327
v -0.101786 0.043724 0.043327
v -0.101753 0.053079 0.021067
v -0.101752 -0.053081 0.021069
v -0.101658 0.043724 0.043719
v -0.101609 -0.043724 0.043859
v -0.101556 -0.051682 -0.025750
v -0.101508 -0.043724 0.044123
v -0.101508 0.043724 0.044123
v -0.101454 0.043724 0.044258
v -0.101402 -0.043724 0.044380
v -0.101348 0.056729 -0.006644
v -0.101305 -0.056766 -0.006642
v -0.101223 -0.051815 -0.026579
v -0.101215 0.053538 0.021124
v -0.101210 -0.053540 0.021122
v -0.101165 -0.043724 0.044893
v -0.101165 0.043724 0.044893
v -0.101164 -0.051837 -0.026721
v -0.101164 0.051849 -0.026721
v -0.102622 0.055594 -0.020905
v -0.101053 0.051891 -0.026988
v -0.101402 0.053879 -0.025919
v -0.100954 0.043724 0.045294
v -0.100913 -0.057063 -0.006601
v -0.100905 0.057084 -0.006722
v -0.100903 -0.043724 0.045384
v -0.100874 0.053110 -0.027311
v -0.100848 -0.051956 -0.027466
v -0.101242 0.046529 0.044412
v -0.100781 -0.053861 0.021160
v -0.100758 -0.043724 0.045631
v -0.100758 0.043724 0.045631
v -0.100655 -0.053221 -0.027818
v -0.100694 0.052023 -0.027819
v -0.100693 0.053923 0.021172
v -0.100672 0.052031 -0.027867
v -0.100659 0.043724 0.045791
v -0.100611 -0.043724 0.045866
v -0.100491 -0.057356 -0.006566
v -0.100491 0.057356 -0.006566
v -0.100396 -0.054122 0.021195
v -0.100393 -0.052116 -0.028484
v -0.100393 0.052127 -0.028484
v -0.100361 0.052138 -0.028553
v -0.099784 0.052344 -0.029763
v -0.100302 0.002300 0.046316
v -0.100369 0.044799 0.046188
v -0.100282 0.054191 0.021199
v -0.100088 -0.052217 -0.029132
v -0.099808 -0.052310 -0.029710
v -0.101513 0.057490 -0.014832
v -0.101289 -0.048285 0.042969
v -0.102688 0.051879 0.025995
v -0.099838 -0.057749 -0.006520
v -0.099838 0.057754 -0.006564
v -0.099837 -0.054452 0.021230
v -0.099837 0.054452 0.021230
v -0.099776 -0.058067 -0.008904
v -0.099633 0.058250 -0.009784
v -0.099557 -0.058329 -0.010119
v -0.099554 -0.052383 -0.030215
v -0.099481 0.058409 -0.010456
v -0.099328 -0.053346 -0.030603
v -0.099315 -0.058571 -0.011123
v -0.099258 -0.052470 -0.030789
v -0.099179 0.058698 -0.011634
v -0.099088 0.052532 -0.031110
v -0.099906 -0.058626 -0.015316
v -0.098826 0.058997 -0.012827
v -0.098800 -0.052597 -0.031641
v -0.097480 -0.060225 -0.025762
v -0.098660 0.052649 -0.031894
v -0.097601 0.022197 0.055111
v -0.098650 -0.052637 -0.031912
v -0.098572 -0.059203 -0.013664
v -0.098296 0.059403 -0.014449
v -0.098278 -0.059409 -0.014445
v -0.097844 -0.059707 -0.015661
v -0.097776 0.059742 -0.015758
v -0.097775 0.054378 -0.033434
v -0.097655 0.050479 -0.033616
v -0.097540 0.024827 0.055041
v -0.097918 0.059936 -0.019209
v -0.096243 0.014787 0.053693
v -0.096574 0.029344 0.051322
v -0.097291 -0.060030 -0.016890
v -0.097216 -0.051697 -0.034063
v -0.096903 0.060243 -0.017776
v -0.097146 0.050657 -0.034210
v -0.096671 -0.048542 -0.035162
v -0.096667 -0.060366 -0.018302
v -0.096599 -0.049560 -0.035058
v -0.096534 -0.051484 -0.034284
v -0.096504 0.048363 -0.035413
v -0.096115 -0.047991 -0.035991
v -0.096416 0.060487 -0.018794
v -0.096336 -0.050978 -0.034476
v -0.095928 0.047851 -0.036266
v -0.095957 -0.028021 0.057159
v -0.092691 0.020455 0.057909
v -0.095937 0.060703 -0.019747
v -0.095631 -0.060830 -0.020311
v -0.095578 -0.020375 0.059586
v -0.095361 -0.047548 -0.037086
v -0.095312 0.060958 -0.020930
v -0.095291 0.047517 -0.037186
v -0.095283 -0.060967 -0.020954
v -0.094420 0.047225 -0.038426
v -0.096120 -0.031150 0.059302
v -0.094505 -0.047246 -0.038307
v -0.094852 -0.061123 -0.021723
v -0.094149 -0.061446 -0.027972
v -0.094623 0.061203 -0.022152
v -0.094230 -0.061326 -0.022784
v -0.090718 0.048521 -0.042569
v -0.095272 0.061027 -0.028681
v -0.094950 -0.013900 0.052127
v -0.100927 0.050032 0.041845
v -0.093777 0.061457 -0.023568
v -0.093733 -0.061468 -0.023613
v -0.096654 -0.057648 -0.034218
v -0.093578 -0.047196 -0.039586
v -0.093578 0.047196 -0.039586
v -0.094569 0.049486 -0.036208
v -0.093551 -0.058124 0.019894
v -0.093551 0.058124 0.019894
v -0.089320 -0.034316 0.057577
v -0.096449 0.032584 0.056314
v -0.093286 -0.047724 -0.039914
v -0.093411 0.061552 -0.024158
v -0.093407 -0.061552 -0.024136
v -0.092113 -0.017639 0.058554
v -0.093372 -0.058228 0.019856
v -0.093372 0.058228 0.019856
v -0.099855 -0.048066 0.046178
v -0.093011 0.061646 -0.024790
v -0.095514 -0.035080 0.051385
v -0.095157 0.058614 -0.034602
v -0.092600 -0.061732 -0.025396
v -0.091386 -0.034861 0.063782
v -0.092572 0.061739 -0.025471
v -0.092524 0.058513 0.021371
v -0.092429 -0.058747 0.019655
v -0.092429 0.058747 0.019655
v -0.092067 -0.039468 0.056572
v -0.093502 -0.017949 0.061952
v -0.092426 0.026942 0.058535
v -0.092191 0.061809 -0.026048
v -0.092186 -0.061809 -0.026023
v -0.091736 0.047623 -0.042003
v -0.092392 0.061814 -0.027954
v -0.091766 -0.061877 -0.026648
v -0.091743 -0.047255 -0.042031
v -0.091743 0.047255 -0.042031
v -0.091575 -0.059180 0.019478
v -0.091561 0.059187 0.019474
v -0.091395 -0.061928 -0.027189
v -0.091345 0.061935 -0.027298
v -0.092316 0.016466 0.061830
v -0.090444 0.032630 0.063095
v -0.091198 -0.034927 0.063709
v -0.090913 0.061984 -0.027920
v -0.090907 -0.061984 -0.027892
v -0.089502 0.026745 0.066400
v -0.091858 -0.058871 0.021338
v -0.090476 0.062022 -0.028540
v -0.090469 -0.062022 -0.028511
v -0.090431 0.059705 0.019232
v -0.090430 -0.059704 0.019230
v -0.090418 -0.047298 -0.043720
v -0.092868 -0.026306 0.053789
v -0.090033 0.062051 -0.029159
v -0.090027 -0.062051 -0.029128
v -0.096026 -0.023232 0.057490
v -0.088453 0.023300 0.062916
v -0.088320 -0.022980 0.052233
v -0.089826 0.047317 -0.044458
v -0.089672 0.062066 -0.029658
v -0.081631 -0.062070 -0.043424
v -0.092145 -0.030312 0.054276
v -0.089499 -0.060088 0.019032
v -0.089499 0.060088 0.019032
v -0.089802 0.018463 0.066201
v -0.089329 -0.047811 -0.045015
v -0.088658 0.047347 -0.045879
v -0.092084 -0.032133 0.055423
v -0.089014 -0.060273 0.018929
v -0.088986 0.060283 0.018923
v -0.086781 -0.019080 0.068400
v -0.092118 -0.019235 0.056314
v -0.090487 -0.017262 0.066536
v -0.088775 -0.047350 -0.045737
v -0.089255 -0.033584 0.068233
v -0.085109 -0.018595 0.055007
v -0.087991 -0.060327 0.022776
v -0.088409 0.060319 0.021125
v -0.086986 -0.028475 0.050263
v -0.084924 -0.035751 0.052589
v -0.090311 0.061927 -0.034641
v -0.087849 0.047379 -0.046836
v -0.087848 -0.047380 -0.046837
v -0.087552 -0.060773 0.018621
v -0.087535 0.060777 0.018615
v -0.087144 -0.021054 0.070373
v -0.087089 -0.047403 -0.047719
v -0.084808 -0.031337 0.069376
v -0.086205 0.019475 0.069773
v -0.083926 0.060071 0.040073
v -0.086684 0.047944 -0.048105
v -0.086338 -0.025829 0.071842
v -0.085636 -0.034595 0.058724
v -0.086040 -0.048999 -0.048360
v -0.083400 -0.021743 0.069503
v -0.086362 -0.061116 0.018368
v -0.086347 0.061121 0.018365
v -0.086188 0.047431 -0.048746
v -0.086251 0.025143 0.070659
v -0.085814 -0.047443 -0.049165
v -0.085814 0.047443 -0.049165
v -0.085730 0.031784 0.067181
v -0.086125 0.015705 0.066271
v -0.085403 -0.061352 0.018162
v -0.085403 0.061352 0.018162
v -0.085363 -0.047457 -0.049666
v -0.082115 -0.012980 0.069759
v -0.094236 -0.050506 0.053348
v -0.084815 -0.061480 0.018037
v -0.084760 0.061491 0.018025
v -0.084354 -0.061571 0.017939
v -0.084354 0.061572 0.017939
v -0.085242 0.031905 0.070841
v -0.084024 0.043723 -0.051121
v -0.083826 0.038860 -0.051332
v -0.083718 -0.035647 -0.051448
v -0.082477 0.050057 -0.052477
v -0.084811 -0.058745 0.043873
v -0.083562 0.031129 -0.051613
v -0.077519 0.020276 0.077312
v -0.085466 -0.035353 0.064531
v -0.083364 -0.025404 -0.051823
v -0.083344 -0.061745 0.017725
v -0.081234 -0.034606 0.058693
v -0.083298 0.061752 0.017714
v -0.083270 -0.032945 -0.051883
v -0.083208 0.021010 -0.051987
v -0.083186 -0.026288 -0.051997
v -0.083186 0.026288 -0.051998
v -0.082875 -0.048108 -0.052024
v -0.082906 -0.026306 -0.052241
v -0.082906 0.026306 -0.052242
v -0.082284 0.032426 -0.052643
v -0.082034 -0.038881 0.066236
v -0.082204 0.061294 -0.047754
v -0.082607 -0.026324 -0.052465
v -0.082606 0.026324 -0.052465
v -0.082455 0.000000 -0.052769
v -0.079140 0.051177 0.073036
v -0.082291 0.026342 -0.052666
v -0.082290 -0.026342 -0.052666
v -0.082243 -0.000001 -0.052975
v -0.082236 -0.061893 0.017488
v -0.082236 0.061893 0.017488
v -0.083801 -0.034312 0.065629
v -0.082030 0.000012 -0.053159
v -0.081604 0.061890 0.022509
v -0.081960 -0.026359 -0.052843
v -0.081960 0.026359 -0.052843
v -0.081939 -0.061925 0.017425
v -0.081865 0.061932 0.017410
v -0.082883 0.020263 0.074248
v -0.081692 0.000002 -0.053417
v -0.081619 -0.026376 -0.052994
v -0.081345 0.000017 -0.053631
v -0.081735 0.031821 -0.052837
v -0.081269 0.026392 -0.053118
v -0.081268 -0.026393 -0.053118
v -0.081922 -0.032906 -0.052749
v -0.081170 -0.061994 0.017262
v -0.081170 0.061994 0.017262
v -0.081039 -0.000030 -0.053793
v -0.081025 0.029200 -0.053112
v -0.079669 -0.020124 0.064213
v -0.080932 -0.026407 -0.053211
v -0.082968 -0.061810 0.020410
v -0.077116 -0.063184 -0.043254
v -0.080697 0.000040 -0.053944
v -0.082725 -0.048940 -0.041421
v -0.079170 -0.032153 0.063547
v -0.080488 -0.062037 0.017117
v -0.080481 -0.051573 -0.038228
v -0.080471 -0.051902 -0.038140
v -0.077227 -0.027371 0.064596
v -0.082028 -0.017745 0.059537
v -0.080406 0.062042 0.017099
v -0.080360 0.000015 -0.054064
v -0.080819 0.050022 -0.040125
v -0.080198 -0.060735 -0.038477
v -0.080159 -0.051146 -0.038466
v -0.078125 0.000833 -0.054606
v -0.080112 -0.000032 -0.054133
v -0.080101 -0.062055 0.017034
v -0.080101 0.062055 0.017034
v -0.079786 -0.062462 -0.035790
v -0.079881 -0.027700 0.067117
v -0.081669 -0.025448 0.069628
v -0.079761 -0.062066 0.016962
v -0.079761 0.062066 0.016962
v -0.079955 0.062267 -0.036928
v -0.080645 -0.050513 0.070493
v -0.081495 0.023964 0.077027
v -0.078038 -0.000028 -0.054630
v -0.076126 -0.019326 0.064770
v -0.080239 -0.019093 0.073556
v -0.077944 0.022539 0.081081
v -0.076883 0.027127 0.078874
v -0.079082 -0.036220 0.070235
v -0.081251 -0.052905 -0.052463
v -0.077764 0.053060 -0.053235
v -0.077761 0.052762 -0.053248
v -0.077758 -0.052762 -0.053249
v -0.077753 0.053548 -0.053199
v -0.077745 -0.053604 -0.053190
v -0.077742 0.054453 -0.053059
v -0.077720 0.055289 -0.052855
v -0.077718 -0.054454 -0.053059
v -0.077687 0.056103 -0.052580
v -0.077684 -0.056103 -0.052580
v -0.077676 -0.055292 -0.052865
v -0.077674 -0.055288 -0.052855
v -0.077587 0.057645 -0.051826
v -0.077548 0.056895 -0.052259
v -0.077547 -0.056896 -0.052259
v -0.077543 -0.056890 -0.052236
v -0.077543 0.056891 -0.052236
v -0.077526 0.058363 -0.051352
v -0.077462 -0.057652 -0.051857
v -0.077455 -0.057646 -0.051826
v -0.086079 -0.013984 0.049406
v -0.081660 0.025419 0.073242
v -0.077363 -0.058370 -0.051393
v -0.083607 -0.060799 0.034964
v -0.077355 -0.058363 -0.051352
v -0.077276 -0.060235 -0.049589
v -0.077253 0.059042 -0.050871
v -0.077252 -0.059044 -0.050870
v -0.077241 -0.059037 -0.050819
v -0.077241 0.059037 -0.050819
v -0.077130 -0.059670 -0.050293
v -0.077130 0.059668 -0.050294
v -0.077116 -0.059663 -0.050230
v -0.077116 0.059663 -0.050230
v -0.076996 0.060241 -0.049667
v -0.076980 0.060235 -0.049589
v -0.077690 -0.035476 0.061515
v -0.076853 -0.060758 -0.048991
v -0.076853 0.060756 -0.048994
v -0.076834 -0.060751 -0.048901
v -0.076834 0.060751 -0.048901
v -0.076701 0.061211 -0.048279
v -0.076704 -0.061175 -0.048283
v -0.076679 0.061205 -0.048172
v -0.076542 0.061600 -0.047529
v -0.076516 -0.061596 -0.047406
v -0.076516 0.061596 -0.047406
v -0.076460 -0.061779 -0.047143
v -0.076295 0.062064 -0.046367
v -0.076346 -0.061919 -0.046610
v -0.076346 0.061919 -0.046610
v -0.076172 -0.062172 -0.045789
v -0.076172 0.062172 -0.045789
v -0.076030 -0.062358 -0.045119
v -0.076030 0.062357 -0.045123
v -0.075993 -0.062354 -0.044949
v -0.075993 0.062354 -0.044949
v -0.075853 0.062465 -0.044288
v -0.075812 -0.062463 -0.044096
v -0.075741 0.062489 -0.043764
v -0.075676 -0.062500 -0.043457
v -0.079445 -0.062482 -0.038356
v -0.072904 0.061694 0.051152
v -0.073405 -0.024736 0.067357
v -0.068573 -0.059593 0.062592
v -0.071633 0.043843 0.085755
v -0.066434 0.062232 0.047091
v -0.079780 -0.047296 0.074577
v -0.071833 0.002300 0.085497
v -0.071833 0.017100 0.085497
v -0.071428 -0.042982 0.086018
v -0.071428 0.042983 0.086018
v -0.070068 -0.062005 0.049798
v -0.070978 -0.042982 0.086522
v -0.070978 0.042983 0.086522
v -0.070753 -0.045032 0.086637
v -0.070472 0.061956 0.047376
v -0.070531 0.044111 0.086928
v -0.070495 -0.042982 0.086995
v -0.061106 0.051738 0.089815
v -0.069994 -0.042982 0.087424
v -0.069994 0.042983 0.087425
v -0.069386 0.042982 0.087908
v -0.069130 -0.042981 0.088110
v -0.068094 -0.042982 0.088913
v -0.067818 0.042982 0.089124
v -0.062957 -0.051670 0.088230
v -0.067480 0.042984 0.089380
v -0.067149 -0.042990 0.089629
v -0.066610 -0.060851 0.059941
v -0.066661 -0.042999 0.089992
v -0.066661 0.042996 0.089992
v -0.066237 -0.038745 0.090305
v -0.066209 0.038193 0.090326
v -0.065619 0.047907 0.090023
v -0.065287 0.036364 0.090995
v -0.065552 -0.038077 0.090722
v -0.064159 -0.036560 0.091524
v -0.064380 -0.035521 0.091639
v -0.064317 0.035475 0.091683
v -0.064877 -0.047131 0.090812
v -0.064091 0.035318 0.091841
v -0.063806 0.036413 0.091737
v -0.062993 -0.034760 0.092598
v -0.062784 0.034727 0.092740
v -0.062666 -0.034666 0.092820
v -0.062292 0.034538 0.093071
v -0.062073 -0.034484 0.093217
v -0.061924 0.034452 0.093316
v -0.061424 -0.034369 0.093647
v -0.061124 0.034345 0.093842
v -0.060922 -0.034330 0.093974
v -0.060444 -0.034996 0.094208
v -0.060469 0.034320 0.094266
v -0.059912 -0.034329 0.094621
v -0.059027 0.035395 0.095031
v -0.063287 0.060124 0.064783
v -0.058853 -0.060360 0.063403
v -0.058240 0.034365 0.095659
v -0.080042 0.062469 -0.035697
v -0.060158 -0.058034 0.073582
v -0.057590 0.034380 0.096052
v -0.057517 -0.034381 0.096096
v -0.058596 -0.060002 0.065343
v -0.058439 -0.035316 0.095417
v -0.056864 0.062626 0.003484
v -0.057794 -0.062452 0.043995
v -0.056325 -0.034408 0.096800
v -0.056124 0.034412 0.096917
v -0.053495 -0.062817 -0.014008
v -0.043071 0.063317 -0.035304
v -0.055283 -0.034431 0.097399
v -0.055233 0.034432 0.097427
v -0.054195 -0.063394 0.014598
v -0.054191 0.056126 0.079949
v -0.023320 0.062054 0.051869
v -0.052831 -0.057028 0.076890
v -0.052993 -0.034492 0.098668
v -0.050338 0.036061 0.099916
v -0.053980 0.034460 0.098127
v -0.054961 0.065291 -0.001146
v -0.053327 -0.060609 0.061667
v -0.053310 -0.060595 0.061747
v -0.052977 -0.042282 0.089255
v -0.052390 -0.066591 -0.010512
v -0.053013 -0.060340 0.063144
v -0.052590 -0.073358 0.001294
v -0.052673 -0.060028 0.064745
v -0.052023 -0.059371 0.067796
v -0.052023 0.059370 0.067799
v -0.052005 0.034506 0.099188
v -0.051784 -0.073377 -0.009184
v -0.051706 0.059008 0.069347
v -0.052500 0.070406 0.002985
v -0.051712 -0.073500 -0.000911
v -0.051535 -0.020880 0.099433
v -0.051535 -0.000001 0.099433
v -0.051535 0.020883 0.099433
v -0.051234 0.070499 -0.007704
v -0.051658 -0.058954 0.069572
v -0.051385 0.058638 0.070830
v -0.050992 0.070103 -0.012869
v -0.051351 -0.073500 0.006172
v -0.053042 0.037322 0.089222
v -0.049358 0.069797 0.018698
v -0.051017 -0.055044 0.082872
v -0.051175 0.020883 0.099606
v -0.051867 -0.073327 0.008156
v -0.051155 0.000002 0.099614
v -0.051147 -0.031303 0.099634
v -0.051141 -0.020879 0.099620
v -0.050934 -0.073500 0.008979
v -0.056124 0.058465 0.071876
v -0.050730 -0.057818 0.073887
v -0.050705 -0.020880 0.099777
v -0.050705 0.000001 0.099777
v -0.050705 0.020883 0.099777
v -0.050978 -0.073449 0.010995
v -0.050588 0.070500 -0.011131
v -0.050474 -0.036003 0.100001
v -0.050193 0.057230 0.075904
v -0.050304 0.020882 0.099886
v -0.050234 0.000001 0.099901
v -0.050218 -0.020880 0.099905
v -0.050092 -0.056933 0.076885
v -0.050024 -0.073500 0.013138
v -0.049808 0.000001 0.099969
v -0.050492 0.029351 0.099883
v -0.044058 0.062575 -0.036661
v -0.050347 -0.072911 0.014720
v -0.049114 -0.051994 0.090460
v -0.049656 0.020883 0.099982
v -0.049782 -0.056466 0.078365
v -0.049405 0.006677 0.100002
v -0.049473 -0.055990 0.079809
v -0.049114 0.053648 0.086455
v -0.049356 -0.050194 0.094508
v -0.049218 0.021168 0.100004
v -0.048832 -0.054938 0.082811
v -0.048774 -0.073500 0.017208
v -0.048542 -0.054424 0.084199
v -0.048284 -0.073500 0.018540
v -0.048211 -0.053830 0.085735
v -0.046626 0.070417 -0.024495
v -0.047957 -0.053344 0.086956
v -0.048141 -0.063102 -0.025229
v -0.048344 -0.073476 0.019157
v -0.047595 -0.052650 0.088632
v -0.046999 -0.051426 0.091435
v -0.046960 -0.051343 0.091621
v -0.046461 -0.073163 0.024931
v -0.046648 -0.050667 0.093086
v -0.046596 -0.073500 0.022448
v -0.049910 -0.062591 0.029213
v -0.046406 -0.050127 0.094225
v -0.046221 0.049909 0.094672
v -0.046383 -0.050078 0.094328
v -0.046313 -0.049907 0.094664
v -0.046247 -0.049738 0.094972
v -0.046236 0.049707 0.095026
v -0.048865 0.046099 0.098504
v -0.046155 0.049476 0.095404
v -0.047831 -0.073335 -0.022324
v -0.035282 0.042028 0.100004
v -0.045394 0.062462 -0.044118
v -0.045347 0.062345 -0.045000
v -0.050088 -0.046698 0.099096
v -0.044926 0.062191 -0.045730
v -0.044856 0.061969 -0.046485
v -0.044350 0.061652 -0.047296
v -0.043697 0.061266 -0.048075
v -0.043089 -0.073500 0.028612
v -0.042798 0.070113 0.030856
v -0.042749 0.060791 -0.048849
v -0.038201 0.061271 -0.049327
v -0.042366 -0.073353 0.031010
v -0.042980 0.063018 -0.044839
v -0.041437 0.060235 -0.049590
v -0.050163 0.062635 0.026679
v -0.041920 0.069939 -0.031662
v -0.039266 0.070409 -0.049413
v -0.039696 -0.073500 0.033161
v -0.041329 -0.073405 -0.032293
v -0.038771 -0.073500 0.034238
v -0.039172 -0.065268 0.036445
v -0.035263 -0.062899 -0.042383
v -0.038501 -0.073500 -0.034538
v -0.038430 -0.062161 -0.045843
v -0.038428 -0.062430 -0.044424
v -0.038428 -0.059409 -0.050482
v -0.038427 -0.062463 -0.044097
v -0.038427 -0.062023 -0.046303
v -0.038427 -0.061920 -0.046607
v -0.038427 -0.061811 -0.046900
v -0.035990 -0.061309 -0.048156
v -0.036951 -0.060862 -0.048762
v -0.038427 -0.060235 -0.049590
v -0.038427 -0.059786 -0.050102
v -0.038427 -0.059037 -0.050820
v -0.038427 -0.058868 -0.050963
v -0.038427 -0.057838 -0.051709
v -0.038427 -0.057646 -0.051827
v -0.038427 -0.056716 -0.052321
v -0.038427 -0.056103 -0.052581
v -0.038427 -0.055548 -0.052777
v -0.038427 -0.054454 -0.053060
v -0.038427 -0.054302 -0.053089
v -0.038427 -0.053024 -0.053239
v -0.034851 0.052859 -0.053247
v -0.038427 0.053016 -0.053240
v -0.035440 0.053818 -0.053175
v -0.038427 0.054454 -0.053060
v -0.038427 0.054927 -0.052954
v -0.036181 0.055114 -0.052925
v -0.038427 0.055540 -0.052780
v -0.038427 0.056103 -0.052581
v -0.038427 0.056247 -0.052525
v -0.035688 0.056792 -0.052330
v -0.038427 0.057280 -0.052037
v -0.037335 0.058246 -0.051460
v -0.038427 0.058862 -0.050968
v -0.038427 0.059037 -0.050820
v -0.038426 -0.057245 -0.052056
v -0.038426 -0.055048 -0.052924
v -0.038424 0.057756 -0.051763
v -0.038422 -0.060651 -0.049049
v -0.038399 -0.061178 -0.048227
v -0.036648 0.070505 0.037095
v -0.037817 -0.073500 0.035289
v -0.037345 -0.068303 -0.037693
v -0.038107 -0.052708 -0.053252
v -0.037035 0.001858 0.099700
v -0.035613 -0.062347 -0.045700
v -0.037009 -0.073500 -0.036134
v -0.035825 -0.073500 0.037311
v -0.035811 -0.055471 -0.052837
v -0.037608 0.001101 0.100094
v -0.037698 -0.073262 0.036724
v -0.035530 -0.073500 -0.037588
v -0.035483 -0.042610 0.099980
v -0.035417 -0.007109 0.100055
v -0.035398 0.007130 0.100062
v -0.035221 0.040000 0.100107
v -0.035201 -0.039986 0.100113
v -0.035112 0.007591 0.100136
v -0.035055 -0.007644 0.100152
v -0.034882 -0.040000 0.100220
v -0.034882 0.040000 0.100220
v -0.034867 -0.007913 0.100218
v -0.034458 0.007010 0.099741
v -0.034618 -0.008310 0.100333
v -0.034593 0.008358 0.100344
v -0.034567 0.040002 0.100364
v -0.034551 -0.040032 0.100372
v -0.034369 -0.008632 0.100478
v -0.034360 -0.040000 0.100486
v -0.036067 -0.005338 0.099769
v -0.034219 0.008822 0.100576
v -0.034174 0.039994 0.100612
v -0.034144 -0.040000 0.100636
v -0.034124 -0.008930 0.100649
v -0.033949 0.009139 0.100798
v -0.033943 -0.041516 0.100663
v -0.033926 0.040000 0.100820
v -0.033915 -0.009182 0.100829
v -0.033767 -0.040000 0.100981
v -0.033767 0.040000 0.100981
v -0.033133 -0.073474 0.040099
v -0.032726 0.043099 0.101778
v -0.033639 0.009479 0.101136
v -0.033556 -0.009564 0.101243
v -0.033541 0.040000 0.101259
v -0.033535 -0.040008 0.101264
v -0.033403 -0.040000 0.101469
v -0.033403 0.040000 0.101469
v -0.033394 0.009742 0.101488
v -0.033389 -0.009756 0.101499
v -0.033094 -0.009091 0.101171
v -0.033271 0.040000 0.101716
v -0.033262 -0.039991 0.101738
v -0.033257 -0.009858 0.101754
v -0.034954 -0.053723 -0.053189
v -0.033141 0.040001 0.102003
v -0.033140 0.010019 0.102003
v -0.033138 -0.040000 0.102003
v -0.033137 -0.010026 0.102003
v -0.033065 -0.007211 0.100699
v -0.032636 -0.073500 0.040132
v -0.032580 0.009497 0.101978
v -0.034357 -0.058110 -0.051698
v -0.030570 -0.073500 0.041745
v -0.034682 -0.073368 -0.039388
v -0.031402 -0.000113 0.100388
v -0.028881 0.006358 0.103838
v -0.034873 0.063133 0.042562
v -0.030056 -0.073500 -0.042096
v -0.026250 0.047948 0.099932
v -0.032974 -0.043585 0.100978
v -0.029611 0.011334 0.102003
v -0.029562 0.070500 0.042544
v -0.026293 -0.065748 0.046629
v -0.029320 -0.011428 0.102003
v -0.028044 -0.073500 0.043466
v -0.046016 -0.049339 0.095390
v -0.027401 -0.040000 0.079003
v -0.027401 0.040000 0.079003
v -0.027400 -0.040000 0.102003
v -0.027400 0.040000 0.102003
v -0.027361 -0.040519 0.079003
v -0.027361 -0.039481 0.079003
v -0.027361 0.039481 0.079003
v -0.027361 0.040519 0.079003
v -0.027360 -0.040519 0.102003
v -0.027360 -0.039481 0.102003
v -0.027360 0.039481 0.102003
v -0.027360 0.040519 0.102003
v -0.027242 -0.041026 0.079003
v -0.027242 -0.041026 0.102003
v -0.027242 -0.038974 0.079003
v -0.027242 -0.038974 0.102003
v -0.027242 0.038974 0.079003
v -0.027242 0.038974 0.102003
v -0.027242 0.041026 0.079003
v -0.027242 0.041026 0.102003
v -0.027048 -0.041509 0.079003
v -0.027048 -0.038491 0.079003
v -0.027048 0.038491 0.079003
v -0.027048 0.041509 0.079003
v -0.027047 -0.041509 0.102003
v -0.027047 -0.038491 0.102003
v -0.027047 0.038491 0.102003
v -0.027047 0.041509 0.102003
v -0.027507 -0.073314 0.044829
v -0.028454 -0.011695 0.100859
v -0.026782 -0.041956 0.079003
v -0.026782 -0.038044 0.079003
v -0.026782 0.038044 0.079003
v -0.026782 0.041956 0.079003
v -0.026781 -0.041956 0.102003
v -0.026781 -0.038044 0.102003
v -0.026781 0.038044 0.102003
v -0.026781 0.041956 0.102003
v -0.026451 -0.042358 0.079003
v -0.026451 -0.037642 0.079003
v -0.026451 0.037642 0.079003
v -0.026451 0.042358 0.079003
v -0.026450 -0.042358 0.102003
v -0.026450 -0.037642 0.102003
v -0.026450 0.037642 0.102003
v -0.026450 0.042358 0.102003
v -0.031980 0.070147 0.042177
v -0.026062 -0.042704 0.079003
v -0.026062 -0.037296 0.079003
v -0.026062 0.037296 0.079003
v -0.026062 0.042704 0.079003
v -0.026061 -0.042704 0.102003
v -0.026061 -0.037296 0.102003
v -0.026061 0.037296 0.102003
v -0.026061 0.042704 0.102003
v -0.025625 -0.042987 0.079003
v -0.025625 -0.037013 0.079003
v -0.025625 0.037013 0.079003
v -0.025625 0.042987 0.079003
v -0.025624 -0.042987 0.102003
v -0.025624 -0.037013 0.102003
v -0.025624 0.037013 0.102003
v -0.025624 0.042987 0.102003
v -0.025618 -0.073500 0.044940
v -0.026264 0.011800 0.099919
v -0.025197 -0.012225 0.102003
v -0.025150 -0.043200 0.079003
v -0.025150 -0.036800 0.079003
v -0.025150 0.036800 0.079003
v -0.025150 0.043200 0.079003
v -0.025149 -0.043200 0.102003
v -0.025149 -0.036800 0.102003
v -0.025149 0.036800 0.102003
v -0.025149 0.043200 0.102003
v -0.025086 0.012225 0.102003
v -0.025315 0.070285 -0.046257
v -0.024648 -0.043338 0.079003
v -0.024648 -0.036662 0.079003
v -0.024648 0.036662 0.079003
v -0.024648 0.043338 0.079003
v -0.024647 -0.043338 0.102003
v -0.024647 -0.036662 0.102003
v -0.024647 0.036662 0.102003
v -0.024647 0.043338 0.102003
v -0.024495 0.070500 -0.045873
v -0.024399 -0.012097 0.102003
v -0.022999 0.011912 0.100374
v -0.024187 0.070500 -0.045851
v -0.024131 -0.043397 0.079003
v -0.024131 -0.036602 0.079003
v -0.024131 0.036603 0.079003
v -0.024131 0.043398 0.079003
v -0.024130 -0.043397 0.102003
v -0.024130 -0.036602 0.102003
v -0.024130 0.036603 0.102003
v -0.024130 0.043398 0.102003
v -0.024028 0.070500 -0.045912
v -0.024001 -0.040000 0.076960
v -0.024001 0.040000 0.076960
v -0.023986 0.070500 -0.045930
v -0.023738 0.070500 -0.046046
v -0.023611 -0.043378 0.079003
v -0.023611 -0.036622 0.079003
v -0.023611 0.036622 0.079003
v -0.023611 0.043378 0.079003
v -0.023610 -0.043378 0.102003
v -0.023610 -0.036622 0.102003
v -0.023610 0.036622 0.102003
v -0.023610 0.043378 0.102003
v -0.026349 -0.048788 0.101252
v -0.023100 -0.043278 0.079003
v -0.023100 -0.036722 0.079003
v -0.023100 0.036722 0.079003
v -0.023100 0.043278 0.079003
v -0.023099 -0.043278 0.102003
v -0.023099 -0.036722 0.102003
v -0.023099 0.036722 0.102003
v -0.023099 0.043278 0.102003
v -0.029344 -0.062457 0.048220
v -0.025852 -0.073404 -0.045904
v -0.022610 -0.043102 0.079003
v -0.022610 -0.036897 0.079003
v -0.022610 0.036898 0.079003
v -0.022610 0.043103 0.079003
v -0.022609 -0.043102 0.102003
v -0.022609 -0.036897 0.102003
v -0.022609 0.036898 0.102003
v -0.022609 0.043103 0.102003
v -0.022153 -0.042854 0.079003
v -0.022153 -0.037146 0.079003
v -0.022153 0.037146 0.079003
v -0.022153 0.042854 0.079003
v -0.022152 -0.042854 0.102003
v -0.022152 -0.037146 0.102003
v -0.022152 0.037146 0.102003
v -0.022152 0.042854 0.102003
v -0.021739 -0.042538 0.079003
v -0.021739 -0.037462 0.079003
v -0.021739 0.037462 0.079003
v -0.021739 0.042538 0.079003
v -0.021738 -0.042538 0.102003
v -0.021738 -0.037462 0.102003
v -0.021738 0.037462 0.102003
v -0.021738 0.042538 0.102003
v -0.021378 -0.042163 0.079003
v -0.021378 -0.037837 0.079003
v -0.021378 0.037837 0.079003
v -0.021378 0.042163 0.079003
v -0.021377 -0.042163 0.102003
v -0.021377 -0.037837 0.102003
v -0.021377 0.037837 0.102003
v -0.021377 0.042163 0.102003
v -0.021078 -0.041737 0.079003
v -0.021078 -0.038262 0.079003
v -0.021078 0.038263 0.079003
v -0.021078 0.041738 0.079003
v -0.021077 -0.041737 0.102003
v -0.021077 -0.038262 0.102003
v -0.021077 0.038263 0.102003
v -0.021077 0.041738 0.102003
v -0.021039 0.011455 0.102003
v -0.020898 0.070500 0.047407
v -0.020847 -0.041271 0.079003
v -0.020847 -0.038729 0.079003
v -0.020847 0.038729 0.079003
v -0.020847 0.041271 0.079003
v -0.020846 -0.041271 0.102003
v -0.020846 -0.038729 0.102003
v -0.020846 0.038729 0.102003
v -0.020846 0.041271 0.102003
v -0.023573 -0.011489 0.099970
v -0.020690 -0.040775 0.079003
v -0.020690 -0.039225 0.079003
v -0.020690 0.039225 0.079003
v -0.020690 0.040775 0.079003
v -0.020689 -0.040775 0.102003
v -0.020689 -0.039225 0.102003
v -0.020689 0.039225 0.102003
v -0.020689 0.040775 0.102003
v -0.020611 -0.039740 0.079003
v -0.020611 0.040260 0.079003
v -0.020610 -0.040260 0.102003
v -0.020610 -0.039740 0.102003
v -0.020610 0.039740 0.102003
v -0.020610 0.040260 0.102003
v -0.020604 -0.040215 0.079003
v -0.020604 0.039785 0.079003
v -0.020600 -0.040000 0.102003
v -0.020600 0.040000 0.102003
v -0.032328 0.059808 -0.050363
v -0.020088 -0.011217 0.102003
v -0.015563 0.008038 0.102108
v -0.016038 -0.045360 0.100256
v -0.016321 0.045564 0.100751
v -0.017074 -0.000439 0.102396
v -0.018758 -0.010352 0.100137
v -0.017064 -0.063549 -0.052461
v -0.017218 0.070462 0.049349
v -0.009605 -0.073277 -0.051939
v -0.009615 -0.065269 -0.052634
v -0.016299 0.069195 -0.049763
v -0.015350 -0.007619 0.102003
v -0.013786 -0.060846 -0.053007
v -0.015028 0.041848 0.102003
v -0.016181 -0.073280 0.050314
v -0.014824 -0.008095 0.102003
v -0.014824 0.008099 0.102003
v -0.014824 0.040000 0.102003
v -0.014818 -0.040002 0.102003
v -0.013333 0.003554 0.099725
v -0.014755 -0.007991 0.101866
v -0.023158 0.069953 0.047144
v -0.014702 0.007881 0.101746
v -0.014696 0.039996 0.101728
v -0.014691 -0.040000 0.101717
v -0.014654 -0.007801 0.101651
v -0.014575 0.007673 0.101502
v -0.014560 -0.040000 0.101470
v -0.014560 0.040000 0.101470
v -0.014478 -0.007517 0.101345
v -0.014425 0.040004 0.101262
v -0.014405 -0.040000 0.101236
v -0.014384 0.007361 0.101213
v -0.014234 -0.007114 0.101020
v -0.014187 0.039977 0.100969
v -0.014186 -0.040003 0.100969
v -0.014185 0.006747 0.100968
v -0.014126 -0.041011 0.100801
v -0.014037 0.040000 0.100820
v -0.014021 0.006710 0.100804
v -0.013952 -0.006564 0.100742
v -0.013836 0.006345 0.100642
v -0.013819 -0.040000 0.100636
v -0.013819 0.040000 0.100636
v -0.013650 0.005947 0.100508
v -0.013586 -0.005847 0.100467
v -0.013525 0.039979 0.100437
v -0.013518 -0.039997 0.100433
v -0.014342 -0.006348 0.100371
v -0.013393 0.005382 0.100355
v -0.013327 -0.040000 0.100330
v -0.013259 0.042718 0.100100
v -0.013319 -0.005163 0.100318
v -0.013062 -0.004534 0.100203
v -0.013058 -0.040000 0.100211
v -0.013058 0.040000 0.100211
v -0.012921 0.004583 0.100157
v -0.012807 -0.003529 0.100118
v -0.012737 -0.040000 0.100104
v -0.012732 0.039990 0.100103
v -0.012635 0.002939 0.100075
v -0.012544 -0.041825 0.100011
v -0.012506 0.040000 0.100053
v -0.012386 -0.001011 0.100028
v -0.012232 0.040000 0.100015
v -0.012226 -0.040000 0.100014
v -0.012088 -0.073500 -0.050297
v -0.011981 -0.040000 0.100003
v -0.011981 0.040001 0.100003
v -0.011471 -0.049560 0.095276
v -0.011444 0.049997 0.094492
v -0.011438 -0.050066 0.094350
v -0.011438 0.049782 0.094893
v -0.011435 -0.049873 0.094728
v -0.010409 0.051236 0.091847
v -0.011344 -0.050708 0.093001
v -0.011313 -0.050920 0.092545
v -0.011249 -0.051351 0.091604
v -0.051953 0.050847 0.093174
v -0.011160 -0.051942 0.090278
v -0.007644 -0.062202 0.053547
v -0.011071 -0.052536 0.088904
v -0.010999 -0.052625 0.088693
v -0.010956 -0.053298 0.087070
v -0.010876 -0.053806 0.085799
v -0.009793 0.054798 0.083214
v -0.010199 -0.053920 0.085508
v -0.010701 -0.054915 0.082873
v -0.008624 0.056774 0.077372
v -0.010443 -0.056485 0.078302
v -0.010471 -0.055952 0.079917
v -0.011988 0.061539 -0.052954
v -0.010372 -0.056912 0.076942
v -0.007162 0.053103 0.087335
v -0.010216 -0.057801 0.073937
v -0.010185 0.057953 0.073411
v -0.009369 0.070420 0.051740
v -0.010073 0.058612 0.070920
v -0.009934 -0.059349 0.067878
v -0.009934 0.059349 0.067878
v -0.009925 -0.059644 0.066566
v -0.009667 0.059858 0.065548
v -0.009804 -0.060009 0.064822
v -0.009702 -0.060244 0.063637
v -0.009679 -0.060593 0.061745
v -0.009674 -0.060615 0.061619
v -0.008445 0.060678 0.061090
v -0.007670 -0.060901 0.059788
v -0.007521 -0.055109 0.082105
v -0.009337 -0.058194 0.072484
v -0.019560 0.070439 -0.048734
v -0.008527 -0.060114 0.064193
v -0.001251 0.070161 -0.052778
v -0.007495 -0.051615 0.090665
v -0.006037 -0.059049 0.068230
v -0.007473 0.048649 0.096667
v 0.002986 -0.043474 0.098524
v -0.005149 -0.064390 -0.052947
v -0.006840 -0.056915 0.076605
v -0.002749 0.056794 0.074077
v -0.005648 0.049232 0.095107
v -0.004494 -0.073287 0.052328
v -0.002195 -0.067072 -0.052856
v -0.001871 -0.061222 0.054702
v 0.000014 -0.067369 -0.052869
v 0.000014 -0.000000 -0.054633
v 0.000014 0.062500 -0.052997
v 0.000317 -0.000002 -0.054632
v 0.000328 -0.072702 -0.052727
v 0.000585 -0.072526 -0.052730
v 0.001379 0.062502 -0.052979
v 0.001387 -0.000002 -0.054616
v -0.002698 0.069800 0.052771
v 0.002032 -0.072526 -0.052694
v 0.003358 0.070446 0.052269
v -0.000421 -0.072975 0.052740
v 0.002313 -0.072526 -0.052683
v 0.002396 -0.000002 -0.054581
v 0.002655 0.070500 0.051748
v 0.003398 0.062501 -0.052889
v 0.003461 -0.000002 -0.054524
v 0.003476 -0.072526 -0.052619
v 0.004318 -0.072526 -0.052557
v 0.004473 -0.000002 -0.054451
v 0.001661 0.042259 0.099552
v 0.004919 -0.072526 -0.052504
v 0.005366 0.062500 -0.052726
v 0.005384 0.069573 -0.052538
v 0.005481 0.062500 -0.052714
v 0.005531 -0.000002 -0.054354
v 0.006080 0.070439 -0.051926
v 0.006334 -0.072526 -0.052353
v 0.006542 -0.000002 -0.054242
v 0.006598 0.070500 -0.051391
v 0.006725 0.069526 -0.052384
v 0.011776 0.034043 0.099992
v 0.007366 0.062500 -0.052484
v 0.007508 0.062500 -0.052464
v 0.007593 -0.000002 -0.054105
v 0.007791 -0.072526 -0.052156
v 0.007998 0.069829 -0.052198
v 0.008304 -0.072526 -0.052077
v 0.005315 -0.073339 -0.052259
v 0.008603 -0.000002 -0.053954
v -0.006791 0.059176 0.068091
v 0.009219 -0.072526 -0.051924
v 0.009355 0.062500 -0.052167
v 0.009525 0.062500 -0.052137
v 0.009540 0.069526 -0.051946
v 0.009644 -0.000002 -0.053778
v 0.010280 -0.072546 -0.051724
v 0.010640 -0.072526 -0.051651
v 0.010651 -0.000002 -0.053588
v 0.011099 0.070500 0.050616
v 0.011292 0.069739 -0.051591
v 0.011331 0.062500 -0.051774
v 0.011527 0.062500 -0.051731
v 0.011681 -0.000002 -0.053373
v 0.012053 -0.072526 -0.051341
v 0.012205 -0.072889 -0.051231
v 0.013592 0.035524 0.099854
v 0.012243 -0.072526 -0.051296
v 0.012422 0.069526 -0.051334
v 0.012067 0.070430 0.050896
v 0.012683 -0.000002 -0.053144
v 0.013291 0.062500 -0.051307
v 0.013457 -0.072526 -0.050991
v 0.013512 0.062500 -0.051249
v 0.013701 -0.000002 -0.052891
v 0.013834 0.032539 0.100002
v 0.008834 0.068961 0.052133
v 0.014187 -0.072526 -0.050793
v 0.020513 -0.033834 0.099664
v 0.014697 -0.000002 -0.052624
v 0.014851 -0.072526 -0.050603
v 0.014931 0.070500 -0.049618
v 0.002719 -0.037593 0.099994
v 0.015223 0.070500 0.049534
v 0.015231 0.062500 -0.050765
v 0.015330 -0.073293 -0.050162
v 0.009819 -0.046271 0.090606
v 0.016653 0.031241 0.100002
v 0.015475 -0.031790 0.100002
v 0.015477 0.062500 -0.050691
v -0.006149 -0.049305 0.095410
v -0.004604 0.061734 0.054875
v -0.003835 0.054347 0.082079
v 0.012228 0.042257 0.095607
v 0.015660 0.069686 -0.050439
v 0.015701 -0.000002 -0.052333
v 0.016110 -0.072526 -0.050217
v 0.016234 -0.072526 -0.050177
v 0.019945 -0.058579 0.050691
v 0.013309 0.070389 -0.050813
v 0.016395 -0.031360 0.100002
v 0.016690 -0.000002 -0.052026
v 0.017150 0.062500 -0.050151
v 0.017885 0.070393 0.049493
v 0.017419 0.062500 -0.050058
v 0.017605 -0.072526 -0.049713
v 0.017679 -0.000002 -0.051699
v 0.017718 -0.030726 0.100002
v 0.017797 0.069869 -0.049723
v 0.013203 -0.072324 0.051335
v 0.018250 0.030466 0.100002
v 0.020303 -0.038484 0.096680
v 0.018659 -0.000002 -0.051354
v 0.017633 0.070500 -0.048735
v 0.018962 -0.072526 -0.049212
v 0.020787 0.036153 0.100294
v 0.019019 -0.030084 0.100002
v 0.019019 0.030084 0.100002
v 0.018817 -0.072935 -0.049184
v 0.019127 0.032960 0.099834
v 0.022607 -0.044655 0.086795
v 0.019244 0.070500 0.048115
v 0.019257 -0.030084 0.100020
v 0.019335 0.062500 -0.049350
v 0.019426 0.030084 0.100043
v 0.021164 0.069705 -0.048400
v 0.019631 -0.000002 -0.050991
v 0.019643 -0.030084 0.100088
v 0.019690 -0.030084 0.100100
v 0.019690 0.030084 0.100100
v 0.019855 0.030084 0.100149
v 0.019885 -0.072526 -0.048847
v 0.020086 -0.030085 0.100233
v 0.020107 0.030084 0.100243
v 0.020261 0.030084 0.100314
v 0.020276 0.070500 -0.047686
v 0.020305 -0.072526 -0.048674
v 0.020478 -0.030085 0.100431
v 0.020498 0.030975 0.100362
v 0.020601 -0.000002 -0.050607
v 0.020636 0.030084 0.100536
v 0.020770 -0.030417 0.100536
v 0.020811 -0.030084 0.100667
v 0.020855 -0.030084 0.100703
v 0.020855 0.030084 0.100703
v 0.020909 0.062500 -0.048704
v 0.020976 0.030084 0.100810
v 0.021131 -0.030084 0.100965
v 0.021171 -0.030084 0.101010
v 0.021171 0.030084 0.101010
v 0.021223 0.062500 -0.048569
v 0.021273 0.030084 0.101131
v 0.021405 -0.030084 0.101310
v 0.021439 -0.030084 0.101360
v 0.021439 0.030084 0.101360
v 0.022164 -0.073301 -0.047555
v 0.021523 0.030084 0.101497
v 0.022326 0.070360 0.047661
v 0.021555 -0.000002 -0.050208
v 0.021633 -0.072526 -0.048099
v 0.021644 -0.030084 0.101722
v 0.021650 0.030086 0.101738
v 0.021730 -0.072526 -0.048055
v 0.021760 -0.030084 0.102002
v 0.021838 -0.032267 0.102001
v 0.021852 0.031487 0.102000
v 0.022109 -0.040389 0.101972
v 0.026647 0.055550 0.058539
v 0.024196 -0.046255 0.101973
v 0.022512 -0.000002 -0.049787
v 0.022745 0.062500 -0.047875
v 0.022944 -0.072526 -0.047488
v 0.023079 0.062500 -0.047715
v 0.025652 0.069664 -0.046196
v 0.022187 0.070423 -0.047465
v 0.023447 -0.000002 -0.049353
v 0.023544 -0.072526 -0.047193
v 0.024238 -0.072526 -0.046841
v 0.024392 -0.000002 -0.048894
v 0.024548 0.062500 -0.046977
v 0.024901 0.062500 -0.046791
v 0.025306 -0.000002 -0.048427
v 0.025378 0.070500 -0.045179
v 0.025418 -0.072527 -0.046213
v 0.025906 -0.072998 -0.045842
v 0.026235 -0.000002 -0.047930
v 0.026316 0.062500 -0.046010
v 0.022699 0.045230 0.085201
v 0.024371 0.046153 0.101958
v 0.026686 0.062500 -0.045797
v 0.026771 -0.072526 -0.045442
v 0.026591 -0.048216 0.077232
v 0.027067 -0.072526 -0.045266
v 0.027128 -0.000002 -0.047431
v 0.027145 0.048127 0.079569
v 0.027445 -0.048265 0.079019
v 0.027546 -0.048302 0.101636
v 0.024930 -0.073353 0.046381
v 0.027599 -0.040000 0.079001
v 0.027599 0.040000 0.079001
v 0.027600 -0.040000 0.102001
v 0.027600 0.040000 0.102001
v 0.027639 -0.040519 0.079001
v 0.027639 -0.039481 0.079001
v 0.027639 0.039481 0.079001
v 0.027639 0.040519 0.079001
v 0.027640 -0.040519 0.102001
v 0.027640 -0.039481 0.102001
v 0.027640 0.039481 0.102001
v 0.027640 0.040519 0.102001
v 0.027758 -0.041026 0.079001
v 0.027758 -0.041026 0.102001
v 0.027758 -0.038974 0.079001
v 0.027758 -0.038974 0.102001
v 0.027758 0.038974 0.079001
v 0.027758 0.038974 0.102001
v 0.027758 0.041026 0.079001
v 0.027758 0.041026 0.102001
v 0.017553 0.058959 0.051320
v 0.027952 -0.041509 0.079001
v 0.027952 -0.038491 0.079001
v 0.027952 0.038491 0.079001
v 0.027952 0.041509 0.079001
v 0.027953 -0.041509 0.102001
v 0.027953 -0.038491 0.102001
v 0.027953 0.038491 0.102001
v 0.027953 0.041509 0.102001
v 0.028008 -0.072526 -0.044690
v 0.028041 -0.000002 -0.046898
v 0.028046 0.062500 -0.044978
v 0.029411 -0.073152 -0.043592
v 0.028124 0.048528 0.077795
v 0.028218 -0.041956 0.079001
v 0.028218 -0.038044 0.079001
v 0.028218 0.038044 0.079001
v 0.028218 0.041956 0.079001
v 0.028219 -0.041956 0.102001
v 0.028219 -0.038044 0.102001
v 0.028219 0.038044 0.102001
v 0.028219 0.041956 0.102001
v 0.027956 0.048470 0.101625
v 0.028227 -0.048556 0.101627
v 0.028311 -0.048583 0.077557
v 0.028431 0.062500 -0.044735
v 0.028549 -0.042358 0.079001
v 0.028549 -0.037642 0.079001
v 0.028549 0.037642 0.079001
v 0.028549 0.042358 0.079001
v 0.028550 -0.042358 0.102001
v 0.028550 -0.037642 0.102001
v 0.028550 0.037642 0.102001
v 0.028550 0.042358 0.102001
v 0.028770 -0.072526 -0.044204
v 0.028870 -0.048742 0.102001
v 0.028878 -0.048741 0.076669
v 0.028344 0.048975 0.075473
v 0.028911 -0.000002 -0.046367
v 0.028938 -0.042704 0.079001
v 0.028938 -0.037296 0.079001
v 0.028938 0.037296 0.079001
v 0.028938 0.042704 0.079001
v 0.028939 -0.042704 0.102001
v 0.028939 -0.037296 0.102001
v 0.028939 0.037296 0.102001
v 0.028939 0.042704 0.102001
v 0.029223 -0.072526 -0.043906
v 0.029375 -0.042987 0.079001
v 0.029375 -0.037013 0.079001
v 0.029375 0.037013 0.079001
v 0.029375 0.042987 0.079001
v 0.029376 -0.042987 0.102001
v 0.029376 -0.037013 0.102001
v 0.029376 0.037013 0.102001
v 0.029376 0.042987 0.102001
v 0.029387 -0.048851 0.102001
v 0.029415 0.048855 0.102001
v 0.029417 0.048858 0.076097
v 0.029735 0.062500 -0.043880
v 0.029806 -0.000002 -0.045797
v 0.029830 -0.048923 0.075665
v 0.029850 -0.043200 0.079001
v 0.029850 -0.036800 0.079001
v 0.029850 0.036800 0.079001
v 0.029850 0.043200 0.079001
v 0.029851 -0.043200 0.102001
v 0.029851 -0.036800 0.102001
v 0.029851 0.036800 0.102001
v 0.029851 0.043200 0.102001
v 0.029919 0.048934 0.101638
v 0.029921 -0.048934 0.101636
v 0.030108 0.048951 0.075380
v 0.030134 0.062500 -0.043607
v 0.030352 -0.043338 0.079001
v 0.030352 -0.036662 0.079001
v 0.030352 0.036662 0.079001
v 0.030352 0.043338 0.079001
v 0.030353 -0.043338 0.102001
v 0.030353 -0.036662 0.102001
v 0.030353 0.036662 0.102001
v 0.030353 0.043338 0.102001
v 0.030425 -0.072526 -0.043082
v 0.030663 -0.049349 0.072986
v 0.030544 -0.048992 0.074957
v 0.030630 -0.048991 0.101636
v 0.030630 0.048991 0.101636
v 0.030653 -0.000002 -0.045235
v 0.030869 -0.043397 0.079001
v 0.030869 -0.036602 0.079001
v 0.030869 0.036603 0.079001
v 0.030869 0.043398 0.079001
v 0.030870 -0.043397 0.102001
v 0.030870 -0.036602 0.102001
v 0.030870 0.036603 0.102001
v 0.030870 0.043398 0.102001
v 0.030903 0.048998 0.074730
v 0.030999 -0.040000 0.076958
v 0.030999 0.040000 0.076958
v 0.031174 0.048999 0.101636
v 0.031228 -0.048998 0.101636
v 0.031268 -0.048998 0.074502
v 0.031373 0.048993 0.074442
v 0.031381 0.062500 -0.042719
v 0.031389 -0.043378 0.079001
v 0.031389 -0.036622 0.079001
v 0.031389 0.036622 0.079001
v 0.031389 0.043378 0.079001
v 0.031390 -0.043378 0.102001
v 0.031390 -0.036622 0.102001
v 0.031390 0.036622 0.102001
v 0.031390 0.043378 0.102001
v 0.031528 -0.000002 -0.044629
v 0.031588 -0.072526 -0.042238
v 0.034562 -0.073384 -0.039525
v 0.031709 0.048975 0.102001
v 0.031779 -0.048968 0.101636
v 0.031792 0.062500 -0.042414
v 0.031900 -0.043278 0.079001
v 0.031900 -0.036721 0.079001
v 0.031900 0.036722 0.079001
v 0.031900 0.043279 0.079001
v 0.031901 -0.043278 0.102001
v 0.031901 -0.036721 0.102001
v 0.031901 0.036722 0.102001
v 0.031901 0.043279 0.102001
v 0.032027 0.048945 0.074016
v 0.032050 -0.072526 -0.041888
v 0.032185 -0.048929 0.074066
v 0.032350 -0.000002 -0.044038
v 0.032364 -0.048899 0.102001
v 0.032366 0.048899 0.101637
v 0.032390 -0.043102 0.079001
v 0.032390 -0.036897 0.079001
v 0.032390 0.036898 0.079001
v 0.032390 0.043103 0.079001
v 0.032391 -0.043102 0.102001
v 0.032391 -0.036897 0.102001
v 0.032391 0.036898 0.102001
v 0.032391 0.043103 0.102001
v 0.028805 0.070407 0.044108
v 0.032734 -0.072526 -0.041356
v 0.032818 -0.048820 0.074010
v 0.032847 -0.042854 0.079001
v 0.032847 -0.037146 0.079001
v 0.032847 0.037146 0.079001
v 0.032847 0.042854 0.079001
v 0.032848 -0.042854 0.102001
v 0.032848 -0.037146 0.102001
v 0.032848 0.037146 0.102001
v 0.032848 0.042854 0.102001
v 0.032925 0.048797 0.073982
v 0.032978 -0.048784 0.101636
v 0.032982 0.062500 -0.041496
v 0.031012 0.070319 -0.042668
v 0.033045 0.048771 0.101636
v 0.033205 -0.000002 -0.043397
v 0.033261 -0.042538 0.079001
v 0.033261 -0.037462 0.079001
v 0.033261 0.037462 0.079001
v 0.033261 0.042538 0.079001
v 0.033262 -0.042538 0.102001
v 0.033262 -0.037462 0.102001
v 0.033262 0.037462 0.102001
v 0.033262 0.042538 0.102001
v 0.033403 0.062500 -0.041158
v 0.033513 -0.048648 0.101634
v 0.033545 0.048637 0.074036
v 0.033562 0.048633 0.101636
v 0.033563 -0.048635 0.074039
v 0.033622 -0.072526 -0.040638
v 0.033622 -0.042163 0.079001
v 0.033622 -0.037837 0.079001
v 0.033622 0.037837 0.079001
v 0.033622 0.042163 0.079001
v 0.033623 -0.042163 0.102001
v 0.033623 -0.037837 0.102001
v 0.033623 0.037837 0.102001
v 0.033623 0.042163 0.102001
v 0.034595 0.060697 0.040816
v 0.033922 -0.041737 0.079001
v 0.033922 -0.038262 0.079001
v 0.033922 0.038263 0.079001
v 0.033922 0.041738 0.079001
v 0.033923 -0.041737 0.102001
v 0.033923 -0.038262 0.102001
v 0.033923 0.038263 0.102001
v 0.033923 0.041738 0.102001
v 0.034000 -0.000002 -0.042777
v 0.034061 -0.048473 0.101637
v 0.034077 0.048467 0.102000
v 0.034136 0.048447 0.074188
v 0.034153 -0.041271 0.079001
v 0.034153 -0.038729 0.079001
v 0.034153 0.038729 0.079001
v 0.034153 0.041271 0.079001
v 0.034154 -0.041271 0.102001
v 0.034154 -0.038729 0.102001
v 0.034154 0.038729 0.102001
v 0.034154 0.041271 0.102001
v 0.034285 -0.048385 0.074119
v 0.034310 -0.040775 0.079001
v 0.034310 -0.039225 0.079001
v 0.034310 0.039225 0.079001
v 0.034310 0.040775 0.079001
v 0.034311 -0.040775 0.102001
v 0.034311 -0.039225 0.102001
v 0.034311 0.039225 0.102001
v 0.034311 0.040775 0.102001
v 0.034389 -0.040260 0.079001
v 0.034389 0.039740 0.079001
v 0.034390 -0.040260 0.102001
v 0.034390 0.039740 0.102001
v 0.034397 0.040215 0.102001
v 0.034398 -0.039804 0.079001
v 0.034398 0.040196 0.079001
v 0.034399 -0.039805 0.102001
v 0.034535 0.062500 -0.040213
v 0.034710 -0.048209 0.101636
v 0.034714 0.048207 0.101638
v 0.034833 -0.000002 -0.042102
v 0.034837 0.048155 0.074500
v 0.036240 0.070088 -0.038362
v 0.034896 -0.048120 0.074525
v 0.034954 -0.072526 -0.039499
v 0.034964 0.062500 -0.039841
v 0.035145 -0.072526 -0.039329
v 0.035215 -0.047961 0.102001
v 0.035356 0.070470 0.038396
v 0.035301 0.048292 0.077998
v 0.035461 -0.047829 0.074902
v 0.035601 -0.000002 -0.041455
v 0.035672 0.047705 0.102000
v 0.035703 -0.047686 0.101638
v 0.035837 0.047601 0.074959
v 0.022718 -0.054641 0.064103
v 0.035955 -0.047523 0.075343
v 0.027114 -0.051711 0.069694
v 0.033271 0.052513 0.064779
v 0.036024 -0.072526 -0.038526
v 0.036039 0.062500 -0.038872
v 0.036221 -0.047344 0.101635
v 0.036236 0.047335 0.101642
v 0.036332 0.047270 0.075796
v 0.036411 -0.000002 -0.040746
v 0.036474 0.062500 -0.038464
v 0.036525 -0.047118 0.075941
v 0.036617 -0.072526 -0.037963
v 0.036789 -0.046906 0.101635
v 0.036789 0.046909 0.102000
v 0.036839 0.046864 0.076346
v 0.036916 -0.046797 0.076449
v 0.037068 -0.072526 -0.037523
v 0.037151 -0.000002 -0.040072
v 0.037167 0.046571 0.076807
v 0.037183 -0.046557 0.102001
v 0.037268 0.046479 0.101689
v 0.037625 -0.073397 -0.036587
v 0.037409 -0.046341 0.077145
v 0.037490 0.062500 -0.037475
v 0.042711 -0.059188 0.032522
v 0.037562 0.046183 0.077419
v 0.037572 -0.046172 0.101641
v 0.037622 0.046115 0.101635
v 0.033840 -0.073261 0.040466
v 0.037904 -0.045794 0.078017
v 0.037929 0.062500 -0.037031
v 0.037936 -0.000002 -0.039331
v 0.038007 0.045671 0.101635
v 0.038010 -0.045669 0.102001
v 0.038057 0.045614 0.077709
v 0.038059 -0.072526 -0.036517
v 0.036082 -0.047620 0.074130
v 0.038373 -0.045196 0.078976
v 0.038432 0.045107 0.101638
v 0.038454 0.045078 0.079129
v 0.038647 -0.000002 -0.038632
v 0.038705 0.044682 0.102001
v 0.040361 -0.040038 0.101711
v 0.038811 0.044504 0.080062
v 0.038887 0.062500 -0.036024
v 0.039477 0.043364 0.080484
v 0.039070 -0.072526 -0.035434
v 0.041953 0.070362 -0.032029
v 0.039328 0.062500 -0.035542
v 0.039399 -0.072526 -0.035068
v 0.039406 -0.000002 -0.037859
v 0.042537 0.069560 0.029563
v 0.039946 0.040232 0.102001
v 0.039987 0.040715 0.101965
v 0.040027 -0.072526 -0.034350
v 0.040088 -0.000002 -0.037136
v 0.040640 -0.030329 0.094546
v 0.040228 0.062500 -0.034520
v 0.038581 0.045879 0.076099
v 0.042345 -0.029470 0.092380
v 0.040529 0.017981 0.102001
v 0.040531 -0.017978 0.102001
v 0.040596 0.017929 0.101775
v 0.040628 0.015754 0.102001
v 0.040669 0.062500 -0.034001
v 0.040706 -0.072526 -0.033543
v 0.039490 -0.044368 0.078350
v 0.040818 -0.000002 -0.036332
v 0.041501 -0.072885 -0.032477
v 0.041094 0.004772 0.102001
v 0.041470 -0.000002 -0.035586
v 0.041511 0.062500 -0.032967
v 0.041353 -0.015075 0.100794
v 0.040693 0.036948 0.087462
v 0.041851 -0.072526 -0.032103
v 0.041949 0.062500 -0.032409
v 0.041953 -0.072526 -0.031970
v 0.042172 -0.000002 -0.034752
v 0.032891 0.049277 0.072480
v 0.040930 -0.053568 0.058104
v 0.047990 -0.049155 0.066571
v 0.030306 -0.057945 0.044568
v 0.042716 -0.072526 -0.030944
v 0.042734 0.062500 -0.031366
v 0.042793 -0.000002 -0.033985
v 0.043140 -0.072526 -0.030350
v 0.043157 0.070500 0.028698
v 0.043167 0.062500 -0.030769
v 0.041649 0.010743 0.100624
v 0.043465 -0.000002 -0.033122
v 0.043549 -0.072526 -0.029761
v 0.044154 -0.073443 -0.028119
v 0.043896 0.062500 -0.029720
v 0.044054 -0.000002 -0.032335
v 0.044306 -0.072528 -0.028624
v 0.044321 0.062500 -0.029083
v 0.048292 0.006241 0.098741
v 0.044694 -0.000002 -0.031444
v 0.044993 0.062500 -0.028031
v 0.045116 -0.072526 -0.027328
v 0.047717 0.069889 -0.022849
v 0.045251 -0.000002 -0.030638
v 0.045325 -0.072526 -0.026981
v 0.045374 0.025919 0.092821
v 0.045408 0.062500 -0.027354
v 0.046383 0.070361 0.024857
v 0.041564 0.019918 0.099650
v 0.045849 -0.072526 -0.026080
v 0.045859 -0.000002 -0.029720
v 0.046026 0.062500 -0.026301
v 0.046319 -0.072526 -0.025236
v 0.046382 -0.000002 -0.028897
v 0.046429 0.062500 -0.025584
v 0.050238 -0.073262 0.020096
v 0.046547 -0.072526 -0.024813
v 0.046305 -0.073374 -0.024815
v 0.046957 -0.000002 -0.027953
v 0.046993 0.062500 -0.024534
v 0.047228 -0.072526 -0.023491
v 0.048396 -0.063761 0.020827
v 0.047381 0.062500 -0.023776
v 0.047447 -0.000002 -0.027114
v 0.047512 -0.073500 -0.020507
v 0.047838 -0.072526 -0.022224
v 0.047841 0.070500 0.019936
v 0.047891 0.062500 -0.022731
v 0.047988 -0.000002 -0.026146
v 0.048105 -0.072526 -0.021640
v 0.048262 0.062500 -0.021933
v 0.049128 0.070357 0.019006
v 0.048756 -0.035619 0.084157
v 0.048430 -0.072526 -0.020903
v 0.048443 -0.000002 -0.025291
v 0.048721 0.062500 -0.020895
v 0.048894 -0.072526 -0.019794
v 0.048948 -0.000002 -0.024301
v 0.048985 -0.072526 -0.019567
v 0.049071 0.062500 -0.020058
v 0.049370 -0.000002 -0.023433
v 0.049480 0.062500 -0.019029
v 0.049222 -0.073380 -0.018435
v 0.051048 -0.060867 0.019922
v 0.049612 -0.072526 -0.017918
v 0.049663 0.069549 -0.018007
v 0.049838 -0.000002 -0.022420
v 0.049985 -0.072526 -0.016852
v 0.051362 0.070435 0.010113
v 0.050167 0.062500 -0.017135
v 0.050928 0.069678 -0.014203
v 0.050225 -0.000002 -0.021540
v 0.050259 -0.072526 -0.016017
v 0.049563 -0.019775 0.093571
v 0.050429 -0.072526 -0.015475
v 0.051657 0.024172 -0.015791
v 0.051007 -0.073320 -0.012572
v 0.050655 -0.000002 -0.020507
v 0.050833 -0.072526 -0.014089
v 0.050939 -0.006331 -0.019330
v 0.050981 -0.009783 -0.018964
v 0.051006 -0.011039 -0.018801
v 0.051007 -0.000000 -0.019615
v 0.051034 0.070500 0.009044
v 0.052024 0.022481 -0.014846
v 0.051309 0.067639 0.011650
v 0.051263 0.070500 0.007641
v 0.051265 0.017746 -0.017546
v 0.047080 0.056647 0.037926
v 0.051276 -0.012065 -0.018030
v 0.051332 -0.072526 -0.012148
v 0.051238 0.009421 -0.018345
v 0.048537 -0.054202 0.051404
v 0.051453 0.070500 0.006232
v 0.047799 0.038186 0.081657
v 0.051407 0.016586 -0.017275
v 0.051473 -0.021420 -0.016622
v 0.051524 -0.022210 -0.016395
v 0.051530 -0.072526 -0.011277
v 0.051592 -0.073500 -0.004048
v 0.051669 0.070500 0.004128
v 0.052576 -0.000956 -0.016419
v 0.051684 -0.073500 -0.002632
v 0.051782 0.025448 -0.015282
v 0.051737 -0.073500 -0.001213
v 0.051752 -0.073500 0.000004
v 0.051757 -0.072526 -0.010186
v 0.051762 -0.073500 0.000337
v 0.051774 -0.073500 0.000511
v 0.051790 -0.073500 0.000667
v 0.051835 -0.073500 0.000993
v 0.051849 -0.073500 0.001068
v 0.051899 -0.073500 0.001314
v 0.051966 -0.028115 -0.014366
v 0.051944 -0.073464 -0.004439
v 0.051980 -0.073500 0.001632
v 0.052694 0.057065 0.008667
v 0.052079 -0.073500 0.001948
v 0.052755 0.070360 -0.004423
v 0.052153 -0.073500 0.002150
v 0.052166 -0.030745 -0.013349
v 0.052197 -0.073500 0.002261
v 0.052260 -0.031868 -0.012850
v 0.057665 0.002842 -0.011858
v 0.052331 -0.073500 0.002568
v 0.046986 0.052863 0.057825
v 0.052378 -0.073500 0.002665
v 0.052295 -0.073307 -0.006156
v 0.050961 -0.010227 0.095381
v 0.052480 -0.073500 0.002862
v 0.052418 -0.031257 -0.012362
v 0.052839 -0.073219 0.001340
v 0.052627 -0.036272 -0.010688
v 0.052842 -0.027424 -0.012099
v 0.052623 0.033285 -0.011270
v 0.052913 -0.035544 -0.009526
v 0.052567 -0.013717 -0.014848
v 0.053276 -0.040013 -0.006522
v 0.053133 -0.039348 0.074370
v 0.053300 -0.045950 -0.004019
v 0.053302 0.032652 -0.009386
v 0.054788 -0.074317 0.004760
v 0.061304 0.047502 0.019711
v 0.053905 0.008287 0.092543
v 0.056232 -0.019500 0.087635
v 0.050022 0.046489 0.068100
v 0.057660 -0.007135 0.090538
v 0.055394 0.028438 0.083445
v 0.054810 -0.031354 0.081298
v 0.056072 -0.049244 0.053514
v 0.054814 -0.045150 0.003404
v 0.055222 0.051101 0.018877
v 0.059137 -0.055578 0.021916
v 0.060401 0.012755 -0.008998
v 0.055876 -0.029831 -0.006354
v 0.057087 0.042419 0.068092
v 0.062531 0.008732 0.089324
v 0.054511 0.037142 -0.003354
v 0.060345 0.027974 0.081505
v 0.061800 -0.033417 0.077946
v 0.065880 -0.047275 0.022250
v 0.061726 0.013799 0.088083
v 0.059618 0.038237 0.003707
v 0.063317 0.024073 -0.004238
v 0.063106 -0.036779 0.004495
v 0.062499 0.049710 0.032411
v 0.062434 -0.073018 0.005517
v 0.062677 -0.038900 0.004587
v 0.062866 -0.072526 0.005527
v 0.063022 -0.038582 0.004649
v 0.063216 -0.072529 0.005625
v 0.063612 -0.072526 0.005773
v 0.061775 -0.058101 0.022703
v 0.063805 -0.038309 0.004880
v 0.063864 -0.073423 0.006265
v 0.062472 -0.073450 0.021573
v 0.064312 -0.072526 0.006128
v 0.064377 -0.038488 0.005135
v 0.064588 -0.072535 0.019275
v 0.064638 -0.072526 0.006345
v 0.060935 0.004776 -0.010063
v 0.064769 -0.052161 0.019951
v 0.065581 -0.072281 0.017017
v 0.064949 -0.072526 0.006584
v 0.064973 -0.038996 0.005498
v 0.065220 -0.072529 0.006829
v 0.065321 -0.039448 0.005764
v 0.066057 -0.073509 0.010609
v 0.065507 -0.072526 0.007133
v 0.065522 -0.039389 0.005924
v 0.065992 -0.050132 0.017535
v 0.065738 -0.040112 0.006143
v 0.065759 -0.072527 0.007448
v 0.065956 -0.073003 0.007762
v 0.066059 -0.040710 0.006489
v 0.066177 -0.072522 0.008125
v 0.066351 -0.041331 0.006877
v 0.066378 -0.072526 0.008584
v 0.066529 -0.041758 0.007147
v 0.066543 -0.072529 0.009070
v 0.065340 -0.049578 0.019955
v 0.066634 -0.072526 0.009465
v 0.065811 -0.025696 -0.002868
v 0.066691 -0.072785 0.009886
v 0.066693 -0.042190 0.007428
v 0.066725 -0.072529 0.010419
v 0.066895 -0.042771 0.007822
v 0.067241 -0.042317 0.008379
v 0.067188 -0.043920 0.008626
v 0.067297 -0.044521 0.009057
v 0.066035 -0.072959 0.014593
v 0.067393 -0.045348 0.009693
v 0.067419 -0.046083 0.010281
v 0.069452 0.047608 0.055502
v 0.069454 -0.010543 0.088914
v 0.069868 -0.042137 0.067171
v 0.069823 0.029223 0.080381
v 0.069869 0.021536 0.084984
v 0.069812 0.042640 0.066309
v 0.069807 -0.030876 0.000833
v 0.069928 0.035101 0.004954
v 0.069899 -0.048189 0.053177
v 0.069830 0.050105 0.041404
v 0.069801 -0.013157 -0.008078
v 0.069880 0.042949 0.014686
v 0.069287 -0.043445 0.012047
v 0.069938 0.030958 0.078484
v 0.069966 0.000410 0.089442
v 0.069873 -0.000647 -0.009969
v 0.069834 0.032564 0.077809
v 0.070016 -0.046481 0.024488
v 0.070016 -0.046383 0.024187
v 0.069890 -0.040735 0.009989
v 0.070016 -0.036659 0.007399
v 0.070016 -0.036196 0.006949
v 0.070016 -0.035808 0.006553
v 0.069960 -0.035808 0.006044
v 0.070037 -0.019023 -0.004862
v 0.069964 0.015211 -0.007690
v 0.069965 0.022562 -0.004659
v 0.070016 0.045384 0.021529
v 0.069894 -0.049807 0.037621
v 0.069772 -0.028023 0.081775
v 0.070020 0.024092 0.082726
v 0.070018 0.028554 0.079821
v 0.070018 0.031280 0.077717
v 0.070018 0.033397 0.075855
v 0.070018 0.035408 0.073870
v 0.069890 0.035714 0.074892
v 0.070019 -0.003293 0.088907
v 0.070019 -0.003000 0.088908
v 0.070019 -0.002683 0.088926
v 0.070019 -0.001506 0.088975
v 0.069904 0.009639 0.088905
vn 0.0000 0.0000 1.0000
vn 0.5025 0.1180 0.8565
vn 0.5025 0.1180 0.8565
vn 0.0000 0.0000 1.0000
vn 0.5146 0.0397 0.8565
vn 0.5146 0.0397 0.8565
vn 0.0000 0.0000 1.0000
vn 0.3985 0.3281 0.8565
vn 0.3985 0.3281 0.8565
vn 0.0000 0.0000 1.0000
vn 0.4436 0.2640 0.8565
vn 0.4436 0.2640 0.8565
vn 0.0000 0.0000 1.0000
vn 0.4790 0.1924 0.8565
vn 0.4790 0.1924 0.8565
vn 0.0000 0.0000 1.0000
vn 0.2112 0.4710 0.8565
vn 0.2112 0.4710 0.8565
vn 0.0000 0.0000 1.0000
vn 0.2806 0.4333 0.8565
vn 0.2806 0.4333 0.8565
vn 0.0000 0.0000 1.0000
vn 0.3430 0.3857 0.8565
vn 0.3430 0.3857 0.8565
vn 0.0000 0.0000 1.0000
vn -0.0188 0.5158 0.8565
vn -0.0188 0.5158 0.8565
vn 0.0000 0.0000 1.0000
vn 0.0585 0.5129 0.8565
vn 0.0585 0.5129 0.8565
vn 0.0000 0.0000 1.0000
vn 0.1368 0.4977 0.8565
vn 0.1368 0.4977 0.8565
vn 0.0000 0.0000 1.0000
vn -0.2462 0.4537 0.8565
vn -0.2462 0.4537 0.8565
vn 0.0000 0.0000 1.0000
vn -0.1745 0.4858 0.8565
vn -0.1745 0.4858 0.8565
vn 0.0000 0.0000 1.0000
vn -0.0991 0.5066 0.8565
vn -0.0991 0.5066 0.8565
vn 0.0000 0.0000 1.0000
vn -0.4220 0.2972 0.8565
vn -0.4220 0.2972 0.8565
vn 0.0000 0.0000 1.0000
vn -0.3719 0.3580 0.8565
vn -0.3719 0.3580 0.8565
vn 0.0000 0.0000 1.0000
vn -0.3132 0.4103 0.8565
vn -0.3132 0.4103 0.8565
vn 0.0000 0.0000 1.0000
vn -0.5102 0.0783 0.8565
vn -0.5102 0.0783 0.8565
vn 0.0000 0.0000 1.0000
vn -0.4920 0.1557 0.8565
vn -0.4920 0.1557 0.8565
vn 0.0000 0.0000 1.0000
vn -0.4624 0.2292 0.8565
vn -0.4624 0.2292 0.8565
vn 0.0000 0.0000 1.0000
vn -0.5103 -0.0776 0.8565
vn -0.5103 -0.0776 0.8565
vn 0.0000 0.0000 1.0000
vn -0.4217 -0.2976 0.8565
vn -0.4217 -0.2976 0.8565
vn 0.0000 0.0000 1.0000
vn -0.4626 -0.2288 0.8565
vn -0.4626 -0.2288 0.8565
vn 0.0000 0.0000 1.0000
vn -0.4920 -0.1557 0.8565
vn -0.4920 -0.1557 0.8565
vn 0.0000 0.0000 1.0000
vn -0.2469 -0.4532 0.8565
vn -0.2469 -0.4532 0.8565
vn 0.0000 0.0000 1.0000
vn -0.3132 -0.4103 0.8565
vn -0.3132 -0.4103 0.8565
vn 0.0000 0.0000 1.0000
vn -0.3719 -0.3580 0.8565
vn -0.3719 -0.3580 0.8565
vn 0.0000 0.0000 1.0000
vn -0.0198 -0.5157 0.8565
vn -0.0198 -0.5157 0.8565
vn 0.0000 0.0000 1.0000
vn -0.0982 -0.5067 0.8565
vn -0.0982 -0.5067 0.8565
vn 0.0000 0.0000 1.0000
vn -0.1745 -0.4857 0.8565
vn -0.1745 -0.4857 0.8565
vn 0.0000 0.0000 1.0000
vn 0.2112 -0.4710 0.8565
vn 0.2112 -0.4710 0.8565
vn 0.0000 0.0000 1.0000
vn 0.1368 -0.4977 0.8565
vn 0.1368 -0.4977 0.8565
vn 0.0000 0.0000 1.0000
vn 0.0595 -0.5127 0.8565
vn 0.0595 -0.5127 0.8565
vn 0.0000 0.0000 1.0000
vn 0.3985 -0.3281 0.8565
vn 0.3985 -0.3281 0.8565
vn 0.0000 0.0000 1.0000
vn 0.3430 -0.3857 0.8565
vn 0.3430 -0.3857 0.8565
vn 0.0000 0.0000 1.0000
vn 0.2806 -0.4333 0.8565
vn 0.2806 -0.4333 0.8565
vn 0.0000 0.0000 1.0000
vn 0.5025 -0.1180 0.8565
vn 0.5025 -0.1180 0.8565
vn 0.0000 0.0000 1.0000
vn 0.4790 -0.1924 0.8565
vn 0.4790 -0.1924 0.8565
vn 0.0000 0.0000 1.0000
vn 0.4436 -0.2640 0.8565
vn 0.4436 -0.2640 0.8565
vn 0.0000 0.0000 1.0000
vn 0.5146 -0.0397 0.8565
vn 0.5146 -0.0397 0.8565
vn 0.0000 0.0000 1.0000
vn -0.5156 0.0102 0.8568
vn -0.5156 0.0102 0.8568
vn 0.9874 0.1286 0.0926
vn 0.9954 -0.0241 0.0926
vn 0.9872 0.0254 0.1572
vn 0.9872 0.0254 0.1572
vn 0.9720 0.1757 0.1560
vn 0.9874 0.1286 0.0926
vn 0.9564 0.2769 0.0926
vn 0.9874 0.1286 0.0926
vn 0.9720 0.1757 0.1560
vn 0.9720 0.1757 0.1560
vn 0.6528 0.2247 0.7235
vn 0.9564 0.2769 0.0926
vn 0.9028 0.4200 0.0926
vn 0.9564 0.2769 0.0926
vn 0.6528 0.2247 0.7235
vn 0.6528 0.2247 0.7235
vn 0.8734 0.4611 0.1568
vn 0.9028 0.4200 0.0926
vn 0.8280 0.5530 0.0926
vn 0.9028 0.4200 0.0926
vn 0.8734 0.4611 0.1568
vn 0.8734 0.4611 0.1568
vn 0.7922 0.5877 0.1648
vn 0.8280 0.5530 0.0926
vn 0.7340 0.6728 0.0926
vn 0.8280 0.5530 0.0926
vn 0.7922 0.5877 0.1648
vn 0.7922 0.5877 0.1648
vn 0.6924 0.7019 0.1669
vn 0.7340 0.6728 0.0926
vn 0.6221 0.7775 0.0926
vn 0.7340 0.6728 0.0926
vn 0.6924 0.7019 0.1669
vn 0.6924 0.7019 0.1669
vn 0.5776 0.7999 0.1630
vn 0.6221 0.7775 0.0926
vn 0.4967 0.8630 0.0926
vn 0.6221 0.7775 0.0926
vn 0.5776 0.7999 0.1630
vn 0.5776 0.7999 0.1630
vn 0.3276 0.6476 0.6880
vn 0.4967 0.8630 0.0926
vn 0.3592 0.9287 0.0926
vn 0.4967 0.8630 0.0926
vn 0.3276 0.6476 0.6880
vn 0.3276 0.6476 0.6880
vn 0.3099 0.9374 0.1587
vn 0.3592 0.9287 0.0926
vn 0.2128 0.9727 0.0926
vn 0.3592 0.9287 0.0926
vn 0.3099 0.9374 0.1587
vn 0.3099 0.9374 0.1587
vn 0.1597 0.9580 0.2381
vn 0.2128 0.9727 0.0926
vn 0.0619 0.9938 0.0926
vn 0.2128 0.9727 0.0926
vn 0.1597 0.9580 0.2381
vn 0.1597 0.9580 0.2381
vn 0.0115 0.8509 0.5252
vn 0.0619 0.9938 0.0926
vn -0.0897 0.9917 0.0926
vn 0.0619 0.9938 0.0926
vn 0.0115 0.8509 0.5252
vn 0.0115 0.8509 0.5252
vn -0.1388 0.9773 0.1601
vn -0.0897 0.9917 0.0926
vn -0.2417 0.9659 0.0926
vn -0.0897 0.9917 0.0926
vn -0.1388 0.9773 0.1601
vn -0.1388 0.9773 0.1601
vn -0.2464 0.8129 0.5276
vn -0.2417 0.9659 0.0926
vn -0.3850 0.9183 0.0926
vn -0.2417 0.9659 0.0926
vn -0.2464 0.8129 0.5276
vn -0.2464 0.8129 0.5276
vn -0.4262 0.8904 0.1599
vn -0.3850 0.9183 0.0926
vn -0.5206 0.8487 0.0927
vn -0.3850 0.9183 0.0926
vn -0.4262 0.8904 0.1599
vn -0.4262 0.8904 0.1599
vn -0.4980 0.7272 0.4724
vn -0.5206 0.8487 0.0927
vn -0.6446 0.7589 0.0926
vn -0.5206 0.8487 0.0927
vn -0.4980 0.7272 0.4724
vn -0.4980 0.7272 0.4724
vn -0.6454 0.6878 0.3322
vn -0.6446 0.7589 0.0926
vn -0.7525 0.6521 0.0927
vn -0.6446 0.7589 0.0926
vn -0.6454 0.6878 0.3322
vn -0.6454 0.6878 0.3322
vn -0.7771 0.6086 0.1606
vn -0.7525 0.6521 0.0927
vn -0.8430 0.5298 0.0926
vn -0.7525 0.6521 0.0927
vn -0.7771 0.6086 0.1606
vn -0.7771 0.6086 0.1606
vn -0.5795 0.3606 0.7309
vn -0.8430 0.5298 0.0926
vn -0.9141 0.3947 0.0927
vn -0.8430 0.5298 0.0926
vn -0.5795 0.3606 0.7309
vn -0.5795 0.3606 0.7309
vn -0.9258 0.3458 0.1530
vn -0.9141 0.3947 0.0927
vn -0.9638 0.2499 0.0927
vn -0.9141 0.3947 0.0927
vn -0.9258 0.3458 0.1530
vn -0.9258 0.3458 0.1530
vn -0.9660 0.1992 0.1650
vn -0.9638 0.2499 0.0927
vn -0.9898 0.1101 0.0908
vn -0.9638 0.2499 0.0927
vn -0.9660 0.1992 0.1650
vn -0.9660 0.1992 0.1650
vn -0.9824 0.0666 0.1744
vn -0.9898 0.1101 0.0908
vn -0.9941 -0.0484 0.0966
vn -0.9898 0.1101 0.0908
vn -0.9824 0.0666 0.1744
vn -0.9824 0.0666 0.1744
vn -0.9812 -0.1017 0.1640
vn -0.9941 -0.0484 0.0966
vn -0.9760 -0.1978 0.0909
vn -0.9941 -0.0484 0.0966
vn -0.9812 -0.1017 0.1640
vn -0.9812 -0.1017 0.1640
vn -0.9550 -0.2444 0.1682
vn -0.9760 -0.1978 0.0909
vn -0.9322 -0.3497 0.0927
vn -0.9760 -0.1978 0.0909
vn -0.9550 -0.2444 0.1682
vn -0.9550 -0.2444 0.1682
vn -0.9069 -0.3928 0.1522
vn -0.9322 -0.3497 0.0927
vn -0.8678 -0.4882 0.0926
vn -0.9322 -0.3497 0.0927
vn -0.9069 -0.3928 0.1522
vn -0.9069 -0.3928 0.1522
vn -0.8963 -0.4434 0.0000
vn -0.8678 -0.4882 0.0926
vn -0.7825 -0.6157 0.0926
vn -0.8678 -0.4882 0.0926
vn -0.8170 -0.5767 0.0000
vn -0.8170 -0.5767 0.0000
vn -0.6692 -0.5821 0.4619
vn -0.7825 -0.6157 0.0926
vn -0.6803 -0.7271 0.0926
vn -0.7825 -0.6157 0.0926
vn -0.6692 -0.5821 0.4619
vn -0.6692 -0.5821 0.4619
vn -0.5635 -0.6654 0.4896
vn -0.6803 -0.7271 0.0926
vn -0.5619 -0.8220 0.0926
vn -0.6803 -0.7271 0.0926
vn -0.5635 -0.6654 0.4896
vn -0.5635 -0.6654 0.4896
vn -0.4506 -0.7352 0.5064
vn -0.5619 -0.8220 0.0926
vn -0.4296 -0.8982 0.0927
vn -0.5619 -0.8220 0.0926
vn -0.4506 -0.7352 0.5064
vn -0.4506 -0.7352 0.5064
vn -0.3313 -0.7922 0.5124
vn -0.4296 -0.8982 0.0927
vn -0.2869 -0.9535 0.0926
vn -0.4296 -0.8982 0.0927
vn -0.3313 -0.7922 0.5124
vn -0.3313 -0.7922 0.5124
vn -0.3380 -0.9411 0.0000
vn -0.2869 -0.9535 0.0926
vn -0.1380 -0.9861 0.0926
vn -0.2869 -0.9535 0.0926
vn -0.1902 -0.9817 0.0000
vn -0.1902 -0.9817 0.0000
vn -0.1902 -0.9817 0.0000
vn -0.1380 -0.9861 0.0926
vn 0.0142 -0.9956 0.0926
vn -0.1380 -0.9861 0.0926
vn -0.0384 -0.9993 0.0000
vn -0.0384 -0.9993 0.0000
vn -0.0384 -0.9993 0.0000
vn 0.0142 -0.9956 0.0926
vn 0.1663 -0.9817 0.0926
vn 0.0142 -0.9956 0.0926
vn 0.1153 -0.9933 -0.0000
vn 0.1153 -0.9933 -0.0000
vn 0.1153 -0.9933 -0.0000
vn 0.1663 -0.9817 0.0926
vn 0.3139 -0.9449 0.0926
vn 0.1663 -0.9817 0.0926
vn 0.2651 -0.9642 -0.0000
vn 0.2651 -0.9642 -0.0000
vn 0.2651 -0.9642 -0.0000
vn 0.3139 -0.9449 0.0926
vn 0.4545 -0.8859 0.0926
vn 0.3139 -0.9449 0.0926
vn 0.4092 -0.9125 -0.0000
vn 0.4092 -0.9125 -0.0000
vn 0.4092 -0.9125 -0.0000
vn 0.4545 -0.8859 0.0926
vn 0.5841 -0.8064 0.0926
vn 0.4545 -0.8859 0.0926
vn 0.5436 -0.8394 -0.0000
vn 0.5436 -0.8394 -0.0000
vn 0.5436 -0.8394 -0.0000
vn 0.5841 -0.8064 0.0926
vn 0.7003 -0.7078 0.0926
vn 0.5841 -0.8064 0.0926
vn 0.6646 -0.7472 -0.0000
vn 0.6646 -0.7472 -0.0000
vn 0.6132 -0.5607 0.5565
vn 0.7003 -0.7078 0.0926
vn 0.8005 -0.5921 0.0926
vn 0.7003 -0.7078 0.0926
vn 0.6132 -0.5607 0.5565
vn 0.6132 -0.5607 0.5565
vn 0.7720 -0.6356 -0.0000
vn 0.8005 -0.5921 0.0926
vn 0.8815 -0.4631 0.0926
vn 0.8005 -0.5921 0.0926
vn 0.8594 -0.5114 -0.0000
vn 0.8594 -0.5114 -0.0000
vn 0.9000 -0.4172 0.1263
vn 0.8815 -0.4631 0.0926
vn 0.9418 -0.3233 0.0926
vn 0.8815 -0.4631 0.0926
vn 0.9000 -0.4172 0.1263
vn 0.9000 -0.4172 0.1263
vn 0.9510 -0.2744 0.1423
vn 0.9418 -0.3233 0.0926
vn 0.9801 -0.1757 0.0926
vn 0.9418 -0.3233 0.0926
vn 0.9510 -0.2744 0.1423
vn 0.9510 -0.2744 0.1423
vn 0.9803 -0.1256 0.1527
vn 0.9801 -0.1757 0.0926
vn 0.9954 -0.0241 0.0926
vn 0.9801 -0.1757 0.0926
vn 0.9803 -0.1256 0.1527
vn 0.9803 -0.1256 0.1527
vn 0.9872 0.0254 0.1572
vn 0.9954 -0.0241 0.0926
vn -0.2769 0.5799 0.7662
vn -0.2334 -0.0180 0.9722
vn -0.2334 -0.0180 0.9722
vn 0.0000 0.0000 1.0000
vn 0.0000 0.0000 1.0000
vn 0.0283 0.0008 0.9996
vn -0.0000 0.0000 1.0000
vn -0.0000 0.0000 1.0000
vn 0.6393 0.0043 0.7690
vn -0.0079 0.0032 1.0000
vn -0.0079 0.0032 1.0000
vn -0.0079 0.0032 1.0000
vn -0.0002 0.0003 1.0000
vn -0.0002 0.0003 1.0000
vn -0.0002 0.0003 1.0000
vn 0.0064 0.0020 1.0000
vn 0.0064 0.0020 1.0000
vn 0.0064 0.0020 1.0000
vn -0.2769 0.5799 0.7662
vn -0.1943 -0.1156 0.9741
vn -0.1943 -0.1156 0.9741
vn -0.2769 0.5799 0.7662
vn -0.0678 0.0197 0.9975
vn 0.2911 0.5495 0.7831
vn -0.0001 -0.0001 1.0000
vn 0.2911 0.5495 0.7831
vn -0.0678 0.0197 0.9975
vn -0.0001 -0.0001 1.0000
vn -0.0001 -0.0001 1.0000
vn -0.0678 0.0197 0.9975
vn -0.0036 0.0080 1.0000
vn -0.0036 0.0080 1.0000
vn -0.0036 0.0080 1.0000
vn 0.1484 -0.6942 0.7043
vn -0.0079 -0.0013 1.0000
vn -0.0079 -0.0013 1.0000
vn -0.0027 0.0097 0.9999
vn -0.0027 0.0097 0.9999
vn 0.1484 -0.6942 0.7043
vn 0.0000 0.0000 1.0000
vn 0.1484 -0.6942 0.7043
vn 0.0000 0.0000 1.0000
vn 0.0000 0.0000 1.0000
vn 0.0000 0.0000 1.0000
vn 0.0000 0.0000 1.0000
vn 0.0000 -0.0000 1.0000
vn 0.0000 -0.0000 1.0000
vn 0.0000 -0.0000 1.0000
vn 0.0004 0.0000 1.0000
vn 0.0004 0.0000 1.0000
vn 0.0004 0.0000 1.0000
vn 0.0000 0.0000 1.0000
vn 0.0000 0.0000 1.0000
vn 0.0000 0.0000 1.0000
vn 0.0001 0.0002 1.0000
vn 0.0001 0.0002 1.0000
vn 0.0001 0.0002 1.0000
vn 0.0001 0.0001 1.0000
vn 0.0001 0.0001 1.0000
vn 0.0001 0.0001 1.0000
vn 0.0047 -0.0076 1.0000
vn 0.0047 -0.0076 1.0000
vn 0.0047 -0.0076 1.0000
vn 0.0000 0.0000 1.0000
vn 0.0000 0.0000 1.0000
vn 0.0000 0.0000 1.0000
vn 0.0064 0.0010 1.0000
vn 0.0064 0.0010 1.0000
vn 0.0064 0.0010 1.0000
vn -0.0049 -0.0020 1.0000
vn -0.0049 -0.0020 1.0000
vn 0.6528 0.2247 0.7235
vn -0.2181 -0.0508 0.9746
vn -0.2181 -0.0508 0.9746
vn -0.2769 0.5799 0.7662
vn -0.2053 -0.0829 0.9752
vn -0.2053 -0.0829 0.9752
vn -0.2769 0.5799 0.7662
vn 0.3856 -0.1517 0.9101
vn -0.1815 -0.0978 0.9785
vn -0.2769 0.5799 0.7662
vn -0.2534 0.0195 0.9672
vn 0.3856 -0.1517 0.9101
vn -0.2769 0.5799 0.7662
vn 0.0065 0.0032 1.0000
vn 0.0065 0.0032 1.0000
vn 0.0065 0.0032 1.0000
vn 0.0000 0.0000 1.0000
vn 0.0000 0.0000 1.0000
vn 0.0000 0.0000 1.0000
vn 0.0000 0.0000 1.0000
vn 0.0000 0.0000 1.0000
vn 0.0000 0.0000 1.0000
vn 0.0000 0.0000 1.0000
vn 0.0000 0.0000 1.0000
vn 0.0000 0.0000 1.0000
vn 0.0000 0.0000 1.0000
vn 0.0000 0.0000 1.0000
vn 0.0000 0.0000 1.0000
vn 0.0000 0.0000 1.0000
vn 0.0000 0.0000 1.0000
vn 0.0000 0.0000 1.0000
vn 0.0000 0.0000 1.0000
vn 0.1026 -0.6733 0.7322
vn 0.0000 0.0000 1.0000
vn 0.0415 0.0024 0.9991
vn 0.0000 0.0000 1.0000
vn 0.0000 0.0000 1.0000
vn -0.0002 0.0748 0.9972
vn 0.0415 0.0024 0.9991
vn -0.0002 0.0748 0.9972
vn -0.8471 0.3901 0.3609
vn -0.8471 0.3901 0.3609
vn -0.8471 0.3901 0.3609
vn 0.0749 -0.0311 0.9967
vn -0.0000 0.0000 1.0000
vn 0.6393 0.0043 0.7690
vn 0.6393 0.0043 0.7690
vn 0.0000 0.0000 1.0000
vn 0.0000 0.0000 1.0000
vn 0.6393 0.0043 0.7690
vn 0.0000 0.0000 1.0000
vn 0.0000 0.0000 1.0000
vn -0.0000 0.0000 1.0000
vn -0.1545 -0.1334 0.9789
vn 0.6393 0.0043 0.7690
vn 0.0412 -0.0134 0.9991
vn 0.6393 0.0043 0.7690
vn -0.1545 -0.1334 0.9789
vn -0.1545 -0.1334 0.9789
vn 0.0520 0.0257 0.9983
vn 0.0520 0.0257 0.9983
vn 0.0499 0.0158 0.9986
vn 0.0499 0.0158 0.9986
vn 0.0499 0.0158 0.9986
vn -0.0068 0.0041 1.0000
vn -0.0068 0.0041 1.0000
vn -0.0068 0.0041 1.0000
vn -0.0059 0.0049 1.0000
vn -0.0059 0.0049 1.0000
vn -0.0059 0.0049 1.0000
vn -0.0051 0.0058 1.0000
vn -0.0051 0.0058 1.0000
vn -0.0051 0.0058 1.0000
vn -0.0044 0.0068 1.0000
vn -0.0044 0.0068 1.0000
vn -0.0044 0.0068 1.0000
vn 0.0001 0.0002 1.0000
vn 0.0001 0.0002 1.0000
vn 0.0001 0.0002 1.0000
vn 0.0487 -0.0075 0.9988
vn 0.0487 -0.0075 0.9988
vn 0.0487 -0.0075 0.9988
vn 0.0497 -0.0157 0.9986
vn 0.0497 -0.0157 0.9986
vn 0.0497 -0.0157 0.9986
vn 0.0000 0.0000 1.0000
vn 0.0000 0.0000 1.0000
vn 0.0000 0.0000 1.0000
vn 0.6528 0.2247 0.7235
vn -0.5409 -0.1087 0.8341
vn -0.0052 -0.0017 1.0000
vn 0.4412 -0.2982 0.8464
vn 0.0000 -0.0000 1.0000
vn -0.3191 -0.0147 0.9476
vn -0.0000 0.0000 1.0000
vn -0.0000 0.0000 1.0000
vn 0.0415 0.0024 0.9991
vn 0.0415 0.0024 0.9991
vn 0.0000 0.0000 1.0000
vn -0.2318 0.0867 0.9689
vn 0.0283 0.0008 0.9996
vn 0.0415 0.0024 0.9991
vn -0.2318 0.0867 0.9689
vn -0.2318 0.0867 0.9689
vn 0.0000 0.0000 1.0000
vn 0.0283 0.0008 0.9996
vn 0.0283 0.0008 0.9996
vn 0.0000 0.0000 1.0000
vn 0.0000 0.0000 1.0000
vn -0.0293 0.0000 0.9996
vn -0.3191 -0.0147 0.9476
vn -0.0004 -0.0005 1.0000
vn 0.0001 -0.0001 1.0000
vn 0.0386 -0.0480 0.9981
vn -0.0293 0.0000 0.9996
vn -0.0293 0.0000 0.9996
vn 0.0386 -0.0480 0.9981
vn 0.0007 0.0472 0.9989
vn 0.0007 0.0472 0.9989
vn 0.0386 -0.0480 0.9981
vn 0.2375 -0.4112 0.8800
vn 0.2375 -0.4112 0.8800
vn 0.1625 -0.4183 0.8937
vn 0.0007 0.0472 0.9989
vn 0.0485 -0.0010 0.9988
vn 0.0485 -0.0010 0.9988
vn 0.0485 -0.0010 0.9988
vn 0.0488 0.0074 0.9988
vn 0.0488 0.0074 0.9988
vn 0.0488 0.0074 0.9988
vn 0.3856 -0.1517 0.9101
vn -0.0094 0.0022 1.0000
vn -0.0094 0.0022 1.0000
vn 0.0001 0.0001 1.0000
vn 0.0001 0.0001 1.0000
vn 0.0001 0.0001 1.0000
vn 0.0001 0.0002 1.0000
vn 0.0001 0.0002 1.0000
vn 0.0001 0.0002 1.0000
vn 0.0001 0.0001 1.0000
vn 0.0001 0.0001 1.0000
vn 0.0001 0.0001 1.0000
vn 0.0000 0.0000 1.0000
vn -0.5795 0.3606 0.7309
vn 0.0000 0.0000 1.0000
vn 0.0000 0.0000 1.0000
vn 0.0000 0.0000 1.0000
vn 0.1026 -0.6733 0.7322
vn 0.4412 -0.2982 0.8464
vn -0.3191 -0.0147 0.9476
vn -0.5409 -0.1087 0.8341
vn -0.0061 0.0036 1.0000
vn 0.4412 -0.2982 0.8464
vn -0.5409 -0.1087 0.8341
vn 0.0007 0.0472 0.9989
vn 0.0751 0.4508 0.8895
vn -0.0293 0.0000 0.9996
vn -0.0293 0.0000 0.9996
vn 0.0751 0.4508 0.8895
vn 0.0209 0.0640 0.9977
vn -0.0678 0.0197 0.9975
vn -0.0293 0.0000 0.9996
vn 0.0209 0.0640 0.9977
vn 0.0209 0.0640 0.9977
vn -0.0001 -0.0002 1.0000
vn -0.0678 0.0197 0.9975
vn -0.0001 -0.0001 1.0000
vn -0.0001 -0.0001 1.0000
vn -0.0678 0.0197 0.9975
vn -0.5795 0.3606 0.7309
vn 0.0353 0.0366 0.9987
vn 0.0353 0.0366 0.9987
vn 0.0517 -0.0256 0.9983
vn -0.5795 0.3606 0.7309
vn 0.0517 -0.0256 0.9983
vn 0.3276 0.6476 0.6880
vn -0.0057 0.0005 1.0000
vn -0.0057 0.0005 1.0000
vn 0.0000 0.0000 1.0000
vn 0.0000 0.0000 1.0000
vn 0.3276 0.6476 0.6880
vn 0.3276 0.6476 0.6880
vn -0.0027 -0.0042 1.0000
vn -0.0027 -0.0042 1.0000
vn -0.0032 -0.0036 1.0000
vn -0.0032 -0.0036 1.0000
vn -0.0032 -0.0036 1.0000
vn -0.0042 -0.0025 1.0000
vn -0.0042 -0.0025 1.0000
vn -0.0042 -0.0025 1.0000
vn -0.0056 0.0023 1.0000
vn -0.0056 0.0023 1.0000
vn -0.5409 -0.1087 0.8341
vn -0.0054 0.0012 1.0000
vn -0.0054 0.0012 1.0000
vn -0.5409 -0.1087 0.8341
vn -0.0052 0.0004 1.0000
vn -0.0052 0.0004 1.0000
vn -0.5409 -0.1087 0.8341
vn -0.0052 -0.0004 1.0000
vn -0.0052 -0.0004 1.0000
vn -0.5409 -0.1087 0.8341
vn 0.0000 0.0000 1.0000
vn 0.0000 0.0000 1.0000
vn 0.1026 -0.6733 0.7322
vn 0.0000 0.0000 1.0000
vn 0.0000 0.0000 1.0000
vn 0.1026 -0.6733 0.7322
vn 0.0000 0.0000 1.0000
vn 0.0000 0.0000 1.0000
vn 0.0000 0.0000 1.0000
vn 0.0000 0.0000 1.0000
vn 0.0000 0.0000 1.0000
vn 0.0000 0.0000 1.0000
vn -0.0037 -0.0030 1.0000
vn -0.0037 -0.0030 1.0000
vn -0.0037 -0.0030 1.0000
vn 0.6528 0.2247 0.7235
vn -0.0052 -0.0012 1.0000
vn -0.5409 -0.1087 0.8341
vn 0.0283 0.0008 0.9996
vn 0.0000 0.0000 1.0000
vn 0.0000 0.0000 1.0000
vn 0.0283 0.0008 0.9996
vn 0.0000 0.0000 1.0000
vn -0.2931 0.6123 0.7343
vn -0.1062 -0.1684 0.9800
vn 0.0283 0.0008 0.9996
vn -0.2931 0.6123 0.7343
vn -0.2931 0.6123 0.7343
vn 0.0366 0.2710 0.9619
vn -0.1062 -0.1684 0.9800
vn 0.0441 0.0239 0.9987
vn 0.0749 -0.0311 0.9967
vn 0.2911 -0.1133 0.9500
vn 0.0007 0.0472 0.9989
vn 0.1625 -0.4183 0.8937
vn 0.0934 -0.4229 0.9013
vn 0.0934 -0.4229 0.9013
vn 0.0192 -0.2991 0.9540
vn 0.0007 0.0472 0.9989
vn 0.0441 0.0239 0.9987
vn 0.0007 0.0472 0.9989
vn 0.0192 -0.2991 0.9540
vn 0.0192 -0.2991 0.9540
vn -0.0383 -0.4268 0.9035
vn 0.0441 0.0239 0.9987
vn -0.0383 -0.4268 0.9035
vn 0.0749 -0.0311 0.9967
vn 0.0441 0.0239 0.9987
vn 0.0000 0.0000 1.0000
vn 0.0000 0.0000 1.0000
vn 0.0000 0.0000 1.0000
vn -0.7513 -0.3127 0.5811
vn -0.1062 -0.1684 0.9800
vn -0.7513 -0.3127 0.5811
vn 0.0441 0.0239 0.9987
vn 0.2911 -0.1133 0.9500
vn 0.1384 0.0022 0.9904
vn 0.1384 0.0022 0.9904
vn 0.0366 0.2710 0.9619
vn 0.0441 0.0239 0.9987
vn 0.0366 0.2710 0.9619
vn 0.1384 0.0022 0.9904
vn 0.3673 0.0230 0.9298
vn 0.9263 -0.1868 0.3273
vn 0.9749 -0.0306 0.2204
vn 0.6393 0.0043 0.7690
vn 0.6046 -0.6526 0.4567
vn 0.5818 -0.8133 0.0020
vn 0.6333 -0.7739 0.0007
vn 0.6046 -0.6526 0.4567
vn 0.7353 -0.6777 0.0005
vn 0.8733 -0.4153 0.2547
vn 0.5251 -0.8510 0.0047
vn 0.5818 -0.8133 0.0020
vn 0.6046 -0.6526 0.4567
vn 0.6046 -0.6526 0.4567
vn 0.3735 -0.7192 0.5859
vn 0.5251 -0.8510 0.0047
vn 0.3735 -0.7192 0.5859
vn 0.3379 -0.9412 0.0018
vn 0.4027 -0.9153 0.0005
vn 0.1026 -0.6733 0.7322
vn 0.1981 -0.9802 0.0004
vn 0.2630 -0.9648 0.0086
vn 0.3735 -0.7192 0.5859
vn 0.1026 -0.6733 0.7322
vn 0.2630 -0.9648 0.0086
vn 0.2630 -0.9648 0.0086
vn 0.3379 -0.9412 0.0018
vn 0.3735 -0.7192 0.5859
vn -0.1658 -0.9074 0.3862
vn -0.1117 -0.9937 0.0008
vn -0.0643 -0.9979 0.0083
vn 0.1026 -0.6733 0.7322
vn -0.1658 -0.9074 0.3862
vn -0.0643 -0.9979 0.0083
vn -0.0643 -0.9979 0.0083
vn 0.0093 -1.0000 0.0018
vn 0.1026 -0.6733 0.7322
vn 0.0093 -1.0000 0.0018
vn 0.0816 -0.9967 0.0003
vn 0.1026 -0.6733 0.7322
vn -0.2061 -0.7456 0.6338
vn -0.4380 -0.8987 0.0221
vn -0.3268 -0.9451 0.0006
vn -0.7382 -0.6253 0.2531
vn -0.4380 -0.8987 0.0221
vn -0.2061 -0.7456 0.6338
vn -0.8698 0.0005 0.4934
vn -0.8944 -0.0008 0.4472
vn -0.9239 -0.0000 0.3827
vn -0.7939 0.0012 0.6080
vn -0.0678 0.0197 0.9975
vn -0.8698 0.0005 0.4934
vn 0.8790 0.3566 0.3165
vn 0.9838 0.1303 0.1232
vn 0.9628 0.2702 0.0001
vn 0.8790 0.3566 0.3165
vn 0.6954 0.7186 0.0098
vn 0.5446 0.6421 0.5396
vn -0.1099 0.8549 0.5070
vn 0.1815 0.9201 0.3472
vn -0.4881 0.8726 0.0187
vn -0.1099 0.8549 0.5070
vn -0.4881 0.8726 0.0187
vn -0.7501 0.5773 0.3225
vn -0.1099 0.8549 0.5070
vn -0.0544 0.9985 0.0016
vn -0.1190 0.9929 0.0005
vn 0.0123 0.9999 0.0043
vn -0.0544 0.9985 0.0016
vn -0.1099 0.8549 0.5070
vn 0.0686 0.8518 0.5194
vn 0.0123 0.9999 0.0043
vn -0.1099 0.8549 0.5070
vn 0.1565 0.9877 0.0035
vn 0.0686 0.8518 0.5194
vn 0.3250 0.8460 0.4227
vn 0.3250 0.8460 0.4227
vn 0.2283 0.9736 0.0017
vn 0.1565 0.9877 0.0035
vn 0.5809 0.7757 0.2468
vn 0.2791 0.9602 0.0072
vn 0.3250 0.8460 0.4227
vn 0.2911 0.9567 0.0003
vn 0.2283 0.9736 0.0017
vn 0.3250 0.8460 0.4227
vn 0.5809 0.7757 0.2468
vn 0.4747 0.8802 -0.0000
vn 0.2791 0.9602 0.0072
vn 0.5809 0.7757 0.2468
vn 0.5446 0.6421 0.5396
vn 0.5948 0.8039 0.0007
vn 0.7872 0.6167 0.0046
vn 0.7447 0.6674 0.0004
vn 0.6954 0.7186 0.0098
vn 0.6954 0.7186 0.0098
vn 0.8790 0.3566 0.3165
vn 0.7872 0.6167 0.0046
vn 0.8790 0.3566 0.3165
vn 0.8286 0.5598 0.0006
vn 0.7872 0.6167 0.0046
vn 0.9600 0.0252 0.2788
vn 0.9600 0.0252 0.2788
vn 0.9027 0.0238 0.4295
vn 0.9838 0.1303 0.1232
vn 0.0415 0.0024 0.9991
vn 0.9027 0.0238 0.4295
vn 0.9027 0.0238 0.4295
vn 0.9605 0.0427 0.2749
vn 0.9605 0.0427 0.2749
vn 0.7849 0.2481 0.5678
vn 0.7363 0.5004 0.4554
vn 0.9838 0.1303 0.1232
vn 0.9027 0.0238 0.4295
vn 0.7849 0.2481 0.5678
vn 0.9838 0.1303 0.1232
vn 0.3673 0.0230 0.9298
vn 0.9398 -0.0085 0.3417
vn 0.9398 -0.0085 0.3417
vn 0.7849 0.2481 0.5678
vn 0.9027 0.0238 0.4295
vn 0.8856 0.0609 0.4605
vn 0.3673 0.0230 0.9298
vn 0.7849 0.2481 0.5678
vn 0.8892 0.0564 0.4540
vn 0.9749 -0.0306 0.2204
vn 0.9496 -0.1559 0.2721
vn 0.6393 0.0043 0.7690
vn 0.2911 -0.1133 0.9500
vn 0.5128 0.0236 0.8582
vn 0.3673 0.0230 0.9298
vn 0.9874 0.1286 0.0926
vn 0.9954 -0.0241 0.0926
vn 0.9788 0.0265 0.2033
vn 0.9788 0.0265 0.2033
vn 0.9605 0.1749 0.2166
vn 0.9874 0.1286 0.0926
vn 0.9564 0.2769 0.0926
vn 0.9874 0.1286 0.0926
vn 0.9605 0.1749 0.2166
vn 0.9605 0.1749 0.2166
vn 0.9214 0.3185 0.2228
vn 0.9564 0.2769 0.0926
vn 0.9028 0.4200 0.0926
vn 0.9564 0.2769 0.0926
vn 0.9214 0.3185 0.2228
vn 0.9214 0.3185 0.2228
vn 0.8617 0.4564 0.2217
vn 0.9028 0.4200 0.0926
vn 0.8280 0.5530 0.0926
vn 0.9028 0.4200 0.0926
vn 0.8617 0.4564 0.2217
vn 0.8617 0.4564 0.2217
vn 0.8594 0.5114 -0.0000
vn 0.8280 0.5530 0.0926
vn 0.7340 0.6728 0.0926
vn 0.8280 0.5530 0.0926
vn 0.7720 0.6356 -0.0000
vn 0.7720 0.6356 -0.0000
vn 0.6791 0.6884 0.2548
vn 0.7340 0.6728 0.0926
vn 0.6221 0.7775 0.0926
vn 0.7340 0.6728 0.0926
vn 0.6791 0.6884 0.2548
vn 0.6791 0.6884 0.2548
vn 0.5668 0.7850 0.2501
vn 0.6221 0.7775 0.0926
vn 0.4967 0.8630 0.0926
vn 0.6221 0.7775 0.0926
vn 0.5668 0.7850 0.2501
vn 0.5668 0.7850 0.2501
vn 0.4421 0.8649 0.2378
vn 0.4967 0.8630 0.0926
vn 0.3592 0.9287 0.0926
vn 0.4967 0.8630 0.0926
vn 0.4421 0.8649 0.2378
vn 0.4421 0.8649 0.2378
vn 0.4092 0.9125 -0.0000
vn 0.3592 0.9287 0.0926
vn 0.2128 0.9727 0.0926
vn 0.3592 0.9287 0.0926
vn 0.2651 0.9642 -0.0000
vn 0.2651 0.9642 -0.0000
vn 0.2651 0.9642 -0.0000
vn 0.2128 0.9727 0.0926
vn 0.0619 0.9938 0.0926
vn 0.2128 0.9727 0.0926
vn 0.1134 0.9936 -0.0000
vn 0.1134 0.9936 -0.0000
vn 0.1134 0.9936 -0.0000
vn 0.0619 0.9938 0.0926
vn -0.0897 0.9917 0.0926
vn 0.0619 0.9938 0.0926
vn -0.0365 0.9993 0.0000
vn -0.0365 0.9993 0.0000
vn -0.0365 0.9993 0.0000
vn -0.0897 0.9917 0.0926
vn -0.2417 0.9659 0.0926
vn -0.0897 0.9917 0.0926
vn -0.1921 0.9814 0.0000
vn -0.1921 0.9814 0.0000
vn -0.1921 0.9814 0.0000
vn -0.2417 0.9659 0.0926
vn -0.3849 0.9183 0.0926
vn -0.2417 0.9659 0.0926
vn -0.3380 0.9411 0.0000
vn -0.3380 0.9411 0.0000
vn -0.2931 0.6123 0.7343
vn -0.3849 0.9183 0.0926
vn -0.5206 0.8487 0.0927
vn -0.3849 0.9183 0.0926
vn -0.2931 0.6123 0.7343
vn -0.2931 0.6123 0.7343
vn -0.4873 0.7116 0.5062
vn -0.5206 0.8487 0.0927
vn -0.6446 0.7589 0.0926
vn -0.5206 0.8487 0.0927
vn -0.4873 0.7116 0.5062
vn -0.4873 0.7116 0.5062
vn -0.5966 0.6358 0.4896
vn -0.6446 0.7589 0.0926
vn -0.7525 0.6521 0.0927
vn -0.6446 0.7589 0.0926
vn -0.5966 0.6358 0.4896
vn -0.5966 0.6358 0.4896
vn -0.6983 0.5470 0.4617
vn -0.7525 0.6521 0.0927
vn -0.8430 0.5298 0.0926
vn -0.7525 0.6521 0.0927
vn -0.6983 0.5470 0.4617
vn -0.6983 0.5470 0.4617
vn -0.7907 0.4437 0.4218
vn -0.8430 0.5298 0.0926
vn -0.9141 0.3947 0.0927
vn -0.8430 0.5298 0.0926
vn -0.7907 0.4437 0.4218
vn -0.7907 0.4437 0.4218
vn -0.8960 0.4441 0.0000
vn -0.9141 0.3947 0.0927
vn -0.9638 0.2499 0.0927
vn -0.9141 0.3947 0.0927
vn -0.9534 0.3018 0.0000
vn -0.9534 0.3018 0.0000
vn -0.9682 0.1999 0.1506
vn -0.9638 0.2499 0.0927
vn -0.9898 0.1101 0.0908
vn -0.9638 0.2499 0.0927
vn -0.9682 0.1999 0.1506
vn -0.9682 0.1999 0.1506
vn -0.9847 0.0647 0.1616
vn -0.9898 0.1101 0.0908
vn -0.9942 -0.0490 0.0954
vn -0.9898 0.1101 0.0908
vn -0.9847 0.0647 0.1616
vn -0.9847 0.0647 0.1616
vn -0.9704 -0.0951 0.2221
vn -0.9942 -0.0490 0.0954
vn -0.9757 -0.1989 0.0920
vn -0.9942 -0.0490 0.0954
vn -0.9704 -0.0951 0.2221
vn -0.9704 -0.0951 0.2221
vn -0.9558 -0.2464 0.1603
vn -0.9757 -0.1989 0.0920
vn -0.9322 -0.3497 0.0927
vn -0.9757 -0.1989 0.0920
vn -0.9558 -0.2464 0.1603
vn -0.9558 -0.2464 0.1603
vn -0.9074 -0.3928 0.1492
vn -0.9322 -0.3497 0.0927
vn -0.8678 -0.4882 0.0926
vn -0.9322 -0.3497 0.0927
vn -0.9074 -0.3928 0.1492
vn -0.9074 -0.3928 0.1492
vn -0.6615 -0.4227 0.6195
vn -0.8678 -0.4882 0.0926
vn -0.7825 -0.6157 0.0926
vn -0.8678 -0.4882 0.0926
vn -0.6615 -0.4227 0.6195
vn -0.6615 -0.4227 0.6195
vn -0.6433 -0.5594 0.5227
vn -0.7825 -0.6157 0.0926
vn -0.6803 -0.7271 0.0926
vn -0.7825 -0.6157 0.0926
vn -0.6433 -0.5594 0.5227
vn -0.6433 -0.5594 0.5227
vn -0.6379 -0.7532 0.1605
vn -0.6803 -0.7271 0.0926
vn -0.5619 -0.8220 0.0926
vn -0.6803 -0.7271 0.0926
vn -0.6379 -0.7532 0.1605
vn -0.6379 -0.7532 0.1605
vn -0.4890 -0.7977 0.3529
vn -0.5619 -0.8220 0.0926
vn -0.4296 -0.8982 0.0927
vn -0.5619 -0.8220 0.0926
vn -0.4890 -0.7977 0.3529
vn -0.4890 -0.7977 0.3529
vn -0.3534 -0.8451 0.4011
vn -0.4296 -0.8982 0.0927
vn -0.2869 -0.9535 0.0926
vn -0.4296 -0.8982 0.0927
vn -0.3534 -0.8451 0.4011
vn -0.3534 -0.8451 0.4011
vn -0.2115 -0.8556 0.4726
vn -0.2869 -0.9535 0.0926
vn -0.1380 -0.9861 0.0926
vn -0.2869 -0.9535 0.0926
vn -0.2115 -0.8556 0.4726
vn -0.2115 -0.8556 0.4726
vn -0.0881 -0.9832 0.1601
vn -0.1380 -0.9861 0.0926
vn 0.0142 -0.9956 0.0926
vn -0.1380 -0.9861 0.0926
vn -0.0881 -0.9832 0.1601
vn -0.0881 -0.9832 0.1601
vn 0.0570 -0.8865 0.4593
vn 0.0142 -0.9956 0.0926
vn 0.1663 -0.9817 0.0926
vn 0.0142 -0.9956 0.0926
vn 0.0570 -0.8865 0.4593
vn 0.0570 -0.8865 0.4593
vn 0.1484 -0.6942 0.7043
vn 0.1663 -0.9817 0.0926
vn 0.3139 -0.9449 0.0926
vn 0.1663 -0.9817 0.0926
vn 0.1484 -0.6942 0.7043
vn 0.1484 -0.6942 0.7043
vn 0.3589 -0.9238 0.1332
vn 0.3139 -0.9449 0.0926
vn 0.4545 -0.8859 0.0926
vn 0.3139 -0.9449 0.0926
vn 0.3589 -0.9238 0.1332
vn 0.3589 -0.9238 0.1332
vn 0.4946 -0.8564 0.1484
vn 0.4545 -0.8859 0.0926
vn 0.5841 -0.8064 0.0926
vn 0.4545 -0.8859 0.0926
vn 0.4946 -0.8564 0.1484
vn 0.4946 -0.8564 0.1484
vn 0.6180 -0.7701 0.1579
vn 0.5841 -0.8064 0.0926
vn 0.7003 -0.7078 0.0926
vn 0.5841 -0.8064 0.0926
vn 0.6180 -0.7701 0.1579
vn 0.6180 -0.7701 0.1579
vn 0.7285 -0.6657 0.1615
vn 0.7003 -0.7078 0.0926
vn 0.8005 -0.5921 0.0926
vn 0.7003 -0.7078 0.0926
vn 0.7285 -0.6657 0.1615
vn 0.7285 -0.6657 0.1615
vn 0.8217 -0.5472 0.1593
vn 0.8005 -0.5921 0.0926
vn 0.8815 -0.4631 0.0926
vn 0.8005 -0.5921 0.0926
vn 0.8217 -0.5472 0.1593
vn 0.8217 -0.5472 0.1593
vn 0.8969 -0.4157 0.1512
vn 0.8815 -0.4631 0.0926
vn 0.9418 -0.3233 0.0926
vn 0.8815 -0.4631 0.0926
vn 0.8969 -0.4157 0.1512
vn 0.8969 -0.4157 0.1512
vn 0.9517 -0.2746 0.1372
vn 0.9418 -0.3233 0.0926
vn 0.9801 -0.1757 0.0926
vn 0.9418 -0.3233 0.0926
vn 0.9517 -0.2746 0.1372
vn 0.9517 -0.2746 0.1372
vn 0.9740 -0.2267 -0.0000
vn 0.9801 -0.1757 0.0926
vn 0.9954 -0.0241 0.0926
vn 0.9801 -0.1757 0.0926
vn 0.9970 -0.0768 -0.0000
vn 0.9970 -0.0768 -0.0000
vn 0.9788 0.0265 0.2033
vn 0.9954 -0.0241 0.0926
vn 0.0000 0.0000 1.0000
vn 0.5025 0.1180 0.8565
vn 0.5025 0.1180 0.8565
vn 0.0000 0.0000 1.0000
vn 0.5146 0.0397 0.8565
vn 0.5146 0.0397 0.8565
vn 0.0000 0.0000 1.0000
vn 0.3985 0.3281 0.8565
vn 0.3985 0.3281 0.8565
vn 0.0000 0.0000 1.0000
vn 0.4436 0.2640 0.8565
vn 0.4436 0.2640 0.8565
vn 0.0000 0.0000 1.0000
vn 0.4790 0.1924 0.8565
vn 0.4790 0.1924 0.8565
vn 0.0000 0.0000 1.0000
vn 0.2112 0.4710 0.8565
vn 0.2112 0.4710 0.8565
vn 0.0000 0.0000 1.0000
vn 0.2806 0.4333 0.8565
vn 0.2806 0.4333 0.8565
vn 0.0000 0.0000 1.0000
vn 0.3430 0.3857 0.8565
vn 0.3430 0.3857 0.8565
vn 0.0000 0.0000 1.0000
vn -0.0188 0.5158 0.8565
vn -0.0188 0.5158 0.8565
vn 0.0000 0.0000 1.0000
vn 0.0585 0.5129 0.8565
vn 0.0585 0.5129 0.8565
vn 0.0000 0.0000 1.0000
vn 0.1368 0.4977 0.8565
vn 0.1368 0.4977 0.8565
vn 0.0000 0.0000 1.0000
vn -0.2462 0.4537 0.8565
vn -0.2462 0.4537 0.8565
vn 0.0000 0.0000 1.0000
vn -0.1745 0.4858 0.8565
vn -0.1745 0.4858 0.8565
vn 0.0000 0.0000 1.0000
vn -0.0991 0.5066 0.8565
vn -0.0991 0.5066 0.8565
vn 0.0000 0.0000 1.0000
vn -0.4220 0.2972 0.8565
vn -0.4220 0.2972 0.8565
vn 0.0000 0.0000 1.0000
vn -0.3719 0.3580 0.8565
vn -0.3719 0.3580 0.8565
vn 0.0000 0.0000 1.0000
vn -0.3132 0.4103 0.8565
vn -0.3132 0.4103 0.8565
vn 0.0000 0.0000 1.0000
vn -0.5102 0.0783 0.8565
vn -0.5102 0.0783 0.8565
vn 0.0000 0.0000 1.0000
vn -0.4920 0.1557 0.8565
vn -0.4920 0.1557 0.8565
vn 0.0000 0.0000 1.0000
vn -0.4624 0.2292 0.8565
vn -0.4624 0.2292 0.8565
vn 0.0000 0.0000 1.0000
vn -0.5103 -0.0776 0.8565
vn -0.5103 -0.0776 0.8565
vn 0.0000 0.0000 1.0000
vn -0.4217 -0.2976 0.8565
vn -0.4217 -0.2976 0.8565
vn 0.0000 0.0000 1.0000
vn -0.4626 -0.2288 0.8565
vn -0.4626 -0.2288 0.8565
vn 0.0000 0.0000 1.0000
vn -0.4920 -0.1557 0.8565
vn -0.4920 -0.1557 0.8565
vn 0.0000 0.0000 1.0000
vn -0.2469 -0.4532 0.8565
vn -0.2469 -0.4532 0.8565
vn 0.0000 0.0000 1.0000
vn -0.3132 -0.4103 0.8565
vn -0.3132 -0.4103 0.8565
vn 0.0000 0.0000 1.0000
vn -0.3719 -0.3580 0.8565
vn -0.3719 -0.3580 0.8565
vn 0.0000 0.0000 1.0000
vn -0.0198 -0.5157 0.8565
vn -0.0198 -0.5157 0.8565
vn 0.0000 0.0000 1.0000
vn -0.0982 -0.5067 0.8565
vn -0.0982 -0.5067 0.8565
vn 0.0000 0.0000 1.0000
vn -0.1745 -0.4857 0.8565
vn -0.1745 -0.4857 0.8565
vn 0.0000 0.0000 1.0000
vn 0.2112 -0.4710 0.8565
vn 0.2112 -0.4710 0.8565
vn 0.0000 0.0000 1.0000
vn 0.1368 -0.4977 0.8565
vn 0.1368 -0.4977 0.8565
vn 0.0000 0.0000 1.0000
vn 0.0595 -0.5127 0.8565
vn 0.0595 -0.5127 0.8565
vn 0.0000 0.0000 1.0000
vn 0.3985 -0.3281 0.8565
vn 0.3985 -0.3281 0.8565
vn 0.0000 0.0000 1.0000
vn 0.3430 -0.3857 0.8565
vn 0.3430 -0.3857 0.8565
vn 0.0000 0.0000 1.0000
vn 0.2806 -0.4333 0.8565
vn 0.2806 -0.4333 0.8565
vn 0.0000 0.0000 1.0000
vn 0.5025 -0.1180 0.8565
vn 0.5025 -0.1180 0.8565
vn 0.0000 0.0000 1.0000
vn 0.4790 -0.1924 0.8565
vn 0.4790 -0.1924 0.8565
vn 0.0000 0.0000 1.0000
vn 0.4436 -0.2640 0.8565
vn 0.4436 -0.2640 0.8565
vn 0.0000 0.0000 1.0000
vn 0.5146 -0.0397 0.8565
vn 0.5146 -0.0397 0.8565
vn 0.0000 0.0000 1.0000
vn -0.5156 0.0102 0.8568
vn -0.5156 0.0102 0.8568
vn 0.5128 0.0236 0.8582
vn 0.7849 0.2481 0.5678
vn 0.3673 0.0230 0.9298
vn -0.5203 0.8539 0.0087
vn 0.0664 0.8998 0.4313
vn -0.7501 0.5773 0.3225
vn -0.7501 0.5773 0.3225
vn -0.4881 0.8726 0.0187
vn -0.5203 0.8539 0.0087
vn -0.5597 0.8287 0.0077
vn -0.5203 0.8539 0.0087
vn -0.4881 0.8726 0.0187
vn -0.4881 0.8726 0.0187
vn -0.9080 0.4190 -0.0054
vn -0.5597 0.8287 0.0077
vn 0.1815 0.9201 0.3472
vn -0.1099 0.8549 0.5070
vn -0.0238 0.9997 0.0030
vn -0.1099 0.8549 0.5070
vn -0.1190 0.9929 0.0005
vn -0.0238 0.9997 0.0030
vn -0.1190 0.9929 0.0005
vn -0.0851 0.9964 0.0045
vn -0.0238 0.9997 0.0030
vn -0.1190 0.9929 0.0005
vn -0.0544 0.9985 0.0016
vn -0.0851 0.9964 0.0045
vn -0.0274 0.9996 -0.0017
vn -0.0851 0.9964 0.0045
vn -0.0544 0.9985 0.0016
vn -0.0544 0.9985 0.0016
vn 0.0123 0.9999 0.0043
vn -0.0274 0.9996 -0.0017
vn 0.0686 0.8518 0.5194
vn 0.1565 0.9877 0.0035
vn 0.1202 0.9925 0.0217
vn 0.1202 0.9925 0.0217
vn 0.0463 0.9989 -0.0005
vn 0.0686 0.8518 0.5194
vn 0.0123 0.9999 0.0043
vn 0.0686 0.8518 0.5194
vn 0.0463 0.9989 -0.0005
vn 0.0123 0.9999 0.0043
vn 0.0463 0.9989 -0.0005
vn -0.0274 0.9996 -0.0017
vn 0.1947 0.9808 0.0110
vn 0.1202 0.9925 0.0217
vn 0.1565 0.9877 0.0035
vn 0.1565 0.9877 0.0035
vn 0.2283 0.9736 0.0017
vn 0.1947 0.9808 0.0110
vn 0.2703 0.9627 0.0105
vn 0.2283 0.9736 0.0017
vn 0.2911 0.9567 0.0003
vn 0.2703 0.9627 0.0105
vn 0.1947 0.9808 0.0110
vn 0.2283 0.9736 0.0017
vn 0.2494 0.9684 -0.0097
vn 0.3385 0.9409 0.0092
vn 0.3250 0.8460 0.4227
vn 0.2911 0.9567 0.0003
vn 0.3250 0.8460 0.4227
vn 0.3385 0.9409 0.0092
vn 0.2911 0.9567 0.0003
vn 0.3385 0.9409 0.0092
vn 0.2703 0.9627 0.0105
vn 0.3250 0.8460 0.4227
vn 0.2791 0.9602 0.0072
vn 0.2494 0.9684 -0.0097
vn 0.6641 0.7476 -0.0096
vn 0.4747 0.8802 -0.0000
vn 0.5809 0.7757 0.2468
vn 0.4747 0.8802 -0.0000
vn 0.2494 0.9684 -0.0097
vn 0.2791 0.9602 0.0072
vn 0.5948 0.8039 0.0007
vn 0.5446 0.6421 0.5396
vn 0.6242 0.7812 0.0082
vn 0.6242 0.7812 0.0082
vn 0.5733 0.8194 0.0051
vn 0.5948 0.8039 0.0007
vn 0.5809 0.7757 0.2468
vn 0.5948 0.8039 0.0007
vn 0.5733 0.8194 0.0051
vn 0.5733 0.8194 0.0051
vn 0.6641 0.7476 -0.0096
vn 0.5809 0.7757 0.2468
vn 0.6954 0.7186 0.0098
vn 0.7447 0.6674 0.0004
vn 0.7283 0.6853 -0.0008
vn 0.7283 0.6853 -0.0008
vn 0.6702 0.7419 0.0199
vn 0.6954 0.7186 0.0098
vn 0.5446 0.6421 0.5396
vn 0.6954 0.7186 0.0098
vn 0.6702 0.7419 0.0199
vn 0.6702 0.7419 0.0199
vn 0.6242 0.7812 0.0082
vn 0.5446 0.6421 0.5396
vn 0.8209 0.5711 -0.0030
vn 0.7563 0.6532 0.0371
vn 0.7872 0.6167 0.0046
vn 0.7447 0.6674 0.0004
vn 0.7872 0.6167 0.0046
vn 0.7563 0.6532 0.0371
vn 0.7563 0.6532 0.0371
vn 0.7283 0.6853 -0.0008
vn 0.7447 0.6674 0.0004
vn 0.8286 0.5598 0.0006
vn 0.8790 0.3566 0.3165
vn 0.8554 0.5180 -0.0004
vn 0.7872 0.6167 0.0046
vn 0.8286 0.5598 0.0006
vn 0.8209 0.5711 -0.0030
vn 0.8554 0.5180 -0.0004
vn 0.8209 0.5711 -0.0030
vn 0.8286 0.5598 0.0006
vn 0.8790 0.3566 0.3165
vn 0.9628 0.2702 0.0001
vn 0.8554 0.5180 -0.0004
vn 0.9628 0.2702 0.0001
vn 0.9838 0.1303 0.1232
vn 0.7363 0.5004 0.4554
vn 0.8209 0.5711 -0.0030
vn 0.8554 0.5180 -0.0004
vn 0.9628 0.2702 0.0001
vn 0.9628 0.2702 0.0001
vn 0.7563 0.6532 0.0371
vn 0.8209 0.5711 -0.0030
vn 0.6702 0.7419 0.0199
vn 0.7563 0.6532 0.0371
vn 0.3563 0.8041 0.4759
vn 0.7563 0.6532 0.0371
vn 0.6702 0.7419 0.0199
vn 0.7283 0.6853 -0.0008
vn 0.5733 0.8194 0.0051
vn 0.6242 0.7812 0.0082
vn 0.3563 0.8041 0.4759
vn 0.6242 0.7812 0.0082
vn 0.6702 0.7419 0.0199
vn 0.3563 0.8041 0.4759
vn 0.5733 0.8194 0.0051
vn 0.3563 0.8041 0.4759
vn 0.6641 0.7476 -0.0096
vn 0.2494 0.9684 -0.0097
vn 0.4747 0.8802 -0.0000
vn 0.6641 0.7476 -0.0096
vn 0.6641 0.7476 -0.0096
vn 0.2328 0.8771 0.4201
vn 0.3385 0.9409 0.0092
vn 0.3721 -0.0935 -0.9235
vn 0.3721 -0.0935 -0.9235
vn 0.3721 -0.0935 -0.9235
vn 0.2703 0.9627 0.0105
vn 0.3385 0.9409 0.0092
vn 0.2328 0.8771 0.4201
vn 0.1947 0.9808 0.0110
vn 0.2328 0.8771 0.4201
vn 0.1202 0.9925 0.0217
vn 0.2328 0.8771 0.4201
vn 0.1947 0.9808 0.0110
vn 0.2703 0.9627 0.0105
vn -0.4588 0.4656 -0.7568
vn -0.4588 0.4656 -0.7568
vn -0.4588 0.4656 -0.7568
vn -0.0274 0.9996 -0.0017
vn 0.1202 0.9925 0.0217
vn 0.1815 0.9201 0.3472
vn -0.0851 0.9964 0.0045
vn -0.0274 0.9996 -0.0017
vn 0.1815 0.9201 0.3472
vn -0.0238 0.9997 0.0030
vn -0.0851 0.9964 0.0045
vn 0.1815 0.9201 0.3472
vn -0.5203 0.8539 0.0087
vn -0.5597 0.8287 0.0077
vn 0.1815 0.9201 0.3472
vn 0.0664 0.8998 0.4313
vn -0.5203 0.8539 0.0087
vn 0.1815 0.9201 0.3472
vn -0.7501 0.5773 0.3225
vn -0.9426 0.3252 0.0761
vn -0.9426 0.3252 0.0761
vn 0.1815 0.9201 0.3472
vn 0.1202 0.9925 0.0217
vn 0.2328 0.8771 0.4201
vn 0.2328 0.8771 0.4201
vn 0.6641 0.7476 -0.0096
vn 0.3563 0.8041 0.4759
vn 0.3563 0.8041 0.4759
vn 0.7563 0.6532 0.0371
vn 0.9628 0.2702 0.0001
vn 0.1815 0.9201 0.3472
vn 0.2293 0.8941 0.3847
vn 0.0664 0.8998 0.4313
vn 0.9628 0.2702 0.0001
vn 0.9656 -0.0846 -0.2459
vn 0.9656 -0.0846 -0.2459
vn -0.7899 -0.0048 0.6132
vn -0.0678 0.0197 0.9975
vn -0.5493 0.0134 0.8355
vn -0.8841 0.0408 0.4655
vn -0.8732 0.0008 0.4874
vn -0.8698 0.0005 0.4934
vn -0.5493 0.0134 0.8355
vn -0.7356 -0.0008 0.6774
vn -0.7899 -0.0048 0.6132
vn -0.5493 0.0134 0.8355
vn -0.6930 -0.0001 0.7209
vn -0.7356 -0.0008 0.6774
vn -0.5493 0.0134 0.8355
vn -0.6281 0.0006 0.7781
vn -0.6930 -0.0001 0.7209
vn -0.5493 0.0134 0.8355
vn -0.6411 0.0005 0.7675
vn -0.6281 0.0006 0.7781
vn -0.5493 0.0134 0.8355
vn -0.3765 0.0006 0.9264
vn -0.3757 0.0006 0.9268
vn -0.5493 0.0134 0.8355
vn -0.3215 0.0001 0.9469
vn -0.3765 0.0006 0.9264
vn -0.5493 0.0134 0.8355
vn -0.2483 0.0030 0.9687
vn -0.3215 0.0001 0.9469
vn -0.2483 0.0030 0.9687
vn -0.5493 0.0134 0.8355
vn -0.0829 -0.0107 0.9965
vn -0.0829 -0.0107 0.9965
vn -0.3293 0.0011 0.9442
vn -0.2483 0.0030 0.9687
vn -0.8093 -0.0289 0.5867
vn -0.7899 -0.0048 0.6132
vn -0.8259 -0.0003 0.5638
vn -0.2769 0.5799 0.7662
vn -0.0829 -0.0107 0.9965
vn -0.5493 0.0134 0.8355
vn -0.5493 0.0134 0.8355
vn -0.0678 0.0197 0.9975
vn -0.2769 0.5799 0.7662
vn -0.8524 0.0130 0.5227
vn -0.8259 -0.0003 0.5638
vn -0.8732 0.0008 0.4874
vn -0.0829 -0.0107 0.9965
vn -0.2769 0.5799 0.7662
vn -0.0133 -0.0070 0.9999
vn 0.0008 0.0017 1.0000
vn 0.0606 0.0011 0.9982
vn -0.0829 -0.0107 0.9965
vn 0.0026 0.0051 1.0000
vn 0.0008 0.0017 1.0000
vn -0.0829 -0.0107 0.9965
vn 0.0026 0.0051 1.0000
vn -0.0829 -0.0107 0.9965
vn -0.0133 -0.0070 0.9999
vn -0.0364 0.0007 0.9993
vn 0.0026 0.0051 1.0000
vn -0.0133 -0.0070 0.9999
vn 0.0294 0.1035 0.9942
vn -0.2769 0.5799 0.7662
vn 0.2747 0.7788 0.5639
vn -0.2769 0.5799 0.7662
vn 0.0294 0.1035 0.9942
vn -0.0133 -0.0070 0.9999
vn -0.0133 -0.0070 0.9999
vn 0.0294 0.1035 0.9942
vn -0.0124 0.0038 0.9999
vn -0.8698 0.0005 0.4934
vn -0.8688 -0.0002 0.4951
vn -0.8944 -0.0008 0.4472
vn -0.8688 -0.0002 0.4951
vn -0.8698 0.0005 0.4934
vn -0.8732 0.0008 0.4874
vn -0.8732 0.0008 0.4874
vn -0.8259 -0.0003 0.5638
vn -0.8688 -0.0002 0.4951
vn -0.7993 0.0025 0.6010
vn -0.8688 -0.0002 0.4951
vn -0.8259 -0.0003 0.5638
vn -0.7993 0.0025 0.6010
vn -0.8259 -0.0003 0.5638
vn -0.7899 -0.0048 0.6132
vn -0.7899 -0.0048 0.6132
vn -0.7783 0.0003 0.6279
vn -0.7993 0.0025 0.6010
vn -0.7899 -0.0048 0.6132
vn -0.7356 -0.0008 0.6774
vn -0.7783 0.0003 0.6279
vn -0.7043 -0.0005 0.7099
vn -0.7783 0.0003 0.6279
vn -0.7356 -0.0008 0.6774
vn -0.7043 -0.0005 0.7099
vn -0.7356 -0.0008 0.6774
vn -0.6930 -0.0001 0.7209
vn -0.6930 -0.0001 0.7209
vn -0.6764 -0.0007 0.7365
vn -0.7043 -0.0005 0.7099
vn -0.6930 -0.0001 0.7209
vn -0.6281 0.0006 0.7781
vn -0.6764 -0.0007 0.7365
vn -0.5930 -0.0008 0.8052
vn -0.6764 -0.0007 0.7365
vn -0.6281 0.0006 0.7781
vn -0.5930 -0.0008 0.8052
vn -0.6281 0.0006 0.7781
vn -0.6411 0.0005 0.7675
vn -0.6411 0.0005 0.7675
vn -0.5122 -0.0002 0.8589
vn -0.5930 -0.0008 0.8052
vn -0.6411 0.0005 0.7675
vn -0.5493 0.0134 0.8355
vn -0.5122 -0.0002 0.8589
vn -0.5122 -0.0002 0.8589
vn -0.5493 0.0134 0.8355
vn -0.3757 0.0006 0.9268
vn -0.3757 0.0006 0.9268
vn -0.3836 0.0002 0.9235
vn -0.5122 -0.0002 0.8589
vn -0.3757 0.0006 0.9268
vn -0.3765 0.0006 0.9264
vn -0.3836 0.0002 0.9235
vn -0.3836 0.0002 0.9235
vn -0.3765 0.0006 0.9264
vn -0.3215 0.0001 0.9469
vn -0.3215 0.0001 0.9469
vn -0.3040 0.0010 0.9527
vn -0.3836 0.0002 0.9235
vn -0.3215 0.0001 0.9469
vn -0.2483 0.0030 0.9687
vn -0.3040 0.0010 0.9527
vn -0.2130 -0.0223 0.9768
vn -0.3040 0.0010 0.9527
vn -0.2483 0.0030 0.9687
vn -0.2130 -0.0223 0.9768
vn -0.2483 0.0030 0.9687
vn -0.3293 0.0011 0.9442
vn -0.3293 0.0011 0.9442
vn -0.1224 -0.0039 0.9925
vn -0.2130 -0.0223 0.9768
vn -0.3293 0.0011 0.9442
vn -0.0829 -0.0107 0.9965
vn -0.1224 -0.0039 0.9925
vn 0.8152 0.0034 0.5791
vn 0.8152 0.0034 0.5791
vn 0.8152 0.0034 0.5791
vn 0.0606 0.0011 0.9982
vn -0.0094 -0.0055 0.9999
vn -0.1224 -0.0039 0.9925
vn -0.9233 -0.0332 0.3825
vn -0.8944 -0.0008 0.4472
vn -0.3191 -0.0147 0.9476
vn -0.1224 -0.0039 0.9925
vn -0.0094 -0.0055 0.9999
vn -0.0814 -0.2997 0.9505
vn -0.0814 -0.2997 0.9505
vn -0.2130 -0.0223 0.9768
vn -0.1224 -0.0039 0.9925
vn -0.2130 -0.0223 0.9768
vn -0.0814 -0.2997 0.9505
vn -0.7237 -0.0909 0.6841
vn -0.7237 -0.0909 0.6841
vn -0.3040 0.0010 0.9527
vn -0.2130 -0.0223 0.9768
vn -0.7237 -0.0909 0.6841
vn -0.3836 0.0002 0.9235
vn -0.3040 0.0010 0.9527
vn -0.7237 -0.0909 0.6841
vn -0.5122 -0.0002 0.8589
vn -0.3836 0.0002 0.9235
vn -0.7237 -0.0909 0.6841
vn -0.5930 -0.0008 0.8052
vn -0.5122 -0.0002 0.8589
vn -0.7237 -0.0909 0.6841
vn -0.6764 -0.0007 0.7365
vn -0.5930 -0.0008 0.8052
vn -0.7237 -0.0909 0.6841
vn -0.7043 -0.0005 0.7099
vn -0.6764 -0.0007 0.7365
vn -0.7237 -0.0909 0.6841
vn -0.7783 0.0003 0.6279
vn -0.7043 -0.0005 0.7099
vn -0.7993 0.0025 0.6010
vn -0.7783 0.0003 0.6279
vn -0.7237 -0.0909 0.6841
vn -0.3191 -0.0147 0.9476
vn -0.8944 -0.0008 0.4472
vn -0.8688 -0.0002 0.4951
vn -0.3191 -0.0147 0.9476
vn -0.8688 -0.0002 0.4951
vn -0.7993 0.0025 0.6010
vn -0.7993 0.0025 0.6010
vn -0.7237 -0.0909 0.6841
vn -0.3191 -0.0147 0.9476
vn -0.3191 -0.0147 0.9476
vn -0.7237 -0.0909 0.6841
vn -0.8465 -0.0709 0.5276
vn -0.8606 -0.0305 0.5084
vn -0.5409 -0.1087 0.8341
vn -0.3191 -0.0147 0.9476
vn 0.9263 -0.1868 0.3273
vn 0.8733 -0.4153 0.2547
vn 0.8728 -0.4872 0.0278
vn 0.8733 -0.4153 0.2547
vn 0.7555 -0.6551 0.0078
vn 0.8728 -0.4872 0.0278
vn 0.8733 -0.4153 0.2547
vn 0.7353 -0.6777 0.0005
vn 0.7555 -0.6551 0.0078
vn 0.7353 -0.6777 0.0005
vn 0.7077 -0.7065 0.0026
vn 0.7555 -0.6551 0.0078
vn 0.7353 -0.6777 0.0005
vn 0.6046 -0.6526 0.4567
vn 0.7077 -0.7065 0.0026
vn 0.6636 -0.7481 -0.0033
vn 0.7077 -0.7065 0.0026
vn 0.6046 -0.6526 0.4567
vn 0.6046 -0.6526 0.4567
vn 0.6333 -0.7739 0.0007
vn 0.6636 -0.7481 -0.0033
vn 0.6116 -0.7912 0.0044
vn 0.6636 -0.7481 -0.0033
vn 0.6333 -0.7739 0.0007
vn 0.6333 -0.7739 0.0007
vn 0.5818 -0.8133 0.0020
vn 0.6116 -0.7912 0.0044
vn 0.5515 -0.8341 0.0036
vn 0.6116 -0.7912 0.0044
vn 0.5818 -0.8133 0.0020
vn 0.5818 -0.8133 0.0020
vn 0.5251 -0.8510 0.0047
vn 0.5515 -0.8341 0.0036
vn 0.4891 -0.8722 0.0030
vn 0.5515 -0.8341 0.0036
vn 0.5251 -0.8510 0.0047
vn 0.5251 -0.8510 0.0047
vn 0.3735 -0.7192 0.5859
vn 0.4891 -0.8722 0.0030
vn 0.4307 -0.9025 0.0012
vn 0.4891 -0.8722 0.0030
vn 0.3735 -0.7192 0.5859
vn 0.3735 -0.7192 0.5859
vn 0.4027 -0.9153 0.0005
vn 0.4307 -0.9025 0.0012
vn 0.4027 -0.9153 0.0005
vn 0.3379 -0.9412 0.0018
vn 0.3670 -0.9300 -0.0202
vn 0.3670 -0.9300 -0.0202
vn 0.4307 -0.9025 0.0012
vn 0.4027 -0.9153 0.0005
vn 0.3379 -0.9412 0.0018
vn 0.2630 -0.9648 0.0086
vn 0.2899 -0.9571 -0.0037
vn 0.3379 -0.9412 0.0018
vn 0.2899 -0.9571 -0.0037
vn 0.3670 -0.9300 -0.0202
vn 0.2630 -0.9648 0.0086
vn 0.1981 -0.9802 0.0004
vn 0.2190 -0.9757 0.0018
vn 0.2630 -0.9648 0.0086
vn 0.2190 -0.9757 0.0018
vn 0.2899 -0.9571 -0.0037
vn 0.1981 -0.9802 0.0004
vn 0.1026 -0.6733 0.7322
vn 0.1318 -0.9913 0.0048
vn 0.1318 -0.9913 0.0048
vn 0.2190 -0.9757 0.0018
vn 0.1981 -0.9802 0.0004
vn 0.1318 -0.9913 0.0048
vn 0.1026 -0.6733 0.7322
vn 0.0816 -0.9967 0.0003
vn 0.0816 -0.9967 0.0003
vn 0.0093 -1.0000 0.0018
vn 0.0469 -0.9989 0.0085
vn 0.0469 -0.9989 0.0085
vn 0.1318 -0.9913 0.0048
vn 0.0816 -0.9967 0.0003
vn 0.0093 -1.0000 0.0018
vn -0.0536 -0.9984 0.0183
vn 0.0469 -0.9989 0.0085
vn 0.0093 -1.0000 0.0018
vn -0.0643 -0.9979 0.0083
vn -0.0536 -0.9984 0.0183
vn -0.0643 -0.9979 0.0083
vn -0.1117 -0.9937 0.0008
vn -0.1338 -0.9910 -0.0009
vn -0.1338 -0.9910 -0.0009
vn -0.0536 -0.9984 0.0183
vn -0.0643 -0.9979 0.0083
vn -0.1658 -0.9074 0.3862
vn -0.2061 -0.7456 0.6338
vn -0.2181 -0.9759 -0.0055
vn -0.2181 -0.9759 -0.0055
vn -0.1338 -0.9910 -0.0009
vn -0.1658 -0.9074 0.3862
vn -0.1117 -0.9937 0.0008
vn -0.1658 -0.9074 0.3862
vn -0.1338 -0.9910 -0.0009
vn -0.2061 -0.7456 0.6338
vn -0.3268 -0.9451 0.0006
vn -0.2968 -0.9549 0.0050
vn -0.2968 -0.9549 0.0050
vn -0.2181 -0.9759 -0.0055
vn -0.2061 -0.7456 0.6338
vn -0.2509 -0.9680 0.0033
vn -0.2968 -0.9549 0.0050
vn -0.3268 -0.9451 0.0006
vn -0.2509 -0.9680 0.0033
vn -0.3268 -0.9451 0.0006
vn -0.4380 -0.8987 0.0221
vn -0.0354 -0.9410 0.3365
vn -0.4380 -0.8987 0.0221
vn -0.7382 -0.6253 0.2531
vn -0.4380 -0.8987 0.0221
vn -0.0354 -0.9410 0.3365
vn -0.2509 -0.9680 0.0033
vn -0.9516 -0.1344 0.2764
vn -0.5409 -0.1087 0.8341
vn -0.9516 -0.1344 0.2764
vn 0.8092 -0.3910 0.4386
vn 0.2911 -0.1133 0.9500
vn 0.9749 -0.0306 0.2204
vn -0.5409 -0.1087 0.8341
vn -0.9237 -0.3285 0.1970
vn -0.7382 -0.6253 0.2531
vn -0.1240 -0.8988 0.4205
vn -0.0354 -0.9410 0.3365
vn -0.7382 -0.6253 0.2531
vn -0.0354 -0.9410 0.3365
vn -0.2968 -0.9549 0.0050
vn -0.2509 -0.9680 0.0033
vn -0.2968 -0.9549 0.0050
vn -0.0354 -0.9410 0.3365
vn -0.2181 -0.9759 -0.0055
vn -0.6108 0.4392 -0.6588
vn -0.6108 0.4392 -0.6588
vn -0.6108 0.4392 -0.6588
vn -0.0536 -0.9984 0.0183
vn 0.2207 -0.9104 0.3499
vn 0.0469 -0.9989 0.0085
vn 0.1318 -0.9913 0.0048
vn 0.0469 -0.9989 0.0085
vn 0.2207 -0.9104 0.3499
vn 0.2190 -0.9757 0.0018
vn 0.1318 -0.9913 0.0048
vn 0.2207 -0.9104 0.3499
vn 0.2899 -0.9571 -0.0037
vn 0.2190 -0.9757 0.0018
vn 0.2207 -0.9104 0.3499
vn 0.2899 -0.9571 -0.0037
vn 0.2207 -0.9104 0.3499
vn 0.3670 -0.9300 -0.0202
vn 0.4307 -0.9025 0.0012
vn 0.3670 -0.9300 -0.0202
vn 0.2032 -0.8712 0.4468
vn 0.4891 -0.8722 0.0030
vn 0.4307 -0.9025 0.0012
vn 0.2032 -0.8712 0.4468
vn 0.5515 -0.8341 0.0036
vn 0.4891 -0.8722 0.0030
vn 0.2032 -0.8712 0.4468
vn 0.2032 -0.8712 0.4468
vn 0.6116 -0.7912 0.0044
vn 0.5515 -0.8341 0.0036
vn 0.6116 -0.7912 0.0044
vn 0.2032 -0.8712 0.4468
vn 0.6519 -0.6388 0.4087
vn 0.6636 -0.7481 -0.0033
vn 0.6116 -0.7912 0.0044
vn 0.6519 -0.6388 0.4087
vn 0.6519 -0.6388 0.4087
vn 0.7077 -0.7065 0.0026
vn 0.6636 -0.7481 -0.0033
vn 0.7555 -0.6551 0.0078
vn 0.7077 -0.7065 0.0026
vn 0.6519 -0.6388 0.4087
vn 0.8728 -0.4872 0.0278
vn 0.7555 -0.6551 0.0078
vn 0.6519 -0.6388 0.4087
vn 0.9263 -0.1868 0.3273
vn 0.8728 -0.4872 0.0278
vn 0.6519 -0.6388 0.4087
vn 0.9263 -0.1868 0.3273
vn 0.6519 -0.6388 0.4087
vn 0.8092 -0.3910 0.4386
vn -0.7382 -0.6253 0.2531
vn -0.9063 -0.4195 0.0506
vn -0.9063 -0.4195 0.0506
vn 0.3670 -0.9300 -0.0202
vn 0.2207 -0.9104 0.3499
vn 0.3556 -0.8294 -0.4309
vn -0.0536 -0.9984 0.0183
vn -0.0354 -0.9410 0.3365
vn 0.2207 -0.9104 0.3499
vn -0.0354 -0.9410 0.3365
vn -0.0536 -0.9984 0.0183
vn -0.2181 -0.9759 -0.0055
vn 0.5963 0.4655 0.6540
vn 0.9749 -0.0306 0.2204
vn 0.9263 -0.1868 0.3273
vn -0.0814 -0.2997 0.9505
vn 0.0010 -0.0038 1.0000
vn 0.0059 -0.0102 0.9999
vn 0.0020 -0.0041 1.0000
vn 0.0008 -0.0018 1.0000
vn -0.0814 -0.2997 0.9505
vn 0.0008 -0.0018 1.0000
vn 0.0010 -0.0038 1.0000
vn -0.0814 -0.2997 0.9505
vn -0.0814 -0.2997 0.9505
vn -0.0094 -0.0055 0.9999
vn 0.0020 -0.0041 1.0000
vn -0.0814 -0.2997 0.9505
vn 0.0059 -0.0102 0.9999
vn 0.2191 -0.6234 0.7506
vn 0.0059 -0.0102 0.9999
vn 0.1458 -0.4154 0.8979
vn 0.2191 -0.6234 0.7506
vn -0.0814 -0.2997 0.9505
vn 0.2191 -0.6234 0.7506
vn -0.2342 -0.7704 0.5930
vn 0.2911 -0.1133 0.9500
vn 0.6005 -0.2327 0.7650
vn 0.5128 0.0236 0.8582
vn 0.5125 -0.5613 0.6498
vn 0.3291 -0.8514 0.4085
vn 0.4696 -0.5313 0.7051
vn 0.2081 -0.6942 0.6890
vn 0.3291 -0.8514 0.4085
vn 0.2190 -0.9381 0.2682
vn 0.3291 -0.8514 0.4085
vn 0.3424 -0.9240 0.1701
vn 0.2190 -0.9381 0.2682
vn 0.4696 -0.5313 0.7051
vn 0.1546 -0.6643 0.7313
vn 0.2081 -0.6942 0.6890
vn 0.3291 -0.8514 0.4085
vn 0.1546 -0.6643 0.7313
vn 0.4696 -0.5313 0.7051
vn 0.1546 -0.6643 0.7313
vn 0.3291 -0.8514 0.4085
vn 0.2081 -0.6942 0.6890
vn 0.5125 -0.5613 0.6498
vn 0.6005 -0.2327 0.7650
vn 0.5905 -0.3686 0.7179
vn 0.4990 -0.3595 0.7885
vn 0.4696 -0.5313 0.7051
vn 0.2081 -0.6942 0.6890
vn 0.2081 -0.6942 0.6890
vn 0.3119 -0.2327 0.9212
vn 0.4990 -0.3595 0.7885
vn 0.3119 -0.2327 0.9212
vn 0.6005 -0.2327 0.7650
vn 0.4990 -0.3595 0.7885
vn 0.4696 -0.5313 0.7051
vn 0.6005 -0.2327 0.7650
vn 0.5125 -0.5613 0.6498
vn 0.6005 -0.2327 0.7650
vn 0.4696 -0.5313 0.7051
vn 0.4990 -0.3595 0.7885
vn 0.3119 -0.2327 0.9212
vn 0.2081 -0.6942 0.6890
vn 0.4264 -0.4492 0.7851
vn 0.3119 -0.2327 0.9212
vn 0.5128 0.0236 0.8582
vn 0.6005 -0.2327 0.7650
vn 0.2980 0.8751 0.3812
vn 0.5233 0.6370 0.5660
vn 0.4638 0.4780 0.7459
vn 0.2980 0.8751 0.3812
vn 0.4638 0.4780 0.7459
vn 0.1658 0.7427 0.6488
vn 0.0915 0.6629 0.7431
vn 0.1658 0.7427 0.6488
vn 0.4638 0.4780 0.7459
vn 0.0915 0.6629 0.7431
vn 0.6718 0.4946 0.5514
vn 0.1658 0.7427 0.6488
vn 0.4638 0.4780 0.7459
vn 0.7849 0.2481 0.5678
vn 0.5560 0.3436 0.7568
vn 0.4638 0.4780 0.7459
vn 0.5560 0.3436 0.7568
vn 0.2735 0.1174 0.9547
vn 0.0344 0.3031 0.9523
vn 0.0533 0.3224 0.9451
vn 0.4638 0.4780 0.7459
vn 0.7849 0.2481 0.5678
vn 0.5128 0.0236 0.8582
vn 0.5560 0.3436 0.7568
vn 0.2735 0.1174 0.9547
vn 0.0344 0.3031 0.9523
vn 0.4638 0.4780 0.7459
vn 0.3323 0.9029 0.2728
vn 0.2980 0.8751 0.3812
vn 0.3362 0.9389 0.0741
vn 0.5407 0.7956 0.2732
vn 0.3323 0.9029 0.2728
vn 0.3362 0.9389 0.0741
vn 0.5128 0.0236 0.8582
vn 0.3119 -0.2327 0.9212
vn 0.2735 0.1174 0.9547
vn 0.0989 0.9148 0.3916
vn 0.5560 0.3436 0.7568
vn 0.0989 0.9148 0.3916
vn 0.3119 -0.2327 0.9212
vn 0.1607 -0.1634 0.9734
vn 0.2735 0.1174 0.9547
vn 0.3119 -0.2327 0.9212
vn 0.4264 -0.4492 0.7851
vn 0.1607 -0.1634 0.9734
vn 0.2081 -0.6942 0.6890
vn 0.6967 -0.5977 0.3966
vn 0.4264 -0.4492 0.7851
vn 0.2081 -0.6942 0.6890
vn 0.2190 -0.9381 0.2682
vn -0.1341 -0.8171 0.5607
vn 0.2190 -0.9381 0.2682
vn 0.0795 -0.9149 0.3959
vn 0.6967 -0.5977 0.3966
vn 0.2190 -0.9381 0.2682
vn 0.0782 -0.9916 0.1031
vn 0.0782 -0.9916 0.1031
vn 0.5258 0.7640 -0.3739
vn 0.2870 0.9007 -0.3262
vn 0.2870 0.9007 -0.3262
vn 0.9999 -0.0070 0.0093
vn 0.9458 0.2499 0.2074
vn 0.6718 0.4946 0.5514
vn 0.6718 0.4946 0.5514
vn 0.9983 -0.0401 0.0420
vn 0.9990 0.0335 -0.0304
vn 1.0000 -0.0042 -0.0003
vn 1.0000 0.0053 -0.0044
vn 0.9097 0.2472 0.3337
vn 0.9097 0.2472 0.3337
vn 0.9559 0.1168 0.2696
vn 1.0000 -0.0042 -0.0003
vn 0.9097 0.2472 0.3337
vn 0.9983 -0.0401 0.0420
vn 0.6718 0.4946 0.5514
vn 0.0495 0.0584 0.9971
vn 0.2735 0.1174 0.9547
vn 0.0495 0.0584 0.9971
vn 0.9762 0.2077 0.0630
vn 0.8927 0.3880 0.2293
vn 0.9762 0.2077 0.0630
vn 1.0000 -0.0000 -0.0000
vn 1.0000 0.0000 -0.0000
vn 0.9999 -0.0097 0.0129
vn -0.0662 -0.0450 0.9968
vn 0.2735 0.1174 0.9547
vn 0.1607 -0.1634 0.9734
vn 0.9997 0.0194 -0.0130
vn 0.9792 0.0098 0.2025
vn 0.9999 -0.0097 0.0129
vn 0.9999 -0.0097 0.0129
vn 1.0000 0.0000 -0.0000
vn 0.9997 0.0194 -0.0130
vn 0.9999 -0.0097 0.0129
vn 0.9792 0.0098 0.2025
vn 0.1607 -0.1634 0.9734
vn 0.4278 -0.8873 0.1723
vn 0.3027 -0.9246 -0.2313
vn 0.3027 -0.9246 -0.2313
vn 0.9458 0.2499 0.2074
vn 1.0000 0.0003 -0.0000
vn 0.9591 0.2750 -0.0673
vn 0.9999 0.0107 -0.0101
vn 0.9458 0.2499 0.2074
vn 0.9999 -0.0070 0.0093
vn 1.0000 0.0007 0.0008
vn 0.9999 0.0107 -0.0101
vn 0.9999 -0.0070 0.0093
vn 0.9999 -0.0070 0.0093
vn 0.6718 0.4946 0.5514
vn 1.0000 0.0007 0.0008
vn 0.5318 0.6293 -0.5667
vn 0.5318 0.6293 -0.5667
vn 0.5318 0.6293 -0.5667
vn 0.9761 -0.1665 -0.1395
vn 0.9999 -0.0104 0.0098
vn 1.0000 0.0053 -0.0044
vn 1.0000 0.0053 -0.0044
vn 1.0000 -0.0042 -0.0003
vn 0.9761 -0.1665 -0.1395
vn 1.0000 0.0007 0.0008
vn 0.6718 0.4946 0.5514
vn 0.9990 0.0335 -0.0304
vn 0.9999 -0.0104 0.0098
vn 1.0000 0.0007 0.0008
vn 0.9990 0.0335 -0.0304
vn 0.9990 0.0335 -0.0304
vn 0.9983 -0.0401 0.0420
vn 0.9999 -0.0104 0.0098
vn 0.9999 -0.0104 0.0098
vn 0.9983 -0.0401 0.0420
vn 0.9097 0.2472 0.3337
vn 0.9920 0.0319 0.1220
vn 0.9792 0.0098 0.2025
vn 0.9998 -0.0019 -0.0186
vn 0.9792 0.0098 0.2025
vn 0.9997 0.0194 -0.0130
vn 0.9998 -0.0019 -0.0186
vn 1.0000 0.0003 -0.0000
vn 0.9458 0.2499 0.2074
vn 0.9999 0.0107 -0.0101
vn 0.9999 0.0107 -0.0101
vn 1.0000 -0.0028 -0.0020
vn 1.0000 0.0003 -0.0000
vn 1.0000 0.0003 -0.0000
vn 0.9938 0.0058 -0.1114
vn 0.9870 0.0289 -0.1579
vn 0.9998 -0.0019 -0.0186
vn 0.9997 0.0194 -0.0130
vn 1.0000 0.0000 -0.0000
vn 1.0000 0.0000 -0.0000
vn 1.0000 -0.0000 -0.0000
vn 0.9998 -0.0019 -0.0186
vn 0.9971 -0.0759 -0.0105
vn 0.9998 -0.0019 -0.0186
vn 1.0000 -0.0000 -0.0000
vn 0.9971 -0.0759 -0.0105
vn 1.0000 -0.0000 -0.0000
vn 0.9999 -0.0097 0.0129
vn 0.9301 -0.3670 -0.0124
vn 0.9971 -0.0759 -0.0105
vn 0.9999 -0.0097 0.0129
vn 0.9767 0.1801 -0.1169
vn 0.9591 0.2750 -0.0673
vn 1.0000 0.0003 -0.0000
vn 0.9998 -0.0019 -0.0186
vn 0.9559 0.1168 0.2696
vn 0.9920 0.0319 0.1220
vn 1.0000 -0.0042 -0.0003
vn 0.9998 -0.0019 -0.0186
vn 0.9983 -0.0569 0.0110
vn 1.0000 0.0003 -0.0000
vn 0.9825 0.0899 -0.1632
vn 0.9250 0.2707 -0.2667
vn 1.0000 0.0003 -0.0000
vn 0.9870 0.0289 -0.1579
vn 0.9825 0.0899 -0.1632
vn 1.0000 0.0003 -0.0000
vn 0.9250 0.2707 -0.2667
vn 0.9767 0.1801 -0.1169
vn 1.0000 -0.0042 -0.0003
vn 0.9559 0.1168 0.2696
vn 0.9998 -0.0019 -0.0186
vn 0.3556 0.9345 0.0149
vn 0.2735 0.9364 -0.2199
vn 0.5258 0.7640 -0.3739
vn 0.8927 0.3880 0.2293
vn 0.9458 0.2499 0.2074
vn 0.9591 0.2750 -0.0673
vn 0.9999 -0.0097 0.0129
vn 0.9996 -0.0164 0.0224
vn 0.6967 -0.5977 0.3966
vn 0.9983 -0.0569 0.0110
vn 0.9761 -0.1665 -0.1395
vn 1.0000 -0.0042 -0.0003
vn 0.9591 0.2750 -0.0673
vn 0.9999 0.0160 0.0055
vn 0.8927 0.3880 0.2293
vn 0.9999 -0.0097 0.0129
vn 0.6967 -0.5977 0.3966
vn 0.9307 -0.3539 0.0927
vn 0.9999 -0.0097 0.0129
vn 0.9307 -0.3539 0.0927
vn 0.9301 -0.3670 -0.0124
vn 0.9999 -0.0097 0.0129
vn 0.9708 -0.0754 0.2279
vn 0.9708 -0.0754 0.2279
vn 0.9862 -0.0444 -0.1594
vn 0.9938 0.0058 -0.1114
vn 1.0000 0.0003 -0.0000
vn 1.0000 -0.0028 -0.0020
vn 0.9862 -0.0444 -0.1594
vn 1.0000 0.0003 -0.0000
vn 0.9862 -0.0444 -0.1594
vn 0.9931 -0.0231 -0.1150
vn 0.9938 0.0058 -0.1114
vn 0.9943 -0.0612 -0.0872
vn 0.9862 -0.0444 -0.1594
vn 1.0000 -0.0028 -0.0020
vn 0.3575 -0.5289 -0.7697
vn 0.2571 -0.4226 -0.8691
vn 0.3632 -0.5277 -0.7679
vn 0.4278 -0.8873 0.1723
vn 0.3112 -0.9192 -0.2411
vn 0.3112 -0.9192 -0.2411
vn 0.4278 -0.8873 0.1723
vn 0.3304 -0.8975 -0.2922
vn 0.3304 -0.8975 -0.2922
vn 1.0000 -0.0028 -0.0020
vn 0.9999 -0.0104 0.0098
vn 0.9761 -0.1665 -0.1395
vn 1.0000 -0.0028 -0.0020
vn 1.0000 0.0007 0.0008
vn 0.9999 -0.0104 0.0098
vn 0.9999 0.0107 -0.0101
vn 1.0000 0.0007 0.0008
vn 1.0000 -0.0028 -0.0020
vn 1.0000 -0.0028 -0.0020
vn 0.9761 -0.1665 -0.1395
vn 0.9732 -0.1522 -0.1727
vn 0.9289 -0.0563 0.3660
vn 0.9430 -0.1261 0.3079
vn 0.9983 -0.0569 0.0110
vn 0.9983 -0.0569 0.0110
vn 0.9296 -0.1605 0.3318
vn 0.9289 -0.0563 0.3660
vn 0.9296 -0.1605 0.3318
vn 0.9539 -0.0741 0.2908
vn 0.9289 -0.0563 0.3660
vn 0.4278 -0.8873 0.1723
vn 0.9296 -0.1605 0.3318
vn 0.9983 -0.0569 0.0110
vn 0.9296 -0.1605 0.3318
vn 0.4013 -0.0795 0.9125
vn 0.6955 -0.0349 0.7177
vn 0.9290 -0.3468 0.1294
vn 0.9296 -0.1605 0.3318
vn 0.4278 -0.8873 0.1723
vn -0.1868 0.0492 0.9812
vn 0.4013 -0.0795 0.9125
vn -0.1849 0.1109 0.9765
vn 0.4278 -0.8873 0.1723
vn 0.2190 -0.9381 0.2682
vn 0.3424 -0.9240 0.1701
vn 0.4278 -0.8873 0.1723
vn -0.1731 -0.9781 -0.1159
vn 0.2190 -0.9381 0.2682
vn 0.4727 -0.5248 0.7079
vn 0.6378 -0.6276 0.4464
vn 0.3424 -0.9240 0.1701
vn 0.1206 -0.3661 0.9227
vn 0.6955 -0.0349 0.7177
vn 0.4013 -0.0795 0.9125
vn 0.9539 -0.0741 0.2908
vn 0.9430 -0.1261 0.3079
vn 0.9289 -0.0563 0.3660
vn 0.6955 -0.0349 0.7177
vn 0.1206 -0.3661 0.9227
vn 0.7983 -0.0553 0.5997
vn 0.7983 -0.0553 0.5997
vn 0.1471 -0.0341 0.9885
vn 0.6955 -0.0349 0.7177
vn 0.9539 -0.0741 0.2908
vn 0.9296 -0.1605 0.3318
vn 0.7983 -0.0553 0.5997
vn 0.4278 -0.8873 0.1723
vn 0.3424 -0.9240 0.1701
vn 0.6378 -0.6276 0.4464
vn 0.2911 -0.1133 0.9500
vn 0.5905 -0.3686 0.7179
vn 0.6005 -0.2327 0.7650
vn 0.2911 -0.1133 0.9500
vn 0.5125 -0.5613 0.6498
vn 0.5905 -0.3686 0.7179
vn 0.6519 -0.6388 0.4087
vn 0.5125 -0.5613 0.6498
vn 0.8092 -0.3910 0.4386
vn 0.1781 -0.9036 0.3897
vn 0.3291 -0.8514 0.4085
vn 0.2032 -0.8712 0.4468
vn 0.1507 -0.9438 0.2940
vn 0.3424 -0.9240 0.1701
vn 0.3291 -0.8514 0.4085
vn 0.2191 -0.6234 0.7506
vn -0.1240 -0.8988 0.4205
vn -0.2342 -0.7704 0.5930
vn -0.1240 -0.8988 0.4205
vn 0.2191 -0.6234 0.7506
vn 0.2812 -0.8222 0.4949
vn 0.8092 -0.3910 0.4386
vn 0.5125 -0.5613 0.6498
vn 0.2911 -0.1133 0.9500
vn 0.3291 -0.8514 0.4085
vn 0.6519 -0.6388 0.4087
vn 0.2032 -0.8712 0.4468
vn 0.5125 -0.5613 0.6498
vn 0.6519 -0.6388 0.4087
vn 0.3291 -0.8514 0.4085
vn 0.2032 -0.8712 0.4468
vn 0.2207 -0.9104 0.3499
vn 0.1781 -0.9036 0.3897
vn 0.1781 -0.9036 0.3897
vn 0.1818 -0.9506 0.2516
vn 0.3291 -0.8514 0.4085
vn 0.1818 -0.9506 0.2516
vn 0.1360 -0.8998 0.4145
vn 0.3291 -0.8514 0.4085
vn 0.2585 -0.7465 0.6131
vn 0.1507 -0.9438 0.2940
vn 0.1360 -0.8998 0.4145
vn 0.2585 -0.7465 0.6131
vn 0.4727 -0.5248 0.7079
vn 0.3424 -0.9240 0.1701
vn 0.1360 -0.8998 0.4145
vn 0.1507 -0.9438 0.2940
vn 0.3291 -0.8514 0.4085
vn 0.2585 -0.7465 0.6131
vn 0.3424 -0.9240 0.1701
vn 0.1507 -0.9438 0.2940
vn 0.1818 -0.9506 0.2516
vn 0.1350 -0.9556 0.2618
vn 0.1360 -0.8998 0.4145
vn -0.0354 -0.9410 0.3365
vn -0.1240 -0.8988 0.4205
vn 0.2812 -0.8222 0.4949
vn 0.2337 -0.8469 0.4777
vn 0.2812 -0.8222 0.4949
vn 0.2191 -0.6234 0.7506
vn 0.2812 -0.8222 0.4949
vn 0.2337 -0.8469 0.4777
vn -0.0354 -0.9410 0.3365
vn -0.0354 -0.9410 0.3365
vn 0.2337 -0.8469 0.4777
vn 0.2207 -0.9104 0.3499
vn 0.2207 -0.9104 0.3499
vn 0.1658 -0.9432 0.2878
vn 0.1350 -0.9556 0.2618
vn 0.1350 -0.9556 0.2618
vn 0.1781 -0.9036 0.3897
vn 0.2207 -0.9104 0.3499
vn 0.1350 -0.9556 0.2618
vn 0.1818 -0.9506 0.2516
vn 0.1781 -0.9036 0.3897
vn 0.4278 -0.8873 0.1723
vn 0.6378 -0.6276 0.4464
vn 0.4130 -0.3361 0.8464
vn -0.1868 0.0492 0.9812
vn -0.4062 0.2951 0.8648
vn -0.1815 0.1081 0.9774
vn 0.0027 -0.8801 0.4748
vn 0.0151 -0.9010 0.4335
vn 0.2337 -0.8469 0.4777
vn 0.0607 -0.9204 0.3863
vn 0.0027 -0.8801 0.4748
vn 0.2337 -0.8469 0.4777
vn 0.1458 -0.4154 0.8979
vn 0.0059 -0.0102 0.9999
vn 0.0745 0.0153 0.9971
vn 0.2337 -0.8469 0.4777
vn 0.2191 -0.6234 0.7506
vn 0.1458 -0.4154 0.8979
vn 0.0063 -0.9772 0.2124
vn 0.0013 -0.9786 0.2058
vn 0.0611 -0.9778 0.2006
vn 0.0013 -0.9786 0.2058
vn 0.0004 -0.9825 0.1865
vn 0.0611 -0.9778 0.2006
vn 0.0611 -0.9778 0.2006
vn 0.0004 -0.9825 0.1865
vn 0.0003 -0.9830 0.1837
vn 0.0041 -0.9606 0.2778
vn 0.0063 -0.9772 0.2124
vn 0.1350 -0.9556 0.2618
vn 0.1658 -0.9432 0.2878
vn 0.0026 -0.9571 0.2898
vn 0.0077 -0.9718 0.2358
vn 0.1658 -0.9432 0.2878
vn 0.1839 -0.9164 0.3555
vn 0.0040 -0.9576 0.2881
vn 0.0032 -0.9516 0.3072
vn 0.0040 -0.9576 0.2881
vn 0.1839 -0.9164 0.3555
vn 0.0158 -0.9326 0.3605
vn 0.0010 -0.9399 0.3415
vn 0.1839 -0.9164 0.3555
vn 0.0001 -0.9259 0.3778
vn -0.0000 -0.9272 0.3746
vn 0.0158 -0.9326 0.3605
vn 0.0018 -0.9088 0.4173
vn 0.0033 -0.9155 0.4024
vn 0.0767 -0.9136 0.3994
vn 0.0767 -0.9136 0.3994
vn 0.0033 -0.9155 0.4024
vn 0.0033 -0.9182 0.3960
vn 0.0033 -0.9182 0.3960
vn 0.0055 -0.9195 0.3932
vn 0.0767 -0.9136 0.3994
vn 0.0767 -0.9136 0.3994
vn 0.0035 -0.9083 0.4183
vn 0.0018 -0.9088 0.4173
vn 0.0767 -0.9136 0.3994
vn 0.2337 -0.8469 0.4777
vn 0.0151 -0.9010 0.4335
vn 0.0151 -0.9010 0.4335
vn 0.0044 -0.9038 0.4280
vn 0.0767 -0.9136 0.3994
vn 0.0044 -0.9038 0.4280
vn 0.0035 -0.9083 0.4183
vn 0.0767 -0.9136 0.3994
vn 0.2337 -0.8469 0.4777
vn 0.1839 -0.9164 0.3555
vn 0.2207 -0.9104 0.3499
vn 0.1360 -0.8998 0.4145
vn 0.1350 -0.9556 0.2618
vn 0.0145 -0.9940 0.1089
vn 0.0145 -0.9940 0.1089
vn 0.0611 -0.9778 0.2006
vn 0.0019 -0.9874 0.1583
vn 0.0611 -0.9778 0.2006
vn 0.0003 -0.9830 0.1837
vn 0.0019 -0.9874 0.1583
vn 0.0611 -0.9778 0.2006
vn 0.1350 -0.9556 0.2618
vn 0.0063 -0.9772 0.2124
vn -0.0612 -0.9602 0.2726
vn 0.1350 -0.9556 0.2618
vn 0.0077 -0.9718 0.2358
vn 0.1839 -0.9164 0.3555
vn 0.0027 -0.9422 0.3350
vn 0.0032 -0.9516 0.3072
vn 0.0158 -0.9326 0.3605
vn 0.0055 -0.9195 0.3932
vn 0.0001 -0.9259 0.3778
vn 0.0158 -0.9326 0.3605
vn 0.0767 -0.9136 0.3994
vn 0.0055 -0.9195 0.3932
vn 0.0145 -0.9940 0.1089
vn 0.1350 -0.9556 0.2618
vn 0.0611 -0.9778 0.2006
vn 0.1658 -0.9432 0.2878
vn 0.0077 -0.9718 0.2358
vn 0.1350 -0.9556 0.2618
vn 0.1839 -0.9164 0.3555
vn 0.0767 -0.9136 0.3994
vn 0.0158 -0.9326 0.3605
vn 0.1839 -0.9164 0.3555
vn 0.1658 -0.9432 0.2878
vn 0.2207 -0.9104 0.3499
vn 0.0767 -0.9136 0.3994
vn 0.1839 -0.9164 0.3555
vn 0.2337 -0.8469 0.4777
vn 0.1360 -0.8998 0.4145
vn -0.0778 -0.7999 0.5950
vn 0.2493 -0.1946 0.9487
vn -0.0778 -0.7999 0.5950
vn -0.1236 -0.9753 0.1832
vn -0.4661 -0.2156 0.8581
vn -0.7656 -0.0846 0.6378
vn -0.4661 -0.2156 0.8581
vn -0.1236 -0.9753 0.1832
vn 0.6757 -0.6956 -0.2439
vn 0.4278 -0.8873 0.1723
vn 0.6757 -0.6956 -0.2439
vn -0.5577 0.6660 0.4955
vn -0.1815 0.1081 0.9774
vn -0.5577 0.6660 0.4955
vn -0.1868 0.0492 0.9812
vn 0.4130 -0.3361 0.8464
vn 0.1206 -0.3661 0.9227
vn -0.1208 -0.0994 0.9877
vn 0.1206 -0.3661 0.9227
vn 0.4130 -0.3361 0.8464
vn -0.0223 -0.9997 0.0036
vn -0.2329 -0.9724 0.0134
vn -0.0013 -1.0000 0.0044
vn -0.2329 -0.9724 0.0134
vn -0.0714 -0.9972 -0.0219
vn -0.0013 -1.0000 0.0015
vn -0.0656 -0.9971 -0.0373
vn -0.0031 -1.0000 -0.0030
vn -0.0045 -0.9999 0.0115
vn -0.0031 -1.0000 -0.0030
vn -0.0656 -0.9971 -0.0373
vn -0.1403 -0.9772 -0.1596
vn -0.1403 -0.9772 -0.1596
vn 0.0041 -1.0000 -0.0073
vn -0.0031 -1.0000 -0.0030
vn -0.1798 -0.9303 -0.3196
vn -0.0001 -1.0000 -0.0021
vn -0.1403 -0.9772 -0.1596
vn 0.0071 -0.9962 -0.0863
vn 0.1578 -0.8287 -0.5371
vn 0.0679 -0.9874 -0.1426
vn -0.1798 -0.9303 -0.3196
vn 0.0127 -0.9999 -0.0089
vn 0.0137 -0.9998 -0.0134
vn 0.0009 -1.0000 -0.0009
vn 0.0299 -0.9993 -0.0226
vn 0.1844 -0.9817 -0.0480
vn 0.0409 -0.9961 -0.0776
vn 0.0004 -1.0000 -0.0000
vn 0.0023 -1.0000 -0.0058
vn 0.0409 -0.9961 -0.0776
vn -0.0016 -1.0000 -0.0008
vn 0.0004 -1.0000 -0.0000
vn -0.0016 -1.0000 -0.0008
vn 0.0409 -0.9961 -0.0776
vn 0.2375 -0.9714 0.0045
vn 0.2542 -0.9672 -0.0031
vn -0.0006 -1.0000 0.0000
vn -0.0016 -1.0000 -0.0008
vn 0.9855 -0.0354 -0.1658
vn 0.6099 -0.7883 -0.0811
vn 0.9292 -0.3192 -0.1860
vn 0.9607 -0.0284 -0.2761
vn 0.9768 -0.0320 -0.2116
vn 0.9387 -0.2707 -0.2134
vn 0.9343 -0.2988 -0.1944
vn 0.9768 -0.0320 -0.2116
vn 0.9855 -0.0354 -0.1658
vn 0.9738 -0.0377 -0.2243
vn 0.9065 -0.3225 -0.2726
vn 0.9065 -0.3225 -0.2726
vn 0.9528 -0.0311 -0.3021
vn 0.9579 -0.0324 -0.2852
vn 0.9111 -0.2970 -0.2858
vn 0.8954 -0.3607 -0.2610
vn 0.9579 -0.0324 -0.2852
vn 0.9738 -0.0377 -0.2243
vn 0.9262 -0.0271 -0.3760
vn 0.9641 -0.0289 -0.2638
vn 0.9035 -0.2291 -0.3622
vn 0.9278 -0.0275 -0.3722
vn 0.9468 -0.0294 -0.3204
vn 0.9197 -0.2249 -0.3218
vn 0.9171 -0.2613 -0.3010
vn 0.9468 -0.0294 -0.3204
vn 0.9528 -0.0311 -0.3021
vn 0.9178 -0.0282 -0.3959
vn 0.9262 -0.0271 -0.3760
vn 0.8929 -0.2513 -0.3736
vn 0.9098 -0.0389 -0.4132
vn 0.9178 -0.0282 -0.3959
vn 0.8721 -0.3024 -0.3846
vn 0.8522 -0.3488 -0.3900
vn 0.8522 -0.3488 -0.3900
vn 0.9098 -0.0389 -0.4132
vn 0.8519 -0.3501 -0.3895
vn 0.9020 -0.0286 -0.4309
vn 0.9098 -0.0389 -0.4132
vn 0.8934 -0.0283 -0.4483
vn 0.9020 -0.0286 -0.4309
vn 0.8622 -0.2904 -0.4151
vn 0.8619 -0.2449 -0.4440
vn 0.8852 -0.0280 -0.4644
vn 0.8934 -0.0283 -0.4483
vn 0.8743 -0.0277 -0.4846
vn 0.8852 -0.0280 -0.4644
vn 0.8540 -0.2426 -0.4603
vn 0.8464 -0.2480 -0.4713
vn 0.8668 -0.0281 -0.4978
vn 0.8743 -0.0277 -0.4846
vn 0.8619 -0.0293 -0.5062
vn 0.8668 -0.0281 -0.4978
vn 0.8313 -0.2742 -0.4835
vn 0.8140 -0.3116 -0.4903
vn 0.8507 -0.0353 -0.5245
vn 0.8619 -0.0293 -0.5062
vn 0.8507 -0.0353 -0.5245
vn 0.7770 -0.3855 -0.4977
vn 0.7770 -0.3855 -0.4977
vn 0.7785 -0.3972 -0.4860
vn 0.8395 -0.0292 -0.5426
vn 0.8507 -0.0353 -0.5245
vn 0.8150 -0.0356 -0.5783
vn 0.7545 -0.4108 -0.5119
vn 0.7809 -0.0821 -0.6193
vn 0.8150 -0.0356 -0.5783
vn 0.8264 -0.0299 -0.5623
vn 0.7408 -0.4320 -0.5144
vn 0.8264 -0.0299 -0.5623
vn 0.8395 -0.0292 -0.5426
vn 0.7605 -0.4058 -0.5070
vn 0.7809 -0.0821 -0.6193
vn 0.7684 -0.0268 -0.6394
vn 0.7958 -0.0266 -0.6049
vn 0.7958 -0.0266 -0.6049
vn 0.8044 -0.0268 -0.5935
vn 0.7809 -0.0821 -0.6193
vn 0.7809 -0.0821 -0.6193
vn 0.8044 -0.0268 -0.5935
vn 0.8150 -0.0356 -0.5783
vn 0.7769 -0.0308 -0.6288
vn 0.7809 -0.0821 -0.6193
vn 0.7117 -0.3038 -0.6334
vn 0.6984 -0.2953 -0.6520
vn 0.7210 -0.0282 -0.6924
vn 0.7361 -0.0285 -0.6763
vn 0.7023 -0.3291 -0.6313
vn 0.7361 -0.0285 -0.6763
vn 0.7493 -0.0303 -0.6615
vn 0.7493 -0.0303 -0.6615
vn 0.7569 -0.0293 -0.6529
vn 0.7025 -0.3590 -0.6145
vn 0.6961 -0.4152 -0.5857
vn 0.7569 -0.0293 -0.6529
vn 0.7769 -0.0308 -0.6288
vn 0.7052 -0.0335 -0.7082
vn 0.7210 -0.0282 -0.6924
vn 0.6827 -0.2858 -0.6725
vn 0.6558 -0.3168 -0.6853
vn 0.6558 -0.3168 -0.6853
vn 0.7052 -0.0335 -0.7082
vn 0.6898 -0.0283 -0.7234
vn 0.7052 -0.0335 -0.7082
vn 0.6549 -0.3470 -0.6713
vn 0.6540 -0.3128 -0.6888
vn 0.6777 -0.0284 -0.7348
vn 0.6898 -0.0283 -0.7234
vn 0.6666 -0.0279 -0.7449
vn 0.6777 -0.0284 -0.7348
vn 0.6478 -0.2787 -0.7091
vn 0.6400 -0.2711 -0.7190
vn 0.5425 -0.0298 -0.8395
vn 0.6666 -0.0279 -0.7449
vn 0.5639 -0.3755 -0.7356
vn 0.3928 -0.7136 -0.5800
vn 0.6053 -0.0379 -0.7951
vn 0.6053 -0.0379 -0.7951
vn 0.6197 -0.0287 -0.7843
vn 0.5745 -0.3528 -0.7386
vn 0.6197 -0.0287 -0.7843
vn 0.6807 -0.0272 -0.7320
vn 0.5988 -0.3052 -0.7405
vn 0.5743 -0.0277 -0.8182
vn 0.5891 -0.0279 -0.8076
vn 0.3928 -0.7136 -0.5800
vn 0.3928 -0.7136 -0.5800
vn 0.5891 -0.0279 -0.8076
vn 0.6053 -0.0379 -0.7951
vn 0.5397 -0.0308 -0.8413
vn 0.3928 -0.7136 -0.5800
vn 0.4420 -0.4342 -0.7850
vn 0.5397 -0.0308 -0.8413
vn 0.5582 -0.0275 -0.8293
vn 0.3928 -0.7136 -0.5800
vn 0.3928 -0.7136 -0.5800
vn 0.5582 -0.0275 -0.8293
vn 0.5743 -0.0277 -0.8182
vn 0.4420 -0.4342 -0.7850
vn 0.4802 -0.0269 -0.8768
vn 0.4943 -0.0268 -0.8689
vn 0.4420 -0.4342 -0.7850
vn 0.4943 -0.0268 -0.8689
vn 0.5129 -0.0270 -0.8580
vn 0.5129 -0.0270 -0.8580
vn 0.5262 -0.0273 -0.8499
vn 0.4420 -0.4342 -0.7850
vn 0.4420 -0.4342 -0.7850
vn 0.5262 -0.0273 -0.8499
vn 0.5397 -0.0308 -0.8413
vn 0.4605 -0.0271 -0.8872
vn 0.4802 -0.0269 -0.8768
vn 0.4420 -0.4342 -0.7850
vn 0.4426 -0.0327 -0.8961
vn 0.4605 -0.0271 -0.8872
vn 0.4420 -0.4342 -0.7850
vn 0.4420 -0.4342 -0.7850
vn 0.4137 -0.3432 -0.8432
vn 0.4426 -0.0327 -0.8961
vn 0.4142 -0.3444 -0.8425
vn 0.4263 -0.0285 -0.9041
vn 0.4426 -0.0327 -0.8961
vn 0.4141 -0.0282 -0.9098
vn 0.4263 -0.0285 -0.9041
vn 0.3997 -0.3287 -0.8557
vn 0.3891 -0.3359 -0.8578
vn 0.3934 -0.0318 -0.9188
vn 0.4141 -0.0282 -0.9098
vn 0.3934 -0.0318 -0.9188
vn 0.3805 -0.3426 -0.8590
vn 0.3469 -0.0630 -0.9358
vn 0.3469 -0.0630 -0.9358
vn 0.3933 -0.0276 -0.9190
vn 0.3934 -0.0318 -0.9188
vn 0.3702 -0.0268 -0.9286
vn 0.3933 -0.0276 -0.9190
vn 0.3469 -0.0630 -0.9358
vn 0.3469 -0.0630 -0.9358
vn 0.3291 -0.0271 -0.9439
vn 0.3702 -0.0268 -0.9286
vn 0.3484 -0.0300 -0.9369
vn 0.3469 -0.0630 -0.9358
vn 0.1578 -0.8287 -0.5371
vn 0.1578 -0.8287 -0.5371
vn 0.3171 -0.0286 -0.9479
vn 0.3484 -0.0300 -0.9369
vn 0.2644 -0.0314 -0.9639
vn 0.1578 -0.8287 -0.5371
vn 0.1846 -0.5152 -0.8370
vn 0.2644 -0.0314 -0.9639
vn 0.2839 -0.0286 -0.9584
vn 0.1578 -0.8287 -0.5371
vn 0.2839 -0.0286 -0.9584
vn 0.2951 -0.0283 -0.9550
vn 0.1578 -0.8287 -0.5371
vn 0.2951 -0.0283 -0.9550
vn 0.3171 -0.0286 -0.9479
vn 0.1578 -0.8287 -0.5371
vn 0.2115 -0.0269 -0.9770
vn 0.1846 -0.5152 -0.8370
vn 0.1869 -0.0377 -0.9817
vn 0.1846 -0.5152 -0.8370
vn 0.2115 -0.0269 -0.9770
vn 0.2339 -0.0267 -0.9719
vn 0.2339 -0.0267 -0.9719
vn 0.2472 -0.0268 -0.9686
vn 0.1846 -0.5152 -0.8370
vn 0.1846 -0.5152 -0.8370
vn 0.2472 -0.0268 -0.9686
vn 0.2644 -0.0314 -0.9639
vn 0.1869 -0.0377 -0.9817
vn 0.2114 -0.0262 -0.9771
vn 0.2115 -0.0269 -0.9770
vn 0.1442 -0.3201 -0.9363
vn 0.1354 -0.0282 -0.9904
vn 0.1553 -0.0306 -0.9874
vn 0.1869 -0.0377 -0.9817
vn 0.1589 -0.3799 -0.9113
vn 0.1553 -0.0306 -0.9874
vn 0.1553 -0.0306 -0.9874
vn 0.1725 -0.0263 -0.9847
vn 0.1869 -0.0377 -0.9817
vn 0.1290 -0.2715 -0.9538
vn 0.1176 -0.0282 -0.9927
vn 0.1354 -0.0282 -0.9904
vn 0.0763 -0.0278 -0.9967
vn 0.0974 -0.0278 -0.9949
vn 0.0851 -0.2489 -0.9648
vn 0.1030 -0.2403 -0.9652
vn 0.0974 -0.0278 -0.9949
vn 0.1176 -0.0282 -0.9927
vn -0.0350 -0.1137 -0.9929
vn 0.0221 -0.0262 -0.9994
vn 0.0225 -0.0263 -0.9994
vn -0.0350 -0.1137 -0.9929
vn 0.0225 -0.0263 -0.9994
vn 0.0449 -0.0313 -0.9985
vn 0.0488 -0.3138 -0.9482
vn -0.0350 -0.1137 -0.9929
vn 0.0449 -0.0313 -0.9985
vn 0.0449 -0.0313 -0.9985
vn 0.0595 -0.0282 -0.9978
vn 0.0524 -0.3026 -0.9517
vn 0.0708 -0.2653 -0.9616
vn 0.0595 -0.0282 -0.9978
vn 0.0763 -0.0278 -0.9967
vn -0.0223 -0.9997 0.0036
vn -0.0045 -0.9992 -0.0390
vn -0.0089 -1.0000 0.0027
vn -0.0089 -1.0000 0.0027
vn 0.0131 -0.9908 0.1351
vn -0.6338 -0.7702 0.0713
vn -0.0240 -0.9914 -0.1286
vn -0.0166 -0.9998 0.0061
vn -0.6338 -0.7702 0.0713
vn -0.0166 -0.9998 0.0061
vn -0.0240 -0.9914 -0.1286
vn 0.0019 -0.9999 0.0116
vn 0.0085 -0.9988 0.0491
vn -0.4430 -0.8542 0.2723
vn -0.0166 -0.9998 0.0061
vn -0.0088 -0.9999 0.0064
vn -0.4430 -0.8542 0.2723
vn -0.0090 -0.9997 -0.0238
vn -0.4995 -0.6985 0.5124
vn -0.0088 -0.9999 0.0064
vn -0.0132 -0.9995 -0.0275
vn -0.4995 -0.6985 0.5124
vn -0.0132 -0.9995 -0.0275
vn -0.0020 -1.0000 0.0017
vn -0.4995 -0.6985 0.5124
vn -0.0020 -1.0000 0.0017
vn 0.0271 -0.9967 0.0767
vn -0.0172 -0.9991 -0.0379
vn -0.1630 -0.9652 0.2046
vn -0.4995 -0.6985 0.5124
vn -0.1630 -0.9652 0.2046
vn -0.0039 -1.0000 -0.0081
vn -0.0016 -1.0000 0.0023
vn -0.0016 -1.0000 0.0023
vn -0.2670 -0.8546 0.4454
vn -0.1630 -0.9652 0.2046
vn -0.2670 -0.8546 0.4454
vn -0.0016 -1.0000 0.0023
vn 0.0188 -0.9990 0.0400
vn 0.0004 -1.0000 0.0052
vn -0.0558 -0.9889 0.1377
vn -0.2670 -0.8546 0.4454
vn 0.1869 -0.0377 -0.9817
vn 0.1846 -0.5152 -0.8370
vn 0.1608 -0.3966 -0.9038
vn 0.0071 -0.9962 -0.0863
vn -0.1280 -0.7318 -0.6694
vn -0.0350 -0.1137 -0.9929
vn -0.7746 -0.5941 0.2171
vn -0.6338 -0.7702 0.0713
vn -0.7746 -0.5941 0.2171
vn 0.0127 -0.9999 -0.0089
vn 0.7809 -0.0821 -0.6193
vn 0.0137 -0.9998 -0.0134
vn 0.1846 -0.5152 -0.8370
vn 0.1578 -0.8287 -0.5371
vn 0.0071 -0.9962 -0.0863
vn 0.0409 -0.9961 -0.0776
vn 0.6099 -0.7883 -0.0811
vn 0.3491 -0.9370 -0.0142
vn 0.4420 -0.4342 -0.7850
vn 0.3928 -0.7136 -0.5800
vn 0.0679 -0.9874 -0.1426
vn 0.3469 -0.0630 -0.9358
vn 0.0679 -0.9874 -0.1426
vn 0.1578 -0.8287 -0.5371
vn -0.7467 -0.1803 -0.6403
vn -0.7209 -0.1528 -0.6760
vn -0.7209 -0.1528 -0.6760
vn -0.7880 -0.5450 0.2864
vn -0.4430 -0.8542 0.2723
vn -0.6338 -0.7702 0.0713
vn -0.5926 -0.1450 0.7923
vn -0.4661 -0.2156 0.8581
vn -0.4995 -0.6985 0.5124
vn -0.4661 -0.2156 0.8581
vn -0.6402 -0.0790 0.7641
vn -0.6402 -0.0790 0.7641
vn 0.3928 -0.7136 -0.5800
vn 0.1836 -0.9553 -0.2319
vn 0.0679 -0.9874 -0.1426
vn -0.0631 -0.7592 0.6478
vn 0.0616 -0.9883 0.1398
vn 0.0616 -0.9883 0.1398
vn 0.6984 -0.6445 0.3111
vn 0.9430 -0.1261 0.3079
vn 0.9539 -0.0741 0.2908
vn 0.5067 -0.8528 0.1268
vn 0.5067 -0.8528 0.1268
vn 0.5067 -0.8528 0.1268
vn 0.1206 -0.3661 0.9227
vn 0.4013 -0.0795 0.9125
vn -0.1868 0.0492 0.9812
vn 0.0520 -0.9981 0.0343
vn 0.3787 -0.9165 0.1288
vn 0.3787 -0.9165 0.1288
vn -0.0008 -1.0000 0.0008
vn 0.0005 -1.0000 -0.0002
vn -0.0132 -0.9995 -0.0275
vn -0.0132 -0.9995 -0.0275
vn -0.0088 -0.9999 0.0064
vn -0.0008 -1.0000 0.0008
vn 0.0510 -0.9930 -0.1066
vn -0.0558 -0.9889 0.1377
vn -0.0283 -0.9989 -0.0364
vn -0.0088 -0.9999 0.0064
vn -0.0090 -0.9997 -0.0238
vn -0.0008 -1.0000 0.0008
vn -0.0026 -1.0000 0.0015
vn -0.0008 -1.0000 0.0008
vn -0.0090 -0.9997 -0.0238
vn -0.0090 -0.9997 -0.0238
vn -0.4430 -0.8542 0.2723
vn -0.0026 -1.0000 0.0015
vn 0.0001 -1.0000 0.0001
vn -0.1630 -0.9652 0.2046
vn -0.0172 -0.9991 -0.0379
vn -0.0172 -0.9991 -0.0379
vn -0.0014 -1.0000 0.0016
vn 0.0001 -1.0000 0.0001
vn -0.0045 -0.9992 -0.0390
vn -0.0223 -0.9997 0.0036
vn -0.0010 -1.0000 0.0002
vn -0.0010 -1.0000 0.0002
vn -0.0003 -1.0000 0.0001
vn -0.0045 -0.9992 -0.0390
vn -0.0089 -1.0000 0.0027
vn -0.0045 -0.9992 -0.0390
vn -0.0003 -1.0000 0.0001
vn -0.0223 -0.9997 0.0036
vn -0.0013 -1.0000 0.0044
vn -0.0010 -1.0000 0.0002
vn -0.0006 -1.0000 0.0000
vn -0.0010 -1.0000 0.0002
vn -0.0013 -1.0000 0.0044
vn -0.0013 -1.0000 0.0044
vn -0.2329 -0.9724 0.0134
vn -0.0006 -1.0000 0.0000
vn -0.6338 -0.7702 0.0713
vn 0.0131 -0.9908 0.1351
vn -0.0047 -1.0000 0.0015
vn -0.0003 -1.0000 0.0001
vn -0.0047 -1.0000 0.0015
vn 0.0131 -0.9908 0.1351
vn 0.0131 -0.9908 0.1351
vn -0.0089 -1.0000 0.0027
vn -0.0003 -1.0000 0.0001
vn -0.0240 -0.9914 -0.1286
vn -0.6338 -0.7702 0.0713
vn -0.0047 -1.0000 0.0015
vn -0.0047 -1.0000 0.0015
vn 0.0006 -1.0000 -0.0001
vn -0.0240 -0.9914 -0.1286
vn 0.0019 -0.9999 0.0116
vn -0.0240 -0.9914 -0.1286
vn 0.0006 -1.0000 -0.0001
vn 0.0019 -0.9999 0.0116
vn 0.0006 -1.0000 -0.0001
vn -0.0000 -1.0000 0.0001
vn -0.0000 -1.0000 0.0001
vn -0.0166 -0.9998 0.0061
vn 0.0019 -0.9999 0.0116
vn -0.0172 -0.9991 -0.0379
vn -0.0699 -0.9821 -0.1750
vn -0.0014 -1.0000 0.0016
vn -0.0014 -1.0000 0.0016
vn -0.4995 -0.6985 0.5124
vn 0.0271 -0.9967 0.0767
vn 0.0271 -0.9967 0.0767
vn 0.0005 -1.0000 -0.0002
vn -0.0014 -1.0000 0.0016
vn 0.0271 -0.9967 0.0767
vn -0.0020 -1.0000 0.0017
vn 0.0005 -1.0000 -0.0002
vn -0.0020 -1.0000 0.0017
vn -0.0132 -0.9995 -0.0275
vn 0.0005 -1.0000 -0.0002
vn -0.0039 -1.0000 -0.0081
vn 0.0001 -1.0000 0.0001
vn 0.0002 -1.0000 -0.0001
vn -0.0039 -1.0000 -0.0081
vn -0.1630 -0.9652 0.2046
vn 0.0001 -1.0000 0.0001
vn -0.0026 -1.0000 0.0015
vn -0.4430 -0.8542 0.2723
vn 0.0085 -0.9988 0.0491
vn 0.0085 -0.9988 0.0491
vn -0.0000 -1.0000 0.0001
vn -0.0026 -1.0000 0.0015
vn 0.0085 -0.9988 0.0491
vn -0.0166 -0.9998 0.0061
vn -0.0000 -1.0000 0.0001
vn 0.0002 -1.0000 -0.0001
vn -0.0008 -1.0000 0.0016
vn 0.0188 -0.9990 0.0400
vn 0.0188 -0.9990 0.0400
vn -0.0016 -1.0000 0.0023
vn 0.0002 -1.0000 -0.0001
vn 0.0002 -1.0000 -0.0001
vn -0.0016 -1.0000 0.0023
vn -0.0039 -1.0000 -0.0081
vn -0.0558 -0.9889 0.1377
vn 0.0004 -1.0000 0.0052
vn -0.0283 -0.9989 -0.0364
vn -0.0008 -1.0000 0.0016
vn -0.0283 -0.9989 -0.0364
vn 0.0004 -1.0000 0.0052
vn 0.0004 -1.0000 0.0052
vn -0.2670 -0.8546 0.4454
vn -0.0008 -1.0000 0.0016
vn -0.2670 -0.8546 0.4454
vn 0.0188 -0.9990 0.0400
vn -0.0008 -1.0000 0.0016
vn 0.0510 -0.9930 -0.1066
vn 0.5074 -0.6782 0.5316
vn 0.1334 -0.9852 0.1074
vn 0.0023 -1.0000 -0.0058
vn -0.0045 -0.9999 0.0115
vn -0.0031 -1.0000 -0.0030
vn 0.0510 -0.9930 -0.1066
vn 0.0520 -0.9981 0.0343
vn 0.5074 -0.6782 0.5316
vn -0.0006 -1.0000 0.0000
vn -0.2329 -0.9724 0.0134
vn -0.0013 -1.0000 0.0015
vn -0.0016 -1.0000 -0.0008
vn -0.0006 -1.0000 0.0000
vn -0.0013 -1.0000 0.0015
vn -0.0016 -1.0000 -0.0008
vn -0.0013 -1.0000 0.0015
vn -0.0714 -0.9972 -0.0219
vn 0.0510 -0.9930 -0.1066
vn 0.0489 -0.9971 0.0582
vn 0.0898 -0.9767 0.1949
vn -0.0558 -0.9889 0.1377
vn 0.0510 -0.9930 -0.1066
vn 0.0898 -0.9767 0.1949
vn -0.0016 -1.0000 -0.0008
vn -0.1629 -0.9833 -0.0810
vn -0.0656 -0.9971 -0.0373
vn -0.0045 -0.9999 0.0115
vn 0.0023 -1.0000 -0.0058
vn 0.0004 -1.0000 -0.0000
vn 0.0004 -1.0000 -0.0000
vn -0.0016 -1.0000 -0.0008
vn -0.0045 -0.9999 0.0115
vn -0.0656 -0.9971 -0.0373
vn -0.0045 -0.9999 0.0115
vn -0.0016 -1.0000 -0.0008
vn -0.0016 -1.0000 -0.0008
vn -0.0714 -0.9972 -0.0219
vn -0.1629 -0.9833 -0.0810
vn -0.1403 -0.9772 -0.1596
vn -0.0001 -1.0000 -0.0021
vn 0.0009 -1.0000 -0.0009
vn 0.6099 -0.7883 -0.0811
vn 0.0409 -0.9961 -0.0776
vn 0.0041 -1.0000 -0.0073
vn 0.0009 -1.0000 -0.0009
vn 0.0041 -1.0000 -0.0073
vn -0.1403 -0.9772 -0.1596
vn 0.0137 -0.9998 -0.0134
vn 0.0299 -0.9993 -0.0226
vn -0.0001 -1.0000 -0.0021
vn 0.0299 -0.9993 -0.0226
vn 0.0009 -1.0000 -0.0009
vn -0.0001 -1.0000 -0.0021
vn 0.0041 -1.0000 -0.0073
vn 0.0009 -1.0000 -0.0009
vn 0.1844 -0.9817 -0.0480
vn 0.1844 -0.9817 -0.0480
vn 0.0925 -0.9955 -0.0178
vn 0.0041 -1.0000 -0.0073
vn -0.0031 -1.0000 -0.0030
vn 0.0041 -1.0000 -0.0073
vn 0.0023 -1.0000 -0.0058
vn 0.0409 -0.9961 -0.0776
vn 0.0023 -1.0000 -0.0058
vn 0.0041 -1.0000 -0.0073
vn 0.5074 -0.6782 0.5316
vn 0.0520 -0.9981 0.0343
vn -0.0155 -0.9999 0.0003
vn 0.0898 -0.9767 0.1949
vn -0.0631 -0.7592 0.6478
vn -0.0558 -0.9889 0.1377
vn 0.0925 -0.9955 -0.0178
vn 0.6099 -0.7883 -0.0811
vn 0.0041 -1.0000 -0.0073
vn 0.0898 -0.9767 0.1949
vn 0.0708 -0.9299 0.3608
vn -0.0631 -0.7592 0.6478
vn -0.0001 -1.0000 -0.0021
vn -0.1798 -0.9303 -0.3196
vn 0.0137 -0.9998 -0.0134
vn 0.0127 -0.9999 -0.0089
vn -0.1798 -0.9303 -0.3196
vn 0.0017 -0.9999 -0.0131
vn -0.1280 -0.7318 -0.6694
vn 0.0017 -0.9999 -0.0131
vn -0.1798 -0.9303 -0.3196
vn 0.1836 -0.9553 -0.2319
vn 0.0127 -0.9999 -0.0089
vn 0.0017 -0.9999 -0.0131
vn 0.0679 -0.9874 -0.1426
vn 0.1836 -0.9553 -0.2319
vn 0.0071 -0.9962 -0.0863
vn 0.1836 -0.9553 -0.2319
vn 0.0017 -0.9999 -0.0131
vn -0.1280 -0.7318 -0.6694
vn 0.1836 -0.9553 -0.2319
vn -0.1280 -0.7318 -0.6694
vn 0.0071 -0.9962 -0.0863
vn -0.0010 -1.0000 0.0002
vn -0.0006 -1.0000 0.0000
vn 0.2595 -0.9657 -0.0078
vn 0.2688 -0.9630 -0.0185
vn -0.0003 -1.0000 0.0001
vn -0.0010 -1.0000 0.0002
vn 0.2865 -0.9566 -0.0535
vn -0.0000 -1.0000 0.0001
vn 0.0006 -1.0000 -0.0001
vn 0.0006 -1.0000 -0.0001
vn -0.0047 -1.0000 0.0015
vn 0.2821 -0.9586 -0.0389
vn -0.0047 -1.0000 0.0015
vn -0.0003 -1.0000 0.0001
vn 0.2758 -0.9608 -0.0283
vn 0.0005 -1.0000 -0.0002
vn -0.0008 -1.0000 0.0008
vn 0.2827 -0.9551 -0.0886
vn -0.0008 -1.0000 0.0008
vn -0.0026 -1.0000 0.0015
vn 0.2878 -0.9549 -0.0733
vn -0.0026 -1.0000 0.0015
vn -0.0000 -1.0000 0.0001
vn 0.2877 -0.9559 -0.0585
vn 0.2454 -0.9621 -0.1189
vn -0.0008 -1.0000 0.0016
vn 0.0002 -1.0000 -0.0001
vn 0.2585 -0.9594 -0.1128
vn 0.0002 -1.0000 -0.0001
vn 0.0001 -1.0000 0.0001
vn 0.0001 -1.0000 0.0001
vn -0.0014 -1.0000 0.0016
vn 0.2675 -0.9577 -0.1060
vn 0.2738 -0.9565 -0.1003
vn -0.0014 -1.0000 0.0016
vn 0.0005 -1.0000 -0.0002
vn 0.0510 -0.9930 -0.1066
vn -0.0283 -0.9989 -0.0364
vn -0.1629 -0.9626 -0.2164
vn -0.0283 -0.9989 -0.0364
vn -0.0008 -1.0000 0.0016
vn 0.2364 -0.9639 -0.1224
vn 0.0520 -0.9981 0.0343
vn 0.0510 -0.9930 -0.1066
vn 0.3335 -0.7587 -0.5596
vn 0.3335 -0.7587 -0.5596
vn 0.0510 -0.9930 -0.1066
vn 0.1407 -0.0458 -0.9890
vn 0.8652 -0.0241 -0.5008
vn 0.9739 -0.0696 -0.2161
vn 0.6292 -0.1458 -0.7634
vn 0.1407 -0.0458 -0.9890
vn 0.1062 -0.0463 -0.9933
vn 0.6292 -0.1458 -0.7634
vn 0.9849 -0.0757 -0.1555
vn 0.9430 -0.1261 0.3079
vn 0.9886 -0.1286 -0.0785
vn 0.9886 -0.1286 -0.0785
vn 0.9598 -0.0281 -0.2793
vn 0.9824 -0.0265 -0.1848
vn 0.9886 -0.1286 -0.0785
vn 0.9290 -0.0337 -0.3686
vn 0.9598 -0.0281 -0.2793
vn 0.8377 -0.2202 -0.4998
vn 0.8956 -0.0269 -0.4441
vn 0.9290 -0.0337 -0.3686
vn 0.8377 -0.2202 -0.4998
vn 0.5852 -0.0539 -0.8091
vn 0.6431 -0.0307 -0.7652
vn 0.3335 -0.7587 -0.5596
vn 0.3158 -0.0313 -0.9483
vn 0.5852 -0.0539 -0.8091
vn 0.5691 -0.0388 -0.8214
vn 0.3335 -0.7587 -0.5596
vn 0.1407 -0.0458 -0.9890
vn 0.1407 -0.0458 -0.9890
vn 0.3023 -0.0297 -0.9527
vn 0.5691 -0.0388 -0.8214
vn 0.3138 -0.9328 -0.1770
vn 0.0520 -0.9981 0.0343
vn 0.3335 -0.7587 -0.5596
vn 0.0520 -0.9981 0.0343
vn 0.9886 -0.1286 -0.0785
vn 0.9430 -0.1261 0.3079
vn 0.0520 -0.9981 0.0343
vn 0.8377 -0.2202 -0.4998
vn 0.9886 -0.1286 -0.0785
vn 0.9290 -0.0337 -0.3686
vn 0.9886 -0.1286 -0.0785
vn 0.8377 -0.2202 -0.4998
vn 0.8377 -0.2202 -0.4998
vn 0.7628 -0.0275 -0.6460
vn 0.8162 -0.0264 -0.5771
vn 0.8377 -0.2202 -0.4998
vn 0.7042 -0.0290 -0.7095
vn 0.7628 -0.0275 -0.6460
vn 0.8377 -0.2202 -0.4998
vn 0.6431 -0.0307 -0.7652
vn 0.7042 -0.0290 -0.7095
vn 0.5852 -0.0539 -0.8091
vn 0.8377 -0.2202 -0.4998
vn 0.3335 -0.7587 -0.5596
vn 0.1407 -0.0458 -0.9890
vn 0.1687 -0.0277 -0.9853
vn 0.3023 -0.0297 -0.9527
vn 0.9983 -0.0569 0.0110
vn 0.9430 -0.1261 0.3079
vn 0.9849 -0.0757 -0.1555
vn 0.9815 -0.0619 -0.1811
vn 0.9886 -0.1286 -0.0785
vn 0.9824 -0.0265 -0.1848
vn 0.9886 -0.1286 -0.0785
vn 0.9815 -0.0619 -0.1811
vn 0.8430 -0.0351 -0.5367
vn 0.8430 -0.0351 -0.5367
vn 0.9849 -0.0757 -0.1555
vn 0.9886 -0.1286 -0.0785
vn 0.9849 -0.0757 -0.1555
vn 0.8430 -0.0351 -0.5367
vn 0.9983 -0.0569 0.0110
vn 0.7705 -0.0840 -0.6319
vn 0.8162 -0.0264 -0.5771
vn 0.7628 -0.0275 -0.6460
vn 0.8162 -0.0264 -0.5771
vn 0.7705 -0.0840 -0.6319
vn 0.8324 -0.0238 -0.5537
vn 0.8162 -0.0264 -0.5771
vn 0.8324 -0.0238 -0.5537
vn 0.8517 -0.0260 -0.5234
vn 0.8517 -0.0260 -0.5234
vn 0.8377 -0.2202 -0.4998
vn 0.8162 -0.0264 -0.5771
vn 0.8377 -0.2202 -0.4998
vn 0.8517 -0.0260 -0.5234
vn 0.8790 -0.0269 -0.4760
vn 0.8790 -0.0269 -0.4760
vn 0.8956 -0.0269 -0.4441
vn 0.8377 -0.2202 -0.4998
vn 0.8790 -0.0269 -0.4760
vn 0.9290 -0.0337 -0.3686
vn 0.8956 -0.0269 -0.4441
vn 0.9290 -0.0337 -0.3686
vn 0.8790 -0.0269 -0.4760
vn 0.8504 -0.2085 -0.4831
vn 0.9290 -0.0337 -0.3686
vn 0.8504 -0.2085 -0.4831
vn 0.9542 -0.0500 -0.2948
vn 0.9542 -0.0500 -0.2948
vn 0.9598 -0.0281 -0.2793
vn 0.9290 -0.0337 -0.3686
vn 0.9598 -0.0281 -0.2793
vn 0.9542 -0.0500 -0.2948
vn 0.9644 -0.0544 -0.2588
vn 0.9824 -0.0265 -0.1848
vn 0.9598 -0.0281 -0.2793
vn 0.9644 -0.0544 -0.2588
vn 0.9824 -0.0265 -0.1848
vn 0.9644 -0.0544 -0.2588
vn 0.9815 -0.0619 -0.1811
vn 0.6842 -0.0285 -0.7287
vn 0.7042 -0.0290 -0.7095
vn 0.6431 -0.0307 -0.7652
vn 0.7042 -0.0290 -0.7095
vn 0.6842 -0.0285 -0.7287
vn 0.7315 -0.0363 -0.6808
vn 0.7628 -0.0275 -0.6460
vn 0.7042 -0.0290 -0.7095
vn 0.7315 -0.0363 -0.6808
vn 0.7628 -0.0275 -0.6460
vn 0.7315 -0.0363 -0.6808
vn 0.7705 -0.0840 -0.6319
vn 0.6431 -0.0307 -0.7652
vn 0.5852 -0.0539 -0.8091
vn 0.6040 -0.0262 -0.7966
vn 0.6040 -0.0262 -0.7966
vn 0.6795 0.0919 -0.7279
vn 0.6431 -0.0307 -0.7652
vn 0.6431 -0.0307 -0.7652
vn 0.6795 0.0919 -0.7279
vn 0.6842 -0.0285 -0.7287
vn 0.5852 -0.0539 -0.8091
vn 0.3158 -0.0313 -0.9483
vn 0.5445 -0.0194 -0.8385
vn 0.5852 -0.0539 -0.8091
vn 0.5445 -0.0194 -0.8385
vn 0.6040 -0.0262 -0.7966
vn 0.3158 -0.0313 -0.9483
vn -0.2399 -0.0279 -0.9704
vn 0.4544 -0.0287 -0.8903
vn 0.4544 -0.0287 -0.8903
vn 0.5445 -0.0194 -0.8385
vn 0.3158 -0.0313 -0.9483
vn 0.8674 -0.0288 -0.4968
vn 0.5691 -0.0388 -0.8214
vn 0.4544 -0.0287 -0.8903
vn 0.5691 -0.0388 -0.8214
vn 0.3023 -0.0297 -0.9527
vn 0.4043 -0.0270 -0.9142
vn 0.5691 -0.0388 -0.8214
vn 0.4043 -0.0270 -0.9142
vn 0.4544 -0.0287 -0.8903
vn 0.3023 -0.0297 -0.9527
vn 0.4628 -0.4585 -0.7587
vn 0.4043 -0.0270 -0.9142
vn 0.1687 -0.0277 -0.9853
vn 0.1407 -0.0458 -0.9890
vn 0.1685 -0.0307 -0.9852
vn 0.1685 -0.0307 -0.9852
vn 0.0878 -0.0293 -0.9957
vn 0.1687 -0.0277 -0.9853
vn 0.3023 -0.0297 -0.9527
vn 0.1687 -0.0277 -0.9853
vn 0.0878 -0.0293 -0.9957
vn -0.7346 -0.0237 -0.6781
vn -0.7346 -0.0237 -0.6781
vn -0.7346 -0.0237 -0.6781
vn 0.6292 -0.1458 -0.7634
vn 0.1685 -0.0307 -0.9852
vn 0.1407 -0.0458 -0.9890
vn 0.8790 -0.0269 -0.4760
vn 0.8517 -0.0260 -0.5234
vn 0.8504 -0.2085 -0.4831
vn 0.7315 -0.0363 -0.6808
vn 0.6842 -0.0285 -0.7287
vn 0.9761 -0.1665 -0.1395
vn 0.9542 -0.0500 -0.2948
vn 0.8504 -0.2085 -0.4831
vn 0.9983 -0.0569 0.0110
vn 0.9983 -0.0569 0.0110
vn 0.9644 -0.0544 -0.2588
vn 0.9542 -0.0500 -0.2948
vn 0.9815 -0.0619 -0.1811
vn 0.9644 -0.0544 -0.2588
vn 0.9983 -0.0569 0.0110
vn 0.9983 -0.0569 0.0110
vn 0.8430 -0.0351 -0.5367
vn 0.9815 -0.0619 -0.1811
vn 0.8504 -0.2085 -0.4831
vn 0.8324 -0.0238 -0.5537
vn 0.7705 -0.0840 -0.6319
vn 0.7705 -0.0840 -0.6319
vn 0.9761 -0.1665 -0.1395
vn 0.8504 -0.2085 -0.4831
vn 0.9761 -0.1665 -0.1395
vn 0.6842 -0.0285 -0.7287
vn 0.6795 0.0919 -0.7279
vn 0.8504 -0.2085 -0.4831
vn 0.8517 -0.0260 -0.5234
vn 0.8324 -0.0238 -0.5537
vn 0.9983 -0.0569 0.0110
vn 0.8504 -0.2085 -0.4831
vn 0.9761 -0.1665 -0.1395
vn 0.9761 -0.1665 -0.1395
vn 0.7705 -0.0840 -0.6319
vn 0.7315 -0.0363 -0.6808
vn 0.1685 -0.0307 -0.9852
vn 0.6292 -0.1458 -0.7634
vn 0.4628 -0.4585 -0.7587
vn 0.4628 -0.4585 -0.7587
vn 0.0878 -0.0293 -0.9957
vn 0.1685 -0.0307 -0.9852
vn 0.4628 -0.4585 -0.7587
vn 0.4544 -0.0287 -0.8903
vn 0.4043 -0.0270 -0.9142
vn 0.6795 0.0919 -0.7279
vn 0.6040 -0.0262 -0.7966
vn 0.5445 -0.0194 -0.8385
vn 0.9761 -0.1665 -0.1395
vn 0.6795 0.0919 -0.7279
vn 0.4628 -0.4585 -0.7587
vn 0.5445 -0.0194 -0.8385
vn 0.4628 -0.4585 -0.7587
vn 0.6795 0.0919 -0.7279
vn 0.4628 -0.4585 -0.7587
vn 0.5445 -0.0194 -0.8385
vn 0.4544 -0.0287 -0.8903
vn 0.8605 -0.0894 -0.5015
vn 0.9641 -0.0403 -0.2623
vn 0.9770 -0.0326 -0.2109
vn 0.9641 -0.0403 -0.2623
vn 0.9671 -0.0295 -0.2528
vn 0.9670 -0.0266 -0.2533
vn 0.9670 -0.0266 -0.2533
vn 0.9770 -0.0326 -0.2109
vn 0.9641 -0.0403 -0.2623
vn 0.9771 -0.0267 -0.2111
vn 0.9641 -0.0403 -0.2623
vn 0.9701 -0.0636 -0.2344
vn 0.6292 -0.1458 -0.7634
vn 0.9716 -0.1149 -0.2070
vn 0.5665 -0.3116 -0.7629
vn 0.8725 -0.1027 -0.4778
vn 0.5665 -0.3116 -0.7629
vn 0.9701 -0.0636 -0.2344
vn 0.9701 -0.0636 -0.2344
vn 0.5665 -0.3116 -0.7629
vn 0.9716 -0.1149 -0.2070
vn 0.8725 -0.1027 -0.4778
vn 0.9701 -0.0636 -0.2344
vn 0.9641 -0.0403 -0.2623
vn 0.8605 -0.0894 -0.5015
vn 0.8725 -0.1027 -0.4778
vn 0.9641 -0.0403 -0.2623
vn 0.9716 -0.1149 -0.2070
vn 0.6292 -0.1458 -0.7634
vn 0.9904 -0.0441 -0.1311
vn 0.3632 -0.5277 -0.7679
vn -0.2013 -0.6675 -0.7169
vn 0.3575 -0.5289 -0.7697
vn 0.9338 -0.0279 -0.3566
vn 0.9330 -0.0263 -0.3588
vn 0.9321 -0.0342 -0.3605
vn 0.9321 -0.0342 -0.3605
vn 0.7996 -0.0489 -0.5985
vn 0.8605 -0.0894 -0.5015
vn 0.7996 -0.0489 -0.5985
vn 0.5492 -0.0368 -0.8349
vn 0.8605 -0.0894 -0.5015
vn 0.9330 -0.0263 -0.3588
vn 0.9227 -0.0312 -0.3843
vn 0.9321 -0.0342 -0.3605
vn 0.7996 -0.0489 -0.5985
vn 0.9321 -0.0342 -0.3605
vn 0.9227 -0.0312 -0.3843
vn 0.4645 -0.4993 -0.7314
vn 0.5665 -0.3116 -0.7629
vn 0.3575 -0.5289 -0.7697
vn -0.1220 -0.8707 -0.4764
vn -0.1220 -0.8707 -0.4764
vn 0.4628 -0.4585 -0.7587
vn 0.5665 -0.3116 -0.7629
vn 0.4628 -0.4585 -0.7587
vn 0.6292 -0.1458 -0.7634
vn 0.8605 -0.0894 -0.5015
vn 0.9153 -0.0265 -0.4019
vn 0.9435 -0.0289 -0.3302
vn 0.8605 -0.0894 -0.5015
vn 0.5665 -0.3116 -0.7629
vn 0.8725 -0.1027 -0.4778
vn 0.9435 -0.0289 -0.3302
vn 0.9321 -0.0342 -0.3605
vn 0.8605 -0.0894 -0.5015
vn 0.8605 -0.0894 -0.5015
vn 0.5492 -0.0368 -0.8349
vn 0.5665 -0.3116 -0.7629
vn 0.2335 -0.1739 -0.9567
vn 0.5665 -0.3116 -0.7629
vn 0.5492 -0.0368 -0.8349
vn 0.5665 -0.3116 -0.7629
vn 0.4662 -0.5111 -0.7221
vn 0.3575 -0.5289 -0.7697
vn -0.3535 -0.4605 -0.8142
vn 0.0726 -0.2664 -0.9611
vn -0.3535 -0.4605 -0.8142
vn 0.9904 -0.0441 -0.1311
vn 0.6292 -0.1458 -0.7634
vn 0.9739 -0.0696 -0.2161
vn 0.9962 -0.0303 -0.0813
vn 0.9716 -0.1149 -0.2070
vn 0.9904 -0.0441 -0.1311
vn 0.9739 -0.0696 -0.2161
vn 0.9969 -0.0310 -0.0720
vn 0.9904 -0.0441 -0.1311
vn 0.9858 -0.0309 -0.1652
vn 0.9701 -0.0636 -0.2344
vn 0.9716 -0.1149 -0.2070
vn 0.9901 -0.0285 -0.1377
vn 0.9855 -0.0354 -0.1658
vn 0.9701 -0.0636 -0.2344
vn 0.9641 -0.0403 -0.2623
vn 0.9771 -0.0267 -0.2111
vn 0.9607 -0.0284 -0.2761
vn 0.9771 -0.0267 -0.2111
vn 0.9701 -0.0636 -0.2344
vn 0.9855 -0.0354 -0.1658
vn 0.9855 -0.0354 -0.1658
vn 0.9768 -0.0320 -0.2116
vn 0.9771 -0.0267 -0.2111
vn 0.9768 -0.0320 -0.2116
vn 0.9607 -0.0284 -0.2761
vn 0.9771 -0.0267 -0.2111
vn 0.9770 -0.0326 -0.2109
vn 0.9670 -0.0266 -0.2533
vn 0.9738 -0.0377 -0.2243
vn 0.9607 -0.0284 -0.2761
vn 0.8183 -0.0286 -0.5741
vn 0.9671 -0.0295 -0.2528
vn 0.9671 -0.0295 -0.2528
vn 0.9641 -0.0403 -0.2623
vn 0.9607 -0.0284 -0.2761
vn 0.9738 -0.0377 -0.2243
vn 0.9670 -0.0266 -0.2533
vn 0.9671 -0.0295 -0.2528
vn 0.9671 -0.0295 -0.2528
vn 0.9911 -0.0308 -0.1297
vn 0.9738 -0.0377 -0.2243
vn 0.9528 -0.0311 -0.3021
vn 0.8605 -0.0894 -0.5015
vn 0.9770 -0.0326 -0.2109
vn 0.9738 -0.0377 -0.2243
vn 0.9579 -0.0324 -0.2852
vn 0.9770 -0.0326 -0.2109
vn 0.9579 -0.0324 -0.2852
vn 0.9528 -0.0311 -0.3021
vn 0.9770 -0.0326 -0.2109
vn 0.9278 -0.0275 -0.3722
vn 0.9321 -0.0342 -0.3605
vn 0.9435 -0.0289 -0.3302
vn 0.9468 -0.0294 -0.3204
vn 0.9278 -0.0275 -0.3722
vn 0.9435 -0.0289 -0.3302
vn 0.9468 -0.0294 -0.3204
vn 0.9435 -0.0289 -0.3302
vn 0.9153 -0.0265 -0.4019
vn 0.9153 -0.0265 -0.4019
vn 0.9528 -0.0311 -0.3021
vn 0.9468 -0.0294 -0.3204
vn 0.9153 -0.0265 -0.4019
vn 0.8605 -0.0894 -0.5015
vn 0.9528 -0.0311 -0.3021
vn 0.9245 -0.0009 -0.3811
vn 0.9262 0.0286 -0.3759
vn 0.7996 -0.0489 -0.5985
vn 0.9227 -0.0312 -0.3843
vn 0.9330 -0.0263 -0.3588
vn 0.9262 -0.0271 -0.3760
vn 0.9641 -0.0289 -0.2638
vn 0.9262 -0.0271 -0.3760
vn 0.9330 -0.0263 -0.3588
vn 0.9641 -0.0289 -0.2638
vn 0.9330 -0.0263 -0.3588
vn 0.9338 -0.0279 -0.3566
vn 0.9338 -0.0279 -0.3566
vn 0.9737 -0.0292 -0.2262
vn 0.9641 -0.0289 -0.2638
vn 0.9338 -0.0279 -0.3566
vn 0.9278 -0.0275 -0.3722
vn 0.8191 -0.0268 -0.5731
vn 0.9338 -0.0279 -0.3566
vn 0.9321 -0.0342 -0.3605
vn 0.9278 -0.0275 -0.3722
vn 0.7996 -0.0489 -0.5985
vn 0.9227 -0.0312 -0.3843
vn 0.9245 -0.0009 -0.3811
vn 0.9262 -0.0271 -0.3760
vn 0.9245 -0.0009 -0.3811
vn 0.9227 -0.0312 -0.3843
vn 0.9194 -0.0022 -0.3933
vn 0.9245 -0.0009 -0.3811
vn 0.9262 -0.0271 -0.3760
vn 0.9262 -0.0271 -0.3760
vn 0.9178 -0.0282 -0.3959
vn 0.9194 -0.0022 -0.3933
vn 0.9113 -0.0016 -0.4118
vn 0.9194 -0.0022 -0.3933
vn 0.9178 -0.0282 -0.3959
vn 0.9178 -0.0282 -0.3959
vn 0.9098 -0.0389 -0.4132
vn 0.9113 -0.0016 -0.4118
vn 0.9036 0.0003 -0.4283
vn 0.9113 -0.0016 -0.4118
vn 0.9098 -0.0389 -0.4132
vn 0.9098 -0.0389 -0.4132
vn 0.9020 -0.0286 -0.4309
vn 0.9036 0.0003 -0.4283
vn 0.8957 -0.0042 -0.4446
vn 0.9036 0.0003 -0.4283
vn 0.9020 -0.0286 -0.4309
vn 0.9020 -0.0286 -0.4309
vn 0.8934 -0.0283 -0.4483
vn 0.8957 -0.0042 -0.4446
vn 0.8866 -0.0031 -0.4626
vn 0.8957 -0.0042 -0.4446
vn 0.8934 -0.0283 -0.4483
vn 0.8934 -0.0283 -0.4483
vn 0.8852 -0.0280 -0.4644
vn 0.8866 -0.0031 -0.4626
vn 0.8770 -0.0003 -0.4805
vn 0.8866 -0.0031 -0.4626
vn 0.8852 -0.0280 -0.4644
vn 0.8852 -0.0280 -0.4644
vn 0.8743 -0.0277 -0.4846
vn 0.8770 -0.0003 -0.4805
vn 0.8683 -0.0009 -0.4960
vn 0.8770 -0.0003 -0.4805
vn 0.8743 -0.0277 -0.4846
vn 0.8743 -0.0277 -0.4846
vn 0.8668 -0.0281 -0.4978
vn 0.8683 -0.0009 -0.4960
vn 0.8587 -0.0046 -0.5124
vn 0.8683 -0.0009 -0.4960
vn 0.8668 -0.0281 -0.4978
vn 0.8668 -0.0281 -0.4978
vn 0.8619 -0.0293 -0.5062
vn 0.8587 -0.0046 -0.5124
vn 0.8587 -0.0046 -0.5124
vn 0.8619 -0.0293 -0.5062
vn 0.8507 -0.0353 -0.5245
vn 0.8480 -0.0030 -0.5301
vn 0.8587 -0.0046 -0.5124
vn 0.8507 -0.0353 -0.5245
vn 0.8480 -0.0030 -0.5301
vn 0.8507 -0.0353 -0.5245
vn 0.8395 -0.0292 -0.5426
vn 0.8395 -0.0292 -0.5426
vn 0.8376 0.0022 -0.5463
vn 0.8480 -0.0030 -0.5301
vn 0.8281 -0.0023 -0.5606
vn 0.8376 0.0022 -0.5463
vn 0.8395 -0.0292 -0.5426
vn 0.8395 -0.0292 -0.5426
vn 0.8264 -0.0299 -0.5623
vn 0.8281 -0.0023 -0.5606
vn 0.8168 -0.0019 -0.5769
vn 0.8281 -0.0023 -0.5606
vn 0.8264 -0.0299 -0.5623
vn 0.8264 -0.0299 -0.5623
vn 0.8150 -0.0356 -0.5783
vn 0.8168 -0.0019 -0.5769
vn 0.8062 0.0005 -0.5917
vn 0.8168 -0.0019 -0.5769
vn 0.8150 -0.0356 -0.5783
vn 0.8150 -0.0356 -0.5783
vn 0.8044 -0.0268 -0.5935
vn 0.8062 0.0005 -0.5917
vn 0.7955 -0.0044 -0.6060
vn 0.8062 0.0005 -0.5917
vn 0.8044 -0.0268 -0.5935
vn 0.8044 -0.0268 -0.5935
vn 0.7958 -0.0266 -0.6049
vn 0.7955 -0.0044 -0.6060
vn 0.7820 0.0035 -0.6233
vn 0.7955 -0.0044 -0.6060
vn 0.7958 -0.0266 -0.6049
vn 0.7958 -0.0266 -0.6049
vn 0.7684 -0.0268 -0.6394
vn 0.7820 0.0035 -0.6233
vn 0.7684 -0.0268 -0.6394
vn 0.7735 -0.0066 -0.6337
vn 0.7820 0.0035 -0.6233
vn 0.7684 -0.0268 -0.6394
vn 0.7809 -0.0821 -0.6193
vn 0.7735 -0.0066 -0.6337
vn 0.7809 -0.0821 -0.6193
vn 0.7769 -0.0308 -0.6288
vn 0.7735 -0.0066 -0.6337
vn 0.7587 -0.0007 -0.6515
vn 0.7735 -0.0066 -0.6337
vn 0.7769 -0.0308 -0.6288
vn 0.7769 -0.0308 -0.6288
vn 0.7569 -0.0293 -0.6529
vn 0.7587 -0.0007 -0.6515
vn 0.7464 -0.0052 -0.6655
vn 0.7587 -0.0007 -0.6515
vn 0.7569 -0.0293 -0.6529
vn 0.7569 -0.0293 -0.6529
vn 0.7493 -0.0303 -0.6615
vn 0.7464 -0.0052 -0.6655
vn 0.7464 -0.0052 -0.6655
vn 0.7493 -0.0303 -0.6615
vn 0.7361 -0.0285 -0.6763
vn 0.7317 -0.0023 -0.6816
vn 0.7464 -0.0052 -0.6655
vn 0.7361 -0.0285 -0.6763
vn 0.7317 -0.0023 -0.6816
vn 0.7361 -0.0285 -0.6763
vn 0.7210 -0.0282 -0.6924
vn 0.7210 -0.0282 -0.6924
vn 0.7191 0.0015 -0.6949
vn 0.7317 -0.0023 -0.6816
vn 0.7068 -0.0019 -0.7075
vn 0.7191 0.0015 -0.6949
vn 0.7210 -0.0282 -0.6924
vn 0.7210 -0.0282 -0.6924
vn 0.7052 -0.0335 -0.7082
vn 0.7068 -0.0019 -0.7075
vn 0.6931 -0.0021 -0.7208
vn 0.7068 -0.0019 -0.7075
vn 0.7052 -0.0335 -0.7082
vn 0.7052 -0.0335 -0.7082
vn 0.6898 -0.0283 -0.7234
vn 0.6931 -0.0021 -0.7208
vn 0.6791 0.0006 -0.7340
vn 0.6931 -0.0021 -0.7208
vn 0.6898 -0.0283 -0.7234
vn 0.6898 -0.0283 -0.7234
vn 0.6777 -0.0284 -0.7348
vn 0.6791 0.0006 -0.7340
vn 0.6667 -0.0047 -0.7453
vn 0.6791 0.0006 -0.7340
vn 0.6777 -0.0284 -0.7348
vn 0.6777 -0.0284 -0.7348
vn 0.6666 -0.0279 -0.7449
vn 0.6667 -0.0047 -0.7453
vn 0.6498 0.0035 -0.7601
vn 0.6667 -0.0047 -0.7453
vn 0.6666 -0.0279 -0.7449
vn 0.6666 -0.0279 -0.7449
vn 0.5425 -0.0298 -0.8395
vn 0.6498 0.0035 -0.7601
vn 0.5425 -0.0298 -0.8395
vn 0.6397 -0.0077 -0.7685
vn 0.6498 0.0035 -0.7601
vn 0.5425 -0.0298 -0.8395
vn 0.1417 -0.0353 -0.9893
vn 0.6397 -0.0077 -0.7685
vn 0.7540 -0.0258 -0.6564
vn 0.6807 -0.0272 -0.7320
vn 0.6397 -0.0077 -0.7685
vn 0.6213 -0.0006 -0.7836
vn 0.6397 -0.0077 -0.7685
vn 0.6807 -0.0272 -0.7320
vn 0.6807 -0.0272 -0.7320
vn 0.6197 -0.0287 -0.7843
vn 0.6213 -0.0006 -0.7836
vn 0.6074 -0.0036 -0.7944
vn 0.6213 -0.0006 -0.7836
vn 0.6197 -0.0287 -0.7843
vn 0.6197 -0.0287 -0.7843
vn 0.6053 -0.0379 -0.7951
vn 0.6074 -0.0036 -0.7944
vn 0.5936 -0.0051 -0.8048
vn 0.6074 -0.0036 -0.7944
vn 0.6053 -0.0379 -0.7951
vn 0.6053 -0.0379 -0.7951
vn 0.5891 -0.0279 -0.8076
vn 0.5936 -0.0051 -0.8048
vn 0.5795 -0.0016 -0.8150
vn 0.5936 -0.0051 -0.8048
vn 0.5891 -0.0279 -0.8076
vn 0.5891 -0.0279 -0.8076
vn 0.5743 -0.0277 -0.8182
vn 0.5795 -0.0016 -0.8150
vn 0.5626 -0.0061 -0.8267
vn 0.5795 -0.0016 -0.8150
vn 0.5743 -0.0277 -0.8182
vn 0.5743 -0.0277 -0.8182
vn 0.5582 -0.0275 -0.8293
vn 0.5626 -0.0061 -0.8267
vn 0.5461 0.0024 -0.8377
vn 0.5626 -0.0061 -0.8267
vn 0.5582 -0.0275 -0.8293
vn 0.5582 -0.0275 -0.8293
vn 0.5397 -0.0308 -0.8413
vn 0.5461 0.0024 -0.8377
vn 0.5311 -0.0041 -0.8473
vn 0.5461 0.0024 -0.8377
vn 0.5397 -0.0308 -0.8413
vn 0.5397 -0.0308 -0.8413
vn 0.5262 -0.0273 -0.8499
vn 0.5311 -0.0041 -0.8473
vn 0.5149 -0.0001 -0.8573
vn 0.5311 -0.0041 -0.8473
vn 0.5262 -0.0273 -0.8499
vn 0.5262 -0.0273 -0.8499
vn 0.5129 -0.0270 -0.8580
vn 0.5149 -0.0001 -0.8573
vn 0.4975 -0.0015 -0.8675
vn 0.5149 -0.0001 -0.8573
vn 0.5129 -0.0270 -0.8580
vn 0.5129 -0.0270 -0.8580
vn 0.4943 -0.0268 -0.8689
vn 0.4975 -0.0015 -0.8675
vn 0.4943 -0.0268 -0.8689
vn 0.4839 -0.0017 -0.8751
vn 0.4975 -0.0015 -0.8675
vn 0.4839 -0.0017 -0.8751
vn 0.4943 -0.0268 -0.8689
vn 0.4802 -0.0269 -0.8768
vn 0.4652 -0.0061 -0.8852
vn 0.4839 -0.0017 -0.8751
vn 0.4802 -0.0269 -0.8768
vn 0.4802 -0.0269 -0.8768
vn 0.4605 -0.0271 -0.8872
vn 0.4652 -0.0061 -0.8852
vn 0.4474 0.0015 -0.8943
vn 0.4652 -0.0061 -0.8852
vn 0.4605 -0.0271 -0.8872
vn 0.4605 -0.0271 -0.8872
vn 0.4426 -0.0327 -0.8961
vn 0.4474 0.0015 -0.8943
vn 0.4309 -0.0035 -0.9024
vn 0.4474 0.0015 -0.8943
vn 0.4426 -0.0327 -0.8961
vn 0.4426 -0.0327 -0.8961
vn 0.4263 -0.0285 -0.9041
vn 0.4309 -0.0035 -0.9024
vn 0.4148 -0.0007 -0.9099
vn 0.4309 -0.0035 -0.9024
vn 0.4263 -0.0285 -0.9041
vn 0.4263 -0.0285 -0.9041
vn 0.4141 -0.0282 -0.9098
vn 0.4148 -0.0007 -0.9099
vn 0.3948 -0.0007 -0.9187
vn 0.4148 -0.0007 -0.9099
vn 0.4141 -0.0282 -0.9098
vn 0.4141 -0.0282 -0.9098
vn 0.3934 -0.0318 -0.9188
vn 0.3948 -0.0007 -0.9187
vn 0.3934 -0.0318 -0.9188
vn 0.3818 -0.0026 -0.9242
vn 0.3948 -0.0007 -0.9187
vn 0.3934 -0.0318 -0.9188
vn 0.3933 -0.0276 -0.9190
vn 0.3818 -0.0026 -0.9242
vn 0.3933 -0.0276 -0.9190
vn 0.3702 -0.0268 -0.9286
vn 0.3818 -0.0026 -0.9242
vn 0.3567 0.0026 -0.9342
vn 0.3818 -0.0026 -0.9242
vn 0.3702 -0.0268 -0.9286
vn 0.3702 -0.0268 -0.9286
vn 0.3291 -0.0271 -0.9439
vn 0.3567 0.0026 -0.9342
vn 0.3417 -0.0073 -0.9398
vn 0.3567 0.0026 -0.9342
vn 0.3291 -0.0271 -0.9439
vn 0.3291 -0.0271 -0.9439
vn 0.3469 -0.0630 -0.9358
vn 0.3417 -0.0073 -0.9398
vn 0.3417 -0.0073 -0.9398
vn 0.3469 -0.0630 -0.9358
vn 0.3484 -0.0300 -0.9369
vn 0.3190 -0.0008 -0.9478
vn 0.3417 -0.0073 -0.9398
vn 0.3484 -0.0300 -0.9369
vn 0.3190 -0.0008 -0.9478
vn 0.3484 -0.0300 -0.9369
vn 0.3171 -0.0286 -0.9479
vn 0.3171 -0.0286 -0.9479
vn 0.3044 -0.0012 -0.9525
vn 0.3190 -0.0008 -0.9478
vn 0.3171 -0.0286 -0.9479
vn 0.2951 -0.0283 -0.9550
vn 0.3044 -0.0012 -0.9525
vn 0.2848 -0.0002 -0.9586
vn 0.3044 -0.0012 -0.9525
vn 0.2951 -0.0283 -0.9550
vn 0.2951 -0.0283 -0.9550
vn 0.2839 -0.0286 -0.9584
vn 0.2848 -0.0002 -0.9586
vn 0.2690 -0.0043 -0.9631
vn 0.2848 -0.0002 -0.9586
vn 0.2839 -0.0286 -0.9584
vn 0.2839 -0.0286 -0.9584
vn 0.2644 -0.0314 -0.9639
vn 0.2690 -0.0043 -0.9631
vn 0.2473 0.0022 -0.9689
vn 0.2690 -0.0043 -0.9631
vn 0.2644 -0.0314 -0.9639
vn 0.2644 -0.0314 -0.9639
vn 0.2472 -0.0268 -0.9686
vn 0.2473 0.0022 -0.9689
vn 0.2343 -0.0067 -0.9722
vn 0.2473 0.0022 -0.9689
vn 0.2472 -0.0268 -0.9686
vn 0.2472 -0.0268 -0.9686
vn 0.2339 -0.0267 -0.9719
vn 0.2343 -0.0067 -0.9722
vn 0.2095 0.0051 -0.9778
vn 0.2343 -0.0067 -0.9722
vn 0.2339 -0.0267 -0.9719
vn 0.2339 -0.0267 -0.9719
vn 0.2115 -0.0269 -0.9770
vn 0.2095 0.0051 -0.9778
vn 0.2115 -0.0269 -0.9770
vn 0.1996 -0.0088 -0.9798
vn 0.2095 0.0051 -0.9778
vn 0.2115 -0.0269 -0.9770
vn 0.2114 -0.0262 -0.9771
vn 0.1996 -0.0088 -0.9798
vn 0.2114 -0.0262 -0.9771
vn 0.1869 -0.0377 -0.9817
vn 0.1996 -0.0088 -0.9798
vn 0.1732 0.0010 -0.9849
vn 0.1996 -0.0088 -0.9798
vn 0.1869 -0.0377 -0.9817
vn 0.1869 -0.0377 -0.9817
vn 0.1725 -0.0263 -0.9847
vn 0.1732 0.0010 -0.9849
vn 0.1584 -0.0058 -0.9874
vn 0.1732 0.0010 -0.9849
vn 0.1725 -0.0263 -0.9847
vn 0.1725 -0.0263 -0.9847
vn 0.1553 -0.0306 -0.9874
vn 0.1584 -0.0058 -0.9874
vn 0.1349 0.0036 -0.9909
vn 0.1584 -0.0058 -0.9874
vn 0.1553 -0.0306 -0.9874
vn 0.1553 -0.0306 -0.9874
vn 0.1354 -0.0282 -0.9904
vn 0.1349 0.0036 -0.9909
vn 0.1234 -0.0080 -0.9923
vn 0.1349 0.0036 -0.9909
vn 0.1354 -0.0282 -0.9904
vn 0.1354 -0.0282 -0.9904
vn 0.1176 -0.0282 -0.9927
vn 0.1234 -0.0080 -0.9923
vn 0.0973 -0.0000 -0.9953
vn 0.1234 -0.0080 -0.9923
vn 0.1176 -0.0282 -0.9927
vn 0.1176 -0.0282 -0.9927
vn 0.0974 -0.0278 -0.9949
vn 0.0973 -0.0000 -0.9953
vn 0.0827 -0.0052 -0.9966
vn 0.0973 -0.0000 -0.9953
vn 0.0974 -0.0278 -0.9949
vn 0.0974 -0.0278 -0.9949
vn 0.0763 -0.0278 -0.9967
vn 0.0827 -0.0052 -0.9966
vn 0.0591 0.0025 -0.9983
vn 0.0827 -0.0052 -0.9966
vn 0.0763 -0.0278 -0.9967
vn 0.0763 -0.0278 -0.9967
vn 0.0595 -0.0282 -0.9978
vn 0.0591 0.0025 -0.9983
vn 0.0468 -0.0075 -0.9989
vn 0.0591 0.0025 -0.9983
vn 0.0595 -0.0282 -0.9978
vn 0.0595 -0.0282 -0.9978
vn 0.0449 -0.0313 -0.9985
vn 0.0468 -0.0075 -0.9989
vn 0.0255 -0.0036 -0.9997
vn 0.0468 -0.0075 -0.9989
vn 0.0449 -0.0313 -0.9985
vn 0.0449 -0.0313 -0.9985
vn 0.0225 -0.0263 -0.9994
vn 0.0255 -0.0036 -0.9997
vn 0.0225 -0.0263 -0.9994
vn 0.0152 -0.0046 -0.9999
vn 0.0255 -0.0036 -0.9997
vn 0.0152 -0.0046 -0.9999
vn 0.0225 -0.0263 -0.9994
vn 0.0221 -0.0262 -0.9994
vn 0.0221 -0.0262 -0.9994
vn -0.0350 -0.1137 -0.9929
vn 0.0152 -0.0046 -0.9999
vn -0.0062 -0.0262 -0.9996
vn -0.0005 -0.0047 -1.0000
vn 0.0152 -0.0046 -0.9999
vn 0.0152 -0.0046 -0.9999
vn -0.0350 -0.1137 -0.9929
vn -0.0062 -0.0262 -0.9996
vn -0.0168 -0.0391 -0.9991
vn -0.0062 -0.0262 -0.9996
vn -0.0350 -0.1137 -0.9929
vn -0.0350 -0.1137 -0.9929
vn -0.1280 -0.7318 -0.6694
vn -0.0168 -0.0391 -0.9991
vn -0.1280 -0.7318 -0.6694
vn -0.3300 -0.3010 -0.8947
vn -0.1052 -0.1619 -0.9812
vn -0.1280 -0.7318 -0.6694
vn -0.0144 -0.0436 -0.9989
vn -0.0168 -0.0391 -0.9991
vn -0.7467 -0.1803 -0.6403
vn -0.5933 -0.0430 -0.8038
vn -0.5933 -0.0430 -0.8038
vn -0.8350 0.0749 -0.5452
vn -0.8350 0.0749 -0.5452
vn -0.7467 -0.1803 -0.6403
vn -0.7801 -0.1926 -0.5953
vn -0.7801 -0.1926 -0.5953
vn -0.7467 -0.1803 -0.6403
vn -0.9712 -0.2107 -0.1111
vn -0.9470 -0.1140 -0.3005
vn -0.9470 -0.1140 -0.3005
vn -0.9480 -0.1406 -0.2856
vn -0.9480 -0.1406 -0.2856
vn -0.9712 -0.2107 -0.1111
vn -0.9917 -0.1036 -0.0761
vn -0.9917 -0.1036 -0.0761
vn -0.9712 -0.2107 -0.1111
vn -0.9463 0.2872 0.1486
vn -0.9712 -0.2107 -0.1111
vn -0.9463 0.2872 0.1486
vn -0.4222 0.9056 0.0404
vn -0.4222 0.9056 0.0404
vn -0.4222 0.9056 0.0404
vn -0.3037 0.9237 0.2334
vn -0.3037 0.9237 0.2334
vn -0.3037 0.9237 0.2334
vn -0.4995 -0.6985 0.5124
vn -0.4661 -0.2156 0.8581
vn -0.7656 -0.0846 0.6378
vn -0.4310 -0.1428 0.8910
vn -0.4310 -0.1428 0.8910
vn -0.4661 -0.2156 0.8581
vn -0.3467 -0.0066 0.9380
vn -0.4661 -0.2156 0.8581
vn -0.3467 -0.0066 0.9380
vn -0.1679 -0.1548 0.9736
vn -0.0631 -0.7592 0.6478
vn -0.0778 -0.7999 0.5950
vn -0.0631 -0.7592 0.6478
vn 0.0608 -0.0920 0.9939
vn -0.0778 -0.7999 0.5950
vn 0.2493 -0.1946 0.9487
vn 0.1028 -0.0056 0.9947
vn 0.0608 -0.0920 0.9939
vn 0.2493 -0.1946 0.9487
vn 0.2585 -0.7465 0.6131
vn 0.1859 -0.0452 0.9815
vn 0.4727 -0.5248 0.7079
vn 0.2585 -0.7465 0.6131
vn 0.2493 -0.1946 0.9487
vn 0.2493 -0.1946 0.9487
vn 0.3870 -0.0266 0.9217
vn 0.4727 -0.5248 0.7079
vn 0.5513 -0.0948 0.8289
vn 0.6316 -0.4590 0.6248
vn 0.4727 -0.5248 0.7079
vn 0.6378 -0.6276 0.4464
vn 0.4727 -0.5248 0.7079
vn 0.6316 -0.4590 0.6248
vn 0.6378 -0.6276 0.4464
vn 0.6316 -0.4590 0.6248
vn 0.5074 -0.6782 0.5316
vn 0.9110 0.1470 0.3853
vn 0.4130 -0.3361 0.8464
vn 0.6378 -0.6276 0.4464
vn 0.9518 0.0264 -0.3054
vn 0.9467 0.0264 -0.3211
vn 0.9022 0.0882 -0.4221
vn 0.8615 0.0827 -0.5009
vn 0.9518 0.0264 -0.3054
vn 0.9022 0.0882 -0.4221
vn 0.8615 0.0827 -0.5009
vn 0.8467 0.0221 -0.5316
vn 0.9413 0.0265 -0.3365
vn 0.9262 0.0286 -0.3759
vn 0.8467 0.0221 -0.5316
vn 0.7996 -0.0489 -0.5985
vn 0.7996 -0.0489 -0.5985
vn 0.8467 0.0221 -0.5316
vn 0.5492 -0.0368 -0.8349
vn 0.5492 -0.0368 -0.8349
vn 0.8615 0.0827 -0.5009
vn 0.9022 0.0882 -0.4221
vn 0.5492 -0.0368 -0.8349
vn 0.8467 0.0221 -0.5316
vn 0.8615 0.0827 -0.5009
vn 0.5258 0.7640 -0.3739
vn 0.3592 0.8072 -0.4684
vn 0.8451 0.2850 -0.4524
vn 0.8451 0.2850 -0.4524
vn 0.5492 -0.0368 -0.8349
vn 0.9393 0.1614 -0.3027
vn 0.5492 -0.0368 -0.8349
vn 0.9607 0.0576 -0.2716
vn 0.9393 0.1614 -0.3027
vn 0.3592 0.8072 -0.4684
vn 0.3111 0.8790 -0.3614
vn 0.8451 0.2850 -0.4524
vn 0.5492 -0.0368 -0.8349
vn 0.1656 0.2812 -0.9453
vn 0.1512 0.1774 -0.9725
vn 0.9393 0.1614 -0.3027
vn 0.9607 0.0576 -0.2716
vn 0.8451 0.2850 -0.4524
vn 0.8451 0.2850 -0.4524
vn 0.3096 0.4051 -0.8603
vn 0.1656 0.2812 -0.9453
vn 0.3096 0.4051 -0.8603
vn 0.8451 0.2850 -0.4524
vn 0.9250 0.2707 -0.2667
vn 0.1656 0.2812 -0.9453
vn 0.5492 -0.0368 -0.8349
vn 0.1063 0.2485 -0.9628
vn 0.5492 -0.0368 -0.8349
vn 0.9022 0.0882 -0.4221
vn 0.9607 0.0576 -0.2716
vn 0.0344 0.3031 0.9523
vn 0.2735 0.1174 0.9547
vn 0.0254 0.2418 0.9700
vn 0.0637 0.3125 0.9478
vn 0.0637 0.3125 0.9478
vn 0.0344 0.3031 0.9523
vn 0.0915 0.6629 0.7431
vn 0.4638 0.4780 0.7459
vn 0.2989 0.7566 0.5815
vn 0.0339 0.5136 0.8574
vn 0.0339 0.5136 0.8574
vn 0.0915 0.6629 0.7431
vn 0.6718 0.4946 0.5514
vn 0.0915 0.6629 0.7431
vn 0.0135 0.6100 0.7923
vn 0.1658 0.7427 0.6488
vn 0.0742 0.7765 0.6258
vn 0.0742 0.7765 0.6258
vn 0.6718 0.4946 0.5514
vn -0.0337 0.6793 0.7331
vn 0.1658 0.7427 0.6488
vn 0.0426 0.9083 0.4162
vn 0.2094 0.9085 0.3617
vn 0.1658 0.7427 0.6488
vn 0.2094 0.9085 0.3617
vn 0.2980 0.8751 0.3812
vn 0.1658 0.7427 0.6488
vn 0.2980 0.8751 0.3812
vn 0.2094 0.9085 0.3617
vn 0.3556 0.9345 0.0149
vn 0.3556 0.9345 0.0149
vn 0.3362 0.9389 0.0741
vn 0.2980 0.8751 0.3812
vn 0.3362 0.9389 0.0741
vn 0.3556 0.9345 0.0149
vn 0.5258 0.7640 -0.3739
vn 0.0878 0.6062 -0.7904
vn 0.0878 0.6062 -0.7904
vn 0.3096 0.4051 -0.8603
vn 0.0282 0.3813 -0.9240
vn 0.1656 0.2812 -0.9453
vn 0.3096 0.4051 -0.8603
vn 0.0285 0.3811 -0.9241
vn 0.0285 0.3811 -0.9241
vn 0.1656 0.2812 -0.9453
vn 0.1512 0.1774 -0.9725
vn 0.1656 0.2812 -0.9453
vn 0.0992 0.1382 -0.9854
vn 0.0959 0.1411 -0.9853
vn 0.0959 0.1411 -0.9853
vn 0.1512 0.1774 -0.9725
vn 0.5492 -0.0368 -0.8349
vn 0.1512 0.1774 -0.9725
vn 0.2501 0.3970 -0.8831
vn 0.1094 -0.1492 -0.9827
vn 0.0726 -0.2664 -0.9611
vn 0.5492 -0.0368 -0.8349
vn 0.3362 0.9389 0.0741
vn 0.5622 0.8267 0.0240
vn 0.5407 0.7956 0.2732
vn 0.5258 0.7640 -0.3739
vn 0.5622 0.8267 0.0240
vn 0.3362 0.9389 0.0741
vn 0.5407 0.7956 0.2732
vn 0.5622 0.8267 0.0240
vn 0.9672 0.2539 0.0080
vn 0.5258 0.7640 -0.3739
vn 0.4346 0.8204 0.3716
vn 0.5622 0.8267 0.0240
vn 0.3068 0.8093 -0.5008
vn 0.3592 0.8072 -0.4684
vn 0.5258 0.7640 -0.3739
vn 0.0455 0.7777 -0.6270
vn 0.0455 0.7777 -0.6270
vn 0.5258 0.7640 -0.3739
vn 0.5258 0.7640 -0.3739
vn 0.8451 0.2850 -0.4524
vn 0.9672 0.2539 0.0080
vn 0.0152 -0.0046 -0.9999
vn -0.0005 -0.0047 -1.0000
vn 0.0010 0.0264 -0.9997
vn 0.0152 -0.0046 -0.9999
vn 0.0010 0.0264 -0.9997
vn 0.0330 0.0269 -0.9991
vn 0.0330 0.0269 -0.9991
vn 0.0255 -0.0036 -0.9997
vn 0.0152 -0.0046 -0.9999
vn 0.8615 0.0827 -0.5009
vn 0.9413 0.0265 -0.3365
vn 0.9490 0.0265 -0.3141
vn 0.9386 0.0344 -0.3432
vn 0.9490 0.0265 -0.3141
vn 0.9413 0.0265 -0.3365
vn 0.9413 0.0265 -0.3365
vn 0.9345 0.0269 -0.3549
vn 0.9386 0.0344 -0.3432
vn 0.9413 0.0265 -0.3365
vn 0.8467 0.0221 -0.5316
vn 0.9345 0.0269 -0.3549
vn 0.9490 0.0265 -0.3141
vn 0.9518 0.0264 -0.3054
vn 0.8615 0.0827 -0.5009
vn 0.8451 0.2850 -0.4524
vn 0.9607 0.0576 -0.2716
vn 0.9759 0.2046 -0.0756
vn 0.8467 0.0221 -0.5316
vn 0.9262 0.0286 -0.3759
vn 0.9345 0.0269 -0.3549
vn 0.9272 0.0263 -0.3738
vn 0.9345 0.0269 -0.3549
vn 0.9262 0.0286 -0.3759
vn 0.9262 0.0286 -0.3759
vn 0.9245 -0.0009 -0.3811
vn 0.9272 0.0263 -0.3738
vn 0.9195 0.0257 -0.3921
vn 0.9272 0.0263 -0.3738
vn 0.9245 -0.0009 -0.3811
vn 0.9245 -0.0009 -0.3811
vn 0.9194 -0.0022 -0.3933
vn 0.9195 0.0257 -0.3921
vn 0.9122 0.0254 -0.4090
vn 0.9195 0.0257 -0.3921
vn 0.9194 -0.0022 -0.3933
vn 0.9194 -0.0022 -0.3933
vn 0.9113 -0.0016 -0.4118
vn 0.9122 0.0254 -0.4090
vn 0.9038 0.0253 -0.4273
vn 0.9122 0.0254 -0.4090
vn 0.9113 -0.0016 -0.4118
vn 0.9113 -0.0016 -0.4118
vn 0.9036 0.0003 -0.4283
vn 0.9038 0.0253 -0.4273
vn 0.8961 0.0254 -0.4431
vn 0.9038 0.0253 -0.4273
vn 0.9036 0.0003 -0.4283
vn 0.9036 0.0003 -0.4283
vn 0.8957 -0.0042 -0.4446
vn 0.8961 0.0254 -0.4431
vn 0.8865 0.0257 -0.4620
vn 0.8961 0.0254 -0.4431
vn 0.8957 -0.0042 -0.4446
vn 0.8957 -0.0042 -0.4446
vn 0.8866 -0.0031 -0.4626
vn 0.8865 0.0257 -0.4620
vn 0.8786 0.0261 -0.4768
vn 0.8865 0.0257 -0.4620
vn 0.8866 -0.0031 -0.4626
vn 0.8866 -0.0031 -0.4626
vn 0.8770 -0.0003 -0.4805
vn 0.8786 0.0261 -0.4768
vn 0.8681 0.0268 -0.4956
vn 0.8786 0.0261 -0.4768
vn 0.8770 -0.0003 -0.4805
vn 0.8770 -0.0003 -0.4805
vn 0.8683 -0.0009 -0.4960
vn 0.8681 0.0268 -0.4956
vn 0.8598 0.0275 -0.5100
vn 0.8681 0.0268 -0.4956
vn 0.8683 -0.0009 -0.4960
vn 0.8683 -0.0009 -0.4960
vn 0.8587 -0.0046 -0.5124
vn 0.8598 0.0275 -0.5100
vn 0.8482 0.0367 -0.5284
vn 0.8598 0.0275 -0.5100
vn 0.8587 -0.0046 -0.5124
vn 0.8587 -0.0046 -0.5124
vn 0.8480 -0.0030 -0.5301
vn 0.8482 0.0367 -0.5284
vn 0.8399 0.0279 -0.5420
vn 0.8482 0.0367 -0.5284
vn 0.8480 -0.0030 -0.5301
vn 0.8480 -0.0030 -0.5301
vn 0.8376 0.0022 -0.5463
vn 0.8399 0.0279 -0.5420
vn 0.8277 0.0271 -0.5605
vn 0.8399 0.0279 -0.5420
vn 0.8376 0.0022 -0.5463
vn 0.8376 0.0022 -0.5463
vn 0.8281 -0.0023 -0.5606
vn 0.8277 0.0271 -0.5605
vn 0.8184 0.0268 -0.5740
vn 0.8277 0.0271 -0.5605
vn 0.8281 -0.0023 -0.5606
vn 0.8281 -0.0023 -0.5606
vn 0.8168 -0.0019 -0.5769
vn 0.8184 0.0268 -0.5740
vn 0.8056 0.0264 -0.5919
vn 0.8184 0.0268 -0.5740
vn 0.8168 -0.0019 -0.5769
vn 0.8168 -0.0019 -0.5769
vn 0.8062 0.0005 -0.5917
vn 0.8056 0.0264 -0.5919
vn 0.7962 0.0264 -0.6045
vn 0.8056 0.0264 -0.5919
vn 0.8062 0.0005 -0.5917
vn 0.8062 0.0005 -0.5917
vn 0.7955 -0.0044 -0.6060
vn 0.7962 0.0264 -0.6045
vn 0.7822 0.0265 -0.6225
vn 0.7962 0.0264 -0.6045
vn 0.7955 -0.0044 -0.6060
vn 0.7955 -0.0044 -0.6060
vn 0.7820 0.0035 -0.6233
vn 0.7822 0.0265 -0.6225
vn 0.7726 0.0268 -0.6344
vn 0.7822 0.0265 -0.6225
vn 0.7820 0.0035 -0.6233
vn 0.7820 0.0035 -0.6233
vn 0.7735 -0.0066 -0.6337
vn 0.7726 0.0268 -0.6344
vn 0.7575 0.0274 -0.6522
vn 0.7726 0.0268 -0.6344
vn 0.7735 -0.0066 -0.6337
vn 0.7735 -0.0066 -0.6337
vn 0.7587 -0.0007 -0.6515
vn 0.7575 0.0274 -0.6522
vn 0.7481 0.0279 -0.6630
vn 0.7575 0.0274 -0.6522
vn 0.7587 -0.0007 -0.6515
vn 0.7587 -0.0007 -0.6515
vn 0.7464 -0.0052 -0.6655
vn 0.7481 0.0279 -0.6630
vn 0.7343 0.0333 -0.6781
vn 0.7481 0.0279 -0.6630
vn 0.7464 -0.0052 -0.6655
vn 0.7464 -0.0052 -0.6655
vn 0.7317 -0.0023 -0.6816
vn 0.7343 0.0333 -0.6781
vn 0.7223 0.0271 -0.6911
vn 0.7343 0.0333 -0.6781
vn 0.7317 -0.0023 -0.6816
vn 0.7317 -0.0023 -0.6816
vn 0.7191 0.0015 -0.6949
vn 0.7223 0.0271 -0.6911
vn 0.7053 0.0266 -0.7084
vn 0.7223 0.0271 -0.6911
vn 0.7191 0.0015 -0.6949
vn 0.7191 0.0015 -0.6949
vn 0.7068 -0.0019 -0.7075
vn 0.7053 0.0266 -0.7084
vn 0.6956 0.0266 -0.7179
vn 0.7053 0.0266 -0.7084
vn 0.7068 -0.0019 -0.7075
vn 0.7068 -0.0019 -0.7075
vn 0.6931 -0.0021 -0.7208
vn 0.6956 0.0266 -0.7179
vn 0.6776 0.0266 -0.7349
vn 0.6956 0.0266 -0.7179
vn 0.6931 -0.0021 -0.7208
vn 0.6931 -0.0021 -0.7208
vn 0.6791 0.0006 -0.7340
vn 0.6776 0.0266 -0.7349
vn 0.6677 0.0267 -0.7440
vn 0.6776 0.0266 -0.7349
vn 0.6791 0.0006 -0.7340
vn 0.6791 0.0006 -0.7340
vn 0.6667 -0.0047 -0.7453
vn 0.6677 0.0267 -0.7440
vn 0.6465 0.0310 -0.7623
vn 0.6677 0.0267 -0.7440
vn 0.6667 -0.0047 -0.7453
vn 0.6667 -0.0047 -0.7453
vn 0.6498 0.0035 -0.7601
vn 0.6465 0.0310 -0.7623
vn 0.6389 0.0277 -0.7688
vn 0.6465 0.0310 -0.7623
vn 0.6498 0.0035 -0.7601
vn 0.6498 0.0035 -0.7601
vn 0.6397 -0.0077 -0.7685
vn 0.6389 0.0277 -0.7688
vn 0.6193 0.0270 -0.7847
vn 0.6389 0.0277 -0.7688
vn 0.6397 -0.0077 -0.7685
vn 0.6397 -0.0077 -0.7685
vn 0.6213 -0.0006 -0.7836
vn 0.6193 0.0270 -0.7847
vn 0.6093 0.0268 -0.7925
vn 0.6193 0.0270 -0.7847
vn 0.6213 -0.0006 -0.7836
vn 0.6213 -0.0006 -0.7836
vn 0.6074 -0.0036 -0.7944
vn 0.6093 0.0268 -0.7925
vn 0.5877 0.0266 -0.8087
vn 0.6093 0.0268 -0.7925
vn 0.6074 -0.0036 -0.7944
vn 0.3818 -0.0026 -0.9242
vn 0.3567 0.0026 -0.9342
vn 0.3674 0.0265 -0.9297
vn 0.3818 -0.0026 -0.9242
vn 0.3674 0.0265 -0.9297
vn 0.3832 0.0262 -0.9233
vn 0.3832 0.0262 -0.9233
vn 0.3948 -0.0007 -0.9187
vn 0.3818 -0.0026 -0.9242
vn 0.3948 -0.0007 -0.9187
vn 0.3832 0.0262 -0.9233
vn 0.4086 0.0261 -0.9124
vn 0.4148 -0.0007 -0.9099
vn 0.3948 -0.0007 -0.9187
vn 0.4086 0.0261 -0.9124
vn 0.4148 -0.0007 -0.9099
vn 0.4086 0.0261 -0.9124
vn 0.4188 0.0262 -0.9077
vn 0.4188 0.0262 -0.9077
vn 0.4309 -0.0035 -0.9024
vn 0.4148 -0.0007 -0.9099
vn 0.4309 -0.0035 -0.9024
vn 0.4188 0.0262 -0.9077
vn 0.4425 0.0272 -0.8963
vn 0.4474 0.0015 -0.8943
vn 0.4309 -0.0035 -0.9024
vn 0.4425 0.0272 -0.8963
vn 0.4474 0.0015 -0.8943
vn 0.4425 0.0272 -0.8963
vn 0.4530 0.0263 -0.8911
vn 0.4530 0.0263 -0.8911
vn 0.4652 -0.0061 -0.8852
vn 0.4474 0.0015 -0.8943
vn 0.4652 -0.0061 -0.8852
vn 0.4530 0.0263 -0.8911
vn 0.4771 0.0260 -0.8785
vn 0.4839 -0.0017 -0.8751
vn 0.4652 -0.0061 -0.8852
vn 0.4771 0.0260 -0.8785
vn 0.4839 -0.0017 -0.8751
vn 0.4771 0.0260 -0.8785
vn 0.4867 0.0260 -0.8732
vn 0.4867 0.0260 -0.8732
vn 0.4975 -0.0015 -0.8675
vn 0.4839 -0.0017 -0.8751
vn 0.4975 -0.0015 -0.8675
vn 0.4867 0.0260 -0.8732
vn 0.5095 0.0262 -0.8601
vn 0.5149 -0.0001 -0.8573
vn 0.4975 -0.0015 -0.8675
vn 0.5095 0.0262 -0.8601
vn 0.5149 -0.0001 -0.8573
vn 0.5095 0.0262 -0.8601
vn 0.5249 0.0292 -0.8506
vn 0.5249 0.0292 -0.8506
vn 0.5311 -0.0041 -0.8473
vn 0.5149 -0.0001 -0.8573
vn 0.5311 -0.0041 -0.8473
vn 0.5249 0.0292 -0.8506
vn 0.5423 0.0274 -0.8397
vn 0.5461 0.0024 -0.8377
vn 0.5311 -0.0041 -0.8473
vn 0.5423 0.0274 -0.8397
vn 0.5461 0.0024 -0.8377
vn 0.5423 0.0274 -0.8397
vn 0.5522 0.0272 -0.8333
vn 0.5522 0.0272 -0.8333
vn 0.5626 -0.0061 -0.8267
vn 0.5461 0.0024 -0.8377
vn 0.5626 -0.0061 -0.8267
vn 0.5522 0.0272 -0.8333
vn 0.5739 0.0267 -0.8185
vn 0.5795 -0.0016 -0.8150
vn 0.5626 -0.0061 -0.8267
vn 0.5739 0.0267 -0.8185
vn 0.5795 -0.0016 -0.8150
vn 0.5739 0.0267 -0.8185
vn 0.5877 0.0266 -0.8087
vn 0.5877 0.0266 -0.8087
vn 0.5936 -0.0051 -0.8048
vn 0.5795 -0.0016 -0.8150
vn 0.6074 -0.0036 -0.7944
vn 0.5936 -0.0051 -0.8048
vn 0.5877 0.0266 -0.8087
vn 0.0468 -0.0075 -0.9989
vn 0.0255 -0.0036 -0.9997
vn 0.0330 0.0269 -0.9991
vn 0.0330 0.0269 -0.9991
vn 0.0591 0.0025 -0.9983
vn 0.0468 -0.0075 -0.9989
vn 0.0330 0.0269 -0.9991
vn 0.0692 0.0282 -0.9972
vn 0.0591 0.0025 -0.9983
vn 0.0827 -0.0052 -0.9966
vn 0.0591 0.0025 -0.9983
vn 0.0692 0.0282 -0.9972
vn 0.0692 0.0282 -0.9972
vn 0.0973 -0.0000 -0.9953
vn 0.0827 -0.0052 -0.9966
vn 0.0692 0.0282 -0.9972
vn 0.0820 0.0285 -0.9962
vn 0.0973 -0.0000 -0.9953
vn 0.1234 -0.0080 -0.9923
vn 0.0973 -0.0000 -0.9953
vn 0.0820 0.0285 -0.9962
vn 0.0820 0.0285 -0.9962
vn 0.1230 0.0263 -0.9921
vn 0.1234 -0.0080 -0.9923
vn 0.1230 0.0263 -0.9921
vn 0.1349 0.0036 -0.9909
vn 0.1234 -0.0080 -0.9923
vn 0.1230 0.0263 -0.9921
vn 0.1296 0.0261 -0.9912
vn 0.1349 0.0036 -0.9909
vn 0.1584 -0.0058 -0.9874
vn 0.1349 0.0036 -0.9909
vn 0.1296 0.0261 -0.9912
vn 0.1296 0.0261 -0.9912
vn 0.1594 0.0262 -0.9869
vn 0.1584 -0.0058 -0.9874
vn 0.1594 0.0262 -0.9869
vn 0.1732 0.0010 -0.9849
vn 0.1584 -0.0058 -0.9874
vn 0.1594 0.0262 -0.9869
vn 0.1678 0.0261 -0.9855
vn 0.1732 0.0010 -0.9849
vn 0.1996 -0.0088 -0.9798
vn 0.1732 0.0010 -0.9849
vn 0.1678 0.0261 -0.9855
vn 0.1678 0.0261 -0.9855
vn 0.1980 0.0262 -0.9799
vn 0.1996 -0.0088 -0.9798
vn 0.1980 0.0262 -0.9799
vn 0.2095 0.0051 -0.9778
vn 0.1996 -0.0088 -0.9798
vn 0.1980 0.0262 -0.9799
vn 0.2056 0.0262 -0.9783
vn 0.2095 0.0051 -0.9778
vn 0.2343 -0.0067 -0.9722
vn 0.2095 0.0051 -0.9778
vn 0.2056 0.0262 -0.9783
vn 0.2056 0.0262 -0.9783
vn 0.2347 0.0262 -0.9717
vn 0.2343 -0.0067 -0.9722
vn 0.2347 0.0262 -0.9717
vn 0.2473 0.0022 -0.9689
vn 0.2343 -0.0067 -0.9722
vn 0.2347 0.0262 -0.9717
vn 0.2424 0.0261 -0.9698
vn 0.2473 0.0022 -0.9689
vn 0.2690 -0.0043 -0.9631
vn 0.2473 0.0022 -0.9689
vn 0.2424 0.0261 -0.9698
vn 0.2424 0.0261 -0.9698
vn 0.2793 0.0298 -0.9598
vn 0.2690 -0.0043 -0.9631
vn 0.2793 0.0298 -0.9598
vn 0.2848 -0.0002 -0.9586
vn 0.2690 -0.0043 -0.9631
vn 0.2793 0.0298 -0.9598
vn 0.2717 0.0290 -0.9620
vn 0.2848 -0.0002 -0.9586
vn 0.3044 -0.0012 -0.9525
vn 0.2848 -0.0002 -0.9586
vn 0.2717 0.0290 -0.9620
vn 0.2717 0.0290 -0.9620
vn 0.3075 0.0262 -0.9512
vn 0.3044 -0.0012 -0.9525
vn 0.3075 0.0262 -0.9512
vn 0.3190 -0.0008 -0.9478
vn 0.3044 -0.0012 -0.9525
vn 0.3075 0.0262 -0.9512
vn 0.3168 0.0262 -0.9481
vn 0.3190 -0.0008 -0.9478
vn 0.3417 -0.0073 -0.9398
vn 0.3190 -0.0008 -0.9478
vn 0.3168 0.0262 -0.9481
vn 0.3168 0.0262 -0.9481
vn 0.3373 0.0263 -0.9410
vn 0.3417 -0.0073 -0.9398
vn 0.3373 0.0263 -0.9410
vn 0.3567 0.0026 -0.9342
vn 0.3417 -0.0073 -0.9398
vn 0.3373 0.0263 -0.9410
vn 0.3461 0.0663 -0.9359
vn 0.3567 0.0026 -0.9342
vn 0.3567 0.0026 -0.9342
vn 0.3461 0.0663 -0.9359
vn 0.3674 0.0265 -0.9297
vn 0.1487 0.9805 0.1283
vn 0.5407 0.7956 0.2732
vn 0.9506 0.1928 0.2434
vn 0.9791 0.0749 0.1889
vn 0.9672 0.2539 0.0080
vn 0.9506 0.1928 0.2434
vn 0.1487 0.9805 0.1283
vn 0.5325 0.3251 0.7815
vn 0.5407 0.7956 0.2732
vn 0.5407 0.7956 0.2732
vn 0.5325 0.3251 0.7815
vn 0.3335 0.5889 0.7362
vn 0.0664 0.8998 0.4313
vn 0.2714 0.8216 0.5012
vn 0.2747 0.7788 0.5639
vn 0.2747 0.7788 0.5639
vn -0.2769 0.5799 0.7662
vn 0.0664 0.8998 0.4313
vn 0.3335 0.5889 0.7362
vn 0.0048 0.7494 0.6621
vn 0.1604 0.9597 0.2306
vn 0.7363 0.5004 0.4554
vn 0.5233 0.6370 0.5660
vn 0.2980 0.8751 0.3812
vn 0.4638 0.4780 0.7459
vn 0.4927 0.5230 0.6955
vn 0.7849 0.2481 0.5678
vn 0.2980 0.8751 0.3812
vn 0.3563 0.8041 0.4759
vn 0.7363 0.5004 0.4554
vn 0.2980 0.8751 0.3812
vn 0.2328 0.8771 0.4201
vn 0.3563 0.8041 0.4759
vn 0.1047 0.9167 0.3855
vn 0.2714 0.8216 0.5012
vn 0.0664 0.8998 0.4313
vn 0.2747 0.7788 0.5639
vn 0.2714 0.8216 0.5012
vn 0.0294 0.1035 0.9942
vn 0.1604 0.9597 0.2306
vn 0.0048 0.7494 0.6621
vn 0.1602 0.9475 0.2766
vn 0.1815 0.9201 0.3472
vn 0.1602 0.9475 0.2766
vn 0.2119 0.9367 0.2786
vn 0.1815 0.9201 0.3472
vn 0.2119 0.9367 0.2786
vn 0.2293 0.8941 0.3847
vn 0.1047 0.9167 0.3855
vn 0.0664 0.8998 0.4313
vn 0.2293 0.8941 0.3847
vn 0.1750 0.9226 0.3438
vn 0.1815 0.9201 0.3472
vn 0.2328 0.8771 0.4201
vn 0.2980 0.8751 0.3812
vn 0.3323 0.9029 0.2728
vn 0.2328 0.8771 0.4201
vn 0.1750 0.9226 0.3438
vn 0.2328 0.8771 0.4201
vn 0.3323 0.9029 0.2728
vn 0.3335 0.5889 0.7362
vn 0.1604 0.9597 0.2306
vn 0.5407 0.7956 0.2732
vn 0.3323 0.9029 0.2728
vn 0.5407 0.7956 0.2732
vn 0.1604 0.9597 0.2306
vn 0.1602 0.9475 0.2766
vn 0.1815 0.9201 0.3472
vn 0.1750 0.9226 0.3438
vn 0.1604 0.9597 0.2306
vn 0.1602 0.9475 0.2766
vn 0.1750 0.9226 0.3438
vn 0.1604 0.9597 0.2306
vn 0.1750 0.9226 0.3438
vn 0.3323 0.9029 0.2728
vn 0.7363 0.5004 0.4554
vn 0.7849 0.2481 0.5678
vn 0.4927 0.5230 0.6955
vn 0.7363 0.5004 0.4554
vn 0.4927 0.5230 0.6955
vn 0.4638 0.4780 0.7459
vn 0.7363 0.5004 0.4554
vn 0.4638 0.4780 0.7459
vn 0.5233 0.6370 0.5660
vn 0.0294 0.1035 0.9942
vn 0.2714 0.8216 0.5012
vn 0.0815 0.7876 0.6107
vn 0.0064 0.8985 0.4389
vn 0.0010 0.8511 0.5250
vn 0.0815 0.7876 0.6107
vn 0.0815 0.7876 0.6107
vn 0.1923 0.2770 0.9414
vn 0.0294 0.1035 0.9942
vn 0.0115 0.9058 0.4236
vn 0.0064 0.8985 0.4389
vn 0.0815 0.7876 0.6107
vn 0.1047 0.9167 0.3855
vn -0.1863 0.7770 0.6013
vn 0.0115 0.9058 0.4236
vn 0.0026 0.9761 0.2174
vn 0.0048 0.9602 0.2793
vn 0.1602 0.9475 0.2766
vn 0.1602 0.9475 0.2766
vn 0.0039 0.9787 0.2055
vn 0.0027 0.9697 0.2444
vn 0.1602 0.9475 0.2766
vn 0.0023 0.9870 0.1606
vn 0.0039 0.9787 0.2055
vn 0.0048 0.9602 0.2793
vn 0.0253 0.9497 0.3123
vn 0.1602 0.9475 0.2766
vn 0.0815 0.7876 0.6107
vn 0.2714 0.8216 0.5012
vn 0.1047 0.9167 0.3855
vn 0.2293 0.8941 0.3847
vn 0.2119 0.9367 0.2786
vn 0.0253 0.9497 0.3123
vn 0.1047 0.9167 0.3855
vn 0.0115 0.9058 0.4236
vn 0.0815 0.7876 0.6107
vn 0.1602 0.9475 0.2766
vn 0.0048 0.7494 0.6621
vn 0.0023 0.9870 0.1606
vn 0.0253 0.9497 0.3123
vn 0.0049 0.9386 0.3451
vn 0.1047 0.9167 0.3855
vn 0.1047 0.9167 0.3855
vn 0.2293 0.8941 0.3847
vn 0.0253 0.9497 0.3123
vn 0.2119 0.9367 0.2786
vn 0.1602 0.9475 0.2766
vn 0.0253 0.9497 0.3123
vn -0.2781 0.6818 0.6766
vn -0.3758 0.0231 0.9264
vn -0.3758 0.0231 0.9264
vn 0.0048 0.7494 0.6621
vn -0.3513 0.8613 0.3669
vn -0.0059 0.9912 0.1322
vn -0.7656 -0.0846 0.6378
vn -0.7596 0.3442 0.5518
vn -0.7596 0.3442 0.5518
vn -0.1236 -0.9753 0.1832
vn -0.0441 -0.9987 0.0255
vn -0.5197 -0.8387 0.1627
vn -0.7968 -0.1263 0.5910
vn -0.4995 -0.6985 0.5124
vn -0.7656 -0.0846 0.6378
vn -0.1052 -0.1619 -0.9812
vn -0.0144 -0.0436 -0.9989
vn -0.1280 -0.7318 -0.6694
vn -0.7807 -0.2099 -0.5886
vn -0.7807 -0.2099 -0.5886
vn -0.7467 -0.1803 -0.6403
vn -0.1238 -0.9920 -0.0261
vn -0.3274 -0.9259 -0.1883
vn -0.9712 -0.2107 -0.1111
vn -0.9516 -0.3059 -0.0295
vn -0.9712 -0.2107 -0.1111
vn -0.5197 -0.8387 0.1627
vn -0.6338 -0.7702 0.0713
vn -0.4430 -0.8542 0.2723
vn -0.5197 -0.8387 0.1627
vn -0.9712 -0.2107 -0.1111
vn -0.6338 -0.7702 0.0713
vn -0.5197 -0.8387 0.1627
vn -0.1052 -0.1619 -0.9812
vn -0.4834 -0.1435 -0.8636
vn -0.4834 -0.1435 -0.8636
vn -0.7467 -0.1803 -0.6403
vn -0.2277 -0.9268 -0.2985
vn -0.1798 -0.9303 -0.3196
vn -0.8249 -0.0584 0.5622
vn -0.8249 -0.0584 0.5622
vn -0.7656 -0.0846 0.6378
vn -0.0001 -0.2160 -0.9764
vn 0.0002 -0.1650 -0.9863
vn 0.0455 -0.3036 -0.9517
vn 0.0455 -0.3036 -0.9517
vn 0.0002 -0.1650 -0.9863
vn 0.0100 -0.0566 -0.9983
vn 0.0100 -0.0566 -0.9983
vn -0.0001 -0.0653 -0.9979
vn 0.0008 -0.0269 -0.9996
vn -0.0004 -0.2451 -0.9695
vn -0.0001 -0.2160 -0.9764
vn 0.0455 -0.3036 -0.9517
vn 0.0455 -0.3036 -0.9517
vn -0.0006 -0.3136 -0.9495
vn -0.0004 -0.2451 -0.9695
vn 0.0455 -0.3036 -0.9517
vn 0.0007 -0.3683 -0.9297
vn -0.0006 -0.3136 -0.9495
vn 0.0007 -0.3683 -0.9297
vn 0.0455 -0.3036 -0.9517
vn -0.1203 -0.5488 -0.8273
vn -0.1203 -0.5488 -0.8273
vn -0.0003 -0.4111 -0.9116
vn 0.0007 -0.3683 -0.9297
vn -0.1203 -0.5488 -0.8273
vn -0.0023 -0.4615 -0.8872
vn -0.0029 -0.5050 -0.8631
vn -0.0029 -0.5050 -0.8631
vn -0.0013 -0.4724 -0.8814
vn -0.1203 -0.5488 -0.8273
vn -0.0013 -0.4724 -0.8814
vn -0.0003 -0.4111 -0.9116
vn -0.1203 -0.5488 -0.8273
vn -0.0009 -0.6644 -0.7473
vn -0.0011 -0.6594 -0.7517
vn -0.1203 -0.5488 -0.8273
vn 0.0131 -0.8193 -0.5732
vn -0.0001 -0.7984 -0.6021
vn 0.0089 -0.7694 -0.6387
vn 0.0005 -0.9500 -0.3122
vn -0.0001 -0.9289 -0.3702
vn -0.1475 -0.8250 -0.5456
vn -0.1475 -0.8250 -0.5456
vn 0.0028 -0.9537 -0.3008
vn 0.0005 -0.9500 -0.3122
vn -0.1475 -0.8250 -0.5456
vn -0.0055 -0.9436 -0.3310
vn 0.0028 -0.9537 -0.3008
vn -0.1475 -0.8250 -0.5456
vn -0.0969 -0.9688 -0.2281
vn -0.0055 -0.9436 -0.3310
vn -0.0064 -0.9836 -0.1802
vn -0.0008 -0.9957 -0.0922
vn -0.0969 -0.9688 -0.2281
vn -0.0969 -0.9688 -0.2281
vn -0.2277 -0.9268 -0.2985
vn -0.0064 -0.9836 -0.1802
vn -0.0361 -0.0253 -0.9990
vn -0.0168 -0.0391 -0.9991
vn -0.0144 -0.0436 -0.9989
vn 0.0455 -0.3036 -0.9517
vn 0.0100 -0.0566 -0.9983
vn -0.1203 -0.5488 -0.8273
vn 0.0131 -0.8193 -0.5732
vn -0.1475 -0.8250 -0.5456
vn -0.0010 -0.8524 -0.5229
vn -0.1203 -0.5488 -0.8273
vn -0.1475 -0.8250 -0.5456
vn 0.0131 -0.8193 -0.5732
vn 0.0131 -0.8193 -0.5732
vn 0.0089 -0.7694 -0.6387
vn -0.1203 -0.5488 -0.8273
vn -0.1203 -0.5488 -0.8273
vn 0.0089 -0.7694 -0.6387
vn 0.0020 -0.7386 -0.6741
vn -0.1203 -0.5488 -0.8273
vn 0.0020 -0.7386 -0.6741
vn 0.0002 -0.6891 -0.7246
vn -0.1203 -0.5488 -0.8273
vn 0.0002 -0.6891 -0.7246
vn -0.0009 -0.6644 -0.7473
vn -0.1052 -0.1619 -0.9812
vn -0.1475 -0.8250 -0.5456
vn -0.1203 -0.5488 -0.8273
vn -0.1052 -0.1619 -0.9812
vn -0.1203 -0.5488 -0.8273
vn 0.0100 -0.0566 -0.9983
vn -0.1475 -0.8250 -0.5456
vn -0.1895 -0.9145 -0.3573
vn -0.0969 -0.9688 -0.2281
vn -0.2277 -0.9268 -0.2985
vn -0.0969 -0.9688 -0.2281
vn -0.1186 -0.9814 -0.1509
vn -0.0144 -0.0436 -0.9989
vn -0.1052 -0.1619 -0.9812
vn -0.0293 -0.0263 -0.9992
vn -0.5197 -0.8387 0.1627
vn -0.0441 -0.9987 0.0255
vn -0.0324 -0.9995 0.0013
vn -0.0384 -0.9992 0.0081
vn -0.0324 -0.9995 0.0013
vn -0.0441 -0.9987 0.0255
vn -0.0324 -0.9995 0.0013
vn -0.1238 -0.9920 -0.0261
vn -0.5197 -0.8387 0.1627
vn -0.0324 -0.9995 0.0013
vn -0.2277 -0.9268 -0.2985
vn -0.3274 -0.9259 -0.1883
vn -0.3274 -0.9259 -0.1883
vn -0.1238 -0.9920 -0.0261
vn -0.0324 -0.9995 0.0013
vn -0.0103 -0.0265 -0.9996
vn 0.0008 -0.0269 -0.9996
vn -0.0001 -0.0653 -0.9979
vn -0.0109 -0.1140 -0.9934
vn -0.0103 -0.0265 -0.9996
vn -0.0001 -0.0653 -0.9979
vn -0.0001 -0.0653 -0.9979
vn 0.0100 -0.0566 -0.9983
vn -0.0109 -0.1140 -0.9934
vn -0.0109 -0.1140 -0.9934
vn 0.0100 -0.0566 -0.9983
vn 0.0002 -0.1650 -0.9863
vn 0.0002 -0.1650 -0.9863
vn -0.0146 -0.2014 -0.9794
vn -0.0109 -0.1140 -0.9934
vn 0.0002 -0.1650 -0.9863
vn -0.0001 -0.2160 -0.9764
vn -0.0146 -0.2014 -0.9794
vn -0.0146 -0.2014 -0.9794
vn -0.0001 -0.2160 -0.9764
vn -0.0004 -0.2451 -0.9695
vn -0.0004 -0.2451 -0.9695
vn 0.0000 -0.2797 -0.9601
vn -0.0146 -0.2014 -0.9794
vn 0.0000 -0.2797 -0.9601
vn -0.0004 -0.2451 -0.9695
vn -0.0006 -0.3136 -0.9495
vn -0.0885 -0.3660 -0.9264
vn 0.0000 -0.2797 -0.9601
vn -0.0006 -0.3136 -0.9495
vn -0.0006 -0.3136 -0.9495
vn 0.0007 -0.3683 -0.9297
vn -0.0885 -0.3660 -0.9264
vn -0.0885 -0.3660 -0.9264
vn 0.0007 -0.3683 -0.9297
vn -0.0003 -0.4111 -0.9116
vn -0.0003 -0.4111 -0.9116
vn 0.0006 -0.4412 -0.8974
vn -0.0885 -0.3660 -0.9264
vn -0.0003 -0.4111 -0.9116
vn -0.0013 -0.4724 -0.8814
vn 0.0006 -0.4412 -0.8974
vn -0.0013 -0.4724 -0.8814
vn 0.0007 -0.5118 -0.8591
vn 0.0006 -0.4412 -0.8974
vn -0.0013 -0.4724 -0.8814
vn -0.0029 -0.5050 -0.8631
vn 0.0007 -0.5118 -0.8591
vn 0.0007 -0.5118 -0.8591
vn -0.0029 -0.5050 -0.8631
vn -0.0023 -0.4615 -0.8872
vn -0.0007 -0.5864 -0.8100
vn 0.0007 -0.5118 -0.8591
vn -0.0023 -0.4615 -0.8872
vn -0.0023 -0.4615 -0.8872
vn -0.1203 -0.5488 -0.8273
vn -0.0007 -0.5864 -0.8100
vn -0.0007 -0.5864 -0.8100
vn -0.1203 -0.5488 -0.8273
vn -0.0011 -0.6594 -0.7517
vn -0.0011 -0.6594 -0.7517
vn 0.0011 -0.6565 -0.7543
vn -0.0007 -0.5864 -0.8100
vn -0.0011 -0.6594 -0.7517
vn -0.0009 -0.6644 -0.7473
vn 0.0011 -0.6565 -0.7543
vn 0.0011 -0.6565 -0.7543
vn -0.0009 -0.6644 -0.7473
vn 0.0002 -0.6891 -0.7246
vn 0.0008 -0.7148 -0.6993
vn 0.0011 -0.6565 -0.7543
vn 0.0002 -0.6891 -0.7246
vn 0.0008 -0.7148 -0.6993
vn 0.0002 -0.6891 -0.7246
vn 0.0020 -0.7386 -0.6741
vn -0.0330 -0.7758 -0.6301
vn 0.0008 -0.7148 -0.6993
vn 0.0020 -0.7386 -0.6741
vn 0.0020 -0.7386 -0.6741
vn 0.0089 -0.7694 -0.6387
vn -0.0330 -0.7758 -0.6301
vn -0.0330 -0.7758 -0.6301
vn 0.0089 -0.7694 -0.6387
vn -0.0001 -0.7984 -0.6021
vn -0.0001 -0.7984 -0.6021
vn 0.0009 -0.8233 -0.5676
vn -0.0330 -0.7758 -0.6301
vn -0.0001 -0.7984 -0.6021
vn 0.0131 -0.8193 -0.5732
vn 0.0009 -0.8233 -0.5676
vn 0.0009 -0.8233 -0.5676
vn 0.0131 -0.8193 -0.5732
vn -0.0010 -0.8524 -0.5229
vn -0.0010 -0.8524 -0.5229
vn -0.0406 -0.8743 -0.4837
vn 0.0009 -0.8233 -0.5676
vn 0.0002 -0.9086 -0.4177
vn -0.0406 -0.8743 -0.4837
vn -0.0010 -0.8524 -0.5229
vn -0.0010 -0.8524 -0.5229
vn -0.1475 -0.8250 -0.5456
vn 0.0002 -0.9086 -0.4177
vn 0.0002 -0.9086 -0.4177
vn -0.1475 -0.8250 -0.5456
vn -0.0001 -0.9289 -0.3702
vn -0.0001 -0.9289 -0.3702
vn 0.0057 -0.9414 -0.3371
vn 0.0002 -0.9086 -0.4177
vn -0.0001 -0.9289 -0.3702
vn 0.0005 -0.9500 -0.3122
vn 0.0057 -0.9414 -0.3371
vn 0.0043 -0.9629 -0.2698
vn 0.0057 -0.9414 -0.3371
vn 0.0005 -0.9500 -0.3122
vn 0.0043 -0.9629 -0.2698
vn 0.0005 -0.9500 -0.3122
vn 0.0028 -0.9537 -0.3008
vn 0.0043 -0.9629 -0.2698
vn 0.0028 -0.9537 -0.3008
vn -0.0055 -0.9436 -0.3310
vn 0.0041 -0.9841 -0.1777
vn 0.0043 -0.9629 -0.2698
vn -0.0055 -0.9436 -0.3310
vn -0.0055 -0.9436 -0.3310
vn -0.0969 -0.9688 -0.2281
vn 0.0041 -0.9841 -0.1777
vn -0.0324 -0.9995 0.0013
vn 0.0054 -0.9986 -0.0522
vn -0.2277 -0.9268 -0.2985
vn -0.0064 -0.9836 -0.1802
vn -0.2277 -0.9268 -0.2985
vn 0.0054 -0.9986 -0.0522
vn 0.0054 -0.9986 -0.0522
vn 0.0134 -0.9948 -0.1007
vn -0.0064 -0.9836 -0.1802
vn -0.0008 -0.9957 -0.0922
vn -0.0064 -0.9836 -0.1802
vn 0.0134 -0.9948 -0.1007
vn -0.0008 -0.9957 -0.0922
vn 0.0134 -0.9948 -0.1007
vn 0.0041 -0.9841 -0.1777
vn -0.0969 -0.9688 -0.2281
vn -0.0008 -0.9957 -0.0922
vn 0.0041 -0.9841 -0.1777
vn -0.5180 -0.2592 -0.8152
vn -0.0103 -0.0265 -0.9996
vn -0.0109 -0.1140 -0.9934
vn -0.0109 -0.1140 -0.9934
vn -0.0146 -0.2014 -0.9794
vn -0.5180 -0.2592 -0.8152
vn -0.5195 -0.5549 -0.6497
vn -0.5180 -0.2592 -0.8152
vn -0.0146 -0.2014 -0.9794
vn 0.9804 0.0035 -0.1972
vn 0.9804 0.0035 -0.1972
vn 0.9804 0.0035 -0.1972
vn 0.9832 -0.0690 -0.1687
vn 0.9832 -0.0690 -0.1687
vn 0.9832 -0.0690 -0.1687
vn 0.9769 0.0904 -0.1935
vn 0.9769 0.0904 -0.1935
vn 0.9769 0.0904 -0.1935
vn 0.9843 0.0172 -0.1757
vn 0.9843 0.0172 -0.1757
vn 0.9843 0.0172 -0.1757
vn 0.9756 -0.0054 -0.2194
vn 0.9756 -0.0054 -0.2194
vn 0.9756 -0.0054 -0.2194
vn 0.9757 -0.0070 -0.2191
vn 0.9757 -0.0070 -0.2191
vn 0.9757 -0.0070 -0.2191
vn 0.9811 0.0092 -0.1931
vn 0.9811 0.0092 -0.1931
vn 0.9811 0.0092 -0.1931
vn 0.9810 0.0115 -0.1934
vn 0.9810 0.0115 -0.1934
vn 0.9810 0.0115 -0.1934
vn 0.9776 -0.0012 -0.2106
vn 0.9776 -0.0012 -0.2106
vn 0.9776 -0.0012 -0.2106
vn 0.9776 -0.0033 -0.2103
vn 0.9776 -0.0033 -0.2103
vn 0.9776 -0.0033 -0.2103
vn 0.9763 -0.0083 -0.2160
vn 0.9763 -0.0083 -0.2160
vn 0.9763 -0.0083 -0.2160
vn 0.8944 -0.4206 -0.1520
vn 0.8944 -0.4206 -0.1520
vn 0.8944 -0.4206 -0.1520
vn 0.8655 0.4510 -0.2178
vn 0.8655 0.4510 -0.2178
vn 0.8655 0.4510 -0.2178
vn 0.9784 -0.0004 -0.2065
vn 0.9784 -0.0004 -0.2065
vn 0.9784 -0.0004 -0.2065
vn 0.9774 -0.0040 -0.2112
vn 0.9774 -0.0040 -0.2112
vn 0.9774 -0.0040 -0.2112
vn 0.9778 -0.0013 -0.2093
vn 0.9778 -0.0013 -0.2093
vn 0.9778 -0.0013 -0.2093
vn -0.0850 -0.9912 -0.1011
vn -0.2036 -0.9035 -0.3770
vn 0.0057 -0.9414 -0.3371
vn 0.0057 -0.9414 -0.3371
vn 0.0043 -0.9629 -0.2698
vn -0.0850 -0.9912 -0.1011
vn 0.2874 -0.9216 -0.2609
vn -0.0850 -0.9912 -0.1011
vn 0.0043 -0.9629 -0.2698
vn 0.9770 -0.0185 -0.2122
vn 0.9770 -0.0185 -0.2122
vn 0.9770 -0.0185 -0.2122
vn -0.0850 -0.9912 -0.1011
vn 0.2874 -0.9216 -0.2609
vn 0.0041 -0.9841 -0.1777
vn 0.0041 -0.9841 -0.1777
vn 0.0134 -0.9948 -0.1007
vn -0.0850 -0.9912 -0.1011
vn 0.0134 -0.9948 -0.1007
vn 0.0054 -0.9986 -0.0522
vn -0.0850 -0.9912 -0.1011
vn 0.0075 -0.9068 0.4215
vn 0.0035 -0.9083 0.4183
vn 0.0044 -0.9038 0.4280
vn 0.0024 -0.8964 0.4433
vn 0.0075 -0.9068 0.4215
vn 0.0044 -0.9038 0.4280
vn 0.0024 -0.8964 0.4433
vn 0.0044 -0.9038 0.4280
vn 0.0151 -0.9010 0.4335
vn 0.0018 -0.9088 0.4173
vn 0.0075 -0.9068 0.4215
vn 0.0026 -0.9063 0.4227
vn 0.0075 -0.9068 0.4215
vn 0.0018 -0.9088 0.4173
vn 0.0035 -0.9083 0.4183
vn 0.0033 -0.9005 0.4349
vn -0.5948 -0.7186 0.3604
vn 0.0055 -0.9195 0.3932
vn 0.0018 -0.9088 0.4173
vn 0.0026 -0.9063 0.4227
vn 0.0016 -0.9108 0.4128
vn 0.0033 -0.9155 0.4024
vn 0.0018 -0.9088 0.4173
vn 0.0016 -0.9108 0.4128
vn 0.0016 -0.9108 0.4128
vn 0.0033 -0.9005 0.4349
vn 0.0033 -0.9155 0.4024
vn 0.0033 -0.9005 0.4349
vn 0.0033 -0.9182 0.3960
vn 0.0033 -0.9155 0.4024
vn 0.0033 -0.9005 0.4349
vn 0.0055 -0.9195 0.3932
vn 0.0033 -0.9182 0.3960
vn 0.0007 -0.9298 0.3681
vn 0.0052 -0.9267 0.3756
vn -0.0000 -0.9272 0.3746
vn 0.0007 -0.9298 0.3681
vn -0.0000 -0.9272 0.3746
vn 0.0001 -0.9259 0.3778
vn -0.5948 -0.7186 0.3604
vn 0.0007 -0.9298 0.3681
vn 0.0055 -0.9195 0.3932
vn 0.0001 -0.9259 0.3778
vn 0.0055 -0.9195 0.3932
vn 0.0007 -0.9298 0.3681
vn 0.0012 -0.9333 0.3592
vn 0.0030 -0.9353 0.3538
vn 0.0010 -0.9399 0.3415
vn 0.0052 -0.9267 0.3756
vn 0.0012 -0.9333 0.3592
vn -0.0000 -0.9272 0.3746
vn 0.0158 -0.9326 0.3605
vn -0.0000 -0.9272 0.3746
vn 0.0012 -0.9333 0.3592
vn 0.0012 -0.9333 0.3592
vn 0.0010 -0.9399 0.3415
vn 0.0158 -0.9326 0.3605
vn 0.0040 -0.9336 0.3582
vn -0.0872 -0.7889 0.6083
vn 0.0027 -0.9422 0.3350
vn 0.0040 -0.9336 0.3582
vn 0.0027 -0.9422 0.3350
vn 0.1839 -0.9164 0.3555
vn 0.0030 -0.9353 0.3538
vn 0.0040 -0.9336 0.3582
vn 0.0010 -0.9399 0.3415
vn 0.1839 -0.9164 0.3555
vn 0.0010 -0.9399 0.3415
vn 0.0040 -0.9336 0.3582
vn 0.0004 -0.9529 0.3034
vn 0.0010 -0.9518 0.3067
vn 0.0040 -0.9576 0.2881
vn 0.0004 -0.9529 0.3034
vn 0.0040 -0.9576 0.2881
vn 0.0032 -0.9516 0.3072
vn -0.0872 -0.7889 0.6083
vn 0.0004 -0.9529 0.3034
vn 0.0027 -0.9422 0.3350
vn 0.0032 -0.9516 0.3072
vn 0.0027 -0.9422 0.3350
vn 0.0004 -0.9529 0.3034
vn 0.0052 -0.9521 0.3059
vn -0.0369 -0.9431 0.3305
vn 0.0026 -0.9571 0.2898
vn 0.0010 -0.9518 0.3067
vn 0.0052 -0.9521 0.3059
vn 0.0040 -0.9576 0.2881
vn 0.1658 -0.9432 0.2878
vn 0.0040 -0.9576 0.2881
vn 0.0052 -0.9521 0.3059
vn 0.0052 -0.9521 0.3059
vn 0.0026 -0.9571 0.2898
vn 0.1658 -0.9432 0.2878
vn 0.0025 -0.9604 0.2788
vn -0.0612 -0.9602 0.2726
vn 0.0077 -0.9718 0.2358
vn -0.0369 -0.9431 0.3305
vn 0.0025 -0.9604 0.2788
vn 0.0026 -0.9571 0.2898
vn 0.0077 -0.9718 0.2358
vn 0.0026 -0.9571 0.2898
vn 0.0025 -0.9604 0.2788
vn 0.1350 -0.9556 0.2618
vn 0.0043 -0.9655 0.2605
vn 0.0041 -0.9606 0.2778
vn 0.0017 -0.9736 0.2281
vn -0.0086 -0.9768 0.2138
vn 0.0013 -0.9786 0.2058
vn 0.0043 -0.9655 0.2605
vn 0.0017 -0.9736 0.2281
vn 0.0041 -0.9606 0.2778
vn 0.0063 -0.9772 0.2124
vn 0.0041 -0.9606 0.2778
vn 0.0017 -0.9736 0.2281
vn 0.0017 -0.9736 0.2281
vn 0.0013 -0.9786 0.2058
vn 0.0063 -0.9772 0.2124
vn -0.0086 -0.9768 0.2138
vn 0.0007 -0.9849 0.1731
vn 0.0013 -0.9786 0.2058
vn 0.0004 -0.9825 0.1865
vn 0.0013 -0.9786 0.2058
vn 0.0007 -0.9849 0.1731
vn 0.0007 -0.9849 0.1731
vn 0.0003 -0.9830 0.1837
vn 0.0004 -0.9825 0.1865
vn 0.0007 -0.9849 0.1731
vn 0.0018 -0.9826 0.1855
vn 0.0003 -0.9830 0.1837
vn 0.0018 -0.9826 0.1855
vn 0.0026 -0.9839 0.1786
vn 0.0003 -0.9830 0.1837
vn 0.0019 -0.9874 0.1583
vn 0.0003 -0.9830 0.1837
vn 0.0026 -0.9839 0.1786
vn 0.0026 -0.9839 0.1786
vn -0.0002 -0.9891 0.1473
vn 0.0019 -0.9874 0.1583
vn 0.0145 -0.9940 0.1089
vn 0.0019 -0.9874 0.1583
vn -0.0002 -0.9891 0.1473
vn -0.0002 -0.9891 0.1473
vn -0.0481 -0.9820 0.1826
vn 0.0145 -0.9940 0.1089
vn -0.0481 -0.9820 0.1826
vn 0.1360 -0.8998 0.4145
vn 0.0145 -0.9940 0.1089
vn -0.0481 -0.9820 0.1826
vn -0.0778 -0.7999 0.5950
vn 0.1360 -0.8998 0.4145
vn -0.1236 -0.9753 0.1832
vn -0.0778 -0.7999 0.5950
vn -0.0647 -0.9961 0.0596
vn -0.0647 -0.9961 0.0596
vn -0.0180 -0.9998 0.0109
vn -0.1236 -0.9753 0.1832
vn -0.0180 -0.9998 0.0109
vn -0.0384 -0.9992 0.0081
vn -0.0441 -0.9987 0.0255
vn -0.0441 -0.9987 0.0255
vn -0.1236 -0.9753 0.1832
vn -0.0180 -0.9998 0.0109
vn 0.0026 -0.9063 0.4227
vn 0.0075 -0.9068 0.4215
vn -0.5948 -0.7186 0.3604
vn 0.0016 -0.9108 0.4128
vn 0.0026 -0.9063 0.4227
vn -0.5948 -0.7186 0.3604
vn -0.5948 -0.7186 0.3604
vn 0.0033 -0.9005 0.4349
vn 0.0016 -0.9108 0.4128
vn 0.0052 -0.9267 0.3756
vn 0.0007 -0.9298 0.3681
vn -0.5948 -0.7186 0.3604
vn -0.5948 -0.7186 0.3604
vn -0.0872 -0.7889 0.6083
vn 0.0052 -0.9267 0.3756
vn 0.0012 -0.9333 0.3592
vn 0.0052 -0.9267 0.3756
vn -0.0872 -0.7889 0.6083
vn 0.0030 -0.9353 0.3538
vn 0.0012 -0.9333 0.3592
vn -0.0872 -0.7889 0.6083
vn 0.0040 -0.9336 0.3582
vn 0.0030 -0.9353 0.3538
vn -0.0872 -0.7889 0.6083
vn 0.0010 -0.9518 0.3067
vn 0.0004 -0.9529 0.3034
vn -0.0872 -0.7889 0.6083
vn 0.0052 -0.9521 0.3059
vn 0.0010 -0.9518 0.3067
vn -0.0872 -0.7889 0.6083
vn -0.0872 -0.7889 0.6083
vn -0.0369 -0.9431 0.3305
vn 0.0052 -0.9521 0.3059
vn -0.0612 -0.9602 0.2726
vn 0.0025 -0.9604 0.2788
vn -0.0369 -0.9431 0.3305
vn 0.0043 -0.9655 0.2605
vn 0.1350 -0.9556 0.2618
vn -0.0612 -0.9602 0.2726
vn 0.0017 -0.9736 0.2281
vn 0.0043 -0.9655 0.2605
vn -0.0612 -0.9602 0.2726
vn -0.0612 -0.9602 0.2726
vn -0.0086 -0.9768 0.2138
vn 0.0017 -0.9736 0.2281
vn -0.0086 -0.9768 0.2138
vn 0.0018 -0.9826 0.1855
vn 0.0007 -0.9849 0.1731
vn 0.0026 -0.9839 0.1786
vn 0.0018 -0.9826 0.1855
vn -0.0086 -0.9768 0.2138
vn -0.0086 -0.9768 0.2138
vn -0.0026 -0.9872 0.1594
vn 0.0026 -0.9839 0.1786
vn -0.0026 -0.9872 0.1594
vn -0.0002 -0.9891 0.1473
vn 0.0026 -0.9839 0.1786
vn -0.0026 -0.9872 0.1594
vn -0.0481 -0.9820 0.1826
vn -0.0002 -0.9891 0.1473
vn -0.0647 -0.9961 0.0596
vn -0.0778 -0.7999 0.5950
vn -0.0481 -0.9820 0.1826
vn 0.0100 -0.0566 -0.9983
vn 0.0008 -0.0269 -0.9996
vn -0.0005 -0.0047 -1.0000
vn -0.0005 -0.0047 -1.0000
vn 0.0008 -0.0269 -0.9996
vn -0.0103 -0.0265 -0.9996
vn -0.0103 -0.0265 -0.9996
vn -0.0118 -0.0254 -0.9996
vn -0.0005 -0.0047 -1.0000
vn -0.1052 -0.1619 -0.9812
vn 0.0100 -0.0566 -0.9983
vn -0.0005 -0.0047 -1.0000
vn -0.0005 -0.0047 -1.0000
vn -0.0062 -0.0262 -0.9996
vn -0.0168 -0.0391 -0.9991
vn -0.0144 -0.0436 -0.9989
vn -0.0293 -0.0263 -0.9992
vn -0.0005 -0.0047 -1.0000
vn -0.0361 -0.0253 -0.9990
vn -0.0144 -0.0436 -0.9989
vn -0.0005 -0.0047 -1.0000
vn -0.0168 -0.0391 -0.9991
vn -0.0361 -0.0253 -0.9990
vn -0.0005 -0.0047 -1.0000
vn -0.0293 -0.0263 -0.9992
vn -0.1052 -0.1619 -0.9812
vn -0.0005 -0.0047 -1.0000
vn -0.5180 -0.2592 -0.8152
vn -0.2882 -0.0230 -0.9573
vn -0.0103 -0.0265 -0.9996
vn -0.2387 -0.0272 -0.9707
vn -0.2409 -0.0253 -0.9702
vn -0.0118 -0.0254 -0.9996
vn -0.0118 -0.0254 -0.9996
vn -0.0103 -0.0265 -0.9996
vn -0.2387 -0.0272 -0.9707
vn -0.0103 -0.0265 -0.9996
vn -0.2882 -0.0230 -0.9573
vn -0.2387 -0.0272 -0.9707
vn -0.0850 -0.9912 -0.1011
vn -0.2899 -0.9521 -0.0971
vn -0.2036 -0.9035 -0.3770
vn -0.0406 -0.8743 -0.4837
vn -0.2036 -0.9035 -0.3770
vn -0.2899 -0.9521 -0.0971
vn -0.3032 -0.8314 -0.4657
vn -0.0406 -0.8743 -0.4837
vn -0.2899 -0.9521 -0.0971
vn -0.0330 -0.7758 -0.6301
vn -0.3032 -0.8314 -0.4657
vn -0.2899 -0.9521 -0.0971
vn -0.5414 -0.6102 -0.5784
vn -0.0330 -0.7758 -0.6301
vn -0.2899 -0.9521 -0.0971
vn -0.5629 -0.5904 -0.5785
vn -0.5414 -0.6102 -0.5784
vn -0.2899 -0.9521 -0.0971
vn -0.6350 -0.5083 -0.5818
vn -0.5629 -0.5904 -0.5785
vn -0.2899 -0.9521 -0.0971
vn -0.7013 -0.4242 -0.5730
vn -0.6350 -0.5083 -0.5818
vn -0.2899 -0.9521 -0.0971
vn -0.7420 -0.3679 -0.5605
vn -0.7013 -0.4242 -0.5730
vn -0.7335 -0.3816 -0.5625
vn -0.0885 -0.3660 -0.9264
vn -0.7420 -0.3679 -0.5605
vn -0.7521 -0.3548 -0.5554
vn -0.5195 -0.5549 -0.6497
vn -0.8648 -0.1588 -0.4763
vn -0.8648 -0.1588 -0.4763
vn -0.5180 -0.2592 -0.8152
vn -0.5195 -0.5549 -0.6497
vn -0.2899 -0.9521 -0.0971
vn -0.9061 -0.2774 -0.3193
vn -0.8800 -0.2240 -0.4188
vn -0.5180 -0.2592 -0.8152
vn -0.2409 -0.0253 -0.9702
vn -0.0085 0.0262 -0.9996
vn -0.0118 -0.0254 -0.9996
vn -0.2419 0.0271 -0.9699
vn -0.0255 0.0259 -0.9993
vn -0.0085 0.0262 -0.9996
vn -0.0255 0.0259 -0.9993
vn -0.2419 0.0271 -0.9699
vn -0.3140 0.0269 -0.9490
vn -0.0255 0.0259 -0.9993
vn -0.3140 0.0269 -0.9490
vn -0.3298 0.0096 -0.9440
vn -0.3298 0.0096 -0.9440
vn -0.7381 0.3898 -0.5507
vn -0.0255 0.0259 -0.9993
vn -0.0005 -0.0047 -1.0000
vn -0.0118 -0.0254 -0.9996
vn -0.0085 0.0262 -0.9996
vn 0.0004 0.0266 -0.9996
vn -0.0005 -0.0047 -1.0000
vn -0.0085 0.0262 -0.9996
vn -0.0085 0.0262 -0.9996
vn -0.0255 0.0259 -0.9993
vn 0.0004 0.0266 -0.9996
vn 0.0004 0.0266 -0.9996
vn -0.0253 0.0814 -0.9964
vn -0.0005 -0.0047 -1.0000
vn 0.0010 0.0264 -0.9997
vn -0.0005 -0.0047 -1.0000
vn -0.0143 0.0262 -0.9996
vn -0.0253 0.0814 -0.9964
vn -0.0048 0.0263 -0.9996
vn -0.0005 -0.0047 -1.0000
vn -0.2899 -0.9521 -0.0971
vn -0.0850 -0.9912 -0.1011
vn -0.0324 -0.9995 0.0013
vn -0.6983 -0.3461 -0.6266
vn -0.2899 -0.9521 -0.0971
vn -0.3477 -0.9183 -0.1894
vn 0.1043 0.9522 -0.2871
vn 0.1043 0.9522 -0.2871
vn 0.1043 0.9522 -0.2871
vn -0.3341 -0.2530 -0.9080
vn -0.2502 0.0130 -0.9681
vn -0.2314 -0.2876 -0.9294
vn -0.5118 0.2965 -0.8063
vn -0.2502 0.0130 -0.9681
vn -0.7261 0.0038 -0.6876
vn -0.0324 -0.9995 0.0013
vn -0.0850 -0.9912 -0.1011
vn 0.0054 -0.9986 -0.0522
vn -0.0180 -0.9998 0.0109
vn -0.0647 -0.9961 0.0596
vn -0.0384 -0.9992 0.0081
vn -0.0324 -0.9995 0.0013
vn -0.0384 -0.9992 0.0081
vn -0.2899 -0.9521 -0.0971
vn -0.2899 -0.9521 -0.0971
vn -0.0647 -0.9961 0.0596
vn -0.0051 -1.0000 0.0023
vn -0.1477 -0.9879 0.0474
vn -0.0051 -1.0000 0.0023
vn -0.0647 -0.9961 0.0596
vn -0.0384 -0.9992 0.0081
vn -0.0647 -0.9961 0.0596
vn -0.2899 -0.9521 -0.0971
vn -0.4471 -0.8835 0.1397
vn -0.4844 -0.8681 0.1083
vn -0.4701 -0.8770 0.0998
vn -0.0583 -0.9982 0.0131
vn -0.0430 -0.9990 0.0104
vn -0.1477 -0.9879 0.0474
vn -0.0430 -0.9990 0.0104
vn -0.0051 -1.0000 0.0023
vn -0.1477 -0.9879 0.0474
vn -0.0945 -0.9953 0.0195
vn -0.0775 -0.9969 0.0165
vn -0.1477 -0.9879 0.0474
vn -0.1477 -0.9879 0.0474
vn -0.0775 -0.9969 0.0165
vn -0.0583 -0.9982 0.0131
vn -0.1477 -0.9879 0.0474
vn -0.1255 -0.9918 0.0257
vn -0.0945 -0.9953 0.0195
vn -0.1521 -0.9879 0.0301
vn -0.1255 -0.9918 0.0257
vn -0.1477 -0.9879 0.0474
vn -0.1997 -0.9790 0.0416
vn -0.1740 -0.9841 0.0354
vn -0.1477 -0.9879 0.0474
vn -0.1477 -0.9879 0.0474
vn -0.1740 -0.9841 0.0354
vn -0.1521 -0.9879 0.0301
vn -0.2527 -0.9660 0.0548
vn -0.2237 -0.9735 0.0473
vn -0.1477 -0.9879 0.0474
vn -0.1477 -0.9879 0.0474
vn -0.2237 -0.9735 0.0473
vn -0.1997 -0.9790 0.0416
vn -0.2946 -0.9535 0.0632
vn -0.2527 -0.9660 0.0548
vn -0.1477 -0.9879 0.0474
vn -0.3884 -0.9176 0.0847
vn -0.3609 -0.9294 0.0773
vn -0.3075 -0.9487 0.0735
vn -0.3075 -0.9487 0.0735
vn -0.3609 -0.9294 0.0773
vn -0.3310 -0.9410 0.0706
vn -0.4261 -0.9002 0.0896
vn -0.3884 -0.9176 0.0847
vn -0.4471 -0.8835 0.1397
vn -0.4471 -0.8835 0.1397
vn -0.4533 -0.8862 0.0960
vn -0.4261 -0.9002 0.0896
vn -0.4701 -0.8770 0.0998
vn -0.4533 -0.8862 0.0960
vn -0.4471 -0.8835 0.1397
vn -0.3075 -0.9487 0.0735
vn -0.4471 -0.8835 0.1397
vn -0.3884 -0.9176 0.0847
vn -0.3075 -0.9487 0.0735
vn -0.3382 -0.9329 0.1237
vn -0.4471 -0.8835 0.1397
vn -0.2946 -0.9535 0.0632
vn -0.1477 -0.9879 0.0474
vn -0.3075 -0.9487 0.0735
vn -0.3075 -0.9487 0.0735
vn -0.1477 -0.9879 0.0474
vn -0.3382 -0.9329 0.1237
vn -0.0647 -0.9961 0.0596
vn -0.3382 -0.9329 0.1237
vn -0.1477 -0.9879 0.0474
vn -0.0189 -0.9998 -0.0075
vn -0.2899 -0.9521 -0.0971
vn -0.0051 -1.0000 0.0023
vn -0.0051 -1.0000 0.0023
vn -0.0430 -0.9990 0.0104
vn -0.0189 -0.9998 -0.0075
vn -0.0608 -0.9981 0.0076
vn -0.0189 -0.9998 -0.0075
vn -0.0430 -0.9990 0.0104
vn -0.0430 -0.9990 0.0104
vn -0.0583 -0.9982 0.0131
vn -0.0608 -0.9981 0.0076
vn -0.0755 -0.9971 0.0123
vn -0.0608 -0.9981 0.0076
vn -0.0583 -0.9982 0.0131
vn -0.0583 -0.9982 0.0131
vn -0.0775 -0.9969 0.0165
vn -0.0755 -0.9971 0.0123
vn -0.1255 -0.9918 0.0257
vn -0.1521 -0.9879 0.0301
vn -0.1850 -0.9820 0.0388
vn -0.1850 -0.9820 0.0388
vn -0.1341 -0.9906 0.0254
vn -0.1255 -0.9918 0.0257
vn -0.1341 -0.9906 0.0254
vn -0.1147 -0.9932 0.0213
vn -0.1255 -0.9918 0.0257
vn -0.0945 -0.9953 0.0195
vn -0.1255 -0.9918 0.0257
vn -0.1147 -0.9932 0.0213
vn -0.1147 -0.9932 0.0213
vn -0.0943 -0.9954 0.0172
vn -0.0945 -0.9953 0.0195
vn -0.0775 -0.9969 0.0165
vn -0.0945 -0.9953 0.0195
vn -0.0943 -0.9954 0.0172
vn -0.0943 -0.9954 0.0172
vn -0.0755 -0.9971 0.0123
vn -0.0775 -0.9969 0.0165
vn -0.1997 -0.9790 0.0416
vn -0.2237 -0.9735 0.0473
vn -0.2191 -0.9747 0.0443
vn -0.2191 -0.9747 0.0443
vn -0.1976 -0.9795 0.0401
vn -0.1997 -0.9790 0.0416
vn -0.1740 -0.9841 0.0354
vn -0.1997 -0.9790 0.0416
vn -0.1976 -0.9795 0.0401
vn -0.1976 -0.9795 0.0401
vn -0.1043 -0.9943 0.0196
vn -0.1740 -0.9841 0.0354
vn -0.1521 -0.9879 0.0301
vn -0.1740 -0.9841 0.0354
vn -0.1043 -0.9943 0.0196
vn -0.1043 -0.9943 0.0196
vn -0.3477 -0.9183 -0.1894
vn -0.1521 -0.9879 0.0301
vn -0.3477 -0.9183 -0.1894
vn -0.1850 -0.9820 0.0388
vn -0.1521 -0.9879 0.0301
vn -0.2393 -0.9697 0.0484
vn -0.2191 -0.9747 0.0443
vn -0.2237 -0.9735 0.0473
vn -0.2237 -0.9735 0.0473
vn -0.2527 -0.9660 0.0548
vn -0.2393 -0.9697 0.0484
vn -0.2910 -0.9560 0.0384
vn -0.2393 -0.9697 0.0484
vn -0.2527 -0.9660 0.0548
vn -0.4040 -0.9110 0.0834
vn -0.2910 -0.9560 0.0384
vn -0.2527 -0.9660 0.0548
vn -0.2527 -0.9660 0.0548
vn -0.2946 -0.9535 0.0632
vn -0.4040 -0.9110 0.0834
vn -0.6192 -0.7778 -0.1075
vn -0.4040 -0.9110 0.0834
vn -0.2946 -0.9535 0.0632
vn -0.3075 -0.9487 0.0735
vn -0.3310 -0.9410 0.0706
vn -0.2313 -0.9719 0.0433
vn -0.2946 -0.9535 0.0632
vn -0.3075 -0.9487 0.0735
vn -0.2313 -0.9719 0.0433
vn -0.2313 -0.9719 0.0433
vn -0.6192 -0.7778 -0.1075
vn -0.2946 -0.9535 0.0632
vn -0.3609 -0.9294 0.0773
vn -0.3884 -0.9176 0.0847
vn -0.3959 -0.9158 0.0675
vn -0.3609 -0.9294 0.0773
vn -0.3959 -0.9158 0.0675
vn -0.3616 -0.9298 0.0691
vn -0.3310 -0.9410 0.0706
vn -0.3609 -0.9294 0.0773
vn -0.3616 -0.9298 0.0691
vn -0.3616 -0.9298 0.0691
vn -0.2313 -0.9719 0.0433
vn -0.3310 -0.9410 0.0706
vn -0.4415 -0.8924 0.0933
vn -0.4043 -0.9109 0.0825
vn -0.3884 -0.9176 0.0847
vn -0.4043 -0.9109 0.0825
vn -0.3959 -0.9158 0.0675
vn -0.3884 -0.9176 0.0847
vn -0.3884 -0.9176 0.0847
vn -0.4261 -0.9002 0.0896
vn -0.4415 -0.8924 0.0933
vn -0.4924 -0.8686 0.0561
vn -0.4415 -0.8924 0.0933
vn -0.4261 -0.9002 0.0896
vn -0.4261 -0.9002 0.0896
vn -0.4533 -0.8862 0.0960
vn -0.4376 -0.8952 0.0849
vn -0.4376 -0.8952 0.0849
vn -0.4924 -0.8686 0.0561
vn -0.4261 -0.9002 0.0896
vn -0.4701 -0.8770 0.0998
vn -0.4844 -0.8681 0.1083
vn -0.5019 -0.8592 0.0993
vn -0.5019 -0.8592 0.0993
vn -0.4777 -0.8732 0.0968
vn -0.4701 -0.8770 0.0998
vn -0.4533 -0.8862 0.0960
vn -0.4701 -0.8770 0.0998
vn -0.4777 -0.8732 0.0968
vn -0.4777 -0.8732 0.0968
vn -0.4376 -0.8952 0.0849
vn -0.4533 -0.8862 0.0960
vn -0.7542 0.0023 0.6566
vn -0.7542 0.0023 0.6566
vn -0.7542 0.0023 0.6566
vn -0.9434 -0.1254 0.3070
vn -0.7231 -0.6855 -0.0851
vn -0.9434 -0.1254 0.3070
vn -0.8800 -0.2240 -0.4188
vn -0.9964 -0.0842 0.0075
vn -0.7231 -0.6855 -0.0851
vn 0.1837 -0.9798 -0.0795
vn 0.1837 -0.9798 -0.0795
vn 0.1837 -0.9798 -0.0795
vn -0.3698 -0.0202 -0.9289
vn -0.3706 0.0077 -0.9287
vn -0.2715 0.0144 -0.9623
vn -0.2715 0.0144 -0.9623
vn -0.2955 -0.0241 -0.9550
vn -0.3698 -0.0202 -0.9289
vn -0.2955 -0.0241 -0.9550
vn -0.2715 0.0144 -0.9623
vn -0.2409 -0.0253 -0.9702
vn -0.2409 -0.0253 -0.9702
vn -0.2387 -0.0272 -0.9707
vn -0.2955 -0.0241 -0.9550
vn -0.4289 -0.0039 -0.9033
vn -0.3706 0.0077 -0.9287
vn -0.3698 -0.0202 -0.9289
vn -0.3698 -0.0202 -0.9289
vn -0.4480 -0.0164 -0.8939
vn -0.4289 -0.0039 -0.9033
vn -0.4972 0.0017 -0.8676
vn -0.4289 -0.0039 -0.9033
vn -0.4480 -0.0164 -0.8939
vn -0.4480 -0.0164 -0.8939
vn -0.5109 -0.0138 -0.8595
vn -0.4972 0.0017 -0.8676
vn -0.5716 -0.0016 -0.8205
vn -0.4972 0.0017 -0.8676
vn -0.5109 -0.0138 -0.8595
vn -0.5716 -0.0016 -0.8205
vn -0.5109 -0.0138 -0.8595
vn -0.5519 -0.0106 -0.8338
vn -0.6716 -0.0036 -0.7409
vn -0.6793 0.0008 -0.7338
vn -0.6324 -0.0009 -0.7747
vn -0.6793 0.0008 -0.7338
vn -0.6716 -0.0036 -0.7409
vn -0.7211 -0.0003 -0.6928
vn -0.7211 -0.0003 -0.6928
vn -0.7160 -0.0001 -0.6981
vn -0.6793 0.0008 -0.7338
vn -0.6425 -0.0079 -0.7662
vn -0.7237 -0.0024 -0.6901
vn -0.7211 -0.0003 -0.6928
vn -0.7211 -0.0003 -0.6928
vn -0.6716 -0.0036 -0.7409
vn -0.6425 -0.0079 -0.7662
vn -0.6425 -0.0079 -0.7662
vn -0.6716 -0.0036 -0.7409
vn -0.6220 -0.0068 -0.7830
vn -0.6324 -0.0009 -0.7747
vn -0.6220 -0.0068 -0.7830
vn -0.6716 -0.0036 -0.7409
vn -0.6220 -0.0068 -0.7830
vn -0.6324 -0.0009 -0.7747
vn -0.5716 -0.0016 -0.8205
vn -0.7237 -0.0024 -0.6901
vn -0.6425 -0.0079 -0.7662
vn -0.8800 -0.2240 -0.4188
vn -0.6425 -0.0079 -0.7662
vn -0.6220 -0.0068 -0.7830
vn -0.5519 -0.0106 -0.8338
vn -0.5716 -0.0016 -0.8205
vn -0.5519 -0.0106 -0.8338
vn -0.6220 -0.0068 -0.7830
vn -0.2955 -0.0241 -0.9550
vn -0.2387 -0.0272 -0.9707
vn -0.2882 -0.0230 -0.9573
vn -0.3698 -0.0202 -0.9289
vn -0.2955 -0.0241 -0.9550
vn -0.2882 -0.0230 -0.9573
vn -0.4480 -0.0164 -0.8939
vn -0.3698 -0.0202 -0.9289
vn -0.2882 -0.0230 -0.9573
vn -0.5109 -0.0138 -0.8595
vn -0.4480 -0.0164 -0.8939
vn -0.2882 -0.0230 -0.9573
vn -0.5519 -0.0106 -0.8338
vn -0.5109 -0.0138 -0.8595
vn -0.2882 -0.0230 -0.9573
vn -0.2882 -0.0230 -0.9573
vn -0.8800 -0.2240 -0.4188
vn -0.5519 -0.0106 -0.8338
vn -0.5519 -0.0106 -0.8338
vn -0.8800 -0.2240 -0.4188
vn -0.6425 -0.0079 -0.7662
vn -0.2882 -0.0230 -0.9573
vn -0.5180 -0.2592 -0.8152
vn -0.8800 -0.2240 -0.4188
vn -0.7917 -0.0010 -0.6110
vn -0.7302 -0.0074 -0.6832
vn -0.6574 -0.5011 -0.5629
vn -0.8800 -0.2240 -0.4188
vn -0.6574 -0.5011 -0.5629
vn -0.7302 -0.0074 -0.6832
vn -0.7754 -0.0196 -0.6311
vn -0.7615 -0.0061 -0.6482
vn -0.6574 -0.5011 -0.5629
vn -0.6574 -0.5011 -0.5629
vn -0.7615 -0.0061 -0.6482
vn -0.7039 -0.0020 -0.7103
vn -0.7615 -0.0061 -0.6482
vn -0.7754 -0.0196 -0.6311
vn -0.7720 -0.0002 -0.6356
vn -0.6574 -0.5011 -0.5629
vn -0.7376 -0.3616 -0.5703
vn -0.7754 -0.0196 -0.6311
vn -0.7808 0.0012 -0.6248
vn -0.7754 -0.0196 -0.6311
vn -0.7376 -0.3616 -0.5703
vn -0.7376 -0.3616 -0.5703
vn -0.7991 -0.0003 -0.6012
vn -0.7808 0.0012 -0.6248
vn -0.2502 0.0130 -0.9681
vn -0.5118 0.2965 -0.8063
vn -0.6464 0.0026 -0.7630
vn -0.2314 -0.2876 -0.9294
vn -0.2317 -0.2558 -0.9386
vn -0.2089 -0.6983 -0.6846
vn -0.2502 0.0130 -0.9681
vn -0.6464 0.0026 -0.7630
vn -0.2317 -0.2558 -0.9386
vn -0.2317 -0.2558 -0.9386
vn -0.2314 -0.2876 -0.9294
vn -0.2502 0.0130 -0.9681
vn -0.2089 -0.6983 -0.6846
vn -0.7231 -0.6855 -0.0851
vn -0.5542 -0.7880 -0.2681
vn -0.2288 -0.3356 -0.9138
vn -0.2314 -0.2876 -0.9294
vn -0.2089 -0.6983 -0.6846
vn -0.7376 -0.3616 -0.5703
vn -0.8140 -0.0028 -0.5809
vn -0.8070 -0.0001 -0.5905
vn -0.8228 -0.0008 -0.5683
vn -0.8140 -0.0028 -0.5809
vn -0.7518 -0.3097 -0.5821
vn -0.8263 -0.0012 -0.5632
vn -0.8228 -0.0008 -0.5683
vn -0.7518 -0.3097 -0.5821
vn -0.7231 -0.6855 -0.0851
vn -0.1059 -0.9926 0.0590
vn -0.1059 -0.9926 0.0590
vn -0.7231 -0.6855 -0.0851
vn -0.7518 -0.3097 -0.5821
vn -0.7376 -0.3616 -0.5703
vn -0.7518 -0.3097 -0.5821
vn -0.8140 -0.0028 -0.5809
vn -0.7376 -0.3616 -0.5703
vn -0.5118 0.2965 -0.8063
vn -0.6983 -0.3461 -0.6266
vn -0.6464 0.0026 -0.7630
vn -0.8575 -0.0003 -0.5145
vn -0.8263 -0.0012 -0.5632
vn -0.7518 -0.3097 -0.5821
vn -0.2089 -0.6983 -0.6846
vn -0.2317 -0.2558 -0.9386
vn -0.6464 0.0026 -0.7630
vn -0.7518 -0.3097 -0.5821
vn -0.3648 -0.4108 -0.8356
vn -0.2089 -0.6983 -0.6846
vn -0.2089 -0.6983 -0.6846
vn -0.6464 0.0026 -0.7630
vn -0.7518 -0.3097 -0.5821
vn -0.9273 -0.0006 -0.3743
vn -0.9174 -0.0714 -0.3915
vn -0.9321 -0.0012 -0.3622
vn -0.8479 -0.0044 -0.5301
vn -0.6983 -0.3461 -0.6266
vn -0.8827 -0.1357 -0.4499
vn -0.8827 -0.1357 -0.4499
vn -0.8794 -0.0003 -0.4761
vn -0.8479 -0.0044 -0.5301
vn -0.8969 -0.0002 -0.4422
vn -0.8939 -0.0001 -0.4483
vn -0.8827 -0.1357 -0.4499
vn -0.8939 -0.0001 -0.4483
vn -0.8818 -0.0001 -0.4716
vn -0.8827 -0.1357 -0.4499
vn -0.8827 -0.1357 -0.4499
vn -0.8818 -0.0001 -0.4716
vn -0.8794 -0.0003 -0.4761
vn -0.9155 -0.0010 -0.4023
vn -0.9029 -0.0005 -0.4299
vn -0.8827 -0.1357 -0.4499
vn -0.9029 -0.0005 -0.4299
vn -0.8969 -0.0002 -0.4422
vn -0.8827 -0.1357 -0.4499
vn -0.9216 -0.0003 -0.3881
vn -0.9120 -0.0002 -0.4102
vn -0.9174 -0.0714 -0.3915
vn -0.9273 -0.0006 -0.3743
vn -0.9216 -0.0003 -0.3881
vn -0.9174 -0.0714 -0.3915
vn -0.9521 -0.0772 -0.2957
vn -0.9409 -0.0004 -0.3386
vn -0.9321 -0.0012 -0.3622
vn -0.9566 0.0002 -0.2915
vn -0.9454 -0.0001 -0.3259
vn -0.9521 -0.0772 -0.2957
vn -0.9521 -0.0772 -0.2957
vn -0.9454 -0.0001 -0.3259
vn -0.9409 -0.0004 -0.3386
vn -0.9589 -0.0819 -0.2717
vn -0.9756 -0.0015 -0.2195
vn -0.9521 -0.0772 -0.2957
vn -0.9756 -0.0015 -0.2195
vn -0.9551 -0.0000 -0.2964
vn -0.9521 -0.0772 -0.2957
vn -0.9589 -0.0819 -0.2717
vn -0.9750 -0.0043 -0.2223
vn -0.9732 -0.0006 -0.2299
vn -0.9732 -0.0006 -0.2299
vn -0.9402 -0.0008 -0.3407
vn -0.9589 -0.0819 -0.2717
vn -0.9984 -0.0019 -0.0571
vn -0.9774 -0.0013 -0.2114
vn -0.9345 -0.3164 -0.1631
vn -0.9345 -0.3164 -0.1631
vn -0.9774 -0.0013 -0.2114
vn -0.9750 -0.0043 -0.2223
vn -0.9929 -0.0001 -0.1187
vn -0.9905 -0.0001 -0.1378
vn -0.9936 -0.0227 -0.1109
vn -0.9936 -0.0227 -0.1109
vn -0.9905 -0.0001 -0.1378
vn -0.9887 -0.0056 -0.1500
vn -0.9887 -0.0056 -0.1500
vn -0.9345 -0.3164 -0.1631
vn -0.9936 -0.0227 -0.1109
vn -0.9345 -0.3164 -0.1631
vn -0.9887 -0.0056 -0.1500
vn -0.9873 -0.0011 -0.1589
vn -0.9873 -0.0011 -0.1589
vn -0.9678 -0.0008 -0.2516
vn -0.9345 -0.3164 -0.1631
vn -0.9964 -0.0011 -0.0853
vn -0.9984 -0.0439 -0.0365
vn -0.9975 -0.0005 -0.0705
vn -0.9984 -0.0439 -0.0365
vn -0.9964 -0.0011 -0.0853
vn -0.9948 -0.0010 -0.1016
vn -0.7331 -0.6798 -0.0207
vn -0.4376 -0.8952 0.0849
vn -0.4777 -0.8732 0.0968
vn -0.7331 -0.6798 -0.0207
vn -0.4924 -0.8686 0.0561
vn -0.4376 -0.8952 0.0849
vn -0.6192 -0.7778 -0.1075
vn -0.2313 -0.9719 0.0433
vn -0.3616 -0.9298 0.0691
vn -0.3477 -0.9183 -0.1894
vn -0.2393 -0.9697 0.0484
vn -0.2910 -0.9560 0.0384
vn -0.3477 -0.9183 -0.1894
vn -0.1976 -0.9795 0.0401
vn -0.2191 -0.9747 0.0443
vn -0.0943 -0.9954 0.0172
vn -0.1147 -0.9932 0.0213
vn -0.3477 -0.9183 -0.1894
vn -0.3477 -0.9183 -0.1894
vn -0.1147 -0.9932 0.0213
vn -0.1341 -0.9906 0.0254
vn -0.0189 -0.9998 -0.0075
vn -0.3477 -0.9183 -0.1894
vn -0.2899 -0.9521 -0.0971
vn -0.3477 -0.9183 -0.1894
vn -0.0189 -0.9998 -0.0075
vn -0.0608 -0.9981 0.0076
vn -0.4777 -0.8732 0.0968
vn -0.5019 -0.8592 0.0993
vn -0.7331 -0.6798 -0.0207
vn -0.9984 -0.0439 -0.0365
vn -0.9936 -0.0227 -0.1109
vn -0.9345 -0.3164 -0.1631
vn -0.9948 -0.0010 -0.1016
vn -0.9936 -0.0227 -0.1109
vn -0.9984 -0.0439 -0.0365
vn -0.3477 -0.9183 -0.1894
vn -0.0608 -0.9981 0.0076
vn -0.0755 -0.9971 0.0123
vn -0.4043 -0.9109 0.0825
vn -0.4924 -0.8686 0.0561
vn -0.3959 -0.9158 0.0675
vn -0.4924 -0.8686 0.0561
vn -0.4043 -0.9109 0.0825
vn -0.4415 -0.8924 0.0933
vn -0.3616 -0.9298 0.0691
vn -0.3959 -0.9158 0.0675
vn -0.6192 -0.7778 -0.1075
vn -0.9750 -0.0043 -0.2223
vn -0.9589 -0.0819 -0.2717
vn -0.9345 -0.3164 -0.1631
vn -0.4924 -0.8686 0.0561
vn -0.6192 -0.7778 -0.1075
vn -0.3959 -0.9158 0.0675
vn -0.6983 -0.3461 -0.6266
vn -0.9589 -0.0819 -0.2717
vn -0.9521 -0.0772 -0.2957
vn -0.6192 -0.7778 -0.1075
vn -0.4924 -0.8686 0.0561
vn -0.7331 -0.6798 -0.0207
vn -0.9589 -0.0819 -0.2717
vn -0.6983 -0.3461 -0.6266
vn -0.9345 -0.3164 -0.1631
vn -0.6192 -0.7778 -0.1075
vn -0.7331 -0.6798 -0.0207
vn -0.9345 -0.3164 -0.1631
vn -0.2191 -0.9747 0.0443
vn -0.2393 -0.9697 0.0484
vn -0.3477 -0.9183 -0.1894
vn -0.6192 -0.7778 -0.1075
vn -0.9345 -0.3164 -0.1631
vn -0.6983 -0.3461 -0.6266
vn -0.9321 -0.0012 -0.3622
vn -0.9174 -0.0714 -0.3915
vn -0.9521 -0.0772 -0.2957
vn -0.9521 -0.0772 -0.2957
vn -0.9174 -0.0714 -0.3915
vn -0.6983 -0.3461 -0.6266
vn -0.2910 -0.9560 0.0384
vn -0.6192 -0.7778 -0.1075
vn -0.3477 -0.9183 -0.1894
vn -0.6192 -0.7778 -0.1075
vn -0.2910 -0.9560 0.0384
vn -0.4040 -0.9110 0.0834
vn -0.8827 -0.1357 -0.4499
vn -0.9174 -0.0714 -0.3915
vn -0.9155 -0.0010 -0.4023
vn -0.1043 -0.9943 0.0196
vn -0.1976 -0.9795 0.0401
vn -0.3477 -0.9183 -0.1894
vn -0.9174 -0.0714 -0.3915
vn -0.8827 -0.1357 -0.4499
vn -0.6983 -0.3461 -0.6266
vn -0.6192 -0.7778 -0.1075
vn -0.6983 -0.3461 -0.6266
vn -0.3477 -0.9183 -0.1894
vn -0.3477 -0.9183 -0.1894
vn -0.0755 -0.9971 0.0123
vn -0.0943 -0.9954 0.0172
vn -0.3477 -0.9183 -0.1894
vn -0.1341 -0.9906 0.0254
vn -0.1850 -0.9820 0.0388
vn -0.4844 -0.8681 0.1083
vn -0.4865 -0.8670 0.1072
vn -0.4927 -0.8642 0.1020
vn -0.4844 -0.8681 0.1083
vn -0.4927 -0.8642 0.1020
vn -0.5019 -0.8592 0.0993
vn -0.9999 -0.0009 -0.0111
vn -0.9985 -0.0004 -0.0550
vn -0.9984 -0.0439 -0.0365
vn -0.9975 -0.0005 -0.0705
vn -0.9984 -0.0439 -0.0365
vn -0.9983 -0.0004 -0.0576
vn -0.9984 -0.0439 -0.0365
vn -0.9995 -0.0005 0.0322
vn -0.9983 -0.0004 -0.0576
vn -1.0000 -0.0002 -0.0002
vn -0.9999 -0.0009 -0.0111
vn -0.9984 -0.0439 -0.0365
vn -0.9984 -0.0439 -0.0365
vn -0.9977 -0.0674 0.0069
vn -1.0000 -0.0002 -0.0002
vn -0.9662 -0.2573 0.0163
vn -0.9984 -0.0439 -0.0365
vn -0.9345 -0.3164 -0.1631
vn -0.9984 -0.0439 -0.0365
vn -0.9662 -0.2573 0.0163
vn -0.9826 -0.1848 0.0214
vn -0.9826 -0.1848 0.0214
vn -0.9921 -0.1246 0.0144
vn -0.9984 -0.0439 -0.0365
vn -0.9984 -0.0439 -0.0365
vn -0.9921 -0.1246 0.0144
vn -0.9977 -0.0674 0.0069
vn -0.9345 -0.3164 -0.1631
vn -0.9516 -0.3063 0.0259
vn -0.9662 -0.2573 0.0163
vn -0.9345 -0.3164 -0.1631
vn -0.9300 -0.3660 0.0349
vn -0.9516 -0.3063 0.0259
vn -0.8349 -0.5490 0.0390
vn -0.8469 -0.5282 0.0621
vn -0.8718 -0.4878 0.0455
vn -0.8718 -0.4878 0.0455
vn -0.9345 -0.3164 -0.1631
vn -0.8349 -0.5490 0.0390
vn -0.8718 -0.4878 0.0455
vn -0.9047 -0.4241 0.0415
vn -0.9345 -0.3164 -0.1631
vn -0.9345 -0.3164 -0.1631
vn -0.9047 -0.4241 0.0415
vn -0.9300 -0.3660 0.0349
vn -0.7331 -0.6798 -0.0207
vn -0.6923 -0.7166 0.0849
vn -0.7306 -0.6781 0.0797
vn -0.7331 -0.6798 -0.0207
vn -0.7306 -0.6781 0.0797
vn -0.7710 -0.6325 0.0736
vn -0.7710 -0.6325 0.0736
vn -0.8349 -0.5490 0.0390
vn -0.7331 -0.6798 -0.0207
vn -0.4927 -0.8642 0.1020
vn -0.7331 -0.6798 -0.0207
vn -0.5019 -0.8592 0.0993
vn -0.7331 -0.6798 -0.0207
vn -0.4927 -0.8642 0.1020
vn -0.5406 -0.8360 0.0942
vn -0.7331 -0.6798 -0.0207
vn -0.5406 -0.8360 0.0942
vn -0.5833 -0.8068 0.0941
vn -0.7331 -0.6798 -0.0207
vn -0.5833 -0.8068 0.0941
vn -0.6337 -0.7682 0.0909
vn -0.7331 -0.6798 -0.0207
vn -0.6337 -0.7682 0.0909
vn -0.6923 -0.7166 0.0849
vn -0.8349 -0.5490 0.0390
vn -0.9345 -0.3164 -0.1631
vn -0.7331 -0.6798 -0.0207
vn -0.7375 0.0038 -0.6753
vn -0.7381 0.3898 -0.5507
vn -0.7345 0.0017 -0.6786
vn -0.7519 -0.0011 -0.6593
vn -0.7375 0.0038 -0.6753
vn -0.7917 -0.0010 -0.6110
vn -0.7917 -0.0010 -0.6110
vn -0.7375 0.0038 -0.6753
vn -0.7345 0.0017 -0.6786
vn -0.7345 0.0017 -0.6786
vn -0.7302 -0.0074 -0.6832
vn -0.7917 -0.0010 -0.6110
vn -0.7302 -0.0074 -0.6832
vn -0.7345 0.0017 -0.6786
vn -0.7269 0.0004 -0.6868
vn -0.7519 -0.0011 -0.6593
vn -0.7917 -0.0010 -0.6110
vn -0.6574 -0.5011 -0.5629
vn -0.6574 -0.5011 -0.5629
vn -0.7039 -0.0020 -0.7103
vn -0.7519 -0.0011 -0.6593
vn -0.7593 0.0004 -0.6508
vn -0.7519 -0.0011 -0.6593
vn -0.7039 -0.0020 -0.7103
vn -0.7039 -0.0020 -0.7103
vn -0.7615 -0.0061 -0.6482
vn -0.7593 0.0004 -0.6508
vn -0.7593 0.0004 -0.6508
vn -0.7615 -0.0061 -0.6482
vn -0.7720 -0.0002 -0.6356
vn -0.7694 0.0099 -0.6387
vn -0.7593 0.0004 -0.6508
vn -0.7720 -0.0002 -0.6356
vn -0.8208 0.0021 -0.5712
vn -0.7694 0.0099 -0.6387
vn -0.7720 -0.0002 -0.6356
vn -0.7720 -0.0002 -0.6356
vn -0.7754 -0.0196 -0.6311
vn -0.8208 0.0021 -0.5712
vn -0.8208 0.0021 -0.5712
vn -0.7754 -0.0196 -0.6311
vn -0.7808 0.0012 -0.6248
vn -0.7999 0.0001 -0.6002
vn -0.7999 0.0079 -0.6001
vn -0.7991 -0.0003 -0.6012
vn -0.9701 0.0000 0.2429
vn -0.9701 0.0000 0.2429
vn -0.9701 0.0000 0.2429
vn -0.7808 0.0012 -0.6248
vn -0.7991 -0.0003 -0.6012
vn -0.6940 0.0034 -0.7200
vn -0.6940 0.0034 -0.7200
vn -0.6885 0.4942 -0.5308
vn -0.7808 0.0012 -0.6248
vn -0.6885 0.4942 -0.5308
vn -0.8208 0.0021 -0.5712
vn -0.7808 0.0012 -0.6248
vn -0.8070 -0.0001 -0.5905
vn -0.8140 -0.0028 -0.5809
vn -0.8165 0.0032 -0.5774
vn -0.8165 0.0032 -0.5774
vn -0.8138 0.0111 -0.5811
vn -0.8070 -0.0001 -0.5905
vn -0.7991 -0.0003 -0.6012
vn -0.7376 -0.3616 -0.5703
vn -0.7999 0.0001 -0.6002
vn -0.7376 -0.3616 -0.5703
vn -0.8070 -0.0001 -0.5905
vn -0.7999 0.0001 -0.6002
vn -0.8138 0.0111 -0.5811
vn -0.7999 0.0001 -0.6002
vn -0.8070 -0.0001 -0.5905
vn -0.8140 -0.0028 -0.5809
vn -0.8228 -0.0008 -0.5683
vn -0.8165 0.0032 -0.5774
vn -0.8228 -0.0008 -0.5683
vn -0.8263 -0.0012 -0.5632
vn -0.8440 0.0004 -0.5363
vn -0.8440 0.0004 -0.5363
vn -0.8197 0.0169 -0.5726
vn -0.8228 -0.0008 -0.5683
vn -0.8197 0.0169 -0.5726
vn -0.8165 0.0032 -0.5774
vn -0.8228 -0.0008 -0.5683
vn -0.7211 -0.0003 -0.6928
vn -0.7269 0.0004 -0.6868
vn -0.6821 0.0019 -0.7312
vn -0.7211 -0.0003 -0.6928
vn -0.7237 -0.0024 -0.6901
vn -0.7269 0.0004 -0.6868
vn -0.7302 -0.0074 -0.6832
vn -0.7269 0.0004 -0.6868
vn -0.7237 -0.0024 -0.6901
vn -0.7237 -0.0024 -0.6901
vn -0.8800 -0.2240 -0.4188
vn -0.7302 -0.0074 -0.6832
vn -0.7211 -0.0003 -0.6928
vn -0.6821 0.0019 -0.7312
vn -0.7186 0.0003 -0.6954
vn -0.7186 0.0003 -0.6954
vn -0.7160 -0.0001 -0.6981
vn -0.7211 -0.0003 -0.6928
vn -0.8619 -0.1903 0.4700
vn -0.7823 0.2385 0.5755
vn -0.9235 0.0597 0.3790
vn -0.7920 -0.5078 0.3389
vn -0.7920 -0.5078 0.3389
vn -0.9235 0.0597 0.3790
vn -0.8842 0.3335 -0.3271
vn -0.9274 0.3740 0.0081
vn -0.8842 0.3335 -0.3271
vn -0.3513 0.8613 0.3669
vn -0.1574 0.9801 0.1207
vn -0.0541 0.9983 0.0220
vn -0.9274 0.3740 0.0081
vn -0.9386 0.0929 -0.3321
vn -0.9386 0.0929 -0.3321
vn -0.0541 0.9983 0.0220
vn -0.9274 0.3740 0.0081
vn -0.1167 0.9932 -0.0024
vn 0.0064 0.8985 0.4389
vn 0.0115 0.9058 0.4236
vn -0.0111 0.8654 0.5009
vn 0.0115 0.9058 0.4236
vn -0.1863 0.7770 0.6013
vn -0.0111 0.8654 0.5009
vn 0.1047 0.9167 0.3855
vn -0.0030 0.9322 0.3618
vn -0.1863 0.7770 0.6013
vn 0.1047 0.9167 0.3855
vn 0.0049 0.9386 0.3451
vn -0.0030 0.9322 0.3618
vn 0.0049 0.9386 0.3451
vn 0.0253 0.9497 0.3123
vn -0.0030 0.9322 0.3618
vn 0.0253 0.9497 0.3123
vn -0.0347 0.9447 0.3261
vn -0.0030 0.9322 0.3618
vn 0.0253 0.9497 0.3123
vn 0.0048 0.9602 0.2793
vn 0.0018 0.9600 0.2801
vn 0.0018 0.9600 0.2801
vn -0.0347 0.9447 0.3261
vn 0.0253 0.9497 0.3123
vn 0.0048 0.9602 0.2793
vn 0.0026 0.9761 0.2174
vn -0.0035 0.9649 0.2626
vn 0.0048 0.9602 0.2793
vn -0.0035 0.9649 0.2626
vn 0.0018 0.9600 0.2801
vn 0.0027 0.9697 0.2444
vn 0.0009 0.9736 0.2282
vn 0.0029 0.9730 0.2309
vn 0.0027 0.9697 0.2444
vn 0.0029 0.9730 0.2309
vn 0.0022 0.9744 0.2250
vn 0.1602 0.9475 0.2766
vn 0.0027 0.9697 0.2444
vn 0.0022 0.9744 0.2250
vn 0.0022 0.9744 0.2250
vn 0.0026 0.9761 0.2174
vn 0.1602 0.9475 0.2766
vn 0.0026 0.9761 0.2174
vn 0.0022 0.9744 0.2250
vn -0.0035 0.9649 0.2626
vn 0.0039 0.9787 0.2055
vn -0.1098 0.9687 0.2227
vn 0.0009 0.9736 0.2282
vn 0.0027 0.9697 0.2444
vn 0.0039 0.9787 0.2055
vn 0.0009 0.9736 0.2282
vn 0.0039 0.9787 0.2055
vn 0.0023 0.9870 0.1606
vn -0.1098 0.9687 0.2227
vn 0.0048 0.7494 0.6621
vn -0.0059 0.9912 0.1322
vn 0.0023 0.9870 0.1606
vn -0.2288 0.9491 0.2165
vn -0.0059 0.9912 0.1322
vn -0.3513 0.8613 0.3669
vn -0.3513 0.8613 0.3669
vn -0.0386 0.9992 0.0133
vn -0.2288 0.9491 0.2165
vn -0.0541 0.9983 0.0220
vn -0.0242 0.9997 0.0043
vn -0.0386 0.9992 0.0133
vn -0.0386 0.9992 0.0133
vn -0.3513 0.8613 0.3669
vn -0.0541 0.9983 0.0220
vn -0.1224 0.9809 -0.1511
vn -0.2565 0.9633 -0.0794
vn -0.0238 0.9988 -0.0418
vn -0.1167 0.9932 -0.0024
vn -0.2565 0.9633 -0.0794
vn -0.1224 0.9809 -0.1511
vn -0.1224 0.9809 -0.1511
vn -0.0242 0.9997 0.0043
vn -0.0541 0.9983 0.0220
vn -0.0541 0.9983 0.0220
vn -0.1167 0.9932 -0.0024
vn -0.1224 0.9809 -0.1511
vn -0.1098 0.9687 0.2227
vn -0.0059 0.9912 0.1322
vn -0.2288 0.9491 0.2165
vn -0.1098 0.9687 0.2227
vn 0.0023 0.9870 0.1606
vn -0.0059 0.9912 0.1322
vn -0.0347 0.9447 0.3261
vn 0.0018 0.9600 0.2801
vn -0.0035 0.9649 0.2626
vn 0.0022 0.9744 0.2250
vn 0.0029 0.9730 0.2309
vn -0.0035 0.9649 0.2626
vn -0.1098 0.9687 0.2227
vn -0.0035 0.9649 0.2626
vn 0.0029 0.9730 0.2309
vn -0.1098 0.9687 0.2227
vn 0.0029 0.9730 0.2309
vn 0.0009 0.9736 0.2282
vn -0.0238 0.9988 -0.0418
vn -0.2565 0.9633 -0.0794
vn -0.8396 0.4788 -0.2568
vn -0.0202 0.9998 -0.0079
vn -0.1224 0.9809 -0.1511
vn -0.0238 0.9988 -0.0418
vn -0.0238 0.9988 -0.0418
vn -0.0151 0.9994 0.0316
vn -0.0202 0.9998 -0.0079
vn -0.0054 0.9890 -0.1479
vn -0.0202 0.9998 -0.0079
vn -0.0151 0.9994 0.0316
vn -0.0151 0.9994 0.0316
vn -0.0184 0.8205 0.5714
vn -0.0054 0.9890 -0.1479
vn -0.0015 0.2376 -0.9714
vn -0.0079 0.8680 -0.4965
vn -0.0015 0.2376 -0.9714
vn 0.0016 0.9708 -0.2397
vn -0.0054 0.9890 -0.1479
vn -0.0079 0.8680 -0.4965
vn 0.0016 0.9708 -0.2397
vn -0.0079 0.8680 -0.4965
vn -0.0153 0.9624 -0.2714
vn 0.0019 0.9477 -0.3193
vn 0.0016 0.9708 -0.2397
vn -0.0153 0.9624 -0.2714
vn -0.0153 0.9624 -0.2714
vn 0.0005 0.9394 -0.3428
vn 0.0019 0.9477 -0.3193
vn 0.0016 0.9170 -0.3990
vn 0.0019 0.9477 -0.3193
vn 0.0005 0.9394 -0.3428
vn 0.0016 0.9170 -0.3990
vn 0.0005 0.9394 -0.3428
vn -0.0275 0.9033 -0.4281
vn 0.0016 0.8791 -0.4766
vn 0.0016 0.9170 -0.3990
vn -0.0275 0.9033 -0.4281
vn -0.0275 0.9033 -0.4281
vn -0.0115 0.8617 -0.5072
vn 0.0016 0.8791 -0.4766
vn 0.0015 0.8345 -0.5511
vn 0.0016 0.8791 -0.4766
vn -0.0115 0.8617 -0.5072
vn 0.0015 0.8345 -0.5511
vn -0.0115 0.8617 -0.5072
vn -0.0161 0.9550 -0.2961
vn -0.0051 0.7777 -0.6286
vn 0.0015 0.8345 -0.5511
vn -0.0161 0.9550 -0.2961
vn -0.0257 0.8175 0.5754
vn -0.0257 0.8175 0.5754
vn -0.0257 0.8175 0.5754
vn -0.1275 0.3523 -0.9272
vn -0.0076 0.6232 -0.7820
vn -0.0051 0.7777 -0.6286
vn -0.0016 0.7127 -0.7014
vn -0.0051 0.7777 -0.6286
vn -0.0076 0.6232 -0.7820
vn -0.0076 0.6232 -0.7820
vn -0.1086 0.4518 -0.8855
vn -0.0016 0.7127 -0.7014
vn -0.0016 0.7127 -0.7014
vn -0.1086 0.4518 -0.8855
vn -0.0033 0.6107 -0.7919
vn -0.0033 0.6107 -0.7919
vn 0.0009 0.6523 -0.7580
vn -0.0016 0.7127 -0.7014
vn 0.0009 0.6523 -0.7580
vn -0.0033 0.6107 -0.7919
vn -0.0002 0.6251 -0.7806
vn -0.0170 0.5861 -0.8101
vn 0.0009 0.6523 -0.7580
vn -0.0002 0.6251 -0.7806
vn -0.0002 0.6251 -0.7806
vn 0.0011 0.5750 -0.8181
vn -0.0170 0.5861 -0.8101
vn -0.0170 0.5861 -0.8101
vn 0.0011 0.5750 -0.8181
vn -0.0002 0.5295 -0.8483
vn -0.0002 0.5295 -0.8483
vn -0.0275 0.5123 -0.8583
vn -0.0170 0.5861 -0.8101
vn -0.0002 0.4949 -0.8690
vn -0.0827 0.5168 -0.8521
vn -0.0002 0.4342 -0.9008
vn -0.0002 0.4342 -0.9008
vn -0.0275 0.5123 -0.8583
vn -0.0002 0.4949 -0.8690
vn -0.0275 0.5123 -0.8583
vn -0.0002 0.5295 -0.8483
vn -0.0002 0.4949 -0.8690
vn -0.0002 0.4342 -0.9008
vn -0.0827 0.5168 -0.8521
vn -0.0004 0.3718 -0.9283
vn -0.0004 0.3718 -0.9283
vn -0.0361 0.3567 -0.9335
vn -0.0002 0.4342 -0.9008
vn -0.0004 0.3718 -0.9283
vn 0.0003 0.3393 -0.9407
vn -0.0361 0.3567 -0.9335
vn -0.0361 0.3567 -0.9335
vn 0.0003 0.3393 -0.9407
vn -0.0001 0.3245 -0.9459
vn -0.0001 0.3245 -0.9459
vn -0.0310 0.2781 -0.9600
vn -0.0361 0.3567 -0.9335
vn -0.0001 0.3245 -0.9459
vn -0.0492 0.2702 -0.9615
vn -0.0310 0.2781 -0.9600
vn -0.0310 0.2781 -0.9600
vn -0.0492 0.2702 -0.9615
vn -0.0002 0.2201 -0.9755
vn -0.0261 0.1991 -0.9796
vn -0.0310 0.2781 -0.9600
vn -0.0002 0.2201 -0.9755
vn -0.0002 0.2201 -0.9755
vn -0.0001 0.1764 -0.9843
vn -0.0261 0.1991 -0.9796
vn -0.0133 0.1250 -0.9921
vn -0.0261 0.1991 -0.9796
vn -0.0001 0.1764 -0.9843
vn -0.0001 0.1764 -0.9843
vn -0.0150 0.1251 -0.9920
vn -0.0133 0.1250 -0.9921
vn -0.0150 0.1251 -0.9920
vn 0.0001 0.0690 -0.9976
vn -0.0133 0.1250 -0.9921
vn -0.0215 0.0624 -0.9978
vn -0.0133 0.1250 -0.9921
vn 0.0001 0.0690 -0.9976
vn 0.0001 0.0690 -0.9976
vn 0.0004 0.0266 -0.9996
vn -0.0255 0.0259 -0.9993
vn -0.0255 0.0259 -0.9993
vn -0.0215 0.0624 -0.9978
vn 0.0001 0.0690 -0.9976
vn -0.0261 0.1991 -0.9796
vn -0.0133 0.1250 -0.9921
vn -0.7381 0.3898 -0.5507
vn 0.9712 -0.0793 -0.2249
vn 0.9712 -0.0793 -0.2249
vn 0.9712 -0.0793 -0.2249
vn 0.9704 0.1565 -0.1837
vn 0.9704 0.1565 -0.1837
vn 0.9704 0.1565 -0.1837
vn 0.9477 -0.2117 -0.2390
vn 0.9477 -0.2117 -0.2390
vn 0.9477 -0.2117 -0.2390
vn 0.9746 0.0155 -0.2233
vn 0.9746 0.0155 -0.2233
vn 0.9746 0.0155 -0.2233
vn 0.9770 0.0047 -0.2133
vn 0.9770 0.0047 -0.2133
vn 0.9770 0.0047 -0.2133
vn 0.9770 0.0066 -0.2132
vn 0.9770 0.0066 -0.2132
vn 0.9770 0.0066 -0.2132
vn 0.9794 -0.0085 -0.2015
vn 0.9794 -0.0085 -0.2015
vn 0.9794 -0.0085 -0.2015
vn 0.9794 -0.0084 -0.2015
vn 0.9794 -0.0084 -0.2015
vn 0.9794 -0.0084 -0.2015
vn 0.9796 -0.0098 -0.2006
vn 0.9796 -0.0098 -0.2006
vn 0.9796 -0.0098 -0.2006
vn 0.9796 -0.0121 -0.2008
vn 0.9796 -0.0121 -0.2008
vn 0.9796 -0.0121 -0.2008
vn 0.9794 -0.0098 -0.2019
vn 0.9794 -0.0098 -0.2019
vn 0.9794 -0.0098 -0.2019
vn 0.9793 -0.0124 -0.2021
vn 0.9793 -0.0124 -0.2021
vn 0.9793 -0.0124 -0.2021
vn 0.9784 -0.0012 -0.2068
vn 0.9784 -0.0012 -0.2068
vn 0.9784 -0.0012 -0.2068
vn 0.9783 -0.0050 -0.2069
vn 0.9783 -0.0050 -0.2069
vn 0.9783 -0.0050 -0.2069
vn 0.9774 0.0086 -0.2114
vn 0.9774 0.0086 -0.2114
vn 0.9774 0.0086 -0.2114
vn 0.9781 0.0029 -0.2082
vn 0.9781 0.0029 -0.2082
vn 0.9781 0.0029 -0.2082
vn 0.9785 -0.0100 -0.2059
vn 0.9785 -0.0100 -0.2059
vn 0.9785 -0.0100 -0.2059
vn 0.9781 -0.0019 -0.2080
vn 0.9781 -0.0019 -0.2080
vn 0.9781 -0.0019 -0.2080
vn 0.9781 0.0044 -0.2079
vn 0.9781 0.0044 -0.2079
vn 0.9781 0.0044 -0.2079
vn 0.9779 0.0096 -0.2087
vn 0.9779 0.0096 -0.2087
vn 0.9779 0.0096 -0.2087
vn -0.9837 0.1792 -0.0150
vn -0.8396 0.4788 -0.2568
vn -0.9837 0.1792 -0.0150
vn -0.0115 0.8617 -0.5072
vn -0.0275 0.9033 -0.4281
vn -0.1275 0.3523 -0.9272
vn -0.0153 0.9624 -0.2714
vn -0.0079 0.8680 -0.4965
vn -0.8396 0.4788 -0.2568
vn -0.8396 0.4788 -0.2568
vn -0.0151 0.9994 0.0316
vn -0.0238 0.9988 -0.0418
vn -0.0115 0.8617 -0.5072
vn -0.1275 0.3523 -0.9272
vn -0.0161 0.9550 -0.2961
vn -0.1275 0.3523 -0.9272
vn -0.1086 0.4518 -0.8855
vn -0.0076 0.6232 -0.7820
vn 0.0005 0.9394 -0.3428
vn -0.0153 0.9624 -0.2714
vn -0.0275 0.9033 -0.4281
vn -0.0275 0.9033 -0.4281
vn -0.0153 0.9624 -0.2714
vn -0.8396 0.4788 -0.2568
vn -0.0916 0.8911 -0.4445
vn -0.1275 0.3523 -0.9272
vn -0.0275 0.9033 -0.4281
vn 0.0011 0.5750 -0.8181
vn -0.0033 0.6107 -0.7919
vn -0.1086 0.4518 -0.8855
vn -0.0002 0.4949 -0.8690
vn -0.0002 0.5295 -0.8483
vn 0.0011 0.5750 -0.8181
vn -0.0827 0.5168 -0.8521
vn -0.0492 0.2702 -0.9615
vn -0.0004 0.3718 -0.9283
vn -0.0492 0.2702 -0.9615
vn 0.0003 0.3393 -0.9407
vn -0.0004 0.3718 -0.9283
vn -0.0492 0.2702 -0.9615
vn -0.0001 0.3245 -0.9459
vn 0.0003 0.3393 -0.9407
vn -0.0001 0.1764 -0.9843
vn -0.0002 0.2201 -0.9755
vn -0.0150 0.1251 -0.9920
vn -0.0492 0.2702 -0.9615
vn -0.0150 0.1251 -0.9920
vn -0.0002 0.2201 -0.9755
vn -0.0150 0.1251 -0.9920
vn -0.0253 0.0814 -0.9964
vn 0.0004 0.0266 -0.9996
vn 0.0001 0.0690 -0.9976
vn -0.0150 0.1251 -0.9920
vn 0.0004 0.0266 -0.9996
vn 0.0011 0.5750 -0.8181
vn -0.0827 0.5168 -0.8521
vn -0.0002 0.4949 -0.8690
vn -0.0827 0.5168 -0.8521
vn -0.0253 0.0814 -0.9964
vn -0.0492 0.2702 -0.9615
vn 0.0011 0.5750 -0.8181
vn -0.0002 0.6251 -0.7806
vn -0.0033 0.6107 -0.7919
vn -0.1086 0.4518 -0.8855
vn -0.0253 0.0814 -0.9964
vn -0.0827 0.5168 -0.8521
vn 0.0011 0.5750 -0.8181
vn -0.1086 0.4518 -0.8855
vn -0.0827 0.5168 -0.8521
vn -0.0253 0.0814 -0.9964
vn -0.0150 0.1251 -0.9920
vn -0.0492 0.2702 -0.9615
vn -0.1086 0.4518 -0.8855
vn -0.1826 0.3502 -0.9187
vn -0.0253 0.0814 -0.9964
vn -0.1086 0.4518 -0.8855
vn -0.1275 0.3523 -0.9272
vn -0.1826 0.3502 -0.9187
vn -0.9156 0.3816 -0.1268
vn -0.3677 0.8019 -0.4709
vn -0.8396 0.4788 -0.2568
vn -0.1275 0.3523 -0.9272
vn -0.8396 0.4788 -0.2568
vn -0.6989 -0.0881 -0.7098
vn 0.6002 -0.7092 0.3700
vn 0.6002 -0.7092 0.3700
vn 0.6002 -0.7092 0.3700
vn 0.9759 0.2046 -0.0756
vn 0.9506 0.1928 0.2434
vn 0.9672 0.2539 0.0080
vn 0.9672 0.2539 0.0080
vn 0.8451 0.2850 -0.4524
vn 0.9759 0.2046 -0.0756
vn 0.9607 0.0576 -0.2716
vn 0.9022 0.0882 -0.4221
vn 0.9707 0.0508 -0.2347
vn 0.9759 0.2046 -0.0756
vn 0.9607 0.0576 -0.2716
vn 0.9707 0.0508 -0.2347
vn 0.9386 0.0344 -0.3432
vn 0.9707 0.0508 -0.2347
vn 0.9490 0.0265 -0.3141
vn 0.9707 0.0508 -0.2347
vn 0.9518 0.0264 -0.3054
vn 0.9490 0.0265 -0.3141
vn 0.9467 0.0264 -0.3211
vn 0.9518 0.0264 -0.3054
vn 0.9707 0.0508 -0.2347
vn 0.9022 0.0882 -0.4221
vn 0.9467 0.0264 -0.3211
vn 0.9707 0.0508 -0.2347
vn 0.9038 0.0253 -0.4273
vn 0.8961 0.0254 -0.4431
vn 0.8301 0.3622 -0.4239
vn 0.8301 0.3622 -0.4239
vn 0.9122 0.0254 -0.4090
vn 0.9038 0.0253 -0.4273
vn 0.9195 0.0257 -0.3921
vn 0.9122 0.0254 -0.4090
vn 0.8301 0.3622 -0.4239
vn 0.9272 0.0263 -0.3738
vn 0.9195 0.0257 -0.3921
vn 0.8301 0.3622 -0.4239
vn 0.9345 0.0269 -0.3549
vn 0.9272 0.0263 -0.3738
vn 0.8301 0.3622 -0.4239
vn 0.9386 0.0344 -0.3432
vn 0.9345 0.0269 -0.3549
vn 0.8301 0.3622 -0.4239
vn 0.8681 0.0268 -0.4956
vn 0.8598 0.0275 -0.5100
vn 0.8301 0.3622 -0.4239
vn 0.8301 0.3622 -0.4239
vn 0.8786 0.0261 -0.4768
vn 0.8681 0.0268 -0.4956
vn 0.8865 0.0257 -0.4620
vn 0.8786 0.0261 -0.4768
vn 0.8301 0.3622 -0.4239
vn 0.8961 0.0254 -0.4431
vn 0.8865 0.0257 -0.4620
vn 0.8301 0.3622 -0.4239
vn 0.8056 0.0264 -0.5919
vn 0.7962 0.0264 -0.6045
vn 0.7987 0.0287 -0.6011
vn 0.8091 0.0309 -0.5868
vn 0.8184 0.0268 -0.5740
vn 0.8056 0.0264 -0.5919
vn 0.8277 0.0271 -0.5605
vn 0.8184 0.0268 -0.5740
vn 0.8207 0.0354 -0.5703
vn 0.8399 0.0279 -0.5420
vn 0.8277 0.0271 -0.5605
vn 0.8311 0.0426 -0.5545
vn 0.8482 0.0367 -0.5284
vn 0.8399 0.0279 -0.5420
vn 0.8416 0.0521 -0.5376
vn 0.8468 0.0586 -0.5287
vn 0.8301 0.3622 -0.4239
vn 0.8482 0.0367 -0.5284
vn 0.8598 0.0275 -0.5100
vn 0.8482 0.0367 -0.5284
vn 0.8301 0.3622 -0.4239
vn 0.7575 0.0274 -0.6522
vn 0.7481 0.0279 -0.6630
vn 0.7497 0.0447 -0.6602
vn 0.7615 0.0380 -0.6471
vn 0.7726 0.0268 -0.6344
vn 0.7575 0.0274 -0.6522
vn 0.7822 0.0265 -0.6225
vn 0.7726 0.0268 -0.6344
vn 0.7750 0.0318 -0.6311
vn 0.7962 0.0264 -0.6045
vn 0.7822 0.0265 -0.6225
vn 0.7863 0.0295 -0.6172
vn 0.6776 0.0266 -0.7349
vn 0.6677 0.0267 -0.7440
vn 0.6929 0.0944 -0.7148
vn 0.6929 0.0944 -0.7148
vn 0.6956 0.0266 -0.7179
vn 0.6776 0.0266 -0.7349
vn 0.7053 0.0266 -0.7084
vn 0.6956 0.0266 -0.7179
vn 0.6929 0.0944 -0.7148
vn 0.7223 0.0271 -0.6911
vn 0.7053 0.0266 -0.7084
vn 0.6929 0.0944 -0.7148
vn 0.7343 0.0333 -0.6781
vn 0.7223 0.0271 -0.6911
vn 0.6929 0.0944 -0.7148
vn 0.6929 0.0944 -0.7148
vn 0.7405 0.0518 -0.6701
vn 0.7343 0.0333 -0.6781
vn 0.7481 0.0279 -0.6630
vn 0.7343 0.0333 -0.6781
vn 0.7367 0.0552 -0.6740
vn 0.6193 0.0270 -0.7847
vn 0.6093 0.0268 -0.7925
vn 0.6104 0.0351 -0.7913
vn 0.6389 0.0277 -0.7688
vn 0.6193 0.0270 -0.7847
vn 0.6255 0.0408 -0.7791
vn 0.6465 0.0310 -0.7623
vn 0.6389 0.0277 -0.7688
vn 0.6401 0.0476 -0.7668
vn 0.6363 0.0448 -0.7701
vn 0.6929 0.0944 -0.7148
vn 0.6465 0.0310 -0.7623
vn 0.6677 0.0267 -0.7440
vn 0.6465 0.0310 -0.7623
vn 0.6929 0.0944 -0.7148
vn 0.5739 0.0267 -0.8185
vn 0.5522 0.0272 -0.8333
vn 0.5643 0.0356 -0.8248
vn 0.5877 0.0266 -0.8087
vn 0.5739 0.0267 -0.8185
vn 0.5798 0.0326 -0.8141
vn 0.6093 0.0268 -0.7925
vn 0.5877 0.0266 -0.8087
vn 0.5956 0.0333 -0.8026
vn 0.5249 0.0292 -0.8506
vn 0.5095 0.0262 -0.8601
vn 0.4919 0.0846 -0.8665
vn 0.4919 0.0846 -0.8665
vn 0.5458 0.0402 -0.8369
vn 0.5249 0.0292 -0.8506
vn 0.5332 0.0473 -0.8447
vn 0.5423 0.0274 -0.8397
vn 0.5249 0.0292 -0.8506
vn 0.5522 0.0272 -0.8333
vn 0.5423 0.0274 -0.8397
vn 0.5479 0.0400 -0.8356
vn 0.4530 0.0263 -0.8911
vn 0.4425 0.0272 -0.8963
vn 0.4919 0.0846 -0.8665
vn 0.4771 0.0260 -0.8785
vn 0.4530 0.0263 -0.8911
vn 0.4919 0.0846 -0.8665
vn 0.4867 0.0260 -0.8732
vn 0.4771 0.0260 -0.8785
vn 0.4919 0.0846 -0.8665
vn 0.5095 0.0262 -0.8601
vn 0.4867 0.0260 -0.8732
vn 0.4919 0.0846 -0.8665
vn 0.4070 0.0652 -0.9111
vn 0.3674 0.0265 -0.9297
vn 0.3461 0.0663 -0.9359
vn 0.3832 0.0262 -0.9233
vn 0.3674 0.0265 -0.9297
vn 0.4070 0.0652 -0.9111
vn 0.4086 0.0261 -0.9124
vn 0.3832 0.0262 -0.9233
vn 0.4070 0.0652 -0.9111
vn 0.4188 0.0262 -0.9077
vn 0.4086 0.0261 -0.9124
vn 0.4070 0.0652 -0.9111
vn 0.4425 0.0272 -0.8963
vn 0.4188 0.0262 -0.9077
vn 0.4070 0.0652 -0.9111
vn 0.4070 0.0652 -0.9111
vn 0.4919 0.0846 -0.8665
vn 0.4425 0.0272 -0.8963
vn 0.2717 0.0290 -0.9620
vn 0.2793 0.0298 -0.9598
vn 0.2705 0.0601 -0.9608
vn 0.1670 0.0347 -0.9853
vn 0.2628 0.0451 -0.9638
vn 0.2717 0.0290 -0.9620
vn 0.3075 0.0262 -0.9512
vn 0.2717 0.0290 -0.9620
vn 0.2628 0.0451 -0.9638
vn 0.3168 0.0262 -0.9481
vn 0.3075 0.0262 -0.9512
vn 0.2628 0.0451 -0.9638
vn 0.3373 0.0263 -0.9410
vn 0.3168 0.0262 -0.9481
vn 0.2628 0.0451 -0.9638
vn 0.2628 0.0451 -0.9638
vn 0.3461 0.0663 -0.9359
vn 0.3373 0.0263 -0.9410
vn 0.1678 0.0261 -0.9855
vn 0.1594 0.0262 -0.9869
vn 0.1427 0.2271 -0.9634
vn 0.1427 0.2271 -0.9634
vn 0.1868 0.0283 -0.9820
vn 0.1678 0.0261 -0.9855
vn 0.1868 0.0283 -0.9820
vn 0.1980 0.0262 -0.9799
vn 0.1678 0.0261 -0.9855
vn 0.2056 0.0262 -0.9783
vn 0.1980 0.0262 -0.9799
vn 0.1868 0.0283 -0.9820
vn 0.1868 0.0283 -0.9820
vn 0.2166 0.0679 -0.9739
vn 0.2056 0.0262 -0.9783
vn 0.2347 0.0262 -0.9717
vn 0.2056 0.0262 -0.9783
vn 0.2166 0.0679 -0.9739
vn 0.2424 0.0261 -0.9698
vn 0.2347 0.0262 -0.9717
vn 0.2166 0.0679 -0.9739
vn 0.2166 0.0679 -0.9739
vn 0.3345 0.0582 -0.9406
vn 0.2424 0.0261 -0.9698
vn 0.2793 0.0298 -0.9598
vn 0.2424 0.0261 -0.9698
vn 0.3345 0.0582 -0.9406
vn 0.3345 0.0582 -0.9406
vn 0.4610 0.0608 -0.8853
vn 0.2793 0.0298 -0.9598
vn 0.1269 0.0277 -0.9915
vn 0.1427 0.2271 -0.9634
vn 0.1594 0.0262 -0.9869
vn 0.1594 0.0262 -0.9869
vn 0.1296 0.0261 -0.9912
vn 0.1269 0.0277 -0.9915
vn 0.0662 0.0475 -0.9967
vn 0.1269 0.0277 -0.9915
vn 0.1296 0.0261 -0.9912
vn 0.1296 0.0261 -0.9912
vn 0.1230 0.0263 -0.9921
vn 0.0662 0.0475 -0.9967
vn 0.1230 0.0263 -0.9921
vn 0.0820 0.0285 -0.9962
vn 0.0662 0.0475 -0.9967
vn 0.0385 0.0265 -0.9989
vn 0.0662 0.0475 -0.9967
vn 0.0820 0.0285 -0.9962
vn 0.0820 0.0285 -0.9962
vn 0.0692 0.0282 -0.9972
vn 0.0824 0.0644 -0.9945
vn 0.0330 0.0269 -0.9991
vn 0.0010 0.0264 -0.9997
vn 0.0131 0.0307 -0.9994
vn 0.0692 0.0282 -0.9972
vn 0.0330 0.0269 -0.9991
vn 0.0445 0.0414 -0.9981
vn -0.2058 0.2754 -0.9390
vn -0.0253 0.0814 -0.9964
vn -0.1826 0.3502 -0.9187
vn 0.4788 0.0801 0.8742
vn 0.4788 0.0801 0.8742
vn 0.3335 0.5889 0.7362
vn 0.3335 0.5889 0.7362
vn 0.5325 0.3251 0.7815
vn 0.5228 0.0229 0.8521
vn 0.3335 0.5889 0.7362
vn 0.2558 0.1453 0.9557
vn 0.1655 0.1424 0.9759
vn 0.0048 0.7494 0.6621
vn 0.3335 0.5889 0.7362
vn 0.1655 0.1424 0.9759
vn 0.0048 0.7494 0.6621
vn 0.1655 0.1424 0.9759
vn 0.0021 0.2847 0.9586
vn -0.2781 0.6818 0.6766
vn 0.0048 0.7494 0.6621
vn -0.3169 0.1633 0.9343
vn -0.3513 0.8613 0.3669
vn -0.2781 0.6818 0.6766
vn -0.5910 0.3684 0.7177
vn -0.5910 0.3684 0.7177
vn -0.7823 0.2385 0.5755
vn -0.3513 0.8613 0.3669
vn -0.9235 0.0597 0.3790
vn -0.4113 0.9105 0.0422
vn -0.9274 0.3740 0.0081
vn -0.4113 0.9105 0.0422
vn -0.1972 0.9792 -0.0471
vn -0.9274 0.3740 0.0081
vn -0.9316 -0.0897 -0.3523
vn -0.9316 -0.0897 -0.3523
vn -0.9274 0.3740 0.0081
vn -0.6403 -0.6700 -0.3757
vn -0.6403 -0.6700 -0.3757
vn -0.6403 -0.6700 -0.3757
vn 0.0092 1.0000 -0.0036
vn 0.0640 0.9919 0.1102
vn 0.0607 0.9967 0.0530
vn 0.0003 1.0000 0.0009
vn 0.1012 0.9407 0.3239
vn 0.0063 1.0000 -0.0016
vn 0.0063 1.0000 -0.0016
vn 0.0092 1.0000 -0.0036
vn 0.0003 1.0000 0.0009
vn 0.0063 1.0000 -0.0016
vn 0.0640 0.9919 0.1102
vn 0.0092 1.0000 -0.0036
vn 0.0018 1.0000 0.0000
vn 0.0098 0.9987 0.0504
vn 0.0002 1.0000 0.0006
vn 0.0018 1.0000 0.0000
vn 0.0002 1.0000 0.0006
vn 0.0001 1.0000 0.0005
vn 0.0001 1.0000 0.0005
vn 0.0030 0.9992 0.0396
vn 0.0018 1.0000 0.0000
vn -0.0060 1.0000 -0.0026
vn 0.0030 0.9992 0.0396
vn 0.0001 1.0000 0.0005
vn 0.0001 1.0000 0.0005
vn -0.2015 0.9785 0.0437
vn -0.0060 1.0000 -0.0026
vn -0.0060 1.0000 -0.0026
vn -0.2015 0.9785 0.0437
vn -0.0248 0.9959 -0.0868
vn 0.0002 1.0000 0.0006
vn 0.0098 0.9987 0.0504
vn 0.0060 1.0000 -0.0015
vn 0.0060 1.0000 -0.0015
vn 0.0003 1.0000 0.0009
vn 0.0002 1.0000 0.0006
vn 0.0060 1.0000 -0.0015
vn 0.1012 0.9407 0.3239
vn 0.0003 1.0000 0.0009
vn -0.0248 0.9959 -0.0868
vn -0.3677 0.8019 -0.4709
vn -0.1461 0.9883 -0.0443
vn -0.0060 1.0000 -0.0026
vn -0.0248 0.9959 -0.0868
vn -0.1461 0.9883 -0.0443
vn 0.0095 0.9998 -0.0191
vn 0.0092 1.0000 -0.0036
vn 0.0607 0.9967 0.0530
vn -0.1461 0.9883 -0.0443
vn -0.0302 0.9993 -0.0220
vn -0.0060 1.0000 -0.0026
vn -0.0356 0.9911 0.1285
vn -0.0060 1.0000 -0.0026
vn -0.0302 0.9993 -0.0220
vn 0.0607 0.9967 0.0530
vn 0.0112 0.9684 -0.2490
vn 0.0095 0.9998 -0.0191
vn 0.0607 0.9967 0.0530
vn 0.1487 0.9805 0.1283
vn 0.0112 0.9684 -0.2490
vn 0.1487 0.9805 0.1283
vn 0.0607 0.9967 0.0530
vn -0.3040 0.8904 -0.3388
vn -0.1294 0.9892 0.0689
vn 0.0036 1.0000 -0.0018
vn -0.1490 0.9868 0.0635
vn 0.0036 1.0000 -0.0018
vn -0.1294 0.9892 0.0689
vn 0.0664 0.9971 0.0384
vn 0.0051 1.0000 0.0048
vn -0.0356 0.9911 0.1285
vn -0.0302 0.9993 -0.0220
vn -0.1490 0.9868 0.0635
vn -0.6478 0.7014 0.2974
vn -0.1294 0.9892 0.0689
vn -0.0302 0.9993 -0.0220
vn -0.0310 0.9994 0.0132
vn 0.0051 1.0000 0.0048
vn -0.0070 1.0000 0.0050
vn 0.0010 1.0000 0.0005
vn 0.0815 0.9964 0.0213
vn 0.0010 1.0000 0.0005
vn -0.0070 1.0000 0.0050
vn 0.0271 0.9947 -0.0992
vn 0.0664 0.9971 0.0384
vn 0.0010 1.0000 0.0005
vn 0.0036 1.0000 -0.0018
vn 0.0271 0.9947 -0.0992
vn 0.0036 1.0000 -0.0018
vn 0.0010 1.0000 0.0005
vn 0.0406 0.9955 -0.0857
vn 0.0131 0.9999 -0.0080
vn 0.0318 0.9995 0.0024
vn -0.0070 1.0000 0.0050
vn 0.0815 0.9964 0.0213
vn 0.0494 0.9985 0.0235
vn 0.0975 0.9952 0.0025
vn 0.0318 0.9995 0.0024
vn 0.0131 0.9999 -0.0080
vn 0.0494 0.9985 0.0235
vn -0.0116 0.9999 0.0074
vn -0.0070 1.0000 0.0050
vn 0.0019 1.0000 -0.0053
vn -0.0070 1.0000 0.0050
vn -0.0116 0.9999 0.0074
vn 0.0422 0.9991 -0.0090
vn 0.0376 0.9992 -0.0143
vn -0.0179 0.9998 0.0008
vn 0.0376 0.9992 -0.0143
vn 0.0422 0.9991 -0.0090
vn 0.1179 0.9920 -0.0462
vn -0.0302 0.9993 -0.0220
vn -0.1972 0.9792 -0.0471
vn -0.0310 0.9994 0.0132
vn -0.0310 0.9994 0.0132
vn 0.6076 0.7320 -0.3082
vn 0.0376 0.9992 -0.0143
vn -0.2781 0.6818 0.6766
vn -0.0310 0.9994 0.0132
vn 0.0376 0.9992 -0.0143
vn -0.0550 0.9981 0.0287
vn 0.0422 0.9991 -0.0090
vn -0.0179 0.9998 0.0008
vn 0.0131 0.9999 -0.0080
vn -0.0116 0.9999 0.0074
vn 0.0975 0.9952 0.0025
vn -0.0116 0.9999 0.0074
vn 0.0131 0.9999 -0.0080
vn 0.0019 1.0000 -0.0053
vn 0.0318 0.9995 0.0024
vn 0.0143 0.9999 -0.0097
vn 0.0406 0.9955 -0.0857
vn 0.0143 0.9999 -0.0097
vn 0.0318 0.9995 0.0024
vn 0.0632 0.9980 -0.0051
vn 0.1998 0.9443 -0.2616
vn 0.0143 0.9999 -0.0097
vn 0.0632 0.9980 -0.0051
vn 0.3637 0.8931 -0.2645
vn 0.0632 0.9980 -0.0051
vn 0.0318 0.9994 -0.0124
vn 0.0632 0.9980 -0.0051
vn 0.3637 0.8931 -0.2645
vn 0.1998 0.9443 -0.2616
vn -0.1550 0.9855 0.0692
vn -0.0550 0.9981 0.0287
vn -0.4113 0.9105 0.0422
vn 0.0003 1.0000 0.0009
vn 0.0092 1.0000 -0.0036
vn -0.2015 0.9785 0.0437
vn 0.0001 1.0000 0.0005
vn 0.0002 1.0000 0.0006
vn -0.2015 0.9785 0.0437
vn -0.2015 0.9785 0.0437
vn 0.0002 1.0000 0.0006
vn 0.0003 1.0000 0.0009
vn 0.2208 0.0165 -0.9752
vn -0.1275 0.3523 -0.9272
vn 0.2208 0.0165 -0.9752
vn -0.0248 0.9959 -0.0868
vn -0.1826 0.3502 -0.9187
vn -0.1275 0.3523 -0.9272
vn 0.8335 -0.3901 0.3913
vn 0.8335 -0.3901 0.3913
vn 0.9506 0.1928 0.2434
vn 0.3787 0.1353 0.9156
vn 0.3335 0.5889 0.7362
vn 0.3787 0.1353 0.9156
vn -0.1216 0.2773 0.9531
vn 0.0048 0.7494 0.6621
vn 0.0021 0.2847 0.9586
vn -0.1972 0.9792 -0.0471
vn -0.0179 0.9998 0.0008
vn 0.0376 0.9992 -0.0143
vn -0.0179 0.9998 0.0008
vn -0.1972 0.9792 -0.0471
vn -0.4113 0.9105 0.0422
vn -0.4113 0.9105 0.0422
vn -0.0550 0.9981 0.0287
vn -0.0179 0.9998 0.0008
vn -0.1746 0.9579 0.2280
vn 0.0422 0.9991 -0.0090
vn -0.0550 0.9981 0.0287
vn -0.5910 0.3684 0.7177
vn -0.2781 0.6818 0.6766
vn 0.0422 0.9991 -0.0090
vn -0.2781 0.6818 0.6766
vn 0.0051 1.0000 0.0048
vn -0.0310 0.9994 0.0132
vn 0.0030 0.9992 0.0396
vn -0.0060 1.0000 -0.0026
vn -0.0356 0.9911 0.1285
vn 0.0098 0.9987 0.0504
vn 0.0018 1.0000 0.0000
vn 0.0030 0.9992 0.0396
vn 0.1012 0.9407 0.3239
vn 0.0060 1.0000 -0.0015
vn 0.0098 0.9987 0.0504
vn 0.0063 1.0000 -0.0016
vn 0.1012 0.9407 0.3239
vn 0.0640 0.9919 0.1102
vn 0.7645 0.0839 0.6391
vn 0.7645 0.0839 0.6391
vn 0.7645 0.0839 0.6391
vn 0.0664 0.9971 0.0384
vn 0.0815 0.9964 0.0213
vn 0.0010 1.0000 0.0005
vn 0.0494 0.9985 0.0235
vn 0.0975 0.9952 0.0025
vn -0.0116 0.9999 0.0074
vn 0.9983 -0.0413 -0.0410
vn 0.9983 -0.0413 -0.0410
vn 0.9506 0.1928 0.2434
vn 0.9506 0.1928 0.2434
vn 0.9711 0.1993 0.1310
vn 0.9711 0.1993 0.1310
vn 0.9506 0.1928 0.2434
vn 0.9847 0.1422 0.1011
vn 0.9847 0.1422 0.1011
vn 0.9506 0.1928 0.2434
vn 0.9759 0.2046 -0.0756
vn 0.9736 0.1942 0.1204
vn 0.2832 0.9126 -0.2949
vn 0.1998 0.9443 -0.2616
vn 0.3637 0.8931 -0.2645
vn 0.0143 0.9999 -0.0097
vn 0.1998 0.9443 -0.2616
vn 0.0406 0.9955 -0.0857
vn 0.0406 0.9955 -0.0857
vn 0.0019 1.0000 -0.0053
vn 0.0131 0.9999 -0.0080
vn 0.0019 1.0000 -0.0053
vn 0.0406 0.9955 -0.0857
vn 0.0271 0.9947 -0.0992
vn 0.0271 0.9947 -0.0992
vn -0.0070 1.0000 0.0050
vn 0.0019 1.0000 -0.0053
vn -0.1490 0.9868 0.0635
vn 0.0036 1.0000 -0.0018
vn 0.0271 0.9947 -0.0992
vn 0.1487 0.9805 0.1283
vn -0.1490 0.9868 0.0635
vn 0.0112 0.9684 -0.2490
vn -0.2056 0.2453 -0.9474
vn -0.2056 0.2453 -0.9474
vn -0.1826 0.3502 -0.9187
vn -0.2015 0.9785 0.0437
vn 0.0092 1.0000 -0.0036
vn 0.0095 0.9998 -0.0191
vn 0.0662 0.0475 -0.9967
vn 0.1427 0.2271 -0.9634
vn 0.1269 0.0277 -0.9915
vn 0.1427 0.2271 -0.9634
vn 0.2166 0.0679 -0.9739
vn 0.1868 0.0283 -0.9820
vn 0.2634 0.2857 -0.9214
vn 0.3345 0.0582 -0.9406
vn 0.2166 0.0679 -0.9739
vn 0.0662 0.0475 -0.9967
vn 0.0112 0.9684 -0.2490
vn 0.1427 0.2271 -0.9634
vn 0.9707 0.0508 -0.2347
vn 0.9386 0.0344 -0.3432
vn 0.8301 0.3622 -0.4239
vn 0.0656 0.1516 0.9863
vn 0.0021 0.2847 0.9586
vn 0.1655 0.1424 0.9759
vn 0.3925 0.4706 -0.7902
vn 0.4919 0.0846 -0.8665
vn 0.4070 0.0652 -0.9111
vn 0.3307 0.5387 -0.7749
vn 0.4070 0.0652 -0.9111
vn 0.3461 0.0663 -0.9359
vn 0.3461 0.0663 -0.9359
vn 0.2628 0.0451 -0.9638
vn 0.2597 0.4017 -0.8782
vn -0.3771 -0.2501 -0.8918
vn -0.1826 0.3502 -0.9187
vn -0.3771 -0.2501 -0.8918
vn 0.0717 0.5853 -0.8076
vn 0.1427 0.2271 -0.9634
vn 0.0112 0.9684 -0.2490
vn 0.1707 0.4921 -0.8536
vn 0.2166 0.0679 -0.9739
vn 0.1427 0.2271 -0.9634
vn 0.4919 0.0846 -0.8665
vn 0.0406 0.9955 -0.0857
vn 0.1998 0.9443 -0.2616
vn 0.4496 0.8813 -0.1454
vn 0.8301 0.3622 -0.4239
vn 0.4496 0.8813 -0.1454
vn 0.9506 0.1928 0.2434
vn 0.9631 0.1155 0.2429
vn 0.9631 0.1155 0.2429
vn -0.2419 -0.5720 0.7838
vn -0.2419 -0.5720 0.7838
vn -0.2419 -0.5720 0.7838
vn -0.6798 0.3423 0.6486
vn -0.7823 0.2385 0.5755
vn -0.5910 0.3684 0.7177
vn 0.1408 0.4378 0.8880
vn 0.1655 0.1424 0.9759
vn 0.1408 0.4378 0.8880
vn 0.2264 0.2860 0.9311
vn 0.1655 0.1424 0.9759
vn 0.2264 0.2860 0.9311
vn 0.5325 0.3251 0.7815
vn 0.7179 0.2023 0.6660
vn 0.6505 0.1345 0.7475
vn 0.5325 0.3251 0.7815
vn 0.7772 0.0936 0.6222
vn 0.7179 0.2023 0.6660
vn 0.3461 0.0663 -0.9359
vn 0.0271 0.9947 -0.0992
vn 0.0406 0.9955 -0.0857
vn 0.1427 0.2271 -0.9634
vn 0.1156 0.6844 -0.7199
vn 0.0271 0.9947 -0.0992
vn -0.0248 0.9959 -0.0868
vn -0.2015 0.9785 0.0437
vn 0.0095 0.9998 -0.0191
vn -0.0356 0.9911 0.1285
vn 0.0021 0.2847 0.9586
vn 0.0030 0.9992 0.0396
vn 0.2119 0.9738 -0.0828
vn 0.2119 0.9738 -0.0828
vn 0.3637 0.8931 -0.2645
vn -0.0550 0.9981 0.0287
vn -0.0822 0.9964 0.0184
vn -0.0822 0.9964 0.0184
vn -0.0215 0.0624 -0.9978
vn -0.0255 0.0259 -0.9993
vn -0.7381 0.3898 -0.5507
vn -0.0133 0.1250 -0.9921
vn -0.0215 0.0624 -0.9978
vn -0.7381 0.3898 -0.5507
vn -0.0310 0.2781 -0.9600
vn -0.0261 0.1991 -0.9796
vn -0.7381 0.3898 -0.5507
vn -0.0361 0.3567 -0.9335
vn -0.0310 0.2781 -0.9600
vn -0.7381 0.3898 -0.5507
vn -0.4534 0.3624 -0.8143
vn -0.0361 0.3567 -0.9335
vn -0.7381 0.3898 -0.5507
vn -0.7381 0.3898 -0.5507
vn -0.9182 0.3774 -0.1202
vn -0.4534 0.3624 -0.8143
vn -0.0275 0.5123 -0.8583
vn -0.4534 0.3624 -0.8143
vn -0.3619 0.4519 -0.8154
vn -0.0170 0.5861 -0.8101
vn -0.0275 0.5123 -0.8583
vn -0.2678 0.5466 -0.7935
vn -0.1579 0.6507 -0.7428
vn -0.0170 0.5861 -0.8101
vn -0.1976 0.6183 -0.7607
vn -0.1012 0.7157 -0.6911
vn -0.1579 0.6507 -0.7428
vn -0.1379 0.6858 -0.7146
vn -0.0601 0.7717 -0.6331
vn -0.1012 0.7157 -0.6911
vn -0.0922 0.7448 -0.6609
vn -0.0323 0.8225 -0.5679
vn -0.0601 0.7717 -0.6331
vn -0.0584 0.7988 -0.5988
vn -0.0181 0.8680 -0.4962
vn -0.0323 0.8225 -0.5679
vn -0.0379 0.8467 -0.5307
vn -0.0208 0.9147 -0.4035
vn -0.0181 0.8680 -0.4962
vn -0.0300 0.8899 -0.4552
vn -0.0463 0.9557 -0.2908
vn -0.0208 0.9147 -0.4035
vn -0.0359 0.9308 -0.3638
vn -0.0894 0.9813 -0.1704
vn -0.0463 0.9557 -0.2908
vn -0.0768 0.9740 -0.2133
vn -0.1387 0.9881 -0.0664
vn -0.0894 0.9813 -0.1704
vn -0.1270 0.9868 -0.1007
vn -0.0202 0.9998 -0.0079
vn -0.1387 0.9881 -0.0664
vn -0.1777 0.9841 -0.0070
vn -0.1466 0.9875 -0.0584
vn -0.1224 0.9809 -0.1511
vn -0.0202 0.9998 -0.0079
vn -0.9988 -0.0487 0.0078
vn -1.0000 -0.0002 0.0001
vn -1.0000 -0.0002 -0.0002
vn -1.0000 -0.0002 -0.0002
vn -0.9977 -0.0674 0.0069
vn -0.9988 -0.0487 0.0078
vn -0.9940 -0.1085 0.0135
vn -0.9988 -0.0487 0.0078
vn -0.9977 -0.0674 0.0069
vn -0.9977 -0.0674 0.0069
vn -0.9921 -0.1246 0.0144
vn -0.9940 -0.1085 0.0135
vn -0.9864 -0.1630 0.0192
vn -0.9940 -0.1085 0.0135
vn -0.9921 -0.1246 0.0144
vn -0.9921 -0.1246 0.0144
vn -0.9826 -0.1848 0.0214
vn -0.9864 -0.1630 0.0192
vn -0.9750 -0.2209 0.0260
vn -0.9864 -0.1630 0.0192
vn -0.9826 -0.1848 0.0214
vn -0.9826 -0.1848 0.0214
vn -0.9662 -0.2573 0.0163
vn -0.9750 -0.2209 0.0260
vn -0.9595 -0.2797 0.0335
vn -0.9750 -0.2209 0.0260
vn -0.9662 -0.2573 0.0163
vn -0.9662 -0.2573 0.0163
vn -0.9516 -0.3063 0.0259
vn -0.9595 -0.2797 0.0335
vn -0.9359 -0.3487 0.0488
vn -0.9595 -0.2797 0.0335
vn -0.9516 -0.3063 0.0259
vn -0.9516 -0.3063 0.0259
vn -0.9300 -0.3660 0.0349
vn -0.9359 -0.3487 0.0488
vn -0.9173 -0.3952 0.0484
vn -0.9359 -0.3487 0.0488
vn -0.9300 -0.3660 0.0349
vn -0.9173 -0.3952 0.0484
vn -0.9300 -0.3660 0.0349
vn -0.9047 -0.4241 0.0415
vn -0.8996 -0.4337 0.0515
vn -0.9173 -0.3952 0.0484
vn -0.9047 -0.4241 0.0415
vn -0.9047 -0.4241 0.0415
vn -0.8718 -0.4878 0.0455
vn -0.8996 -0.4337 0.0515
vn -0.8718 -0.4878 0.0455
vn -0.8504 -0.5155 0.1053
vn -0.8996 -0.4337 0.0515
vn -0.8718 -0.4878 0.0455
vn -0.8277 -0.5574 0.0644
vn -0.8504 -0.5155 0.1053
vn -0.8718 -0.4878 0.0455
vn -0.8469 -0.5282 0.0621
vn -0.8277 -0.5574 0.0644
vn -0.8214 -0.5664 0.0664
vn -0.8277 -0.5574 0.0644
vn -0.8469 -0.5282 0.0621
vn -0.8469 -0.5282 0.0621
vn -0.8349 -0.5490 0.0390
vn -0.8214 -0.5664 0.0664
vn -0.7949 -0.6026 0.0713
vn -0.8214 -0.5664 0.0664
vn -0.8349 -0.5490 0.0390
vn -0.8349 -0.5490 0.0390
vn -0.7710 -0.6325 0.0736
vn -0.7949 -0.6026 0.0713
vn -0.7651 -0.6392 0.0772
vn -0.7949 -0.6026 0.0713
vn -0.7710 -0.6325 0.0736
vn -0.7293 -0.6784 0.0891
vn -0.7651 -0.6392 0.0772
vn -0.7710 -0.6325 0.0736
vn -0.7710 -0.6325 0.0736
vn -0.7306 -0.6781 0.0797
vn -0.7293 -0.6784 0.0891
vn -0.7293 -0.6784 0.0891
vn -0.7306 -0.6781 0.0797
vn -0.6923 -0.7166 0.0849
vn -0.6923 -0.7166 0.0849
vn -0.6720 -0.7350 0.0901
vn -0.7293 -0.6784 0.0891
vn -0.6720 -0.7350 0.0901
vn -0.6923 -0.7166 0.0849
vn -0.6337 -0.7682 0.0909
vn -0.6337 -0.7682 0.0909
vn -0.6288 -0.7718 0.0941
vn -0.6720 -0.7350 0.0901
vn -0.5909 -0.8010 0.0966
vn -0.6288 -0.7718 0.0941
vn -0.6337 -0.7682 0.0909
vn -0.6337 -0.7682 0.0909
vn -0.5833 -0.8068 0.0941
vn -0.5909 -0.8010 0.0966
vn -0.5367 -0.8377 0.1009
vn -0.5909 -0.8010 0.0966
vn -0.5833 -0.8068 0.0941
vn -0.5833 -0.8068 0.0941
vn -0.5406 -0.8360 0.0942
vn -0.5367 -0.8377 0.1009
vn -0.5367 -0.8377 0.1009
vn -0.5406 -0.8360 0.0942
vn -0.4927 -0.8642 0.1020
vn -0.4927 -0.8642 0.1020
vn -0.4865 -0.8670 0.1072
vn -0.5367 -0.8377 0.1009
vn -1.0000 -0.0019 0.0006
vn -1.0000 -0.0002 0.0001
vn -0.9988 -0.0487 0.0078
vn -0.9951 -0.0754 0.0641
vn -1.0000 -0.0019 0.0050
vn -1.0000 -0.0019 0.0006
vn -0.9988 -0.0487 0.0078
vn -0.9951 -0.0754 0.0641
vn -1.0000 -0.0019 0.0006
vn -0.9988 -0.0487 0.0078
vn -0.9940 -0.1085 0.0135
vn -0.9951 -0.0754 0.0641
vn -0.9951 -0.0754 0.0641
vn -0.9940 -0.1085 0.0135
vn -0.9864 -0.1630 0.0192
vn -0.9864 -0.1630 0.0192
vn -0.9750 -0.2209 0.0260
vn -0.9951 -0.0754 0.0641
vn -0.9750 -0.2209 0.0260
vn -0.9595 -0.2797 0.0335
vn -0.9951 -0.0754 0.0641
vn -0.9951 -0.0754 0.0641
vn -0.9595 -0.2797 0.0335
vn -0.9359 -0.3487 0.0488
vn -0.9359 -0.3487 0.0488
vn -0.8504 -0.5155 0.1053
vn -0.9951 -0.0754 0.0641
vn -0.9359 -0.3487 0.0488
vn -0.9173 -0.3952 0.0484
vn -0.8504 -0.5155 0.1053
vn -0.9173 -0.3952 0.0484
vn -0.8996 -0.4337 0.0515
vn -0.8504 -0.5155 0.1053
vn -0.8277 -0.5574 0.0644
vn -0.8214 -0.5664 0.0664
vn -0.8504 -0.5155 0.1053
vn -0.8214 -0.5664 0.0664
vn -0.7949 -0.6026 0.0713
vn -0.8504 -0.5155 0.1053
vn -0.5442 -0.8199 0.1776
vn -0.5909 -0.8010 0.0966
vn -0.5367 -0.8377 0.1009
vn -0.6288 -0.7718 0.0941
vn -0.5909 -0.8010 0.0966
vn -0.5442 -0.8199 0.1776
vn -0.6720 -0.7350 0.0901
vn -0.6288 -0.7718 0.0941
vn -0.5442 -0.8199 0.1776
vn -0.7293 -0.6784 0.0891
vn -0.6720 -0.7350 0.0901
vn -0.5442 -0.8199 0.1776
vn -0.5442 -0.8199 0.1776
vn -0.8504 -0.5155 0.1053
vn -0.7293 -0.6784 0.0891
vn -0.8504 -0.5155 0.1053
vn -0.7651 -0.6392 0.0772
vn -0.7293 -0.6784 0.0891
vn -0.7949 -0.6026 0.0713
vn -0.7651 -0.6392 0.0772
vn -0.8504 -0.5155 0.1053
vn -0.5442 -0.8199 0.1776
vn -0.5367 -0.8377 0.1009
vn -0.4865 -0.8670 0.1072
vn -0.3238 -0.8304 0.4535
vn -0.4291 -0.8598 0.2767
vn -0.3704 -0.8775 0.3045
vn -0.3382 -0.9329 0.1237
vn -0.4291 -0.8598 0.2767
vn -0.5442 -0.8199 0.1776
vn -0.4471 -0.8835 0.1397
vn -0.3382 -0.9329 0.1237
vn -0.5442 -0.8199 0.1776
vn -0.5442 -0.8199 0.1776
vn -0.4865 -0.8670 0.1072
vn -0.4844 -0.8681 0.1083
vn -0.4844 -0.8681 0.1083
vn -0.4471 -0.8835 0.1397
vn -0.5442 -0.8199 0.1776
vn -0.7381 0.3898 -0.5507
vn -0.7269 0.0004 -0.6868
vn -0.7345 0.0017 -0.6786
vn -0.6821 0.0019 -0.7312
vn -0.7269 0.0004 -0.6868
vn -0.7381 0.3898 -0.5507
vn -0.6793 0.0008 -0.7338
vn -0.7160 -0.0001 -0.6981
vn -0.7186 0.0003 -0.6954
vn -0.7186 0.0003 -0.6954
vn -0.6667 0.0065 -0.7453
vn -0.6793 0.0008 -0.7338
vn -0.6793 0.0008 -0.7338
vn -0.6667 0.0065 -0.7453
vn -0.6267 0.0071 -0.7792
vn -0.6267 0.0071 -0.7792
vn -0.6324 -0.0009 -0.7747
vn -0.6793 0.0008 -0.7338
vn -0.6267 0.0071 -0.7792
vn -0.5550 0.0102 -0.8318
vn -0.5716 -0.0016 -0.8205
vn -0.5716 -0.0016 -0.8205
vn -0.6324 -0.0009 -0.7747
vn -0.6267 0.0071 -0.7792
vn -0.4972 0.0017 -0.8676
vn -0.5716 -0.0016 -0.8205
vn -0.5550 0.0102 -0.8318
vn -0.5550 0.0102 -0.8318
vn -0.4843 0.0120 -0.8748
vn -0.4972 0.0017 -0.8676
vn -0.4843 0.0120 -0.8748
vn -0.4390 0.0172 -0.8983
vn -0.4972 0.0017 -0.8676
vn -0.4390 0.0172 -0.8983
vn -0.4289 -0.0039 -0.9033
vn -0.4972 0.0017 -0.8676
vn -0.2996 0.0238 -0.9538
vn -0.2715 0.0144 -0.9623
vn -0.3706 0.0077 -0.9287
vn -0.3140 0.0269 -0.9490
vn -0.2996 0.0238 -0.9538
vn -0.3706 0.0077 -0.9287
vn -0.4390 0.0172 -0.8983
vn -0.3140 0.0269 -0.9490
vn -0.3706 0.0077 -0.9287
vn -0.3706 0.0077 -0.9287
vn -0.4289 -0.0039 -0.9033
vn -0.4390 0.0172 -0.8983
vn -0.3140 0.0269 -0.9490
vn -0.4390 0.0172 -0.8983
vn -0.4843 0.0120 -0.8748
vn -0.2419 0.0271 -0.9699
vn -0.2996 0.0238 -0.9538
vn -0.3140 0.0269 -0.9490
vn -0.2996 0.0238 -0.9538
vn -0.2419 0.0271 -0.9699
vn -0.2715 0.0144 -0.9623
vn -0.2715 0.0144 -0.9623
vn -0.2419 0.0271 -0.9699
vn -0.0085 0.0262 -0.9996
vn -0.0085 0.0262 -0.9996
vn -0.2409 -0.0253 -0.9702
vn -0.2715 0.0144 -0.9623
vn -0.7381 0.3898 -0.5507
vn -0.3298 0.0096 -0.9440
vn -0.6821 0.0019 -0.7312
vn -0.4843 0.0120 -0.8748
vn -0.3298 0.0096 -0.9440
vn -0.3140 0.0269 -0.9490
vn -0.4843 0.0120 -0.8748
vn -0.5550 0.0102 -0.8318
vn -0.3298 0.0096 -0.9440
vn -0.5550 0.0102 -0.8318
vn -0.6267 0.0071 -0.7792
vn -0.3298 0.0096 -0.9440
vn -0.6267 0.0071 -0.7792
vn -0.6667 0.0065 -0.7453
vn -0.3298 0.0096 -0.9440
vn -0.3298 0.0096 -0.9440
vn -0.6667 0.0065 -0.7453
vn -0.6821 0.0019 -0.7312
vn -0.7186 0.0003 -0.6954
vn -0.6821 0.0019 -0.7312
vn -0.6667 0.0065 -0.7453
vn -0.7375 0.0038 -0.6753
vn -0.7519 -0.0011 -0.6593
vn -0.7552 0.2570 -0.6030
vn -0.6940 0.0034 -0.7200
vn -0.7999 0.0079 -0.6001
vn -0.6885 0.4942 -0.5308
vn -0.6885 0.4942 -0.5308
vn -0.7694 0.0099 -0.6387
vn -0.8208 0.0021 -0.5712
vn -0.6885 0.4942 -0.5308
vn -0.7552 0.2570 -0.6030
vn -0.7694 0.0099 -0.6387
vn -0.7552 0.2570 -0.6030
vn -0.7593 0.0004 -0.6508
vn -0.7694 0.0099 -0.6387
vn -0.1556 0.9875 0.0237
vn -0.1556 0.9875 0.0237
vn -0.1556 0.9875 0.0237
vn -0.7381 0.3898 -0.5507
vn -0.7552 0.2570 -0.6030
vn -0.6885 0.4942 -0.5308
vn -0.7552 0.2570 -0.6030
vn -0.7519 -0.0011 -0.6593
vn -0.7593 0.0004 -0.6508
vn -0.7381 0.3898 -0.5507
vn -0.7375 0.0038 -0.6753
vn -0.7552 0.2570 -0.6030
vn -0.7550 0.5362 -0.3774
vn -0.9182 0.3774 -0.1202
vn -0.7381 0.3898 -0.5507
vn -0.7550 0.5362 -0.3774
vn -0.9793 0.0163 0.2020
vn -0.9182 0.3774 -0.1202
vn -0.0577 0.9979 -0.0298
vn -0.0242 0.9997 0.0043
vn -0.1224 0.9809 -0.1511
vn -0.7550 0.5362 -0.3774
vn -0.6885 0.4942 -0.5308
vn -0.0709 0.9520 -0.2978
vn -0.0709 0.9520 -0.2978
vn -0.5214 0.1538 -0.8393
vn -0.7550 0.5362 -0.3774
vn -0.3199 0.2604 -0.9110
vn -0.7550 0.5362 -0.3774
vn -0.5214 0.1538 -0.8393
vn -0.5214 0.1538 -0.8393
vn -0.8197 0.0169 -0.5726
vn -0.8440 0.0004 -0.5363
vn -0.8197 0.0169 -0.5726
vn -0.5214 0.1538 -0.8393
vn -0.6885 0.4942 -0.5308
vn -0.7999 0.0079 -0.6001
vn -0.7999 0.0001 -0.6002
vn -0.8138 0.0111 -0.5811
vn -0.8138 0.0111 -0.5811
vn -0.6885 0.4942 -0.5308
vn -0.7999 0.0079 -0.6001
vn -0.8165 0.0032 -0.5774
vn -0.6885 0.4942 -0.5308
vn -0.8138 0.0111 -0.5811
vn -0.8165 0.0032 -0.5774
vn -0.8197 0.0169 -0.5726
vn -0.6885 0.4942 -0.5308
vn -0.5214 0.1538 -0.8393
vn -0.8388 -0.0009 -0.5444
vn -0.8578 0.0659 -0.5098
vn -0.0709 0.9520 -0.2978
vn 0.5254 0.8288 0.1923
vn 0.5254 0.8288 0.1923
vn -0.1485 -0.0116 -0.9888
vn -0.5214 0.1538 -0.8393
vn -0.5694 0.3892 -0.7241
vn -0.2150 0.3034 -0.9283
vn -0.5694 0.3892 -0.7241
vn -0.2150 0.3034 -0.9283
vn -0.5214 0.1538 -0.8393
vn -0.8578 0.0659 -0.5098
vn -0.5694 0.3892 -0.7241
vn -0.9941 0.0010 -0.1084
vn -0.9920 0.0013 -0.1265
vn -0.9929 -0.0001 -0.1187
vn -0.8440 0.0004 -0.5363
vn -0.8263 -0.0012 -0.5632
vn -0.8575 -0.0003 -0.5145
vn -0.7518 -0.3097 -0.5821
vn -0.6464 0.0026 -0.7630
vn -0.8388 -0.0009 -0.5444
vn -0.8388 -0.0009 -0.5444
vn -0.5214 0.1538 -0.8393
vn -0.8575 -0.0003 -0.5145
vn -0.8875 -0.0160 0.4606
vn -0.8875 -0.0160 0.4606
vn -0.8875 -0.0160 0.4606
vn -0.8575 -0.0003 -0.5145
vn -0.5214 0.1538 -0.8393
vn -0.8440 0.0004 -0.5363
vn -0.8479 -0.0044 -0.5301
vn -0.8735 0.0001 -0.4868
vn -0.8578 0.0659 -0.5098
vn -0.8479 -0.0044 -0.5301
vn -0.8578 0.0659 -0.5098
vn -0.8388 -0.0009 -0.5444
vn -0.8388 -0.0009 -0.5444
vn -0.6464 0.0026 -0.7630
vn -0.8479 -0.0044 -0.5301
vn -0.6464 0.0026 -0.7630
vn -0.6983 -0.3461 -0.6266
vn -0.8479 -0.0044 -0.5301
vn -0.8735 0.0001 -0.4868
vn -0.8479 -0.0044 -0.5301
vn -0.8794 -0.0003 -0.4761
vn -0.8735 0.0001 -0.4868
vn -0.8794 -0.0003 -0.4761
vn -0.8818 -0.0001 -0.4716
vn -0.8854 0.0006 -0.4648
vn -0.8735 0.0001 -0.4868
vn -0.8818 -0.0001 -0.4716
vn -0.8854 0.0006 -0.4648
vn -0.8818 -0.0001 -0.4716
vn -0.8939 -0.0001 -0.4483
vn -0.8939 -0.0001 -0.4483
vn -0.8954 0.0037 -0.4453
vn -0.8854 0.0006 -0.4648
vn -0.9002 0.0004 -0.4355
vn -0.8939 -0.0001 -0.4483
vn -0.8969 -0.0002 -0.4422
vn -0.8939 -0.0001 -0.4483
vn -0.9002 0.0004 -0.4355
vn -0.8954 0.0037 -0.4453
vn -0.9151 -0.0000 -0.4032
vn -0.9155 -0.0010 -0.4023
vn -0.9174 -0.0714 -0.3915
vn -0.9151 -0.0000 -0.4032
vn -0.9174 -0.0714 -0.3915
vn -0.9120 -0.0002 -0.4102
vn -0.9198 0.0002 -0.3923
vn -0.9151 -0.0000 -0.4032
vn -0.9120 -0.0002 -0.4102
vn -0.9198 0.0002 -0.3923
vn -0.9120 -0.0002 -0.4102
vn -0.9216 -0.0003 -0.3881
vn -0.9216 -0.0003 -0.3881
vn -0.9397 0.0008 -0.3419
vn -0.9198 0.0002 -0.3923
vn -0.8969 -0.0002 -0.4422
vn -0.9029 -0.0005 -0.4299
vn -0.9002 0.0004 -0.4355
vn -0.9079 0.0002 -0.4192
vn -0.9002 0.0004 -0.4355
vn -0.9029 -0.0005 -0.4299
vn -0.9029 -0.0005 -0.4299
vn -0.9155 -0.0010 -0.4023
vn -0.9079 0.0002 -0.4192
vn -0.9110 0.0004 -0.4123
vn -0.9079 0.0002 -0.4192
vn -0.9155 -0.0010 -0.4023
vn -0.9155 -0.0010 -0.4023
vn -0.9151 -0.0000 -0.4032
vn -0.9110 0.0004 -0.4123
vn -0.9397 0.0008 -0.3419
vn -0.9216 -0.0003 -0.3881
vn -0.9273 -0.0006 -0.3743
vn -0.9397 0.0008 -0.3419
vn -0.9273 -0.0006 -0.3743
vn -0.9321 -0.0012 -0.3622
vn -0.9215 0.1274 -0.3670
vn -0.9397 0.0008 -0.3419
vn -0.9321 -0.0012 -0.3622
vn -0.9409 -0.0004 -0.3386
vn -0.9454 -0.0001 -0.3259
vn -0.9333 0.0004 -0.3591
vn -0.9443 0.0011 -0.3290
vn -0.9333 0.0004 -0.3591
vn -0.9454 -0.0001 -0.3259
vn -0.9333 0.0004 -0.3591
vn -0.9215 0.1274 -0.3670
vn -0.9321 -0.0012 -0.3622
vn -0.9321 -0.0012 -0.3622
vn -0.9409 -0.0004 -0.3386
vn -0.9333 0.0004 -0.3591
vn -0.9516 0.0002 -0.3074
vn -0.9565 0.0178 -0.2912
vn -0.9566 0.0002 -0.2915
vn -0.9565 0.0178 -0.2912
vn -0.9560 0.0021 -0.2932
vn -0.9566 0.0002 -0.2915
vn -0.9454 -0.0001 -0.3259
vn -0.9566 0.0002 -0.2915
vn -0.9560 0.0021 -0.2932
vn -0.9560 0.0021 -0.2932
vn -0.9443 0.0011 -0.3290
vn -0.9454 -0.0001 -0.3259
vn -0.9756 -0.0015 -0.2195
vn -0.9671 0.0029 -0.2545
vn -0.9647 0.0004 -0.2634
vn -0.9516 0.0002 -0.3074
vn -0.9566 0.0002 -0.2915
vn -0.9521 -0.0772 -0.2957
vn -0.9521 -0.0772 -0.2957
vn -0.9551 -0.0000 -0.2964
vn -0.9516 0.0002 -0.3074
vn -0.9612 0.0002 -0.2760
vn -0.9516 0.0002 -0.3074
vn -0.9551 -0.0000 -0.2964
vn -0.9551 -0.0000 -0.2964
vn -0.9756 -0.0015 -0.2195
vn -0.9612 0.0002 -0.2760
vn -0.9647 0.0004 -0.2634
vn -0.9612 0.0002 -0.2760
vn -0.9756 -0.0015 -0.2195
vn -0.9671 0.0029 -0.2545
vn -0.9756 -0.0015 -0.2195
vn -0.9589 -0.0819 -0.2717
vn -0.9589 -0.0819 -0.2717
vn -0.9402 -0.0008 -0.3407
vn -0.9671 0.0029 -0.2545
vn -0.9719 0.0046 -0.2354
vn -0.9671 0.0029 -0.2545
vn -0.9402 -0.0008 -0.3407
vn -0.9402 -0.0008 -0.3407
vn -0.9732 -0.0006 -0.2299
vn -0.9719 0.0046 -0.2354
vn -0.9732 -0.0006 -0.2299
vn -0.9755 0.0032 -0.2201
vn -0.9719 0.0046 -0.2354
vn -0.9755 0.0032 -0.2201
vn -0.9732 -0.0006 -0.2299
vn -0.9750 -0.0043 -0.2223
vn -0.9750 -0.0043 -0.2223
vn -0.9774 -0.0013 -0.2114
vn -0.9755 0.0032 -0.2201
vn -0.9798 0.0050 -0.2000
vn -0.9755 0.0032 -0.2201
vn -0.9774 -0.0013 -0.2114
vn -0.9774 -0.0013 -0.2114
vn -0.9984 -0.0019 -0.0571
vn -0.9798 0.0050 -0.2000
vn -0.9830 0.0033 -0.1836
vn -0.9798 0.0050 -0.2000
vn -0.9984 -0.0019 -0.0571
vn -0.6302 -0.0080 0.7764
vn -0.6302 -0.0080 0.7764
vn -0.6302 -0.0080 0.7764
vn -0.9345 -0.3164 -0.1631
vn -0.9678 -0.0008 -0.2516
vn -0.9830 0.0033 -0.1836
vn -0.9866 0.0060 -0.1630
vn -0.9830 0.0033 -0.1836
vn -0.9678 -0.0008 -0.2516
vn -0.9678 -0.0008 -0.2516
vn -0.9873 -0.0011 -0.1589
vn -0.9866 0.0060 -0.1630
vn -0.9890 0.0142 -0.1476
vn -0.9866 0.0060 -0.1630
vn -0.9873 -0.0011 -0.1589
vn -0.9890 0.0142 -0.1476
vn -0.9873 -0.0011 -0.1589
vn -0.9887 -0.0056 -0.1500
vn -0.9887 -0.0056 -0.1500
vn -0.9905 -0.0001 -0.1378
vn -0.9890 0.0142 -0.1476
vn -0.9905 -0.0001 -0.1378
vn -0.9929 -0.0001 -0.1187
vn -0.9920 0.0013 -0.1265
vn -0.9920 0.0013 -0.1265
vn -0.9890 0.0142 -0.1476
vn -0.9905 -0.0001 -0.1378
vn -0.9941 0.0010 -0.1084
vn -0.9929 -0.0001 -0.1187
vn -0.9936 -0.0227 -0.1109
vn -0.9936 -0.0227 -0.1109
vn -0.9948 -0.0010 -0.1016
vn -0.9941 0.0010 -0.1084
vn -0.9963 0.0008 -0.0859
vn -0.9941 0.0010 -0.1084
vn -0.9948 -0.0010 -0.1016
vn -0.9948 -0.0010 -0.1016
vn -0.9964 -0.0011 -0.0853
vn -0.9963 0.0008 -0.0859
vn -0.9963 0.0008 -0.0859
vn -0.9964 -0.0011 -0.0853
vn -0.9975 -0.0005 -0.0705
vn -0.9978 0.0010 -0.0664
vn -0.9963 0.0008 -0.0859
vn -0.9975 -0.0005 -0.0705
vn -0.9978 0.0010 -0.0664
vn -0.9975 -0.0005 -0.0705
vn -0.9983 -0.0004 -0.0576
vn -0.9983 0.0018 -0.0576
vn -0.9978 0.0010 -0.0664
vn -0.9983 -0.0004 -0.0576
vn -0.9994 0.0009 -0.0332
vn -0.9995 -0.0005 0.0322
vn -0.9984 -0.0439 -0.0365
vn -0.9994 0.0009 -0.0332
vn -0.9984 -0.0439 -0.0365
vn -0.9985 -0.0004 -0.0550
vn -0.9999 0.0018 -0.0154
vn -0.9994 0.0009 -0.0332
vn -0.9985 -0.0004 -0.0550
vn -0.9995 -0.0005 0.0322
vn -0.9994 0.0009 -0.0332
vn -0.9990 0.0018 -0.0452
vn -0.9983 -0.0004 -0.0576
vn -0.9995 -0.0005 0.0322
vn -0.9990 0.0018 -0.0452
vn -0.9990 0.0018 -0.0452
vn -0.9983 0.0018 -0.0576
vn -0.9983 -0.0004 -0.0576
vn -0.9985 -0.0004 -0.0550
vn -0.9999 -0.0009 -0.0111
vn -0.9999 0.0018 -0.0154
vn -0.9999 0.0018 -0.0154
vn -0.9999 -0.0009 -0.0111
vn -1.0000 -0.0002 -0.0002
vn -1.0000 -0.0002 -0.0002
vn -1.0000 0.0003 -0.0003
vn -0.9999 0.0018 -0.0154
vn -0.8735 0.0001 -0.4868
vn -0.8854 0.0006 -0.4648
vn -0.8578 0.0659 -0.5098
vn -0.9079 0.0002 -0.4192
vn -0.9110 0.0004 -0.4123
vn -0.9026 0.1027 -0.4180
vn -0.9560 0.0021 -0.2932
vn -0.9565 0.0178 -0.2912
vn -0.9215 0.1274 -0.3670
vn -0.9647 0.0004 -0.2634
vn -0.9671 0.0029 -0.2545
vn -0.9565 0.0178 -0.2912
vn -0.9719 0.0046 -0.2354
vn -0.9755 0.0032 -0.2201
vn -0.8278 0.5293 -0.1857
vn -0.9830 0.0033 -0.1836
vn -0.8278 0.5293 -0.1857
vn -0.9798 0.0050 -0.2000
vn -0.9920 0.0013 -0.1265
vn -0.9941 0.0010 -0.1084
vn -0.9529 0.3011 -0.0370
vn -0.5202 0.8444 -0.1282
vn -0.0577 0.9979 -0.0298
vn -0.5694 0.3892 -0.7241
vn -0.5202 0.8444 -0.1282
vn -0.1890 0.9814 0.0347
vn -0.1745 0.9842 0.0301
vn -0.7217 0.6922 0.0019
vn -0.4981 0.8614 0.0994
vn -0.4713 0.8767 0.0962
vn -0.4935 0.8638 0.1017
vn -0.4981 0.8614 0.0994
vn -0.7217 0.6922 0.0019
vn -0.9963 0.0008 -0.0859
vn -0.9978 0.0010 -0.0664
vn -0.9529 0.3011 -0.0370
vn -0.9529 0.3011 -0.0370
vn -0.9941 0.0010 -0.1084
vn -0.9963 0.0008 -0.0859
vn -0.9920 0.0013 -0.1265
vn -0.9529 0.3011 -0.0370
vn -0.9890 0.0142 -0.1476
vn -0.8278 0.5293 -0.1857
vn -0.9866 0.0060 -0.1630
vn -0.9890 0.0142 -0.1476
vn -0.8278 0.5293 -0.1857
vn -0.9830 0.0033 -0.1836
vn -0.9866 0.0060 -0.1630
vn -0.8278 0.5293 -0.1857
vn -0.9755 0.0032 -0.2201
vn -0.9798 0.0050 -0.2000
vn -0.8278 0.5293 -0.1857
vn -0.9671 0.0029 -0.2545
vn -0.9719 0.0046 -0.2354
vn -0.9516 0.0002 -0.3074
vn -0.9612 0.0002 -0.2760
vn -0.9565 0.0178 -0.2912
vn -0.9612 0.0002 -0.2760
vn -0.9647 0.0004 -0.2634
vn -0.9565 0.0178 -0.2912
vn -0.9215 0.1274 -0.3670
vn -0.9443 0.0011 -0.3290
vn -0.9560 0.0021 -0.2932
vn -0.9215 0.1274 -0.3670
vn -0.9333 0.0004 -0.3591
vn -0.9443 0.0011 -0.3290
vn -0.9151 -0.0000 -0.4032
vn -0.9198 0.0002 -0.3923
vn -0.9026 0.1027 -0.4180
vn -0.9026 0.1027 -0.4180
vn -0.9198 0.0002 -0.3923
vn -0.9397 0.0008 -0.3419
vn -0.9397 0.0008 -0.3419
vn -0.9215 0.1274 -0.3670
vn -0.9026 0.1027 -0.4180
vn -0.9110 0.0004 -0.4123
vn -0.9151 -0.0000 -0.4032
vn -0.9026 0.1027 -0.4180
vn -0.8954 0.0037 -0.4453
vn -0.9002 0.0004 -0.4355
vn -0.9026 0.1027 -0.4180
vn -0.9026 0.1027 -0.4180
vn -0.9002 0.0004 -0.4355
vn -0.9079 0.0002 -0.4192
vn -0.8854 0.0006 -0.4648
vn -0.8954 0.0037 -0.4453
vn -0.8578 0.0659 -0.5098
vn -0.7217 0.6922 0.0019
vn -0.4527 0.8870 0.0911
vn -0.4433 0.8924 0.0845
vn -0.7217 0.6922 0.0019
vn -0.4713 0.8767 0.0962
vn -0.4527 0.8870 0.0911
vn -0.0547 0.9985 0.0032
vn 0.0853 0.9962 -0.0193
vn -0.0577 0.9979 -0.0298
vn -0.0577 0.9979 -0.0298
vn -0.1578 0.9875 -0.0035
vn -0.0547 0.9985 0.0032
vn -0.4244 0.9020 0.0794
vn -0.5299 0.8477 -0.0247
vn -0.7217 0.6922 0.0019
vn -0.4433 0.8924 0.0845
vn -0.4244 0.9020 0.0794
vn -0.7217 0.6922 0.0019
vn -0.9890 0.0142 -0.1476
vn -0.9529 0.3011 -0.0370
vn -0.8278 0.5293 -0.1857
vn -0.7217 0.6922 0.0019
vn -0.9529 0.3011 -0.0370
vn -0.8720 0.4891 -0.0165
vn -0.9529 0.3011 -0.0370
vn -0.7217 0.6922 0.0019
vn -0.8278 0.5293 -0.1857
vn -0.4244 0.9020 0.0794
vn -0.3617 0.9292 0.0760
vn -0.5299 0.8477 -0.0247
vn -0.3563 0.9314 0.0750
vn -0.3127 0.9476 0.0657
vn -0.5299 0.8477 -0.0247
vn -0.9671 0.0029 -0.2545
vn -0.8278 0.5293 -0.1857
vn -0.9565 0.0178 -0.2912
vn -0.8278 0.5293 -0.1857
vn -0.7217 0.6922 0.0019
vn -0.5299 0.8477 -0.0247
vn -0.2927 0.9544 0.0591
vn -0.2820 0.9583 0.0470
vn -0.5299 0.8477 -0.0247
vn -0.8278 0.5293 -0.1857
vn -0.9215 0.1274 -0.3670
vn -0.9565 0.0178 -0.2912
vn -0.5299 0.8477 -0.0247
vn -0.3127 0.9476 0.0657
vn -0.2927 0.9544 0.0591
vn -0.5299 0.8477 -0.0247
vn -0.5202 0.8444 -0.1282
vn -0.8278 0.5293 -0.1857
vn -0.2820 0.9583 0.0470
vn -0.1255 0.9919 0.0218
vn -0.5202 0.8444 -0.1282
vn -0.2820 0.9583 0.0470
vn -0.5202 0.8444 -0.1282
vn -0.5299 0.8477 -0.0247
vn -0.3777 0.9228 0.0758
vn -0.1890 0.9814 0.0347
vn -0.5202 0.8444 -0.1282
vn -0.8578 0.0659 -0.5098
vn -0.9026 0.1027 -0.4180
vn -0.9215 0.1274 -0.3670
vn -0.1578 0.9875 -0.0035
vn -0.0603 0.9981 0.0117
vn -0.0547 0.9985 0.0032
vn -0.9215 0.1274 -0.3670
vn -0.5694 0.3892 -0.7241
vn -0.8578 0.0659 -0.5098
vn -0.5694 0.3892 -0.7241
vn -0.9215 0.1274 -0.3670
vn -0.8278 0.5293 -0.1857
vn -0.9026 0.1027 -0.4180
vn -0.8578 0.0659 -0.5098
vn -0.8954 0.0037 -0.4453
vn -0.1745 0.9842 0.0301
vn -0.1578 0.9875 -0.0035
vn -0.5202 0.8444 -0.1282
vn -0.1578 0.9875 -0.0035
vn -0.1745 0.9842 0.0301
vn -0.1489 0.9884 0.0310
vn -0.1578 0.9875 -0.0035
vn -0.1119 0.9934 0.0234
vn -0.0806 0.9966 0.0164
vn -0.8278 0.5293 -0.1857
vn -0.5202 0.8444 -0.1282
vn -0.5694 0.3892 -0.7241
vn -0.0577 0.9979 -0.0298
vn -0.5202 0.8444 -0.1282
vn -0.1578 0.9875 -0.0035
vn -0.1489 0.9884 0.0310
vn -0.1181 0.9927 0.0249
vn -0.1578 0.9875 -0.0035
vn -0.1578 0.9875 -0.0035
vn -0.0806 0.9966 0.0164
vn -0.0603 0.9981 0.0117
vn -0.0242 0.9997 0.0043
vn -0.0577 0.9979 -0.0298
vn -0.0386 0.9992 0.0133
vn -0.0577 0.9979 -0.0298
vn 0.0853 0.9962 -0.0193
vn -0.0086 1.0000 0.0013
vn -0.0086 1.0000 0.0013
vn -0.0386 0.9992 0.0133
vn -0.0577 0.9979 -0.0298
vn -0.0386 0.9992 0.0133
vn -0.0086 1.0000 0.0013
vn -0.1408 0.9881 0.0627
vn -0.4981 0.8614 0.0994
vn -0.4935 0.8638 0.1017
vn -0.4851 0.8683 0.1034
vn -0.4851 0.8683 0.1034
vn -0.4678 0.8782 0.0994
vn -0.4981 0.8614 0.0994
vn -0.4713 0.8767 0.0962
vn -0.4981 0.8614 0.0994
vn -0.4678 0.8782 0.0994
vn -0.4678 0.8782 0.0994
vn -0.4523 0.8867 0.0962
vn -0.4713 0.8767 0.0962
vn -0.4150 0.9047 0.0966
vn -0.4433 0.8924 0.0845
vn -0.4527 0.8870 0.0911
vn -0.4523 0.8867 0.0962
vn -0.4150 0.9047 0.0966
vn -0.4527 0.8870 0.0911
vn -0.4523 0.8867 0.0962
vn -0.4527 0.8870 0.0911
vn -0.4713 0.8767 0.0962
vn -0.4244 0.9020 0.0794
vn -0.4433 0.8924 0.0845
vn -0.4150 0.9047 0.0966
vn -0.4150 0.9047 0.0966
vn -0.3847 0.9187 0.0896
vn -0.4244 0.9020 0.0794
vn -0.3847 0.9187 0.0896
vn -0.3617 0.9292 0.0760
vn -0.4244 0.9020 0.0794
vn -0.3847 0.9187 0.0896
vn -0.3576 0.9308 0.0758
vn -0.3617 0.9292 0.0760
vn -0.5299 0.8477 -0.0247
vn -0.3617 0.9292 0.0760
vn -0.3576 0.9308 0.0758
vn -0.3576 0.9308 0.0758
vn -0.3318 0.9407 0.0706
vn -0.3563 0.9314 0.0750
vn -0.3563 0.9314 0.0750
vn -0.5299 0.8477 -0.0247
vn -0.3576 0.9308 0.0758
vn -0.2841 0.9566 0.0654
vn -0.2927 0.9544 0.0591
vn -0.3127 0.9476 0.0657
vn -0.3198 0.9443 0.0779
vn -0.2841 0.9566 0.0654
vn -0.3127 0.9476 0.0657
vn -0.3318 0.9407 0.0706
vn -0.3198 0.9443 0.0779
vn -0.3127 0.9476 0.0657
vn -0.3127 0.9476 0.0657
vn -0.3563 0.9314 0.0750
vn -0.3318 0.9407 0.0706
vn -0.2820 0.9583 0.0470
vn -0.2927 0.9544 0.0591
vn -0.2841 0.9566 0.0654
vn -0.2841 0.9566 0.0654
vn -0.2396 0.9688 0.0627
vn -0.2820 0.9583 0.0470
vn -0.1255 0.9919 0.0218
vn -0.2820 0.9583 0.0470
vn -0.2396 0.9688 0.0627
vn -0.2396 0.9688 0.0627
vn -0.2200 0.9745 0.0451
vn -0.1255 0.9919 0.0218
vn -0.2200 0.9745 0.0451
vn -0.5202 0.8444 -0.1282
vn -0.1255 0.9919 0.0218
vn -0.3777 0.9228 0.0758
vn -0.5202 0.8444 -0.1282
vn -0.2200 0.9745 0.0451
vn -0.2200 0.9745 0.0451
vn -0.1944 0.9800 0.0420
vn -0.3777 0.9228 0.0758
vn -0.1890 0.9814 0.0347
vn -0.3777 0.9228 0.0758
vn -0.1944 0.9800 0.0420
vn -0.1944 0.9800 0.0420
vn -0.1694 0.9849 0.0358
vn -0.1890 0.9814 0.0347
vn -0.1745 0.9842 0.0301
vn -0.1890 0.9814 0.0347
vn -0.1694 0.9849 0.0358
vn -0.1694 0.9849 0.0358
vn -0.1448 0.9890 0.0303
vn -0.1745 0.9842 0.0301
vn -0.1448 0.9890 0.0303
vn -0.1489 0.9884 0.0310
vn -0.1745 0.9842 0.0301
vn -0.1448 0.9890 0.0303
vn -0.1168 0.9929 0.0241
vn -0.1181 0.9927 0.0249
vn -0.1181 0.9927 0.0249
vn -0.1489 0.9884 0.0310
vn -0.1448 0.9890 0.0303
vn -0.0341 0.9994 0.0081
vn -0.0086 1.0000 0.0013
vn 0.0853 0.9962 -0.0193
vn 0.0853 0.9962 -0.0193
vn -0.0547 0.9985 0.0032
vn -0.0341 0.9994 0.0081
vn -0.0531 0.9985 0.0116
vn -0.0341 0.9994 0.0081
vn -0.0547 0.9985 0.0032
vn -0.0547 0.9985 0.0032
vn -0.0603 0.9981 0.0117
vn -0.0531 0.9985 0.0116
vn -0.0706 0.9974 0.0149
vn -0.0531 0.9985 0.0116
vn -0.0603 0.9981 0.0117
vn -0.0603 0.9981 0.0117
vn -0.0806 0.9966 0.0164
vn -0.0706 0.9974 0.0149
vn -0.0892 0.9958 0.0185
vn -0.0706 0.9974 0.0149
vn -0.0806 0.9966 0.0164
vn -0.0806 0.9966 0.0164
vn -0.1119 0.9934 0.0234
vn -0.0892 0.9958 0.0185
vn -0.1168 0.9929 0.0241
vn -0.0892 0.9958 0.0185
vn -0.1119 0.9934 0.0234
vn -0.1119 0.9934 0.0234
vn -0.1578 0.9875 -0.0035
vn -0.1168 0.9929 0.0241
vn -0.1168 0.9929 0.0241
vn -0.1578 0.9875 -0.0035
vn -0.1181 0.9927 0.0249
vn -0.4678 0.8782 0.0994
vn -0.4851 0.8683 0.1034
vn -0.4803 0.8642 0.1501
vn -0.3198 0.9443 0.0779
vn -0.3576 0.9308 0.0758
vn -0.3847 0.9187 0.0896
vn -0.1408 0.9881 0.0627
vn -0.2200 0.9745 0.0451
vn -0.2396 0.9688 0.0627
vn -0.1408 0.9881 0.0627
vn -0.1694 0.9849 0.0358
vn -0.1944 0.9800 0.0420
vn -0.1408 0.9881 0.0627
vn -0.0706 0.9974 0.0149
vn -0.0892 0.9958 0.0185
vn -0.0086 1.0000 0.0013
vn -0.0341 0.9994 0.0081
vn -0.1408 0.9881 0.0627
vn -0.1408 0.9881 0.0627
vn -0.0341 0.9994 0.0081
vn -0.0531 0.9985 0.0116
vn -0.4523 0.8867 0.0962
vn -0.4678 0.8782 0.0994
vn -0.4803 0.8642 0.1501
vn -0.4803 0.8642 0.1501
vn -0.3614 0.9210 0.1456
vn -0.4150 0.9047 0.0966
vn -0.4150 0.9047 0.0966
vn -0.4523 0.8867 0.0962
vn -0.4803 0.8642 0.1501
vn -0.3847 0.9187 0.0896
vn -0.4150 0.9047 0.0966
vn -0.3614 0.9210 0.1456
vn -0.3847 0.9187 0.0896
vn -0.3614 0.9210 0.1456
vn -0.3198 0.9443 0.0779
vn -0.3318 0.9407 0.0706
vn -0.3576 0.9308 0.0758
vn -0.3198 0.9443 0.0779
vn -0.3198 0.9443 0.0779
vn -0.3614 0.9210 0.1456
vn -0.2841 0.9566 0.0654
vn -0.2396 0.9688 0.0627
vn -0.2841 0.9566 0.0654
vn -0.3614 0.9210 0.1456
vn -0.2396 0.9688 0.0627
vn -0.3614 0.9210 0.1456
vn -0.1408 0.9881 0.0627
vn -0.1944 0.9800 0.0420
vn -0.2200 0.9745 0.0451
vn -0.1408 0.9881 0.0627
vn -0.1448 0.9890 0.0303
vn -0.1694 0.9849 0.0358
vn -0.1408 0.9881 0.0627
vn -0.0386 0.9992 0.0133
vn -0.3614 0.9210 0.1456
vn -0.1071 0.9935 -0.0390
vn -0.1168 0.9929 0.0241
vn -0.1448 0.9890 0.0303
vn -0.1408 0.9881 0.0627
vn -0.3614 0.9210 0.1456
vn -0.0386 0.9992 0.0133
vn -0.1408 0.9881 0.0627
vn -0.0892 0.9958 0.0185
vn -0.1168 0.9929 0.0241
vn -0.1408 0.9881 0.0627
vn -0.0531 0.9985 0.0116
vn -0.0706 0.9974 0.0149
vn -0.1408 0.9881 0.0627
vn -0.4935 0.8638 0.1017
vn -0.4861 0.8663 0.1149
vn -0.4851 0.8683 0.1034
vn -0.9994 0.0009 -0.0332
vn -0.9999 0.0018 -0.0154
vn -0.9529 0.3011 -0.0370
vn -0.9529 0.3011 -0.0370
vn -0.9999 0.0018 -0.0154
vn -1.0000 0.0003 -0.0003
vn -0.9983 0.0018 -0.0576
vn -0.9990 0.0018 -0.0452
vn -0.9529 0.3011 -0.0370
vn -0.9529 0.3011 -0.0370
vn -0.9978 0.0010 -0.0664
vn -0.9983 0.0018 -0.0576
vn -0.5871 0.8043 0.0918
vn -0.4935 0.8638 0.1017
vn -0.7217 0.6922 0.0019
vn -0.5871 0.8043 0.0918
vn -0.5420 0.8346 0.0986
vn -0.4935 0.8638 0.1017
vn -0.7217 0.6922 0.0019
vn -0.7335 0.6752 0.0777
vn -0.6919 0.7172 0.0838
vn -0.7217 0.6922 0.0019
vn -0.6919 0.7172 0.0838
vn -0.6425 0.7611 0.0894
vn -0.6425 0.7611 0.0894
vn -0.5871 0.8043 0.0918
vn -0.7217 0.6922 0.0019
vn -0.7217 0.6922 0.0019
vn -0.7845 0.6165 0.0670
vn -0.7335 0.6752 0.0777
vn -0.8720 0.4891 -0.0165
vn -0.8777 0.4761 0.0553
vn -0.8361 0.5455 0.0586
vn -0.7217 0.6922 0.0019
vn -0.8720 0.4891 -0.0165
vn -0.8361 0.5455 0.0586
vn -0.8361 0.5455 0.0586
vn -0.8173 0.5732 0.0587
vn -0.7217 0.6922 0.0019
vn -0.7217 0.6922 0.0019
vn -0.8173 0.5732 0.0587
vn -0.7845 0.6165 0.0670
vn -0.9224 0.3846 0.0350
vn -0.8720 0.4891 -0.0165
vn -0.9529 0.3011 -0.0370
vn -0.9224 0.3846 0.0350
vn -0.9008 0.4313 0.0497
vn -0.8720 0.4891 -0.0165
vn -0.8720 0.4891 -0.0165
vn -0.9008 0.4313 0.0497
vn -0.8777 0.4761 0.0553
vn -0.9628 0.2686 0.0304
vn -0.9383 0.3438 0.0385
vn -0.9529 0.3011 -0.0370
vn -0.9529 0.3011 -0.0370
vn -0.9383 0.3438 0.0385
vn -0.9224 0.3846 0.0350
vn -1.0000 0.0003 -0.0003
vn -0.9987 0.0518 0.0014
vn -0.9529 0.3011 -0.0370
vn -0.9987 0.0518 0.0014
vn -0.9941 0.1081 0.0098
vn -0.9529 0.3011 -0.0370
vn -0.9529 0.3011 -0.0370
vn -0.9941 0.1081 0.0098
vn -0.9808 0.1936 0.0219
vn -0.9529 0.3011 -0.0370
vn -0.9990 0.0018 -0.0452
vn -0.9994 0.0009 -0.0332
vn -0.5241 0.8453 0.1041
vn -0.4861 0.8663 0.1149
vn -0.4935 0.8638 0.1017
vn -0.4935 0.8638 0.1017
vn -0.5420 0.8346 0.0986
vn -0.5241 0.8453 0.1041
vn -0.5420 0.8346 0.0986
vn -0.5748 0.8124 0.0976
vn -0.5241 0.8453 0.1041
vn -0.5420 0.8346 0.0986
vn -0.5871 0.8043 0.0918
vn -0.5748 0.8124 0.0976
vn -0.6224 0.7775 0.0905
vn -0.5748 0.8124 0.0976
vn -0.5871 0.8043 0.0918
vn -0.5871 0.8043 0.0918
vn -0.6425 0.7611 0.0894
vn -0.6224 0.7775 0.0905
vn -0.6690 0.7385 0.0840
vn -0.6224 0.7775 0.0905
vn -0.6425 0.7611 0.0894
vn -0.6425 0.7611 0.0894
vn -0.6919 0.7172 0.0838
vn -0.6690 0.7385 0.0840
vn -0.7124 0.6973 0.0787
vn -0.6690 0.7385 0.0840
vn -0.6919 0.7172 0.0838
vn -0.6919 0.7172 0.0838
vn -0.7335 0.6752 0.0777
vn -0.7124 0.6973 0.0787
vn -0.7335 0.6752 0.0777
vn -0.6283 0.7733 0.0855
vn -0.7124 0.6973 0.0787
vn -0.7335 0.6752 0.0777
vn -0.7845 0.6165 0.0670
vn -0.6283 0.7733 0.0855
vn -0.5989 0.7868 0.1495
vn -0.6283 0.7733 0.0855
vn 0.1073 0.9892 0.1000
vn -0.8559 0.5138 0.0586
vn -0.5989 0.7868 0.1495
vn -0.7845 0.6165 0.0670
vn -0.7845 0.6165 0.0670
vn -0.8173 0.5732 0.0587
vn -0.8559 0.5138 0.0586
vn -0.8173 0.5732 0.0587
vn -0.8361 0.5455 0.0586
vn -0.8559 0.5138 0.0586
vn -0.8627 0.5023 0.0584
vn -0.8559 0.5138 0.0586
vn -0.8361 0.5455 0.0586
vn -0.8627 0.5023 0.0584
vn -0.8361 0.5455 0.0586
vn -0.8777 0.4761 0.0553
vn -0.9647 0.2597 0.0433
vn -0.9529 0.3011 -0.0370
vn -0.9808 0.1936 0.0219
vn -0.9628 0.2686 0.0304
vn -0.9529 0.3011 -0.0370
vn -0.9647 0.2597 0.0433
vn -0.9647 0.2597 0.0433
vn -0.9523 0.3011 0.0501
vn -0.9628 0.2686 0.0304
vn -0.9383 0.3438 0.0385
vn -0.9628 0.2686 0.0304
vn -0.9523 0.3011 0.0501
vn -0.9523 0.3011 0.0501
vn -0.9332 0.3556 0.0518
vn -0.9383 0.3438 0.0385
vn -0.9224 0.3846 0.0350
vn -0.9383 0.3438 0.0385
vn -0.9332 0.3556 0.0518
vn -0.9332 0.3556 0.0518
vn -0.9138 0.4027 0.0537
vn -0.9224 0.3846 0.0350
vn -0.9008 0.4313 0.0497
vn -0.9224 0.3846 0.0350
vn -0.9138 0.4027 0.0537
vn -0.9008 0.4313 0.0497
vn -0.9138 0.4027 0.0537
vn -0.8915 0.4496 0.0549
vn -0.8915 0.4496 0.0549
vn -0.8777 0.4761 0.0553
vn -0.9008 0.4313 0.0497
vn -0.8777 0.4761 0.0553
vn -0.8915 0.4496 0.0549
vn -0.8627 0.5023 0.0584
vn -0.9987 0.0518 0.0014
vn -1.0000 0.0003 -0.0003
vn -1.0000 0.0002 0.0001
vn -1.0000 0.0002 0.0001
vn -0.9977 0.0675 0.0087
vn -0.9987 0.0518 0.0014
vn -0.9941 0.1081 0.0098
vn -0.9987 0.0518 0.0014
vn -0.9977 0.0675 0.0087
vn -0.9977 0.0675 0.0087
vn -0.9937 0.1117 0.0132
vn -0.9941 0.1081 0.0098
vn -0.9808 0.1936 0.0219
vn -0.9941 0.1081 0.0098
vn -0.9937 0.1117 0.0132
vn -0.9937 0.1117 0.0132
vn -0.9781 0.1916 0.0813
vn -0.9808 0.1936 0.0219
vn -0.9808 0.1936 0.0219
vn -0.9781 0.1916 0.0813
vn -0.9647 0.2597 0.0433
vn -1.0000 -0.0019 0.0006
vn -1.0000 -0.0019 0.0050
vn -1.0000 0.0004 0.0050
vn -1.0000 0.0004 0.0050
vn -1.0000 0.0007 0.0001
vn -1.0000 -0.0019 0.0006
vn -1.0000 0.0007 0.0001
vn -1.0000 -0.0002 0.0001
vn -1.0000 -0.0019 0.0006
vn -1.0000 0.0007 0.0001
vn -1.0000 0.0002 0.0001
vn -1.0000 -0.0002 0.0001
vn -1.0000 -0.0002 -0.0002
vn -1.0000 -0.0002 0.0001
vn -1.0000 0.0002 0.0001
vn -1.0000 0.0002 0.0001
vn -1.0000 0.0003 -0.0003
vn -1.0000 -0.0002 -0.0002
vn -0.9781 0.1916 0.0813
vn -0.9977 0.0675 0.0087
vn -1.0000 0.0002 0.0001
vn -1.0000 0.0002 0.0001
vn -1.0000 0.0007 0.0001
vn -0.9781 0.1916 0.0813
vn -1.0000 0.0007 0.0001
vn -1.0000 0.0004 0.0050
vn -0.9781 0.1916 0.0813
vn -0.9781 0.1916 0.0813
vn -0.9937 0.1117 0.0132
vn -0.9977 0.0675 0.0087
vn -0.5989 0.7868 0.1495
vn -0.9523 0.3011 0.0501
vn -0.9647 0.2597 0.0433
vn -0.5989 0.7868 0.1495
vn -0.9332 0.3556 0.0518
vn -0.9523 0.3011 0.0501
vn -0.9138 0.4027 0.0537
vn -0.9332 0.3556 0.0518
vn -0.5989 0.7868 0.1495
vn -0.8915 0.4496 0.0549
vn -0.9138 0.4027 0.0537
vn -0.5989 0.7868 0.1495
vn -0.5989 0.7868 0.1495
vn -0.8627 0.5023 0.0584
vn -0.8915 0.4496 0.0549
vn -0.8559 0.5138 0.0586
vn -0.8627 0.5023 0.0584
vn -0.5989 0.7868 0.1495
vn -0.5989 0.7868 0.1495
vn -0.7124 0.6973 0.0787
vn -0.6283 0.7733 0.0855
vn -0.6690 0.7385 0.0840
vn -0.7124 0.6973 0.0787
vn -0.5989 0.7868 0.1495
vn -0.5989 0.7868 0.1495
vn -0.6224 0.7775 0.0905
vn -0.6690 0.7385 0.0840
vn -0.5989 0.7868 0.1495
vn -0.5748 0.8124 0.0976
vn -0.6224 0.7775 0.0905
vn -0.5989 0.7868 0.1495
vn -0.5241 0.8453 0.1041
vn -0.5748 0.8124 0.0976
vn -0.5989 0.7868 0.1495
vn -0.4861 0.8663 0.1149
vn -0.5241 0.8453 0.1041
vn -0.9951 -0.0754 0.0641
vn -0.9992 -0.0003 0.0396
vn -0.9996 -0.0008 0.0285
vn -0.9954 -0.0093 0.0954
vn -0.9991 -0.0010 0.0417
vn -0.9951 -0.0754 0.0641
vn -0.9956 -0.0001 0.0938
vn -0.9991 -0.0010 0.0417
vn -0.9954 -0.0093 0.0954
vn -0.9932 -0.0027 0.1166
vn -0.9951 -0.0000 0.0984
vn -0.9954 -0.0093 0.0954
vn -0.9954 -0.0093 0.0954
vn -0.9629 -0.2160 0.1616
vn -0.9932 -0.0027 0.1166
vn -0.9629 -0.2160 0.1616
vn -0.9921 -0.0019 0.1257
vn -0.9932 -0.0027 0.1166
vn -0.9629 -0.2160 0.1616
vn -0.9821 -0.0011 0.1881
vn -0.9921 -0.0019 0.1257
vn -0.9830 -0.0040 0.1835
vn -0.9912 -0.0008 0.1327
vn -0.9629 -0.2160 0.1616
vn -0.9629 -0.2160 0.1616
vn -0.9750 -0.0359 0.2191
vn -0.9830 -0.0040 0.1835
vn -0.6483 -0.7227 0.2397
vn -0.9619 -0.0034 0.2735
vn -0.9657 -0.0135 0.2592
vn -0.9657 -0.0135 0.2592
vn -0.9750 -0.0359 0.2191
vn -0.6483 -0.7227 0.2397
vn -0.9750 -0.0359 0.2191
vn -0.9657 -0.0135 0.2592
vn -0.9693 -0.0001 0.2459
vn -0.9693 -0.0001 0.2459
vn -0.9743 -0.0001 0.2254
vn -0.9750 -0.0359 0.2191
vn -0.9750 -0.0359 0.2191
vn -0.9807 -0.0001 0.1958
vn -0.9830 -0.0040 0.1835
vn -0.9750 -0.0359 0.2191
vn -0.9629 -0.2160 0.1616
vn -0.6483 -0.7227 0.2397
vn -0.9553 -0.0052 0.2955
vn -0.9619 -0.0034 0.2735
vn -0.6483 -0.7227 0.2397
vn -0.9916 -0.0010 0.1297
vn -0.9992 -0.0003 0.0396
vn -0.9951 -0.0754 0.0641
vn -0.6483 -0.7227 0.2397
vn -0.9629 -0.2160 0.1616
vn -0.5442 -0.8199 0.1776
vn -0.5442 -0.8199 0.1776
vn -0.9629 -0.2160 0.1616
vn -0.8504 -0.5155 0.1053
vn -0.9951 -0.0754 0.0641
vn -0.8504 -0.5155 0.1053
vn -0.9629 -0.2160 0.1616
vn -0.9954 -0.0093 0.0954
vn -0.9951 -0.0754 0.0641
vn -0.9629 -0.2160 0.1616
vn -0.9951 -0.0754 0.0641
vn -0.9996 -0.0008 0.0285
vn -0.9999 -0.0010 0.0133
vn -0.5442 -0.8199 0.1776
vn -0.4291 -0.8598 0.2767
vn -0.6483 -0.7227 0.2397
vn -1.0000 -0.0019 0.0050
vn -0.9951 -0.0754 0.0641
vn -0.9999 -0.0010 0.0133
vn -0.9810 0.0005 0.1942
vn -0.9844 0.0001 0.1759
vn -0.9807 -0.0001 0.1958
vn -0.9619 -0.0034 0.2735
vn -0.9553 -0.0052 0.2955
vn -0.9583 0.0013 0.2856
vn -0.9583 0.0013 0.2856
vn -0.9615 0.0047 0.2747
vn -0.9619 -0.0034 0.2735
vn -0.9615 0.0047 0.2747
vn -0.9682 0.0003 0.2502
vn -0.9619 -0.0034 0.2735
vn -0.9693 -0.0001 0.2459
vn -0.9657 -0.0135 0.2592
vn -0.9682 0.0003 0.2502
vn -0.9682 0.0003 0.2502
vn -0.9657 -0.0135 0.2592
vn -0.9619 -0.0034 0.2735
vn -0.9750 -0.0359 0.2191
vn -0.9743 -0.0001 0.2254
vn -0.9775 0.0004 0.2110
vn -0.9742 0.0027 0.2258
vn -0.9775 0.0004 0.2110
vn -0.9743 -0.0001 0.2254
vn -0.9682 0.0003 0.2502
vn -0.9678 0.0258 0.2504
vn -0.9693 -0.0001 0.2459
vn -0.9678 0.0258 0.2504
vn -0.9680 0.0003 0.2509
vn -0.9693 -0.0001 0.2459
vn -0.9743 -0.0001 0.2254
vn -0.9693 -0.0001 0.2459
vn -0.9680 0.0003 0.2509
vn -0.9680 0.0003 0.2509
vn -0.9742 0.0027 0.2258
vn -0.9743 -0.0001 0.2254
vn -0.9830 -0.0040 0.1835
vn -0.9807 -0.0001 0.1958
vn -0.9844 0.0001 0.1759
vn -0.9807 -0.0001 0.1958
vn -0.9750 -0.0359 0.2191
vn -0.9775 0.0004 0.2110
vn -0.9775 0.0004 0.2110
vn -0.9810 0.0005 0.1942
vn -0.9807 -0.0001 0.1958
vn -0.9844 0.0001 0.1759
vn -0.9820 0.0777 0.1720
vn -0.9912 -0.0008 0.1327
vn -0.9912 -0.0008 0.1327
vn -0.9830 -0.0040 0.1835
vn -0.9844 0.0001 0.1759
vn -0.9629 -0.2160 0.1616
vn -0.9912 -0.0008 0.1327
vn -0.9871 -0.0007 0.1600
vn -0.9820 0.0777 0.1720
vn -0.9871 -0.0007 0.1600
vn -0.9912 -0.0008 0.1327
vn -0.9920 0.0016 0.1260
vn -0.9921 -0.0019 0.1257
vn -0.9821 -0.0011 0.1881
vn -0.1380 -0.0064 0.9904
vn -0.1380 -0.0064 0.9904
vn -0.1380 -0.0064 0.9904
vn -0.9871 -0.0007 0.1600
vn -0.9909 0.0009 0.1348
vn -0.9821 -0.0011 0.1881
vn -0.9909 0.0009 0.1348
vn -0.9920 0.0016 0.1260
vn -0.9821 -0.0011 0.1881
vn -0.9953 -0.0000 0.0970
vn -0.9954 -0.0093 0.0954
vn -0.9951 -0.0000 0.0984
vn -0.9920 0.0016 0.1260
vn -0.9932 -0.0027 0.1166
vn -0.9921 -0.0019 0.1257
vn -0.9920 0.0016 0.1260
vn -0.9945 0.0001 0.1044
vn -0.9932 -0.0027 0.1166
vn -0.9951 -0.0000 0.0984
vn -0.9932 -0.0027 0.1166
vn -0.9945 0.0001 0.1044
vn -0.9945 0.0001 0.1044
vn -0.9868 0.1152 0.1140
vn -0.9951 -0.0000 0.0984
vn -0.9868 0.1152 0.1140
vn -0.9953 -0.0000 0.0970
vn -0.9951 -0.0000 0.0984
vn -0.9980 0.0005 0.0633
vn -0.9951 -0.0754 0.0641
vn -0.9991 -0.0010 0.0417
vn -0.9953 -0.0000 0.0970
vn -0.9956 -0.0001 0.0938
vn -0.9954 -0.0093 0.0954
vn -0.9953 -0.0000 0.0970
vn -0.9965 0.0002 0.0832
vn -0.9956 -0.0001 0.0938
vn -0.9991 -0.0010 0.0417
vn -0.9956 -0.0001 0.0938
vn -0.9965 0.0002 0.0832
vn -0.9965 0.0002 0.0832
vn -0.9974 0.0004 0.0717
vn -0.9991 -0.0010 0.0417
vn -0.9974 0.0004 0.0717
vn -0.9980 0.0005 0.0633
vn -0.9991 -0.0010 0.0417
vn -0.9980 0.0005 0.0633
vn -0.9916 -0.0010 0.1297
vn -0.9951 -0.0754 0.0641
vn -0.9980 0.0005 0.0633
vn -0.9996 0.0004 0.0271
vn -0.9916 -0.0010 0.1297
vn -0.9992 -0.0003 0.0396
vn -0.9916 -0.0010 0.1297
vn -0.9996 0.0004 0.0271
vn -1.0000 0.0004 0.0050
vn -1.0000 -0.0019 0.0050
vn -0.9999 -0.0010 0.0133
vn -0.9996 0.0004 0.0271
vn -0.9781 0.1916 0.0813
vn -0.9992 -0.0003 0.0396
vn -0.9781 0.1916 0.0813
vn -0.9988 0.0004 0.0487
vn -0.9992 -0.0003 0.0396
vn -0.9988 0.0004 0.0487
vn -0.9996 -0.0008 0.0285
vn -0.9992 -0.0003 0.0396
vn -0.9988 0.0004 0.0487
vn -0.9998 0.0005 0.0184
vn -0.9996 -0.0008 0.0285
vn -0.9999 -0.0010 0.0133
vn -0.9996 -0.0008 0.0285
vn -0.9998 0.0005 0.0184
vn -0.9998 0.0005 0.0184
vn -1.0000 0.0004 0.0050
vn -0.9999 -0.0010 0.0133
vn -0.8541 -0.0040 0.5201
vn -0.8723 -0.0041 0.4890
vn -0.7504 -0.0175 0.6607
vn -0.9292 -0.0055 0.3697
vn -0.9419 -0.0044 0.3357
vn -0.6483 -0.7227 0.2397
vn -0.9120 -0.0041 0.4101
vn -0.9292 -0.0055 0.3697
vn -0.6483 -0.7227 0.2397
vn -0.6483 -0.7227 0.2397
vn -0.9419 -0.0044 0.3357
vn -0.9553 -0.0052 0.2955
vn -0.6483 -0.7227 0.2397
vn -0.8941 -0.0193 0.4474
vn -0.9120 -0.0041 0.4101
vn -0.8941 -0.0193 0.4474
vn -0.6483 -0.7227 0.2397
vn -0.7504 -0.0175 0.6607
vn -0.7504 -0.0175 0.6607
vn -0.8723 -0.0041 0.4890
vn -0.8941 -0.0193 0.4474
vn -0.7504 -0.0175 0.6607
vn -0.7151 -0.0033 0.6990
vn -0.8541 -0.0040 0.5201
vn -0.9920 0.0016 0.1260
vn -0.9820 0.0777 0.1720
vn -0.9868 0.1152 0.1140
vn -0.9615 0.0047 0.2747
vn -0.9583 0.0013 0.2856
vn -0.9253 0.2237 0.3063
vn -0.9678 0.0258 0.2504
vn -0.9682 0.0003 0.2502
vn -0.9615 0.0047 0.2747
vn -0.9615 0.0047 0.2747
vn -0.9253 0.2237 0.3063
vn -0.9678 0.0258 0.2504
vn -0.9742 0.0027 0.2258
vn -0.9680 0.0003 0.2509
vn -0.9678 0.0258 0.2504
vn -0.9820 0.0777 0.1720
vn -0.9844 0.0001 0.1759
vn -0.9810 0.0005 0.1942
vn -0.9820 0.0777 0.1720
vn -0.9810 0.0005 0.1942
vn -0.9775 0.0004 0.2110
vn -0.9775 0.0004 0.2110
vn -0.9742 0.0027 0.2258
vn -0.9820 0.0777 0.1720
vn -0.9742 0.0027 0.2258
vn -0.9678 0.0258 0.2504
vn -0.9820 0.0777 0.1720
vn -0.9920 0.0016 0.1260
vn -0.9909 0.0009 0.1348
vn -0.9820 0.0777 0.1720
vn -0.9820 0.0777 0.1720
vn -0.9909 0.0009 0.1348
vn -0.9871 -0.0007 0.1600
vn -0.9868 0.1152 0.1140
vn -0.9945 0.0001 0.1044
vn -0.9920 0.0016 0.1260
vn -0.9965 0.0002 0.0832
vn -0.9953 -0.0000 0.0970
vn -0.9868 0.1152 0.1140
vn -0.9868 0.1152 0.1140
vn -0.9974 0.0004 0.0717
vn -0.9965 0.0002 0.0832
vn -0.9868 0.1152 0.1140
vn -0.9980 0.0005 0.0633
vn -0.9974 0.0004 0.0717
vn -0.9980 0.0005 0.0633
vn -0.9868 0.1152 0.1140
vn -0.9781 0.1916 0.0813
vn -0.9781 0.1916 0.0813
vn -0.9996 0.0004 0.0271
vn -0.9980 0.0005 0.0633
vn -0.9781 0.1916 0.0813
vn -0.9998 0.0005 0.0184
vn -0.9988 0.0004 0.0487
vn -1.0000 0.0004 0.0050
vn -0.9998 0.0005 0.0184
vn -0.9781 0.1916 0.0813
vn -0.9647 0.2597 0.0433
vn -0.9781 0.1916 0.0813
vn -0.5989 0.7868 0.1495
vn -0.9781 0.1916 0.0813
vn -0.5728 0.7643 0.2962
vn -0.5989 0.7868 0.1495
vn -0.9253 0.2237 0.3063
vn -0.9820 0.0777 0.1720
vn -0.9678 0.0258 0.2504
vn -0.5728 0.7643 0.2962
vn -0.9868 0.1152 0.1140
vn -0.9820 0.0777 0.1720
vn -0.9820 0.0777 0.1720
vn -0.9253 0.2237 0.3063
vn -0.5728 0.7643 0.2962
vn -0.9868 0.1152 0.1140
vn -0.5728 0.7643 0.2962
vn -0.9781 0.1916 0.0813
vn -0.8054 -0.0178 0.5925
vn -0.8159 0.0886 0.5713
vn -0.8323 0.0019 0.5543
vn -0.9460 0.0011 0.3242
vn -0.9583 0.0013 0.2856
vn -0.9553 -0.0052 0.2955
vn -0.9553 -0.0052 0.2955
vn -0.9419 -0.0044 0.3357
vn -0.9460 0.0011 0.3242
vn -0.9348 0.0011 0.3551
vn -0.9460 0.0011 0.3242
vn -0.9419 -0.0044 0.3357
vn -0.9419 -0.0044 0.3357
vn -0.9292 -0.0055 0.3697
vn -0.9348 0.0011 0.3551
vn -0.9162 0.0011 0.4007
vn -0.9348 0.0011 0.3551
vn -0.9292 -0.0055 0.3697
vn -0.9292 -0.0055 0.3697
vn -0.9120 -0.0041 0.4101
vn -0.9162 0.0011 0.4007
vn -0.9030 0.0011 0.4297
vn -0.9162 0.0011 0.4007
vn -0.9120 -0.0041 0.4101
vn -0.9120 -0.0041 0.4101
vn -0.8941 -0.0193 0.4474
vn -0.9030 0.0011 0.4297
vn -0.8783 0.0012 0.4782
vn -0.9030 0.0011 0.4297
vn -0.8941 -0.0193 0.4474
vn -0.8941 -0.0193 0.4474
vn -0.8723 -0.0041 0.4890
vn -0.8783 0.0012 0.4782
vn -0.8607 0.0016 0.5091
vn -0.8783 0.0012 0.4782
vn -0.8723 -0.0041 0.4890
vn -0.8723 -0.0041 0.4890
vn -0.8541 -0.0040 0.5201
vn -0.8607 0.0016 0.5091
vn -0.8323 0.0019 0.5543
vn -0.8607 0.0016 0.5091
vn -0.8541 -0.0040 0.5201
vn -0.8541 -0.0040 0.5201
vn -0.7151 -0.0033 0.6990
vn -0.8323 0.0019 0.5543
vn -0.8054 -0.0178 0.5925
vn -0.8323 0.0019 0.5543
vn -0.7151 -0.0033 0.6990
vn -0.7151 -0.0033 0.6990
vn -0.7504 -0.0175 0.6607
vn -0.8054 -0.0178 0.5925
vn -0.5677 -0.6637 0.4869
vn -0.8349 -0.0636 0.5466
vn -0.6631 -0.5683 0.4871
vn -0.5677 -0.6637 0.4869
vn -0.3238 -0.8304 0.4535
vn -0.8349 -0.0636 0.5466
vn -0.6483 -0.7227 0.2397
vn -0.4291 -0.8598 0.2767
vn -0.6631 -0.5683 0.4871
vn -0.6483 -0.7227 0.2397
vn -0.6631 -0.5683 0.4871
vn -0.7504 -0.0175 0.6607
vn -0.5677 -0.6637 0.4869
vn -0.6631 -0.5683 0.4871
vn -0.3238 -0.8304 0.4535
vn -0.6631 -0.5683 0.4871
vn -0.4291 -0.8598 0.2767
vn -0.3238 -0.8304 0.4535
vn -0.9348 0.0011 0.3551
vn -0.9162 0.0011 0.4007
vn -0.9253 0.2237 0.3063
vn -0.8607 0.0016 0.5091
vn -0.8323 0.0019 0.5543
vn -0.9253 0.2237 0.3063
vn -0.9253 0.2237 0.3063
vn -0.9583 0.0013 0.2856
vn -0.9460 0.0011 0.3242
vn -0.9253 0.2237 0.3063
vn -0.8323 0.0019 0.5543
vn -0.8159 0.0886 0.5713
vn -0.9253 0.2237 0.3063
vn -0.8783 0.0012 0.4782
vn -0.8607 0.0016 0.5091
vn -0.9253 0.2237 0.3063
vn -0.9030 0.0011 0.4297
vn -0.8783 0.0012 0.4782
vn -0.9253 0.2237 0.3063
vn -0.9162 0.0011 0.4007
vn -0.9030 0.0011 0.4297
vn -0.9253 0.2237 0.3063
vn -0.9460 0.0011 0.3242
vn -0.9348 0.0011 0.3551
vn -0.5728 0.7643 0.2962
vn -0.6474 0.5490 0.5287
vn -0.2288 0.9491 0.2165
vn -0.3614 0.9210 0.1456
vn -0.5728 0.7643 0.2962
vn -0.2288 0.9491 0.2165
vn -0.5989 0.7868 0.1495
vn -0.5728 0.7643 0.2962
vn -0.3614 0.9210 0.1456
vn -0.4803 0.8642 0.1501
vn -0.4851 0.8683 0.1034
vn -0.4861 0.8663 0.1149
vn -0.4861 0.8663 0.1149
vn -0.5989 0.7868 0.1495
vn -0.4803 0.8642 0.1501
vn -0.3614 0.9210 0.1456
vn -0.4803 0.8642 0.1501
vn -0.5989 0.7868 0.1495
vn -0.6474 0.5490 0.5287
vn -0.8159 0.0886 0.5713
vn -0.8128 0.0414 0.5811
vn -0.9253 0.2237 0.3063
vn -0.8159 0.0886 0.5713
vn -0.5728 0.7643 0.2962
vn -0.8159 0.0886 0.5713
vn -0.6474 0.5490 0.5287
vn -0.5728 0.7643 0.2962
vn -0.6474 0.5490 0.5287
vn -0.8128 0.0414 0.5811
vn -0.7817 0.1773 0.5979
vn -0.6474 0.5490 0.5287
vn -0.7817 0.1773 0.5979
vn -0.4770 0.6430 0.5992
vn -0.5745 0.8133 -0.0920
vn -0.5745 0.8133 -0.0920
vn -0.4770 0.6430 0.5992
vn -0.4770 0.6430 0.5992
vn -0.8361 0.1983 0.5115
vn -0.7095 0.1584 0.6866
vn -0.7095 0.1584 0.6866
vn -0.7632 0.0005 0.6461
vn -0.7078 0.0003 0.7064
vn -0.7632 0.0005 0.6461
vn -0.7095 0.1584 0.6866
vn -0.8361 0.1983 0.5115
vn -0.8014 -0.0036 0.5981
vn -0.8349 -0.0636 0.5466
vn -0.6865 -0.3468 0.6391
vn -0.6865 -0.3468 0.6391
vn -0.7308 -0.0006 0.6826
vn -0.8014 -0.0036 0.5981
vn -0.6865 -0.3468 0.6391
vn -0.6759 -0.0004 0.7370
vn -0.7308 -0.0006 0.6826
vn -0.6759 -0.0004 0.7370
vn -0.6865 -0.3468 0.6391
vn -0.6272 -0.0087 0.7788
vn -0.6759 -0.0004 0.7370
vn -0.6272 -0.0087 0.7788
vn -0.6504 0.0003 0.7596
vn -0.7632 0.0005 0.6461
vn -0.8361 0.1983 0.5115
vn -0.8196 0.0012 0.5730
vn -0.7632 0.0005 0.6461
vn -0.8196 0.0012 0.5730
vn -0.8135 0.0021 0.5815
vn -0.6504 0.0003 0.7596
vn -0.7095 0.1584 0.6866
vn -0.6759 -0.0004 0.7370
vn -0.6759 -0.0004 0.7370
vn -0.7095 0.1584 0.6866
vn -0.7078 0.0003 0.7064
vn -0.7078 0.0003 0.7064
vn -0.7308 -0.0006 0.6826
vn -0.6759 -0.0004 0.7370
vn -0.7308 -0.0006 0.6826
vn -0.7078 0.0003 0.7064
vn -0.7632 0.0005 0.6461
vn -0.7632 0.0005 0.6461
vn -0.8014 -0.0036 0.5981
vn -0.7308 -0.0006 0.6826
vn -0.8014 -0.0036 0.5981
vn -0.7632 0.0005 0.6461
vn -0.8135 0.0021 0.5815
vn -0.8135 0.0021 0.5815
vn -0.8349 -0.0636 0.5466
vn -0.8014 -0.0036 0.5981
vn -0.6162 0.0073 0.7876
vn -0.0443 0.1503 0.9876
vn -0.7095 0.1584 0.6866
vn -0.7095 0.1584 0.6866
vn -0.6504 0.0003 0.7596
vn -0.6162 0.0073 0.7876
vn -0.0443 0.1503 0.9876
vn -0.6018 0.0037 0.7986
vn -0.5855 0.0047 0.8107
vn -0.0443 0.1503 0.9876
vn -0.6117 0.0046 0.7911
vn -0.6018 0.0037 0.7986
vn -0.0443 0.1503 0.9876
vn -0.6162 0.0073 0.7876
vn -0.6117 0.0046 0.7911
vn -0.6425 0.7615 0.0856
vn -0.4770 0.6430 0.5992
vn -0.6425 0.7615 0.0856
vn -0.5822 -0.0042 0.8131
vn -0.6005 -0.0030 0.7996
vn -0.2876 -0.3704 0.8832
vn -0.2876 -0.3704 0.8832
vn -0.6151 -0.0031 0.7885
vn -0.6272 -0.0087 0.7788
vn -0.6272 -0.0087 0.7788
vn -0.6865 -0.3468 0.6391
vn -0.2876 -0.3704 0.8832
vn -0.2876 -0.3704 0.8832
vn -0.6005 -0.0030 0.7996
vn -0.6078 -0.0043 0.7940
vn -0.6865 -0.3468 0.6391
vn -0.8349 -0.0636 0.5466
vn -0.2876 -0.3704 0.8832
vn -0.2876 -0.3704 0.8832
vn -0.6078 -0.0043 0.7940
vn -0.6151 -0.0031 0.7885
vn -0.3238 -0.8304 0.4535
vn -0.2876 -0.3704 0.8832
vn -0.8349 -0.0636 0.5466
vn -0.5092 0.0018 0.8606
vn -0.6385 0.0108 0.7695
vn -0.5467 0.0002 0.8373
vn -0.2123 0.4692 0.8572
vn -0.5798 0.0008 0.8148
vn -0.4728 0.0002 0.8812
vn -0.5467 0.0002 0.8373
vn -0.6385 0.0108 0.7695
vn -0.5502 0.0001 0.8350
vn -0.2123 0.4692 0.8572
vn -0.5634 0.0103 0.8261
vn -0.5798 0.0032 0.8148
vn -0.5634 0.0103 0.8261
vn -0.2123 0.4692 0.8572
vn -0.0443 0.1503 0.9876
vn -0.5798 0.0008 0.8148
vn -0.2123 0.4692 0.8572
vn -0.5798 0.0032 0.8148
vn -0.2123 0.4692 0.8572
vn -0.6385 0.0108 0.7695
vn -0.5269 0.0456 0.8487
vn -0.6385 0.0108 0.7695
vn -0.5564 0.0000 0.8309
vn -0.5502 0.0001 0.8350
vn -0.3549 -0.2358 0.9047
vn -0.3549 -0.2358 0.9047
vn -0.4339 0.2464 0.8666
vn -0.4339 0.2464 0.8666
vn -0.0443 0.1503 0.9876
vn -0.2123 0.4692 0.8572
vn -0.0532 0.9900 0.1303
vn -0.0532 0.9900 0.1303
vn -0.0532 0.9900 0.1303
vn -0.5455 0.0001 0.8381
vn -0.5111 0.0021 0.8595
vn -0.5269 0.0456 0.8487
vn -0.4940 0.0104 0.8694
vn -0.4788 0.0012 0.8779
vn -0.1451 0.1711 0.9745
vn -0.6385 0.0108 0.7695
vn -0.5092 0.0018 0.8606
vn -0.5269 0.0456 0.8487
vn -0.1451 0.1711 0.9745
vn -0.2123 0.4692 0.8572
vn -0.5269 0.0456 0.8487
vn -0.1451 0.1711 0.9745
vn -0.4788 0.0012 0.8779
vn -0.4558 0.0034 0.8901
vn -0.1451 0.1711 0.9745
vn -0.5269 0.0456 0.8487
vn -0.4940 0.0104 0.8694
vn -0.5055 0.0016 0.8628
vn -0.4940 0.0104 0.8694
vn -0.5269 0.0456 0.8487
vn -0.5269 0.0456 0.8487
vn -0.5111 0.0021 0.8595
vn -0.5055 0.0016 0.8628
vn 0.0548 -0.0104 0.9984
vn -0.0443 0.1503 0.9876
vn -0.4339 0.2464 0.8666
vn -0.4339 0.2464 0.8666
vn -0.9492 0.1760 0.2608
vn -0.4537 0.3181 0.8325
vn -0.4537 0.3181 0.8325
vn -0.8867 -0.0624 0.4581
vn -0.4339 0.2464 0.8666
vn -0.0030 0.9322 0.3618
vn -0.4770 0.6430 0.5992
vn -0.1863 0.7770 0.6013
vn -0.0347 0.9447 0.3261
vn -0.1098 0.9687 0.2227
vn -0.4770 0.6430 0.5992
vn -0.6474 0.5490 0.5287
vn -0.1098 0.9687 0.2227
vn -0.2288 0.9491 0.2165
vn -0.0030 0.9322 0.3618
vn -0.0347 0.9447 0.3261
vn -0.4770 0.6430 0.5992
vn -0.0035 0.9649 0.2626
vn -0.1098 0.9687 0.2227
vn -0.0347 0.9447 0.3261
vn -0.0386 0.9992 0.0133
vn -0.1071 0.9935 -0.0390
vn -0.2288 0.9491 0.2165
vn -0.1071 0.9935 -0.0390
vn -0.3614 0.9210 0.1456
vn -0.2288 0.9491 0.2165
vn -0.1098 0.9687 0.2227
vn -0.6474 0.5490 0.5287
vn -0.4770 0.6430 0.5992
vn -0.1451 0.1711 0.9745
vn -0.0344 0.0030 0.9994
vn -0.4537 0.3181 0.8325
vn -0.4537 0.3181 0.8325
vn -0.0111 0.8654 0.5009
vn -0.1863 0.7770 0.6013
vn -0.1340 -0.8581 -0.4957
vn -0.1340 -0.8581 -0.4957
vn -0.1340 -0.8581 -0.4957
vn -0.4537 0.3181 0.8325
vn -0.0285 0.8790 0.4759
vn -0.0111 0.8654 0.5009
vn -0.0240 0.7120 0.7017
vn -0.0285 0.8790 0.4759
vn -0.4537 0.3181 0.8325
vn 0.1496 0.4396 0.8857
vn 0.0815 0.7876 0.6107
vn -0.0240 0.7120 0.7017
vn -0.0240 0.7120 0.7017
vn 0.0815 0.7876 0.6107
vn -0.0285 0.8790 0.4759
vn -0.0285 0.8790 0.4759
vn 0.0815 0.7876 0.6107
vn 0.0010 0.8511 0.5250
vn 0.0010 0.8511 0.5250
vn 0.0000 0.8680 0.4965
vn -0.0285 0.8790 0.4759
vn 0.0010 0.8511 0.5250
vn 0.0064 0.8985 0.4389
vn 0.0000 0.8680 0.4965
vn 0.0064 0.8985 0.4389
vn -0.0111 0.8654 0.5009
vn 0.0000 0.8680 0.4965
vn 0.1496 0.4396 0.8857
vn 0.1923 0.2770 0.9414
vn 0.0815 0.7876 0.6107
vn 0.2076 0.2203 0.9531
vn 0.1923 0.2770 0.9414
vn 0.1496 0.4396 0.8857
vn 0.0294 0.1035 0.9942
vn 0.1923 0.2770 0.9414
vn 0.0166 0.0024 0.9999
vn 0.0745 0.0153 0.9971
vn 0.0059 -0.0102 0.9999
vn 0.0013 0.0001 1.0000
vn 0.0166 0.0024 0.9999
vn 0.0013 0.0001 1.0000
vn 0.0059 -0.0102 0.9999
vn 0.0059 -0.0102 0.9999
vn -0.0124 0.0038 0.9999
vn 0.0294 0.1035 0.9942
vn 0.0166 0.0024 0.9999
vn 0.0059 -0.0102 0.9999
vn 0.0294 0.1035 0.9942
vn 0.0026 0.0051 1.0000
vn -0.0364 0.0007 0.9993
vn 0.0008 -0.0018 1.0000
vn 0.0059 -0.0102 0.9999
vn 0.0010 -0.0038 1.0000
vn -0.0124 0.0038 0.9999
vn -0.0364 0.0007 0.9993
vn 0.0010 -0.0038 1.0000
vn 0.0008 -0.0018 1.0000
vn -0.0364 0.0007 0.9993
vn -0.0133 -0.0070 0.9999
vn 0.0010 -0.0038 1.0000
vn -0.0133 -0.0070 0.9999
vn -0.0124 0.0038 0.9999
vn 0.0010 -0.0038 1.0000
vn 0.0020 -0.0041 1.0000
vn -0.0094 -0.0055 0.9999
vn 0.0606 0.0011 0.9982
vn 0.0606 0.0011 0.9982
vn 0.0008 0.0017 1.0000
vn 0.0020 -0.0041 1.0000
vn 0.0008 0.0017 1.0000
vn 0.0008 -0.0018 1.0000
vn 0.0020 -0.0041 1.0000
vn 0.0008 -0.0018 1.0000
vn 0.0008 0.0017 1.0000
vn 0.0026 0.0051 1.0000
vn 0.1006 0.0001 0.9949
vn 0.0166 0.0024 0.9999
vn 0.1923 0.2770 0.9414
vn 0.2746 0.0024 0.9615
vn 0.1733 0.0021 0.9849
vn 0.1923 0.2770 0.9414
vn 0.1923 0.2770 0.9414
vn 0.1733 0.0021 0.9849
vn 0.1006 0.0001 0.9949
vn 0.1923 0.2770 0.9414
vn 0.2028 0.0033 0.9792
vn 0.2746 0.0024 0.9615
vn 0.1923 0.2770 0.9414
vn 0.6149 0.0018 0.7886
vn 0.6324 0.0014 0.7746
vn 0.1923 0.2770 0.9414
vn 0.2076 0.2203 0.9531
vn 0.7566 -0.0064 0.6539
vn 0.7566 -0.0064 0.6539
vn 0.6820 0.0002 0.7313
vn 0.1923 0.2770 0.9414
vn 0.1923 0.2770 0.9414
vn 0.6820 0.0002 0.7313
vn 0.6149 0.0018 0.7886
vn 0.8720 0.0028 0.4896
vn 0.8135 0.0009 0.5816
vn 0.2076 0.2203 0.9531
vn 0.2076 0.2203 0.9531
vn 0.8135 0.0009 0.5816
vn 0.7566 -0.0064 0.6539
vn 0.2076 0.2203 0.9531
vn 0.8984 0.0036 0.4392
vn 0.8720 0.0028 0.4896
vn 0.9026 0.0996 0.4187
vn 0.8984 0.0036 0.4392
vn 0.9026 0.0996 0.4187
vn 0.8984 0.0036 0.4392
vn 0.9066 0.0000 0.4220
vn 0.9066 0.0000 0.4220
vn 0.9034 0.0001 0.4288
vn 0.8875 -0.0123 0.4607
vn 0.8984 0.0036 0.4392
vn 0.1552 -0.7158 0.6809
vn 0.0669 0.0023 0.9978
vn -0.1038 -0.1634 0.9811
vn 0.4203 -0.0072 0.9074
vn 0.3068 -0.0105 0.9517
vn 0.2028 0.0033 0.9792
vn 0.1006 0.0001 0.9949
vn 0.1414 -0.0064 0.9899
vn 0.1233 0.0010 0.9924
vn 0.0435 -0.0001 0.9991
vn 0.0013 0.0001 1.0000
vn 0.0166 0.0024 0.9999
vn 0.0166 0.0024 0.9999
vn 0.1006 0.0001 0.9949
vn 0.0435 -0.0001 0.9991
vn 0.1233 0.0010 0.9924
vn 0.0435 -0.0001 0.9991
vn 0.1006 0.0001 0.9949
vn 0.0745 0.0153 0.9971
vn 0.0435 -0.0001 0.9991
vn 0.1233 0.0010 0.9924
vn 0.1233 0.0010 0.9924
vn 0.2968 -0.0006 0.9549
vn 0.0745 0.0153 0.9971
vn 0.9015 0.0023 0.4328
vn 0.8623 0.0005 0.5064
vn 0.8832 -0.0005 0.4689
vn 0.9139 -0.0001 0.4058
vn 0.9015 0.0023 0.4328
vn 0.9066 -0.0000 0.4220
vn 0.8832 -0.0005 0.4689
vn 0.9066 -0.0000 0.4220
vn 0.9015 0.0023 0.4328
vn 0.8270 0.0124 0.5620
vn 0.8832 -0.0005 0.4689
vn 0.8623 0.0005 0.5064
vn 0.8623 0.0005 0.5064
vn 0.8006 -0.0007 0.5991
vn 0.8270 0.0124 0.5620
vn 0.7510 0.0107 0.6602
vn 0.8270 0.0124 0.5620
vn 0.8006 -0.0007 0.5991
vn 0.8006 -0.0007 0.5991
vn 0.7855 -0.0015 0.6189
vn 0.7510 0.0107 0.6602
vn 0.7855 -0.0015 0.6189
vn 0.6462 0.0091 0.7631
vn 0.7510 0.0107 0.6602
vn 0.6462 0.0091 0.7631
vn 0.7855 -0.0015 0.6189
vn 0.5881 -0.1339 0.7977
vn 0.5881 -0.1339 0.7977
vn 0.5517 -0.0005 0.8340
vn 0.6462 0.0091 0.7631
vn 0.5419 0.0099 0.8404
vn 0.6462 0.0091 0.7631
vn 0.5517 -0.0005 0.8340
vn 0.5517 -0.0005 0.8340
vn 0.5141 0.0000 0.8577
vn 0.5419 0.0099 0.8404
vn 0.3401 0.0085 0.9403
vn 0.4298 0.0064 0.9029
vn 0.3596 0.0002 0.9331
vn 0.4298 0.0064 0.9029
vn 0.5419 0.0099 0.8404
vn 0.5141 0.0000 0.8577
vn 0.5141 0.0000 0.8577
vn 0.4380 0.0063 0.8989
vn 0.4298 0.0064 0.9029
vn 0.4380 0.0063 0.8989
vn 0.3596 0.0002 0.9331
vn 0.4298 0.0064 0.9029
vn 0.1233 0.0010 0.9924
vn 0.1928 0.0186 0.9811
vn 0.2968 -0.0006 0.9549
vn 0.1928 0.0186 0.9811
vn 0.3596 0.0002 0.9331
vn 0.2968 -0.0006 0.9549
vn 0.3596 0.0002 0.9331
vn 0.1928 0.0186 0.9811
vn 0.3401 0.0085 0.9403
vn 0.2746 0.0024 0.9615
vn 0.2028 0.0033 0.9792
vn 0.3068 -0.0105 0.9517
vn 0.3068 -0.0105 0.9517
vn 0.1414 -0.0064 0.9899
vn 0.2746 0.0024 0.9615
vn 0.1733 0.0021 0.9849
vn 0.2746 0.0024 0.9615
vn 0.1414 -0.0064 0.9899
vn 0.1414 -0.0064 0.9899
vn 0.1006 0.0001 0.9949
vn 0.1733 0.0021 0.9849
vn 0.6324 0.0014 0.7746
vn 0.6149 0.0018 0.7886
vn 0.5978 0.0004 0.8017
vn 0.5246 -0.0212 0.8511
vn 0.4203 -0.0072 0.9074
vn 0.6324 0.0014 0.7746
vn 0.1923 0.2770 0.9414
vn 0.6324 0.0014 0.7746
vn 0.4203 -0.0072 0.9074
vn 0.4203 -0.0072 0.9074
vn 0.2028 0.0033 0.9792
vn 0.1923 0.2770 0.9414
vn 0.5978 0.0004 0.8017
vn 0.5246 -0.0212 0.8511
vn 0.6324 0.0014 0.7746
vn 0.7966 0.0004 0.6045
vn 0.7566 -0.0064 0.6539
vn 0.8135 0.0009 0.5816
vn 0.7566 -0.0064 0.6539
vn 0.7966 0.0004 0.6045
vn 0.6956 -0.0411 0.7172
vn 0.6820 0.0002 0.7313
vn 0.7566 -0.0064 0.6539
vn 0.6956 -0.0411 0.7172
vn 0.6956 -0.0411 0.7172
vn 0.6688 0.0001 0.7435
vn 0.6820 0.0002 0.7313
vn 0.6688 0.0001 0.7435
vn 0.6149 0.0018 0.7886
vn 0.6820 0.0002 0.7313
vn 0.6688 0.0001 0.7435
vn 0.5978 0.0004 0.8017
vn 0.6149 0.0018 0.7886
vn 0.8720 0.0028 0.4896
vn 0.8984 0.0036 0.4392
vn 0.8875 -0.0123 0.4607
vn 0.8875 -0.0123 0.4607
vn 0.8426 -0.0151 0.5384
vn 0.8720 0.0028 0.4896
vn 0.8135 0.0009 0.5816
vn 0.8720 0.0028 0.4896
vn 0.8426 -0.0151 0.5384
vn 0.8426 -0.0151 0.5384
vn 0.7966 0.0004 0.6045
vn 0.8135 0.0009 0.5816
vn 0.1591 -0.7089 0.6871
vn 0.1591 -0.7089 0.6871
vn -0.1038 -0.1634 0.9811
vn 0.8426 -0.0151 0.5384
vn -0.1038 -0.1634 0.9811
vn 0.6956 -0.0411 0.7172
vn 0.6956 -0.0411 0.7172
vn 0.7966 0.0004 0.6045
vn 0.8426 -0.0151 0.5384
vn 0.6956 -0.0411 0.7172
vn 0.5978 0.0004 0.8017
vn 0.6688 0.0001 0.7435
vn 0.5246 -0.0212 0.8511
vn 0.5978 0.0004 0.8017
vn 0.6956 -0.0411 0.7172
vn 0.6956 -0.0411 0.7172
vn 0.2098 0.1163 0.9708
vn 0.5246 -0.0212 0.8511
vn 0.4203 -0.0072 0.9074
vn 0.5246 -0.0212 0.8511
vn 0.2098 0.1163 0.9708
vn 0.3068 -0.0105 0.9517
vn 0.4203 -0.0072 0.9074
vn 0.2098 0.1163 0.9708
vn 0.1414 -0.0064 0.9899
vn -0.5369 -0.1349 0.8328
vn 0.2098 0.1163 0.9708
vn 0.2098 0.1163 0.9708
vn 0.1233 0.0010 0.9924
vn 0.1414 -0.0064 0.9899
vn 0.1928 0.0186 0.9811
vn 0.1233 0.0010 0.9924
vn 0.2098 0.1163 0.9708
vn 0.1928 0.0186 0.9811
vn 0.2098 0.1163 0.9708
vn -0.1777 0.2223 0.9587
vn -0.1777 0.2223 0.9587
vn 0.3401 0.0085 0.9403
vn 0.1928 0.0186 0.9811
vn 0.4298 0.0064 0.9029
vn 0.3401 0.0085 0.9403
vn -0.1777 0.2223 0.9587
vn -0.1777 0.2223 0.9587
vn -0.3257 0.3209 0.8893
vn 0.4298 0.0064 0.9029
vn -0.1777 0.2223 0.9587
vn -0.4304 0.5063 0.7472
vn -0.4304 0.5063 0.7472
vn -0.3822 0.5654 0.7309
vn -0.3822 0.5654 0.7309
vn -0.1777 0.2223 0.9587
vn -0.1777 0.2223 0.9587
vn -0.0421 0.6425 0.7651
vn -0.0421 0.6425 0.7651
vn 0.8270 0.0124 0.5620
vn -0.1777 0.2223 0.9587
vn 0.0196 0.0040 0.9998
vn 0.6892 -0.6842 -0.2386
vn 0.6892 -0.6842 -0.2386
vn 0.6892 -0.6842 -0.2386
vn 0.2098 0.1163 0.9708
vn 0.6956 -0.0411 0.7172
vn -0.1038 -0.1634 0.9811
vn 0.3148 -0.0928 0.9446
vn 0.1023 -0.2341 0.9668
vn 0.4382 -0.7157 0.5439
vn 0.0065 -0.9805 0.1964
vn 0.0065 -0.9805 0.1964
vn 0.0065 -0.9805 0.1964
vn 0.7960 0.2164 0.5652
vn 0.9066 -0.0000 0.4220
vn 0.8832 -0.0005 0.4689
vn 0.4765 0.5265 0.7041
vn 0.0196 0.0040 0.9998
vn -0.1777 0.2223 0.9587
vn -0.6681 0.7278 0.1544
vn -0.6681 0.7278 0.1544
vn -0.6681 0.7278 0.1544
vn -0.2302 0.9351 0.2695
vn -0.2302 0.9351 0.2695
vn -0.2302 0.9351 0.2695
vn 0.0919 0.2579 0.9618
vn -0.2425 0.0024 0.9701
vn -0.1172 0.7307 0.6725
vn 0.4908 0.8540 0.1724
vn 0.4908 0.8540 0.1724
vn 0.4908 0.8540 0.1724
vn 0.0128 0.9566 0.2912
vn 0.0128 0.9566 0.2912
vn 0.0128 0.9566 0.2912
vn 0.9066 -0.0000 0.4220
vn 0.8931 0.0002 0.4499
vn 0.8931 0.0002 0.4499
vn 0.5881 -0.1339 0.7977
vn 0.8006 -0.0007 0.5991
vn 0.8623 0.0005 0.5064
vn 0.5881 -0.1339 0.7977
vn 0.8623 0.0005 0.5064
vn 0.9015 0.0023 0.4328
vn 0.5881 -0.1339 0.7977
vn 0.9015 0.0023 0.4328
vn 0.9045 0.1404 0.4026
vn 0.5881 -0.1339 0.7977
vn 0.7855 -0.0015 0.6189
vn 0.8006 -0.0007 0.5991
vn 0.4380 0.0063 0.8989
vn 0.5141 0.0000 0.8577
vn 0.5881 -0.1339 0.7977
vn 0.5881 -0.1339 0.7977
vn 0.5141 0.0000 0.8577
vn 0.5517 -0.0005 0.8340
vn 0.4380 0.0063 0.8989
vn 0.5881 -0.1339 0.7977
vn 0.0745 0.0153 0.9971
vn 0.0745 0.0153 0.9971
vn 0.3596 0.0002 0.9331
vn 0.4380 0.0063 0.8989
vn 0.0745 0.0153 0.9971
vn 0.2968 -0.0006 0.9549
vn 0.3596 0.0002 0.9331
vn 0.0013 0.0001 1.0000
vn 0.0435 -0.0001 0.9991
vn 0.0745 0.0153 0.9971
vn 0.1458 -0.4154 0.8979
vn 0.5881 -0.1339 0.7977
vn 0.0713 -0.0480 0.9963
vn 0.0745 0.0153 0.9971
vn 0.5881 -0.1339 0.7977
vn 0.1458 -0.4154 0.8979
vn -0.1432 -0.3560 0.9234
vn -0.0930 0.0239 0.9954
vn -0.1920 -0.1302 0.9727
vn -0.1920 -0.1302 0.9727
vn -0.0601 -0.8451 0.5312
vn -0.1432 -0.3560 0.9234
vn 0.1458 -0.4154 0.8979
vn 0.0607 -0.9204 0.3863
vn 0.2337 -0.8469 0.4777
vn -0.0018 -0.8223 0.5690
vn 0.0027 -0.8801 0.4748
vn 0.0607 -0.9204 0.3863
vn -0.0601 -0.8451 0.5312
vn -0.0018 -0.8223 0.5690
vn 0.0607 -0.9204 0.3863
vn -0.0018 -0.8223 0.5690
vn -0.0047 -0.8839 0.4676
vn 0.0027 -0.8801 0.4748
vn 0.0027 -0.8801 0.4748
vn -0.0047 -0.8839 0.4676
vn 0.0024 -0.8964 0.4433
vn 0.0024 -0.8964 0.4433
vn 0.0151 -0.9010 0.4335
vn 0.0027 -0.8801 0.4748
vn -0.7994 0.5862 -0.1318
vn -0.7994 0.5862 -0.1318
vn -0.7994 0.5862 -0.1318
vn -0.7554 0.6291 -0.1833
vn -0.7554 0.6291 -0.1833
vn -0.7554 0.6291 -0.1833
vn -0.0601 -0.8451 0.5312
vn -0.1920 -0.1302 0.9727
vn -0.1020 -0.8478 0.5203
vn 0.0075 -0.9068 0.4215
vn 0.0024 -0.8964 0.4433
vn -0.1020 -0.8478 0.5203
vn -0.1020 -0.8478 0.5203
vn 0.0024 -0.8964 0.4433
vn -0.0601 -0.8451 0.5312
vn -0.5948 -0.7186 0.3604
vn 0.0075 -0.9068 0.4215
vn -0.1020 -0.8478 0.5203
vn -0.9511 -0.2993 0.0762
vn -0.9511 -0.2993 0.0762
vn -0.5948 -0.7186 0.3604
vn -0.2649 -0.6079 0.7485
vn -0.0344 0.0030 0.9994
vn -0.2649 -0.6079 0.7485
vn -0.0240 0.7120 0.7017
vn -0.4537 0.3181 0.8325
vn -0.1371 0.2184 0.9662
vn 0.0000 0.0000 1.0000
vn 0.0000 0.0000 1.0000
vn -0.0860 -0.0018 0.9963
vn -0.0000 0.0000 1.0000
vn -0.0000 0.0000 1.0000
vn 0.0414 0.0002 0.9991
vn 0.0941 0.2831 0.9545
vn 0.0000 0.0000 1.0000
vn -0.0860 -0.0018 0.9963
vn -0.1441 0.0809 0.9862
vn 0.0000 0.0000 1.0000
vn 0.0669 0.0023 0.9978
vn 0.0669 0.0023 0.9978
vn 0.0414 0.0002 0.9991
vn -0.1441 0.0809 0.9862
vn -0.0000 0.0000 1.0000
vn -0.1441 0.0809 0.9862
vn 0.0414 0.0002 0.9991
vn 0.0414 0.0002 0.9991
vn 0.0000 0.0000 1.0000
vn 0.0000 0.0000 1.0000
vn 0.0669 0.0023 0.9978
vn 0.0000 0.0000 1.0000
vn 0.0000 0.0000 1.0000
vn 0.0669 0.0023 0.9978
vn 0.0000 0.0000 1.0000
vn 0.0000 0.0000 1.0000
vn 0.0000 0.0000 1.0000
vn -0.3283 0.6859 0.6494
vn 0.0669 0.0023 0.9978
vn -0.1636 -0.2958 0.9411
vn -0.2419 -0.0645 0.9682
vn -0.0489 0.2243 0.9733
vn 0.0554 0.1853 0.9811
vn 0.0941 0.2831 0.9545
vn 0.3148 -0.0928 0.9446
vn 0.0669 0.0023 0.9978
vn -0.3283 0.6859 0.6494
vn -0.0542 0.1887 0.9805
vn -0.0542 0.1887 0.9805
vn -0.1038 -0.1634 0.9811
vn 0.0669 0.0023 0.9978
vn 0.2076 0.2203 0.9531
vn 0.1496 0.4396 0.8857
vn -0.0570 0.3009 0.9519
vn 0.2077 0.0658 0.9760
vn 0.2077 0.0658 0.9760
vn 0.1496 0.4396 0.8857
vn -0.1371 0.2184 0.9662
vn -0.0356 0.0144 0.9993
vn -0.0356 0.0144 0.9993
vn -0.2271 0.3506 0.9086
vn -0.2271 0.3506 0.9086
vn -0.0240 0.7120 0.7017
vn -0.1037 0.3773 0.9203
vn -0.1037 0.3773 0.9203
vn -0.0240 0.7120 0.7017
vn -0.0240 0.7120 0.7017
vn -0.0460 0.3960 0.9171
vn -0.0460 0.3960 0.9171
vn 0.0414 0.0002 0.9991
vn 0.0000 0.0000 1.0000
vn 0.0000 0.0000 1.0000
vn 0.0000 0.0000 1.0000
vn 0.0414 0.0002 0.9991
vn 0.2076 0.2203 0.9531
vn 0.2076 0.2203 0.9531
vn 0.0000 0.0000 1.0000
vn 0.0000 0.0000 1.0000
vn -0.0000 0.0000 1.0000
vn -0.0000 0.0000 1.0000
vn 0.2076 0.2203 0.9531
vn 0.0941 0.2831 0.9545
vn -0.0860 -0.0018 0.9963
vn 0.1023 -0.2341 0.9668
vn -0.0860 -0.0018 0.9963
vn 0.0000 0.0000 1.0000
vn 0.0000 0.0000 1.0000
vn 0.0000 0.0000 1.0000
vn 0.1384 0.1026 0.9850
vn -0.0860 -0.0018 0.9963
vn -0.0424 0.0064 0.9991
vn -0.0860 -0.0018 0.9963
vn 0.1384 0.1026 0.9850
vn 0.1384 0.1026 0.9850
vn 0.0000 0.0000 1.0000
vn -0.0424 0.0064 0.9991
vn 0.0000 0.0000 1.0000
vn 0.0000 0.0000 1.0000
vn -0.0424 0.0064 0.9991
vn -0.0339 0.0202 0.9992
vn -0.0339 0.0202 0.9992
vn -0.1371 0.2184 0.9662
vn -0.3029 0.3406 0.8901
vn -0.3029 0.3406 0.8901
vn -0.0240 0.7120 0.7017
vn -0.0240 0.7120 0.7017
vn -0.1626 0.3626 0.9177
vn -0.1626 0.3626 0.9177
vn -0.0240 0.7120 0.7017
vn 0.0887 0.4532 0.8870
vn 0.0887 0.4532 0.8870
vn 0.1496 0.4396 0.8857
vn -0.0240 0.7120 0.7017
vn -0.2550 -0.2919 0.9218
vn -0.2550 -0.2919 0.9218
vn 0.1126 0.2067 0.9719
vn 0.1496 0.4396 0.8857
vn 0.1304 0.1708 0.9766
vn 0.1304 0.1708 0.9766
vn 0.1496 0.4396 0.8857
vn 0.1472 0.1417 0.9789
vn 0.1472 0.1417 0.9789
vn 0.1496 0.4396 0.8857
vn 0.1645 0.1161 0.9795
vn 0.1645 0.1161 0.9795
vn 0.1496 0.4396 0.8857
vn 0.1844 0.0912 0.9786
vn 0.1844 0.0912 0.9786
vn 0.1496 0.4396 0.8857
vn -0.0542 0.1887 0.9805
vn -0.0489 0.2243 0.9733
vn -0.2419 -0.0645 0.9682
vn -0.2419 -0.0645 0.9682
vn -0.1038 -0.1634 0.9811
vn -0.0542 0.1887 0.9805
vn -0.8719 0.0157 0.4895
vn -0.8719 0.0157 0.4895
vn -0.8719 0.0157 0.4895
vn 0.0000 0.0000 1.0000
vn 0.0554 0.1853 0.9811
vn -0.1037 -0.0722 0.9920
vn -0.0489 0.2243 0.9733
vn 0.0000 0.0000 1.0000
vn -0.1037 -0.0722 0.9920
vn -0.1037 -0.0722 0.9920
vn -0.1636 -0.2958 0.9411
vn -0.0489 0.2243 0.9733
vn 0.1023 -0.2341 0.9668
vn 0.3148 -0.0928 0.9446
vn 0.0941 0.2831 0.9545
vn -0.0424 0.0064 0.9991
vn 0.0000 0.0000 1.0000
vn 0.0000 0.0000 1.0000
vn -0.0424 0.0064 0.9991
vn 0.0000 0.0000 1.0000
vn 0.0000 0.0000 1.0000
vn -0.1371 0.2184 0.9662
vn -0.0424 0.0064 0.9991
vn 0.0000 0.0724 0.9974
vn 0.5308 -0.2099 0.8211
vn -0.0240 0.7120 0.7017
vn -0.1371 0.2184 0.9662
vn -0.0326 0.0269 0.9991
vn 0.5308 -0.2099 0.8211
vn -0.1371 0.2184 0.9662
vn 0.3148 -0.0928 0.9446
vn 0.0911 0.1275 0.9876
vn 0.0554 0.1853 0.9811
vn -0.0240 0.7120 0.7017
vn 0.0162 0.4204 0.9072
vn 0.0162 0.4204 0.9072
vn 0.1773 0.4965 0.8497
vn 0.1773 0.4965 0.8497
vn -0.0240 0.7120 0.7017
vn -0.0404 0.0031 0.9992
vn -0.0404 0.0031 0.9992
vn -0.1371 0.2184 0.9662
vn -0.1371 0.2184 0.9662
vn -0.0377 0.0088 0.9993
vn -0.0377 0.0088 0.9993
vn -0.9008 0.1503 0.4075
vn -0.9008 0.1503 0.4075
vn -0.8973 0.0076 0.4413
vn -0.8091 0.0064 0.5876
vn -0.8609 0.0128 0.5086
vn -0.1371 0.2184 0.9662
vn -0.8727 0.1442 0.4664
vn -0.8609 0.0128 0.5086
vn -0.8973 0.0076 0.4413
vn -0.6717 0.0028 0.7408
vn -0.7457 0.0046 0.6663
vn -0.1371 0.2184 0.9662
vn -0.1371 0.2184 0.9662
vn -0.7457 0.0046 0.6663
vn -0.8091 0.0064 0.5876
vn -0.1371 0.2184 0.9662
vn -0.5958 -0.0024 0.8031
vn -0.6717 0.0028 0.7408
vn -0.5077 -0.0091 0.8615
vn -0.5958 -0.0024 0.8031
vn -0.1371 0.2184 0.9662
vn -0.5077 -0.0091 0.8615
vn -0.1371 0.2184 0.9662
vn -0.0344 0.0030 0.9994
vn -0.0344 0.0030 0.9994
vn -0.3581 -0.0071 0.9337
vn -0.5077 -0.0091 0.8615
vn -0.0344 0.0030 0.9994
vn -0.3862 0.0016 0.9224
vn -0.3581 -0.0071 0.9337
vn -0.0344 0.0030 0.9994
vn -0.1451 0.1711 0.9745
vn 0.0195 -0.0086 0.9998
vn -0.9109 -0.0000 0.4126
vn -0.8973 0.0076 0.4413
vn -0.9109 -0.0000 0.4126
vn -0.8620 -0.0096 0.5068
vn -0.8969 0.0003 0.4422
vn -0.8973 0.0076 0.4413
vn -0.8973 0.0076 0.4413
vn -0.8609 0.0128 0.5086
vn -0.8620 -0.0096 0.5068
vn -0.8609 0.0128 0.5086
vn -0.8091 0.0064 0.5876
vn -0.8620 -0.0096 0.5068
vn -0.7753 -0.0066 0.6315
vn -0.8620 -0.0096 0.5068
vn -0.8091 0.0064 0.5876
vn -0.8091 0.0064 0.5876
vn -0.7457 0.0046 0.6663
vn -0.7753 -0.0066 0.6315
vn -0.5958 -0.0024 0.8031
vn -0.5519 -0.0108 0.8339
vn -0.6765 -0.0241 0.7361
vn -0.6717 0.0028 0.7408
vn -0.5958 -0.0024 0.8031
vn -0.6765 -0.0241 0.7361
vn -0.6765 -0.0241 0.7361
vn -0.7457 0.0046 0.6663
vn -0.6717 0.0028 0.7408
vn -0.6765 -0.0241 0.7361
vn -0.7753 -0.0066 0.6315
vn -0.7457 0.0046 0.6663
vn -0.5077 -0.0091 0.8615
vn -0.8600 -0.0125 0.5102
vn -0.5519 -0.0108 0.8339
vn -0.5958 -0.0024 0.8031
vn -0.5077 -0.0091 0.8615
vn -0.5519 -0.0108 0.8339
vn -0.9804 -0.0097 -0.1970
vn -0.8600 -0.0125 0.5102
vn -0.9804 -0.0097 -0.1970
vn 0.5133 -0.0059 0.8582
vn 0.1598 -0.0073 0.9871
vn 0.5133 -0.0059 0.8582
vn -0.5077 -0.0091 0.8615
vn -0.3581 -0.0071 0.9337
vn -0.8600 -0.0125 0.5102
vn -0.3581 -0.0071 0.9337
vn -0.3862 0.0016 0.9224
vn 0.1598 -0.0073 0.9871
vn -0.0320 -0.0074 0.9995
vn 0.1598 -0.0073 0.9871
vn -0.3862 0.0016 0.9224
vn -0.3862 0.0016 0.9224
vn -0.8277 0.0037 0.5612
vn -0.8277 0.0037 0.5612
vn -0.0344 0.0030 0.9994
vn 0.0195 -0.0086 0.9998
vn -0.0320 -0.0074 0.9995
vn 0.1023 -0.2341 0.9668
vn -0.5362 -0.6042 0.5894
vn -0.8620 -0.0096 0.5068
vn 0.1598 -0.0073 0.9871
vn -0.0320 -0.0074 0.9995
vn -0.3643 0.0541 0.9297
vn -0.3643 0.0541 0.9297
vn -0.5519 -0.0108 0.8339
vn -0.0530 -0.4121 0.9096
vn -0.3643 0.0541 0.9297
vn 0.1023 -0.2341 0.9668
vn -0.6765 -0.0241 0.7361
vn -0.6765 -0.0241 0.7361
vn -0.5519 -0.0108 0.8339
vn -0.3643 0.0541 0.9297
vn -0.7753 -0.0066 0.6315
vn -0.6765 -0.0241 0.7361
vn 0.1023 -0.2341 0.9668
vn 0.1023 -0.2341 0.9668
vn -0.8620 -0.0096 0.5068
vn -0.7753 -0.0066 0.6315
vn -0.0320 -0.0074 0.9995
vn 0.0195 -0.0086 0.9998
vn -0.3643 0.0541 0.9297
vn 0.2098 0.1163 0.9708
vn 0.0368 -0.0626 0.9974
vn -0.1777 0.2223 0.9587
vn 0.0195 -0.0086 0.9998
vn -0.0493 0.0088 0.9987
vn 0.1413 -0.0161 0.9898
vn 0.8192 -0.4128 0.3981
vn 0.8192 -0.4128 0.3981
vn 0.8192 -0.4128 0.3981
vn 0.4345 -0.7612 0.4815
vn 0.1023 -0.2341 0.9668
vn 0.4345 -0.7612 0.4815
vn -0.4956 -0.7828 0.3764
vn -0.4956 -0.7828 0.3764
vn -0.1636 -0.2958 0.9411
vn -0.1636 -0.2958 0.9411
vn -0.4603 -0.5842 0.6685
vn -0.1038 -0.1634 0.9811
vn -0.8543 0.0096 0.5197
vn -0.8895 0.0086 0.4568
vn -0.6314 0.5499 0.5468
vn 0.0520 0.1431 0.9883
vn -0.7788 0.0090 0.6272
vn -0.8543 0.0096 0.5197
vn 0.0520 0.1431 0.9883
vn -0.7006 0.0055 0.7135
vn -0.7788 0.0090 0.6272
vn -0.4557 -0.4993 -0.7369
vn -0.4557 -0.4993 -0.7369
vn -0.4557 -0.4993 -0.7369
vn -0.3273 -0.0137 0.9448
vn -0.4457 -0.0006 0.8952
vn -0.5296 -0.0011 0.8483
vn -0.5296 -0.0011 0.8483
vn 0.0520 0.1431 0.9883
vn -0.3273 -0.0137 0.9448
vn 0.0520 0.1431 0.9883
vn -0.5296 -0.0011 0.8483
vn -0.5954 0.0047 0.8034
vn 0.0520 0.1431 0.9883
vn -0.5954 0.0047 0.8034
vn -0.7006 0.0055 0.7135
vn -0.0493 0.0088 0.9987
vn -0.3704 -0.0000 0.9289
vn -0.3273 -0.0137 0.9448
vn 0.0520 0.1431 0.9883
vn -0.0493 0.0088 0.9987
vn -0.3273 -0.0137 0.9448
vn -0.0075 0.0027 1.0000
vn -0.0115 -0.0013 0.9999
vn 0.0195 -0.0086 0.9998
vn -0.1451 0.1711 0.9745
vn -0.0075 0.0027 1.0000
vn 0.0195 -0.0086 0.9998
vn -0.1920 -0.1302 0.9727
vn 0.0195 -0.0086 0.9998
vn -0.2857 -0.2736 0.9184
vn -0.8895 0.0086 0.4568
vn -0.4963 0.5898 0.6371
vn 0.0520 0.1431 0.9883
vn -0.0493 0.0088 0.9987
vn 0.0195 -0.0086 0.9998
vn -0.1920 -0.1302 0.9727
vn -0.3273 -0.0137 0.9448
vn -0.3704 -0.0000 0.9289
vn -0.3296 -0.0005 0.9441
vn -0.0930 0.0239 0.9954
vn -0.3296 -0.0005 0.9441
vn -0.3704 -0.0000 0.9289
vn -0.3704 -0.0000 0.9289
vn -0.0493 0.0088 0.9987
vn -0.0930 0.0239 0.9954
vn -0.3560 0.0001 0.9345
vn -0.3273 -0.0137 0.9448
vn -0.3296 -0.0005 0.9441
vn -0.3296 -0.0005 0.9441
vn -0.3831 0.0002 0.9237
vn -0.3560 0.0001 0.9345
vn -0.5549 0.0002 0.8319
vn -0.5013 -0.0029 0.8653
vn -0.5954 0.0047 0.8034
vn -0.5954 0.0047 0.8034
vn -0.5296 -0.0011 0.8483
vn -0.5549 0.0002 0.8319
vn -0.5296 -0.0011 0.8483
vn -0.4646 0.0003 0.8855
vn -0.5549 0.0002 0.8319
vn -0.5296 -0.0011 0.8483
vn -0.4457 -0.0006 0.8952
vn -0.4646 0.0003 0.8855
vn -0.4457 -0.0006 0.8952
vn -0.3831 0.0002 0.9237
vn -0.4646 0.0003 0.8855
vn -0.3831 0.0002 0.9237
vn -0.4457 -0.0006 0.8952
vn -0.3560 0.0001 0.9345
vn -0.7788 0.0090 0.6272
vn -0.7968 -0.0013 0.6042
vn -0.8135 -0.0008 0.5815
vn -0.7968 -0.0013 0.6042
vn -0.7788 0.0090 0.6272
vn -0.7006 0.0055 0.7135
vn -0.6154 -0.0351 0.7874
vn -0.7968 -0.0013 0.6042
vn -0.7006 0.0055 0.7135
vn -0.7006 0.0055 0.7135
vn -0.5013 -0.0029 0.8653
vn -0.6154 -0.0351 0.7874
vn -0.5013 -0.0029 0.8653
vn -0.7006 0.0055 0.7135
vn -0.5954 0.0047 0.8034
vn -0.8739 0.0013 0.4860
vn -0.8767 -0.0307 0.4801
vn -0.8895 0.0086 0.4568
vn -0.8895 0.0086 0.4568
vn -0.8543 0.0096 0.5197
vn -0.8739 0.0013 0.4860
vn -0.8135 -0.0008 0.5815
vn -0.8739 0.0013 0.4860
vn -0.8543 0.0096 0.5197
vn -0.8543 0.0096 0.5197
vn -0.7788 0.0090 0.6272
vn -0.8135 -0.0008 0.5815
vn -0.8767 -0.0307 0.4801
vn -0.9009 -0.0001 0.4341
vn -0.8895 0.0086 0.4568
vn -0.8767 -0.0307 0.4801
vn -0.9057 0.0000 0.4238
vn -0.9057 0.0000 0.4238
vn -0.0493 0.0088 0.9987
vn -0.1920 -0.1302 0.9727
vn -0.0930 0.0239 0.9954
vn -0.3831 0.0002 0.9237
vn -0.0930 0.0239 0.9954
vn -0.4646 0.0003 0.8855
vn -0.0930 0.0239 0.9954
vn -0.3831 0.0002 0.9237
vn -0.3296 -0.0005 0.9441
vn -0.5013 -0.0029 0.8653
vn -0.4646 0.0003 0.8855
vn -0.6154 -0.0351 0.7874
vn -0.4646 0.0003 0.8855
vn -0.5013 -0.0029 0.8653
vn -0.5549 0.0002 0.8319
vn -0.8739 0.0013 0.4860
vn -0.8135 -0.0008 0.5815
vn -0.6154 -0.0351 0.7874
vn -0.6154 -0.0351 0.7874
vn -0.8135 -0.0008 0.5815
vn -0.7968 -0.0013 0.6042
vn -0.6154 -0.0351 0.7874
vn -0.8767 -0.0307 0.4801
vn -0.8739 0.0013 0.4860
vn -0.4646 0.0003 0.8855
vn -0.0930 0.0239 0.9954
vn -0.6154 -0.0351 0.7874
vn -0.8962 -0.1594 0.4140
vn -0.8962 -0.1594 0.4140
vn -0.8767 -0.0307 0.4801
vn -0.6154 -0.0351 0.7874
vn -0.1432 -0.3560 0.9234
vn -0.8767 -0.0307 0.4801
vn -0.0000 0.0000 1.0000
vn -0.1188 -0.1034 0.9875
vn 0.0196 0.0040 0.9998
vn 0.0713 -0.0480 0.9963
vn 0.0000 0.0000 1.0000
vn 0.0000 0.0000 1.0000
vn 0.0000 -0.0000 1.0000
vn 0.1635 -0.0758 0.9836
vn -0.0412 -0.0280 0.9988
vn 0.0713 -0.0480 0.9963
vn 0.0196 0.0040 0.9998
vn -0.1188 -0.1034 0.9875
vn -0.1188 -0.1034 0.9875
vn 0.0000 0.0000 1.0000
vn 0.0713 -0.0480 0.9963
vn 0.0000 0.0000 1.0000
vn 0.0000 0.0000 1.0000
vn 0.0713 -0.0480 0.9963
vn 0.0713 -0.0480 0.9963
vn 0.0000 0.0000 1.0000
vn 0.0000 0.0000 1.0000
vn 0.0000 0.0000 1.0000
vn 0.0000 0.0000 1.0000
vn 0.0713 -0.0480 0.9963
vn 0.0713 -0.0480 0.9963
vn 0.0000 0.0000 1.0000
vn -0.4168 -0.2077 0.8850
vn -0.4168 -0.2077 0.8850
vn 0.3099 -0.0475 0.9496
vn 0.1458 -0.4154 0.8979
vn 0.2458 -0.1219 0.9616
vn 0.2458 -0.1219 0.9616
vn 0.1458 -0.4154 0.8979
vn 0.0000 -0.0000 1.0000
vn 0.0000 -0.0000 1.0000
vn 0.0257 0.0258 0.9993
vn 0.0257 0.0258 0.9993
vn 0.0000 0.0000 1.0000
vn 0.0000 0.0000 1.0000
vn 0.0257 0.0258 0.9993
vn 0.0000 0.0000 1.0000
vn 0.1115 -0.2383 0.9648
vn 0.2742 -0.0868 0.9577
vn 0.2742 -0.0868 0.9577
vn 0.1458 -0.4154 0.8979
vn 0.0257 0.0258 0.9993
vn -0.0412 -0.0280 0.9988
vn 0.1635 -0.0758 0.9836
vn 0.1635 -0.0758 0.9836
vn 0.0000 -0.0000 1.0000
vn 0.0257 0.0258 0.9993
vn 0.0000 -0.0000 1.0000
vn 0.0000 -0.0000 1.0000
vn 0.0257 0.0258 0.9993
vn 0.0666 -0.2333 0.9701
vn 0.0400 -0.6215 0.7824
vn -0.2425 0.0024 0.9701
vn -0.2425 0.0024 0.9701
vn 0.0919 0.2579 0.9618
vn 0.0666 -0.2333 0.9701
vn -0.4168 -0.2077 0.8850
vn 0.1458 -0.4154 0.8979
vn 0.0713 -0.0480 0.9963
vn 0.8313 -0.0981 0.5470
vn 0.8313 -0.0981 0.5470
vn 0.8313 -0.0981 0.5470
vn -0.4571 0.1724 0.8726
vn -0.1084 -0.1833 0.9771
vn -0.2253 -0.5405 0.8106
vn -0.2253 -0.5405 0.8106
vn 0.0196 0.0040 0.9998
vn -0.4571 0.1724 0.8726
vn -0.2253 -0.5405 0.8106
vn -0.0000 0.0000 1.0000
vn 0.0196 0.0040 0.9998
vn 0.0196 0.0040 0.9998
vn 0.0000 0.0000 1.0000
vn 0.0000 0.0000 1.0000
vn 0.4009 0.2836 0.8711
vn -0.1412 -0.0840 0.9864
vn -0.1432 -0.3560 0.9234
vn -0.1496 -0.0604 0.9869
vn -0.1496 -0.0604 0.9869
vn -0.1432 -0.3560 0.9234
vn 0.1115 -0.2383 0.9648
vn 0.0666 -0.2333 0.9701
vn 0.0876 0.0568 0.9945
vn 0.0919 0.2579 0.9618
vn 0.0876 0.0568 0.9945
vn 0.8048 0.1490 0.5745
vn -0.0365 -0.1962 0.9799
vn -0.1084 -0.1833 0.9771
vn -0.0468 0.0794 0.9957
vn -0.0468 0.0794 0.9957
vn -0.0214 0.1327 0.9909
vn -0.0365 -0.1962 0.9799
vn 0.1458 -0.4154 0.8979
vn 0.1778 -0.2329 0.9561
vn 0.1778 -0.2329 0.9561
vn -0.0211 -0.7117 0.7022
vn -0.1422 -0.1171 0.9829
vn 0.4009 0.2836 0.8711
vn 0.4009 0.2836 0.8711
vn -0.1432 -0.3560 0.9234
vn -0.0211 -0.7117 0.7022
vn 0.9229 0.0297 0.3838
vn 0.9229 0.0297 0.3838
vn 0.6524 0.1532 0.7422
vn 0.0400 -0.6215 0.7824
vn -0.0365 -0.1962 0.9799
vn 0.6524 0.1532 0.7422
vn 0.6524 0.1532 0.7422
vn -0.2425 0.0024 0.9701
vn 0.0400 -0.6215 0.7824
vn 0.2216 -0.1560 0.9626
vn 0.2216 -0.1560 0.9626
vn 0.1458 -0.4154 0.8979
vn 0.1458 -0.4154 0.8979
vn 0.1995 -0.1920 0.9609
vn 0.1995 -0.1920 0.9609
vn 0.1541 -0.2839 0.9464
vn -0.1216 0.3594 0.9252
vn 0.1458 -0.4154 0.8979
vn 0.0298 -0.1522 0.9879
vn 0.0298 -0.1522 0.9879
vn -0.0211 -0.7117 0.7022
vn -0.0211 -0.7117 0.7022
vn -0.1041 -0.1170 0.9877
vn -0.1041 -0.1170 0.9877
vn -0.1598 -0.0372 0.9864
vn -0.1598 -0.0372 0.9864
vn -0.1432 -0.3560 0.9234
vn -0.1726 -0.0133 0.9849
vn -0.1726 -0.0133 0.9849
vn -0.1432 -0.3560 0.9234
vn 0.0000 -0.2749 0.9615
vn -0.0412 -0.0280 0.9988
vn -0.1432 -0.3560 0.9234
vn -0.0412 -0.0280 0.9988
vn 0.0000 0.0000 1.0000
vn 0.0000 0.0000 1.0000
vn 0.0000 -0.0000 1.0000
vn 0.0000 -0.0000 1.0000
vn -0.0412 -0.0280 0.9988
vn 0.1115 -0.2383 0.9648
vn 0.0876 0.0568 0.9945
vn 0.0520 0.1431 0.9883
vn -0.1084 -0.1833 0.9771
vn -0.4571 0.1724 0.8726
vn 0.0368 -0.0626 0.9974
vn 0.0051 -0.1401 0.9901
vn 0.0051 -0.1401 0.9901
vn -0.0211 -0.7117 0.7022
vn -0.0151 -0.1319 0.9911
vn -0.0151 -0.1319 0.9911
vn -0.0211 -0.7117 0.7022
vn -0.0211 -0.7117 0.7022
vn -0.0768 -0.1186 0.9900
vn -0.0768 -0.1186 0.9900
vn -0.1216 0.3594 0.9252
vn 0.0611 -0.1701 0.9835
vn -0.0211 -0.7117 0.7022
vn -0.0211 -0.7117 0.7022
vn 0.1458 -0.4154 0.8979
vn -0.1216 0.3594 0.9252
vn -0.0211 -0.7117 0.7022
vn -0.0545 -0.1215 0.9911
vn -0.0545 -0.1215 0.9911
vn -0.0346 -0.1258 0.9914
vn -0.0346 -0.1258 0.9914
vn -0.0211 -0.7117 0.7022
vn 0.8985 0.2681 0.3477
vn 0.8985 0.2681 0.3477
vn 0.8985 0.2681 0.3477
vn -0.0211 -0.7117 0.7022
vn -0.0601 -0.8451 0.5312
vn 0.0607 -0.9204 0.3863
vn -0.0211 -0.7117 0.7022
vn 0.0607 -0.9204 0.3863
vn 0.1458 -0.4154 0.8979
vn -0.6154 -0.0351 0.7874
vn -0.0930 0.0239 0.9954
vn -0.1432 -0.3560 0.9234
vn -0.0211 -0.7117 0.7022
vn -0.1432 -0.3560 0.9234
vn -0.0601 -0.8451 0.5312
vn 0.9874 0.1286 0.0926
vn 0.9954 -0.0241 0.0926
vn 0.8325 0.0518 0.5516
vn 0.8325 0.0518 0.5516
vn 0.9712 0.1755 0.1611
vn 0.9874 0.1286 0.0926
vn 0.9564 0.2769 0.0926
vn 0.9874 0.1286 0.0926
vn 0.9712 0.1755 0.1611
vn 0.9712 0.1755 0.1611
vn 0.9345 0.3217 0.1522
vn 0.9564 0.2769 0.0926
vn 0.9028 0.4200 0.0926
vn 0.9564 0.2769 0.0926
vn 0.9345 0.3217 0.1522
vn 0.9345 0.3217 0.1522
vn 0.8759 0.4625 0.1375
vn 0.9028 0.4200 0.0926
vn 0.8280 0.5530 0.0926
vn 0.9028 0.4200 0.0926
vn 0.8759 0.4625 0.1375
vn 0.8759 0.4625 0.1375
vn 0.8594 0.5114 -0.0000
vn 0.8280 0.5530 0.0926
vn 0.7340 0.6728 0.0926
vn 0.8280 0.5530 0.0926
vn 0.7720 0.6356 -0.0000
vn 0.7720 0.6356 -0.0000
vn 0.5768 0.5847 0.5706
vn 0.7340 0.6728 0.0926
vn 0.6221 0.7775 0.0926
vn 0.7340 0.6728 0.0926
vn 0.5768 0.5847 0.5706
vn 0.5768 0.5847 0.5706
vn 0.4676 0.6476 0.6016
vn 0.6221 0.7775 0.0926
vn 0.4967 0.8630 0.0926
vn 0.6221 0.7775 0.0926
vn 0.4676 0.6476 0.6016
vn 0.4676 0.6476 0.6016
vn 0.3569 0.6983 0.6205
vn 0.4967 0.8630 0.0926
vn 0.3592 0.9287 0.0926
vn 0.4967 0.8630 0.0926
vn 0.3569 0.6983 0.6205
vn 0.3569 0.6983 0.6205
vn 0.4092 0.9125 -0.0000
vn 0.3592 0.9287 0.0926
vn 0.2128 0.9727 0.0926
vn 0.3592 0.9287 0.0926
vn 0.2651 0.9642 -0.0000
vn 0.2651 0.9642 -0.0000
vn 0.2651 0.9642 -0.0000
vn 0.2128 0.9727 0.0926
vn 0.0619 0.9938 0.0926
vn 0.2128 0.9727 0.0926
vn 0.1134 0.9936 -0.0000
vn 0.1134 0.9936 -0.0000
vn 0.0110 0.8165 0.5773
vn 0.0619 0.9938 0.0926
vn -0.0897 0.9917 0.0926
vn 0.0619 0.9938 0.0926
vn 0.0110 0.8165 0.5773
vn 0.0110 0.8165 0.5773
vn -0.0365 0.9993 0.0000
vn -0.0897 0.9917 0.0926
vn -0.2417 0.9659 0.0926
vn -0.0897 0.9917 0.0926
vn -0.1921 0.9814 0.0000
vn -0.1921 0.9814 0.0000
vn -0.1921 0.9814 0.0000
vn -0.2417 0.9659 0.0926
vn -0.3849 0.9183 0.0926
vn -0.2417 0.9659 0.0926
vn -0.3380 0.9411 0.0000
vn -0.3380 0.9411 0.0000
vn -0.3283 0.6859 0.6494
vn -0.3849 0.9183 0.0926
vn -0.5206 0.8487 0.0927
vn -0.3849 0.9183 0.0926
vn -0.3283 0.6859 0.6494
vn -0.3283 0.6859 0.6494
vn -0.4366 0.6375 0.6349
vn -0.5206 0.8487 0.0927
vn -0.6446 0.7589 0.0926
vn -0.5206 0.8487 0.0927
vn -0.4366 0.6375 0.6349
vn -0.4366 0.6375 0.6349
vn -0.5426 0.5782 0.6093
vn -0.6446 0.7589 0.0926
vn -0.7525 0.6521 0.0927
vn -0.6446 0.7589 0.0926
vn -0.5426 0.5782 0.6093
vn -0.5426 0.5782 0.6093
vn -0.6465 0.5064 0.5706
vn -0.7525 0.6521 0.0927
vn -0.8430 0.5298 0.0926
vn -0.7525 0.6521 0.0927
vn -0.6465 0.5064 0.5706
vn -0.6465 0.5064 0.5706
vn -0.8176 0.5758 0.0000
vn -0.8430 0.5298 0.0926
vn -0.9141 0.3947 0.0927
vn -0.8430 0.5298 0.0926
vn -0.8960 0.4441 0.0000
vn -0.8960 0.4441 0.0000
vn -0.9266 0.3464 0.1465
vn -0.9141 0.3947 0.0927
vn -0.9644 0.2470 0.0939
vn -0.9141 0.3947 0.0927
vn -0.9266 0.3464 0.1465
vn -0.9266 0.3464 0.1465
vn -0.9680 0.1984 0.1540
vn -0.9644 0.2470 0.0939
vn -0.9926 0.0913 0.0802
vn -0.9644 0.2470 0.0939
vn -0.9680 0.1984 0.1540
vn -0.9680 0.1984 0.1540
vn -0.9641 0.1107 0.2413
vn -0.9926 0.0913 0.0802
vn -0.9641 0.1107 0.2413
vn -0.8589 -0.0060 0.5121
vn -0.9926 0.0913 0.0802
vn -0.9911 -0.0768 0.1089
vn -0.9926 0.0913 0.0802
vn -0.8589 -0.0060 0.5121
vn -0.8589 -0.0060 0.5121
vn -0.9807 -0.1277 0.1477
vn -0.9911 -0.0768 0.1089
vn -0.9748 -0.2027 0.0926
vn -0.9911 -0.0768 0.1089
vn -0.9807 -0.1277 0.1477
vn -0.9807 -0.1277 0.1477
vn -0.7799 -0.0386 0.6248
vn -0.9748 -0.2027 0.0926
vn -0.9322 -0.3498 0.0927
vn -0.9748 -0.2027 0.0926
vn -0.7799 -0.0386 0.6248
vn -0.7799 -0.0386 0.6248
vn -0.9037 -0.3922 0.1718
vn -0.9322 -0.3498 0.0927
vn -0.8678 -0.4882 0.0926
vn -0.9322 -0.3498 0.0927
vn -0.9037 -0.3922 0.1718
vn -0.9037 -0.3922 0.1718
vn -0.8316 -0.5258 0.1789
vn -0.8678 -0.4882 0.0926
vn -0.7825 -0.6157 0.0927
vn -0.8678 -0.4882 0.0926
vn -0.8316 -0.5258 0.1789
vn -0.8316 -0.5258 0.1789
vn -0.7417 -0.6463 0.1794
vn -0.7825 -0.6157 0.0927
vn -0.6803 -0.7271 0.0926
vn -0.7825 -0.6157 0.0927
vn -0.7417 -0.6463 0.1794
vn -0.7417 -0.6463 0.1794
vn -0.6358 -0.7521 0.1736
vn -0.6803 -0.7271 0.0926
vn -0.5619 -0.8220 0.0926
vn -0.6803 -0.7271 0.0926
vn -0.6358 -0.7521 0.1736
vn -0.6358 -0.7521 0.1736
vn -0.5149 -0.8419 0.1617
vn -0.5619 -0.8220 0.0926
vn -0.4291 -0.8985 0.0926
vn -0.5619 -0.8220 0.0926
vn -0.5149 -0.8419 0.1617
vn -0.5149 -0.8419 0.1617
vn -0.4784 -0.8781 0.0000
vn -0.4291 -0.8985 0.0926
vn -0.2864 -0.9536 0.0926
vn -0.4291 -0.8985 0.0926
vn -0.3363 -0.9417 0.0000
vn -0.3363 -0.9417 0.0000
vn -0.2377 -0.9648 0.1123
vn -0.2864 -0.9536 0.0926
vn -0.1392 -0.9859 0.0926
vn -0.2864 -0.9536 0.0926
vn -0.2377 -0.9648 0.1123
vn -0.2377 -0.9648 0.1123
vn -0.0875 -0.9877 0.1294
vn -0.1392 -0.9859 0.0926
vn 0.0142 -0.9956 0.0926
vn -0.1392 -0.9859 0.0926
vn -0.0875 -0.9877 0.1294
vn -0.0875 -0.9877 0.1294
vn 0.0652 -0.9878 0.1412
vn 0.0142 -0.9956 0.0926
vn 0.1663 -0.9817 0.0926
vn 0.0142 -0.9956 0.0926
vn 0.0652 -0.9878 0.1412
vn 0.0652 -0.9878 0.1412
vn 0.2149 -0.9655 0.1473
vn 0.1663 -0.9817 0.0926
vn 0.3139 -0.9449 0.0926
vn 0.1663 -0.9817 0.0926
vn 0.2149 -0.9655 0.1473
vn 0.2149 -0.9655 0.1473
vn 0.3596 -0.9214 0.1476
vn 0.3139 -0.9449 0.0926
vn 0.4545 -0.8859 0.0926
vn 0.3139 -0.9449 0.0926
vn 0.3596 -0.9214 0.1476
vn 0.3596 -0.9214 0.1476
vn 0.4964 -0.8564 0.1421
vn 0.4545 -0.8859 0.0926
vn 0.5841 -0.8064 0.0926
vn 0.4545 -0.8859 0.0926
vn 0.4964 -0.8564 0.1421
vn 0.4964 -0.8564 0.1421
vn 0.6217 -0.7722 0.1310
vn 0.5841 -0.8064 0.0926
vn 0.7003 -0.7078 0.0926
vn 0.5841 -0.8064 0.0926
vn 0.6217 -0.7722 0.1310
vn 0.6217 -0.7722 0.1310
vn 0.6646 -0.7472 -0.0000
vn 0.7003 -0.7078 0.0926
vn 0.8005 -0.5921 0.0926
vn 0.7003 -0.7078 0.0926
vn 0.7720 -0.6356 -0.0000
vn 0.7720 -0.6356 -0.0000
vn 0.8219 -0.5471 0.1590
vn 0.8005 -0.5921 0.0926
vn 0.8815 -0.4631 0.0926
vn 0.8005 -0.5921 0.0926
vn 0.8219 -0.5471 0.1590
vn 0.8219 -0.5471 0.1590
vn 0.8947 -0.4145 0.1666
vn 0.8815 -0.4631 0.0926
vn 0.9418 -0.3233 0.0926
vn 0.8815 -0.4631 0.0926
vn 0.8947 -0.4145 0.1666
vn 0.8947 -0.4145 0.1666
vn 0.9471 -0.2732 0.1683
vn 0.9418 -0.3233 0.0926
vn 0.9801 -0.1757 0.0926
vn 0.9418 -0.3233 0.0926
vn 0.9471 -0.2732 0.1683
vn 0.9471 -0.2732 0.1683
vn 0.9785 -0.1252 0.1638
vn 0.9801 -0.1757 0.0926
vn 0.9954 -0.0241 0.0926
vn 0.9801 -0.1757 0.0926
vn 0.9785 -0.1252 0.1638
vn 0.9785 -0.1252 0.1638
vn 0.8325 0.0518 0.5516
vn 0.9954 -0.0241 0.0926
vn 0.0000 0.0000 1.0000
vn 0.5025 0.1180 0.8565
vn 0.5025 0.1180 0.8565
vn 0.0000 0.0000 1.0000
vn 0.5146 0.0397 0.8565
vn 0.5146 0.0397 0.8565
vn 0.0000 0.0000 1.0000
vn 0.3985 0.3281 0.8565
vn 0.3985 0.3281 0.8565
vn 0.0000 0.0000 1.0000
vn 0.4436 0.2640 0.8565
vn 0.4436 0.2640 0.8565
vn 0.0000 0.0000 1.0000
vn 0.4790 0.1924 0.8565
vn 0.4790 0.1924 0.8565
vn 0.0000 0.0000 1.0000
vn 0.2112 0.4710 0.8565
vn 0.2112 0.4710 0.8565
vn 0.0000 0.0000 1.0000
vn 0.2806 0.4333 0.8565
vn 0.2806 0.4333 0.8565
vn 0.0000 0.0000 1.0000
vn 0.3430 0.3857 0.8565
vn 0.3430 0.3857 0.8565
vn 0.0000 0.0000 1.0000
vn -0.0188 0.5158 0.8565
vn -0.0188 0.5158 0.8565
vn 0.0000 0.0000 1.0000
vn 0.0585 0.5129 0.8565
vn 0.0585 0.5129 0.8565
vn 0.0000 0.0000 1.0000
vn 0.1368 0.4977 0.8565
vn 0.1368 0.4977 0.8565
vn 0.0000 0.0000 1.0000
vn -0.2462 0.4537 0.8565
vn -0.2462 0.4537 0.8565
vn 0.0000 0.0000 1.0000
vn -0.1745 0.4858 0.8565
vn -0.1745 0.4858 0.8565
vn 0.0000 0.0000 1.0000
vn -0.0991 0.5066 0.8565
vn -0.0991 0.5066 0.8565
vn 0.0000 0.0000 1.0000
vn -0.4220 0.2972 0.8565
vn -0.4220 0.2972 0.8565
vn 0.0000 0.0000 1.0000
vn -0.3719 0.3580 0.8565
vn -0.3719 0.3580 0.8565
vn 0.0000 0.0000 1.0000
vn -0.3132 0.4103 0.8565
vn -0.3132 0.4103 0.8565
vn 0.0000 0.0000 1.0000
vn -0.5102 0.0783 0.8565
vn -0.5102 0.0783 0.8565
vn 0.0000 0.0000 1.0000
vn -0.4920 0.1557 0.8565
vn -0.4920 0.1557 0.8565
vn 0.0000 0.0000 1.0000
vn -0.4624 0.2292 0.8565
vn -0.4624 0.2292 0.8565
vn 0.0000 0.0000 1.0000
vn -0.5102 -0.0783 0.8565
vn -0.5102 -0.0783 0.8565
vn -0.5157 -0.0076 0.8567
vn -0.5157 -0.0076 0.8567
vn 0.0000 0.0000 1.0000
vn 0.0000 0.0000 1.0000
vn -0.4217 -0.2976 0.8565
vn -0.4217 -0.2976 0.8565
vn 0.0000 0.0000 1.0000
vn -0.4626 -0.2288 0.8565
vn -0.4626 -0.2288 0.8565
vn 0.0000 0.0000 1.0000
vn -0.4920 -0.1557 0.8565
vn -0.4920 -0.1557 0.8565
vn 0.0000 0.0000 1.0000
vn -0.2469 -0.4532 0.8565
vn -0.2469 -0.4532 0.8565
vn 0.0000 0.0000 1.0000
vn -0.3132 -0.4103 0.8565
vn -0.3132 -0.4103 0.8565
vn 0.0000 0.0000 1.0000
vn -0.3719 -0.3580 0.8565
vn -0.3719 -0.3580 0.8565
vn 0.0000 0.0000 1.0000
vn -0.0198 -0.5157 0.8565
vn -0.0198 -0.5157 0.8565
vn 0.0000 0.0000 1.0000
vn -0.0991 -0.5066 0.8565
vn -0.0991 -0.5066 0.8565
vn 0.0000 0.0000 1.0000
vn -0.1736 -0.4861 0.8565
vn -0.1736 -0.4861 0.8565
vn 0.0000 0.0000 1.0000
vn 0.2112 -0.4710 0.8565
vn 0.2112 -0.4710 0.8565
vn 0.0000 0.0000 1.0000
vn 0.1368 -0.4977 0.8565
vn 0.1368 -0.4977 0.8565
vn 0.0000 0.0000 1.0000
vn 0.0595 -0.5127 0.8565
vn 0.0595 -0.5127 0.8565
vn 0.0000 0.0000 1.0000
vn 0.3985 -0.3281 0.8565
vn 0.3985 -0.3281 0.8565
vn 0.0000 0.0000 1.0000
vn 0.3430 -0.3857 0.8565
vn 0.3430 -0.3857 0.8565
vn 0.0000 0.0000 1.0000
vn 0.2806 -0.4333 0.8565
vn 0.2806 -0.4333 0.8565
vn 0.0000 0.0000 1.0000
vn 0.5025 -0.1180 0.8565
vn 0.5025 -0.1180 0.8565
vn 0.0000 0.0000 1.0000
vn 0.4790 -0.1924 0.8565
vn 0.4790 -0.1924 0.8565
vn 0.0000 0.0000 1.0000
vn 0.4436 -0.2640 0.8565
vn 0.4436 -0.2640 0.8565
vn 0.0000 0.0000 1.0000
vn 0.5146 -0.0397 0.8565
vn 0.5146 -0.0397 0.8565
vn 0.9874 0.1286 0.0926
vn 0.9954 -0.0241 0.0926
vn 0.7936 -0.1125 0.5980
vn 0.7936 -0.1125 0.5980
vn 0.9684 0.1758 0.1768
vn 0.9874 0.1286 0.0926
vn 0.9564 0.2769 0.0926
vn 0.9874 0.1286 0.0926
vn 0.9684 0.1758 0.1768
vn 0.9684 0.1758 0.1768
vn 0.9293 0.3207 0.1831
vn 0.9564 0.2769 0.0926
vn 0.9028 0.4200 0.0926
vn 0.9564 0.2769 0.0926
vn 0.9293 0.3207 0.1831
vn 0.9293 0.3207 0.1831
vn 0.8690 0.4597 0.1830
vn 0.9028 0.4200 0.0926
vn 0.8280 0.5530 0.0926
vn 0.9028 0.4200 0.0926
vn 0.8690 0.4597 0.1830
vn 0.8690 0.4597 0.1830
vn 0.8594 0.5114 -0.0000
vn 0.8280 0.5530 0.0926
vn 0.7340 0.6728 0.0926
vn 0.8280 0.5530 0.0926
vn 0.7720 0.6356 -0.0000
vn 0.7720 0.6356 -0.0000
vn 0.6960 0.7064 0.1288
vn 0.7340 0.6728 0.0926
vn 0.6221 0.7775 0.0926
vn 0.7340 0.6728 0.0926
vn 0.6960 0.7064 0.1288
vn 0.6960 0.7064 0.1288
vn 0.5786 0.8023 0.1469
vn 0.6221 0.7775 0.0926
vn 0.4967 0.8630 0.0926
vn 0.6221 0.7775 0.0926
vn 0.5786 0.8023 0.1469
vn 0.5786 0.8023 0.1469
vn 0.4489 0.8793 0.1591
vn 0.4967 0.8630 0.0926
vn 0.3592 0.9287 0.0926
vn 0.4967 0.8630 0.0926
vn 0.4489 0.8793 0.1591
vn 0.4489 0.8793 0.1591
vn 0.3091 0.9365 0.1655
vn 0.3592 0.9287 0.0926
vn 0.2128 0.9727 0.0926
vn 0.3592 0.9287 0.0926
vn 0.3091 0.9365 0.1655
vn 0.3091 0.9365 0.1655
vn 0.1616 0.9728 0.1657
vn 0.2128 0.9727 0.0926
vn 0.0619 0.9938 0.0926
vn 0.2128 0.9727 0.0926
vn 0.1616 0.9728 0.1657
vn 0.1616 0.9728 0.1657
vn 0.0128 0.9870 0.1600
vn 0.0619 0.9938 0.0926
vn -0.0897 0.9917 0.0926
vn 0.0619 0.9938 0.0926
vn 0.0128 0.9870 0.1600
vn 0.0128 0.9870 0.1600
vn -0.1396 0.9790 0.1482
vn -0.0897 0.9917 0.0926
vn -0.2417 0.9659 0.0926
vn -0.0897 0.9917 0.0926
vn -0.1396 0.9790 0.1482
vn -0.1396 0.9790 0.1482
vn -0.2882 0.9486 0.1306
vn -0.2417 0.9659 0.0926
vn -0.3850 0.9183 0.0926
vn -0.2417 0.9659 0.0926
vn -0.2882 0.9486 0.1306
vn -0.2882 0.9486 0.1306
vn -0.3380 0.9411 0.0000
vn -0.3850 0.9183 0.0926
vn -0.5206 0.8487 0.0927
vn -0.3850 0.9183 0.0926
vn -0.4770 0.8789 0.0000
vn -0.4770 0.8789 0.0000
vn -0.5586 0.8132 0.1634
vn -0.5206 0.8487 0.0927
vn -0.6446 0.7589 0.0926
vn -0.5206 0.8487 0.0927
vn -0.5586 0.8132 0.1634
vn -0.5586 0.8132 0.1634
vn -0.6744 0.7168 0.1773
vn -0.6446 0.7589 0.0926
vn -0.7525 0.6521 0.0927
vn -0.6446 0.7589 0.0926
vn -0.6744 0.7168 0.1773
vn -0.6744 0.7168 0.1773
vn -0.7746 0.6050 0.1846
vn -0.7525 0.6521 0.0927
vn -0.8430 0.5298 0.0926
vn -0.7525 0.6521 0.0927
vn -0.7746 0.6050 0.1846
vn -0.7746 0.6050 0.1846
vn -0.8576 0.4797 0.1855
vn -0.8430 0.5298 0.0926
vn -0.9141 0.3947 0.0927
vn -0.8430 0.5298 0.0926
vn -0.8576 0.4797 0.1855
vn -0.8576 0.4797 0.1855
vn -0.9219 0.3432 0.1798
vn -0.9141 0.3947 0.0927
vn -0.9644 0.2470 0.0939
vn -0.9141 0.3947 0.0927
vn -0.9219 0.3432 0.1798
vn -0.9219 0.3432 0.1798
vn -0.9668 0.1968 0.1628
vn -0.9644 0.2470 0.0939
vn -0.9926 0.0913 0.0802
vn -0.9644 0.2470 0.0939
vn -0.9668 0.1968 0.1628
vn -0.9668 0.1968 0.1628
vn -0.9884 0.1516 0.0000
vn -0.9926 0.0913 0.0802
vn -0.9993 0.0384 -0.0002
vn -0.9914 -0.0070 0.1304
vn -0.9926 0.0913 0.0802
vn -0.9911 -0.0768 0.1089
vn -0.9926 0.0913 0.0802
vn -0.9914 -0.0070 0.1304
vn -0.9914 -0.0070 0.1304
vn -0.9808 -0.1277 0.1477
vn -0.9911 -0.0768 0.1089
vn -0.9748 -0.2027 0.0926
vn -0.9911 -0.0768 0.1089
vn -0.9808 -0.1277 0.1477
vn -0.9808 -0.1277 0.1477
vn -0.9554 -0.2492 0.1586
vn -0.9748 -0.2027 0.0926
vn -0.9322 -0.3498 0.0927
vn -0.9748 -0.2027 0.0926
vn -0.9554 -0.2492 0.1586
vn -0.9554 -0.2492 0.1586
vn -0.9078 -0.3930 0.1466
vn -0.9322 -0.3498 0.0927
vn -0.8678 -0.4882 0.0926
vn -0.9322 -0.3498 0.0927
vn -0.9078 -0.3930 0.1466
vn -0.9078 -0.3930 0.1466
vn -0.8386 -0.5292 0.1290
vn -0.8678 -0.4882 0.0926
vn -0.7825 -0.6157 0.0927
vn -0.8678 -0.4882 0.0926
vn -0.8386 -0.5292 0.1290
vn -0.8386 -0.5292 0.1290
vn -0.8170 -0.5767 0.0000
vn -0.7825 -0.6157 0.0927
vn -0.6803 -0.7271 0.0926
vn -0.7825 -0.6157 0.0927
vn -0.7204 -0.6935 0.0000
vn -0.7204 -0.6935 0.0000
vn -0.5125 -0.6051 0.6093
vn -0.6803 -0.7271 0.0926
vn -0.5619 -0.8220 0.0926
vn -0.6803 -0.7271 0.0926
vn -0.5125 -0.6051 0.6093
vn -0.5125 -0.6051 0.6093
vn -0.4037 -0.6587 0.6350
vn -0.5619 -0.8220 0.0926
vn -0.4291 -0.8985 0.0926
vn -0.5619 -0.8220 0.0926
vn -0.4037 -0.6587 0.6350
vn -0.4037 -0.6587 0.6350
vn -0.4784 -0.8781 0.0000
vn -0.4291 -0.8985 0.0926
vn -0.2864 -0.9536 0.0926
vn -0.4291 -0.8985 0.0926
vn -0.3363 -0.9417 0.0000
vn -0.3363 -0.9417 0.0000
vn -0.3363 -0.9417 0.0000
vn -0.2864 -0.9536 0.0926
vn -0.1392 -0.9859 0.0926
vn -0.2864 -0.9536 0.0926
vn -0.1921 -0.9814 0.0000
vn -0.1921 -0.9814 0.0000
vn -0.1921 -0.9814 0.0000
vn -0.1392 -0.9859 0.0926
vn 0.0142 -0.9956 0.0926
vn -0.1392 -0.9859 0.0926
vn -0.0384 -0.9993 0.0000
vn -0.0384 -0.9993 0.0000
vn -0.0384 -0.9993 0.0000
vn 0.0142 -0.9956 0.0926
vn 0.1663 -0.9817 0.0926
vn 0.0142 -0.9956 0.0926
vn 0.1153 -0.9933 -0.0000
vn 0.1153 -0.9933 -0.0000
vn 0.1153 -0.9933 -0.0000
vn 0.1663 -0.9817 0.0926
vn 0.3139 -0.9449 0.0926
vn 0.1663 -0.9817 0.0926
vn 0.2651 -0.9642 -0.0000
vn 0.2651 -0.9642 -0.0000
vn 0.2651 -0.9642 -0.0000
vn 0.3139 -0.9449 0.0926
vn 0.4545 -0.8859 0.0926
vn 0.3139 -0.9449 0.0926
vn 0.4092 -0.9125 -0.0000
vn 0.4092 -0.9125 -0.0000
vn 0.3922 -0.6792 0.6203
vn 0.4545 -0.8859 0.0926
vn 0.5841 -0.8064 0.0926
vn 0.4545 -0.8859 0.0926
vn 0.3922 -0.6792 0.6203
vn 0.3922 -0.6792 0.6203
vn 0.5000 -0.6231 0.6015
vn 0.5841 -0.8064 0.0926
vn 0.7003 -0.7078 0.0926
vn 0.5841 -0.8064 0.0926
vn 0.5000 -0.6231 0.6015
vn 0.5000 -0.6231 0.6015
vn 0.6063 -0.5541 0.5704
vn 0.7003 -0.7078 0.0926
vn 0.8005 -0.5921 0.0926
vn 0.7003 -0.7078 0.0926
vn 0.6063 -0.5541 0.5704
vn 0.6063 -0.5541 0.5704
vn 0.7081 -0.4715 0.5255
vn 0.8005 -0.5921 0.0926
vn 0.8815 -0.4631 0.0926
vn 0.8005 -0.5921 0.0926
vn 0.7081 -0.4715 0.5255
vn 0.7081 -0.4715 0.5255
vn 0.8594 -0.5114 -0.0000
vn 0.8815 -0.4631 0.0926
vn 0.9418 -0.3233 0.0926
vn 0.8815 -0.4631 0.0926
vn 0.9279 -0.3727 -0.0000
vn 0.9273 -0.3744 0.0000
vn 0.9496 -0.2740 0.1521
vn 0.9418 -0.3233 0.0926
vn 0.9801 -0.1757 0.0926
vn 0.9418 -0.3233 0.0926
vn 0.9496 -0.2740 0.1521
vn 0.9496 -0.2740 0.1521
vn 0.9789 -0.1255 0.1610
vn 0.9801 -0.1757 0.0926
vn 0.9954 -0.0241 0.0926
vn 0.9801 -0.1757 0.0926
vn 0.9789 -0.1255 0.1610
vn 0.9789 -0.1255 0.1610
vn 0.7936 -0.1125 0.5980
vn 0.9954 -0.0241 0.0926
vn 0.0000 0.0000 1.0000
vn 0.5025 0.1180 0.8565
vn 0.5025 0.1180 0.8565
vn 0.0000 0.0000 1.0000
vn 0.5146 0.0397 0.8565
vn 0.5146 0.0397 0.8565
vn 0.0000 0.0000 1.0000
vn 0.3985 0.3281 0.8565
vn 0.3985 0.3281 0.8565
vn 0.0000 0.0000 1.0000
vn 0.4436 0.2640 0.8565
vn 0.4436 0.2640 0.8565
vn 0.0000 0.0000 1.0000
vn 0.4790 0.1924 0.8565
vn 0.4790 0.1924 0.8565
vn 0.0000 0.0000 1.0000
vn 0.2112 0.4710 0.8565
vn 0.2112 0.4710 0.8565
vn 0.0000 0.0000 1.0000
vn 0.2806 0.4333 0.8565
vn 0.2806 0.4333 0.8565
vn 0.0000 0.0000 1.0000
vn 0.3430 0.3857 0.8565
vn 0.3430 0.3857 0.8565
vn 0.0000 0.0000 1.0000
vn -0.0188 0.5158 0.8565
vn -0.0188 0.5158 0.8565
vn 0.0000 0.0000 1.0000
vn 0.0585 0.5129 0.8565
vn 0.0585 0.5129 0.8565
vn 0.0000 0.0000 1.0000
vn 0.1368 0.4977 0.8565
vn 0.1368 0.4977 0.8565
vn 0.0000 0.0000 1.0000
vn -0.2462 0.4537 0.8565
vn -0.2462 0.4537 0.8565
vn 0.0000 0.0000 1.0000
vn -0.1745 0.4858 0.8565
vn -0.1745 0.4858 0.8565
vn 0.0000 0.0000 1.0000
vn -0.0991 0.5066 0.8565
vn -0.0991 0.5066 0.8565
vn 0.0000 0.0000 1.0000
vn -0.4220 0.2972 0.8565
vn -0.4220 0.2972 0.8565
vn 0.0000 0.0000 1.0000
vn -0.3719 0.3580 0.8565
vn -0.3719 0.3580 0.8565
vn 0.0000 0.0000 1.0000
vn -0.3132 0.4103 0.8565
vn -0.3132 0.4103 0.8565
vn 0.0000 0.0000 1.0000
vn -0.5102 0.0783 0.8565
vn -0.5102 0.0783 0.8565
vn 0.0000 0.0000 1.0000
vn -0.4920 0.1557 0.8565
vn -0.4920 0.1557 0.8565
vn 0.0000 0.0000 1.0000
vn -0.4624 0.2292 0.8565
vn -0.4624 0.2292 0.8565
vn 0.0000 0.0000 1.0000
vn -0.5102 -0.0783 0.8565
vn -0.5102 -0.0783 0.8565
vn -0.5157 -0.0076 0.8567
vn -0.5157 -0.0076 0.8567
vn 0.0000 0.0000 1.0000
vn 0.0000 0.0000 1.0000
vn -0.4217 -0.2976 0.8565
vn -0.4217 -0.2976 0.8565
vn 0.0000 0.0000 1.0000
vn -0.4626 -0.2288 0.8565
vn -0.4626 -0.2288 0.8565
vn 0.0000 0.0000 1.0000
vn -0.4920 -0.1557 0.8565
vn -0.4920 -0.1557 0.8565
vn 0.0000 0.0000 1.0000
vn -0.2469 -0.4532 0.8565
vn -0.2469 -0.4532 0.8565
vn 0.0000 0.0000 1.0000
vn -0.3132 -0.4103 0.8565
vn -0.3132 -0.4103 0.8565
vn 0.0000 0.0000 1.0000
vn -0.3719 -0.3580 0.8565
vn -0.3719 -0.3580 0.8565
vn 0.0000 0.0000 1.0000
vn -0.0198 -0.5157 0.8565
vn -0.0198 -0.5157 0.8565
vn 0.0000 0.0000 1.0000
vn -0.0991 -0.5066 0.8565
vn -0.0991 -0.5066 0.8565
vn 0.0000 0.0000 1.0000
vn -0.1736 -0.4861 0.8565
vn -0.1736 -0.4861 0.8565
vn 0.0000 0.0000 1.0000
vn 0.2112 -0.4710 0.8565
vn 0.2112 -0.4710 0.8565
vn 0.0000 0.0000 1.0000
vn 0.1368 -0.4977 0.8565
vn 0.1368 -0.4977 0.8565
vn 0.0000 0.0000 1.0000
vn 0.0595 -0.5127 0.8565
vn 0.0595 -0.5127 0.8565
vn 0.0000 0.0000 1.0000
vn 0.3985 -0.3281 0.8565
vn 0.3985 -0.3281 0.8565
vn 0.0000 0.0000 1.0000
vn 0.3430 -0.3857 0.8565
vn 0.3430 -0.3857 0.8565
vn 0.0000 0.0000 1.0000
vn 0.2806 -0.4333 0.8565
vn 0.2806 -0.4333 0.8565
vn 0.0000 0.0000 1.0000
vn 0.5025 -0.1180 0.8565
vn 0.5025 -0.1180 0.8565
vn 0.0000 0.0000 1.0000
vn 0.4790 -0.1924 0.8565
vn 0.4790 -0.1924 0.8565
vn 0.0000 0.0000 1.0000
vn 0.4436 -0.2640 0.8565
vn 0.4436 -0.2640 0.8565
vn 0.0000 0.0000 1.0000
vn 0.5146 -0.0397 0.8565
vn 0.5146 -0.0397 0.8565
vn -0.0214 0.1327 0.9909
vn -0.0493 0.0088 0.9987
vn 0.0919 0.2579 0.9618
vn 0.0520 0.1431 0.9883
vn 0.0919 0.2579 0.9618
vn -0.0493 0.0088 0.9987
vn 0.1413 -0.0161 0.9898
vn -0.0493 0.0088 0.9987
vn -0.3643 0.0541 0.9297
vn 0.0911 0.1275 0.9876
vn 0.2098 0.1163 0.9708
vn -0.1636 -0.2958 0.9411
vn -0.4048 -0.8344 -0.3741
vn -0.4048 -0.8344 -0.3741
vn -0.4048 -0.8344 -0.3741
vn -0.1566 -0.1842 0.9703
vn -0.3643 0.0541 0.9297
vn -0.0493 0.0088 0.9987
vn -0.3643 0.0541 0.9297
vn -0.1566 -0.1842 0.9703
vn -0.0466 0.1396 0.9891
vn 0.0368 -0.0626 0.9974
vn 0.2098 0.1163 0.9708
vn 0.1256 -0.1414 0.9820
vn 0.0911 0.1275 0.9876
vn -0.0466 0.1396 0.9891
vn 0.2098 0.1163 0.9708
vn 0.0911 0.1275 0.9876
vn -0.3643 0.0541 0.9297
vn -0.0466 0.1396 0.9891
vn -0.1566 -0.1842 0.9703
vn -0.0214 0.1327 0.9909
vn 0.0368 -0.0626 0.9974
vn 0.2098 0.1163 0.9708
vn -0.0466 0.1396 0.9891
vn 0.1256 -0.1414 0.9820
vn -0.5230 -0.0335 0.8517
vn -0.5295 -0.0007 0.8483
vn -0.5455 0.0001 0.8381
vn -0.6162 0.0073 0.7876
vn -0.6504 0.0003 0.7596
vn -0.6272 -0.0087 0.7788
vn -0.6272 -0.0087 0.7788
vn -0.6151 -0.0031 0.7885
vn -0.6162 0.0073 0.7876
vn -0.6117 0.0046 0.7911
vn -0.6162 0.0073 0.7876
vn -0.6151 -0.0031 0.7885
vn -0.6151 -0.0031 0.7885
vn -0.6078 -0.0043 0.7940
vn -0.6117 0.0046 0.7911
vn -0.6018 0.0037 0.7986
vn -0.6117 0.0046 0.7911
vn -0.6078 -0.0043 0.7940
vn -0.6078 -0.0043 0.7940
vn -0.6005 -0.0030 0.7996
vn -0.6018 0.0037 0.7986
vn -0.6005 -0.0030 0.7996
vn -0.5855 0.0047 0.8107
vn -0.6018 0.0037 0.7986
vn -0.6005 -0.0030 0.7996
vn -0.5822 -0.0042 0.8131
vn -0.5855 0.0047 0.8107
vn -0.5822 -0.0042 0.8131
vn -0.2876 -0.3704 0.8832
vn -0.3051 -0.0363 0.9516
vn -0.5822 -0.0042 0.8131
vn -0.3051 -0.0363 0.9516
vn -0.5705 -0.0007 0.8213
vn -0.5798 0.0032 0.8148
vn -0.5634 0.0103 0.8261
vn -0.5705 -0.0007 0.8213
vn -0.5798 0.0008 0.8148
vn -0.5705 -0.0007 0.8213
vn -0.3051 -0.0363 0.9516
vn -0.5705 -0.0007 0.8213
vn -0.5798 0.0008 0.8148
vn -0.5798 0.0032 0.8148
vn -0.5705 -0.0007 0.8213
vn -0.5634 0.0103 0.8261
vn -0.5822 -0.0042 0.8131
vn -0.5634 0.0103 0.8261
vn -0.5855 0.0047 0.8107
vn -0.5822 -0.0042 0.8131
vn -0.5855 0.0047 0.8107
vn -0.5634 0.0103 0.8261
vn -0.0443 0.1503 0.9876
vn 0.4446 -0.0044 0.8957
vn 0.4446 -0.0044 0.8957
vn 0.4446 -0.0044 0.8957
vn -0.4325 -0.4752 0.7662
vn -0.6156 0.0000 0.7881
vn -0.4728 0.0002 0.8812
vn -0.5564 0.0000 0.8309
vn -0.6385 0.0108 0.7695
vn -0.5572 -0.0084 0.8303
vn -0.6385 0.0108 0.7695
vn -0.6156 0.0000 0.7881
vn -0.5572 -0.0084 0.8303
vn -0.6385 0.0108 0.7695
vn -0.2123 0.4692 0.8572
vn -0.6156 0.0000 0.7881
vn -0.2123 0.4692 0.8572
vn -0.4728 0.0002 0.8812
vn 0.2921 0.0149 0.9563
vn -0.3051 -0.0363 0.9516
vn -0.5086 -0.0030 0.8610
vn -0.5798 0.0008 0.8148
vn -0.5086 -0.0030 0.8610
vn -0.4728 0.0002 0.8812
vn -0.5798 0.0008 0.8148
vn -0.5495 -0.0001 0.8355
vn -0.5273 -0.0009 0.8497
vn -0.5502 0.0001 0.8350
vn -0.5572 -0.0084 0.8303
vn -0.5542 -0.0000 0.8324
vn -0.5564 0.0000 0.8309
vn -0.5502 0.0001 0.8350
vn -0.5564 0.0000 0.8309
vn -0.5542 -0.0000 0.8324
vn -0.5502 0.0001 0.8350
vn -0.5542 -0.0000 0.8324
vn -0.5495 -0.0001 0.8355
vn -0.5467 0.0002 0.8373
vn -0.5502 0.0001 0.8350
vn -0.5273 -0.0009 0.8497
vn -0.5238 -0.0003 0.8518
vn -0.5269 0.0456 0.8487
vn -0.5092 0.0018 0.8606
vn -0.5092 0.0018 0.8606
vn -0.5467 0.0002 0.8373
vn -0.5273 -0.0009 0.8497
vn -0.5092 0.0018 0.8606
vn -0.5273 -0.0009 0.8497
vn -0.5393 -0.0216 0.8419
vn -0.5393 -0.0216 0.8419
vn -0.5238 -0.0003 0.8518
vn -0.5092 0.0018 0.8606
vn -0.5455 0.0001 0.8381
vn -0.5269 0.0456 0.8487
vn -0.5238 -0.0003 0.8518
vn -0.5238 -0.0003 0.8518
vn -0.5230 -0.0335 0.8517
vn -0.5455 0.0001 0.8381
vn -0.4891 -0.0044 0.8722
vn -0.4753 -0.0002 0.8798
vn -0.4788 0.0012 0.8779
vn -0.4788 0.0012 0.8779
vn -0.4940 0.0104 0.8694
vn -0.4891 -0.0044 0.8722
vn -0.5019 -0.0013 0.8649
vn -0.4891 -0.0044 0.8722
vn -0.4940 0.0104 0.8694
vn -0.5019 -0.0013 0.8649
vn -0.4940 0.0104 0.8694
vn -0.5055 0.0016 0.8628
vn -0.5295 -0.0007 0.8483
vn -0.5019 -0.0013 0.8649
vn -0.5055 0.0016 0.8628
vn -0.5055 0.0016 0.8628
vn -0.5111 0.0021 0.8595
vn -0.5295 -0.0007 0.8483
vn -0.5295 -0.0007 0.8483
vn -0.5111 0.0021 0.8595
vn -0.5455 0.0001 0.8381
vn -0.3073 0.0012 0.9516
vn -0.1451 0.1711 0.9745
vn -0.4558 0.0034 0.8901
vn -0.4753 -0.0002 0.8798
vn -0.4245 0.0029 0.9054
vn -0.4545 0.0000 0.8907
vn -0.4753 -0.0002 0.8798
vn -0.4545 0.0000 0.8907
vn -0.4660 0.0001 0.8848
vn -0.4660 0.0001 0.8848
vn -0.4788 0.0012 0.8779
vn -0.4753 -0.0002 0.8798
vn -0.4558 0.0034 0.8901
vn -0.4788 0.0012 0.8779
vn -0.4660 0.0001 0.8848
vn -0.4558 0.0034 0.8901
vn -0.4660 0.0001 0.8848
vn -0.4305 0.0015 0.9026
vn -0.4558 0.0034 0.8901
vn -0.4305 0.0015 0.9026
vn -0.3073 0.0012 0.9516
vn -0.3051 -0.0363 0.9516
vn -0.4325 -0.4752 0.7662
vn -0.5086 -0.0030 0.8610
vn -0.5542 -0.0000 0.8324
vn -0.5572 -0.0084 0.8303
vn -0.5495 -0.0001 0.8355
vn -0.6156 0.0000 0.7881
vn -0.4325 -0.4752 0.7662
vn -0.5572 -0.0084 0.8303
vn -0.5273 -0.0009 0.8497
vn -0.5495 -0.0001 0.8355
vn -0.5572 -0.0084 0.8303
vn -0.5393 -0.0216 0.8419
vn -0.4325 -0.4752 0.7662
vn -0.5230 -0.0335 0.8517
vn -0.5572 -0.0084 0.8303
vn -0.4325 -0.4752 0.7662
vn -0.5393 -0.0216 0.8419
vn -0.5572 -0.0084 0.8303
vn -0.5393 -0.0216 0.8419
vn -0.5273 -0.0009 0.8497
vn -0.3884 -0.4709 0.7921
vn -0.3051 -0.0363 0.9516
vn -0.2876 -0.3704 0.8832
vn 0.2726 -0.3859 0.8813
vn -0.3884 -0.4709 0.7921
vn -0.2876 -0.3704 0.8832
vn -0.4245 0.0029 0.9054
vn -0.4753 -0.0002 0.8798
vn -0.2857 -0.2736 0.9184
vn -0.3719 0.0004 0.9283
vn -0.4545 0.0000 0.8907
vn -0.4245 0.0029 0.9054
vn -0.4545 0.0000 0.8907
vn -0.3719 0.0004 0.9283
vn -0.3828 -0.0000 0.9238
vn -0.3828 -0.0000 0.9238
vn -0.4660 0.0001 0.8848
vn -0.4545 0.0000 0.8907
vn -0.4660 0.0001 0.8848
vn -0.3828 -0.0000 0.9238
vn -0.3948 0.0001 0.9188
vn -0.3948 0.0001 0.9188
vn -0.4305 0.0015 0.9026
vn -0.4660 0.0001 0.8848
vn -0.3073 0.0012 0.9516
vn -0.0075 0.0027 1.0000
vn -0.1451 0.1711 0.9745
vn -0.3073 0.0012 0.9516
vn -0.1171 0.0004 0.9931
vn -0.0075 0.0027 1.0000
vn -0.0075 0.0027 1.0000
vn -0.1171 0.0004 0.9931
vn -0.0115 -0.0013 0.9999
vn -0.0115 -0.0013 0.9999
vn -0.0188 -0.0030 0.9998
vn 0.0195 -0.0086 0.9998
vn -0.0188 -0.0030 0.9998
vn -0.0115 -0.0013 0.9999
vn -0.1171 0.0004 0.9931
vn -0.2073 -0.0008 0.9783
vn -0.1171 0.0004 0.9931
vn -0.3073 0.0012 0.9516
vn -0.1171 0.0004 0.9931
vn -0.2073 -0.0008 0.9783
vn -0.2032 0.0001 0.9791
vn -0.2032 0.0001 0.9791
vn -0.0188 -0.0030 0.9998
vn -0.1171 0.0004 0.9931
vn -0.0188 -0.0030 0.9998
vn -0.2032 0.0001 0.9791
vn -0.0380 0.0014 0.9993
vn -0.0380 0.0014 0.9993
vn 0.0195 -0.0086 0.9998
vn -0.0188 -0.0030 0.9998
vn -0.2857 -0.2736 0.9184
vn 0.0195 -0.0086 0.9998
vn -0.0380 0.0014 0.9993
vn -0.3073 0.0012 0.9516
vn -0.3948 0.0001 0.9188
vn -0.3154 -0.0009 0.9489
vn -0.3154 -0.0009 0.9489
vn -0.3948 0.0001 0.9188
vn -0.3828 -0.0000 0.9238
vn -0.3828 -0.0000 0.9238
vn -0.2992 -0.0000 0.9542
vn -0.3154 -0.0009 0.9489
vn -0.2992 -0.0000 0.9542
vn -0.3828 -0.0000 0.9238
vn -0.3719 0.0004 0.9283
vn -0.3719 0.0004 0.9283
vn -0.2849 -0.0002 0.9586
vn -0.2992 -0.0000 0.9542
vn -0.2849 -0.0002 0.9586
vn -0.3719 0.0004 0.9283
vn -0.4245 0.0029 0.9054
vn -0.4305 0.0015 0.9026
vn -0.3948 0.0001 0.9188
vn -0.3073 0.0012 0.9516
vn -0.4245 0.0029 0.9054
vn -0.2857 -0.2736 0.9184
vn -0.0380 0.0014 0.9993
vn -0.0380 0.0014 0.9993
vn -0.2849 -0.0002 0.9586
vn -0.4245 0.0029 0.9054
vn -0.2849 -0.0002 0.9586
vn -0.0380 0.0014 0.9993
vn -0.2032 0.0001 0.9791
vn -0.2032 0.0001 0.9791
vn -0.2992 -0.0000 0.9542
vn -0.2849 -0.0002 0.9586
vn -0.2992 -0.0000 0.9542
vn -0.2032 0.0001 0.9791
vn -0.2073 -0.0008 0.9783
vn -0.2073 -0.0008 0.9783
vn -0.3154 -0.0009 0.9489
vn -0.2992 -0.0000 0.9542
vn -0.3073 0.0012 0.9516
vn -0.3154 -0.0009 0.9489
vn -0.2073 -0.0008 0.9783
vn -0.0481 -0.9820 0.1826
vn -0.0026 -0.9872 0.1594
vn -0.0086 -0.9768 0.2138
vn -0.0481 -0.9820 0.1826
vn -0.3238 -0.8304 0.4535
vn -0.3704 -0.8775 0.3045
vn -0.4291 -0.8598 0.2767
vn -0.3382 -0.9329 0.1237
vn -0.0647 -0.9961 0.0596
vn -0.0086 -0.9768 0.2138
vn -0.0612 -0.9602 0.2726
vn -0.0481 -0.9820 0.1826
vn -0.3704 -0.8775 0.3045
vn -0.0647 -0.9961 0.0596
vn -0.0481 -0.9820 0.1826
vn -0.3884 -0.4709 0.7921
vn 0.2812 -0.3944 0.8749
vn -0.0872 -0.7889 0.6083
vn -0.4291 -0.8598 0.2767
vn -0.0647 -0.9961 0.0596
vn -0.3704 -0.8775 0.3045
vn -0.9280 -0.3551 0.1130
vn -0.5948 -0.7186 0.3604
vn -0.9280 -0.3551 0.1130
vn -0.3884 -0.4709 0.7921
vn -0.8856 -0.3093 0.3465
vn -0.5948 -0.7186 0.3604
vn -0.0872 -0.7889 0.6083
vn -0.3238 -0.8304 0.4535
vn -0.0369 -0.9431 0.3305
vn -0.0612 -0.9602 0.2726
vn -0.3238 -0.8304 0.4535
vn -0.0481 -0.9820 0.1826
vn -0.0612 -0.9602 0.2726
vn -0.0369 -0.9431 0.3305
vn -0.3238 -0.8304 0.4535
vn -0.9646 -0.0566 0.2577
vn -0.9646 -0.0566 0.2577
vn -0.9646 -0.0566 0.2577
vn -0.5019 -0.0013 0.8649
vn -0.5295 -0.0007 0.8483
vn -0.5230 -0.0335 0.8517
vn -0.5230 -0.0335 0.8517
vn -0.4325 -0.4752 0.7662
vn -0.2857 -0.2736 0.9184
vn -0.5230 -0.0335 0.8517
vn -0.5238 -0.0003 0.8518
vn -0.5393 -0.0216 0.8419
vn -0.5230 -0.0335 0.8517
vn -0.4891 -0.0044 0.8722
vn -0.5019 -0.0013 0.8649
vn -0.4891 -0.0044 0.8722
vn -0.5230 -0.0335 0.8517
vn -0.2857 -0.2736 0.9184
vn -0.2857 -0.2736 0.9184
vn -0.4753 -0.0002 0.8798
vn -0.4891 -0.0044 0.8722
vn -0.4325 -0.4752 0.7662
vn -0.3051 -0.0363 0.9516
vn -0.3884 -0.4709 0.7921
vn -0.2857 -0.2736 0.9184
vn -0.4325 -0.4752 0.7662
vn -0.3884 -0.4709 0.7921
vn 0.1256 -0.1414 0.9820
vn -0.1566 -0.1842 0.9703
vn 0.0368 -0.0626 0.9974
vn 0.1256 -0.1414 0.9820
vn -0.0466 0.1396 0.9891
vn -0.1566 -0.1842 0.9703
vn 0.1351 0.4247 -0.8952
vn 0.1351 0.4247 -0.8952
vn 0.1351 0.4247 -0.8952
vn -0.1351 -0.4247 0.8952
vn 0.1256 -0.1414 0.9820
vn -0.0466 0.1396 0.9891
vn -0.8135 0.0021 0.5815
vn -0.9066 -0.0329 0.4208
vn -0.8349 -0.0636 0.5466
vn -0.9066 -0.0329 0.4208
vn -0.9229 0.2565 -0.2870
vn -0.8349 -0.0636 0.5466
vn -0.8114 0.2873 0.5091
vn -0.8349 -0.0636 0.5466
vn -0.7281 0.4571 0.5108
vn -0.7281 0.4571 0.5108
vn -0.6148 0.4223 0.6661
vn -0.6631 -0.5683 0.4871
vn -0.6148 0.4223 0.6661
vn -0.4469 0.1172 0.8869
vn -0.6631 -0.5683 0.4871
vn -0.7504 -0.0175 0.6607
vn -0.6631 -0.5683 0.4871
vn -0.4469 0.1172 0.8869
vn -0.7504 -0.0175 0.6607
vn -0.4469 0.1172 0.8869
vn -0.6831 -0.1334 0.7180
vn -0.6831 -0.1334 0.7180
vn -0.8054 -0.0178 0.5925
vn -0.7504 -0.0175 0.6607
vn -0.8108 -0.0245 0.5848
vn -0.8159 0.0886 0.5713
vn -0.8054 -0.0178 0.5925
vn -0.8348 0.0280 0.5499
vn -0.8128 0.0414 0.5811
vn -0.8159 0.0886 0.5713
vn -0.8361 0.1983 0.5115
vn -0.7817 0.1773 0.5979
vn -0.7987 0.0501 0.5997
vn -0.8361 0.1983 0.5115
vn -0.7987 0.0501 0.5997
vn -0.7356 -0.0581 0.6749
vn -0.7356 -0.0581 0.6749
vn -0.7892 -0.0328 0.6133
vn -0.8361 0.1983 0.5115
vn -0.8196 0.0012 0.5730
vn -0.8361 0.1983 0.5115
vn -0.7892 -0.0328 0.6133
vn -0.6575 0.0648 0.7507
vn -0.7892 -0.0328 0.6133
vn -0.7987 0.0501 0.5997
vn -0.9066 -0.0329 0.4208
vn -0.7892 -0.0328 0.6133
vn -0.8000 -0.0565 0.5973
vn -0.7987 0.0501 0.5997
vn -0.7817 0.1773 0.5979
vn -0.7872 0.0117 0.6166
vn -0.7987 0.0501 0.5997
vn -0.7872 0.0117 0.6166
vn -0.8000 -0.0565 0.5973
vn -0.7872 0.0117 0.6166
vn -0.8128 0.0414 0.5811
vn -0.8348 0.0280 0.5499
vn -0.8159 0.0886 0.5713
vn -0.8108 -0.0245 0.5848
vn -0.8348 0.0280 0.5499
vn -0.8108 -0.0245 0.5848
vn -0.8280 0.0360 0.5596
vn -0.8348 0.0280 0.5499
vn -0.8280 0.0360 0.5596
vn -0.7872 0.0117 0.6166
vn -0.8348 0.0280 0.5499
vn -0.8000 -0.0565 0.5973
vn -0.8280 0.0360 0.5596
vn -0.8108 -0.0245 0.5848
vn -0.9066 -0.0329 0.4208
vn -0.8000 -0.0565 0.5973
vn -0.8016 -0.4138 0.4315
vn -0.8108 -0.0245 0.5848
vn -0.8054 -0.0178 0.5925
vn -0.6831 -0.1334 0.7180
vn -0.8000 -0.0565 0.5973
vn -0.8108 -0.0245 0.5848
vn -0.6831 -0.1334 0.7180
vn -0.8196 0.0012 0.5730
vn -0.7892 -0.0328 0.6133
vn -0.9066 -0.0329 0.4208
vn -0.9066 -0.0329 0.4208
vn -0.8135 0.0021 0.5815
vn -0.8196 0.0012 0.5730
vn -0.9229 0.2565 -0.2870
vn -0.7281 0.4571 0.5108
vn -0.8349 -0.0636 0.5466
vn -0.8016 -0.4138 0.4315
vn -0.8000 -0.0565 0.5973
vn -0.6831 -0.1334 0.7180
vn -0.8031 -0.4722 -0.3635
vn -0.8031 -0.4722 -0.3635
vn -0.8016 -0.4138 0.4315
vn -0.9628 0.0470 -0.2660
vn -0.7632 -0.5477 -0.3429
vn -0.7632 -0.5477 -0.3429
vn -0.4916 -0.6976 0.5212
vn -0.6969 -0.4546 0.5547
vn -0.8016 -0.4138 0.4315
vn -0.9229 0.2565 -0.2870
vn -0.6167 0.1095 -0.7795
vn -0.9628 0.0470 -0.2660
vn -0.6782 0.5486 0.4890
vn -0.3233 -0.1404 0.9358
vn -0.4469 0.1172 0.8869
vn -0.6782 0.5486 0.4890
vn -0.4469 0.1172 0.8869
vn -0.6148 0.4223 0.6661
vn -0.6148 0.4223 0.6661
vn -0.7281 0.4571 0.5108
vn -0.6782 0.5486 0.4890
vn 0.1599 -0.0388 0.9864
vn -0.4469 0.1172 0.8869
vn -0.3233 -0.1404 0.9358
vn -0.3233 -0.1404 0.9358
vn 0.2934 0.0381 0.9552
vn 0.2934 0.0381 0.9552
vn 0.0053 -0.9988 0.0482
vn 0.0053 -0.9988 0.0482
vn -0.4916 -0.6976 0.5212
vn -0.8126 0.5152 0.2725
vn -0.7281 0.4571 0.5108
vn -0.9229 0.2565 -0.2870
vn -0.6782 0.5486 0.4890
vn -0.7281 0.4571 0.5108
vn -0.8126 0.5152 0.2725
vn -0.9628 0.0470 -0.2660
vn -0.8126 0.5152 0.2725
vn -0.9229 0.2565 -0.2870
vn -0.5383 -0.7074 0.4581
vn -0.0532 -0.9806 0.1888
vn -0.5383 -0.7074 0.4581
vn -0.0877 0.9219 0.3773
vn -0.0416 0.9807 0.1911
vn -0.0877 0.9219 0.3773
vn -0.8073 0.0156 -0.5900
vn -0.8073 0.0156 -0.5900
vn -0.7179 0.3690 -0.5902
vn -0.6143 0.0670 0.7863
vn -0.6969 -0.4546 0.5547
vn -0.6143 0.0670 0.7863
vn -0.0416 0.9807 0.1911
vn 0.1403 0.9265 0.3492
vn -0.2649 0.7988 0.5401
vn -0.8368 0.3427 0.4270
vn -0.5310 0.8270 -0.1845
vn -0.8368 0.3427 0.4270
vn 0.0693 -0.4979 0.8645
vn 0.0693 -0.4979 0.8645
vn 0.2701 -0.6767 0.6849
vn -0.6196 0.0805 0.7808
vn -0.6196 0.0805 0.7808
vn -0.6196 0.0805 0.7808
vn -0.7919 0.3970 0.4640
vn -0.7919 0.3970 0.4640
vn -0.5310 0.8270 -0.1845
vn -0.5843 -0.5967 0.5500
vn -0.0532 -0.9806 0.1888
vn -0.5843 -0.5967 0.5500
vn 0.5452 0.2529 -0.7993
vn 0.5452 0.2529 -0.7993
vn 0.5452 0.2529 -0.7993
vn -0.8108 -0.0245 0.5848
vn -0.8280 0.0360 0.5596
vn -0.5452 -0.2529 0.7993
vn 0.8263 0.4628 -0.3211
vn 0.8263 0.4628 -0.3211
vn 0.8263 0.4628 -0.3211
vn 0.6097 -0.5774 -0.5429
vn 0.6097 -0.5774 -0.5429
vn 0.6097 -0.5774 -0.5429
vn -0.6097 0.5774 0.5429
vn -0.8348 0.0280 0.5499
vn -0.8263 -0.4628 0.3211
vn -0.8263 -0.4628 0.3211
vn -0.8128 0.0414 0.5811
vn -0.6097 0.5774 0.5429
vn 0.4049 -0.6213 -0.6708
vn 0.4049 -0.6213 -0.6708
vn 0.4049 -0.6213 -0.6708
vn 0.3327 0.4645 0.8207
vn 0.3327 0.4645 0.8207
vn 0.3327 0.4645 0.8207
vn -0.7872 0.0117 0.6166
vn -0.8280 0.0360 0.5596
vn -0.9434 -0.1610 0.2900
vn -0.9434 -0.1610 0.2900
vn -0.8000 -0.0565 0.5973
vn -0.4957 -0.6460 0.5805
vn -0.7872 0.0117 0.6166
vn -0.9434 -0.1610 0.2900
vn -0.5574 0.1865 0.8090
vn 0.6523 0.3225 -0.6859
vn 0.6523 0.3225 -0.6859
vn 0.6523 0.3225 -0.6859
vn 0.5427 -0.5097 0.6675
vn 0.5427 -0.5097 0.6675
vn 0.5427 -0.5097 0.6675
vn -0.7817 0.1773 0.5979
vn -0.7845 0.5399 0.3051
vn -0.7313 -0.1687 0.6609
vn -0.7872 0.0117 0.6166
vn -0.7313 -0.1687 0.6609
vn -0.8128 0.0414 0.5811
vn -0.7845 0.5399 0.3051
vn -0.8128 0.0414 0.5811
vn -0.7313 -0.1687 0.6609
vn -0.3076 0.6440 -0.7004
vn -0.3076 0.6440 -0.7004
vn -0.3076 0.6440 -0.7004
vn -0.8257 -0.2749 0.4926
vn -0.6575 0.0648 0.7507
vn -0.7987 0.0501 0.5997
vn -0.7892 -0.0328 0.6133
vn -0.8257 -0.2749 0.4926
vn -0.8000 -0.0565 0.5973
vn -0.1610 -0.9446 0.2859
vn -0.1610 -0.9446 0.2859
vn -0.1610 -0.9446 0.2859
vn 0.4603 -0.4400 -0.7711
vn 0.4603 -0.4400 -0.7711
vn 0.4603 -0.4400 -0.7711
vn -0.8876 -0.4409 0.1329
vn -0.9816 0.1431 0.1262
vn -0.7817 0.1773 0.5979
vn 0.8876 0.4409 -0.1329
vn 0.8876 0.4409 -0.1329
vn 0.8876 0.4409 -0.1329
vn -0.4603 0.4400 0.7711
vn -0.4920 0.0500 0.8691
vn -0.7987 0.0501 0.5997
vn -0.7987 0.0501 0.5997
vn -0.7892 -0.0328 0.6133
vn -0.7356 -0.0581 0.6749
vn -0.6492 -0.7190 -0.2480
vn -0.6492 -0.7190 -0.2480
vn -0.6492 -0.7190 -0.2480
vn 0.6492 0.7190 0.2480
vn 0.6492 0.7190 0.2480
vn 0.6492 0.7190 0.2480
vn 0.6538 0.6790 -0.3340
vn 0.6538 0.6790 -0.3340
vn 0.6538 0.6790 -0.3340
vn -0.6538 -0.6790 0.3340
vn -0.6538 -0.6790 0.3340
vn -0.7892 -0.0328 0.6133
vn 0.4143 -0.1605 0.8959
vn 0.6089 -0.1004 0.7869
vn 0.6089 -0.1004 0.7869
vn 0.0280 0.7170 0.6965
vn -0.2542 -0.1482 0.9557
vn 0.3862 0.3302 0.8613
vn 0.5141 0.1168 0.8498
vn 0.3862 0.3302 0.8613
vn -0.2542 -0.1482 0.9557
vn 0.3862 0.3302 0.8613
vn 0.2841 0.6036 0.7449
vn 0.0280 0.7170 0.6965
vn -0.2037 0.9739 -0.1001
vn -0.2037 0.9739 -0.1001
vn 0.1403 0.9265 0.3492
vn -0.1950 -0.7399 0.6438
vn -0.2254 -0.9741 0.0178
vn -0.0532 -0.9806 0.1888
vn -0.0179 -0.3716 0.9282
vn 0.4143 -0.1605 0.8959
vn 0.5920 -0.1867 0.7840
vn -0.0532 -0.9806 0.1888
vn -0.2254 -0.9741 0.0178
vn -0.2294 -0.9600 -0.1607
vn -0.0532 -0.9806 0.1888
vn -0.2294 -0.9600 -0.1607
vn -0.2173 -0.9635 0.1563
vn -0.0655 -0.9728 0.2221
vn -0.0532 -0.9806 0.1888
vn -0.2173 -0.9635 0.1563
vn 0.3146 0.8561 0.4099
vn 0.1403 0.9265 0.3492
vn -0.0416 0.9807 0.1911
vn -0.6163 -0.3671 -0.6967
vn -0.6163 -0.3671 -0.6967
vn -0.6163 -0.3671 -0.6967
vn 0.6163 0.3671 0.6967
vn 0.6163 0.3671 0.6967
vn 0.4143 -0.1605 0.8959
vn 0.4143 -0.1605 0.8959
vn -0.0179 -0.3716 0.9282
vn 0.2701 -0.6767 0.6849
vn -0.1950 -0.7399 0.6438
vn 0.2701 -0.6767 0.6849
vn -0.0179 -0.3716 0.9282
vn -0.4259 0.0420 -0.9038
vn -0.4259 0.0420 -0.9038
vn -0.4259 0.0420 -0.9038
vn 0.2701 -0.6767 0.6849
vn 0.4259 -0.0420 0.9038
vn 0.4259 -0.0420 0.9038
vn -0.7324 -0.3611 -0.5772
vn -0.7324 -0.3611 -0.5772
vn -0.7324 -0.3611 -0.5772
vn 0.2828 -0.8991 0.3341
vn -0.0532 -0.9806 0.1888
vn 0.2701 -0.6767 0.6849
vn 0.2701 -0.6767 0.6849
vn -0.1950 -0.7399 0.6438
vn 0.2828 -0.8991 0.3341
vn 0.1403 0.9265 0.3492
vn 0.3146 0.8561 0.4099
vn 0.0280 0.7170 0.6965
vn 0.3357 -0.7423 0.5800
vn 0.4143 -0.1605 0.8959
vn 0.3357 -0.7423 0.5800
vn -0.3357 0.7423 -0.5800
vn -0.3357 0.7423 -0.5800
vn -0.3357 0.7423 -0.5800
vn -0.0416 0.9807 0.1911
vn 0.2966 0.9080 0.2958
vn 0.3146 0.8561 0.4099
vn -0.2542 -0.1482 0.9557
vn -0.6992 0.0998 0.7080
vn -0.7293 0.3514 0.5871
vn 0.0280 0.7170 0.6965
vn 0.3146 0.8561 0.4099
vn -0.7293 0.3514 0.5871
vn -0.4843 0.6753 0.5563
vn -0.4843 0.6753 0.5563
vn -0.4843 0.6753 0.5563
vn -0.6600 -0.3745 0.6512
vn -0.6600 -0.3745 0.6512
vn -0.7293 0.3514 0.5871
vn -0.9430 -0.2987 0.1470
vn -0.2542 -0.1482 0.9557
vn -0.7293 0.3514 0.5871
vn -0.8312 0.2088 0.5153
vn -0.7293 0.3514 0.5871
vn -0.8312 0.2088 0.5153
vn -0.9430 -0.2987 0.1470
vn -0.7756 -0.4019 0.4867
vn -0.1950 -0.7399 0.6438
vn -0.9839 0.0539 -0.1707
vn -0.9430 -0.2987 0.1470
vn -0.7293 0.3514 0.5871
vn -0.0179 -0.3716 0.9282
vn -0.2542 -0.1482 0.9557
vn -0.9430 -0.2987 0.1470
vn 0.2209 0.9590 0.1778
vn -0.1874 0.9620 -0.1986
vn -0.5310 0.8270 -0.1845
vn -0.2209 -0.9590 -0.1778
vn -0.2209 -0.9590 -0.1778
vn -0.2209 -0.9590 -0.1778
vn -0.5310 0.8270 -0.1845
vn -0.0313 0.9537 0.2991
vn -0.0313 0.9537 0.2991
vn 0.0313 -0.9537 -0.2991
vn 0.0313 -0.9537 -0.2991
vn 0.0313 -0.9537 -0.2991
vn -0.7179 0.3690 -0.5902
vn -0.4469 0.2039 -0.8710
vn -0.7126 0.0771 -0.6973
vn -0.4258 0.7893 0.4424
vn -0.4258 0.7893 0.4424
vn -0.4258 0.7893 0.4424
vn -0.7126 0.0771 -0.6973
vn -0.5755 -0.4155 -0.7044
vn -0.5755 -0.4155 -0.7044
vn 0.5589 0.4485 0.6975
vn 0.5589 0.4485 0.6975
vn 0.5589 0.4485 0.6975
vn -0.5589 -0.4485 -0.6975
vn -0.5589 -0.4485 -0.6975
vn -0.5589 -0.4485 -0.6975
vn -0.4911 0.8347 -0.2492
vn -0.4911 0.8347 -0.2492
vn -0.4911 0.8347 -0.2492
vn 0.4911 -0.8347 0.2492
vn 0.4911 -0.8347 0.2492
vn 0.4911 -0.8347 0.2492
vn -0.6972 -0.0382 -0.7158
vn -0.6972 -0.0382 -0.7158
vn -0.6972 -0.0382 -0.7158
vn 0.6972 0.0382 0.7158
vn 0.6972 0.0382 0.7158
vn 0.6972 0.0382 0.7158
vn -0.2294 -0.9600 -0.1607
vn -0.2254 -0.9741 0.0178
vn -0.3065 -0.8665 -0.3939
vn -0.9430 -0.2987 0.1470
vn -0.4469 -0.8836 -0.1397
vn -0.2173 -0.9635 0.1563
vn -0.2173 -0.9635 0.1563
vn -0.2294 -0.9600 -0.1607
vn -0.2326 -0.8005 0.5524
vn -0.5862 -0.3927 -0.7086
vn -0.5862 -0.3927 -0.7086
vn -0.5862 -0.3927 -0.7086
vn -0.5503 -0.1800 -0.8153
vn -0.9839 0.0539 -0.1707
vn -0.7179 0.3690 -0.5902
vn -0.5310 0.8270 -0.1845
vn -0.7179 0.3690 -0.5902
vn -0.5751 0.6673 -0.4732
vn -0.7179 0.3690 -0.5902
vn -0.4766 0.5673 -0.6716
vn -0.5751 0.6673 -0.4732
vn -0.5310 0.8270 -0.1845
vn -0.5751 0.6673 -0.4732
vn -0.1874 0.9620 -0.1986
vn -0.0416 0.9807 0.1911
vn -0.1874 0.9620 -0.1986
vn -0.0429 0.9918 -0.1204
vn -0.0416 0.9807 0.1911
vn -0.5310 0.8270 -0.1845
vn -0.1874 0.9620 -0.1986
vn -0.4571 -0.6941 -0.5561
vn -0.2254 -0.9741 0.0178
vn -0.2294 -0.9600 -0.1607
vn 0.4571 0.6941 0.5561
vn 0.4571 0.6941 0.5561
vn 0.4571 0.6941 0.5561
f 1457//1 1344//2 1352//3
f 1457//4 1340//5 1344//6
f 1457//7 1374//8 1386//9
f 1457//10 1361//11 1374//12
f 1457//13 1352//14 1361//15
f 1457//16 1408//17 1422//18
f 1457//19 1399//20 1408//21
f 1457//22 1386//23 1399//24
f 1457//25 1448//26 1464//27
f 1457//28 1434//29 1448//30
f 1457//31 1422//32 1434//33
f 1457//34 1492//35 1503//36
f 1457//37 1478//38 1492//39
f 1457//40 1464//41 1478//42
f 1457//43 1531//44 1540//45
f 1457//46 1517//47 1531//48
f 1457//49 1503//50 1517//51
f 1457//52 1561//53 1569//54
f 1457//55 1552//56 1561//57
f 1457//58 1540//59 1552//60
f 1457//61 1574//62 1562//63
f 1457//64 1541//65 1532//66
f 1457//67 1553//68 1541//69
f 1457//70 1562//71 1553//72
f 1457//73 1504//74 1493//75
f 1457//76 1518//77 1504//78
f 1457//79 1532//80 1518//81
f 1457//82 1465//83 1449//84
f 1457//85 1479//86 1465//87
f 1457//88 1493//89 1479//90
f 1457//91 1423//92 1409//93
f 1457//94 1435//95 1423//96
f 1457//97 1449//98 1435//99
f 1457//100 1387//101 1375//102
f 1457//103 1400//104 1387//105
f 1457//106 1409//107 1400//108
f 1457//109 1354//110 1345//111
f 1457//112 1362//113 1354//114
f 1457//115 1375//116 1362//117
f 1457//118 1345//119 1340//120
f 1457//121 1569//122 1574//123
f 1344//124 1340//125 1342//126
f 1342//127 1348//128 1344//129
f 1352//130 1344//131 1348//132
f 1348//133 1353//134 1352//135
f 1361//136 1352//137 1353//138
f 1353//139 1365//140 1361//141
f 1374//142 1361//143 1365//144
f 1365//145 1378//146 1374//147
f 1386//148 1374//149 1378//150
f 1378//151 1390//152 1386//153
f 1399//154 1386//155 1390//156
f 1390//157 1403//158 1399//159
f 1408//160 1399//161 1403//162
f 1403//163 1412//164 1408//165
f 1422//166 1408//167 1412//168
f 1412//169 1426//170 1422//171
f 1434//172 1422//173 1426//174
f 1426//175 1438//176 1434//177
f 1448//178 1434//179 1438//180
f 1438//181 1452//182 1448//183
f 1464//184 1448//185 1452//186
f 1452//187 1468//188 1464//189
f 1478//190 1464//191 1468//192
f 1468//193 1482//194 1478//195
f 1492//196 1478//197 1482//198
f 1482//199 1496//200 1492//201
f 1503//202 1492//203 1496//204
f 1496//205 1507//206 1503//207
f 1517//208 1503//209 1507//210
f 1507//211 1521//212 1517//213
f 1531//214 1517//215 1521//216
f 1521//217 1535//218 1531//219
f 1540//220 1531//221 1535//222
f 1535//223 1544//224 1540//225
f 1552//226 1540//227 1544//228
f 1544//229 1556//230 1552//231
f 1561//232 1552//233 1556//234
f 1556//235 1565//236 1561//237
f 1569//238 1561//239 1565//240
f 1565//241 1571//242 1569//243
f 1574//244 1569//245 1571//246
f 1571//247 1576//248 1574//249
f 1562//250 1574//251 1576//252
f 1576//253 1566//254 1562//255
f 1553//256 1562//257 1566//258
f 1566//259 1557//260 1553//261
f 1541//262 1553//263 1557//264
f 1557//265 1545//266 1541//267
f 1532//268 1541//269 1545//270
f 1545//271 1536//272 1532//273
f 1518//274 1532//275 1536//276
f 1536//277 1522//278 1518//279
f 1504//280 1518//281 1522//282
f 1522//283 1508//284 1504//285
f 1493//286 1504//287 1508//288
f 1508//289 1497//290 1493//291
f 1479//292 1493//293 1497//294
f 1497//295 1483//296 1479//297
f 1465//298 1479//299 1483//300
f 1483//301 1469//302 1465//303
f 1449//304 1465//305 1469//306
f 1469//307 1453//308 1449//309
f 1435//310 1449//311 1453//312
f 1453//313 1439//314 1435//315
f 1423//316 1435//317 1439//318
f 1439//319 1427//320 1423//321
f 1409//322 1423//323 1427//324
f 1427//325 1413//326 1409//327
f 1400//328 1409//329 1413//330
f 1413//331 1404//332 1400//333
f 1387//334 1400//335 1404//336
f 1404//337 1391//338 1387//339
f 1375//340 1387//341 1391//342
f 1391//343 1379//344 1375//345
f 1362//346 1375//347 1379//348
f 1379//349 1366//350 1362//351
f 1354//352 1362//353 1366//354
f 1366//355 1355//356 1354//357
f 1345//358 1354//359 1355//360
f 1355//361 1349//362 1345//363
f 1340//364 1345//365 1349//366
f 1349//367 1342//368 1340//369
f 1257//370 1350//371 1343//372
f 1537//373 1523//374 1656//375
f 1508//376 1522//377 1657//378
f 1330//379 1359//380 1368//381
f 1538//382 1637//383 1609//384
f 1649//385 1559//386 1568//387
f 1257//388 1380//389 1367//390
f 1257//391 1307//392 1380//393
f 1392//394 1380//395 1307//396
f 1405//397 1392//398 1307//399
f 1415//400 1429//401 1330//402
f 1441//403 1417//404 1330//405
f 1330//406 1429//407 1441//408
f 1417//409 1441//410 1455//411
f 1475//412 1455//413 1471//414
f 1455//415 1475//416 1417//417
f 1485//418 1550//419 1475//420
f 1475//421 1471//422 1485//423
f 1592//424 1550//425 1499//426
f 1609//427 1524//428 1538//429
f 1547//430 1649//431 1637//432
f 1637//433 1538//434 1547//435
f 1649//436 1568//437 1573//438
f 1310//439 1365//440 1353//441
f 1357//442 1350//443 1257//444
f 1367//445 1357//446 1257//447
f 1351//448 1330//449 1257//450
f 1343//451 1351//452 1257//453
f 1649//454 1547//455 1559//456
f 1521//457 1615//458 1629//459
f 1629//460 1535//461 1521//462
f 1587//463 1507//464 1496//465
f 1507//466 1587//467 1615//468
f 1587//469 1496//470 1482//471
f 1482//472 1490//473 1587//474
f 1648//475 1573//476 1572//477
f 1573//478 1648//479 1649//480
f 1657//481 1668//482 1483//483
f 1483//484 1497//485 1657//486
f 1657//487 1497//488 1508//489
f 1657//490 1522//491 1536//492
f 1536//493 1545//494 1657//495
f 1638//496 1657//497 1545//498
f 1545//499 1557//500 1638//501
f 1638//502 1557//503 1566//504
f 1368//505 1381//506 1330//507
f 1381//508 1393//509 1330//510
f 1393//511 1406//512 1330//513
f 1406//514 1415//515 1330//516
f 1550//517 1485//518 1499//519
f 1571//520 1565//521 1638//522
f 1565//523 1556//524 1638//525
f 1615//526 1521//527 1507//528
f 1353//529 1308//530 1310//531
f 1379//532 1391//533 1306//534
f 1572//535 1567//536 1648//537
f 1648//538 1567//539 1558//540
f 1656//541 1648//542 1558//543
f 1558//544 1546//545 1656//546
f 1656//547 1546//548 1537//549
f 1305//550 1306//551 1391//552
f 1391//553 1404//554 1305//555
f 1305//556 1404//557 1454//558
f 1454//559 1404//560 1413//561
f 1413//562 1427//563 1454//564
f 1576//565 1571//566 1638//567
f 1638//568 1566//569 1576//570
f 1351//571 1359//572 1330//573
f 1510//574 1609//575 1592//576
f 1499//577 1510//578 1592//579
f 1510//580 1524//581 1609//582
f 1629//583 1544//584 1535//585
f 1482//586 1468//587 1490//588
f 1379//589 1306//590 1308//591
f 1366//592 1379//593 1308//594
f 1454//595 1440//596 1305//597
f 1305//598 1440//599 1428//600
f 1307//601 1305//602 1428//603
f 1428//604 1414//605 1307//606
f 1414//607 1405//608 1307//609
f 1544//610 1629//611 1638//612
f 1556//613 1544//614 1638//615
f 1412//616 1310//617 1395//618
f 1395//619 1426//620 1412//621
f 1412//622 1403//623 1310//624
f 1403//625 1390//626 1310//627
f 1310//628 1378//629 1365//630
f 1355//631 1366//632 1308//633
f 1349//634 1355//635 1308//636
f 1342//637 1349//638 1308//639
f 1348//640 1342//641 1308//642
f 1452//643 1416//644 1490//645
f 1468//646 1452//647 1490//648
f 1438//649 1395//650 1416//651
f 1416//652 1452//653 1438//654
f 1390//655 1378//656 1310//657
f 1353//658 1348//659 1308//660
f 1656//661 1523//662 1509//663
f 1656//664 1509//665 1498//666
f 1659//667 1656//668 1498//669
f 1498//670 1484//671 1659//672
f 1470//673 1483//674 1668//675
f 1454//676 1427//677 1439//678
f 1439//679 1453//680 1454//681
f 1470//682 1454//683 1453//684
f 1453//685 1469//686 1470//687
f 1469//688 1483//689 1470//690
f 1395//691 1438//692 1426//693
f 1684//694 1659//695 1484//696
f 1470//697 1668//698 1665//699
f 1665//700 1484//701 1470//702
f 1484//703 1665//704 1684//705
f 1638//706 1652//707 1657//708
f 1615//709 1601//710 1608//711
f 1615//712 1622//713 1629//714
f 1593//715 1601//716 1615//717
f 1615//718 1587//719 1593//720
f 1587//721 1549//722 1578//723
f 1490//724 1512//725 1526//726
f 1587//727 1490//728 1526//729
f 1526//730 1549//731 1587//732
f 1416//733 1431//734 1445//735
f 1490//736 1416//737 1445//738
f 1445//739 1460//740 1490//741
f 1460//742 1476//743 1490//744
f 1395//745 1338//746 1383//747
f 1310//748 1338//749 1395//750
f 1303//751 1302//752 1305//753
f 1305//754 1307//755 1303//756
f 1637//757 1649//758 1641//759
f 1637//760 1616//761 1609//762
f 1417//763 1397//764 1382//765
f 1417//766 1382//767 1330//768
f 1417//769 1446//770 1430//771
f 1459//772 1446//773 1417//774
f 1475//775 1459//776 1417//777
f 1491//778 1475//779 1550//780
f 1550//781 1515//782 1491//783
f 1592//784 1579//785 1550//786
f 1528//787 1515//788 1550//789
f 1592//790 1589//791 1579//792
f 1592//793 1609//794 1602//795
f 1628//796 1623//797 1616//798
f 1616//799 1637//800 1628//801
f 1637//802 1634//803 1628//804
f 1648//805 1656//806 1658//807
f 1649//808 1648//809 1658//810
f 1658//811 1656//812 1659//813
f 1702//814 1669//815 1649//816
f 1658//817 1702//818 1649//819
f 1684//820 1665//821 1668//822
f 1702//823 1658//824 1659//825
f 1684//826 1702//827 1659//828
f 1652//829 1668//830 1657//831
f 1668//832 1692//833 1684//834
f 1346//835 1341//836 1343//837
f 1343//838 1350//839 1346//840
f 1356//841 1346//842 1350//843
f 1350//844 1357//845 1356//846
f 1363//847 1356//848 1357//849
f 1357//850 1367//851 1363//852
f 1376//853 1363//854 1367//855
f 1367//856 1380//857 1376//858
f 1388//859 1376//860 1380//861
f 1380//862 1392//863 1388//864
f 1401//865 1388//866 1392//867
f 1392//868 1405//869 1401//870
f 1410//871 1401//872 1405//873
f 1405//874 1414//875 1410//876
f 1424//877 1410//878 1414//879
f 1414//880 1428//881 1424//882
f 1436//883 1424//884 1428//885
f 1428//886 1440//887 1436//888
f 1450//889 1436//890 1440//891
f 1440//892 1454//893 1450//894
f 1466//895 1450//896 1454//897
f 1454//898 1470//899 1466//900
f 1480//901 1466//902 1470//903
f 1470//904 1484//905 1480//906
f 1494//907 1480//908 1484//909
f 1484//910 1498//911 1494//912
f 1505//913 1494//914 1498//915
f 1498//916 1509//917 1505//918
f 1519//919 1505//920 1509//921
f 1509//922 1523//923 1519//924
f 1533//925 1519//926 1523//927
f 1523//928 1537//929 1533//930
f 1542//931 1533//932 1537//933
f 1537//934 1546//935 1542//936
f 1554//937 1542//938 1546//939
f 1546//940 1558//941 1554//942
f 1563//943 1554//944 1558//945
f 1558//946 1567//947 1563//948
f 1570//949 1563//950 1567//951
f 1567//952 1572//953 1570//954
f 1575//955 1570//956 1572//957
f 1572//958 1573//959 1575//960
f 1564//961 1575//962 1573//963
f 1573//964 1568//965 1564//966
f 1555//967 1564//968 1568//969
f 1568//970 1559//971 1555//972
f 1543//973 1555//974 1559//975
f 1559//976 1547//977 1543//978
f 1534//979 1543//980 1547//981
f 1547//982 1538//983 1534//984
f 1520//985 1534//986 1538//987
f 1538//988 1524//989 1520//990
f 1506//991 1520//992 1524//993
f 1524//994 1510//995 1506//996
f 1495//997 1506//998 1510//999
f 1510//1000 1499//1001 1495//1002
f 1481//1003 1495//1004 1499//1005
f 1499//1006 1485//1007 1481//1008
f 1467//1009 1481//1010 1485//1011
f 1485//1012 1471//1013 1467//1014
f 1451//1015 1467//1016 1471//1017
f 1471//1018 1455//1019 1451//1020
f 1437//1021 1451//1022 1455//1023
f 1455//1024 1441//1025 1437//1026
f 1425//1027 1437//1028 1441//1029
f 1441//1030 1429//1031 1425//1032
f 1411//1033 1425//1034 1429//1035
f 1429//1036 1415//1037 1411//1038
f 1402//1039 1411//1040 1415//1041
f 1415//1042 1406//1043 1402//1044
f 1389//1045 1402//1046 1406//1047
f 1406//1048 1393//1049 1389//1050
f 1377//1051 1389//1052 1393//1053
f 1393//1054 1381//1055 1377//1056
f 1364//1057 1377//1058 1381//1059
f 1381//1060 1368//1061 1364//1062
f 1358//1063 1364//1064 1368//1065
f 1368//1066 1359//1067 1358//1068
f 1347//1069 1358//1070 1359//1071
f 1359//1072 1351//1073 1347//1074
f 1341//1075 1347//1076 1351//1077
f 1351//1078 1343//1079 1341//1080
f 1458//1081 1346//1082 1356//1083
f 1458//1084 1341//1085 1346//1086
f 1458//1087 1376//1088 1388//1089
f 1458//1090 1363//1091 1376//1092
f 1458//1093 1356//1094 1363//1095
f 1458//1096 1410//1097 1424//1098
f 1458//1099 1401//1100 1410//1101
f 1458//1102 1388//1103 1401//1104
f 1458//1105 1450//1106 1466//1107
f 1458//1108 1436//1109 1450//1110
f 1458//1111 1424//1112 1436//1113
f 1458//1114 1494//1115 1505//1116
f 1458//1117 1480//1118 1494//1119
f 1458//1120 1466//1121 1480//1122
f 1458//1123 1533//1124 1542//1125
f 1458//1126 1519//1127 1533//1128
f 1458//1129 1505//1130 1519//1131
f 1458//1132 1563//1133 1570//1134
f 1458//1135 1554//1136 1563//1137
f 1458//1138 1542//1139 1554//1140
f 1458//1141 1575//1142 1564//1143
f 1458//1144 1543//1145 1534//1146
f 1458//1147 1555//1148 1543//1149
f 1458//1150 1564//1151 1555//1152
f 1458//1153 1506//1154 1495//1155
f 1458//1156 1520//1157 1506//1158
f 1458//1159 1534//1160 1520//1161
f 1458//1162 1467//1163 1451//1164
f 1458//1165 1481//1166 1467//1167
f 1458//1168 1495//1169 1481//1170
f 1458//1171 1425//1172 1411//1173
f 1458//1174 1437//1175 1425//1176
f 1458//1177 1451//1178 1437//1179
f 1458//1180 1389//1181 1377//1182
f 1458//1183 1402//1184 1389//1185
f 1458//1186 1411//1187 1402//1188
f 1458//1189 1358//1190 1347//1191
f 1458//1192 1364//1193 1358//1194
f 1458//1195 1377//1196 1364//1197
f 1458//1198 1347//1199 1341//1200
f 1458//1201 1570//1202 1575//1203
f 1692//1204 1702//1205 1684//1206
f 1336//1207 1329//1208 1330//1209
f 1330//1210 1382//1211 1336//1212
f 1373//1213 1336//1214 1382//1215
f 1382//1216 1397//1217 1373//1218
f 1397//1219 1417//1220 1418//1221
f 1417//1222 1430//1223 1418//1224
f 1430//1225 1432//1226 1418//1227
f 1430//1228 1446//1229 1432//1230
f 1456//1231 1432//1232 1446//1233
f 1446//1234 1459//1235 1456//1236
f 1475//1237 1491//1238 1486//1239
f 1486//1240 1462//1241 1475//1242
f 1459//1243 1475//1244 1462//1245
f 1459//1246 1462//1247 1456//1248
f 1511//1249 1486//1250 1491//1251
f 1491//1252 1515//1253 1511//1254
f 1527//1255 1515//1256 1528//1257
f 1527//1258 1511//1259 1515//1260
f 1581//1261 1551//1262 1550//1263
f 1528//1264 1550//1265 1551//1266
f 1528//1267 1551//1268 1527//1269
f 1550//1270 1579//1271 1581//1272
f 1594//1273 1589//1274 1592//1275
f 1589//1276 1581//1277 1579//1278
f 1602//1279 1609//1280 1610//1281
f 1610//1282 1603//1283 1602//1284
f 1592//1285 1602//1286 1603//1287
f 1603//1288 1594//1289 1592//1290
f 1616//1291 1623//1292 1621//1293
f 1621//1294 1614//1295 1616//1296
f 1609//1297 1616//1298 1614//1299
f 1614//1300 1610//1301 1609//1302
f 1635//1303 1630//1304 1628//1305
f 1623//1306 1628//1307 1630//1308
f 1630//1309 1621//1310 1623//1311
f 1634//1312 1637//1313 1639//1314
f 1628//1315 1634//1316 1635//1317
f 1639//1318 1635//1319 1634//1320
f 1637//1321 1641//1322 1639//1323
f 1641//1324 1649//1325 1669//1326
f 1635//1327 1639//1328 1641//1329
f 1641//1330 1630//1331 1635//1332
f 1614//1333 1630//1334 1654//1335
f 1630//1336 1614//1337 1621//1338
f 1603//1339 1610//1340 1654//1341
f 1610//1342 1614//1343 1654//1344
f 1603//1345 1654//1346 1594//1347
f 1581//1348 1589//1349 1594//1350
f 1594//1351 1674//1352 1551//1353
f 1551//1354 1581//1355 1594//1356
f 1527//1357 1551//1358 1674//1359
f 1511//1360 1674//1361 1486//1362
f 1674//1363 1511//1364 1527//1365
f 1486//1366 1456//1367 1462//1368
f 1456//1369 1486//1370 1397//1371
f 1432//1372 1456//1373 1397//1374
f 1418//1375 1432//1376 1397//1377
f 1336//1378 1373//1379 1397//1380
f 1329//1381 1336//1382 1397//1383
f 1330//1384 1329//1385 1257//1386
f 1397//1387 1486//1388 1674//1389
f 1674//1390 1594//1391 1654//1392
f 1654//1393 1630//1394 1641//1395
f 1397//1396 1234//1397 1329//1398
f 1641//1399 1669//1400 1654//1401
f 1293//1402 1307//1403 1280//1404
f 1307//1405 1298//1406 1303//1407
f 1280//1408 1291//1409 1293//1410
f 1280//1411 1288//1412 1291//1413
f 1280//1414 1286//1415 1288//1416
f 1280//1417 1282//1418 1286//1419
f 1280//1420 1275//1421 1276//1422
f 1280//1423 1272//1424 1275//1425
f 1280//1426 1271//1427 1272//1428
f 1271//1429 1280//1430 1261//1431
f 1261//1432 1266//1433 1271//1434
f 1307//1435 1293//1436 1296//1437
f 1257//1438 1261//1439 1280//1440
f 1280//1441 1307//1442 1257//1443
f 1307//1444 1296//1445 1298//1446
f 1261//1447 1257//1448 1208//1449
f 1252//1450 1259//1451 1261//1452
f 1229//1453 1252//1454 1261//1455
f 1229//1456 1261//1457 1208//1458
f 1217//1459 1229//1460 1208//1461
f 1172//1462 1257//1463 1235//1464
f 1257//1465 1172//1466 1208//1467
f 1208//1468 1172//1469 1183//1470
f 1303//1471 1295//1472 1302//1473
f 1295//1474 1303//1475 1298//1476
f 1298//1477 1296//1478 1295//1479
f 1294//1480 1295//1481 1296//1482
f 1294//1483 1296//1484 1293//1485
f 1293//1486 1290//1487 1294//1488
f 1293//1489 1291//1490 1290//1491
f 1289//1492 1290//1493 1291//1494
f 1289//1495 1291//1496 1288//1497
f 1288//1498 1285//1499 1289//1500
f 1288//1501 1286//1502 1285//1503
f 1284//1504 1285//1505 1286//1506
f 1284//1507 1286//1508 1282//1509
f 1282//1510 1279//1511 1284//1512
f 1282//1513 1280//1514 1279//1515
f 1279//1516 1280//1517 1276//1518
f 1276//1519 1274//1520 1279//1521
f 1276//1522 1275//1523 1274//1524
f 1274//1525 1275//1526 1272//1527
f 1272//1528 1270//1529 1274//1530
f 1272//1531 1271//1532 1270//1533
f 1269//1534 1270//1535 1271//1536
f 1269//1537 1271//1538 1266//1539
f 1266//1540 1264//1541 1269//1542
f 1266//1543 1261//1544 1264//1545
f 1264//1546 1261//1547 1259//1548
f 1259//1549 1258//1550 1264//1551
f 1305//1552 1302//1553 1306//1554
f 1264//1555 1258//1556 1220//1557
f 1220//1558 1269//1559 1264//1560
f 1269//1561 1220//1562 1283//1563
f 1283//1564 1270//1565 1269//1566
f 1283//1567 1274//1568 1270//1569
f 1283//1570 1279//1571 1274//1572
f 1283//1573 1284//1574 1279//1575
f 1283//1576 1285//1577 1284//1578
f 1283//1579 1289//1580 1285//1581
f 1283//1582 1290//1583 1289//1584
f 1294//1585 1290//1586 1283//1587
f 1306//1588 1302//1589 1295//1590
f 1306//1591 1295//1592 1294//1593
f 1294//1594 1283//1595 1306//1596
f 1306//1597 1283//1598 1220//1599
f 1220//1600 1308//1601 1306//1602
f 1638//1603 1629//1604 1633//1605
f 1629//1606 1625//1607 1633//1608
f 1629//1609 1622//1610 1625//1611
f 1622//1612 1618//1613 1625//1614
f 1622//1615 1615//1616 1618//1617
f 1611//1618 1618//1619 1615//1620
f 1615//1621 1608//1622 1611//1623
f 1606//1624 1611//1625 1608//1626
f 1608//1627 1601//1628 1606//1629
f 1596//1630 1606//1631 1601//1632
f 1601//1633 1593//1634 1596//1635
f 1590//1636 1596//1637 1593//1638
f 1593//1639 1587//1640 1590//1641
f 1583//1642 1590//1643 1587//1644
f 1587//1645 1578//1646 1583//1647
f 1578//1648 1549//1649 1560//1650
f 1560//1651 1583//1652 1578//1653
f 1549//1654 1526//1655 1529//1656
f 1549//1657 1529//1658 1560//1659
f 1526//1660 1512//1661 1502//1662
f 1526//1663 1502//1664 1529//1665
f 1512//1666 1490//1667 1488//1668
f 1488//1669 1502//1670 1512//1671
f 1488//1672 1490//1673 1476//1674
f 1476//1675 1460//1676 1461//1677
f 1461//1678 1488//1679 1476//1680
f 1460//1681 1444//1682 1461//1683
f 1460//1684 1445//1685 1444//1686
f 1445//1687 1431//1688 1421//1689
f 1421//1690 1444//1691 1445//1692
f 1416//1693 1395//1694 1396//1695
f 1396//1696 1421//1697 1416//1698
f 1431//1699 1416//1700 1421//1701
f 1395//1702 1383//1703 1384//1704
f 1384//1705 1396//1706 1395//1707
f 1337//1708 1384//1709 1383//1710
f 1337//1711 1383//1712 1338//1713
f 1333//1714 1338//1715 1310//1716
f 1338//1717 1333//1718 1337//1719
f 1253//1720 1308//1721 1220//1722
f 1655//1723 1668//1724 1652//1725
f 1308//1726 1253//1727 1310//1728
f 1262//1729 1333//1730 1310//1731
f 1333//1732 1384//1733 1337//1734
f 1384//1735 1333//1736 1396//1737
f 1396//1738 1444//1739 1421//1740
f 1444//1741 1443//1742 1461//1743
f 1488//1744 1461//1745 1443//1746
f 1502//1747 1488//1748 1443//1749
f 1529//1750 1502//1751 1443//1752
f 1529//1753 1443//1754 1560//1755
f 1583//1756 1560//1757 1632//1758
f 1590//1759 1583//1760 1632//1761
f 1596//1762 1590//1763 1632//1764
f 1632//1765 1606//1766 1596//1767
f 1606//1768 1632//1769 1662//1770
f 1611//1771 1606//1772 1662//1773
f 1662//1774 1618//1775 1611//1776
f 1625//1777 1618//1778 1662//1779
f 1633//1780 1625//1781 1662//1782
f 1638//1783 1633//1784 1662//1785
f 1638//1786 1662//1787 1655//1788
f 1310//1789 1253//1790 1262//1791
f 1560//1792 1443//1793 1632//1794
f 1444//1795 1333//1796 1443//1797
f 1333//1798 1444//1799 1396//1800
f 1655//1801 1652//1802 1638//1803
f 1220//1804 1230//1805 1224//1806
f 1249//1807 1242//1808 1220//1809
f 1242//1810 1230//1811 1220//1812
f 1220//1813 1258//1814 1249//1815
f 1220//1816 1224//1817 1144//1818
f 1224//1819 1030//1820 1144//1821
f 1220//1822 1144//1823 1253//1824
f 1668//1825 1802//1826 1692//1827
f 1726//1828 1676//1829 1822//1830
f 1833//1831 1676//1832 1823//1833
f 1676//1834 1766//1835 1823//1836
f 1822//1837 1812//1838 1833//1839
f 1676//1840 1812//1841 1822//1842
f 1812//1843 1676//1844 1833//1845
f 1726//1846 1802//1847 1747//1848
f 1818//1849 1822//1850 1833//1851
f 1833//1852 1820//1853 1818//1854
f 1820//1855 1802//1856 1818//1857
f 1822//1858 1802//1859 1726//1860
f 1802//1861 1822//1862 1818//1863
f 1820//1864 1833//1865 1916//1866
f 1820//1867 1692//1868 1802//1869
f 1819//1870 1768//1871 1821//1872
f 1819//1873 1821//1874 1829//1875
f 1832//1876 1829//1877 1821//1878
f 1832//1879 1903//1880 1829//1881
f 1821//1882 1702//1883 1817//1884
f 1821//1885 1817//1886 1830//1887
f 1835//1888 1891//1889 1821//1890
f 1702//1891 1692//1892 1817//1893
f 1830//1894 1835//1895 1821//1896
f 1799//1897 1819//1898 1839//1899
f 1762//1900 1799//1901 1839//1902
f 1692//1903 1820//1904 1830//1905
f 1830//1906 1817//1907 1692//1908
f 1820//1909 1888//1910 1830//1911
f 1820//1912 1916//1913 1888//1914
f 1833//1915 1889//1916 1916//1917
f 1833//1918 1823//1919 1889//1920
f 1823//1921 1895//1922 1889//1923
f 1823//1924 1915//1925 1895//1926
f 1816//1927 1914//1928 1898//1929
f 1920//1930 1922//1931 1903//1932
f 1903//1933 1900//1934 1919//1935
f 1917//1936 1918//1937 1890//1938
f 1890//1939 1891//1940 1917//1941
f 1890//1942 1900//1943 1903//1944
f 1927//1945 1830//1946 1901//1947
f 1887//1948 1892//1949 1896//1950
f 1924//1951 1925//1952 1923//1953
f 1901//1954 1830//1955 1888//1956
f 1926//1957 1901//1958 1923//1959
f 1923//1960 1925//1961 1926//1962
f 1923//1963 1901//1964 1888//1965
f 1834//1966 1904//1967 1915//1968
f 1922//1969 1921//1970 1914//1971
f 1909//1972 1922//1973 1920//1974
f 1908//1975 1909//1976 1920//1977
f 1920//1978 1903//1979 1908//1980
f 1890//1981 1918//1982 1907//1983
f 1906//1984 1907//1985 1918//1986
f 1918//1987 1917//1988 1906//1989
f 1908//1990 1903//1991 1919//1992
f 1907//1993 1908//1994 1919//1995
f 1919//1996 1900//1997 1907//1998
f 1907//1999 1900//2000 1890//2001
f 1927//2002 1901//2003 1905//2004
f 1901//2005 1926//2006 1905//2007
f 1921//2008 1922//2009 1909//2010
f 1909//2011 1910//2012 1921//2013
f 1921//2014 1902//2015 1912//2016
f 1905//2017 1926//2018 1925//2019
f 1925//2020 1924//2021 1905//2022
f 1904//2023 1905//2024 1924//2025
f 1904//2026 1924//2027 1923//2028
f 1915//2029 1904//2030 1923//2031
f 1898//2032 1914//2033 1921//2034
f 1905//2035 1891//2036 1927//2037
f 1917//2038 1905//2039 1899//2040
f 1921//2041 1913//2042 1894//2043
f 1921//2044 1912//2045 1913//2046
f 1921//2047 1894//2048 1898//2049
f 1917//2050 1891//2051 1905//2052
f 1896//2053 1914//2054 1816//2055
f 1892//2056 1922//2057 1914//2058
f 1923//2059 1916//2060 1889//2061
f 1899//2062 1906//2063 1917//2064
f 1914//2065 1896//2066 1892//2067
f 1923//2068 1889//2069 1895//2070
f 1923//2071 1895//2072 1915//2073
f 1923//2074 1888//2075 1916//2076
f 1911//2077 1902//2078 1921//2079
f 1910//2080 1911//2081 1921//2082
f 1911//2083 1897//2084 1902//2085
f 1893//2086 1911//2087 1910//2088
f 1876//2089 1911//2090 1893//2091
f 1834//2092 1899//2093 1905//2094
f 1834//2095 1905//2096 1904//2097
f 1910//2098 1907//2099 1906//2100
f 1910//2101 1908//2102 1907//2103
f 1909//2104 1908//2105 1910//2106
f 1910//2107 1906//2108 1893//2109
f 1864//2110 1884//2111 1899//2112
f 1899//2113 1874//2114 1864//2115
f 1874//2116 1856//2117 1864//2118
f 1834//2119 1874//2120 1899//2121
f 1874//2122 1846//2123 1855//2124
f 1846//2125 1874//2126 1834//2127
f 1826//2128 1846//2129 1834//2130
f 1834//2131 1823//2132 1766//2133
f 1834//2134 1915//2135 1823//2136
f 1677//2137 1620//2138 1766//2139
f 1849//2140 1855//2141 1846//2142
f 1856//2143 1884//2144 1864//2145
f 1855//2146 1849//2147 1852//2148
f 1852//2149 1874//2150 1855//2151
f 1856//2152 1874//2153 1852//2154
f 1834//2155 1766//2156 1620//2157
f 1668//2158 1747//2159 1802//2160
f 1668//2161 1726//2162 1747//2163
f 1662//2164 1726//2165 1655//2166
f 1597//2167 1676//2168 1632//2169
f 1675//2170 1766//2171 1676//2172
f 1144//2173 1262//2174 1253//2175
f 1262//2176 1144//2177 1228//2178
f 1655//2179 1726//2180 1668//2181
f 1676//2182 1662//2183 1632//2184
f 1726//2185 1662//2186 1676//2187
f 1632//2188 1443//2189 1597//2190
f 1597//2191 1595//2192 1676//2193
f 1595//2194 1151//2195 1676//2196
f 1240//2197 1675//2198 1151//2199
f 1240//2200 1677//2201 1766//2202
f 1151//2203 1675//2204 1676//2205
f 1240//2206 1766//2207 1675//2208
f 1595//2209 1142//2210 1151//2211
f 1333//2212 1262//2213 1228//2214
f 1232//2215 1228//2216 1144//2217
f 1228//2218 1232//2219 1333//2220
f 1333//2221 1232//2222 1443//2223
f 1443//2224 1146//2225 1142//2226
f 1142//2227 1597//2228 1443//2229
f 1142//2230 1595//2231 1597//2232
f 1834//2233 1620//2234 1715//2235
f 1826//2236 1834//2237 1737//2238
f 1101//2239 1099//2240 1232//2241
f 1097//2242 1101//2243 1232//2244
f 1030//2245 1224//2246 1089//2247
f 1232//2248 1144//2249 1030//2250
f 1128//2251 1130//2252 1139//2253
f 1130//2254 1131//2255 1139//2256
f 1139//2257 1131//2258 1132//2259
f 1126//2260 1128//2261 1142//2262
f 1146//2263 1122//2264 1137//2265
f 1146//2266 1136//2267 1120//2268
f 1117//2269 1120//2270 1136//2271
f 1114//2272 1115//2273 1136//2274
f 1111//2275 1112//2276 1114//2277
f 1105//2278 1107//2279 1141//2280
f 1141//2281 1107//2282 1109//2283
f 1109//2284 1110//2285 1141//2286
f 1141//2287 1104//2288 1105//2289
f 1141//2290 1232//2291 1099//2292
f 1099//2293 1103//2294 1141//2295
f 1103//2296 1104//2297 1141//2298
f 1232//2299 1136//2300 1443//2301
f 1151//2302 1142//2303 1135//2304
f 1135//2305 1139//2306 1133//2307
f 1139//2308 1132//2309 1133//2310
f 1139//2311 1142//2312 1128//2313
f 594//2314 1142//2315 1137//2316
f 1136//2317 1118//2318 1117//2319
f 1114//2320 1110//2321 1111//2322
f 1114//2323 1141//2324 1110//2325
f 1135//2326 1142//2327 1139//2328
f 1146//2329 1137//2330 1142//2331
f 1136//2332 1141//2333 1114//2334
f 1136//2335 1146//2336 1443//2337
f 1141//2338 1136//2339 1232//2340
f 1151//2341 1108//2342 1251//2343
f 1108//2344 956//2345 834//2346
f 718//2347 834//2348 956//2349
f 1737//2350 1834//2351 1715//2352
f 1826//2353 1737//2354 1715//2355
f 1826//2356 1715//2357 1849//2358
f 1709//2359 1849//2360 1715//2361
f 641//2362 620//2363 636//2364
f 620//2365 625//2366 628//2367
f 716//2368 767//2369 720//2370
f 767//2371 716//2372 825//2373
f 825//2374 772//2375 767//2376
f 957//2377 829//2378 825//2379
f 1190//2380 1227//2381 1297//2382
f 957//2383 1617//2384 1687//2385
f 1718//2386 1711//2387 1736//2388
f 1788//2389 1776//2390 1773//2391
f 1788//2392 1778//2393 1776//2394
f 1778//2395 1788//2396 1805//2397
f 1805//2398 1779//2399 1778//2400
f 1780//2401 1801//2402 1750//2403
f 1764//2404 1772//2405 1750//2406
f 1750//2407 1772//2408 1780//2409
f 1752//2410 1750//2411 1736//2412
f 1746//2413 1748//2414 1736//2415
f 1736//2416 1748//2417 1752//2418
f 1730//2419 1732//2420 1736//2421
f 1738//2422 1741//2423 1736//2424
f 1736//2425 1741//2426 1746//2427
f 1727//2428 1730//2429 1736//2430
f 1723//2431 1727//2432 1736//2433
f 1736//2434 1711//2435 1723//2436
f 1711//2437 1719//2438 1723//2439
f 1714//2440 1719//2441 1711//2442
f 1711//2443 1710//2444 1714//2445
f 1706//2446 1710//2447 1711//2448
f 1711//2449 1703//2450 1706//2451
f 1698//2452 1703//2453 1711//2454
f 1711//2455 1695//2456 1698//2457
f 1695//2458 1711//2459 1687//2460
f 1687//2461 1690//2462 1695//2463
f 1681//2464 1687//2465 1664//2466
f 1681//2467 1686//2468 1687//2469
f 1686//2470 1690//2471 1687//2472
f 1664//2473 1670//2474 1672//2475
f 1672//2476 1678//2477 1664//2478
f 1664//2479 1678//2480 1681//2481
f 1661//2482 1664//2483 1617//2484
f 1617//2485 1631//2486 1642//2487
f 1617//2488 1642//2489 1645//2490
f 1645//2491 1650//2492 1617//2493
f 1617//2494 1650//2495 1661//2496
f 1612//2497 1631//2498 1617//2499
f 1617//2500 1474//2501 1612//2502
f 1607//2503 1612//2504 1474//2505
f 1474//2506 1599//2507 1607//2508
f 1586//2509 1599//2510 1474//2511
f 1474//2512 1584//2513 1586//2514
f 1474//2515 1372//2516 1487//2517
f 1487//2518 1501//2519 1474//2520
f 1501//2521 1530//2522 1474//2523
f 1442//2524 1473//2525 1372//2526
f 1372//2527 1473//2528 1487//2529
f 1394//2530 1372//2531 1326//2532
f 1394//2533 1407//2534 1372//2535
f 1372//2536 1407//2537 1442//2538
f 1326//2539 1325//2540 1332//2541
f 1326//2542 1332//2543 1334//2544
f 1334//2545 1369//2546 1326//2547
f 1326//2548 1369//2549 1394//2550
f 1319//2551 1325//2552 1326//2553
f 1318//2554 1319//2555 1326//2556
f 1326//2557 1297//2558 1318//2559
f 1297//2560 1313//2561 1318//2562
f 1304//2563 1313//2564 1297//2565
f 1297//2566 1301//2567 1304//2568
f 1301//2569 1297//2570 1260//2571
f 1260//2572 1278//2573 1301//2574
f 1273//2575 1278//2576 1260//2577
f 1260//2578 1256//2579 1273//2580
f 1247//2581 1260//2582 1227//2583
f 1227//2584 1239//2585 1247//2586
f 1219//2587 1227//2588 1207//2589
f 1219//2590 1222//2591 1227//2592
f 1222//2593 1238//2594 1227//2595
f 1238//2596 1239//2597 1227//2598
f 1206//2599 1207//2600 1198//2601
f 1207//2602 1206//2603 1209//2604
f 1209//2605 1214//2606 1207//2607
f 1207//2608 1214//2609 1219//2610
f 1198//2611 1199//2612 1206//2613
f 1190//2614 1187//2615 1189//2616
f 1198//2617 1190//2618 1189//2619
f 1189//2620 1193//2621 1198//2622
f 1190//2623 1179//2624 1187//2625
f 1170//2626 1173//2627 1190//2628
f 1190//2629 1173//2630 1179//2631
f 1156//2632 1157//2633 1161//2634
f 1156//2635 1161//2636 1164//2637
f 1190//2638 1156//2639 1164//2640
f 1164//2641 1169//2642 1190//2643
f 1190//2644 1169//2645 1170//2646
f 641//2647 645//2648 651//2649
f 651//2650 659//2651 663//2652
f 673//2653 680//2654 663//2655
f 680//2656 673//2657 675//2658
f 686//2659 684//2660 680//2661
f 709//2662 684//2663 705//2664
f 771//2665 709//2666 715//2667
f 771//2668 715//2669 717//2670
f 771//2671 717//2672 762//2673
f 768//2674 801//2675 771//2676
f 801//2677 821//2678 824//2679
f 824//2680 866//2681 801//2682
f 866//2683 824//2684 836//2685
f 901//2686 1042//2687 866//2688
f 1198//2689 1207//2690 1190//2691
f 1190//2692 1036//2693 1156//2694
f 651//2695 663//2696 641//2697
f 1617//2698 1664//2699 1687//2700
f 1207//2701 1227//2702 1190//2703
f 1788//2704 1801//2705 1805//2706
f 1326//2707 1372//2708 1297//2709
f 1260//2710 1297//2711 1227//2712
f 763//2713 825//2714 716//2715
f 680//2716 684//2717 663//2718
f 801//2719 834//2720 771//2721
f 834//2722 801//2723 866//2724
f 1372//2725 1474//2726 1297//2727
f 1149//2728 1251//2729 1163//2730
f 1849//2731 1884//2732 1856//2733
f 1849//2734 1856//2735 1852//2736
f 1849//2737 1846//2738 1826//2739
f 1861//2740 1884//2741 1849//2742
f 1789//2743 1791//2744 715//2745
f 715//2746 709//2747 1789//2748
f 1815//2749 1042//2750 1803//2751
f 709//2752 705//2753 1789//2754
f 1786//2755 1789//2756 705//2757
f 705//2758 684//2759 1786//2760
f 1795//2761 801//2762 768//2763
f 768//2764 1793//2765 1795//2766
f 645//2767 641//2768 1781//2769
f 1781//2770 1782//2771 645//2772
f 651//2773 645//2774 1782//2775
f 641//2776 636//2777 1781//2778
f 1779//2779 1781//2780 636//2781
f 636//2782 620//2783 1779//2784
f 663//2785 659//2786 1783//2787
f 1782//2788 1783//2789 659//2790
f 659//2791 651//2792 1782//2793
f 673//2794 663//2795 1783//2796
f 1783//2797 1784//2798 673//2799
f 675//2800 673//2801 1784//2802
f 675//2803 1784//2804 1785//2805
f 1785//2806 680//2807 675//2808
f 768//2809 771//2810 1793//2811
f 1793//2812 771//2813 762//2814
f 762//2815 1791//2816 1793//2817
f 762//2818 717//2819 1791//2820
f 717//2821 715//2822 1791//2823
f 821//2824 1795//2825 1798//2826
f 821//2827 801//2828 1795//2829
f 1786//2830 684//2831 686//2832
f 686//2833 1785//2834 1786//2835
f 686//2836 680//2837 1785//2838
f 1798//2839 1800//2840 836//2841
f 836//2842 824//2843 1798//2844
f 1798//2845 824//2846 821//2847
f 1042//2848 901//2849 1803//2850
f 1800//2851 1803//2852 901//2853
f 901//2854 866//2855 1800//2856
f 866//2857 836//2858 1800//2859
f 1815//2860 1709//2861 1624//2862
f 1773//2863 720//2864 767//2865
f 1815//2866 1861//2867 1709//2868
f 1779//2869 620//2870 628//2871
f 1778//2872 1779//2873 628//2874
f 1778//2875 628//2876 625//2877
f 1815//2878 1624//2879 1339//2880
f 1042//2881 1815//2882 1339//2883
f 1778//2884 696//2885 716//2886
f 720//2887 1773//2888 1776//2889
f 1776//2890 1778//2891 720//2892
f 716//2893 720//2894 1778//2895
f 1778//2896 625//2897 696//2898
f 825//2899 829//2900 1718//2901
f 1801//2902 1788//2903 772//2904
f 1718//2905 772//2906 825//2907
f 1687//2908 1711//2909 829//2910
f 1711//2911 1718//2912 829//2913
f 772//2914 1718//2915 1736//2916
f 1736//2917 1750//2918 772//2919
f 767//2920 772//2921 1773//2922
f 1788//2923 1773//2924 772//2925
f 1709//2926 1861//2927 1849//2928
f 1339//2929 1149//2930 1042//2931
f 1750//2932 1801//2933 772//2934
f 1339//2935 1251//2936 1149//2937
f 829//2938 957//2939 1687//2940
f 1617//2941 957//2942 1094//2943
f 1036//2944 1094//2945 957//2946
f 1474//2947 1617//2948 1094//2949
f 1297//2950 1474//2951 1190//2952
f 1474//2953 1094//2954 1036//2955
f 1474//2956 1036//2957 1190//2958
f 1781//2959 1779//2960 1805//2961
f 1805//2962 1782//2963 1781//2964
f 1805//2965 1785//2966 1784//2967
f 1784//2968 1783//2969 1805//2970
f 1783//2971 1782//2972 1805//2973
f 1791//2974 1789//2975 1805//2976
f 1789//2977 1786//2978 1805//2979
f 1786//2980 1785//2981 1805//2982
f 1805//2983 1800//2984 1798//2985
f 1805//2986 1798//2987 1795//2988
f 1795//2989 1793//2990 1805//2991
f 1805//2992 1793//2993 1791//2994
f 1815//2995 1803//2996 1805//2997
f 1803//2998 1800//2999 1805//3000
f 1861//3001 1815//3002 1848//3003
f 1848//3004 1815//3005 1840//3006
f 1815//3007 1805//3008 1824//3009
f 1840//3010 1815//3011 1824//3012
f 1879//3013 1884//3014 1877//3015
f 1877//3016 1873//3017 1875//3018
f 1877//3019 1871//3020 1873//3021
f 1867//3022 1869//3023 1871//3024
f 1867//3025 1853//3026 1857//3027
f 1848//3028 1850//3029 1853//3030
f 1845//3031 1848//3032 1840//3033
f 1840//3034 1844//3035 1845//3036
f 1867//3037 1861//3038 1848//3039
f 1861//3040 1877//3041 1884//3042
f 1861//3043 1867//3044 1877//3045
f 1871//3046 1877//3047 1867//3048
f 1867//3049 1862//3050 1866//3051
f 1867//3052 1859//3053 1862//3054
f 1867//3055 1857//3056 1859//3057
f 1853//3058 1867//3059 1848//3060
f 1840//3061 1842//3062 1844//3063
f 1899//3064 1884//3065 1879//3066
f 1885//3067 1877//3068 1875//3069
f 1877//3070 1885//3071 1886//3072
f 1886//3073 1879//3074 1877//3075
f 1879//3076 1886//3077 1899//3078
f 1870//3079 1866//3080 1862//3081
f 1866//3082 1870//3083 1872//3084
f 1866//3085 1872//3086 1878//3087
f 1878//3088 1867//3089 1866//3090
f 1867//3091 1878//3092 1880//3093
f 1880//3094 1869//3095 1867//3096
f 1880//3097 1871//3098 1869//3099
f 1871//3100 1880//3101 1881//3102
f 1871//3103 1881//3104 1882//3105
f 1882//3106 1873//3107 1871//3108
f 1873//3109 1882//3110 1883//3111
f 1875//3112 1873//3113 1883//3114
f 1875//3115 1883//3116 1885//3117
f 1865//3118 1859//3119 1857//3120
f 1859//3121 1865//3122 1868//3123
f 1862//3124 1859//3125 1868//3126
f 1862//3127 1868//3128 1870//3129
f 1857//3130 1853//3131 1860//3132
f 1860//3133 1863//3134 1857//3135
f 1857//3136 1863//3137 1865//3138
f 1853//3139 1850//3140 1858//3141
f 1853//3142 1858//3143 1860//3144
f 1850//3145 1848//3146 1851//3147
f 1851//3148 1858//3149 1850//3150
f 1848//3151 1845//3152 1851//3153
f 1845//3154 1844//3155 1847//3156
f 1845//3157 1847//3158 1851//3159
f 1844//3160 1838//3161 1847//3162
f 1842//3163 1840//3164 1841//3165
f 1841//3166 1843//3167 1842//3168
f 1844//3169 1842//3170 1843//3171
f 1843//3172 1838//3173 1844//3174
f 1824//3175 1841//3176 1840//3177
f 1880//3178 1878//3179 1881//3180
f 1868//3181 1865//3182 1906//3183
f 1882//3184 1881//3185 1899//3186
f 1899//3187 1883//3188 1882//3189
f 1885//3190 1883//3191 1899//3192
f 1899//3193 1886//3194 1885//3195
f 1881//3196 1872//3197 1870//3198
f 1870//3199 1906//3200 1881//3201
f 1906//3202 1865//3203 1863//3204
f 1881//3205 1878//3206 1872//3207
f 1899//3208 1881//3209 1906//3210
f 1906//3211 1870//3212 1868//3213
f 1841//3214 1824//3215 1838//3216
f 1838//3217 1843//3218 1841//3219
f 1838//3220 1851//3221 1847//3222
f 1863//3223 1860//3224 1858//3225
f 1906//3226 1863//3227 1838//3228
f 1858//3229 1838//3230 1863//3231
f 1838//3232 1858//3233 1851//3234
f 1810//3235 1804//3236 1787//3237
f 1804//3238 1796//3239 1794//3240
f 1794//3241 1787//3242 1804//3243
f 1806//3244 1804//3245 1809//3246
f 1824//3247 1811//3248 1828//3249
f 1807//3250 1828//3251 1809//3252
f 1809//3253 1828//3254 1811//3255
f 1807//3256 1809//3257 1804//3258
f 1810//3259 1807//3260 1804//3261
f 1811//3262 1824//3263 1813//3264
f 1893//3265 1906//3266 1876//3267
f 1755//3268 1754//3269 1763//3270
f 1763//3271 1775//3272 1810//3273
f 1775//3274 1797//3275 1810//3276
f 1754//3277 1753//3278 1763//3279
f 1775//3280 1763//3281 1753//3282
f 1906//3283 1828//3284 1876//3285
f 1828//3286 1906//3287 1838//3288
f 1828//3289 1838//3290 1824//3291
f 1810//3292 1771//3293 1770//3294
f 1810//3295 1828//3296 1807//3297
f 1770//3298 1763//3299 1810//3300
f 1810//3301 1797//3302 1828//3303
f 1911//3304 1828//3305 1797//3306
f 1828//3307 1911//3308 1876//3309
f 1797//3310 1897//3311 1911//3312
f 1813//3313 1824//3314 1805//3315
f 1801//3316 1811//3317 1813//3318
f 1805//3319 1801//3320 1813//3321
f 1801//3322 1809//3323 1811//3324
f 1801//3325 1780//3326 1809//3327
f 1804//3328 1806//3329 1764//3330
f 1806//3331 1809//3332 1780//3333
f 1780//3334 1772//3335 1806//3336
f 1772//3337 1764//3338 1806//3339
f 1787//3340 1794//3341 1752//3342
f 1764//3343 1750//3344 1796//3345
f 1796//3346 1804//3347 1764//3348
f 1752//3349 1794//3350 1796//3351
f 1796//3352 1750//3353 1752//3354
f 1746//3355 1810//3356 1787//3357
f 1752//3358 1748//3359 1787//3360
f 1748//3361 1746//3362 1787//3363
f 1738//3364 1763//3365 1770//3366
f 1741//3367 1738//3368 1770//3369
f 1741//3370 1770//3371 1771//3372
f 1771//3373 1746//3374 1741//3375
f 1771//3376 1810//3377 1746//3378
f 1751//3379 1756//3380 1775//3381
f 1753//3382 1754//3383 1730//3384
f 1732//3385 1730//3386 1754//3387
f 1732//3388 1754//3389 1755//3390
f 1755//3391 1736//3392 1732//3393
f 1755//3394 1738//3395 1736//3396
f 1755//3397 1763//3398 1738//3399
f 1775//3400 1753//3401 1751//3402
f 1730//3403 1751//3404 1753//3405
f 1745//3406 1751//3407 1730//3408
f 1730//3409 1727//3410 1745//3411
f 1740//3412 1745//3413 1727//3414
f 1727//3415 1723//3416 1740//3417
f 1734//3418 1740//3419 1723//3420
f 1723//3421 1719//3422 1734//3423
f 1731//3424 1734//3425 1719//3426
f 1719//3427 1714//3428 1731//3429
f 1728//3430 1731//3431 1714//3432
f 1714//3433 1710//3434 1728//3435
f 1722//3436 1728//3437 1710//3438
f 1710//3439 1706//3440 1722//3441
f 1717//3442 1722//3443 1706//3444
f 1706//3445 1703//3446 1717//3447
f 1712//3448 1717//3449 1703//3450
f 1703//3451 1698//3452 1712//3453
f 1712//3454 1698//3455 1695//3456
f 1707//3457 1712//3458 1695//3459
f 1707//3460 1695//3461 1690//3462
f 1690//3463 1704//3464 1707//3465
f 1697//3466 1704//3467 1690//3468
f 1690//3469 1686//3470 1697//3471
f 1693//3472 1697//3473 1686//3474
f 1686//3475 1681//3476 1693//3477
f 1689//3478 1693//3479 1681//3480
f 1681//3481 1678//3482 1689//3483
f 1685//3484 1689//3485 1678//3486
f 1678//3487 1672//3488 1685//3489
f 1680//3490 1685//3491 1672//3492
f 1672//3493 1670//3494 1680//3495
f 1670//3496 1673//3497 1680//3498
f 1670//3499 1664//3500 1673//3501
f 1664//3502 1661//3503 1673//3504
f 1666//3505 1673//3506 1661//3507
f 1661//3508 1650//3509 1666//3510
f 1663//3511 1666//3512 1650//3513
f 1650//3514 1645//3515 1663//3516
f 1663//3517 1645//3518 1642//3519
f 1651//3520 1663//3521 1642//3522
f 1651//3523 1642//3524 1631//3525
f 1631//3526 1646//3527 1651//3528
f 1636//3529 1646//3530 1631//3531
f 1631//3532 1612//3533 1636//3534
f 1627//3535 1636//3536 1612//3537
f 1612//3538 1607//3539 1627//3540
f 1613//3541 1627//3542 1607//3543
f 1607//3544 1599//3545 1613//3546
f 1604//3547 1613//3548 1599//3549
f 1599//3550 1586//3551 1604//3552
f 1591//3553 1604//3554 1586//3555
f 1586//3556 1584//3557 1591//3558
f 1584//3559 1580//3560 1591//3561
f 1584//3562 1474//3563 1580//3564
f 1474//3565 1530//3566 1580//3567
f 1548//3568 1580//3569 1530//3570
f 1530//3571 1501//3572 1548//3573
f 1516//3574 1548//3575 1501//3576
f 1501//3577 1487//3578 1516//3579
f 1489//3580 1516//3581 1487//3582
f 1487//3583 1473//3584 1489//3585
f 1472//3586 1489//3587 1473//3588
f 1473//3589 1442//3590 1472//3591
f 1447//3592 1472//3593 1442//3594
f 1442//3595 1407//3596 1447//3597
f 1420//3598 1447//3599 1407//3600
f 1407//3601 1394//3602 1420//3603
f 1398//3604 1420//3605 1394//3606
f 1394//3607 1369//3608 1398//3609
f 1370//3610 1398//3611 1369//3612
f 1369//3613 1334//3614 1370//3615
f 1335//3616 1370//3617 1334//3618
f 1334//3619 1332//3620 1335//3621
f 1332//3622 1327//3623 1335//3624
f 1327//3625 1332//3626 1325//3627
f 1323//3628 1327//3629 1325//3630
f 1325//3631 1319//3632 1323//3633
f 1320//3634 1323//3635 1319//3636
f 1319//3637 1318//3638 1320//3639
f 1317//3640 1320//3641 1318//3642
f 1318//3643 1313//3644 1317//3645
f 1311//3646 1317//3647 1313//3648
f 1313//3649 1304//3650 1311//3651
f 1300//3652 1311//3653 1304//3654
f 1304//3655 1301//3656 1300//3657
f 1301//3658 1281//3659 1300//3660
f 1301//3661 1278//3662 1281//3663
f 1278//3664 1273//3665 1281//3666
f 1268//3667 1281//3668 1273//3669
f 1273//3670 1256//3671 1268//3672
f 1254//3673 1268//3674 1256//3675
f 1256//3676 1260//3677 1254//3678
f 1254//3679 1260//3680 1247//3681
f 1248//3682 1254//3683 1247//3684
f 1248//3685 1247//3686 1239//3687
f 1239//3688 1243//3689 1248//3690
f 1239//3691 1238//3692 1243//3693
f 1237//3694 1243//3695 1238//3696
f 1238//3697 1222//3698 1237//3699
f 1221//3700 1237//3701 1222//3702
f 1222//3703 1219//3704 1221//3705
f 1216//3706 1221//3707 1219//3708
f 1219//3709 1214//3710 1216//3711
f 1212//3712 1216//3713 1214//3714
f 1214//3715 1209//3716 1212//3717
f 1205//3718 1212//3719 1209//3720
f 1209//3721 1206//3722 1205//3723
f 1206//3724 1200//3725 1205//3726
f 1206//3727 1199//3728 1200//3729
f 1199//3730 1198//3731 1200//3732
f 1197//3733 1200//3734 1198//3735
f 1198//3736 1193//3737 1197//3738
f 1191//3739 1197//3740 1193//3741
f 1193//3742 1189//3743 1191//3744
f 1186//3745 1191//3746 1189//3747
f 1189//3748 1187//3749 1186//3750
f 1180//3751 1186//3752 1187//3753
f 1187//3754 1179//3755 1180//3756
f 1177//3757 1180//3758 1179//3759
f 1179//3760 1173//3761 1177//3762
f 1171//3763 1177//3764 1173//3765
f 1173//3766 1170//3767 1171//3768
f 1168//3769 1171//3770 1170//3771
f 1170//3772 1169//3773 1168//3774
f 1165//3775 1168//3776 1169//3777
f 1169//3778 1164//3779 1165//3780
f 1159//3781 1165//3782 1164//3783
f 1164//3784 1161//3785 1159//3786
f 1161//3787 1155//3788 1159//3789
f 1155//3790 1161//3791 1157//3792
f 1157//3793 1156//3794 1155//3795
f 1152//3796 1153//3797 1155//3798
f 1155//3799 1156//3800 1152//3801
f 1150//3802 1152//3803 1156//3804
f 1156//3805 1036//3806 1150//3807
f 1036//3808 957//3809 1034//3810
f 1036//3811 1037//3812 1150//3813
f 763//3814 957//3815 825//3816
f 716//3817 696//3818 763//3819
f 696//3820 679//3821 763//3822
f 618//3823 679//3824 696//3825
f 696//3826 625//3827 618//3828
f 625//3829 620//3830 618//3831
f 663//3832 618//3833 620//3834
f 620//3835 641//3836 663//3837
f 709//3838 771//3839 684//3840
f 771//3841 834//3842 718//3843
f 866//3844 1042//3845 834//3846
f 1108//3847 834//3848 1042//3849
f 1042//3850 1149//3851 1108//3852
f 1149//3853 1163//3854 1108//3855
f 1251//3856 1108//3857 1163//3858
f 1251//3859 1240//3860 1151//3861
f 1677//3862 1240//3863 1251//3864
f 1251//3865 1339//3866 1677//3867
f 1339//3868 1624//3869 1677//3870
f 1620//3871 1677//3872 1624//3873
f 1620//3874 1624//3875 1709//3876
f 1709//3877 1715//3878 1620//3879
f 1749//3880 1777//3881 1758//3882
f 1769//3883 1749//3884 1758//3885
f 1769//3886 1765//3887 1761//3888
f 1756//3889 1765//3890 1775//3891
f 1775//3892 1765//3893 1797//3894
f 1797//3895 1769//3896 1758//3897
f 1797//3898 1765//3899 1769//3900
f 1816//3901 1836//3902 1831//3903
f 1831//3904 1797//3905 1814//3906
f 1797//3907 1808//3908 1814//3909
f 1836//3910 1894//3911 1831//3912
f 1797//3913 1827//3914 1854//3915
f 1814//3916 1808//3917 1831//3918
f 1831//3919 1837//3920 1827//3921
f 1837//3922 1831//3923 1894//3924
f 1827//3925 1797//3926 1831//3927
f 1797//3928 1758//3929 1808//3930
f 1835//3931 1830//3932 1927//3933
f 1927//3934 1891//3935 1835//3936
f 1832//3937 1821//3938 1891//3939
f 1891//3940 1890//3941 1832//3942
f 1903//3943 1832//3944 1890//3945
f 1829//3946 1922//3947 1892//3948
f 1903//3949 1922//3950 1829//3951
f 1892//3952 1887//3953 1829//3954
f 1887//3955 1819//3956 1829//3957
f 1819//3958 1887//3959 1896//3960
f 1896//3961 1839//3962 1819//3963
f 1839//3964 1896//3965 1816//3966
f 1894//3967 1913//3968 1837//3969
f 1913//3970 1827//3971 1837//3972
f 1913//3973 1912//3974 1827//3975
f 1854//3976 1827//3977 1912//3978
f 1912//3979 1902//3980 1854//3981
f 1797//3982 1854//3983 1902//3984
f 1902//3985 1897//3986 1797//3987
f 1839//3988 1825//3989 1762//3990
f 1816//3991 1825//3992 1839//3993
f 1762//3994 1825//3995 1790//3996
f 1816//3997 1790//3998 1825//3999
f 1894//4000 1836//4001 1816//4002
f 1898//4003 1894//4004 1816//4005
f 1816//4006 1831//4007 1790//4008
f 1155//4009 1153//4010 1154//4011
f 1155//4012 1154//4013 1158//4014
f 1158//4015 1159//4016 1155//4017
f 1769//4018 1761//4019 1743//4020
f 1739//4021 1743//4022 1761//4023
f 1761//4024 1735//4025 1739//4026
f 1761//4027 1765//4028 1735//4029
f 1743//4030 1749//4031 1769//4032
f 1831//4033 1808//4034 1792//4035
f 1765//4036 1756//4037 1735//4038
f 1733//4039 1735//4040 1756//4041
f 1756//4042 1751//4043 1733//4044
f 1729//4045 1733//4046 1751//4047
f 1751//4048 1745//4049 1729//4050
f 1724//4051 1729//4052 1745//4053
f 1745//4054 1740//4055 1724//4056
f 1721//4057 1724//4058 1740//4059
f 1740//4060 1734//4061 1721//4062
f 1716//4063 1721//4064 1734//4065
f 1734//4066 1731//4067 1716//4068
f 1713//4069 1716//4070 1731//4071
f 1731//4072 1728//4073 1713//4074
f 1708//4075 1713//4076 1728//4077
f 1728//4078 1722//4079 1708//4080
f 1705//4081 1708//4082 1722//4083
f 1722//4084 1717//4085 1705//4086
f 1700//4087 1705//4088 1717//4089
f 1717//4090 1712//4091 1700//4092
f 1694//4093 1700//4094 1712//4095
f 1712//4096 1707//4097 1694//4098
f 1691//4099 1694//4100 1707//4101
f 1707//4102 1704//4103 1691//4104
f 1688//4105 1691//4106 1704//4107
f 1704//4108 1697//4109 1688//4110
f 1683//4111 1688//4112 1697//4113
f 1697//4114 1693//4115 1683//4116
f 1679//4117 1683//4118 1693//4119
f 1693//4120 1689//4121 1679//4122
f 1671//4123 1679//4124 1689//4125
f 1689//4126 1685//4127 1671//4128
f 1667//4129 1671//4130 1685//4131
f 1685//4132 1680//4133 1667//4134
f 1660//4135 1667//4136 1680//4137
f 1680//4138 1673//4139 1660//4140
f 1653//4141 1660//4142 1673//4143
f 1673//4144 1666//4145 1653//4146
f 1644//4147 1653//4148 1666//4149
f 1666//4150 1663//4151 1644//4152
f 1640//4153 1644//4154 1663//4155
f 1663//4156 1651//4157 1640//4158
f 1626//4159 1640//4160 1651//4161
f 1651//4162 1646//4163 1626//4164
f 1619//4165 1626//4166 1646//4167
f 1646//4168 1636//4169 1619//4170
f 1605//4171 1619//4172 1636//4173
f 1636//4174 1627//4175 1605//4176
f 1600//4177 1605//4178 1627//4179
f 1627//4180 1613//4181 1600//4182
f 1585//4183 1600//4184 1613//4185
f 1613//4186 1604//4187 1585//4188
f 1577//4189 1585//4190 1604//4191
f 1604//4192 1591//4193 1577//4194
f 1525//4195 1577//4196 1591//4197
f 1591//4198 1580//4199 1525//4200
f 1513//4201 1525//4202 1580//4203
f 1580//4204 1548//4205 1513//4206
f 1477//4207 1513//4208 1548//4209
f 1548//4210 1516//4211 1477//4212
f 1463//4213 1477//4214 1516//4215
f 1281//4216 1268//4217 1265//4218
f 1281//4219 1265//4220 1287//4221
f 1287//4222 1300//4223 1281//4224
f 1300//4225 1287//4226 1292//4227
f 1311//4228 1300//4229 1292//4230
f 1311//4231 1292//4232 1312//4233
f 1312//4234 1317//4235 1311//4236
f 1317//4237 1312//4238 1314//4239
f 1320//4240 1317//4241 1314//4242
f 1320//4243 1314//4244 1321//4245
f 1321//4246 1323//4247 1320//4248
f 1323//4249 1321//4250 1322//4251
f 1327//4252 1323//4253 1322//4254
f 1327//4255 1322//4256 1328//4257
f 1328//4258 1335//4259 1327//4260
f 1335//4261 1328//4262 1331//4263
f 1370//4264 1335//4265 1331//4266
f 1370//4267 1331//4268 1371//4269
f 1371//4270 1398//4271 1370//4272
f 1398//4273 1371//4274 1385//4275
f 1420//4276 1398//4277 1385//4278
f 1420//4279 1385//4280 1419//4281
f 1419//4282 1447//4283 1420//4284
f 1447//4285 1419//4286 1433//4287
f 1472//4288 1447//4289 1433//4290
f 1472//4291 1433//4292 1463//4293
f 1463//4294 1489//4295 1472//4296
f 1516//4297 1489//4298 1463//4299
f 1165//4300 1159//4301 1158//4302
f 1158//4303 1168//4304 1165//4305
f 1158//4306 1167//4307 1168//4308
f 1171//4309 1168//4310 1167//4311
f 1167//4312 1177//4313 1171//4314
f 1167//4315 1174//4316 1177//4317
f 1180//4318 1177//4319 1174//4320
f 1174//4321 1176//4322 1180//4323
f 1176//4324 1186//4325 1180//4326
f 1176//4327 1184//4328 1186//4329
f 1191//4330 1186//4331 1184//4332
f 1184//4333 1185//4334 1191//4335
f 1185//4336 1197//4337 1191//4338
f 1185//4339 1194//4340 1197//4341
f 1200//4342 1197//4343 1194//4344
f 1194//4345 1195//4346 1200//4347
f 1195//4348 1205//4349 1200//4350
f 1195//4351 1203//4352 1205//4353
f 1212//4354 1205//4355 1203//4356
f 1203//4357 1204//4358 1212//4359
f 1204//4360 1216//4361 1212//4362
f 1204//4363 1213//4364 1216//4365
f 1221//4366 1216//4367 1213//4368
f 1213//4369 1215//4370 1221//4371
f 1215//4372 1237//4373 1221//4374
f 1215//4375 1226//4376 1237//4377
f 1243//4378 1237//4379 1226//4380
f 1226//4381 1231//4382 1243//4383
f 1231//4384 1248//4385 1243//4386
f 1231//4387 1244//4388 1248//4389
f 1254//4390 1248//4391 1244//4392
f 1244//4393 1246//4394 1254//4395
f 1246//4396 1268//4397 1254//4398
f 1246//4399 1250//4400 1268//4401
f 1268//4402 1250//4403 1265//4404
f 1647//4405 1762//4406 1759//4407
f 1762//4408 1790//4409 1759//4410
f 1647//4411 1539//4412 1762//4413
f 1762//4414 1539//4415 1360//4416
f 1329//4417 1148//4418 1235//4419
f 1235//4420 1257//4421 1329//4422
f 1360//4423 1233//4424 1309//4425
f 1669//4426 1768//4427 1819//4428
f 1821//4429 1699//4430 1702//4431
f 1819//4432 1654//4433 1669//4434
f 1819//4435 1674//4436 1654//4437
f 1121//4438 1148//4439 1329//4440
f 1235//4441 1148//4442 1172//4443
f 1309//4444 1233//4445 1192//4446
f 1397//4447 1192//4448 1147//4449
f 1397//4450 1147//4451 1234//4452
f 1121//4453 1329//4454 1234//4455
f 1598//4456 1397//4457 1674//4458
f 1819//4459 1799//4460 1674//4461
f 1598//4462 1674//4463 1799//4464
f 1360//4465 1309//4466 1762//4467
f 1799//4468 1762//4469 1309//4470
f 1192//4471 1397//4472 1598//4473
f 1309//4474 1192//4475 1598//4476
f 1309//4477 1598//4478 1799//4479
f 1669//4480 1702//4481 1699//4482
f 1669//4483 1699//4484 1821//4485
f 1669//4486 1821//4487 1768//4488
f 1172//4489 1148//4490 1143//4491
f 1098//4492 1100//4493 1143//4494
f 1143//4495 1079//4496 1172//4497
f 1102//4498 1098//4499 1143//4500
f 1121//4501 1106//4502 1102//4503
f 1125//4504 1123//4505 1192//4506
f 1192//4507 1129//4508 1127//4509
f 1192//4510 1134//4511 1129//4512
f 1123//4513 1116//4514 1192//4515
f 1143//4516 1148//4517 1121//4518
f 1234//4519 1147//4520 1116//4521
f 1121//4522 1102//4523 1143//4524
f 1192//4525 1233//4526 1134//4527
f 1116//4528 1113//4529 1121//4530
f 1121//4531 1234//4532 1116//4533
f 1147//4534 1192//4535 1116//4536
f 1049//4537 828//4538 1233//4539
f 1233//4540 828//4541 609//4542
f 718//4543 956//4544 607//4545
f 956//4546 687//4547 607//4548
f 684//4549 771//4550 718//4551
f 1034//4552 1037//4553 1036//4554
f 679//4555 719//4556 763//4557
f 603//4558 679//4559 618//4560
f 603//4561 618//4562 607//4563
f 663//4564 684//4565 607//4566
f 618//4567 663//4568 607//4569
f 1034//4570 957//4571 719//4572
f 763//4573 719//4574 957//4575
f 607//4576 684//4577 718//4578
f 739//4579 740//4580 769//4581
f 769//4582 740//4583 815//4584
f 815//4585 741//4586 764//4587
f 757//4588 739//4589 769//4590
f 769//4591 738//4592 757//4593
f 769//4594 737//4595 738//4596
f 737//4597 769//4598 823//4599
f 823//4600 736//4601 737//4602
f 823//4603 734//4604 735//4605
f 735//4606 756//4607 823//4608
f 756//4609 736//4610 823//4611
f 732//4612 733//4613 823//4614
f 729//4615 759//4616 730//4617
f 726//4618 727//4619 728//4620
f 728//4621 725//4622 726//4623
f 728//4624 721//4625 725//4626
f 728//4627 766//4628 721//4629
f 724//4630 722//4631 766//4632
f 766//4633 719//4634 724//4635
f 1145//4636 1150//4637 1037//4638
f 769//4639 815//4640 823//4641
f 729//4642 728//4643 760//4644
f 823//4645 728//4646 729//4647
f 729//4648 730//4649 823//4650
f 823//4651 730//4652 731//4653
f 823//4654 731//4655 723//4656
f 823//4657 723//4658 732//4659
f 1034//4660 728//4661 823//4662
f 1034//4663 823//4664 815//4665
f 728//4666 1034//4667 766//4668
f 719//4669 766//4670 1034//4671
f 1037//4672 1034//4673 1040//4674
f 607//4675 687//4676 535//4677
f 459//4678 535//4679 687//4680
f 535//4681 603//4682 607//4683
f 535//4684 719//4685 679//4686
f 679//4687 603//4688 535//4689
f 476//4690 764//4691 741//4692
f 478//4693 476//4694 741//4695
f 741//4696 815//4697 478//4698
f 478//4699 815//4700 740//4701
f 740//4702 481//4703 478//4704
f 740//4705 739//4706 481//4707
f 481//4708 739//4709 757//4710
f 757//4711 485//4712 481//4713
f 485//4714 757//4715 738//4716
f 483//4717 485//4718 738//4719
f 738//4720 737//4721 483//4722
f 483//4723 737//4724 736//4725
f 736//4726 489//4727 483//4728
f 736//4729 756//4730 489//4731
f 756//4732 493//4733 489//4734
f 756//4735 735//4736 493//4737
f 493//4738 735//4739 734//4740
f 498//4741 493//4742 734//4743
f 734//4744 823//4745 498//4746
f 498//4747 823//4748 733//4749
f 733//4750 502//4751 498//4752
f 733//4753 732//4754 502//4755
f 502//4756 732//4757 723//4758
f 506//4759 502//4760 723//4761
f 506//4762 723//4763 731//4764
f 499//4765 506//4766 731//4767
f 731//4768 730//4769 499//4770
f 499//4771 730//4772 759//4773
f 759//4774 513//4775 499//4776
f 759//4777 729//4778 513//4779
f 513//4780 729//4781 760//4782
f 760//4783 516//4784 513//4785
f 519//4786 516//4787 760//4788
f 760//4789 728//4790 519//4791
f 519//4792 728//4793 727//4794
f 727//4795 523//4796 519//4797
f 727//4798 726//4799 523//4800
f 525//4801 523//4802 726//4803
f 525//4804 726//4805 725//4806
f 525//4807 725//4808 721//4809
f 529//4810 525//4811 721//4812
f 721//4813 766//4814 529//4815
f 535//4816 534//4817 719//4818
f 724//4819 719//4820 534//4821
f 534//4822 532//4823 724//4824
f 722//4825 724//4826 532//4827
f 722//4828 532//4829 529//4830
f 766//4831 722//4832 529//4833
f 473//4834 476//4835 478//4836
f 478//4837 481//4838 473//4839
f 484//4840 473//4841 481//4842
f 481//4843 485//4844 484//4845
f 483//4846 484//4847 485//4848
f 483//4849 489//4850 488//4851
f 492//4852 488//4853 489//4854
f 489//4855 493//4856 492//4857
f 496//4858 492//4859 493//4860
f 493//4861 498//4862 496//4863
f 501//4864 496//4865 498//4866
f 498//4867 502//4868 501//4869
f 504//4870 501//4871 502//4872
f 502//4873 506//4874 504//4875
f 499//4876 504//4877 506//4878
f 499//4879 513//4880 511//4881
f 516//4882 511//4883 513//4884
f 516//4885 519//4886 521//4887
f 519//4888 523//4889 521//4890
f 441//4891 521//4892 523//4893
f 523//4894 525//4895 441//4896
f 527//4897 441//4898 525//4899
f 525//4900 529//4901 527//4902
f 441//4903 527//4904 529//4905
f 529//4906 532//4907 441//4908
f 532//4909 534//4910 441//4911
f 688//4912 1104//4913 1103//4914
f 690//4915 688//4916 1103//4917
f 690//4918 1103//4919 1099//4920
f 1105//4921 688//4922 685//4923
f 688//4924 1105//4925 1104//4926
f 682//4927 664//4928 1110//4929
f 1105//4930 685//4931 683//4932
f 1107//4933 1105//4934 683//4935
f 683//4936 682//4937 1107//4938
f 682//4939 1109//4940 1107//4941
f 682//4942 1110//4943 1109//4944
f 681//4945 678//4946 1112//4947
f 681//4948 1112//4949 1111//4950
f 664//4951 681//4952 1110//4953
f 1111//4954 1110//4955 681//4956
f 676//4957 674//4958 1115//4959
f 678//4960 676//4961 1112//4962
f 1114//4963 1112//4964 676//4965
f 676//4966 1115//4967 1114//4968
f 672//4969 639//4970 1118//4971
f 672//4972 1118//4973 1136//4974
f 674//4975 672//4976 1115//4977
f 1136//4978 1115//4979 672//4980
f 668//4981 666//4982 1120//4983
f 668//4984 1120//4985 1117//4986
f 639//4987 668//4988 1118//4989
f 1117//4990 1118//4991 668//4992
f 658//4993 610//4994 1122//4995
f 666//4996 658//4997 1120//4998
f 1146//4999 1120//5000 658//5001
f 658//5002 1122//5003 1146//5004
f 647//5005 594//5006 1137//5007
f 610//5008 647//5009 1122//5010
f 1137//5011 1122//5012 647//5013
f 1142//5014 633//5015 1126//5016
f 622//5017 597//5018 1130//5019
f 633//5020 622//5021 1126//5022
f 1128//5023 1126//5024 622//5025
f 622//5026 1130//5027 1128//5028
f 597//5029 621//5030 1130//5031
f 1131//5032 1130//5033 621//5034
f 621//5035 1132//5036 1131//5037
f 621//5038 619//5039 1132//5040
f 619//5041 616//5042 1132//5043
f 1133//5044 1132//5045 616//5046
f 616//5047 615//5048 1133//5049
f 1135//5050 1133//5051 615//5052
f 615//5053 563//5054 1135//5055
f 563//5056 1151//5057 1135//5058
f 563//5059 1108//5060 1151//5061
f 956//5062 1108//5063 546//5064
f 546//5065 600//5066 956//5067
f 600//5068 459//5069 687//5070
f 687//5071 956//5072 600//5073
f 685//5074 688//5075 664//5076
f 683//5077 685//5078 664//5079
f 664//5080 682//5081 683//5082
f 678//5083 681//5084 664//5085
f 664//5086 639//5087 678//5088
f 676//5089 678//5090 639//5091
f 674//5092 676//5093 639//5094
f 672//5095 674//5096 639//5097
f 666//5098 668//5099 639//5100
f 658//5101 666//5102 639//5103
f 639//5104 610//5105 658//5106
f 594//5107 647//5108 610//5109
f 633//5110 1142//5111 594//5112
f 622//5113 633//5114 594//5115
f 594//5116 597//5117 622//5118
f 597//5119 619//5120 621//5121
f 616//5122 619//5123 597//5124
f 597//5125 591//5126 616//5127
f 591//5128 615//5129 616//5130
f 591//5131 563//5132 615//5133
f 546//5134 1108//5135 563//5136
f 815//5137 764//5138 1153//5139
f 1153//5140 764//5141 476//5142
f 476//5143 467//5144 1153//5145
f 1034//5146 815//5147 1153//5148
f 1153//5149 1152//5150 1150//5151
f 1037//5152 1040//5153 1153//5154
f 1145//5155 1037//5156 1153//5157
f 1150//5158 1145//5159 1153//5160
f 1040//5161 1034//5162 1153//5163
f 473//5164 433//5165 476//5166
f 439//5167 456//5168 467//5169
f 467//5170 476//5171 439//5172
f 476//5173 433//5174 439//5175
f 441//5176 335//5177 521//5178
f 516//5179 521//5180 335//5181
f 511//5182 516//5183 335//5184
f 499//5185 511//5186 335//5187
f 504//5188 499//5189 335//5190
f 501//5191 504//5192 335//5193
f 496//5194 501//5195 335//5196
f 492//5197 496//5198 335//5199
f 488//5200 492//5201 335//5202
f 483//5203 488//5204 335//5205
f 484//5206 483//5207 335//5208
f 473//5209 484//5210 335//5211
f 335//5212 404//5213 473//5214
f 456//5215 455//5216 467//5217
f 437//5218 475//5219 455//5220
f 475//5221 437//5222 430//5223
f 475//5224 430//5225 407//5226
f 407//5227 391//5228 475//5229
f 1153//5230 467//5231 455//5232
f 742//5233 1153//5234 455//5235
f 455//5236 475//5237 742//5238
f 742//5239 1119//5240 1153//5241
f 1154//5242 1153//5243 1140//5244
f 1119//5245 1140//5246 1153//5247
f 335//5248 441//5249 535//5250
f 277//5251 335//5252 268//5253
f 453//5254 335//5255 277//5256
f 454//5257 447//5258 446//5259
f 453//5260 447//5261 454//5262
f 535//5263 441//5264 534//5265
f 600//5266 546//5267 459//5268
f 535//5269 459//5270 335//5271
f 335//5272 546//5273 462//5274
f 440//5275 462//5276 546//5277
f 459//5278 546//5279 335//5280
f 321//5281 281//5282 289//5283
f 445//5284 457//5285 440//5286
f 457//5287 462//5288 440//5289
f 424//5290 434//5291 440//5292
f 440//5293 434//5294 445//5295
f 440//5296 417//5297 424//5298
f 397//5299 417//5300 440//5301
f 383//5302 385//5303 440//5304
f 440//5305 385//5306 397//5307
f 370//5308 378//5309 440//5310
f 440//5311 378//5312 383//5313
f 358//5314 370//5315 440//5316
f 325//5317 337//5318 351//5319
f 351//5320 337//5321 343//5322
f 311//5323 325//5324 321//5325
f 321//5326 299//5327 311//5328
f 289//5329 299//5330 321//5331
f 351//5332 321//5333 325//5334
f 351//5335 497//5336 321//5337
f 358//5338 440//5339 351//5340
f 351//5341 440//5342 497//5343
f 546//5344 497//5345 440//5346
f 329//5347 335//5348 462//5349
f 462//5350 457//5351 329//5352
f 323//5353 329//5354 457//5355
f 457//5356 445//5357 323//5358
f 319//5359 323//5360 445//5361
f 445//5362 434//5363 319//5364
f 417//5365 397//5366 295//5367
f 295//5368 305//5369 417//5370
f 305//5371 308//5372 417//5373
f 424//5374 417//5375 308//5376
f 308//5377 313//5378 424//5379
f 434//5380 424//5381 313//5382
f 313//5383 319//5384 434//5385
f 383//5386 378//5387 270//5388
f 270//5389 276//5390 383//5391
f 385//5392 383//5393 276//5394
f 276//5395 287//5396 385//5397
f 397//5398 385//5399 287//5400
f 287//5401 268//5402 397//5403
f 268//5404 295//5405 397//5406
f 267//5407 270//5408 378//5409
f 378//5410 370//5411 267//5412
f 263//5413 267//5414 370//5415
f 258//5416 263//5417 370//5418
f 370//5419 358//5420 258//5421
f 227//5422 258//5423 358//5424
f 351//5425 343//5426 247//5427
f 358//5428 351//5429 247//5430
f 247//5431 227//5432 358//5433
f 337//5434 325//5435 234//5436
f 337//5437 234//5438 242//5439
f 343//5440 337//5441 242//5442
f 242//5443 247//5444 343//5445
f 231//5446 233//5447 325//5448
f 233//5449 234//5450 325//5451
f 325//5452 311//5453 231//5454
f 224//5455 231//5456 311//5457
f 311//5458 299//5459 220//5460
f 220//5461 224//5462 311//5463
f 289//5464 281//5465 214//5466
f 214//5467 216//5468 289//5469
f 299//5470 289//5471 216//5472
f 216//5473 220//5474 299//5475
f 443//5476 453//5477 454//5478
f 453//5479 443//5480 335//5481
f 404//5482 335//5483 443//5484
f 443//5485 368//5486 404//5487
f 428//5488 442//5489 451//5490
f 451//5491 432//5492 428//5493
f 432//5494 451//5495 456//5496
f 456//5497 439//5498 432//5499
f 436//5500 442//5501 428//5502
f 428//5503 422//5504 436//5505
f 429//5506 436//5507 422//5508
f 422//5509 415//5510 429//5511
f 427//5512 429//5513 415//5514
f 427//5515 415//5516 410//5517
f 402//5518 416//5519 420//5520
f 416//5521 402//5522 396//5523
f 396//5524 412//5525 416//5526
f 400//5527 390//5528 396//5529
f 396//5530 402//5531 400//5532
f 400//5533 402//5534 405//5535
f 420//5536 405//5537 402//5538
f 405//5539 420//5540 427//5541
f 390//5542 400//5543 404//5544
f 400//5545 405//5546 410//5547
f 427//5548 410//5549 405//5550
f 432//5551 439//5552 433//5553
f 428//5554 432//5555 433//5556
f 422//5557 428//5558 433//5559
f 415//5560 422//5561 433//5562
f 410//5563 415//5564 433//5565
f 433//5566 404//5567 410//5568
f 410//5569 404//5570 400//5571
f 433//5572 473//5573 404//5574
f 374//5575 380//5576 368//5577
f 404//5578 368//5579 380//5580
f 340//5581 357//5582 368//5583
f 368//5584 357//5585 361//5586
f 357//5587 340//5588 348//5589
f 368//5590 285//5591 340//5592
f 326//5593 340//5594 285//5595
f 285//5596 309//5597 326//5598
f 447//5599 453//5600 243//5601
f 446//5602 249//5603 253//5604
f 447//5605 243//5606 249//5607
f 249//5608 446//5609 447//5610
f 253//5611 443//5612 454//5613
f 454//5614 446//5615 253//5616
f 285//5617 266//5618 278//5619
f 260//5620 266//5621 248//5622
f 251//5623 260//5624 248//5625
f 443//5626 285//5627 368//5628
f 443//5629 248//5630 285//5631
f 248//5632 266//5633 285//5634
f 453//5635 277//5636 243//5637
f 246//5638 251//5639 248//5640
f 253//5641 249//5642 243//5643
f 248//5644 443//5645 253//5646
f 253//5647 243//5648 248//5649
f 169//5650 189//5651 162//5652
f 230//5653 277//5654 219//5655
f 219//5656 226//5657 230//5658
f 206//5659 217//5660 219//5661
f 217//5662 221//5663 219//5664
f 219//5665 221//5666 226//5667
f 198//5668 205//5669 219//5670
f 205//5671 206//5672 219//5673
f 174//5674 184//5675 189//5676
f 169//5677 174//5678 189//5679
f 135//5680 146//5681 162//5682
f 137//5683 139//5684 135//5685
f 135//5686 139//5687 146//5688
f 124//5689 121//5690 135//5691
f 121//5692 123//5693 135//5694
f 124//5695 101//5696 105//5697
f 105//5698 106//5699 124//5700
f 89//5701 92//5702 83//5703
f 83//5704 92//5705 101//5706
f 56//5707 62//5708 54//5709
f 54//5710 62//5711 72//5712
f 72//5713 83//5714 54//5715
f 83//5716 72//5717 73//5718
f 73//5719 79//5720 83//5721
f 42//5722 37//5723 34//5724
f 37//5725 42//5726 48//5727
f 152//5728 220//5729 216//5730
f 152//5731 224//5732 220//5733
f 227//5734 247//5735 242//5736
f 268//5737 267//5738 263//5739
f 268//5740 276//5741 270//5742
f 313//5743 308//5744 268//5745
f 268//5746 308//5747 305//5748
f 329//5749 268//5750 335//5751
f 268//5752 329//5753 323//5754
f 216//5755 214//5756 152//5757
f 37//5758 54//5759 83//5760
f 48//5761 54//5762 37//5763
f 268//5764 323//5765 319//5766
f 233//5767 224//5768 234//5769
f 224//5770 233//5771 231//5772
f 242//5773 234//5774 227//5775
f 101//5776 124//5777 83//5778
f 224//5779 227//5780 234//5781
f 277//5782 124//5783 135//5784
f 227//5785 224//5786 152//5787
f 124//5788 277//5789 83//5790
f 227//5791 152//5792 83//5793
f 270//5794 267//5795 268//5796
f 227//5797 83//5798 277//5799
f 162//5800 189//5801 135//5802
f 135//5803 189//5804 277//5805
f 263//5806 227//5807 268//5808
f 227//5809 263//5810 258//5811
f 219//5812 189//5813 198//5814
f 287//5815 276//5816 268//5817
f 189//5818 219//5819 277//5820
f 227//5821 277//5822 268//5823
f 268//5824 319//5825 313//5826
f 268//5827 305//5828 295//5829
f 281//5830 212//5831 210//5832
f 281//5833 210//5834 214//5835
f 9//5836 13//5837 37//5838
f 34//5839 37//5840 24//5841
f 37//5842 23//5843 24//5844
f 1//5845 9//5846 37//5847
f 37//5848 15//5849 1//5850
f 52//5851 37//5852 83//5853
f 37//5854 52//5855 41//5856
f 41//5857 28//5858 37//5859
f 37//5860 28//5861 15//5862
f 83//5863 65//5864 52//5865
f 83//5866 77//5867 65//5868
f 120//5869 111//5870 97//5871
f 97//5872 83//5873 120//5874
f 97//5875 87//5876 83//5877
f 83//5878 87//5879 77//5880
f 152//5881 154//5882 143//5883
f 152//5884 143//5885 131//5886
f 131//5887 120//5888 152//5889
f 210//5890 152//5891 214//5892
f 152//5893 210//5894 195//5895
f 152//5896 195//5897 180//5898
f 152//5899 180//5900 168//5901
f 152//5902 168//5903 154//5904
f 120//5905 83//5906 152//5907
f 375//5908 391//5909 388//5910
f 372//5911 375//5912 374//5913
f 374//5914 375//5915 388//5916
f 388//5917 380//5918 374//5919
f 380//5920 388//5921 389//5922
f 372//5923 374//5924 368//5925
f 368//5926 361//5927 372//5928
f 356//5929 372//5930 361//5931
f 361//5932 357//5933 356//5934
f 356//5935 357//5936 348//5937
f 341//5938 356//5939 348//5940
f 333//5941 341//5942 348//5943
f 348//5944 340//5945 333//5946
f 333//5947 340//5948 326//5949
f 279//5950 306//5951 309//5952
f 306//5953 310//5954 309//5955
f 326//5956 309//5957 310//5958
f 310//5959 271//5960 326//5961
f 271//5962 333//5963 326//5964
f 278//5965 266//5966 262//5967
f 262//5968 264//5969 278//5970
f 309//5971 285//5972 279//5973
f 285//5974 278//5975 279//5976
f 264//5977 279//5978 278//5979
f 266//5980 260//5981 262//5982
f 260//5983 251//5984 250//5985
f 250//5986 254//5987 260//5988
f 254//5989 262//5990 260//5991
f 396//5992 389//5993 393//5994
f 396//5995 390//5996 389//5997
f 380//5998 389//5999 390//6000
f 390//6001 404//6002 380//6003
f 396//6004 393//6005 401//6006
f 401//6007 412//6008 396//6009
f 828//6010 706//6011 638//6012
f 614//6013 828//6014 638//6015
f 604//6016 614//6017 713//6018
f 828//6019 614//6020 712//6021
f 614//6022 604//6023 599//6024
f 712//6025 614//6026 599//6027
f 1098//6028 1102//6029 689//6030
f 1102//6031 1106//6032 689//6033
f 1121//6034 669//6035 1106//6036
f 1121//6037 1113//6038 669//6039
f 1113//6040 1116//6041 669//6042
f 1116//6043 608//6044 669//6045
f 1116//6046 1123//6047 654//6048
f 654//6049 608//6050 1116//6051
f 1123//6052 1125//6053 646//6054
f 1123//6055 646//6056 654//6057
f 1127//6058 623//6059 626//6060
f 1127//6061 626//6062 634//6063
f 1192//6064 1127//6065 634//6066
f 634//6067 1125//6068 1192//6069
f 1125//6070 634//6071 646//6072
f 1129//6073 590//6074 623//6075
f 1127//6076 1129//6077 623//6078
f 1129//6079 1134//6080 590//6081
f 1233//6082 609//6083 1134//6084
f 536//6085 609//6086 828//6087
f 828//6088 540//6089 536//6090
f 712//6091 593//6092 540//6093
f 540//6094 828//6095 712//6096
f 464//6097 604//6098 662//6099
f 599//6100 604//6101 464//6102
f 464//6103 593//6104 712//6105
f 712//6106 599//6107 464//6108
f 590//6109 609//6110 536//6111
f 590//6112 1134//6113 609//6114
f 608//6115 654//6116 646//6117
f 634//6118 626//6119 646//6120
f 590//6121 646//6122 626//6123
f 590//6124 626//6125 623//6126
f 662//6127 604//6128 710//6129
f 533//6130 464//6131 662//6132
f 662//6133 698//6134 533//6135
f 530//6136 533//6137 698//6138
f 698//6139 710//6140 530//6141
f 710//6142 699//6143 530//6144
f 526//6145 530//6146 699//6147
f 526//6148 699//6149 701//6150
f 524//6151 526//6152 701//6153
f 701//6154 702//6155 524//6156
f 520//6157 524//6158 702//6159
f 520//6160 702//6161 703//6162
f 517//6163 520//6164 703//6165
f 703//6166 704//6167 517//6168
f 514//6169 517//6170 704//6171
f 514//6172 704//6173 707//6174
f 509//6175 514//6176 707//6177
f 707//6178 708//6179 509//6180
f 708//6181 711//6182 509//6183
f 507//6184 509//6185 711//6186
f 711//6187 1027//6188 507//6189
f 507//6190 1027//6191 755//6192
f 755//6193 503//6194 507//6195
f 503//6196 755//6197 754//6198
f 491//6199 503//6200 754//6201
f 754//6202 753//6203 491//6204
f 491//6205 753//6206 758//6207
f 758//6208 486//6209 491//6210
f 752//6211 751//6212 490//6213
f 490//6214 486//6215 752//6216
f 486//6217 758//6218 752//6219
f 490//6220 751//6221 750//6222
f 750//6223 482//6224 490//6225
f 750//6226 749//6227 482//6228
f 482//6229 749//6230 748//6231
f 748//6232 480//6233 482//6234
f 748//6235 747//6236 480//6237
f 480//6238 747//6239 746//6240
f 479//6241 480//6242 746//6243
f 746//6244 745//6245 479//6246
f 477//6247 479//6248 745//6249
f 745//6250 744//6251 477//6252
f 744//6253 743//6254 477//6255
f 474//6256 477//6257 743//6258
f 743//6259 742//6260 475//6261
f 475//6262 474//6263 743//6264
f 479//6265 477//6266 391//6267
f 482//6268 487//6269 490//6270
f 486//6271 490//6272 487//6273
f 491//6274 500//6275 503//6276
f 507//6277 503//6278 500//6279
f 500//6280 505//6281 507//6282
f 509//6283 507//6284 505//6285
f 505//6286 508//6287 509//6288
f 514//6289 509//6290 508//6291
f 508//6292 512//6293 514//6294
f 517//6295 514//6296 512//6297
f 512//6298 515//6299 517//6300
f 520//6301 517//6302 515//6303
f 515//6304 518//6305 520//6306
f 524//6307 520//6308 518//6309
f 518//6310 522//6311 524//6312
f 526//6313 524//6314 522//6315
f 526//6316 522//6317 528//6318
f 528//6319 530//6320 526//6321
f 530//6322 528//6323 531//6324
f 531//6325 533//6326 530//6327
f 713//6328 710//6329 604//6330
f 704//6331 703//6332 708//6333
f 701//6334 699//6335 710//6336
f 710//6337 698//6338 662//6339
f 704//6340 708//6341 707//6342
f 708//6343 1027//6344 711//6345
f 702//6346 701//6347 703//6348
f 703//6349 701//6350 710//6351
f 710//6352 708//6353 703//6354
f 753//6355 755//6356 1027//6357
f 752//6358 758//6359 753//6360
f 751//6361 747//6362 750//6363
f 747//6364 749//6365 750//6366
f 747//6367 748//6368 749//6369
f 745//6370 746//6371 744//6372
f 747//6373 744//6374 746//6375
f 744//6376 1119//6377 742//6378
f 743//6379 744//6380 742//6381
f 753//6382 751//6383 752//6384
f 751//6385 1119//6386 747//6387
f 753//6388 754//6389 755//6390
f 1027//6391 1119//6392 751//6393
f 753//6394 1027//6395 751//6396
f 1119//6397 744//6398 747//6399
f 1027//6400 1038//6401 1119//6402
f 1027//6403 708//6404 1038//6405
f 713//6406 714//6407 710//6408
f 708//6409 710//6410 714//6411
f 1647//6412 1759//6413 1701//6414
f 1792//6415 1759//6416 1790//6417
f 1790//6418 1831//6419 1792//6420
f 1808//6421 1758//6422 1744//6423
f 1792//6424 1808//6425 1744//6426
f 1739//6427 1744//6428 1743//6429
f 1744//6430 1749//6431 1743//6432
f 1777//6433 1749//6434 1744//6435
f 1758//6436 1777//6437 1744//6438
f 1721//6439 1716//6440 1696//6441
f 1696//6442 1724//6443 1721//6444
f 1729//6445 1724//6446 1696//6447
f 1733//6448 1729//6449 1696//6450
f 1735//6451 1733//6452 1696//6453
f 1739//6454 1735//6455 1696//6456
f 1705//6457 1700//6458 1696//6459
f 1696//6460 1708//6461 1705//6462
f 1713//6463 1708//6464 1696//6465
f 1716//6466 1713//6467 1696//6468
f 1679//6469 1671//6470 1643//6471
f 1643//6472 1683//6473 1679//6474
f 1688//6475 1683//6476 1643//6477
f 1691//6478 1688//6479 1643//6480
f 1694//6481 1691//6482 1643//6483
f 1643//6484 1696//6485 1694//6486
f 1700//6487 1694//6488 1696//6489
f 1653//6490 1644//6491 1643//6492
f 1643//6493 1660//6494 1653//6495
f 1667//6496 1660//6497 1643//6498
f 1671//6499 1667//6500 1643//6501
f 1600//6502 1585//6503 1582//6504
f 1582//6505 1605//6506 1600//6507
f 1619//6508 1605//6509 1582//6510
f 1626//6511 1619//6512 1582//6513
f 1640//6514 1626//6515 1582//6516
f 1582//6517 1643//6518 1640//6519
f 1644//6520 1640//6521 1643//6522
f 1513//6523 1477//6524 1514//6525
f 1525//6526 1513//6527 1514//6528
f 1577//6529 1525//6530 1514//6531
f 1514//6532 1582//6533 1577//6534
f 1585//6535 1577//6536 1582//6537
f 1433//6538 1419//6539 1514//6540
f 1463//6541 1433//6542 1514//6543
f 1477//6544 1463//6545 1514//6546
f 1371//6547 1331//6548 1315//6549
f 1315//6550 1514//6551 1371//6552
f 1514//6553 1385//6554 1371//6555
f 1419//6556 1385//6557 1514//6558
f 1321//6559 1314//6560 1315//6561
f 1322//6562 1321//6563 1315//6564
f 1328//6565 1322//6566 1315//6567
f 1331//6568 1328//6569 1315//6570
f 1267//6571 1265//6572 1250//6573
f 1287//6574 1265//6575 1267//6576
f 1292//6577 1287//6578 1267//6579
f 1312//6580 1292//6581 1267//6582
f 1314//6583 1312//6584 1267//6585
f 1267//6586 1315//6587 1314//6588
f 1226//6589 1215//6590 1241//6591
f 1241//6592 1236//6593 1226//6594
f 1231//6595 1226//6596 1236//6597
f 1244//6598 1231//6599 1236//6600
f 1246//6601 1244//6602 1236//6603
f 1236//6604 1250//6605 1246//6606
f 1194//6607 1185//6608 1188//6609
f 1188//6610 1196//6611 1194//6612
f 1196//6613 1195//6614 1194//6615
f 1203//6616 1195//6617 1196//6618
f 1196//6619 1202//6620 1203//6621
f 1204//6622 1203//6623 1202//6624
f 1213//6625 1204//6626 1202//6627
f 1202//6628 1210//6629 1213//6630
f 1215//6631 1213//6632 1210//6633
f 1210//6634 1241//6635 1215//6636
f 1182//6637 1188//6638 1185//6639
f 1185//6640 1184//6641 1182//6642
f 1175//6643 1182//6644 1184//6645
f 1184//6646 1176//6647 1175//6648
f 1176//6649 1174//6650 1175//6651
f 1140//6652 1175//6653 1174//6654
f 1174//6655 1167//6656 1140//6657
f 1158//6658 1154//6659 1140//6660
f 1167//6661 1158//6662 1140//6663
f 1140//6664 1119//6665 1038//6666
f 1500//6667 1299//6668 1360//6669
f 1360//6670 1539//6671 1500//6672
f 1360//6673 1245//6674 1218//6675
f 1233//6676 1360//6677 1218//6678
f 1233//6679 1218//6680 1160//6681
f 1049//6682 1233//6683 1124//6684
f 828//6685 1049//6686 884//6687
f 884//6688 706//6689 828//6690
f 638//6691 627//6692 614//6693
f 627//6694 635//6695 614//6696
f 635//6697 677//6698 614//6699
f 713//6700 614//6701 677//6702
f 938//6703 1299//6704 1500//6705
f 937//6706 1245//6707 1263//6708
f 1263//6709 938//6710 937//6711
f 1263//6712 1299//6713 938//6714
f 1201//6715 1211//6716 934//6717
f 1201//6718 934//6719 925//6720
f 925//6721 1162//6722 1201//6723
f 1166//6724 1162//6725 925//6726
f 925//6727 922//6728 1166//6729
f 1166//6730 922//6731 913//6732
f 934//6733 1211//6734 1225//6735
f 1225//6736 937//6737 934//6738
f 1225//6739 1245//6740 937//6741
f 913//6742 714//6743 713//6744
f 1166//6745 913//6746 713//6747
f 1138//6748 938//6749 1500//6750
f 713//6751 677//6752 1166//6753
f 1124//6754 1166//6755 677//6756
f 1500//6757 1140//6758 1138//6759
f 1500//6760 1647//6761 1140//6762
f 1647//6763 1500//6764 1588//6765
f 1682//6766 1181//6767 1178//6768
f 1181//6769 1682//6770 1701//6771
f 1035//6772 1124//6773 677//6774
f 1178//6775 1647//6776 1682//6777
f 677//6778 999//6779 1035//6780
f 1223//6781 1720//6782 1725//6783
f 1720//6784 1223//6785 1241//6786
f 1701//6787 1720//6788 1181//6789
f 1241//6790 1181//6791 1720//6792
f 1316//6793 1277//6794 1767//6795
f 1223//6796 1725//6797 1742//6798
f 1760//6799 1767//6800 1277//6801
f 1742//6802 1757//6803 1223//6804
f 1255//6805 1223//6806 1757//6807
f 833//6808 652//6809 632//6810
f 652//6811 833//6812 1049//6813
f 677//6814 635//6815 999//6816
f 999//6817 635//6818 652//6819
f 1049//6820 999//6821 652//6822
f 761//6823 833//6824 632//6825
f 1277//6826 1757//6827 1760//6828
f 1757//6829 1277//6830 1255//6831
f 1767//6832 1324//6833 1316//6834
f 1324//6835 1767//6836 1774//6837
f 1514//6838 1324//6839 1774//6840
f 1643//6841 1774//6842 1792//6843
f 1774//6844 1643//6845 1514//6846
f 638//6847 761//6848 627//6849
f 937//6850 938//6851 922//6852
f 925//6853 934//6854 922//6855
f 922//6856 934//6857 937//6858
f 913//6859 708//6860 714//6861
f 913//6862 1038//6863 708//6864
f 1725//6865 1701//6866 1759//6867
f 1245//6868 1360//6869 1299//6870
f 1124//6871 1233//6872 1160//6873
f 635//6874 632//6875 652//6876
f 632//6877 635//6878 627//6879
f 627//6880 761//6881 632//6882
f 884//6883 833//6884 761//6885
f 884//6886 1049//6887 833//6888
f 1049//6889 1035//6890 999//6891
f 1162//6892 1166//6893 1124//6894
f 1211//6895 1201//6896 1162//6897
f 1245//6898 1225//6899 1211//6900
f 1263//6901 1245//6902 1299//6903
f 1682//6904 1647//6905 1701//6906
f 1701//6907 1725//6908 1720//6909
f 1742//6910 1760//6911 1757//6912
f 1760//6913 1742//6914 1759//6915
f 1759//6916 1767//6917 1760//6918
f 1759//6919 1774//6920 1767//6921
f 1759//6922 1792//6923 1774//6924
f 1582//6925 1514//6926 1643//6927
f 1324//6928 1514//6929 1316//6930
f 1316//6931 1255//6932 1277//6933
f 1255//6934 1316//6935 1241//6936
f 1241//6937 1223//6938 1255//6939
f 1178//6940 1181//6941 1241//6942
f 1647//6943 1178//6944 1140//6945
f 1138//6946 1140//6947 1038//6948
f 922//6949 938//6950 1138//6951
f 1175//6952 1188//6953 1182//6954
f 1188//6955 1202//6956 1196//6957
f 1241//6958 1210//6959 1202//6960
f 1175//6961 1140//6962 1188//6963
f 1744//6964 1739//6965 1696//6966
f 1162//6967 1160//6968 1218//6969
f 1316//6970 1315//6971 1267//6972
f 1316//6973 1267//6974 1250//6975
f 1250//6976 1236//6977 1241//6978
f 1138//6979 1038//6980 913//6981
f 1178//6982 1188//6983 1140//6984
f 1241//6985 1202//6986 1188//6987
f 1315//6988 1316//6989 1514//6990
f 1744//6991 1696//6992 1792//6993
f 1759//6994 1742//6995 1725//6996
f 1035//6997 1049//6998 1124//6999
f 761//7000 706//7001 884//7002
f 1162//7003 1218//7004 1211//7005
f 1211//7006 1218//7007 1245//7008
f 1539//7009 1588//7010 1500//7011
f 1539//7012 1647//7013 1588//7014
f 1250//7015 1241//7016 1316//7017
f 1188//7018 1178//7019 1241//7020
f 913//7021 922//7022 1138//7023
f 1124//7024 1160//7025 1162//7026
f 1792//7027 1696//7028 1643//7029
f 761//7030 638//7031 706//7032
f 474//7033 475//7034 391//7035
f 477//7036 474//7037 391//7038
f 480//7039 479//7040 391//7041
f 482//7042 480//7043 391//7044
f 487//7045 482//7046 391//7047
f 391//7048 409//7049 487//7050
f 486//7051 487//7052 409//7053
f 491//7054 486//7055 409//7056
f 500//7057 491//7058 409//7059
f 505//7060 500//7061 409//7062
f 508//7063 505//7064 409//7065
f 512//7066 508//7067 409//7068
f 515//7069 512//7070 409//7071
f 518//7072 515//7073 409//7074
f 522//7075 518//7076 409//7077
f 528//7078 522//7079 409//7080
f 531//7081 528//7082 409//7083
f 533//7084 531//7085 409//7086
f 409//7087 464//7088 533//7089
f 16//7090 3//7091 1//7092
f 1//7093 15//7094 16//7095
f 26//7096 16//7097 15//7098
f 15//7099 28//7100 26//7101
f 36//7102 26//7103 28//7104
f 28//7105 41//7106 36//7107
f 50//7108 36//7109 41//7110
f 41//7111 52//7112 50//7113
f 58//7114 50//7115 52//7116
f 52//7117 65//7118 58//7119
f 70//7120 58//7121 65//7122
f 65//7123 77//7124 70//7125
f 84//7126 70//7127 77//7128
f 84//7129 77//7130 87//7131
f 93//7132 84//7133 87//7134
f 87//7135 97//7136 93//7137
f 97//7138 102//7139 93//7140
f 97//7141 112//7142 102//7143
f 97//7144 111//7145 112//7146
f 116//7147 112//7148 111//7149
f 111//7150 120//7151 116//7152
f 129//7153 116//7154 120//7155
f 120//7156 131//7157 129//7158
f 136//7159 129//7160 131//7161
f 147//7162 136//7163 131//7164
f 131//7165 143//7166 147//7167
f 147//7168 143//7169 154//7170
f 154//7171 159//7172 147//7173
f 159//7174 154//7175 168//7176
f 168//7177 171//7178 159//7179
f 186//7180 171//7181 168//7182
f 168//7183 180//7184 186//7185
f 197//7186 186//7187 180//7188
f 180//7189 195//7190 197//7191
f 197//7192 195//7193 210//7194
f 210//7195 212//7196 197//7197
f 4//7198 3//7199 16//7200
f 38//7201 5//7202 4//7203
f 16//7204 38//7205 4//7206
f 16//7207 26//7208 38//7209
f 38//7210 26//7211 36//7212
f 36//7213 50//7214 38//7215
f 50//7216 58//7217 38//7218
f 38//7219 58//7220 70//7221
f 70//7222 102//7223 38//7224
f 70//7225 84//7226 102//7227
f 84//7228 93//7229 102//7230
f 112//7231 116//7232 102//7233
f 116//7234 129//7235 102//7236
f 150//7237 186//7238 197//7239
f 171//7240 186//7241 150//7242
f 159//7243 171//7244 150//7245
f 147//7246 159//7247 150//7248
f 150//7249 102//7250 147//7251
f 102//7252 136//7253 147//7254
f 129//7255 136//7256 102//7257
f 150//7258 197//7259 212//7260
f 560//7261 392//7262 538//7263
f 497//7264 392//7265 150//7266
f 321//7267 497//7268 150//7269
f 150//7270 212//7271 281//7272
f 281//7273 321//7274 150//7275
f 391//7276 389//7277 388//7278
f 393//7279 389//7280 391//7281
f 416//7282 412//7283 401//7284
f 401//7285 403//7286 416//7287
f 416//7288 403//7289 406//7290
f 406//7291 420//7292 416//7293
f 406//7294 411//7295 427//7296
f 427//7297 420//7298 406//7299
f 429//7300 427//7301 411//7302
f 411//7303 414//7304 429//7305
f 414//7306 423//7307 429//7308
f 423//7309 436//7310 429//7311
f 431//7312 451//7313 442//7314
f 430//7315 431//7316 442//7317
f 423//7318 430//7319 442//7320
f 442//7321 436//7322 423//7323
f 430//7324 423//7325 414//7326
f 437//7327 431//7328 430//7329
f 431//7330 437//7331 451//7332
f 451//7333 437//7334 455//7335
f 455//7336 456//7337 451//7338
f 391//7339 407//7340 393//7341
f 414//7342 407//7343 430//7344
f 414//7345 411//7346 407//7347
f 411//7348 406//7349 407//7350
f 406//7351 403//7352 407//7353
f 407//7354 403//7355 393//7356
f 401//7357 393//7358 403//7359
f 375//7360 372//7361 365//7362
f 310//7363 306//7364 271//7365
f 271//7366 341//7367 333//7368
f 271//7369 365//7370 341//7371
f 365//7372 356//7373 341//7374
f 452//7375 391//7376 271//7377
f 391//7378 365//7379 271//7380
f 365//7381 372//7382 356//7383
f 391//7384 375//7385 365//7386
f 452//7387 409//7388 391//7389
f 452//7390 464//7391 409//7392
f 355//7393 593//7394 464//7395
f 452//7396 271//7397 280//7398
f 280//7399 245//7400 452//7401
f 464//7402 452//7403 245//7404
f 245//7405 254//7406 250//7407
f 254//7408 245//7409 271//7410
f 306//7411 279//7412 264//7413
f 264//7414 271//7415 306//7416
f 262//7417 271//7418 264//7419
f 262//7420 254//7421 271//7422
f 245//7423 237//7424 236//7425
f 280//7426 271//7427 245//7428
f 464//7429 245//7430 294//7431
f 464//7432 294//7433 355//7434
f 245//7435 236//7436 294//7437
f 49//7438 57//7439 56//7440
f 250//7441 251//7442 246//7443
f 248//7444 243//7445 237//7446
f 237//7447 245//7448 246//7449
f 246//7450 248//7451 237//7452
f 246//7453 245//7454 250//7455
f 230//7456 228//7457 236//7458
f 230//7459 236//7460 237//7461
f 237//7462 243//7463 230//7464
f 243//7465 277//7466 230//7467
f 228//7468 230//7469 226//7470
f 228//7471 226//7472 221//7473
f 223//7474 228//7475 221//7476
f 223//7477 221//7478 217//7479
f 217//7480 201//7481 223//7482
f 200//7483 217//7484 206//7485
f 217//7486 200//7487 201//7488
f 190//7489 198//7490 189//7491
f 190//7492 189//7493 184//7494
f 177//7495 190//7496 184//7497
f 177//7498 184//7499 174//7500
f 174//7501 175//7502 177//7503
f 206//7504 205//7505 200//7506
f 199//7507 200//7508 205//7509
f 205//7510 198//7511 199//7512
f 192//7513 199//7514 198//7515
f 198//7516 190//7517 192//7518
f 175//7519 174//7520 169//7521
f 175//7522 169//7523 162//7524
f 178//7525 175//7526 162//7527
f 146//7528 139//7529 153//7530
f 145//7531 153//7532 139//7533
f 153//7534 178//7535 162//7536
f 162//7537 146//7538 153//7539
f 125//7540 128//7541 137//7542
f 128//7543 138//7544 137//7545
f 139//7546 137//7547 138//7548
f 138//7549 145//7550 139//7551
f 121//7552 113//7553 118//7554
f 125//7555 137//7556 135//7557
f 135//7558 123//7559 125//7560
f 122//7561 125//7562 123//7563
f 123//7564 121//7565 122//7566
f 118//7567 122//7568 121//7569
f 113//7570 121//7571 124//7572
f 124//7573 106//7574 113//7575
f 104//7576 113//7577 106//7578
f 106//7579 105//7580 104//7581
f 105//7582 98//7583 104//7584
f 98//7585 105//7586 101//7587
f 101//7588 92//7589 98//7590
f 90//7591 98//7592 92//7593
f 92//7594 89//7595 90//7596
f 82//7597 90//7598 89//7599
f 82//7600 89//7601 83//7602
f 83//7603 79//7604 82//7605
f 74//7606 82//7607 79//7608
f 79//7609 73//7610 74//7611
f 67//7612 74//7613 73//7614
f 67//7615 73//7616 72//7617
f 72//7618 62//7619 67//7620
f 62//7621 56//7622 57//7623
f 57//7624 67//7625 62//7626
f 49//7627 56//7628 54//7629
f 54//7630 48//7631 49//7632
f 43//7633 49//7634 48//7635
f 48//7636 42//7637 43//7638
f 43//7639 42//7640 34//7641
f 35//7642 43//7643 34//7644
f 35//7645 34//7646 24//7647
f 30//7648 35//7649 24//7650
f 18//7651 23//7652 37//7653
f 18//7654 37//7655 13//7656
f 10//7657 18//7658 13//7659
f 23//7660 18//7661 22//7662
f 24//7663 23//7664 22//7665
f 22//7666 30//7667 24//7668
f 13//7669 9//7670 10//7671
f 10//7672 9//7673 1//7674
f 1//7675 2//7676 10//7677
f 228//7678 223//7679 236//7680
f 199//7681 192//7682 183//7683
f 138//7684 128//7685 178//7686
f 118//7687 113//7688 128//7689
f 104//7690 98//7691 176//7692
f 82//7693 176//7694 90//7695
f 57//7696 49//7697 27//7698
f 272//7699 355//7700 294//7701
f 272//7702 286//7703 292//7704
f 207//7705 215//7706 218//7707
f 211//7708 215//7709 207//7710
f 43//7711 35//7712 27//7713
f 27//7714 49//7715 43//7716
f 57//7717 27//7718 67//7719
f 176//7720 74//7721 67//7722
f 176//7723 82//7724 74//7725
f 176//7726 98//7727 90//7728
f 176//7729 113//7730 104//7731
f 125//7732 122//7733 128//7734
f 122//7735 118//7736 128//7737
f 178//7738 145//7739 138//7740
f 178//7741 153//7742 145//7743
f 190//7744 177//7745 183//7746
f 183//7747 177//7748 175//7749
f 175//7750 178//7751 183//7752
f 192//7753 190//7754 183//7755
f 201//7756 200//7757 183//7758
f 183//7759 200//7760 199//7761
f 223//7762 201//7763 236//7764
f 207//7765 222//7766 225//7767
f 207//7768 218//7769 222//7770
f 328//7771 334//7772 355//7773
f 355//7774 307//7775 328//7776
f 232//7777 239//7778 207//7779
f 225//7780 232//7781 207//7782
f 67//7783 27//7784 176//7785
f 207//7786 27//7787 95//7788
f 27//7789 207//7790 176//7791
f 232//7792 235//7793 239//7794
f 244//7795 252//7796 239//7797
f 113//7798 176//7799 128//7800
f 176//7801 207//7802 239//7803
f 257//7804 261//7805 239//7806
f 176//7807 178//7808 128//7809
f 239//7810 252//7811 257//7812
f 239//7813 272//7814 176//7815
f 261//7816 269//7817 272//7818
f 261//7819 272//7820 239//7821
f 275//7822 286//7823 272//7824
f 236//7825 183//7826 178//7827
f 307//7828 322//7829 328//7830
f 178//7831 294//7832 236//7833
f 294//7834 178//7835 176//7836
f 183//7837 236//7838 201//7839
f 292//7840 307//7841 272//7842
f 307//7843 292//7844 297//7845
f 307//7846 314//7847 318//7848
f 176//7849 272//7850 294//7851
f 355//7852 272//7853 307//7854
f 297//7855 304//7856 307//7857
f 307//7858 318//7859 322//7860
f 593//7861 355//7862 540//7863
f 355//7864 334//7865 463//7866
f 463//7867 540//7868 355//7869
f 540//7870 463//7871 421//7872
f 215//7873 211//7874 282//7875
f 282//7876 290//7877 215//7878
f 218//7879 215//7880 290//7881
f 290//7882 300//7883 218//7884
f 312//7885 225//7886 222//7887
f 300//7888 312//7889 222//7890
f 300//7891 222//7892 218//7893
f 232//7894 225//7895 312//7896
f 312//7897 324//7898 232//7899
f 324//7900 235//7901 232//7902
f 324//7903 338//7904 235//7905
f 239//7906 235//7907 338//7908
f 338//7909 344//7910 244//7911
f 244//7912 239//7913 338//7914
f 359//7915 257//7916 252//7917
f 352//7918 359//7919 252//7920
f 344//7921 352//7922 252//7923
f 252//7924 244//7925 344//7926
f 261//7927 257//7928 359//7929
f 359//7930 371//7931 261//7932
f 269//7933 261//7934 371//7935
f 371//7936 379//7937 269//7938
f 379//7939 272//7940 269//7941
f 275//7942 272//7943 379//7944
f 379//7945 384//7946 275//7947
f 286//7948 275//7949 384//7950
f 384//7951 386//7952 286//7953
f 292//7954 286//7955 386//7956
f 386//7957 399//7958 292//7959
f 399//7960 297//7961 292//7962
f 399//7963 418//7964 304//7965
f 304//7966 297//7967 399//7968
f 458//7969 463//7970 334//7971
f 334//7972 328//7973 458//7974
f 450//7975 458//7976 328//7977
f 328//7978 322//7979 450//7980
f 435//7981 450//7982 322//7983
f 322//7984 318//7985 435//7986
f 425//7987 435//7988 318//7989
f 318//7990 314//7991 425//7992
f 418//7993 425//7994 314//7995
f 314//7996 307//7997 418//7998
f 418//7999 307//8000 304//8001
f 290//8002 282//8003 298//8004
f 352//8005 338//8006 324//8007
f 421//8008 379//8009 371//8010
f 421//8011 386//8012 384//8013
f 421//8014 435//8015 425//8016
f 463//8017 458//8018 421//8019
f 421//8020 458//8021 450//8022
f 300//8023 290//8024 298//8025
f 298//8026 364//8027 312//8028
f 312//8029 300//8030 298//8031
f 324//8032 312//8033 364//8034
f 324//8035 364//8036 352//8037
f 344//8038 338//8039 352//8040
f 352//8041 364//8042 359//8043
f 371//8044 359//8045 364//8046
f 371//8047 364//8048 421//8049
f 384//8050 379//8051 421//8052
f 399//8053 386//8054 421//8055
f 540//8056 364//8057 550//8058
f 418//8059 399//8060 421//8061
f 364//8062 540//8063 421//8064
f 425//8065 418//8066 421//8067
f 450//8068 435//8069 421//8070
f 211//8071 213//8072 282//8073
f 18//8074 10//8075 27//8076
f 27//8077 10//8078 2//8079
f 30//8080 22//8081 27//8082
f 27//8083 35//8084 30//8085
f 181//8086 211//8087 207//8088
f 181//8089 196//8090 211//8091
f 207//8092 144//8093 155//8094
f 207//8095 155//8096 167//8097
f 167//8098 181//8099 207//8100
f 207//8101 130//8102 144//8103
f 95//8104 96//8105 109//8106
f 207//8107 95//8108 109//8109
f 109//8110 119//8111 207//8112
f 207//8113 119//8114 130//8115
f 81//8116 95//8117 27//8118
f 81//8119 88//8120 95//8121
f 95//8122 88//8123 96//8124
f 66//8125 75//8126 27//8127
f 27//8128 75//8129 81//8130
f 2//8131 14//8132 27//8133
f 14//8134 29//8135 27//8136
f 27//8137 29//8138 40//8139
f 27//8140 22//8141 18//8142
f 204//8143 213//8144 211//8145
f 211//8146 196//8147 204//8148
f 196//8149 191//8150 204//8151
f 196//8152 181//8153 191//8154
f 170//8155 191//8156 181//8157
f 181//8158 167//8159 170//8160
f 158//8161 170//8162 167//8163
f 167//8164 155//8165 158//8166
f 148//8167 158//8168 155//8169
f 155//8170 144//8171 148//8172
f 144//8173 140//8174 148//8175
f 144//8176 130//8177 140//8178
f 209//8179 140//8180 130//8181
f 115//8182 209//8183 130//8184
f 130//8185 119//8186 115//8187
f 119//8188 109//8189 115//8190
f 103//8191 115//8192 109//8193
f 103//8194 109//8195 96//8196
f 51//8197 27//8198 40//8199
f 66//8200 27//8201 51//8202
f 51//8203 61//8204 66//8205
f 75//8206 66//8207 61//8208
f 61//8209 71//8210 75//8211
f 81//8212 75//8213 71//8214
f 71//8215 85//8216 81//8217
f 88//8218 81//8219 85//8220
f 88//8221 85//8222 94//8223
f 94//8224 96//8225 88//8226
f 96//8227 94//8228 103//8229
f 14//8230 2//8231 8//8232
f 8//8233 17//8234 14//8235
f 29//8236 14//8237 17//8238
f 17//8239 25//8240 29//8241
f 40//8242 29//8243 25//8244
f 25//8245 21//8246 40//8247
f 40//8248 21//8249 51//8250
f 4//8251 5//8252 6//8253
f 6//8254 7//8255 4//8256
f 7//8257 3//8258 4//8259
f 7//8260 8//8261 3//8262
f 1//8263 3//8264 8//8265
f 8//8266 2//8267 1//8268
f 21//8269 17//8270 8//8271
f 8//8272 7//8273 21//8274
f 7//8275 6//8276 21//8277
f 21//8278 25//8279 17//8280
f 209//8281 61//8282 51//8283
f 209//8284 71//8285 61//8286
f 85//8287 71//8288 209//8289
f 94//8290 85//8291 209//8292
f 209//8293 103//8294 94//8295
f 115//8296 103//8297 209//8298
f 209//8299 148//8300 140//8301
f 158//8302 148//8303 209//8304
f 209//8305 170//8306 158//8307
f 209//8308 191//8309 170//8310
f 209//8311 204//8312 191//8313
f 209//8314 213//8315 204//8316
f 38//8317 31//8318 19//8319
f 55//8320 44//8321 38//8322
f 46//8323 44//8324 55//8325
f 63//8326 59//8327 55//8328
f 55//8329 86//8330 63//8331
f 86//8332 68//8333 63//8334
f 86//8335 76//8336 68//8337
f 100//8338 91//8339 86//8340
f 86//8341 117//8342 100//8343
f 208//8344 149//8345 141//8346
f 141//8347 117//8348 208//8349
f 117//8350 141//8351 132//8352
f 132//8353 126//8354 117//8355
f 117//8356 107//8357 100//8358
f 117//8359 86//8360 208//8361
f 156//8362 149//8363 208//8364
f 32//8365 31//8366 38//8367
f 208//8368 86//8369 150//8370
f 150//8371 86//8372 102//8373
f 38//8374 102//8375 86//8376
f 55//8377 38//8378 86//8379
f 38//8380 19//8381 11//8382
f 150//8383 392//8384 208//8385
f 5//8386 38//8387 11//8388
f 108//8389 99//8390 107//8391
f 149//8392 156//8393 157//8394
f 157//8395 151//8396 149//8397
f 151//8398 142//8399 149//8400
f 132//8401 141//8402 142//8403
f 142//8404 141//8405 149//8406
f 117//8407 126//8408 114//8409
f 127//8410 114//8411 126//8412
f 142//8413 134//8414 132//8415
f 134//8416 133//8417 132//8418
f 126//8419 132//8420 133//8421
f 133//8422 127//8423 126//8424
f 100//8425 107//8426 99//8427
f 107//8428 117//8429 114//8430
f 114//8431 108//8432 107//8433
f 99//8434 110//8435 91//8436
f 91//8437 100//8438 99//8439
f 86//8440 91//8441 80//8442
f 110//8443 80//8444 91//8445
f 69//8446 68//8447 76//8448
f 76//8449 86//8450 80//8451
f 80//8452 78//8453 76//8454
f 78//8455 69//8456 76//8457
f 53//8458 55//8459 59//8460
f 69//8461 63//8462 68//8463
f 69//8464 64//8465 63//8466
f 59//8467 63//8468 64//8469
f 64//8470 60//8471 59//8472
f 60//8473 53//8474 59//8475
f 39//8476 38//8477 44//8478
f 53//8479 46//8480 55//8481
f 53//8482 47//8483 46//8484
f 44//8485 46//8486 47//8487
f 47//8488 45//8489 44//8490
f 45//8491 39//8492 44//8493
f 39//8494 32//8495 38//8496
f 39//8497 33//8498 32//8499
f 31//8500 32//8501 33//8502
f 6//8503 5//8504 11//8505
f 33//8506 21//8507 31//8508
f 21//8509 20//8510 31//8511
f 20//8512 19//8513 31//8514
f 20//8515 12//8516 19//8517
f 11//8518 19//8519 12//8520
f 12//8521 6//8522 11//8523
f 187//8524 182//8525 291//8526
f 163//8527 161//8528 208//8529
f 166//8530 163//8531 208//8532
f 208//8533 161//8534 156//8535
f 208//8536 172//8537 166//8538
f 172//8539 208//8540 291//8541
f 291//8542 182//8543 172//8544
f 291//8545 194//8546 187//8547
f 69//8548 110//8549 60//8550
f 151//8551 157//8552 185//8553
f 134//8554 142//8555 151//8556
f 151//8557 185//8558 134//8559
f 127//8560 133//8561 134//8562
f 110//8563 99//8564 108//8565
f 110//8566 108//8567 114//8568
f 114//8569 127//8570 110//8571
f 127//8572 134//8573 110//8574
f 69//8575 78//8576 110//8577
f 110//8578 78//8579 80//8580
f 60//8581 64//8582 69//8583
f 47//8584 53//8585 60//8586
f 60//8587 45//8588 47//8589
f 60//8590 39//8591 45//8592
f 39//8593 60//8594 21//8595
f 21//8596 33//8597 39//8598
f 21//8599 12//8600 20//8601
f 6//8602 12//8603 21//8604
f 51//8605 21//8606 209//8607
f 21//8608 274//8609 209//8610
f 185//8611 110//8612 134//8613
f 274//8614 60//8615 110//8616
f 110//8617 185//8618 274//8619
f 60//8620 274//8621 21//8622
f 202//8623 203//8624 193//8625
f 160//8626 157//8627 156//8628
f 156//8629 161//8630 160//8631
f 164//8632 160//8633 161//8634
f 161//8635 163//8636 164//8637
f 165//8638 164//8639 163//8640
f 163//8641 166//8642 165//8643
f 173//8644 165//8645 166//8646
f 166//8647 172//8648 173//8649
f 179//8650 173//8651 172//8652
f 172//8653 182//8654 179//8655
f 188//8656 179//8657 182//8658
f 182//8659 187//8660 188//8661
f 193//8662 188//8663 187//8664
f 187//8665 194//8666 193//8667
f 202//8668 193//8669 194//8670
f 194//8671 291//8672 202//8673
f 465//8674 541//8675 382//8676
f 465//8677 560//8678 541//8679
f 208//8680 392//8681 382//8682
f 208//8683 382//8684 291//8685
f 465//8686 382//8687 560//8688
f 382//8689 392//8690 560//8691
f 164//8692 165//8693 185//8694
f 188//8695 193//8696 185//8697
f 185//8698 157//8699 160//8700
f 185//8701 193//8702 203//8703
f 185//8704 179//8705 188//8706
f 185//8707 173//8708 179//8709
f 185//8710 165//8711 173//8712
f 185//8713 160//8714 164//8715
f 274//8716 413//8717 536//8718
f 364//8719 274//8720 536//8721
f 209//8722 274//8723 364//8724
f 298//8725 282//8726 213//8727
f 213//8728 209//8729 298//8730
f 364//8731 298//8732 209//8733
f 413//8734 203//8735 303//8736
f 185//8737 203//8738 274//8739
f 203//8740 413//8741 274//8742
f 413//8743 303//8744 376//8745
f 413//8746 376//8747 553//8748
f 376//8749 539//8750 553//8751
f 553//8752 539//8753 551//8754
f 551//8755 545//8756 548//8757
f 545//8758 551//8759 539//8760
f 544//8761 541//8762 549//8763
f 549//8764 547//8765 544//8766
f 549//8767 552//8768 547//8769
f 552//8770 549//8771 554//8772
f 552//8773 554//8774 555//8775
f 545//8776 539//8777 543//8778
f 545//8779 543//8780 542//8781
f 555//8782 551//8783 552//8784
f 552//8785 551//8786 548//8787
f 548//8788 547//8789 552//8790
f 547//8791 548//8792 545//8793
f 545//8794 544//8795 547//8796
f 544//8797 545//8798 542//8799
f 542//8800 541//8801 544//8802
f 556//8803 568//8804 551//8805
f 551//8806 555//8807 556//8808
f 568//8809 561//8810 565//8811
f 568//8812 559//8813 561//8814
f 568//8815 556//8816 559//8817
f 568//8818 553//8819 551//8820
f 564//8821 562//8822 574//8823
f 574//8824 557//8825 554//8826
f 554//8827 549//8828 574//8829
f 574//8830 562//8831 558//8832
f 549//8833 541//8834 574//8835
f 574//8836 558//8837 557//8838
f 560//8839 574//8840 541//8841
f 587//8842 578//8843 584//8844
f 576//8845 573//8846 575//8847
f 584//8848 578//8849 582//8850
f 576//8851 567//8852 569//8853
f 567//8854 576//8855 568//8856
f 573//8857 576//8858 569//8859
f 576//8860 578//8861 589//8862
f 578//8863 580//8864 582//8865
f 1106//8866 553//8867 637//8868
f 637//8869 568//8870 576//8871
f 637//8872 576//8873 612//8874
f 592//8875 595//8876 589//8877
f 606//8878 613//8879 612//8880
f 578//8881 587//8882 589//8883
f 612//8884 576//8885 589//8886
f 612//8887 613//8888 624//8889
f 612//8890 589//8891 606//8892
f 602//8893 606//8894 589//8895
f 589//8896 595//8897 602//8898
f 553//8899 568//8900 637//8901
f 637//8902 612//8903 694//8904
f 694//8905 1106//8906 637//8907
f 669//8908 553//8909 1106//8910
f 608//8911 590//8912 553//8913
f 413//8914 590//8915 536//8916
f 669//8917 608//8918 553//8919
f 646//8920 590//8921 608//8922
f 540//8923 550//8924 536//8925
f 550//8926 364//8927 536//8928
f 590//8929 413//8930 553//8931
f 612//8932 697//8933 694//8934
f 694//8935 689//8936 1106//8937
f 695//8938 693//8939 689//8940
f 694//8941 695//8942 689//8943
f 830//8944 695//8945 694//8946
f 1031//8947 1143//8948 830//8949
f 830//8950 1143//8951 695//8952
f 695//8953 1143//8954 1100//8955
f 1100//8956 693//8957 695//8958
f 1100//8959 1098//8960 693//8961
f 1098//8962 689//8963 693//8964
f 1031//8965 1079//8966 1143//8967
f 1041//8968 1079//8969 1031//8970
f 1172//8971 1079//8972 1096//8973
f 1089//8974 1224//8975 1095//8976
f 1096//8977 1095//8978 1224//8979
f 1224//8980 1183//8981 1172//8982
f 1096//8983 1224//8984 1172//8985
f 1229//8986 1217//8987 1242//8988
f 1224//8989 1230//8990 1183//8991
f 1217//8992 1230//8993 1242//8994
f 1217//8995 1208//8996 1230//8997
f 1208//8998 1183//8999 1230//9000
f 1249//9001 1258//9002 1259//9003
f 1259//9004 1252//9005 1249//9006
f 1252//9007 1242//9008 1249//9009
f 1242//9010 1252//9011 1229//9012
f 1092//9013 1096//9014 1079//9015
f 1087//9016 1090//9017 1079//9018
f 1079//9019 1090//9020 1092//9021
f 1079//9022 1083//9023 1087//9024
f 1079//9025 1071//9026 1074//9027
f 1079//9028 1041//9029 1062//9030
f 1062//9031 1066//9032 1079//9033
f 1079//9034 1066//9035 1071//9036
f 1056//9037 1058//9038 1041//9039
f 1041//9040 1058//9041 1062//9042
f 1041//9043 1051//9044 1056//9045
f 1045//9046 1051//9047 1041//9048
f 1051//9049 1045//9050 1044//9051
f 1044//9052 1050//9053 1051//9054
f 1050//9055 1044//9056 1029//9057
f 1077//9058 1084//9059 1083//9060
f 1092//9061 1088//9062 1091//9063
f 1093//9064 1095//9065 1096//9066
f 1096//9067 1092//9068 1093//9069
f 1091//9070 1093//9071 1092//9072
f 1089//9073 1093//9074 1091//9075
f 1091//9076 1086//9077 1089//9078
f 1052//9079 1055//9080 1053//9081
f 1046//9082 1052//9083 1048//9084
f 1053//9085 1048//9086 1052//9087
f 1057//9088 1053//9089 1055//9090
f 1055//9091 1059//9092 1057//9093
f 1061//9094 1057//9095 1059//9096
f 1059//9097 1063//9098 1061//9099
f 1063//9100 1068//9101 1061//9102
f 1068//9103 1063//9104 1065//9105
f 1065//9106 1070//9107 1068//9108
f 1073//9109 1068//9110 1070//9111
f 1070//9112 1075//9113 1073//9114
f 1081//9115 1080//9116 1082//9117
f 1080//9118 1073//9119 1075//9120
f 1075//9121 1078//9122 1080//9123
f 1078//9124 1082//9125 1080//9126
f 1091//9127 1085//9128 1086//9129
f 1085//9130 1082//9131 1086//9132
f 1082//9133 1085//9134 1081//9135
f 1087//9136 1083//9137 1084//9138
f 1084//9139 1088//9140 1087//9141
f 1090//9142 1087//9143 1088//9144
f 1088//9145 1092//9146 1090//9147
f 1074//9148 1071//9149 1069//9150
f 1072//9151 1077//9152 1074//9153
f 1079//9154 1074//9155 1077//9156
f 1077//9157 1083//9158 1079//9159
f 1069//9160 1072//9161 1074//9162
f 1060//9163 1062//9164 1058//9165
f 1062//9166 1060//9167 1064//9168
f 1066//9169 1062//9170 1064//9171
f 1064//9172 1067//9173 1066//9174
f 1067//9175 1071//9176 1066//9177
f 1067//9178 1069//9179 1071//9180
f 1056//9181 1051//9182 1050//9183
f 1050//9184 1054//9185 1056//9186
f 1058//9187 1056//9188 1054//9189
f 1054//9190 1060//9191 1058//9192
f 1054//9193 1050//9194 1029//9195
f 1054//9196 1029//9197 1064//9198
f 1064//9199 1060//9200 1054//9201
f 1064//9202 1069//9203 1067//9204
f 1072//9205 1069//9206 1064//9207
f 1064//9208 1047//9209 1072//9210
f 1077//9211 1072//9212 1047//9213
f 1084//9214 1077//9215 1047//9216
f 1088//9217 1084//9218 1047//9219
f 1047//9220 1091//9221 1088//9222
f 1085//9223 1091//9224 1047//9225
f 1085//9226 1047//9227 1076//9228
f 1076//9229 1081//9230 1085//9231
f 1080//9232 1081//9233 1076//9234
f 1076//9235 1073//9236 1080//9237
f 1076//9238 1068//9239 1073//9240
f 1061//9241 1068//9242 1076//9243
f 1076//9244 1057//9245 1061//9246
f 1057//9247 1076//9248 1043//9249
f 1043//9250 1053//9251 1057//9252
f 1047//9253 1064//9254 1029//9255
f 832//9256 822//9257 902//9258
f 924//9259 912//9260 902//9261
f 1043//9262 1048//9263 1053//9264
f 1039//9265 1043//9266 1076//9267
f 1076//9268 1033//9269 1039//9270
f 1008//9271 1028//9272 1033//9273
f 867//9274 903//9275 923//9276
f 867//9277 811//9278 835//9279
f 867//9280 923//9281 1008//9282
f 1048//9283 1043//9284 1046//9285
f 1065//9286 1059//9287 1055//9288
f 1065//9289 1055//9290 1052//9291
f 1065//9292 1052//9293 1046//9294
f 1065//9295 1063//9296 1059//9297
f 1078//9298 1075//9299 1065//9300
f 1065//9301 1075//9302 1070//9303
f 1078//9304 1065//9305 1089//9306
f 1089//9307 1082//9308 1078//9309
f 1089//9310 1086//9311 1082//9312
f 1095//9313 1093//9314 1089//9315
f 1030//9316 1065//9317 1046//9318
f 1089//9319 1065//9320 1030//9321
f 831//9322 773//9323 700//9324
f 700//9325 837//9326 831//9327
f 1030//9328 1097//9329 1232//9330
f 692//9331 1101//9332 1097//9333
f 837//9334 692//9335 1097//9336
f 692//9337 691//9338 1101//9339
f 1101//9340 691//9341 690//9342
f 690//9343 1099//9344 1101//9345
f 837//9346 690//9347 691//9348
f 837//9349 691//9350 692//9351
f 837//9352 700//9353 670//9354
f 688//9355 690//9356 670//9357
f 670//9358 690//9359 837//9360
f 664//9361 688//9362 670//9363
f 670//9364 700//9365 664//9366
f 694//9367 697//9368 802//9369
f 830//9370 694//9371 802//9372
f 899//9373 891//9374 817//9375
f 1021//9376 1015//9377 1045//9378
f 910//9379 899//9380 817//9381
f 996//9382 988//9383 1044//9384
f 1044//9385 1045//9386 996//9387
f 1006//9388 996//9389 1045//9390
f 1045//9391 1015//9392 1006//9393
f 1044//9394 988//9395 980//9396
f 1044//9397 980//9398 972//9399
f 972//9400 964//9401 1044//9402
f 924//9403 998//9404 945//9405
f 920//9406 910//9407 832//9408
f 1044//9409 964//9410 954//9411
f 954//9412 1029//9413 1044//9414
f 1041//9415 1031//9416 1016//9417
f 1007//9418 1016//9419 1031//9420
f 802//9421 857//9422 865//9423
f 892//9424 900//9425 830//9426
f 911//9427 921//9428 830//9429
f 830//9430 921//9431 933//9432
f 1045//9433 1026//9434 1021//9435
f 1026//9436 1045//9437 1041//9438
f 1041//9439 1022//9440 1026//9441
f 1016//9442 1022//9443 1041//9444
f 910//9445 817//9446 822//9447
f 817//9448 891//9449 882//9450
f 882//9451 874//9452 817//9453
f 816//9454 817//9455 874//9456
f 874//9457 864//9458 816//9459
f 864//9460 855//9461 816//9462
f 865//9463 875//9464 802//9465
f 883//9466 892//9467 830//9468
f 830//9469 900//9470 911//9471
f 830//9472 946//9473 955//9474
f 1031//9475 830//9476 965//9477
f 965//9478 973//9479 1031//9480
f 973//9481 981//9482 1031//9483
f 981//9484 989//9485 1031//9486
f 989//9487 997//9488 1031//9489
f 997//9490 1007//9491 1031//9492
f 954//9493 945//9494 998//9495
f 998//9496 1029//9497 954//9498
f 902//9499 912//9500 920//9501
f 932//9502 920//9503 912//9504
f 945//9505 932//9506 912//9507
f 912//9508 924//9509 945//9510
f 822//9511 832//9512 910//9513
f 816//9514 855//9515 848//9516
f 816//9517 848//9518 841//9519
f 802//9520 816//9521 841//9522
f 883//9523 830//9524 802//9525
f 875//9526 883//9527 802//9528
f 832//9529 902//9530 920//9531
f 830//9532 933//9533 946//9534
f 955//9535 965//9536 830//9537
f 841//9538 849//9539 802//9540
f 802//9541 849//9542 857//9543
f 816//9544 802//9545 812//9546
f 805//9547 808//9548 802//9549
f 802//9550 808//9551 812//9552
f 797//9553 800//9554 802//9555
f 802//9556 800//9557 805//9558
f 802//9559 792//9560 797//9561
f 786//9562 792//9563 802//9564
f 786//9565 802//9566 697//9567
f 697//9568 781//9569 786//9570
f 697//9571 776//9572 781//9573
f 697//9574 612//9575 770//9576
f 816//9577 812//9578 817//9579
f 809//9580 817//9581 812//9582
f 812//9583 808//9584 809//9585
f 808//9586 805//9587 809//9588
f 803//9589 809//9590 805//9591
f 805//9592 800//9593 803//9594
f 792//9595 791//9596 795//9597
f 797//9598 792//9599 795//9600
f 795//9601 800//9602 797//9603
f 795//9604 803//9605 800//9606
f 786//9607 785//9608 791//9609
f 792//9610 786//9611 791//9612
f 783//9613 785//9614 781//9615
f 781//9616 778//9617 783//9618
f 786//9619 781//9620 785//9621
f 781//9622 776//9623 778//9624
f 775//9625 778//9626 776//9627
f 776//9628 697//9629 775//9630
f 697//9631 770//9632 775//9633
f 822//9634 817//9635 809//9636
f 778//9637 775//9638 783//9639
f 783//9640 791//9641 785//9642
f 783//9643 822//9644 795//9645
f 795//9646 791//9647 783//9648
f 803//9649 795//9650 822//9651
f 822//9652 809//9653 803//9654
f 775//9655 770//9656 783//9657
f 1047//9658 1033//9659 1076//9660
f 770//9661 790//9662 765//9663
f 765//9664 783//9665 770//9666
f 902//9667 822//9668 783//9669
f 1029//9670 998//9671 924//9672
f 924//9673 1047//9674 1029//9675
f 810//9676 814//9677 811//9678
f 811//9679 804//9680 810//9681
f 811//9682 798//9683 804//9684
f 779//9685 782//9686 784//9687
f 779//9688 784//9689 788//9690
f 788//9691 811//9692 779//9693
f 811//9694 788//9695 794//9696
f 811//9697 794//9698 798//9699
f 790//9700 774//9701 779//9702
f 811//9703 790//9704 779//9705
f 671//9706 667//9707 770//9708
f 612//9709 671//9710 770//9711
f 700//9712 770//9713 653//9714
f 814//9715 819//9716 811//9717
f 790//9718 770//9719 700//9720
f 779//9721 774//9722 777//9723
f 773//9724 777//9725 774//9726
f 774//9727 790//9728 773//9729
f 782//9730 779//9731 777//9732
f 777//9733 780//9734 782//9735
f 789//9736 793//9737 794//9738
f 794//9739 788//9740 789//9741
f 788//9742 787//9743 789//9744
f 788//9745 784//9746 787//9747
f 784//9748 780//9749 787//9750
f 780//9751 784//9752 782//9753
f 804//9754 799//9755 806//9756
f 799//9757 804//9758 798//9759
f 796//9760 799//9761 798//9762
f 798//9763 793//9764 796//9765
f 793//9766 798//9767 794//9768
f 807//9769 813//9770 814//9771
f 814//9772 810//9773 807//9774
f 806//9775 807//9776 810//9777
f 810//9778 804//9779 806//9780
f 813//9781 819//9782 814//9783
f 813//9784 818//9785 819//9786
f 790//9787 700//9788 773//9789
f 780//9790 773//9791 787//9792
f 773//9793 780//9794 777//9795
f 793//9796 787//9797 796//9798
f 787//9799 793//9800 789//9801
f 807//9802 806//9803 796//9804
f 796//9805 806//9806 799//9807
f 796//9808 813//9809 807//9810
f 787//9811 773//9812 796//9813
f 831//9814 818//9815 813//9816
f 796//9817 831//9818 813//9819
f 979//9820 987//9821 1043//9822
f 1046//9823 1005//9824 1014//9825
f 853//9826 863//9827 818//9828
f 1046//9829 1043//9830 987//9831
f 987//9832 995//9833 1046//9834
f 995//9835 1005//9836 1046//9837
f 1046//9838 1014//9839 1020//9840
f 1020//9841 1025//9842 1046//9843
f 1046//9844 1025//9845 1019//9846
f 1019//9847 1013//9848 1030//9849
f 1004//9850 994//9851 1030//9852
f 881//9853 890//9854 819//9855
f 819//9856 890//9857 898//9858
f 819//9859 898//9860 909//9861
f 1013//9862 1004//9863 1030//9864
f 819//9865 818//9866 863//9867
f 863//9868 873//9869 819//9870
f 873//9871 881//9872 819//9873
f 919//9874 931//9875 903//9876
f 903//9877 867//9878 919//9879
f 1019//9880 1030//9881 1046//9882
f 1033//9883 1028//9884 953//9885
f 1039//9886 953//9887 963//9888
f 963//9889 1043//9890 1039//9891
f 963//9892 971//9893 1043//9894
f 1043//9895 971//9896 979//9897
f 872//9898 862//9899 831//9900
f 862//9901 851//9902 831//9903
f 909//9904 919//9905 835//9906
f 867//9907 835//9908 919//9909
f 944//9910 953//9911 1028//9912
f 1028//9913 1008//9914 944//9915
f 1030//9916 978//9917 970//9918
f 947//9919 880//9920 872//9921
f 872//9922 831//9923 947//9924
f 944//9925 1008//9926 923//9927
f 931//9928 944//9929 923//9930
f 923//9931 903//9932 931//9933
f 994//9934 986//9935 1030//9936
f 1030//9937 986//9938 978//9939
f 970//9940 962//9941 1030//9942
f 952//9943 943//9944 947//9945
f 947//9946 889//9947 880//9948
f 851//9949 846//9950 831//9951
f 846//9952 840//9953 831//9954
f 840//9955 818//9956 831//9957
f 818//9958 840//9959 847//9960
f 847//9961 853//9962 818//9963
f 909//9964 835//9965 811//9966
f 953//9967 1039//9968 1033//9969
f 943//9970 930//9971 947//9972
f 930//9973 918//9974 947//9975
f 947//9976 897//9977 889//9978
f 962//9979 952//9980 947//9981
f 947//9982 1030//9983 962//9984
f 947//9985 908//9986 897//9987
f 918//9988 908//9989 947//9990
f 819//9991 909//9992 811//9993
f 947//9994 837//9995 1097//9996
f 947//9997 1097//9998 1030//9999
f 796//10000 773//10001 831//10002
f 947//10003 831//10004 837//10005
f 844//10006 839//10007 841//10008
f 841//10009 848//10010 844//10011
f 854//10012 844//10013 848//10014
f 848//10015 855//10016 854//10017
f 860//10018 854//10019 855//10020
f 855//10021 864//10022 860//10023
f 870//10024 860//10025 864//10026
f 864//10027 874//10028 870//10029
f 878//10030 870//10031 874//10032
f 874//10033 882//10034 878//10035
f 887//10036 878//10037 882//10038
f 882//10039 891//10040 887//10041
f 895//10042 887//10043 891//10044
f 891//10045 899//10046 895//10047
f 906//10048 895//10049 899//10050
f 899//10051 910//10052 906//10053
f 916//10054 906//10055 910//10056
f 910//10057 920//10058 916//10059
f 928//10060 916//10061 920//10062
f 920//10063 932//10064 928//10065
f 941//10066 928//10067 932//10068
f 932//10069 945//10070 941//10071
f 950//10072 941//10073 945//10074
f 945//10075 954//10076 950//10077
f 960//10078 950//10079 954//10080
f 954//10081 964//10082 960//10083
f 968//10084 960//10085 964//10086
f 964//10087 972//10088 968//10089
f 976//10090 968//10091 972//10092
f 972//10093 980//10094 976//10095
f 984//10096 976//10097 980//10098
f 980//10099 988//10100 984//10101
f 992//10102 984//10103 988//10104
f 988//10105 996//10106 992//10107
f 1002//10108 992//10109 996//10110
f 996//10111 1006//10112 1002//10113
f 1011//10114 1002//10115 1006//10116
f 1006//10117 1015//10118 1011//10119
f 1024//10120 1011//10121 1015//10122
f 1015//10123 1021//10124 1024//10125
f 1021//10126 1026//10127 1024//10128
f 1018//10129 1024//10130 1026//10131
f 1026//10132 1022//10133 1018//10134
f 1012//10135 1018//10136 1022//10137
f 1022//10138 1016//10139 1012//10140
f 1003//10141 1012//10142 1016//10143
f 1016//10144 1007//10145 1003//10146
f 993//10147 1003//10148 1007//10149
f 1007//10150 997//10151 993//10152
f 985//10153 993//10154 997//10155
f 997//10156 989//10157 985//10158
f 977//10159 985//10160 989//10161
f 989//10162 981//10163 977//10164
f 969//10165 977//10166 981//10167
f 981//10168 973//10169 969//10170
f 961//10171 969//10172 973//10173
f 973//10174 965//10175 961//10176
f 951//10177 961//10178 965//10179
f 965//10180 955//10181 951//10182
f 942//10183 951//10184 955//10185
f 955//10186 946//10187 942//10188
f 929//10189 942//10190 946//10191
f 946//10192 933//10193 929//10194
f 917//10195 929//10196 933//10197
f 933//10198 921//10199 917//10200
f 907//10201 917//10202 921//10203
f 921//10204 911//10205 907//10206
f 896//10207 907//10208 911//10209
f 911//10210 900//10211 896//10212
f 888//10213 896//10214 900//10215
f 900//10216 892//10217 888//10218
f 879//10219 888//10220 892//10221
f 892//10222 883//10223 879//10224
f 871//10225 879//10226 883//10227
f 883//10228 875//10229 871//10230
f 861//10231 871//10232 875//10233
f 875//10234 865//10235 861//10236
f 856//10237 861//10238 865//10239
f 865//10240 857//10241 856//10242
f 845//10243 856//10244 857//10245
f 857//10246 849//10247 845//10248
f 839//10249 845//10250 849//10251
f 849//10252 841//10253 839//10254
f 936//10255 844//10256 854//10257
f 936//10258 839//10259 844//10260
f 936//10261 870//10262 878//10263
f 936//10264 860//10265 870//10266
f 936//10267 854//10268 860//10269
f 936//10270 895//10271 906//10272
f 936//10273 887//10274 895//10275
f 936//10276 878//10277 887//10278
f 936//10279 928//10280 941//10281
f 936//10282 916//10283 928//10284
f 936//10285 906//10286 916//10287
f 936//10288 960//10289 968//10290
f 936//10291 950//10292 960//10293
f 936//10294 941//10295 950//10296
f 936//10297 984//10298 992//10299
f 936//10300 976//10301 984//10302
f 936//10303 968//10304 976//10305
f 936//10306 1011//10307 1024//10308
f 936//10309 1002//10310 1011//10311
f 936//10312 992//10313 1002//10314
f 936//10315 1018//10316 1012//10317
f 1024//10318 1018//10319 936//10320
f 936//10321 993//10322 985//10323
f 936//10324 1003//10325 993//10326
f 936//10327 1012//10328 1003//10329
f 936//10330 969//10331 961//10332
f 936//10333 977//10334 969//10335
f 936//10336 985//10337 977//10338
f 936//10339 942//10340 929//10341
f 936//10342 951//10343 942//10344
f 936//10345 961//10346 951//10347
f 936//10348 907//10349 896//10350
f 936//10351 917//10352 907//10353
f 936//10354 929//10355 917//10356
f 936//10357 879//10358 871//10359
f 936//10360 888//10361 879//10362
f 936//10363 896//10364 888//10365
f 936//10366 856//10367 845//10368
f 936//10369 861//10370 856//10371
f 936//10372 871//10373 861//10374
f 936//10375 845//10376 839//10377
f 842//10378 838//10379 840//10380
f 840//10381 846//10382 842//10383
f 850//10384 842//10385 846//10386
f 846//10387 851//10388 850//10389
f 858//10390 850//10391 851//10392
f 851//10393 862//10394 858//10395
f 868//10396 858//10397 862//10398
f 862//10399 872//10400 868//10401
f 876//10402 868//10403 872//10404
f 872//10405 880//10406 876//10407
f 885//10408 876//10409 880//10410
f 880//10411 889//10412 885//10413
f 893//10414 885//10415 889//10416
f 889//10417 897//10418 893//10419
f 904//10420 893//10421 897//10422
f 897//10423 908//10424 904//10425
f 914//10426 904//10427 908//10428
f 908//10429 918//10430 914//10431
f 926//10432 914//10433 918//10434
f 918//10435 930//10436 926//10437
f 939//10438 926//10439 930//10440
f 930//10441 943//10442 939//10443
f 948//10444 939//10445 943//10446
f 943//10447 952//10448 948//10449
f 958//10450 948//10451 952//10452
f 952//10453 962//10454 958//10455
f 966//10456 958//10457 962//10458
f 962//10459 970//10460 966//10461
f 974//10462 966//10463 970//10464
f 970//10465 978//10466 974//10467
f 982//10468 974//10469 978//10470
f 978//10471 986//10472 982//10473
f 990//10474 982//10475 986//10476
f 986//10477 994//10478 990//10479
f 1000//10480 990//10481 994//10482
f 994//10483 1004//10484 1000//10485
f 1009//10486 1000//10487 1004//10488
f 1004//10489 1013//10490 1009//10491
f 1023//10492 1009//10493 1013//10494
f 1013//10495 1019//10496 1023//10497
f 1019//10498 1025//10499 1023//10500
f 1017//10501 1023//10502 1025//10503
f 1025//10504 1020//10505 1017//10506
f 1010//10507 1017//10508 1020//10509
f 1020//10510 1014//10511 1010//10512
f 1001//10513 1010//10514 1014//10515
f 1014//10516 1005//10517 1001//10518
f 991//10519 1001//10520 1005//10521
f 1005//10522 995//10523 991//10524
f 983//10525 991//10526 995//10527
f 995//10528 987//10529 983//10530
f 975//10531 983//10532 987//10533
f 987//10534 979//10535 975//10536
f 967//10537 975//10538 979//10539
f 979//10540 971//10541 967//10542
f 959//10543 967//10544 971//10545
f 971//10546 963//10547 959//10548
f 949//10549 959//10550 963//10551
f 963//10552 953//10553 949//10554
f 940//10555 949//10556 953//10557
f 953//10558 944//10559 940//10560
f 927//10561 940//10562 944//10563
f 944//10564 931//10565 927//10566
f 915//10567 927//10568 931//10569
f 931//10570 919//10571 915//10572
f 905//10573 915//10574 919//10575
f 919//10576 909//10577 905//10578
f 894//10579 905//10580 909//10581
f 909//10582 898//10583 894//10584
f 886//10585 894//10586 898//10587
f 898//10588 890//10589 886//10590
f 877//10591 886//10592 890//10593
f 890//10594 881//10595 877//10596
f 869//10597 877//10598 881//10599
f 881//10600 873//10601 869//10602
f 859//10603 869//10604 873//10605
f 873//10606 863//10607 859//10608
f 852//10609 859//10610 863//10611
f 863//10612 853//10613 852//10614
f 843//10615 852//10616 853//10617
f 853//10618 847//10619 843//10620
f 838//10621 843//10622 847//10623
f 847//10624 840//10625 838//10626
f 935//10627 842//10628 850//10629
f 935//10630 838//10631 842//10632
f 935//10633 868//10634 876//10635
f 935//10636 858//10637 868//10638
f 935//10639 850//10640 858//10641
f 935//10642 893//10643 904//10644
f 935//10645 885//10646 893//10647
f 935//10648 876//10649 885//10650
f 935//10651 926//10652 939//10653
f 935//10654 914//10655 926//10656
f 935//10657 904//10658 914//10659
f 935//10660 958//10661 966//10662
f 935//10663 948//10664 958//10665
f 935//10666 939//10667 948//10668
f 935//10669 982//10670 990//10671
f 935//10672 974//10673 982//10674
f 935//10675 966//10676 974//10677
f 935//10678 1009//10679 1023//10680
f 935//10681 1000//10682 1009//10683
f 935//10684 990//10685 1000//10686
f 935//10687 1017//10688 1010//10689
f 1023//10690 1017//10691 935//10692
f 935//10693 991//10694 983//10695
f 935//10696 1001//10697 991//10698
f 935//10699 1010//10700 1001//10701
f 935//10702 967//10703 959//10704
f 935//10705 975//10706 967//10707
f 935//10708 983//10709 975//10710
f 935//10711 940//10712 927//10713
f 935//10714 949//10715 940//10716
f 935//10717 959//10718 949//10719
f 935//10720 905//10721 894//10722
f 935//10723 915//10724 905//10725
f 935//10726 927//10727 915//10728
f 935//10729 877//10730 869//10731
f 935//10732 886//10733 877//10734
f 935//10735 894//10736 886//10737
f 935//10738 852//10739 843//10740
f 935//10741 859//10742 852//10743
f 935//10744 869//10745 859//10746
f 935//10747 843//10748 838//10749
f 1008//10750 790//10751 867//10752
f 811//10753 867//10754 790//10755
f 765//10756 790//10757 783//10758
f 902//10759 1047//10760 924//10761
f 820//10762 790//10763 1008//10764
f 820//10765 783//10766 790//10767
f 783//10768 820//10769 827//10770
f 1033//10771 1047//10772 1032//10773
f 902//10774 827//10775 1047//10776
f 902//10777 783//10778 827//10779
f 820//10780 1008//10781 1033//10782
f 1047//10783 827//10784 1032//10785
f 598//10786 596//10787 592//10788
f 556//10789 555//10790 554//10791
f 554//10792 557//10793 556//10794
f 559//10795 556//10796 557//10797
f 557//10798 558//10799 559//10800
f 561//10801 559//10802 558//10803
f 558//10804 562//10805 561//10806
f 562//10807 565//10808 561//10809
f 562//10810 564//10811 565//10812
f 564//10813 574//10814 570//10815
f 564//10816 570//10817 566//10818
f 569//10819 567//10820 566//10821
f 573//10822 566//10823 570//10824
f 566//10825 573//10826 569//10827
f 566//10828 567//10829 564//10830
f 567//10831 565//10832 564//10833
f 565//10834 567//10835 568//10836
f 575//10837 572//10838 571//10839
f 571//10840 577//10841 575//10842
f 580//10843 578//10844 579//10845
f 578//10846 577//10847 579//10848
f 578//10849 576//10850 577//10851
f 576//10852 575//10853 577//10854
f 570//10855 572//10856 573//10857
f 572//10858 575//10859 573//10860
f 583//10861 585//10862 582//10863
f 579//10864 581//10865 580//10866
f 582//10867 580//10868 581//10869
f 582//10870 581//10871 583//10872
f 584//10873 582//10874 585//10875
f 588//10876 589//10877 587//10878
f 587//10879 584//10880 585//10881
f 587//10882 585//10883 586//10884
f 586//10885 588//10886 587//10887
f 592//10888 589//10889 588//10890
f 588//10891 598//10892 592//10893
f 605//10894 611//10895 613//10896
f 613//10897 606//10898 605//10899
f 601//10900 605//10901 606//10902
f 601//10903 606//10904 602//10905
f 596//10906 601//10907 602//10908
f 602//10909 595//10910 596//10911
f 596//10912 595//10913 592//10914
f 661//10915 612//10916 624//10917
f 611//10918 643//10919 629//10920
f 611//10921 629//10922 630//10923
f 630//10924 613//10925 611//10926
f 624//10927 613//10928 630//10929
f 624//10930 630//10931 631//10932
f 624//10933 631//10934 661//10935
f 570//10936 571//10937 572//10938
f 581//10939 579//10940 583//10941
f 577//10942 571//10943 579//10944
f 585//10945 583//10946 579//10947
f 586//10948 571//10949 598//10950
f 579//10951 571//10952 586//10953
f 579//10954 586//10955 585//10956
f 617//10957 570//10958 574//10959
f 560//10960 617//10961 574//10962
f 643//10963 611//10964 653//10965
f 644//10966 629//10967 643//10968
f 629//10969 644//10970 642//10971
f 642//10972 630//10973 629//10974
f 630//10975 642//10976 640//10977
f 640//10978 631//10979 630//10980
f 661//10981 671//10982 612//10983
f 661//10984 665//10985 671//10986
f 671//10987 665//10988 667//10989
f 667//10990 660//10991 770//10992
f 660//10993 667//10994 665//10995
f 655//10996 665//10997 661//10998
f 665//10999 655//11000 656//11001
f 656//11002 660//11003 665//11004
f 660//11005 656//11006 657//11007
f 657//11008 770//11009 660//11010
f 653//11011 770//11012 657//11013
f 661//11014 640//11015 650//11016
f 650//11017 640//11018 642//11019
f 642//11020 649//11021 650//11022
f 649//11023 642//11024 644//11025
f 644//11026 648//11027 649//11028
f 648//11029 644//11030 643//11031
f 631//11032 640//11033 661//11034
f 643//11035 653//11036 657//11037
f 657//11038 648//11039 643//11040
f 648//11041 657//11042 656//11043
f 656//11044 649//11045 648//11046
f 649//11047 656//11048 655//11049
f 655//11050 650//11051 649//11052
f 661//11053 650//11054 655//11055
f 563//11056 591//11057 597//11058
f 563//11059 560//11060 538//11061
f 392//11062 497//11063 546//11064
f 597//11065 594//11066 563//11067
f 538//11068 546//11069 563//11070
f 617//11071 560//11072 639//11073
f 392//11074 546//11075 538//11076
f 617//11077 664//11078 700//11079
f 617//11080 639//11081 664//11082
f 639//11083 560//11084 610//11085
f 594//11086 560//11087 563//11088
f 594//11089 610//11090 560//11091
f 653//11092 617//11093 700//11094
f 601//11095 596//11096 598//11097
f 598//11098 571//11099 653//11100
f 598//11101 588//11102 586//11103
f 598//11104 605//11105 601//11106
f 605//11107 598//11108 653//11109
f 653//11110 611//11111 605//11112
f 571//11113 570//11114 617//11115
f 653//11116 571//11117 617//11118
f 1032//11119 820//11120 1033//11121
f 1032//11122 827//11123 820//11124
f 826//11125 827//11126 1032//11127
f 826//11128 1032//11129 827//11130
f 542//11131 469//11132 541//11133
f 469//11134 472//11135 541//11136
f 382//11137 541//11138 408//11139
f 408//11140 301//11141 382//11142
f 301//11143 293//11144 382//11145
f 291//11146 382//11147 293//11148
f 291//11149 293//11150 273//11151
f 273//11152 202//11153 291//11154
f 240//11155 203//11156 202//11157
f 241//11158 303//11159 203//11160
f 539//11161 376//11162 495//11163
f 539//11164 495//11165 471//11166
f 471//11167 394//11168 539//11169
f 543//11170 539//11171 394//11172
f 426//11173 394//11174 495//11175
f 469//11176 394//11177 377//11178
f 495//11179 376//11180 331//11181
f 495//11182 331//11183 377//11184
f 331//11185 303//11186 241//11187
f 203//11188 240//11189 241//11190
f 240//11191 256//11192 241//11193
f 256//11194 331//11195 241//11196
f 377//11197 256//11198 240//11199
f 469//11200 377//11201 381//11202
f 240//11203 202//11204 273//11205
f 377//11206 240//11207 273//11208
f 543//11209 394//11210 469//11211
f 469//11212 542//11213 543//11214
f 472//11215 408//11216 541//11217
f 381//11218 377//11219 273//11220
f 468//11221 469//11222 381//11223
f 537//11224 469//11225 468//11226
f 494//11227 468//11228 381//11229
f 472//11230 469//11231 537//11232
f 354//11233 353//11234 293//11235
f 354//11236 293//11237 301//11238
f 301//11239 408//11240 354//11241
f 273//11242 293//11243 353//11244
f 353//11245 494//11246 273//11247
f 381//11248 273//11249 494//11250
f 510//11251 408//11252 472//11253
f 354//11254 408//11255 510//11256
f 537//11257 510//11258 472//11259
f 510//11260 398//11261 354//11262
f 494//11263 449//11264 468//11265
f 494//11266 353//11267 332//11268
f 537//11269 468//11270 448//11271
f 449//11272 438//11273 468//11274
f 332//11275 350//11276 494//11277
f 510//11278 537//11279 444//11280
f 448//11281 444//11282 537//11283
f 449//11284 494//11285 350//11286
f 444//11287 398//11288 510//11289
f 256//11290 240//11291 229//11292
f 240//11293 256//11294 229//11295
f 284//11296 303//11297 241//11298
f 241//11299 303//11300 238//11301
f 284//11302 241//11303 238//11304
f 238//11305 303//11306 284//11307
f 377//11308 315//11309 256//11310
f 377//11311 331//11312 339//11313
f 331//11314 256//11315 315//11316
f 315//11317 377//11318 339//11319
f 331//11320 315//11321 339//11322
f 316//11323 376//11324 303//11325
f 331//11326 376//11327 320//11328
f 376//11329 316//11330 320//11331
f 331//11332 320//11333 303//11334
f 316//11335 303//11336 320//11337
f 495//11338 377//11339 363//11340
f 363//11341 426//11342 495//11343
f 394//11344 363//11345 377//11346
f 394//11347 426//11348 363//11349
f 376//11350 495//11351 373//11352
f 373//11353 387//11354 376//11355
f 376//11356 387//11357 495//11358
f 387//11359 373//11360 495//11361
f 495//11362 394//11363 471//11364
f 495//11365 394//11366 466//11367
f 394//11368 495//11369 466//11370
f 394//11371 466//11372 470//11373
f 470//11374 466//11375 394//11376
f 448//11377 468//11378 366//11379
f 360//11380 366//11381 369//11382
f 468//11383 369//11384 366//11385
f 369//11386 468//11387 360//11388
f 360//11389 468//11390 438//11391
f 349//11392 296//11393 398//11394
f 362//11395 448//11396 366//11397
f 398//11398 296//11399 367//11400
f 398//11401 367//11402 283//11403
f 354//11404 398//11405 283//11406
f 345//11407 438//11408 449//11409
f 366//11410 448//11411 460//11412
f 366//11413 460//11414 448//11415
f 448//11416 362//11417 444//11418
f 349//11419 444//11420 362//11421
f 349//11422 444//11423 419//11424
f 444//11425 349//11426 419//11427
f 349//11428 398//11429 395//11430
f 395//11431 398//11432 444//11433
f 444//11434 349//11435 395//11436
f 438//11437 345//11438 360//11439
f 366//11440 448//11441 461//11442
f 448//11443 366//11444 461//11445
f 449//11446 347//11447 345//11448
f 366//11449 360//11450 347//11451
f 360//11452 345//11453 347//11454
f 349//11455 362//11456 265//11457
f 259//11458 330//11459 347//11460
f 265//11461 366//11462 347//11463
f 259//11464 347//11465 302//11466
f 265//11467 296//11468 349//11469
f 330//11470 265//11471 347//11472
f 362//11473 366//11474 265//11475
f 288//11476 302//11477 350//11478
f 288//11479 350//11480 302//11481
f 350//11482 346//11483 259//11484
f 346//11485 350//11486 259//11487
f 332//11488 353//11489 327//11490
f 327//11491 265//11492 332//11493
f 327//11494 353//11495 265//11496
f 255//11497 265//11498 353//11499
f 265//11500 255//11501 353//11502
f 336//11503 265//11504 353//11505
f 336//11506 353//11507 265//11508
f 342//11509 265//11510 353//11511
f 342//11512 353//11513 265//11514
f 367//11515 296//11516 265//11517
f 265//11518 354//11519 283//11520
f 283//11521 367//11522 265//11523
f 265//11524 353//11525 354//11526
f 265//11527 330//11528 332//11529
f 350//11530 332//11531 259//11532
f 332//11533 330//11534 259//11535
f 350//11536 259//11537 302//11538
f 449//11539 302//11540 347//11541
f 449//11542 350//11543 302//11544
f 317//11545 296//11546 367//11547
f 367//11548 296//11549 317//11550
