# decimated from Yaskawa CAD (ROS-Industrial motoman, BSD-3-Clause)
v -0.267304 -0.048522 -0.015957
v -0.268500 -0.045875 -0.019952
v -0.268469 -0.039493 -0.030599
v -0.268500 -0.028895 0.041395
v -0.268489 -0.025507 -0.043673
v -0.268449 -0.006915 -0.049430
v -0.268500 0.003429 0.051434
v -0.268500 0.011096 -0.049361
v -0.268500 0.038417 -0.033583
v -0.268500 0.033677 0.037523
v -0.268500 0.051514 0.006739
v -0.261786 -0.009513 0.047999
v -0.259794 0.004698 -0.049960
v -0.258098 0.010272 0.048963
v -0.256803 0.020597 0.045882
v -0.254063 -0.024393 -0.043994
v -0.257609 -0.014988 0.051185
v -0.253901 0.031856 0.038970
v -0.255963 -0.009603 0.051097
v -0.268489 -0.047902 0.018145
v -0.252706 -0.042279 -0.027009
v -0.268500 -0.043450 -0.024776
v -0.255847 -0.001055 -0.050506
v -0.254778 -0.012230 0.046926
v -0.252578 0.032579 -0.038154
v -0.251380 -0.010562 0.046389
v -0.253483 0.049763 -0.004869
v -0.253739 0.048258 0.013724
v -0.253389 0.046236 -0.019775
v -0.245454 0.016379 -0.050256
v -0.253670 0.000000 0.050559
v -0.253155 0.038213 -0.032317
v -0.254861 -0.000625 0.050527
v -0.253406 0.044735 0.022336
v -0.253026 -0.045096 0.021535
v -0.253197 0.034908 0.035772
v -0.253249 -0.048084 0.013825
v -0.253281 -0.050098 0.002007
v -0.253287 -0.048941 -0.010364
v -0.253428 0.049839 0.004346
v -0.252874 -0.044346 -0.023090
v -0.256536 0.014994 -0.047920
v -0.253021 0.034184 -0.036489
v -0.253247 0.039721 0.030461
v -0.252996 -0.045357 -0.020124
v -0.252997 0.035402 -0.034596
v -0.252983 0.035173 -0.034887
v -0.252978 -0.045125 -0.020495
v -0.252969 -0.045068 0.020633
v -0.252965 0.035033 0.035060
v -0.252952 0.034965 -0.035129
v -0.252951 -0.044954 -0.020922
v -0.252938 0.034894 -0.035211
v -0.252928 -0.044845 0.021188
v -0.252893 -0.044697 -0.021535
v -0.252888 0.034688 0.035444
v -0.253780 0.010816 0.050090
v -0.252877 -0.044647 0.021675
v -0.252877 0.034648 -0.035489
v -0.252869 0.034623 0.035517
v -0.252847 -0.044554 -0.021895
v -0.253040 -0.044569 0.022690
v -0.252815 -0.044463 0.022102
v -0.257893 -0.018833 0.047258
v -0.252806 0.034438 -0.035724
v -0.252796 0.034412 0.035753
v -0.252748 -0.003343 0.050514
v -0.252707 -0.044204 0.022696
v -0.252699 0.034188 0.036002
v -0.252693 -0.044176 -0.022765
v -0.252691 0.034170 -0.036030
v -0.255668 0.025312 -0.043322
v -0.252632 -0.044055 0.023029
v -0.252613 0.034025 -0.036180
v -0.252611 0.034023 0.036182
v -0.252604 -0.044005 -0.023145
v -0.252501 0.033838 -0.036384
v -0.252501 0.033838 0.036574
v -0.252500 -0.043838 -0.023512
v -0.252500 -0.043829 0.023507
v -0.252500 -0.043623 0.024432
v -0.252500 -0.042966 -0.025572
v -0.252500 -0.042966 0.025572
v -0.252500 -0.042500 -0.026339
v -0.252530 -0.042491 0.026560
v -0.252500 -0.042000 -0.027566
v -0.252500 -0.042000 0.027567
v -0.252500 0.032000 -0.039006
v -0.252500 0.032000 0.039006
v -0.252500 0.032500 -0.037997
v -0.252500 0.032500 0.037997
v -0.252500 0.032811 0.037728
v -0.252500 0.033427 0.037185
v -0.252500 0.033721 -0.036842
v -0.252000 -0.042000 -0.014211
v -0.252000 0.032200 0.033915
v -0.252049 0.040497 -0.025848
v -0.254288 0.045651 0.009445
v -0.250030 0.012305 -0.050211
v -0.251897 -0.045918 -0.005476
v -0.251896 -0.045986 0.005435
v -0.251800 0.032000 -0.033920
v -0.251800 0.032000 0.033920
v -0.251762 -0.046272 -0.005115
v -0.251181 -0.041999 -0.028048
v -0.251719 -0.046309 0.005092
v -0.250899 -0.015753 0.048960
v -0.251436 0.048101 0.016857
v -0.252565 -0.049586 0.005846
v -0.251167 0.032138 0.039314
v -0.251225 -0.046552 0.005244
v -0.249788 -0.042515 -0.026217
v -0.251547 0.048014 -0.016886
v -0.250227 0.046970 0.021860
v -0.250278 -0.042139 0.025204
v -0.250410 -0.048236 0.017826
v -0.249718 -0.046739 -0.023057
v -0.250375 -0.048260 -0.017722
v -0.250420 -0.041155 0.029633
v -0.250359 -0.040596 0.030451
v -0.250298 -0.040022 0.031259
v -0.250261 -0.039663 0.031749
v -0.251974 -0.048448 -0.005491
v -0.253020 -0.035711 0.035355
v -0.253053 -0.036699 -0.034311
v -0.251568 -0.048489 -0.014181
v -0.250060 0.048840 0.015135
v -0.250048 -0.048778 -0.015466
v -0.250046 0.048777 0.015494
v -0.250045 0.048783 -0.015444
v -0.250004 0.048645 0.016234
v -0.250003 -0.048644 -0.016218
v -0.249999 -0.048639 0.016261
v -0.249997 0.048640 -0.016248
v -0.244601 0.017410 0.050189
v -0.249961 0.048570 0.016653
v -0.249902 -0.048472 -0.017159
v -0.249897 -0.048471 0.017178
v -0.249894 0.048465 0.017222
v -0.249783 -0.048331 0.017928
v -0.249781 0.048333 -0.017912
v -0.249621 0.048171 0.018769
v -0.249608 0.048166 -0.018785
v -0.255444 -0.026741 0.042967
v -0.249599 -0.048157 -0.018821
v -0.249424 0.032000 -0.039753
v -0.249387 -0.047992 0.019683
v -0.249386 0.047993 -0.019666
v -0.249365 0.047978 0.019762
v -0.249354 -0.047971 -0.019772
v -0.249687 0.041995 -0.028522
v -0.250729 0.039897 0.031492
v -0.249213 -0.047874 0.020276
v -0.249212 0.047877 -0.020256
v -0.249201 0.047530 -0.021687
v -0.249188 -0.047860 -0.020333
v -0.249184 0.047853 0.020388
v -0.249155 -0.047690 -0.021057
v -0.249106 -0.047810 -0.020585
v -0.249045 -0.047765 0.020821
v -0.249044 0.047766 -0.020805
v -0.255880 -0.006180 0.050240
v -0.248888 0.047684 0.021236
v -0.248856 0.032329 0.040211
v -0.248749 -0.047551 0.021829
v -0.248950 0.046514 -0.024462
v -0.248577 -0.047531 -0.021973
v -0.249128 0.037968 -0.034327
v -0.248294 0.039053 -0.033415
v -0.248293 0.047401 0.022635
v -0.248261 -0.047389 -0.022674
v -0.248245 0.039693 -0.032615
v -0.248205 0.040215 -0.031938
v -0.248164 -0.047343 0.022916
v -0.248162 0.047345 -0.022899
v -0.248149 0.040926 -0.030978
v -0.248108 0.041429 -0.030270
v -0.247912 0.047249 0.023391
v -0.247836 -0.047222 -0.023503
v -0.247622 0.047146 -0.023890
v -0.247620 -0.047138 0.023933
v -0.247604 0.047139 0.023941
v -0.247408 -0.010294 0.050422
v -0.247059 0.046963 -0.024813
v -0.247027 -0.046954 0.024871
v -0.246892 0.046914 0.025081
v -0.246850 -0.046902 -0.025118
v -0.246615 -0.046838 0.025469
v -0.246580 -0.044700 -0.001134
v -0.246454 -0.046797 -0.025666
v -0.241210 -0.017048 0.050332
v -0.246408 0.046783 0.025758
v -0.248554 0.046463 0.024983
v -0.244035 0.043269 0.030845
v -0.244794 -0.046363 0.000121
v -0.246034 -0.046694 0.026228
v -0.246031 0.046696 -0.026212
v -0.245709 -0.046627 -0.026587
v -0.245645 0.046450 -0.027208
v -0.242628 -0.044710 -0.000024
v -0.245414 0.046567 -0.026926
v -0.244979 -0.046471 0.027456
v -0.244891 0.046462 0.027532
v -0.244839 -0.046457 -0.027548
v -0.239240 0.020439 0.050187
v -0.247646 -0.045689 0.027322
v -0.246378 0.048495 0.006504
v -0.256262 -0.013274 -0.048697
v -0.244012 -0.046336 -0.028318
v -0.236029 0.031027 -0.047968
v -0.243921 0.046322 -0.028411
v -0.243717 -0.046203 -0.028874
v -0.243128 0.046224 0.029097
v -0.242884 -0.046204 0.029269
v -0.242838 0.046205 -0.029272
v -0.245092 0.045776 -0.028884
v -0.243295 0.045638 0.001083
v -0.241625 0.046122 -0.030081
v -0.241127 -0.044713 -0.031903
v -0.248855 0.042004 -0.026529
v -0.241169 -0.045771 -0.031054
v -0.240789 -0.045718 0.031389
v -0.240753 -0.046094 0.030576
v -0.238026 -0.042122 0.033690
v -0.214234 -0.042065 -0.044488
v -0.242464 0.043044 -0.031631
v -0.240386 0.046050 -0.030866
v -0.237903 -0.048971 -0.001666
v -0.239418 -0.046423 0.002406
v -0.240290 -0.046045 -0.030920
v -0.240279 0.044878 -0.032180
v -0.226780 0.045248 0.038214
v -0.240248 0.032000 0.044263
v -0.250313 0.047716 -0.006549
v -0.240223 -0.045198 -0.032050
v -0.240210 0.045236 -0.032027
v -0.240205 -0.045243 0.032036
v -0.240172 0.045353 0.031964
v -0.240129 -0.045536 -0.031809
v -0.240109 0.045540 -0.031815
v -0.240100 -0.045561 0.031807
v -0.240097 0.046058 0.030992
v -0.240066 0.045649 0.031734
v -0.239989 0.045797 -0.031558
v -0.239963 0.045840 0.031512
v -0.239902 -0.045935 0.031375
v -0.239883 -0.045957 -0.031322
v -0.239854 0.045989 0.031276
v -0.250972 0.032166 -0.039207
v -0.238061 0.050910 -0.010558
v -0.201706 -0.023394 0.050374
v -0.234652 -0.050441 0.017099
v -0.238237 0.032323 -0.045425
v -0.237668 -0.051101 -0.013796
v -0.238257 -0.050746 0.010733
v -0.237679 0.032324 0.045691
v -0.237333 0.054480 0.012179
v -0.237013 -0.055000 -0.009991
v -0.235594 -0.055543 0.010085
v -0.237013 0.055002 0.010009
v -0.240556 -0.027233 0.048456
v -0.239355 -0.022194 0.050169
v -0.231447 0.032170 -0.048016
v -0.235592 -0.024278 -0.050122
v -0.234900 0.054951 -0.015868
v -0.236455 -0.031064 -0.047640
v -0.240013 -0.019591 0.050274
v -0.233755 0.042002 -0.036120
v -0.234443 -0.055010 -0.015626
v -0.234061 -0.054639 0.016123
v -0.229169 0.031999 0.048734
v -0.234302 0.055014 0.015890
v -0.224214 0.051775 -0.017532
v -0.231713 0.049985 -0.019032
v -0.232541 0.055582 -0.009896
v -0.231641 0.045002 0.009830
v -0.231641 0.055002 0.009830
v -0.231640 -0.055000 -0.009813
v -0.231640 -0.045000 -0.009813
v -0.231564 -0.055000 0.009482
v -0.231564 0.045002 0.009482
v -0.231564 0.055002 0.009482
v -0.231563 -0.055000 -0.009464
v -0.231563 -0.045000 -0.009464
v -0.231563 0.055002 -0.009464
v -0.231414 -0.055000 -0.009141
v -0.231414 -0.055000 0.009158
v -0.231414 -0.045000 -0.009141
v -0.231414 -0.045000 0.009158
v -0.231414 0.045002 -0.009141
v -0.231414 0.045002 0.009158
v -0.230938 0.044319 0.010810
v -0.231414 0.055002 -0.009141
v -0.231414 0.055002 0.009158
v -0.232247 0.052299 -0.011485
v -0.232440 -0.055411 -0.010061
v -0.231198 -0.055000 -0.008857
v -0.231198 -0.055000 0.008874
v -0.231198 -0.055000 0.011143
v -0.231047 -0.044322 -0.010405
v -0.231198 -0.045000 -0.008857
v -0.231198 -0.045000 0.008874
v -0.231198 -0.045000 0.011143
v -0.231198 0.045002 -0.011126
v -0.231198 0.045002 -0.008857
v -0.231198 0.045002 0.008874
v -0.231198 0.055002 -0.011126
v -0.231198 0.055002 -0.008857
v -0.231198 0.055002 0.008874
v -0.230926 -0.055000 -0.011357
v -0.230926 -0.055000 -0.008626
v -0.230926 -0.055000 0.008643
v -0.230926 -0.055000 0.011374
v -0.230926 -0.045000 -0.008626
v -0.230926 -0.045000 0.008643
v -0.230926 -0.045000 0.011374
v -0.230926 0.045002 -0.011357
v -0.230926 0.045002 -0.008626
v -0.230926 0.045002 0.008643
v -0.230926 0.055002 -0.011357
v -0.230926 0.055002 -0.008626
v -0.230926 0.055002 0.008643
v -0.231488 0.055002 0.010904
v -0.230850 0.026877 -0.050031
v -0.230611 -0.055000 0.008476
v -0.230611 -0.055000 0.011542
v -0.230611 -0.045000 0.008476
v -0.230611 -0.045000 0.011542
v -0.230611 0.045002 0.008476
v -0.230611 0.055002 0.008476
v -0.230611 0.055002 0.011542
v -0.230610 -0.055000 -0.011524
v -0.230610 -0.055000 -0.008458
v -0.230610 -0.045000 -0.011524
v -0.230610 -0.045000 -0.008458
v -0.230610 0.045002 -0.011524
v -0.230610 0.045002 -0.008458
v -0.230610 0.055002 -0.011524
v -0.230610 0.055002 -0.008458
v -0.231165 0.044315 -0.009993
v -0.230267 -0.055000 -0.011620
v -0.230267 -0.055000 -0.008363
v -0.230267 -0.055000 0.008380
v -0.230267 -0.055000 0.011637
v -0.230267 -0.045000 -0.011620
v -0.230267 -0.045000 -0.008363
v -0.230267 -0.045000 0.008380
v -0.230267 -0.045000 0.011637
v -0.230267 0.045002 -0.011620
v -0.230267 0.045002 -0.008363
v -0.230267 0.045002 0.008380
v -0.230267 0.045002 0.011637
v -0.230267 0.055002 -0.011620
v -0.230267 0.055002 -0.008363
v -0.230267 0.055002 0.008380
v -0.230267 0.055002 0.011637
v -0.229911 -0.055000 0.008361
v -0.229911 -0.055000 0.011656
v -0.229911 -0.045000 0.008361
v -0.229911 -0.045000 0.011656
v -0.229911 0.045002 0.008361
v -0.229911 0.045002 0.011656
v -0.229911 0.055002 0.008361
v -0.229911 0.055002 0.011656
v -0.229910 -0.055000 -0.011639
v -0.229910 -0.055000 -0.008344
v -0.229910 -0.045000 -0.011639
v -0.229910 -0.045000 -0.008344
v -0.229910 0.045002 -0.011639
v -0.229910 0.045002 -0.008344
v -0.229910 0.055002 -0.011639
v -0.229910 0.055002 -0.008344
v -0.228784 -0.054690 -0.017895
v -0.229559 -0.055000 0.008419
v -0.229559 -0.055000 0.011599
v -0.229559 -0.045000 0.008419
v -0.229559 -0.045000 0.011599
v -0.229559 0.045002 0.008419
v -0.229559 0.045002 0.011599
v -0.229559 0.055002 0.008419
v -0.229559 0.055002 0.011599
v -0.229558 -0.055000 -0.011581
v -0.229558 -0.055000 -0.008401
v -0.229558 -0.045000 -0.011581
v -0.229558 -0.045000 -0.008401
v -0.229558 0.045002 -0.011581
v -0.229558 0.045002 -0.008401
v -0.229558 0.055002 -0.011581
v -0.229558 0.055002 -0.008401
v -0.229228 -0.055000 0.011467
v -0.229228 -0.045000 0.011467
v -0.229228 0.045002 0.011467
v -0.229228 0.055002 0.011467
v -0.229227 -0.055000 -0.011449
v -0.229227 -0.055000 -0.008533
v -0.229227 -0.055000 0.008551
v -0.229227 -0.045000 -0.011449
v -0.229227 -0.045000 -0.008533
v -0.229227 -0.045000 0.008551
v -0.229227 0.045002 -0.011449
v -0.229227 0.045002 -0.008533
v -0.229227 0.045002 0.008551
v -0.229227 0.055002 -0.011449
v -0.229227 0.055002 -0.008533
v -0.229227 0.055002 0.008551
v -0.226182 0.038166 0.044858
v -0.228932 -0.055000 -0.008734
v -0.228932 -0.055000 0.008751
v -0.228932 -0.055000 0.011266
v -0.228932 -0.045000 -0.008734
v -0.228932 -0.045000 0.008751
v -0.228932 -0.045000 0.011266
v -0.228932 0.045002 -0.008734
v -0.228932 0.045002 0.008751
v -0.228932 0.045002 0.011266
v -0.228932 0.055002 -0.008734
v -0.228932 0.055002 0.008751
v -0.228932 0.055002 0.011266
v -0.228931 -0.055000 -0.011249
v -0.228931 -0.045000 -0.011249
v -0.228931 0.045002 -0.011249
v -0.228931 0.055002 -0.011249
v -0.231167 -0.044302 0.010201
v -0.228687 -0.055000 0.009010
v -0.228687 -0.055000 0.011007
v -0.228687 -0.045000 0.009010
v -0.228687 -0.045000 0.011007
v -0.228687 0.045002 0.009010
v -0.228687 0.045002 0.011007
v -0.228687 0.055002 0.009010
v -0.228687 0.055002 0.011007
v -0.228686 -0.055000 -0.010990
v -0.228686 -0.055000 -0.008993
v -0.228686 -0.045000 -0.010990
v -0.228686 -0.045000 -0.008993
v -0.228686 0.045002 -0.010990
v -0.228686 0.045002 -0.008993
v -0.228686 0.055002 -0.010990
v -0.228686 0.055002 -0.008993
v -0.228503 -0.055000 0.009316
v -0.228503 -0.055000 0.010702
v -0.228503 -0.045000 0.009316
v -0.228503 -0.045000 0.010702
v -0.228503 0.045002 0.009316
v -0.228503 0.045002 0.010702
v -0.228503 0.055002 0.009316
v -0.228503 0.055002 0.010702
v -0.228502 -0.055000 -0.010684
v -0.228502 -0.055000 -0.009298
v -0.228502 -0.045000 -0.010684
v -0.228502 -0.045000 -0.009298
v -0.228502 0.045002 -0.010684
v -0.228502 0.045002 -0.009298
v -0.228502 0.055002 -0.010684
v -0.228502 0.055002 -0.009298
v -0.227488 0.053562 0.017321
v -0.228389 -0.055000 0.009654
v -0.228389 -0.055000 0.010364
v -0.228389 -0.045000 0.009654
v -0.228389 -0.045000 0.010364
v -0.228389 0.045002 0.009654
v -0.228389 0.045002 0.010364
v -0.228389 0.055002 0.009654
v -0.228389 0.055002 0.010364
v -0.228388 -0.055000 -0.010346
v -0.228388 -0.055000 -0.009636
v -0.228388 -0.045000 -0.010346
v -0.228388 -0.045000 -0.009636
v -0.228388 0.045002 -0.010346
v -0.228388 0.045002 -0.009636
v -0.228388 0.055002 -0.010346
v -0.228388 0.055002 -0.009636
v -0.228350 -0.055000 -0.009991
v -0.228350 -0.055000 0.010009
v -0.228350 -0.045000 -0.009991
v -0.228350 -0.045000 0.010009
v -0.228350 0.045002 -0.009991
v -0.228350 0.045002 0.010009
v -0.228350 0.055002 -0.009991
v -0.228350 0.055002 0.010009
v -0.227605 0.025795 0.050108
v -0.228158 0.036147 -0.046261
v -0.224185 -0.055007 -0.014565
v -0.228232 0.055010 -0.016959
v -0.202538 -0.042191 0.048159
v -0.227773 -0.054797 0.017098
v -0.225654 0.038915 -0.044175
v -0.224137 -0.037690 0.046586
v -0.224562 0.039465 -0.043975
v -0.224308 -0.039764 0.044082
v -0.243400 -0.016609 -0.050335
v -0.219105 0.041993 0.043048
v -0.222048 0.053069 0.011750
v -0.232461 0.030981 0.049337
v -0.223510 0.055002 -0.012650
v -0.223458 0.040018 -0.043755
v -0.214796 0.037635 -0.048228
v -0.223887 -0.054947 0.014188
v -0.222543 -0.051754 0.014982
v -0.222633 -0.054861 -0.008649
v -0.222987 -0.055000 0.010009
v -0.222987 0.055002 -0.009991
v -0.222987 0.055002 0.010009
v -0.222946 -0.046029 0.038821
v -0.222931 -0.040425 0.043859
v -0.222911 0.054705 -0.013160
v -0.222345 0.040574 -0.043514
v -0.221989 -0.032432 -0.049751
v -0.225283 0.031998 0.048835
v -0.220708 0.051961 -0.012241
v -0.240070 -0.044744 0.032396
v -0.212369 0.042792 -0.045310
v -0.221790 0.044970 -0.040623
v -0.221763 -0.045094 -0.040573
v -0.221711 0.045307 -0.040445
v -0.221681 -0.045401 0.040402
v -0.221671 -0.045411 -0.040368
v -0.221652 -0.041026 0.043645
v -0.221583 0.045638 0.040191
v -0.221571 -0.045665 -0.040147
v -0.221564 0.045673 -0.040137
v -0.221552 -0.045696 0.040123
v -0.221443 0.045868 -0.039876
v -0.221401 0.045937 0.039788
v -0.221394 -0.045926 -0.039770
v -0.221223 0.041131 -0.043253
v -0.217237 0.032134 -0.049925
v -0.220913 -0.045022 0.041018
v -0.220680 0.052566 0.004237
v -0.220274 -0.042061 0.041724
v -0.221168 -0.052589 -0.007466
v -0.225520 -0.051105 -0.017899
v -0.203070 0.053792 -0.006515
v -0.209596 -0.053200 -0.009753
v -0.220138 -0.045857 0.040518
v -0.220094 0.041686 -0.042973
v -0.219976 -0.046072 -0.040010
v -0.219731 0.045514 -0.041239
v -0.216023 -0.045627 -0.042729
v -0.219449 0.042000 -0.042805
v -0.216967 0.031999 0.049901
v -0.212748 0.042331 0.045234
v -0.218406 -0.041873 -0.044237
v -0.219157 0.032281 0.049650
v -0.233485 0.032476 0.047538
v -0.214891 0.032037 -0.049773
v -0.213462 0.032000 0.049694
v -0.213337 0.031094 0.050016
v -0.215436 0.041995 -0.044561
v -0.212717 -0.046007 0.043501
v -0.208710 -0.041993 -0.047001
v -0.202788 -0.046178 -0.047133
v -0.212901 0.032219 -0.049932
v -0.210430 0.032000 -0.050000
v -0.210422 0.032000 0.050000
v -0.201305 -0.028673 0.051055
v -0.207432 0.032200 -0.050000
v -0.207430 0.032000 -0.049800
v -0.207430 0.032000 0.049800
v -0.213951 -0.041997 0.045680
v -0.190104 -0.042303 -0.049656
v -0.193867 -0.041994 0.049090
v -0.206360 0.046442 0.045059
v -0.206352 -0.046443 -0.045034
v -0.222079 0.046075 -0.039117
v -0.205515 -0.046557 0.045086
v -0.205426 0.046978 0.043816
v -0.205423 -0.046977 -0.043797
v -0.205412 -0.047042 0.043613
v -0.205409 0.047044 -0.043594
v -0.205327 0.047446 0.042350
v -0.205324 -0.047444 -0.042330
v -0.205313 -0.047509 0.042142
v -0.205311 0.047511 -0.042122
v -0.205231 0.047898 0.040873
v -0.205229 -0.047897 -0.040854
v -0.205218 -0.047960 0.040660
v -0.205215 0.047962 -0.040641
v -0.205139 0.048336 0.039385
v -0.205136 -0.048335 -0.039363
v -0.205126 -0.048396 0.039170
v -0.205123 0.048397 -0.039150
v -0.205098 0.048529 0.038706
v -0.205095 -0.048528 -0.038687
v -0.205051 -0.048733 -0.037953
v -0.205051 0.048753 0.037904
v -0.205037 -0.048816 0.037670
v -0.205035 0.048817 -0.037650
v -0.204965 0.049162 0.036387
v -0.204962 -0.049160 -0.036367
v -0.204952 -0.049220 0.036161
v -0.204950 0.049221 -0.036142
v -0.204883 0.049551 0.034874
v -0.204881 -0.049550 -0.034854
v -0.204871 -0.049607 0.034644
v -0.204869 0.049609 -0.034625
v -0.204805 0.049925 0.033352
v -0.204802 -0.049923 -0.033333
v -0.204793 -0.049979 0.033119
v -0.204791 0.049980 -0.033100
v -0.204730 0.050282 0.031823
v -0.204728 -0.050280 -0.031804
v -0.204719 -0.050334 0.031585
v -0.204716 0.050336 -0.031566
v -0.204651 0.050650 0.030161
v -0.204650 -0.050643 -0.030170
v -0.204648 -0.050671 0.030053
v -0.204646 0.050674 -0.030028
v -0.204591 0.050947 0.028743
v -0.204589 -0.050945 -0.028724
v -0.204581 -0.050995 0.028500
v -0.204579 0.050996 -0.028481
v -0.204527 0.051254 0.027193
v -0.204525 -0.051253 -0.027174
v -0.204515 0.051301 -0.026928
v -0.204466 0.051545 0.025637
v -0.204465 -0.051543 -0.025618
v -0.204455 0.051590 -0.025370
v -0.234046 0.050049 0.018078
v -0.202383 -0.052452 0.021261
v -0.207276 -0.045217 0.046310
v -0.202167 -0.052790 -0.018777
v -0.202490 0.052664 0.019760
v -0.202311 0.053054 -0.016477
v -0.202320 0.053153 0.015668
v -0.204077 0.049350 -0.036056
v -0.202179 -0.053288 0.014507
v -0.202264 -0.053819 -0.006562
v -0.203787 -0.050470 0.031424
v -0.203141 -0.048832 0.038515
v -0.200621 0.046512 -0.047114
v -0.202379 0.051790 -0.025337
v -0.202326 0.053915 0.003921
v -0.201906 -0.051148 -0.028927
v -0.202780 0.034067 -0.049990
v -0.202269 0.053689 0.009215
v -0.202174 -0.053979 -0.000965
v -0.202123 0.053969 -0.001147
v -0.201411 -0.021063 0.050278
v -0.201283 -0.050155 0.033629
v -0.201255 -0.020455 0.050287
v -0.200685 0.049104 0.037962
v -0.202051 0.049656 0.035738
v -0.201163 -0.053273 -0.014559
v -0.201024 -0.019871 0.050294
v -0.200723 0.048537 -0.040089
v -0.200860 -0.053920 0.004766
v -0.200853 -0.019274 0.050121
v -0.203829 0.046041 0.046904
v -0.200874 -0.024205 0.050274
v -0.200311 -0.048009 -0.041918
v -0.201923 -0.049380 -0.036797
v -0.200003 -0.054000 0.000008
v -0.200003 -0.053999 -0.000473
v -0.200003 0.054001 -0.000287
v -0.200003 0.054001 0.000493
v -0.200003 0.054002 0.000012
v -0.200001 -0.053991 0.001634
v -0.200001 0.053993 -0.001615
v -0.200000 -0.053986 -0.002015
v -0.200000 0.053988 0.002034
v -0.199997 0.053969 0.003135
v -0.199996 -0.053965 0.003261
v -0.199996 0.053966 -0.003241
v -0.199995 -0.053961 -0.003392
v -0.199995 -0.053961 0.003412
v -0.199994 -0.053955 -0.003643
v -0.199994 0.053955 -0.003709
v -0.199994 0.053957 0.003663
v -0.199987 -0.053921 0.004888
v -0.199987 0.053922 -0.004868
v -0.199984 -0.053907 -0.005271
v -0.199984 0.053908 0.005291
v -0.199974 -0.053859 0.006515
v -0.199974 0.053859 0.006556
v -0.199974 0.053860 -0.006495
v -0.199971 -0.053846 -0.006792
v -0.204374 -0.053684 0.007937
v -0.199970 -0.053841 -0.006899
v -0.199970 0.053842 0.006918
v -0.199968 0.053831 -0.007130
v -0.199958 -0.053779 0.008141
v -0.199957 0.053781 -0.008122
v -0.199953 0.053758 0.008545
v -0.199952 -0.053757 -0.008525
v -0.199938 -0.053682 0.009767
v -0.199937 0.053684 -0.009747
v -0.199935 0.053670 0.009974
v -0.199932 -0.053653 0.010209
v -0.199932 0.053657 0.010171
v -0.199931 -0.053655 -0.010151
v -0.199926 0.053630 -0.010546
v -0.199914 -0.053567 0.011391
v -0.199913 0.053569 -0.011372
v -0.199907 -0.053536 -0.011775
v -0.199907 0.053538 0.011795
v -0.199886 -0.053435 0.013014
v -0.202088 0.053523 -0.011660
v -0.199880 0.053403 0.013397
v -0.199878 -0.053400 -0.013398
v -0.199876 -0.053383 0.013600
v -0.199875 -0.053383 -0.013581
v -0.199867 0.053350 -0.013957
v -0.199855 -0.053285 0.014636
v -0.199854 0.053287 -0.014616
v -0.199847 0.053247 0.015037
v -0.199846 -0.053245 -0.015018
v -0.199820 -0.053118 0.016255
v -0.199819 0.053119 -0.016235
v -0.199811 0.053075 0.016656
v -0.199810 -0.053073 -0.016636
v -0.199808 0.053060 0.016791
v -0.199804 -0.053036 0.016985
v -0.199802 -0.053036 -0.016965
v -0.199793 0.052992 -0.017361
v -0.201628 0.047503 0.043503
v -0.199782 -0.052933 0.017871
v -0.199781 0.052934 -0.017851
v -0.199772 0.052886 0.018273
v -0.199740 -0.052730 0.019485
v -0.199739 0.052732 -0.019465
v -0.199729 0.052678 0.019888
v -0.199727 -0.052677 -0.019869
v -0.199715 -0.052613 0.020360
v -0.199714 -0.052613 -0.020341
v -0.202224 0.052672 -0.019704
v -0.199693 0.052512 -0.021077
v -0.199724 0.052512 0.021103
v -0.197411 -0.017492 0.050360
v -0.202128 -0.052281 -0.022427
v -0.199645 -0.052273 0.022707
v -0.199643 0.052274 -0.022687
v -0.199631 0.052212 0.023113
v -0.199630 -0.052210 -0.023093
v -0.199567 0.052004 0.024416
v -0.199611 -0.052113 0.023726
v -0.199610 -0.052113 -0.023706
v -0.200236 0.052145 -0.023504
v -0.199591 -0.052018 0.024315
v -0.199590 0.052019 -0.024295
v -0.199576 -0.051950 -0.024701
v -0.199534 -0.051745 0.025920
v -0.199533 0.051747 -0.025900
v -0.199519 0.051675 0.026326
v -0.199517 -0.051673 -0.026307
v -0.199496 0.051563 0.026947
v -0.199491 -0.051537 0.027079
v -0.199489 -0.051537 -0.027059
v -0.202066 -0.051440 0.027441
v -0.199309 0.051313 -0.028281
v -0.202130 0.051190 0.028770
v -0.199409 -0.051148 0.029120
v -0.199392 0.051069 0.029526
v -0.199390 -0.051067 -0.029506
v -0.199359 0.050910 0.030307
v -0.199354 -0.050885 0.030418
v -0.199352 -0.050885 -0.030398
v -0.199341 -0.050824 0.030715
v -0.199339 0.050825 -0.030695
v -0.199332 0.050789 -0.030869
v -0.199323 0.050740 0.031120
v -0.199321 -0.050738 -0.031100
v -0.199270 -0.050482 0.032305
v -0.201808 0.050748 -0.030994
v -0.199251 0.050394 0.032710
v -0.199248 -0.050392 -0.032691
v -0.199206 0.050180 0.033651
v -0.199201 -0.050158 0.033741
v -0.199199 -0.050158 -0.033722
v -0.199194 -0.050123 0.033892
v -0.199192 0.050125 -0.033872
v -0.199175 0.050046 -0.034210
v -0.199174 0.050030 0.034297
v -0.199172 -0.050029 -0.034278
v -0.199115 -0.049748 0.035473
v -0.199094 0.049649 0.035881
v -0.199091 -0.049648 -0.035861
v -0.199036 0.049375 0.036977
v -0.199032 -0.049355 0.037048
v -0.199030 -0.049355 -0.037028
v -0.199153 0.049589 -0.036106
v -0.199007 -0.049249 -0.037441
v -0.198946 -0.048944 0.038625
v -0.198922 0.048836 0.039036
v -0.198919 -0.048834 -0.039016
v -0.198855 -0.048517 0.040195
v -0.198850 0.048493 0.040285
v -0.198847 -0.048478 0.040335
v -0.198844 -0.048478 -0.040315
v -0.198831 0.048403 0.040607
v -0.198828 -0.048402 -0.040587
v -0.198813 0.048333 -0.040837
v -0.199807 -0.048372 0.040755
v -0.198736 0.047954 0.042173
v -0.198733 -0.047952 -0.042153
v -0.198750 0.047828 -0.042583
v -0.198642 -0.047526 -0.043581
v -0.198637 0.047488 0.043733
v -0.198633 -0.047486 -0.043713
v -0.198607 0.047363 -0.044119
v -0.198562 -0.047133 0.044875
v -0.198558 0.047135 -0.044856
v -0.198534 0.047005 0.045288
v -0.198531 -0.047003 -0.045268
v -0.198602 -0.025379 0.052875
v -0.198456 -0.046638 0.046425
v -0.198453 0.046640 -0.046405
v -0.198437 0.034565 -0.050000
v -0.201424 -0.046500 0.046744
v -0.198427 0.046505 0.046838
v -0.198424 -0.046503 -0.046818
v -0.195887 0.046354 -0.047275
v -0.193707 0.041489 0.049741
v -0.197885 0.042045 -0.048731
v -0.205919 -0.033599 -0.050109
v -0.190201 -0.042899 0.049681
v -0.193820 0.042001 0.048680
v -0.190429 -0.023911 0.050317
v -0.179658 -0.041998 -0.049909
v -0.192710 0.046067 0.048109
v -0.195220 -0.021541 0.053409
v -0.189500 -0.046210 0.047721
v -0.190018 -0.019037 0.050165
v -0.185963 -0.042005 0.049883
v -0.185527 -0.018062 0.052835
v -0.170353 -0.019905 0.050425
v -0.187994 0.046134 -0.047930
v -0.186390 0.045871 -0.048702
v -0.185915 0.042002 0.049867
v -0.186756 -0.025680 0.052754
v -0.183829 0.045056 -0.049645
v -0.184139 -0.025653 0.052943
v -0.183350 0.045767 0.048936
v -0.181598 -0.045487 -0.049374
v -0.180987 -0.045276 0.049712
v -0.179679 -0.042000 0.049872
v -0.182913 -0.017997 0.050223
v -0.181549 0.044207 -0.049919
v -0.181465 -0.044359 -0.049919
v -0.181382 0.044680 0.049932
v -0.199975 0.035333 -0.049976
v -0.181306 -0.024780 0.050303
v -0.180135 -0.045863 0.048730
v -0.180105 -0.045910 0.048605
v -0.180105 -0.045769 0.048924
v -0.180105 -0.045724 0.049001
v -0.180105 -0.045575 0.049213
v -0.180105 -0.045314 0.049480
v -0.180105 -0.045187 0.049580
v -0.180105 -0.045051 0.049670
v -0.180105 -0.044913 0.049746
v -0.180105 -0.044738 0.049823
v -0.180105 -0.044619 0.049865
v -0.180105 -0.044403 0.049920
v -0.180105 -0.044317 0.049935
v -0.180105 -0.042000 0.050011
v -0.180105 0.042002 0.050011
v -0.180105 0.044319 0.049935
v -0.180105 0.044404 0.049920
v -0.180105 0.044620 0.049865
v -0.180105 0.044739 0.049823
v -0.180105 0.044914 0.049746
v -0.180105 0.045053 0.049670
v -0.180105 0.045189 0.049580
v -0.180105 0.045325 0.049472
v -0.180105 0.045434 0.049372
v -0.180105 0.045576 0.049213
v -0.180105 0.045726 0.049001
v -0.180105 0.045771 0.048924
v -0.180105 0.045864 0.048730
v -0.180105 0.045912 0.048605
v -0.180104 -0.045432 0.049372
v -0.180104 -0.044071 0.049956
v -0.180104 0.044072 0.049956
v -0.180101 -0.045910 -0.048584
v -0.180101 -0.045863 -0.048709
v -0.180101 -0.045769 -0.048903
v -0.180101 -0.045724 -0.048980
v -0.180101 -0.045575 -0.049192
v -0.180101 -0.045432 -0.049350
v -0.180101 -0.045323 -0.049452
v -0.180101 -0.045187 -0.049559
v -0.180101 -0.045051 -0.049649
v -0.180101 -0.044913 -0.049725
v -0.180101 -0.044738 -0.049802
v -0.180101 -0.044619 -0.049844
v -0.180101 -0.044403 -0.049899
v -0.180101 -0.044317 -0.049913
v -0.174306 -0.042017 -0.049991
v -0.180101 0.044072 -0.049935
v -0.180101 0.044319 -0.049913
v -0.180101 0.044404 -0.049899
v -0.180101 0.044620 -0.049844
v -0.180101 0.044739 -0.049802
v -0.180101 0.044914 -0.049725
v -0.180101 0.045053 -0.049649
v -0.180101 0.045189 -0.049559
v -0.180101 0.045326 -0.049452
v -0.180101 0.045434 -0.049350
v -0.180101 0.045576 -0.049192
v -0.180101 0.045726 -0.048980
v -0.180101 0.045771 -0.048903
v -0.180101 0.045864 -0.048709
v -0.180101 0.045912 -0.048584
v -0.211585 0.032232 0.049989
v -0.184903 -0.039158 0.050029
v -0.175281 0.041541 -0.049921
v -0.172000 0.000000 0.050559
v -0.172000 0.017000 0.050262
v -0.171963 0.017469 0.050254
v -0.171853 0.017927 0.050246
v -0.170653 0.019684 0.047154
v -0.146916 -0.026244 0.050213
v -0.169538 0.017077 0.050000
v -0.169652 -0.042000 0.050004
v -0.171103 -0.018685 0.047493
v -0.178212 0.041985 -0.049892
v -0.177176 0.041999 0.049863
v -0.164713 0.042002 0.050006
v -0.166013 0.041849 -0.049998
v -0.134667 0.017333 0.046667
v -0.132685 0.019449 0.047408
v -0.132565 -0.018322 0.048355
v -0.118526 0.047813 0.042655
v -0.118523 -0.047811 -0.042630
v -0.118520 0.047906 0.042339
v -0.118519 0.047537 0.043574
v -0.118517 -0.047906 -0.042308
v -0.118516 0.047420 0.043956
v -0.118515 -0.047526 -0.043578
v -0.118514 -0.047335 0.044230
v -0.118512 -0.047419 -0.043931
v -0.118510 0.047344 -0.044182
v -0.118503 0.046930 0.045527
v -0.118525 0.047824 -0.042592
v -0.118501 -0.046840 0.045801
v -0.118500 -0.046928 -0.045502
v -0.118140 0.046405 -0.046802
v -0.118096 -0.046571 0.046237
v -0.118490 0.046422 0.047092
v -0.118487 -0.046420 -0.047067
v -0.118487 0.046422 -0.047067
v -0.118353 0.048249 0.041151
v -0.118380 -0.048215 -0.041244
v -0.118446 0.048099 -0.041653
v -0.118453 -0.047877 0.042561
v -0.118335 0.046378 0.047225
v -0.118312 -0.046400 0.047153
v -0.118299 0.046402 -0.047128
v -0.118245 -0.048329 0.040867
v -0.118192 -0.046403 -0.047072
v -0.118197 -0.047966 -0.041860
v -0.117889 0.048242 0.040561
v -0.118035 -0.048478 -0.040311
v -0.118015 0.048494 0.040287
v -0.117986 0.048511 0.040226
v -0.117978 -0.048512 -0.040189
v -0.115901 -0.045677 0.040888
v -0.117228 -0.048162 -0.039504
v -0.114063 0.047188 0.038691
v -0.114586 0.047417 -0.039291
v -0.116148 0.049096 -0.038034
v -0.115362 0.049224 -0.037812
v -0.115230 0.046402 -0.042999
v -0.116456 -0.048926 0.038413
v -0.113329 -0.044685 -0.042272
v -0.111393 -0.046387 0.045205
v -0.112018 -0.046644 0.037957
v -0.115653 0.044698 -0.042278
v -0.114293 0.049299 -0.037252
v -0.114620 0.046314 0.045070
v -0.110929 -0.044684 0.044002
v -0.113339 -0.049347 0.037082
v -0.113028 -0.049350 0.037072
v -0.110657 0.046171 -0.043837
v -0.111764 0.044702 0.040528
v -0.112991 0.049251 -0.037219
v -0.108618 0.048310 -0.039413
v -0.112908 0.044697 0.043034
v -0.113822 -0.046336 -0.038433
v -0.108195 0.032000 -0.050000
v -0.108195 0.032000 -0.049800
v -0.104088 0.032215 0.049513
v -0.108195 0.032000 0.050000
v -0.108195 0.032200 -0.050000
v -0.108195 0.032200 0.050000
v -0.108195 0.035025 -0.050000
v -0.106340 0.038094 0.049999
v -0.108874 0.048742 0.038420
v -0.108780 -0.047366 -0.042308
v -0.107979 0.000000 -0.050558
v -0.107617 0.046584 0.046559
v -0.108372 -0.048856 0.039379
v -0.107238 0.032000 0.049970
v -0.107238 0.032043 -0.049969
v -0.107032 -0.023868 -0.050241
v -0.107018 0.000022 -0.050528
v -0.107018 0.000022 0.050528
v -0.103521 0.033661 -0.049378
v -0.106533 0.000034 -0.050489
v -0.106533 0.000034 0.050489
v -0.106450 -0.023886 -0.050230
v -0.106300 -0.023918 0.050225
v -0.106213 0.032000 -0.049869
v -0.106213 0.032000 0.049869
v -0.105993 0.000046 -0.050426
v -0.105993 0.000046 0.050426
v -0.102520 -0.026626 0.050071
v -0.105641 -0.023998 -0.050179
v -0.105583 -0.023923 0.050171
v -0.105497 0.000058 -0.050352
v -0.105497 0.000058 0.050352
v -0.105198 0.032064 0.049697
v -0.105197 0.032000 -0.049698
v -0.104978 0.000070 -0.050255
v -0.104978 0.000070 0.050255
v -0.104926 -0.023925 -0.050092
v -0.104806 -0.045910 0.048608
v -0.104806 -0.045863 0.048732
v -0.104806 -0.045769 0.048926
v -0.104806 -0.045726 0.049000
v -0.104806 -0.045575 0.049216
v -0.104806 -0.045437 0.049370
v -0.104806 -0.045321 0.049477
v -0.104806 -0.045196 0.049576
v -0.104806 -0.045057 0.049669
v -0.104806 -0.044925 0.049742
v -0.104806 -0.044738 0.049826
v -0.104806 -0.044634 0.049862
v -0.104806 -0.044336 0.049934
v -0.104806 -0.044071 0.049959
v -0.104806 0.044072 0.049959
v -0.104806 0.044636 0.049863
v -0.104806 0.044739 0.049826
v -0.104806 0.044926 0.049743
v -0.104806 0.045059 0.049669
v -0.104806 0.045198 0.049576
v -0.104806 0.045329 0.049472
v -0.104806 0.045439 0.049369
v -0.104806 0.045576 0.049216
v -0.104806 0.045728 0.049000
v -0.104806 0.045771 0.048926
v -0.104806 0.045865 0.048732
v -0.104806 0.045912 0.048608
v -0.104805 0.044371 0.049931
v -0.104802 -0.045910 -0.048581
v -0.104802 -0.045863 -0.048705
v -0.104802 -0.045769 -0.048900
v -0.104802 -0.045726 -0.048974
v -0.104802 -0.045575 -0.049189
v -0.104802 -0.045437 -0.049343
v -0.104802 -0.045327 -0.049446
v -0.104802 -0.045196 -0.049550
v -0.104802 -0.045057 -0.049642
v -0.104802 -0.044925 -0.049716
v -0.104802 -0.044738 -0.049799
v -0.104802 -0.044634 -0.049836
v -0.104802 -0.044403 -0.049896
v -0.104802 -0.044336 -0.049908
v -0.104802 -0.044071 -0.049933
v -0.104802 0.044072 -0.049933
v -0.104802 0.044338 -0.049908
v -0.104802 0.044404 -0.049896
v -0.104802 0.044636 -0.049836
v -0.104802 0.044739 -0.049799
v -0.104802 0.044926 -0.049716
v -0.104802 0.045059 -0.049642
v -0.104802 0.045329 -0.049446
v -0.104802 0.045439 -0.049342
v -0.104802 0.045576 -0.049189
v -0.104802 0.045728 -0.048974
v -0.104802 0.045771 -0.048900
v -0.104802 0.045865 -0.048705
v -0.104802 0.045912 -0.048581
v -0.104801 -0.044403 0.049922
v -0.104797 -0.024181 0.050076
v -0.104790 0.045198 -0.049550
v -0.104474 0.000081 -0.050143
v -0.104474 0.000081 0.050143
v -0.104443 -0.023948 -0.050016
v -0.104196 0.032000 -0.049457
v -0.104196 0.032000 0.049457
v -0.104073 -0.023949 0.049946
v -0.104052 -0.025087 -0.050007
v -0.103977 0.000092 -0.050014
v -0.103977 0.000092 0.050014
v -0.103467 0.000104 -0.049863
v -0.103467 0.000104 0.049863
v -0.103395 -0.024068 -0.049793
v -0.103323 -0.023970 0.049778
v -0.103215 0.032062 -0.049148
v -0.103214 0.032000 0.049149
v -0.102995 0.000115 -0.049706
v -0.102995 0.000115 0.049706
v -0.102870 -0.024030 -0.049653
v -0.102563 -0.045877 0.048708
v -0.102546 -0.023993 0.049556
v -0.102482 0.000126 -0.049514
v -0.102482 0.000126 0.049514
v -0.102410 -0.044837 -0.049762
v -0.102307 -0.024328 -0.049476
v -0.102301 0.045794 -0.048916
v -0.102255 0.032000 -0.048774
v -0.102255 0.032000 0.048774
v -0.102162 -0.045346 0.049507
v -0.099827 0.044273 0.049911
v -0.102036 0.000136 -0.049330
v -0.102036 0.000136 0.049330
v -0.102010 -0.024008 0.049377
v -0.101916 -0.024011 -0.049343
v -0.101824 0.044434 -0.049900
v -0.101744 -0.044252 -0.049901
v -0.103373 0.045716 0.049049
v -0.101524 0.000148 -0.049098
v -0.101524 0.000148 0.049098
v -0.101456 -0.024038 -0.049168
v -0.101427 -0.045575 -0.049191
v -0.101324 0.032000 -0.048334
v -0.101324 0.032000 0.048334
v -0.101130 -0.024037 0.049034
v -0.101105 0.000157 -0.048890
v -0.101105 0.000157 0.048890
v -0.101033 0.032000 0.048068
v -0.101012 -0.024036 -0.048983
v -0.100605 -0.024051 0.048798
v -0.100597 0.000168 -0.048615
v -0.100597 0.000168 0.048615
v -0.100532 -0.024052 -0.048763
v -0.100490 -0.045900 -0.048613
v -0.100425 0.032000 -0.047831
v -0.100425 0.032000 0.047831
v -0.099930 0.033041 -0.047594
v -0.100296 -0.024060 0.048646
v -0.100223 0.044994 0.049683
v -0.100207 0.000177 -0.048387
v -0.100207 0.000177 0.048387
v -0.099729 -0.024088 -0.048355
v -0.099706 0.000188 -0.048070
v -0.099706 0.000188 0.048070
v -0.099681 -0.024079 0.048321
v -0.099564 0.032000 -0.047268
v -0.099564 0.032000 0.047268
v -0.099345 0.000196 -0.047823
v -0.099345 0.000196 0.047823
v -0.099255 -0.024092 0.048074
v -0.098954 0.044558 0.049864
v -0.099666 -0.025292 -0.048401
v -0.098855 0.000207 -0.047463
v -0.098855 0.000207 0.047463
v -0.099850 0.032185 0.047492
v -0.098796 0.032215 -0.046679
v -0.098744 -0.024119 0.047751
v -0.098742 0.032000 0.046647
v -0.098742 0.032041 -0.046646
v -0.098689 -0.024121 -0.047715
v -0.098524 0.000214 -0.047202
v -0.098524 0.000214 0.047202
v -0.098378 -0.024121 -0.047500
v -0.095657 -0.032411 -0.049571
v -0.098101 0.032000 -0.045824
v -0.098101 0.032000 0.045824
v -0.098093 0.032910 0.046169
v -0.097966 0.032000 -0.045971
v -0.097966 0.032000 0.045971
v -0.097911 -0.024136 0.047159
v -0.097834 -0.024564 -0.047108
v -0.097747 0.000231 -0.046525
v -0.097747 0.000231 0.046526
v -0.098968 -0.045224 0.049788
v -0.097814 -0.028189 -0.048182
v -0.097314 -0.024133 0.046681
v -0.097273 -0.024192 -0.046647
v -0.096774 -0.024174 -0.046200
v -0.096774 -0.024174 0.046200
v -0.096772 -0.024253 -0.046201
v -0.096766 -0.024480 -0.046207
v -0.096766 -0.024480 0.046207
v -0.096738 -0.025023 0.046237
v -0.096732 -0.025110 -0.046244
v -0.098362 -0.025465 0.047656
v -0.096687 -0.025552 -0.046282
v -0.096661 -0.025828 0.046321
v -0.096645 -0.025985 -0.046349
v -0.096630 -0.026048 0.046354
v -0.096582 -0.026358 -0.046405
v -0.096582 -0.026358 0.046405
v -0.096521 -0.026703 0.046471
v -0.096502 -0.026812 -0.046494
v -0.096398 -0.027274 0.046602
v -0.096398 -0.027273 -0.046601
v -0.096328 -0.027556 0.046677
v -0.096314 -0.027607 -0.046690
v -0.096243 -0.027869 0.046768
v -0.096155 -0.028162 0.046862
v -0.096084 -0.028381 0.046937
v -0.096078 -0.028409 -0.046949
v -0.096600 -0.044998 -0.049646
v -0.097212 -0.028535 0.047968
v -0.095945 -0.028774 -0.047084
v -0.095833 -0.029071 0.047208
v -0.095781 -0.029201 -0.047266
v -0.095624 -0.029558 -0.047432
v -0.095624 -0.029558 0.047432
v -0.095500 -0.029820 0.047565
v -0.095484 -0.029853 -0.047582
v -0.095248 0.033958 -0.045047
v -0.095253 -0.030297 -0.047831
v -0.095222 -0.030342 0.047850
v -0.093607 0.044358 0.049667
v -0.097914 -0.034129 -0.050077
v -0.095006 0.032211 -0.043226
v -0.095005 0.032211 0.043225
v -0.094986 0.032399 -0.043247
v -0.094977 0.032470 0.043257
v -0.094957 0.032567 -0.043277
v -0.094915 0.032747 -0.043324
v -0.094903 0.032806 0.043344
v -0.094847 0.032958 -0.043397
v -0.094825 -0.030556 -0.047729
v -0.094800 0.033073 0.043446
v -0.094768 0.033184 -0.043517
v -0.101904 0.035986 -0.049676
v -0.094739 0.033203 0.043512
v -0.094676 -0.030641 0.047693
v -0.094650 0.033360 0.043608
v -0.094649 0.033360 -0.043608
v -0.094560 0.033488 0.043704
v -0.094536 0.033513 -0.043722
v -0.094466 0.033602 0.043805
v -0.094445 0.033611 -0.043799
v -0.096143 0.044849 -0.049737
v -0.094358 -0.030818 -0.047617
v -0.094348 0.033717 0.043931
v -0.094256 0.033791 0.044030
v -0.094253 0.033797 -0.044025
v -0.094173 -0.030917 0.047571
v -0.094115 0.033880 0.044181
v -0.094026 0.033922 0.044277
v -0.093874 0.033973 0.044440
v -0.093788 0.033990 0.044532
v -0.093764 -0.031126 -0.047472
v -0.093760 0.033992 -0.044562
v -0.093695 -0.031159 0.047454
v -0.093649 0.034000 -0.044681
v -0.093649 0.034000 0.044681
v -0.092924 -0.031519 0.047263
v -0.093022 -0.031472 -0.047282
v -0.092953 -0.046000 -0.048321
v -0.092398 -0.031739 -0.047131
v -0.092219 -0.031811 -0.047086
v -0.091986 -0.031902 0.047027
v -0.091709 -0.032047 -0.047030
v -0.091169 -0.032202 0.046821
v -0.091020 -0.032250 -0.046780
v -0.091313 -0.032913 0.048114
v -0.090598 -0.032389 0.046671
v -0.090540 -0.032407 -0.046655
v -0.089912 -0.032598 0.046491
v -0.089725 -0.032652 -0.046442
v -0.089579 -0.032692 0.046403
v -0.089524 -0.032708 -0.046388
v -0.089455 -0.032905 -0.046727
v -0.088508 -0.033075 0.046418
v -0.087947 -0.033097 -0.045964
v -0.083508 -0.045529 -0.048644
v -0.092097 -0.034484 0.049453
v -0.087136 -0.033260 0.045724
v -0.087033 -0.033284 -0.045707
v -0.086362 0.046319 -0.047374
v -0.085174 0.047760 -0.042822
v -0.086223 -0.033431 0.045485
v -0.086089 -0.033454 -0.045445
v -0.085956 -0.046929 0.045767
v -0.085612 -0.049355 0.037052
v -0.085571 -0.049557 0.036251
v -0.084938 0.049602 -0.036036
v -0.085523 -0.049355 -0.037024
v -0.085520 0.049375 0.036981
v -0.085517 0.049392 0.036913
v -0.085516 -0.049397 -0.036861
v -0.085458 -0.050158 0.033745
v -0.085436 -0.050277 0.033224
v -0.085424 0.050294 -0.033130
v -0.085070 0.049954 0.034619
v -0.085394 -0.050164 -0.033693
v -0.085392 0.050180 0.033655
v -0.095946 0.034004 0.045555
v -0.085347 0.050480 0.032327
v -0.085341 0.050789 -0.030865
v -0.085340 -0.050522 -0.032099
v -0.085334 -0.050885 0.030422
v -0.085326 -0.050940 0.030156
v -0.085315 0.050953 -0.030075
v -0.085001 0.050766 0.030963
v -0.085297 -0.033574 -0.045222
v -0.085292 -0.050864 -0.030499
v -0.084773 -0.050874 -0.030428
v -0.085287 0.050910 0.030311
v -0.085254 0.051152 0.029111
v -0.085249 -0.051188 -0.028894
v -0.085242 0.051455 -0.027508
v -0.085239 -0.051532 0.027112
v -0.085227 0.051564 -0.026917
v -0.085051 0.051407 0.027787
v -0.085209 -0.051495 -0.027284
v -0.085205 -0.051792 0.025658
v -0.085204 -0.051537 -0.027055
v -0.085204 -0.033590 0.045205
v -0.085202 0.051563 0.026951
v -0.085179 0.051756 0.025873
v -0.085176 -0.051779 -0.025705
v -0.085174 -0.052046 0.024144
v -0.085166 -0.052113 0.023730
v -0.085166 0.052045 -0.024136
v -0.085161 0.052086 -0.023881
v -0.084887 0.051825 0.025479
v -0.085149 -0.052018 -0.024288
v -0.085146 -0.052288 0.022614
v -0.085138 -0.052113 -0.023702
v -0.085136 0.052139 0.023578
v -0.083701 0.052395 0.021750
v -0.085122 -0.052514 0.021072
v -0.085121 -0.052280 -0.022638
v -0.085112 -0.052613 0.020364
v -0.085109 0.052554 -0.020772
v -0.085101 -0.052726 0.019518
v -0.085097 -0.052523 -0.020982
v -0.085096 0.052684 -0.019821
v -0.085089 0.052765 -0.019205
v -0.085088 -0.052874 0.018362
v -0.085087 0.052638 0.020192
v -0.085083 -0.052923 0.017956
v -0.085079 0.052726 0.019536
v -0.085076 -0.052748 -0.019322
v -0.085073 -0.053036 0.016989
v -0.084625 0.052886 -0.018180
v -0.085068 0.052992 -0.017357
v -0.085067 -0.053104 0.016386
v -0.085061 0.052935 0.017872
v -0.085058 -0.052955 -0.017661
v -0.085056 0.053139 -0.016050
v -0.085052 -0.053036 -0.016961
v -0.085051 0.053060 0.016795
v -0.085046 -0.053360 0.013855
v -0.085046 0.053125 0.016206
v -0.085044 -0.053143 -0.015997
v -0.085043 0.053298 -0.014501
v -0.085036 -0.053491 0.012363
v -0.085034 0.053297 0.014539
v -0.085033 0.053437 -0.012989
v -0.085032 -0.053309 -0.014368
v -0.085031 -0.053549 0.011639
v -0.085028 0.053214 0.015364
v -0.085027 -0.053383 -0.013577
v -0.085027 0.053404 0.013390
v -0.085025 0.053433 0.013060
v -0.085025 0.053563 -0.011450
v -0.085023 -0.053664 0.010047
v -0.085023 -0.053458 -0.012725
v -0.085021 -0.053266 0.014831
v -0.085018 0.053674 -0.009898
v -0.085017 0.053566 0.011438
v -0.085016 -0.053762 0.008451
v -0.085016 -0.053582 -0.011181
v -0.085015 -0.053414 0.013256
v -0.085012 -0.053653 -0.010185
v -0.085012 0.053769 -0.008337
v -0.085011 0.053687 0.009722
v -0.085010 -0.053844 0.006851
v -0.085010 -0.053689 -0.009634
v -0.085009 0.053832 -0.007126
v -0.085007 0.053782 0.008128
v -0.085006 -0.053781 -0.008085
v -0.085006 0.053848 -0.006775
v -0.085005 -0.053909 0.005249
v -0.085004 -0.053846 -0.006788
v -0.085004 0.053859 0.006560
v -0.085004 0.053911 -0.005192
v -0.085003 -0.053864 -0.006360
v -0.085003 0.053914 0.005143
v -0.085002 -0.053961 0.003416
v -0.085002 -0.053928 -0.004638
v -0.085002 0.053955 -0.003705
v -0.085001 -0.053994 -0.001269
v -0.085001 -0.053990 -0.001749
v -0.085001 -0.053973 -0.002849
v -0.085001 -0.053968 -0.003085
v -0.085001 -0.053961 -0.003389
v -0.085001 0.053669 0.009992
v -0.085001 0.053853 0.006693
v -0.085001 0.053958 0.003618
v -0.085001 0.053963 0.003418
v -0.085001 0.053969 0.003139
v -0.085001 0.053974 0.002877
v -0.085001 0.053991 0.001777
v -0.085001 0.053996 0.001297
v -0.085000 -0.054000 -0.000211
v -0.085000 -0.054000 0.000014
v -0.085000 -0.054000 0.000370
v -0.085000 -0.053994 0.001326
v -0.085000 -0.053987 0.002009
v -0.085000 -0.053956 0.003647
v -0.085000 -0.053915 -0.005040
v -0.085000 0.053904 0.005432
v -0.085000 0.053916 0.005068
v -0.085000 0.053958 -0.003617
v -0.085000 0.053988 -0.001981
v -0.085000 0.054001 -0.000340
v -0.085000 0.054001 0.000239
v -0.084999 0.053974 -0.002836
v -0.084998 -0.053972 0.002926
v -0.084998 -0.053850 -0.006688
v -0.084997 -0.053936 0.004401
v -0.084997 0.053937 -0.004374
v -0.084997 -0.053844 0.006874
v -0.084995 0.053769 0.008362
v -0.084994 -0.053767 -0.008334
v -0.084991 0.053816 -0.007447
v -0.084989 -0.053667 -0.009979
v -0.084983 -0.053548 -0.011621
v -0.084983 0.053550 0.011649
v -0.084982 0.053905 -0.005380
v -0.084975 0.053413 0.013288
v -0.084975 0.053756 -0.008571
v -0.082330 -0.053043 0.016787
v -0.084974 -0.053411 -0.013261
v -0.084959 0.053435 -0.013028
v -0.084861 -0.053655 0.010191
v -0.084965 0.053258 0.014924
v -0.083848 0.053102 -0.016203
v -0.084914 -0.053170 -0.015759
v -0.085032 -0.053106 0.016383
v -0.084606 0.052885 0.018293
v -0.084756 0.052680 -0.019805
v -0.084413 -0.052065 0.023990
v -0.084257 -0.051003 0.029698
v -0.085132 -0.049595 -0.036052
v -0.084738 -0.050557 0.031939
v -0.084607 -0.033666 -0.045023
v -0.084571 0.049697 0.035627
v -0.084651 -0.047724 -0.042953
v -0.084227 -0.033758 0.045167
v -0.083653 -0.033774 -0.044744
v -0.085246 -0.035078 -0.048328
v -0.082803 -0.033851 -0.044492
v -0.082741 -0.033854 0.044457
v -0.082166 -0.033898 -0.044300
v -0.081804 -0.033920 0.044191
v -0.081097 -0.033957 -0.043977
v -0.080891 -0.033965 0.043911
v -0.080353 -0.033988 -0.043888
v -0.079965 -0.033991 0.043623
v -0.079278 -0.033999 -0.043407
v -0.079035 -0.034000 -0.043330
v -0.079171 -0.034000 0.043393
v -0.100072 0.036059 0.049965
v -0.076605 -0.045416 0.047493
v -0.076187 0.045773 0.047200
v -0.050524 -0.050779 0.025895
v -0.084637 0.050348 -0.032860
v -0.064102 0.045078 -0.045412
v -0.085984 -0.035392 0.048929
v -0.075943 -0.034000 -0.042890
v -0.072074 0.034180 -0.043777
v -0.084929 0.045480 -0.048989
v -0.074634 0.034069 0.043575
v -0.081254 0.035832 -0.048140
v -0.070119 0.037333 -0.046808
v -0.074233 0.035770 0.046938
v -0.072550 -0.037302 -0.047304
v -0.069035 -0.034150 0.043157
v -0.069564 0.034040 0.042476
v -0.068591 0.034202 0.043054
v -0.068632 -0.036504 0.046333
v -0.067859 -0.034536 -0.044209
v -0.084960 -0.049659 0.035802
v -0.081012 0.045870 0.048424
v -0.067816 -0.053968 0.002040
v -0.067816 -0.053932 0.003521
v -0.067816 -0.053879 0.005000
v -0.047594 0.053417 0.015223
v -0.067816 0.053881 -0.004972
v -0.067816 0.053934 -0.003492
v -0.077394 0.053987 -0.001624
v -0.085001 -0.052890 -0.018206
v -0.084992 -0.052638 -0.020144
v -0.083583 -0.051755 -0.025810
v -0.084936 0.053605 -0.010874
v -0.067815 0.053722 -0.007929
v -0.067815 0.053810 -0.006451
v -0.069907 -0.049665 -0.033864
v -0.067948 0.050059 0.031877
v -0.067716 0.035536 -0.045133
v -0.067746 0.035898 0.045785
v -0.067379 -0.037184 -0.046181
v -0.069636 -0.039857 0.047024
v -0.064814 0.044299 -0.045895
v -0.066917 0.034000 -0.041284
v -0.066659 -0.034000 0.041274
v -0.066603 0.034000 0.041222
v -0.066564 -0.034000 -0.041254
v -0.066494 0.034019 -0.041639
v -0.066469 -0.034018 -0.041674
v -0.066469 -0.034018 0.041674
v -0.066466 0.034021 0.041690
v -0.066413 0.034309 -0.042953
v -0.066399 0.034069 -0.042030
v -0.066390 -0.034070 -0.042075
v -0.066390 -0.034069 0.042073
v -0.066327 0.034145 0.042387
v -0.066323 0.034158 -0.042445
v -0.066310 0.034167 0.042470
v -0.066291 -0.034184 0.042581
v -0.066287 -0.034188 -0.042582
v -0.066223 0.034307 0.042909
v -0.066218 -0.034301 -0.042929
v -0.066218 -0.034301 0.042929
v -0.066150 -0.034447 -0.043282
v -0.066150 0.034462 0.043271
v -0.066149 -0.034446 0.043275
v -0.066147 0.034467 -0.043282
v -0.066084 0.034630 0.043599
v -0.066080 0.034645 -0.043626
v -0.066057 -0.034689 -0.043739
v -0.066056 -0.034692 0.043740
v -0.066028 0.034889 0.044010
v -0.066024 0.034894 -0.044017
v -0.065990 -0.034907 -0.044069
v -0.065990 -0.034907 0.044069
v -0.065933 -0.035140 -0.044372
v -0.065932 -0.035140 0.044372
v -0.065926 0.035191 0.044393
v -0.065923 0.035202 -0.044406
v -0.065906 0.032000 -0.015802
v -0.065906 0.032000 0.015802
v -0.065867 0.035462 0.044677
v -0.065857 -0.035480 -0.044734
v -0.065857 -0.035480 0.044734
v -0.065816 0.035749 -0.044941
v -0.065813 0.035767 0.044953
v -0.065801 -0.035795 -0.045015
v -0.065801 -0.035795 0.045015
v -0.065775 -0.035963 -0.045147
v -0.065775 -0.035963 0.045147
v -0.065769 0.032000 -0.015947
v -0.065769 0.032000 0.015948
v -0.065763 0.032211 0.015956
v -0.065758 0.036132 0.045231
v -0.065756 0.036146 -0.045240
v -0.065749 -0.036143 -0.045276
v -0.065749 -0.036143 0.045276
v -0.065734 0.032459 -0.015987
v -0.065712 0.036502 -0.045460
v -0.065711 0.036510 0.045466
v -0.065704 -0.036500 -0.045498
v -0.065704 -0.036499 0.045498
v -0.065680 0.032738 -0.016055
v -0.065676 0.032732 0.016048
v -0.065675 0.036851 -0.045642
v -0.065675 0.036859 0.045644
v -0.065663 -0.036902 -0.045702
v -0.065663 -0.036902 0.045703
v -0.065643 0.037243 0.045804
v -0.065642 0.037260 -0.045810
v -0.065634 0.038976 0.046127
v -0.065632 -0.037274 0.045854
v -0.065631 -0.037308 -0.045865
v -0.065614 0.037717 0.045955
v -0.065612 0.037753 -0.045963
v -0.065609 -0.037687 -0.045985
v -0.065608 -0.037690 0.045985
v -0.065604 0.032957 0.016126
v -0.065597 0.038096 0.046035
v -0.065595 0.038137 -0.046043
v -0.065586 -0.038201 -0.046094
v -0.065586 0.038474 0.046091
v -0.073734 -0.043410 -0.047729
v -0.065516 0.033163 0.016219
v -0.065490 0.033218 -0.016253
v -0.065466 0.032987 -0.016018
v -0.065462 0.032000 -0.015653
v -0.065462 0.032000 0.015653
v -0.065408 0.033369 0.016350
v -0.065385 0.033393 -0.016361
v -0.065240 0.033585 0.016517
v -0.065237 0.033587 -0.016519
v -0.065103 0.033720 0.016664
v -0.065013 0.033791 0.016760
v -0.064975 0.033814 -0.016778
v -0.064940 0.033841 0.016838
v -0.064789 -0.024174 -0.016374
v -0.064789 -0.024174 0.016374
v -0.064788 -0.024253 -0.016375
v -0.064776 -0.024626 -0.016387
v -0.064776 -0.024626 0.016387
v -0.064769 0.033929 -0.017019
v -0.064767 0.033929 0.017024
v -0.064749 -0.025135 0.016419
v -0.064747 0.032000 -0.014896
v -0.064747 0.032000 0.014896
v -0.064739 -0.025198 -0.016422
v -0.064670 -0.025868 0.016501
v -0.064664 -0.025908 -0.016507
v -0.064610 -0.024176 -0.016204
v -0.064588 0.033982 0.017215
v -0.064579 -0.026467 -0.016599
v -0.064579 -0.026467 0.016599
v -0.064533 -0.026719 0.016648
v -0.064518 -0.026793 -0.016664
v -0.064471 -0.024175 0.016070
v -0.064461 -0.027068 -0.016725
v -0.064461 -0.027068 0.016725
v -0.064406 0.034000 -0.017411
v -0.064406 0.034000 0.017411
v -0.064348 -0.027540 0.016846
v -0.064324 -0.027633 -0.016872
v -0.064318 0.032000 -0.014144
v -0.064317 -0.027658 0.016880
v -0.063208 0.032666 0.013428
v -0.064179 -0.024178 0.015772
v -0.064149 -0.024179 -0.015740
v -0.064134 -0.028280 0.017075
v -0.064086 0.032000 -0.014092
v -0.064086 0.032000 0.014092
v -0.063987 0.033999 -0.016775
v -0.063976 0.032000 0.013741
v -0.063955 -0.027239 0.016277
v -0.063954 -0.028798 -0.017269
v -0.063954 -0.028797 0.017269
v -0.063838 -0.029096 0.017394
v -0.063826 -0.024181 0.015389
v -0.063820 0.034000 0.016837
v -0.063816 -0.029149 -0.017417
v -0.063766 -0.024181 -0.015323
v -0.063562 -0.025446 0.015205
v -0.063735 -0.029342 -0.017504
v -0.063735 -0.029342 0.017504
v -0.063996 0.032167 -0.014070
v -0.063636 -0.024182 -0.015173
v -0.063617 -0.029606 -0.017630
v -0.063509 -0.029835 0.017746
v -0.063493 -0.029866 -0.017763
v -0.063486 -0.024183 0.014995
v -0.063483 0.032000 -0.013244
v -0.063483 0.032000 0.013244
v -0.063363 -0.030120 -0.017902
v -0.063363 -0.030120 0.017902
v -0.063275 -0.024182 0.014735
v -0.063190 -0.030434 0.018088
v -0.063311 -0.024212 -0.014784
v -0.063129 -0.030540 -0.018153
v -0.063106 -0.024185 0.014519
v -0.062984 -0.024185 -0.014357
v -0.062030 0.032642 -0.010758
v -0.062941 -0.030846 -0.018355
v -0.062941 -0.030846 0.018355
v -0.062940 0.032000 -0.012356
v -0.062940 0.032000 0.012356
v -0.062715 -0.023971 0.013979
v -0.062698 -0.024938 -0.014120
v -0.062727 -0.031165 -0.018584
v -0.062717 -0.031179 0.018595
v -0.062534 -0.031431 -0.018793
v -0.062525 -0.031443 0.018802
v -0.062460 0.032000 -0.011433
v -0.062460 0.032000 0.011433
v -0.062421 -0.024190 -0.013550
v -0.062336 -0.031677 0.018994
v -0.062333 -0.031687 -0.019008
v -0.061434 -0.025077 -0.011899
v -0.062239 -0.024188 0.013258
v -0.062191 -0.031854 -0.019159
v -0.062045 0.032000 -0.010478
v -0.062045 0.032000 0.010478
v -0.062018 -0.032048 -0.019345
v -0.062018 -0.032048 0.019345
v -0.061976 -0.024189 -0.012813
v -0.061842 -0.032232 0.019534
v -0.061937 -0.028118 -0.014625
v -0.061826 -0.032248 -0.019550
v -0.061753 -0.024190 0.012406
v -0.061927 -0.026135 0.013116
v -0.061579 0.032007 0.008745
v -0.061697 0.032000 -0.009497
v -0.061697 0.032000 0.009497
v -0.061665 -0.024190 -0.012236
v -0.061624 -0.032444 0.019767
v -0.061499 -0.024190 0.011900
v -0.061472 -0.032580 -0.019930
v -0.060229 -0.031005 -0.015553
v -0.061418 0.032000 -0.008495
v -0.061418 0.032000 0.008495
v -0.058704 0.034124 0.003120
v -0.061324 -0.032707 -0.020089
v -0.061313 -0.032716 0.020101
v -0.061275 -0.024196 0.011413
v -0.061209 0.032000 -0.007475
v -0.061209 0.032000 0.007475
v -0.061201 0.032000 -0.006197
v -0.061200 0.032000 0.005407
v -0.061199 -0.024190 -0.011236
v -0.060819 -0.030503 0.015354
v -0.061090 -0.032892 0.020341
v -0.061072 0.032000 -0.006443
v -0.061072 0.032000 0.006443
v -0.061067 -0.024189 0.010916
v -0.061006 0.032000 -0.005405
v -0.061006 0.032000 0.005405
v -0.061000 0.032000 -0.004979
v -0.061000 0.032000 0.004979
v -0.062811 0.033911 -0.014623
v -0.060912 -0.024190 0.010504
v -0.060886 -0.033038 0.020554
v -0.060948 -0.024189 -0.010606
v -0.060188 0.033747 -0.000010
v -0.060774 -0.033119 -0.020680
v -0.060691 -0.024173 0.009848
v -0.060716 -0.024189 -0.009924
v -0.060608 -0.024189 -0.009565
v -0.063774 0.033898 0.015603
v -0.060539 -0.024236 0.009321
v -0.060492 -0.033291 -0.020982
v -0.060448 -0.024188 0.008967
v -0.060303 -0.026888 -0.009382
v -0.060357 -0.024187 0.008568
v -0.060287 -0.024186 -0.008226
v -0.060283 -0.033407 0.021204
v -0.060272 -0.033413 -0.021217
v -0.060236 -0.024185 0.007947
v -0.060217 -0.024184 -0.007838
v -0.060170 -0.024183 -0.007526
v -0.060153 -0.024183 0.007412
v -0.060100 -0.024181 0.006963
v -0.060078 -0.033510 0.021425
v -0.060057 -0.024182 0.006479
v -0.060036 -0.024178 -0.006114
v -0.060030 -0.024177 -0.005973
v -0.059800 -0.026476 0.005966
v -0.060019 -0.024174 -0.005405
v -0.060019 -0.024174 0.005405
v -0.058898 -0.033041 -0.018416
v -0.059867 -0.033605 -0.021652
v -0.059712 -0.033673 -0.021839
v -0.059613 -0.033708 0.021920
v -0.055451 0.045252 0.043733
v -0.059312 -0.033808 -0.022264
v -0.059188 -0.033837 0.022362
v -0.071339 0.042293 0.047271
v -0.059839 -0.026374 -0.006493
v -0.066788 -0.047326 0.040303
v -0.061353 -0.053168 0.013648
v -0.035855 0.049025 -0.030250
v -0.084391 0.051291 -0.028233
v -0.084116 0.052246 -0.022737
v -0.058897 -0.033906 0.022692
v -0.058835 -0.033920 -0.022760
v -0.080123 -0.044980 0.048543
v -0.058557 -0.033963 0.023050
v -0.058556 -0.033963 -0.023058
v -0.059196 -0.029079 0.008751
v -0.058129 -0.033997 -0.023516
v -0.058129 -0.033997 0.023516
v -0.057970 -0.034000 0.023686
v -0.055914 -0.033999 -0.021682
v -0.055327 -0.033974 -0.019194
v -0.056540 -0.033457 0.017277
v -0.054807 -0.034000 0.020157
v -0.054679 -0.033364 -0.005014
v -0.054660 -0.052695 0.016655
v -0.049827 -0.048571 0.033515
v -0.057874 0.048115 -0.036258
v -0.049489 -0.046804 0.038434
v -0.050211 -0.053974 0.001349
v -0.049082 -0.053733 0.007332
v -0.039839 -0.051916 0.019533
v -0.036641 -0.051100 0.023171
v -0.050211 0.053265 0.012887
v -0.049207 0.053639 0.009456
v -0.050211 0.053915 0.004373
v -0.050211 0.053958 0.002950
v -0.050211 0.053982 0.001527
v -0.050210 -0.053987 -0.000074
v -0.050210 -0.053981 -0.001497
v -0.049906 -0.053799 -0.007263
v -0.037457 -0.052202 -0.018754
v -0.045036 0.052391 -0.017885
v -0.050210 0.053975 -0.001319
v -0.050210 0.053988 0.000104
v -0.062220 -0.045564 -0.044680
v -0.016844 -0.051083 -0.021481
v -0.049251 0.053941 -0.002842
v -0.047442 -0.044952 0.042239
v -0.046126 -0.054273 0.015502
v -0.022299 -0.044480 -0.037658
v -0.048875 -0.054072 0.000590
v -0.048787 0.054159 -0.000648
v -0.045944 0.054004 -0.015114
v -0.049094 0.053778 -0.009230
v -0.047458 -0.055000 -0.000160
v -0.047458 0.055001 0.000190
v -0.047481 -0.054959 -0.007866
v -0.047420 0.055002 0.004081
v -0.047398 -0.055000 0.004404
v -0.047398 0.055002 -0.004374
v -0.047309 0.055003 0.008115
v -0.047308 -0.055001 -0.008084
v -0.047187 -0.055000 -0.010767
v -0.041116 0.055001 0.017835
v -0.044321 -0.055008 -0.015734
v -0.045808 -0.053069 -0.017344
v -0.015251 0.036462 -0.036234
v -0.041641 0.045002 0.009837
v -0.041641 0.055002 0.009837
v -0.041640 -0.055000 -0.009806
v -0.041640 -0.045000 -0.009806
v -0.041564 0.045002 0.009489
v -0.041564 0.055002 0.009489
v -0.041563 -0.055000 -0.009458
v -0.041563 -0.045000 -0.009458
v -0.041808 0.055002 -0.010112
v -0.041720 -0.055000 0.009773
v -0.041414 -0.055000 0.010866
v -0.041414 -0.045000 0.010866
v -0.041414 0.045002 0.009165
v -0.041414 0.055002 0.009165
v -0.041413 -0.055000 -0.009134
v -0.041413 -0.045000 -0.009134
v -0.022175 0.047652 0.029254
v -0.025991 0.049522 0.027879
v -0.084267 0.052014 -0.024231
v -0.046453 -0.048127 -0.035046
v -0.039816 0.052313 -0.018348
v -0.041556 -0.055000 -0.010691
v -0.041198 -0.055000 -0.008850
v -0.041198 -0.055000 0.008881
v -0.041198 -0.055000 0.011150
v -0.041198 -0.045000 -0.008850
v -0.041248 -0.044304 0.009720
v -0.041198 -0.045000 0.011150
v -0.041342 0.044241 -0.010323
v -0.041198 0.045002 -0.008850
v -0.041198 0.045002 0.008881
v -0.041198 0.055002 -0.008850
v -0.041198 0.055002 0.008881
v -0.040926 -0.055000 -0.011350
v -0.040926 -0.055000 -0.008619
v -0.040926 -0.055000 0.008650
v -0.040926 -0.055000 0.011381
v -0.041319 -0.044339 -0.010179
v -0.040926 -0.045000 -0.008619
v -0.040926 -0.045000 0.008650
v -0.040926 -0.045000 0.011381
v -0.040926 0.045002 -0.008619
v -0.040926 0.045002 0.008650
v -0.041123 0.044556 0.011156
v -0.040926 0.055002 -0.011350
v -0.040926 0.055002 -0.008619
v -0.040926 0.055002 0.008650
v -0.040922 0.044781 -0.011352
v -0.040611 -0.055000 0.008483
v -0.040611 -0.055000 0.011548
v -0.040611 -0.045000 0.008483
v -0.040611 -0.045000 0.011548
v -0.040611 0.045002 0.008483
v -0.040611 0.055002 0.008483
v -0.041404 0.055002 0.011092
v -0.040610 -0.055000 -0.011517
v -0.040610 -0.055000 -0.008452
v -0.040610 -0.045000 -0.011517
v -0.040610 -0.045000 -0.008452
v -0.040610 0.045002 -0.011517
v -0.040610 0.045002 -0.008452
v -0.040610 0.055002 -0.011517
v -0.040610 0.055002 -0.008452
v -0.040267 -0.055000 -0.011613
v -0.040267 -0.055000 -0.008356
v -0.040267 -0.055000 0.008387
v -0.040267 -0.055000 0.011644
v -0.040267 -0.045000 -0.011613
v -0.040267 -0.045000 -0.008356
v -0.040267 -0.045000 0.008387
v -0.040267 -0.045000 0.011644
v -0.040267 0.045002 -0.011613
v -0.040267 0.045002 -0.008356
v -0.040267 0.045002 0.008387
v -0.040267 0.055002 -0.011613
v -0.040267 0.055002 -0.008356
v -0.040267 0.055002 0.008387
v -0.040267 0.055002 0.011644
v -0.039911 -0.055000 0.008368
v -0.039911 -0.055000 0.011663
v -0.039911 -0.045000 0.008368
v -0.039911 -0.045000 0.011663
v -0.039911 0.045002 0.008368
v -0.039911 0.045002 0.011663
v -0.039911 0.055002 0.008368
v -0.039911 0.055002 0.011663
v -0.039910 -0.055000 -0.011632
v -0.039910 -0.055000 -0.008337
v -0.039910 -0.045000 -0.011632
v -0.039910 -0.045000 -0.008337
v -0.039910 0.045002 -0.011632
v -0.039910 0.045002 -0.008337
v -0.039910 0.055002 -0.011632
v -0.039910 0.055002 -0.008337
v -0.039559 -0.055000 0.008426
v -0.039559 -0.055000 0.011605
v -0.039559 -0.045000 0.008426
v -0.039559 -0.045000 0.011605
v -0.039559 0.045002 0.008426
v -0.039559 0.045002 0.011605
v -0.039559 0.055002 0.008426
v -0.039559 0.055002 0.011605
v -0.039558 -0.055000 -0.011574
v -0.039558 -0.055000 -0.008395
v -0.039558 -0.045000 -0.011574
v -0.039558 -0.045000 -0.008395
v -0.039558 0.045002 -0.011574
v -0.039558 0.045002 -0.008395
v -0.039558 0.055002 -0.011574
v -0.039558 0.055002 -0.008395
v -0.039228 -0.055000 0.011473
v -0.039228 -0.045000 0.011473
v -0.039228 0.045002 0.011473
v -0.039228 0.055002 0.011473
v -0.039227 -0.055000 -0.011442
v -0.039227 -0.055000 -0.008527
v -0.039227 -0.055000 0.008558
v -0.039227 -0.045000 -0.011442
v -0.039227 -0.045000 -0.008527
v -0.039227 -0.045000 0.008558
v -0.039227 0.045002 -0.011442
v -0.039227 0.045002 -0.008527
v -0.039227 0.045002 0.008558
v -0.039227 0.055002 -0.011442
v -0.039227 0.055002 -0.008527
v -0.039227 0.055002 0.008558
v -0.038932 -0.055000 -0.008727
v -0.038932 -0.055000 0.008758
v -0.038932 -0.055000 0.011273
v -0.038932 -0.045000 -0.008727
v -0.038932 -0.045000 0.008758
v -0.038932 -0.045000 0.011273
v -0.038932 0.045002 -0.008727
v -0.038932 0.045002 0.011273
v -0.038932 0.055002 -0.008727
v -0.038932 0.055002 0.008758
v -0.038932 0.055002 0.011273
v -0.038931 -0.055000 -0.011242
v -0.038931 -0.045000 -0.011242
v -0.038931 0.045002 -0.011242
v -0.038931 0.055002 -0.011242
v -0.038927 0.044765 0.008766
v -0.035791 -0.045436 -0.039757
v -0.038689 -0.044780 -0.010985
v -0.038687 -0.055000 0.009017
v -0.038687 -0.055000 0.011014
v -0.038687 -0.045000 0.009017
v -0.038687 -0.045000 0.011014
v -0.038687 0.045002 0.009017
v -0.038687 0.045002 0.011014
v -0.038687 0.055002 0.009017
v -0.038687 0.055002 0.011014
v -0.038686 -0.055000 -0.010983
v -0.038686 -0.055000 -0.008986
v -0.038686 -0.045000 -0.008986
v -0.038686 0.045002 -0.010983
v -0.038686 0.045002 -0.008986
v -0.038686 0.055002 -0.010983
v -0.038686 0.055002 -0.008986
v -0.038503 -0.055000 0.009323
v -0.038503 -0.055000 0.010708
v -0.038503 -0.045000 0.009323
v -0.038503 -0.045000 0.010708
v -0.038503 0.045002 0.009323
v -0.038503 0.045002 0.010708
v -0.038503 0.055002 0.009323
v -0.038503 0.055002 0.010708
v -0.038502 -0.055000 -0.010677
v -0.038502 -0.055000 -0.009292
v -0.038502 -0.045000 -0.010677
v -0.038502 -0.045000 -0.009292
v -0.038502 0.045002 -0.010677
v -0.038502 0.045002 -0.009292
v -0.038502 0.055002 -0.010677
v -0.038502 0.055002 -0.009292
v -0.038389 -0.055000 0.009661
v -0.038389 -0.055000 0.010370
v -0.038389 -0.045000 0.009661
v -0.038389 -0.045000 0.010370
v -0.038389 0.045002 0.009661
v -0.038389 0.045002 0.010370
v -0.038389 0.055002 0.009661
v -0.038389 0.055002 0.010370
v -0.038388 -0.055000 -0.010339
v -0.038388 -0.055000 -0.009630
v -0.038388 -0.045000 -0.010339
v -0.038388 -0.045000 -0.009630
v -0.038388 0.045002 -0.010339
v -0.038388 0.045002 -0.009630
v -0.038388 0.055002 -0.010339
v -0.038388 0.055002 -0.009630
v -0.040179 0.055001 -0.017298
v -0.038350 -0.055000 -0.009984
v -0.038350 -0.055000 0.010015
v -0.038350 -0.045000 -0.009984
v -0.038350 -0.045000 0.010015
v -0.038350 0.045002 -0.009984
v -0.038350 0.045002 0.010015
v -0.038350 0.055002 -0.009984
v -0.038350 0.055002 0.010015
v -0.035707 0.054780 0.016182
v -0.039411 -0.054939 -0.017419
v -0.033971 0.053130 -0.015819
v -0.038818 -0.053600 0.017655
v -0.037711 0.052207 0.018897
v -0.036221 0.033441 -0.010516
v -0.036072 -0.033998 0.011299
v -0.036221 -0.033223 -0.004731
v -0.035240 0.033823 0.014262
v -0.036670 -0.033920 -0.008207
v -0.031871 -0.033985 -0.020032
v -0.033592 0.055002 -0.012968
v -0.031732 0.054093 0.011433
v -0.035246 -0.031957 -0.001033
v -0.034549 0.031095 0.002472
v -0.032807 -0.031047 0.007595
v -0.032972 -0.034000 0.034621
v -0.032927 0.034000 -0.034521
v -0.032902 0.034000 0.034481
v -0.032899 -0.034000 -0.034627
v -0.032812 0.034022 -0.034943
v -0.032786 0.034037 -0.035073
v -0.032775 -0.055001 0.008861
v -0.032213 -0.054759 -0.008607
v -0.032721 0.055003 0.008515
v -0.032743 0.034067 0.035290
v -0.032730 -0.034017 -0.034905
v -0.032728 0.034081 -0.035363
v -0.032723 -0.034022 0.034968
v -0.032670 0.034145 0.035655
v -0.032658 -0.034058 -0.035262
v -0.032658 0.034161 -0.035715
v -0.032653 0.034167 0.035739
v -0.032645 -0.034069 0.035325
v -0.032616 -0.055001 -0.005479
v -0.032612 0.055003 -0.004642
v -0.052116 -0.049534 0.030632
v -0.044096 -0.051524 -0.022740
v -0.032602 -0.055001 0.004361
v -0.041270 -0.049611 -0.029721
v -0.032587 -0.034132 -0.035624
v -0.032645 -0.053281 0.014210
v -0.032564 0.034311 0.036183
v -0.032561 0.034317 -0.036200
v -0.032556 -0.034174 0.035804
v -0.032555 0.055002 -0.001554
v -0.032551 -0.055000 -0.001861
v -0.032544 0.055001 0.001609
v -0.032532 -0.034206 -0.035897
v -0.032493 0.034462 0.036539
v -0.032487 0.034476 -0.036569
v -0.032453 -0.034343 -0.036288
v -0.032451 -0.034347 0.036299
v -0.032427 0.034629 0.036868
v -0.032423 0.034643 -0.036891
v -0.032410 -0.034433 0.036501
v -0.032383 -0.034506 -0.036657
v -0.032346 0.034889 0.037273
v -0.032344 0.034897 -0.037285
v -0.032333 -0.034632 0.036893
v -0.032310 -0.034697 -0.037002
v -0.032127 -0.048758 0.030473
v -0.032272 -0.034821 0.037195
v -0.032268 0.035191 0.037661
v -0.032266 0.035200 -0.037672
v -0.032233 -0.034958 -0.037390
v -0.032209 0.035481 -0.037965
v -0.032197 -0.035100 0.037571
v -0.032181 -0.035195 -0.037688
v -0.032170 0.035684 0.038152
v -0.030950 0.053706 -0.008338
v -0.032156 0.035767 0.038222
v -0.032154 0.035783 -0.038235
v -0.032128 -0.035408 0.037916
v -0.032114 -0.035479 -0.037984
v -0.032101 0.036135 0.038500
v -0.032080 -0.035661 -0.038153
v -0.032077 -0.035681 0.038170
v -0.032057 0.036489 -0.038721
v -0.032052 0.036527 0.038745
v -0.032031 -0.035963 -0.038398
v -0.032031 -0.035963 0.038398
v -0.032018 0.036859 0.038913
v -0.031987 -0.036284 -0.038620
v -0.031986 0.037243 0.039073
v -0.031985 0.037249 -0.039075
v -0.031984 -0.036310 0.038636
v -0.031978 0.036139 -0.038479
v -0.031959 -0.036505 0.038753
v -0.031959 0.037681 -0.039211
v -0.031950 -0.036594 -0.038803
v -0.031942 0.038021 -0.039289
v -0.031940 0.038096 0.039304
v -0.031933 -0.036762 0.038888
v -0.030421 0.038146 -0.039059
v -0.031928 0.038474 0.039360
v -0.031909 -0.037020 -0.039007
v -0.031893 -0.037163 0.039065
v -0.031879 -0.037433 -0.039159
v -0.031865 -0.037675 0.039231
v -0.031861 -0.037811 -0.039268
v -0.031852 -0.037945 0.039296
v -0.031851 0.036787 -0.038846
v -0.031839 -0.038218 -0.039347
v -0.028671 -0.041097 0.038928
v -0.031830 0.037733 0.039202
v -0.041161 0.045798 0.040167
v -0.026119 0.033861 -0.027644
v -0.033044 -0.030994 -0.007356
v -0.031168 0.035598 0.037902
v -0.032716 -0.053676 -0.013765
v -0.029650 0.034544 -0.036393
v -0.030924 -0.032015 0.016392
v -0.031167 -0.054149 0.001133
v -0.034896 -0.033934 0.014472
v -0.031649 0.034425 0.036398
v -0.027206 -0.036848 0.038109
v -0.030261 -0.034478 -0.036373
v -0.059594 0.034055 -0.004745
v -0.027045 -0.031015 -0.019910
v -0.028016 0.034000 -0.030421
v -0.027815 0.034000 0.028832
v -0.027763 0.034000 -0.028640
v -0.027548 0.033975 0.030328
v -0.026585 0.033904 0.028176
v -0.024982 -0.033675 0.027187
v -0.032606 -0.031490 0.011735
v -0.027075 -0.034000 -0.031614
v -0.028477 -0.034431 0.035965
v -0.026967 -0.034000 0.031879
v -0.026940 -0.034000 -0.032103
v -0.026747 0.034003 -0.033634
v -0.026387 -0.046484 -0.035768
v -0.027052 -0.036526 -0.037941
v -0.026296 -0.034001 -0.033566
v -0.020941 0.048885 -0.025606
v -0.025357 0.046832 -0.032586
v -0.026351 0.033759 -0.031867
v -0.023921 -0.033087 0.034001
v -0.018494 0.033014 0.034945
v -0.025330 -0.033771 -0.028609
v -0.022876 0.032582 -0.033857
v -0.014045 -0.044629 0.036605
v -0.025617 0.031246 -0.023516
v -0.026443 -0.046682 0.035062
v -0.015533 -0.052372 -0.016221
v -0.034303 0.050545 -0.024940
v -0.016207 0.051544 -0.019829
v -0.025596 0.033594 0.033217
v -0.022193 -0.045513 0.032717
v -0.020497 -0.031580 0.026845
v -0.021286 0.044745 -0.030265
v -0.029548 0.044372 0.038974
v -0.023930 0.031182 0.025521
v -0.024901 0.035891 0.037410
v -0.023352 -0.033658 -0.035140
v -0.021273 -0.049305 0.024800
v -0.022011 0.044703 0.032728
v -0.027437 -0.031644 -0.021539
v -0.025382 -0.047581 -0.029406
v -0.019410 -0.045506 0.028495
v -0.020831 0.044711 0.028857
v -0.020127 -0.044712 -0.027807
v -0.022207 -0.044710 -0.032497
v -0.017747 -0.046400 -0.026553
v -0.020322 -0.046348 0.024863
v -0.018117 -0.032000 -0.032873
v -0.018601 0.046395 0.025779
v -0.016374 -0.037413 0.036723
v -0.010282 -0.032115 -0.033253
v -0.016265 -0.031100 -0.029290
v -0.015660 -0.046688 -0.033181
v -0.008892 0.043693 -0.036880
v -0.030612 0.053295 0.010952
v -0.030861 -0.053625 0.008337
v -0.030652 0.053999 -0.002949
v -0.030034 -0.054063 0.000455
v -0.020126 -0.039071 0.037432
v -0.030011 -0.053635 -0.006804
v -0.019063 0.050196 0.024963
v -0.018328 -0.031173 0.028574
v 0.004129 -0.048826 0.028224
v -0.017692 -0.048394 -0.027936
v -0.018029 0.045037 0.036871
v -0.015941 -0.032433 0.032555
v 0.002194 0.031058 -0.034677
v -0.005375 -0.030993 0.033319
v -0.004621 0.034617 -0.037388
v -0.006525 -0.031012 -0.032914
v -0.006031 0.045012 0.036019
v -0.007025 0.032152 0.034506
v -0.000296 -0.041449 -0.036198
v 0.006084 -0.053628 -0.009475
v 0.009713 -0.053527 0.006649
v 0.000000 -0.031000 0.000000
v 0.000000 0.030999 0.000000
v 0.007877 0.053933 0.005213
v -0.012475 -0.045227 -0.036296
v 0.001949 0.046337 -0.034245
v -0.004363 0.033596 -0.035337
v 0.001453 -0.031784 -0.035075
v 0.004603 0.032560 -0.035370
v 0.011368 -0.045088 0.034685
v 0.004265 -0.045894 -0.035020
v 0.013259 0.053432 -0.009790
v 0.001906 0.031373 0.033920
v -0.015023 -0.046229 0.035204
v 0.010981 -0.032000 -0.034308
v 0.003691 0.036622 -0.037422
v 0.012438 0.045458 -0.033842
v 0.006912 -0.050729 0.022447
v 0.007220 -0.051424 -0.020513
v 0.008309 -0.031480 0.032977
v 0.010687 -0.045174 -0.034590
v 0.007617 0.045989 -0.034324
v 0.007765 -0.038915 0.035502
v 0.007050 -0.032055 0.036440
v 0.018520 0.031306 0.028514
v 0.010730 -0.031419 -0.031973
v 0.007940 0.047422 0.032219
v 0.004826 0.037890 0.036603
v 0.014229 0.045543 0.032646
v 0.024998 -0.050377 -0.011253
v 0.017196 -0.045873 -0.030827
v 0.012519 0.031885 -0.033478
v 0.014089 0.046399 -0.032120
v 0.015059 0.050317 0.022046
v 0.025216 -0.045506 -0.025745
v 0.024714 -0.046014 0.025677
v 0.019066 -0.045564 -0.030591
v 0.019943 0.033645 0.031193
v 0.009922 -0.052562 0.014318
v 0.023163 -0.031189 0.025065
v 0.021012 -0.045378 0.029301
v 0.026455 -0.032168 0.023202
v 0.028700 0.032000 -0.022077
v 0.028179 -0.045178 0.022814
v 0.034452 0.046630 -0.007011
v 0.032405 0.031601 -0.013400
v 0.029454 -0.032203 -0.021208
v 0.034790 -0.043946 -0.012171
v 0.032571 -0.046515 -0.011147
v 0.031838 0.045490 0.017952
v 0.031817 0.031573 0.015787
v 0.032971 0.044412 -0.015475
v 0.030999 -0.045260 -0.017709
v 0.026177 -0.030996 -0.022723
v 0.025599 0.045828 -0.025428
v 0.032745 0.046142 0.012241
v 0.031674 -0.030998 0.011261
v 0.033153 -0.031029 -0.005571
v 0.033509 -0.032223 0.011821
v 0.036612 -0.044447 -0.002834
v 0.034669 0.031579 -0.002777
v 0.033777 -0.031468 0.000280
v 0.032734 -0.045188 0.015771
v 0.035262 -0.046042 -0.001670
v 0.033014 -0.046128 0.012887
v 0.034915 -0.045174 0.007528
v 0.035458 -0.032115 -0.005847
v 0.035900 0.045752 0.003110
v 0.037791 0.033474 -0.002570
vn 0.4643 0.8647 -0.1916
vn 0.4643 0.8647 -0.1916
vn -0.2471 0.9688 0.0167
vn -0.2471 0.9688 0.0167
vn -0.4748 0.8714 -0.1234
vn -0.1218 0.9236 0.3635
vn -0.8875 -0.1080 -0.4479
vn -0.8875 -0.1080 -0.4479
vn -0.8875 -0.1080 -0.4479
vn -0.4432 0.3774 -0.8131
vn -0.3753 0.5136 -0.7716
vn -0.4063 0.2074 -0.8899
vn -0.5479 0.4604 -0.6985
vn -0.1965 0.8866 -0.4188
vn -0.3735 0.5807 -0.7234
vn -0.1481 0.9361 -0.3189
vn -0.1627 0.9207 -0.3548
vn -0.5479 0.4604 -0.6985
vn -0.5479 0.4604 -0.6985
vn -0.1376 0.9441 -0.2995
vn -0.1481 0.9361 -0.3189
vn -0.1429 0.9412 -0.3061
vn -0.1376 0.9441 -0.2995
vn -0.5479 0.4604 -0.6985
vn -0.5479 0.4604 -0.6985
vn -0.1450 0.9441 -0.2960
vn -0.1429 0.9412 -0.3061
vn -0.1005 0.9782 -0.1819
vn -0.1302 0.9496 -0.2850
vn -0.1450 0.9441 -0.2960
vn -0.5742 0.6832 -0.4511
vn -0.1005 0.9782 -0.1819
vn -0.1450 0.9441 -0.2960
vn -0.1243 0.9580 -0.2583
vn -0.1564 0.9197 -0.3601
vn -0.5742 0.6832 -0.4511
vn -0.1219 0.9605 -0.2500
vn -0.1243 0.9580 -0.2583
vn -0.5742 0.6832 -0.4511
vn -0.5742 0.6832 -0.4511
vn -0.1396 0.9597 -0.2438
vn -0.1219 0.9605 -0.2500
vn -0.1396 0.9597 -0.2438
vn -0.1242 0.9686 -0.2154
vn -0.1077 0.9709 -0.2139
vn -0.1077 0.9709 -0.2139
vn -0.1113 0.9677 -0.2263
vn -0.1396 0.9597 -0.2438
vn -0.1113 0.9677 -0.2263
vn -0.1114 0.9675 -0.2270
vn -0.1396 0.9597 -0.2438
vn -0.1396 0.9597 -0.2438
vn -0.8592 0.4845 -0.1645
vn -0.1242 0.9686 -0.2154
vn -0.0825 0.9922 -0.0937
vn -0.1242 0.9686 -0.2154
vn -0.8592 0.4845 -0.1645
vn -0.1649 0.9840 -0.0673
vn -0.1175 0.9621 -0.2461
vn -0.8592 0.4845 -0.1645
vn -0.9111 0.4122 -0.0044
vn -0.1649 0.9840 -0.0673
vn -0.8592 0.4845 -0.1645
vn -0.4432 0.3774 -0.8131
vn -0.3735 0.5807 -0.7234
vn -0.3753 0.5136 -0.7716
vn -0.1450 0.9441 -0.2960
vn -0.5479 0.4604 -0.6985
vn -0.5742 0.6832 -0.4511
vn -0.1396 0.9597 -0.2438
vn -0.5742 0.6832 -0.4511
vn -0.8592 0.4845 -0.1645
vn -0.3735 0.5807 -0.7234
vn -0.4432 0.3774 -0.8131
vn -0.5479 0.4604 -0.6985
vn -0.5742 0.6832 -0.4511
vn -0.8888 0.3305 -0.3176
vn -0.8592 0.4845 -0.1645
vn -0.9111 0.4122 -0.0044
vn -0.8572 0.5107 0.0663
vn -0.4810 0.8710 0.0998
vn -0.3794 0.9027 0.2029
vn -0.0922 0.9716 -0.2177
vn -0.8572 0.5107 0.0663
vn -0.1018 0.9786 0.1791
vn -0.0922 0.9716 -0.2177
vn -0.3794 0.9027 0.2029
vn -0.1034 0.9770 0.1863
vn -0.1018 0.9786 0.1791
vn -0.3794 0.9027 0.2029
vn -0.1368 0.9394 0.3143
vn -0.1074 0.9759 0.1898
vn -0.3794 0.9027 0.2029
vn -0.1074 0.9759 0.1898
vn -0.1034 0.9770 0.1863
vn -0.3794 0.9027 0.2029
vn -0.1399 0.9634 0.2286
vn -0.0929 0.9849 0.1464
vn -0.3794 0.9027 0.2029
vn -0.8446 0.3761 0.3812
vn -0.1152 0.9673 0.2260
vn -0.1399 0.9634 0.2286
vn -0.3794 0.9027 0.2029
vn -0.8446 0.3761 0.3812
vn -0.1399 0.9634 0.2286
vn -0.1194 0.9639 0.2381
vn -0.1152 0.9673 0.2260
vn -0.8446 0.3761 0.3812
vn -0.1238 0.9588 0.2557
vn -0.1220 0.9613 0.2469
vn -0.8446 0.3761 0.3812
vn -0.1220 0.9613 0.2469
vn -0.1194 0.9639 0.2381
vn -0.8446 0.3761 0.3812
vn -0.1338 0.9537 0.2695
vn -0.1334 0.9537 0.2695
vn -0.8446 0.3761 0.3812
vn -0.1334 0.9537 0.2695
vn -0.1238 0.9588 0.2557
vn -0.8446 0.3761 0.3812
vn -0.1338 0.9537 0.2695
vn -0.8446 0.3761 0.3812
vn -0.2665 0.9185 0.2920
vn -0.1641 0.9119 0.3762
vn -0.1338 0.9537 0.2695
vn -0.2640 0.8941 0.3618
vn -0.1692 0.9397 0.2973
vn -0.8035 0.2353 0.5469
vn -0.4919 0.5839 0.6458
vn -0.1847 0.9138 0.3617
vn -0.1692 0.9397 0.2973
vn -0.4919 0.5839 0.6458
vn -0.1713 0.9195 0.3538
vn -0.1847 0.9138 0.3617
vn -0.4919 0.5839 0.6458
vn -0.1713 0.9195 0.3538
vn -0.4919 0.5839 0.6458
vn -0.2717 0.8606 0.4308
vn -0.4919 0.5839 0.6458
vn -0.3853 0.4299 0.8166
vn -0.3319 0.7143 0.6162
vn -0.4919 0.5839 0.6458
vn -0.2646 0.8285 0.4935
vn -0.2717 0.8606 0.4308
vn -0.4919 0.5839 0.6458
vn -0.3319 0.7143 0.6162
vn -0.2646 0.8285 0.4935
vn -0.7866 -0.5292 0.3180
vn -0.7866 -0.5292 0.3180
vn -0.8035 0.2353 0.5469
vn -0.4919 0.5839 0.6458
vn -0.3941 0.2749 0.8770
vn -0.3853 0.4299 0.8166
vn -0.8446 0.3761 0.3812
vn -0.9301 0.2392 0.2788
vn -0.8572 0.5107 0.0663
vn -0.7514 -0.5837 0.3078
vn -0.7514 -0.5837 0.3078
vn -0.7514 -0.5837 0.3078
vn -0.1713 0.9195 0.3538
vn -0.2717 0.8606 0.4308
vn -0.2650 0.7105 0.6519
vn -0.2650 0.7105 0.6519
vn -0.2717 0.8606 0.4308
vn -0.2646 0.8285 0.4935
vn -0.2646 0.8285 0.4935
vn -0.2935 0.6264 0.7221
vn -0.2650 0.7105 0.6519
vn -0.2935 0.6264 0.7221
vn -0.2646 0.8285 0.4935
vn -0.3319 0.7143 0.6162
vn -0.2935 0.6264 0.7221
vn -0.3319 0.7143 0.6162
vn -0.3853 0.4299 0.8166
vn -0.3853 0.4299 0.8166
vn -0.3941 0.2749 0.8770
vn -0.2935 0.6264 0.7221
vn -0.2650 0.7105 0.6519
vn -0.2530 0.4734 0.8438
vn -0.2226 0.4656 0.8565
vn -0.2530 0.4734 0.8438
vn -0.2650 0.7105 0.6519
vn -0.2935 0.6264 0.7221
vn -0.2530 0.4734 0.8438
vn -0.2935 0.6264 0.7221
vn -0.3941 0.2749 0.8770
vn -0.2530 0.4734 0.8438
vn -0.3941 0.2749 0.8770
vn -0.4919 0.5839 0.6458
vn -0.2226 0.4656 0.8565
vn -0.2530 0.4734 0.8438
vn -0.1254 0.3422 0.9312
vn -0.0660 0.2504 0.9659
vn -0.1254 0.3422 0.9312
vn -0.0024 -0.5456 0.8380
vn -0.0660 0.2504 0.9659
vn -0.0024 -0.5456 0.8380
vn -0.0078 -0.0468 0.9989
vn -0.0078 -0.0468 0.9989
vn -0.0000 0.0298 0.9996
vn -0.0660 0.2504 0.9659
vn 0.0661 -0.8957 -0.4397
vn 0.0661 -0.8957 -0.4397
vn 0.0661 -0.8957 -0.4397
vn -0.0003 -1.0000 0.0031
vn -0.0003 -1.0000 0.0031
vn -0.0003 -1.0000 0.0031
vn 0.0000 -0.9998 0.0189
vn 0.0000 -0.9998 0.0189
vn 0.0000 -0.9998 0.0189
vn -0.0003 -0.9999 0.0124
vn -0.0003 -0.9999 0.0124
vn -0.0003 -0.9999 0.0124
vn -0.2530 0.4734 0.8438
vn -0.4919 0.5839 0.6458
vn -0.2696 0.7421 0.6137
vn -0.4159 0.7173 0.5590
vn -0.4919 0.5839 0.6458
vn -0.8572 0.5107 0.0663
vn -0.4159 0.7173 0.5590
vn -0.8572 0.5107 0.0663
vn -0.8466 0.4301 0.3135
vn -0.4919 0.5839 0.6458
vn -0.4159 0.7173 0.5590
vn -0.2696 0.7421 0.6137
vn -0.2768 0.7190 0.6375
vn -0.2696 0.7421 0.6137
vn -0.4159 0.7173 0.5590
vn -0.2283 0.5971 0.7689
vn -0.2768 0.7190 0.6375
vn -0.4159 0.7173 0.5590
vn -0.4159 0.7173 0.5590
vn -0.3291 0.6583 0.6771
vn -0.2283 0.5971 0.7689
vn -0.3291 0.6583 0.6771
vn -0.4159 0.7173 0.5590
vn -0.3293 0.6581 0.6771
vn -0.0031 -0.0031 1.0000
vn -0.0008 0.0069 1.0000
vn -0.0185 0.0701 0.9974
vn -0.2696 0.7421 0.6137
vn -0.2768 0.7190 0.6375
vn -0.2530 0.4734 0.8438
vn -0.2768 0.7190 0.6375
vn -0.2283 0.5971 0.7689
vn -0.2530 0.4734 0.8438
vn -0.1254 0.3422 0.9312
vn -0.0310 0.8987 0.4374
vn -0.0310 0.8987 0.4374
vn -0.0031 -0.0031 1.0000
vn -0.0185 0.0701 0.9974
vn -0.0450 0.1049 0.9935
vn -0.2530 0.4734 0.8438
vn -0.2283 0.5971 0.7689
vn -0.1254 0.3422 0.9312
vn -0.1254 0.3422 0.9312
vn -0.0450 0.1049 0.9935
vn -0.0185 0.0701 0.9974
vn -0.3992 -0.4224 0.8138
vn -0.3992 -0.4224 0.8138
vn -0.3992 -0.4224 0.8138
vn -0.8466 0.4301 0.3135
vn -0.3411 0.6186 0.7078
vn -0.3293 0.6581 0.6771
vn -0.3293 0.6581 0.6771
vn -0.4159 0.7173 0.5590
vn -0.8466 0.4301 0.3135
vn -0.7048 -0.7023 0.1007
vn -0.9990 -0.0373 -0.0239
vn -0.7048 -0.7023 0.1007
vn -0.9990 -0.0373 -0.0239
vn -0.9889 0.1464 -0.0264
vn -0.9987 0.0501 -0.0135
vn -0.9987 0.0501 -0.0135
vn -0.7071 -0.7071 0.0000
vn -0.9990 -0.0373 -0.0239
vn -0.0031 -0.0031 1.0000
vn -0.0117 -0.7480 0.6636
vn 0.0005 0.0185 0.9998
vn -0.0381 -0.6525 0.7569
vn -0.0031 -0.0031 1.0000
vn -0.0450 0.1049 0.9935
vn -0.0439 -0.7941 0.6062
vn -0.0439 -0.7941 0.6062
vn -0.0439 -0.7941 0.6062
vn -0.0450 0.1049 0.9935
vn -0.1254 0.3422 0.9312
vn -0.1272 0.3864 0.9135
vn -0.1254 0.3422 0.9312
vn -0.2283 0.5971 0.7689
vn -0.1272 0.3864 0.9135
vn -0.2345 -0.7680 0.5960
vn -0.2345 -0.7680 0.5960
vn -0.2345 -0.7680 0.5960
vn 0.0044 -0.1052 0.9944
vn -0.0031 -0.0031 1.0000
vn 0.0005 0.0185 0.9998
vn 0.0020 -0.9999 -0.0144
vn 0.0020 -0.9999 -0.0144
vn 0.0020 -0.9999 -0.0144
vn -0.7482 -0.6085 -0.2645
vn -0.7482 -0.6085 -0.2645
vn -0.9990 -0.0373 -0.0239
vn -0.8572 0.5107 0.0663
vn -0.9990 -0.0373 -0.0239
vn -0.8466 0.4301 0.3135
vn -0.9111 0.4122 -0.0044
vn -0.9889 0.1464 -0.0264
vn -0.9990 -0.0373 -0.0239
vn -0.2495 0.8112 -0.5289
vn -0.2616 0.7894 -0.5553
vn -0.5615 0.6946 -0.4497
vn -0.2616 0.7894 -0.5553
vn -0.2699 0.7770 -0.5688
vn -0.5615 0.6946 -0.4497
vn -0.9889 0.1464 -0.0264
vn -0.5615 0.6946 -0.4497
vn -0.4413 0.6612 -0.6067
vn -0.5615 0.6946 -0.4497
vn -0.2699 0.7770 -0.5688
vn -0.2836 0.7628 -0.5812
vn -0.3486 0.6793 -0.6457
vn -0.5615 0.6946 -0.4497
vn -0.2836 0.7628 -0.5812
vn -0.4413 0.6612 -0.6067
vn -0.5615 0.6946 -0.4497
vn -0.3486 0.6793 -0.6457
vn -0.2836 0.7628 -0.5812
vn -0.2872 0.7353 -0.6139
vn -0.3486 0.6793 -0.6457
vn -0.8500 -0.5196 0.0865
vn -0.8500 -0.5196 0.0865
vn -0.8500 -0.5196 0.0865
vn -0.5742 0.6832 -0.4511
vn -0.5479 0.4604 -0.6985
vn -0.8888 0.3305 -0.3176
vn -0.5479 0.4604 -0.6985
vn -0.4432 0.3774 -0.8131
vn -0.8888 0.3305 -0.3176
vn -0.2700 0.7539 -0.5989
vn -0.2778 0.7502 -0.6001
vn -0.2770 0.4622 -0.8424
vn -0.8888 0.3305 -0.3176
vn -0.4576 0.8455 -0.2751
vn -0.9111 0.4122 -0.0044
vn -0.5615 0.6946 -0.4497
vn -0.1236 0.9912 0.0471
vn -0.1236 0.9912 0.0471
vn -0.3379 0.5961 -0.7284
vn -0.5615 0.6946 -0.4497
vn -0.4432 0.3774 -0.8131
vn -0.5615 0.6946 -0.4497
vn -0.3931 0.9055 0.1600
vn -0.3931 0.9055 0.1600
vn -0.3379 0.5961 -0.7284
vn -0.4432 0.3774 -0.8131
vn -0.2770 0.4622 -0.8424
vn -0.2770 0.4622 -0.8424
vn -0.2778 0.7502 -0.6001
vn -0.3379 0.5961 -0.7284
vn -0.2495 0.8112 -0.5289
vn -0.5615 0.6946 -0.4497
vn -0.3379 0.5961 -0.7284
vn -0.3379 0.5961 -0.7284
vn -0.2778 0.7502 -0.6001
vn -0.2495 0.8112 -0.5289
vn -0.2495 0.8112 -0.5289
vn -0.2778 0.7502 -0.6001
vn -0.2542 0.7971 -0.5477
vn -0.2616 0.7894 -0.5553
vn -0.2495 0.8112 -0.5289
vn -0.2542 0.7971 -0.5477
vn -0.2542 0.7971 -0.5477
vn -0.2568 0.7904 -0.5562
vn -0.2616 0.7894 -0.5553
vn -0.2616 0.7894 -0.5553
vn -0.2568 0.7904 -0.5562
vn -0.2619 0.7813 -0.5665
vn -0.2699 0.7770 -0.5688
vn -0.2616 0.7894 -0.5553
vn -0.2619 0.7813 -0.5665
vn -0.2619 0.7813 -0.5665
vn -0.2664 0.7706 -0.5790
vn -0.2699 0.7770 -0.5688
vn -0.2836 0.7628 -0.5812
vn -0.2699 0.7770 -0.5688
vn -0.2664 0.7706 -0.5790
vn -0.2664 0.7706 -0.5790
vn -0.2582 0.7434 -0.6170
vn -0.2836 0.7628 -0.5812
vn -0.2836 0.7628 -0.5812
vn -0.2582 0.7434 -0.6170
vn -0.2847 0.7386 -0.6111
vn -0.2847 0.7386 -0.6111
vn -0.2872 0.7353 -0.6139
vn -0.2836 0.7628 -0.5812
vn -0.2872 0.7353 -0.6139
vn -0.2847 0.7386 -0.6111
vn -0.2794 0.6644 -0.6932
vn -0.3486 0.6793 -0.6457
vn -0.2872 0.7353 -0.6139
vn -0.2794 0.6644 -0.6932
vn -0.2794 0.6644 -0.6932
vn -0.4413 0.6612 -0.6067
vn -0.3486 0.6793 -0.6457
vn -0.4413 0.6612 -0.6067
vn -0.2794 0.6644 -0.6932
vn -0.3403 0.5620 -0.7539
vn -0.9987 0.0501 -0.0135
vn -0.9889 0.1464 -0.0264
vn -0.9821 0.1139 -0.1503
vn -0.1627 0.9207 -0.3548
vn -0.2049 0.8181 -0.5373
vn -0.2031 0.8736 -0.4423
vn -0.2031 0.8736 -0.4423
vn -0.5479 0.4604 -0.6985
vn -0.1627 0.9207 -0.3548
vn -0.2031 0.8736 -0.4423
vn -0.1965 0.8866 -0.4188
vn -0.0016 1.0000 0.0049
vn -0.1965 0.8866 -0.4188
vn -0.2031 0.8736 -0.4423
vn -0.2782 0.7447 -0.6066
vn -0.2782 0.7447 -0.6066
vn -0.3735 0.5807 -0.7234
vn -0.1965 0.8866 -0.4188
vn -0.3735 0.5807 -0.7234
vn -0.2782 0.7447 -0.6066
vn -0.3315 0.6077 -0.7217
vn -0.3315 0.6077 -0.7217
vn -0.3753 0.5136 -0.7716
vn -0.3735 0.5807 -0.7234
vn -0.3753 0.5136 -0.7716
vn -0.3315 0.6077 -0.7217
vn -0.3965 0.2571 -0.8813
vn -0.3965 0.2571 -0.8813
vn -0.4063 0.2074 -0.8899
vn -0.3753 0.5136 -0.7716
vn -0.4063 0.2074 -0.8899
vn -0.3965 0.2571 -0.8813
vn -0.2770 0.4622 -0.8424
vn -0.2770 0.4622 -0.8424
vn -0.4432 0.3774 -0.8131
vn -0.4063 0.2074 -0.8899
vn 0.4748 0.8248 0.3072
vn 0.4748 0.8248 0.3072
vn 0.4748 0.8248 0.3072
vn -0.0817 0.7932 -0.6034
vn -0.2031 0.8736 -0.4423
vn -0.2049 0.8181 -0.5373
vn -0.0817 0.7932 -0.6034
vn -0.2782 0.7447 -0.6066
vn -0.2031 0.8736 -0.4423
vn -0.0817 0.7932 -0.6034
vn -0.3315 0.6077 -0.7217
vn -0.2782 0.7447 -0.6066
vn -0.0817 0.7932 -0.6034
vn -0.3965 0.2571 -0.8813
vn -0.3315 0.6077 -0.7217
vn -0.0817 0.7932 -0.6034
vn -0.2770 0.4622 -0.8424
vn -0.3965 0.2571 -0.8813
vn -0.2988 -0.7167 -0.6301
vn -0.2988 -0.7167 -0.6301
vn -0.1387 -0.9412 -0.3080
vn -0.1633 -0.9129 -0.3742
vn -0.1387 -0.9412 -0.3080
vn -0.1633 -0.9129 -0.3742
vn -0.0060 -0.6199 -0.7847
vn -0.0060 -0.6199 -0.7847
vn -0.0078 -0.0694 -0.9976
vn -0.0078 -0.0694 -0.9976
vn -0.0006 -0.1646 -0.9864
vn -0.0113 -0.7071 -0.7070
vn -0.0008 0.0069 1.0000
vn 0.0015 -0.0012 1.0000
vn 0.0008 0.0172 0.9999
vn 0.0008 0.0172 0.9999
vn -0.0000 0.0298 0.9996
vn -0.0008 0.0069 1.0000
vn -0.0000 0.0298 0.9996
vn -0.0078 -0.0468 0.9989
vn -0.0008 0.0069 1.0000
vn -0.0006 0.6387 0.7695
vn -0.0014 0.7082 0.7060
vn -0.0660 0.2504 0.9659
vn -0.2226 0.4656 0.8565
vn -0.0378 0.7932 0.6078
vn -0.0054 0.9471 0.3209
vn -0.0856 0.4828 0.8716
vn -0.0001 0.9093 0.4162
vn -0.0002 0.9469 0.3214
vn -0.0002 0.9469 0.3214
vn -0.0378 0.7932 0.6078
vn -0.0856 0.4828 0.8716
vn -0.0856 0.4828 0.8716
vn 0.0000 0.8857 0.4642
vn -0.0001 0.9093 0.4162
vn -0.0856 0.4828 0.8716
vn -0.0378 0.7932 0.6078
vn -0.1254 0.3422 0.9312
vn -0.0856 0.4828 0.8716
vn -0.0000 0.8243 0.5662
vn 0.0000 0.8857 0.4642
vn -0.2226 0.4656 0.8565
vn -0.1254 0.3422 0.9312
vn -0.0378 0.7932 0.6078
vn -0.0856 0.4828 0.8716
vn -0.0027 0.7659 0.6429
vn -0.0000 0.8243 0.5662
vn -0.1254 0.3422 0.9312
vn -0.0660 0.2504 0.9659
vn -0.0856 0.4828 0.8716
vn -0.0027 0.7659 0.6429
vn -0.0856 0.4828 0.8716
vn -0.0660 0.2504 0.9659
vn -0.0660 0.2504 0.9659
vn -0.0014 0.7082 0.7060
vn -0.0027 0.7659 0.6429
vn -0.0660 0.2504 0.9659
vn -0.0002 0.5780 0.8161
vn -0.0006 0.6387 0.7695
vn -0.0660 0.2504 0.9659
vn 0.0002 0.5071 0.8619
vn -0.0002 0.5780 0.8161
vn -0.0660 0.2504 0.9659
vn 0.0005 0.4263 0.9046
vn 0.0002 0.5071 0.8619
vn -0.0660 0.2504 0.9659
vn 0.0007 0.3658 0.9307
vn 0.0005 0.4263 0.9046
vn -0.0660 0.2504 0.9659
vn 0.0006 0.2653 0.9642
vn 0.0007 0.3658 0.9307
vn -0.0660 0.2504 0.9659
vn 0.0009 0.2265 0.9740
vn 0.0006 0.2653 0.9642
vn -0.0660 0.2504 0.9659
vn 0.0002 0.1010 0.9949
vn 0.0009 0.2265 0.9740
vn -0.0660 0.2504 0.9659
vn -0.0000 0.0298 0.9996
vn 0.0002 0.1010 0.9949
vn -0.0005 0.9924 0.1231
vn -0.0788 0.9923 0.0954
vn -0.0326 0.9826 0.1828
vn -0.0002 1.0000 0.0062
vn -0.0003 1.0000 0.0000
vn -0.0685 0.9976 -0.0067
vn -0.0316 0.9559 0.2921
vn -0.2226 0.4656 0.8565
vn -0.0054 0.9471 0.3209
vn -0.0054 0.9471 0.3209
vn -0.0005 0.9538 0.3005
vn -0.0316 0.9559 0.2921
vn -0.0316 0.9559 0.2921
vn -0.1249 0.9498 0.2868
vn -0.1307 0.9441 0.3026
vn -0.1234 0.9546 0.2713
vn -0.1280 0.9511 0.2811
vn -0.0664 0.9675 0.2440
vn -0.0664 0.9675 0.2440
vn -0.1280 0.9511 0.2811
vn -0.1249 0.9498 0.2868
vn -0.1173 0.9617 0.2479
vn -0.1204 0.9586 0.2581
vn -0.0664 0.9675 0.2440
vn -0.1204 0.9586 0.2581
vn -0.1209 0.9574 0.2624
vn -0.0664 0.9675 0.2440
vn -0.1234 0.9546 0.2713
vn -0.0664 0.9675 0.2440
vn -0.1209 0.9574 0.2624
vn -0.0664 0.9675 0.2440
vn -0.1146 0.9643 0.2387
vn -0.1173 0.9617 0.2479
vn -0.0664 0.9675 0.2440
vn -0.1089 0.9680 0.2262
vn -0.1146 0.9643 0.2387
vn -0.1089 0.9680 0.2262
vn -0.0664 0.9675 0.2440
vn -0.0156 0.9820 0.1884
vn -0.0156 0.9820 0.1884
vn -0.1078 0.9703 0.2167
vn -0.1089 0.9680 0.2262
vn -0.0156 0.9820 0.1884
vn -0.1070 0.9729 0.2050
vn -0.1078 0.9703 0.2167
vn -0.0156 0.9820 0.1884
vn -0.1001 0.9779 0.1835
vn -0.1024 0.9758 0.1931
vn -0.0156 0.9820 0.1884
vn -0.0956 0.9787 0.1815
vn -0.1001 0.9779 0.1835
vn -0.0326 0.9826 0.1828
vn -0.1845 0.9500 0.2518
vn -0.0956 0.9787 0.1815
vn -0.0956 0.9787 0.1815
vn -0.0156 0.9820 0.1884
vn -0.0326 0.9826 0.1828
vn -0.0688 0.9955 0.0648
vn -0.0519 0.9986 -0.0030
vn -0.0788 0.9923 0.0954
vn -0.0650 0.9975 0.0262
vn -0.0685 0.9976 -0.0067
vn -0.0519 0.9986 -0.0030
vn -0.0008 0.9999 0.0127
vn -0.0002 1.0000 0.0062
vn -0.0685 0.9976 -0.0067
vn -0.0685 0.9976 -0.0067
vn -0.0650 0.9975 0.0262
vn -0.0008 0.9999 0.0127
vn -0.0002 0.9998 0.0198
vn -0.0008 0.9999 0.0127
vn -0.0650 0.9975 0.0262
vn -0.0650 0.9975 0.0262
vn -0.0002 0.9996 0.0285
vn -0.0002 0.9998 0.0198
vn -0.0650 0.9975 0.0262
vn -0.0002 0.9994 0.0355
vn -0.0002 0.9996 0.0285
vn -0.0017 0.9992 0.0410
vn -0.0002 0.9994 0.0355
vn -0.0650 0.9975 0.0262
vn -0.0650 0.9975 0.0262
vn -0.0688 0.9955 0.0648
vn -0.0017 0.9992 0.0410
vn -0.0688 0.9955 0.0648
vn -0.0002 0.9987 0.0502
vn -0.0017 0.9992 0.0410
vn -0.0688 0.9955 0.0648
vn -0.0002 0.9984 0.0573
vn -0.0002 0.9987 0.0502
vn -0.0001 0.9978 0.0662
vn -0.0002 0.9984 0.0573
vn -0.0688 0.9955 0.0648
vn -0.0688 0.9955 0.0648
vn -0.0002 0.9971 0.0767
vn -0.0001 0.9978 0.0662
vn -0.0688 0.9955 0.0648
vn -0.0004 0.9968 0.0793
vn -0.0002 0.9971 0.0767
vn -0.0009 0.9958 0.0916
vn -0.0004 0.9968 0.0793
vn -0.0688 0.9955 0.0648
vn -0.0688 0.9955 0.0648
vn -0.0788 0.9923 0.0954
vn -0.0009 0.9958 0.0916
vn -0.0788 0.9923 0.0954
vn -0.0002 0.9949 0.1011
vn -0.0009 0.9958 0.0916
vn -0.0788 0.9923 0.0954
vn -0.0002 0.9943 0.1069
vn -0.0002 0.9949 0.1011
vn -0.0005 0.9924 0.1231
vn -0.0002 0.9933 0.1158
vn -0.0788 0.9923 0.0954
vn -0.0002 0.9933 0.1158
vn -0.0002 0.9943 0.1069
vn -0.0788 0.9923 0.0954
vn -0.0003 0.9897 0.1430
vn -0.0002 0.9913 0.1313
vn -0.0326 0.9826 0.1828
vn -0.0326 0.9826 0.1828
vn -0.0002 0.9913 0.1313
vn -0.0005 0.9924 0.1231
vn -0.0326 0.9826 0.1828
vn -0.0156 0.9820 0.1884
vn -0.0028 0.9863 0.1647
vn -0.0326 0.9826 0.1828
vn -0.0002 0.9889 0.1488
vn -0.0003 0.9897 0.1430
vn -0.0028 0.9863 0.1647
vn -0.0002 0.9889 0.1488
vn -0.0326 0.9826 0.1828
vn -0.0001 0.9820 0.1890
vn -0.0003 0.9857 0.1683
vn -0.0156 0.9820 0.1884
vn -0.0156 0.9820 0.1884
vn -0.0003 0.9857 0.1683
vn -0.0028 0.9863 0.1647
vn -0.0015 0.9796 0.2011
vn -0.0002 0.9830 0.1838
vn -0.0156 0.9820 0.1884
vn -0.0156 0.9820 0.1884
vn -0.0664 0.9675 0.2440
vn -0.0015 0.9796 0.2011
vn -0.0664 0.9675 0.2440
vn -0.0007 0.9777 0.2100
vn -0.0015 0.9796 0.2011
vn -0.0001 0.9723 0.2337
vn -0.0002 0.9750 0.2221
vn -0.0664 0.9675 0.2440
vn -0.0002 0.9750 0.2221
vn -0.0003 0.9771 0.2128
vn -0.0664 0.9675 0.2440
vn -0.0664 0.9675 0.2440
vn -0.0003 0.9771 0.2128
vn -0.0007 0.9777 0.2100
vn -0.0664 0.9675 0.2440
vn -0.0004 0.9713 0.2377
vn -0.0001 0.9723 0.2337
vn -0.0004 0.9713 0.2377
vn -0.0664 0.9675 0.2440
vn -0.0047 0.9669 0.2552
vn 0.0061 0.9562 0.2925
vn -0.0004 0.9713 0.2377
vn -0.0047 0.9669 0.2552
vn -0.0316 0.9559 0.2921
vn -0.0006 0.9558 0.2941
vn -0.0023 0.9613 0.2755
vn -0.0316 0.9559 0.2921
vn -0.0005 0.9538 0.3005
vn -0.0005 0.9617 0.2739
vn -0.0156 0.9820 0.1884
vn -0.1024 0.9758 0.1931
vn -0.1070 0.9729 0.2050
vn -0.1249 0.9498 0.2868
vn -0.0316 0.9559 0.2921
vn -0.0664 0.9675 0.2440
vn -0.0316 0.9559 0.2921
vn -0.0047 0.9669 0.2552
vn -0.0664 0.9675 0.2440
vn -0.0023 0.9613 0.2755
vn -0.0047 0.9669 0.2552
vn -0.0316 0.9559 0.2921
vn -0.0047 0.9669 0.2552
vn -0.0023 0.9613 0.2755
vn -0.0002 0.9625 0.2712
vn -0.0002 0.9625 0.2712
vn -0.0000 0.9671 0.2546
vn -0.0047 0.9669 0.2552
vn -0.1307 0.9441 0.3026
vn -0.2226 0.4656 0.8565
vn -0.0316 0.9559 0.2921
vn -0.0002 1.0000 -0.0041
vn -0.0001 0.9999 -0.0104
vn -0.0685 0.9976 -0.0067
vn 0.0014 0.9540 -0.2998
vn 0.0013 0.9523 -0.3052
vn -0.1756 0.6866 -0.7055
vn -0.0078 0.9633 -0.2685
vn 0.0091 0.9617 -0.2741
vn -0.0003 0.9590 -0.2834
vn -0.0078 0.9633 -0.2685
vn -0.0003 0.9590 -0.2834
vn -0.0003 0.9574 -0.2889
vn -0.0078 0.9633 -0.2685
vn -0.0003 0.9574 -0.2889
vn 0.0014 0.9540 -0.2998
vn 0.0014 0.9540 -0.2998
vn -0.1756 0.6866 -0.7055
vn -0.0078 0.9633 -0.2685
vn -0.0710 0.9920 -0.1042
vn -0.0002 0.9941 -0.1084
vn -0.0001 0.9930 -0.1181
vn -0.0710 0.9920 -0.1042
vn -0.0001 0.9930 -0.1181
vn -0.0003 0.9922 -0.1244
vn -0.0710 0.9920 -0.1042
vn -0.0003 0.9922 -0.1244
vn -0.0006 0.9905 -0.1377
vn -0.0006 0.9905 -0.1377
vn -0.0340 0.9935 -0.1083
vn -0.0710 0.9920 -0.1042
vn -0.0340 0.9935 -0.1083
vn -0.0000 0.9900 -0.1409
vn -0.0004 0.9886 -0.1505
vn -0.0004 0.9886 -0.1505
vn -0.0024 0.9877 -0.1565
vn -0.0340 0.9935 -0.1083
vn -0.0833 0.9677 -0.2381
vn -0.0024 0.9877 -0.1565
vn -0.0001 0.9859 -0.1673
vn -0.0001 0.9859 -0.1673
vn -0.0004 0.9845 -0.1753
vn -0.0833 0.9677 -0.2381
vn -0.0833 0.9677 -0.2381
vn -0.0004 0.9845 -0.1753
vn -0.0009 0.9820 -0.1887
vn -0.0009 0.9820 -0.1887
vn -0.0293 0.9755 -0.2182
vn -0.0833 0.9677 -0.2381
vn -0.0293 0.9755 -0.2182
vn -0.0009 0.9820 -0.1887
vn 0.0001 0.9808 -0.1953
vn -0.0293 0.9755 -0.2182
vn 0.0001 0.9808 -0.1953
vn -0.0000 0.9764 -0.2161
vn -0.0293 0.9755 -0.2182
vn -0.0001 0.9770 -0.2134
vn -0.0001 0.9717 -0.2363
vn -0.0293 0.9755 -0.2182
vn -0.0001 0.9717 -0.2363
vn -0.0019 0.9711 -0.2386
vn -0.0019 0.9711 -0.2386
vn -0.0078 0.9633 -0.2685
vn -0.0293 0.9755 -0.2182
vn -0.0078 0.9633 -0.2685
vn -0.0019 0.9711 -0.2386
vn 0.0027 0.9645 -0.2640
vn -0.0305 0.9961 -0.0823
vn -0.0006 0.9965 -0.0839
vn -0.0710 0.9920 -0.1042
vn -0.0006 0.9965 -0.0839
vn -0.0002 0.9948 -0.1014
vn -0.0710 0.9920 -0.1042
vn -0.0710 0.9920 -0.1042
vn -0.0002 0.9948 -0.1014
vn -0.0002 0.9941 -0.1084
vn -0.0305 0.9961 -0.0823
vn -0.0001 0.9975 -0.0710
vn -0.0002 0.9962 -0.0874
vn -0.0305 0.9961 -0.0823
vn -0.0010 0.9981 -0.0615
vn -0.0001 0.9975 -0.0710
vn -0.0010 0.9981 -0.0615
vn -0.0305 0.9961 -0.0823
vn -0.0820 0.9959 -0.0391
vn -0.0820 0.9959 -0.0391
vn -0.0005 0.9985 -0.0548
vn -0.0010 0.9981 -0.0615
vn -0.0820 0.9959 -0.0391
vn -0.0003 0.9992 -0.0400
vn -0.0005 0.9988 -0.0480
vn -0.0685 0.9976 -0.0067
vn -0.0001 0.9999 -0.0104
vn -0.0002 0.9998 -0.0182
vn -0.0685 0.9976 -0.0067
vn -0.0002 0.9998 -0.0182
vn -0.0023 0.9996 -0.0274
vn -0.0820 0.9959 -0.0391
vn -0.0685 0.9976 -0.0067
vn -0.0023 0.9996 -0.0274
vn -0.0023 0.9996 -0.0274
vn -0.0004 0.9995 -0.0325
vn -0.0820 0.9959 -0.0391
vn -0.0820 0.9959 -0.0391
vn -0.0004 0.9995 -0.0325
vn -0.0003 0.9992 -0.0400
vn -0.0833 0.9677 -0.2381
vn -0.0982 0.9781 -0.1833
vn -0.0983 0.9796 -0.1755
vn -0.0982 0.9781 -0.1833
vn -0.0833 0.9677 -0.2381
vn -0.0293 0.9755 -0.2182
vn -0.0293 0.9755 -0.2182
vn -0.1044 0.9755 -0.1934
vn -0.0982 0.9781 -0.1833
vn -0.1070 0.9711 -0.2133
vn -0.1044 0.9755 -0.1934
vn -0.0293 0.9755 -0.2182
vn -0.1100 0.9676 -0.2275
vn -0.1068 0.9716 -0.2109
vn -0.0293 0.9755 -0.2182
vn -0.1100 0.9676 -0.2275
vn -0.0293 0.9755 -0.2182
vn -0.0511 0.9657 -0.2547
vn -0.0511 0.9657 -0.2547
vn -0.1146 0.9646 -0.2377
vn -0.1100 0.9676 -0.2275
vn -0.1153 0.9590 -0.2591
vn -0.1756 0.6866 -0.7055
vn -0.1226 0.9551 -0.2698
vn -0.1756 0.6866 -0.7055
vn -0.1247 0.9524 -0.2781
vn -0.1226 0.9551 -0.2698
vn -0.1756 0.6866 -0.7055
vn -0.2049 0.8181 -0.5373
vn -0.1353 0.9431 -0.3037
vn -0.1756 0.6866 -0.7055
vn -0.1353 0.9431 -0.3037
vn -0.1293 0.9488 -0.2883
vn -0.1756 0.6866 -0.7055
vn -0.1293 0.9488 -0.2883
vn -0.1247 0.9524 -0.2781
vn -0.0511 0.9657 -0.2547
vn -0.1179 0.9615 -0.2482
vn -0.1146 0.9646 -0.2377
vn -0.0511 0.9657 -0.2547
vn -0.1153 0.9590 -0.2591
vn -0.1179 0.9615 -0.2482
vn -0.1153 0.9590 -0.2591
vn -0.0511 0.9657 -0.2547
vn -0.1756 0.6866 -0.7055
vn -0.1756 0.6866 -0.7055
vn -0.0293 0.9755 -0.2182
vn -0.0078 0.9633 -0.2685
vn -0.0024 0.9877 -0.1565
vn -0.0833 0.9677 -0.2381
vn -0.0340 0.9935 -0.1083
vn -0.0685 0.9976 -0.0067
vn -0.0003 1.0000 0.0000
vn -0.0002 1.0000 -0.0041
vn -0.0820 0.9959 -0.0391
vn -0.0005 0.9988 -0.0480
vn -0.0005 0.9985 -0.0548
vn -0.1756 0.6866 -0.7055
vn -0.0511 0.9657 -0.2547
vn -0.0293 0.9755 -0.2182
vn -0.2770 0.4622 -0.8424
vn -0.2049 0.8181 -0.5373
vn -0.1756 0.6866 -0.7055
vn -0.1116 0.2741 -0.9552
vn -0.2770 0.4622 -0.8424
vn -0.1756 0.6866 -0.7055
vn -0.0632 -0.0332 -0.9974
vn -0.0013 0.2360 -0.9717
vn -0.0000 0.1195 -0.9928
vn -0.0975 0.3327 -0.9380
vn -0.0002 0.3869 -0.9221
vn -0.0006 0.2920 -0.9564
vn -0.0975 0.3327 -0.9380
vn 0.0000 0.5285 -0.8489
vn -0.0000 0.4523 -0.8919
vn -0.0975 0.3327 -0.9380
vn -0.0002 0.6609 -0.7504
vn -0.0000 0.5971 -0.8022
vn -0.0975 0.3327 -0.9380
vn -0.0023 0.7902 -0.6128
vn -0.0005 0.7294 -0.6841
vn -0.0173 0.8486 -0.5288
vn -0.0003 0.8358 -0.5490
vn -0.0023 0.7902 -0.6128
vn -0.0173 0.8486 -0.5288
vn 0.0000 0.9202 -0.3914
vn -0.0000 0.8950 -0.4461
vn 0.0000 0.9449 -0.3274
vn 0.0000 0.9202 -0.3914
vn -0.0173 0.8486 -0.5288
vn -0.1756 0.6866 -0.7055
vn 0.0013 0.9508 -0.3100
vn -0.0173 0.8486 -0.5288
vn -0.0975 0.3327 -0.9380
vn -0.0000 0.5971 -0.8022
vn 0.0000 0.5285 -0.8489
vn -0.0975 0.3327 -0.9380
vn -0.0005 0.7294 -0.6841
vn -0.0002 0.6609 -0.7504
vn -0.0173 0.8486 -0.5288
vn -0.0000 0.8950 -0.4461
vn -0.0003 0.8358 -0.5490
vn -0.0023 0.7902 -0.6128
vn -0.0975 0.3327 -0.9380
vn -0.0173 0.8486 -0.5288
vn -0.0975 0.3327 -0.9380
vn -0.1756 0.6866 -0.7055
vn -0.0173 0.8486 -0.5288
vn -0.0632 -0.0332 -0.9974
vn -0.0000 0.1195 -0.9928
vn -0.0011 0.0319 -0.9995
vn -0.0975 0.3327 -0.9380
vn -0.0632 -0.0332 -0.9974
vn -0.1116 0.2741 -0.9552
vn -0.1116 0.2741 -0.9552
vn -0.1756 0.6866 -0.7055
vn -0.0975 0.3327 -0.9380
vn -0.0975 0.3327 -0.9380
vn -0.0006 0.2920 -0.9564
vn -0.0013 0.2360 -0.9717
vn -0.0975 0.3327 -0.9380
vn -0.0000 0.4523 -0.8919
vn -0.0002 0.3869 -0.9221
vn -0.0013 0.2360 -0.9717
vn -0.0632 -0.0332 -0.9974
vn -0.0975 0.3327 -0.9380
vn 0.0001 0.9197 0.3926
vn 0.0009 0.9476 0.3194
vn -0.0002 0.9469 0.3214
vn -0.0002 0.9469 0.3214
vn -0.0001 0.9093 0.4162
vn 0.0001 0.9197 0.3926
vn -0.0001 0.8951 0.4458
vn 0.0001 0.9197 0.3926
vn -0.0001 0.9093 0.4162
vn -0.0001 0.9093 0.4162
vn 0.0000 0.8857 0.4642
vn -0.0001 0.8951 0.4458
vn -0.0002 0.8368 0.5475
vn -0.0001 0.8951 0.4458
vn 0.0000 0.8857 0.4642
vn 0.0000 0.8857 0.4642
vn -0.0000 0.8243 0.5662
vn -0.0002 0.8368 0.5475
vn -0.0001 0.7977 0.6030
vn -0.0002 0.8368 0.5475
vn -0.0000 0.8243 0.5662
vn -0.0000 0.8243 0.5662
vn -0.0027 0.7659 0.6429
vn -0.0001 0.7977 0.6030
vn 0.0002 0.7295 0.6840
vn -0.0001 0.7977 0.6030
vn -0.0027 0.7659 0.6429
vn -0.0027 0.7659 0.6429
vn -0.0014 0.7082 0.7060
vn 0.0002 0.7295 0.6840
vn 0.0006 0.6593 0.7519
vn 0.0002 0.7295 0.6840
vn -0.0014 0.7082 0.7060
vn -0.0014 0.7082 0.7060
vn -0.0006 0.6387 0.7695
vn 0.0006 0.6593 0.7519
vn 0.0016 0.6084 0.7936
vn 0.0006 0.6593 0.7519
vn -0.0006 0.6387 0.7695
vn -0.0006 0.6387 0.7695
vn -0.0002 0.5780 0.8161
vn 0.0016 0.6084 0.7936
vn 0.0005 0.5253 0.8509
vn 0.0016 0.6084 0.7936
vn -0.0002 0.5780 0.8161
vn -0.0002 0.5780 0.8161
vn 0.0002 0.5071 0.8619
vn 0.0005 0.5253 0.8509
vn 0.0002 0.1010 0.9949
vn -0.0000 0.0298 0.9996
vn 0.0008 0.0172 0.9999
vn 0.0008 0.0172 0.9999
vn 0.0003 0.1869 0.9824
vn 0.0002 0.1010 0.9949
vn 0.0009 0.2265 0.9740
vn 0.0002 0.1010 0.9949
vn 0.0003 0.1869 0.9824
vn 0.0006 0.2653 0.9642
vn 0.0009 0.2265 0.9740
vn 0.0003 0.1869 0.9824
vn 0.0003 0.1869 0.9824
vn 0.0002 0.2882 0.9576
vn 0.0006 0.2653 0.9642
vn 0.0007 0.3658 0.9307
vn 0.0006 0.2653 0.9642
vn 0.0002 0.2882 0.9576
vn 0.0002 0.2882 0.9576
vn 0.0002 0.3897 0.9209
vn 0.0007 0.3658 0.9307
vn 0.0005 0.4263 0.9046
vn 0.0007 0.3658 0.9307
vn 0.0002 0.3897 0.9209
vn 0.0002 0.3897 0.9209
vn 0.0004 0.4520 0.8920
vn 0.0005 0.4263 0.9046
vn 0.0002 0.5071 0.8619
vn 0.0005 0.4263 0.9046
vn 0.0004 0.4520 0.8920
vn 0.0004 0.4520 0.8920
vn 0.0005 0.5253 0.8509
vn 0.0002 0.5071 0.8619
vn 0.0200 0.0085 0.9998
vn 0.0003 0.1869 0.9824
vn 0.0008 0.0172 0.9999
vn 0.0003 0.1869 0.9824
vn 0.0200 0.0085 0.9998
vn 0.0194 0.3254 0.9454
vn 0.0194 0.3254 0.9454
vn 0.0002 0.2882 0.9576
vn 0.0003 0.1869 0.9824
vn 0.0194 0.3254 0.9454
vn 0.0002 0.3897 0.9209
vn 0.0002 0.2882 0.9576
vn 0.0194 0.3254 0.9454
vn 0.0004 0.4520 0.8920
vn 0.0002 0.3897 0.9209
vn 0.0005 0.5253 0.8509
vn 0.0004 0.4520 0.8920
vn 0.0194 0.3254 0.9454
vn 0.0194 0.3254 0.9454
vn 0.0264 0.5712 0.8204
vn 0.0005 0.5253 0.8509
vn 0.0264 0.5712 0.8204
vn 0.0016 0.6084 0.7936
vn 0.0005 0.5253 0.8509
vn 0.0016 0.6084 0.7936
vn 0.0264 0.5712 0.8204
vn 0.0077 0.8911 0.4538
vn 0.0077 0.8911 0.4538
vn 0.0006 0.6593 0.7519
vn 0.0016 0.6084 0.7936
vn 0.0077 0.8911 0.4538
vn 0.0002 0.7295 0.6840
vn 0.0006 0.6593 0.7519
vn 0.0077 0.8911 0.4538
vn -0.0001 0.7977 0.6030
vn 0.0002 0.7295 0.6840
vn 0.0077 0.8911 0.4538
vn -0.0002 0.8368 0.5475
vn -0.0001 0.7977 0.6030
vn 0.0077 0.8911 0.4538
vn -0.0001 0.8951 0.4458
vn -0.0002 0.8368 0.5475
vn 0.0077 0.8911 0.4538
vn 0.0001 0.9197 0.3926
vn -0.0001 0.8951 0.4458
vn 0.0077 0.8911 0.4538
vn 0.0009 0.9476 0.3194
vn 0.0001 0.9197 0.3926
vn 0.0765 0.0316 0.9966
vn 0.0264 0.5712 0.8204
vn 0.0194 0.3254 0.9454
vn 0.0700 0.8279 0.5564
vn 0.0077 0.8911 0.4538
vn 0.0264 0.5712 0.8204
vn 0.0700 0.8279 0.5564
vn 0.0264 0.5712 0.8204
vn 0.0765 0.0316 0.9966
vn -0.1116 0.2741 -0.9552
vn -0.0632 -0.0332 -0.9974
vn -0.0431 0.1264 -0.9910
vn -0.0632 -0.0332 -0.9974
vn -0.0011 0.0319 -0.9995
vn -0.0431 0.1264 -0.9910
vn -0.2847 0.7386 -0.6111
vn -0.2582 0.7434 -0.6170
vn -0.2794 0.6644 -0.6932
vn -0.2542 0.7971 -0.5477
vn -0.2700 0.7539 -0.5989
vn -0.2568 0.7904 -0.5562
vn -0.2700 0.7539 -0.5989
vn -0.2542 0.7971 -0.5477
vn -0.2778 0.7502 -0.6001
vn -0.1873 0.5182 -0.8345
vn -0.3403 0.5620 -0.7539
vn -0.2794 0.6644 -0.6932
vn -0.0010 0.0033 -1.0000
vn -0.0006 -0.1646 -0.9864
vn -0.0078 -0.0694 -0.9976
vn -0.1526 0.4573 -0.8761
vn -0.1873 0.5182 -0.8345
vn -0.2794 0.6644 -0.6932
vn -0.2700 0.7539 -0.5989
vn -0.2794 0.6644 -0.6932
vn -0.2582 0.7434 -0.6170
vn -0.2700 0.7539 -0.5989
vn -0.2582 0.7434 -0.6170
vn -0.2664 0.7706 -0.5790
vn -0.2664 0.7706 -0.5790
vn -0.2619 0.7813 -0.5665
vn -0.2700 0.7539 -0.5989
vn -0.0274 0.0924 -0.9953
vn -0.1873 0.5182 -0.8345
vn -0.1526 0.4573 -0.8761
vn -0.2619 0.7813 -0.5665
vn -0.2568 0.7904 -0.5562
vn -0.2700 0.7539 -0.5989
vn -0.0078 -0.0694 -0.9976
vn 0.0135 -0.7372 -0.6755
vn 0.0135 -0.7372 -0.6755
vn -0.2794 0.6644 -0.6932
vn -0.2770 0.4622 -0.8424
vn -0.1526 0.4573 -0.8761
vn -0.2700 0.7539 -0.5989
vn -0.2770 0.4622 -0.8424
vn -0.2794 0.6644 -0.6932
vn 0.0016 0.0058 -1.0000
vn -0.0019 0.0086 -1.0000
vn -0.0082 0.0395 -0.9992
vn 0.0016 0.0058 -1.0000
vn -0.0082 0.0395 -0.9992
vn -0.0431 0.1264 -0.9910
vn -0.0274 0.0924 -0.9953
vn -0.1116 0.2741 -0.9552
vn -0.0431 0.1264 -0.9910
vn -0.0082 0.0395 -0.9992
vn -0.0019 0.0086 -1.0000
vn -0.0431 0.1264 -0.9910
vn -0.1116 0.2741 -0.9552
vn -0.0274 0.0924 -0.9953
vn -0.1526 0.4573 -0.8761
vn -0.0274 0.0924 -0.9953
vn -0.0431 0.1264 -0.9910
vn -0.0019 0.0086 -1.0000
vn -0.0010 0.0033 -1.0000
vn -0.0019 0.0086 -1.0000
vn -0.0001 0.0035 -1.0000
vn -0.1526 0.4573 -0.8761
vn -0.2770 0.4622 -0.8424
vn -0.1116 0.2741 -0.9552
vn -0.0019 0.0086 -1.0000
vn -0.0078 -0.0694 -0.9976
vn -0.0274 0.0924 -0.9953
vn -0.0078 -0.0694 -0.9976
vn -0.0019 0.0086 -1.0000
vn -0.0010 0.0033 -1.0000
vn 0.0016 0.0058 -1.0000
vn -0.0431 0.1264 -0.9910
vn -0.0011 0.0319 -0.9995
vn 0.0016 0.0058 -1.0000
vn -0.0011 0.0319 -0.9995
vn 0.0020 -0.0133 -0.9999
vn 0.0020 -0.0133 -0.9999
vn 0.0411 -0.1064 -0.9935
vn 0.0016 0.0058 -1.0000
vn 0.0000 0.9202 -0.3914
vn 0.0000 0.9449 -0.3274
vn 0.0000 0.9459 -0.3244
vn 0.0000 0.9459 -0.3244
vn -0.0002 0.9099 -0.4148
vn 0.0000 0.9202 -0.3914
vn -0.0000 0.8950 -0.4461
vn 0.0000 0.9202 -0.3914
vn -0.0002 0.9099 -0.4148
vn -0.0002 0.9099 -0.4148
vn -0.0003 0.8852 -0.4652
vn -0.0000 0.8950 -0.4461
vn -0.0003 0.8358 -0.5490
vn -0.0000 0.8950 -0.4461
vn -0.0003 0.8852 -0.4652
vn -0.0003 0.8852 -0.4652
vn -0.0001 0.8237 -0.5670
vn -0.0003 0.8358 -0.5490
vn -0.0023 0.7902 -0.6128
vn -0.0003 0.8358 -0.5490
vn -0.0001 0.8237 -0.5670
vn -0.0001 0.8237 -0.5670
vn -0.0000 0.7738 -0.6334
vn -0.0023 0.7902 -0.6128
vn -0.0005 0.7294 -0.6841
vn -0.0023 0.7902 -0.6128
vn -0.0000 0.7738 -0.6334
vn -0.0000 0.7738 -0.6334
vn 0.0004 0.7113 -0.7029
vn -0.0005 0.7294 -0.6841
vn -0.0002 0.6609 -0.7504
vn -0.0005 0.7294 -0.6841
vn 0.0004 0.7113 -0.7029
vn 0.0004 0.7113 -0.7029
vn 0.0008 0.6405 -0.7680
vn -0.0002 0.6609 -0.7504
vn -0.0000 0.5971 -0.8022
vn -0.0002 0.6609 -0.7504
vn 0.0008 0.6405 -0.7680
vn 0.0008 0.6405 -0.7680
vn 0.0025 0.5792 -0.8152
vn -0.0000 0.5971 -0.8022
vn 0.0000 0.5285 -0.8489
vn -0.0000 0.5971 -0.8022
vn 0.0025 0.5792 -0.8152
vn 0.0000 0.1016 -0.9948
vn 0.0020 -0.0133 -0.9999
vn -0.0011 0.0319 -0.9995
vn -0.0011 0.0319 -0.9995
vn -0.0000 0.1195 -0.9928
vn 0.0000 0.1016 -0.9948
vn -0.0001 0.2196 -0.9756
vn 0.0000 0.1016 -0.9948
vn -0.0000 0.1195 -0.9928
vn -0.0000 0.1195 -0.9928
vn -0.0013 0.2360 -0.9717
vn -0.0001 0.2196 -0.9756
vn -0.0000 0.2662 -0.9639
vn -0.0001 0.2196 -0.9756
vn -0.0013 0.2360 -0.9717
vn -0.0013 0.2360 -0.9717
vn -0.0006 0.2920 -0.9564
vn -0.0000 0.2662 -0.9639
vn 0.0002 0.3686 -0.9296
vn -0.0000 0.2662 -0.9639
vn -0.0006 0.2920 -0.9564
vn -0.0006 0.2920 -0.9564
vn -0.0002 0.3869 -0.9221
vn 0.0002 0.3686 -0.9296
vn 0.0005 0.4277 -0.9039
vn 0.0002 0.3686 -0.9296
vn -0.0002 0.3869 -0.9221
vn -0.0002 0.3869 -0.9221
vn -0.0000 0.4523 -0.8919
vn 0.0005 0.4277 -0.9039
vn 0.0009 0.5077 -0.8615
vn 0.0005 0.4277 -0.9039
vn -0.0000 0.4523 -0.8919
vn -0.0000 0.4523 -0.8919
vn 0.0000 0.5285 -0.8489
vn 0.0009 0.5077 -0.8615
vn 0.0025 0.5792 -0.8152
vn 0.0009 0.5077 -0.8615
vn 0.0000 0.5285 -0.8489
vn 0.0108 0.8317 -0.5552
vn -0.0000 0.7738 -0.6334
vn -0.0001 0.8237 -0.5670
vn 0.0108 0.8317 -0.5552
vn -0.0001 0.8237 -0.5670
vn -0.0003 0.8852 -0.4652
vn 0.0108 0.8317 -0.5552
vn -0.0003 0.8852 -0.4652
vn -0.0002 0.9099 -0.4148
vn 0.0108 0.8317 -0.5552
vn -0.0002 0.9099 -0.4148
vn 0.0000 0.9459 -0.3244
vn 0.0108 0.8317 -0.5552
vn 0.0025 0.5792 -0.8152
vn 0.0008 0.6405 -0.7680
vn 0.0008 0.6405 -0.7680
vn 0.0004 0.7113 -0.7029
vn 0.0108 0.8317 -0.5552
vn 0.0108 0.8317 -0.5552
vn 0.0004 0.7113 -0.7029
vn -0.0000 0.7738 -0.6334
vn 0.0225 0.0202 -0.9995
vn 0.0020 -0.0133 -0.9999
vn 0.0000 0.1016 -0.9948
vn 0.0225 0.0202 -0.9995
vn 0.0000 0.1016 -0.9948
vn -0.0001 0.2196 -0.9756
vn 0.0225 0.0202 -0.9995
vn -0.0001 0.2196 -0.9756
vn -0.0000 0.2662 -0.9639
vn 0.0225 0.0202 -0.9995
vn -0.0000 0.2662 -0.9639
vn 0.0002 0.3686 -0.9296
vn 0.0225 0.0202 -0.9995
vn 0.0002 0.3686 -0.9296
vn 0.0005 0.4277 -0.9039
vn 0.0225 0.0202 -0.9995
vn 0.0005 0.4277 -0.9039
vn 0.0009 0.5077 -0.8615
vn 0.0009 0.5077 -0.8615
vn 0.0025 0.5792 -0.8152
vn 0.0225 0.0202 -0.9995
vn 0.1088 0.2713 -0.9563
vn 0.0493 0.0934 -0.9944
vn 0.0108 0.8317 -0.5552
vn 0.0025 0.5792 -0.8152
vn 0.0493 0.0934 -0.9944
vn 0.0225 0.0202 -0.9995
vn 0.0493 0.0934 -0.9944
vn 0.0025 0.5792 -0.8152
vn 0.0108 0.8317 -0.5552
vn -0.0006 -0.1646 -0.9864
vn 0.0041 -0.0391 -0.9992
vn 0.0024 -0.4191 -0.9079
vn 0.0024 -0.4191 -0.9079
vn -0.0000 -0.7071 -0.7071
vn -0.0006 -0.1646 -0.9864
vn 0.0125 0.9851 -0.1714
vn 0.0000 0.9864 -0.1646
vn 0.0002 0.9895 -0.1444
vn 0.0129 0.9814 -0.1916
vn 0.0125 0.9851 -0.1714
vn 0.0002 0.9895 -0.1444
vn 0.0000 0.9896 -0.1437
vn 0.0127 0.9917 -0.1281
vn 0.0129 0.9814 -0.1916
vn 0.0127 0.9917 -0.1281
vn 0.0000 0.9896 -0.1437
vn 0.0000 0.9917 -0.1288
vn 0.0127 0.9917 -0.1281
vn 0.0000 0.9917 -0.1288
vn 0.0001 0.9926 -0.1210
vn 0.0001 0.9926 -0.1210
vn 0.0055 0.9926 -0.1210
vn 0.0127 0.9917 -0.1281
vn 0.0013 0.9958 -0.0914
vn 0.0083 0.9917 -0.1287
vn 0.0002 0.9953 -0.0971
vn 0.0083 0.9917 -0.1287
vn 0.0001 0.9944 -0.1053
vn 0.0002 0.9953 -0.0971
vn 0.0002 0.9933 -0.1160
vn 0.0001 0.9944 -0.1053
vn 0.0083 0.9917 -0.1287
vn 0.0002 0.9933 -0.1160
vn 0.0083 0.9917 -0.1287
vn 0.0055 0.9926 -0.1210
vn -0.0004 0.9994 -0.0355
vn 0.0000 0.9979 -0.0651
vn -0.0000 0.9983 -0.0579
vn -0.0004 0.9994 -0.0355
vn -0.0001 0.9968 -0.0799
vn 0.0000 0.9979 -0.0651
vn -0.0001 0.9968 -0.0799
vn 0.0013 0.9958 -0.0914
vn 0.0000 0.9970 -0.0778
vn 0.0013 0.9958 -0.0914
vn -0.0002 0.9965 -0.0831
vn 0.0000 0.9970 -0.0778
vn 0.0026 0.9991 -0.0412
vn 0.0006 0.9991 -0.0433
vn -0.0000 0.9994 -0.0360
vn 0.0006 0.9991 -0.0433
vn 0.0040 0.9987 -0.0511
vn -0.0000 0.9987 -0.0504
vn -0.0000 0.9983 -0.0579
vn -0.0000 0.9987 -0.0504
vn 0.0040 0.9987 -0.0511
vn 0.0040 0.9987 -0.0511
vn -0.0004 0.9994 -0.0355
vn -0.0000 0.9983 -0.0579
vn -0.8594 0.5111 -0.0094
vn -0.8594 0.5111 -0.0094
vn -0.8594 0.5111 -0.0094
vn -0.0000 0.9996 -0.0292
vn 0.0003 0.9998 -0.0217
vn 0.0021 0.9995 -0.0300
vn 0.0021 0.9995 -0.0300
vn -0.0000 0.9994 -0.0360
vn -0.0000 0.9996 -0.0292
vn 0.0021 0.9995 -0.0300
vn 0.0026 0.9991 -0.0412
vn -0.0000 0.9994 -0.0360
vn 0.0002 0.9814 -0.1919
vn 0.0004 0.9858 -0.1679
vn 0.0230 0.9761 -0.2163
vn 0.0125 0.9851 -0.1714
vn 0.0230 0.9761 -0.2163
vn 0.0004 0.9858 -0.1679
vn 0.0283 0.9710 -0.2372
vn 0.0005 0.9821 -0.1884
vn 0.0230 0.9761 -0.2163
vn -0.0000 0.9768 -0.2141
vn 0.0005 0.9821 -0.1884
vn 0.0283 0.9710 -0.2372
vn 0.0283 0.9710 -0.2372
vn 0.0114 0.9654 -0.2604
vn 0.0001 0.9735 -0.2285
vn -0.0331 0.9343 -0.3549
vn 0.0114 0.9654 -0.2604
vn 0.0262 0.9466 -0.3212
vn -0.0071 0.9703 -0.2417
vn 0.0262 0.9466 -0.3212
vn 0.1637 0.9274 -0.3362
vn 0.1633 0.2497 -0.9545
vn 0.1088 0.2713 -0.9563
vn 0.0894 0.9069 -0.4117
vn 0.0020 -0.0133 -0.9999
vn 0.0225 0.0202 -0.9995
vn 0.0411 -0.1064 -0.9935
vn 0.0411 -0.1064 -0.9935
vn 0.0225 0.0202 -0.9995
vn 0.0493 0.0934 -0.9944
vn 0.0041 -0.0391 -0.9992
vn -0.0006 -0.1646 -0.9864
vn -0.0010 0.0033 -1.0000
vn 0.0016 0.0058 -1.0000
vn 0.0411 -0.1064 -0.9935
vn 0.0046 0.0164 -0.9999
vn -0.0019 0.0086 -1.0000
vn 0.0016 0.0058 -1.0000
vn 0.0046 0.0164 -0.9999
vn 0.0041 -0.0391 -0.9992
vn -0.0010 0.0033 -1.0000
vn -0.0001 0.0035 -1.0000
vn -0.0001 0.0035 -1.0000
vn 0.0046 0.0164 -0.9999
vn 0.0041 -0.0391 -0.9992
vn 0.0046 0.0164 -0.9999
vn -0.0001 0.0035 -1.0000
vn -0.0019 0.0086 -1.0000
vn 0.5529 0.5881 -0.5903
vn 0.6203 0.0184 -0.7841
vn 0.6389 -0.2279 -0.7347
vn 0.4816 -0.3062 -0.8211
vn 0.6389 -0.2279 -0.7347
vn 0.6203 0.0184 -0.7841
vn 0.2113 -0.1366 -0.9678
vn 0.4816 -0.3062 -0.8211
vn 0.3381 0.0126 -0.9410
vn 0.6203 0.0184 -0.7841
vn 0.3381 0.0126 -0.9410
vn 0.4816 -0.3062 -0.8211
vn 0.3381 0.0126 -0.9410
vn 0.0631 0.0289 -0.9976
vn 0.2113 -0.1366 -0.9678
vn 0.0631 0.0289 -0.9976
vn -0.1611 0.6433 -0.7484
vn -0.1611 0.6433 -0.7484
vn 0.0024 -0.4191 -0.9079
vn 0.0041 -0.0391 -0.9992
vn 0.2113 -0.1366 -0.9678
vn 0.1633 0.2497 -0.9545
vn 0.0787 0.4972 -0.8641
vn 0.1086 -0.4851 -0.8677
vn 0.1633 0.2497 -0.9545
vn 0.1463 -0.1425 -0.9789
vn 0.1035 -0.3806 -0.9189
vn 0.1035 -0.3806 -0.9189
vn 0.1088 0.2713 -0.9563
vn 0.1633 0.2497 -0.9545
vn 0.0411 -0.1064 -0.9935
vn 0.0493 0.0934 -0.9944
vn 0.1088 0.2713 -0.9563
vn 0.2113 -0.1366 -0.9678
vn 0.0041 -0.0391 -0.9992
vn 0.0046 0.0164 -0.9999
vn 0.0046 0.0164 -0.9999
vn 0.0411 -0.1064 -0.9935
vn 0.2113 -0.1366 -0.9678
vn 0.0411 -0.1064 -0.9935
vn 0.4816 -0.3062 -0.8211
vn 0.2113 -0.1366 -0.9678
vn 0.6389 -0.2279 -0.7347
vn 0.6526 -0.2882 -0.7008
vn 0.6620 -0.2374 -0.7109
vn 0.6389 -0.2279 -0.7347
vn 0.6249 -0.4015 -0.6695
vn 0.6526 -0.2882 -0.7008
vn 0.8573 -0.4583 0.2347
vn 0.8573 -0.4583 0.2347
vn 0.8573 -0.4583 0.2347
vn 0.4573 -0.7427 -0.4891
vn 0.5577 -0.5512 -0.6206
vn 0.0844 -0.9220 -0.3778
vn 0.3728 -0.8376 -0.3992
vn 0.4573 -0.7427 -0.4891
vn 0.0844 -0.9220 -0.3778
vn 0.0844 -0.9220 -0.3778
vn 0.3780 -0.8305 -0.4091
vn 0.3728 -0.8376 -0.3992
vn 0.0844 -0.9220 -0.3778
vn 0.0000 -1.0000 0.0006
vn 0.0571 -0.9964 -0.0619
vn 0.4816 -0.3062 -0.8211
vn 0.5577 -0.5512 -0.6206
vn 0.6389 -0.2279 -0.7347
vn 0.5577 -0.5512 -0.6206
vn 0.5987 -0.4834 -0.6386
vn 0.6389 -0.2279 -0.7347
vn 0.4816 -0.3062 -0.8211
vn 0.0411 -0.1064 -0.9935
vn 0.5000 -0.2510 -0.8289
vn 0.6620 -0.2374 -0.7109
vn 0.5913 -0.5001 -0.6327
vn 0.6389 -0.2279 -0.7347
vn 0.4816 -0.3062 -0.8211
vn 0.0844 -0.9220 -0.3778
vn 0.5577 -0.5512 -0.6206
vn 0.5987 -0.4834 -0.6386
vn 0.6249 -0.4015 -0.6695
vn 0.6389 -0.2279 -0.7347
vn 0.5913 -0.5001 -0.6327
vn 0.6597 -0.4074 -0.6315
vn 0.6789 -0.1228 -0.7238
vn 0.6789 -0.1228 -0.7238
vn 0.4826 -0.7066 -0.5175
vn 0.5913 -0.5001 -0.6327
vn 0.5344 -0.6079 -0.5873
vn 0.6389 -0.2279 -0.7347
vn 0.5913 -0.5001 -0.6327
vn 0.0138 -0.9971 -0.0753
vn -0.0007 -0.9999 -0.0109
vn 0.0377 -0.9397 -0.3399
vn 0.0377 -0.9397 -0.3399
vn 0.0839 -0.9029 -0.4216
vn 0.0697 -0.9354 -0.3466
vn 0.1463 -0.1425 -0.9789
vn 0.1698 -0.4966 -0.8512
vn 0.1584 -0.5639 -0.8105
vn 0.1463 -0.1425 -0.9789
vn 0.1919 -0.0219 -0.9812
vn 0.1908 -0.2533 -0.9484
vn 0.0844 -0.9220 -0.3778
vn 0.1035 -0.3806 -0.9189
vn 0.0377 -0.9397 -0.3399
vn 0.0340 -0.9847 -0.1710
vn 0.0138 -0.9971 -0.0753
vn 0.0377 -0.9397 -0.3399
vn 0.0844 -0.9220 -0.3778
vn 0.0254 -0.9017 -0.4316
vn 0.1035 -0.3806 -0.9189
vn 0.0537 -0.9625 -0.2660
vn 0.0340 -0.9847 -0.1710
vn 0.0377 -0.9397 -0.3399
vn 0.0697 -0.9354 -0.3466
vn 0.0537 -0.9625 -0.2660
vn 0.0377 -0.9397 -0.3399
vn 0.0981 -0.8606 -0.4997
vn 0.0839 -0.9029 -0.4216
vn 0.0377 -0.9397 -0.3399
vn 0.0377 -0.9397 -0.3399
vn 0.1035 -0.3806 -0.9189
vn 0.1040 -0.8244 -0.5564
vn 0.1040 -0.8244 -0.5564
vn 0.0981 -0.8606 -0.4997
vn 0.0377 -0.9397 -0.3399
vn 0.1485 -0.6495 -0.7457
vn 0.1040 -0.8244 -0.5564
vn 0.1035 -0.3806 -0.9189
vn 0.1040 -0.8244 -0.5564
vn 0.1485 -0.6495 -0.7457
vn 0.1282 -0.7547 -0.6434
vn 0.1035 -0.3806 -0.9189
vn 0.1463 -0.1425 -0.9789
vn 0.1485 -0.6495 -0.7457
vn 0.1584 -0.5639 -0.8105
vn 0.1516 -0.6339 -0.7584
vn 0.1485 -0.6495 -0.7457
vn 0.1584 -0.5639 -0.8105
vn 0.1485 -0.6495 -0.7457
vn 0.1463 -0.1425 -0.9789
vn 0.1791 -0.4152 -0.8920
vn 0.1698 -0.4966 -0.8512
vn 0.1463 -0.1425 -0.9789
vn 0.1863 -0.3305 -0.9252
vn 0.1791 -0.4152 -0.8920
vn 0.1463 -0.1425 -0.9789
vn 0.1908 -0.2533 -0.9484
vn 0.1863 -0.3305 -0.9252
vn 0.1463 -0.1425 -0.9789
vn 0.0411 -0.1064 -0.9935
vn 0.1088 0.2713 -0.9563
vn 0.1035 -0.3806 -0.9189
vn 0.1633 0.2497 -0.9545
vn 0.1919 -0.0219 -0.9812
vn 0.1463 -0.1425 -0.9789
vn 0.0239 -0.9919 -0.1250
vn -0.0007 -0.9999 -0.0109
vn 0.0138 -0.9971 -0.0753
vn 0.0138 -0.9971 -0.0753
vn 0.0124 -0.9979 -0.0637
vn 0.0239 -0.9919 -0.1250
vn 0.0352 -0.9860 -0.1627
vn 0.0124 -0.9979 -0.0637
vn 0.0138 -0.9971 -0.0753
vn 0.0138 -0.9971 -0.0753
vn 0.0340 -0.9847 -0.1710
vn 0.0352 -0.9860 -0.1627
vn 0.0406 -0.9825 -0.1817
vn 0.0352 -0.9860 -0.1627
vn 0.0340 -0.9847 -0.1710
vn 0.0493 -0.9688 -0.2430
vn 0.0406 -0.9825 -0.1817
vn 0.0340 -0.9847 -0.1710
vn 0.0340 -0.9847 -0.1710
vn 0.0537 -0.9625 -0.2660
vn 0.0493 -0.9688 -0.2430
vn 0.0633 -0.9451 -0.3206
vn 0.0493 -0.9688 -0.2430
vn 0.0537 -0.9625 -0.2660
vn 0.0537 -0.9625 -0.2660
vn 0.0697 -0.9354 -0.3466
vn 0.0633 -0.9451 -0.3206
vn 0.0786 -0.9122 -0.4020
vn 0.0633 -0.9451 -0.3206
vn 0.0697 -0.9354 -0.3466
vn 0.0697 -0.9354 -0.3466
vn 0.0839 -0.9029 -0.4216
vn 0.0786 -0.9122 -0.4020
vn 0.0931 -0.8742 -0.4766
vn 0.0786 -0.9122 -0.4020
vn 0.0839 -0.9029 -0.4216
vn 0.0839 -0.9029 -0.4216
vn 0.0981 -0.8606 -0.4997
vn 0.0931 -0.8742 -0.4766
vn 0.1084 -0.8277 -0.5506
vn 0.0931 -0.8742 -0.4766
vn 0.0981 -0.8606 -0.4997
vn 0.0981 -0.8606 -0.4997
vn 0.1040 -0.8244 -0.5564
vn 0.1084 -0.8277 -0.5506
vn 0.1236 -0.7747 -0.6202
vn 0.1084 -0.8277 -0.5506
vn 0.1040 -0.8244 -0.5564
vn 0.1040 -0.8244 -0.5564
vn 0.1282 -0.7547 -0.6434
vn 0.1236 -0.7747 -0.6202
vn 0.1406 -0.7038 -0.6963
vn 0.1236 -0.7747 -0.6202
vn 0.1282 -0.7547 -0.6434
vn 0.1282 -0.7547 -0.6434
vn 0.1485 -0.6495 -0.7457
vn 0.1406 -0.7038 -0.6963
vn 0.1485 -0.6495 -0.7457
vn 0.1516 -0.6339 -0.7584
vn 0.1406 -0.7038 -0.6963
vn 0.1561 -0.6415 -0.7511
vn 0.1406 -0.7038 -0.6963
vn 0.1516 -0.6339 -0.7584
vn 0.1436 -0.6172 -0.7736
vn 0.1561 -0.6415 -0.7511
vn 0.1516 -0.6339 -0.7584
vn 0.1516 -0.6339 -0.7584
vn 0.1584 -0.5639 -0.8105
vn 0.1436 -0.6172 -0.7736
vn 0.1679 -0.5187 -0.8383
vn 0.1436 -0.6172 -0.7736
vn 0.1584 -0.5639 -0.8105
vn 0.1584 -0.5639 -0.8105
vn 0.1698 -0.4966 -0.8512
vn 0.1679 -0.5187 -0.8383
vn 0.2115 -0.4454 -0.8700
vn 0.1679 -0.5187 -0.8383
vn 0.1698 -0.4966 -0.8512
vn 0.1698 -0.4966 -0.8512
vn 0.1791 -0.4152 -0.8920
vn 0.2115 -0.4454 -0.8700
vn 0.1836 -0.3627 -0.9136
vn 0.2115 -0.4454 -0.8700
vn 0.1791 -0.4152 -0.8920
vn 0.1791 -0.4152 -0.8920
vn 0.1863 -0.3305 -0.9252
vn 0.1836 -0.3627 -0.9136
vn 0.1877 -0.2833 -0.9405
vn 0.1836 -0.3627 -0.9136
vn 0.1863 -0.3305 -0.9252
vn 0.1863 -0.3305 -0.9252
vn 0.1908 -0.2533 -0.9484
vn 0.1877 -0.2833 -0.9405
vn 0.1885 -0.2653 -0.9456
vn 0.1877 -0.2833 -0.9405
vn 0.1908 -0.2533 -0.9484
vn 0.1908 -0.2533 -0.9484
vn 0.1919 -0.0219 -0.9812
vn 0.1885 -0.2653 -0.9456
vn 0.1740 -0.2115 -0.9618
vn 0.1885 -0.2653 -0.9456
vn 0.1919 -0.0219 -0.9812
vn 0.1919 -0.0219 -0.9812
vn 0.1633 0.2497 -0.9545
vn 0.1740 -0.2115 -0.9618
vn 0.1086 -0.4851 -0.8677
vn 0.1740 -0.2115 -0.9618
vn 0.1633 0.2497 -0.9545
vn 0.0571 -0.9964 -0.0619
vn 0.0000 -1.0000 0.0006
vn 0.0002 -1.0000 -0.0002
vn 0.0571 -0.9964 -0.0619
vn 0.0002 -1.0000 -0.0002
vn -0.0024 -0.9986 -0.0530
vn 0.1772 -0.9652 -0.1923
vn 0.0844 -0.9220 -0.3778
vn 0.0571 -0.9964 -0.0619
vn 0.0571 -0.9964 -0.0619
vn -0.0024 -0.9986 -0.0530
vn 0.1772 -0.9652 -0.1923
vn 0.1943 -0.9597 -0.2032
vn 0.3728 -0.8376 -0.3992
vn 0.3780 -0.8305 -0.4091
vn 0.1772 -0.9652 -0.1923
vn 0.1943 -0.9597 -0.2032
vn 0.3780 -0.8305 -0.4091
vn 0.3780 -0.8305 -0.4091
vn 0.0844 -0.9220 -0.3778
vn 0.1772 -0.9652 -0.1923
vn 0.5369 -0.6146 -0.5780
vn 0.6106 -0.5177 -0.5994
vn 0.5577 -0.5512 -0.6206
vn 0.1943 -0.9597 -0.2032
vn 0.0506 -0.9983 -0.0279
vn -0.3654 -0.8382 0.4048
vn 0.0506 -0.9983 -0.0279
vn 0.4869 -0.7009 -0.5213
vn 0.3728 -0.8376 -0.3992
vn 0.4573 -0.7427 -0.4891
vn 0.3728 -0.8376 -0.3992
vn 0.4869 -0.7009 -0.5213
vn 0.4869 -0.7009 -0.5213
vn 0.4801 -0.7105 -0.5144
vn 0.4573 -0.7427 -0.4891
vn 0.5045 -0.6731 -0.5407
vn 0.4573 -0.7427 -0.4891
vn 0.4801 -0.7105 -0.5144
vn 0.4801 -0.7105 -0.5144
vn 0.5369 -0.6146 -0.5780
vn 0.5045 -0.6731 -0.5407
vn 0.5577 -0.5512 -0.6206
vn 0.5045 -0.6731 -0.5407
vn 0.5369 -0.6146 -0.5780
vn 0.6283 -0.3947 -0.6704
vn 0.6597 -0.4074 -0.6315
vn 0.5913 -0.5001 -0.6327
vn 0.5913 -0.5001 -0.6327
vn 0.6620 -0.2374 -0.7109
vn 0.6283 -0.3947 -0.6704
vn 0.6433 -0.3353 -0.6883
vn 0.6283 -0.3947 -0.6704
vn 0.6620 -0.2374 -0.7109
vn 0.6526 -0.2882 -0.7008
vn 0.6249 -0.4015 -0.6695
vn 0.6433 -0.3353 -0.6883
vn 0.6106 -0.5177 -0.5994
vn 0.6433 -0.3353 -0.6883
vn 0.6249 -0.4015 -0.6695
vn 0.6249 -0.4015 -0.6695
vn 0.5987 -0.4834 -0.6386
vn 0.6106 -0.5177 -0.5994
vn 0.5987 -0.4834 -0.6386
vn 0.5577 -0.5512 -0.6206
vn 0.6106 -0.5177 -0.5994
vn 0.6620 -0.2374 -0.7109
vn 0.6526 -0.2882 -0.7008
vn 0.6433 -0.3353 -0.6883
vn 0.0506 -0.9983 -0.0279
vn -0.0024 -0.9986 -0.0530
vn -0.0487 -0.9982 -0.0353
vn -0.0024 -0.9986 -0.0530
vn 0.0506 -0.9983 -0.0279
vn 0.1943 -0.9597 -0.2032
vn 0.1943 -0.9597 -0.2032
vn 0.1772 -0.9652 -0.1923
vn -0.0024 -0.9986 -0.0530
vn 0.0506 -0.9983 -0.0279
vn 0.4801 -0.7105 -0.5144
vn 0.4869 -0.7009 -0.5213
vn 0.8383 -0.4807 -0.2572
vn 0.6106 -0.5177 -0.5994
vn 0.0506 -0.9983 -0.0279
vn 0.5281 -0.5780 -0.6221
vn 0.6106 -0.5177 -0.5994
vn 0.5369 -0.6146 -0.5780
vn 0.5369 -0.6146 -0.5780
vn 0.4801 -0.7105 -0.5144
vn 0.0506 -0.9983 -0.0279
vn 0.9007 -0.3247 -0.2886
vn 0.9007 -0.3247 -0.2886
vn 0.8383 -0.4807 -0.2572
vn 0.0515 -0.9986 0.0095
vn 0.8383 -0.4807 -0.2572
vn 0.0062 -0.9997 -0.0255
vn 0.6597 -0.4074 -0.6315
vn 0.6283 -0.3947 -0.6704
vn 0.6433 -0.3353 -0.6883
vn 0.6433 -0.3353 -0.6883
vn 0.6106 -0.5177 -0.5994
vn 0.6597 -0.4074 -0.6315
vn 0.6106 -0.5177 -0.5994
vn 0.8383 -0.4807 -0.2572
vn 0.6597 -0.4074 -0.6315
vn 0.4897 -0.7350 -0.4690
vn 0.6789 -0.1228 -0.7238
vn 0.6597 -0.4074 -0.6315
vn 0.8383 -0.4807 -0.2572
vn 0.4842 -0.8594 -0.1643
vn 0.6597 -0.4074 -0.6315
vn 0.9855 -0.1566 -0.0655
vn 0.8383 -0.4807 -0.2572
vn 0.9840 0.0418 -0.1730
vn 0.9403 -0.3394 0.0240
vn 0.9855 -0.1566 -0.0655
vn 0.8651 -0.5015 -0.0001
vn 0.3516 -0.8578 0.3750
vn 0.4148 -0.7944 0.4438
vn 0.0366 -0.9993 0.0101
vn 0.2924 -0.9041 0.3116
vn 0.3516 -0.8578 0.3750
vn 0.0366 -0.9993 0.0101
vn 0.0366 -0.9993 0.0101
vn 0.2359 -0.9389 0.2506
vn 0.2924 -0.9041 0.3116
vn 0.0366 -0.9993 0.0101
vn 0.1726 -0.9677 0.1835
vn 0.2359 -0.9389 0.2506
vn 0.0366 -0.9993 0.0101
vn 0.0905 -0.9911 0.0971
vn 0.1726 -0.9677 0.1835
vn 0.0905 -0.9911 0.0971
vn 0.0366 -0.9993 0.0101
vn -0.0206 -0.9977 0.0643
vn -0.0206 -0.9977 0.0643
vn 0.0002 -1.0000 -0.0006
vn 0.0905 -0.9911 0.0971
vn 0.9040 -0.2257 0.3631
vn 0.9040 -0.2257 0.3631
vn 0.7921 -0.3287 0.5143
vn 0.0515 -0.9986 0.0095
vn 0.0367 -0.9992 0.0179
vn 0.8050 -0.5761 0.1417
vn 0.0366 -0.9993 0.0101
vn 0.4148 -0.7944 0.4438
vn 0.4779 -0.7128 0.5134
vn 0.4779 -0.7128 0.5134
vn 0.5462 -0.5954 0.5892
vn 0.0366 -0.9993 0.0101
vn 0.5462 -0.5954 0.5892
vn 0.5884 -0.5082 0.6289
vn 0.4715 -0.5222 0.7106
vn 0.7921 -0.3287 0.5143
vn 0.0366 -0.9993 0.0101
vn 0.5884 -0.5082 0.6289
vn 0.5884 -0.5082 0.6289
vn 0.5606 -0.5742 0.5966
vn 0.7921 -0.3287 0.5143
vn 0.7921 -0.3287 0.5143
vn 0.8050 -0.5761 0.1417
vn 0.8931 -0.2821 0.3503
vn 0.6751 -0.1870 0.7136
vn 0.6836 0.0024 0.7298
vn 0.8308 -0.1849 0.5250
vn 0.8050 -0.5761 0.1417
vn 0.9403 -0.3394 0.0240
vn 0.9695 -0.2186 0.1107
vn 0.8308 -0.1849 0.5250
vn 0.8050 -0.5761 0.1417
vn 0.7921 -0.3287 0.5143
vn 0.8308 -0.1849 0.5250
vn 0.7921 -0.3287 0.5143
vn 0.6751 -0.1870 0.7136
vn 0.0506 -0.9972 0.0558
vn 0.0905 -0.9911 0.0971
vn 0.0002 -1.0000 -0.0006
vn 0.0002 -1.0000 -0.0006
vn -0.0002 -1.0000 0.0002
vn 0.0506 -0.9972 0.0558
vn 0.0506 -0.9972 0.0558
vn 0.1310 -0.9809 0.1435
vn 0.0905 -0.9911 0.0971
vn 0.1726 -0.9677 0.1835
vn 0.0905 -0.9911 0.0971
vn 0.1310 -0.9809 0.1435
vn 0.1310 -0.9809 0.1435
vn 0.1922 -0.9587 0.2097
vn 0.1726 -0.9677 0.1835
vn 0.2359 -0.9389 0.2506
vn 0.1726 -0.9677 0.1835
vn 0.1922 -0.9587 0.2097
vn 0.1922 -0.9587 0.2097
vn 0.2542 -0.9264 0.2780
vn 0.2359 -0.9389 0.2506
vn 0.2924 -0.9041 0.3116
vn 0.2359 -0.9389 0.2506
vn 0.2542 -0.9264 0.2780
vn 0.2542 -0.9264 0.2780
vn 0.2993 -0.8967 0.3262
vn 0.2924 -0.9041 0.3116
vn 0.3516 -0.8578 0.3750
vn 0.2924 -0.9041 0.3116
vn 0.2993 -0.8967 0.3262
vn 0.2993 -0.8967 0.3262
vn 0.3640 -0.8437 0.3944
vn 0.3516 -0.8578 0.3750
vn 0.4148 -0.7944 0.4438
vn 0.3516 -0.8578 0.3750
vn 0.3640 -0.8437 0.3944
vn 0.3640 -0.8437 0.3944
vn 0.4279 -0.7768 0.4621
vn 0.4148 -0.7944 0.4438
vn 0.4279 -0.7768 0.4621
vn 0.4779 -0.7128 0.5134
vn 0.4148 -0.7944 0.4438
vn 0.6616 -0.2461 0.7084
vn 0.5800 -0.5185 0.6283
vn 0.6751 -0.1870 0.7136
vn 0.6751 -0.1870 0.7136
vn 0.7921 -0.3287 0.5143
vn 0.6616 -0.2461 0.7084
vn 0.2423 -0.9369 0.2519
vn 0.2423 -0.9369 0.2519
vn 0.5606 -0.5742 0.5966
vn 0.5606 -0.5742 0.5966
vn 0.6225 -0.4028 0.6710
vn 0.6616 -0.2461 0.7084
vn 0.5606 -0.5742 0.5966
vn 0.5884 -0.5082 0.6289
vn 0.6225 -0.4028 0.6710
vn 0.5831 -0.5150 0.6283
vn 0.6225 -0.4028 0.6710
vn 0.5884 -0.5082 0.6289
vn 0.5884 -0.5082 0.6289
vn 0.5462 -0.5954 0.5892
vn 0.5831 -0.5150 0.6283
vn 0.5295 -0.6241 0.5746
vn 0.5831 -0.5150 0.6283
vn 0.5462 -0.5954 0.5892
vn 0.5113 -0.6611 0.5491
vn 0.5295 -0.6241 0.5746
vn 0.5462 -0.5954 0.5892
vn 0.5462 -0.5954 0.5892
vn 0.4779 -0.7128 0.5134
vn 0.5113 -0.6611 0.5491
vn 0.4536 -0.7441 0.4905
vn 0.5113 -0.6611 0.5491
vn 0.4779 -0.7128 0.5134
vn 0.4279 -0.7768 0.4621
vn 0.4536 -0.7441 0.4905
vn 0.4779 -0.7128 0.5134
vn 0.6836 0.0024 0.7298
vn 0.6751 -0.1870 0.7136
vn 0.5800 -0.5185 0.6283
vn 0.5800 -0.5185 0.6283
vn 0.6734 -0.0795 0.7350
vn 0.6836 0.0024 0.7298
vn 0.6734 -0.0795 0.7350
vn 0.5800 -0.5185 0.6283
vn 0.5712 -0.0521 0.8191
vn 0.2014 -0.8127 0.5468
vn 0.2014 -0.8127 0.5468
vn 0.1657 -0.1775 0.9701
vn 0.4296 0.3207 0.8441
vn 0.5712 -0.0521 0.8191
vn 0.1657 -0.1775 0.9701
vn 0.3502 -0.8173 0.4575
vn 0.3502 -0.8173 0.4575
vn 0.3502 -0.8173 0.4575
vn 0.0044 -0.1052 0.9944
vn 0.0015 -0.0012 1.0000
vn -0.0031 -0.0031 1.0000
vn -0.0008 0.0069 1.0000
vn -0.0031 -0.0031 1.0000
vn 0.0015 -0.0012 1.0000
vn 0.0765 0.0316 0.9966
vn 0.1069 -0.3412 0.9339
vn 0.1035 -0.0449 0.9936
vn 0.0765 0.0316 0.9966
vn 0.0194 0.3254 0.9454
vn 0.0200 0.0085 0.9998
vn 0.0015 -0.0012 1.0000
vn 0.0200 0.0085 0.9998
vn 0.0008 0.0172 0.9999
vn 0.0054 0.9726 0.2325
vn 0.0001 0.9717 0.2363
vn 0.0416 0.9614 0.2721
vn 0.0416 0.9614 0.2721
vn 0.0001 0.9717 0.2363
vn -0.0018 0.9492 0.3146
vn 0.0700 0.8279 0.5564
vn 0.0416 0.9614 0.2721
vn -0.0018 0.9492 0.3146
vn -0.0018 0.9492 0.3146
vn -0.0179 0.8910 0.4537
vn 0.0700 0.8279 0.5564
vn 0.0054 0.9726 0.2325
vn 0.0221 0.9752 0.2200
vn 0.0002 0.9766 0.2152
vn 0.0002 0.9766 0.2152
vn 0.0000 0.9745 0.2243
vn 0.0054 0.9726 0.2325
vn 0.0001 0.9809 0.1947
vn 0.0001 0.9783 0.2073
vn 0.0221 0.9752 0.2200
vn 0.0098 0.9820 0.1884
vn 0.0001 0.9809 0.1947
vn 0.0221 0.9752 0.2200
vn 0.0000 0.9844 0.1759
vn -0.0001 0.9828 0.1844
vn 0.0078 0.9863 0.1647
vn 0.0078 0.9863 0.1647
vn -0.0001 0.9828 0.1844
vn 0.0098 0.9820 0.1884
vn 0.0078 0.9863 0.1647
vn 0.0070 0.9848 0.1735
vn 0.0001 0.9875 0.1576
vn 0.0055 0.9945 0.1045
vn 0.0033 0.9960 0.0888
vn -0.0000 0.9954 0.0958
vn -0.0000 0.9954 0.0958
vn 0.0015 0.9949 0.1012
vn 0.0055 0.9945 0.1045
vn 0.0000 0.9943 0.1063
vn -0.0038 0.9968 0.0793
vn 0.0015 0.9949 0.1012
vn 0.0000 0.9943 0.1063
vn 0.0000 0.9936 0.1131
vn -0.0038 0.9968 0.0793
vn -0.0038 0.9968 0.0793
vn 0.0000 0.9936 0.1131
vn -0.0000 0.9928 0.1194
vn -0.0038 0.9968 0.0793
vn -0.0000 0.9928 0.1194
vn -0.0000 0.9919 0.1273
vn -0.0038 0.9968 0.0793
vn -0.0000 0.9919 0.1273
vn 0.0002 0.9895 0.1448
vn 0.0070 0.9848 0.1735
vn -0.0038 0.9968 0.0793
vn 0.0002 0.9895 0.1448
vn -0.0001 0.9971 0.0760
vn 0.0023 0.9970 0.0774
vn 0.0007 0.9976 0.0689
vn 0.0023 0.9970 0.0774
vn -0.0001 0.9971 0.0760
vn -0.0000 0.9969 0.0783
vn -0.0000 0.9969 0.0783
vn 0.0033 0.9960 0.0888
vn 0.0023 0.9970 0.0774
vn 0.0033 0.9960 0.0888
vn -0.0000 0.9969 0.0783
vn -0.0000 0.9962 0.0876
vn -0.0000 0.9962 0.0876
vn -0.0000 0.9954 0.0958
vn 0.0033 0.9960 0.0888
vn -0.0000 0.9986 0.0536
vn 0.0019 0.9985 0.0546
vn 0.0004 0.9989 0.0478
vn 0.0019 0.9985 0.0546
vn -0.0000 0.9986 0.0536
vn 0.0000 0.9981 0.0609
vn 0.0000 0.9981 0.0609
vn 0.0007 0.9976 0.0689
vn 0.0019 0.9985 0.0546
vn 1.0000 0.0000 0.0000
vn 1.0000 0.0000 0.0000
vn 1.0000 0.0000 0.0000
vn -1.0000 0.0000 0.0000
vn -1.0000 0.0000 0.0000
vn -1.0000 0.0000 0.0000
vn 0.9851 0.1717 0.0043
vn 0.9851 0.1717 0.0043
vn 0.9851 0.1717 0.0043
vn 0.0005 0.9997 0.0241
vn 0.0000 0.9997 0.0265
vn -0.0000 0.9995 0.0324
vn -0.0000 0.9995 0.0324
vn 0.0007 0.9994 0.0348
vn 0.0005 0.9997 0.0241
vn 0.0007 0.9994 0.0348
vn -0.0000 0.9995 0.0324
vn -0.0000 0.9992 0.0390
vn -0.0000 0.9992 0.0390
vn 0.0004 0.9989 0.0478
vn 0.0007 0.9994 0.0348
vn 0.1770 0.3677 0.9130
vn 0.0756 0.9308 0.3577
vn 0.0655 0.9492 0.3079
vn 0.0655 0.9492 0.3079
vn 0.0700 0.8279 0.5564
vn 0.0347 0.9977 0.0577
vn 0.1678 0.0318 0.9853
vn 0.1770 0.3677 0.9130
vn 0.0700 0.8279 0.5564
vn 0.2071 0.0310 0.9778
vn 0.0756 0.9308 0.3577
vn 0.1770 0.3677 0.9130
vn 0.1770 0.3677 0.9130
vn 0.1678 0.0318 0.9853
vn 0.2071 0.0310 0.9778
vn 0.0015 -0.0012 1.0000
vn 0.0044 -0.1052 0.9944
vn 0.1657 -0.1775 0.9701
vn 0.1657 -0.1775 0.9701
vn 0.1069 -0.3412 0.9339
vn 0.0015 -0.0012 1.0000
vn 0.3733 0.5098 0.7751
vn 0.1657 -0.1775 0.9701
vn 0.5712 -0.0521 0.8191
vn 0.5049 -0.4719 0.7228
vn 0.5712 -0.0521 0.8191
vn 0.5800 -0.5185 0.6283
vn 0.0897 -0.9255 0.3680
vn 0.0506 -0.9972 0.0558
vn -0.0002 -1.0000 0.0002
vn 0.1310 -0.9809 0.1435
vn 0.0506 -0.9972 0.0558
vn 0.0897 -0.9255 0.3680
vn 0.5800 -0.5185 0.6283
vn 0.6616 -0.2461 0.7084
vn 0.5049 -0.4719 0.7228
vn 0.5049 -0.4719 0.7228
vn 0.6616 -0.2461 0.7084
vn 0.6225 -0.4028 0.6710
vn 0.5049 -0.4719 0.7228
vn 0.6225 -0.4028 0.6710
vn 0.5831 -0.5150 0.6283
vn 0.5049 -0.4719 0.7228
vn 0.5831 -0.5150 0.6283
vn 0.5295 -0.6241 0.5746
vn 0.5295 -0.6241 0.5746
vn 0.0897 -0.9255 0.3680
vn 0.5049 -0.4719 0.7228
vn 0.0897 -0.9255 0.3680
vn 0.5295 -0.6241 0.5746
vn 0.5113 -0.6611 0.5491
vn 0.0897 -0.9255 0.3680
vn 0.5113 -0.6611 0.5491
vn 0.4536 -0.7441 0.4905
vn 0.0897 -0.9255 0.3680
vn 0.4536 -0.7441 0.4905
vn 0.4279 -0.7768 0.4621
vn 0.0897 -0.9255 0.3680
vn 0.4279 -0.7768 0.4621
vn 0.3640 -0.8437 0.3944
vn 0.0897 -0.9255 0.3680
vn 0.3640 -0.8437 0.3944
vn 0.2993 -0.8967 0.3262
vn 0.0897 -0.9255 0.3680
vn 0.2993 -0.8967 0.3262
vn 0.2542 -0.9264 0.2780
vn 0.0897 -0.9255 0.3680
vn 0.2542 -0.9264 0.2780
vn 0.1922 -0.9587 0.2097
vn 0.5049 -0.4719 0.7228
vn 0.0897 -0.9255 0.3680
vn 0.1069 -0.3412 0.9339
vn 0.0897 -0.9255 0.3680
vn 0.1922 -0.9587 0.2097
vn 0.1310 -0.9809 0.1435
vn 0.5049 -0.4719 0.7228
vn 0.1069 -0.3412 0.9339
vn 0.1657 -0.1775 0.9701
vn 0.1891 -0.0223 0.9817
vn 0.1424 -0.4142 0.8990
vn 0.1858 -0.1106 0.9763
vn 0.1424 -0.4142 0.8990
vn 0.1877 -0.1901 0.9636
vn 0.1858 -0.1106 0.9763
vn 0.1869 -0.2800 0.9416
vn 0.1877 -0.1901 0.9636
vn 0.1424 -0.4142 0.8990
vn 0.1841 -0.3600 0.9146
vn 0.1869 -0.2800 0.9416
vn 0.1424 -0.4142 0.8990
vn 0.1424 -0.4142 0.8990
vn 0.1796 -0.4357 0.8820
vn 0.1841 -0.3600 0.9146
vn 0.1724 -0.5139 0.8404
vn 0.1796 -0.4357 0.8820
vn 0.1424 -0.4142 0.8990
vn 0.1635 -0.5870 0.7929
vn 0.1724 -0.5139 0.8404
vn 0.1424 -0.4142 0.8990
vn 0.1558 -0.6452 0.7480
vn 0.1635 -0.5870 0.7929
vn 0.1424 -0.4142 0.8990
vn 0.1412 -0.7080 0.6919
vn 0.1558 -0.6452 0.7480
vn 0.1424 -0.4142 0.8990
vn 0.1253 -0.7771 0.6168
vn 0.1412 -0.7080 0.6919
vn 0.1424 -0.4142 0.8990
vn 0.1089 -0.8299 0.5472
vn 0.1253 -0.7771 0.6168
vn 0.1424 -0.4142 0.8990
vn 0.1424 -0.4142 0.8990
vn 0.0905 -0.8767 0.4724
vn 0.1089 -0.8299 0.5472
vn 0.1424 -0.4142 0.8990
vn 0.0723 -0.9136 0.4000
vn 0.0905 -0.8767 0.4724
vn 0.0616 -0.9352 0.3486
vn 0.0723 -0.9136 0.4000
vn 0.1424 -0.4142 0.8990
vn 0.1424 -0.4142 0.8990
vn 0.0753 -0.8907 0.4484
vn 0.0616 -0.9352 0.3486
vn 0.0561 -0.9583 0.2801
vn 0.0616 -0.9352 0.3486
vn 0.0753 -0.8907 0.4484
vn 0.0392 -0.9795 0.1975
vn 0.0561 -0.9583 0.2801
vn 0.0753 -0.8907 0.4484
vn 0.0392 -0.9795 0.1975
vn 0.0753 -0.8907 0.4484
vn 0.0307 -0.9868 0.1593
vn 0.0089 -0.9973 0.0733
vn 0.0307 -0.9868 0.1593
vn 0.0021 -0.9999 0.0135
vn 0.1069 -0.3412 0.9339
vn 0.0897 -0.9255 0.3680
vn 0.0402 -0.9180 0.3945
vn 0.0402 -0.9180 0.3945
vn 0.0897 -0.9255 0.3680
vn 0.0021 -0.9999 0.0135
vn 0.0021 -0.9999 0.0135
vn 0.0307 -0.9868 0.1593
vn 0.0402 -0.9180 0.3945
vn 0.0402 -0.9180 0.3945
vn 0.1104 -0.3348 0.9358
vn 0.1069 -0.3412 0.9339
vn 0.0307 -0.9868 0.1593
vn 0.0753 -0.8907 0.4484
vn 0.0402 -0.9180 0.3945
vn 0.1104 -0.3348 0.9358
vn 0.0402 -0.9180 0.3945
vn 0.0753 -0.8907 0.4484
vn 0.1678 0.0318 0.9853
vn 0.1104 -0.3348 0.9358
vn 0.1424 -0.4142 0.8990
vn 0.1424 -0.4142 0.8990
vn 0.1104 -0.3348 0.9358
vn 0.0753 -0.8907 0.4484
vn 0.1424 -0.4142 0.8990
vn 0.1891 -0.0223 0.9817
vn 0.1678 0.0318 0.9853
vn 0.1069 -0.3412 0.9339
vn 0.0200 0.0085 0.9998
vn 0.0015 -0.0012 1.0000
vn 0.0765 0.0316 0.9966
vn 0.0200 0.0085 0.9998
vn 0.1069 -0.3412 0.9339
vn 0.1069 -0.3412 0.9339
vn 0.1104 -0.3348 0.9358
vn 0.1153 -0.0684 0.9910
vn 0.1104 -0.3348 0.9358
vn 0.1678 0.0318 0.9853
vn 0.0855 -0.0886 0.9924
vn 0.0089 -0.9973 0.0733
vn 0.0021 -0.9999 0.0135
vn -0.0274 -0.9956 -0.0897
vn -0.0274 -0.9956 -0.0897
vn -0.1690 -0.5960 -0.7850
vn -0.1690 -0.5960 -0.7850
vn -0.0423 -0.9795 0.1968
vn 0.0643 -0.9382 0.3402
vn 0.0089 -0.9973 0.0733
vn 0.0307 -0.9868 0.1593
vn 0.0089 -0.9973 0.0733
vn 0.0643 -0.9382 0.3402
vn 0.0392 -0.9795 0.1975
vn 0.0307 -0.9868 0.1593
vn 0.0643 -0.9382 0.3402
vn 0.0643 -0.9382 0.3402
vn 0.0362 -0.9698 0.2410
vn 0.0392 -0.9795 0.1975
vn 0.0561 -0.9583 0.2801
vn 0.0392 -0.9795 0.1975
vn 0.0362 -0.9698 0.2410
vn 0.0362 -0.9698 0.2410
vn 0.0581 -0.9551 0.2906
vn 0.0561 -0.9583 0.2801
vn 0.0616 -0.9352 0.3486
vn 0.0561 -0.9583 0.2801
vn 0.0581 -0.9551 0.2906
vn 0.0581 -0.9551 0.2906
vn 0.0691 -0.9350 0.3479
vn 0.0616 -0.9352 0.3486
vn 0.0723 -0.9136 0.4000
vn 0.0616 -0.9352 0.3486
vn 0.0691 -0.9350 0.3479
vn 0.0691 -0.9350 0.3479
vn 0.0826 -0.9050 0.4174
vn 0.0723 -0.9136 0.4000
vn 0.0905 -0.8767 0.4724
vn 0.0723 -0.9136 0.4000
vn 0.0826 -0.9050 0.4174
vn 0.0826 -0.9050 0.4174
vn 0.0992 -0.8614 0.4982
vn 0.0905 -0.8767 0.4724
vn 0.1089 -0.8299 0.5472
vn 0.0905 -0.8767 0.4724
vn 0.0992 -0.8614 0.4982
vn 0.0992 -0.8614 0.4982
vn 0.1149 -0.8127 0.5713
vn 0.1089 -0.8299 0.5472
vn 0.1253 -0.7771 0.6168
vn 0.1089 -0.8299 0.5472
vn 0.1149 -0.8127 0.5713
vn 0.1149 -0.8127 0.5713
vn 0.1301 -0.7594 0.6375
vn 0.1253 -0.7771 0.6168
vn 0.1412 -0.7080 0.6919
vn 0.1253 -0.7771 0.6168
vn 0.1301 -0.7594 0.6375
vn 0.1301 -0.7594 0.6375
vn 0.1188 -0.7233 0.6803
vn 0.1412 -0.7080 0.6919
vn 0.1188 -0.7233 0.6803
vn 0.1490 -0.6472 0.7476
vn 0.1412 -0.7080 0.6919
vn 0.1558 -0.6452 0.7480
vn 0.1412 -0.7080 0.6919
vn 0.1490 -0.6472 0.7476
vn 0.1490 -0.6472 0.7476
vn 0.1543 -0.6161 0.7724
vn 0.1558 -0.6452 0.7480
vn 0.1635 -0.5870 0.7929
vn 0.1558 -0.6452 0.7480
vn 0.1543 -0.6161 0.7724
vn 0.1543 -0.6161 0.7724
vn 0.1626 -0.5621 0.8109
vn 0.1635 -0.5870 0.7929
vn 0.1724 -0.5139 0.8404
vn 0.1635 -0.5870 0.7929
vn 0.1626 -0.5621 0.8109
vn 0.1626 -0.5621 0.8109
vn 0.1574 -0.5089 0.8463
vn 0.1724 -0.5139 0.8404
vn 0.1796 -0.4357 0.8820
vn 0.1724 -0.5139 0.8404
vn 0.1574 -0.5089 0.8463
vn 0.1574 -0.5089 0.8463
vn 0.1730 -0.4136 0.8939
vn 0.1796 -0.4357 0.8820
vn 0.1841 -0.3600 0.9146
vn 0.1796 -0.4357 0.8820
vn 0.1730 -0.4136 0.8939
vn 0.1730 -0.4136 0.8939
vn 0.1811 -0.3327 0.9255
vn 0.1841 -0.3600 0.9146
vn 0.1869 -0.2800 0.9416
vn 0.1841 -0.3600 0.9146
vn 0.1811 -0.3327 0.9255
vn 0.1811 -0.3327 0.9255
vn 0.2217 -0.1473 0.9639
vn 0.1869 -0.2800 0.9416
vn 0.1877 -0.1901 0.9636
vn 0.1869 -0.2800 0.9416
vn 0.2217 -0.1473 0.9639
vn 0.2217 -0.1473 0.9639
vn 0.1935 -0.1698 0.9663
vn 0.1877 -0.1901 0.9636
vn 0.1858 -0.1106 0.9763
vn 0.1877 -0.1901 0.9636
vn 0.1935 -0.1698 0.9663
vn 0.1935 -0.1698 0.9663
vn 0.1996 -0.0266 0.9795
vn 0.1858 -0.1106 0.9763
vn 0.1891 -0.0223 0.9817
vn 0.1858 -0.1106 0.9763
vn 0.1996 -0.0266 0.9795
vn 0.1996 -0.0266 0.9795
vn 0.2071 0.0310 0.9778
vn 0.1891 -0.0223 0.9817
vn 0.0756 0.9308 0.3577
vn 0.2071 0.0310 0.9778
vn 0.0821 0.6495 0.7559
vn 0.1891 -0.0223 0.9817
vn 0.2071 0.0310 0.9778
vn 0.1678 0.0318 0.9853
vn 0.1996 -0.0266 0.9795
vn 0.1935 -0.1698 0.9663
vn 0.2217 -0.1473 0.9639
vn 0.0362 -0.9698 0.2410
vn 0.0643 -0.9382 0.3402
vn -0.0423 -0.9795 0.1968
vn -0.0423 -0.9795 0.1968
vn 0.1017 -0.8743 0.4746
vn 0.0362 -0.9698 0.2410
vn 0.1017 -0.8743 0.4746
vn 0.0581 -0.9551 0.2906
vn 0.0362 -0.9698 0.2410
vn 0.0691 -0.9350 0.3479
vn 0.0581 -0.9551 0.2906
vn 0.1017 -0.8743 0.4746
vn 0.0826 -0.9050 0.4174
vn 0.0691 -0.9350 0.3479
vn 0.1017 -0.8743 0.4746
vn 0.0992 -0.8614 0.4982
vn 0.0826 -0.9050 0.4174
vn 0.1017 -0.8743 0.4746
vn 0.1188 -0.7233 0.6803
vn 0.1543 -0.6161 0.7724
vn 0.1490 -0.6472 0.7476
vn 0.1768 -0.4552 0.8727
vn 0.1730 -0.4136 0.8939
vn 0.1574 -0.5089 0.8463
vn 0.1017 -0.8743 0.4746
vn -0.0423 -0.9795 0.1968
vn 0.1768 -0.4552 0.8727
vn 0.1149 -0.8127 0.5713
vn 0.0992 -0.8614 0.4982
vn 0.1017 -0.8743 0.4746
vn 0.1188 -0.7233 0.6803
vn 0.1017 -0.8743 0.4746
vn 0.1768 -0.4552 0.8727
vn 0.1017 -0.8743 0.4746
vn 0.1188 -0.7233 0.6803
vn 0.1301 -0.7594 0.6375
vn 0.1301 -0.7594 0.6375
vn 0.1149 -0.8127 0.5713
vn 0.1017 -0.8743 0.4746
vn 0.1626 -0.5621 0.8109
vn 0.1543 -0.6161 0.7724
vn 0.1188 -0.7233 0.6803
vn 0.1188 -0.7233 0.6803
vn 0.1768 -0.4552 0.8727
vn 0.1574 -0.5089 0.8463
vn 0.1574 -0.5089 0.8463
vn 0.1626 -0.5621 0.8109
vn 0.1188 -0.7233 0.6803
vn 0.1811 -0.3327 0.9255
vn 0.1730 -0.4136 0.8939
vn 0.1768 -0.4552 0.8727
vn 0.2071 0.0310 0.9778
vn 0.1768 -0.4552 0.8727
vn -0.0449 -0.4468 0.8935
vn 0.2217 -0.1473 0.9639
vn 0.2071 0.0310 0.9778
vn 0.1996 -0.0266 0.9795
vn 0.2071 0.0310 0.9778
vn 0.2217 -0.1473 0.9639
vn 0.1768 -0.4552 0.8727
vn 0.2217 -0.1473 0.9639
vn 0.1811 -0.3327 0.9255
vn 0.1768 -0.4552 0.8727
vn 0.3258 0.3348 -0.8842
vn 0.1722 0.0021 -0.9851
vn 0.0787 0.4972 -0.8641
vn 0.1401 0.9829 -0.1200
vn 0.0355 0.9960 0.0817
vn 0.1901 0.9440 0.2696
vn 0.5514 0.5810 -0.5987
vn 0.1401 0.9829 -0.1200
vn 0.5724 0.8051 -0.1554
vn 0.6848 0.5816 0.4390
vn 0.1401 0.9829 -0.1200
vn 0.1901 0.9440 0.2696
vn 0.1401 0.9829 -0.1200
vn 0.6848 0.5816 0.4390
vn 0.2727 0.9577 0.0916
vn 0.2727 0.9577 0.0916
vn 0.6765 0.7310 0.0889
vn 0.1401 0.9829 -0.1200
vn 0.1401 0.9829 -0.1200
vn 0.5514 0.5810 -0.5987
vn 0.1753 0.9327 -0.3152
vn 0.1753 0.9327 -0.3152
vn -0.2161 0.9290 -0.3006
vn 0.1401 0.9829 -0.1200
vn 0.0918 0.9108 -0.4025
vn 0.1401 0.9829 -0.1200
vn 0.1350 0.9391 -0.3159
vn 0.1401 0.9829 -0.1200
vn 0.0918 0.9108 -0.4025
vn -0.0063 0.9426 -0.3338
vn 0.0286 0.9348 -0.3541
vn 0.1401 0.9829 -0.1200
vn -0.0063 0.9426 -0.3338
vn 0.1401 0.9829 -0.1200
vn 0.6765 0.7310 0.0889
vn 0.5724 0.8051 -0.1554
vn 0.5389 0.4149 0.7331
vn 0.0445 0.8615 0.5057
vn 0.1298 -0.0933 0.9871
vn 0.5389 0.4149 0.7331
vn 0.1901 0.9440 0.2696
vn 0.0445 0.8615 0.5057
vn -0.0063 0.9426 -0.3338
vn 0.0918 0.9108 -0.4025
vn 0.0787 0.4972 -0.8641
vn 0.6848 0.5816 0.4390
vn 0.6765 0.7310 0.0889
vn 0.2727 0.9577 0.0916
vn 0.5724 0.8051 -0.1554
vn 0.8981 0.0901 -0.4304
vn 0.5514 0.5810 -0.5987
vn 0.1298 -0.0933 0.9871
vn 0.0445 0.8615 0.5057
vn 0.0447 0.1058 0.9934
vn 0.8981 0.0901 -0.4304
vn 0.5724 0.8051 -0.1554
vn 0.9965 -0.0800 -0.0240
vn 0.1298 -0.0933 0.9871
vn 0.6169 0.1288 0.7764
vn 0.5389 0.4149 0.7331
vn 0.6169 0.1288 0.7764
vn 0.8849 0.3948 0.2472
vn 0.5389 0.4149 0.7331
vn 0.1901 0.9440 0.2696
vn 0.6169 0.1288 0.7764
vn 0.6848 0.5816 0.4390
vn 0.5724 0.8051 -0.1554
vn 0.6765 0.7310 0.0889
vn 0.9965 -0.0800 -0.0240
vn 0.1753 0.9327 -0.3152
vn 0.5514 0.5810 -0.5987
vn 0.3258 0.3348 -0.8842
vn 0.1204 0.2132 -0.9695
vn 0.3258 0.3348 -0.8842
vn 0.0787 0.4972 -0.8641
vn -0.0449 -0.4468 0.8935
vn 0.1298 -0.0933 0.9871
vn 0.0447 0.1058 0.9934
vn 0.2071 0.0310 0.9778
vn -0.0449 -0.4468 0.8935
vn 0.1863 -0.1625 0.9690
vn 0.0447 0.1058 0.9934
vn 0.0821 0.6495 0.7559
vn -0.0449 -0.4468 0.8935
vn 0.0445 0.8615 0.5057
vn 0.0821 0.6495 0.7559
vn 0.0447 0.1058 0.9934
vn 0.0286 0.9348 -0.3541
vn 0.0309 0.9667 -0.2541
vn 0.1401 0.9829 -0.1200
vn 0.0589 0.9905 -0.1240
vn 0.0064 1.0000 -0.0031
vn 0.1401 0.9829 -0.1200
vn 0.0355 0.9960 0.0817
vn 0.1401 0.9829 -0.1200
vn 0.0064 1.0000 -0.0031
vn 0.0064 1.0000 -0.0031
vn 0.0204 0.9866 0.1622
vn 0.0355 0.9960 0.0817
vn 0.1901 0.9440 0.2696
vn 0.0355 0.9960 0.0817
vn 0.0204 0.9866 0.1622
vn 0.1901 0.9440 0.2696
vn 0.0204 0.9866 0.1622
vn 0.0229 0.9658 0.2582
vn 0.0445 0.8615 0.5057
vn 0.1901 0.9440 0.2696
vn 0.0229 0.9658 0.2582
vn 0.0821 0.6495 0.7559
vn 0.0445 0.8615 0.5057
vn 0.0525 0.9180 0.3931
vn 0.0445 0.8615 0.5057
vn 0.0229 0.9658 0.2582
vn 0.0525 0.9180 0.3931
vn 0.7820 -0.0970 0.6157
vn 0.6848 0.5816 0.4390
vn 0.6169 0.1288 0.7764
vn 0.9512 -0.0488 0.3045
vn 0.9965 -0.0800 -0.0240
vn 0.6848 0.5816 0.4390
vn 0.6765 0.7310 0.0889
vn 0.6848 0.5816 0.4390
vn 0.9965 -0.0800 -0.0240
vn 0.8776 -0.2819 -0.3877
vn 0.7627 -0.1954 -0.6166
vn 0.9965 -0.0800 -0.0240
vn 0.8981 0.0901 -0.4304
vn 0.9965 -0.0800 -0.0240
vn 0.7627 -0.1954 -0.6166
vn 0.5514 0.5810 -0.5987
vn 0.8981 0.0901 -0.4304
vn 0.7627 -0.1954 -0.6166
vn 0.7627 -0.1954 -0.6166
vn 0.5750 -0.0687 -0.8153
vn 0.5514 0.5810 -0.5987
vn 0.3258 0.3348 -0.8842
vn 0.5514 0.5810 -0.5987
vn 0.5389 -0.0193 -0.8422
vn 0.1722 0.0021 -0.9851
vn 0.3258 0.3348 -0.8842
vn 0.3978 -0.0222 -0.9172
vn 0.0787 0.4972 -0.8641
vn 0.1722 0.0021 -0.9851
vn -0.1657 -0.2212 -0.9611
vn -0.0449 -0.4468 0.8935
vn -0.0359 -0.8110 0.5840
vn 0.1298 -0.0933 0.9871
vn 0.1436 -0.6172 -0.7736
vn -0.0472 -0.9523 -0.3014
vn 0.1561 -0.6415 -0.7511
vn 0.1836 -0.3627 -0.9136
vn 0.1877 -0.2833 -0.9405
vn 0.1740 -0.2115 -0.9618
vn 0.1740 -0.2115 -0.9618
vn 0.1877 -0.2833 -0.9405
vn 0.1885 -0.2653 -0.9456
vn 0.2115 -0.4454 -0.8700
vn 0.1836 -0.3627 -0.9136
vn 0.1740 -0.2115 -0.9618
vn 0.1436 -0.6172 -0.7736
vn 0.1679 -0.5187 -0.8383
vn 0.2115 -0.4454 -0.8700
vn 0.1084 -0.8277 -0.5506
vn 0.1236 -0.7747 -0.6202
vn -0.0472 -0.9523 -0.3014
vn 0.1236 -0.7747 -0.6202
vn 0.1406 -0.7038 -0.6963
vn -0.0472 -0.9523 -0.3014
vn 0.1406 -0.7038 -0.6963
vn 0.1561 -0.6415 -0.7511
vn -0.0472 -0.9523 -0.3014
vn 0.0931 -0.8742 -0.4766
vn 0.1084 -0.8277 -0.5506
vn -0.0472 -0.9523 -0.3014
vn 0.0493 -0.9688 -0.2430
vn 0.0633 -0.9451 -0.3206
vn -0.0472 -0.9523 -0.3014
vn 0.0633 -0.9451 -0.3206
vn 0.0786 -0.9122 -0.4020
vn -0.0472 -0.9523 -0.3014
vn -0.0472 -0.9523 -0.3014
vn 0.0786 -0.9122 -0.4020
vn 0.0931 -0.8742 -0.4766
vn -0.0472 -0.9523 -0.3014
vn -0.1249 -0.9896 -0.0718
vn 0.0352 -0.9860 -0.1627
vn 0.0352 -0.9860 -0.1627
vn 0.0406 -0.9825 -0.1817
vn -0.0472 -0.9523 -0.3014
vn 0.0406 -0.9825 -0.1817
vn 0.0493 -0.9688 -0.2430
vn -0.0472 -0.9523 -0.3014
vn 0.0239 -0.9919 -0.1250
vn 0.0124 -0.9979 -0.0637
vn -0.1249 -0.9896 -0.0718
vn -0.1249 -0.9896 -0.0718
vn 0.0124 -0.9979 -0.0637
vn 0.0352 -0.9860 -0.1627
vn -0.0472 -0.9523 -0.3014
vn -0.0857 -0.8788 -0.4694
vn -0.1249 -0.9896 -0.0718
vn -0.0472 -0.9523 -0.3014
vn 0.1436 -0.6172 -0.7736
vn -0.0857 -0.8788 -0.4694
vn 0.1436 -0.6172 -0.7736
vn 0.2115 -0.4454 -0.8700
vn -0.0857 -0.8788 -0.4694
vn 0.2115 -0.4454 -0.8700
vn 0.1740 -0.2115 -0.9618
vn -0.0857 -0.8788 -0.4694
vn 0.1086 -0.4851 -0.8677
vn -0.0857 -0.8788 -0.4694
vn 0.1740 -0.2115 -0.9618
vn -0.9028 -0.4195 -0.0951
vn -0.9028 -0.4195 -0.0951
vn -0.9028 -0.4195 -0.0951
vn -0.1663 -0.6828 -0.7115
vn 0.1086 -0.4851 -0.8677
vn 0.0787 0.4972 -0.8641
vn 0.1768 -0.4552 0.8727
vn -0.0423 -0.9795 0.1968
vn -0.0449 -0.4468 0.8935
vn -0.0085 -0.9997 0.0209
vn -0.0224 -0.9997 0.0105
vn -0.0017 -1.0000 -0.0014
vn -0.0224 -0.9997 0.0105
vn -0.0423 -0.9795 0.1968
vn -0.0017 -1.0000 -0.0014
vn -0.0697 -0.9964 -0.0477
vn -0.0423 -0.9795 0.1968
vn -0.0224 -0.9997 0.0105
vn -0.0018 -1.0000 0.0056
vn -0.0171 -0.9994 -0.0297
vn 0.0002 -1.0000 -0.0002
vn -0.0206 -0.9977 0.0643
vn 0.0366 -0.9993 0.0101
vn -0.0224 -0.9997 0.0105
vn -0.0224 -0.9997 0.0105
vn -0.0085 -0.9997 0.0209
vn -0.0206 -0.9977 0.0643
vn -0.0085 -0.9997 0.0209
vn 0.0002 -1.0000 -0.0006
vn -0.0206 -0.9977 0.0643
vn -0.0085 -0.9997 0.0209
vn -0.0017 -1.0000 -0.0014
vn 0.0002 -1.0000 -0.0006
vn -0.0002 -1.0000 0.0002
vn 0.0002 -1.0000 -0.0006
vn -0.0017 -1.0000 -0.0014
vn -0.0487 -0.9982 -0.0353
vn -0.0024 -0.9986 -0.0530
vn -0.0171 -0.9994 -0.0297
vn -0.0024 -0.9986 -0.0530
vn 0.0002 -1.0000 -0.0002
vn -0.0171 -0.9994 -0.0297
vn -0.0565 -0.9984 0.0010
vn 0.0239 -0.9919 -0.1250
vn -0.1249 -0.9896 -0.0718
vn -0.0565 -0.9984 0.0010
vn -0.0007 -0.9999 -0.0109
vn 0.0239 -0.9919 -0.1250
vn 0.0002 -1.0000 -0.0002
vn 0.0000 -1.0000 0.0006
vn -0.0018 -1.0000 0.0056
vn 0.0367 -0.9992 0.0179
vn 0.0515 -0.9986 0.0095
vn -0.1670 -0.9824 0.0835
vn -0.0423 -0.9795 0.1968
vn -0.0274 -0.9956 -0.0897
vn -0.0017 -1.0000 -0.0014
vn -0.0274 -0.9956 -0.0897
vn 0.0021 -0.9999 0.0135
vn -0.0017 -1.0000 -0.0014
vn -0.0007 -0.9999 -0.0109
vn -0.0565 -0.9984 0.0010
vn -0.0018 -1.0000 0.0056
vn -0.0018 -1.0000 0.0056
vn 0.0000 -1.0000 0.0006
vn -0.0007 -0.9999 -0.0109
vn 0.0062 -0.9997 -0.0255
vn 0.0506 -0.9983 -0.0279
vn -0.0487 -0.9982 -0.0353
vn 0.0021 -0.9999 0.0135
vn -0.0002 -1.0000 0.0002
vn -0.0017 -1.0000 -0.0014
vn -0.0002 -1.0000 0.0002
vn 0.0021 -0.9999 0.0135
vn 0.0897 -0.9255 0.3680
vn 0.0377 -0.9397 -0.3399
vn -0.0007 -0.9999 -0.0109
vn 0.0844 -0.9220 -0.3778
vn 0.0367 -0.9992 0.0179
vn -0.0224 -0.9997 0.0105
vn 0.0366 -0.9993 0.0101
vn -0.0007 -0.9999 -0.0109
vn 0.0000 -1.0000 0.0006
vn 0.0844 -0.9220 -0.3778
vn 0.0515 -0.9986 0.0095
vn 0.0062 -0.9997 -0.0255
vn -0.1567 -0.9864 -0.0504
vn 0.0515 -0.9986 0.0095
vn -0.1567 -0.9864 -0.0504
vn -0.1670 -0.9824 0.0835
vn -0.0857 -0.8788 -0.4694
vn -0.0565 -0.9984 0.0010
vn -0.1249 -0.9896 -0.0718
vn -0.1567 -0.9864 -0.0504
vn 0.0062 -0.9997 -0.0255
vn -0.0487 -0.9982 -0.0353
vn -0.0224 -0.9997 0.0105
vn 0.0367 -0.9992 0.0179
vn -0.1670 -0.9824 0.0835
vn -0.1670 -0.9824 0.0835
vn -0.2305 -0.9616 0.1490
vn -0.0224 -0.9997 0.0105
vn -0.8373 0.2470 -0.4878
vn -0.8373 0.2470 -0.4878
vn -0.8373 0.2470 -0.4878
vn -0.0577 -0.9965 0.0601
vn -0.0449 -0.4468 0.8935
vn -0.1670 -0.9824 0.0835
vn -0.0565 -0.9984 0.0010
vn -0.0857 -0.8788 -0.4694
vn -0.0487 -0.9982 -0.0353
vn -0.0565 -0.9984 0.0010
vn -0.0487 -0.9982 -0.0353
vn -0.0171 -0.9994 -0.0297
vn -0.0171 -0.9994 -0.0297
vn -0.0018 -1.0000 0.0056
vn -0.0565 -0.9984 0.0010
vn -0.1436 0.9336 0.3283
vn -0.2226 0.4656 0.8565
vn -0.1307 0.9441 0.3026
vn -0.8572 0.5107 0.0663
vn -0.1845 0.9500 0.2518
vn -0.4810 0.8710 0.0998
vn -0.1845 0.9500 0.2518
vn 0.0275 0.8632 -0.5041
vn -0.0922 0.9716 -0.2177
vn 0.3518 0.9360 -0.0137
vn -0.1297 0.8389 0.5287
vn -0.0326 0.9826 0.1828
vn -0.1297 0.8389 0.5287
vn -0.0786 0.3481 0.9342
vn -0.0786 0.3481 0.9342
vn -0.0519 0.9986 -0.0030
vn 0.3518 0.9360 -0.0137
vn -0.0326 0.9826 0.1828
vn -0.0326 0.9826 0.1828
vn -0.0788 0.9923 0.0954
vn -0.0519 0.9986 -0.0030
vn -0.0688 0.9955 0.0648
vn -0.0650 0.9975 0.0262
vn -0.0519 0.9986 -0.0030
vn -0.0519 0.9986 -0.0030
vn -0.0685 0.9976 -0.0067
vn -0.0820 0.9959 -0.0391
vn -0.0722 0.9962 -0.0497
vn -0.0820 0.9959 -0.0391
vn -0.0305 0.9961 -0.0823
vn -0.0305 0.9961 -0.0823
vn -0.0710 0.9920 -0.1042
vn -0.0722 0.9962 -0.0497
vn -0.0710 0.9920 -0.1042
vn -0.0340 0.9935 -0.1083
vn -0.0722 0.9962 -0.0497
vn 0.0616 0.9318 -0.3577
vn -0.0722 0.9962 -0.0497
vn -0.0340 0.9935 -0.1083
vn -0.0340 0.9935 -0.1083
vn -0.0833 0.9677 -0.2381
vn 0.0616 0.9318 -0.3577
vn -0.1649 0.9840 -0.0673
vn -0.4748 0.8714 -0.1234
vn -0.1294 0.9585 -0.2541
vn -0.1294 0.9585 -0.2541
vn -0.0983 0.9796 -0.1755
vn -0.1649 0.9840 -0.0673
vn -0.1294 0.9585 -0.2541
vn -0.0833 0.9677 -0.2381
vn -0.0983 0.9796 -0.1755
vn -0.0833 0.9677 -0.2381
vn -0.1294 0.9585 -0.2541
vn 0.0616 0.9318 -0.3577
vn -0.1649 0.9840 -0.0673
vn -0.2169 0.9700 0.1098
vn -0.4748 0.8714 -0.1234
vn -0.0983 0.9796 -0.1755
vn -0.1175 0.9621 -0.2461
vn -0.1649 0.9840 -0.0673
vn -0.0983 0.9796 -0.1755
vn -0.0982 0.9781 -0.1833
vn -0.1175 0.9621 -0.2461
vn -0.1175 0.9621 -0.2461
vn -0.0982 0.9781 -0.1833
vn -0.1044 0.9755 -0.1934
vn -0.1044 0.9755 -0.1934
vn -0.1674 0.8757 -0.4529
vn -0.1175 0.9621 -0.2461
vn -0.1044 0.9755 -0.1934
vn -0.0825 0.9922 -0.0937
vn 0.0218 0.9434 0.3310
vn -0.0825 0.9922 -0.0937
vn -0.1044 0.9755 -0.1934
vn -0.1070 0.9711 -0.2133
vn -0.1070 0.9711 -0.2133
vn -0.1242 0.9686 -0.2154
vn -0.0825 0.9922 -0.0937
vn -0.1077 0.9709 -0.2139
vn -0.1242 0.9686 -0.2154
vn -0.1070 0.9711 -0.2133
vn -0.1077 0.9709 -0.2139
vn -0.1070 0.9711 -0.2133
vn -0.0293 0.9755 -0.2182
vn -0.1114 0.9675 -0.2270
vn -0.1113 0.9677 -0.2263
vn -0.1068 0.9716 -0.2109
vn -0.1068 0.9716 -0.2109
vn -0.1100 0.9676 -0.2275
vn -0.1114 0.9675 -0.2270
vn -0.0293 0.9755 -0.2182
vn -0.1068 0.9716 -0.2109
vn -0.1077 0.9709 -0.2139
vn -0.1113 0.9677 -0.2263
vn -0.1077 0.9709 -0.2139
vn -0.1068 0.9716 -0.2109
vn -0.1219 0.9605 -0.2500
vn -0.1396 0.9597 -0.2438
vn -0.1146 0.9646 -0.2377
vn -0.1100 0.9676 -0.2275
vn -0.1146 0.9646 -0.2377
vn -0.1396 0.9597 -0.2438
vn -0.1396 0.9597 -0.2438
vn -0.1114 0.9675 -0.2270
vn -0.1100 0.9676 -0.2275
vn -0.1146 0.9646 -0.2377
vn -0.1179 0.9615 -0.2482
vn -0.1219 0.9605 -0.2500
vn -0.1564 0.9197 -0.3601
vn -0.1243 0.9580 -0.2583
vn -0.1153 0.9590 -0.2591
vn -0.1179 0.9615 -0.2482
vn -0.1153 0.9590 -0.2591
vn -0.1243 0.9580 -0.2583
vn -0.1243 0.9580 -0.2583
vn -0.1219 0.9605 -0.2500
vn -0.1179 0.9615 -0.2482
vn -0.5742 0.6832 -0.4511
vn -0.1564 0.9197 -0.3601
vn -0.1226 0.9551 -0.2698
vn -0.1153 0.9590 -0.2591
vn -0.1226 0.9551 -0.2698
vn -0.1564 0.9197 -0.3601
vn -0.1302 0.9496 -0.2850
vn -0.1005 0.9782 -0.1819
vn -0.1247 0.9524 -0.2781
vn -0.1226 0.9551 -0.2698
vn -0.1247 0.9524 -0.2781
vn -0.1005 0.9782 -0.1819
vn -0.1226 0.9551 -0.2698
vn -0.1005 0.9782 -0.1819
vn -0.5742 0.6832 -0.4511
vn -0.1293 0.9488 -0.2883
vn -0.1353 0.9431 -0.3037
vn -0.1376 0.9441 -0.2995
vn -0.1376 0.9441 -0.2995
vn -0.1429 0.9412 -0.3061
vn -0.1293 0.9488 -0.2883
vn -0.1429 0.9412 -0.3061
vn -0.1450 0.9441 -0.2960
vn -0.1293 0.9488 -0.2883
vn -0.1247 0.9524 -0.2781
vn -0.1293 0.9488 -0.2883
vn -0.1450 0.9441 -0.2960
vn -0.1450 0.9441 -0.2960
vn -0.1302 0.9496 -0.2850
vn -0.1247 0.9524 -0.2781
vn -0.1627 0.9207 -0.3548
vn -0.1481 0.9361 -0.3189
vn -0.1353 0.9431 -0.3037
vn -0.1481 0.9361 -0.3189
vn -0.1376 0.9441 -0.2995
vn -0.1353 0.9431 -0.3037
vn -0.1353 0.9431 -0.3037
vn -0.2049 0.8181 -0.5373
vn -0.1627 0.9207 -0.3548
vn -0.1845 0.9500 0.2518
vn -0.0922 0.9716 -0.2177
vn -0.0956 0.9787 0.1815
vn -0.0956 0.9787 0.1815
vn -0.0922 0.9716 -0.2177
vn -0.1018 0.9786 0.1791
vn -0.1001 0.9779 0.1835
vn -0.0956 0.9787 0.1815
vn -0.1018 0.9786 0.1791
vn -0.1034 0.9770 0.1863
vn -0.1074 0.9759 0.1898
vn -0.1024 0.9758 0.1931
vn -0.1024 0.9758 0.1931
vn -0.1001 0.9779 0.1835
vn -0.1034 0.9770 0.1863
vn -0.1018 0.9786 0.1791
vn -0.1034 0.9770 0.1863
vn -0.1001 0.9779 0.1835
vn -0.1024 0.9758 0.1931
vn -0.1074 0.9759 0.1898
vn -0.1368 0.9394 0.3143
vn -0.1070 0.9729 0.2050
vn -0.1024 0.9758 0.1931
vn -0.1368 0.9394 0.3143
vn -0.2776 0.2425 0.9296
vn -0.2776 0.2425 0.9296
vn -0.2776 0.2425 0.9296
vn -0.3794 0.9027 0.2029
vn -0.0929 0.9849 0.1464
vn -0.1070 0.9729 0.2050
vn -0.1078 0.9703 0.2167
vn -0.1070 0.9729 0.2050
vn -0.0929 0.9849 0.1464
vn -0.1078 0.9703 0.2167
vn -0.0929 0.9849 0.1464
vn -0.1399 0.9634 0.2286
vn -0.1399 0.9634 0.2286
vn -0.1152 0.9673 0.2260
vn -0.1078 0.9703 0.2167
vn -0.1089 0.9680 0.2262
vn -0.1078 0.9703 0.2167
vn -0.1152 0.9673 0.2260
vn -0.1089 0.9680 0.2262
vn -0.1152 0.9673 0.2260
vn -0.1194 0.9639 0.2381
vn -0.1146 0.9643 0.2387
vn -0.1089 0.9680 0.2262
vn -0.1194 0.9639 0.2381
vn -0.1173 0.9617 0.2479
vn -0.1146 0.9643 0.2387
vn -0.1220 0.9613 0.2469
vn -0.1146 0.9643 0.2387
vn -0.1194 0.9639 0.2381
vn -0.1220 0.9613 0.2469
vn -0.1173 0.9617 0.2479
vn -0.1220 0.9613 0.2469
vn -0.1238 0.9588 0.2557
vn -0.1204 0.9586 0.2581
vn -0.1173 0.9617 0.2479
vn -0.1238 0.9588 0.2557
vn -0.1238 0.9588 0.2557
vn -0.1334 0.9537 0.2695
vn -0.1204 0.9586 0.2581
vn -0.1338 0.9537 0.2695
vn -0.1234 0.9546 0.2713
vn -0.1209 0.9574 0.2624
vn -0.1209 0.9574 0.2624
vn -0.1204 0.9586 0.2581
vn -0.1338 0.9537 0.2695
vn -0.1204 0.9586 0.2581
vn -0.1334 0.9537 0.2695
vn -0.1338 0.9537 0.2695
vn -0.1234 0.9546 0.2713
vn -0.1338 0.9537 0.2695
vn -0.1641 0.9119 0.3762
vn -0.1280 0.9511 0.2811
vn -0.1234 0.9546 0.2713
vn -0.1641 0.9119 0.3762
vn -0.3453 0.0460 0.9374
vn -0.3453 0.0460 0.9374
vn -0.8035 0.2353 0.5469
vn -0.0698 0.9925 0.1006
vn -0.1692 0.9397 0.2973
vn -0.1280 0.9511 0.2811
vn -0.1249 0.9498 0.2868
vn -0.1280 0.9511 0.2811
vn -0.1692 0.9397 0.2973
vn -0.1249 0.9498 0.2868
vn -0.1692 0.9397 0.2973
vn -0.1847 0.9138 0.3617
vn -0.1847 0.9138 0.3617
vn -0.1307 0.9441 0.3026
vn -0.1249 0.9498 0.2868
vn -0.1847 0.9138 0.3617
vn -0.1713 0.9195 0.3538
vn -0.1307 0.9441 0.3026
vn -0.2650 0.7105 0.6519
vn -0.2226 0.4656 0.8565
vn -0.1436 0.9336 0.3283
vn -0.1307 0.9441 0.3026
vn -0.1713 0.9195 0.3538
vn -0.1436 0.9336 0.3283
vn -0.1713 0.9195 0.3538
vn -0.2650 0.7105 0.6519
vn -0.1436 0.9336 0.3283
vn -0.4810 0.8710 0.0998
vn -0.1845 0.9500 0.2518
vn -0.1297 0.8389 0.5287
vn 0.0616 0.9318 -0.3577
vn -0.1294 0.9585 -0.2541
vn -0.4748 0.8714 -0.1234
vn 0.9401 -0.3365 -0.0547
vn 0.8677 0.4792 -0.1325
vn 0.9401 -0.3365 -0.0547
vn -0.4748 0.8714 -0.1234
vn -0.4810 0.8710 0.0998
vn -0.5525 0.8306 -0.0698
vn -0.0722 0.9962 -0.0497
vn -0.0519 0.9986 -0.0030
vn -0.0820 0.9959 -0.0391
vn -0.0722 0.9962 -0.0497
vn 0.0616 0.9318 -0.3577
vn -0.0519 0.9986 -0.0030
vn 0.3518 0.9360 -0.0137
vn -0.0519 0.9986 -0.0030
vn 0.0616 0.9318 -0.3577
vn -0.3035 -0.6625 -0.6848
vn -0.3035 -0.6625 -0.6848
vn -0.3035 -0.6625 -0.6848
vn -0.9171 -0.3353 -0.2158
vn -0.9171 -0.3353 -0.2158
vn -0.9171 -0.3353 -0.2158
vn 0.1033 0.9204 -0.3770
vn 0.8677 0.4792 -0.1325
vn 0.0616 0.9318 -0.3577
vn -0.1611 -0.0253 -0.9866
vn -0.1611 -0.0253 -0.9866
vn -0.5675 0.3236 -0.7571
vn -0.4748 0.8714 -0.1234
vn -0.5525 0.8306 -0.0698
vn -0.4114 0.9026 -0.1266
vn -0.4748 0.8714 -0.1234
vn -0.4114 0.9026 -0.1266
vn -0.6481 0.7405 0.1777
vn 0.9690 0.2472 -0.0000
vn 0.9690 0.2472 -0.0000
vn 0.8677 0.4792 -0.1325
vn 0.3188 0.9457 0.0637
vn 0.3518 0.9360 -0.0137
vn 0.8677 0.4792 -0.1325
vn -0.4009 0.3953 0.8265
vn -0.5525 0.8306 -0.0698
vn -0.4810 0.8710 0.0998
vn -0.2838 -0.5770 0.7659
vn -0.2838 -0.5770 0.7659
vn -0.2838 -0.5770 0.7659
vn 0.1033 0.9204 -0.3770
vn -0.0002 1.0000 0.0015
vn -0.0002 1.0000 0.0015
vn 0.4618 0.8763 0.1376
vn -0.2017 0.7438 -0.6373
vn -0.0552 0.7850 -0.6170
vn -0.0552 0.7850 -0.6170
vn 0.1201 0.9927 -0.0064
vn 0.4618 0.8763 0.1376
vn 0.1033 0.9204 -0.3770
vn -0.0006 1.0000 0.0014
vn -0.0006 1.0000 0.0014
vn 0.1033 0.9204 -0.3770
vn -0.0009 1.0000 0.0014
vn -0.1259 0.9664 0.2242
vn 0.0379 0.9986 -0.0358
vn -0.1259 0.9664 0.2242
vn 0.0379 0.9986 -0.0358
vn 0.0517 0.9986 0.0078
vn 0.1033 0.9204 -0.3770
vn -0.1259 0.9664 0.2242
vn -0.0000 1.0000 0.0000
vn -0.0000 1.0000 0.0000
vn 0.0552 0.9985 0.0031
vn 0.0552 0.9985 0.0031
vn 0.0000 1.0000 0.0000
vn 0.0000 1.0000 0.0000
vn 0.0853 0.9731 0.2140
vn 0.0853 0.9731 0.2140
vn -0.1297 0.8389 0.5287
vn 0.0374 0.9722 0.2311
vn 0.0374 0.9722 0.2311
vn -0.1297 0.8389 0.5287
vn -0.1962 0.9568 -0.2147
vn 0.4618 0.8763 0.1376
vn 0.0000 1.0000 0.0000
vn 0.4618 0.8763 0.1376
vn -0.1962 0.9568 -0.2147
vn -0.3571 0.7022 -0.6160
vn -0.3571 0.7022 -0.6160
vn -0.2017 0.7438 -0.6373
vn 0.4618 0.8763 0.1376
vn 0.0000 1.0000 0.0000
vn 0.0000 1.0000 0.0000
vn -0.1962 0.9568 -0.2147
vn -0.1962 0.9568 -0.2147
vn 0.0000 1.0000 0.0000
vn 0.4427 0.6621 0.6046
vn 0.4427 0.6621 0.6046
vn 0.2822 0.7154 0.6392
vn -0.1962 0.9568 -0.2147
vn 0.0012 1.0000 -0.0017
vn 0.0012 1.0000 -0.0017
vn 0.4235 0.8606 -0.2828
vn -0.0026 1.0000 -0.0093
vn 0.0465 0.9623 0.2681
vn -0.0026 1.0000 -0.0093
vn 0.0465 0.9623 0.2681
vn 0.0001 1.0000 0.0016
vn 0.1033 0.9204 -0.3770
vn 0.0465 0.9623 0.2681
vn 0.1033 0.9204 -0.3770
vn -0.0093 1.0000 -0.0020
vn -0.0130 0.9968 0.0783
vn -0.2674 0.7894 0.5526
vn 0.0030 0.9999 -0.0126
vn 0.0030 0.9999 -0.0126
vn -0.2693 0.9582 -0.0961
vn -0.0130 0.9968 0.0783
vn 0.3188 0.9457 0.0637
vn 0.0000 1.0000 0.0000
vn -0.4981 0.6773 0.5415
vn 0.0006 1.0000 -0.0022
vn 0.1896 0.9759 -0.1082
vn 0.0006 1.0000 -0.0022
vn 0.8876 0.2627 -0.3783
vn 0.8876 0.2627 -0.3783
vn 0.8509 0.3819 0.3606
vn -0.2777 0.6524 -0.7051
vn -0.2777 0.6524 -0.7051
vn -0.2777 0.6524 -0.7051
vn 0.0419 0.9988 -0.0252
vn 0.0419 0.9988 -0.0252
vn 0.0419 0.9988 -0.0252
vn -0.1962 0.9568 -0.2147
vn 0.2822 0.7154 0.6392
vn 0.1326 0.7431 0.6560
vn 0.1326 0.7431 0.6560
vn -0.0103 0.8358 0.5490
vn -0.1962 0.9568 -0.2147
vn -0.5157 0.7755 -0.3643
vn -0.1962 0.9568 -0.2147
vn -0.0103 0.8358 0.5490
vn -0.0103 0.8358 0.5490
vn -0.0130 0.9968 0.0783
vn -0.5157 0.7755 -0.3643
vn -0.1093 0.9930 -0.0459
vn -0.5157 0.7755 -0.3643
vn -0.0130 0.9968 0.0783
vn -0.0130 0.9968 0.0783
vn 0.0552 0.9985 0.0031
vn -0.1093 0.9930 -0.0459
vn 0.0552 0.9985 0.0031
vn 0.0000 1.0000 0.0000
vn -0.1093 0.9930 -0.0459
vn -0.0000 1.0000 -0.0000
vn -0.0000 1.0000 -0.0000
vn 0.0552 0.9985 0.0031
vn 0.8677 0.4792 -0.1325
vn 0.0552 0.9985 0.0031
vn -0.0130 0.9968 0.0783
vn 0.0000 0.6693 0.7430
vn 0.3188 0.9457 0.0637
vn -0.4981 0.6773 0.5415
vn 0.3518 0.9360 -0.0137
vn 0.2852 0.9580 0.0313
vn 0.2852 0.9580 0.0313
vn 0.3518 0.9360 -0.0137
vn 0.2719 0.9579 0.0917
vn 0.2719 0.9579 0.0917
vn 0.3518 0.9360 -0.0137
vn 0.2599 0.9528 0.1568
vn 0.0753 0.9963 0.0402
vn 0.1896 0.9759 -0.1082
vn 0.1731 0.9716 0.1615
vn -0.1297 0.8389 0.5287
vn -0.0134 0.9677 0.2517
vn 0.1896 0.9759 -0.1082
vn -0.1297 0.8389 0.5287
vn -0.2674 0.7894 0.5526
vn -0.3951 0.7703 0.5006
vn 0.0030 0.9999 -0.0126
vn 0.0030 0.9999 -0.0126
vn -0.3951 0.7703 0.5006
vn -0.0675 0.9962 0.0552
vn 0.3188 0.9457 0.0637
vn 0.0030 0.9999 -0.0126
vn -0.0675 0.9962 0.0552
vn -0.0675 0.9962 0.0552
vn 0.0000 1.0000 0.0000
vn 0.3188 0.9457 0.0637
vn 0.0000 1.0000 0.0000
vn 0.0000 1.0000 0.0000
vn 0.3188 0.9457 0.0637
vn 0.1349 0.9707 0.1986
vn 0.1349 0.9707 0.1986
vn -0.1297 0.8389 0.5287
vn -0.7702 0.2193 0.5989
vn -0.7702 0.2193 0.5989
vn -0.5086 0.2089 0.8353
vn -0.0041 1.0000 -0.0078
vn -0.0041 1.0000 -0.0078
vn -0.0041 1.0000 -0.0078
vn 0.0753 0.9963 0.0402
vn 0.1935 0.9639 0.1830
vn -0.1297 0.8389 0.5287
vn -0.1297 0.8389 0.5287
vn 0.3518 0.9360 -0.0137
vn 0.0753 0.9963 0.0402
vn -0.5525 0.8306 -0.0698
vn -0.1017 0.9930 -0.0598
vn 0.4235 0.8606 -0.2828
vn -0.4114 0.9026 -0.1266
vn 0.0085 0.9996 0.0260
vn 0.4364 0.8939 -0.1024
vn 0.4364 0.8939 -0.1024
vn 0.8378 0.0370 -0.5447
vn 0.6338 0.6050 -0.4820
vn 0.5754 0.7736 -0.2654
vn 0.8378 0.0370 -0.5447
vn 0.8743 0.0588 -0.4818
vn 0.0085 0.9996 0.0260
vn -0.5525 0.8306 -0.0698
vn 0.4235 0.8606 -0.2828
vn 0.0085 0.9996 0.0260
vn 0.4235 0.8606 -0.2828
vn 0.1201 0.9927 -0.0064
vn -0.0055 1.0000 -0.0065
vn -0.0055 1.0000 -0.0065
vn -0.0055 1.0000 -0.0065
vn 0.1201 0.9927 -0.0064
vn -0.0552 0.7850 -0.6170
vn 0.0795 0.7709 -0.6320
vn 0.1201 0.9927 -0.0064
vn 0.0795 0.7709 -0.6320
vn 0.0320 0.9955 -0.0896
vn 0.0320 0.9955 -0.0896
vn 0.0085 0.9996 0.0260
vn 0.1201 0.9927 -0.0064
vn 0.0085 0.9996 0.0260
vn 0.0320 0.9955 -0.0896
vn 0.3312 0.7819 -0.5281
vn 0.0085 0.9996 0.0260
vn 0.3312 0.7819 -0.5281
vn 0.4364 0.8939 -0.1024
vn 0.9764 0.0000 0.2160
vn 0.9764 0.0000 0.2160
vn 0.9700 0.0315 -0.2411
vn 0.9700 0.0315 -0.2411
vn 0.9900 0.0000 -0.1411
vn 0.9900 0.0000 -0.1411
vn 0.8270 0.0475 -0.5602
vn 0.6555 0.4539 -0.6035
vn 0.9700 0.0315 -0.2411
vn 0.5877 0.0374 -0.8082
vn 0.5980 0.3219 -0.7340
vn 0.6555 0.4539 -0.6035
vn 0.5556 0.0294 -0.8309
vn 0.6555 0.4539 -0.6035
vn 0.5980 0.3219 -0.7340
vn 0.5980 0.3219 -0.7340
vn 0.2662 0.0000 -0.9639
vn 0.5556 0.0294 -0.8309
vn -0.0194 0.0572 -0.9982
vn 0.5556 0.0294 -0.8309
vn 0.0533 0.0000 -0.9986
vn 0.0533 0.0000 -0.9986
vn -0.0856 0.3922 -0.9159
vn -0.0194 0.0572 -0.9982
vn -0.2322 0.0717 -0.9700
vn -0.0194 0.0572 -0.9982
vn -0.0856 0.3922 -0.9159
vn -0.0856 0.3922 -0.9159
vn -0.2789 0.4082 -0.8693
vn -0.2322 0.0717 -0.9700
vn -0.4364 0.0878 -0.8955
vn -0.2322 0.0717 -0.9700
vn -0.2789 0.4082 -0.8693
vn -0.2789 0.4082 -0.8693
vn -0.4613 0.4033 -0.7903
vn -0.4364 0.0878 -0.8955
vn -0.6176 0.1043 -0.7795
vn -0.4364 0.0878 -0.8955
vn -0.4613 0.4033 -0.7903
vn -0.4613 0.4033 -0.7903
vn -0.6273 0.3786 -0.6805
vn -0.6176 0.1043 -0.7795
vn -0.7690 0.1208 -0.6277
vn -0.6176 0.1043 -0.7795
vn -0.6273 0.3786 -0.6805
vn -0.6273 0.3786 -0.6805
vn -0.7265 0.0000 -0.6872
vn -0.7690 0.1208 -0.6277
vn -0.8837 0.1366 -0.4476
vn -0.7690 0.1208 -0.6277
vn -0.8563 0.0000 -0.5166
vn -0.8563 0.0000 -0.5166
vn -0.8326 0.4337 -0.3444
vn -0.8837 0.1366 -0.4476
vn -0.9574 0.1507 -0.2463
vn -0.8837 0.1366 -0.4476
vn -0.8326 0.4337 -0.3444
vn -0.8326 0.4337 -0.3444
vn -0.8820 0.4445 -0.1567
vn -0.9574 0.1507 -0.2463
vn -0.9861 0.1627 -0.0345
vn -0.9574 0.1507 -0.2463
vn -0.8820 0.4445 -0.1567
vn -0.8820 0.4445 -0.1567
vn -0.9940 0.0000 -0.1092
vn -0.9861 0.1627 -0.0345
vn -0.9687 0.1718 0.1790
vn -0.9861 0.1627 -0.0345
vn -0.9940 0.0000 0.1092
vn -0.9940 0.0000 0.1092
vn -0.9147 0.3273 0.2369
vn -0.9687 0.1718 0.1790
vn -0.9068 0.1779 0.3821
vn -0.9687 0.1718 0.1790
vn -0.9147 0.3273 0.2369
vn -0.9147 0.3273 0.2369
vn -0.8508 0.2996 0.4317
vn -0.9068 0.1779 0.3821
vn -0.8034 0.1805 0.5673
vn -0.9068 0.1779 0.3821
vn -0.8508 0.2996 0.4317
vn -0.8508 0.2996 0.4317
vn -0.8570 0.0000 0.5153
vn -0.8034 0.1805 0.5673
vn -0.6628 0.1798 0.7269
vn -0.8034 0.1805 0.5673
vn -0.7265 0.0000 0.6872
vn -0.7265 0.0000 0.6872
vn -0.7265 0.0000 0.6872
vn -0.6628 0.1798 0.7269
vn -0.4907 0.1755 0.8535
vn -0.6628 0.1798 0.7269
vn -0.5611 0.0000 0.8277
vn -0.5611 0.0000 0.8277
vn -0.5611 0.0000 0.8277
vn -0.4907 0.1755 0.8535
vn -0.2964 0.1679 0.9402
vn -0.4907 0.1755 0.8535
vn -0.3695 0.0000 0.9292
vn -0.3695 0.0000 0.9292
vn -0.3695 0.0000 0.9292
vn -0.2964 0.1679 0.9402
vn -0.0884 0.1574 0.9836
vn -0.2964 0.1679 0.9402
vn -0.1626 0.0000 0.9867
vn -0.1626 0.0000 0.9867
vn -0.1626 0.0000 0.9867
vn -0.0884 0.1574 0.9836
vn 0.1261 0.1444 0.9814
vn -0.0884 0.1574 0.9836
vn 0.0533 0.0000 0.9986
vn 0.0533 0.0000 0.9986
vn 0.1326 0.7431 0.6560
vn 0.1261 0.1444 0.9814
vn 0.3356 0.1293 0.9331
vn 0.1261 0.1444 0.9814
vn 0.1326 0.7431 0.6560
vn 0.1326 0.7431 0.6560
vn 0.2822 0.7154 0.6392
vn 0.3356 0.1293 0.9331
vn 0.5288 0.1132 0.8412
vn 0.3356 0.1293 0.9331
vn 0.2822 0.7154 0.6392
vn 0.2822 0.7154 0.6392
vn 0.4427 0.6621 0.6046
vn 0.5288 0.1132 0.8412
vn 0.6984 0.0965 0.7092
vn 0.5288 0.1132 0.8412
vn 0.4427 0.6621 0.6046
vn 0.4427 0.6621 0.6046
vn 0.6154 0.5720 0.5423
vn 0.6984 0.0965 0.7092
vn 0.8357 0.0801 0.5434
vn 0.6984 0.0965 0.7092
vn 0.6154 0.5720 0.5423
vn 0.6154 0.5720 0.5423
vn 0.7908 0.4276 0.4378
vn 0.8357 0.0801 0.5434
vn 0.9338 0.0648 0.3518
vn 0.8357 0.0801 0.5434
vn 0.7908 0.4276 0.4378
vn 0.7908 0.4276 0.4378
vn 0.9075 0.0000 0.4201
vn 0.9338 0.0648 0.3518
vn 0.9700 0.0315 -0.2411
vn 0.9338 0.0648 0.3518
vn 0.9764 0.0000 0.2160
vn 0.9338 0.0648 0.3518
vn 0.5909 0.7961 0.1307
vn 0.6555 0.4539 -0.6035
vn 0.4705 0.8551 0.2178
vn 0.4705 0.8551 0.2178
vn 0.4705 0.8551 0.2178
vn 0.3532 0.8961 0.2686
vn 0.3532 0.8961 0.2686
vn 0.3532 0.8961 0.2686
vn 0.2483 0.9235 0.2924
vn 0.2483 0.9235 0.2924
vn 0.2483 0.9235 0.2924
vn 0.1578 0.9416 0.2976
vn 0.1578 0.9416 0.2976
vn 0.1578 0.9416 0.2976
vn 0.0810 0.9535 0.2904
vn 0.0810 0.9535 0.2904
vn 0.0810 0.9535 0.2904
vn 0.0146 0.9615 0.2743
vn 0.0146 0.9615 0.2743
vn 0.0146 0.9615 0.2743
vn -0.0416 0.9668 0.2522
vn -0.0416 0.9668 0.2522
vn -0.0416 0.9668 0.2522
vn -0.0896 0.9701 0.2255
vn -0.0896 0.9701 0.2255
vn -0.0896 0.9701 0.2255
vn -0.1317 0.9721 0.1942
vn -0.1317 0.9721 0.1942
vn -0.1317 0.9721 0.1942
vn -0.1681 0.9729 0.1590
vn -0.1681 0.9729 0.1590
vn -0.1681 0.9729 0.1590
vn -0.1993 0.9726 0.1199
vn -0.1993 0.9726 0.1199
vn -0.1993 0.9726 0.1199
vn -0.2258 0.9712 0.0762
vn -0.2258 0.9712 0.0762
vn -0.2258 0.9712 0.0762
vn -0.2473 0.9686 0.0272
vn -0.2473 0.9686 0.0272
vn -0.2473 0.9686 0.0272
vn -0.2635 0.9642 -0.0289
vn -0.2635 0.9642 -0.0289
vn -0.2635 0.9642 -0.0289
vn -0.2728 0.9577 -0.0920
vn -0.2728 0.9577 -0.0920
vn -0.2728 0.9577 -0.0920
vn -0.2732 0.9477 -0.1648
vn -0.2732 0.9477 -0.1648
vn -0.2732 0.9477 -0.1648
vn -0.2616 0.9329 -0.2474
vn -0.2616 0.9329 -0.2474
vn -0.2616 0.9329 -0.2474
vn -0.2324 0.9104 -0.3422
vn -0.2324 0.9104 -0.3422
vn -0.2324 0.9104 -0.3422
vn -0.1784 0.8764 -0.4473
vn -0.1784 0.8764 -0.4473
vn -0.1784 0.8764 -0.4473
vn -0.0902 0.8254 -0.5572
vn -0.0902 0.8254 -0.5572
vn 0.6555 0.4539 -0.6035
vn 0.0349 0.7563 -0.6533
vn -0.0194 0.0572 -0.9982
vn 0.6555 0.4539 -0.6035
vn 0.4329 0.0606 -0.8994
vn 0.8743 0.0588 -0.4818
vn 0.4329 0.0606 -0.8994
vn 0.9952 0.0307 -0.0935
vn 0.8667 0.4575 -0.1991
vn 0.8743 0.0588 -0.4818
vn 0.8743 0.0588 -0.4818
vn 0.8378 0.0370 -0.5447
vn 0.9952 0.0307 -0.0935
vn 0.7483 0.0512 -0.6614
vn 0.9952 0.0307 -0.0935
vn 0.8378 0.0370 -0.5447
vn 0.8378 0.0370 -0.5447
vn 0.7959 0.0000 -0.6054
vn 0.7483 0.0512 -0.6614
vn 0.5885 0.0634 -0.8060
vn 0.7483 0.0512 -0.6614
vn 0.6473 0.0000 -0.7622
vn 0.6473 0.0000 -0.7622
vn 0.6473 0.0000 -0.7622
vn 0.5885 0.0634 -0.8060
vn 0.4016 0.0774 -0.9125
vn 0.5885 0.0634 -0.8060
vn 0.4694 0.0000 -0.8830
vn 0.4694 0.0000 -0.8830
vn 0.4694 0.0000 -0.8830
vn 0.4016 0.0774 -0.9125
vn 0.1941 0.0929 -0.9766
vn 0.4016 0.0774 -0.9125
vn 0.2669 0.0000 -0.9637
vn 0.2669 0.0000 -0.9637
vn 0.2669 0.0000 -0.9637
vn 0.1941 0.0929 -0.9766
vn -0.0193 0.1085 -0.9939
vn 0.1941 0.0929 -0.9766
vn 0.0531 0.0000 -0.9986
vn 0.0531 0.0000 -0.9986
vn 0.0531 0.0000 -0.9986
vn -0.0193 0.1085 -0.9939
vn -0.2310 0.1241 -0.9650
vn -0.0193 0.1085 -0.9939
vn -0.1599 0.0000 -0.9871
vn -0.1599 0.0000 -0.9871
vn -0.2017 0.7438 -0.6373
vn -0.2310 0.1241 -0.9650
vn -0.4342 0.1388 -0.8901
vn -0.2310 0.1241 -0.9650
vn -0.2017 0.7438 -0.6373
vn -0.2017 0.7438 -0.6373
vn -0.3571 0.7022 -0.6160
vn -0.4342 0.1388 -0.8901
vn -0.6143 0.1515 -0.7744
vn -0.4342 0.1388 -0.8901
vn -0.3571 0.7022 -0.6160
vn -0.3571 0.7022 -0.6160
vn -0.5631 0.0000 -0.8264
vn -0.6143 0.1515 -0.7744
vn -0.7635 0.1620 -0.6251
vn -0.6143 0.1515 -0.7744
vn -0.7251 0.0000 -0.6887
vn -0.7251 0.0000 -0.6887
vn -0.7251 0.0000 -0.6887
vn -0.7635 0.1620 -0.6251
vn -0.8791 0.1701 -0.4452
vn -0.7635 0.1620 -0.6251
vn -0.8563 0.0000 -0.5166
vn -0.8563 0.0000 -0.5166
vn -0.8563 0.0000 -0.5166
vn -0.8791 0.1701 -0.4452
vn -0.9537 0.1750 -0.2445
vn -0.8791 0.1701 -0.4452
vn -0.9475 0.0000 -0.3196
vn -0.9475 0.0000 -0.3196
vn -0.9489 0.2646 -0.1720
vn -0.9537 0.1750 -0.2445
vn -0.9837 0.1765 -0.0336
vn -0.9537 0.1750 -0.2445
vn -0.9489 0.2646 -0.1720
vn -0.9489 0.2646 -0.1720
vn -0.9511 0.3069 0.0339
vn -0.9837 0.1765 -0.0336
vn -0.9685 0.1749 0.1772
vn -0.9837 0.1765 -0.0336
vn -0.9511 0.3069 0.0339
vn -0.9511 0.3069 0.0339
vn -0.9138 0.3307 0.2358
vn -0.9685 0.1749 0.1772
vn -0.9081 0.1700 0.3827
vn -0.9685 0.1749 0.1772
vn -0.9138 0.3307 0.2358
vn -0.9138 0.3307 0.2358
vn -0.8436 0.4599 0.2772
vn -0.9081 0.1700 0.3827
vn -0.8061 0.1620 0.5692
vn -0.9081 0.1700 0.3827
vn -0.8436 0.4599 0.2772
vn -0.8436 0.4599 0.2772
vn -0.7178 0.3729 0.5880
vn -0.8061 0.1620 0.5692
vn -0.6655 0.1514 0.7309
vn -0.8061 0.1620 0.5692
vn -0.7178 0.3729 0.5880
vn -0.7178 0.3729 0.5880
vn -0.7265 0.0000 0.6872
vn -0.6655 0.1514 0.7309
vn -0.4932 0.1384 0.8588
vn -0.6655 0.1514 0.7309
vn -0.5598 0.0000 0.8286
vn -0.5598 0.0000 0.8286
vn -0.4108 0.3348 0.8480
vn -0.4932 0.1384 0.8588
vn -0.2988 0.1240 0.9462
vn -0.4932 0.1384 0.8588
vn -0.4108 0.3348 0.8480
vn -0.4108 0.3348 0.8480
vn -0.2187 0.3458 0.9125
vn -0.2988 0.1240 0.9462
vn -0.0889 0.1085 0.9901
vn -0.2988 0.1240 0.9462
vn -0.2187 0.3458 0.9125
vn -0.2187 0.3458 0.9125
vn -0.0177 0.3385 0.9408
vn -0.0889 0.1085 0.9901
vn 0.1268 0.0926 0.9876
vn -0.0889 0.1085 0.9901
vn -0.0177 0.3385 0.9408
vn -0.0177 0.3385 0.9408
vn 0.0531 0.0000 0.9986
vn 0.1268 0.0926 0.9876
vn 0.3377 0.0773 0.9381
vn 0.1268 0.0926 0.9876
vn 0.2695 0.0000 0.9630
vn 0.2695 0.0000 0.9630
vn 0.3778 0.3518 0.8564
vn 0.3377 0.0773 0.9381
vn 0.5303 0.0633 0.8455
vn 0.3377 0.0773 0.9381
vn 0.3778 0.3518 0.8564
vn 0.3778 0.3518 0.8564
vn 0.5484 0.3704 0.7497
vn 0.5303 0.0633 0.8455
vn 0.4837 0.0784 0.8717
vn 0.5303 0.0633 0.8455
vn 0.5484 0.3704 0.7497
vn 0.5484 0.3704 0.7497
vn 0.6473 0.0000 0.7622
vn 0.4837 0.0784 0.8717
vn -0.3240 0.0000 0.9461
vn 0.4837 0.0784 0.8717
vn -0.5086 0.2089 0.8353
vn 0.8509 0.3819 0.3606
vn 0.9903 0.1216 -0.0677
vn 0.8667 0.4575 -0.1991
vn 0.9877 0.1449 0.0589
vn 0.8509 0.3819 0.3606
vn 0.8667 0.4575 -0.1991
vn 0.5303 0.0633 0.8455
vn 0.4837 0.0784 0.8717
vn 0.3968 0.7901 0.4673
vn 0.2484 0.8470 0.4700
vn 0.2484 0.8470 0.4700
vn 0.2484 0.8470 0.4700
vn 0.1240 0.8878 0.4432
vn 0.1240 0.8878 0.4432
vn 0.1240 0.8878 0.4432
vn 0.0212 0.9168 0.3987
vn 0.0212 0.9168 0.3987
vn 0.0212 0.9168 0.3987
vn -0.0572 0.9361 0.3470
vn -0.0572 0.9361 0.3470
vn -0.0572 0.9361 0.3470
vn -0.1166 0.9491 0.2925
vn -0.1166 0.9491 0.2925
vn -0.1166 0.9491 0.2925
vn -0.1608 0.9579 0.2379
vn -0.1608 0.9579 0.2379
vn -0.1608 0.9579 0.2379
vn -0.1935 0.9639 0.1830
vn -0.1935 0.9639 0.1830
vn -0.1935 0.9639 0.1830
vn -0.2159 0.9677 0.1298
vn -0.2159 0.9677 0.1298
vn -0.2159 0.9677 0.1298
vn -0.2301 0.9701 0.0776
vn -0.2301 0.9701 0.0776
vn -0.2301 0.9701 0.0776
vn -0.2370 0.9712 0.0254
vn -0.2370 0.9712 0.0254
vn -0.2370 0.9712 0.0254
vn -0.2370 0.9712 -0.0254
vn -0.2370 0.9712 -0.0254
vn -0.2370 0.9712 -0.0254
vn -0.2300 0.9701 -0.0776
vn -0.2300 0.9701 -0.0776
vn -0.2300 0.9701 -0.0776
vn -0.2157 0.9677 -0.1301
vn -0.2157 0.9677 -0.1301
vn -0.2157 0.9677 -0.1301
vn -0.1931 0.9639 -0.1834
vn -0.1931 0.9639 -0.1834
vn -0.1931 0.9639 -0.1834
vn -0.1613 0.9581 -0.2367
vn -0.1613 0.9581 -0.2367
vn -0.1613 0.9581 -0.2367
vn -0.1165 0.9493 -0.2921
vn -0.1165 0.9493 -0.2921
vn -0.1165 0.9493 -0.2921
vn -0.0562 0.9361 -0.3472
vn -0.0562 0.9361 -0.3472
vn -0.0562 0.9361 -0.3472
vn 0.0212 0.9170 -0.3982
vn 0.0212 0.9170 -0.3982
vn 0.0212 0.9170 -0.3982
vn 0.1224 0.8886 -0.4420
vn 0.1224 0.8886 -0.4420
vn 0.1224 0.8886 -0.4420
vn 0.2495 0.8470 -0.4693
vn 0.2495 0.8470 -0.4693
vn 0.8667 0.4575 -0.1991
vn 0.7483 0.0512 -0.6614
vn 0.5885 0.0634 -0.8060
vn 0.8667 0.4575 -0.1991
vn 0.5519 0.7206 -0.4197
vn 0.7483 0.0512 -0.6614
vn 0.8667 0.4575 -0.1991
vn 0.2069 -0.8652 -0.4568
vn 0.2069 -0.8652 -0.4568
vn -0.1663 -0.6828 -0.7115
vn 0.0521 -0.4529 -0.8900
vn -0.1663 -0.6828 -0.7115
vn 0.1722 0.0021 -0.9851
vn 0.1722 0.0021 -0.9851
vn 0.2361 -0.8970 -0.3736
vn 0.0521 -0.4529 -0.8900
vn 0.1298 -0.0933 0.9871
vn 0.2717 -0.4680 0.8409
vn 0.2717 -0.4680 0.8409
vn 0.0201 -0.7585 0.6514
vn 0.1298 -0.0933 0.9871
vn 0.0572 -0.9890 0.1362
vn -0.0558 -0.9947 -0.0863
vn -0.0857 -0.8788 -0.4694
vn 0.4549 -0.8905 0.0055
vn 0.1298 -0.0933 0.9871
vn -0.0359 -0.8110 0.5840
vn 0.0263 -0.3907 0.9201
vn -0.0558 -0.9947 -0.0863
vn 0.1086 -0.4851 -0.8677
vn -0.1663 -0.6828 -0.7115
vn -0.0577 -0.9965 0.0601
vn -0.1670 -0.9824 0.0835
vn -0.0927 -0.9957 0.0043
vn 0.3630 -0.9131 0.1856
vn 0.4418 -0.7789 0.4452
vn 0.0572 -0.9890 0.1362
vn 0.0424 -0.9986 -0.0304
vn 0.5209 -0.8462 -0.1127
vn 0.0654 -0.9979 0.0004
vn 0.2361 -0.8970 -0.3736
vn 0.0563 -0.9960 -0.0698
vn 0.0424 -0.9986 -0.0304
vn -0.1567 -0.9864 -0.0504
vn -0.0857 -0.8788 -0.4694
vn -0.0558 -0.9947 -0.0863
vn -0.9094 -0.4138 0.0424
vn -0.9094 -0.4138 0.0424
vn -0.9094 -0.4138 0.0424
vn -0.0037 -0.9975 -0.0706
vn 0.0521 -0.4529 -0.8900
vn 0.2361 -0.8970 -0.3736
vn -0.0449 -0.3583 -0.9325
vn -0.1663 -0.6828 -0.7115
vn 0.0521 -0.4529 -0.8900
vn -0.0558 -0.9947 -0.0863
vn -0.0927 -0.9957 0.0043
vn -0.1567 -0.9864 -0.0504
vn 0.0654 -0.9979 0.0004
vn 0.5133 -0.8546 0.0786
vn 0.3630 -0.9131 0.1856
vn -0.0558 -0.9947 -0.0863
vn -0.1663 -0.6828 -0.7115
vn -0.0037 -0.9975 -0.0706
vn -0.0359 -0.8110 0.5840
vn -0.0644 -0.9720 0.2261
vn -0.0577 -0.9965 0.0601
vn -0.0577 -0.9965 0.0601
vn 0.0206 -0.9917 0.1271
vn -0.0359 -0.8110 0.5840
vn 0.0654 -0.9979 0.0004
vn 0.3630 -0.9131 0.1856
vn 0.0081 -1.0000 -0.0014
vn 0.0424 -0.9986 -0.0304
vn 0.0654 -0.9979 0.0004
vn 0.0081 -1.0000 -0.0014
vn 0.2361 -0.8970 -0.3736
vn 0.0424 -0.9986 -0.0304
vn 0.0081 -1.0000 -0.0014
vn -0.0037 -0.9975 -0.0706
vn 0.2361 -0.8970 -0.3736
vn 0.0081 -1.0000 -0.0014
vn -0.0558 -0.9947 -0.0863
vn -0.0037 -0.9975 -0.0706
vn 0.0081 -1.0000 -0.0014
vn -0.0927 -0.9957 0.0043
vn -0.0558 -0.9947 -0.0863
vn 0.0081 -1.0000 -0.0014
vn -0.0577 -0.9965 0.0601
vn -0.0927 -0.9957 0.0043
vn 0.0081 -1.0000 -0.0014
vn 0.0206 -0.9917 0.1271
vn -0.0577 -0.9965 0.0601
vn 0.0081 -1.0000 -0.0014
vn 0.0572 -0.9890 0.1362
vn 0.0206 -0.9917 0.1271
vn 0.0081 -1.0000 -0.0014
vn 0.3630 -0.9131 0.1856
vn 0.0572 -0.9890 0.1362
vn 0.0081 -1.0000 -0.0014
vn 0.0286 0.9348 -0.3541
vn -0.0063 0.9426 -0.3338
vn 0.0787 0.4972 -0.8641
vn 0.1401 0.9829 -0.1200
vn 0.0309 0.9667 -0.2541
vn 0.0589 0.9905 -0.1240
vn 0.0947 0.9084 -0.4071
vn 0.0286 0.9348 -0.3541
vn 0.0787 0.4972 -0.8641
vn 0.0947 0.9084 -0.4071
vn 0.0286 0.9348 -0.3541
vn 0.6075 0.5709 -0.5523
vn -0.6075 -0.5709 0.5523
vn -0.6075 -0.5709 0.5523
vn -0.6075 -0.5709 0.5523
vn 0.0229 0.9658 0.2582
vn 0.0694 0.9323 0.3551
vn 0.0525 0.9180 0.3931
vn 0.7187 0.2284 0.6567
vn 0.7187 0.2284 0.6567
vn 0.7187 0.2284 0.6567
vn -0.7187 -0.2284 -0.6567
vn -0.7187 -0.2284 -0.6567
vn -0.7187 -0.2284 -0.6567
vn -0.8887 -0.3694 -0.2716
vn -0.8887 -0.3694 -0.2716
vn -0.8887 -0.3694 -0.2716
vn 0.8887 0.3694 0.2716
vn 0.8887 0.3694 0.2716
vn 0.8887 0.3694 0.2716
vn -0.0068 0.9997 -0.0255
vn 0.0006 1.0000 -0.0083
vn -0.0044 1.0000 0.0018
vn 0.0374 0.9629 0.2674
vn 0.0221 0.9752 0.2200
vn 0.0054 0.9726 0.2325
vn 0.0374 0.9629 0.2674
vn 0.0054 0.9726 0.2325
vn 0.0416 0.9614 0.2721
vn 0.0374 0.9629 0.2674
vn 0.0416 0.9614 0.2721
vn 0.0700 0.8279 0.5564
vn 0.0363 0.9710 0.2365
vn 0.0098 0.9820 0.1884
vn 0.0221 0.9752 0.2200
vn -0.0731 0.9762 0.2044
vn -0.0038 0.9968 0.0793
vn 0.0070 0.9848 0.1735
vn 0.0078 0.9863 0.1647
vn 0.0363 0.9710 0.2365
vn 0.0070 0.9848 0.1735
vn -0.0047 0.9978 0.0660
vn 0.0015 0.9949 0.1012
vn -0.0038 0.9968 0.0793
vn -0.0038 0.9968 0.0793
vn -0.0731 0.9762 0.2044
vn -0.0047 0.9978 0.0660
vn 0.0019 0.9985 0.0546
vn -0.0005 0.9972 0.0753
vn 0.0016 0.9988 0.0480
vn -0.0005 0.9972 0.0753
vn 0.0019 0.9985 0.0546
vn 0.0007 0.9976 0.0689
vn -0.0005 0.9972 0.0753
vn 0.0007 0.9976 0.0689
vn 0.0023 0.9970 0.0774
vn -0.0005 0.9972 0.0753
vn 0.0023 0.9970 0.0774
vn 0.0033 0.9960 0.0888
vn 0.0005 0.9997 0.0241
vn -0.0026 0.9997 0.0246
vn -0.0021 0.9998 0.0173
vn -0.0026 0.9997 0.0246
vn 0.0005 0.9997 0.0241
vn 0.0007 0.9994 0.0348
vn 0.0007 0.9994 0.0348
vn 0.0016 0.9988 0.0480
vn -0.0026 0.9997 0.0246
vn 0.0007 0.9994 0.0348
vn 0.0004 0.9989 0.0478
vn 0.0016 0.9988 0.0480
vn 0.0016 0.9988 0.0480
vn 0.0004 0.9989 0.0478
vn 0.0019 0.9985 0.0546
vn 0.0001 0.9999 0.0151
vn -0.0021 0.9998 0.0173
vn -0.0044 1.0000 0.0018
vn 0.0001 0.9999 0.0151
vn 0.0009 0.9996 0.0265
vn -0.0021 0.9998 0.0173
vn -0.0021 0.9998 0.0173
vn 0.0009 0.9996 0.0265
vn 0.0005 0.9997 0.0241
vn 0.0003 0.9999 -0.0118
vn 0.0002 1.0000 0.0012
vn 0.0006 1.0000 -0.0083
vn 0.0006 1.0000 -0.0083
vn 0.0002 1.0000 0.0012
vn 0.0001 1.0000 0.0056
vn 0.0001 1.0000 0.0056
vn -0.0044 1.0000 0.0018
vn 0.0006 1.0000 -0.0083
vn 0.0001 1.0000 0.0056
vn 0.0002 0.9999 0.0139
vn -0.0044 1.0000 0.0018
vn -0.0044 1.0000 0.0018
vn 0.0002 0.9999 0.0139
vn 0.0001 0.9999 0.0151
vn 0.0000 1.0000 -0.0069
vn 0.0002 1.0000 0.0012
vn 0.0003 0.9999 -0.0118
vn 0.0001 0.9999 -0.0156
vn 0.0003 0.9999 -0.0118
vn 0.0005 0.9996 -0.0266
vn 0.0005 0.9996 -0.0266
vn 0.0015 0.9998 -0.0183
vn 0.0001 0.9999 -0.0156
vn 0.0003 0.9998 -0.0217
vn 0.0015 0.9998 -0.0183
vn 0.0005 0.9996 -0.0266
vn 0.0003 0.9998 -0.0217
vn 0.0005 0.9996 -0.0266
vn -0.0004 0.9992 -0.0392
vn -0.0004 0.9992 -0.0392
vn 0.0021 0.9995 -0.0300
vn 0.0003 0.9998 -0.0217
vn 0.0026 0.9991 -0.0412
vn 0.0021 0.9995 -0.0300
vn -0.0004 0.9992 -0.0392
vn 0.0026 0.9991 -0.0412
vn -0.0004 0.9992 -0.0392
vn -0.0010 0.9987 -0.0513
vn 0.0006 0.9991 -0.0433
vn 0.0026 0.9991 -0.0412
vn -0.0010 0.9987 -0.0513
vn 0.0006 0.9991 -0.0433
vn -0.0010 0.9987 -0.0513
vn 0.0002 0.9996 -0.0266
vn 0.0002 0.9996 -0.0266
vn 0.0040 0.9987 -0.0511
vn 0.0006 0.9991 -0.0433
vn -0.0004 0.9994 -0.0355
vn 0.0040 0.9987 -0.0511
vn 0.0002 0.9996 -0.0266
vn -0.0004 0.9994 -0.0355
vn 0.0002 0.9996 -0.0266
vn -0.0325 0.9944 -0.1004
vn -0.0001 0.9968 -0.0799
vn -0.0004 0.9994 -0.0355
vn -0.0325 0.9944 -0.1004
vn -0.0001 0.9968 -0.0799
vn 0.0083 0.9917 -0.1287
vn 0.0013 0.9958 -0.0914
vn 0.0127 0.9917 -0.1281
vn 0.0102 0.9620 -0.2728
vn 0.0129 0.9814 -0.1916
vn 0.0553 0.9493 -0.3094
vn 0.0114 0.9654 -0.2604
vn 0.0283 0.9710 -0.2372
vn 0.0894 0.9069 -0.4117
vn 0.0770 0.9362 -0.3429
vn 0.0262 0.9466 -0.3212
vn 0.0787 0.4972 -0.8641
vn 0.0730 0.9175 -0.3910
vn 0.0947 0.9084 -0.4071
vn 0.0286 0.9348 -0.3541
vn 0.0947 0.9084 -0.4071
vn 0.0600 0.9484 -0.3114
vn 0.0600 0.9484 -0.3114
vn 0.0377 0.9630 -0.2669
vn 0.0286 0.9348 -0.3541
vn 0.0286 0.9348 -0.3541
vn 0.0377 0.9630 -0.2669
vn 0.0309 0.9667 -0.2541
vn 0.0589 0.9905 -0.1240
vn 0.0309 0.9667 -0.2541
vn 0.1245 0.9611 -0.2465
vn 0.0229 0.9658 0.2582
vn 0.0204 0.9866 0.1622
vn 0.0363 0.9710 0.2365
vn -0.0044 1.0000 0.0018
vn -0.3874 0.9213 0.0335
vn -0.0068 0.9997 -0.0255
vn -0.3874 0.9213 0.0335
vn -0.0044 1.0000 0.0018
vn -0.0021 0.9998 0.0173
vn -0.3874 0.9213 0.0335
vn -0.0021 0.9998 0.0173
vn -0.0026 0.9997 0.0246
vn -0.3874 0.9213 0.0335
vn -0.0026 0.9997 0.0246
vn 0.0016 0.9988 0.0480
vn -0.3874 0.9213 0.0335
vn 0.0016 0.9988 0.0480
vn -0.0005 0.9972 0.0753
vn 0.0055 0.9945 0.1045
vn 0.0015 0.9949 0.1012
vn -0.0047 0.9978 0.0660
vn 0.0055 0.9945 0.1045
vn -0.0047 0.9978 0.0660
vn -0.0005 0.9972 0.0753
vn -0.0005 0.9972 0.0753
vn 0.0033 0.9960 0.0888
vn 0.0055 0.9945 0.1045
vn -0.0047 0.9978 0.0660
vn -0.0731 0.9762 0.2044
vn -0.0005 0.9972 0.0753
vn 0.0070 0.9848 0.1735
vn 0.0363 0.9710 0.2365
vn -0.0731 0.9762 0.2044
vn 0.0204 0.9866 0.1622
vn 0.0064 1.0000 -0.0031
vn 0.4524 0.8757 0.1687
vn 0.0756 0.9308 0.3577
vn 0.0821 0.6495 0.7559
vn 0.0525 0.9180 0.3931
vn 0.0102 0.9620 -0.2728
vn 0.1245 0.9611 -0.2465
vn 0.0309 0.9667 -0.2541
vn 0.0377 0.9630 -0.2669
vn 0.0129 0.9814 -0.1916
vn 0.0309 0.9667 -0.2541
vn 0.0947 0.9084 -0.4071
vn 0.1633 0.2497 -0.9545
vn 0.0894 0.9069 -0.4117
vn 0.0600 0.9484 -0.3114
vn 0.0947 0.9084 -0.4071
vn 0.0894 0.9069 -0.4117
vn 0.0377 0.9630 -0.2669
vn 0.0125 0.9851 -0.1714
vn 0.0129 0.9814 -0.1916
vn 0.0102 0.9620 -0.2728
vn 0.0309 0.9667 -0.2541
vn 0.0129 0.9814 -0.1916
vn 0.0894 0.9069 -0.4117
vn 0.0553 0.9493 -0.3094
vn 0.0600 0.9484 -0.3114
vn 0.0006 1.0000 -0.0083
vn -0.0068 0.9997 -0.0255
vn 0.0003 0.9999 -0.0118
vn -0.0068 0.9997 -0.0255
vn 0.0005 0.9996 -0.0266
vn 0.0003 0.9999 -0.0118
vn 0.0005 0.9996 -0.0266
vn -0.0068 0.9997 -0.0255
vn -0.0325 0.9944 -0.1004
vn -0.0325 0.9944 -0.1004
vn -0.0004 0.9992 -0.0392
vn 0.0005 0.9996 -0.0266
vn -0.0325 0.9944 -0.1004
vn -0.0010 0.9987 -0.0513
vn -0.0004 0.9992 -0.0392
vn -0.0325 0.9944 -0.1004
vn 0.0002 0.9996 -0.0266
vn -0.0010 0.9987 -0.0513
vn -0.0325 0.9944 -0.1004
vn 0.0083 0.9917 -0.1287
vn -0.0001 0.9968 -0.0799
vn 0.0377 0.9630 -0.2669
vn 0.0230 0.9761 -0.2163
vn 0.0125 0.9851 -0.1714
vn 0.0283 0.9710 -0.2372
vn 0.0230 0.9761 -0.2163
vn 0.0600 0.9484 -0.3114
vn 0.0262 0.9466 -0.3212
vn 0.0114 0.9654 -0.2604
vn 0.0553 0.9493 -0.3094
vn 0.0894 0.9069 -0.4117
vn 0.0262 0.9466 -0.3212
vn 0.0553 0.9493 -0.3094
vn 0.0553 0.9493 -0.3094
vn 0.0283 0.9710 -0.2372
vn 0.0600 0.9484 -0.3114
vn 0.0230 0.9761 -0.2163
vn 0.0377 0.9630 -0.2669
vn 0.0600 0.9484 -0.3114
vn 0.0127 0.9917 -0.1281
vn -0.0088 0.9872 -0.1591
vn 0.0102 0.9620 -0.2728
vn -0.0088 0.9872 -0.1591
vn 0.0127 0.9917 -0.1281
vn 0.0055 0.9926 -0.1210
vn -0.0088 0.9872 -0.1591
vn 0.0055 0.9926 -0.1210
vn 0.0083 0.9917 -0.1287
vn -0.0088 0.9872 -0.1591
vn 0.0083 0.9917 -0.1287
vn -0.0325 0.9944 -0.1004
vn -0.8498 0.2841 -0.4439
vn -0.8498 0.2841 -0.4439
vn -0.8498 0.2841 -0.4439
vn 0.0655 0.9492 0.3079
vn 0.0525 0.9180 0.3931
vn 0.0700 0.8279 0.5564
vn 0.0363 0.9710 0.2365
vn 0.0078 0.9863 0.1647
vn 0.0098 0.9820 0.1884
vn 0.0221 0.9752 0.2200
vn 0.0229 0.9658 0.2582
vn 0.0363 0.9710 0.2365
vn 0.0229 0.9658 0.2582
vn 0.0221 0.9752 0.2200
vn 0.0374 0.9629 0.2674
vn 0.0374 0.9629 0.2674
vn 0.0694 0.9323 0.3551
vn 0.0229 0.9658 0.2582
vn 0.0694 0.9323 0.3551
vn 0.0374 0.9629 0.2674
vn 0.0700 0.8279 0.5564
vn 0.0700 0.8279 0.5564
vn 0.0525 0.9180 0.3931
vn 0.0694 0.9323 0.3551
vn 0.0525 0.9180 0.3931
vn 0.0655 0.9492 0.3079
vn 0.0756 0.9308 0.3577
vn -0.0731 0.9762 0.2044
vn -0.3874 0.9213 0.0335
vn -0.0005 0.9972 0.0753
vn -0.0068 0.9997 -0.0255
vn -0.3874 0.9213 0.0335
vn -0.0325 0.9944 -0.1004
vn 0.0064 1.0000 -0.0031
vn 0.0589 0.9905 -0.1240
vn 0.4524 0.8757 0.1687
vn 0.4524 0.8757 0.1687
vn 0.0363 0.9710 0.2365
vn 0.6150 0.4912 0.6168
vn 0.7699 0.0695 0.6343
vn 0.7699 0.0695 0.6343
vn 0.7699 0.0695 0.6343
vn 0.0363 0.9710 0.2365
vn 0.1622 0.8548 0.4929
vn -0.0731 0.9762 0.2044
vn 0.0760 -0.9249 0.3725
vn 0.0760 -0.9249 0.3725
vn 0.0760 -0.9249 0.3725
vn 0.6001 0.7999 -0.0108
vn 0.1520 0.9884 -0.0013
vn 0.0589 0.9905 -0.1240
vn 0.0589 0.9905 -0.1240
vn 0.1520 0.9884 -0.0013
vn 0.2961 0.9551 0.0049
vn 0.4524 0.8757 0.1687
vn 0.0589 0.9905 -0.1240
vn 0.2961 0.9551 0.0049
vn 0.2961 0.9551 0.0049
vn 0.1001 0.9926 0.0690
vn 0.4524 0.8757 0.1687
vn 0.8416 0.3934 -0.3701
vn 0.8416 0.3934 -0.3701
vn 0.8416 0.3934 -0.3701
vn -0.9567 0.2897 0.0263
vn -0.9567 0.2897 0.0263
vn -0.9567 0.2897 0.0263
vn -0.3191 0.9474 0.0265
vn -0.0994 0.9950 -0.0003
vn -0.3874 0.9213 0.0335
vn -0.3874 0.9213 0.0335
vn -0.0731 0.9762 0.2044
vn -0.3191 0.9474 0.0265
vn -0.0994 0.9950 -0.0003
vn -0.1938 0.9785 -0.0711
vn -0.3874 0.9213 0.0335
vn -0.1938 0.9785 -0.0711
vn -0.0325 0.9944 -0.1004
vn -0.3874 0.9213 0.0335
vn 0.0102 0.9620 -0.2728
vn -0.0088 0.9872 -0.1591
vn -0.2730 0.9183 -0.2868
vn -0.3825 0.2907 -0.8770
vn -0.3825 0.2907 -0.8770
vn -0.3825 0.2907 -0.8770
vn 0.3215 0.3817 -0.8666
vn 0.3215 0.3817 -0.8666
vn 0.0449 0.9307 -0.3630
vn 0.0000 1.0000 -0.0003
vn 0.0000 1.0000 -0.0003
vn 0.0449 0.9307 -0.3630
vn -0.5165 0.7750 -0.3641
vn 0.0000 1.0000 0.0000
vn -0.0070 0.9277 0.3733
vn -0.0070 0.9277 0.3733
vn 0.0446 0.9978 0.0488
vn -0.5165 0.7750 -0.3641
vn -0.1117 0.9926 -0.0469
vn -0.5165 0.7750 -0.3641
vn 0.0446 0.9978 0.0488
vn 0.1520 0.9884 -0.0013
vn -0.3309 0.9146 -0.2322
vn -0.0886 0.9789 0.1842
vn 0.1622 0.8548 0.4929
vn 0.0070 0.9991 0.0426
vn 0.0111 0.9606 -0.2778
vn -0.0000 1.0000 0.0000
vn -0.0000 1.0000 0.0000
vn 0.1809 0.9829 -0.0348
vn 0.1809 0.9829 -0.0348
vn 0.0000 1.0000 0.0000
vn 0.0000 1.0000 0.0000
vn -0.0000 1.0000 -0.0000
vn -0.1117 0.9926 -0.0469
vn 0.1809 0.9829 -0.0348
vn 0.0446 0.9978 0.0488
vn 0.1809 0.9829 -0.0348
vn -0.1117 0.9926 -0.0469
vn -0.0273 0.9541 -0.2981
vn 0.0000 1.0000 0.0000
vn 0.0000 1.0000 0.0000
vn -0.0273 0.9541 -0.2981
vn 0.0000 1.0000 0.0000
vn 0.4394 0.6684 0.6001
vn -0.0070 0.9277 0.3733
vn 0.0000 1.0000 0.0000
vn -0.3585 0.6974 -0.6206
vn -0.0070 0.9277 0.3733
vn -0.3585 0.6974 -0.6206
vn -0.1584 0.8522 -0.4987
vn 0.1028 0.8548 0.5086
vn -0.0070 0.9277 0.3733
vn -0.1584 0.8522 -0.4987
vn -0.1584 0.8522 -0.4987
vn -0.0273 0.9541 -0.2981
vn 0.1028 0.8548 0.5086
vn -0.0273 0.9541 -0.2981
vn 0.2822 0.7154 0.6392
vn 0.1028 0.8548 0.5086
vn 0.4394 0.6684 0.6001
vn 0.2822 0.7154 0.6392
vn -0.0273 0.9541 -0.2981
vn -0.1200 0.9768 0.1771
vn 0.0111 0.9606 -0.2778
vn -0.0000 1.0000 0.0001
vn 0.0111 0.9606 -0.2778
vn -0.1200 0.9768 0.1771
vn 0.1622 0.8548 0.4929
vn 0.0449 0.9307 -0.3630
vn 0.0001 1.0000 -0.0003
vn 0.1658 0.9697 0.1794
vn 0.1245 0.9611 -0.2465
vn 0.1658 0.9697 0.1794
vn 0.1534 0.9617 -0.2270
vn 0.1245 0.9611 -0.2465
vn 0.0449 0.9307 -0.3630
vn 0.1658 0.9697 0.1794
vn -0.3619 0.9048 0.2245
vn 0.1330 0.9910 0.0146
vn 0.4524 0.8757 0.1687
vn 0.0145 0.9992 0.0363
vn 0.0145 0.9992 0.0363
vn 0.1622 0.8548 0.4929
vn -0.1200 0.9768 0.1771
vn -0.0001 1.0000 0.0001
vn 0.2964 0.9113 -0.2859
vn -0.0430 0.9696 0.2407
vn -0.0001 1.0000 -0.0002
vn 0.0449 0.9307 -0.3630
vn -0.0000 1.0000 -0.0002
vn -0.0000 1.0000 -0.0002
vn 0.0449 0.9307 -0.3630
vn 0.0212 0.9993 0.0313
vn 0.0212 0.9993 0.0313
vn 0.1622 0.8548 0.4929
vn -0.0325 0.9944 -0.1004
vn -0.1938 0.9785 -0.0711
vn 0.2585 0.9625 -0.0828
vn -0.0000 1.0000 -0.0000
vn 0.2585 0.9625 -0.0828
vn -0.1938 0.9785 -0.0711
vn 0.1513 0.9585 -0.2418
vn 0.0000 1.0000 0.0000
vn -0.1938 0.9785 -0.0711
vn -0.2730 0.9183 -0.2868
vn 0.2585 0.9625 -0.0828
vn -0.1280 0.9876 -0.0911
vn -0.0430 0.9696 0.2407
vn 0.0449 0.9307 -0.3630
vn -0.2730 0.9183 -0.2868
vn -0.2730 0.9183 -0.2868
vn -0.0809 0.9849 -0.1531
vn -0.0430 0.9696 0.2407
vn 0.1245 0.9611 -0.2465
vn 0.1941 0.9636 -0.1836
vn 0.1941 0.9636 -0.1836
vn 0.0446 0.9978 0.0488
vn -0.0886 0.9789 0.1842
vn -0.3309 0.9146 -0.2322
vn -0.8648 0.2021 -0.4597
vn -0.8648 0.2021 -0.4597
vn -0.8648 0.2021 -0.4597
vn -0.0886 0.9789 0.1842
vn -0.1382 0.9751 0.1733
vn 0.2961 0.9551 0.0049
vn 0.2961 0.9551 0.0049
vn 0.1520 0.9884 -0.0013
vn -0.0886 0.9789 0.1842
vn -0.1382 0.9751 0.1733
vn -0.0002 1.0000 0.0002
vn 0.1001 0.9926 0.0690
vn 0.1001 0.9926 0.0690
vn 0.2961 0.9551 0.0049
vn -0.1382 0.9751 0.1733
vn -0.3619 0.9048 0.2245
vn 0.4524 0.8757 0.1687
vn 0.1001 0.9926 0.0690
vn 0.4524 0.8757 0.1687
vn 0.1284 0.9908 0.0433
vn 0.1284 0.9908 0.0433
vn 0.1248 0.9893 0.0750
vn -0.0948 0.9795 -0.1779
vn 0.4524 0.8757 0.1687
vn 0.1622 0.8548 0.4929
vn -0.0948 0.9795 -0.1779
vn 0.0282 0.9992 0.0267
vn 0.1622 0.8548 0.4929
vn 0.4524 0.8757 0.1687
vn -0.0948 0.9795 -0.1779
vn -0.0731 0.9762 0.2044
vn -0.1200 0.9768 0.1771
vn 0.2964 0.9113 -0.2859
vn 0.1513 0.9585 -0.2418
vn -0.1938 0.9785 -0.0711
vn -0.0994 0.9950 -0.0003
vn 0.0533 0.9872 -0.1500
vn 0.1513 0.9585 -0.2418
vn -0.0994 0.9950 -0.0003
vn -0.0994 0.9950 -0.0003
vn -0.3191 0.9474 0.0265
vn 0.0533 0.9872 -0.1500
vn 0.2585 0.9625 -0.0828
vn -0.2730 0.9183 -0.2868
vn -0.0325 0.9944 -0.1004
vn 0.1001 0.9926 0.0690
vn -0.0002 1.0000 0.0000
vn -0.3619 0.9048 0.2245
vn -0.0002 1.0000 0.0001
vn -0.0002 1.0000 0.0001
vn 0.1001 0.9926 0.0690
vn -0.0002 1.0000 0.0001
vn -0.0002 1.0000 0.0001
vn 0.1001 0.9926 0.0690
vn -0.0731 0.9762 0.2044
vn 0.2964 0.9113 -0.2859
vn 0.0696 0.9964 0.0477
vn -0.0496 0.9975 0.0498
vn -0.0731 0.9762 0.2044
vn 0.0696 0.9964 0.0477
vn -0.3191 0.9474 0.0265
vn -0.0496 0.9975 0.0498
vn 0.0533 0.9872 -0.1500
vn 0.0114 0.9960 -0.0890
vn 0.0533 0.9872 -0.1500
vn -0.0496 0.9975 0.0498
vn -0.0496 0.9975 0.0498
vn 0.0696 0.9964 0.0477
vn 0.0114 0.9960 -0.0890
vn 0.0696 0.9964 0.0477
vn -0.0273 0.9541 -0.2981
vn 0.0114 0.9960 -0.0890
vn -0.0273 0.9541 -0.2981
vn 0.0696 0.9964 0.0477
vn 0.0000 1.0000 0.0000
vn 0.0000 1.0000 0.0000
vn 0.0000 1.0000 0.0000
vn -0.0273 0.9541 -0.2981
vn -0.5572 0.8062 -0.1988
vn -0.0000 1.0000 0.0000
vn 0.1809 0.9829 -0.0348
vn -0.5572 0.8062 -0.1988
vn 0.1809 0.9829 -0.0348
vn 0.1245 0.9611 -0.2465
vn 0.1245 0.9611 -0.2465
vn 0.2360 0.9613 -0.1419
vn -0.5572 0.8062 -0.1988
vn 0.0446 0.9978 0.0488
vn 0.0589 0.9905 -0.1240
vn 0.1809 0.9829 -0.0348
vn 0.9239 0.2658 0.2753
vn 0.9764 0.0000 0.2160
vn 0.9837 0.0183 -0.1790
vn 0.9837 0.0183 -0.1790
vn 0.9827 0.0000 -0.1853
vn 0.9827 0.0000 -0.1853
vn 0.9331 0.0230 -0.3588
vn 0.5861 0.4005 -0.7043
vn 0.9837 0.0183 -0.1790
vn 0.4365 0.0063 -0.8997
vn 0.3508 0.3170 -0.8812
vn 0.5861 0.4005 -0.7043
vn 0.2324 0.0202 -0.9724
vn 0.5861 0.4005 -0.7043
vn 0.3508 0.3170 -0.8812
vn 0.3508 0.3170 -0.8812
vn 0.0533 0.0000 -0.9986
vn 0.2324 0.0202 -0.9724
vn -0.2337 0.0550 -0.9708
vn 0.2324 0.0202 -0.9724
vn -0.1626 0.0000 -0.9867
vn -0.1626 0.0000 -0.9867
vn -0.2845 0.3454 -0.8943
vn -0.2337 0.0550 -0.9708
vn -0.4356 0.0753 -0.8970
vn -0.2337 0.0550 -0.9708
vn -0.2845 0.3454 -0.8943
vn -0.2845 0.3454 -0.8943
vn -0.4653 0.3655 -0.8062
vn -0.4356 0.0753 -0.8970
vn -0.6165 0.0970 -0.7813
vn -0.4356 0.0753 -0.8970
vn -0.4653 0.3655 -0.8062
vn -0.4653 0.3655 -0.8062
vn -0.6278 0.3669 -0.6865
vn -0.6165 0.0970 -0.7813
vn -0.7692 0.1192 -0.6278
vn -0.6165 0.0970 -0.7813
vn -0.6278 0.3669 -0.6865
vn -0.6278 0.3669 -0.6865
vn -0.7265 0.0000 -0.6872
vn -0.7692 0.1192 -0.6278
vn -0.8834 0.1403 -0.4471
vn -0.7692 0.1192 -0.6278
vn -0.8570 0.0000 -0.5153
vn -0.8570 0.0000 -0.5153
vn -0.8394 0.4160 -0.3499
vn -0.8834 0.1403 -0.4471
vn -0.9559 0.1597 -0.2465
vn -0.8834 0.1403 -0.4471
vn -0.8394 0.4160 -0.3499
vn -0.8394 0.4160 -0.3499
vn -0.8881 0.4306 -0.1606
vn -0.9559 0.1597 -0.2465
vn -0.9117 0.4062 -0.0621
vn -0.9559 0.1597 -0.2465
vn -0.8881 0.4306 -0.1606
vn -0.8881 0.4306 -0.1606
vn -0.9940 0.0000 -0.1092
vn -0.9117 0.4062 -0.0621
vn -0.9832 0.0218 0.1810
vn -0.9117 0.4062 -0.0621
vn -0.9940 0.0000 0.1095
vn -0.9940 0.0000 0.1095
vn -0.9033 0.3593 0.2342
vn -0.9832 0.0218 0.1810
vn -0.9219 0.0099 0.3874
vn -0.9832 0.0218 0.1810
vn -0.9033 0.3593 0.2342
vn -0.9033 0.3593 0.2342
vn -0.8358 0.3488 0.4240
vn -0.9219 0.0099 0.3874
vn -0.8178 0.0026 0.5755
vn -0.9219 0.0099 0.3874
vn -0.8358 0.3488 0.4240
vn -0.8358 0.3488 0.4240
vn -0.7324 0.3195 0.6012
vn -0.8178 0.0026 0.5755
vn -0.5663 0.5527 0.6115
vn -0.8178 0.0026 0.5755
vn -0.7324 0.3195 0.6012
vn -0.7324 0.3195 0.6012
vn -0.7265 0.0002 0.6872
vn -0.5663 0.5527 0.6115
vn -0.5028 0.0028 0.8644
vn -0.5663 0.5527 0.6115
vn -0.5696 0.0004 0.8219
vn -0.5612 0.0000 0.8277
vn -0.5612 0.0000 0.8277
vn -0.5028 0.0028 0.8644
vn -0.3016 0.0104 0.9534
vn -0.5028 0.0028 0.8644
vn -0.3695 0.0000 0.9292
vn -0.3695 0.0000 0.9292
vn -0.3695 0.0000 0.9292
vn -0.3016 0.0104 0.9534
vn -0.0399 0.3466 0.9372
vn -0.3016 0.0104 0.9534
vn -0.1626 0.0000 0.9867
vn -0.1626 0.0000 0.9867
vn -0.1626 0.0000 0.9867
vn -0.0399 0.3466 0.9372
vn 0.1252 0.1655 0.9782
vn -0.0399 0.3466 0.9372
vn 0.0533 0.0000 0.9986
vn 0.0533 0.0000 0.9986
vn 0.0533 0.0000 0.9986
vn 0.1252 0.1655 0.9782
vn 0.3343 0.1467 0.9310
vn 0.1252 0.1655 0.9782
vn 0.2688 0.0000 0.9632
vn 0.2688 0.0000 0.9632
vn 0.2822 0.7154 0.6392
vn 0.3343 0.1467 0.9310
vn 0.5275 0.1260 0.8402
vn 0.3343 0.1467 0.9310
vn 0.2822 0.7154 0.6392
vn 0.2822 0.7154 0.6392
vn 0.4394 0.6684 0.6001
vn 0.5275 0.1260 0.8402
vn 0.6974 0.1042 0.7090
vn 0.5275 0.1260 0.8402
vn 0.4394 0.6684 0.6001
vn 0.4394 0.6684 0.6001
vn 0.6070 0.5879 0.5348
vn 0.6974 0.1042 0.7090
vn 0.8352 0.0823 0.5437
vn 0.6974 0.1042 0.7090
vn 0.6070 0.5879 0.5348
vn 0.6070 0.5879 0.5348
vn 0.7776 0.4582 0.4305
vn 0.8352 0.0823 0.5437
vn 0.9338 0.0614 0.3524
vn 0.8352 0.0823 0.5437
vn 0.7776 0.4582 0.4305
vn 0.7776 0.4582 0.4305
vn 0.9239 0.2658 0.2753
vn 0.9338 0.0614 0.3524
vn 0.9837 0.0183 -0.1790
vn 0.9338 0.0614 0.3524
vn 0.9239 0.2658 0.2753
vn 0.4797 0.8710 0.1061
vn 0.4797 0.8710 0.1061
vn 0.4797 0.8710 0.1061
vn 0.3409 0.9268 0.1578
vn 0.3409 0.9268 0.1578
vn 0.3409 0.9268 0.1578
vn 0.2360 0.9550 0.1795
vn 0.2360 0.9550 0.1795
vn 0.2360 0.9550 0.1795
vn 0.1571 0.9701 0.1850
vn 0.1571 0.9701 0.1850
vn 0.1571 0.9701 0.1850
vn 0.0964 0.9786 0.1818
vn 0.0964 0.9786 0.1818
vn 0.0964 0.9786 0.1818
vn 0.0484 0.9837 0.1734
vn 0.0484 0.9837 0.1734
vn 0.0484 0.9837 0.1734
vn 0.0086 0.9868 0.1616
vn 0.0086 0.9868 0.1616
vn 0.0086 0.9868 0.1616
vn 0.1446 0.9653 0.2173
vn 0.1446 0.9653 0.2173
vn 0.1446 0.9653 0.2173
vn -0.3016 0.0104 0.9534
vn -0.0399 0.3466 0.9372
vn -0.5663 0.5527 0.6115
vn -0.5028 0.0028 0.8644
vn -0.3016 0.0104 0.9534
vn -0.5663 0.5527 0.6115
vn -0.9219 0.0099 0.3874
vn -0.8178 0.0026 0.5755
vn -0.5663 0.5527 0.6115
vn -0.9832 0.0218 0.1810
vn -0.9219 0.0099 0.3874
vn -0.5663 0.5527 0.6115
vn -0.9117 0.4062 -0.0621
vn -0.4741 0.8789 0.0522
vn -0.5663 0.5527 0.6115
vn -0.1960 0.9760 -0.0947
vn -0.1960 0.9760 -0.0947
vn -0.1960 0.9760 -0.0947
vn -0.1661 0.9859 -0.0182
vn -0.1661 0.9859 -0.0182
vn -0.1661 0.9859 -0.0182
vn -0.1775 0.9823 -0.0599
vn -0.1775 0.9823 -0.0599
vn -0.1775 0.9823 -0.0599
vn -0.1853 0.9764 -0.1114
vn -0.1853 0.9764 -0.1114
vn -0.1853 0.9764 -0.1114
vn -0.1872 0.9662 -0.1771
vn -0.1872 0.9662 -0.1771
vn -0.1872 0.9662 -0.1771
vn -0.1788 0.9476 -0.2646
vn -0.1788 0.9476 -0.2646
vn -0.1788 0.9476 -0.2646
vn -0.1513 0.9127 -0.3795
vn -0.1513 0.9127 -0.3795
vn -0.1513 0.9127 -0.3795
vn -0.0876 0.8425 -0.5316
vn -0.0876 0.8425 -0.5316
vn 0.5861 0.4005 -0.7043
vn 0.9419 0.0332 -0.3343
vn 0.8811 0.3911 0.2660
vn 0.9917 0.0453 -0.1203
vn 0.9003 0.0000 -0.4352
vn 0.7010 0.5369 -0.4693
vn 0.9419 0.0332 -0.3343
vn 0.5873 0.0745 -0.8059
vn 0.9419 0.0332 -0.3343
vn 0.7010 0.5369 -0.4693
vn 0.7010 0.5369 -0.4693
vn 0.6473 0.0000 -0.7622
vn 0.5873 0.0745 -0.8059
vn 0.4002 0.0925 -0.9117
vn 0.5873 0.0745 -0.8059
vn 0.4672 0.0000 -0.8841
vn 0.4672 0.0000 -0.8841
vn 0.4672 0.0000 -0.8841
vn 0.4002 0.0925 -0.9117
vn 0.1953 0.1114 -0.9744
vn 0.4002 0.0925 -0.9117
vn 0.2695 0.0000 -0.9630
vn 0.2695 0.0000 -0.9630
vn 0.2695 0.0000 -0.9630
vn 0.1953 0.1114 -0.9744
vn -0.0203 0.1296 -0.9914
vn 0.1953 0.1114 -0.9744
vn 0.0531 0.0000 -0.9986
vn 0.0531 0.0000 -0.9986
vn 0.0531 0.0000 -0.9986
vn -0.0203 0.1296 -0.9914
vn -0.2322 0.1465 -0.9616
vn -0.0203 0.1296 -0.9914
vn -0.1626 0.0000 -0.9867
vn -0.1626 0.0000 -0.9867
vn -0.1626 0.0000 -0.9867
vn -0.2322 0.1465 -0.9616
vn -0.4321 0.1613 -0.8873
vn -0.2322 0.1465 -0.9616
vn -0.3704 0.0000 -0.9289
vn -0.3704 0.0000 -0.9289
vn -0.3585 0.6974 -0.6206
vn -0.4321 0.1613 -0.8873
vn -0.6110 0.1734 -0.7724
vn -0.4321 0.1613 -0.8873
vn -0.3585 0.6974 -0.6206
vn -0.3585 0.6974 -0.6206
vn -0.5196 0.6368 -0.5696
vn -0.6110 0.1734 -0.7724
vn -0.7613 0.1822 -0.6223
vn -0.6110 0.1734 -0.7724
vn -0.5196 0.6368 -0.5696
vn -0.5196 0.6368 -0.5696
vn -0.7251 0.0000 -0.6887
vn -0.7613 0.1822 -0.6223
vn -0.8767 0.1875 -0.4429
vn -0.7613 0.1822 -0.6223
vn -0.8570 0.0000 -0.5153
vn -0.8570 0.0000 -0.5153
vn -0.8570 0.0000 -0.5153
vn -0.8767 0.1875 -0.4429
vn -0.9512 0.1889 -0.2439
vn -0.8767 0.1875 -0.4429
vn -0.9476 0.0000 -0.3196
vn -0.9476 0.0000 -0.3196
vn -0.9512 0.2557 -0.1728
vn -0.9512 0.1889 -0.2439
vn -0.9819 0.1865 -0.0334
vn -0.9512 0.1889 -0.2439
vn -0.9512 0.2557 -0.1728
vn -0.9512 0.2557 -0.1728
vn -0.9527 0.3020 0.0340
vn -0.9819 0.1865 -0.0334
vn -0.9675 0.1802 0.1772
vn -0.9819 0.1865 -0.0334
vn -0.9527 0.3020 0.0340
vn -0.9527 0.3020 0.0340
vn -0.9140 0.3301 0.2358
vn -0.9675 0.1802 0.1772
vn -0.9080 0.1704 0.3828
vn -0.9675 0.1802 0.1772
vn -0.9140 0.3301 0.2358
vn -0.9140 0.3301 0.2358
vn -0.9476 0.0000 0.3196
vn -0.9080 0.1704 0.3828
vn -0.8066 0.1574 0.5698
vn -0.9080 0.1704 0.3828
vn -0.8570 0.0000 0.5153
vn -0.8570 0.0000 0.5153
vn -0.6870 0.4533 0.5679
vn -0.8066 0.1574 0.5698
vn -0.6663 0.1420 0.7320
vn -0.8066 0.1574 0.5698
vn -0.6870 0.4533 0.5679
vn -0.6870 0.4533 0.5679
vn -0.5475 0.4541 0.7029
vn -0.6663 0.1420 0.7320
vn -0.4940 0.1245 0.8605
vn -0.6663 0.1420 0.7320
vn -0.5475 0.4541 0.7029
vn -0.5475 0.4541 0.7029
vn -0.5599 0.0000 0.8286
vn -0.4940 0.1245 0.8605
vn -0.2910 0.1791 0.9398
vn -0.4940 0.1245 0.8605
vn -0.3704 0.0000 0.9289
vn -0.3704 0.0000 0.9289
vn -0.2195 0.3356 0.9161
vn -0.2910 0.1791 0.9398
vn -0.0905 0.0220 0.9957
vn -0.2910 0.1791 0.9398
vn -0.2195 0.3356 0.9161
vn -0.2195 0.3356 0.9161
vn -0.0176 0.3518 0.9359
vn -0.0905 0.0220 0.9957
vn 0.1263 0.0099 0.9919
vn -0.0905 0.0220 0.9957
vn -0.0176 0.3518 0.9359
vn -0.0176 0.3518 0.9359
vn 0.1858 0.3495 0.9183
vn 0.1263 0.0099 0.9919
vn 0.3363 0.0025 0.9417
vn 0.1263 0.0099 0.9919
vn 0.1858 0.3495 0.9183
vn 0.1858 0.3495 0.9183
vn 0.2695 0.0000 0.9630
vn 0.3363 0.0025 0.9417
vn 0.7644 0.0876 0.6388
vn 0.3363 0.0025 0.9417
vn 0.4675 0.0000 0.8840
vn 0.4672 0.0000 0.8841
vn 0.7729 0.3826 0.5062
vn 0.7644 0.0876 0.6388
vn 0.8811 0.3911 0.2660
vn 0.7644 0.0876 0.6388
vn 0.7729 0.3826 0.5062
vn 0.7729 0.3826 0.5062
vn 0.8143 0.0239 0.5800
vn 0.8811 0.3911 0.2660
vn 0.1263 0.0099 0.9919
vn 0.3363 0.0025 0.9417
vn 0.7644 0.0876 0.6388
vn -0.0905 0.0220 0.9957
vn 0.1263 0.0099 0.9919
vn 0.0372 0.7147 0.6984
vn -0.0729 0.8939 0.4422
vn -0.0729 0.8939 0.4422
vn -0.0729 0.8939 0.4422
vn -0.0736 0.8954 0.4392
vn -0.0736 0.8954 0.4392
vn -0.0736 0.8954 0.4392
vn -0.1426 0.9229 0.3576
vn -0.1426 0.9229 0.3576
vn -0.1426 0.9229 0.3576
vn -0.1897 0.9408 0.2808
vn -0.1897 0.9408 0.2808
vn -0.1897 0.9408 0.2808
vn -0.2208 0.9527 0.2089
vn -0.2208 0.9527 0.2089
vn -0.2208 0.9527 0.2089
vn -0.2392 0.9603 0.1438
vn -0.2392 0.9603 0.1438
vn -0.2392 0.9603 0.1438
vn -0.2480 0.9651 0.0837
vn -0.2480 0.9651 0.0837
vn -0.2480 0.9651 0.0837
vn -0.2491 0.9681 0.0267
vn -0.2491 0.9681 0.0267
vn -0.2491 0.9681 0.0267
vn -0.2435 0.9696 -0.0261
vn -0.2435 0.9696 -0.0261
vn -0.2435 0.9696 -0.0261
vn -0.2314 0.9697 -0.0780
vn -0.2314 0.9697 -0.0780
vn -0.2314 0.9697 -0.0780
vn -0.2129 0.9686 -0.1280
vn -0.2129 0.9686 -0.1280
vn -0.2129 0.9686 -0.1280
vn -0.1872 0.9661 -0.1778
vn -0.1872 0.9661 -0.1778
vn -0.1872 0.9661 -0.1778
vn -0.1536 0.9618 -0.2265
vn -0.1536 0.9618 -0.2265
vn -0.1536 0.9618 -0.2265
vn -0.1098 0.9551 -0.2752
vn -0.1098 0.9551 -0.2752
vn -0.1098 0.9551 -0.2752
vn -0.0533 0.9448 -0.3234
vn -0.0533 0.9448 -0.3234
vn -0.0533 0.9448 -0.3234
vn 0.0197 0.9288 -0.3700
vn 0.0197 0.9288 -0.3700
vn 0.0197 0.9288 -0.3700
vn 0.1155 0.9036 -0.4125
vn 0.1155 0.9036 -0.4125
vn 0.1155 0.9036 -0.4125
vn 0.2343 0.8651 -0.4434
vn 0.2343 0.8651 -0.4434
vn 0.2343 0.8651 -0.4434
vn 0.3847 0.8043 -0.4530
vn 0.5873 0.0745 -0.8059
vn 0.3847 0.8043 -0.4530
vn 0.0078 0.9863 0.1647
vn 0.0001 0.9875 0.1576
vn -0.0003 0.9857 0.1683
vn 0.0098 0.9820 0.1884
vn -0.0001 0.9828 0.1844
vn -0.0002 0.9830 0.1838
vn 0.0077 0.8911 0.4538
vn 0.0700 0.8279 0.5564
vn -0.0322 0.9692 0.2441
vn 0.0009 0.9476 0.3194
vn 0.0077 0.8911 0.4538
vn -0.0322 0.9692 0.2441
vn 0.0009 0.9476 0.3194
vn -0.0322 0.9692 0.2441
vn 0.0258 0.9618 0.2726
vn -0.0002 0.9469 0.3214
vn 0.0009 0.9476 0.3194
vn 0.0258 0.9618 0.2726
vn -0.0001 0.9492 0.3146
vn -0.0054 0.9471 0.3209
vn -0.0378 0.7932 0.6078
vn -0.0001 0.9492 0.3146
vn -0.0378 0.7932 0.6078
vn -0.0002 0.9469 0.3214
vn -0.0002 0.9469 0.3214
vn 0.0258 0.9618 0.2726
vn -0.0001 0.9492 0.3146
vn -0.0001 0.9492 0.3146
vn 0.0001 0.9525 0.3045
vn -0.0054 0.9471 0.3209
vn -0.0005 0.9538 0.3005
vn -0.0054 0.9471 0.3209
vn 0.0001 0.9525 0.3045
vn 0.0001 0.9525 0.3045
vn 0.0002 0.9550 0.2967
vn -0.0005 0.9538 0.3005
vn -0.0005 0.9617 0.2739
vn -0.0005 0.9538 0.3005
vn 0.0002 0.9550 0.2967
vn 0.0002 0.9550 0.2967
vn 0.0041 0.9578 0.2876
vn -0.0005 0.9617 0.2739
vn 0.0041 0.9578 0.2876
vn -0.0316 0.9559 0.2921
vn -0.0005 0.9617 0.2739
vn -0.0006 0.9558 0.2941
vn -0.0316 0.9559 0.2921
vn 0.0041 0.9578 0.2876
vn 0.0041 0.9578 0.2876
vn 0.0010 0.9599 0.2803
vn -0.0006 0.9558 0.2941
vn -0.0023 0.9613 0.2755
vn -0.0006 0.9558 0.2941
vn 0.0010 0.9599 0.2803
vn 0.0010 0.9599 0.2803
vn 0.0017 0.9608 0.2771
vn -0.0023 0.9613 0.2755
vn 0.0017 0.9608 0.2771
vn -0.0002 0.9625 0.2712
vn -0.0023 0.9613 0.2755
vn 0.0017 0.9608 0.2771
vn 0.0020 0.9612 0.2759
vn -0.0002 0.9625 0.2712
vn 0.0020 0.9612 0.2759
vn 0.0009 0.9633 0.2683
vn -0.0002 0.9625 0.2712
vn -0.0000 0.9671 0.2546
vn -0.0002 0.9625 0.2712
vn 0.0009 0.9633 0.2683
vn 0.0009 0.9633 0.2683
vn 0.0204 0.9837 -0.1788
vn -0.0000 0.9671 0.2546
vn 0.0204 0.9837 -0.1788
vn -0.0047 0.9669 0.2552
vn -0.0000 0.9671 0.2546
vn 0.0204 0.9837 -0.1788
vn 0.0061 0.9562 0.2925
vn -0.0047 0.9669 0.2552
vn 0.0204 0.9837 -0.1788
vn -0.0080 0.9755 0.2199
vn 0.0327 0.7968 -0.6034
vn -0.0141 0.2174 0.9760
vn -0.0141 0.2174 0.9760
vn -0.0141 0.2174 0.9760
vn -0.0018 0.9492 0.3146
vn 0.0061 0.9562 0.2925
vn -0.0179 0.8910 0.4537
vn -0.0004 0.9713 0.2377
vn 0.0061 0.9562 0.2925
vn -0.0018 0.9492 0.3146
vn -0.0018 0.9492 0.3146
vn 0.0001 0.9717 0.2363
vn -0.0004 0.9713 0.2377
vn 0.0001 0.9717 0.2363
vn -0.0001 0.9723 0.2337
vn -0.0004 0.9713 0.2377
vn -0.0001 0.9723 0.2337
vn 0.0001 0.9717 0.2363
vn 0.0054 0.9726 0.2325
vn 0.0054 0.9726 0.2325
vn 0.0000 0.9745 0.2243
vn -0.0001 0.9723 0.2337
vn 0.0000 0.9745 0.2243
vn -0.0002 0.9750 0.2221
vn -0.0001 0.9723 0.2337
vn -0.0002 0.9750 0.2221
vn 0.0000 0.9745 0.2243
vn 0.0002 0.9766 0.2152
vn 0.0002 0.9766 0.2152
vn -0.0003 0.9771 0.2128
vn -0.0002 0.9750 0.2221
vn 0.0002 0.9766 0.2152
vn 0.0221 0.9752 0.2200
vn -0.0003 0.9771 0.2128
vn 0.0221 0.9752 0.2200
vn 0.0001 0.9783 0.2073
vn -0.0003 0.9771 0.2128
vn 0.0001 0.9809 0.1947
vn 0.0098 0.9820 0.1884
vn -0.0002 0.9830 0.1838
vn 0.0001 0.9809 0.1947
vn -0.0002 0.9830 0.1838
vn -0.0015 0.9796 0.2011
vn -0.0015 0.9796 0.2011
vn 0.0001 0.9783 0.2073
vn 0.0001 0.9809 0.1947
vn 0.0001 0.9783 0.2073
vn -0.0015 0.9796 0.2011
vn -0.0007 0.9777 0.2100
vn 0.0001 0.9783 0.2073
vn -0.0007 0.9777 0.2100
vn -0.0003 0.9771 0.2128
vn -0.0028 0.9863 0.1647
vn -0.0003 0.9857 0.1683
vn 0.0001 0.9875 0.1576
vn 0.0000 0.9844 0.1759
vn 0.0078 0.9863 0.1647
vn -0.0003 0.9857 0.1683
vn 0.0000 0.9844 0.1759
vn -0.0003 0.9857 0.1683
vn -0.0001 0.9820 0.1890
vn -0.0001 0.9820 0.1890
vn -0.0001 0.9828 0.1844
vn 0.0000 0.9844 0.1759
vn -0.0001 0.9828 0.1844
vn -0.0001 0.9820 0.1890
vn -0.0156 0.9820 0.1884
vn -0.0156 0.9820 0.1884
vn -0.0002 0.9830 0.1838
vn -0.0001 0.9828 0.1844
vn 0.0001 0.9875 0.1576
vn 0.0070 0.9848 0.1735
vn -0.0002 0.9889 0.1488
vn -0.0002 0.9889 0.1488
vn -0.0028 0.9863 0.1647
vn 0.0001 0.9875 0.1576
vn -0.0003 0.9897 0.1430
vn -0.0002 0.9889 0.1488
vn 0.0002 0.9895 0.1448
vn 0.0070 0.9848 0.1735
vn 0.0002 0.9895 0.1448
vn -0.0002 0.9889 0.1488
vn -0.0002 0.9913 0.1313
vn -0.0003 0.9897 0.1430
vn 0.0002 0.9895 0.1448
vn 0.0002 0.9895 0.1448
vn -0.0000 0.9919 0.1273
vn -0.0002 0.9913 0.1313
vn -0.0000 0.9919 0.1273
vn -0.0005 0.9924 0.1231
vn -0.0002 0.9913 0.1313
vn -0.0005 0.9924 0.1231
vn -0.0000 0.9919 0.1273
vn -0.0000 0.9928 0.1194
vn -0.0000 0.9928 0.1194
vn -0.0002 0.9933 0.1158
vn -0.0005 0.9924 0.1231
vn -0.0000 0.9928 0.1194
vn 0.0000 0.9936 0.1131
vn -0.0002 0.9933 0.1158
vn -0.0002 0.9943 0.1069
vn -0.0002 0.9933 0.1158
vn 0.0000 0.9936 0.1131
vn 0.0000 0.9936 0.1131
vn 0.0000 0.9943 0.1063
vn -0.0002 0.9943 0.1069
vn 0.0000 0.9943 0.1063
vn -0.0002 0.9949 0.1011
vn -0.0002 0.9943 0.1069
vn -0.0002 0.9949 0.1011
vn 0.0000 0.9943 0.1063
vn 0.0015 0.9949 0.1012
vn -0.0009 0.9958 0.0916
vn -0.0002 0.9949 0.1011
vn 0.0015 0.9949 0.1012
vn 0.0015 0.9949 0.1012
vn -0.0000 0.9954 0.0958
vn -0.0009 0.9958 0.0916
vn -0.0000 0.9954 0.0958
vn -0.0000 0.9962 0.0876
vn -0.0009 0.9958 0.0916
vn -0.0004 0.9968 0.0793
vn -0.0009 0.9958 0.0916
vn -0.0000 0.9962 0.0876
vn -0.0000 0.9962 0.0876
vn -0.0000 0.9969 0.0783
vn -0.0004 0.9968 0.0793
vn -0.0002 0.9971 0.0767
vn -0.0004 0.9968 0.0793
vn -0.0000 0.9969 0.0783
vn -0.0000 0.9969 0.0783
vn -0.0001 0.9971 0.0760
vn -0.0002 0.9971 0.0767
vn -0.0001 0.9978 0.0662
vn -0.0002 0.9971 0.0767
vn -0.0001 0.9971 0.0760
vn -0.0001 0.9971 0.0760
vn 0.0007 0.9976 0.0689
vn -0.0001 0.9978 0.0662
vn -0.0001 0.9978 0.0662
vn 0.0007 0.9976 0.0689
vn 0.0000 0.9981 0.0609
vn -0.0002 0.9984 0.0573
vn -0.0001 0.9978 0.0662
vn 0.0000 0.9981 0.0609
vn 0.0000 0.9981 0.0609
vn -0.0000 0.9986 0.0536
vn -0.0002 0.9984 0.0573
vn -0.0002 0.9987 0.0502
vn -0.0002 0.9984 0.0573
vn -0.0000 0.9986 0.0536
vn -0.0000 0.9986 0.0536
vn 0.0004 0.9989 0.0478
vn -0.0002 0.9987 0.0502
vn 0.0004 0.9989 0.0478
vn -0.0017 0.9992 0.0410
vn -0.0002 0.9987 0.0502
vn 0.0004 0.9989 0.0478
vn -0.0000 0.9992 0.0390
vn -0.0017 0.9992 0.0410
vn -0.0002 0.9994 0.0355
vn -0.0017 0.9992 0.0410
vn -0.0000 0.9992 0.0390
vn -0.0000 0.9992 0.0390
vn -0.0000 0.9995 0.0324
vn -0.0002 0.9994 0.0355
vn -0.0002 0.9996 0.0285
vn -0.0002 0.9994 0.0355
vn -0.0000 0.9995 0.0324
vn -0.0000 0.9995 0.0324
vn 0.0000 0.9997 0.0265
vn -0.0002 0.9996 0.0285
vn -0.0002 0.9998 0.0198
vn -0.0002 0.9996 0.0285
vn 0.0000 0.9997 0.0265
vn 0.0000 0.9997 0.0265
vn -0.0000 0.9998 0.0216
vn -0.0002 0.9998 0.0198
vn -0.0002 0.9998 0.0198
vn -0.0000 0.9998 0.0216
vn 0.0001 0.9999 0.0151
vn -0.0008 0.9999 0.0127
vn -0.0002 0.9998 0.0198
vn 0.0001 0.9999 0.0151
vn 0.0001 0.9999 0.0151
vn 0.0002 0.9999 0.0139
vn -0.0008 0.9999 0.0127
vn -0.0008 0.9999 0.0127
vn 0.0002 0.9999 0.0139
vn 0.0001 1.0000 0.0056
vn -0.0002 1.0000 0.0062
vn -0.0008 0.9999 0.0127
vn 0.0001 1.0000 0.0056
vn 0.0001 1.0000 0.0056
vn 0.0002 1.0000 0.0012
vn -0.0002 1.0000 0.0062
vn 0.0002 1.0000 0.0012
vn -0.0003 1.0000 0.0000
vn -0.0002 1.0000 0.0062
vn -0.0002 1.0000 -0.0041
vn -0.0003 1.0000 0.0000
vn 0.0002 1.0000 0.0012
vn 0.0002 1.0000 0.0012
vn 0.0000 1.0000 -0.0069
vn -0.0002 1.0000 -0.0041
vn -0.0001 0.9999 -0.0104
vn -0.0002 1.0000 -0.0041
vn 0.0000 1.0000 -0.0069
vn 0.0000 1.0000 -0.0069
vn 0.0003 0.9999 -0.0118
vn -0.0001 0.9999 -0.0104
vn -0.0001 0.9999 -0.0104
vn 0.0003 0.9999 -0.0118
vn 0.0001 0.9999 -0.0156
vn -0.0002 0.9998 -0.0182
vn -0.0001 0.9999 -0.0104
vn 0.0001 0.9999 -0.0156
vn 0.0001 0.9999 -0.0156
vn 0.0003 0.9998 -0.0217
vn -0.0002 0.9998 -0.0182
vn -0.0023 0.9996 -0.0274
vn -0.0002 0.9998 -0.0182
vn 0.0003 0.9998 -0.0217
vn 0.0003 0.9998 -0.0217
vn -0.0000 0.9996 -0.0292
vn -0.0023 0.9996 -0.0274
vn -0.0004 0.9995 -0.0325
vn -0.0023 0.9996 -0.0274
vn -0.0000 0.9996 -0.0292
vn -0.0000 0.9996 -0.0292
vn -0.0000 0.9994 -0.0360
vn -0.0004 0.9995 -0.0325
vn -0.0003 0.9992 -0.0400
vn -0.0004 0.9995 -0.0325
vn -0.0000 0.9994 -0.0360
vn -0.0000 0.9994 -0.0360
vn 0.0006 0.9991 -0.0433
vn -0.0003 0.9992 -0.0400
vn -0.0005 0.9988 -0.0480
vn -0.0003 0.9992 -0.0400
vn 0.0006 0.9991 -0.0433
vn 0.0006 0.9991 -0.0433
vn -0.0000 0.9987 -0.0504
vn -0.0005 0.9988 -0.0480
vn -0.0005 0.9985 -0.0548
vn -0.0005 0.9988 -0.0480
vn -0.0000 0.9987 -0.0504
vn -0.0000 0.9987 -0.0504
vn -0.0000 0.9983 -0.0579
vn -0.0005 0.9985 -0.0548
vn -0.0010 0.9981 -0.0615
vn -0.0005 0.9985 -0.0548
vn -0.0000 0.9983 -0.0579
vn -0.0000 0.9983 -0.0579
vn 0.0000 0.9979 -0.0651
vn -0.0010 0.9981 -0.0615
vn -0.0001 0.9975 -0.0710
vn -0.0010 0.9981 -0.0615
vn 0.0000 0.9979 -0.0651
vn 0.0000 0.9979 -0.0651
vn -0.0001 0.9968 -0.0799
vn -0.0001 0.9975 -0.0710
vn -0.0001 0.9975 -0.0710
vn -0.0001 0.9968 -0.0799
vn 0.0000 0.9970 -0.0778
vn -0.0002 0.9962 -0.0874
vn -0.0001 0.9975 -0.0710
vn 0.0000 0.9970 -0.0778
vn -0.0002 0.9962 -0.0874
vn 0.0000 0.9970 -0.0778
vn -0.0002 0.9965 -0.0831
vn -0.0002 0.9965 -0.0831
vn -0.0305 0.9961 -0.0823
vn -0.0002 0.9962 -0.0874
vn -0.0006 0.9965 -0.0839
vn -0.0305 0.9961 -0.0823
vn -0.0002 0.9965 -0.0831
vn -0.0002 0.9965 -0.0831
vn 0.0013 0.9958 -0.0914
vn -0.0006 0.9965 -0.0839
vn -0.0006 0.9965 -0.0839
vn 0.0013 0.9958 -0.0914
vn 0.0002 0.9953 -0.0971
vn -0.0002 0.9948 -0.1014
vn -0.0006 0.9965 -0.0839
vn 0.0002 0.9953 -0.0971
vn 0.0002 0.9953 -0.0971
vn 0.0001 0.9944 -0.1053
vn -0.0002 0.9948 -0.1014
vn -0.0002 0.9941 -0.1084
vn -0.0002 0.9948 -0.1014
vn 0.0001 0.9944 -0.1053
vn -0.0002 0.9941 -0.1084
vn 0.0001 0.9944 -0.1053
vn 0.0002 0.9933 -0.1160
vn 0.0002 0.9933 -0.1160
vn -0.0001 0.9930 -0.1181
vn -0.0002 0.9941 -0.1084
vn -0.0001 0.9930 -0.1181
vn 0.0002 0.9933 -0.1160
vn 0.0055 0.9926 -0.1210
vn -0.0001 0.9930 -0.1181
vn 0.0055 0.9926 -0.1210
vn 0.0001 0.9926 -0.1210
vn 0.0001 0.9926 -0.1210
vn -0.0003 0.9922 -0.1244
vn -0.0001 0.9930 -0.1181
vn 0.0001 0.9926 -0.1210
vn 0.0000 0.9917 -0.1288
vn -0.0003 0.9922 -0.1244
vn -0.0006 0.9905 -0.1377
vn -0.0003 0.9922 -0.1244
vn 0.0000 0.9917 -0.1288
vn -0.0006 0.9905 -0.1377
vn 0.0000 0.9917 -0.1288
vn 0.0000 0.9896 -0.1437
vn 0.0000 0.9896 -0.1437
vn -0.0340 0.9935 -0.1083
vn -0.0006 0.9905 -0.1377
vn -0.0000 0.9900 -0.1409
vn -0.0340 0.9935 -0.1083
vn 0.0000 0.9896 -0.1437
vn -0.0000 0.9900 -0.1409
vn 0.0000 0.9896 -0.1437
vn 0.0129 0.9814 -0.1916
vn 0.0129 0.9814 -0.1916
vn 0.0002 0.9895 -0.1444
vn -0.0000 0.9900 -0.1409
vn -0.0004 0.9886 -0.1505
vn -0.0000 0.9900 -0.1409
vn 0.0002 0.9895 -0.1444
vn -0.0004 0.9886 -0.1505
vn 0.0002 0.9895 -0.1444
vn 0.0000 0.9864 -0.1646
vn 0.0000 0.9864 -0.1646
vn -0.0024 0.9877 -0.1565
vn -0.0004 0.9886 -0.1505
vn -0.0001 0.9859 -0.1673
vn -0.0024 0.9877 -0.1565
vn 0.0000 0.9864 -0.1646
vn -0.0001 0.9859 -0.1673
vn 0.0000 0.9864 -0.1646
vn 0.0125 0.9851 -0.1714
vn 0.0125 0.9851 -0.1714
vn 0.0004 0.9858 -0.1679
vn -0.0001 0.9859 -0.1673
vn -0.0004 0.9845 -0.1753
vn -0.0001 0.9859 -0.1673
vn 0.0004 0.9858 -0.1679
vn -0.0004 0.9845 -0.1753
vn 0.0004 0.9858 -0.1679
vn 0.0002 0.9814 -0.1919
vn 0.0002 0.9814 -0.1919
vn 0.0001 0.9808 -0.1953
vn -0.0009 0.9820 -0.1887
vn 0.0002 0.9814 -0.1919
vn -0.0009 0.9820 -0.1887
vn -0.0004 0.9845 -0.1753
vn 0.0001 0.9808 -0.1953
vn 0.0002 0.9814 -0.1919
vn 0.0230 0.9761 -0.2163
vn 0.0230 0.9761 -0.2163
vn 0.0005 0.9821 -0.1884
vn 0.0001 0.9808 -0.1953
vn -0.0000 0.9764 -0.2161
vn 0.0001 0.9808 -0.1953
vn 0.0005 0.9821 -0.1884
vn 0.0005 0.9821 -0.1884
vn -0.0000 0.9768 -0.2141
vn -0.0000 0.9764 -0.2161
vn -0.0293 0.9755 -0.2182
vn -0.0000 0.9764 -0.2161
vn -0.0000 0.9768 -0.2141
vn -0.0000 0.9768 -0.2141
vn -0.0001 0.9770 -0.2134
vn -0.0293 0.9755 -0.2182
vn -0.0001 0.9770 -0.2134
vn -0.0000 0.9768 -0.2141
vn 0.0283 0.9710 -0.2372
vn -0.0001 0.9770 -0.2134
vn 0.0283 0.9710 -0.2372
vn 0.0001 0.9735 -0.2285
vn -0.0001 0.9717 -0.2363
vn -0.0001 0.9770 -0.2134
vn 0.0001 0.9735 -0.2285
vn 0.0001 0.9735 -0.2285
vn 0.0114 0.9654 -0.2604
vn -0.0001 0.9717 -0.2363
vn -0.0021 0.9496 -0.3133
vn -0.0001 0.9717 -0.2363
vn 0.0114 0.9654 -0.2604
vn 0.0014 0.9814 -0.1920
vn 0.0027 0.9645 -0.2640
vn -0.0019 0.9711 -0.2386
vn -0.0021 0.9496 -0.3133
vn 0.0014 0.9814 -0.1920
vn -0.0001 0.9717 -0.2363
vn -0.0019 0.9711 -0.2386
vn -0.0001 0.9717 -0.2363
vn 0.0014 0.9814 -0.1920
vn 0.0159 0.7514 -0.6597
vn 0.0243 0.9451 -0.3260
vn 0.0091 0.9617 -0.2741
vn 0.0091 0.9617 -0.2741
vn -0.0078 0.9633 -0.2685
vn 0.0159 0.7514 -0.6597
vn -0.0078 0.9633 -0.2685
vn 0.0027 0.9645 -0.2640
vn 0.0159 0.7514 -0.6597
vn 0.0243 0.9451 -0.3260
vn 0.0045 0.9961 -0.0877
vn 0.0091 0.9617 -0.2741
vn -0.0003 0.9590 -0.2834
vn 0.0091 0.9617 -0.2741
vn 0.0045 0.9961 -0.0877
vn -0.0003 0.9574 -0.2889
vn -0.0003 0.9590 -0.2834
vn 0.0045 0.9961 -0.0877
vn 0.0045 0.9961 -0.0877
vn 0.0158 0.9580 -0.2864
vn -0.0003 0.9574 -0.2889
vn 0.0121 0.9499 -0.3123
vn 0.0324 0.9520 -0.3043
vn 0.0013 0.9523 -0.3052
vn 0.0013 0.9523 -0.3052
vn 0.0014 0.9540 -0.2998
vn 0.0121 0.9499 -0.3123
vn 0.0014 0.9540 -0.2998
vn -0.0003 0.9574 -0.2889
vn 0.0121 0.9499 -0.3123
vn 0.0158 0.9580 -0.2864
vn 0.0121 0.9499 -0.3123
vn -0.0003 0.9574 -0.2889
vn 0.0013 0.9523 -0.3052
vn 0.0324 0.9520 -0.3043
vn 0.0008 0.9723 -0.2336
vn 0.0008 0.9723 -0.2336
vn 0.0013 0.9508 -0.3100
vn 0.0013 0.9523 -0.3052
vn 0.0013 0.9508 -0.3100
vn -0.1756 0.6866 -0.7055
vn 0.0013 0.9523 -0.3052
vn 0.0013 0.9508 -0.3100
vn 0.0008 0.9723 -0.2336
vn 0.0083 0.9997 -0.0223
vn -0.0071 0.9703 -0.2417
vn 0.1088 0.2713 -0.9563
vn 0.0108 0.8317 -0.5552
vn 0.0108 0.8317 -0.5552
vn 0.0000 0.9459 -0.3244
vn -0.0071 0.9703 -0.2417
vn 0.0000 0.9475 -0.3198
vn -0.0071 0.9703 -0.2417
vn 0.0000 0.9459 -0.3244
vn -0.0173 0.8486 -0.5288
vn 0.0013 0.9508 -0.3100
vn 0.0000 0.9475 -0.3198
vn 0.0000 0.9475 -0.3198
vn 0.0013 0.9508 -0.3100
vn -0.0071 0.9703 -0.2417
vn 0.0083 0.9997 -0.0223
vn -0.0071 0.9703 -0.2417
vn 0.0013 0.9508 -0.3100
vn -0.0071 0.9703 -0.2417
vn 0.0083 0.9997 -0.0223
vn -0.0500 0.9717 -0.2310
vn 0.0000 0.9459 -0.3244
vn 0.0000 0.9449 -0.3274
vn 0.0000 0.9475 -0.3198
vn 0.0000 0.9475 -0.3198
vn 0.0000 0.9449 -0.3274
vn -0.0173 0.8486 -0.5288
vn -0.0500 0.9717 -0.2310
vn -0.0331 0.9343 -0.3549
vn 0.0262 0.9466 -0.3212
vn 0.0262 0.9466 -0.3212
vn -0.0071 0.9703 -0.2417
vn -0.0500 0.9717 -0.2310
vn 0.0114 0.9654 -0.2604
vn -0.0331 0.9343 -0.3549
vn -0.0021 0.9496 -0.3133
vn -0.0179 0.8910 0.4537
vn -0.0322 0.9692 0.2441
vn 0.0700 0.8279 0.5564
vn 0.2682 0.9348 0.2330
vn 0.0017 0.9608 0.2771
vn 0.0010 0.9599 0.2803
vn 0.2682 0.9348 0.2330
vn 0.0020 0.9612 0.2759
vn 0.0017 0.9608 0.2771
vn 0.2682 0.9348 0.2330
vn 0.0009 0.9633 0.2683
vn 0.0020 0.9612 0.2759
vn 0.2682 0.9348 0.2330
vn 0.0204 0.9837 -0.1788
vn 0.0009 0.9633 0.2683
vn 0.2682 0.9348 0.2330
vn -0.0080 0.9755 0.2199
vn 0.0204 0.9837 -0.1788
vn 0.0001 0.9525 0.3045
vn -0.0001 0.9492 0.3146
vn 0.0258 0.9618 0.2726
vn 0.0041 0.9578 0.2876
vn 0.0002 0.9550 0.2967
vn 0.0258 0.9618 0.2726
vn 0.0258 0.9618 0.2726
vn 0.0002 0.9550 0.2967
vn 0.0001 0.9525 0.3045
vn 0.2682 0.9348 0.2330
vn 0.0010 0.9599 0.2803
vn 0.0041 0.9578 0.2876
vn 0.0041 0.9578 0.2876
vn 0.0258 0.9618 0.2726
vn 0.2682 0.9348 0.2330
vn 0.0810 0.9876 0.1343
vn 0.2682 0.9348 0.2330
vn 0.0258 0.9618 0.2726
vn 0.0810 0.9876 0.1343
vn 0.0258 0.9618 0.2726
vn -0.0322 0.9692 0.2441
vn 0.0810 0.9876 0.1343
vn -0.0080 0.9755 0.2199
vn 0.2682 0.9348 0.2330
vn -0.0322 0.9692 0.2441
vn -0.0179 0.8910 0.4537
vn -0.0080 0.9755 0.2199
vn -0.0080 0.9755 0.2199
vn 0.0810 0.9876 0.1343
vn -0.0322 0.9692 0.2441
vn 0.0324 0.9520 -0.3043
vn 0.0083 0.9997 -0.0223
vn 0.0008 0.9723 -0.2336
vn 0.0121 0.9499 -0.3123
vn 0.0158 0.9580 -0.2864
vn 0.0243 0.9451 -0.3260
vn 0.0324 0.9520 -0.3043
vn 0.0121 0.9499 -0.3123
vn 0.0243 0.9451 -0.3260
vn 0.0014 0.9814 -0.1920
vn -0.0021 0.9496 -0.3133
vn 0.0027 0.9645 -0.2640
vn 0.0027 0.9645 -0.2640
vn 0.0243 0.9451 -0.3260
vn 0.0159 0.7514 -0.6597
vn 0.0243 0.9451 -0.3260
vn 0.0158 0.9580 -0.2864
vn 0.0045 0.9961 -0.0877
vn 0.0324 0.9520 -0.3043
vn 0.0243 0.9451 -0.3260
vn 0.3961 0.9123 0.1043
vn -0.0331 0.9343 -0.3549
vn -0.0500 0.9717 -0.2310
vn 0.0243 0.9451 -0.3260
vn 0.0083 0.9997 -0.0223
vn 0.0324 0.9520 -0.3043
vn 0.3961 0.9123 0.1043
vn 0.0083 0.9997 -0.0223
vn 0.3961 0.9123 0.1043
vn -0.0500 0.9717 -0.2310
vn 0.0243 0.9451 -0.3260
vn -0.0021 0.9496 -0.3133
vn -0.0331 0.9343 -0.3549
vn 0.0243 0.9451 -0.3260
vn 0.0027 0.9645 -0.2640
vn -0.0021 0.9496 -0.3133
vn -0.7682 -0.6218 -0.1524
vn -0.7682 -0.6218 -0.1524
vn -0.7682 -0.6218 -0.1524
vn 0.7682 0.6218 0.1524
vn 0.0810 0.9876 0.1343
vn 0.7682 0.6218 0.1524
vn 0.5968 0.7542 0.2739
vn 0.5968 0.7542 0.2739
vn -0.0080 0.9755 0.2199
vn -0.5968 -0.7542 -0.2739
vn -0.5968 -0.7542 -0.2739
vn -0.5968 -0.7542 -0.2739
vn -0.0500 0.9717 -0.2310
vn 0.0003 0.9645 -0.2640
vn 0.0243 0.9451 -0.3260
vn 0.9569 -0.2759 -0.0907
vn 0.9569 -0.2759 -0.0907
vn 0.9569 -0.2759 -0.0907
vn 0.1860 0.3431 0.9207
vn 0.1860 0.3431 0.9207
vn 0.1860 0.3431 0.9207
vn 0.0000 1.0000 0.0000
vn 0.0000 1.0000 0.0000
vn 0.0000 1.0000 0.0000
vn 0.0000 1.0000 0.0000
vn 0.0000 1.0000 0.0000
vn 0.0000 1.0000 0.0000
vn 0.0000 1.0000 0.0000
vn 0.0000 1.0000 0.0000
vn 0.0000 1.0000 0.0000
vn 0.0000 1.0000 0.0000
vn 0.0000 1.0000 0.0000
vn 0.0000 1.0000 0.0000
vn 0.0000 1.0000 0.0000
vn 0.0000 1.0000 0.0000
vn 0.0000 1.0000 0.0000
vn 0.8384 0.0722 -0.5402
vn 0.8383 -0.4807 -0.2572
vn 0.9031 0.0211 -0.4289
vn 0.9335 0.0177 -0.3582
vn 0.9031 0.0211 -0.4289
vn 0.8383 -0.4807 -0.2572
vn 0.9540 0.0179 -0.2994
vn 0.9335 0.0177 -0.3582
vn 0.8383 -0.4807 -0.2572
vn 0.9721 0.0257 -0.2330
vn 0.9540 0.0179 -0.2994
vn 0.8383 -0.4807 -0.2572
vn 0.8469 0.5257 -0.0800
vn 0.9855 -0.1566 -0.0655
vn 0.9721 0.0257 -0.2330
vn 0.0000 1.0000 -0.0000
vn 0.0000 1.0000 -0.0000
vn 0.0000 1.0000 -0.0000
vn 0.0000 1.0000 0.0000
vn 0.0000 1.0000 0.0000
vn 0.0000 1.0000 0.0000
vn 0.0000 1.0000 0.0000
vn 0.0000 1.0000 0.0000
vn 0.0000 1.0000 0.0000
vn 0.0000 1.0000 0.0000
vn 0.0000 1.0000 0.0000
vn 0.0000 1.0000 0.0000
vn 0.0000 1.0000 0.0000
vn 0.0000 1.0000 0.0000
vn 0.0000 1.0000 0.0000
vn 0.0000 1.0000 0.0000
vn 0.0000 1.0000 0.0000
vn 0.0000 1.0000 0.0000
vn 0.0665 0.9977 0.0136
vn 0.0665 0.9977 0.0136
vn 0.0665 0.9977 0.0136
vn 0.0797 0.9966 0.0222
vn 0.0797 0.9966 0.0222
vn 0.0797 0.9966 0.0222
vn 0.0492 0.9986 0.0174
vn 0.0492 0.9986 0.0174
vn 0.0492 0.9986 0.0174
vn 0.0255 0.9996 0.0111
vn 0.0255 0.9996 0.0111
vn 0.0255 0.9996 0.0111
vn 0.0083 1.0000 0.0055
vn 0.0083 1.0000 0.0055
vn 0.0083 1.0000 0.0055
vn 0.0000 1.0000 0.0000
vn 0.0000 1.0000 0.0000
vn 0.0000 1.0000 0.0000
vn 0.0000 1.0000 0.0000
vn 0.0000 1.0000 0.0000
vn 0.0000 1.0000 0.0000
vn 0.0000 1.0000 0.0000
vn 0.0000 1.0000 0.0000
vn 0.0000 1.0000 0.0000
vn 0.0000 1.0000 0.0000
vn 0.0000 1.0000 0.0000
vn 0.0000 1.0000 0.0000
vn 0.0000 1.0000 0.0000
vn 0.0000 1.0000 0.0000
vn 0.0000 1.0000 0.0000
vn 0.0000 1.0000 0.0000
vn 0.0000 1.0000 0.0000
vn 0.0000 1.0000 0.0000
vn -0.0000 1.0000 0.0000
vn -0.0000 1.0000 0.0000
vn -0.0000 1.0000 0.0000
vn 0.3149 0.6427 0.6984
vn 0.3149 0.6427 0.6984
vn 0.3149 0.6427 0.6984
vn 0.0201 0.9998 0.0001
vn 0.0201 0.9998 0.0001
vn 0.0201 0.9998 0.0001
vn 0.0000 1.0000 0.0000
vn 0.0000 1.0000 0.0000
vn 0.0000 1.0000 0.0000
vn 0.0000 1.0000 0.0000
vn 0.0000 1.0000 0.0000
vn 0.0000 1.0000 0.0000
vn 0.0000 1.0000 0.0000
vn 0.0000 1.0000 0.0000
vn 0.0000 1.0000 0.0000
vn -0.8466 0.4301 0.3135
vn -0.1903 0.2704 0.9437
vn -0.3411 0.6186 0.7078
vn -0.0667 0.7788 0.6237
vn 0.0004 1.0000 -0.0044
vn 0.0004 1.0000 -0.0044
vn -0.0002 1.0000 0.0002
vn -0.0002 1.0000 0.0002
vn -0.0002 1.0000 0.0002
vn -0.2602 0.4285 -0.8653
vn -0.4413 0.6612 -0.6067
vn -0.1873 0.5182 -0.8345
vn -0.0001 1.0000 0.0012
vn -0.0001 1.0000 0.0012
vn -0.0001 1.0000 0.0012
vn 0.0000 1.0000 0.0000
vn 0.0000 1.0000 0.0000
vn 0.0000 1.0000 0.0000
vn 0.0000 1.0000 -0.0000
vn 0.0000 1.0000 -0.0000
vn 0.0000 1.0000 -0.0000
vn -0.0997 0.9949 -0.0137
vn -0.0997 0.9949 -0.0137
vn -0.1604 0.9871 0.0006
vn 0.0000 1.0000 0.0000
vn 0.0000 1.0000 0.0000
vn 0.0000 1.0000 0.0000
vn 0.0000 1.0000 0.0000
vn 0.0000 1.0000 0.0000
vn 0.0000 1.0000 0.0000
vn 0.0000 1.0000 0.0000
vn 0.0000 1.0000 0.0000
vn 0.0000 1.0000 0.0000
vn 0.0000 1.0000 0.0000
vn 0.0000 1.0000 0.0000
vn 0.0000 1.0000 0.0000
vn 0.0000 1.0000 0.0000
vn 0.0000 1.0000 0.0000
vn 0.0000 1.0000 0.0000
vn 0.0000 1.0000 0.0000
vn 0.0000 1.0000 0.0000
vn 0.0000 1.0000 0.0000
vn 0.0000 1.0000 0.0000
vn 0.0000 1.0000 0.0000
vn 0.0000 1.0000 0.0000
vn 0.0000 1.0000 0.0000
vn 0.0000 1.0000 0.0000
vn 0.0000 1.0000 0.0000
vn 0.0000 1.0000 0.0000
vn 0.0000 1.0000 0.0000
vn 0.0000 1.0000 0.0000
vn 0.0000 1.0000 0.0000
vn 0.0000 1.0000 0.0000
vn 0.0000 1.0000 0.0000
vn 0.1326 0.9440 0.3020
vn 0.1326 0.9440 0.3020
vn 0.1326 0.9440 0.3020
vn 0.0686 0.0214 0.9974
vn 0.1316 0.0191 0.9911
vn 0.2009 0.0192 0.9794
vn 0.0092 0.9562 0.2927
vn 0.0092 0.9562 0.2927
vn 0.0092 0.9562 0.2927
vn 0.2009 0.0192 0.9794
vn 0.1657 -0.1775 0.9701
vn -0.0536 -0.0780 0.9955
vn -0.0008 0.9170 0.3989
vn -0.0008 0.9170 0.3989
vn -0.0008 0.9170 0.3989
vn 0.2637 0.9599 -0.0955
vn 0.0000 1.0000 0.0000
vn -0.1604 0.9871 0.0006
vn -0.1604 0.9871 0.0006
vn 0.0000 1.0000 0.0000
vn 0.2637 0.9599 -0.0955
vn -0.1058 0.9943 0.0146
vn -0.4413 0.6612 -0.6067
vn 0.2637 0.9599 -0.0955
vn -0.1873 0.5182 -0.8345
vn -0.0274 0.0924 -0.9953
vn -0.2602 0.4285 -0.8653
vn -0.2283 0.5971 0.7689
vn -0.3411 0.6186 0.7078
vn -0.1903 0.2704 0.9437
vn -0.1903 0.2704 0.9437
vn -0.0667 0.7788 0.6237
vn -0.2283 0.5971 0.7689
vn -0.1272 0.3864 0.9135
vn -0.2283 0.5971 0.7689
vn -0.0667 0.7788 0.6237
vn 0.0219 0.9619 0.2727
vn 0.0219 0.9619 0.2727
vn 0.0219 0.9619 0.2727
vn 0.0000 1.0000 0.0000
vn 0.0000 1.0000 0.0000
vn 0.0000 1.0000 0.0000
vn 0.0000 1.0000 0.0000
vn 0.0000 1.0000 0.0000
vn 0.0000 1.0000 0.0000
vn 0.0000 1.0000 0.0000
vn 0.0000 1.0000 0.0000
vn 0.0000 1.0000 0.0000
vn 0.0000 1.0000 0.0000
vn 0.0000 1.0000 0.0000
vn 0.0000 1.0000 0.0000
vn 0.0293 0.9992 0.0270
vn 0.0293 0.9992 0.0270
vn 0.0293 0.9992 0.0270
vn 0.2745 0.8652 -0.4197
vn 0.2745 0.8652 -0.4197
vn 0.2745 0.8652 -0.4197
vn 0.1139 0.9741 -0.1955
vn 0.1139 0.9741 -0.1955
vn 0.1139 0.9741 -0.1955
vn 0.1365 0.9601 -0.2439
vn 0.1365 0.9601 -0.2439
vn 0.1365 0.9601 -0.2439
vn 0.4592 0.0218 -0.8881
vn 0.3965 0.0197 -0.9178
vn 0.3381 0.0126 -0.9410
vn 0.0906 0.8809 -0.4645
vn 0.0906 0.8809 -0.4645
vn 0.0906 0.8809 -0.4645
vn 0.0461 0.9805 -0.1913
vn 0.0461 0.9805 -0.1913
vn 0.0461 0.9805 -0.1913
vn 0.0855 0.8570 -0.5081
vn 0.0855 0.8570 -0.5081
vn 0.0855 0.8570 -0.5081
vn -0.0449 0.9990 0.0000
vn -0.0449 0.9990 0.0000
vn -0.0449 0.9990 0.0000
vn -0.0007 0.6609 -0.7505
vn -0.0000 1.0000 0.0000
vn -0.0000 1.0000 0.0000
vn -0.0000 1.0000 -0.0000
vn -0.0000 1.0000 -0.0000
vn -0.0007 0.6609 -0.7505
vn 0.0047 0.9975 -0.0706
vn 0.0047 0.9975 -0.0706
vn -0.0007 0.6609 -0.7505
vn -0.0667 0.7788 0.6237
vn -0.1903 0.2704 0.9437
vn -0.0452 0.5166 0.8550
vn -0.0259 -0.0563 0.9981
vn 0.0300 -0.1018 0.9944
vn -0.0452 0.5166 0.8550
vn -0.0452 0.5166 0.8550
vn -0.1903 0.2704 0.9437
vn -0.0259 -0.0563 0.9981
vn -0.1903 0.2704 0.9437
vn -0.0039 0.0213 0.9998
vn 0.0024 0.0762 0.9971
vn -0.1903 0.2704 0.9437
vn -0.0143 0.0116 0.9998
vn -0.0039 0.0213 0.9998
vn -0.0075 0.0263 -0.9996
vn -0.2602 0.4285 -0.8653
vn -0.0105 0.0399 -0.9991
vn -0.0274 0.0924 -0.9953
vn -0.0105 0.0399 -0.9991
vn -0.2602 0.4285 -0.8653
vn -0.0007 0.0220 -0.9998
vn 0.0003 0.0297 -0.9996
vn -0.0001 0.0020 -1.0000
vn -0.0274 0.0924 -0.9953
vn -0.0007 0.0220 -0.9998
vn -0.0001 0.0020 -1.0000
vn -0.0105 0.0399 -0.9991
vn -0.0274 0.0924 -0.9953
vn -0.0001 0.0020 -1.0000
vn -0.0075 0.0263 -0.9996
vn -0.0105 0.0399 -0.9991
vn -0.0001 0.0020 -1.0000
vn 0.9998 0.0204 -0.0076
vn 0.9998 0.0199 -0.0010
vn 0.9998 0.0192 -0.0008
vn 0.9998 0.0192 -0.0008
vn 0.9997 0.0250 0.0006
vn 0.9998 0.0204 -0.0076
vn 0.6994 0.0179 0.7145
vn 0.7205 0.0250 0.6930
vn 0.6820 0.0197 0.7311
vn 0.6820 0.0197 0.7311
vn 0.6820 0.0176 0.7312
vn 0.6994 0.0179 0.7145
vn 0.6994 0.0179 0.7145
vn 0.7260 0.0187 0.6874
vn 0.7205 0.0250 0.6930
vn 0.7205 0.0250 0.6930
vn 0.7260 0.0187 0.6874
vn 0.7135 0.0181 0.7005
vn 0.7135 0.0181 0.7005
vn 0.7514 0.0210 0.6595
vn 0.7205 0.0250 0.6930
vn 0.7930 0.0190 0.6089
vn 0.7814 0.0192 0.6237
vn 0.7912 0.0203 0.6112
vn 0.7930 0.0190 0.6089
vn 0.7912 0.0203 0.6112
vn 0.7514 0.0210 0.6595
vn 0.7514 0.0210 0.6595
vn 0.7625 0.0578 0.6444
vn 0.7930 0.0190 0.6089
vn 0.7135 0.0181 0.7005
vn 0.7625 0.0578 0.6444
vn 0.7514 0.0210 0.6595
vn 0.7814 0.0192 0.6237
vn 0.8082 0.0188 0.5886
vn 0.7912 0.0203 0.6112
vn 0.8300 0.0202 0.5574
vn 0.7912 0.0203 0.6112
vn 0.8082 0.0188 0.5886
vn 0.8082 0.0188 0.5886
vn 0.8226 0.0218 0.5681
vn 0.8300 0.0202 0.5574
vn 0.8300 0.0202 0.5574
vn 0.8226 0.0218 0.5681
vn 0.8078 0.0203 0.5891
vn 0.8078 0.0203 0.5891
vn 0.8698 0.0226 0.4929
vn 0.8300 0.0202 0.5574
vn 0.8078 0.0203 0.5891
vn 0.8653 0.1830 0.4666
vn 0.8698 0.0226 0.4929
vn 0.9136 0.0201 0.4060
vn 0.9009 0.0208 0.4335
vn 0.9016 0.0337 0.4312
vn 0.9136 0.0201 0.4060
vn 0.9016 0.0337 0.4312
vn 0.8698 0.0226 0.4929
vn 0.8698 0.0226 0.4929
vn 0.8653 0.1830 0.4666
vn 0.9136 0.0201 0.4060
vn 0.9016 0.0337 0.4312
vn 0.9009 0.0208 0.4335
vn 0.9162 0.0196 0.4003
vn 0.9296 0.0216 0.3680
vn 0.9016 0.0337 0.4312
vn 0.9162 0.0196 0.4003
vn 0.9162 0.0196 0.4003
vn 0.9285 0.0187 0.3709
vn 0.9296 0.0216 0.3680
vn 0.9296 0.0216 0.3680
vn 0.9285 0.0187 0.3709
vn 0.9426 0.0179 0.3333
vn 0.9534 0.0203 0.3009
vn 0.9296 0.0216 0.3680
vn 0.9426 0.0179 0.3333
vn 0.9426 0.0179 0.3333
vn 0.9538 0.0149 0.3001
vn 0.9534 0.0203 0.3009
vn 0.9538 0.0149 0.3001
vn 0.9612 0.0683 0.2672
vn 0.9534 0.0203 0.3009
vn 0.9718 0.0201 0.2350
vn 0.9534 0.0203 0.3009
vn 0.9612 0.0683 0.2672
vn 0.9612 0.0683 0.2672
vn 0.9716 0.0187 0.2360
vn 0.9718 0.0201 0.2350
vn 0.9718 0.0201 0.2350
vn 0.9716 0.0187 0.2360
vn 0.9792 0.0185 0.2021
vn 0.9864 0.0240 0.1627
vn 0.9718 0.0201 0.2350
vn 0.9792 0.0185 0.2021
vn 0.9792 0.0185 0.2021
vn 0.9843 0.0179 0.1754
vn 0.9864 0.0240 0.1627
vn 0.9864 0.0240 0.1627
vn 0.9843 0.0179 0.1754
vn 0.9904 0.0203 0.1370
vn 0.9929 0.0196 0.1175
vn 0.9878 0.0202 0.1547
vn 0.9952 0.0215 0.0958
vn 0.9952 0.0215 0.0958
vn 0.9864 0.0240 0.1627
vn 0.9929 0.0196 0.1175
vn 0.9904 0.0203 0.1370
vn 0.9929 0.0196 0.1175
vn 0.9864 0.0240 0.1627
vn 0.9988 0.0212 0.0432
vn 0.9952 0.0215 0.0958
vn 0.9878 0.0202 0.1547
vn 0.9878 0.0202 0.1547
vn 0.9344 0.3526 0.0501
vn 0.9988 0.0212 0.0432
vn 0.9988 0.0212 0.0432
vn 0.9344 0.3526 0.0501
vn 0.9998 0.0204 -0.0076
vn 0.9998 0.0204 -0.0076
vn 0.9997 0.0250 0.0006
vn 0.9988 0.0212 0.0432
vn 0.9998 0.0192 -0.0008
vn 0.9998 0.0199 -0.0010
vn 0.9996 0.0194 -0.0204
vn 0.9996 0.0194 -0.0204
vn 0.9986 0.0204 -0.0485
vn 0.9998 0.0192 -0.0008
vn 0.9986 0.0204 -0.0485
vn 0.9996 0.0194 -0.0204
vn 0.9984 0.0190 0.0531
vn 0.9984 0.0190 0.0531
vn 0.9951 0.0210 -0.0963
vn 0.9986 0.0204 -0.0485
vn 0.9808 0.0197 -0.1941
vn 0.9861 0.0204 -0.1649
vn 0.9859 0.0213 -0.1659
vn 0.9808 0.0197 -0.1941
vn 0.9859 0.0213 -0.1659
vn 0.9951 0.0210 -0.0963
vn 0.9951 0.0210 -0.0963
vn 0.9458 0.3199 -0.0564
vn 0.9808 0.0197 -0.1941
vn 0.9984 0.0190 0.0531
vn 0.9458 0.3199 -0.0564
vn 0.9951 0.0210 -0.0963
vn 0.9904 0.0217 -0.1364
vn 0.9309 0.2302 -0.2837
vn 0.9721 0.0257 -0.2330
vn 0.9904 0.0217 -0.1364
vn 0.9721 0.0257 -0.2330
vn 0.9859 0.0213 -0.1659
vn 0.9859 0.0213 -0.1659
vn 0.9861 0.0204 -0.1649
vn 0.9904 0.0217 -0.1364
vn 0.9257 0.0212 -0.3777
vn 0.9540 0.0179 -0.2994
vn 0.9721 0.0257 -0.2330
vn 0.9721 0.0257 -0.2330
vn 0.9309 0.2302 -0.2837
vn 0.9257 0.0212 -0.3777
vn 0.9257 0.0212 -0.3777
vn 0.9466 0.0206 -0.3217
vn 0.9540 0.0179 -0.2994
vn 0.9335 0.0177 -0.3582
vn 0.9540 0.0179 -0.2994
vn 0.9466 0.0206 -0.3217
vn 0.9466 0.0206 -0.3217
vn 0.9376 0.0222 -0.3471
vn 0.9335 0.0177 -0.3582
vn 0.9335 0.0177 -0.3582
vn 0.9376 0.0222 -0.3471
vn 0.9253 0.0193 -0.3787
vn 0.9031 0.0211 -0.4289
vn 0.9335 0.0177 -0.3582
vn 0.9253 0.0193 -0.3787
vn 0.9253 0.0193 -0.3787
vn 0.9088 0.0621 -0.4125
vn 0.9031 0.0211 -0.4289
vn 0.8775 0.0194 -0.4791
vn 0.8666 0.0191 -0.4986
vn 0.8688 0.0223 -0.4946
vn 0.8688 0.0223 -0.4946
vn 0.9031 0.0211 -0.4289
vn 0.8775 0.0194 -0.4791
vn 0.9031 0.0211 -0.4289
vn 0.9088 0.0621 -0.4125
vn 0.8775 0.0194 -0.4791
vn 0.8688 0.0223 -0.4946
vn 0.8666 0.0191 -0.4986
vn 0.8634 0.0193 -0.5042
vn 0.8634 0.0193 -0.5042
vn 0.8298 0.0217 -0.5577
vn 0.8688 0.0223 -0.4946
vn 0.8298 0.0217 -0.5577
vn 0.8634 0.0193 -0.5042
vn 0.8054 0.0842 -0.5867
vn 0.8054 0.0842 -0.5867
vn 0.7837 0.0194 -0.6209
vn 0.8298 0.0217 -0.5577
vn 0.7897 0.0203 -0.6131
vn 0.8298 0.0217 -0.5577
vn 0.7837 0.0194 -0.6209
vn 0.7837 0.0194 -0.6209
vn 0.7811 0.0193 -0.6241
vn 0.7897 0.0203 -0.6131
vn 0.7811 0.0193 -0.6241
vn 0.7692 0.0186 -0.6388
vn 0.7897 0.0203 -0.6131
vn 0.7477 0.0236 -0.6637
vn 0.7897 0.0203 -0.6131
vn 0.7692 0.0186 -0.6388
vn 0.7006 0.0163 -0.7133
vn 0.6819 0.0175 -0.7312
vn 0.6819 0.0219 -0.7311
vn 0.6819 0.0219 -0.7311
vn 0.7145 0.0205 -0.6994
vn 0.7006 0.0163 -0.7133
vn 0.7145 0.0205 -0.6994
vn 0.7243 0.0171 -0.6893
vn 0.7006 0.0163 -0.7133
vn 0.7243 0.0171 -0.6893
vn 0.7145 0.0205 -0.6994
vn 0.7477 0.0236 -0.6637
vn 0.7477 0.0236 -0.6637
vn 0.7415 0.0175 -0.6708
vn 0.7243 0.0171 -0.6893
vn 0.7692 0.0186 -0.6388
vn 0.7415 0.0175 -0.6708
vn 0.7477 0.0236 -0.6637
vn 0.9458 0.3199 -0.0564
vn 0.9998 0.0199 -0.0010
vn 0.9998 0.0204 -0.0076
vn 0.9998 0.0204 -0.0076
vn 0.9344 0.3526 0.0501
vn 0.9458 0.3199 -0.0564
vn 0.2290 0.9733 -0.0156
vn 0.9458 0.3199 -0.0564
vn 0.9344 0.3526 0.0501
vn 0.9285 0.0187 0.3709
vn 0.9162 0.0196 0.4003
vn 0.8653 0.1830 0.4666
vn 0.0332 0.9988 0.0353
vn -0.0084 0.9999 -0.0088
vn 0.0149 0.9999 0.0086
vn 0.1199 0.9838 0.1329
vn 0.0911 0.9910 0.0979
vn 0.0690 0.9948 0.0744
vn 0.0690 0.9948 0.0744
vn 0.0149 0.9999 0.0086
vn 0.1199 0.9838 0.1329
vn 0.0149 0.9999 0.0086
vn 0.0690 0.9948 0.0744
vn 0.0332 0.9988 0.0353
vn 0.1702 0.9687 0.1806
vn 0.1199 0.9838 0.1329
vn 0.5255 0.8338 0.1691
vn 0.1860 0.9630 0.1951
vn 0.2050 0.9545 0.2165
vn 0.5255 0.8338 0.1691
vn 0.5255 0.8338 0.1691
vn 0.2050 0.9545 0.2165
vn 0.1702 0.9687 0.1806
vn 0.5255 0.8338 0.1691
vn 0.3152 0.8882 0.3342
vn 0.3448 0.8622 0.3712
vn 0.3667 0.8393 0.4013
vn 0.3396 0.8679 0.3627
vn 0.5255 0.8338 0.1691
vn 0.5255 0.8338 0.1691
vn 0.3396 0.8679 0.3627
vn 0.3152 0.8882 0.3342
vn 0.6055 0.6735 0.4240
vn 0.4818 0.7123 0.5105
vn 0.4605 0.7423 0.4868
vn 0.6055 0.6735 0.4240
vn 0.4605 0.7423 0.4868
vn 0.4407 0.7643 0.4708
vn 0.6055 0.6735 0.4240
vn 0.4407 0.7643 0.4708
vn 0.4102 0.7994 0.4390
vn 0.6055 0.6735 0.4240
vn 0.4102 0.7994 0.4390
vn 0.3842 0.8247 0.4151
vn 0.6055 0.6735 0.4240
vn 0.3842 0.8247 0.4151
vn 0.3667 0.8393 0.4013
vn 0.5255 0.8338 0.1691
vn 0.6055 0.6735 0.4240
vn 0.3667 0.8393 0.4013
vn 0.5221 0.6498 0.5524
vn 0.5036 0.6801 0.5327
vn 0.6055 0.6735 0.4240
vn 0.5910 0.5078 0.6268
vn 0.5763 0.5410 0.6125
vn 0.6055 0.6735 0.4240
vn 0.6055 0.6735 0.4240
vn 0.5763 0.5410 0.6125
vn 0.5627 0.5728 0.5961
vn 0.6055 0.6735 0.4240
vn 0.5627 0.5728 0.5961
vn 0.5426 0.6114 0.5760
vn 0.6055 0.6735 0.4240
vn 0.5426 0.6114 0.5760
vn 0.5221 0.6498 0.5524
vn 0.6420 0.3389 0.6877
vn 0.6298 0.3841 0.6751
vn 0.6868 0.3839 0.6171
vn 0.6868 0.3839 0.6171
vn 0.6298 0.3841 0.6751
vn 0.6194 0.4199 0.6633
vn 0.6868 0.3839 0.6171
vn 0.6647 0.2233 0.7130
vn 0.6574 0.2675 0.7045
vn 0.7625 0.0578 0.6444
vn 0.6793 0.1099 0.7256
vn 0.6730 0.1687 0.7202
vn 0.6994 0.0179 0.7145
vn 0.6820 0.0176 0.7312
vn 0.6821 0.0554 0.7291
vn 0.6821 0.0554 0.7291
vn 0.7625 0.0578 0.6444
vn 0.6994 0.0179 0.7145
vn 0.7135 0.0181 0.7005
vn 0.7260 0.0187 0.6874
vn 0.7625 0.0578 0.6444
vn 0.7260 0.0187 0.6874
vn 0.6994 0.0179 0.7145
vn 0.7625 0.0578 0.6444
vn 0.7625 0.0578 0.6444
vn 0.8226 0.0218 0.5681
vn 0.8082 0.0188 0.5886
vn 0.8078 0.0203 0.5891
vn 0.8226 0.0218 0.5681
vn 0.8653 0.1830 0.4666
vn 0.9009 0.0208 0.4335
vn 0.9136 0.0201 0.4060
vn 0.8653 0.1830 0.4666
vn 0.9162 0.0196 0.4003
vn 0.9009 0.0208 0.4335
vn 0.8653 0.1830 0.4666
vn 0.8653 0.1830 0.4666
vn 0.9612 0.0683 0.2672
vn 0.9538 0.0149 0.3001
vn 0.9538 0.0149 0.3001
vn 0.9426 0.0179 0.3333
vn 0.8653 0.1830 0.4666
vn 0.9426 0.0179 0.3333
vn 0.9285 0.0187 0.3709
vn 0.8653 0.1830 0.4666
vn 0.9612 0.0683 0.2672
vn 0.9792 0.0185 0.2021
vn 0.9716 0.0187 0.2360
vn 0.9904 0.0203 0.1370
vn 0.9843 0.0179 0.1754
vn 0.9344 0.3526 0.0501
vn 0.9612 0.0683 0.2672
vn 0.9344 0.3526 0.0501
vn 0.9843 0.0179 0.1754
vn 0.9843 0.0179 0.1754
vn 0.9792 0.0185 0.2021
vn 0.9612 0.0683 0.2672
vn 0.9878 0.0202 0.1547
vn 0.9929 0.0196 0.1175
vn 0.9344 0.3526 0.0501
vn 0.9929 0.0196 0.1175
vn 0.9904 0.0203 0.1370
vn 0.9344 0.3526 0.0501
vn 0.9344 0.3526 0.0501
vn 0.9612 0.0683 0.2672
vn 0.8210 0.5438 0.1741
vn 0.9612 0.0683 0.2672
vn 0.8653 0.1830 0.4666
vn 0.8210 0.5438 0.1741
vn 0.2290 0.9733 -0.0156
vn 0.8210 0.5438 0.1741
vn 0.5255 0.8338 0.1691
vn 0.5255 0.8338 0.1691
vn 0.8210 0.5438 0.1741
vn 0.6055 0.6735 0.4240
vn 0.9344 0.3526 0.0501
vn 0.8210 0.5438 0.1741
vn 0.9023 0.3947 0.1732
vn 0.6055 0.6735 0.4240
vn 0.8210 0.5438 0.1741
vn 0.8653 0.1830 0.4666
vn 0.6821 0.0554 0.7291
vn 0.6793 0.1099 0.7256
vn 0.7625 0.0578 0.6444
vn 0.7625 0.0578 0.6444
vn 0.7814 0.0192 0.6237
vn 0.7930 0.0190 0.6089
vn 0.8082 0.0188 0.5886
vn 0.7814 0.0192 0.6237
vn 0.7625 0.0578 0.6444
vn 0.6868 0.3839 0.6171
vn 0.7625 0.0578 0.6444
vn 0.6730 0.1687 0.7202
vn 0.6730 0.1687 0.7202
vn 0.6647 0.2233 0.7130
vn 0.6868 0.3839 0.6171
vn 0.7625 0.0578 0.6444
vn 0.8653 0.1830 0.4666
vn 0.8226 0.0218 0.5681
vn 0.6868 0.3839 0.6171
vn 0.8653 0.1830 0.4666
vn 0.7625 0.0578 0.6444
vn 0.6574 0.2675 0.7045
vn 0.6492 0.3081 0.6954
vn 0.6868 0.3839 0.6171
vn 0.6492 0.3081 0.6954
vn 0.6420 0.3389 0.6877
vn 0.6868 0.3839 0.6171
vn 0.6868 0.3839 0.6171
vn 0.6055 0.6735 0.4240
vn 0.8653 0.1830 0.4666
vn 0.6055 0.6735 0.4240
vn 0.6868 0.3839 0.6171
vn 0.6194 0.4199 0.6633
vn 0.6194 0.4199 0.6633
vn 0.6023 0.4712 0.6444
vn 0.6055 0.6735 0.4240
vn 0.6023 0.4712 0.6444
vn 0.5910 0.5078 0.6268
vn 0.6055 0.6735 0.4240
vn 0.5255 0.8338 0.1691
vn 0.0149 0.9999 0.0086
vn 0.2290 0.9733 -0.0156
vn 0.5036 0.6801 0.5327
vn 0.4818 0.7123 0.5105
vn 0.6055 0.6735 0.4240
vn 0.1199 0.9838 0.1329
vn 0.0149 0.9999 0.0086
vn 0.5255 0.8338 0.1691
vn 0.6814 0.0174 0.7317
vn 0.6811 0.0180 0.7320
vn 0.6820 0.0176 0.7312
vn 0.6814 0.0174 0.7317
vn 0.6820 0.0176 0.7312
vn 0.6820 0.0197 0.7311
vn 0.6820 0.0197 0.7311
vn 0.6811 0.0299 0.7316
vn 0.6814 0.0174 0.7317
vn -0.0536 -0.0780 0.9955
vn -0.0581 0.0437 0.9974
vn -0.0803 0.0015 0.9968
vn -0.0803 0.0015 0.9968
vn 0.0686 0.0214 0.9974
vn -0.0536 -0.0780 0.9955
vn 0.0686 0.0214 0.9974
vn -0.0803 0.0015 0.9968
vn 0.0948 0.0073 0.9955
vn 0.1316 0.0191 0.9911
vn 0.0686 0.0214 0.9974
vn 0.0948 0.0073 0.9955
vn 0.0948 0.0073 0.9955
vn 0.1309 0.0068 0.9914
vn 0.1316 0.0191 0.9911
vn 0.1316 0.0191 0.9911
vn 0.1309 0.0068 0.9914
vn 0.1576 0.0082 0.9875
vn 0.2009 0.0192 0.9794
vn 0.1316 0.0191 0.9911
vn 0.1576 0.0082 0.9875
vn 0.1576 0.0082 0.9875
vn 0.1950 0.0050 0.9808
vn 0.2009 0.0192 0.9794
vn 0.2009 0.0192 0.9794
vn 0.1950 0.0050 0.9808
vn 0.2313 0.0098 0.9728
vn 0.2672 0.0291 0.9632
vn 0.2009 0.0192 0.9794
vn 0.2313 0.0098 0.9728
vn 0.2313 0.0098 0.9728
vn 0.2677 0.0097 0.9635
vn 0.2672 0.0291 0.9632
vn 0.2672 0.0291 0.9632
vn 0.2677 0.0097 0.9635
vn 0.2948 0.0108 0.9555
vn 0.3324 0.0251 0.9428
vn 0.2672 0.0291 0.9632
vn 0.2948 0.0108 0.9555
vn 0.2948 0.0108 0.9555
vn 0.3305 0.0089 0.9437
vn 0.3324 0.0251 0.9428
vn 0.3324 0.0251 0.9428
vn 0.3305 0.0089 0.9437
vn 0.3643 0.0118 0.9312
vn 0.3965 0.0223 0.9178
vn 0.3324 0.0251 0.9428
vn 0.3643 0.0118 0.9312
vn 0.3643 0.0118 0.9312
vn 0.3980 0.0122 0.9173
vn 0.3965 0.0223 0.9178
vn 0.3965 0.0223 0.9178
vn 0.3980 0.0122 0.9173
vn 0.4248 0.0136 0.9052
vn 0.4592 0.0210 0.8881
vn 0.3965 0.0223 0.9178
vn 0.4248 0.0136 0.9052
vn 0.4248 0.0136 0.9052
vn 0.4593 0.0124 0.8882
vn 0.4592 0.0210 0.8881
vn 0.4592 0.0210 0.8881
vn 0.4593 0.0124 0.8882
vn 0.4851 0.0143 0.8744
vn 0.5191 0.0210 0.8545
vn 0.4592 0.0210 0.8881
vn 0.4851 0.0143 0.8744
vn 0.4851 0.0143 0.8744
vn 0.5182 0.0135 0.8552
vn 0.5191 0.0210 0.8545
vn 0.5191 0.0210 0.8545
vn 0.5182 0.0135 0.8552
vn 0.5455 0.0155 0.8380
vn 0.5769 0.0224 0.8165
vn 0.5191 0.0210 0.8545
vn 0.5455 0.0155 0.8380
vn 0.5455 0.0155 0.8380
vn 0.5804 0.0155 0.8142
vn 0.5769 0.0224 0.8165
vn 0.5769 0.0224 0.8165
vn 0.5804 0.0155 0.8142
vn 0.5976 0.0169 0.8016
vn 0.6362 0.0308 0.7709
vn 0.5769 0.0224 0.8165
vn 0.5976 0.0169 0.8016
vn 0.5976 0.0169 0.8016
vn 0.6453 0.0165 0.7638
vn 0.6362 0.0308 0.7709
vn 0.6362 0.0308 0.7709
vn 0.6453 0.0165 0.7638
vn 0.6814 0.0174 0.7317
vn 0.6814 0.0174 0.7317
vn 0.6811 0.0299 0.7316
vn 0.6362 0.0308 0.7709
vn 0.9309 0.2302 -0.2837
vn 0.9904 0.0217 -0.1364
vn 0.9458 0.3199 -0.0564
vn 0.1557 0.9737 -0.1661
vn 0.1978 0.9568 -0.2130
vn 0.0237 0.9994 -0.0251
vn 0.3498 0.8591 -0.3736
vn 0.3592 0.8508 -0.3836
vn 0.3933 0.8950 -0.2104
vn 0.6547 0.2855 -0.6999
vn 0.6470 0.3219 -0.6912
vn 0.7523 0.4421 -0.4885
vn 0.6815 0.0382 -0.7308
vn 0.6819 0.0175 -0.7312
vn 0.7006 0.0163 -0.7133
vn 0.6829 0.0736 -0.7268
vn 0.6815 0.0382 -0.7308
vn 0.7006 0.0163 -0.7133
vn 0.6656 0.2411 -0.7063
vn 0.6737 0.1847 -0.7156
vn 0.8054 0.0842 -0.5867
vn 0.6724 0.6619 -0.3313
vn 0.5645 0.5640 -0.6027
vn 0.5755 0.5383 -0.6157
vn 0.6724 0.6619 -0.3313
vn 0.5492 0.5960 -0.5859
vn 0.5645 0.5640 -0.6027
vn 0.6724 0.6619 -0.3313
vn 0.5341 0.6265 -0.5677
vn 0.5492 0.5960 -0.5859
vn 0.6724 0.6619 -0.3313
vn 0.5186 0.6543 -0.5504
vn 0.5341 0.6265 -0.5677
vn 0.6724 0.6619 -0.3313
vn 0.4968 0.6894 -0.5272
vn 0.5186 0.6543 -0.5504
vn 0.4685 0.7294 -0.4985
vn 0.4968 0.6894 -0.5272
vn 0.6724 0.6619 -0.3313
vn 0.6724 0.6619 -0.3313
vn 0.4605 0.7426 -0.4863
vn 0.4685 0.7294 -0.4985
vn 0.4122 0.7983 -0.4391
vn 0.4407 0.7663 -0.4674
vn 0.6724 0.6619 -0.3313
vn 0.0928 0.9909 -0.0971
vn 0.1277 0.9827 -0.1344
vn 0.0237 0.9994 -0.0251
vn 0.6724 0.6619 -0.3313
vn 0.4407 0.7663 -0.4674
vn 0.4605 0.7426 -0.4863
vn 0.6779 0.1374 -0.7222
vn 0.6829 0.0736 -0.7268
vn 0.8054 0.0842 -0.5867
vn 0.7006 0.0163 -0.7133
vn 0.8054 0.0842 -0.5867
vn 0.6829 0.0736 -0.7268
vn 0.7006 0.0163 -0.7133
vn 0.7243 0.0171 -0.6893
vn 0.8054 0.0842 -0.5867
vn 0.7243 0.0171 -0.6893
vn 0.7415 0.0175 -0.6708
vn 0.8054 0.0842 -0.5867
vn 0.3933 0.8950 -0.2104
vn 0.4003 0.8089 -0.4306
vn 0.4122 0.7983 -0.4391
vn 0.4122 0.7983 -0.4391
vn 0.6724 0.6619 -0.3313
vn 0.3933 0.8950 -0.2104
vn 0.3933 0.8950 -0.2104
vn 0.3723 0.8380 -0.3990
vn 0.4003 0.8089 -0.4306
vn 0.7415 0.0175 -0.6708
vn 0.7692 0.0186 -0.6388
vn 0.8054 0.0842 -0.5867
vn 0.8054 0.0842 -0.5867
vn 0.7692 0.0186 -0.6388
vn 0.7811 0.0193 -0.6241
vn 0.3933 0.8950 -0.2104
vn 0.3592 0.8508 -0.3836
vn 0.3723 0.8380 -0.3990
vn 0.8054 0.0842 -0.5867
vn 0.7811 0.0193 -0.6241
vn 0.7837 0.0194 -0.6209
vn 0.3933 0.8950 -0.2104
vn 0.2493 0.9312 -0.2658
vn 0.2307 0.9414 -0.2462
vn 0.8666 0.0191 -0.4986
vn 0.8775 0.0194 -0.4791
vn 0.8054 0.0842 -0.5867
vn 0.8634 0.0193 -0.5042
vn 0.8666 0.0191 -0.4986
vn 0.8054 0.0842 -0.5867
vn 0.3933 0.8950 -0.2104
vn 0.2138 0.9490 -0.2316
vn 0.2493 0.9312 -0.2658
vn 0.2138 0.9490 -0.2316
vn 0.3933 0.8950 -0.2104
vn 0.0237 0.9994 -0.0251
vn 0.8054 0.0842 -0.5867
vn 0.6737 0.1847 -0.7156
vn 0.6779 0.1374 -0.7222
vn 0.0237 0.9994 -0.0251
vn 0.1978 0.9568 -0.2130
vn 0.2138 0.9490 -0.2316
vn 0.6571 0.2761 -0.7014
vn 0.6656 0.2411 -0.7063
vn 0.7523 0.4421 -0.4885
vn 0.8054 0.0842 -0.5867
vn 0.7523 0.4421 -0.4885
vn 0.6656 0.2411 -0.7063
vn 0.8054 0.0842 -0.5867
vn 0.9088 0.0621 -0.4125
vn 0.7523 0.4421 -0.4885
vn 0.9309 0.2302 -0.2837
vn 0.7523 0.4421 -0.4885
vn 0.9088 0.0621 -0.4125
vn 0.0237 0.9994 -0.0251
vn 0.1277 0.9827 -0.1344
vn 0.1557 0.9737 -0.1661
vn 0.7523 0.4421 -0.4885
vn 0.6470 0.3219 -0.6912
vn 0.6571 0.2761 -0.7014
vn 0.0237 0.9994 -0.0251
vn 0.0451 0.9979 -0.0470
vn 0.0928 0.9909 -0.0971
vn 0.9376 0.0222 -0.3471
vn 0.9466 0.0206 -0.3217
vn 0.9309 0.2302 -0.2837
vn 0.9466 0.0206 -0.3217
vn 0.9257 0.0212 -0.3777
vn 0.9309 0.2302 -0.2837
vn 0.0267 0.9993 -0.0274
vn 0.0237 0.9994 -0.0251
vn -0.0061 1.0000 0.0049
vn 0.6724 0.6619 -0.3313
vn 0.2290 0.9733 -0.0156
vn 0.3933 0.8950 -0.2104
vn 0.5897 0.5182 -0.6195
vn 0.5723 0.5463 -0.6116
vn 0.7523 0.4421 -0.4885
vn 0.9309 0.2302 -0.2837
vn 0.8109 0.4608 -0.3608
vn 0.7523 0.4421 -0.4885
vn 0.0237 0.9994 -0.0251
vn 0.3933 0.8950 -0.2104
vn 0.2290 0.9733 -0.0156
vn 0.6724 0.6619 -0.3313
vn 0.5755 0.5383 -0.6157
vn 0.5897 0.5182 -0.6195
vn 0.7523 0.4421 -0.4885
vn 0.6724 0.6619 -0.3313
vn 0.5897 0.5182 -0.6195
vn 0.2290 0.9733 -0.0156
vn 0.6724 0.6619 -0.3313
vn 0.7523 0.4421 -0.4885
vn 0.0237 0.9994 -0.0251
vn 0.0267 0.9993 -0.0274
vn 0.0451 0.9979 -0.0470
vn 0.9861 0.0204 -0.1649
vn 0.9808 0.0197 -0.1941
vn 0.9458 0.3199 -0.0564
vn 0.9458 0.3199 -0.0564
vn 0.9904 0.0217 -0.1364
vn 0.9861 0.0204 -0.1649
vn 0.9996 0.0194 -0.0204
vn 0.9998 0.0199 -0.0010
vn 0.9458 0.3199 -0.0564
vn 0.9458 0.3199 -0.0564
vn 0.9984 0.0190 0.0531
vn 0.9996 0.0194 -0.0204
vn 0.9309 0.2302 -0.2837
vn 0.9088 0.0621 -0.4125
vn 0.9376 0.0222 -0.3471
vn 0.9253 0.0193 -0.3787
vn 0.9376 0.0222 -0.3471
vn 0.9088 0.0621 -0.4125
vn 0.9309 0.2302 -0.2837
vn 0.9458 0.3199 -0.0564
vn 0.2290 0.9733 -0.0156
vn 0.8054 0.0842 -0.5867
vn 0.8775 0.0194 -0.4791
vn 0.9088 0.0621 -0.4125
vn 0.6816 0.0174 -0.7316
vn 0.6807 0.0236 -0.7322
vn 0.6819 0.0219 -0.7311
vn 0.6819 0.0219 -0.7311
vn 0.6819 0.0175 -0.7312
vn 0.6816 0.0174 -0.7316
vn 0.6819 0.0175 -0.7312
vn 0.6817 0.0175 -0.7315
vn 0.6816 0.0174 -0.7316
vn 0.6807 0.0236 -0.7322
vn 0.6816 0.0174 -0.7316
vn 0.6462 0.0168 -0.7630
vn 0.6462 0.0168 -0.7630
vn 0.6203 0.0184 -0.7841
vn 0.6807 0.0236 -0.7322
vn 0.6203 0.0184 -0.7841
vn 0.6462 0.0168 -0.7630
vn 0.5986 0.0159 -0.8009
vn 0.5986 0.0159 -0.8009
vn 0.5770 0.0191 -0.8165
vn 0.6203 0.0184 -0.7841
vn 0.5986 0.0159 -0.8009
vn 0.5804 0.0155 -0.8142
vn 0.5770 0.0191 -0.8165
vn 0.5770 0.0191 -0.8165
vn 0.5804 0.0155 -0.8142
vn 0.5414 0.0151 -0.8406
vn 0.5414 0.0151 -0.8406
vn 0.5189 0.0325 -0.8542
vn 0.5770 0.0191 -0.8165
vn 0.5414 0.0151 -0.8406
vn 0.5215 0.0144 -0.8531
vn 0.5189 0.0325 -0.8542
vn 0.5189 0.0325 -0.8542
vn 0.5215 0.0144 -0.8531
vn 0.4816 0.0139 -0.8763
vn 0.4816 0.0139 -0.8763
vn 0.4592 0.0218 -0.8881
vn 0.5189 0.0325 -0.8542
vn 0.4816 0.0139 -0.8763
vn 0.4618 0.0133 -0.8869
vn 0.4592 0.0218 -0.8881
vn 0.4592 0.0218 -0.8881
vn 0.4618 0.0133 -0.8869
vn 0.4217 0.0127 -0.9066
vn 0.4217 0.0127 -0.9066
vn 0.3965 0.0197 -0.9178
vn 0.4592 0.0218 -0.8881
vn 0.4217 0.0127 -0.9066
vn 0.3980 0.0121 -0.9173
vn 0.3965 0.0197 -0.9178
vn 0.3965 0.0197 -0.9178
vn 0.3980 0.0121 -0.9173
vn 0.3597 0.0117 -0.9330
vn 0.3597 0.0117 -0.9330
vn 0.3381 0.0126 -0.9410
vn 0.3965 0.0197 -0.9178
vn 0.3597 0.0117 -0.9330
vn 0.3337 0.0109 -0.9426
vn 0.3381 0.0126 -0.9410
vn 0.3381 0.0126 -0.9410
vn 0.3337 0.0109 -0.9426
vn 0.2946 0.0100 -0.9556
vn 0.2946 0.0100 -0.9556
vn 0.2668 0.0254 -0.9634
vn 0.3381 0.0126 -0.9410
vn 0.2946 0.0100 -0.9556
vn 0.2677 0.0096 -0.9635
vn 0.2668 0.0254 -0.9634
vn 0.2668 0.0254 -0.9634
vn 0.2677 0.0096 -0.9635
vn 0.2280 0.0092 -0.9736
vn 0.2280 0.0092 -0.9736
vn 0.2000 0.0216 -0.9796
vn 0.2668 0.0254 -0.9634
vn 0.2280 0.0092 -0.9736
vn 0.2000 0.0083 -0.9798
vn 0.2000 0.0216 -0.9796
vn 0.2000 0.0216 -0.9796
vn 0.2000 0.0083 -0.9798
vn 0.1585 0.0069 -0.9873
vn 0.1585 0.0069 -0.9873
vn 0.1315 0.0191 -0.9911
vn 0.2000 0.0216 -0.9796
vn 0.1585 0.0069 -0.9873
vn 0.1309 0.0068 -0.9914
vn 0.1315 0.0191 -0.9911
vn 0.1315 0.0191 -0.9911
vn 0.1309 0.0068 -0.9914
vn 0.0920 0.0069 -0.9957
vn 0.0920 0.0069 -0.9957
vn 0.0631 0.0289 -0.9976
vn 0.1315 0.0191 -0.9911
vn 0.0920 0.0069 -0.9957
vn 0.0433 0.0027 -0.9991
vn 0.0631 0.0289 -0.9976
vn 0.0631 0.0289 -0.9976
vn 0.0433 0.0027 -0.9991
vn -0.0001 0.0020 -1.0000
vn -0.0001 0.0020 -1.0000
vn 0.0003 0.0297 -0.9996
vn 0.0631 0.0289 -0.9976
vn -0.0075 0.0263 -0.9996
vn -0.0119 -0.0008 -0.9999
vn -0.2271 0.2154 -0.9497
vn -0.2602 0.4285 -0.8653
vn -0.0075 0.0263 -0.9996
vn -0.2271 0.2154 -0.9497
vn -0.0143 0.0116 0.9998
vn -0.1903 0.2704 0.9437
vn -0.1058 0.1478 0.9833
vn 0.6816 0.0174 -0.7316
vn 0.6817 0.0175 -0.7315
vn 0.6512 0.0157 -0.7588
vn 0.6462 0.0168 -0.7630
vn 0.6816 0.0174 -0.7316
vn 0.6512 0.0157 -0.7588
vn 0.6462 0.0168 -0.7630
vn 0.6512 0.0157 -0.7588
vn 0.6099 0.0661 -0.7897
vn 0.5986 0.0159 -0.8009
vn 0.6462 0.0168 -0.7630
vn 0.6099 0.0661 -0.7897
vn 0.5986 0.0159 -0.8009
vn 0.6099 0.0661 -0.7897
vn 0.5828 0.0114 -0.8126
vn 0.5828 0.0114 -0.8126
vn 0.5717 0.0119 -0.8204
vn 0.5986 0.0159 -0.8009
vn 0.5804 0.0155 -0.8142
vn 0.5986 0.0159 -0.8009
vn 0.5717 0.0119 -0.8204
vn 0.5717 0.0119 -0.8204
vn 0.5414 0.0151 -0.8406
vn 0.5804 0.0155 -0.8142
vn 0.5414 0.0151 -0.8406
vn 0.5717 0.0119 -0.8204
vn 0.4744 0.1915 -0.8592
vn -0.4464 0.0109 -0.8947
vn -0.4464 0.0109 -0.8947
vn -0.4464 0.0109 -0.8947
vn 0.5215 0.0144 -0.8531
vn 0.5414 0.0151 -0.8406
vn 0.4639 0.0093 -0.8859
vn 0.4639 0.0093 -0.8859
vn 0.4816 0.0139 -0.8763
vn 0.5215 0.0144 -0.8531
vn 0.4639 0.0093 -0.8859
vn 0.4490 0.0072 -0.8935
vn 0.4816 0.0139 -0.8763
vn 0.4618 0.0133 -0.8869
vn 0.4816 0.0139 -0.8763
vn 0.4490 0.0072 -0.8935
vn 0.4490 0.0072 -0.8935
vn 0.4217 0.0127 -0.9066
vn 0.4618 0.0133 -0.8869
vn 0.4217 0.0127 -0.9066
vn 0.4490 0.0072 -0.8935
vn 0.3988 0.0003 -0.9170
vn 0.3988 0.0003 -0.9170
vn 0.3846 0.0025 -0.9231
vn 0.4217 0.0127 -0.9066
vn 0.3980 0.0121 -0.9173
vn 0.4217 0.0127 -0.9066
vn 0.3846 0.0025 -0.9231
vn 0.3846 0.0025 -0.9231
vn 0.3597 0.0117 -0.9330
vn 0.3980 0.0121 -0.9173
vn 0.3597 0.0117 -0.9330
vn 0.3846 0.0025 -0.9231
vn 0.3400 0.0010 -0.9404
vn 0.3597 0.0117 -0.9330
vn 0.3400 0.0010 -0.9404
vn 0.3243 -0.0104 -0.9459
vn 0.3337 0.0109 -0.9426
vn 0.3597 0.0117 -0.9330
vn 0.3243 -0.0104 -0.9459
vn 0.3243 -0.0104 -0.9459
vn 0.2946 0.0100 -0.9556
vn 0.3337 0.0109 -0.9426
vn 0.2946 0.0100 -0.9556
vn 0.3243 -0.0104 -0.9459
vn 0.2795 -0.0010 -0.9601
vn 0.2946 0.0100 -0.9556
vn 0.2795 -0.0010 -0.9601
vn 0.2786 -0.0011 -0.9604
vn 0.2677 0.0096 -0.9635
vn 0.2946 0.0100 -0.9556
vn 0.2786 -0.0011 -0.9604
vn 0.2786 -0.0011 -0.9604
vn 0.2280 0.0092 -0.9736
vn 0.2677 0.0096 -0.9635
vn 0.2786 -0.0011 -0.9604
vn 0.2383 0.1462 -0.9601
vn 0.2280 0.0092 -0.9736
vn 0.2280 0.0092 -0.9736
vn 0.2383 0.1462 -0.9601
vn 0.1503 -0.0051 -0.9886
vn 0.2000 0.0083 -0.9798
vn 0.2280 0.0092 -0.9736
vn 0.1503 -0.0051 -0.9886
vn 0.1503 -0.0051 -0.9886
vn 0.1585 0.0069 -0.9873
vn 0.2000 0.0083 -0.9798
vn 0.1585 0.0069 -0.9873
vn 0.1503 -0.0051 -0.9886
vn 0.1351 -0.0058 -0.9908
vn 0.1351 -0.0058 -0.9908
vn 0.1070 0.0113 -0.9942
vn 0.1585 0.0069 -0.9873
vn 0.1309 0.0068 -0.9914
vn 0.1585 0.0069 -0.9873
vn 0.1070 0.0113 -0.9942
vn 0.1070 0.0113 -0.9942
vn 0.0920 0.0069 -0.9957
vn 0.1309 0.0068 -0.9914
vn 0.0920 0.0069 -0.9957
vn 0.1070 0.0113 -0.9942
vn 0.0530 -0.0115 -0.9985
vn 0.0433 0.0027 -0.9991
vn 0.0920 0.0069 -0.9957
vn 0.0530 -0.0115 -0.9985
vn 0.0433 0.0027 -0.9991
vn 0.0530 -0.0115 -0.9985
vn 0.0007 -0.0139 -0.9999
vn 0.0007 -0.0139 -0.9999
vn -0.0001 0.0020 -1.0000
vn 0.0433 0.0027 -0.9991
vn 0.1827 0.9582 -0.2204
vn 0.2076 0.9487 -0.2385
vn 0.1978 0.9568 -0.2130
vn 0.6817 0.0175 -0.7315
vn 0.6819 0.0175 -0.7312
vn 0.6815 0.0382 -0.7308
vn 0.6779 0.1374 -0.7222
vn 0.6711 0.1907 -0.7164
vn 0.6734 0.1537 -0.7231
vn 0.6734 0.1537 -0.7231
vn 0.6781 0.0967 -0.7285
vn 0.6779 0.1374 -0.7222
vn 0.6829 0.0736 -0.7268
vn 0.6779 0.1374 -0.7222
vn 0.6781 0.0967 -0.7285
vn 0.6781 0.0967 -0.7285
vn 0.6798 0.0609 -0.7309
vn 0.6829 0.0736 -0.7268
vn 0.6815 0.0382 -0.7308
vn 0.6829 0.0736 -0.7268
vn 0.6798 0.0609 -0.7309
vn 0.6798 0.0609 -0.7309
vn 0.6814 0.0345 -0.7311
vn 0.6815 0.0382 -0.7308
vn 0.6815 0.0382 -0.7308
vn 0.6814 0.0345 -0.7311
vn 0.6817 0.0175 -0.7315
vn 0.6779 0.1374 -0.7222
vn 0.6737 0.1847 -0.7156
vn 0.6711 0.1907 -0.7164
vn 0.6711 0.1907 -0.7164
vn 0.6737 0.1847 -0.7156
vn 0.6656 0.2411 -0.7063
vn 0.6656 0.2411 -0.7063
vn 0.6624 0.2390 -0.7100
vn 0.6711 0.1907 -0.7164
vn 0.6470 0.3219 -0.6912
vn 0.6585 0.2569 -0.7074
vn 0.6435 0.3232 -0.6938
vn 0.6435 0.3232 -0.6938
vn 0.6542 0.2797 -0.7027
vn 0.6470 0.3219 -0.6912
vn 0.6571 0.2761 -0.7014
vn 0.6470 0.3219 -0.6912
vn 0.6542 0.2797 -0.7027
vn 0.6656 0.2411 -0.7063
vn 0.6571 0.2761 -0.7014
vn 0.6542 0.2797 -0.7027
vn 0.6542 0.2797 -0.7027
vn 0.6624 0.2390 -0.7100
vn 0.6656 0.2411 -0.7063
vn 0.6470 0.3219 -0.6912
vn 0.6547 0.2855 -0.6999
vn 0.6585 0.2569 -0.7074
vn 0.6230 0.3974 -0.6738
vn 0.6585 0.2569 -0.7074
vn 0.6547 0.2855 -0.6999
vn 0.6547 0.2855 -0.6999
vn 0.5927 0.4958 -0.6348
vn 0.6230 0.3974 -0.6738
vn 0.5927 0.4958 -0.6348
vn 0.6547 0.2855 -0.6999
vn 0.7523 0.4421 -0.4885
vn 0.5927 0.4958 -0.6348
vn 0.7523 0.4421 -0.4885
vn 0.5723 0.5463 -0.6116
vn 0.5723 0.5463 -0.6116
vn 0.5959 0.4809 -0.6432
vn 0.5927 0.4958 -0.6348
vn 0.5843 0.5136 -0.6283
vn 0.5959 0.4809 -0.6432
vn 0.5723 0.5463 -0.6116
vn 0.5723 0.5463 -0.6116
vn 0.5897 0.5182 -0.6195
vn 0.5843 0.5136 -0.6283
vn 0.5897 0.5182 -0.6195
vn 0.5755 0.5383 -0.6157
vn 0.5843 0.5136 -0.6283
vn 0.5684 0.5520 -0.6101
vn 0.5843 0.5136 -0.6283
vn 0.5755 0.5383 -0.6157
vn 0.5755 0.5383 -0.6157
vn 0.5645 0.5640 -0.6027
vn 0.5684 0.5520 -0.6101
vn 0.5522 0.5884 -0.5906
vn 0.5684 0.5520 -0.6101
vn 0.5645 0.5640 -0.6027
vn 0.5645 0.5640 -0.6027
vn 0.5492 0.5960 -0.5859
vn 0.5522 0.5884 -0.5906
vn 0.5333 0.5973 -0.5991
vn 0.5522 0.5884 -0.5906
vn 0.5492 0.5960 -0.5859
vn 0.5492 0.5960 -0.5859
vn 0.5341 0.6265 -0.5677
vn 0.5333 0.5973 -0.5991
vn 0.5184 0.6399 -0.5672
vn 0.5333 0.5973 -0.5991
vn 0.5341 0.6265 -0.5677
vn 0.5341 0.6265 -0.5677
vn 0.5186 0.6543 -0.5504
vn 0.5184 0.6399 -0.5672
vn 0.5186 0.6543 -0.5504
vn 0.4968 0.6894 -0.5272
vn 0.4984 0.6710 -0.5490
vn 0.4984 0.6710 -0.5490
vn 0.5184 0.6399 -0.5672
vn 0.5186 0.6543 -0.5504
vn 0.4559 0.7446 -0.4875
vn 0.4749 0.6942 -0.5409
vn 0.4685 0.7294 -0.4985
vn 0.4968 0.6894 -0.5272
vn 0.4685 0.7294 -0.4985
vn 0.4749 0.6942 -0.5409
vn 0.4749 0.6942 -0.5409
vn 0.4984 0.6710 -0.5490
vn 0.4968 0.6894 -0.5272
vn 0.4494 0.7524 -0.4816
vn 0.4559 0.7446 -0.4875
vn 0.4685 0.7294 -0.4985
vn 0.4685 0.7294 -0.4985
vn 0.4605 0.7426 -0.4863
vn 0.4494 0.7524 -0.4816
vn 0.4605 0.7426 -0.4863
vn 0.4407 0.7663 -0.4674
vn 0.4494 0.7524 -0.4816
vn 0.4219 0.7857 -0.4524
vn 0.4494 0.7524 -0.4816
vn 0.4407 0.7663 -0.4674
vn 0.4407 0.7663 -0.4674
vn 0.4122 0.7983 -0.4391
vn 0.4219 0.7857 -0.4524
vn 0.4042 0.7701 -0.4936
vn 0.4219 0.7857 -0.4524
vn 0.4122 0.7983 -0.4391
vn 0.4122 0.7983 -0.4391
vn 0.4003 0.8089 -0.4306
vn 0.4042 0.7701 -0.4936
vn 0.3896 0.8213 -0.4168
vn 0.4042 0.7701 -0.4936
vn 0.4003 0.8089 -0.4306
vn 0.4003 0.8089 -0.4306
vn 0.3723 0.8380 -0.3990
vn 0.3896 0.8213 -0.4168
vn 0.3644 0.8452 -0.3909
vn 0.3896 0.8213 -0.4168
vn 0.3723 0.8380 -0.3990
vn 0.3592 0.8508 -0.3836
vn 0.3498 0.8591 -0.3736
vn 0.3603 0.8490 -0.3865
vn 0.3603 0.8490 -0.3865
vn 0.3604 0.8489 -0.3867
vn 0.3592 0.8508 -0.3836
vn 0.3723 0.8380 -0.3990
vn 0.3592 0.8508 -0.3836
vn 0.3604 0.8489 -0.3867
vn 0.3604 0.8489 -0.3867
vn 0.3644 0.8452 -0.3909
vn 0.3723 0.8380 -0.3990
vn 0.3013 0.8627 -0.4062
vn 0.3603 0.8490 -0.3865
vn 0.3498 0.8591 -0.3736
vn 0.2878 0.9069 -0.3076
vn 0.3013 0.8627 -0.4062
vn 0.3498 0.8591 -0.3736
vn 0.3498 0.8591 -0.3736
vn 0.3933 0.8950 -0.2104
vn 0.2878 0.9069 -0.3076
vn 0.3933 0.8950 -0.2104
vn 0.2307 0.9414 -0.2462
vn 0.2878 0.9069 -0.3076
vn 0.2646 0.9165 -0.3001
vn 0.2878 0.9069 -0.3076
vn 0.2307 0.9414 -0.2462
vn 0.2307 0.9414 -0.2462
vn 0.2493 0.9312 -0.2658
vn 0.2646 0.9165 -0.3001
vn 0.2342 0.9345 -0.2680
vn 0.2646 0.9165 -0.3001
vn 0.2493 0.9312 -0.2658
vn 0.2493 0.9312 -0.2658
vn 0.2138 0.9490 -0.2316
vn 0.2342 0.9345 -0.2680
vn 0.2138 0.9490 -0.2316
vn 0.1978 0.9568 -0.2130
vn 0.2076 0.9487 -0.2385
vn 0.2076 0.9487 -0.2385
vn 0.2342 0.9345 -0.2680
vn 0.2138 0.9490 -0.2316
vn 0.1978 0.9568 -0.2130
vn 0.1557 0.9737 -0.1661
vn 0.1827 0.9582 -0.2204
vn 0.1593 0.9657 -0.2048
vn 0.1827 0.9582 -0.2204
vn 0.1557 0.9737 -0.1661
vn 0.1431 0.9741 -0.1752
vn 0.1593 0.9657 -0.2048
vn 0.1557 0.9737 -0.1661
vn 0.1431 0.9741 -0.1752
vn 0.1557 0.9737 -0.1661
vn 0.1277 0.9827 -0.1344
vn 0.0928 0.9909 -0.0971
vn 0.0451 0.9979 -0.0470
vn 0.0672 0.9952 -0.0716
vn 0.1071 0.9829 -0.1496
vn 0.1431 0.9741 -0.1752
vn 0.1277 0.9827 -0.1344
vn 0.1277 0.9827 -0.1344
vn 0.0928 0.9909 -0.0971
vn 0.1071 0.9829 -0.1496
vn 0.0672 0.9952 -0.0716
vn 0.1071 0.9829 -0.1496
vn 0.0928 0.9909 -0.0971
vn 0.0267 0.9993 -0.0274
vn -0.0061 1.0000 0.0049
vn -0.0022 1.0000 -0.0068
vn -0.0022 1.0000 -0.0068
vn 0.0281 0.9992 -0.0302
vn 0.0267 0.9993 -0.0274
vn 0.0451 0.9979 -0.0470
vn 0.0267 0.9993 -0.0274
vn 0.0281 0.9992 -0.0302
vn 0.0281 0.9992 -0.0302
vn 0.0596 0.9837 -0.1697
vn 0.0451 0.9979 -0.0470
vn 0.0596 0.9837 -0.1697
vn 0.0672 0.9952 -0.0716
vn 0.0451 0.9979 -0.0470
vn 0.0461 0.9944 0.0948
vn 0.0008 0.9996 0.0275
vn -0.0084 0.9999 -0.0088
vn -0.0084 0.9999 -0.0088
vn 0.0332 0.9988 0.0353
vn 0.0461 0.9944 0.0948
vn 0.0652 0.9925 0.1038
vn 0.0461 0.9944 0.0948
vn 0.0332 0.9988 0.0353
vn 0.0332 0.9988 0.0353
vn 0.0690 0.9948 0.0744
vn 0.0652 0.9925 0.1038
vn 0.1087 0.9795 0.1693
vn 0.0652 0.9925 0.1038
vn 0.0690 0.9948 0.0744
vn 0.1235 0.9794 0.1595
vn 0.0690 0.9948 0.0744
vn 0.0911 0.9910 0.0979
vn 0.0690 0.9948 0.0744
vn 0.1235 0.9794 0.1595
vn 0.1087 0.9795 0.1693
vn 0.0911 0.9910 0.0979
vn 0.1199 0.9838 0.1329
vn 0.1235 0.9794 0.1595
vn 0.1628 0.9651 0.2051
vn 0.1235 0.9794 0.1595
vn 0.1199 0.9838 0.1329
vn 0.1199 0.9838 0.1329
vn 0.1702 0.9687 0.1806
vn 0.1628 0.9651 0.2051
vn 0.1938 0.9527 0.2342
vn 0.1628 0.9651 0.2051
vn 0.1702 0.9687 0.1806
vn 0.1702 0.9687 0.1806
vn 0.2050 0.9545 0.2165
vn 0.1938 0.9527 0.2342
vn 0.2707 0.9093 0.3160
vn 0.2323 0.9330 0.2748
vn 0.1860 0.9630 0.1951
vn 0.2050 0.9545 0.2165
vn 0.1860 0.9630 0.1951
vn 0.2323 0.9330 0.2748
vn 0.2050 0.9545 0.2165
vn 0.2323 0.9330 0.2748
vn 0.1938 0.9527 0.2342
vn 0.2523 0.9241 0.2872
vn 0.1860 0.9630 0.1951
vn 0.5255 0.8338 0.1691
vn 0.1860 0.9630 0.1951
vn 0.2523 0.9241 0.2872
vn 0.2707 0.9093 0.3160
vn 0.5255 0.8338 0.1691
vn 0.3448 0.8622 0.3712
vn 0.2523 0.9241 0.2872
vn 0.3448 0.8622 0.3712
vn 0.2707 0.8373 0.4750
vn 0.2523 0.9241 0.2872
vn 0.4016 0.8056 0.4356
vn 0.3448 0.8622 0.3712
vn 0.3152 0.8882 0.3342
vn 0.3448 0.8622 0.3712
vn 0.4016 0.8056 0.4356
vn 0.2707 0.8373 0.4750
vn 0.3152 0.8882 0.3342
vn 0.3396 0.8679 0.3627
vn 0.4016 0.8056 0.4356
vn 0.3522 0.8551 0.3805
vn 0.4016 0.8056 0.4356
vn 0.3396 0.8679 0.3627
vn 0.3396 0.8679 0.3627
vn 0.3667 0.8393 0.4013
vn 0.3522 0.8551 0.3805
vn 0.3693 0.8385 0.4007
vn 0.3522 0.8551 0.3805
vn 0.3667 0.8393 0.4013
vn 0.3732 0.8191 0.4357
vn 0.3693 0.8385 0.4007
vn 0.3667 0.8393 0.4013
vn 0.3667 0.8393 0.4013
vn 0.3842 0.8247 0.4151
vn 0.3732 0.8191 0.4357
vn 0.3842 0.8247 0.4151
vn 0.4102 0.7994 0.4390
vn 0.3732 0.8191 0.4357
vn 0.4102 0.7994 0.4390
vn 0.4407 0.7643 0.4708
vn 0.4208 0.7746 0.4722
vn 0.4102 0.7994 0.4390
vn 0.4208 0.7746 0.4722
vn 0.3732 0.8191 0.4357
vn 0.4407 0.7643 0.4708
vn 0.4651 0.7236 0.5099
vn 0.4471 0.7383 0.5050
vn 0.4407 0.7643 0.4708
vn 0.4471 0.7383 0.5050
vn 0.4208 0.7746 0.4722
vn 0.4651 0.7236 0.5099
vn 0.4407 0.7643 0.4708
vn 0.4605 0.7423 0.4868
vn 0.4605 0.7423 0.4868
vn 0.4818 0.7123 0.5105
vn 0.4651 0.7236 0.5099
vn 0.4897 0.6894 0.5337
vn 0.4651 0.7236 0.5099
vn 0.4818 0.7123 0.5105
vn 0.4818 0.7123 0.5105
vn 0.5036 0.6801 0.5327
vn 0.4897 0.6894 0.5337
vn 0.5093 0.6607 0.5514
vn 0.4897 0.6894 0.5337
vn 0.5036 0.6801 0.5327
vn 0.5036 0.6801 0.5327
vn 0.5221 0.6498 0.5524
vn 0.5093 0.6607 0.5514
vn 0.5221 0.6498 0.5524
vn 0.5385 0.6264 0.5636
vn 0.5093 0.6607 0.5514
vn 0.5221 0.6498 0.5524
vn 0.5426 0.6114 0.5760
vn 0.5385 0.6264 0.5636
vn 0.5484 0.5960 0.5865
vn 0.5385 0.6264 0.5636
vn 0.5426 0.6114 0.5760
vn 0.5426 0.6114 0.5760
vn 0.5627 0.5728 0.5961
vn 0.5484 0.5960 0.5865
vn 0.5691 0.5506 0.6107
vn 0.5484 0.5960 0.5865
vn 0.5627 0.5728 0.5961
vn 0.5627 0.5728 0.5961
vn 0.5763 0.5410 0.6125
vn 0.5691 0.5506 0.6107
vn 0.5727 0.5421 0.6149
vn 0.5691 0.5506 0.6107
vn 0.5763 0.5410 0.6125
vn 0.5763 0.5410 0.6125
vn 0.5910 0.5078 0.6268
vn 0.5727 0.5421 0.6149
vn 0.5727 0.5421 0.6149
vn 0.5910 0.5078 0.6268
vn 0.6023 0.4712 0.6444
vn 0.6023 0.4712 0.6444
vn 0.5437 0.4746 0.6922
vn 0.5727 0.5421 0.6149
vn 0.6194 0.4199 0.6633
vn 0.6298 0.3841 0.6751
vn 0.6274 0.3903 0.6738
vn 0.6274 0.3903 0.6738
vn 0.6200 0.4128 0.6673
vn 0.6194 0.4199 0.6633
vn 0.6200 0.4128 0.6673
vn 0.6326 0.3701 0.6804
vn 0.6194 0.4199 0.6633
vn 0.6023 0.4712 0.6444
vn 0.6194 0.4199 0.6633
vn 0.6326 0.3701 0.6804
vn 0.6326 0.3701 0.6804
vn 0.5437 0.4746 0.6922
vn 0.6023 0.4712 0.6444
vn 0.6492 0.3081 0.6954
vn 0.6574 0.2675 0.7045
vn 0.6541 0.2869 0.6999
vn 0.6541 0.2869 0.6999
vn 0.6464 0.3201 0.6926
vn 0.6492 0.3081 0.6954
vn 0.6420 0.3389 0.6877
vn 0.6492 0.3081 0.6954
vn 0.6464 0.3201 0.6926
vn 0.6464 0.3201 0.6926
vn 0.6365 0.3577 0.6833
vn 0.6420 0.3389 0.6877
vn 0.6298 0.3841 0.6751
vn 0.6420 0.3389 0.6877
vn 0.6365 0.3577 0.6833
vn 0.6298 0.3841 0.6751
vn 0.6365 0.3577 0.6833
vn 0.6274 0.3903 0.6738
vn 0.6574 0.2675 0.7045
vn 0.6647 0.2233 0.7130
vn 0.6607 0.2427 0.7103
vn 0.6607 0.2427 0.7103
vn 0.6541 0.2869 0.6999
vn 0.6574 0.2675 0.7045
vn 0.6795 0.0523 0.7318
vn 0.5906 0.1274 0.7969
vn 0.6730 0.1687 0.7202
vn 0.6730 0.1687 0.7202
vn 0.5906 0.1274 0.7969
vn 0.6519 0.2925 0.6996
vn 0.6647 0.2233 0.7130
vn 0.6730 0.1687 0.7202
vn 0.6519 0.2925 0.6996
vn 0.6519 0.2925 0.6996
vn 0.6647 0.2126 0.7162
vn 0.6647 0.2233 0.7130
vn 0.6647 0.2126 0.7162
vn 0.6607 0.2427 0.7103
vn 0.6647 0.2233 0.7130
vn 0.6795 0.0523 0.7318
vn 0.6730 0.1687 0.7202
vn 0.6793 0.1099 0.7256
vn 0.6795 0.0684 0.7305
vn 0.6795 0.0523 0.7318
vn 0.6793 0.1099 0.7256
vn 0.6793 0.1099 0.7256
vn 0.6821 0.0554 0.7291
vn 0.6795 0.0684 0.7305
vn 0.6811 0.0180 0.7320
vn 0.6795 0.0684 0.7305
vn 0.6821 0.0554 0.7291
vn 0.6821 0.0554 0.7291
vn 0.6820 0.0176 0.7312
vn 0.6811 0.0180 0.7320
vn 0.5804 0.0155 0.8142
vn 0.5455 0.0155 0.8380
vn 0.5141 0.0129 0.8577
vn -0.0581 0.0437 0.9974
vn -0.0702 -0.0288 0.9971
vn -0.0803 0.0015 0.9968
vn 0.0948 0.0073 0.9955
vn -0.0803 0.0015 0.9968
vn -0.0702 -0.0288 0.9971
vn -0.0702 -0.0288 0.9971
vn 0.1111 -0.0091 0.9938
vn 0.0948 0.0073 0.9955
vn 0.1309 0.0068 0.9914
vn 0.0948 0.0073 0.9955
vn 0.1111 -0.0091 0.9938
vn 0.1111 -0.0091 0.9938
vn 0.1576 0.0082 0.9875
vn 0.1309 0.0068 0.9914
vn 0.1111 -0.0091 0.9938
vn 0.1558 0.0109 0.9877
vn 0.1576 0.0082 0.9875
vn 0.1950 0.0050 0.9808
vn 0.1576 0.0082 0.9875
vn 0.1558 0.0109 0.9877
vn 0.1950 0.0050 0.9808
vn 0.1558 0.0109 0.9877
vn 0.2035 -0.0054 0.9791
vn 0.2035 -0.0054 0.9791
vn 0.2313 0.0098 0.9728
vn 0.1950 0.0050 0.9808
vn 0.2035 -0.0054 0.9791
vn 0.2515 0.0127 0.9678
vn 0.2313 0.0098 0.9728
vn 0.2677 0.0097 0.9635
vn 0.2313 0.0098 0.9728
vn 0.2515 0.0127 0.9678
vn 0.2515 0.0127 0.9678
vn 0.2948 0.0108 0.9555
vn 0.2677 0.0097 0.9635
vn 0.2948 0.0108 0.9555
vn 0.2515 0.0127 0.9678
vn 0.2982 0.0134 0.9544
vn 0.3305 0.0089 0.9437
vn 0.2948 0.0108 0.9555
vn 0.2982 0.0134 0.9544
vn 0.3305 0.0089 0.9437
vn 0.2982 0.0134 0.9544
vn 0.3474 0.0145 0.9376
vn 0.3474 0.0145 0.9376
vn 0.3643 0.0118 0.9312
vn 0.3305 0.0089 0.9437
vn 0.3474 0.0145 0.9376
vn 0.4010 0.0200 0.9159
vn 0.3643 0.0118 0.9312
vn 0.3980 0.0122 0.9173
vn 0.3643 0.0118 0.9312
vn 0.4010 0.0200 0.9159
vn 0.4010 0.0200 0.9159
vn 0.4248 0.0136 0.9052
vn 0.3980 0.0122 0.9173
vn 0.4248 0.0136 0.9052
vn 0.4010 0.0200 0.9159
vn 0.4293 0.0026 0.9032
vn 0.4593 0.0124 0.8882
vn 0.4248 0.0136 0.9052
vn 0.4293 0.0026 0.9032
vn 0.4593 0.0124 0.8882
vn 0.4293 0.0026 0.9032
vn 0.4648 0.0067 0.8854
vn 0.4648 0.0067 0.8854
vn 0.4851 0.0143 0.8744
vn 0.4593 0.0124 0.8882
vn 0.4648 0.0067 0.8854
vn 0.4878 0.0091 0.8729
vn 0.4851 0.0143 0.8744
vn 0.5182 0.0135 0.8552
vn 0.4851 0.0143 0.8744
vn 0.4878 0.0091 0.8729
vn 0.5182 0.0135 0.8552
vn 0.4878 0.0091 0.8729
vn 0.5250 0.0121 0.8510
vn 0.5250 0.0121 0.8510
vn 0.5455 0.0155 0.8380
vn 0.5182 0.0135 0.8552
vn 0.5250 0.0121 0.8510
vn 0.5141 0.0129 0.8577
vn 0.5455 0.0155 0.8380
vn 0.5976 0.0169 0.8016
vn 0.5804 0.0155 0.8142
vn 0.5141 0.0129 0.8577
vn 0.5141 0.0129 0.8577
vn 0.5906 0.1274 0.7969
vn 0.5976 0.0169 0.8016
vn 0.5976 0.0169 0.8016
vn 0.5906 0.1274 0.7969
vn 0.6580 0.0175 0.7528
vn 0.6453 0.0165 0.7638
vn 0.5976 0.0169 0.8016
vn 0.6580 0.0175 0.7528
vn 0.6453 0.0165 0.7638
vn 0.6580 0.0175 0.7528
vn 0.6450 0.0176 0.7640
vn 0.6453 0.0165 0.7638
vn 0.6450 0.0176 0.7640
vn 0.6811 0.0180 0.7320
vn 0.6811 0.0180 0.7320
vn 0.6814 0.0174 0.7317
vn 0.6453 0.0165 0.7638
vn -0.1474 -0.2914 -0.9452
vn -0.0119 -0.0008 -0.9999
vn -0.0079 -0.0209 -0.9997
vn -0.1680 0.5894 -0.7902
vn -0.4413 0.6612 -0.6067
vn -0.1825 0.5104 -0.8404
vn -0.1642 0.3003 -0.9396
vn -0.0119 -0.0008 -0.9999
vn -0.0159 0.0773 -0.9969
vn -0.1642 0.3003 -0.9396
vn -0.2271 0.2154 -0.9497
vn -0.0119 -0.0008 -0.9999
vn -0.2602 0.4285 -0.8653
vn -0.1825 0.5104 -0.8404
vn -0.4413 0.6612 -0.6067
vn -0.1642 0.3003 -0.9396
vn -0.2602 0.4285 -0.8653
vn -0.2271 0.2154 -0.9497
vn -0.1825 0.5104 -0.8404
vn -0.6400 0.6071 -0.4710
vn -0.6400 0.6071 -0.4710
vn -0.1642 0.3003 -0.9396
vn -0.1825 0.5104 -0.8404
vn -0.2602 0.4285 -0.8653
vn -0.1021 0.9948 -0.0031
vn -0.1021 0.9948 -0.0031
vn -0.1021 0.9948 -0.0031
vn -0.1058 0.1478 0.9833
vn -0.1903 0.2704 0.9437
vn -0.2296 0.4948 0.8381
vn -0.1410 0.9186 0.3692
vn -0.2296 0.4948 0.8381
vn -0.1410 0.9186 0.3692
vn -0.1058 0.1478 0.9833
vn -0.2296 0.4948 0.8381
vn -0.0783 0.4263 0.9012
vn -0.0783 0.4263 0.9012
vn 0.0093 0.1609 0.9869
vn -0.1058 0.1478 0.9833
vn 0.0093 0.1609 0.9869
vn -0.0720 -0.1040 0.9920
vn -0.1058 0.1478 0.9833
vn -0.0720 -0.1040 0.9920
vn -0.0366 -0.0078 0.9993
vn -0.1058 0.1478 0.9833
vn -0.0366 -0.0078 0.9993
vn -0.0005 0.0060 1.0000
vn -0.1058 0.1478 0.9833
vn -0.0720 -0.1040 0.9920
vn -0.0123 -0.0454 0.9989
vn -0.0366 -0.0078 0.9993
vn -0.0050 -0.0095 0.9999
vn -0.0720 -0.1040 0.9920
vn -0.0661 -0.0946 0.9933
vn -0.3204 -0.2896 0.9019
vn -0.0661 -0.0946 0.9933
vn -0.0720 -0.1040 0.9920
vn -0.0050 -0.0095 0.9999
vn 0.0019 0.0097 1.0000
vn -0.0720 -0.1040 0.9920
vn -0.7792 -0.3346 -0.5299
vn -0.7792 -0.3346 -0.5299
vn -0.7792 -0.3346 -0.5299
vn -0.1941 -0.1390 0.9711
vn 0.1870 -0.1963 0.9625
vn -0.0720 -0.1040 0.9920
vn -0.3204 -0.2896 0.9019
vn 0.1870 -0.1963 0.9625
vn -0.1300 -0.3340 0.9336
vn -0.8211 -0.3770 0.4286
vn -0.8211 -0.3770 0.4286
vn -0.8211 -0.3770 0.4286
vn 0.1870 -0.1963 0.9625
vn 0.6821 -0.1969 0.7043
vn 0.1006 -0.3999 0.9110
vn 0.1870 -0.1963 0.9625
vn 0.1006 -0.3999 0.9110
vn 0.7215 -0.5202 0.4570
vn 0.0808 0.9891 -0.1229
vn 0.0808 0.9891 -0.1229
vn 0.0808 0.9891 -0.1229
vn 0.6798 0.0609 -0.7309
vn 0.6099 0.0661 -0.7897
vn 0.6512 0.0157 -0.7588
vn 0.6814 0.0345 -0.7311
vn 0.6798 0.0609 -0.7309
vn 0.6512 0.0157 -0.7588
vn 0.6512 0.0157 -0.7588
vn 0.6817 0.0175 -0.7315
vn 0.6814 0.0345 -0.7311
vn 0.6099 0.0661 -0.7897
vn 0.4744 0.1915 -0.8592
vn 0.5828 0.0114 -0.8126
vn 0.5717 0.0119 -0.8204
vn 0.5828 0.0114 -0.8126
vn 0.4744 0.1915 -0.8592
vn 0.4490 0.0072 -0.8935
vn 0.4639 0.0093 -0.8859
vn 0.4744 0.1915 -0.8592
vn 0.4744 0.1915 -0.8592
vn 0.3243 -0.0104 -0.9459
vn 0.3988 0.0003 -0.9170
vn 0.3988 0.0003 -0.9170
vn 0.4490 0.0072 -0.8935
vn 0.4744 0.1915 -0.8592
vn 0.3400 0.0010 -0.9404
vn 0.3846 0.0025 -0.9231
vn 0.3243 -0.0104 -0.9459
vn 0.3846 0.0025 -0.9231
vn 0.3988 0.0003 -0.9170
vn 0.3243 -0.0104 -0.9459
vn 0.1070 0.0113 -0.9942
vn 0.1351 -0.0058 -0.9908
vn 0.2383 0.1462 -0.9601
vn 0.1070 0.0113 -0.9942
vn 0.0007 -0.0139 -0.9999
vn 0.0530 -0.0115 -0.9985
vn 0.6230 0.3974 -0.6738
vn 0.5684 0.5520 -0.6101
vn 0.5522 0.5884 -0.5906
vn 0.5959 0.4809 -0.6432
vn 0.5843 0.5136 -0.6283
vn 0.6230 0.3974 -0.6738
vn 0.6230 0.3974 -0.6738
vn 0.5843 0.5136 -0.6283
vn 0.5684 0.5520 -0.6101
vn 0.6230 0.3974 -0.6738
vn 0.5927 0.4958 -0.6348
vn 0.5959 0.4809 -0.6432
vn 0.6230 0.3974 -0.6738
vn 0.6435 0.3232 -0.6938
vn 0.6585 0.2569 -0.7074
vn 0.6230 0.3974 -0.6738
vn 0.6542 0.2797 -0.7027
vn 0.6435 0.3232 -0.6938
vn 0.6230 0.3974 -0.6738
vn 0.6624 0.2390 -0.7100
vn 0.6542 0.2797 -0.7027
vn 0.6711 0.1907 -0.7164
vn 0.6624 0.2390 -0.7100
vn 0.6230 0.3974 -0.6738
vn 0.6099 0.0661 -0.7897
vn 0.6711 0.1907 -0.7164
vn 0.6230 0.3974 -0.6738
vn 0.6099 0.0661 -0.7897
vn 0.6781 0.0967 -0.7285
vn 0.6734 0.1537 -0.7231
vn 0.4744 0.1915 -0.8592
vn 0.6230 0.3974 -0.6738
vn 0.3141 0.4171 -0.8529
vn 0.6099 0.0661 -0.7897
vn 0.6798 0.0609 -0.7309
vn 0.6781 0.0967 -0.7285
vn 0.3243 -0.0104 -0.9459
vn 0.2383 0.1462 -0.9601
vn 0.2795 -0.0010 -0.9601
vn 0.2786 -0.0011 -0.9604
vn 0.2795 -0.0010 -0.9601
vn 0.2383 0.1462 -0.9601
vn 0.2383 0.1462 -0.9601
vn 0.1351 -0.0058 -0.9908
vn 0.1503 -0.0051 -0.9886
vn 0.3243 -0.0104 -0.9459
vn 0.4744 0.1915 -0.8592
vn 0.2383 0.1462 -0.9601
vn 0.6230 0.3974 -0.6738
vn 0.4744 0.1915 -0.8592
vn 0.6099 0.0661 -0.7897
vn 0.6734 0.1537 -0.7231
vn 0.6711 0.1907 -0.7164
vn 0.6099 0.0661 -0.7897
vn 0.5333 0.5973 -0.5991
vn 0.6230 0.3974 -0.6738
vn 0.5522 0.5884 -0.5906
vn 0.0246 -0.0055 -0.9997
vn 0.0007 -0.0139 -0.9999
vn 0.1070 0.0113 -0.9942
vn 0.1070 0.0113 -0.9942
vn 0.2383 0.1462 -0.9601
vn 0.0246 -0.0055 -0.9997
vn 0.6230 0.3974 -0.6738
vn 0.5333 0.5973 -0.5991
vn 0.3141 0.4171 -0.8529
vn 0.0246 -0.0055 -0.9997
vn 0.2383 0.1462 -0.9601
vn 0.3141 0.4171 -0.8529
vn 0.4744 0.1915 -0.8592
vn 0.3141 0.4171 -0.8529
vn 0.2383 0.1462 -0.9601
vn 0.0281 0.9992 -0.0302
vn -0.0022 1.0000 -0.0068
vn 0.0596 0.9837 -0.1697
vn 0.0596 0.9837 -0.1697
vn 0.1515 0.5158 -0.8432
vn 0.1071 0.9829 -0.1496
vn 0.1071 0.9829 -0.1496
vn 0.0672 0.9952 -0.0716
vn 0.0596 0.9837 -0.1697
vn 0.1827 0.9582 -0.2204
vn 0.1593 0.9657 -0.2048
vn 0.1515 0.5158 -0.8432
vn 0.1593 0.9657 -0.2048
vn 0.1431 0.9741 -0.1752
vn 0.1515 0.5158 -0.8432
vn 0.1431 0.9741 -0.1752
vn 0.1071 0.9829 -0.1496
vn 0.1515 0.5158 -0.8432
vn 0.2076 0.9487 -0.2385
vn 0.1827 0.9582 -0.2204
vn 0.1515 0.5158 -0.8432
vn 0.1515 0.5158 -0.8432
vn 0.2342 0.9345 -0.2680
vn 0.2076 0.9487 -0.2385
vn 0.2646 0.9165 -0.3001
vn 0.2342 0.9345 -0.2680
vn 0.1515 0.5158 -0.8432
vn 0.1515 0.5158 -0.8432
vn 0.3013 0.8627 -0.4062
vn 0.2646 0.9165 -0.3001
vn 0.3013 0.8627 -0.4062
vn 0.2878 0.9069 -0.3076
vn 0.2646 0.9165 -0.3001
vn 0.3013 0.8627 -0.4062
vn 0.3604 0.8489 -0.3867
vn 0.3603 0.8490 -0.3865
vn 0.3644 0.8452 -0.3909
vn 0.3604 0.8489 -0.3867
vn 0.3013 0.8627 -0.4062
vn 0.4042 0.7701 -0.4936
vn 0.3896 0.8213 -0.4168
vn 0.3013 0.8627 -0.4062
vn 0.3896 0.8213 -0.4168
vn 0.3644 0.8452 -0.3909
vn 0.3013 0.8627 -0.4062
vn 0.4559 0.7446 -0.4875
vn 0.4494 0.7524 -0.4816
vn 0.4042 0.7701 -0.4936
vn 0.4042 0.7701 -0.4936
vn 0.4494 0.7524 -0.4816
vn 0.4219 0.7857 -0.4524
vn 0.3072 0.8703 0.3851
vn 0.3072 0.8703 0.3851
vn 0.3072 0.8703 0.3851
vn 0.4042 0.7701 -0.4936
vn 0.3141 0.4171 -0.8529
vn 0.4749 0.6942 -0.5409
vn 0.4984 0.6710 -0.5490
vn 0.4749 0.6942 -0.5409
vn 0.3141 0.4171 -0.8529
vn 0.5184 0.6399 -0.5672
vn 0.4984 0.6710 -0.5490
vn 0.3141 0.4171 -0.8529
vn 0.3141 0.4171 -0.8529
vn 0.5333 0.5973 -0.5991
vn 0.5184 0.6399 -0.5672
vn 0.3141 0.4171 -0.8529
vn 0.4042 0.7701 -0.4936
vn 0.3013 0.8627 -0.4062
vn 0.3013 0.8627 -0.4062
vn 0.1515 0.5158 -0.8432
vn 0.3141 0.4171 -0.8529
vn 0.0252 0.9852 -0.1696
vn 0.0062 0.9991 -0.0428
vn 0.0970 0.8421 -0.5305
vn 0.1925 0.0354 -0.9807
vn 0.1647 -0.0331 -0.9858
vn 0.1446 0.2652 -0.9533
vn 0.1446 0.2652 -0.9533
vn 0.1591 0.5026 -0.8498
vn 0.1899 0.2618 -0.9463
vn 0.1899 0.2618 -0.9463
vn 0.1925 0.0354 -0.9807
vn 0.1446 0.2652 -0.9533
vn 0.1591 0.5026 -0.8498
vn 0.1859 0.3212 -0.9286
vn 0.1899 0.2618 -0.9463
vn 0.1553 0.5151 -0.8429
vn 0.1591 0.5026 -0.8498
vn 0.0970 0.8421 -0.5305
vn 0.1553 0.5151 -0.8429
vn 0.1756 0.4434 -0.8789
vn 0.1591 0.5026 -0.8498
vn 0.1510 0.6213 -0.7689
vn 0.1566 0.5627 -0.8117
vn 0.0970 0.8421 -0.5305
vn 0.0970 0.8421 -0.5305
vn 0.1566 0.5627 -0.8117
vn 0.1553 0.5151 -0.8429
vn 0.1377 0.7146 -0.6859
vn 0.1449 0.6655 -0.7322
vn 0.0970 0.8421 -0.5305
vn 0.0970 0.8421 -0.5305
vn 0.1449 0.6655 -0.7322
vn 0.1510 0.6213 -0.7689
vn 0.1271 0.7707 -0.6244
vn 0.1377 0.7146 -0.6859
vn 0.0970 0.8421 -0.5305
vn 0.0998 0.8712 -0.4808
vn 0.1138 0.8251 -0.5534
vn 0.0970 0.8421 -0.5305
vn 0.0970 0.8421 -0.5305
vn 0.1138 0.8251 -0.5534
vn 0.1271 0.7707 -0.6244
vn 0.0849 0.9088 -0.4085
vn 0.0998 0.8712 -0.4808
vn 0.0970 0.8421 -0.5305
vn 0.0501 0.9666 -0.2515
vn 0.0676 0.9420 -0.3288
vn 0.0970 0.8421 -0.5305
vn 0.0970 0.8421 -0.5305
vn 0.0676 0.9420 -0.3288
vn 0.0849 0.9088 -0.4085
vn 0.0062 0.9991 -0.0428
vn 0.0114 0.9964 -0.0840
vn 0.0970 0.8421 -0.5305
vn 0.0970 0.8421 -0.5305
vn 0.0114 0.9964 -0.0840
vn 0.0336 0.9827 -0.1819
vn 0.0336 0.9827 -0.1819
vn 0.0501 0.9666 -0.2515
vn 0.0970 0.8421 -0.5305
vn 0.1446 0.2652 -0.9533
vn 0.1515 0.5158 -0.8432
vn 0.0970 0.8421 -0.5305
vn 0.0252 0.9852 -0.1696
vn 0.0970 0.8421 -0.5305
vn 0.1515 0.5158 -0.8432
vn 0.0596 0.9837 -0.1697
vn 0.0252 0.9852 -0.1696
vn 0.1515 0.5158 -0.8432
vn 0.0596 0.9837 -0.1697
vn -0.0022 1.0000 -0.0068
vn 0.0252 0.9852 -0.1696
vn 0.0970 0.8421 -0.5305
vn 0.1591 0.5026 -0.8498
vn 0.1446 0.2652 -0.9533
vn -0.0000 -0.0151 -0.9999
vn 0.0007 -0.0139 -0.9999
vn 0.0246 -0.0055 -0.9997
vn -0.0001 0.0020 -1.0000
vn 0.0007 -0.0139 -0.9999
vn -0.0000 -0.0151 -0.9999
vn -0.0001 0.0020 -1.0000
vn -0.0000 -0.0151 -0.9999
vn -0.0024 -0.0201 -0.9998
vn -0.0079 -0.0209 -0.9997
vn -0.0119 -0.0008 -0.9999
vn -0.0001 0.0020 -1.0000
vn -0.0024 -0.0201 -0.9998
vn -0.0079 -0.0209 -0.9997
vn -0.0001 0.0020 -1.0000
vn -0.0119 -0.0008 -0.9999
vn -0.0075 0.0263 -0.9996
vn -0.0001 0.0020 -1.0000
vn -0.0200 -0.0632 -0.9978
vn -0.1003 -0.2642 -0.9593
vn -0.0024 -0.0201 -0.9998
vn -0.1003 -0.2642 -0.9593
vn -0.0939 -0.2669 -0.9591
vn -0.0024 -0.0201 -0.9998
vn -0.0939 -0.2669 -0.9591
vn -0.0079 -0.0209 -0.9997
vn -0.0024 -0.0201 -0.9998
vn -0.0079 -0.0209 -0.9997
vn -0.0939 -0.2669 -0.9591
vn -0.1752 -0.2611 -0.9493
vn -0.0939 -0.2669 -0.9591
vn -0.1656 -0.5623 -0.8102
vn -0.2854 -0.5478 -0.7864
vn -0.1656 -0.5623 -0.8102
vn -0.2649 -0.7429 -0.6147
vn -0.2854 -0.5478 -0.7864
vn -0.1944 -0.5325 -0.8238
vn -0.1474 -0.2914 -0.9452
vn -0.2854 -0.5478 -0.7864
vn -0.1656 -0.5623 -0.8102
vn -0.0939 -0.2669 -0.9591
vn -0.1003 -0.2642 -0.9593
vn -0.1752 -0.2611 -0.9493
vn -0.2854 -0.5478 -0.7864
vn -0.1474 -0.2914 -0.9452
vn -0.2854 -0.5478 -0.7864
vn -0.1752 -0.2611 -0.9493
vn -0.0939 -0.2669 -0.9591
vn -0.1474 -0.2914 -0.9452
vn -0.0079 -0.0209 -0.9997
vn -0.1752 -0.2611 -0.9493
vn -0.0024 -0.0201 -0.9998
vn -0.0000 -0.0151 -0.9999
vn -0.0200 -0.0632 -0.9978
vn -0.2649 -0.7429 -0.6147
vn -0.2179 -0.8650 -0.4519
vn -0.1976 -0.6987 -0.6875
vn -0.2854 -0.5478 -0.7864
vn -0.2649 -0.7429 -0.6147
vn -0.1976 -0.6987 -0.6875
vn 0.1799 0.8509 0.4936
vn 0.1799 0.8509 0.4936
vn 0.1799 0.8509 0.4936
vn -0.0119 -0.0008 -0.9999
vn -0.8161 -0.0813 -0.5722
vn -0.0159 0.0773 -0.9969
vn -0.1976 -0.6987 -0.6875
vn -0.0200 -0.8157 -0.5781
vn -0.1589 -0.7351 -0.6590
vn -0.0166 -0.1459 -0.9892
vn -0.0119 -0.0008 -0.9999
vn -0.1474 -0.2914 -0.9452
vn -0.1976 -0.6987 -0.6875
vn -0.4148 -0.4752 -0.7760
vn -0.1944 -0.5325 -0.8238
vn -0.1944 -0.5325 -0.8238
vn -0.2854 -0.5478 -0.7864
vn -0.1976 -0.6987 -0.6875
vn -0.1976 -0.6987 -0.6875
vn -0.2179 -0.8650 -0.4519
vn -0.0200 -0.8157 -0.5781
vn 0.0251 -0.9473 -0.3195
vn -0.0257 -0.8647 -0.5017
vn -0.0200 -0.8157 -0.5781
vn -0.1673 -0.7341 0.6581
vn -0.2778 -0.7780 0.5635
vn -0.2803 -0.7691 0.5744
vn -0.1673 -0.7341 0.6581
vn -0.2803 -0.7691 0.5744
vn -0.2888 -0.7414 0.6057
vn -0.2888 -0.7414 0.6057
vn -0.2732 -0.6126 0.7417
vn -0.1673 -0.7341 0.6581
vn -0.8623 -0.4994 0.0834
vn -0.8910 -0.3847 0.2412
vn -0.2821 -0.8762 0.3908
vn -0.1673 -0.7341 0.6581
vn 0.1583 -0.9026 0.4003
vn 0.5440 -0.6347 0.5489
vn 0.1583 -0.9026 0.4003
vn -0.1673 -0.7341 0.6581
vn -0.5346 -0.7930 0.2923
vn -0.3204 -0.2896 0.9019
vn -0.1300 -0.3340 0.9336
vn -0.1712 -0.4543 0.8742
vn -0.2821 -0.8762 0.3908
vn -0.2778 -0.7780 0.5635
vn -0.1673 -0.7341 0.6581
vn 0.1583 -0.9026 0.4003
vn -0.5346 -0.7930 0.2923
vn 0.0748 -0.8973 0.4351
vn -0.2821 -0.8762 0.3908
vn -0.1443 -0.9669 0.2103
vn -0.3969 -0.6067 0.6887
vn -0.3969 -0.6067 0.6887
vn -0.1891 -0.8430 0.5035
vn -0.2821 -0.8762 0.3908
vn -0.2821 -0.8762 0.3908
vn -0.1891 -0.8430 0.5035
vn -0.2540 -0.7937 0.5528
vn -0.2540 -0.7937 0.5528
vn -0.2778 -0.7780 0.5635
vn -0.2821 -0.8762 0.3908
vn -0.2778 -0.7780 0.5635
vn -0.2540 -0.7937 0.5528
vn -0.2714 -0.7709 0.5763
vn -0.2714 -0.7709 0.5763
vn -0.2803 -0.7691 0.5744
vn -0.2778 -0.7780 0.5635
vn -0.2803 -0.7691 0.5744
vn -0.2714 -0.7709 0.5763
vn -0.2895 -0.7402 0.6068
vn -0.2888 -0.7414 0.6057
vn -0.2803 -0.7691 0.5744
vn -0.2895 -0.7402 0.6068
vn -0.2888 -0.7414 0.6057
vn -0.2895 -0.7402 0.6068
vn -0.2732 -0.6126 0.7417
vn -0.1673 -0.7341 0.6581
vn -0.2732 -0.6126 0.7417
vn -0.1712 -0.4543 0.8742
vn -0.3204 -0.2896 0.9019
vn -0.1712 -0.4543 0.8742
vn -0.1864 -0.5877 0.7873
vn 0.0015 0.0191 0.9998
vn -0.0727 0.0394 0.9966
vn -0.0137 -0.0221 0.9997
vn -0.1891 -0.8430 0.5035
vn -0.2732 -0.6126 0.7417
vn -0.2540 -0.7937 0.5528
vn -0.2714 -0.7709 0.5763
vn -0.2732 -0.6126 0.7417
vn -0.2895 -0.7402 0.6068
vn -0.0661 -0.0946 0.9933
vn 0.0018 -0.0105 0.9999
vn -0.0050 -0.0095 0.9999
vn -0.0499 0.0208 0.9985
vn -0.0661 -0.0946 0.9933
vn -0.0633 -0.1031 0.9927
vn -0.0727 0.0394 0.9966
vn 0.0366 -0.1208 0.9920
vn -0.0137 -0.0221 0.9997
vn -0.0727 0.0394 0.9966
vn 0.0603 0.0350 0.9976
vn 0.0366 -0.1208 0.9920
vn -0.2714 -0.7709 0.5763
vn -0.2540 -0.7937 0.5528
vn -0.2732 -0.6126 0.7417
vn -0.0093 0.2898 0.9570
vn -0.1458 -0.1990 0.9691
vn -0.1712 -0.4543 0.8742
vn -0.1891 -0.8430 0.5035
vn -0.1458 -0.1990 0.9691
vn -0.2732 -0.6126 0.7417
vn -0.3204 -0.2896 0.9019
vn -0.0633 -0.1031 0.9927
vn -0.0661 -0.0946 0.9933
vn -0.1322 -0.2289 0.9644
vn 0.0366 -0.1208 0.9920
vn -0.0809 -0.2276 0.9704
vn -0.3204 -0.2896 0.9019
vn -0.1864 -0.5877 0.7873
vn -0.0633 -0.1031 0.9927
vn -0.1458 -0.1990 0.9691
vn -0.1322 -0.2289 0.9644
vn -0.0809 -0.2276 0.9704
vn -0.0809 -0.2276 0.9704
vn -0.1712 -0.4543 0.8742
vn -0.1458 -0.1990 0.9691
vn -0.0374 -0.9992 0.0119
vn -0.0374 -0.9992 0.0119
vn -0.0374 -0.9992 0.0119
vn -0.1864 -0.5877 0.7873
vn -0.0809 -0.2276 0.9704
vn -0.0633 -0.1031 0.9927
vn 0.1515 0.5158 -0.8432
vn 0.1446 0.2652 -0.9533
vn 0.1647 -0.0331 -0.9858
vn 0.3141 0.4171 -0.8529
vn 0.1515 0.5158 -0.8432
vn 0.0246 -0.0055 -0.9997
vn 0.1647 -0.0331 -0.9858
vn 0.0246 -0.0055 -0.9997
vn 0.1515 0.5158 -0.8432
vn -0.0000 -0.0151 -0.9999
vn 0.0246 -0.0055 -0.9997
vn 0.0006 -0.0202 -0.9998
vn 0.1925 0.0354 -0.9807
vn 0.1899 0.2618 -0.9463
vn 0.1916 0.2284 -0.9545
vn 0.1916 0.2284 -0.9545
vn 0.1983 0.0321 -0.9796
vn 0.1925 0.0354 -0.9807
vn 0.1647 -0.0331 -0.9858
vn 0.1925 0.0354 -0.9807
vn 0.1983 0.0321 -0.9796
vn 0.1983 0.0321 -0.9796
vn 0.1561 -0.0718 -0.9851
vn 0.1647 -0.0331 -0.9858
vn 0.1710 0.4685 -0.8668
vn 0.1756 0.4434 -0.8789
vn 0.1553 0.5151 -0.8429
vn 0.1710 0.4685 -0.8668
vn 0.1787 0.3915 -0.9027
vn 0.1756 0.4434 -0.8789
vn 0.1591 0.5026 -0.8498
vn 0.1756 0.4434 -0.8789
vn 0.1787 0.3915 -0.9027
vn 0.1859 0.3212 -0.9286
vn 0.1591 0.5026 -0.8498
vn 0.1787 0.3915 -0.9027
vn 0.1787 0.3915 -0.9027
vn 0.1853 0.3146 -0.9310
vn 0.1859 0.3212 -0.9286
vn 0.1899 0.2618 -0.9463
vn 0.1859 0.3212 -0.9286
vn 0.1853 0.3146 -0.9310
vn 0.1853 0.3146 -0.9310
vn 0.1916 0.2284 -0.9545
vn 0.1899 0.2618 -0.9463
vn 0.1377 0.7146 -0.6859
vn 0.1271 0.7707 -0.6244
vn 0.1306 0.7501 -0.6483
vn 0.1306 0.7501 -0.6483
vn 0.1425 0.6991 -0.7007
vn 0.1377 0.7146 -0.6859
vn 0.1449 0.6655 -0.7322
vn 0.1377 0.7146 -0.6859
vn 0.1425 0.6991 -0.7007
vn 0.1425 0.6991 -0.7007
vn 0.1517 0.6751 -0.7219
vn 0.1449 0.6655 -0.7322
vn 0.1510 0.6213 -0.7689
vn 0.1449 0.6655 -0.7322
vn 0.1517 0.6751 -0.7219
vn 0.1517 0.6751 -0.7219
vn 0.1548 0.6039 -0.7819
vn 0.1510 0.6213 -0.7689
vn 0.1566 0.5627 -0.8117
vn 0.1510 0.6213 -0.7689
vn 0.1548 0.6039 -0.7819
vn 0.1548 0.6039 -0.7819
vn 0.1626 0.5438 -0.8233
vn 0.1566 0.5627 -0.8117
vn 0.1553 0.5151 -0.8429
vn 0.1566 0.5627 -0.8117
vn 0.1626 0.5438 -0.8233
vn 0.1626 0.5438 -0.8233
vn 0.1710 0.4685 -0.8668
vn 0.1553 0.5151 -0.8429
vn 0.0998 0.8712 -0.4808
vn 0.0849 0.9088 -0.4085
vn 0.0861 0.8950 -0.4377
vn 0.0861 0.8950 -0.4377
vn 0.1016 0.8510 -0.5152
vn 0.0998 0.8712 -0.4808
vn 0.1138 0.8251 -0.5534
vn 0.0998 0.8712 -0.4808
vn 0.1016 0.8510 -0.5152
vn 0.1016 0.8510 -0.5152
vn 0.1146 0.8093 -0.5762
vn 0.1138 0.8251 -0.5534
vn 0.1271 0.7707 -0.6244
vn 0.1138 0.8251 -0.5534
vn 0.1146 0.8093 -0.5762
vn 0.1146 0.8093 -0.5762
vn 0.1306 0.7501 -0.6483
vn 0.1271 0.7707 -0.6244
vn 0.0447 0.9749 -0.2181
vn 0.0501 0.9666 -0.2515
vn 0.0336 0.9827 -0.1819
vn 0.0447 0.9749 -0.2181
vn 0.0586 0.9540 -0.2939
vn 0.0501 0.9666 -0.2515
vn 0.0676 0.9420 -0.3288
vn 0.0501 0.9666 -0.2515
vn 0.0586 0.9540 -0.2939
vn 0.0586 0.9540 -0.2939
vn 0.0707 0.9307 -0.3589
vn 0.0676 0.9420 -0.3288
vn 0.0849 0.9088 -0.4085
vn 0.0676 0.9420 -0.3288
vn 0.0707 0.9307 -0.3589
vn 0.0707 0.9307 -0.3589
vn 0.0861 0.8950 -0.4377
vn 0.0849 0.9088 -0.4085
vn 0.0031 0.9999 -0.0156
vn 0.0167 0.9963 -0.0847
vn 0.0114 0.9964 -0.0840
vn 0.0114 0.9964 -0.0840
vn 0.0167 0.9963 -0.0847
vn 0.0349 0.9860 -0.1629
vn 0.0349 0.9860 -0.1629
vn 0.0336 0.9827 -0.1819
vn 0.0114 0.9964 -0.0840
vn 0.0336 0.9827 -0.1819
vn 0.0349 0.9860 -0.1629
vn 0.0447 0.9749 -0.2181
vn 0.0031 0.9999 -0.0156
vn 0.0114 0.9964 -0.0840
vn 0.0062 0.9991 -0.0428
vn 0.1558 0.0109 0.9877
vn 0.1111 -0.0091 0.9938
vn -0.0702 -0.0288 0.9971
vn 0.1558 0.0109 0.9877
vn 0.0041 0.0468 0.9989
vn 0.2515 0.0127 0.9678
vn 0.2515 0.0127 0.9678
vn 0.2035 -0.0054 0.9791
vn 0.1558 0.0109 0.9877
vn 0.2982 0.0134 0.9544
vn 0.2515 0.0127 0.9678
vn 0.0041 0.0468 0.9989
vn 0.0041 0.0468 0.9989
vn 0.4010 0.0200 0.9159
vn 0.3474 0.0145 0.9376
vn 0.3474 0.0145 0.9376
vn 0.2982 0.0134 0.9544
vn 0.0041 0.0468 0.9989
vn 0.5906 0.1274 0.7969
vn 0.4648 0.0067 0.8854
vn 0.4293 0.0026 0.9032
vn 0.4010 0.0200 0.9159
vn 0.5906 0.1274 0.7969
vn 0.4293 0.0026 0.9032
vn 0.5250 0.0121 0.8510
vn 0.4878 0.0091 0.8729
vn 0.5906 0.1274 0.7969
vn 0.4878 0.0091 0.8729
vn 0.4648 0.0067 0.8854
vn 0.5906 0.1274 0.7969
vn 0.5141 0.0129 0.8577
vn 0.5250 0.0121 0.8510
vn 0.5906 0.1274 0.7969
vn 0.6795 0.0523 0.7318
vn 0.6795 0.0684 0.7305
vn 0.5906 0.1274 0.7969
vn 0.5906 0.1274 0.7969
vn 0.6795 0.0684 0.7305
vn 0.6811 0.0180 0.7320
vn 0.6811 0.0180 0.7320
vn 0.6450 0.0176 0.7640
vn 0.5906 0.1274 0.7969
vn 0.6450 0.0176 0.7640
vn 0.6580 0.0175 0.7528
vn 0.5906 0.1274 0.7969
vn 0.5906 0.1274 0.7969
vn 0.6647 0.2126 0.7162
vn 0.6519 0.2925 0.6996
vn 0.6365 0.3577 0.6833
vn 0.6464 0.3201 0.6926
vn 0.5437 0.4746 0.6922
vn 0.5437 0.4746 0.6922
vn 0.6464 0.3201 0.6926
vn 0.6541 0.2869 0.6999
vn 0.5437 0.4746 0.6922
vn 0.6274 0.3903 0.6738
vn 0.6365 0.3577 0.6833
vn 0.5437 0.4746 0.6922
vn 0.6200 0.4128 0.6673
vn 0.6274 0.3903 0.6738
vn 0.5437 0.4746 0.6922
vn 0.5691 0.5506 0.6107
vn 0.5727 0.5421 0.6149
vn 0.5437 0.4746 0.6922
vn 0.5484 0.5960 0.5865
vn 0.5691 0.5506 0.6107
vn 0.5385 0.6264 0.5636
vn 0.5484 0.5960 0.5865
vn 0.5437 0.4746 0.6922
vn 0.6541 0.2869 0.6999
vn 0.5906 0.1274 0.7969
vn 0.5437 0.4746 0.6922
vn 0.5906 0.1274 0.7969
vn 0.6541 0.2869 0.6999
vn 0.6607 0.2427 0.7103
vn 0.6326 0.3701 0.6804
vn 0.6200 0.4128 0.6673
vn 0.5437 0.4746 0.6922
vn 0.5437 0.4746 0.6922
vn 0.5906 0.1274 0.7969
vn 0.0041 0.0468 0.9989
vn 0.5906 0.1274 0.7969
vn 0.6607 0.2427 0.7103
vn 0.6647 0.2126 0.7162
vn 0.5906 0.1274 0.7969
vn 0.4010 0.0200 0.9159
vn 0.0041 0.0468 0.9989
vn -0.0702 -0.0288 0.9971
vn -0.0581 0.0437 0.9974
vn 0.0041 0.0468 0.9989
vn 0.1558 0.0109 0.9877
vn -0.0702 -0.0288 0.9971
vn 0.0041 0.0468 0.9989
vn 0.6091 0.6405 0.4677
vn 0.5385 0.6264 0.5636
vn 0.5437 0.4746 0.6922
vn 0.5437 0.4746 0.6922
vn 0.0041 0.0468 0.9989
vn 0.1454 0.1324 0.9805
vn 0.4651 0.7236 0.5099
vn 0.4897 0.6894 0.5337
vn 0.1454 0.1324 0.9805
vn 0.1454 0.1324 0.9805
vn 0.4471 0.7383 0.5050
vn 0.4651 0.7236 0.5099
vn 0.4208 0.7746 0.4722
vn 0.4471 0.7383 0.5050
vn 0.1454 0.1324 0.9805
vn 0.3732 0.8191 0.4357
vn 0.4208 0.7746 0.4722
vn 0.1454 0.1324 0.9805
vn 0.3693 0.8385 0.4007
vn 0.3732 0.8191 0.4357
vn 0.2707 0.8373 0.4750
vn 0.2523 0.9241 0.2872
vn 0.1225 0.3378 0.9332
vn 0.2707 0.9093 0.3160
vn 0.2323 0.9330 0.2748
vn 0.2707 0.9093 0.3160
vn 0.1225 0.3378 0.9332
vn 0.1938 0.9527 0.2342
vn 0.2323 0.9330 0.2748
vn 0.1225 0.3378 0.9332
vn 0.1225 0.3378 0.9332
vn 0.1628 0.9651 0.2051
vn 0.1938 0.9527 0.2342
vn 0.1087 0.9795 0.1693
vn 0.1235 0.9794 0.1595
vn 0.1225 0.3378 0.9332
vn 0.1628 0.9651 0.2051
vn 0.1225 0.3378 0.9332
vn 0.1235 0.9794 0.1595
vn 0.1225 0.3378 0.9332
vn 0.0652 0.9925 0.1038
vn 0.1087 0.9795 0.1693
vn 0.1225 0.3378 0.9332
vn 0.0008 0.9996 0.0275
vn 0.0461 0.9944 0.0948
vn 0.1225 0.3378 0.9332
vn 0.0461 0.9944 0.0948
vn 0.0652 0.9925 0.1038
vn 0.1225 0.3378 0.9332
vn 0.2523 0.9241 0.2872
vn 0.2707 0.8373 0.4750
vn 0.2707 0.8373 0.4750
vn 0.4016 0.8056 0.4356
vn 0.3522 0.8551 0.3805
vn 0.1454 0.1324 0.9805
vn 0.5093 0.6607 0.5514
vn 0.5385 0.6264 0.5636
vn 0.1454 0.1324 0.9805
vn 0.1225 0.3378 0.9332
vn 0.2707 0.8373 0.4750
vn 0.3522 0.8551 0.3805
vn 0.3693 0.8385 0.4007
vn 0.2707 0.8373 0.4750
vn -0.7735 0.5878 0.2370
vn -0.7735 0.5878 0.2370
vn -0.7735 0.5878 0.2370
vn 0.1454 0.1324 0.9805
vn 0.4897 0.6894 0.5337
vn 0.5093 0.6607 0.5514
vn 0.0089 0.9949 0.1006
vn 0.0008 0.9996 0.0275
vn 0.0512 0.9519 0.3022
vn 0.0371 0.9822 0.1843
vn 0.0161 0.9963 0.0849
vn 0.0858 0.8780 0.4709
vn 0.0557 0.9598 0.2750
vn 0.0371 0.9822 0.1843
vn 0.0858 0.8780 0.4709
vn 0.0858 0.8780 0.4709
vn 0.0702 0.9348 0.3481
vn 0.0557 0.9598 0.2750
vn 0.0844 0.9013 0.4249
vn 0.0702 0.9348 0.3481
vn 0.0858 0.8780 0.4709
vn 0.0819 0.8542 0.5135
vn 0.0844 0.9013 0.4249
vn 0.0858 0.8780 0.4709
vn 0.0858 0.8780 0.4709
vn 0.1521 0.5436 0.8255
vn 0.0819 0.8542 0.5135
vn 0.1521 0.5436 0.8255
vn 0.1075 0.8166 0.5672
vn 0.0819 0.8542 0.5135
vn 0.1249 0.7601 0.6376
vn 0.1075 0.8166 0.5672
vn 0.1521 0.5436 0.8255
vn 0.1395 0.7025 0.6978
vn 0.1249 0.7601 0.6376
vn 0.1521 0.5436 0.8255
vn 0.1521 0.5436 0.8255
vn 0.1506 0.6500 0.7449
vn 0.1395 0.7025 0.6978
vn 0.1603 0.5914 0.7903
vn 0.1506 0.6500 0.7449
vn 0.1521 0.5436 0.8255
vn 0.1521 0.5436 0.8255
vn 0.1679 0.5476 0.8197
vn 0.1603 0.5914 0.7903
vn 0.1749 0.4917 0.8530
vn 0.1679 0.5476 0.8197
vn 0.1521 0.5436 0.8255
vn 0.1815 0.4205 0.8890
vn 0.1749 0.4917 0.8530
vn 0.1521 0.5436 0.8255
vn 0.1876 0.3313 0.9247
vn 0.1815 0.4205 0.8890
vn 0.1521 0.5436 0.8255
vn 0.1913 0.1511 0.9698
vn 0.1876 0.3313 0.9247
vn 0.1521 0.5436 0.8255
vn 0.1779 0.0026 0.9840
vn 0.1913 0.1511 0.9698
vn 0.1521 0.5436 0.8255
vn 0.0858 0.8780 0.4709
vn 0.1225 0.3378 0.9332
vn 0.1521 0.5436 0.8255
vn 0.1779 0.0026 0.9840
vn 0.1521 0.5436 0.8255
vn 0.1225 0.3378 0.9332
vn 0.0089 0.9949 0.1006
vn -0.0805 0.9965 -0.0221
vn 0.0858 0.8780 0.4709
vn 0.0089 0.9949 0.1006
vn 0.0858 0.8780 0.4709
vn 0.0161 0.9963 0.0849
vn 0.1454 0.1324 0.9805
vn 0.0041 0.0468 0.9989
vn 0.0365 -0.4470 0.8938
vn 0.0365 -0.4470 0.8938
vn 0.1225 0.3378 0.9332
vn 0.1454 0.1324 0.9805
vn 0.0089 0.9949 0.1006
vn 0.0161 0.9963 0.0849
vn -0.0261 0.9991 0.0328
vn 0.0161 0.9963 0.0849
vn 0.0238 0.9960 0.0865
vn -0.0261 0.9991 0.0328
vn 0.0371 0.9822 0.1843
vn 0.0557 0.9598 0.2750
vn 0.0494 0.9675 0.2482
vn 0.0494 0.9675 0.2482
vn 0.0333 0.9871 0.1569
vn 0.0371 0.9822 0.1843
vn 0.0161 0.9963 0.0849
vn 0.0371 0.9822 0.1843
vn 0.0333 0.9871 0.1569
vn 0.0333 0.9871 0.1569
vn 0.0238 0.9960 0.0865
vn 0.0161 0.9963 0.0849
vn 0.0911 0.8809 0.4644
vn 0.0844 0.9013 0.4249
vn 0.0819 0.8542 0.5135
vn 0.0911 0.8809 0.4644
vn 0.0786 0.9119 0.4029
vn 0.0844 0.9013 0.4249
vn 0.0702 0.9348 0.3481
vn 0.0844 0.9013 0.4249
vn 0.0786 0.9119 0.4029
vn 0.0786 0.9119 0.4029
vn 0.0640 0.9430 0.3267
vn 0.0702 0.9348 0.3481
vn 0.0557 0.9598 0.2750
vn 0.0702 0.9348 0.3481
vn 0.0640 0.9430 0.3267
vn 0.0640 0.9430 0.3267
vn 0.0494 0.9675 0.2482
vn 0.0557 0.9598 0.2750
vn 0.1749 0.4917 0.8530
vn 0.1815 0.4205 0.8890
vn 0.1739 0.4447 0.8786
vn 0.1739 0.4447 0.8786
vn 0.1670 0.5122 0.8425
vn 0.1749 0.4917 0.8530
vn 0.1679 0.5476 0.8197
vn 0.1749 0.4917 0.8530
vn 0.1670 0.5122 0.8425
vn 0.1670 0.5122 0.8425
vn 0.1610 0.5637 0.8101
vn 0.1679 0.5476 0.8197
vn 0.1603 0.5914 0.7903
vn 0.1679 0.5476 0.8197
vn 0.1610 0.5637 0.8101
vn 0.1610 0.5637 0.8101
vn 0.1560 0.6071 0.7791
vn 0.1603 0.5914 0.7903
vn 0.1506 0.6500 0.7449
vn 0.1603 0.5914 0.7903
vn 0.1560 0.6071 0.7791
vn 0.1560 0.6071 0.7791
vn 0.1480 0.6664 0.7308
vn 0.1506 0.6500 0.7449
vn 0.1395 0.7025 0.6978
vn 0.1506 0.6500 0.7449
vn 0.1480 0.6664 0.7308
vn 0.1480 0.6664 0.7308
vn 0.1458 0.7230 0.6753
vn 0.1395 0.7025 0.6978
vn 0.1458 0.7230 0.6753
vn 0.1249 0.7601 0.6376
vn 0.1395 0.7025 0.6978
vn 0.1458 0.7230 0.6753
vn 0.1214 0.7860 0.6062
vn 0.1249 0.7601 0.6376
vn 0.1075 0.8166 0.5672
vn 0.1249 0.7601 0.6376
vn 0.1214 0.7860 0.6062
vn 0.1214 0.7860 0.6062
vn 0.1076 0.8324 0.5437
vn 0.1075 0.8166 0.5672
vn 0.0819 0.8542 0.5135
vn 0.1075 0.8166 0.5672
vn 0.1076 0.8324 0.5437
vn 0.1076 0.8324 0.5437
vn 0.0911 0.8809 0.4644
vn 0.0819 0.8542 0.5135
vn 0.1913 0.1511 0.9698
vn 0.1779 0.0026 0.9840
vn 0.1970 0.1003 0.9752
vn 0.1970 0.1003 0.9752
vn 0.1866 0.2929 0.9378
vn 0.1913 0.1511 0.9698
vn 0.1876 0.3313 0.9247
vn 0.1913 0.1511 0.9698
vn 0.1866 0.2929 0.9378
vn 0.1866 0.2929 0.9378
vn 0.1809 0.3644 0.9135
vn 0.1876 0.3313 0.9247
vn 0.1815 0.4205 0.8890
vn 0.1876 0.3313 0.9247
vn 0.1809 0.3644 0.9135
vn 0.1815 0.4205 0.8890
vn 0.1809 0.3644 0.9135
vn 0.1739 0.4447 0.8786
vn 0.1779 0.0026 0.9840
vn 0.1800 0.0186 0.9835
vn 0.1970 0.1003 0.9752
vn 0.1518 -0.5710 0.8068
vn 0.1800 0.0186 0.9835
vn 0.1779 0.0026 0.9840
vn -0.0019 0.2287 -0.9735
vn -0.0019 0.2287 -0.9735
vn -0.0019 0.2287 -0.9735
vn -0.0008 1.0000 -0.0010
vn -0.0008 1.0000 -0.0010
vn -0.0008 1.0000 -0.0010
vn 0.0000 1.0000 0.0014
vn 0.0000 1.0000 0.0014
vn 0.0000 1.0000 0.0014
vn 0.0015 0.0191 0.9998
vn -0.0197 0.0013 0.9998
vn -0.0021 -0.0352 0.9994
vn 0.0015 0.0191 0.9998
vn -0.0021 -0.0352 0.9994
vn 0.0024 -0.0099 0.9999
vn 0.0024 -0.0099 0.9999
vn 0.0041 0.0468 0.9989
vn 0.0015 0.0191 0.9998
vn 0.2298 -0.9013 -0.3673
vn -0.0200 -0.8157 -0.5781
vn 0.2992 -0.9542 -0.0023
vn 1.0000 0.0000 -0.0000
vn 1.0000 0.0000 -0.0000
vn 0.9691 -0.2227 -0.1061
vn 0.8773 -0.4178 -0.2364
vn 0.9146 -0.3530 0.1974
vn 0.6934 -0.6334 0.3436
vn 0.8773 -0.4178 -0.2364
vn 0.9691 -0.2227 -0.1061
vn 0.9146 -0.3530 0.1974
vn 0.9691 -0.2227 -0.1061
vn 0.8348 -0.4955 0.2399
vn 0.9146 -0.3530 0.1974
vn 0.8348 -0.4955 0.2399
vn 0.9691 -0.2227 -0.1061
vn 0.9980 -0.0632 0.0006
vn 0.8773 -0.4178 -0.2364
vn 0.6934 -0.6334 0.3436
vn 0.9942 -0.1078 0.0022
vn 0.9942 -0.1078 0.0022
vn 0.9811 -0.1936 -0.0055
vn 0.8773 -0.4178 -0.2364
vn 0.8773 -0.4178 -0.2364
vn 0.9811 -0.1936 -0.0055
vn 0.0840 -0.8884 -0.4513
vn 0.9942 -0.1078 0.0022
vn 0.6934 -0.6334 0.3436
vn 0.0976 -0.8942 0.4368
vn 0.9359 -0.3522 0.0030
vn 0.9166 -0.3997 0.0007
vn 0.0976 -0.8942 0.4368
vn 0.9166 -0.3997 0.0007
vn 0.8709 -0.4915 0.0012
vn 0.0976 -0.8942 0.4368
vn 0.8709 -0.4915 0.0012
vn 0.9942 -0.1078 0.0022
vn 0.0976 -0.8942 0.4368
vn 0.9793 -0.2023 0.0040
vn 0.9687 -0.2212 0.1129
vn 0.8539 -0.4917 0.1703
vn 0.0976 -0.8942 0.4368
vn 0.9793 -0.2023 0.0040
vn 0.9644 -0.2645 0.0025
vn 0.8539 -0.4917 0.1703
vn 0.9729 -0.2313 0.0013
vn 0.9793 -0.2023 0.0040
vn 0.9644 -0.2645 0.0025
vn 0.9359 -0.3522 0.0030
vn 0.0976 -0.8942 0.4368
vn 0.9939 0.0650 0.0889
vn 0.9773 -0.2118 -0.0004
vn 0.9907 -0.1361 0.0001
vn 0.9785 -0.2064 -0.0018
vn 0.9612 -0.2759 -0.0011
vn 0.8234 -0.5556 -0.1155
vn 0.9811 -0.1936 -0.0055
vn 0.8671 -0.4982 -0.0014
vn 0.0840 -0.8884 -0.4513
vn 0.0840 -0.8884 -0.4513
vn 0.8671 -0.4982 -0.0014
vn 0.8177 -0.5757 -0.0007
vn 0.9172 -0.3909 -0.0771
vn 0.9612 -0.2759 -0.0011
vn 0.9773 -0.2118 -0.0004
vn 0.9773 -0.2118 -0.0004
vn 0.6677 -0.7071 -0.2326
vn 0.9957 -0.0927 0.0093
vn -0.1400 -0.9827 -0.1216
vn 0.6677 -0.7071 -0.2326
vn 0.6053 -0.7799 -0.1593
vn -0.1400 -0.9827 -0.1216
vn 0.0840 -0.8884 -0.4513
vn 0.6677 -0.7071 -0.2326
vn 0.9811 -0.1936 -0.0055
vn 0.9942 -0.1078 0.0022
vn 0.8709 -0.4915 0.0012
vn 0.9166 -0.3997 0.0007
vn 0.9785 -0.2064 -0.0018
vn 0.9943 0.1065 -0.0040
vn 0.0840 -0.8884 -0.4513
vn 0.8177 -0.5757 -0.0007
vn 0.9166 -0.3997 0.0007
vn 0.8709 -0.4915 0.0012
vn 0.9166 -0.3997 0.0007
vn 0.8177 -0.5757 -0.0007
vn 0.8177 -0.5757 -0.0007
vn 0.8671 -0.4982 -0.0014
vn 0.8709 -0.4915 0.0012
vn 0.8671 -0.4982 -0.0014
vn 0.9811 -0.1936 -0.0055
vn 0.8709 -0.4915 0.0012
vn 0.9166 -0.3997 0.0007
vn 0.9359 -0.3522 0.0030
vn 0.9785 -0.2064 -0.0018
vn 0.9612 -0.2759 -0.0011
vn 0.9785 -0.2064 -0.0018
vn 0.9359 -0.3522 0.0030
vn 0.9359 -0.3522 0.0030
vn 0.9644 -0.2645 0.0025
vn 0.9612 -0.2759 -0.0011
vn 0.9793 -0.2023 0.0040
vn 0.9729 -0.2313 0.0013
vn 0.9907 -0.1361 0.0001
vn 0.9907 -0.1361 0.0001
vn 0.9773 -0.2118 -0.0004
vn 0.9793 -0.2023 0.0040
vn 0.9773 -0.2118 -0.0004
vn 0.9644 -0.2645 0.0025
vn 0.9793 -0.2023 0.0040
vn 0.9773 -0.2118 -0.0004
vn 0.9612 -0.2759 -0.0011
vn 0.9644 -0.2645 0.0025
vn 0.6677 -0.7071 -0.2326
vn 0.9907 -0.1361 0.0001
vn 0.9729 -0.2313 0.0013
vn 0.6677 -0.7071 -0.2326
vn 0.9729 -0.2313 0.0013
vn 0.8539 -0.4917 0.1703
vn 0.8539 -0.4917 0.1703
vn 0.6053 -0.7799 -0.1593
vn 0.6677 -0.7071 -0.2326
vn 0.8539 -0.4917 0.1703
vn 0.9926 -0.1197 0.0177
vn 0.9926 -0.1197 0.0177
vn 0.9993 -0.0361 -0.0038
vn 0.9993 -0.0361 -0.0038
vn 0.8539 -0.4917 0.1703
vn 0.2637 0.9599 -0.0955
vn 0.4040 0.5630 -0.7210
vn 0.9974 0.0716 -0.0005
vn 0.8694 0.3643 0.3339
vn 0.9999 0.0122 0.0068
vn 0.9996 -0.0283 -0.0051
vn 0.9974 0.0716 -0.0005
vn 0.7683 0.6401 0.0061
vn 1.0000 0.0000 0.0000
vn 0.7683 0.6401 0.0061
vn 0.9974 0.0716 -0.0005
vn 0.9999 0.0122 0.0068
vn -0.1028 0.8913 0.4417
vn -0.2296 0.4948 0.8381
vn -0.1028 0.8913 0.4417
vn 0.9999 0.0122 0.0068
vn 0.9974 0.0716 -0.0005
vn 0.4040 0.5630 -0.7210
vn 0.9999 0.0122 0.0068
vn 0.9978 -0.0665 -0.0011
vn 0.9996 -0.0283 -0.0051
vn 0.8790 0.3291 0.3450
vn 0.8694 0.3643 0.3339
vn 0.9996 -0.0283 -0.0051
vn 0.9875 0.1575 -0.0002
vn 0.9497 0.3132 0.0041
vn 0.8790 0.3291 0.3450
vn 0.8790 0.3291 0.3450
vn 0.9996 -0.0283 -0.0051
vn 0.9875 0.1575 -0.0002
vn 0.9875 0.1575 -0.0002
vn 0.9996 -0.0283 -0.0051
vn 0.8640 0.5034 -0.0059
vn 0.5949 0.6895 0.4132
vn 0.2027 0.7339 0.6483
vn 0.9998 0.0208 0.0030
vn 0.9304 0.3666 0.0027
vn 0.9475 0.3197 0.0018
vn 0.2027 0.7339 0.6483
vn 0.9475 0.3197 0.0018
vn 0.8315 0.5555 0.0017
vn 0.2027 0.7339 0.6483
vn 0.9497 0.3132 0.0041
vn 0.8697 0.4937 0.0011
vn 0.8258 0.5630 0.0340
vn 0.8697 0.4937 0.0011
vn 0.9091 0.4165 0.0012
vn 0.2027 0.7339 0.6483
vn 0.2027 0.7339 0.6483
vn 0.8790 0.3291 0.3450
vn 0.9497 0.3132 0.0041
vn 0.9091 0.4165 0.0012
vn 0.9304 0.3666 0.0027
vn 0.2027 0.7339 0.6483
vn 0.9945 0.1048 -0.0020
vn 0.9807 0.1954 0.0008
vn 0.0948 0.7216 -0.6858
vn 0.9722 0.2340 -0.0034
vn 0.9595 0.2818 -0.0033
vn 0.0948 0.7216 -0.6858
vn 0.0948 0.7216 -0.6858
vn 0.8890 0.4579 -0.0022
vn 0.8640 0.5034 -0.0059
vn 0.9595 0.2818 -0.0033
vn 0.9308 0.3655 -0.0021
vn 0.0948 0.7216 -0.6858
vn 0.9308 0.3655 -0.0021
vn 0.8890 0.4579 -0.0022
vn 0.0948 0.7216 -0.6858
vn 0.9993 0.0379 0.0002
vn 0.9945 0.1048 -0.0020
vn 0.8913 0.3761 -0.2533
vn 0.8640 0.5034 -0.0059
vn 0.5250 0.8039 -0.2795
vn 0.0948 0.7216 -0.6858
vn 0.4040 0.5630 -0.7210
vn 0.0948 0.7216 -0.6858
vn 0.2103 0.7313 -0.6488
vn 0.0948 0.7216 -0.6858
vn 0.9807 0.1954 0.0008
vn 0.9722 0.2340 -0.0034
vn -0.0257 -0.8647 -0.5017
vn 0.0001 -0.8546 -0.5192
vn 0.0001 -0.8546 -0.5192
vn 0.8344 0.3124 0.4540
vn 0.8344 0.3124 0.4540
vn 0.8344 0.3124 0.4540
vn -0.2393 -0.2880 0.9272
vn -0.2393 -0.2880 0.9272
vn -0.1300 -0.3340 0.9336
vn -0.1712 -0.4543 0.8742
vn -0.1300 -0.3340 0.9336
vn -0.0257 -0.4829 0.8753
vn -0.1673 -0.7341 0.6581
vn -0.1712 -0.4543 0.8742
vn 0.0144 -0.6447 0.7643
vn -0.0935 -0.7708 0.6301
vn -0.5346 -0.7930 0.2923
vn -0.1673 -0.7341 0.6581
vn 0.0755 -0.8977 0.4341
vn 0.0755 -0.8977 0.4341
vn -0.5346 -0.7930 0.2923
vn 0.0355 -0.8659 0.4990
vn -0.5346 -0.7930 0.2923
vn 0.6934 -0.6334 0.3436
vn 0.0976 -0.8942 0.4368
vn 0.6934 -0.6334 0.3436
vn -0.5346 -0.7930 0.2923
vn 0.0735 -0.9067 0.4152
vn 0.0976 -0.8942 0.4368
vn -0.5346 -0.7930 0.2923
vn 0.1208 -0.9620 0.2448
vn 0.0902 -0.9295 0.3575
vn -0.5346 -0.7930 0.2923
vn 0.0548 -0.9982 0.0248
vn 0.1208 -0.9620 0.2448
vn -0.5346 -0.7930 0.2923
vn -0.5346 -0.7930 0.2923
vn -0.1400 -0.9827 -0.1216
vn 0.0548 -0.9982 0.0248
vn 0.6053 -0.7799 -0.1593
vn 0.0548 -0.9982 0.0248
vn -0.1400 -0.9827 -0.1216
vn 0.0840 -0.8884 -0.4513
vn -0.0027 -0.8935 -0.4491
vn -0.0257 -0.8647 -0.5017
vn -0.0278 -0.8372 -0.5463
vn 0.0840 -0.8884 -0.4513
vn -0.1400 -0.9827 -0.1216
vn -0.0200 -0.8157 -0.5781
vn -0.0257 -0.8647 -0.5017
vn -0.1589 -0.7351 -0.6590
vn -0.0257 -0.8647 -0.5017
vn 0.0023 -0.8742 -0.4856
vn 0.0840 -0.8884 -0.4513
vn -0.1976 -0.6987 -0.6875
vn -0.1589 -0.7351 -0.6590
vn -0.4148 -0.4752 -0.7760
vn -0.4148 -0.4752 -0.7760
vn -0.1474 -0.2914 -0.9452
vn -0.1944 -0.5325 -0.8238
vn -0.1474 -0.2914 -0.9452
vn -0.4148 -0.4752 -0.7760
vn -0.8161 -0.0813 -0.5722
vn -0.0159 0.0773 -0.9969
vn -0.0659 0.0036 -0.9978
vn -0.0659 0.0036 -0.9978
vn 0.0612 0.1752 -0.9826
vn -0.1642 0.3003 -0.9396
vn -0.0159 0.0773 -0.9969
vn -0.0233 0.4086 -0.9124
vn -0.1825 0.5104 -0.8404
vn -0.1642 0.3003 -0.9396
vn -0.1449 0.4948 -0.8568
vn -0.1449 0.4948 -0.8568
vn -0.1825 0.5104 -0.8404
vn -0.0185 0.5846 -0.8111
vn 0.4040 0.5630 -0.7210
vn -0.1825 0.5104 -0.8404
vn 0.0708 0.7276 -0.6824
vn 0.0948 0.7216 -0.6858
vn 0.4040 0.5630 -0.7210
vn 0.1190 0.8066 -0.5790
vn 0.0948 0.7216 -0.6858
vn 0.0666 0.7188 -0.6920
vn -0.0095 0.9398 -0.3417
vn 0.1190 0.8066 -0.5790
vn 0.0555 0.8416 -0.5373
vn -0.2054 0.9308 -0.3024
vn -0.2054 0.9308 -0.3024
vn -0.0095 0.9398 -0.3417
vn 0.5371 0.8344 -0.1238
vn -0.0095 0.9398 -0.3417
vn -0.0647 0.9710 -0.2302
vn 0.1091 0.9940 -0.0089
vn 0.5371 0.8344 -0.1238
vn 0.1091 0.9940 -0.0089
vn 0.1486 0.9514 0.2698
vn 0.1354 0.9763 0.1691
vn 0.1354 0.9763 0.1691
vn 0.0255 0.9256 0.3777
vn 0.1486 0.9514 0.2698
vn 0.0255 0.9256 0.3777
vn 0.5949 0.6895 0.4132
vn -0.1612 0.8385 0.5205
vn -0.1612 0.8385 0.5205
vn -0.1101 0.8600 0.4983
vn -0.1101 0.8600 0.4983
vn 0.5949 0.6895 0.4132
vn 0.2027 0.7339 0.6483
vn 0.5949 0.6895 0.4132
vn 0.0173 0.7409 0.6714
vn 0.0262 0.6610 0.7499
vn 0.0262 0.6610 0.7499
vn 0.0262 0.6610 0.7499
vn 0.0260 0.6966 0.7170
vn 0.2027 0.7339 0.6483
vn 0.0260 0.6966 0.7170
vn -0.2296 0.4948 0.8381
vn 0.2193 0.6383 0.7379
vn 0.8694 0.3643 0.3339
vn 0.0338 0.7736 0.6327
vn 0.0338 0.7736 0.6327
vn -0.2296 0.4948 0.8381
vn -0.0783 0.4263 0.9012
vn -0.2296 0.4948 0.8381
vn -0.0186 0.5265 0.8499
vn -0.0783 0.4263 0.9012
vn -0.1791 0.4111 0.8938
vn -0.1791 0.4111 0.8938
vn 0.0093 0.1609 0.9869
vn -0.0783 0.4263 0.9012
vn 0.0432 0.2807 0.9588
vn -0.0720 -0.1040 0.9920
vn 0.0093 0.1609 0.9869
vn 0.1681 0.0988 0.9808
vn -0.0720 -0.1040 0.9920
vn -0.1650 -0.3321 0.9287
vn -0.1941 -0.1390 0.9711
vn -0.9301 -0.2157 0.2972
vn -0.9747 0.0157 0.2230
vn -0.9999 -0.0124 -0.0057
vn -1.0000 -0.0008 0.0002
vn -0.9301 -0.2157 0.2972
vn -0.9999 -0.0124 -0.0057
vn -0.8974 -0.4406 -0.0232
vn -0.5346 -0.7930 0.2923
vn -0.9999 -0.0124 -0.0057
vn -0.9994 0.0298 0.0150
vn -0.9994 0.0298 0.0150
vn -0.9999 -0.0124 -0.0057
vn -0.9999 -0.0094 -0.0085
vn -0.9999 -0.0094 -0.0085
vn -0.9999 -0.0124 -0.0057
vn -0.8161 -0.0813 -0.5722
vn -1.0000 0.0028 0.0019
vn -0.9999 -0.0124 -0.0057
vn -0.9459 0.1130 -0.3043
vn -0.8161 -0.0813 -0.5722
vn -0.9999 -0.0124 -0.0057
vn -0.9649 0.2104 -0.1574
vn -0.9459 0.1130 -0.3043
vn -0.9999 -0.0124 -0.0057
vn -0.9694 0.2443 0.0227
vn -0.9649 0.2104 -0.1574
vn -0.9999 -0.0124 -0.0057
vn -0.9813 0.1324 0.1398
vn -0.9694 0.2443 0.0227
vn -0.9999 -0.0124 -0.0057
vn -0.9747 0.0157 0.2230
vn -0.9813 0.1324 0.1398
vn -0.9999 -0.0124 -0.0057
vn 0.9855 0.1369 -0.1006
vn 0.9993 0.0379 0.0002
vn 0.9855 0.1369 -0.1006
vn 0.9551 0.2852 0.0797
vn 0.9387 0.3113 0.1484
vn 0.9055 0.4228 0.0363
vn 0.9497 0.3132 0.0041
vn 0.9875 0.1575 -0.0002
vn 0.8640 0.5034 -0.0059
vn 0.8640 0.5034 -0.0059
vn 0.8890 0.4579 -0.0022
vn 0.9497 0.3132 0.0041
vn 0.8697 0.4937 0.0011
vn 0.9497 0.3132 0.0041
vn 0.8890 0.4579 -0.0022
vn 0.8890 0.4579 -0.0022
vn 0.9091 0.4165 0.0012
vn 0.8697 0.4937 0.0011
vn 0.8890 0.4579 -0.0022
vn 0.9308 0.3655 -0.0021
vn 0.9091 0.4165 0.0012
vn 0.9304 0.3666 0.0027
vn 0.9091 0.4165 0.0012
vn 0.9308 0.3655 -0.0021
vn 0.8315 0.5555 0.0017
vn 0.9475 0.3197 0.0018
vn 0.9595 0.2818 -0.0033
vn 0.9308 0.3655 -0.0021
vn 0.9595 0.2818 -0.0033
vn 0.9475 0.3197 0.0018
vn 0.9308 0.3655 -0.0021
vn 0.9475 0.3197 0.0018
vn 0.9304 0.3666 0.0027
vn 0.9807 0.1954 0.0008
vn 0.9945 0.1048 -0.0020
vn 0.9998 0.0208 0.0030
vn 0.8315 0.5555 0.0017
vn 0.9595 0.2818 -0.0033
vn 0.9722 0.2340 -0.0034
vn 0.9722 0.2340 -0.0034
vn 0.9807 0.1954 0.0008
vn 0.8315 0.5555 0.0017
vn 0.2027 0.7339 0.6483
vn 0.8315 0.5555 0.0017
vn 0.9807 0.1954 0.0008
vn 0.4776 -0.8786 0.0009
vn 0.4776 -0.8786 0.0009
vn 0.4776 -0.8786 0.0009
vn 0.9998 0.0208 0.0030
vn 0.9945 0.1048 -0.0020
vn 0.9993 0.0379 0.0002
vn 0.9998 0.0208 0.0030
vn 0.9993 0.0379 0.0002
vn 0.9982 0.0599 -0.0001
vn 0.9994 0.0342 0.0016
vn 0.9993 0.0379 0.0002
vn 0.9387 0.3113 0.1484
vn 0.9993 0.0379 0.0002
vn 0.9989 0.0468 -0.0063
vn 0.9055 0.4228 0.0363
vn 0.9993 0.0379 0.0002
vn 0.9992 0.0408 -0.0034
vn 0.9992 0.0408 -0.0034
vn 0.9957 0.0849 -0.0357
vn 0.9957 0.0849 -0.0357
vn 0.9993 0.0379 0.0002
vn 0.9055 0.4228 0.0363
vn 0.9387 0.3113 0.1484
vn 0.9993 0.0379 0.0002
vn 0.0246 -0.0055 -0.9997
vn 0.1647 -0.0331 -0.9858
vn 0.0935 -0.4686 -0.8785
vn 0.0935 -0.4686 -0.8785
vn 0.0612 -0.1424 -0.9879
vn 0.0246 -0.0055 -0.9997
vn 0.0303 -0.0424 -0.9986
vn 0.0006 -0.0202 -0.9998
vn 0.0246 -0.0055 -0.9997
vn 0.0986 -0.8723 -0.4790
vn 0.0935 -0.4686 -0.8785
vn 0.1647 -0.0331 -0.9858
vn 0.0986 -0.8723 -0.4790
vn 0.1647 -0.0331 -0.9858
vn 0.1561 -0.0718 -0.9851
vn 0.0986 -0.8723 -0.4790
vn 0.1561 -0.0718 -0.9851
vn 0.0584 -0.9415 -0.3320
vn 0.0303 -0.0424 -0.9986
vn 0.0007 -0.1270 -0.9919
vn 0.0006 -0.0202 -0.9998
vn 0.0007 -0.1270 -0.9919
vn 0.0303 -0.0424 -0.9986
vn 0.0076 -0.4565 -0.8897
vn 0.0076 -0.4565 -0.8897
vn 0.0003 -0.2398 -0.9708
vn 0.0007 -0.1270 -0.9919
vn 0.0076 -0.4565 -0.8897
vn 0.0002 -0.2924 -0.9563
vn 0.0003 -0.2398 -0.9708
vn 0.0076 -0.4565 -0.8897
vn 0.0000 -0.3892 -0.9211
vn 0.0002 -0.2924 -0.9563
vn 0.0076 -0.4565 -0.8897
vn 0.0000 -0.4539 -0.8910
vn 0.0000 -0.3892 -0.9211
vn 0.0001 -0.5322 -0.8466
vn 0.0000 -0.4539 -0.8910
vn 0.0076 -0.4565 -0.8897
vn 0.0076 -0.4565 -0.8897
vn 0.0015 -0.5979 -0.8016
vn 0.0001 -0.5322 -0.8466
vn 0.0015 -0.5979 -0.8016
vn 0.0076 -0.4565 -0.8897
vn 0.0148 -0.7492 -0.6622
vn 0.0148 -0.7492 -0.6622
vn 0.0003 -0.6615 -0.7499
vn 0.0015 -0.5979 -0.8016
vn 0.0148 -0.7492 -0.6622
vn 0.0001 -0.7276 -0.6860
vn 0.0003 -0.6615 -0.7499
vn 0.0148 -0.7492 -0.6622
vn 0.0000 -0.7982 -0.6024
vn 0.0001 -0.7276 -0.6860
vn 0.0148 -0.7492 -0.6622
vn 0.0005 -0.8392 -0.5438
vn 0.0000 -0.7982 -0.6024
vn 0.0005 -0.8392 -0.5438
vn 0.0148 -0.7492 -0.6622
vn -0.0015 -0.9665 -0.2565
vn -0.0015 -0.9665 -0.2565
vn 0.0001 -0.8947 -0.4467
vn 0.0005 -0.8392 -0.5438
vn -0.0015 -0.9665 -0.2565
vn 0.0000 -0.9206 -0.3905
vn 0.0001 -0.8947 -0.4467
vn -0.0015 -0.9665 -0.2565
vn 0.0038 -0.9622 -0.2722
vn 0.0000 -0.9206 -0.3905
vn 0.0076 -0.4565 -0.8897
vn 0.0612 -0.1424 -0.9879
vn 0.0148 -0.7492 -0.6622
vn 0.0076 -0.4565 -0.8897
vn 0.0303 -0.0424 -0.9986
vn 0.0612 -0.1424 -0.9879
vn 0.0303 -0.0424 -0.9986
vn 0.0246 -0.0055 -0.9997
vn 0.0612 -0.1424 -0.9879
vn 0.0148 -0.7492 -0.6622
vn -0.0022 -0.9452 -0.3264
vn -0.0015 -0.9665 -0.2565
vn 0.0148 -0.7492 -0.6622
vn 0.0612 -0.1424 -0.9879
vn -0.0022 -0.9452 -0.3264
vn 0.0935 -0.4686 -0.8785
vn -0.0022 -0.9452 -0.3264
vn 0.0612 -0.1424 -0.9879
vn 0.0093 -0.9707 -0.2403
vn 0.0001 -0.9717 -0.2362
vn -0.0060 -0.9402 -0.3407
vn 0.0330 -0.9515 -0.3060
vn 0.0093 -0.9707 -0.2403
vn -0.0060 -0.9402 -0.3407
vn -0.0060 -0.9402 -0.3407
vn -0.0355 -0.9650 -0.2597
vn 0.0330 -0.9515 -0.3060
vn 0.0028 -0.9764 -0.2160
vn 0.0394 -0.9656 -0.2571
vn 0.0119 -0.9799 -0.1989
vn 0.0394 -0.9656 -0.2571
vn 0.0028 -0.9764 -0.2160
vn 0.0031 -0.9737 -0.2279
vn 0.0394 -0.9656 -0.2571
vn 0.0031 -0.9737 -0.2279
vn 0.0093 -0.9707 -0.2403
vn 0.0119 -0.9799 -0.1989
vn 0.0000 -0.9780 -0.2084
vn 0.0028 -0.9764 -0.2160
vn 0.0001 -0.9822 -0.1877
vn 0.0001 -0.9808 -0.1952
vn 0.0119 -0.9799 -0.1989
vn 0.0119 -0.9799 -0.1989
vn 0.0205 -0.9769 -0.2128
vn 0.0001 -0.9822 -0.1877
vn 0.0001 -0.9842 -0.1770
vn 0.0001 -0.9822 -0.1877
vn 0.0205 -0.9769 -0.2128
vn 0.0000 -0.9850 -0.1727
vn 0.0001 -0.9842 -0.1770
vn 0.0205 -0.9769 -0.2128
vn 0.0205 -0.9769 -0.2128
vn 0.0003 -0.9886 -0.1504
vn 0.0002 -0.9876 -0.1568
vn 0.0002 -0.9876 -0.1568
vn 0.0000 -0.9862 -0.1658
vn 0.0205 -0.9769 -0.2128
vn 0.0000 -0.9850 -0.1727
vn 0.0205 -0.9769 -0.2128
vn 0.0000 -0.9862 -0.1658
vn 0.0002 -0.9962 -0.0875
vn 0.0047 -0.9958 -0.0910
vn 0.0000 -0.9953 -0.0967
vn 0.0002 -0.9962 -0.0875
vn -0.0000 -0.9942 -0.1077
vn 0.0001 -0.9937 -0.1122
vn 0.0001 -0.9937 -0.1122
vn -0.0018 -0.9927 -0.1203
vn 0.0002 -0.9962 -0.0875
vn -0.0018 -0.9927 -0.1203
vn 0.0001 -0.9937 -0.1122
vn -0.0001 -0.9925 -0.1220
vn -0.0018 -0.9927 -0.1203
vn -0.0001 -0.9925 -0.1220
vn -0.0000 -0.9918 -0.1278
vn -0.0000 -0.9918 -0.1278
vn -0.0000 -0.9898 -0.1425
vn -0.0018 -0.9927 -0.1203
vn -0.0000 -0.9898 -0.1425
vn 0.0002 -0.9896 -0.1436
vn 0.0205 -0.9769 -0.2128
vn 0.0205 -0.9769 -0.2128
vn 0.0002 -0.9896 -0.1436
vn 0.0003 -0.9886 -0.1504
vn -0.0000 -0.9971 -0.0765
vn 0.0026 -0.9970 -0.0778
vn 0.0014 -0.9978 -0.0665
vn 0.0026 -0.9970 -0.0778
vn -0.0000 -0.9971 -0.0765
vn -0.0000 -0.9968 -0.0802
vn -0.0000 -0.9968 -0.0802
vn 0.0047 -0.9958 -0.0910
vn 0.0026 -0.9970 -0.0778
vn 0.0047 -0.9958 -0.0910
vn -0.0000 -0.9968 -0.0802
vn 0.0000 -0.9959 -0.0905
vn 0.0000 -0.9959 -0.0905
vn 0.0000 -0.9953 -0.0967
vn 0.0047 -0.9958 -0.0910
vn 0.0000 -0.9986 -0.0538
vn 0.0008 -0.9985 -0.0555
vn 0.0008 -0.9990 -0.0449
vn 0.0008 -0.9985 -0.0555
vn 0.0000 -0.9986 -0.0538
vn 0.0000 -0.9981 -0.0608
vn 0.0000 -0.9981 -0.0608
vn 0.0014 -0.9978 -0.0665
vn 0.0008 -0.9985 -0.0555
vn 0.0014 -0.9978 -0.0665
vn 0.0000 -0.9981 -0.0608
vn -0.0000 -0.9978 -0.0657
vn 0.0014 -0.9978 -0.0665
vn -0.0000 -0.9978 -0.0657
vn -0.0000 -0.9971 -0.0765
vn 0.0000 -0.9995 -0.0315
vn 0.0012 -0.9995 -0.0323
vn 0.0002 -0.9997 -0.0258
vn 0.0012 -0.9995 -0.0323
vn 0.0000 -0.9995 -0.0315
vn 0.0000 -0.9992 -0.0389
vn 0.0000 -0.9992 -0.0389
vn 0.0008 -0.9990 -0.0449
vn 0.0012 -0.9995 -0.0323
vn 0.0008 -0.9990 -0.0449
vn 0.0000 -0.9992 -0.0389
vn 0.0000 -0.9988 -0.0480
vn 0.0008 -0.9990 -0.0449
vn 0.0000 -0.9988 -0.0480
vn 0.0000 -0.9986 -0.0538
vn 1.0000 0.0000 0.0000
vn 1.0000 0.0000 0.0000
vn 1.0000 0.0000 0.0000
vn 0.0000 -0.9206 -0.3905
vn 0.0038 -0.9622 -0.2722
vn -0.0025 -0.9575 -0.2885
vn -0.0025 -0.9575 -0.2885
vn -0.0006 -0.9095 -0.4157
vn 0.0000 -0.9206 -0.3905
vn 0.0001 -0.8947 -0.4467
vn 0.0000 -0.9206 -0.3905
vn -0.0006 -0.9095 -0.4157
vn -0.0006 -0.9095 -0.4157
vn -0.0004 -0.8846 -0.4664
vn 0.0001 -0.8947 -0.4467
vn 0.0005 -0.8392 -0.5438
vn 0.0001 -0.8947 -0.4467
vn -0.0004 -0.8846 -0.4664
vn -0.0004 -0.8846 -0.4664
vn 0.0002 -0.8252 -0.5648
vn 0.0005 -0.8392 -0.5438
vn 0.0000 -0.7982 -0.6024
vn 0.0005 -0.8392 -0.5438
vn 0.0002 -0.8252 -0.5648
vn 0.0002 -0.8252 -0.5648
vn 0.0004 -0.7732 -0.6342
vn 0.0000 -0.7982 -0.6024
vn 0.0001 -0.7276 -0.6860
vn 0.0000 -0.7982 -0.6024
vn 0.0004 -0.7732 -0.6342
vn 0.0004 -0.7732 -0.6342
vn 0.0005 -0.7082 -0.7060
vn 0.0001 -0.7276 -0.6860
vn 0.0003 -0.6615 -0.7499
vn 0.0001 -0.7276 -0.6860
vn 0.0005 -0.7082 -0.7060
vn 0.0005 -0.7082 -0.7060
vn 0.0004 -0.6399 -0.7685
vn 0.0003 -0.6615 -0.7499
vn 0.0015 -0.5979 -0.8016
vn 0.0003 -0.6615 -0.7499
vn 0.0004 -0.6399 -0.7685
vn 0.0004 -0.6399 -0.7685
vn 0.0003 -0.5753 -0.8179
vn 0.0015 -0.5979 -0.8016
vn -0.0000 -0.0440 -0.9990
vn -0.0000 -0.0151 -0.9999
vn 0.0006 -0.0202 -0.9998
vn 0.0006 -0.0202 -0.9998
vn 0.0007 -0.1270 -0.9919
vn -0.0000 -0.0440 -0.9990
vn 0.0001 -0.2145 -0.9767
vn -0.0000 -0.0440 -0.9990
vn 0.0007 -0.1270 -0.9919
vn 0.0007 -0.1270 -0.9919
vn 0.0003 -0.2398 -0.9708
vn 0.0001 -0.2145 -0.9767
vn 0.0000 -0.2674 -0.9636
vn 0.0001 -0.2145 -0.9767
vn 0.0003 -0.2398 -0.9708
vn 0.0003 -0.2398 -0.9708
vn 0.0002 -0.2924 -0.9563
vn 0.0000 -0.2674 -0.9636
vn -0.0027 -0.3685 -0.9296
vn 0.0000 -0.2674 -0.9636
vn 0.0002 -0.2924 -0.9563
vn 0.0002 -0.2924 -0.9563
vn 0.0000 -0.3892 -0.9211
vn -0.0027 -0.3685 -0.9296
vn -0.0005 -0.4270 -0.9043
vn -0.0027 -0.3685 -0.9296
vn 0.0000 -0.3892 -0.9211
vn 0.0000 -0.3892 -0.9211
vn 0.0000 -0.4539 -0.8910
vn -0.0005 -0.4270 -0.9043
vn -0.0000 -0.5090 -0.8608
vn -0.0005 -0.4270 -0.9043
vn 0.0000 -0.4539 -0.8910
vn 0.0000 -0.4539 -0.8910
vn 0.0001 -0.5322 -0.8466
vn -0.0000 -0.5090 -0.8608
vn 0.0003 -0.5753 -0.8179
vn -0.0000 -0.5090 -0.8608
vn 0.0001 -0.5322 -0.8466
vn 0.0001 -0.5322 -0.8466
vn 0.0015 -0.5979 -0.8016
vn 0.0003 -0.5753 -0.8179
vn 0.0004 -0.6399 -0.7685
vn 0.0005 -0.7082 -0.7060
vn -0.0802 -0.4748 -0.8765
vn -0.1003 -0.2642 -0.9593
vn -0.0802 -0.4748 -0.8765
vn -0.1230 -0.6898 -0.7135
vn -0.0802 -0.4748 -0.8765
vn -0.0006 -0.9095 -0.4157
vn -0.0025 -0.9575 -0.2885
vn -0.0025 -0.9575 -0.2885
vn -0.1230 -0.6898 -0.7135
vn -0.0802 -0.4748 -0.8765
vn -0.0802 -0.4748 -0.8765
vn -0.0004 -0.8846 -0.4664
vn -0.0006 -0.9095 -0.4157
vn -0.0802 -0.4748 -0.8765
vn 0.0002 -0.8252 -0.5648
vn -0.0004 -0.8846 -0.4664
vn -0.0802 -0.4748 -0.8765
vn 0.0004 -0.7732 -0.6342
vn 0.0002 -0.8252 -0.5648
vn -0.0802 -0.4748 -0.8765
vn 0.0005 -0.7082 -0.7060
vn 0.0004 -0.7732 -0.6342
vn -0.0802 -0.4748 -0.8765
vn 0.0003 -0.5753 -0.8179
vn 0.0004 -0.6399 -0.7685
vn -0.0802 -0.4748 -0.8765
vn -0.0000 -0.5090 -0.8608
vn 0.0003 -0.5753 -0.8179
vn -0.0802 -0.4748 -0.8765
vn -0.0005 -0.4270 -0.9043
vn -0.0000 -0.5090 -0.8608
vn -0.0802 -0.4748 -0.8765
vn -0.0027 -0.3685 -0.9296
vn -0.0005 -0.4270 -0.9043
vn -0.1003 -0.2642 -0.9593
vn -0.0435 -0.0950 -0.9945
vn -0.0802 -0.4748 -0.8765
vn -0.0027 -0.3685 -0.9296
vn -0.0802 -0.4748 -0.8765
vn -0.0435 -0.0950 -0.9945
vn -0.0435 -0.0950 -0.9945
vn 0.0000 -0.2674 -0.9636
vn -0.0027 -0.3685 -0.9296
vn -0.0435 -0.0950 -0.9945
vn 0.0001 -0.2145 -0.9767
vn 0.0000 -0.2674 -0.9636
vn -0.0435 -0.0950 -0.9945
vn -0.0000 -0.0440 -0.9990
vn 0.0001 -0.2145 -0.9767
vn -0.0435 -0.0950 -0.9945
vn -0.0000 -0.0151 -0.9999
vn -0.0000 -0.0440 -0.9990
vn -0.3212 -0.4329 -0.8423
vn -0.1003 -0.2642 -0.9593
vn -0.1230 -0.6898 -0.7135
vn -0.0435 -0.0950 -0.9945
vn -0.1003 -0.2642 -0.9593
vn -0.0200 -0.0632 -0.9978
vn -0.0200 -0.0632 -0.9978
vn -0.0000 -0.0151 -0.9999
vn -0.0435 -0.0950 -0.9945
vn -0.2999 -0.5311 -0.7925
vn -0.1539 -0.9244 -0.3490
vn -0.1859 -0.8912 -0.4137
vn -0.1230 -0.6898 -0.7135
vn -0.1460 -0.9319 -0.3320
vn -0.2999 -0.5311 -0.7925
vn -0.2999 -0.5311 -0.7925
vn -0.1859 -0.8912 -0.4137
vn -0.2546 -0.7894 -0.5587
vn -0.2999 -0.5311 -0.7925
vn -0.2546 -0.7894 -0.5587
vn -0.3241 -0.6254 -0.7099
vn -0.2999 -0.5311 -0.7925
vn -0.3241 -0.6254 -0.7099
vn -0.3916 -0.2466 -0.8865
vn -0.3916 -0.2466 -0.8865
vn -0.3212 -0.4329 -0.8423
vn -0.2999 -0.5311 -0.7925
vn -0.3212 -0.4329 -0.8423
vn -0.3916 -0.2466 -0.8865
vn -0.4517 0.1095 -0.8854
vn -0.3212 -0.4329 -0.8423
vn -0.1230 -0.6898 -0.7135
vn -0.2999 -0.5311 -0.7925
vn -0.1859 -0.8912 -0.4137
vn -0.1539 -0.9244 -0.3490
vn -0.1416 -0.9395 -0.3120
vn -0.1416 -0.9395 -0.3120
vn -0.2113 -0.8602 -0.4640
vn -0.1859 -0.8912 -0.4137
vn -0.2113 -0.8602 -0.4640
vn -0.2546 -0.7894 -0.5587
vn -0.1859 -0.8912 -0.4137
vn -0.2546 -0.7894 -0.5587
vn -0.2113 -0.8602 -0.4640
vn -0.4565 -0.5970 -0.6597
vn -0.2546 -0.7894 -0.5587
vn -0.4565 -0.5970 -0.6597
vn -0.3147 -0.6674 -0.6749
vn -0.3147 -0.6674 -0.6749
vn -0.3241 -0.6254 -0.7099
vn -0.2546 -0.7894 -0.5587
vn -0.3241 -0.6254 -0.7099
vn -0.3147 -0.6674 -0.6749
vn -0.3525 -0.5378 -0.7659
vn -0.3525 -0.5378 -0.7659
vn -0.3916 -0.2466 -0.8865
vn -0.3241 -0.6254 -0.7099
vn -0.3916 -0.2466 -0.8865
vn -0.3525 -0.5378 -0.7659
vn -0.4517 0.1095 -0.8854
vn -0.0001 -1.0000 -0.0065
vn -0.0002 -1.0000 0.0030
vn -0.0653 -0.9979 -0.0007
vn -0.0013 -0.9326 -0.3609
vn -0.0031 -0.9535 -0.3012
vn -0.1230 -0.6898 -0.7135
vn -0.1230 -0.6898 -0.7135
vn -0.1202 -0.9496 -0.2896
vn -0.1334 -0.9447 -0.2995
vn -0.1235 -0.9546 -0.2709
vn -0.1260 -0.9519 -0.2794
vn -0.0646 -0.9650 -0.2542
vn -0.0646 -0.9650 -0.2542
vn -0.1260 -0.9519 -0.2794
vn -0.1202 -0.9496 -0.2896
vn -0.1172 -0.9615 -0.2485
vn -0.1237 -0.9577 -0.2600
vn -0.0646 -0.9650 -0.2542
vn -0.1237 -0.9577 -0.2600
vn -0.1211 -0.9572 -0.2629
vn -0.0646 -0.9650 -0.2542
vn -0.1235 -0.9546 -0.2709
vn -0.0646 -0.9650 -0.2542
vn -0.1211 -0.9572 -0.2629
vn -0.0646 -0.9650 -0.2542
vn -0.1142 -0.9644 -0.2386
vn -0.1172 -0.9615 -0.2485
vn -0.0646 -0.9650 -0.2542
vn -0.1104 -0.9676 -0.2272
vn -0.1142 -0.9644 -0.2386
vn -0.0646 -0.9650 -0.2542
vn -0.1047 -0.9705 -0.2172
vn -0.1104 -0.9676 -0.2272
vn -0.1047 -0.9705 -0.2172
vn -0.0646 -0.9650 -0.2542
vn -0.0144 -0.9814 -0.1912
vn -0.0144 -0.9814 -0.1912
vn -0.1050 -0.9731 -0.2049
vn -0.1047 -0.9705 -0.2172
vn -0.0144 -0.9814 -0.1912
vn -0.0996 -0.9780 -0.1836
vn -0.1020 -0.9758 -0.1933
vn -0.0144 -0.9814 -0.1912
vn -0.0999 -0.9771 -0.1878
vn -0.0996 -0.9780 -0.1836
vn -0.0287 -0.9884 -0.1494
vn -0.0490 -0.9535 -0.2973
vn -0.0999 -0.9771 -0.1878
vn -0.0999 -0.9771 -0.1878
vn -0.0144 -0.9814 -0.1912
vn -0.0287 -0.9884 -0.1494
vn -0.0653 -0.9979 -0.0007
vn 0.0300 -0.9993 -0.0208
vn -0.0571 -0.9975 -0.0406
vn -0.0001 -0.9999 -0.0131
vn -0.0001 -1.0000 -0.0065
vn -0.0653 -0.9979 -0.0007
vn -0.0653 -0.9979 -0.0007
vn -0.0002 -0.9998 -0.0198
vn -0.0001 -0.9999 -0.0131
vn -0.0653 -0.9979 -0.0007
vn -0.0003 -0.9996 -0.0278
vn -0.0002 -0.9998 -0.0198
vn -0.0653 -0.9979 -0.0007
vn -0.0007 -0.9994 -0.0353
vn -0.0003 -0.9996 -0.0278
vn -0.0007 -0.9994 -0.0353
vn -0.0653 -0.9979 -0.0007
vn -0.0571 -0.9975 -0.0406
vn -0.0571 -0.9975 -0.0406
vn -0.0003 -0.9992 -0.0408
vn -0.0007 -0.9994 -0.0353
vn -0.0028 -0.9982 -0.0596
vn -0.0002 -0.9987 -0.0508
vn -0.0571 -0.9975 -0.0406
vn -0.0002 -0.9987 -0.0508
vn -0.0003 -0.9992 -0.0408
vn -0.0571 -0.9975 -0.0406
vn -0.0363 -0.9923 -0.1187
vn -0.0001 -0.9919 -0.1270
vn -0.0003 -0.9942 -0.1079
vn -0.0363 -0.9923 -0.1187
vn -0.0003 -0.9942 -0.1079
vn -0.0004 -0.9949 -0.1012
vn -0.0004 -0.9949 -0.1012
vn -0.0533 -0.9945 -0.0901
vn -0.0363 -0.9923 -0.1187
vn -0.0533 -0.9945 -0.0901
vn -0.0004 -0.9949 -0.1012
vn -0.0001 -0.9955 -0.0946
vn -0.0533 -0.9945 -0.0901
vn -0.0001 -0.9955 -0.0946
vn -0.0045 -0.9964 -0.0843
vn -0.0045 -0.9964 -0.0843
vn -0.0685 -0.9930 -0.0959
vn -0.0533 -0.9945 -0.0901
vn -0.0685 -0.9930 -0.0959
vn -0.0045 -0.9964 -0.0843
vn -0.0039 -0.9969 -0.0784
vn -0.0685 -0.9930 -0.0959
vn -0.0039 -0.9969 -0.0784
vn -0.0022 -0.9974 -0.0715
vn -0.0685 -0.9930 -0.0959
vn -0.0022 -0.9974 -0.0715
vn -0.0028 -0.9982 -0.0596
vn -0.0028 -0.9982 -0.0596
vn -0.0571 -0.9975 -0.0406
vn -0.0685 -0.9930 -0.0959
vn -0.0287 -0.9884 -0.1494
vn -0.0004 -0.9894 -0.1455
vn -0.0363 -0.9923 -0.1187
vn -0.0004 -0.9894 -0.1455
vn -0.0002 -0.9930 -0.1184
vn -0.0363 -0.9923 -0.1187
vn -0.0013 -0.9854 -0.1703
vn -0.0287 -0.9884 -0.1494
vn -0.0144 -0.9814 -0.1912
vn -0.0287 -0.9884 -0.1494
vn -0.0013 -0.9854 -0.1703
vn -0.0004 -0.9860 -0.1668
vn -0.0287 -0.9884 -0.1494
vn -0.0004 -0.9860 -0.1668
vn -0.0002 -0.9874 -0.1582
vn -0.0287 -0.9884 -0.1494
vn -0.0002 -0.9874 -0.1582
vn -0.0002 -0.9903 -0.1389
vn -0.0001 -0.9798 -0.2000
vn -0.0003 -0.9833 -0.1821
vn -0.0144 -0.9814 -0.1912
vn -0.0144 -0.9814 -0.1912
vn -0.0028 -0.9775 -0.2109
vn -0.0001 -0.9798 -0.2000
vn -0.0028 -0.9775 -0.2109
vn -0.0144 -0.9814 -0.1912
vn -0.0646 -0.9650 -0.2542
vn -0.0646 -0.9650 -0.2542
vn -0.0002 -0.9673 -0.2535
vn 0.0031 -0.9590 -0.2835
vn -0.0646 -0.9650 -0.2542
vn 0.0031 -0.9590 -0.2835
vn -0.0003 -0.9711 -0.2387
vn -0.0646 -0.9650 -0.2542
vn -0.0003 -0.9711 -0.2387
vn -0.0001 -0.9723 -0.2339
vn -0.0646 -0.9650 -0.2542
vn -0.0001 -0.9723 -0.2339
vn -0.0003 -0.9753 -0.2211
vn -0.0003 -0.9753 -0.2211
vn -0.0005 -0.9770 -0.2134
vn -0.0646 -0.9650 -0.2542
vn -0.0646 -0.9650 -0.2542
vn -0.0005 -0.9770 -0.2134
vn -0.0028 -0.9775 -0.2109
vn -0.0555 -0.9558 -0.2888
vn -0.0001 -0.9593 -0.2825
vn -0.0001 -0.9611 -0.2763
vn -0.0031 -0.9535 -0.3012
vn -0.0555 -0.9558 -0.2888
vn -0.1230 -0.6898 -0.7135
vn -0.0555 -0.9558 -0.2888
vn -0.0031 -0.9535 -0.3012
vn -0.0003 -0.9555 -0.2951
vn -0.0685 -0.9930 -0.0959
vn -0.0363 -0.9923 -0.1187
vn -0.0533 -0.9945 -0.0901
vn -0.0144 -0.9814 -0.1912
vn -0.1020 -0.9758 -0.1933
vn -0.1050 -0.9731 -0.2049
vn -0.0144 -0.9814 -0.1912
vn -0.0001 -0.9819 -0.1892
vn -0.0013 -0.9854 -0.1703
vn -0.0012 -0.9657 -0.2597
vn -0.0646 -0.9650 -0.2542
vn -0.0555 -0.9558 -0.2888
vn -0.0646 -0.9650 -0.2542
vn -0.0012 -0.9657 -0.2597
vn -0.0002 -0.9673 -0.2535
vn -0.1202 -0.9496 -0.2896
vn -0.1230 -0.6898 -0.7135
vn -0.0646 -0.9650 -0.2542
vn -0.0646 -0.9650 -0.2542
vn -0.1230 -0.6898 -0.7135
vn -0.0555 -0.9558 -0.2888
vn -0.0555 -0.9558 -0.2888
vn -0.0002 -0.9626 -0.2708
vn -0.0012 -0.9657 -0.2597
vn -0.0555 -0.9558 -0.2888
vn -0.0001 -0.9611 -0.2763
vn -0.0002 -0.9626 -0.2708
vn -0.0002 -0.9582 -0.2862
vn -0.0001 -0.9593 -0.2825
vn -0.0555 -0.9558 -0.2888
vn -0.0555 -0.9558 -0.2888
vn -0.0003 -0.9555 -0.2951
vn -0.0002 -0.9582 -0.2862
vn -0.0008 -0.9551 0.2962
vn -0.0001 -0.9502 0.3116
vn -0.0719 -0.8275 0.5568
vn -0.0051 -0.9611 0.2760
vn 0.0000 -0.9663 0.2574
vn 0.0003 -0.9648 0.2629
vn -0.0051 -0.9611 0.2760
vn 0.0003 -0.9648 0.2629
vn 0.0008 -0.9658 0.2595
vn -0.0051 -0.9611 0.2760
vn 0.0325 -0.9559 0.2920
vn -0.0008 -0.9551 0.2962
vn -0.0719 -0.8275 0.5568
vn -0.0051 -0.9611 0.2760
vn -0.0008 -0.9551 0.2962
vn -0.0007 -0.9719 0.2353
vn -0.0003 -0.9693 0.2460
vn -0.0051 -0.9611 0.2760
vn -0.0051 -0.9611 0.2760
vn -0.0003 -0.9693 0.2460
vn 0.0000 -0.9663 0.2574
vn -0.0476 -0.9881 0.1463
vn -0.0006 -0.9856 0.1694
vn -0.0011 -0.9826 0.1855
vn -0.0011 -0.9826 0.1855
vn -0.0623 -0.9768 0.2049
vn -0.0476 -0.9881 0.1463
vn -0.0623 -0.9768 0.2049
vn -0.0000 -0.9823 0.1872
vn -0.0004 -0.9799 0.1996
vn -0.0623 -0.9768 0.2049
vn -0.0004 -0.9799 0.1996
vn -0.0020 -0.9780 0.2087
vn -0.0020 -0.9780 0.2087
vn -0.0436 -0.9723 0.2297
vn -0.0623 -0.9768 0.2049
vn -0.0436 -0.9723 0.2297
vn -0.0020 -0.9780 0.2087
vn -0.0001 -0.9769 0.2136
vn -0.0436 -0.9723 0.2297
vn -0.0001 -0.9769 0.2136
vn -0.0002 -0.9752 0.2211
vn -0.0436 -0.9723 0.2297
vn -0.0002 -0.9752 0.2211
vn -0.0003 -0.9731 0.2304
vn -0.0003 -0.9731 0.2304
vn -0.0007 -0.9719 0.2353
vn -0.0436 -0.9723 0.2297
vn -0.0051 -0.9611 0.2760
vn -0.0436 -0.9723 0.2297
vn -0.0007 -0.9719 0.2353
vn -0.0002 -0.9902 0.1398
vn -0.0003 -0.9878 0.1559
vn -0.0476 -0.9881 0.1463
vn -0.0003 -0.9878 0.1559
vn -0.0006 -0.9864 0.1646
vn -0.0476 -0.9881 0.1463
vn -0.0476 -0.9881 0.1463
vn -0.0006 -0.9864 0.1646
vn -0.0006 -0.9856 0.1694
vn -0.0630 -0.9928 0.1017
vn -0.0015 -0.9890 0.1482
vn -0.0476 -0.9881 0.1463
vn -0.0630 -0.9928 0.1017
vn -0.0005 -0.9917 0.1287
vn -0.0015 -0.9890 0.1482
vn -0.0630 -0.9928 0.1017
vn -0.0003 -0.9924 0.1232
vn -0.0005 -0.9917 0.1287
vn -0.0630 -0.9928 0.1017
vn -0.0001 -0.9933 0.1153
vn -0.0003 -0.9924 0.1232
vn -0.0630 -0.9928 0.1017
vn -0.0001 -0.9943 0.1068
vn -0.0001 -0.9933 0.1153
vn -0.0630 -0.9928 0.1017
vn -0.0001 -0.9949 0.1009
vn -0.0001 -0.9943 0.1068
vn -0.0001 -0.9957 0.0928
vn -0.0001 -0.9949 0.1009
vn -0.0630 -0.9928 0.1017
vn -0.0630 -0.9928 0.1017
vn -0.0001 -0.9965 0.0838
vn -0.0001 -0.9957 0.0928
vn -0.0630 -0.9928 0.1017
vn -0.0018 -0.9970 0.0775
vn -0.0001 -0.9965 0.0838
vn -0.0018 -0.9970 0.0775
vn -0.0630 -0.9928 0.1017
vn -0.0653 -0.9971 0.0401
vn -0.0006 -0.9975 0.0713
vn -0.0018 -0.9970 0.0775
vn -0.0653 -0.9971 0.0401
vn -0.0653 -0.9971 0.0401
vn -0.0005 -0.9981 0.0610
vn -0.0006 -0.9975 0.0713
vn -0.0653 -0.9971 0.0401
vn -0.0008 -0.9997 0.0254
vn -0.0005 -0.9981 0.0610
vn -0.0355 -0.9990 0.0258
vn -0.0000 -0.9995 0.0317
vn -0.0005 -0.9979 0.0644
vn -0.0355 -0.9990 0.0258
vn -0.0005 -0.9979 0.0644
vn -0.0653 -0.9971 0.0401
vn -0.0005 -1.0000 0.0099
vn -0.0001 -0.9998 0.0176
vn -0.0355 -0.9990 0.0258
vn -0.0001 -0.9998 0.0176
vn -0.0000 -0.9997 0.0264
vn -0.0355 -0.9990 0.0258
vn -0.0355 -0.9990 0.0258
vn -0.0000 -0.9997 0.0264
vn -0.0000 -0.9995 0.0317
vn -0.0653 -0.9979 -0.0007
vn -0.0002 -1.0000 0.0030
vn -0.0005 -1.0000 0.0099
vn -0.0623 -0.9768 0.2049
vn -0.1656 -0.9413 0.2942
vn -0.0476 -0.9881 0.1463
vn -0.1056 -0.9727 0.2065
vn -0.1014 -0.9766 0.1897
vn -0.0623 -0.9768 0.2049
vn -0.0623 -0.9768 0.2049
vn -0.0954 -0.9723 0.2135
vn -0.1056 -0.9727 0.2065
vn -0.1100 -0.9674 0.2279
vn -0.1094 -0.9694 0.2199
vn -0.0954 -0.9723 0.2135
vn -0.1100 -0.9674 0.2279
vn -0.0954 -0.9723 0.2135
vn -0.0758 -0.9618 0.2629
vn -0.0758 -0.9618 0.2629
vn -0.1141 -0.9646 0.2377
vn -0.1100 -0.9674 0.2279
vn -0.1210 -0.9587 0.2576
vn -0.0758 -0.9618 0.2629
vn -0.1244 -0.9552 0.2684
vn -0.0758 -0.9618 0.2629
vn -0.1274 -0.9521 0.2780
vn -0.1244 -0.9552 0.2684
vn -0.0719 -0.8275 0.5568
vn -0.1378 -0.9402 0.3116
vn -0.1324 -0.9455 0.2975
vn -0.0719 -0.8275 0.5568
vn -0.1324 -0.9455 0.2975
vn -0.1258 -0.9492 0.2886
vn -0.1258 -0.9492 0.2886
vn -0.0758 -0.9618 0.2629
vn -0.0719 -0.8275 0.5568
vn -0.0758 -0.9618 0.2629
vn -0.1258 -0.9492 0.2886
vn -0.1274 -0.9521 0.2780
vn -0.0758 -0.9618 0.2629
vn -0.1176 -0.9616 0.2478
vn -0.1141 -0.9646 0.2377
vn -0.0758 -0.9618 0.2629
vn -0.1210 -0.9587 0.2576
vn -0.1176 -0.9616 0.2478
vn -0.0758 -0.9618 0.2629
vn -0.0051 -0.9611 0.2760
vn -0.0719 -0.8275 0.5568
vn -0.0436 -0.9723 0.2297
vn -0.0954 -0.9723 0.2135
vn -0.0623 -0.9768 0.2049
vn -0.0051 -0.9611 0.2760
vn -0.0758 -0.9618 0.2629
vn -0.0436 -0.9723 0.2297
vn -0.0355 -0.9990 0.0258
vn -0.0653 -0.9979 -0.0007
vn -0.0005 -1.0000 0.0099
vn -0.0355 -0.9990 0.0258
vn -0.0653 -0.9971 0.0401
vn -0.0653 -0.9979 -0.0007
vn -0.0653 -0.9971 0.0401
vn -0.0630 -0.9928 0.1017
vn 0.0899 -0.9852 0.1460
vn -0.0436 -0.9723 0.2297
vn -0.0758 -0.9618 0.2629
vn -0.0954 -0.9723 0.2135
vn -0.1078 -0.9764 -0.1872
vn -0.0778 -0.9945 -0.0700
vn -0.5412 -0.8155 -0.2051
vn -0.5412 -0.8155 -0.2051
vn -0.1741 -0.9607 -0.2163
vn -0.1078 -0.9764 -0.1872
vn -0.1075 -0.9717 -0.2103
vn -0.1078 -0.9764 -0.1872
vn -0.1741 -0.9607 -0.2163
vn -0.1741 -0.9607 -0.2163
vn -0.1297 -0.9623 -0.2392
vn -0.1119 -0.9689 -0.2207
vn -0.1119 -0.9689 -0.2207
vn -0.1046 -0.9744 -0.1991
vn -0.1741 -0.9607 -0.2163
vn -0.1129 -0.9661 -0.2320
vn -0.1102 -0.9687 -0.2225
vn -0.1297 -0.9623 -0.2392
vn -0.1297 -0.9623 -0.2392
vn -0.1102 -0.9687 -0.2225
vn -0.1119 -0.9689 -0.2207
vn -0.1606 -0.9135 -0.3738
vn -0.1240 -0.9603 -0.2497
vn -0.5235 -0.7579 -0.3893
vn -0.1297 -0.9623 -0.2392
vn -0.5235 -0.7579 -0.3893
vn -0.1240 -0.9603 -0.2497
vn -0.1240 -0.9603 -0.2497
vn -0.1164 -0.9629 -0.2436
vn -0.1297 -0.9623 -0.2392
vn -0.1312 -0.9516 -0.2778
vn -0.0923 -0.9834 -0.1561
vn -0.5235 -0.7579 -0.3893
vn -0.5235 -0.7579 -0.3893
vn -0.6952 -0.4385 -0.5696
vn -0.3120 -0.8388 -0.4462
vn -0.3120 -0.8388 -0.4462
vn -0.1312 -0.9516 -0.2778
vn -0.5235 -0.7579 -0.3893
vn -0.1948 -0.9212 -0.3367
vn -0.3120 -0.8388 -0.4462
vn -0.6952 -0.4385 -0.5696
vn -0.6952 -0.4385 -0.5696
vn -0.2290 -0.8919 -0.3900
vn -0.1948 -0.9212 -0.3367
vn -0.1338 -0.9463 -0.2945
vn -0.1948 -0.9212 -0.3367
vn -0.2290 -0.8919 -0.3900
vn -0.2290 -0.8919 -0.3900
vn -0.4565 -0.5970 -0.6597
vn -0.1416 -0.9395 -0.3120
vn -0.1416 -0.9395 -0.3120
vn -0.4565 -0.5970 -0.6597
vn -0.2113 -0.8602 -0.4640
vn -0.1741 -0.9607 -0.2163
vn -0.5235 -0.7579 -0.3893
vn -0.1297 -0.9623 -0.2392
vn -0.4565 -0.5970 -0.6597
vn -0.2290 -0.8919 -0.3900
vn -0.6952 -0.4385 -0.5696
vn -0.3147 -0.6674 -0.6749
vn -0.4517 0.1095 -0.8854
vn -0.3525 -0.5378 -0.7659
vn -0.4517 0.1095 -0.8854
vn -0.3147 -0.6674 -0.6749
vn -0.4565 -0.5970 -0.6597
vn -0.4565 -0.5970 -0.6597
vn -0.6952 -0.4385 -0.5696
vn -0.4517 0.1095 -0.8854
vn -0.1741 -0.9607 -0.2163
vn -0.5412 -0.8155 -0.2051
vn -0.5235 -0.7579 -0.3893
vn -0.6952 -0.4385 -0.5696
vn -0.5235 -0.7579 -0.3893
vn -0.5412 -0.8155 -0.2051
vn -0.9818 -0.0662 -0.1780
vn -0.8911 -0.4532 -0.0244
vn -0.6952 -0.4385 -0.5696
vn -0.4172 0.4289 -0.8012
vn -0.4172 0.4289 -0.8012
vn -0.4517 0.1095 -0.8854
vn -0.5964 -0.7909 -0.1375
vn -0.1944 -0.9656 0.1729
vn -0.5412 -0.8155 -0.2051
vn -0.0926 -0.9745 -0.2042
vn -0.0926 -0.9745 -0.2042
vn -0.2179 -0.8650 -0.4519
vn -0.2179 -0.8650 -0.4519
vn -0.2649 -0.7429 -0.6147
vn -0.0525 -0.9921 -0.1140
vn -0.0301 -0.9950 -0.0948
vn -0.0301 -0.9950 -0.0948
vn -0.0301 -0.9950 -0.0948
vn -0.0781 -0.9735 -0.2150
vn 0.2992 -0.9542 -0.0023
vn -0.2179 -0.8650 -0.4519
vn -0.0543 -0.9875 -0.1479
vn -0.2649 -0.7429 -0.6147
vn -0.1656 -0.5623 -0.8102
vn 0.2992 -0.9542 -0.0023
vn -0.1901 -0.9817 0.0071
vn -0.1901 -0.9817 0.0071
vn -0.0000 -1.0000 0.0000
vn 0.1583 -0.9026 0.4003
vn 0.2992 -0.9542 -0.0023
vn 0.1583 -0.9026 0.4003
vn -0.0634 -0.9980 -0.0008
vn -0.0634 -0.9980 -0.0008
vn -0.0314 -0.9973 0.0663
vn -0.0314 -0.9973 0.0663
vn -0.1891 -0.8430 0.5035
vn -0.1891 -0.8430 0.5035
vn -0.0141 -0.9992 0.0387
vn -0.0141 -0.9992 0.0387
vn -0.7842 -0.2980 0.5442
vn -0.3969 -0.6067 0.6887
vn -0.8910 -0.3847 0.2412
vn -0.8910 -0.3847 0.2412
vn -0.4737 -0.8804 -0.0207
vn -0.7842 -0.2980 0.5442
vn -0.3163 -0.6475 0.6933
vn -0.3526 -0.5370 0.7664
vn -0.3226 -0.7298 0.6028
vn -0.1405 -0.9405 0.3094
vn -0.1921 -0.8861 0.4219
vn -0.3226 -0.7298 0.6028
vn -0.3226 -0.7298 0.6028
vn -0.7842 -0.2980 0.5442
vn -0.1484 -0.9386 0.3116
vn -0.1484 -0.9386 0.3116
vn -0.1405 -0.9405 0.3094
vn -0.3226 -0.7298 0.6028
vn -0.1392 -0.9456 0.2941
vn -0.1484 -0.9386 0.3116
vn -0.7842 -0.2980 0.5442
vn -0.1340 -0.9501 0.2817
vn -0.1392 -0.9456 0.2941
vn -0.7842 -0.2980 0.5442
vn -0.1395 -0.9487 0.2838
vn -0.1340 -0.9501 0.2817
vn -0.7842 -0.2980 0.5442
vn -0.1289 -0.9549 0.2676
vn -0.1395 -0.9487 0.2838
vn -0.7842 -0.2980 0.5442
vn -0.7842 -0.2980 0.5442
vn -0.1272 -0.9572 0.2599
vn -0.1289 -0.9549 0.2676
vn -0.1248 -0.9601 0.2503
vn -0.1272 -0.9572 0.2599
vn -0.7842 -0.2980 0.5442
vn -0.7842 -0.2980 0.5442
vn -0.1378 -0.9596 0.2454
vn -0.1248 -0.9601 0.2503
vn -0.1052 -0.9740 0.2008
vn -0.1149 -0.9670 0.2275
vn -0.3774 -0.8896 0.2572
vn -0.1378 -0.9596 0.2454
vn -0.3774 -0.8896 0.2572
vn -0.1149 -0.9670 0.2275
vn -0.1149 -0.9670 0.2275
vn -0.1114 -0.9676 0.2266
vn -0.1378 -0.9596 0.2454
vn -0.1038 -0.9755 0.1937
vn -0.1090 -0.9700 0.2175
vn -0.3774 -0.8896 0.2572
vn -0.1219 -0.9720 0.2009
vn -0.1038 -0.9755 0.1937
vn -0.3774 -0.8896 0.2572
vn -0.4737 -0.8804 -0.0207
vn -0.1219 -0.9720 0.2009
vn -0.3774 -0.8896 0.2572
vn -0.8110 0.5795 0.0806
vn -0.8110 0.5795 0.0806
vn -0.8110 0.5795 0.0806
vn -0.3526 -0.5370 0.7664
vn -0.4339 -0.1535 0.8878
vn -0.3226 -0.7298 0.6028
vn -0.7842 -0.2980 0.5442
vn -0.3774 -0.8896 0.2572
vn -0.1378 -0.9596 0.2454
vn -0.4339 -0.1535 0.8878
vn -0.3969 -0.6067 0.6887
vn -0.7842 -0.2980 0.5442
vn -0.4339 -0.1535 0.8878
vn -0.7842 -0.2980 0.5442
vn -0.3226 -0.7298 0.6028
vn -0.1921 -0.8861 0.4219
vn -0.1405 -0.9405 0.3094
vn -0.1468 -0.9343 0.3249
vn -0.1921 -0.8861 0.4219
vn -0.1468 -0.9343 0.3249
vn -0.2542 -0.7533 0.6066
vn -0.1921 -0.8861 0.4219
vn -0.2542 -0.7533 0.6066
vn -0.2621 -0.7729 0.5779
vn -0.2621 -0.7729 0.5779
vn -0.3226 -0.7298 0.6028
vn -0.1921 -0.8861 0.4219
vn -0.2621 -0.7729 0.5779
vn -0.3163 -0.6475 0.6933
vn -0.3226 -0.7298 0.6028
vn -0.3163 -0.6475 0.6933
vn -0.2621 -0.7729 0.5779
vn -0.3194 -0.6308 0.7072
vn -0.3526 -0.5370 0.7664
vn -0.3163 -0.6475 0.6933
vn -0.3194 -0.6308 0.7072
vn -0.3526 -0.5370 0.7664
vn -0.3194 -0.6308 0.7072
vn -0.3800 -0.2585 0.8881
vn -0.3800 -0.2585 0.8881
vn -0.4339 -0.1535 0.8878
vn -0.3526 -0.5370 0.7664
vn -0.3642 -0.3144 0.8767
vn -0.3969 -0.6067 0.6887
vn -0.4339 -0.1535 0.8878
vn -0.2015 -0.8326 0.5160
vn -0.1378 -0.9402 0.3116
vn -0.0719 -0.8275 0.5568
vn -0.2015 -0.8326 0.5160
vn -0.0719 -0.8275 0.5568
vn -0.2603 -0.2841 0.9228
vn -0.2542 -0.7533 0.6066
vn -0.3194 -0.6308 0.7072
vn -0.2621 -0.7729 0.5779
vn -0.2542 -0.7533 0.6066
vn -0.2015 -0.8326 0.5160
vn -0.2603 -0.2841 0.9228
vn -0.2603 -0.2841 0.9228
vn -0.3800 -0.2585 0.8881
vn -0.2542 -0.7533 0.6066
vn -0.3194 -0.6308 0.7072
vn -0.2542 -0.7533 0.6066
vn -0.3800 -0.2585 0.8881
vn -0.2603 -0.2841 0.9228
vn -0.3642 -0.3144 0.8767
vn -0.3800 -0.2585 0.8881
vn -0.4339 -0.1535 0.8878
vn -0.3800 -0.2585 0.8881
vn -0.3642 -0.3144 0.8767
vn -0.0693 -0.4405 0.8951
vn -0.0021 -0.0352 0.9994
vn -0.0197 0.0013 0.9998
vn -0.0197 0.0013 0.9998
vn -0.0293 -0.0371 0.9989
vn -0.0693 -0.4405 0.8951
vn -0.2603 -0.2841 0.9228
vn 0.0366 -0.1208 0.9920
vn -0.1322 -0.2289 0.9644
vn -0.1322 -0.2289 0.9644
vn -0.1458 -0.1990 0.9691
vn -0.2603 -0.2841 0.9228
vn -0.3642 -0.3144 0.8767
vn -0.2603 -0.2841 0.9228
vn -0.1458 -0.1990 0.9691
vn -0.0693 -0.4405 0.8951
vn -0.0001 -0.2369 0.9715
vn -0.0013 -0.1193 0.9929
vn -0.0693 -0.4405 0.8951
vn 0.0008 -0.3887 0.9213
vn 0.0003 -0.2898 0.9571
vn -0.0693 -0.4405 0.8951
vn 0.0013 -0.5312 0.8473
vn 0.0012 -0.4527 0.8917
vn 0.0010 -0.7257 0.6880
vn 0.0013 -0.6574 0.7536
vn -0.0693 -0.4405 0.8951
vn -0.0693 -0.4405 0.8951
vn 0.0013 -0.6574 0.7536
vn 0.0014 -0.5973 0.8020
vn -0.0693 -0.4405 0.8951
vn 0.0002 -0.7986 0.6018
vn 0.0010 -0.7257 0.6880
vn -0.8145 -0.4747 0.3336
vn -0.8145 -0.4747 0.3336
vn -0.8145 -0.4747 0.3336
vn -0.0693 -0.4405 0.8951
vn 0.0014 -0.5973 0.8020
vn 0.0013 -0.5312 0.8473
vn 0.0002 -0.7986 0.6018
vn -0.0693 -0.4405 0.8951
vn -0.0054 -0.9090 0.4169
vn -0.0719 -0.8275 0.5568
vn -0.0693 -0.4405 0.8951
vn 0.0366 -0.1208 0.9920
vn -0.0054 -0.9090 0.4169
vn -0.0000 -0.8940 0.4480
vn -0.0004 -0.8373 0.5467
vn -0.0693 -0.4405 0.8951
vn -0.0013 -0.1193 0.9929
vn -0.0021 -0.0352 0.9994
vn -0.0693 -0.4405 0.8951
vn -0.0293 -0.0371 0.9989
vn 0.0366 -0.1208 0.9920
vn -0.0693 -0.4405 0.8951
vn 0.0003 -0.2898 0.9571
vn -0.0001 -0.2369 0.9715
vn -0.0719 -0.8275 0.5568
vn 0.0366 -0.1208 0.9920
vn -0.2603 -0.2841 0.9228
vn -0.0693 -0.4405 0.8951
vn 0.0012 -0.4527 0.8917
vn 0.0008 -0.3887 0.9213
vn -0.0054 -0.9090 0.4169
vn 0.0005 -0.9482 0.3175
vn -0.0000 -0.9459 0.3244
vn -0.0000 -0.9459 0.3244
vn -0.0000 -0.9089 0.4169
vn -0.0054 -0.9090 0.4169
vn -0.0000 -0.8940 0.4480
vn -0.0054 -0.9090 0.4169
vn -0.0000 -0.9089 0.4169
vn -0.0000 -0.9089 0.4169
vn 0.0011 -0.8815 0.4723
vn -0.0000 -0.8940 0.4480
vn -0.0004 -0.8373 0.5467
vn -0.0000 -0.8940 0.4480
vn 0.0011 -0.8815 0.4723
vn 0.0011 -0.8815 0.4723
vn 0.0002 -0.8258 0.5640
vn -0.0004 -0.8373 0.5467
vn 0.0002 -0.7986 0.6018
vn -0.0004 -0.8373 0.5467
vn 0.0002 -0.8258 0.5640
vn 0.0002 -0.8258 0.5640
vn -0.0000 -0.7749 0.6321
vn 0.0002 -0.7986 0.6018
vn 0.0010 -0.7257 0.6880
vn 0.0002 -0.7986 0.6018
vn -0.0000 -0.7749 0.6321
vn -0.0000 -0.7749 0.6321
vn -0.0003 -0.7045 0.7097
vn 0.0010 -0.7257 0.6880
vn 0.0013 -0.6574 0.7536
vn 0.0010 -0.7257 0.6880
vn -0.0003 -0.7045 0.7097
vn -0.0003 -0.7045 0.7097
vn -0.0004 -0.6396 0.7687
vn 0.0013 -0.6574 0.7536
vn 0.0014 -0.5973 0.8020
vn 0.0013 -0.6574 0.7536
vn -0.0004 -0.6396 0.7687
vn -0.0004 -0.6396 0.7687
vn -0.0003 -0.5765 0.8171
vn 0.0014 -0.5973 0.8020
vn 0.0013 -0.5312 0.8473
vn 0.0014 -0.5973 0.8020
vn -0.0003 -0.5765 0.8171
vn 0.0000 -0.0998 0.9950
vn 0.0024 -0.0099 0.9999
vn -0.0021 -0.0352 0.9994
vn -0.0021 -0.0352 0.9994
vn -0.0013 -0.1193 0.9929
vn 0.0000 -0.0998 0.9950
vn -0.0041 -0.2509 0.9680
vn 0.0000 -0.0998 0.9950
vn -0.0013 -0.1193 0.9929
vn -0.0013 -0.1193 0.9929
vn -0.0001 -0.2369 0.9715
vn -0.0041 -0.2509 0.9680
vn 0.0000 -0.2643 0.9644
vn -0.0041 -0.2509 0.9680
vn -0.0001 -0.2369 0.9715
vn -0.0001 -0.2369 0.9715
vn 0.0003 -0.2898 0.9571
vn 0.0000 -0.2643 0.9644
vn 0.0017 -0.3658 0.9307
vn 0.0000 -0.2643 0.9644
vn 0.0003 -0.2898 0.9571
vn 0.0003 -0.2898 0.9571
vn 0.0008 -0.3887 0.9213
vn 0.0017 -0.3658 0.9307
vn 0.0002 -0.4284 0.9036
vn 0.0017 -0.3658 0.9307
vn 0.0008 -0.3887 0.9213
vn 0.0008 -0.3887 0.9213
vn 0.0012 -0.4527 0.8917
vn 0.0002 -0.4284 0.9036
vn -0.0001 -0.5095 0.8605
vn 0.0002 -0.4284 0.9036
vn 0.0012 -0.4527 0.8917
vn 0.0012 -0.4527 0.8917
vn 0.0013 -0.5312 0.8473
vn -0.0001 -0.5095 0.8605
vn -0.0003 -0.5765 0.8171
vn -0.0001 -0.5095 0.8605
vn 0.0013 -0.5312 0.8473
vn -0.0142 -0.6761 0.7367
vn -0.0000 -0.7749 0.6321
vn 0.0002 -0.8258 0.5640
vn -0.0142 -0.6761 0.7367
vn 0.0002 -0.8258 0.5640
vn 0.0011 -0.8815 0.4723
vn 0.0011 -0.8815 0.4723
vn 0.0533 -0.9965 0.0647
vn -0.0142 -0.6761 0.7367
vn 0.0533 -0.9965 0.0647
vn 0.0011 -0.8815 0.4723
vn -0.0000 -0.9089 0.4169
vn 0.0533 -0.9965 0.0647
vn -0.0000 -0.9089 0.4169
vn -0.0000 -0.9459 0.3244
vn -0.0142 -0.6761 0.7367
vn -0.0003 -0.5765 0.8171
vn -0.0004 -0.6396 0.7687
vn -0.0142 -0.6761 0.7367
vn -0.0004 -0.6396 0.7687
vn -0.0003 -0.7045 0.7097
vn -0.0142 -0.6761 0.7367
vn -0.0003 -0.7045 0.7097
vn -0.0000 -0.7749 0.6321
vn 0.0024 -0.0099 0.9999
vn -0.0041 -0.2509 0.9680
vn 0.0365 -0.4470 0.8938
vn -0.0041 -0.2509 0.9680
vn 0.0024 -0.0099 0.9999
vn 0.0000 -0.0998 0.9950
vn 0.9666 -0.0838 0.2421
vn 0.9666 -0.0838 0.2421
vn 0.9666 -0.0838 0.2421
vn 0.0017 -0.3658 0.9307
vn -0.0142 -0.6761 0.7367
vn -0.0041 -0.2509 0.9680
vn -0.0142 -0.6761 0.7367
vn 0.0017 -0.3658 0.9307
vn 0.0002 -0.4284 0.9036
vn -0.0142 -0.6761 0.7367
vn 0.0002 -0.4284 0.9036
vn -0.0001 -0.5095 0.8605
vn -0.0142 -0.6761 0.7367
vn -0.0001 -0.5095 0.8605
vn -0.0003 -0.5765 0.8171
vn 0.0533 -0.9965 0.0647
vn 0.0365 -0.4470 0.8938
vn -0.0142 -0.6761 0.7367
vn 0.0365 -0.4470 0.8938
vn -0.0041 -0.2509 0.9680
vn -0.0142 -0.6761 0.7367
vn 0.1224 -0.1796 0.9761
vn 0.1225 0.3378 0.9332
vn 0.0365 -0.4470 0.8938
vn 0.0365 -0.4470 0.8938
vn 0.0041 0.0468 0.9989
vn 0.0024 -0.0099 0.9999
vn 0.1779 0.0026 0.9840
vn 0.1225 0.3378 0.9332
vn 0.1224 -0.1796 0.9761
vn 0.0365 -0.4470 0.8938
vn 0.0275 -0.9448 0.3264
vn 0.1224 -0.1796 0.9761
vn 0.0275 -0.9448 0.3264
vn 0.0831 -0.9149 0.3951
vn 0.1224 -0.1796 0.9761
vn 0.0182 -0.9786 0.2049
vn 0.0004 -0.9818 0.1901
vn 0.0223 -0.9840 0.1769
vn 0.0004 -0.9818 0.1901
vn 0.0001 -0.9850 0.1723
vn 0.0223 -0.9840 0.1769
vn 0.0223 -0.9840 0.1769
vn 0.0001 -0.9850 0.1723
vn 0.0000 -0.9862 0.1658
vn 0.0223 -0.9840 0.1769
vn 0.0000 -0.9862 0.1658
vn 0.0000 -0.9876 0.1571
vn 0.0002 -0.9919 0.1273
vn 0.0001 -0.9926 0.1217
vn 0.0144 -0.9911 0.1326
vn 0.0144 -0.9911 0.1326
vn 0.0016 -0.9909 0.1346
vn 0.0002 -0.9919 0.1273
vn 0.0016 -0.9909 0.1346
vn 0.0144 -0.9911 0.1326
vn 0.0223 -0.9840 0.1769
vn 0.0223 -0.9840 0.1769
vn -0.0000 -0.9897 0.1432
vn 0.0016 -0.9909 0.1346
vn 0.0223 -0.9840 0.1769
vn 0.0001 -0.9886 0.1508
vn -0.0000 -0.9897 0.1432
vn 0.0000 -0.9876 0.1571
vn 0.0001 -0.9886 0.1508
vn 0.0223 -0.9840 0.1769
vn 0.0144 -0.9911 0.1326
vn 0.0001 -0.9926 0.1217
vn 0.0001 -0.9931 0.1172
vn 0.0144 -0.9911 0.1326
vn 0.0001 -0.9931 0.1172
vn 0.0001 -0.9935 0.1136
vn 0.0001 -0.9935 0.1136
vn 0.0002 -0.9946 0.1037
vn 0.0144 -0.9911 0.1326
vn 0.0002 -0.9946 0.1037
vn 0.0001 -0.9935 0.1136
vn -0.0000 -0.9944 0.1058
vn 0.0000 -0.9956 0.0936
vn 0.0005 -0.9962 0.0876
vn 0.0002 -0.9951 0.0985
vn 0.0003 -0.9966 0.0821
vn 0.0144 -0.9911 0.1326
vn 0.0005 -0.9962 0.0876
vn 0.0144 -0.9911 0.1326
vn 0.0003 -0.9966 0.0821
vn 0.0006 -0.9972 0.0744
vn 0.0000 -0.9981 0.0623
vn 0.0000 -0.9984 0.0574
vn 0.0042 -0.9967 0.0817
vn 0.0006 -0.9972 0.0744
vn 0.0042 -0.9967 0.0817
vn 0.0144 -0.9911 0.1326
vn 0.0026 -0.9987 0.0513
vn 0.0000 -0.9984 0.0574
vn -0.0003 -0.9989 0.0470
vn 0.0026 -0.9987 0.0513
vn 0.0042 -0.9967 0.0817
vn 0.0000 -0.9984 0.0574
vn 0.0026 -0.9987 0.0513
vn -0.0003 -0.9989 0.0470
vn 0.0004 -0.9993 0.0367
vn 0.0022 -0.9996 0.0293
vn 0.0004 -0.9993 0.0367
vn 0.0002 -0.9996 0.0281
vn -0.0000 -0.9998 0.0196
vn 0.0001 -0.9999 0.0162
vn 0.0016 -0.9998 0.0189
vn -0.0000 -0.9998 0.0196
vn 0.0016 -0.9998 0.0189
vn 0.0002 -0.9996 0.0281
vn 0.0152 -0.9765 0.2148
vn 0.0004 -0.9827 0.1853
vn 0.0182 -0.9786 0.2049
vn 0.0000 -0.9778 0.2095
vn 0.0004 -0.9827 0.1853
vn 0.0152 -0.9765 0.2148
vn 0.0045 -0.9677 0.2520
vn 0.0333 -0.9655 0.2582
vn 0.0275 -0.9448 0.3264
vn 0.0333 -0.9655 0.2582
vn 0.0045 -0.9677 0.2520
vn 0.0000 -0.9709 0.2397
vn 0.0152 -0.9765 0.2148
vn 0.0333 -0.9655 0.2582
vn 0.0002 -0.9727 0.2319
vn 0.0002 -0.9727 0.2319
vn 0.0000 -0.9760 0.2176
vn 0.0152 -0.9765 0.2148
vn 0.1518 -0.5710 0.8068
vn 0.1779 0.0026 0.9840
vn 0.1224 -0.1796 0.9761
vn 0.0831 -0.9149 0.3951
vn 0.1518 -0.5710 0.8068
vn 0.1224 -0.1796 0.9761
vn 0.1800 0.0186 0.9835
vn 0.1518 -0.5710 0.8068
vn 0.0601 -0.1104 0.9921
vn 0.1800 0.0186 0.9835
vn 0.0601 -0.1104 0.9921
vn 0.1655 0.0374 0.9855
vn 0.0601 -0.1104 0.9921
vn 0.1917 -0.6670 0.7200
vn 0.0729 -0.1093 0.9913
vn 0.4828 -0.8177 0.3135
vn 0.3151 -0.9425 0.1115
vn 0.4828 -0.8177 0.3135
vn 0.0314 0.1141 -0.9930
vn 0.1718 0.0829 -0.9816
vn 0.2350 -0.6297 -0.7404
vn 0.2572 -0.9599 -0.1113
vn 0.1179 -0.9918 0.0484
vn 0.0426 -0.9951 -0.0896
vn 0.1179 -0.9918 0.0484
vn 0.0983 -0.9786 0.1809
vn 0.0106 -0.9966 0.0823
vn 0.0801 -0.9493 -0.3041
vn 0.2572 -0.9599 -0.1113
vn 0.0426 -0.9951 -0.0896
vn 0.3151 -0.9425 0.1115
vn 0.1179 -0.9918 0.0484
vn 0.2572 -0.9599 -0.1113
vn 0.3151 -0.9425 0.1115
vn 0.0983 -0.9786 0.1809
vn 0.1179 -0.9918 0.0484
vn 0.0983 -0.9786 0.1809
vn 0.2369 -0.9320 0.2745
vn 0.0673 -0.9479 0.3115
vn 0.2572 -0.9599 -0.1113
vn 0.4793 -0.8776 -0.0116
vn 0.3151 -0.9425 0.1115
vn 0.4793 -0.8776 -0.0116
vn 0.2572 -0.9599 -0.1113
vn 0.5281 -0.8297 -0.1808
vn 0.2369 -0.9320 0.2745
vn 0.0983 -0.9786 0.1809
vn 0.3151 -0.9425 0.1115
vn 0.2492 -0.9191 -0.3052
vn 0.6976 -0.4018 -0.5932
vn 0.2572 -0.9599 -0.1113
vn 0.0673 -0.9479 0.3115
vn 0.2369 -0.9320 0.2745
vn 0.1917 -0.6670 0.7200
vn 0.0673 -0.9479 0.3115
vn 0.1917 -0.6670 0.7200
vn 0.0138 -0.9353 0.3536
vn 0.2350 -0.6297 -0.7404
vn 0.2572 -0.9599 -0.1113
vn 0.0801 -0.9493 -0.3041
vn 0.2572 -0.9599 -0.1113
vn 0.2350 -0.6297 -0.7404
vn 0.0813 -0.9610 -0.2641
vn 0.1913 -0.9371 -0.2919
vn 0.2572 -0.9599 -0.1113
vn 0.0813 -0.9610 -0.2641
vn 0.2369 -0.9320 0.2745
vn 0.1479 -0.9373 0.3155
vn 0.1917 -0.6670 0.7200
vn 0.2350 -0.6297 -0.7404
vn 0.0801 -0.9493 -0.3041
vn 0.0235 -0.8775 -0.4790
vn 0.0138 -0.9353 0.3536
vn 0.1917 -0.6670 0.7200
vn -0.0582 -0.9167 0.3953
vn 0.1917 -0.6670 0.7200
vn 0.0601 -0.1104 0.9921
vn -0.0582 -0.9167 0.3953
vn 0.5018 -0.8080 -0.3087
vn 0.5281 -0.8297 -0.1808
vn 0.2572 -0.9599 -0.1113
vn 0.5018 -0.8080 -0.3087
vn 0.2572 -0.9599 -0.1113
vn 0.6976 -0.4018 -0.5932
vn 0.3151 -0.9425 0.1115
vn 0.4510 -0.8406 0.3002
vn 0.2369 -0.9320 0.2745
vn 0.7589 -0.0569 0.6487
vn 0.5687 0.0744 0.8192
vn 0.6516 -0.2623 0.7117
vn 0.5281 -0.8297 -0.1808
vn 0.5018 -0.8080 -0.3087
vn 0.9000 -0.0889 -0.4268
vn 0.5281 -0.8297 -0.1808
vn 0.9000 -0.0889 -0.4268
vn 0.4793 -0.8776 -0.0116
vn 0.9992 0.0330 -0.0216
vn 0.3151 -0.9425 0.1115
vn 0.4793 -0.8776 -0.0116
vn 0.3151 -0.9425 0.1115
vn 0.4920 -0.8704 0.0195
vn 0.9403 -0.2858 0.1846
vn 0.0851 -0.1725 -0.9813
vn 0.0314 0.1141 -0.9930
vn 0.2350 -0.6297 -0.7404
vn 0.2350 -0.6297 -0.7404
vn 0.5530 -0.1432 -0.8208
vn 0.0813 -0.9610 -0.2641
vn 0.9000 -0.0889 -0.4268
vn 0.8021 0.1366 -0.5814
vn 0.6976 -0.4018 -0.5932
vn 0.4793 -0.8776 -0.0116
vn 0.9000 -0.0889 -0.4268
vn 0.9992 0.0330 -0.0216
vn 0.9216 0.0440 0.3856
vn 0.3151 -0.9425 0.1115
vn 0.9403 -0.2858 0.1846
vn 0.5555 0.8182 0.1484
vn 0.5555 0.8182 0.1484
vn 0.5555 0.8182 0.1484
vn 0.0171 -0.7957 -0.6055
vn 0.1561 -0.0718 -0.9851
vn 0.0314 0.1141 -0.9930
vn 0.0314 0.1141 -0.9930
vn 0.0671 -0.1906 -0.9794
vn 0.0171 -0.7957 -0.6055
vn 0.0339 -0.9333 0.3575
vn 0.0673 -0.9479 0.3115
vn 0.0138 -0.9353 0.3536
vn 0.0983 -0.9786 0.1809
vn 0.0673 -0.9479 0.3115
vn 0.0166 -0.9743 0.2247
vn 0.1179 -0.9918 0.0484
vn 0.0106 -0.9966 0.0823
vn 0.0080 -1.0000 0.0038
vn 0.0426 -0.9951 -0.0896
vn 0.1179 -0.9918 0.0484
vn 0.0080 -1.0000 0.0038
vn 0.0426 -0.9951 -0.0896
vn 0.0311 -0.9953 -0.0917
vn 0.0185 -0.9832 -0.1816
vn 0.0801 -0.9493 -0.3041
vn 0.0426 -0.9951 -0.0896
vn 0.0265 -0.9565 -0.2906
vn 0.0171 -0.7957 -0.6055
vn 0.0235 -0.8775 -0.4790
vn -0.0235 -0.9316 -0.3629
vn 0.0235 -0.8775 -0.4790
vn 0.0801 -0.9493 -0.3041
vn -0.0235 -0.9316 -0.3629
vn -0.9984 0.0307 -0.0468
vn -0.9984 0.0307 -0.0468
vn -0.9962 0.0857 0.0183
vn -0.8910 -0.3847 0.2412
vn -0.9748 0.2221 0.0196
vn -0.9813 0.1873 0.0439
vn -0.9962 0.0857 0.0183
vn -0.9748 0.2221 0.0196
vn -0.8910 -0.3847 0.2412
vn -0.8910 -0.3847 0.2412
vn -0.8911 -0.4532 -0.0244
vn -0.9962 0.0857 0.0183
vn -0.9962 0.0857 0.0183
vn -0.8911 -0.4532 -0.0244
vn -0.9976 -0.0665 -0.0181
vn 0.1639 -0.2610 -0.9513
vn -0.2061 -0.7476 -0.6313
vn 0.1639 -0.2610 -0.9513
vn -0.9748 0.2221 0.0196
vn -0.9836 -0.1735 -0.0484
vn -0.8444 0.0968 -0.5269
vn -0.4567 0.0252 -0.8893
vn -0.4567 0.0252 -0.8893
vn -0.4567 0.0252 -0.8893
vn -0.9992 -0.0370 0.0155
vn -0.9962 0.0857 0.0183
vn -0.9277 0.0260 0.3724
vn -0.9836 -0.1735 -0.0484
vn -0.9992 -0.0370 0.0155
vn -0.9954 0.0962 0.0045
vn -0.4794 -0.8579 0.1850
vn -0.4794 -0.8579 0.1850
vn -0.1944 -0.9656 0.1729
vn -0.9836 -0.1735 -0.0484
vn -0.9748 0.2221 0.0196
vn -0.9992 -0.0370 0.0155
vn -0.9748 0.2221 0.0196
vn -0.9962 0.0857 0.0183
vn -0.9992 -0.0370 0.0155
vn -0.1442 0.8139 -0.5629
vn -0.1442 0.8139 -0.5629
vn -0.1442 0.8139 -0.5629
vn -0.4166 -0.7241 -0.5497
vn -0.2061 -0.7476 -0.6313
vn -0.0255 -0.9578 0.2862
vn 0.1570 -0.9744 0.1612
vn -0.1944 -0.9656 0.1729
vn -0.0255 -0.9578 0.2862
vn -0.0255 -0.9578 0.2862
vn -0.2890 -0.9554 -0.0611
vn -0.2062 -0.8622 0.4627
vn -0.1944 -0.9656 0.1729
vn -0.2890 -0.9554 -0.0611
vn -0.0255 -0.9578 0.2862
vn -0.2468 0.4009 0.8822
vn -0.2468 0.4009 0.8822
vn -0.2468 0.4009 0.8822
vn 0.2468 -0.4009 -0.8822
vn 0.2468 -0.4009 -0.8822
vn 0.2468 -0.4009 -0.8822
vn -0.1460 -0.9319 -0.3320
vn -0.1230 -0.6898 -0.7135
vn -0.1334 -0.9447 -0.2995
vn -0.5312 -0.8472 -0.0056
vn -0.1656 -0.9413 0.2942
vn -0.4737 -0.8804 -0.0207
vn -0.1944 -0.9656 0.1729
vn -0.5964 -0.7909 -0.1375
vn -0.2890 -0.9554 -0.0611
vn -0.0490 -0.9535 -0.2973
vn -0.5412 -0.8155 -0.2051
vn -0.0999 -0.9771 -0.1878
vn -0.0287 -0.9884 -0.1494
vn -0.0363 -0.9923 -0.1187
vn -0.0490 -0.9535 -0.2973
vn -0.0363 -0.9923 -0.1187
vn -0.0685 -0.9930 -0.0959
vn -0.0490 -0.9535 -0.2973
vn -0.0685 -0.9930 -0.0959
vn 0.0300 -0.9993 -0.0208
vn -0.0490 -0.9535 -0.2973
vn -0.0685 -0.9930 -0.0959
vn -0.0571 -0.9975 -0.0406
vn 0.0300 -0.9993 -0.0208
vn 0.0300 -0.9993 -0.0208
vn -0.0653 -0.9979 -0.0007
vn -0.0653 -0.9971 0.0401
vn -0.0630 -0.9928 0.1017
vn -0.0476 -0.9881 0.1463
vn 0.0899 -0.9852 0.1460
vn -0.1656 -0.9413 0.2942
vn 0.0899 -0.9852 0.1460
vn -0.0476 -0.9881 0.1463
vn -0.5312 -0.8472 -0.0056
vn -0.4737 -0.8804 -0.0207
vn -0.2890 -0.9554 -0.0611
vn -0.1656 -0.9413 0.2942
vn -0.1219 -0.9720 0.2009
vn -0.4737 -0.8804 -0.0207
vn -0.1656 -0.9413 0.2942
vn -0.0623 -0.9768 0.2049
vn -0.1219 -0.9720 0.2009
vn -0.1219 -0.9720 0.2009
vn -0.0623 -0.9768 0.2049
vn -0.1014 -0.9766 0.1897
vn -0.1014 -0.9766 0.1897
vn -0.1038 -0.9755 0.1937
vn -0.1219 -0.9720 0.2009
vn -0.1014 -0.9766 0.1897
vn -0.1090 -0.9700 0.2175
vn -0.1038 -0.9755 0.1937
vn -0.1090 -0.9700 0.2175
vn -0.1014 -0.9766 0.1897
vn -0.1056 -0.9727 0.2065
vn -0.1056 -0.9727 0.2065
vn -0.3774 -0.8896 0.2572
vn -0.1090 -0.9700 0.2175
vn -0.1052 -0.9740 0.2008
vn -0.3774 -0.8896 0.2572
vn -0.1056 -0.9727 0.2065
vn -0.1052 -0.9740 0.2008
vn -0.1056 -0.9727 0.2065
vn -0.0954 -0.9723 0.2135
vn -0.1114 -0.9676 0.2266
vn -0.1149 -0.9670 0.2275
vn -0.1094 -0.9694 0.2199
vn -0.1094 -0.9694 0.2199
vn -0.1100 -0.9674 0.2279
vn -0.1114 -0.9676 0.2266
vn -0.0954 -0.9723 0.2135
vn -0.1094 -0.9694 0.2199
vn -0.1052 -0.9740 0.2008
vn -0.1149 -0.9670 0.2275
vn -0.1052 -0.9740 0.2008
vn -0.1094 -0.9694 0.2199
vn -0.1248 -0.9601 0.2503
vn -0.1378 -0.9596 0.2454
vn -0.1141 -0.9646 0.2377
vn -0.1100 -0.9674 0.2279
vn -0.1141 -0.9646 0.2377
vn -0.1378 -0.9596 0.2454
vn -0.1378 -0.9596 0.2454
vn -0.1114 -0.9676 0.2266
vn -0.1100 -0.9674 0.2279
vn -0.1141 -0.9646 0.2377
vn -0.1176 -0.9616 0.2478
vn -0.1248 -0.9601 0.2503
vn -0.1176 -0.9616 0.2478
vn -0.1210 -0.9587 0.2576
vn -0.1272 -0.9572 0.2599
vn -0.1272 -0.9572 0.2599
vn -0.1248 -0.9601 0.2503
vn -0.1176 -0.9616 0.2478
vn -0.1395 -0.9487 0.2838
vn -0.1289 -0.9549 0.2676
vn -0.1244 -0.9552 0.2684
vn -0.1210 -0.9587 0.2576
vn -0.1244 -0.9552 0.2684
vn -0.1289 -0.9549 0.2676
vn -0.1289 -0.9549 0.2676
vn -0.1272 -0.9572 0.2599
vn -0.1210 -0.9587 0.2576
vn -0.1392 -0.9456 0.2941
vn -0.1340 -0.9501 0.2817
vn -0.1274 -0.9521 0.2780
vn -0.1244 -0.9552 0.2684
vn -0.1274 -0.9521 0.2780
vn -0.1340 -0.9501 0.2817
vn -0.1244 -0.9552 0.2684
vn -0.1340 -0.9501 0.2817
vn -0.1395 -0.9487 0.2838
vn -0.1258 -0.9492 0.2886
vn -0.1324 -0.9455 0.2975
vn -0.1484 -0.9386 0.3116
vn -0.1484 -0.9386 0.3116
vn -0.1392 -0.9456 0.2941
vn -0.1258 -0.9492 0.2886
vn -0.1274 -0.9521 0.2780
vn -0.1258 -0.9492 0.2886
vn -0.1392 -0.9456 0.2941
vn -0.1324 -0.9455 0.2975
vn -0.1405 -0.9405 0.3094
vn -0.1484 -0.9386 0.3116
vn -0.2542 -0.7533 0.6066
vn -0.1468 -0.9343 0.3249
vn -0.2015 -0.8326 0.5160
vn -0.1324 -0.9455 0.2975
vn -0.1378 -0.9402 0.3116
vn -0.1405 -0.9405 0.3094
vn -0.1468 -0.9343 0.3249
vn -0.1405 -0.9405 0.3094
vn -0.1378 -0.9402 0.3116
vn -0.1468 -0.9343 0.3249
vn -0.1378 -0.9402 0.3116
vn -0.2015 -0.8326 0.5160
vn -0.5412 -0.8155 -0.2051
vn -0.0778 -0.9945 -0.0700
vn -0.0999 -0.9771 -0.1878
vn -0.0996 -0.9780 -0.1836
vn -0.0999 -0.9771 -0.1878
vn -0.0778 -0.9945 -0.0700
vn -0.1078 -0.9764 -0.1872
vn -0.1075 -0.9717 -0.2103
vn -0.1020 -0.9758 -0.1933
vn -0.1020 -0.9758 -0.1933
vn -0.0996 -0.9780 -0.1836
vn -0.1078 -0.9764 -0.1872
vn -0.0778 -0.9945 -0.0700
vn -0.1078 -0.9764 -0.1872
vn -0.0996 -0.9780 -0.1836
vn -0.1050 -0.9731 -0.2049
vn -0.1020 -0.9758 -0.1933
vn -0.1075 -0.9717 -0.2103
vn -0.1075 -0.9717 -0.2103
vn -0.1741 -0.9607 -0.2163
vn -0.1050 -0.9731 -0.2049
vn -0.1741 -0.9607 -0.2163
vn -0.1046 -0.9744 -0.1991
vn -0.1050 -0.9731 -0.2049
vn -0.1046 -0.9744 -0.1991
vn -0.1047 -0.9705 -0.2172
vn -0.1050 -0.9731 -0.2049
vn -0.1047 -0.9705 -0.2172
vn -0.1046 -0.9744 -0.1991
vn -0.1119 -0.9689 -0.2207
vn -0.1119 -0.9689 -0.2207
vn -0.1102 -0.9687 -0.2225
vn -0.1047 -0.9705 -0.2172
vn -0.1104 -0.9676 -0.2272
vn -0.1047 -0.9705 -0.2172
vn -0.1102 -0.9687 -0.2225
vn -0.1102 -0.9687 -0.2225
vn -0.1129 -0.9661 -0.2320
vn -0.1104 -0.9676 -0.2272
vn -0.1104 -0.9676 -0.2272
vn -0.1129 -0.9661 -0.2320
vn -0.1297 -0.9623 -0.2392
vn -0.1142 -0.9644 -0.2386
vn -0.1104 -0.9676 -0.2272
vn -0.1297 -0.9623 -0.2392
vn -0.1297 -0.9623 -0.2392
vn -0.1164 -0.9629 -0.2436
vn -0.1142 -0.9644 -0.2386
vn -0.1172 -0.9615 -0.2485
vn -0.1142 -0.9644 -0.2386
vn -0.1240 -0.9603 -0.2497
vn -0.1164 -0.9629 -0.2436
vn -0.1240 -0.9603 -0.2497
vn -0.1142 -0.9644 -0.2386
vn -0.1172 -0.9615 -0.2485
vn -0.1240 -0.9603 -0.2497
vn -0.1606 -0.9135 -0.3738
vn -0.1237 -0.9577 -0.2600
vn -0.1172 -0.9615 -0.2485
vn -0.1606 -0.9135 -0.3738
vn -0.3066 -0.3940 -0.8665
vn -0.1606 -0.9135 -0.3738
vn -0.5235 -0.7579 -0.3893
vn -0.0923 -0.9834 -0.1561
vn -0.1235 -0.9546 -0.2709
vn -0.1211 -0.9572 -0.2629
vn -0.1211 -0.9572 -0.2629
vn -0.1237 -0.9577 -0.2600
vn -0.0923 -0.9834 -0.1561
vn -0.5235 -0.7579 -0.3893
vn -0.0923 -0.9834 -0.1561
vn -0.1237 -0.9577 -0.2600
vn -0.1235 -0.9546 -0.2709
vn -0.0923 -0.9834 -0.1561
vn -0.1312 -0.9516 -0.2778
vn -0.1260 -0.9519 -0.2794
vn -0.1235 -0.9546 -0.2709
vn -0.1312 -0.9516 -0.2778
vn -0.1312 -0.9516 -0.2778
vn -0.3120 -0.8388 -0.4462
vn -0.1260 -0.9519 -0.2794
vn -0.1260 -0.9519 -0.2794
vn -0.3120 -0.8388 -0.4462
vn -0.1948 -0.9212 -0.3367
vn -0.1202 -0.9496 -0.2896
vn -0.1260 -0.9519 -0.2794
vn -0.1948 -0.9212 -0.3367
vn -0.1202 -0.9496 -0.2896
vn -0.1948 -0.9212 -0.3367
vn -0.1338 -0.9463 -0.2945
vn -0.1202 -0.9496 -0.2896
vn -0.1338 -0.9463 -0.2945
vn -0.2290 -0.8919 -0.3900
vn -0.2290 -0.8919 -0.3900
vn -0.1334 -0.9447 -0.2995
vn -0.1202 -0.9496 -0.2896
vn -0.1334 -0.9447 -0.2995
vn -0.2290 -0.8919 -0.3900
vn -0.1416 -0.9395 -0.3120
vn -0.2999 -0.5311 -0.7925
vn -0.1460 -0.9319 -0.3320
vn -0.1539 -0.9244 -0.3490
vn -0.1334 -0.9447 -0.2995
vn -0.1416 -0.9395 -0.3120
vn -0.1460 -0.9319 -0.3320
vn -0.1539 -0.9244 -0.3490
vn -0.1460 -0.9319 -0.3320
vn -0.1416 -0.9395 -0.3120
vn -0.9993 0.0288 -0.0244
vn -0.9993 0.0288 -0.0244
vn -0.9993 0.0288 -0.0244
vn -0.5412 -0.8155 -0.2051
vn -0.0490 -0.9535 -0.2973
vn -0.5964 -0.7909 -0.1375
vn 0.1963 0.3097 0.9303
vn 0.1963 0.3097 0.9303
vn 0.1963 0.3097 0.9303
vn -0.6975 -0.7123 0.0786
vn -0.5312 -0.8472 -0.0056
vn -0.5964 -0.7909 -0.1375
vn 0.0899 -0.9852 0.1460
vn 0.0300 -0.9993 -0.0208
vn -0.0653 -0.9971 0.0401
vn 0.8210 -0.5665 0.0713
vn 0.8210 -0.5665 0.0713
vn 0.5346 -0.8451 0.0083
vn -0.1656 -0.9413 0.2942
vn -0.5312 -0.8472 -0.0056
vn -0.6975 -0.7123 0.0786
vn -0.6975 -0.7123 0.0786
vn -0.9433 -0.1952 0.2686
vn -0.9433 -0.1952 0.2686
vn 0.1201 -0.5899 0.7985
vn -0.1546 -0.2444 0.9573
vn -0.3129 -0.8442 0.4351
vn 0.5367 -0.4094 0.7378
vn 0.1201 -0.5899 0.7985
vn 0.2903 -0.9313 0.2200
vn -0.3072 0.2788 -0.9099
vn -0.3072 0.2788 -0.9099
vn -0.3072 0.2788 -0.9099
vn 0.8854 -0.4215 0.1960
vn 0.2903 -0.9313 0.2200
vn 0.2700 -0.9628 0.0123
vn 0.5346 -0.8451 0.0083
vn 0.9866 -0.1619 0.0175
vn 0.9866 -0.1619 0.0175
vn -0.9926 -0.1010 0.0674
vn -0.6975 -0.7123 0.0786
vn -0.5964 -0.7909 -0.1375
vn 0.0077 -0.9977 0.0677
vn -0.2850 -0.9569 -0.0560
vn -0.5964 -0.7909 -0.1375
vn -0.3896 -0.8833 -0.2607
vn 0.0077 -0.9977 0.0677
vn -0.5964 -0.7909 -0.1375
vn -0.3753 0.1207 -0.9190
vn -0.3753 0.1207 -0.9190
vn -0.1097 -0.5797 -0.8074
vn -0.1097 -0.5797 -0.8074
vn 0.5008 -0.4569 -0.7352
vn 0.5185 -0.7948 -0.3154
vn 0.9221 -0.0149 -0.3868
vn 0.9221 -0.0149 -0.3868
vn 0.9221 -0.0149 -0.3868
vn 0.8680 -0.4468 -0.2167
vn 0.5346 -0.8451 0.0083
vn 0.5185 -0.7948 -0.3154
vn 0.0000 -1.0000 0.0000
vn 0.4417 -0.6644 -0.6029
vn -0.0931 -0.9513 0.2938
vn 0.0000 -1.0000 0.0000
vn 0.0000 -1.0000 0.0000
vn -0.0931 -0.9513 0.2938
vn 0.1034 -0.8503 -0.5160
vn -0.0081 -0.8915 -0.4530
vn -0.2727 -0.8379 0.4727
vn -0.2727 -0.8379 0.4727
vn -0.0931 -0.9513 0.2938
vn 0.1034 -0.8503 -0.5160
vn -0.0931 -0.9513 0.2938
vn 0.2834 -0.7132 -0.6411
vn 0.1034 -0.8503 -0.5160
vn -0.0931 -0.9513 0.2938
vn 0.4417 -0.6644 -0.6029
vn 0.2834 -0.7132 -0.6411
vn 0.0057 -0.9994 0.0351
vn 0.0057 -0.9994 0.0351
vn 0.0057 -0.9994 0.0351
vn 0.0130 -0.9994 0.0327
vn 0.0130 -0.9994 0.0327
vn -0.1541 -0.9509 -0.2686
vn -0.0007 -1.0000 0.0010
vn -0.0007 -1.0000 0.0010
vn 0.5185 -0.7948 -0.3154
vn -0.0005 -1.0000 0.0013
vn -0.1134 -0.9672 0.2273
vn 0.5185 -0.7948 -0.3154
vn 0.2903 -0.9313 0.2200
vn -0.1541 -0.9509 -0.2686
vn 0.0056 -0.9999 0.0083
vn 0.2903 -0.9313 0.2200
vn -0.0098 -0.9992 0.0386
vn -0.1541 -0.9509 -0.2686
vn 0.2903 -0.9313 0.2200
vn 0.0067 -1.0000 0.0064
vn 0.0067 -1.0000 0.0064
vn 0.2903 -0.9313 0.2200
vn 0.0078 -1.0000 0.0047
vn 0.0078 -1.0000 0.0047
vn 0.5185 -0.7948 -0.3154
vn -0.0012 -1.0000 0.0004
vn -0.0012 -1.0000 0.0004
vn 0.5185 -0.7948 -0.3154
vn -0.0010 -1.0000 0.0006
vn -0.0010 -1.0000 0.0006
vn -0.0299 -0.9980 0.0561
vn -0.0299 -0.9980 0.0561
vn -0.3129 -0.8442 0.4351
vn 0.2700 -0.9628 0.0123
vn 0.0000 -1.0000 0.0000
vn -0.0788 -0.9953 0.0554
vn 0.5185 -0.7948 -0.3154
vn -0.2707 -0.9626 0.0067
vn -0.0015 -1.0000 0.0002
vn 0.5185 -0.7948 -0.3154
vn 0.5346 -0.8451 0.0083
vn -0.2707 -0.9626 0.0067
vn 0.5346 -0.8451 0.0083
vn 0.0238 -0.9997 0.0025
vn -0.2707 -0.9626 0.0067
vn -0.0009 -1.0000 0.0008
vn -0.0009 -1.0000 0.0008
vn 0.5185 -0.7948 -0.3154
vn -0.3896 -0.8833 -0.2607
vn 0.0009 -1.0000 0.0016
vn 0.0009 -1.0000 0.0016
vn 0.0494 -0.9973 -0.0550
vn -0.0931 -0.9513 0.2938
vn -0.0583 -0.7689 0.6367
vn -0.0931 -0.9513 0.2938
vn 0.0494 -0.9973 -0.0550
vn 0.0000 -1.0000 0.0000
vn 0.0000 -1.0000 0.0000
vn 0.0000 -1.0000 0.0000
vn -0.0931 -0.9513 0.2938
vn -0.0180 -0.9977 0.0650
vn 0.0271 -0.9720 -0.2334
vn -0.3129 -0.8442 0.4351
vn 0.0271 -0.9720 -0.2334
vn -0.0020 -0.9993 0.0381
vn -0.0020 -0.9993 0.0381
vn 0.0271 -0.9720 -0.2334
vn -0.0331 -0.9981 0.0523
vn -0.3129 -0.8442 0.4351
vn -0.1134 -0.9672 0.2273
vn 0.0079 -0.9988 -0.0481
vn 0.0079 -0.9988 -0.0481
vn -0.1134 -0.9672 0.2273
vn -0.0306 -0.9981 -0.0527
vn 0.5185 -0.7948 -0.3154
vn -0.3896 -0.8833 -0.2607
vn 0.0706 -0.9668 0.2457
vn 0.0005 -1.0000 0.0019
vn -0.3896 -0.8833 -0.2607
vn 0.1569 -0.9794 -0.1270
vn 0.0077 -0.9977 0.0677
vn 0.0091 -1.0000 0.0031
vn 0.0091 -1.0000 0.0031
vn 0.2903 -0.9313 0.2200
vn 0.0107 -0.9999 0.0012
vn -0.3777 -0.9259 -0.0038
vn 0.2903 -0.9313 0.2200
vn -0.3777 -0.9259 -0.0038
vn 0.2700 -0.9628 0.0123
vn 0.2903 -0.9313 0.2200
vn 0.2700 -0.9628 0.0123
vn -0.3777 -0.9259 -0.0038
vn -0.0000 -1.0000 0.0000
vn 0.0000 -1.0000 -0.0000
vn 0.0000 -1.0000 -0.0000
vn 0.2700 -0.9628 0.0123
vn 0.2700 -0.9628 0.0123
vn -0.0220 -0.9955 -0.0924
vn -0.2682 -0.7895 -0.5521
vn -0.0220 -0.9955 -0.0924
vn 0.2700 -0.9628 0.0123
vn -0.0788 -0.9953 0.0554
vn -0.0081 -0.8915 -0.4530
vn -0.0220 -0.9955 -0.0924
vn -0.0788 -0.9953 0.0554
vn -0.0788 -0.9953 0.0554
vn 0.0000 -1.0000 0.0000
vn -0.0081 -0.8915 -0.4530
vn -0.0081 -0.8915 -0.4530
vn 0.0000 -1.0000 0.0000
vn -0.2727 -0.8379 0.4727
vn -0.2682 -0.7895 -0.5521
vn -0.3955 -0.7703 -0.5002
vn 0.2700 -0.9628 0.0123
vn 0.2700 -0.9628 0.0123
vn -0.3955 -0.7703 -0.5002
vn -0.0456 -0.9970 -0.0620
vn 0.5346 -0.8451 0.0083
vn 0.2700 -0.9628 0.0123
vn -0.0456 -0.9970 -0.0620
vn -0.0456 -0.9970 -0.0620
vn 0.0223 -0.9997 0.0134
vn 0.5346 -0.8451 0.0083
vn 0.5346 -0.8451 0.0083
vn 0.0229 -0.9997 0.0077
vn 0.0229 -0.9997 0.0077
vn -0.3896 -0.8833 -0.2607
vn 0.0405 -0.9984 -0.0397
vn 0.0706 -0.9668 0.2457
vn -0.0027 -0.9987 -0.0500
vn 0.0706 -0.9668 0.2457
vn -0.0027 -0.9987 -0.0500
vn -0.3129 -0.8442 0.4351
vn -0.0412 -0.9980 0.0486
vn -0.0412 -0.9980 0.0486
vn -0.3129 -0.8442 0.4351
vn -0.6975 -0.7123 0.0786
vn 0.0922 -0.9879 0.1245
vn 0.1132 -0.9930 -0.0349
vn -0.2850 -0.9569 -0.0560
vn 0.1802 -0.9826 0.0460
vn 0.1802 -0.9826 0.0460
vn 0.1535 -0.9812 0.1167
vn 0.1535 -0.9812 0.1167
vn 0.1431 -0.9875 0.0662
vn 0.1431 -0.9875 0.0662
vn 0.1431 -0.9875 0.0662
vn -0.0291 -0.4752 0.8794
vn -0.0291 -0.4752 0.8794
vn -0.0291 -0.4752 0.8794
vn 0.0494 -0.9973 -0.0550
vn -0.0583 -0.7689 0.6367
vn 0.0801 -0.7711 0.6316
vn 0.0494 -0.9973 -0.0550
vn 0.0801 -0.7711 0.6316
vn 0.0321 -0.9955 0.0897
vn 0.0321 -0.9955 0.0897
vn -0.2850 -0.9569 -0.0560
vn 0.0494 -0.9973 -0.0550
vn -0.2850 -0.9569 -0.0560
vn 0.0321 -0.9955 0.0897
vn 0.3308 -0.7822 0.5280
vn 0.3308 -0.7822 0.5280
vn 0.1802 -0.9826 0.0460
vn -0.2850 -0.9569 -0.0560
vn 0.9294 -0.2453 -0.2758
vn 0.9765 0.0000 -0.2154
vn 0.9695 -0.0528 -0.2395
vn 0.2964 0.0000 -0.9551
vn 0.2964 0.0000 -0.9551
vn 0.2964 0.0000 -0.9551
vn 0.6999 -0.4073 0.5867
vn 0.7449 -0.0731 0.6632
vn 0.7449 -0.0731 0.6632
vn 0.6583 -0.0595 0.7504
vn 0.7340 -0.3680 0.5709
vn 0.6999 -0.4073 0.5867
vn 0.7749 -0.0345 0.6312
vn 0.6999 -0.4073 0.5867
vn 0.7340 -0.3680 0.5709
vn 0.7340 -0.3680 0.5709
vn 0.3185 -0.3290 0.8890
vn 0.7749 -0.0345 0.6312
vn 0.1963 -0.0683 0.9782
vn 0.7749 -0.0345 0.6312
vn 0.3185 -0.3290 0.8890
vn 0.3185 -0.3290 0.8890
vn 0.2695 0.0000 0.9630
vn 0.1963 -0.0683 0.9782
vn -0.0203 -0.0822 0.9964
vn 0.1963 -0.0683 0.9782
vn 0.0531 0.0000 0.9986
vn 0.0531 0.0000 0.9986
vn -0.0844 -0.3945 0.9150
vn -0.0203 -0.0822 0.9964
vn -0.2334 -0.0972 0.9675
vn -0.0203 -0.0822 0.9964
vn -0.0844 -0.3945 0.9150
vn -0.0844 -0.3945 0.9150
vn -0.1626 0.0000 0.9867
vn -0.2334 -0.0972 0.9675
vn -0.4345 -0.1124 0.8936
vn -0.2334 -0.0972 0.9675
vn -0.3704 0.0000 0.9289
vn -0.3704 0.0000 0.9289
vn -0.4727 -0.3222 0.8202
vn -0.4345 -0.1124 0.8936
vn -0.6148 -0.1272 0.7783
vn -0.4345 -0.1124 0.8936
vn -0.4727 -0.3222 0.8202
vn -0.4727 -0.3222 0.8202
vn -0.6319 -0.3495 0.6918
vn -0.6148 -0.1272 0.7783
vn -0.7673 -0.1410 0.6256
vn -0.6148 -0.1272 0.7783
vn -0.6319 -0.3495 0.6918
vn -0.6319 -0.3495 0.6918
vn -0.7638 -0.3573 0.5375
vn -0.7673 -0.1410 0.6256
vn -0.8820 -0.1529 0.4458
vn -0.7673 -0.1410 0.6256
vn -0.7638 -0.3573 0.5375
vn -0.7638 -0.3573 0.5375
vn -0.8650 -0.3466 0.3629
vn -0.8820 -0.1529 0.4458
vn -0.9558 -0.1626 0.2450
vn -0.8820 -0.1529 0.4458
vn -0.8650 -0.3466 0.3629
vn -0.8650 -0.3466 0.3629
vn -0.9334 -0.3164 0.1692
vn -0.9558 -0.1626 0.2450
vn -0.9850 -0.1694 0.0336
vn -0.9558 -0.1626 0.2450
vn -0.9334 -0.3164 0.1692
vn -0.9334 -0.3164 0.1692
vn -0.9943 0.0000 0.1064
vn -0.9850 -0.1694 0.0336
vn -0.9688 -0.1734 -0.1772
vn -0.9850 -0.1694 0.0336
vn -0.9943 0.0000 -0.1064
vn -0.9943 0.0000 -0.1064
vn -0.9013 -0.3652 -0.2329
vn -0.9688 -0.1734 -0.1772
vn -0.9073 -0.1741 -0.3827
vn -0.9688 -0.1734 -0.1772
vn -0.9013 -0.3652 -0.2329
vn -0.9013 -0.3652 -0.2329
vn -0.8341 -0.3524 -0.4244
vn -0.9073 -0.1741 -0.3827
vn -0.8037 -0.1717 -0.5697
vn -0.9073 -0.1741 -0.3827
vn -0.8341 -0.3524 -0.4244
vn -0.8341 -0.3524 -0.4244
vn -0.8563 0.0000 -0.5166
vn -0.8037 -0.1717 -0.5697
vn -0.6640 -0.1661 -0.7290
vn -0.8037 -0.1717 -0.5697
vn -0.7251 0.0000 -0.6887
vn -0.7251 0.0000 -0.6887
vn -0.7251 0.0000 -0.6887
vn -0.6640 -0.1661 -0.7290
vn -0.4940 -0.1578 -0.8551
vn -0.6640 -0.1661 -0.7290
vn -0.5631 0.0000 -0.8264
vn -0.5631 0.0000 -0.8264
vn -0.5631 0.0000 -0.8264
vn -0.4940 -0.1578 -0.8551
vn -0.2970 -0.1468 -0.9435
vn -0.4940 -0.1578 -0.8551
vn -0.3704 0.0000 -0.9289
vn -0.3704 0.0000 -0.9289
vn -0.3704 0.0000 -0.9289
vn -0.2970 -0.1468 -0.9435
vn -0.0869 -0.1339 -0.9872
vn -0.2970 -0.1468 -0.9435
vn -0.1599 0.0000 -0.9871
vn -0.1599 0.0000 -0.9871
vn -0.1599 0.0000 -0.9871
vn -0.0869 -0.1339 -0.9872
vn 0.1255 -0.1195 -0.9849
vn -0.0869 -0.1339 -0.9872
vn 0.0531 0.0000 -0.9986
vn 0.0531 0.0000 -0.9986
vn 0.0531 0.0000 -0.9986
vn 0.1255 -0.1195 -0.9849
vn 0.3361 -0.1045 -0.9360
vn 0.1255 -0.1195 -0.9849
vn 0.2669 0.0000 -0.9637
vn 0.2669 0.0000 -0.9637
vn 0.2834 -0.7132 -0.6411
vn 0.3361 -0.1045 -0.9360
vn 0.5305 -0.0891 -0.8430
vn 0.3361 -0.1045 -0.9360
vn 0.2834 -0.7132 -0.6411
vn 0.2834 -0.7132 -0.6411
vn 0.4417 -0.6644 -0.6029
vn 0.5305 -0.0891 -0.8430
vn 0.6997 -0.0746 -0.7106
vn 0.5305 -0.0891 -0.8430
vn 0.4417 -0.6644 -0.6029
vn 0.4417 -0.6644 -0.6029
vn 0.6111 -0.5802 -0.5384
vn 0.6997 -0.0746 -0.7106
vn 0.8369 -0.0614 -0.5439
vn 0.6997 -0.0746 -0.7106
vn 0.6111 -0.5802 -0.5384
vn 0.6111 -0.5802 -0.5384
vn 0.7837 -0.4452 -0.4331
vn 0.8369 -0.0614 -0.5439
vn 0.9351 -0.0503 -0.3508
vn 0.8369 -0.0614 -0.5439
vn 0.7837 -0.4452 -0.4331
vn 0.7837 -0.4452 -0.4331
vn 0.9294 -0.2453 -0.2758
vn 0.9351 -0.0503 -0.3508
vn 0.9695 -0.0528 -0.2395
vn 0.9351 -0.0503 -0.3508
vn 0.9294 -0.2453 -0.2758
vn 0.9351 -0.0503 -0.3508
vn 0.9695 -0.0528 -0.2395
vn 0.6999 -0.4073 0.5867
vn 0.8369 -0.0614 -0.5439
vn 0.9351 -0.0503 -0.3508
vn 0.5610 -0.7863 -0.2588
vn 0.4296 -0.8418 -0.3267
vn 0.4296 -0.8418 -0.3267
vn 0.4296 -0.8418 -0.3267
vn 0.3034 -0.8833 -0.3573
vn 0.3034 -0.8833 -0.3573
vn 0.3034 -0.8833 -0.3573
vn 0.1918 -0.9127 -0.3609
vn 0.1918 -0.9127 -0.3609
vn 0.1918 -0.9127 -0.3609
vn 0.0960 -0.9331 -0.3465
vn 0.0960 -0.9331 -0.3465
vn 0.0960 -0.9331 -0.3465
vn 0.0171 -0.9469 -0.3209
vn 0.0171 -0.9469 -0.3209
vn 0.0171 -0.9469 -0.3209
vn -0.0468 -0.9563 -0.2888
vn -0.0468 -0.9563 -0.2888
vn -0.0468 -0.9563 -0.2888
vn -0.1002 -0.9627 -0.2513
vn -0.1002 -0.9627 -0.2513
vn -0.1002 -0.9627 -0.2513
vn -0.1435 -0.9670 -0.2107
vn -0.1435 -0.9670 -0.2107
vn -0.1435 -0.9670 -0.2107
vn -0.1776 -0.9696 -0.1686
vn -0.1776 -0.9696 -0.1686
vn -0.1776 -0.9696 -0.1686
vn -0.2049 -0.9709 -0.1236
vn -0.2049 -0.9709 -0.1236
vn -0.2049 -0.9709 -0.1236
vn -0.2256 -0.9712 -0.0761
vn -0.2256 -0.9712 -0.0761
vn -0.2256 -0.9712 -0.0761
vn -0.2400 -0.9704 -0.0257
vn -0.2400 -0.9704 -0.0257
vn -0.2400 -0.9704 -0.0257
vn -0.2475 -0.9685 0.0265
vn -0.2475 -0.9685 0.0265
vn -0.2475 -0.9685 0.0265
vn -0.2479 -0.9652 0.0836
vn -0.2479 -0.9652 0.0836
vn -0.2479 -0.9652 0.0836
vn -0.2399 -0.9600 0.1443
vn -0.2399 -0.9600 0.1443
vn -0.2399 -0.9600 0.1443
vn -0.2215 -0.9524 0.2095
vn -0.2215 -0.9524 0.2095
vn -0.2215 -0.9524 0.2095
vn -0.1895 -0.9409 0.2805
vn -0.1895 -0.9409 0.2805
vn -0.1895 -0.9409 0.2805
vn -0.1412 -0.9245 0.3541
vn -0.1412 -0.9245 0.3541
vn -0.1412 -0.9245 0.3541
vn -0.0707 -0.9004 0.4293
vn -0.0707 -0.9004 0.4293
vn -0.0707 -0.9004 0.4293
vn 0.0266 -0.8657 0.4999
vn 0.0266 -0.8657 0.4999
vn 0.6999 -0.4073 0.5867
vn 0.1555 -0.8169 0.5554
vn 0.1555 -0.8169 0.5554
vn 0.6999 -0.4073 0.5867
vn 0.1570 -0.0720 0.9850
vn 0.4427 -0.0971 0.8914
vn 0.1570 -0.0720 0.9850
vn 0.9959 -0.0313 0.0847
vn 0.8401 -0.5253 -0.1353
vn 0.9759 -0.0217 -0.2171
vn 0.4427 -0.0971 0.8914
vn 0.8220 -0.1957 0.5348
vn 0.9959 -0.0313 0.0847
vn 0.7479 -0.0595 0.6611
vn 0.9959 -0.0313 0.0847
vn 0.8220 -0.1957 0.5348
vn 0.8220 -0.1957 0.5348
vn 0.7959 0.0000 0.6054
vn 0.7479 -0.0595 0.6611
vn 0.5879 -0.0733 0.8056
vn 0.7479 -0.0595 0.6611
vn 0.6473 0.0000 0.7622
vn 0.6473 0.0000 0.7622
vn 0.6473 0.0000 0.7622
vn 0.5879 -0.0733 0.8056
vn 0.4008 -0.0886 0.9119
vn 0.5879 -0.0733 0.8056
vn 0.4684 0.0000 0.8835
vn 0.4684 0.0000 0.8835
vn 0.4684 0.0000 0.8835
vn 0.4008 -0.0886 0.9119
vn 0.1954 -0.1045 0.9751
vn 0.4008 -0.0886 0.9119
vn 0.2688 0.0000 0.9632
vn 0.2688 0.0000 0.9632
vn 0.2688 0.0000 0.9632
vn 0.1954 -0.1045 0.9751
vn -0.0203 -0.1205 0.9925
vn 0.1954 -0.1045 0.9751
vn 0.0533 0.0000 0.9986
vn 0.0533 0.0000 0.9986
vn 0.0533 0.0000 0.9986
vn -0.0203 -0.1205 0.9925
vn -0.2322 -0.1355 0.9632
vn -0.0203 -0.1205 0.9925
vn -0.1626 0.0000 0.9867
vn -0.1626 0.0000 0.9867
vn -0.1626 0.0000 0.9867
vn -0.2322 -0.1355 0.9632
vn -0.4321 -0.1489 0.8894
vn -0.2322 -0.1355 0.9632
vn -0.3695 0.0000 0.9292
vn -0.3695 0.0000 0.9292
vn -0.3695 0.0000 0.9292
vn -0.4321 -0.1489 0.8894
vn -0.6127 -0.1604 0.7738
vn -0.4321 -0.1489 0.8894
vn -0.5611 0.0000 0.8277
vn -0.5611 0.0000 0.8277
vn -0.5205 -0.6366 0.5690
vn -0.6127 -0.1604 0.7738
vn -0.7639 -0.1691 0.6228
vn -0.6127 -0.1604 0.7738
vn -0.5205 -0.6366 0.5690
vn -0.5205 -0.6366 0.5690
vn -0.7265 0.0000 0.6872
vn -0.7639 -0.1691 0.6228
vn -0.8788 -0.1748 0.4441
vn -0.7639 -0.1691 0.6228
vn -0.8570 0.0000 0.5153
vn -0.8570 0.0000 0.5153
vn -0.8797 -0.2997 0.3691
vn -0.8788 -0.1748 0.4441
vn -0.9531 -0.1774 0.2452
vn -0.8788 -0.1748 0.4441
vn -0.8797 -0.2997 0.3691
vn -0.8797 -0.2997 0.3691
vn -0.9295 -0.3272 0.1703
vn -0.9531 -0.1774 0.2452
vn -0.9837 -0.1765 0.0344
vn -0.9531 -0.1774 0.2452
vn -0.9295 -0.3272 0.1703
vn -0.9295 -0.3272 0.1703
vn -0.9940 0.0000 0.1092
vn -0.9837 -0.1765 0.0344
vn -0.9686 -0.1723 -0.1791
vn -0.9837 -0.1765 0.0344
vn -0.9940 0.0000 -0.1092
vn -0.9940 0.0000 -0.1092
vn -0.9139 -0.3296 -0.2368
vn -0.9686 -0.1723 -0.1791
vn -0.9087 -0.1649 -0.3834
vn -0.9686 -0.1723 -0.1791
vn -0.9139 -0.3296 -0.2368
vn -0.9139 -0.3296 -0.2368
vn -0.8337 -0.3537 -0.4240
vn -0.9087 -0.1649 -0.3834
vn -0.8064 -0.1548 -0.5708
vn -0.9087 -0.1649 -0.3834
vn -0.8337 -0.3537 -0.4240
vn -0.8337 -0.3537 -0.4240
vn -0.7222 -0.3586 -0.5915
vn -0.8064 -0.1548 -0.5708
vn -0.6669 -0.1424 -0.7314
vn -0.8064 -0.1548 -0.5708
vn -0.7222 -0.3586 -0.5915
vn -0.7222 -0.3586 -0.5915
vn -0.5817 -0.3446 -0.7368
vn -0.6669 -0.1424 -0.7314
vn -0.4953 -0.1279 -0.8593
vn -0.6669 -0.1424 -0.7314
vn -0.5817 -0.3446 -0.7368
vn -0.5817 -0.3446 -0.7368
vn -0.5618 0.0000 -0.8273
vn -0.4953 -0.1279 -0.8593
vn -0.2984 -0.1124 -0.9478
vn -0.4953 -0.1279 -0.8593
vn -0.3704 0.0000 -0.9289
vn -0.3704 0.0000 -0.9289
vn -0.2150 -0.3634 -0.9065
vn -0.2984 -0.1124 -0.9478
vn -0.0873 -0.0963 -0.9915
vn -0.2984 -0.1124 -0.9478
vn -0.2150 -0.3634 -0.9065
vn -0.2150 -0.3634 -0.9065
vn -0.0163 -0.3509 -0.9363
vn -0.0873 -0.0963 -0.9915
vn 0.1261 -0.0808 -0.9887
vn -0.0873 -0.0963 -0.9915
vn -0.0163 -0.3509 -0.9363
vn -0.0163 -0.3509 -0.9363
vn 0.0533 0.0000 -0.9986
vn 0.1261 -0.0808 -0.9887
vn 0.3370 -0.0660 -0.9392
vn 0.1261 -0.0808 -0.9887
vn 0.2662 0.0000 -0.9639
vn 0.2662 0.0000 -0.9639
vn 0.3793 -0.3533 -0.8551
vn 0.3370 -0.0660 -0.9392
vn 0.5328 -0.0531 -0.8446
vn 0.3370 -0.0660 -0.9392
vn 0.3793 -0.3533 -0.8551
vn 0.3793 -0.3533 -0.8551
vn 0.5519 -0.3621 -0.7512
vn 0.5328 -0.0531 -0.8446
vn 0.9364 -0.0174 -0.3504
vn 0.5328 -0.0531 -0.8446
vn 0.5519 -0.3621 -0.7512
vn 0.5519 -0.3621 -0.7512
vn 0.4205 -0.5070 -0.7524
vn 0.9364 -0.0174 -0.3504
vn 0.8401 -0.5253 -0.1353
vn 0.9364 -0.0174 -0.3504
vn 0.9994 0.0000 0.0334
vn 0.4205 -0.5070 -0.7524
vn 0.2432 -0.0858 -0.9662
vn 0.2432 -0.0858 -0.9662
vn 0.5328 -0.0531 -0.8446
vn 0.4445 -0.7269 -0.5234
vn 0.8401 -0.5253 -0.1353
vn 0.3370 -0.0660 -0.9392
vn 0.5328 -0.0531 -0.8446
vn 0.8401 -0.5253 -0.1353
vn 0.1385 -0.8539 -0.5016
vn 0.1385 -0.8539 -0.5016
vn 0.1385 -0.8539 -0.5016
vn 0.0240 -0.8932 -0.4489
vn 0.0240 -0.8932 -0.4489
vn 0.0240 -0.8932 -0.4489
vn -0.0627 -0.9200 -0.3870
vn -0.0627 -0.9200 -0.3870
vn -0.0627 -0.9200 -0.3870
vn -0.1280 -0.9384 -0.3210
vn -0.1280 -0.9384 -0.3210
vn -0.1280 -0.9384 -0.3210
vn -0.1744 -0.9506 -0.2568
vn -0.1744 -0.9506 -0.2568
vn -0.1744 -0.9506 -0.2568
vn -0.2063 -0.9588 -0.1952
vn -0.2063 -0.9588 -0.1952
vn -0.2063 -0.9588 -0.1952
vn -0.2268 -0.9643 -0.1368
vn -0.2268 -0.9643 -0.1368
vn -0.2268 -0.9643 -0.1368
vn -0.2384 -0.9678 -0.0804
vn -0.2384 -0.9678 -0.0804
vn -0.2384 -0.9678 -0.0804
vn -0.2420 -0.9699 -0.0266
vn -0.2420 -0.9699 -0.0266
vn -0.2420 -0.9699 -0.0266
vn -0.2387 -0.9707 0.0262
vn -0.2387 -0.9707 0.0262
vn -0.2387 -0.9707 0.0262
vn -0.2286 -0.9705 0.0771
vn -0.2286 -0.9705 0.0771
vn -0.2286 -0.9705 0.0771
vn -0.2116 -0.9691 0.1272
vn -0.2116 -0.9691 0.1272
vn -0.2116 -0.9691 0.1272
vn -0.1869 -0.9663 0.1768
vn -0.1869 -0.9663 0.1768
vn -0.1869 -0.9663 0.1768
vn -0.1534 -0.9619 0.2263
vn -0.1534 -0.9619 0.2263
vn -0.1534 -0.9619 0.2263
vn -0.1094 -0.9551 0.2752
vn -0.1094 -0.9551 0.2752
vn -0.1094 -0.9551 0.2752
vn -0.0531 -0.9452 0.3222
vn -0.0531 -0.9452 0.3222
vn -0.0531 -0.9452 0.3222
vn 0.0195 -0.9304 0.3661
vn 0.0195 -0.9304 0.3661
vn 0.0195 -0.9304 0.3661
vn 0.1126 -0.9080 0.4035
vn 0.1126 -0.9080 0.4035
vn 0.1126 -0.9080 0.4035
vn 0.2264 -0.8755 0.4270
vn 0.2264 -0.8755 0.4270
vn 0.2264 -0.8755 0.4270
vn 0.3626 -0.8284 0.4269
vn 0.3626 -0.8284 0.4269
vn 0.8401 -0.5253 -0.1353
vn 0.5127 -0.7649 0.3900
vn 0.7479 -0.0595 0.6611
vn 0.8401 -0.5253 -0.1353
vn -0.0553 0.9966 -0.0608
vn 0.0167 0.9963 -0.0847
vn 0.0031 0.9999 -0.0156
vn 0.0421 0.8747 -0.4827
vn 0.0586 0.9540 -0.2939
vn 0.0447 0.9749 -0.2181
vn 0.0421 0.8747 -0.4827
vn 0.0447 0.9749 -0.2181
vn 0.0349 0.9860 -0.1629
vn -0.0553 0.9966 -0.0608
vn 0.0421 0.8747 -0.4827
vn 0.0349 0.9860 -0.1629
vn -0.0553 0.9966 -0.0608
vn 0.0349 0.9860 -0.1629
vn 0.0167 0.9963 -0.0847
vn 0.0421 0.8747 -0.4827
vn 0.1016 0.8510 -0.5152
vn 0.0861 0.8950 -0.4377
vn 0.0861 0.8950 -0.4377
vn 0.0707 0.9307 -0.3589
vn 0.0421 0.8747 -0.4827
vn 0.0421 0.8747 -0.4827
vn 0.0707 0.9307 -0.3589
vn 0.0586 0.9540 -0.2939
vn 0.1306 0.7501 -0.6483
vn 0.1146 0.8093 -0.5762
vn 0.0421 0.8747 -0.4827
vn 0.0421 0.8747 -0.4827
vn 0.1146 0.8093 -0.5762
vn 0.1016 0.8510 -0.5152
vn 0.1517 0.6751 -0.7219
vn 0.1425 0.6991 -0.7007
vn 0.0421 0.8747 -0.4827
vn 0.0421 0.8747 -0.4827
vn 0.1425 0.6991 -0.7007
vn 0.1306 0.7501 -0.6483
vn 0.0421 0.8747 -0.4827
vn 0.2858 0.3350 -0.8978
vn 0.1517 0.6751 -0.7219
vn 0.2858 0.3350 -0.8978
vn 0.1548 0.6039 -0.7819
vn 0.1517 0.6751 -0.7219
vn 0.2858 0.3350 -0.8978
vn 0.1626 0.5438 -0.8233
vn 0.1548 0.6039 -0.7819
vn 0.1710 0.4685 -0.8668
vn 0.1626 0.5438 -0.8233
vn 0.2858 0.3350 -0.8978
vn 0.2858 0.3350 -0.8978
vn 0.1787 0.3915 -0.9027
vn 0.1710 0.4685 -0.8668
vn 0.2858 0.3350 -0.8978
vn 0.1853 0.3146 -0.9310
vn 0.1787 0.3915 -0.9027
vn 0.1916 0.2284 -0.9545
vn 0.1853 0.3146 -0.9310
vn 0.2858 0.3350 -0.8978
vn 0.2858 0.3350 -0.8978
vn 0.1983 0.0321 -0.9796
vn 0.1916 0.2284 -0.9545
vn 0.2858 0.3350 -0.8978
vn 0.1561 -0.0718 -0.9851
vn 0.1983 0.0321 -0.9796
vn 0.1561 -0.0718 -0.9851
vn -0.0185 0.7443 -0.6676
vn 0.0314 0.1141 -0.9930
vn -0.0185 0.7443 -0.6676
vn 0.1561 -0.0718 -0.9851
vn 0.0957 0.5640 -0.8202
vn 0.1561 -0.0718 -0.9851
vn 0.2858 0.3350 -0.8978
vn 0.0957 0.5640 -0.8202
vn 0.2858 0.3350 -0.8978
vn 0.0421 0.8747 -0.4827
vn 0.0957 0.5640 -0.8202
vn 0.0421 0.8747 -0.4827
vn -0.0553 0.9966 -0.0608
vn -0.1174 0.9931 -0.0030
vn -0.1660 0.9671 -0.1930
vn -0.0185 0.7443 -0.6676
vn 0.0957 0.5640 -0.8202
vn 0.9992 0.0330 -0.0216
vn 0.9000 -0.0889 -0.4268
vn 0.7783 0.1645 -0.6060
vn 0.7783 0.1645 -0.6060
vn 0.9491 0.2869 -0.1296
vn 0.9992 0.0330 -0.0216
vn 0.9491 0.2869 -0.1296
vn 0.9427 0.2004 0.2668
vn 0.9992 0.0330 -0.0216
vn 0.9216 0.0440 0.3856
vn 0.9992 0.0330 -0.0216
vn 0.9427 0.2004 0.2668
vn 0.9427 0.2004 0.2668
vn 0.6964 0.1542 0.7009
vn 0.9216 0.0440 0.3856
vn 0.7589 -0.0569 0.6487
vn 0.9216 0.0440 0.3856
vn 0.6964 0.1542 0.7009
vn 0.5687 0.0744 0.8192
vn 0.7589 -0.0569 0.6487
vn 0.6964 0.1542 0.7009
vn 0.6964 0.1542 0.7009
vn 0.2192 0.2806 0.9345
vn 0.5687 0.0744 0.8192
vn 0.1917 -0.6670 0.7200
vn 0.5687 0.0744 0.8192
vn 0.2192 0.2806 0.9345
vn 0.0729 -0.1093 0.9913
vn 0.1917 -0.6670 0.7200
vn 0.2192 0.2806 0.9345
vn 0.2192 0.2806 0.9345
vn 0.0601 -0.1104 0.9921
vn 0.0729 -0.1093 0.9913
vn -0.1558 0.1417 -0.9776
vn 0.0314 0.1141 -0.9930
vn -0.0185 0.7443 -0.6676
vn 0.2350 -0.6297 -0.7404
vn 0.0807 0.0195 -0.9965
vn 0.4365 0.1925 -0.8789
vn 0.5530 -0.1432 -0.8208
vn 0.2350 -0.6297 -0.7404
vn 0.4365 0.1925 -0.8789
vn 0.4365 0.1925 -0.8789
vn 0.7783 0.1645 -0.6060
vn 0.5530 -0.1432 -0.8208
vn 0.6976 -0.4018 -0.5932
vn 0.5530 -0.1432 -0.8208
vn 0.7783 0.1645 -0.6060
vn 0.9000 -0.0889 -0.4268
vn 0.6976 -0.4018 -0.5932
vn 0.7783 0.1645 -0.6060
vn 0.2192 0.2806 0.9345
vn -0.0883 0.6594 0.7466
vn 0.0601 -0.1104 0.9921
vn 0.3029 0.3608 0.8821
vn 0.1655 0.0374 0.9855
vn 0.0601 -0.1104 0.9921
vn 0.1407 0.4996 0.8548
vn 0.1866 0.2929 0.9378
vn 0.1970 0.1003 0.9752
vn 0.1407 0.4996 0.8548
vn 0.1970 0.1003 0.9752
vn 0.1800 0.0186 0.9835
vn 0.1407 0.4996 0.8548
vn 0.1739 0.4447 0.8786
vn 0.1809 0.3644 0.9135
vn 0.1407 0.4996 0.8548
vn 0.1809 0.3644 0.9135
vn 0.1866 0.2929 0.9378
vn 0.1610 0.5637 0.8101
vn 0.1670 0.5122 0.8425
vn 0.1407 0.4996 0.8548
vn 0.1407 0.4996 0.8548
vn 0.1670 0.5122 0.8425
vn 0.1739 0.4447 0.8786
vn 0.1407 0.4996 0.8548
vn 0.1560 0.6071 0.7791
vn 0.1610 0.5637 0.8101
vn 0.0730 0.7735 0.6296
vn 0.1214 0.7860 0.6062
vn 0.1458 0.7230 0.6753
vn 0.1458 0.7230 0.6753
vn 0.1407 0.4996 0.8548
vn 0.0730 0.7735 0.6296
vn 0.1407 0.4996 0.8548
vn 0.1458 0.7230 0.6753
vn 0.1480 0.6664 0.7308
vn 0.1407 0.4996 0.8548
vn 0.1480 0.6664 0.7308
vn 0.1560 0.6071 0.7791
vn 0.0911 0.8809 0.4644
vn 0.1076 0.8324 0.5437
vn 0.0730 0.7735 0.6296
vn 0.0730 0.7735 0.6296
vn 0.1076 0.8324 0.5437
vn 0.1214 0.7860 0.6062
vn 0.0640 0.9430 0.3267
vn 0.0786 0.9119 0.4029
vn 0.0730 0.7735 0.6296
vn 0.0730 0.7735 0.6296
vn 0.0786 0.9119 0.4029
vn 0.0911 0.8809 0.4644
vn 0.0730 0.7735 0.6296
vn 0.0494 0.9675 0.2482
vn 0.0640 0.9430 0.3267
vn 0.0238 0.9960 0.0865
vn 0.0333 0.9871 0.1569
vn 0.0730 0.7735 0.6296
vn 0.0730 0.7735 0.6296
vn 0.0333 0.9871 0.1569
vn 0.0494 0.9675 0.2482
vn 0.0238 0.9960 0.0865
vn 0.0730 0.7735 0.6296
vn -0.0261 0.9991 0.0328
vn 0.8672 0.2731 0.4163
vn 0.3029 0.3608 0.8821
vn 0.8672 0.2731 0.4163
vn 0.1800 0.0186 0.9835
vn 0.3029 0.3608 0.8821
vn 0.1407 0.4996 0.8548
vn -0.0261 0.9991 0.0328
vn 0.0730 0.7735 0.6296
vn -0.1087 0.9930 0.0452
vn -0.1087 0.9930 0.0452
vn 0.0730 0.7735 0.6296
vn -0.0883 0.6594 0.7466
vn 0.1655 0.0374 0.9855
vn 0.3029 0.3608 0.8821
vn 0.1800 0.0186 0.9835
vn 0.0730 0.7735 0.6296
vn 0.1407 0.4996 0.8548
vn -0.0883 0.6594 0.7466
vn 0.1407 0.4996 0.8548
vn 0.3029 0.3608 0.8821
vn -0.0883 0.6594 0.7466
vn -0.0553 0.9966 -0.0608
vn -0.0054 1.0000 -0.0023
vn -0.0422 0.9987 -0.0284
vn -0.0553 0.9966 -0.0608
vn -0.0422 0.9987 -0.0284
vn -0.1270 0.9917 -0.0212
vn -0.0054 1.0000 -0.0023
vn 0.0130 0.9981 -0.0605
vn -0.0422 0.9987 -0.0284
vn 0.0031 0.9999 -0.0156
vn 0.0062 0.9991 -0.0428
vn -0.0054 1.0000 -0.0023
vn 0.0130 0.9981 -0.0605
vn -0.0054 1.0000 -0.0023
vn 0.0062 0.9991 -0.0428
vn -0.0261 0.9991 0.0328
vn -0.1087 0.9930 0.0452
vn -0.0107 0.9995 0.0306
vn -0.0022 1.0000 -0.0068
vn -0.0061 1.0000 0.0049
vn -0.0422 0.9987 -0.0284
vn -0.0553 0.9966 -0.0608
vn 0.0031 0.9999 -0.0156
vn -0.0054 1.0000 -0.0023
vn -0.0107 0.9995 0.0306
vn 0.0089 0.9949 0.1006
vn -0.0261 0.9991 0.0328
vn 0.0149 0.9999 0.0086
vn -0.0084 0.9999 -0.0088
vn -0.0402 0.9989 0.0258
vn 0.0252 0.9852 -0.1696
vn -0.0022 1.0000 -0.0068
vn 0.0130 0.9981 -0.0605
vn -0.0422 0.9987 -0.0284
vn 0.0130 0.9981 -0.0605
vn -0.0022 1.0000 -0.0068
vn 0.0008 0.9996 0.0275
vn -0.0107 0.9995 0.0306
vn -0.0402 0.9989 0.0258
vn -0.0422 0.9987 -0.0284
vn -0.0061 1.0000 0.0049
vn 0.0237 0.9994 -0.0251
vn 0.0062 0.9991 -0.0428
vn 0.0252 0.9852 -0.1696
vn 0.0130 0.9981 -0.0605
vn -0.0107 0.9995 0.0306
vn 0.0008 0.9996 0.0275
vn 0.0089 0.9949 0.1006
vn -0.0084 0.9999 -0.0088
vn 0.0008 0.9996 0.0275
vn -0.0402 0.9989 0.0258
vn -0.0514 0.9978 -0.0419
vn -0.0422 0.9987 -0.0284
vn 0.0237 0.9994 -0.0251
vn 0.0149 0.9999 0.0086
vn -0.0402 0.9989 0.0258
vn -0.2205 0.9740 0.0519
vn 0.0149 0.9999 0.0086
vn -0.2205 0.9740 0.0519
vn 0.0160 0.9998 0.0130
vn 0.2290 0.9733 -0.0156
vn 0.0149 0.9999 0.0086
vn 0.0160 0.9998 0.0130
vn -0.0679 0.9975 -0.0197
vn -0.0514 0.9978 -0.0419
vn 0.2290 0.9733 -0.0156
vn -0.0514 0.9978 -0.0419
vn 0.0237 0.9994 -0.0251
vn 0.2290 0.9733 -0.0156
vn 0.0160 0.9998 0.0130
vn -0.0679 0.9975 -0.0197
vn 0.2290 0.9733 -0.0156
vn -0.0679 0.9975 -0.0197
vn 0.0160 0.9998 0.0130
vn -0.2205 0.9740 0.0519
vn -0.0679 0.9975 -0.0197
vn -0.1888 0.9747 -0.1193
vn -0.0514 0.9978 -0.0419
vn -0.4112 0.8445 0.3431
vn -0.2205 0.9740 0.0519
vn -0.0402 0.9989 0.0258
vn -0.9666 0.2448 0.0757
vn -0.9666 0.2448 0.0757
vn -0.6370 0.7663 -0.0832
vn -0.4112 0.8445 0.3431
vn -0.0724 0.9968 0.0326
vn -0.2205 0.9740 0.0519
vn -0.6743 0.7375 -0.0378
vn -0.2205 0.9740 0.0519
vn -0.0724 0.9968 0.0326
vn -0.6370 0.7663 -0.0832
vn -0.2205 0.9740 0.0519
vn -0.6743 0.7375 -0.0378
vn -0.0422 0.9987 -0.0284
vn -0.0514 0.9978 -0.0419
vn -0.1888 0.9747 -0.1193
vn -0.6370 0.7663 -0.0832
vn -0.1888 0.9747 -0.1193
vn -0.0679 0.9975 -0.0197
vn -0.1888 0.9747 -0.1193
vn -0.6370 0.7663 -0.0832
vn -0.6743 0.7375 -0.0378
vn -0.0402 0.9989 0.0258
vn -0.0107 0.9995 0.0306
vn -0.1087 0.9930 0.0452
vn -0.0185 0.7443 -0.6676
vn -0.1660 0.9671 -0.1930
vn -0.1888 0.9747 -0.1193
vn -0.0402 0.9989 0.0258
vn -0.1087 0.9930 0.0452
vn -0.0942 0.9930 -0.0711
vn -0.0729 0.9375 0.3404
vn -0.0369 0.9984 0.0439
vn -0.0883 0.6594 0.7466
vn -0.0422 0.9987 -0.0284
vn -0.1660 0.9671 -0.1930
vn -0.2749 0.9592 -0.0665
vn -0.0402 0.9989 0.0258
vn -0.0883 0.6594 0.7466
vn -0.4112 0.8445 0.3431
vn 0.1672 0.9608 -0.2209
vn 0.1672 0.9608 -0.2209
vn 0.0008 0.9985 -0.0550
vn 0.0411 0.9707 -0.2369
vn 0.0335 0.8681 -0.4952
vn 0.0008 0.9985 -0.0550
vn 0.9427 0.2004 0.2668
vn 0.9491 0.2869 -0.1296
vn 0.0645 0.9979 0.0050
vn -0.0422 0.9987 -0.0284
vn -0.1888 0.9747 -0.1193
vn -0.1660 0.9671 -0.1930
vn 0.2192 0.2806 0.9345
vn 0.6964 0.1542 0.7009
vn 0.5365 0.3129 0.7837
vn 0.0303 0.9983 0.0502
vn 0.0144 0.9996 0.0261
vn 0.0834 0.9777 0.1926
vn -0.5622 -0.1178 -0.8186
vn -0.5622 -0.1178 -0.8186
vn -0.5622 -0.1178 -0.8186
vn 0.0330 0.9994 0.0096
vn 0.0645 0.9979 0.0050
vn 0.9491 0.2869 -0.1296
vn -0.4112 0.8445 0.3431
vn -0.0883 0.6594 0.7466
vn -0.5603 0.6316 0.5358
vn 0.4007 0.8831 0.2441
vn 0.0303 0.9983 0.0502
vn 0.4007 0.8831 0.2441
vn -0.6743 0.7375 -0.0378
vn -0.0724 0.9968 0.0326
vn -0.0279 0.9993 0.0266
vn -0.0185 0.7443 -0.6676
vn -0.0319 0.9992 -0.0236
vn 0.0335 0.8681 -0.4952
vn 0.7783 0.1645 -0.6060
vn 0.4867 0.2845 -0.8259
vn 0.4867 0.2845 -0.8259
vn 0.0645 0.9979 0.0050
vn 0.0351 0.9994 0.0038
vn 0.9427 0.2004 0.2668
vn -0.0369 0.9984 0.0439
vn -0.5603 0.6316 0.5358
vn -0.0883 0.6594 0.7466
vn 0.0144 0.9996 0.0261
vn 0.0070 0.9996 0.0276
vn 0.0395 0.9833 0.1775
vn -0.9114 -0.2159 -0.3504
vn -0.9114 -0.2159 -0.3504
vn -0.9114 -0.2159 -0.3504
vn -0.0399 0.9992 -0.0092
vn 0.0095 0.9991 -0.0420
vn -0.1888 0.9747 -0.1193
vn 0.9491 0.2869 -0.1296
vn 0.4070 0.8985 -0.1643
vn 0.0311 0.9989 -0.0350
vn 0.0330 0.9994 0.0096
vn 0.9491 0.2869 -0.1296
vn 0.0311 0.9989 -0.0350
vn 0.0351 0.9994 0.0038
vn 0.0303 0.9983 0.0502
vn 0.9427 0.2004 0.2668
vn -0.2231 -0.7378 0.6371
vn -0.2231 -0.7378 0.6371
vn -0.2231 -0.7378 0.6371
vn -0.4112 0.8445 0.3431
vn -0.5603 0.6316 0.5358
vn -0.0369 0.9984 0.0439
vn -0.0369 0.9984 0.0439
vn -0.0724 0.9968 0.0326
vn -0.4112 0.8445 0.3431
vn -0.0279 0.9993 0.0266
vn -0.0399 0.9992 -0.0092
vn -0.6743 0.7375 -0.0378
vn 0.0095 0.9991 -0.0420
vn -0.0399 0.9992 -0.0092
vn -0.0006 1.0000 -0.0019
vn -0.1888 0.9747 -0.1193
vn 0.0095 0.9991 -0.0420
vn -0.0006 1.0000 -0.0019
vn 0.0038 0.9994 -0.0347
vn -0.1888 0.9747 -0.1193
vn -0.0006 1.0000 -0.0019
vn -0.0185 0.7443 -0.6676
vn 0.0038 0.9994 -0.0347
vn -0.0006 1.0000 -0.0019
vn -0.0319 0.9992 -0.0236
vn -0.0185 0.7443 -0.6676
vn -0.0006 1.0000 -0.0019
vn 0.0335 0.8681 -0.4952
vn -0.0319 0.9992 -0.0236
vn -0.0006 1.0000 -0.0019
vn 0.0008 0.9985 -0.0550
vn 0.0335 0.8681 -0.4952
vn -0.0006 1.0000 -0.0019
vn 0.0311 0.9989 -0.0350
vn 0.0008 0.9985 -0.0550
vn -0.0006 1.0000 -0.0019
vn 0.0330 0.9994 0.0096
vn 0.0311 0.9989 -0.0350
vn -0.0006 1.0000 -0.0019
vn 0.0645 0.9979 0.0050
vn 0.0330 0.9994 0.0096
vn -0.0006 1.0000 -0.0019
vn 0.0351 0.9994 0.0038
vn 0.0645 0.9979 0.0050
vn -0.0006 1.0000 -0.0019
vn 0.0303 0.9983 0.0502
vn 0.0351 0.9994 0.0038
vn -0.0006 1.0000 -0.0019
vn 0.0144 0.9996 0.0261
vn 0.0303 0.9983 0.0502
vn -0.0006 1.0000 -0.0019
vn 0.0070 0.9996 0.0276
vn 0.0144 0.9996 0.0261
vn -0.0006 1.0000 -0.0019
vn -0.0369 0.9984 0.0439
vn 0.0070 0.9996 0.0276
vn -0.0006 1.0000 -0.0019
vn -0.0724 0.9968 0.0326
vn -0.0369 0.9984 0.0439
vn -0.0006 1.0000 -0.0019
vn -0.0279 0.9993 0.0266
vn -0.0724 0.9968 0.0326
vn -0.0006 1.0000 -0.0019
vn -0.0006 1.0000 -0.0019
vn -0.0399 0.9992 -0.0092
vn -0.0279 0.9993 0.0266
vn 0.0138 -0.9353 0.3536
vn -0.0582 -0.9167 0.3953
vn 0.0339 -0.9333 0.3575
vn -0.8589 0.2671 0.4371
vn -0.8589 0.2671 0.4371
vn -0.8372 -0.1105 0.5356
vn -0.0582 -0.9167 0.3953
vn 0.0896 -0.9274 0.3633
vn 0.2712 -0.9551 0.1194
vn 0.0896 -0.9274 0.3633
vn 0.0339 -0.9333 0.3575
vn 0.2712 -0.9551 0.1194
vn 0.9397 -0.2988 -0.1666
vn 0.9397 -0.2988 -0.1666
vn 0.9397 -0.2988 -0.1666
vn 0.2712 -0.9551 0.1194
vn 0.2176 -0.9638 0.1542
vn -0.0582 -0.9167 0.3953
vn -0.6100 -0.7245 0.3209
vn -0.8372 -0.1105 0.5356
vn -0.0582 -0.9167 0.3953
vn 0.2176 -0.9638 0.1542
vn 0.2712 -0.9551 0.1194
vn 0.0339 -0.9333 0.3575
vn -0.0277 -0.9290 -0.3692
vn 0.0831 -0.9265 -0.3670
vn 0.0171 -0.7957 -0.6055
vn 0.0311 -0.9953 -0.0917
vn 0.0426 -0.9951 -0.0896
vn 0.0080 -1.0000 0.0038
vn 0.0185 -0.9832 -0.1816
vn 0.0265 -0.9565 -0.2906
vn 0.0426 -0.9951 -0.0896
vn 0.0801 -0.9493 -0.3041
vn 0.0265 -0.9565 -0.2906
vn -0.0235 -0.9316 -0.3629
vn -0.0213 -0.9332 -0.3586
vn 0.0171 -0.7957 -0.6055
vn 0.0831 -0.9265 -0.3670
vn -0.0277 -0.9290 -0.3692
vn 0.0171 -0.7957 -0.6055
vn -0.0235 -0.9316 -0.3629
vn 0.2123 0.5611 -0.8001
vn 0.2123 0.5611 -0.8001
vn 0.2123 0.5611 -0.8001
vn -0.2123 -0.5611 0.8001
vn -0.2123 -0.5611 0.8001
vn -0.2123 -0.5611 0.8001
vn -0.0235 -0.9316 -0.3629
vn 0.0831 -0.9265 -0.3670
vn -0.0277 -0.9290 -0.3692
vn -0.0453 0.7547 0.6545
vn -0.0453 0.7547 0.6545
vn -0.0453 0.7547 0.6545
vn 0.5194 -0.8228 -0.2307
vn 0.0453 -0.7547 -0.6545
vn 0.0831 -0.9265 -0.3670
vn 0.2022 0.1676 -0.9649
vn 0.2022 0.1676 -0.9649
vn 0.2022 0.1676 -0.9649
vn -0.7774 -0.5263 0.3446
vn -0.7774 -0.5263 0.3446
vn -0.7774 -0.5263 0.3446
vn -0.4244 -0.9052 -0.0212
vn -0.0014 -0.9998 0.0220
vn -0.0014 -1.0000 -0.0030
vn 0.0831 -0.9265 -0.3670
vn 0.1153 -0.9433 -0.3114
vn 0.3490 -0.9127 -0.2126
vn 0.0330 -0.9515 -0.3060
vn 0.0394 -0.9656 -0.2571
vn 0.0093 -0.9707 -0.2403
vn 0.0205 -0.9769 -0.2128
vn 0.0119 -0.9799 -0.1989
vn 0.0394 -0.9656 -0.2571
vn 0.0012 -0.9995 -0.0323
vn 0.0038 -0.9981 -0.0616
vn 0.0002 -0.9997 -0.0262
vn 0.0038 -0.9981 -0.0616
vn 0.0012 -0.9995 -0.0323
vn 0.0008 -0.9990 -0.0449
vn 0.0038 -0.9981 -0.0616
vn 0.0008 -0.9990 -0.0449
vn 0.0008 -0.9985 -0.0555
vn 0.0038 -0.9981 -0.0616
vn 0.0008 -0.9985 -0.0555
vn 0.0014 -0.9978 -0.0665
vn 0.0038 -0.9981 -0.0616
vn 0.0014 -0.9978 -0.0665
vn 0.0026 -0.9970 -0.0778
vn 0.0038 -0.9981 -0.0616
vn 0.0026 -0.9970 -0.0778
vn 0.0047 -0.9958 -0.0910
vn 0.0001 -0.9999 -0.0158
vn 0.0002 -0.9997 -0.0262
vn -0.0014 -1.0000 -0.0030
vn 0.0001 -0.9999 -0.0158
vn 0.0002 -0.9997 -0.0258
vn 0.0002 -0.9997 -0.0262
vn 0.0002 -0.9997 -0.0262
vn 0.0002 -0.9997 -0.0258
vn 0.0012 -0.9995 -0.0323
vn 0.0001 -1.0000 0.0051
vn 0.0002 -1.0000 0.0000
vn 0.0015 -0.9997 0.0258
vn 0.0002 -1.0000 0.0000
vn 0.0002 -1.0000 -0.0012
vn 0.0015 -0.9997 0.0258
vn 0.0015 -0.9997 0.0258
vn 0.0002 -1.0000 -0.0012
vn -0.0014 -0.9998 0.0220
vn -0.0014 -0.9998 0.0220
vn 0.0002 -1.0000 -0.0012
vn 0.0001 -1.0000 -0.0056
vn 0.0001 -1.0000 -0.0056
vn -0.0014 -1.0000 -0.0030
vn -0.0014 -0.9998 0.0220
vn 0.0001 -1.0000 -0.0056
vn 0.0002 -0.9999 -0.0133
vn -0.0014 -1.0000 -0.0030
vn -0.0014 -1.0000 -0.0030
vn 0.0002 -0.9999 -0.0133
vn 0.0001 -0.9999 -0.0158
vn 0.0027 -0.9996 0.0277
vn 0.0016 -0.9998 0.0189
vn 0.0001 -0.9999 0.0162
vn 0.0001 -0.9999 0.0162
vn 0.0015 -0.9997 0.0258
vn 0.0027 -0.9996 0.0277
vn 0.0001 -0.9999 0.0162
vn 0.0001 -1.0000 0.0079
vn 0.0015 -0.9997 0.0258
vn 0.0015 -0.9997 0.0258
vn 0.0001 -1.0000 0.0079
vn 0.0001 -1.0000 0.0051
vn 0.0002 -0.9996 0.0281
vn 0.0016 -0.9998 0.0189
vn 0.0027 -0.9996 0.0277
vn 0.0002 -0.9996 0.0281
vn 0.0027 -0.9996 0.0277
vn 0.0024 -0.9993 0.0371
vn 0.0024 -0.9993 0.0371
vn 0.0022 -0.9996 0.0293
vn 0.0002 -0.9996 0.0281
vn 0.0004 -0.9993 0.0367
vn 0.0022 -0.9996 0.0293
vn 0.0024 -0.9993 0.0371
vn 0.0004 -0.9993 0.0367
vn 0.0024 -0.9993 0.0371
vn -0.0224 -0.9978 0.0622
vn -0.0224 -0.9978 0.0622
vn 0.0026 -0.9987 0.0513
vn 0.0004 -0.9993 0.0367
vn 0.0042 -0.9967 0.0817
vn 0.0026 -0.9987 0.0513
vn -0.0224 -0.9978 0.0622
vn 0.0144 -0.9911 0.1326
vn 0.0002 -0.9951 0.0985
vn 0.0005 -0.9962 0.0876
vn 0.0144 -0.9911 0.1326
vn 0.0002 -0.9946 0.1037
vn 0.0002 -0.9951 0.0985
vn 0.0223 -0.9840 0.1769
vn 0.0387 -0.9664 0.2543
vn 0.0182 -0.9786 0.2049
vn 0.0152 -0.9765 0.2148
vn 0.0182 -0.9786 0.2049
vn 0.0453 -0.9629 0.2661
vn 0.0152 -0.9765 0.2148
vn 0.0453 -0.9629 0.2661
vn 0.0333 -0.9655 0.2582
vn 0.0831 -0.9149 0.3951
vn 0.0275 -0.9448 0.3264
vn 0.0625 -0.9458 0.3188
vn 0.0625 -0.9458 0.3188
vn 0.1518 -0.5710 0.8068
vn 0.0831 -0.9149 0.3951
vn -0.0582 -0.9167 0.3953
vn 0.0601 -0.1104 0.9921
vn 0.0896 -0.9274 0.3633
vn 0.0591 -0.9596 0.2751
vn 0.0339 -0.9333 0.3575
vn 0.0896 -0.9274 0.3633
vn 0.0591 -0.9596 0.2751
vn 0.0453 -0.9629 0.2661
vn 0.0339 -0.9333 0.3575
vn 0.0453 -0.9629 0.2661
vn 0.0387 -0.9664 0.2543
vn 0.0339 -0.9333 0.3575
vn 0.0673 -0.9479 0.3115
vn 0.0339 -0.9333 0.3575
vn 0.0240 -0.9482 0.3169
vn 0.0240 -0.9482 0.3169
vn 0.0166 -0.9743 0.2247
vn 0.0673 -0.9479 0.3115
vn 0.0729 -0.9794 0.1882
vn 0.0983 -0.9786 0.1809
vn 0.0166 -0.9743 0.2247
vn 0.0106 -0.9966 0.0823
vn 0.0983 -0.9786 0.1809
vn 0.0729 -0.9794 0.1882
vn 0.0080 -1.0000 0.0038
vn 0.3345 -0.9419 0.0302
vn 0.0311 -0.9953 -0.0917
vn 0.0185 -0.9832 -0.1816
vn 0.0311 -0.9953 -0.0917
vn 0.1180 -0.9641 -0.2377
vn 0.0265 -0.9565 -0.2906
vn 0.0831 -0.9265 -0.3670
vn -0.0235 -0.9316 -0.3629
vn 0.0265 -0.9565 -0.2906
vn 0.0890 -0.8720 -0.4813
vn 0.0831 -0.9265 -0.3670
vn 0.0505 -0.9034 0.4258
vn -0.0417 -0.9773 0.2077
vn -0.1595 -0.9775 0.1383
vn -0.4244 -0.9052 -0.0212
vn -0.0014 -1.0000 -0.0030
vn 0.0002 -0.9997 -0.0262
vn -0.4244 -0.9052 -0.0212
vn 0.0002 -0.9997 -0.0262
vn 0.0038 -0.9981 -0.0616
vn 0.0038 -0.9981 -0.0616
vn -0.0257 -0.9826 -0.1842
vn -0.4244 -0.9052 -0.0212
vn 0.0002 -0.9962 -0.0875
vn -0.0257 -0.9826 -0.1842
vn 0.0038 -0.9981 -0.0616
vn 0.0038 -0.9981 -0.0616
vn 0.0047 -0.9958 -0.0910
vn 0.0002 -0.9962 -0.0875
vn 0.0205 -0.9769 -0.2128
vn 0.0296 -0.9625 -0.2697
vn -0.0257 -0.9826 -0.1842
vn 0.1180 -0.9641 -0.2377
vn 0.0296 -0.9625 -0.2697
vn 0.0185 -0.9832 -0.1816
vn 0.1153 -0.9433 -0.3114
vn 0.0584 -0.9415 -0.3320
vn 0.1445 -0.8189 -0.5555
vn 0.0296 -0.9625 -0.2697
vn 0.0234 -0.9756 -0.2182
vn 0.0185 -0.9832 -0.1816
vn 0.0584 -0.9415 -0.3320
vn 0.1153 -0.9433 -0.3114
vn 0.0831 -0.9265 -0.3670
vn 0.0986 -0.8723 -0.4790
vn 0.0584 -0.9415 -0.3320
vn 0.0831 -0.9265 -0.3670
vn 0.0831 -0.9265 -0.3670
vn 0.0727 -0.9486 -0.3080
vn 0.0986 -0.8723 -0.4790
vn 0.0831 -0.9265 -0.3670
vn 0.0394 -0.9656 -0.2571
vn 0.0727 -0.9486 -0.3080
vn 0.0394 -0.9656 -0.2571
vn 0.0831 -0.9265 -0.3670
vn 0.0890 -0.8720 -0.4813
vn 0.0265 -0.9565 -0.2906
vn 0.0185 -0.9832 -0.1816
vn 0.0234 -0.9756 -0.2182
vn 0.0387 -0.9664 0.2543
vn 0.0240 -0.9482 0.3169
vn 0.0339 -0.9333 0.3575
vn 0.0896 -0.9274 0.3633
vn 0.0874 -0.8795 0.4677
vn 0.1518 -0.5710 0.8068
vn 0.0896 -0.9274 0.3633
vn 0.0453 -0.9629 0.2661
vn 0.0591 -0.9596 0.2751
vn 0.0896 -0.9274 0.3633
vn 0.1518 -0.5710 0.8068
vn 0.0626 -0.9278 0.3677
vn 0.0626 -0.9278 0.3677
vn 0.0558 -0.9481 0.3130
vn 0.0896 -0.9274 0.3633
vn 0.0453 -0.9629 0.2661
vn 0.0896 -0.9274 0.3633
vn 0.0558 -0.9481 0.3130
vn -0.4244 -0.9052 -0.0212
vn -0.0224 -0.9978 0.0622
vn -0.0014 -0.9998 0.0220
vn -0.0014 -0.9998 0.0220
vn -0.0224 -0.9978 0.0622
vn 0.0015 -0.9997 0.0258
vn -0.0224 -0.9978 0.0622
vn 0.0027 -0.9996 0.0277
vn 0.0015 -0.9997 0.0258
vn -0.0224 -0.9978 0.0622
vn 0.0024 -0.9993 0.0371
vn 0.0027 -0.9996 0.0277
vn 0.0092 -0.9945 0.1048
vn 0.0042 -0.9967 0.0817
vn -0.0224 -0.9978 0.0622
vn 0.0092 -0.9945 0.1048
vn 0.0144 -0.9911 0.1326
vn 0.0042 -0.9967 0.0817
vn 0.0625 -0.9458 0.3188
vn 0.0333 -0.9655 0.2582
vn 0.0453 -0.9629 0.2661
vn 0.0144 -0.9911 0.1326
vn 0.0092 -0.9945 0.1048
vn -0.0417 -0.9773 0.2077
vn 0.0144 -0.9911 0.1326
vn -0.0417 -0.9773 0.2077
vn 0.0166 -0.9743 0.2247
vn 0.0166 -0.9743 0.2247
vn 0.0223 -0.9840 0.1769
vn 0.0144 -0.9911 0.1326
vn 0.0223 -0.9840 0.1769
vn 0.0166 -0.9743 0.2247
vn 0.0240 -0.9482 0.3169
vn 0.0275 -0.9448 0.3264
vn 0.0333 -0.9655 0.2582
vn 0.0625 -0.9458 0.3188
vn 0.0626 -0.9278 0.3677
vn 0.1518 -0.5710 0.8068
vn 0.0625 -0.9458 0.3188
vn 0.0558 -0.9481 0.3130
vn 0.0626 -0.9278 0.3677
vn 0.0625 -0.9458 0.3188
vn 0.0625 -0.9458 0.3188
vn 0.0453 -0.9629 0.2661
vn 0.0558 -0.9481 0.3130
vn 0.0453 -0.9629 0.2661
vn 0.0182 -0.9786 0.2049
vn 0.0387 -0.9664 0.2543
vn 0.0240 -0.9482 0.3169
vn 0.0387 -0.9664 0.2543
vn 0.0223 -0.9840 0.1769
vn -0.0417 -0.9773 0.2077
vn 0.0505 -0.9034 0.4258
vn 0.0166 -0.9743 0.2247
vn -0.0224 -0.9978 0.0622
vn -0.0417 -0.9773 0.2077
vn 0.0092 -0.9945 0.1048
vn -0.0417 -0.9773 0.2077
vn -0.0224 -0.9978 0.0622
vn -0.1595 -0.9775 0.1383
vn 0.0986 -0.8723 -0.4790
vn 0.0330 -0.9515 -0.3060
vn 0.0935 -0.4686 -0.8785
vn 0.0002 -0.9962 -0.0875
vn -0.0018 -0.9927 -0.1203
vn -0.0257 -0.9826 -0.1842
vn -0.0257 -0.9826 -0.1842
vn -0.0018 -0.9927 -0.1203
vn -0.0000 -0.9898 -0.1425
vn -0.0257 -0.9826 -0.1842
vn -0.0000 -0.9898 -0.1425
vn 0.0205 -0.9769 -0.2128
vn 0.0234 -0.9756 -0.2182
vn 0.0296 -0.9625 -0.2697
vn 0.0205 -0.9769 -0.2128
vn 0.0234 -0.9756 -0.2182
vn 0.0205 -0.9769 -0.2128
vn 0.0394 -0.9656 -0.2571
vn 0.0394 -0.9656 -0.2571
vn 0.0265 -0.9565 -0.2906
vn 0.0234 -0.9756 -0.2182
vn 0.0394 -0.9656 -0.2571
vn 0.0890 -0.8720 -0.4813
vn 0.0265 -0.9565 -0.2906
vn 0.0727 -0.9486 -0.3080
vn 0.0394 -0.9656 -0.2571
vn 0.0330 -0.9515 -0.3060
vn 0.0330 -0.9515 -0.3060
vn 0.0986 -0.8723 -0.4790
vn 0.0727 -0.9486 -0.3080
vn -0.9854 0.0373 -0.1664
vn -0.9854 0.0373 -0.1664
vn -0.9854 0.0373 -0.1664
vn 0.3345 -0.9419 0.0302
vn 0.2802 -0.9541 -0.1059
vn 0.0311 -0.9953 -0.0917
vn 0.3345 -0.9419 0.0302
vn 0.0080 -1.0000 0.0038
vn 0.0106 -0.9966 0.0823
vn 0.0296 -0.9625 -0.2697
vn 0.1180 -0.9641 -0.2377
vn -0.0257 -0.9826 -0.1842
vn 0.0311 -0.9953 -0.0917
vn 0.2802 -0.9541 -0.1059
vn 0.1180 -0.9641 -0.2377
vn 0.2089 0.7405 -0.6387
vn 0.2089 0.7405 -0.6387
vn 0.2089 0.7405 -0.6387
vn -0.1409 -0.9748 -0.1732
vn -0.2567 -0.9612 -0.1007
vn -0.0257 -0.9826 -0.1842
vn -0.1409 -0.9748 -0.1732
vn -0.0257 -0.9826 -0.1842
vn 0.1710 -0.8751 -0.4526
vn 0.2959 -0.9431 0.1519
vn 0.0778 -0.9965 -0.0289
vn 0.3345 -0.9419 0.0302
vn 0.2802 -0.9541 -0.1059
vn 0.3345 -0.9419 0.0302
vn 0.0339 -0.9928 0.1147
vn 0.0339 -0.9928 0.1147
vn 0.0364 -0.9989 -0.0292
vn 0.2802 -0.9541 -0.1059
vn 0.3345 -0.9419 0.0302
vn 0.8732 -0.4698 0.1298
vn 0.2959 -0.9431 0.1519
vn -0.9385 0.3306 -0.0997
vn -0.9385 0.3306 -0.0997
vn -0.9385 0.3306 -0.0997
vn -0.2567 -0.9612 -0.1007
vn -0.0061 -1.0000 0.0021
vn -0.5011 -0.8631 -0.0633
vn -0.5011 -0.8631 -0.0633
vn -0.1066 -0.9943 -0.0026
vn -0.4244 -0.9052 -0.0212
vn -0.1066 -0.9943 -0.0026
vn -0.1825 -0.9816 0.0554
vn -0.4244 -0.9052 -0.0212
vn -0.1825 -0.9816 0.0554
vn -0.1595 -0.9775 0.1383
vn -0.4244 -0.9052 -0.0212
vn 0.0729 -0.9794 0.1882
vn 0.0166 -0.9743 0.2247
vn 0.0505 -0.9034 0.4258
vn 0.3345 -0.9419 0.0302
vn 0.0106 -0.9966 0.0823
vn 0.0729 -0.9794 0.1882
vn -0.0224 -0.9978 0.0622
vn -0.4244 -0.9052 -0.0212
vn -0.1595 -0.9775 0.1383
vn -0.0205 -0.9962 -0.0850
vn 0.0111 -0.9872 -0.1593
vn 0.0778 -0.9965 -0.0289
vn -0.0931 -0.9513 0.2938
vn 0.0885 -0.9961 0.0005
vn 0.0000 -1.0000 0.0000
vn 0.0000 -1.0000 0.0000
vn 0.0000 -1.0000 0.0000
vn -0.0931 -0.9513 0.2938
vn -0.0931 -0.9513 0.2938
vn 0.0000 -1.0000 0.0000
vn 0.0000 -1.0000 0.0000
vn 0.0000 -1.0000 0.0000
vn 0.4411 -0.6647 -0.6031
vn -0.0931 -0.9513 0.2938
vn -0.0931 -0.9513 0.2938
vn 0.4411 -0.6647 -0.6031
vn 0.2828 -0.7133 -0.6412
vn -0.0931 -0.9513 0.2938
vn 0.2828 -0.7133 -0.6412
vn 0.1044 -0.8502 -0.5160
vn -0.2728 -0.8379 0.4727
vn -0.0931 -0.9513 0.2938
vn 0.1044 -0.8502 -0.5160
vn 0.1044 -0.8502 -0.5160
vn -0.0085 -0.8915 -0.4530
vn -0.2728 -0.8379 0.4727
vn 0.0505 -0.9034 0.4258
vn 0.0856 -0.9729 0.2147
vn 0.0856 -0.9729 0.2147
vn -0.0085 -0.8915 -0.4530
vn -0.0205 -0.9962 -0.0850
vn -0.0708 -0.9963 0.0497
vn -0.0708 -0.9963 0.0497
vn 0.0000 -1.0000 0.0000
vn -0.0085 -0.8915 -0.4530
vn -0.0085 -0.8915 -0.4530
vn 0.0000 -1.0000 0.0000
vn -0.2728 -0.8379 0.4727
vn 0.0364 -0.9746 0.2211
vn 0.0364 -0.9746 0.2211
vn 0.0505 -0.9034 0.4258
vn 0.3345 -0.9419 0.0302
vn 0.0778 -0.9965 -0.0289
vn 0.0111 -0.9872 -0.1593
vn 0.2802 -0.9541 -0.1059
vn 0.0384 -0.9993 0.0041
vn 0.0384 -0.9993 0.0041
vn -0.3169 -0.9196 -0.2320
vn 0.0370 -0.9992 0.0125
vn 0.2802 -0.9541 -0.1059
vn 0.2802 -0.9541 -0.1059
vn 0.0364 -0.9989 -0.0292
vn -0.3169 -0.9196 -0.2320
vn -0.0001 -1.0000 -0.0001
vn -0.3169 -0.9196 -0.2320
vn 0.0364 -0.9989 -0.0292
vn 0.0505 -0.9034 0.4258
vn 0.1417 -0.9674 0.2097
vn 0.0226 -0.9994 0.0243
vn 0.0778 -0.9965 -0.0289
vn -0.0708 -0.9963 0.0497
vn -0.0205 -0.9962 -0.0850
vn -0.3050 -0.9437 0.1279
vn -0.0708 -0.9963 0.0497
vn 0.0778 -0.9965 -0.0289
vn 0.0403 -0.9992 -0.0043
vn -0.1874 -0.9724 -0.1391
vn 0.2802 -0.9541 -0.1059
vn 0.1180 -0.9641 -0.2377
vn 0.2802 -0.9541 -0.1059
vn -0.1874 -0.9724 -0.1391
vn 0.1710 -0.8751 -0.4526
vn 0.1180 -0.9641 -0.2377
vn 0.0264 -0.9886 0.1481
vn 0.0264 -0.9886 0.1481
vn 0.0071 -0.9999 -0.0105
vn 0.1710 -0.8751 -0.4526
vn 0.0041 -0.9999 -0.0104
vn 0.0041 -0.9999 -0.0104
vn 0.1710 -0.8751 -0.4526
vn -0.1595 -0.9775 0.1383
vn -0.0719 -0.9938 0.0846
vn -0.0719 -0.9938 0.0846
vn -0.0556 -0.9929 0.1050
vn 0.1138 -0.9935 -0.0001
vn -0.1595 -0.9775 0.1383
vn 0.1138 -0.9935 -0.0001
vn -0.0675 -0.9680 0.2417
vn 0.0505 -0.9034 0.4258
vn 0.1138 -0.9935 -0.0001
vn 0.0505 -0.9034 0.4258
vn -0.1595 -0.9775 0.1383
vn -0.0123 -0.9732 0.2296
vn -0.0123 -0.9732 0.2296
vn 0.0505 -0.9034 0.4258
vn 0.2365 -0.9684 0.0798
vn -0.1983 -0.9596 0.1996
vn 0.0729 -0.9794 0.1882
vn -0.1983 -0.9596 0.1996
vn -0.0002 -1.0000 -0.0000
vn 0.2959 -0.9431 0.1519
vn 0.2959 -0.9431 0.1519
vn 0.0729 -0.9794 0.1882
vn -0.1983 -0.9596 0.1996
vn 0.1180 -0.9641 -0.2377
vn 0.1506 -0.9783 -0.1424
vn 0.0264 -0.9886 0.1481
vn 0.0729 -0.9794 0.1882
vn 0.0226 -0.9994 0.0243
vn 0.1835 -0.9676 0.1736
vn 0.0729 -0.9794 0.1882
vn 0.0505 -0.9034 0.4258
vn 0.0226 -0.9994 0.0243
vn 0.0729 -0.9794 0.1882
vn 0.2093 -0.9697 0.1259
vn 0.2093 -0.9697 0.1259
vn 0.0778 -0.9965 -0.0289
vn 0.2959 -0.9431 0.1519
vn -0.3050 -0.9437 0.1279
vn -0.0002 -1.0000 0.0001
vn -0.3050 -0.9437 0.1279
vn 0.2959 -0.9431 0.1519
vn -0.0002 -1.0000 0.0000
vn -0.0002 -1.0000 0.0000
vn 0.2959 -0.9431 0.1519
vn 0.0111 -0.9872 -0.1593
vn -0.2177 -0.9363 -0.2756
vn 0.0339 -0.9928 0.1147
vn 0.0339 -0.9928 0.1147
vn -0.4225 -0.8016 0.4231
vn 0.0111 -0.9872 -0.1593
vn -0.2177 -0.9363 -0.2756
vn -0.0001 -1.0000 -0.0001
vn 0.0364 -0.9989 -0.0292
vn 0.0364 -0.9989 -0.0292
vn 0.0339 -0.9928 0.1147
vn -0.2177 -0.9363 -0.2756
vn -0.1595 -0.9775 0.1383
vn -0.0877 -0.9939 0.0667
vn -0.0877 -0.9939 0.0667
vn 0.1180 -0.9641 -0.2377
vn -0.1874 -0.9724 -0.1391
vn 0.1899 -0.9797 -0.0641
vn 0.1698 -0.9802 -0.1021
vn 0.1698 -0.9802 -0.1021
vn 0.1180 -0.9641 -0.2377
vn 0.0007 -1.0000 0.0013
vn 0.0007 -1.0000 0.0013
vn -0.1409 -0.9748 -0.1732
vn -0.1595 -0.9775 0.1383
vn -0.1825 -0.9816 0.0554
vn 0.2242 -0.9703 0.0903
vn 0.0000 -1.0000 -0.0000
vn 0.2242 -0.9703 0.0903
vn -0.1825 -0.9816 0.0554
vn 0.1513 -0.9585 0.2415
vn -0.0000 -1.0000 0.0000
vn -0.1825 -0.9816 0.0554
vn 0.1710 -0.8751 -0.4526
vn 0.0017 -0.9999 -0.0104
vn 0.0017 -0.9999 -0.0104
vn 0.1710 -0.8751 -0.4526
vn -0.0006 -0.9999 -0.0106
vn 0.0502 -0.9475 0.3159
vn 0.1513 -0.9585 0.2415
vn -0.1825 -0.9816 0.0554
vn -0.1066 -0.9943 -0.0026
vn 0.0478 -0.9879 0.1477
vn 0.1513 -0.9585 0.2415
vn -0.1066 -0.9943 -0.0026
vn -0.1066 -0.9943 -0.0026
vn -0.5011 -0.8631 -0.0633
vn 0.0478 -0.9879 0.1477
vn -0.1595 -0.9775 0.1383
vn 0.2242 -0.9703 0.0903
vn -0.1200 -0.9922 0.0336
vn 0.0502 -0.9475 0.3159
vn 0.0004 -1.0000 0.0016
vn -0.1409 -0.9748 -0.1732
vn -0.1409 -0.9748 -0.1732
vn 0.1710 -0.8751 -0.4526
vn 0.0502 -0.9475 0.3159
vn 0.0011 -1.0000 0.0010
vn 0.4472 -0.8614 0.2408
vn -0.1409 -0.9748 -0.1732
vn -0.2567 -0.9612 -0.1007
vn 0.4472 -0.8614 0.2408
vn 0.0885 -0.9961 0.0005
vn -0.0061 -1.0000 0.0021
vn -0.2567 -0.9612 -0.1007
vn 0.0885 -0.9961 0.0005
vn -0.5011 -0.8631 -0.0633
vn -0.0061 -1.0000 0.0021
vn 0.0478 -0.9879 0.1477
vn 0.0114 -0.9960 0.0889
vn 0.0478 -0.9879 0.1477
vn -0.0061 -1.0000 0.0021
vn -0.0061 -1.0000 0.0021
vn 0.0885 -0.9961 0.0005
vn 0.0114 -0.9960 0.0889
vn 0.0885 -0.9961 0.0005
vn -0.0583 -0.7689 0.6367
vn 0.0114 -0.9960 0.0889
vn 0.0885 -0.9961 0.0005
vn -0.0931 -0.9513 0.2938
vn -0.0583 -0.7689 0.6367
vn 0.4472 -0.8614 0.2408
vn -0.2567 -0.9612 -0.1007
vn -0.1409 -0.9748 -0.1732
vn 0.9287 -0.2470 -0.2768
vn 0.9764 0.0000 -0.2160
vn 0.9923 -0.0192 0.1226
vn 0.9923 -0.0192 0.1226
vn 0.9955 0.0000 0.0946
vn 0.9955 0.0000 0.0946
vn 0.7966 -0.0466 0.6027
vn 0.7196 -0.4957 0.4862
vn 0.9923 -0.0192 0.1226
vn 0.7220 -0.0492 0.6901
vn 0.7623 -0.2657 0.5902
vn 0.7196 -0.4957 0.4862
vn 0.7532 -0.0324 0.6570
vn 0.7196 -0.4957 0.4862
vn 0.7623 -0.2657 0.5902
vn 0.7623 -0.2657 0.5902
vn 0.3181 -0.3325 0.8878
vn 0.7532 -0.0324 0.6570
vn 0.1961 -0.0792 0.9774
vn 0.7532 -0.0324 0.6570
vn 0.3181 -0.3325 0.8878
vn 0.3181 -0.3325 0.8878
vn 0.2695 0.0000 0.9630
vn 0.1961 -0.0792 0.9774
vn -0.0246 -0.2658 0.9637
vn 0.1961 -0.0792 0.9774
vn 0.0531 0.0000 0.9986
vn 0.0531 0.0000 0.9986
vn -0.0850 -0.3622 0.9282
vn -0.0246 -0.2658 0.9637
vn -0.2335 -0.0220 0.9721
vn -0.0246 -0.2658 0.9637
vn -0.0850 -0.3622 0.9282
vn -0.0850 -0.3622 0.9282
vn -0.2831 -0.3548 0.8911
vn -0.2335 -0.0220 0.9721
vn -0.4364 -0.0100 0.8997
vn -0.2335 -0.0220 0.9721
vn -0.2831 -0.3548 0.8911
vn -0.2831 -0.3548 0.8911
vn -0.4718 -0.3282 0.8183
vn -0.4364 -0.0100 0.8997
vn -0.6184 -0.0026 0.7859
vn -0.4364 -0.0100 0.8997
vn -0.4718 -0.3282 0.8183
vn -0.4718 -0.3282 0.8183
vn -0.5599 0.0000 0.8286
vn -0.6184 -0.0026 0.7859
vn -0.6896 -0.4411 0.5744
vn -0.6184 -0.0026 0.7859
vn -0.7280 0.0000 0.6855
vn -0.7265 -0.0001 0.6872
vn -0.7434 -0.4189 0.5215
vn -0.6896 -0.4411 0.5744
vn -0.8913 -0.0026 0.4535
vn -0.6896 -0.4411 0.5744
vn -0.7434 -0.4189 0.5215
vn -0.7434 -0.4189 0.5215
vn -0.8330 -0.4317 0.3461
vn -0.8913 -0.0026 0.4535
vn -0.9684 -0.0102 0.2493
vn -0.8913 -0.0026 0.4535
vn -0.8330 -0.4317 0.3461
vn -0.8330 -0.4317 0.3461
vn -0.9476 0.0000 0.3196
vn -0.9684 -0.0102 0.2493
vn -0.9439 -0.3301 -0.0054
vn -0.9684 -0.0102 0.2493
vn -0.9943 0.0000 0.1064
vn -0.9943 0.0000 0.1064
vn -0.9228 -0.3839 -0.0335
vn -0.9439 -0.3301 -0.0054
vn -0.9663 -0.1869 -0.1771
vn -0.9439 -0.3301 -0.0054
vn -0.9228 -0.3839 -0.0335
vn -0.9228 -0.3839 -0.0335
vn -0.8916 -0.3897 -0.2308
vn -0.9663 -0.1869 -0.1771
vn -0.9058 -0.1838 -0.3817
vn -0.9663 -0.1869 -0.1771
vn -0.8916 -0.3897 -0.2308
vn -0.8916 -0.3897 -0.2308
vn -0.9476 0.0000 -0.3196
vn -0.9058 -0.1838 -0.3817
vn -0.8036 -0.1770 -0.5683
vn -0.9058 -0.1838 -0.3817
vn -0.8570 0.0000 -0.5153
vn -0.8570 0.0000 -0.5153
vn -0.7015 -0.4203 -0.5755
vn -0.8036 -0.1770 -0.5683
vn -0.6634 -0.1668 -0.7294
vn -0.8036 -0.1770 -0.5683
vn -0.7015 -0.4203 -0.5755
vn -0.7015 -0.4203 -0.5755
vn -0.7251 0.0000 -0.6887
vn -0.6634 -0.1668 -0.7294
vn -0.4929 -0.1538 -0.8564
vn -0.6634 -0.1668 -0.7294
vn -0.5612 0.0000 -0.8277
vn -0.5612 0.0000 -0.8277
vn -0.5612 0.0000 -0.8277
vn -0.4929 -0.1538 -0.8564
vn -0.2983 -0.1385 -0.9444
vn -0.4929 -0.1538 -0.8564
vn -0.3704 0.0000 -0.9289
vn -0.3704 0.0000 -0.9289
vn -0.3704 0.0000 -0.9289
vn -0.2983 -0.1385 -0.9444
vn -0.0889 -0.1215 -0.9886
vn -0.2983 -0.1385 -0.9444
vn -0.1626 0.0000 -0.9867
vn -0.1626 0.0000 -0.9867
vn -0.1626 0.0000 -0.9867
vn -0.0889 -0.1215 -0.9886
vn 0.1266 -0.1033 -0.9866
vn -0.0889 -0.1215 -0.9886
vn 0.0531 0.0000 -0.9986
vn 0.0531 0.0000 -0.9986
vn 0.0531 0.0000 -0.9986
vn 0.1266 -0.1033 -0.9866
vn 0.3375 -0.0853 -0.9375
vn 0.1266 -0.1033 -0.9866
vn 0.2695 0.0000 -0.9630
vn 0.2695 0.0000 -0.9630
vn 0.2828 -0.7133 -0.6412
vn 0.3375 -0.0853 -0.9375
vn 0.5301 -0.0682 -0.8452
vn 0.3375 -0.0853 -0.9375
vn 0.2828 -0.7133 -0.6412
vn 0.2828 -0.7133 -0.6412
vn 0.4411 -0.6647 -0.6031
vn 0.5301 -0.0682 -0.8452
vn 0.7011 -0.0526 -0.7111
vn 0.5301 -0.0682 -0.8452
vn 0.4411 -0.6647 -0.6031
vn 0.4411 -0.6647 -0.6031
vn 0.6121 -0.5798 -0.5378
vn 0.7011 -0.0526 -0.7111
vn 0.8385 -0.0395 -0.5434
vn 0.7011 -0.0526 -0.7111
vn 0.6121 -0.5798 -0.5378
vn 0.6121 -0.5798 -0.5378
vn 0.7841 -0.4444 -0.4333
vn 0.8385 -0.0395 -0.5434
vn 0.9354 -0.0295 -0.3524
vn 0.8385 -0.0395 -0.5434
vn 0.7841 -0.4444 -0.4333
vn 0.7841 -0.4444 -0.4333
vn 0.9287 -0.2470 -0.2768
vn 0.9354 -0.0295 -0.3524
vn 0.9923 -0.0192 0.1226
vn 0.9354 -0.0295 -0.3524
vn 0.9287 -0.2470 -0.2768
vn 0.9354 -0.0295 -0.3524
vn 0.9923 -0.0192 0.1226
vn 0.7196 -0.4957 0.4862
vn 0.8385 -0.0395 -0.5434
vn 0.9354 -0.0295 -0.3524
vn 0.7196 -0.4957 0.4862
vn 0.7011 -0.0526 -0.7111
vn 0.8385 -0.0395 -0.5434
vn 0.5449 -0.7300 -0.4125
vn 0.3737 -0.8166 -0.4400
vn 0.3737 -0.8166 -0.4400
vn 0.3737 -0.8166 -0.4400
vn 0.2260 -0.8752 -0.4277
vn 0.2260 -0.8752 -0.4277
vn 0.2260 -0.8752 -0.4277
vn 0.1104 -0.9123 -0.3944
vn 0.1104 -0.9123 -0.3944
vn 0.1104 -0.9123 -0.3944
vn 0.0186 -0.9365 -0.3502
vn 0.0186 -0.9365 -0.3502
vn 0.0186 -0.9365 -0.3502
vn -0.0500 -0.9516 -0.3032
vn -0.0500 -0.9516 -0.3032
vn -0.0500 -0.9516 -0.3032
vn -0.1019 -0.9614 -0.2555
vn -0.1019 -0.9614 -0.2555
vn -0.1019 -0.9614 -0.2555
vn -0.1412 -0.9678 -0.2083
vn -0.1412 -0.9678 -0.2083
vn -0.1412 -0.9678 -0.2083
vn -0.1705 -0.9719 -0.1620
vn -0.1705 -0.9719 -0.1620
vn -0.1705 -0.9719 -0.1620
vn -0.1922 -0.9745 -0.1156
vn -0.1922 -0.9745 -0.1156
vn -0.1922 -0.9745 -0.1156
vn -0.2070 -0.9759 -0.0698
vn -0.2070 -0.9759 -0.0698
vn -0.2070 -0.9759 -0.0698
vn -0.2158 -0.9762 -0.0232
vn -0.2158 -0.9762 -0.0232
vn -0.2158 -0.9762 -0.0232
vn -0.2061 -0.9680 -0.1430
vn -0.2061 -0.9680 -0.1430
vn -0.2061 -0.9680 -0.1430
vn -0.9684 -0.0102 0.2493
vn -0.9439 -0.3301 -0.0054
vn -0.6896 -0.4411 0.5744
vn -0.8913 -0.0026 0.4535
vn -0.9684 -0.0102 0.2493
vn -0.6896 -0.4411 0.5744
vn -0.4364 -0.0100 0.8997
vn -0.6184 -0.0026 0.7859
vn -0.6896 -0.4411 0.5744
vn -0.2335 -0.0220 0.9721
vn -0.4364 -0.0100 0.8997
vn -0.6896 -0.4411 0.5744
vn -0.0246 -0.2658 0.9637
vn -0.0727 -0.8944 0.4414
vn -0.6896 -0.4411 0.5744
vn -0.6896 -0.4411 0.5744
vn -0.0371 -0.9227 0.3838
vn -0.0371 -0.9227 0.3838
vn 0.0230 -0.9014 0.4324
vn -0.0246 -0.2658 0.9637
vn 0.7196 -0.4957 0.4862
vn 0.1391 -0.8566 0.4969
vn 0.1391 -0.8566 0.4969
vn 0.7196 -0.4957 0.4862
vn 0.8626 -0.0356 0.5046
vn 0.8150 -0.3992 0.4201
vn 0.9166 -0.3692 0.1536
vn 0.8439 -0.0282 0.5357
vn 0.9166 -0.3692 0.1536
vn 0.8150 -0.3992 0.4201
vn 0.8150 -0.3992 0.4201
vn 0.6473 0.0000 0.7622
vn 0.8439 -0.0282 0.5357
vn 0.4017 -0.0581 0.9139
vn 0.8439 -0.0282 0.5357
vn 0.4684 0.0000 0.8835
vn 0.4684 0.0000 0.8835
vn 0.4684 0.0000 0.8835
vn 0.4017 -0.0581 0.9139
vn 0.1960 -0.0734 0.9779
vn 0.4017 -0.0581 0.9139
vn 0.2688 0.0000 0.9632
vn 0.2688 0.0000 0.9632
vn 0.2688 0.0000 0.9632
vn 0.1960 -0.0734 0.9779
vn -0.0203 -0.0903 0.9957
vn 0.1960 -0.0734 0.9779
vn 0.0533 0.0000 0.9986
vn 0.0533 0.0000 0.9986
vn 0.0533 0.0000 0.9986
vn -0.0203 -0.0903 0.9957
vn -0.2330 -0.1076 0.9665
vn -0.0203 -0.0903 0.9957
vn -0.1626 0.0000 0.9867
vn -0.1626 0.0000 0.9867
vn -0.1626 0.0000 0.9867
vn -0.2330 -0.1076 0.9665
vn -0.4336 -0.1246 0.8925
vn -0.2330 -0.1076 0.9665
vn -0.3695 0.0000 0.9292
vn -0.3695 0.0000 0.9292
vn -0.3695 0.0000 0.9292
vn -0.4336 -0.1246 0.8925
vn -0.6146 -0.1408 0.7762
vn -0.4336 -0.1246 0.8925
vn -0.5612 0.0000 0.8277
vn -0.5612 0.0000 0.8277
vn -0.5205 -0.6366 0.5690
vn -0.6146 -0.1408 0.7762
vn -0.7657 -0.1551 0.6243
vn -0.6146 -0.1408 0.7762
vn -0.5205 -0.6366 0.5690
vn -0.5205 -0.6366 0.5690
vn -0.7265 0.0000 0.6872
vn -0.7657 -0.1551 0.6243
vn -0.8800 -0.1668 0.4447
vn -0.7657 -0.1551 0.6243
vn -0.8570 0.0000 0.5153
vn -0.8570 0.0000 0.5153
vn -0.8570 0.0000 0.5153
vn -0.8800 -0.1668 0.4447
vn -0.9533 -0.1757 0.2455
vn -0.8800 -0.1668 0.4447
vn -0.9476 0.0000 0.3196
vn -0.9476 0.0000 0.3196
vn -0.9204 -0.3526 0.1689
vn -0.9533 -0.1757 0.2455
vn -0.9828 -0.1815 0.0345
vn -0.9533 -0.1757 0.2455
vn -0.9204 -0.3526 0.1689
vn -0.9204 -0.3526 0.1689
vn -0.9369 -0.3480 -0.0343
vn -0.9828 -0.1815 0.0345
vn -0.9666 -0.1835 -0.1787
vn -0.9828 -0.1815 0.0345
vn -0.9369 -0.3480 -0.0343
vn -0.9369 -0.3480 -0.0343
vn -0.9940 0.0000 -0.1092
vn -0.9666 -0.1835 -0.1787
vn -0.9061 -0.1820 -0.3819
vn -0.9666 -0.1835 -0.1787
vn -0.9476 0.0000 -0.3196
vn -0.9476 0.0000 -0.3196
vn -0.7924 -0.4547 -0.4067
vn -0.9061 -0.1820 -0.3819
vn -0.8040 -0.1768 -0.5678
vn -0.9061 -0.1820 -0.3819
vn -0.7924 -0.4547 -0.4067
vn -0.7924 -0.4547 -0.4067
vn -0.6876 -0.4526 -0.5678
vn -0.8040 -0.1768 -0.5678
vn -0.6636 -0.1684 -0.7289
vn -0.8040 -0.1768 -0.5678
vn -0.6876 -0.4526 -0.5678
vn -0.6876 -0.4526 -0.5678
vn -0.7265 0.0000 -0.6872
vn -0.6636 -0.1684 -0.7289
vn -0.4918 -0.1568 -0.8565
vn -0.6636 -0.1684 -0.7289
vn -0.5599 0.0000 -0.8286
vn -0.5599 0.0000 -0.8286
vn -0.3994 -0.3838 -0.8325
vn -0.4918 -0.1568 -0.8565
vn -0.2980 -0.1430 -0.9438
vn -0.4918 -0.1568 -0.8565
vn -0.3994 -0.3838 -0.8325
vn -0.3994 -0.3838 -0.8325
vn -0.2098 -0.4048 -0.8900
vn -0.2980 -0.1430 -0.9438
vn -0.0888 -0.1271 -0.9879
vn -0.2980 -0.1430 -0.9438
vn -0.2098 -0.4048 -0.8900
vn -0.2098 -0.4048 -0.8900
vn -0.0138 -0.4058 -0.9138
vn -0.0888 -0.1271 -0.9879
vn 0.1267 -0.1101 -0.9858
vn -0.0888 -0.1271 -0.9879
vn -0.0138 -0.4058 -0.9138
vn -0.0138 -0.4058 -0.9138
vn 0.1862 -0.3860 -0.9035
vn 0.1267 -0.1101 -0.9858
vn 0.3370 -0.0926 -0.9369
vn 0.1267 -0.1101 -0.9858
vn 0.1862 -0.3860 -0.9035
vn 0.1862 -0.3860 -0.9035
vn 0.2688 0.0000 -0.9632
vn 0.3370 -0.0926 -0.9369
vn 0.5307 -0.0758 -0.8442
vn 0.3370 -0.0926 -0.9369
vn 0.4684 0.0000 -0.8835
vn 0.4684 0.0000 -0.8835
vn 0.5415 -0.4051 -0.7367
vn 0.5307 -0.0758 -0.8442
vn 0.7004 -0.0602 -0.7112
vn 0.5307 -0.0758 -0.8442
vn 0.5415 -0.4051 -0.7367
vn 0.5415 -0.4051 -0.7367
vn 0.6827 -0.4179 -0.5993
vn 0.7004 -0.0602 -0.7112
vn 0.9870 -0.0168 -0.1599
vn 0.7004 -0.0602 -0.7112
vn 0.6827 -0.4179 -0.5993
vn 0.6827 -0.4179 -0.5993
vn 0.9280 -0.3506 -0.1259
vn 0.9870 -0.0168 -0.1599
vn 0.9166 -0.3692 0.1536
vn 0.9870 -0.0168 -0.1599
vn 0.9280 -0.3506 -0.1259
vn 0.9280 -0.3506 -0.1259
vn 0.9621 -0.0438 -0.2691
vn 0.9166 -0.3692 0.1536
vn 0.7004 -0.0602 -0.7112
vn 0.5128 -0.7648 -0.3900
vn 0.9166 -0.3692 0.1536
vn 0.3558 -0.8354 -0.4189
vn 0.3558 -0.8354 -0.4189
vn 0.3558 -0.8354 -0.4189
vn 0.2189 -0.8841 -0.4128
vn 0.2189 -0.8841 -0.4128
vn 0.2189 -0.8841 -0.4128
vn 0.1078 -0.9161 -0.3863
vn 0.1078 -0.9161 -0.3863
vn 0.1078 -0.9161 -0.3863
vn 0.0186 -0.9372 -0.3484
vn 0.0186 -0.9372 -0.3484
vn 0.0186 -0.9372 -0.3484
vn -0.0504 -0.9508 -0.3058
vn -0.0504 -0.9508 -0.3058
vn -0.0504 -0.9508 -0.3058
vn -0.1041 -0.9597 -0.2610
vn -0.1041 -0.9597 -0.2610
vn -0.1041 -0.9597 -0.2610
vn -0.1456 -0.9656 -0.2155
vn -0.1456 -0.9656 -0.2155
vn -0.1456 -0.9656 -0.2155
vn -0.1782 -0.9694 -0.1686
vn -0.1782 -0.9694 -0.1686
vn -0.1782 -0.9694 -0.1686
vn -0.2025 -0.9717 -0.1218
vn -0.2025 -0.9717 -0.1218
vn -0.2025 -0.9717 -0.1218
vn -0.2199 -0.9727 -0.0742
vn -0.2199 -0.9727 -0.0742
vn -0.2199 -0.9727 -0.0742
vn -0.2309 -0.9726 -0.0254
vn -0.2309 -0.9726 -0.0254
vn -0.2309 -0.9726 -0.0254
vn -0.2359 -0.9714 0.0260
vn -0.2359 -0.9714 0.0260
vn -0.2359 -0.9714 0.0260
vn -0.2342 -0.9690 0.0790
vn -0.2342 -0.9690 0.0790
vn -0.2342 -0.9690 0.0790
vn -0.2250 -0.9649 0.1353
vn -0.2250 -0.9649 0.1353
vn -0.2250 -0.9649 0.1353
vn -0.2067 -0.9586 0.1956
vn -0.2067 -0.9586 0.1956
vn -0.2067 -0.9586 0.1956
vn -0.1768 -0.9491 0.2608
vn -0.1768 -0.9491 0.2608
vn -0.1768 -0.9491 0.2608
vn -0.1315 -0.9345 0.3308
vn -0.1315 -0.9345 0.3308
vn -0.1315 -0.9345 0.3308
vn -0.0665 -0.9125 0.4037
vn -0.0665 -0.9125 0.4037
vn -0.0665 -0.9125 0.4037
vn 0.0255 -0.8785 0.4771
vn 0.0255 -0.8785 0.4771
vn 0.0255 -0.8785 0.4771
vn 0.1514 -0.8263 0.5426
vn 0.1514 -0.8263 0.5426
vn 0.1514 -0.8263 0.5426
vn 0.3085 -0.7525 0.5819
vn 0.4017 -0.0581 0.9139
vn 0.9166 -0.3692 0.1536
vn 0.0282 -0.0894 0.9956
vn -0.0536 -0.0780 0.9955
vn 0.0300 -0.1018 0.9944
vn 0.0282 -0.0894 0.9956
vn -0.0917 -0.0605 0.9940
vn -0.0536 -0.0780 0.9955
vn -0.0536 -0.0780 0.9955
vn -0.0917 -0.0605 0.9940
vn -0.0581 0.0437 0.9974
vn 0.1999 0.5434 0.8154
vn 0.2821 0.7830 0.5544
vn 0.2821 0.7830 0.5544
vn 0.0300 -0.1018 0.9944
vn -0.0259 -0.0563 0.9981
vn 0.1999 0.5434 0.8154
vn -0.0014 0.0339 0.9994
vn 0.1999 0.5434 0.8154
vn -0.0259 -0.0563 0.9981
vn -0.0259 -0.0563 0.9981
vn -0.1903 0.2704 0.9437
vn -0.0014 0.0339 0.9994
vn 0.0211 0.0001 0.9998
vn 0.1076 0.0157 0.9941
vn -0.0039 0.0213 0.9998
vn -0.1903 0.2704 0.9437
vn 0.0024 0.0762 0.9971
vn -0.0014 0.0339 0.9994
vn 0.1076 0.0157 0.9941
vn -0.0014 0.0339 0.9994
vn 0.0024 0.0762 0.9971
vn 0.0024 0.0762 0.9971
vn -0.0039 0.0213 0.9998
vn 0.1076 0.0157 0.9941
vn 0.0211 0.0001 0.9998
vn -0.0039 0.0213 0.9998
vn -0.0143 0.0116 0.9998
vn 0.0211 0.0001 0.9998
vn -0.0143 0.0116 0.9998
vn -0.1058 0.1478 0.9833
vn -0.1058 0.1478 0.9833
vn -0.0005 0.0060 1.0000
vn 0.0211 0.0001 0.9998
vn 0.9355 -0.0679 0.3469
vn 0.9355 -0.0679 0.3469
vn 0.9355 -0.0679 0.3469
vn 0.9448 -0.2227 0.2402
vn 0.9448 -0.2227 0.2402
vn 0.9448 -0.2227 0.2402
vn 0.9198 -0.0073 0.3924
vn 0.9198 -0.0073 0.3924
vn 0.9198 -0.0073 0.3924
vn 0.9668 0.0045 0.2556
vn 0.9668 0.0045 0.2556
vn 0.9668 0.0045 0.2556
vn 0.0357 0.0748 0.9966
vn -0.0581 0.0437 0.9974
vn 0.0603 0.0350 0.9976
vn 0.2504 0.9150 0.3164
vn 0.2504 0.9150 0.3164
vn 0.2504 0.9150 0.3164
vn 0.4324 -0.6325 0.6427
vn 0.4324 -0.6325 0.6427
vn 0.4324 -0.6325 0.6427
vn 0.0041 0.0468 0.9989
vn -0.0581 0.0437 0.9974
vn 0.0015 0.0191 0.9998
vn -0.0727 0.0394 0.9966
vn 0.0015 0.0191 0.9998
vn 0.0357 0.0748 0.9966
vn -0.0600 0.1625 0.9849
vn -0.0727 0.0394 0.9966
vn 0.0357 0.0748 0.9966
vn -0.7307 0.5437 0.4130
vn -0.7307 0.5437 0.4130
vn -0.7307 0.5437 0.4130
vn 0.0211 0.0001 0.9998
vn -0.0005 0.0060 1.0000
vn -0.0093 -0.0024 1.0000
vn -0.0809 -0.2276 0.9704
vn 0.0366 -0.1208 0.9920
vn 0.1882 -0.0637 0.9801
vn 0.0211 0.0001 0.9998
vn -0.0093 -0.0024 1.0000
vn 0.1087 -0.0566 0.9925
vn 0.1882 -0.0637 0.9801
vn 0.0366 -0.1208 0.9920
vn 0.0603 0.0350 0.9976
vn 0.1087 -0.0566 0.9925
vn 0.1882 -0.0637 0.9801
vn 0.0603 0.0350 0.9976
vn 0.0603 0.0350 0.9976
vn 0.0211 0.0001 0.9998
vn 0.1087 -0.0566 0.9925
vn -0.0030 -0.0206 0.9998
vn -0.0093 -0.0024 1.0000
vn -0.0005 0.0060 1.0000
vn -0.0366 -0.0078 0.9993
vn -0.0123 -0.0454 0.9989
vn 0.0157 0.0278 0.9995
vn 0.0019 0.0097 1.0000
vn -0.0050 -0.0095 0.9999
vn 0.0022 0.0002 1.0000
vn 0.0022 0.0002 1.0000
vn -0.0039 -0.0169 0.9999
vn 0.0019 0.0097 1.0000
vn -0.0039 -0.0169 0.9999
vn -0.0720 -0.1040 0.9920
vn 0.0019 0.0097 1.0000
vn 0.0157 0.0278 0.9995
vn -0.0030 -0.0206 0.9998
vn -0.0005 0.0060 1.0000
vn 0.0157 0.0278 0.9995
vn -0.0005 0.0060 1.0000
vn -0.0366 -0.0078 0.9993
vn -0.0633 -0.1031 0.9927
vn -0.0809 -0.2276 0.9704
vn -0.0499 0.0208 0.9985
vn 0.0018 -0.0105 0.9999
vn -0.0661 -0.0946 0.9933
vn -0.0499 0.0208 0.9985
vn -0.0050 -0.0095 0.9999
vn 0.0018 -0.0105 0.9999
vn 0.0022 0.0002 1.0000
vn -0.0039 -0.0169 0.9999
vn 0.0157 0.0278 0.9995
vn -0.0123 -0.0454 0.9989
vn -0.0039 -0.0169 0.9999
vn -0.0123 -0.0454 0.9989
vn -0.0720 -0.1040 0.9920
vn 0.0018 -0.0105 0.9999
vn -0.0499 0.0208 0.9985
vn -0.0030 -0.0206 0.9998
vn -0.0030 -0.0206 0.9998
vn 0.0022 0.0002 1.0000
vn 0.0018 -0.0105 0.9999
vn 0.8572 -0.2268 0.4624
vn 0.8572 -0.2268 0.4624
vn 0.8572 -0.2268 0.4624
vn 0.8830 -0.3455 -0.3177
vn 0.8830 -0.3455 -0.3177
vn 0.8830 -0.3455 -0.3177
vn -0.0499 0.0208 0.9985
vn -0.0093 -0.0024 1.0000
vn -0.0030 -0.0206 0.9998
vn 0.1087 -0.0566 0.9925
vn -0.0093 -0.0024 1.0000
vn 0.1936 0.3852 0.9023
vn -0.0809 -0.2276 0.9704
vn 0.1882 -0.0637 0.9801
vn -0.0907 -0.1871 0.9781
vn -0.0907 -0.1871 0.9781
vn -0.0499 0.0208 0.9985
vn -0.0809 -0.2276 0.9704
vn -0.1941 -0.1390 0.9711
vn 0.1006 -0.3999 0.9110
vn 0.1812 0.5942 0.7836
vn -0.8732 0.2601 -0.4121
vn -0.8732 0.2601 -0.4121
vn -0.8732 0.2601 -0.4121
vn 0.8732 -0.2601 0.4121
vn 0.8732 -0.2601 0.4121
vn 0.8732 -0.2601 0.4121
vn 0.0282 -0.0894 0.9956
vn 0.0229 0.0166 0.9996
vn -0.0917 -0.0605 0.9940
vn -0.0581 0.0437 0.9974
vn -0.0917 -0.0605 0.9940
vn 0.0229 0.0166 0.9996
vn 0.0603 0.0350 0.9976
vn 0.0229 0.0166 0.9996
vn 0.0141 0.0086 0.9999
vn 0.0229 0.0166 0.9996
vn 0.0603 0.0350 0.9976
vn -0.0581 0.0437 0.9974
vn -0.9266 0.0142 0.3759
vn -0.9266 0.0142 0.3759
vn -0.9266 0.0142 0.3759
vn 0.0578 0.7473 0.6620
vn 0.0141 0.0086 0.9999
vn 0.0229 0.0166 0.9996
vn -0.0022 -0.9452 -0.3264
vn 0.0935 -0.4686 -0.8785
vn 0.0330 -0.9515 -0.3060
vn -0.0015 -0.9665 -0.2565
vn -0.0022 -0.9452 -0.3264
vn -0.0355 -0.9650 -0.2597
vn 0.0038 -0.9622 -0.2722
vn -0.0015 -0.9665 -0.2565
vn -0.0355 -0.9650 -0.2597
vn 0.0038 -0.9622 -0.2722
vn -0.0355 -0.9650 -0.2597
vn 0.0376 -0.9772 -0.2090
vn -0.0025 -0.9575 -0.2885
vn 0.0038 -0.9622 -0.2722
vn 0.0376 -0.9772 -0.2090
vn -0.0012 -0.9442 -0.3293
vn -0.0013 -0.9326 -0.3609
vn -0.1230 -0.6898 -0.7135
vn -0.0012 -0.9442 -0.3293
vn -0.1230 -0.6898 -0.7135
vn -0.0025 -0.9575 -0.2885
vn -0.0025 -0.9575 -0.2885
vn 0.0376 -0.9772 -0.2090
vn -0.0012 -0.9442 -0.3293
vn -0.0012 -0.9442 -0.3293
vn 0.0012 -0.9525 -0.3046
vn -0.0013 -0.9326 -0.3609
vn -0.0031 -0.9535 -0.3012
vn -0.0013 -0.9326 -0.3609
vn 0.0012 -0.9525 -0.3046
vn 0.0012 -0.9525 -0.3046
vn 0.0006 -0.9550 -0.2967
vn -0.0031 -0.9535 -0.3012
vn -0.0003 -0.9555 -0.2951
vn -0.0031 -0.9535 -0.3012
vn 0.0006 -0.9550 -0.2967
vn 0.0006 -0.9550 -0.2967
vn 0.0004 -0.9579 -0.2873
vn -0.0003 -0.9555 -0.2951
vn 0.0004 -0.9579 -0.2873
vn -0.0002 -0.9582 -0.2862
vn -0.0003 -0.9555 -0.2951
vn -0.0001 -0.9593 -0.2825
vn -0.0002 -0.9582 -0.2862
vn 0.0004 -0.9579 -0.2873
vn 0.0004 -0.9579 -0.2873
vn 0.0004 -0.9597 -0.2809
vn -0.0001 -0.9593 -0.2825
vn -0.0001 -0.9611 -0.2763
vn -0.0001 -0.9593 -0.2825
vn 0.0004 -0.9597 -0.2809
vn 0.0004 -0.9597 -0.2809
vn 0.0006 -0.9605 -0.2784
vn -0.0001 -0.9611 -0.2763
vn 0.0006 -0.9605 -0.2784
vn -0.0002 -0.9626 -0.2708
vn -0.0001 -0.9611 -0.2763
vn 0.0006 -0.9605 -0.2784
vn 0.0008 -0.9613 -0.2755
vn -0.0002 -0.9626 -0.2708
vn 0.0116 -0.9970 -0.0768
vn 0.0279 -0.9409 -0.3374
vn 0.0031 -0.9590 -0.2835
vn 0.0008 -0.9613 -0.2755
vn 0.0004 -0.9636 -0.2673
vn -0.0002 -0.9626 -0.2708
vn -0.0012 -0.9657 -0.2597
vn -0.0002 -0.9626 -0.2708
vn 0.0004 -0.9636 -0.2673
vn 0.0004 -0.9636 -0.2673
vn 0.0116 -0.9970 -0.0768
vn -0.0012 -0.9657 -0.2597
vn 0.0116 -0.9970 -0.0768
vn -0.0002 -0.9673 -0.2535
vn -0.0012 -0.9657 -0.2597
vn 0.0116 -0.9970 -0.0768
vn 0.0031 -0.9590 -0.2835
vn -0.0002 -0.9673 -0.2535
vn 0.0279 -0.9409 -0.3374
vn -0.0355 -0.9650 -0.2597
vn -0.0060 -0.9402 -0.3407
vn 0.0279 -0.9409 -0.3374
vn -0.0060 -0.9402 -0.3407
vn 0.0031 -0.9590 -0.2835
vn -0.0003 -0.9711 -0.2387
vn 0.0031 -0.9590 -0.2835
vn -0.0060 -0.9402 -0.3407
vn -0.0060 -0.9402 -0.3407
vn 0.0001 -0.9717 -0.2362
vn -0.0003 -0.9711 -0.2387
vn 0.0001 -0.9717 -0.2362
vn -0.0001 -0.9723 -0.2339
vn -0.0003 -0.9711 -0.2387
vn 0.0000 -0.9780 -0.2084
vn -0.0001 -0.9798 -0.2000
vn -0.0028 -0.9775 -0.2109
vn 0.0000 -0.9780 -0.2084
vn -0.0028 -0.9775 -0.2109
vn -0.0005 -0.9770 -0.2134
vn 0.0028 -0.9764 -0.2160
vn 0.0000 -0.9780 -0.2084
vn -0.0005 -0.9770 -0.2134
vn 0.0028 -0.9764 -0.2160
vn -0.0005 -0.9770 -0.2134
vn -0.0003 -0.9753 -0.2211
vn -0.0003 -0.9753 -0.2211
vn 0.0031 -0.9737 -0.2279
vn 0.0028 -0.9764 -0.2160
vn 0.0031 -0.9737 -0.2279
vn -0.0003 -0.9753 -0.2211
vn -0.0001 -0.9723 -0.2339
vn 0.0093 -0.9707 -0.2403
vn 0.0031 -0.9737 -0.2279
vn -0.0001 -0.9723 -0.2339
vn -0.0001 -0.9723 -0.2339
vn 0.0001 -0.9717 -0.2362
vn 0.0093 -0.9707 -0.2403
vn 0.0001 -0.9822 -0.1877
vn -0.0001 -0.9819 -0.1892
vn -0.0144 -0.9814 -0.1912
vn 0.0001 -0.9822 -0.1877
vn -0.0144 -0.9814 -0.1912
vn -0.0003 -0.9833 -0.1821
vn 0.0001 -0.9808 -0.1952
vn 0.0001 -0.9822 -0.1877
vn -0.0003 -0.9833 -0.1821
vn 0.0001 -0.9808 -0.1952
vn -0.0003 -0.9833 -0.1821
vn -0.0001 -0.9798 -0.2000
vn -0.0001 -0.9798 -0.2000
vn 0.0119 -0.9799 -0.1989
vn 0.0001 -0.9808 -0.1952
vn 0.0000 -0.9780 -0.2084
vn 0.0119 -0.9799 -0.1989
vn -0.0001 -0.9798 -0.2000
vn 0.0000 -0.9862 -0.1658
vn -0.0002 -0.9874 -0.1582
vn -0.0004 -0.9860 -0.1668
vn -0.0004 -0.9860 -0.1668
vn -0.0013 -0.9854 -0.1703
vn 0.0000 -0.9862 -0.1658
vn 0.0000 -0.9850 -0.1727
vn 0.0000 -0.9862 -0.1658
vn -0.0013 -0.9854 -0.1703
vn 0.0000 -0.9850 -0.1727
vn -0.0013 -0.9854 -0.1703
vn -0.0001 -0.9819 -0.1892
vn -0.0001 -0.9819 -0.1892
vn 0.0001 -0.9842 -0.1770
vn 0.0000 -0.9850 -0.1727
vn 0.0001 -0.9822 -0.1877
vn 0.0001 -0.9842 -0.1770
vn -0.0001 -0.9819 -0.1892
vn 0.0002 -0.9896 -0.1436
vn -0.0004 -0.9894 -0.1455
vn -0.0287 -0.9884 -0.1494
vn -0.0287 -0.9884 -0.1494
vn -0.0002 -0.9903 -0.1389
vn 0.0002 -0.9896 -0.1436
vn 0.0003 -0.9886 -0.1504
vn 0.0002 -0.9896 -0.1436
vn -0.0002 -0.9903 -0.1389
vn 0.0003 -0.9886 -0.1504
vn -0.0002 -0.9903 -0.1389
vn -0.0002 -0.9874 -0.1582
vn -0.0002 -0.9874 -0.1582
vn 0.0002 -0.9876 -0.1568
vn 0.0003 -0.9886 -0.1504
vn 0.0000 -0.9862 -0.1658
vn 0.0002 -0.9876 -0.1568
vn -0.0002 -0.9874 -0.1582
vn 0.0002 -0.9896 -0.1436
vn -0.0000 -0.9898 -0.1425
vn -0.0004 -0.9894 -0.1455
vn -0.0004 -0.9894 -0.1455
vn -0.0000 -0.9898 -0.1425
vn -0.0000 -0.9918 -0.1278
vn -0.0000 -0.9918 -0.1278
vn -0.0002 -0.9930 -0.1184
vn -0.0004 -0.9894 -0.1455
vn -0.0000 -0.9918 -0.1278
vn -0.0001 -0.9925 -0.1220
vn -0.0002 -0.9930 -0.1184
vn -0.0363 -0.9923 -0.1187
vn -0.0002 -0.9930 -0.1184
vn -0.0001 -0.9925 -0.1220
vn -0.0001 -0.9925 -0.1220
vn -0.0001 -0.9919 -0.1270
vn -0.0363 -0.9923 -0.1187
vn -0.0001 -0.9925 -0.1220
vn 0.0001 -0.9937 -0.1122
vn -0.0001 -0.9919 -0.1270
vn -0.0003 -0.9942 -0.1079
vn -0.0001 -0.9919 -0.1270
vn 0.0001 -0.9937 -0.1122
vn 0.0001 -0.9937 -0.1122
vn -0.0000 -0.9942 -0.1077
vn -0.0003 -0.9942 -0.1079
vn -0.0000 -0.9942 -0.1077
vn -0.0004 -0.9949 -0.1012
vn -0.0003 -0.9942 -0.1079
vn -0.0000 -0.9942 -0.1077
vn 0.0002 -0.9962 -0.0875
vn -0.0004 -0.9949 -0.1012
vn -0.0004 -0.9949 -0.1012
vn 0.0002 -0.9962 -0.0875
vn 0.0000 -0.9953 -0.0967
vn 0.0000 -0.9953 -0.0967
vn -0.0001 -0.9955 -0.0946
vn -0.0004 -0.9949 -0.1012
vn 0.0000 -0.9953 -0.0967
vn 0.0000 -0.9959 -0.0905
vn -0.0001 -0.9955 -0.0946
vn -0.0045 -0.9964 -0.0843
vn -0.0001 -0.9955 -0.0946
vn 0.0000 -0.9959 -0.0905
vn 0.0000 -0.9959 -0.0905
vn -0.0000 -0.9968 -0.0802
vn -0.0045 -0.9964 -0.0843
vn -0.0000 -0.9968 -0.0802
vn -0.0039 -0.9969 -0.0784
vn -0.0045 -0.9964 -0.0843
vn -0.0022 -0.9974 -0.0715
vn -0.0039 -0.9969 -0.0784
vn -0.0000 -0.9968 -0.0802
vn -0.0000 -0.9968 -0.0802
vn -0.0000 -0.9971 -0.0765
vn -0.0022 -0.9974 -0.0715
vn -0.0000 -0.9971 -0.0765
vn -0.0000 -0.9978 -0.0657
vn -0.0022 -0.9974 -0.0715
vn -0.0028 -0.9982 -0.0596
vn -0.0022 -0.9974 -0.0715
vn -0.0000 -0.9978 -0.0657
vn -0.0000 -0.9978 -0.0657
vn 0.0000 -0.9981 -0.0608
vn -0.0028 -0.9982 -0.0596
vn -0.0028 -0.9982 -0.0596
vn 0.0000 -0.9981 -0.0608
vn 0.0000 -0.9986 -0.0538
vn -0.0002 -0.9987 -0.0508
vn -0.0028 -0.9982 -0.0596
vn 0.0000 -0.9986 -0.0538
vn 0.0000 -0.9986 -0.0538
vn 0.0000 -0.9988 -0.0480
vn -0.0002 -0.9987 -0.0508
vn 0.0000 -0.9988 -0.0480
vn -0.0003 -0.9992 -0.0408
vn -0.0002 -0.9987 -0.0508
vn -0.0003 -0.9992 -0.0408
vn 0.0000 -0.9988 -0.0480
vn 0.0000 -0.9992 -0.0389
vn -0.0007 -0.9994 -0.0353
vn -0.0003 -0.9992 -0.0408
vn 0.0000 -0.9992 -0.0389
vn 0.0000 -0.9992 -0.0389
vn 0.0000 -0.9995 -0.0315
vn -0.0007 -0.9994 -0.0353
vn -0.0003 -0.9996 -0.0278
vn -0.0007 -0.9994 -0.0353
vn 0.0000 -0.9995 -0.0315
vn 0.0000 -0.9995 -0.0315
vn 0.0002 -0.9997 -0.0258
vn -0.0003 -0.9996 -0.0278
vn 0.0002 -0.9997 -0.0258
vn -0.0002 -0.9998 -0.0198
vn -0.0003 -0.9996 -0.0278
vn -0.0002 -0.9998 -0.0198
vn 0.0002 -0.9997 -0.0258
vn 0.0000 -0.9998 -0.0222
vn 0.0000 -0.9998 -0.0222
vn 0.0001 -0.9999 -0.0158
vn -0.0002 -0.9998 -0.0198
vn -0.0001 -0.9999 -0.0131
vn -0.0002 -0.9998 -0.0198
vn 0.0001 -0.9999 -0.0158
vn 0.0001 -0.9999 -0.0158
vn 0.0002 -0.9999 -0.0133
vn -0.0001 -0.9999 -0.0131
vn -0.0001 -0.9999 -0.0131
vn 0.0002 -0.9999 -0.0133
vn 0.0001 -1.0000 -0.0056
vn -0.0001 -1.0000 -0.0065
vn -0.0001 -0.9999 -0.0131
vn 0.0001 -1.0000 -0.0056
vn 0.0001 -1.0000 -0.0056
vn 0.0002 -1.0000 -0.0012
vn -0.0001 -1.0000 -0.0065
vn 0.0002 -1.0000 -0.0012
vn -0.0002 -1.0000 0.0030
vn -0.0001 -1.0000 -0.0065
vn 0.0002 -1.0000 -0.0012
vn 0.0002 -1.0000 0.0000
vn -0.0002 -1.0000 0.0030
vn -0.0002 -1.0000 0.0030
vn 0.0002 -1.0000 0.0000
vn 0.0001 -1.0000 0.0051
vn -0.0005 -1.0000 0.0099
vn -0.0002 -1.0000 0.0030
vn 0.0001 -1.0000 0.0051
vn 0.0001 -1.0000 0.0051
vn 0.0001 -1.0000 0.0079
vn -0.0005 -1.0000 0.0099
vn -0.0005 -1.0000 0.0099
vn 0.0001 -1.0000 0.0079
vn 0.0001 -0.9999 0.0162
vn -0.0001 -0.9998 0.0176
vn -0.0005 -1.0000 0.0099
vn 0.0001 -0.9999 0.0162
vn 0.0001 -0.9999 0.0162
vn -0.0000 -0.9998 0.0196
vn -0.0001 -0.9998 0.0176
vn -0.0000 -0.9998 0.0196
vn -0.0000 -0.9997 0.0264
vn -0.0001 -0.9998 0.0176
vn -0.0000 -0.9997 0.0264
vn -0.0000 -0.9998 0.0196
vn 0.0002 -0.9996 0.0281
vn -0.0000 -0.9995 0.0317
vn -0.0000 -0.9997 0.0264
vn 0.0002 -0.9996 0.0281
vn 0.0002 -0.9996 0.0281
vn 0.0004 -0.9993 0.0367
vn -0.0000 -0.9995 0.0317
vn -0.0005 -0.9979 0.0644
vn -0.0000 -0.9995 0.0317
vn 0.0004 -0.9993 0.0367
vn -0.0005 -0.9979 0.0644
vn 0.0004 -0.9993 0.0367
vn -0.0003 -0.9989 0.0470
vn -0.0003 -0.9989 0.0470
vn -0.0653 -0.9971 0.0401
vn -0.0005 -0.9979 0.0644
vn -0.0008 -0.9997 0.0254
vn -0.0653 -0.9971 0.0401
vn -0.0003 -0.9989 0.0470
vn -0.0003 -0.9989 0.0470
vn 0.0000 -0.9984 0.0574
vn -0.0008 -0.9997 0.0254
vn -0.0005 -0.9981 0.0610
vn -0.0008 -0.9997 0.0254
vn 0.0000 -0.9984 0.0574
vn 0.0000 -0.9984 0.0574
vn 0.0000 -0.9981 0.0623
vn -0.0005 -0.9981 0.0610
vn -0.0006 -0.9975 0.0713
vn -0.0005 -0.9981 0.0610
vn 0.0000 -0.9981 0.0623
vn 0.0005 -0.9962 0.0876
vn 0.0000 -0.9956 0.0936
vn -0.0001 -0.9957 0.0928
vn -0.0001 -0.9957 0.0928
vn -0.0001 -0.9965 0.0838
vn 0.0005 -0.9962 0.0876
vn 0.0003 -0.9966 0.0821
vn 0.0005 -0.9962 0.0876
vn -0.0001 -0.9965 0.0838
vn -0.0001 -0.9965 0.0838
vn -0.0018 -0.9970 0.0775
vn 0.0003 -0.9966 0.0821
vn 0.0006 -0.9972 0.0744
vn 0.0003 -0.9966 0.0821
vn -0.0018 -0.9970 0.0775
vn 0.0006 -0.9972 0.0744
vn -0.0018 -0.9970 0.0775
vn -0.0006 -0.9975 0.0713
vn -0.0006 -0.9975 0.0713
vn 0.0042 -0.9967 0.0817
vn 0.0006 -0.9972 0.0744
vn 0.0000 -0.9981 0.0623
vn 0.0042 -0.9967 0.0817
vn -0.0006 -0.9975 0.0713
vn -0.0001 -0.9957 0.0928
vn 0.0000 -0.9956 0.0936
vn 0.0002 -0.9951 0.0985
vn -0.0001 -0.9949 0.1009
vn -0.0001 -0.9957 0.0928
vn 0.0002 -0.9951 0.0985
vn 0.0002 -0.9951 0.0985
vn 0.0002 -0.9946 0.1037
vn -0.0001 -0.9949 0.1009
vn -0.0001 -0.9949 0.1009
vn 0.0002 -0.9946 0.1037
vn -0.0000 -0.9944 0.1058
vn -0.0001 -0.9943 0.1068
vn -0.0001 -0.9949 0.1009
vn -0.0000 -0.9944 0.1058
vn -0.0001 -0.9943 0.1068
vn -0.0000 -0.9944 0.1058
vn 0.0001 -0.9935 0.1136
vn 0.0001 -0.9935 0.1136
vn -0.0001 -0.9933 0.1153
vn -0.0001 -0.9943 0.1068
vn -0.0001 -0.9933 0.1153
vn 0.0001 -0.9935 0.1136
vn 0.0001 -0.9931 0.1172
vn -0.0001 -0.9933 0.1153
vn 0.0001 -0.9931 0.1172
vn 0.0001 -0.9926 0.1217
vn -0.0003 -0.9924 0.1232
vn -0.0001 -0.9933 0.1153
vn 0.0001 -0.9926 0.1217
vn 0.0001 -0.9926 0.1217
vn 0.0002 -0.9919 0.1273
vn -0.0003 -0.9924 0.1232
vn -0.0005 -0.9917 0.1287
vn -0.0003 -0.9924 0.1232
vn 0.0002 -0.9919 0.1273
vn -0.0005 -0.9917 0.1287
vn 0.0002 -0.9919 0.1273
vn 0.0016 -0.9909 0.1346
vn 0.0016 -0.9909 0.1346
vn -0.0015 -0.9890 0.1482
vn -0.0005 -0.9917 0.1287
vn -0.0015 -0.9890 0.1482
vn 0.0016 -0.9909 0.1346
vn -0.0000 -0.9897 0.1432
vn -0.0000 -0.9823 0.1872
vn -0.0623 -0.9768 0.2049
vn 0.0004 -0.9818 0.1901
vn -0.0623 -0.9768 0.2049
vn -0.0011 -0.9826 0.1855
vn 0.0004 -0.9818 0.1901
vn 0.0001 -0.9850 0.1723
vn 0.0004 -0.9818 0.1901
vn -0.0011 -0.9826 0.1855
vn -0.0011 -0.9826 0.1855
vn -0.0006 -0.9856 0.1694
vn 0.0001 -0.9850 0.1723
vn -0.0006 -0.9856 0.1694
vn 0.0000 -0.9862 0.1658
vn 0.0001 -0.9850 0.1723
vn -0.0006 -0.9856 0.1694
vn -0.0006 -0.9864 0.1646
vn 0.0000 -0.9862 0.1658
vn -0.0006 -0.9864 0.1646
vn 0.0000 -0.9876 0.1571
vn 0.0000 -0.9862 0.1658
vn -0.0006 -0.9864 0.1646
vn -0.0003 -0.9878 0.1559
vn 0.0000 -0.9876 0.1571
vn 0.0001 -0.9886 0.1508
vn 0.0000 -0.9876 0.1571
vn -0.0003 -0.9878 0.1559
vn -0.0003 -0.9878 0.1559
vn -0.0002 -0.9902 0.1398
vn 0.0001 -0.9886 0.1508
vn -0.0002 -0.9902 0.1398
vn -0.0000 -0.9897 0.1432
vn 0.0001 -0.9886 0.1508
vn -0.0002 -0.9902 0.1398
vn -0.0476 -0.9881 0.1463
vn -0.0000 -0.9897 0.1432
vn -0.0476 -0.9881 0.1463
vn -0.0015 -0.9890 0.1482
vn -0.0000 -0.9897 0.1432
vn -0.0000 -0.9823 0.1872
vn 0.0004 -0.9818 0.1901
vn 0.0182 -0.9786 0.2049
vn 0.0182 -0.9786 0.2049
vn 0.0004 -0.9827 0.1853
vn -0.0000 -0.9823 0.1872
vn -0.0004 -0.9799 0.1996
vn -0.0000 -0.9823 0.1872
vn 0.0004 -0.9827 0.1853
vn 0.0004 -0.9827 0.1853
vn 0.0000 -0.9778 0.2095
vn -0.0004 -0.9799 0.1996
vn -0.0020 -0.9780 0.2087
vn -0.0004 -0.9799 0.1996
vn 0.0000 -0.9778 0.2095
vn -0.0001 -0.9769 0.2136
vn -0.0020 -0.9780 0.2087
vn 0.0000 -0.9778 0.2095
vn -0.0001 -0.9769 0.2136
vn 0.0000 -0.9778 0.2095
vn 0.0152 -0.9765 0.2148
vn 0.0152 -0.9765 0.2148
vn 0.0000 -0.9760 0.2176
vn -0.0001 -0.9769 0.2136
vn -0.0002 -0.9752 0.2211
vn -0.0001 -0.9769 0.2136
vn 0.0000 -0.9760 0.2176
vn 0.0000 -0.9760 0.2176
vn 0.0002 -0.9727 0.2319
vn -0.0002 -0.9752 0.2211
vn -0.0003 -0.9731 0.2304
vn -0.0002 -0.9752 0.2211
vn 0.0002 -0.9727 0.2319
vn -0.0007 -0.9719 0.2353
vn -0.0003 -0.9731 0.2304
vn 0.0002 -0.9727 0.2319
vn 0.0045 -0.9677 0.2520
vn -0.0495 -0.9486 0.3126
vn -0.0271 -0.9556 0.2934
vn -0.0003 -0.9693 0.2460
vn 0.0045 -0.9677 0.2520
vn -0.0271 -0.9556 0.2934
vn 0.0000 -0.9709 0.2397
vn 0.0045 -0.9677 0.2520
vn -0.0003 -0.9693 0.2460
vn -0.0003 -0.9693 0.2460
vn -0.0007 -0.9719 0.2353
vn 0.0000 -0.9709 0.2397
vn 0.0333 -0.9655 0.2582
vn 0.0000 -0.9709 0.2397
vn -0.0007 -0.9719 0.2353
vn -0.0007 -0.9719 0.2353
vn 0.0002 -0.9727 0.2319
vn 0.0333 -0.9655 0.2582
vn -0.0271 -0.9556 0.2934
vn 0.0000 -0.9663 0.2574
vn -0.0003 -0.9693 0.2460
vn 0.0000 -0.9663 0.2574
vn -0.0271 -0.9556 0.2934
vn 0.0130 -0.9508 0.3097
vn 0.0003 -0.9648 0.2629
vn 0.0000 -0.9663 0.2574
vn 0.0130 -0.9508 0.3097
vn 0.0130 -0.9508 0.3097
vn 0.0008 -0.9658 0.2595
vn 0.0003 -0.9648 0.2629
vn 0.0008 -0.9658 0.2595
vn 0.0130 -0.9508 0.3097
vn 0.0622 -0.9449 0.3215
vn 0.0622 -0.9449 0.3215
vn 0.0005 -0.9694 0.2455
vn 0.0008 -0.9658 0.2595
vn -0.0051 -0.9611 0.2760
vn 0.0008 -0.9658 0.2595
vn 0.0005 -0.9694 0.2455
vn 0.0325 -0.9559 0.2920
vn -0.0051 -0.9611 0.2760
vn 0.0005 -0.9694 0.2455
vn 0.0014 -0.9441 0.3296
vn 0.1228 -0.9450 0.3033
vn 0.0005 -0.9482 0.3175
vn 0.0325 -0.9559 0.2920
vn 0.0010 -0.9525 0.3046
vn -0.0008 -0.9551 0.2962
vn -0.0001 -0.9502 0.3116
vn -0.0008 -0.9551 0.2962
vn 0.0010 -0.9525 0.3046
vn -0.0001 -0.9502 0.3116
vn 0.0010 -0.9525 0.3046
vn 0.0014 -0.9441 0.3296
vn 0.0014 -0.9441 0.3296
vn -0.0719 -0.8275 0.5568
vn -0.0001 -0.9502 0.3116
vn -0.0030 -0.9434 0.3316
vn -0.0719 -0.8275 0.5568
vn 0.0014 -0.9441 0.3296
vn -0.0693 -0.4405 0.8951
vn -0.0719 -0.8275 0.5568
vn -0.0030 -0.9434 0.3316
vn 0.0005 -0.9482 0.3175
vn -0.0030 -0.9434 0.3316
vn 0.0014 -0.9441 0.3296
vn 0.0005 -0.9482 0.3175
vn -0.0054 -0.9090 0.4169
vn -0.0030 -0.9434 0.3316
vn -0.0030 -0.9434 0.3316
vn -0.0054 -0.9090 0.4169
vn -0.0693 -0.4405 0.8951
vn 0.0005 -0.9482 0.3175
vn 0.1228 -0.9450 0.3033
vn 0.0049 -0.9826 0.1857
vn 0.0049 -0.9826 0.1857
vn -0.0000 -0.9459 0.3244
vn 0.0005 -0.9482 0.3175
vn 0.0049 -0.9826 0.1857
vn 0.0533 -0.9965 0.0647
vn -0.0000 -0.9459 0.3244
vn 0.0049 -0.9826 0.1857
vn -0.1274 -0.9847 0.1190
vn 0.0533 -0.9965 0.0647
vn 0.3292 -0.5797 -0.7453
vn 0.3292 -0.5797 -0.7453
vn 0.3292 -0.5797 -0.7453
vn -0.1274 -0.9847 0.1190
vn -0.0495 -0.9486 0.3126
vn 0.0365 -0.4470 0.8938
vn 0.0365 -0.4470 0.8938
vn -0.0495 -0.9486 0.3126
vn 0.0275 -0.9448 0.3264
vn -0.0495 -0.9486 0.3126
vn 0.0045 -0.9677 0.2520
vn 0.0275 -0.9448 0.3264
vn 0.0330 -0.9515 -0.3060
vn -0.0355 -0.9650 -0.2597
vn -0.0022 -0.9452 -0.3264
vn 0.3972 -0.8742 -0.2793
vn 0.0006 -0.9605 -0.2784
vn 0.0004 -0.9597 -0.2809
vn 0.3972 -0.8742 -0.2793
vn 0.0008 -0.9613 -0.2755
vn 0.0006 -0.9605 -0.2784
vn 0.3972 -0.8742 -0.2793
vn 0.0004 -0.9636 -0.2673
vn 0.0008 -0.9613 -0.2755
vn 0.3972 -0.8742 -0.2793
vn 0.0116 -0.9970 -0.0768
vn 0.0004 -0.9636 -0.2673
vn 0.3972 -0.8742 -0.2793
vn 0.0279 -0.9409 -0.3374
vn 0.0116 -0.9970 -0.0768
vn 0.0376 -0.9772 -0.2090
vn 0.0279 -0.9409 -0.3374
vn 0.3972 -0.8742 -0.2793
vn -0.2563 0.7980 -0.5455
vn -0.2563 0.7980 -0.5455
vn -0.2563 0.7980 -0.5455
vn 0.0012 -0.9525 -0.3046
vn -0.0012 -0.9442 -0.3293
vn 0.0376 -0.9772 -0.2090
vn 0.0004 -0.9579 -0.2873
vn 0.0006 -0.9550 -0.2967
vn 0.3972 -0.8742 -0.2793
vn 0.3972 -0.8742 -0.2793
vn 0.0006 -0.9550 -0.2967
vn 0.0012 -0.9525 -0.3046
vn 0.3972 -0.8742 -0.2793
vn 0.0004 -0.9597 -0.2809
vn 0.0004 -0.9579 -0.2873
vn 0.3972 -0.8742 -0.2793
vn 0.0012 -0.9525 -0.3046
vn 0.0376 -0.9772 -0.2090
vn 0.0279 -0.9409 -0.3374
vn 0.0376 -0.9772 -0.2090
vn 0.0160 -0.9734 -0.2284
vn -0.0355 -0.9650 -0.2597
vn 0.0160 -0.9734 -0.2284
vn 0.0376 -0.9772 -0.2090
vn 0.8595 -0.4265 0.2816
vn 0.8595 -0.4265 0.2816
vn 0.3201 -0.9313 0.1736
vn 0.1228 -0.9450 0.3033
vn 0.0014 -0.9441 0.3296
vn 0.0010 -0.9525 0.3046
vn 0.1228 -0.9450 0.3033
vn 0.0010 -0.9525 0.3046
vn 0.0325 -0.9559 0.2920
vn -0.4288 -0.1323 0.8937
vn -0.2905 -0.7790 0.5557
vn -0.4288 -0.1323 0.8937
vn -0.2905 -0.7790 0.5557
vn 0.0274 -0.3200 0.9470
vn 0.0274 -0.3200 0.9470
vn -0.2905 -0.7790 0.5557
vn 0.0622 -0.9449 0.3215
vn 0.0130 -0.9508 0.3097
vn 0.0005 -0.9694 0.2455
vn 0.0622 -0.9449 0.3215
vn 0.0325 -0.9559 0.2920
vn 0.1228 -0.9450 0.3033
vn 0.0325 -0.9559 0.2920
vn 0.3201 -0.9313 0.1736
vn -0.1274 -0.9847 0.1190
vn 0.0049 -0.9826 0.1857
vn 0.3201 -0.9313 0.1736
vn 0.0622 -0.9449 0.3215
vn -0.2905 -0.7790 0.5557
vn 0.3201 -0.9313 0.1736
vn 0.3201 -0.9313 0.1736
vn 0.7320 -0.4876 0.4758
vn 0.0622 -0.9449 0.3215
vn -0.0495 -0.9486 0.3126
vn -0.1274 -0.9847 0.1190
vn -0.2905 -0.7790 0.5557
vn 0.4677 0.7886 0.3991
vn 0.4677 0.7886 0.3991
vn 0.4677 0.7886 0.3991
vn -0.0355 -0.9650 -0.2597
vn 0.0160 -0.9734 -0.2284
vn -0.4677 -0.7886 -0.3991
vn -0.2039 -0.9776 0.0522
vn 0.3201 -0.9313 0.1736
vn -0.2905 -0.7790 0.5557
vn 0.5114 -0.5842 -0.6302
vn 0.5114 -0.5842 -0.6302
vn 0.5114 -0.5842 -0.6302
vn -0.9486 0.3083 0.0709
vn -0.9486 0.3083 0.0709
vn -0.9486 0.3083 0.0709
vn 0.1936 0.3852 0.9023
vn -0.0093 -0.0024 1.0000
vn 0.0087 0.0028 1.0000
vn -0.0907 -0.1871 0.9781
vn 0.1936 0.3852 0.9023
vn 0.0087 0.0028 1.0000
vn -0.0093 -0.0024 1.0000
vn -0.0499 0.0208 0.9985
vn 0.0087 0.0028 1.0000
vn 0.0193 -0.7788 0.6270
vn -0.0907 -0.1871 0.9781
vn 0.0193 -0.7788 0.6270
vn 0.5830 -0.4168 -0.6974
vn 0.5830 -0.4168 -0.6974
vn 0.5830 -0.4168 -0.6974
vn -0.5830 0.4168 0.6974
vn 0.0087 0.0028 1.0000
vn -0.0499 0.0208 0.9985
vn 0.1882 -0.0637 0.9801
vn 0.1087 -0.0566 0.9925
vn 0.1936 0.3852 0.9023
vn 0.3523 0.5157 -0.7810
vn 0.3523 0.5157 -0.7810
vn 0.3523 0.5157 -0.7810
vn 0.1936 0.3852 0.9023
vn -0.0907 -0.1871 0.9781
vn 0.0375 0.3788 0.9247
vn 0.6541 0.1302 0.7451
vn 0.1882 -0.0637 0.9801
vn 0.0375 0.3788 0.9247
vn -0.6541 -0.1302 -0.7451
vn -0.6541 -0.1302 -0.7451
vn -0.6541 -0.1302 -0.7451
vn -0.0828 -0.8617 -0.5006
vn -0.0828 -0.8617 -0.5006
vn -0.0828 -0.8617 -0.5006
vn 0.0375 0.3788 0.9247
vn -0.0339 -0.3710 0.9280
vn 0.1882 -0.0637 0.9801
vn -0.0907 -0.1871 0.9781
vn -0.0339 -0.3710 0.9280
vn 0.0375 0.3788 0.9247
f 234//1 207//2 217//3
f 217//4 250//5 234//6
f 207//7 250//8 217//9
f 226//10 236//11 231//12
f 216//13 244//14 240//15
f 218//16 227//17 216//18
f 216//19 215//20 218//21
f 211//22 215//23 216//24
f 216//25 199//26 211//27
f 197//28 201//29 199//30
f 166//31 197//32 199//33
f 180//34 184//35 166//36
f 175//37 180//38 166//39
f 166//40 155//41 175//42
f 155//43 143//44 148//45
f 148//46 154//47 155//48
f 154//49 161//50 155//51
f 155//52 113//53 143//54
f 141//55 143//56 113//57
f 130//58 134//59 113//60
f 234//61 130//62 113//63
f 226//64 240//65 236//66
f 199//67 216//68 166//69
f 155//70 166//71 113//72
f 240//73 226//74 216//75
f 166//76 220//77 113//78
f 234//79 98//80 207//81
f 108//82 127//83 98//84
f 129//85 127//86 108//87
f 131//88 129//89 108//90
f 139//91 136//92 108//93
f 136//94 131//95 108//96
f 149//97 142//98 108//99
f 114//100 157//101 149//102
f 108//103 114//104 149//105
f 163//106 157//107 114//108
f 178//109 170//110 114//111
f 170//112 163//113 114//114
f 186//115 182//116 114//117
f 182//118 178//119 114//120
f 186//121 114//122 193//123
f 192//124 186//125 193//126
f 203//127 193//128 194//129
f 213//130 203//131 194//132
f 242//133 213//134 194//135
f 242//136 194//137 248//138
f 194//139 238//140 243//141
f 194//142 245//143 248//144
f 194//145 243//146 245//147
f 98//148 194//149 193//150
f 194//151 232//152 238//153
f 114//154 108//155 98//156
f 98//157 193//158 114//159
f 242//160 248//161 524//162
f 524//163 248//164 245//165
f 245//166 519//167 524//168
f 519//169 245//170 243//171
f 519//172 243//173 238//174
f 238//175 232//176 519//177
f 524//178 542//179 649//180
f 542//181 524//182 519//183
f 542//184 519//185 232//186
f 542//187 232//188 194//189
f 649//190 542//191 813//192
f 840//193 813//194 829//195
f 840//196 829//197 857//198
f 857//199 874//200 840//201
f 829//202 813//203 817//204
f 817//205 918//206 829//207
f 918//208 919//209 857//210
f 857//211 829//212 918//213
f 542//214 194//215 492//216
f 152//217 194//218 98//219
f 152//220 98//221 110//222
f 194//223 152//224 492//225
f 406//226 492//227 152//228
f 545//229 406//230 152//231
f 152//232 256//233 545//234
f 256//235 152//236 164//237
f 905//238 919//239 918//240
f 492//241 406//242 542//243
f 406//244 545//245 542//246
f 813//247 918//248 817//249
f 905//250 918//251 544//252
f 542//253 545//254 813//255
f 813//256 544//257 918//258
f 256//259 164//260 233//261
f 110//262 233//263 164//264
f 164//265 152//266 110//267
f 110//268 96//269 103//270
f 96//271 97//272 102//273
f 102//274 103//275 96//276
f 905//277 547//278 559//279
f 547//280 905//281 544//282
f 544//283 509//284 547//285
f 544//286 813//287 509//288
f 813//289 545//290 509//291
f 256//292 233//293 545//294
f 986//295 905//296 559//297
f 559//298 983//299 986//300
f 98//301 234//302 96//303
f 98//304 96//305 110//306
f 234//307 97//308 96//309
f 177//310 176//311 151//312
f 176//313 173//314 151//315
f 97//316 151//317 249//318
f 151//319 173//320 172//321
f 168//322 151//323 172//324
f 249//325 151//326 168//327
f 172//328 169//329 168//330
f 220//331 234//332 113//333
f 166//334 216//335 220//336
f 216//337 226//338 220//339
f 549//340 540//341 512//342
f 220//343 97//344 234//345
f 151//346 220//347 226//348
f 268//349 151//350 226//351
f 151//352 97//353 220//354
f 268//355 226//356 512//357
f 512//358 540//359 268//360
f 177//361 151//362 268//363
f 268//364 540//365 177//366
f 177//367 540//368 536//369
f 176//370 177//371 536//372
f 536//373 526//374 176//375
f 176//376 526//377 507//378
f 173//379 176//380 507//381
f 507//382 496//383 173//384
f 172//385 173//386 496//387
f 496//388 489//389 172//390
f 172//391 489//392 487//393
f 487//394 169//395 172//396
f 169//397 487//398 482//399
f 168//400 169//401 482//402
f 482//403 249//404 168//405
f 249//406 482//407 253//408
f 102//409 97//410 249//411
f 227//412 565//413 523//414
f 523//415 216//416 227//417
f 523//418 244//419 216//420
f 244//421 523//422 521//423
f 521//424 240//425 244//426
f 240//427 521//428 515//429
f 515//430 236//431 240//432
f 236//433 515//434 513//435
f 513//436 231//437 236//438
f 231//439 513//440 512//441
f 512//442 226//443 231//444
f 512//445 538//446 565//447
f 538//448 523//449 565//450
f 538//451 521//452 523//453
f 538//454 515//455 521//456
f 538//457 513//458 515//459
f 538//460 512//461 513//462
f 249//463 253//464 146//465
f 263//466 146//467 253//468
f 558//469 546//470 553//471
f 553//472 557//473 558//474
f 919//475 988//476 1032//477
f 1032//478 874//479 919//480
f 874//481 857//482 919//483
f 865//484 866//485 840//486
f 649//487 820//488 810//489
f 833//490 870//491 871//492
f 871//493 820//494 833//495
f 833//496 869//497 870//498
f 833//499 820//500 813//501
f 833//502 868//503 869//504
f 649//505 813//506 820//507
f 833//508 867//509 868//510
f 813//511 840//512 833//513
f 867//514 833//515 840//516
f 840//517 866//518 867//519
f 840//520 864//521 865//522
f 840//523 863//524 864//525
f 840//526 862//527 863//528
f 840//529 861//530 862//531
f 840//532 860//533 861//534
f 840//535 859//536 860//537
f 840//538 858//539 859//540
f 840//541 874//542 858//543
f 719//544 625//545 623//546
f 656//547 657//548 638//549
f 716//550 649//551 810//552
f 810//553 803//554 716//555
f 716//556 571//557 567//558
f 579//559 575//560 643//561
f 643//562 575//563 571//564
f 589//565 586//566 643//567
f 586//568 583//569 643//570
f 579//571 643//572 583//573
f 643//574 593//575 589//576
f 643//577 597//578 593//579
f 597//580 643//581 751//582
f 751//583 601//584 597//585
f 751//586 605//587 601//588
f 751//589 613//590 609//591
f 751//592 616//593 613//594
f 623//595 619//596 616//597
f 616//598 751//599 623//600
f 636//601 529//602 625//603
f 633//604 638//605 529//606
f 661//607 656//608 638//609
f 638//610 633//611 661//612
f 662//613 661//614 633//615
f 633//616 669//617 662//618
f 633//619 673//620 669//621
f 675//622 673//623 633//624
f 633//625 636//626 675//627
f 636//628 680//629 675//630
f 636//631 684//632 680//633
f 688//634 684//635 636//636
f 636//637 690//638 688//639
f 636//640 696//641 690//642
f 699//643 696//644 636//645
f 636//646 625//647 699//648
f 625//649 706//650 699//651
f 625//652 710//653 706//654
f 719//655 712//656 625//657
f 712//658 710//659 625//660
f 728//661 722//662 623//663
f 623//664 722//665 719//666
f 623//667 751//668 735//669
f 623//670 733//671 728//672
f 735//673 733//674 623//675
f 746//676 744//677 751//678
f 751//679 744//680 735//681
f 755//682 753//683 751//684
f 751//685 643//686 755//687
f 643//688 761//689 755//690
f 773//691 767//692 643//693
f 767//694 765//695 643//696
f 643//697 765//698 761//699
f 643//700 776//701 773//702
f 776//703 643//704 642//705
f 778//706 776//707 642//708
f 716//709 794//710 790//711
f 716//712 803//713 798//714
f 751//715 609//716 605//717
f 571//718 716//719 643//720
f 716//721 642//722 643//723
f 790//724 642//725 716//726
f 642//727 790//728 787//729
f 787//730 784//731 642//732
f 567//733 649//734 716//735
f 655//736 659//737 638//738
f 802//739 807//740 631//741
f 646//742 792//743 796//744
f 646//745 796//746 800//747
f 646//748 800//749 802//750
f 802//751 631//752 646//753
f 624//754 709//755 715//756
f 624//757 715//758 718//759
f 624//760 718//761 721//762
f 721//763 726//764 624//765
f 726//766 727//767 732//768
f 732//769 738//770 726//771
f 632//772 738//773 740//774
f 740//775 743//776 632//777
f 632//778 743//779 750//780
f 750//781 764//782 632//783
f 764//784 750//785 759//786
f 764//787 759//788 760//789
f 764//790 771//791 772//792
f 764//793 772//794 781//795
f 781//796 646//797 764//798
f 646//799 781//800 963//801
f 698//802 703//803 624//804
f 703//805 705//806 624//807
f 624//808 705//809 709//810
f 698//811 692//812 694//813
f 698//814 687//815 692//816
f 687//817 698//818 533//819
f 533//820 683//821 687//822
f 533//823 676//824 681//825
f 638//826 659//827 664//828
f 638//829 664//830 668//831
f 533//832 638//833 668//834
f 668//835 671//836 533//837
f 533//838 671//839 676//840
f 632//841 615//842 618//843
f 615//844 632//845 764//846
f 764//847 612//848 615//849
f 608//850 612//851 764//852
f 600//853 604//854 764//855
f 600//856 764//857 626//858
f 626//859 596//860 600//861
f 588//862 631//863 582//864
f 631//865 578//866 582//867
f 631//868 565//869 570//870
f 631//871 570//872 574//873
f 631//874 574//875 578//876
f 626//877 592//878 596//879
f 626//880 588//881 592//882
f 588//883 626//884 631//885
f 631//886 764//887 646//888
f 738//889 632//890 726//891
f 638//892 657//893 655//894
f 533//895 681//896 683//897
f 631//898 626//899 764//900
f 512//901 565//902 631//903
f 814//904 512//905 631//906
f 838//907 892//908 891//909
f 831//910 894//911 893//912
f 831//913 896//914 895//915
f 831//916 898//917 897//918
f 831//919 900//920 899//921
f 828//922 901//923 900//924
f 828//925 903//926 902//927
f 904//928 903//929 828//930
f 631//931 812//932 828//933
f 831//934 897//935 896//936
f 831//937 899//938 898//939
f 828//940 902//941 901//942
f 900//943 831//944 828//945
f 831//946 631//947 828//948
f 838//949 891//950 890//951
f 831//952 838//953 814//954
f 814//955 631//956 831//957
f 831//958 893//959 892//960
f 831//961 895//962 894//963
f 892//964 838//965 831//966
f 1043//967 1044//968 871//969
f 871//970 870//971 1043//972
f 1042//973 1043//974 870//975
f 870//976 869//977 1042//978
f 1041//979 1042//980 869//981
f 869//982 868//983 1041//984
f 1040//985 1041//986 868//987
f 868//988 867//989 1040//990
f 1039//991 1040//992 867//993
f 867//994 866//995 1039//996
f 1038//997 1039//998 866//999
f 866//1000 865//1001 1038//1002
f 1037//1003 1038//1004 865//1005
f 865//1006 864//1007 1037//1008
f 1036//1009 1037//1010 864//1011
f 864//1012 863//1013 1036//1014
f 858//1015 874//1016 1032//1017
f 1032//1018 1045//1019 858//1020
f 859//1021 858//1022 1045//1023
f 860//1024 859//1025 1045//1026
f 1045//1027 1033//1028 860//1029
f 861//1030 860//1031 1033//1032
f 1033//1033 1034//1034 861//1035
f 862//1036 861//1037 1034//1038
f 1034//1039 1035//1040 862//1041
f 863//1042 862//1043 1035//1044
f 1035//1045 1036//1046 863//1047
f 1106//1048 1045//1049 1032//1050
f 1045//1051 1106//1052 1146//1053
f 1146//1054 1033//1055 1045//1056
f 1146//1057 1034//1058 1033//1059
f 1146//1060 1035//1061 1034//1062
f 1036//1063 1035//1064 1146//1065
f 1146//1066 1134//1067 1036//1068
f 1134//1069 1037//1070 1036//1071
f 1037//1072 1134//1073 1113//1074
f 1113//1075 1038//1076 1037//1077
f 1113//1078 1039//1079 1038//1080
f 1113//1081 1040//1082 1039//1083
f 1113//1084 1041//1085 1040//1086
f 1113//1087 1042//1088 1041//1089
f 1113//1090 1043//1091 1042//1092
f 1113//1093 1044//1094 1043//1095
f 1209//1096 1134//1097 1146//1098
f 1477//1099 1113//1100 1134//1101
f 1477//1102 1134//1103 1209//1104
f 814//1105 838//1106 917//1107
f 838//1108 890//1109 917//1110
f 487//1111 489//1112 482//1113
f 536//1114 549//1115 526//1116
f 549//1117 536//1118 540//1119
f 263//1120 253//1121 482//1122
f 635//1123 557//1124 553//1125
f 497//1126 263//1127 482//1128
f 549//1129 482//1130 489//1131
f 549//1132 489//1133 496//1134
f 496//1135 507//1136 549//1137
f 527//1138 263//1139 497//1140
f 507//1141 526//1142 549//1143
f 553//1144 546//1145 527//1146
f 482//1147 512//1148 497//1149
f 549//1150 512//1151 482//1152
f 920//1153 841//1154 907//1155
f 920//1156 907//1157 917//1158
f 527//1159 814//1160 917//1161
f 907//1162 841//1163 917//1164
f 814//1165 527//1166 497//1167
f 527//1168 917//1169 841//1170
f 635//1171 841//1172 808//1173
f 497//1174 512//1175 814//1176
f 841//1177 553//1178 527//1179
f 553//1180 841//1181 635//1182
f 920//1183 917//1184 890//1185
f 920//1186 890//1187 1061//1188
f 1061//1189 1222//1190 920//1191
f 903//1192 904//1193 1074//1194
f 1074//1195 1073//1196 903//1197
f 902//1198 903//1199 1073//1200
f 1073//1201 1072//1202 902//1203
f 901//1204 902//1205 1072//1206
f 1072//1207 1071//1208 901//1209
f 900//1210 901//1211 1071//1212
f 1071//1213 1070//1214 900//1215
f 899//1216 900//1217 1070//1218
f 1070//1219 1069//1220 899//1221
f 898//1222 899//1223 1069//1224
f 1069//1225 1068//1226 898//1227
f 897//1228 898//1229 1068//1230
f 1068//1231 1077//1232 897//1233
f 896//1234 897//1235 1077//1236
f 1062//1237 1061//1238 890//1239
f 890//1240 891//1241 1062//1242
f 1063//1243 1062//1244 891//1245
f 891//1246 892//1247 1063//1248
f 1064//1249 1063//1250 892//1251
f 892//1252 893//1253 1064//1254
f 1065//1255 1064//1256 893//1257
f 893//1258 894//1259 1065//1260
f 1066//1261 1065//1262 894//1263
f 894//1264 895//1265 1066//1266
f 1067//1267 1066//1268 895//1269
f 895//1270 896//1271 1067//1272
f 1077//1273 1067//1274 896//1275
f 1102//1276 1070//1277 1071//1278
f 1102//1279 1071//1280 1072//1281
f 1102//1282 1072//1283 1073//1284
f 1102//1285 1073//1286 1074//1287
f 1102//1288 1077//1289 1068//1290
f 1068//1291 1069//1292 1102//1293
f 1102//1294 1069//1295 1070//1296
f 1111//1297 1061//1298 1062//1299
f 1111//1300 1062//1301 1063//1302
f 1111//1303 1063//1304 1064//1305
f 1111//1306 1064//1307 1065//1308
f 1111//1309 1065//1310 1066//1311
f 1111//1312 1066//1313 1067//1314
f 1067//1315 1077//1316 1111//1317
f 1465//1318 1231//1319 1102//1320
f 1077//1321 1231//1322 1111//1323
f 1231//1324 1077//1325 1102//1326
f 557//1327 985//1328 982//1329
f 982//1330 558//1331 557//1332
f 1830//1333 1314//1334 1315//1335
f 1754//1336 1830//1337 1315//1338
f 1325//1339 1434//1340 1754//1341
f 1434//1342 1325//1343 1328//1344
f 1434//1345 1328//1346 1329//1347
f 1329//1348 1336//1349 1434//1350
f 1427//1351 1430//1352 1347//1353
f 1430//1354 1341//1355 1347//1356
f 1337//1357 1341//1358 1430//1359
f 1337//1360 1430//1361 1336//1362
f 1424//1363 1361//1364 1367//1365
f 1424//1366 1488//1367 1361//1368
f 1488//1369 1427//1370 1357//1371
f 1427//1372 1350//1373 1357//1374
f 1422//1375 1374//1376 1378//1377
f 1374//1378 1418//1379 1371//1380
f 1367//1381 1371//1382 1418//1383
f 1418//1384 1424//1385 1367//1386
f 1406//1387 1407//1388 1410//1389
f 1383//1390 1406//1391 1414//1392
f 1414//1393 1378//1394 1383//1395
f 1414//1396 1422//1397 1378//1398
f 1301//1399 1303//1400 1753//1401
f 1830//1402 1753//1403 1303//1404
f 1460//1405 1293//1406 1753//1407
f 1289//1408 1293//1409 1460//1410
f 1460//1411 1276//1412 1283//1413
f 978//1414 1276//1415 1270//1416
f 1269//1417 1270//1418 1465//1419
f 1497//1420 1465//1421 1461//1422
f 1061//1423 1111//1424 1222//1425
f 1222//1426 1111//1427 1231//1428
f 985//1429 557//1430 635//1431
f 920//1432 1222//1433 987//1434
f 841//1435 920//1436 987//1437
f 985//1438 635//1439 808//1440
f 808//1441 987//1442 985//1443
f 987//1444 808//1445 841//1446
f 1160//1447 1154//1448 1151//1449
f 1132//1450 1151//1451 1154//1452
f 999//1453 1132//1454 1091//1455
f 1154//1456 1091//1457 1132//1458
f 1091//1459 995//1460 999//1461
f 995//1462 982//1463 999//1464
f 982//1465 985//1466 999//1467
f 1497//1468 2184//1469 1811//1470
f 1497//1471 1468//1472 1467//1473
f 1467//1474 1465//1475 1497//1476
f 1222//1477 1231//1478 1465//1479
f 999//1480 985//1481 987//1482
f 987//1483 1222//1484 999//1485
f 1222//1486 1132//1487 999//1488
f 1151//1489 1215//1490 1213//1491
f 1151//1492 1216//1493 1215//1494
f 1221//1495 1228//1496 1226//1497
f 1228//1498 1221//1499 1206//1500
f 1230//1501 1228//1502 1206//1503
f 1206//1504 1235//1505 1230//1506
f 1206//1507 1244//1508 1242//1509
f 1132//1510 1221//1511 1151//1512
f 1221//1513 1218//1514 1151//1515
f 1132//1516 1222//1517 1206//1518
f 1213//1519 1211//1520 1151//1521
f 1132//1522 1206//1523 1221//1524
f 1218//1525 1216//1526 1151//1527
f 1211//1528 1638//1529 1534//1530
f 1534//1531 1160//1532 1211//1533
f 1160//1534 1151//1535 1211//1536
f 1502//1537 1498//1538 1464//1539
f 1464//1540 1521//1541 1506//1542
f 1468//1543 1553//1544 1549//1545
f 1468//1546 1574//1547 1569//1548
f 1206//1549 1467//1550 1464//1551
f 1507//1552 1502//1553 1464//1554
f 1206//1555 1222//1556 1467//1557
f 1511//1558 1507//1559 1464//1560
f 1506//1561 1511//1562 1464//1563
f 1523//1564 1521//1565 1464//1566
f 1464//1567 1467//1568 1527//1569
f 1527//1570 1523//1571 1464//1572
f 1493//1573 1527//1574 1467//1575
f 1527//1576 1493//1577 1533//1578
f 1467//1579 1468//1580 1493//1581
f 1549//1582 1539//1583 1493//1584
f 1549//1585 1493//1586 1468//1587
f 1559//1588 1553//1589 1468//1590
f 1564//1591 1559//1592 1468//1593
f 1569//1594 1564//1595 1468//1596
f 1222//1597 1465//1598 1467//1599
f 1497//1600 1574//1601 1468//1602
f 2029//1603 1498//1604 1502//1605
f 1502//1606 2032//1607 2029//1608
f 2033//1609 2032//1610 1502//1611
f 1502//1612 1507//1613 2033//1614
f 2039//1615 2033//1616 1507//1617
f 2043//1618 2039//1619 1507//1620
f 1507//1621 1511//1622 2043//1623
f 2055//1624 2043//1625 1511//1626
f 1511//1627 1506//1628 2055//1629
f 2062//1630 2055//1631 1506//1632
f 1506//1633 1521//1634 2062//1635
f 2066//1636 2062//1637 1521//1638
f 1521//1639 1523//1640 2066//1641
f 2070//1642 2066//1643 1523//1644
f 1523//1645 1527//1646 2070//1647
f 2076//1648 2070//1649 1527//1650
f 1527//1651 1533//1652 2076//1653
f 2078//1654 2076//1655 1533//1656
f 1533//1657 1493//1658 2078//1659
f 1493//1660 1539//1661 2078//1662
f 2084//1663 2078//1664 1539//1665
f 2099//1666 2084//1667 1539//1668
f 1539//1669 1549//1670 2099//1671
f 2090//1672 2099//1673 1549//1674
f 1549//1675 1553//1676 2090//1677
f 2114//1678 2090//1679 1553//1680
f 1553//1681 1559//1682 2114//1683
f 2097//1684 2114//1685 1559//1686
f 1559//1687 1564//1688 2097//1689
f 2101//1690 2097//1691 1564//1692
f 1564//1693 1569//1694 2101//1695
f 2103//1696 2101//1697 1569//1698
f 1569//1699 1574//1700 2103//1701
f 2106//1702 2103//1703 1574//1704
f 1574//1705 1497//1706 2106//1707
f 1811//1708 2106//1709 1497//1710
f 1242//1711 1244//1712 1613//1713
f 1242//1714 1613//1715 1625//1716
f 1596//1717 1206//1718 1242//1719
f 1242//1720 1625//1721 1596//1722
f 1589//1723 1230//1724 1235//1725
f 1596//1726 1589//1727 1235//1728
f 1235//1729 1206//1730 1596//1731
f 1579//1732 1580//1733 1221//1734
f 1589//1735 1711//1736 1230//1737
f 1711//1738 1586//1739 1230//1740
f 1228//1741 1230//1742 1586//1743
f 1586//1744 1584//1745 1228//1746
f 1226//1747 1228//1748 1584//1749
f 1584//1750 1579//1751 1226//1752
f 1221//1753 1226//1754 1579//1755
f 1552//1756 1638//1757 1211//1758
f 1211//1759 1213//1760 1552//1761
f 1557//1762 1552//1763 1213//1764
f 1215//1765 1216//1766 1557//1767
f 1580//1768 1557//1769 1216//1770
f 1216//1771 1218//1772 1580//1773
f 1218//1774 1221//1775 1580//1776
f 1213//1777 1215//1778 1557//1779
f 1711//1780 1625//1781 2119//1782
f 1625//1783 1711//1784 1589//1785
f 1589//1786 1596//1787 1625//1788
f 1711//1789 1584//1790 1586//1791
f 1654//1792 1580//1793 1711//1794
f 1711//1795 1580//1796 1579//1797
f 1579//1798 1584//1799 1711//1800
f 1711//1801 2130//1802 1654//1803
f 1715//1804 1654//1805 2130//1806
f 1638//1807 1552//1808 1557//1809
f 1557//1810 1580//1811 1638//1812
f 1580//1813 1654//1814 1638//1815
f 1617//1816 1534//1817 1638//1818
f 1654//1819 1617//1820 1638//1821
f 1699//1822 1654//1823 1715//1824
f 1700//1825 1699//1826 1715//1827
f 1587//1828 1585//1829 1720//1830
f 1588//1831 1587//1832 1720//1833
f 1720//1834 1590//1835 1588//1836
f 1720//1837 1597//1838 1590//1839
f 1720//1840 1605//1841 1597//1842
f 1605//1843 1720//1844 1632//1845
f 1632//1846 1614//1847 1605//1848
f 1693//1849 1720//1850 1619//1851
f 1715//1852 1693//1853 1683//1854
f 1720//1855 1585//1856 1583//1857
f 1583//1858 1578//1859 1720//1860
f 1578//1861 1572//1862 1720//1863
f 1619//1864 1720//1865 1572//1866
f 1572//1867 1558//1868 1619//1869
f 1619//1870 1683//1871 1693//1872
f 1547//1873 1535//1874 1626//1875
f 1683//1876 1700//1877 1715//1878
f 1626//1879 1683//1880 1619//1881
f 1626//1882 1619//1883 1547//1884
f 1240//1885 1605//1886 1614//1887
f 1614//1888 1245//1889 1240//1890
f 1240//1891 1239//1892 1605//1893
f 1597//1894 1605//1895 1239//1896
f 1239//1897 1238//1898 1597//1899
f 1590//1900 1597//1901 1238//1902
f 1238//1903 1237//1904 1590//1905
f 1588//1906 1590//1907 1237//1908
f 1237//1909 1234//1910 1588//1911
f 1587//1912 1588//1913 1234//1914
f 1234//1915 1233//1916 1587//1917
f 1585//1918 1587//1919 1233//1920
f 1233//1921 1229//1922 1585//1923
f 1229//1924 1583//1925 1585//1926
f 1214//1927 1212//1928 1547//1929
f 1547//1930 1619//1931 1214//1932
f 1214//1933 1619//1934 1558//1935
f 1558//1936 1217//1937 1214//1938
f 1558//1939 1572//1940 1217//1941
f 1220//1942 1217//1943 1572//1944
f 1572//1945 1578//1946 1220//1947
f 1223//1948 1220//1949 1578//1950
f 1225//1951 1223//1952 1578//1953
f 1578//1954 1583//1955 1225//1956
f 1227//1957 1225//1958 1583//1959
f 1229//1960 1227//1961 1583//1962
f 1535//1963 1547//1964 1212//1965
f 1212//1966 1161//1967 1535//1968
f 1161//1969 1212//1970 1150//1971
f 1013//1972 1123//1973 983//1974
f 1123//1975 1150//1976 983//1977
f 1150//1978 1123//1979 1161//1980
f 986//1981 988//1982 905//1983
f 919//1984 905//1985 988//1986
f 1209//1987 1456//1988 1477//1989
f 1209//1990 1146//1991 1106//1992
f 988//1993 1106//1994 1032//1995
f 1284//1996 1279//1997 1440//1998
f 1440//1999 1279//2000 1278//2001
f 1477//2002 1440//2003 1278//2004
f 1278//2005 989//2006 1477//2007
f 1284//2008 1294//2009 1288//2010
f 1288//2011 1286//2012 1284//2013
f 1299//2014 1298//2015 1294//2016
f 1304//2017 1299//2018 1294//2019
f 1310//2020 1309//2021 1316//2022
f 1316//2023 1309//2024 1304//2025
f 1316//2026 1321//2027 1320//2028
f 1429//2029 1423//2030 1349//2031
f 1349//2032 1353//2033 1429//2034
f 1345//2035 1433//2036 1353//2037
f 1345//2038 1343//2039 1433//2040
f 1433//2041 1343//2042 1339//2043
f 1433//2044 1339//2045 1333//2046
f 1433//2047 1333//2048 1331//2049
f 1321//2050 1433//2051 1331//2052
f 1362//2053 1421//2054 1389//2055
f 1421//2056 1362//2057 1356//2058
f 1356//2059 1423//2060 1421//2061
f 1423//2062 1356//2063 1355//2064
f 1355//2065 1349//2066 1423//2067
f 1372//2068 1416//2069 1390//2070
f 1416//2071 1372//2072 1368//2073
f 1368//2074 1389//2075 1416//2076
f 1392//2077 1394//2078 1393//2079
f 1393//2080 1391//2081 1392//2082
f 1391//2083 1405//2084 1392//2085
f 1405//2086 1391//2087 1380//2088
f 1380//2089 1404//2090 1405//2091
f 1404//2092 1380//2093 1377//2094
f 1377//2095 1390//2096 1404//2097
f 1745//2098 2118//2099 1458//2100
f 1458//2101 1477//2102 1745//2103
f 1748//2104 1745//2105 1477//2106
f 2164//2107 2118//2108 1745//2109
f 1745//2110 1748//2111 2164//2112
f 988//2113 986//2114 983//2115
f 983//2116 1456//2117 988//2118
f 1162//2119 983//2120 1150//2121
f 1162//2122 1150//2123 1212//2124
f 1287//2125 1240//2126 1245//2127
f 1239//2128 1240//2129 1287//2130
f 1212//2131 1214//2132 1162//2133
f 1162//2134 1214//2135 1217//2136
f 1162//2137 1217//2138 1220//2139
f 1162//2140 1220//2141 1223//2142
f 1223//2143 1287//2144 1162//2145
f 1287//2146 1223//2147 1225//2148
f 1287//2149 1225//2150 1227//2151
f 1287//2152 1227//2153 1229//2154
f 1287//2155 1229//2156 1233//2157
f 1287//2158 1233//2159 1234//2160
f 1287//2161 1234//2162 1237//2163
f 1287//2164 1237//2165 1238//2166
f 1162//2167 1287//2168 1456//2169
f 1287//2170 1238//2171 1239//2172
f 1162//2173 1456//2174 983//2175
f 1565//2176 1494//2177 1576//2178
f 1494//2179 1573//2180 1576//2181
f 1568//2182 1573//2183 1494//2184
f 1563//2185 1568//2186 1494//2187
f 1494//2188 1560//2189 1563//2190
f 1554//2191 1560//2192 1494//2193
f 1548//2194 1554//2195 1494//2196
f 1540//2197 1548//2198 1494//2199
f 1536//2200 1540//2201 1494//2202
f 1532//2203 1536//2204 1494//2205
f 1526//2206 1532//2207 1494//2208
f 1494//2209 1522//2210 1526//2211
f 1494//2212 1519//2213 1522//2214
f 1515//2215 1519//2216 1494//2217
f 1494//2218 1473//2219 1515//2220
f 1512//2221 1515//2222 1473//2223
f 1510//2224 1512//2225 1473//2226
f 1510//2227 1473//2228 1472//2229
f 1505//2230 1472//2231 1500//2232
f 1456//2233 1287//2234 1466//2235
f 1466//2236 1287//2237 1500//2238
f 1500//2239 1472//2240 1466//2241
f 1466//2242 1469//2243 1456//2244
f 1472//2245 1473//2246 1466//2247
f 1469//2248 1466//2249 1473//2250
f 1748//2251 1469//2252 1494//2253
f 1494//2254 1469//2255 1473//2256
f 1494//2257 1565//2258 1748//2259
f 1456//2260 1106//2261 988//2262
f 1209//2263 1106//2264 1456//2265
f 1456//2266 1469//2267 1477//2268
f 1469//2269 1748//2270 1477//2271
f 1505//2272 1500//2273 2030//2274
f 2030//2275 2160//2276 1505//2277
f 2160//2278 2037//2279 1505//2280
f 1472//2281 1505//2282 2037//2283
f 1510//2284 1472//2285 2037//2286
f 2037//2287 2041//2288 1510//2289
f 1512//2290 1510//2291 2041//2292
f 2041//2293 2044//2294 1512//2295
f 1515//2296 1512//2297 2044//2298
f 2044//2299 2054//2300 1515//2301
f 1519//2302 1515//2303 2054//2304
f 2054//2305 2061//2306 1519//2307
f 1522//2308 1519//2309 2061//2310
f 2061//2311 2065//2312 1522//2313
f 1526//2314 1522//2315 2065//2316
f 2065//2317 2069//2318 1526//2319
f 1532//2320 1526//2321 2069//2322
f 2069//2323 2075//2324 1532//2325
f 1536//2326 1532//2327 2075//2328
f 2075//2329 2121//2330 1536//2331
f 2121//2332 2081//2333 1536//2334
f 1540//2335 1536//2336 2081//2337
f 2081//2338 2083//2339 1540//2340
f 1548//2341 1540//2342 2083//2343
f 2083//2344 2087//2345 1548//2346
f 1554//2347 1548//2348 2087//2349
f 2087//2350 2091//2351 1554//2352
f 1560//2353 1554//2354 2091//2355
f 2091//2356 2094//2357 1560//2358
f 1563//2359 1560//2360 2094//2361
f 2094//2362 2096//2363 1563//2364
f 1568//2365 1563//2366 2096//2367
f 2096//2368 2117//2369 1568//2370
f 1573//2371 1568//2372 2117//2373
f 2117//2374 2104//2375 1573//2376
f 1576//2377 1573//2378 2104//2379
f 2104//2380 2107//2381 1576//2382
f 1565//2383 1576//2384 2107//2385
f 2107//2386 2164//2387 1565//2388
f 2118//2389 2164//2390 2195//2391
f 1565//2392 2164//2393 1748//2394
f 2107//2395 2104//2396 2117//2397
f 2041//2398 2037//2399 2160//2400
f 2160//2401 2127//2402 2041//2403
f 2127//2404 2044//2405 2041//2406
f 2054//2407 2044//2408 2127//2409
f 2061//2410 2054//2411 2127//2412
f 2065//2413 2061//2414 2127//2415
f 2121//2416 2083//2417 2081//2418
f 2166//2419 2094//2420 2091//2421
f 2127//2422 2160//2423 2166//2424
f 2069//2425 2065//2426 2127//2427
f 2121//2428 2127//2429 2166//2430
f 2127//2431 2121//2432 2075//2433
f 2075//2434 2069//2435 2127//2436
f 2087//2437 2083//2438 2121//2439
f 2121//2440 2166//2441 2091//2442
f 2091//2443 2087//2444 2121//2445
f 2096//2446 2094//2447 2166//2448
f 2164//2449 2166//2450 2151//2451
f 2117//2452 2164//2453 2107//2454
f 2164//2455 2117//2456 2166//2457
f 2117//2458 2096//2459 2166//2460
f 2221//2461 2220//2462 2184//2463
f 2216//2464 2208//2465 2238//2466
f 2259//2467 2216//2468 2249//2469
f 2254//2470 2216//2471 2238//2472
f 2216//2473 2254//2474 2260//2475
f 2260//2476 2272//2477 2216//2478
f 2216//2479 2259//2480 2237//2481
f 2237//2482 2221//2483 2216//2484
f 2226//2485 2216//2486 2221//2487
f 2216//2488 2226//2489 2210//2490
f 2147//2491 2216//2492 2210//2493
f 2216//2494 2272//2495 2249//2496
f 2233//2497 2231//2498 2232//2499
f 2233//2500 2238//2501 2231//2502
f 2210//2503 2226//2504 2184//2505
f 2254//2506 2272//2507 2260//2508
f 2249//2509 2256//2510 2259//2511
f 2232//2512 2231//2513 2201//2514
f 2256//2515 2249//2516 2273//2517
f 2232//2518 2242//2519 2233//2520
f 2242//2521 2238//2522 2233//2523
f 2238//2524 2242//2525 2254//2526
f 2249//2527 2272//2528 2273//2529
f 2237//2530 2259//2531 2221//2532
f 2226//2533 2221//2534 2184//2535
f 2151//2536 2232//2537 2201//2538
f 2164//2539 2151//2540 2195//2541
f 2201//2542 2195//2543 2151//2544
f 2231//2545 2195//2546 2201//2547
f 2147//2548 2159//2549 2216//2550
f 2082//2551 2187//2552 2216//2553
f 2208//2554 2216//2555 2187//2556
f 2187//2557 2185//2558 2208//2559
f 2238//2560 2208//2561 2185//2562
f 2238//2563 2185//2564 2191//2565
f 2231//2566 2238//2567 2191//2568
f 2195//2569 2231//2570 1828//2571
f 2231//2572 2191//2573 1828//2574
f 2255//2575 2254//2576 2242//2577
f 2255//2578 2273//2579 2254//2580
f 2272//2581 2254//2582 2273//2583
f 2250//2584 2247//2585 2273//2586
f 2256//2587 2273//2588 2247//2589
f 2259//2590 2256//2591 2247//2592
f 2247//2593 2236//2594 2259//2595
f 2221//2596 2259//2597 2236//2598
f 2220//2599 2221//2600 2236//2601
f 2184//2602 2220//2603 2199//2604
f 2151//2605 2202//2606 2232//2607
f 2099//2608 2123//2609 2084//2610
f 2097//2611 2101//2612 2106//2613
f 2106//2614 2101//2615 2103//2616
f 2114//2617 2097//2618 2106//2619
f 2099//2620 2090//2621 2114//2622
f 2070//2623 2076//2624 2123//2625
f 2076//2626 2078//2627 2123//2628
f 2078//2629 2084//2630 2123//2631
f 2066//2632 2070//2633 2123//2634
f 2043//2635 2055//2636 2123//2637
f 2055//2638 2062//2639 2123//2640
f 2123//2641 2062//2642 2066//2643
f 2123//2644 2143//2645 2033//2646
f 2033//2647 2039//2648 2123//2649
f 2039//2650 2043//2651 2123//2652
f 2029//2653 2032//2654 2143//2655
f 2143//2656 2032//2657 2033//2658
f 2123//2659 2153//2660 2143//2661
f 2123//2662 2099//2663 2153//2664
f 2099//2665 2114//2666 2153//2667
f 2114//2668 2106//2669 2153//2670
f 1811//2671 2153//2672 2106//2673
f 2199//2674 2211//2675 2184//2676
f 2211//2677 1811//2678 2184//2679
f 2166//2680 2160//2681 2151//2682
f 2133//2683 2136//2684 2135//2685
f 2136//2686 2160//2687 2135//2688
f 2151//2689 2160//2690 2136//2691
f 2132//2692 2134//2693 1613//2694
f 1632//2695 1720//2696 2136//2697
f 2136//2698 2133//2699 1632//2700
f 2133//2701 1614//2702 1632//2703
f 2133//2704 2135//2705 1614//2706
f 1245//2707 1614//2708 2135//2709
f 2119//2710 1625//2711 2134//2712
f 1625//2713 1613//2714 2134//2715
f 2149//2716 2029//2717 2143//2718
f 2149//2719 1498//2720 2029//2721
f 1613//2722 1244//2723 2132//2724
f 1693//2725 1715//2726 2020//2727
f 2160//2728 2030//2729 2135//2730
f 2030//2731 1500//2732 2135//2733
f 1498//2734 2149//2735 2132//2736
f 2132//2737 1244//2738 1498//2739
f 2130//2740 1711//2741 2119//2742
f 1500//2743 1245//2744 2135//2745
f 1245//2746 1500//2747 1287//2748
f 1464//2749 1498//2750 1206//2751
f 1693//2752 2136//2753 1720//2754
f 1498//2755 1244//2756 1206//2757
f 1715//2758 2130//2759 2017//2760
f 1715//2761 2017//2762 2020//2763
f 2153//2764 2149//2765 2143//2766
f 2017//2767 2130//2768 2119//2769
f 2136//2770 1693//2771 2020//2772
f 2020//2773 2151//2774 2136//2775
f 2017//2776 2119//2777 2153//2778
f 2165//2779 2151//2780 2020//2781
f 2149//2782 2153//2783 2119//2784
f 2149//2785 2119//2786 2134//2787
f 2134//2788 2132//2789 2149//2790
f 563//2791 649//2792 567//2793
f 98//2794 619//2795 207//2796
f 619//2797 98//2798 127//2799
f 493//2800 456//2801 623//2802
f 456//2803 619//2804 623//2805
f 529//2806 493//2807 623//2808
f 623//2809 625//2810 529//2811
f 636//2812 633//2813 529//2814
f 529//2815 638//2816 533//2817
f 510//2818 533//2819 698//2820
f 698//2821 624//2822 510//2823
f 624//2824 726//2825 510//2826
f 273//2827 510//2828 726//2829
f 726//2830 632//2831 273//2832
f 130//2833 250//2834 274//2835
f 274//2836 618//2837 130//2838
f 274//2839 632//2840 618//2841
f 632//2842 274//2843 273//2844
f 130//2845 234//2846 250//2847
f 618//2848 134//2849 130//2850
f 618//2851 615//2852 134//2853
f 134//2854 615//2855 612//2856
f 612//2857 113//2858 134//2859
f 612//2860 141//2861 113//2862
f 141//2863 612//2864 608//2865
f 608//2866 143//2867 141//2868
f 148//2869 143//2870 608//2871
f 148//2872 608//2873 764//2874
f 161//2875 154//2876 604//2877
f 604//2878 600//2879 161//2880
f 764//2881 604//2882 148//2883
f 154//2884 148//2885 604//2886
f 175//2887 155//2888 596//2889
f 600//2890 596//2891 155//2892
f 155//2893 161//2894 600//2895
f 596//2896 592//2897 175//2898
f 184//2899 180//2900 588//2901
f 592//2902 588//2903 180//2904
f 180//2905 175//2906 592//2907
f 166//2908 184//2909 582//2910
f 588//2911 582//2912 184//2913
f 201//2914 197//2915 578//2916
f 582//2917 578//2918 197//2919
f 582//2920 197//2921 166//2922
f 574//2923 570//2924 215//2925
f 215//2926 211//2927 574//2928
f 211//2929 199//2930 574//2931
f 578//2932 574//2933 199//2934
f 199//2935 201//2936 578//2937
f 227//2938 218//2939 570//2940
f 218//2941 215//2942 570//2943
f 570//2944 565//2945 227//2946
f 619//2947 127//2948 616//2949
f 616//2950 127//2951 129//2952
f 613//2953 616//2954 129//2955
f 131//2956 136//2957 609//2958
f 609//2959 613//2960 131//2961
f 129//2962 131//2963 613//2964
f 609//2965 136//2966 139//2967
f 605//2968 609//2969 139//2970
f 139//2971 108//2972 605//2973
f 108//2974 142//2975 605//2976
f 601//2977 605//2978 142//2979
f 601//2980 142//2981 149//2982
f 149//2983 157//2984 601//2985
f 597//2986 601//2987 157//2988
f 597//2989 157//2990 163//2991
f 593//2992 597//2993 163//2994
f 589//2995 593//2996 170//2997
f 593//2998 163//2999 170//3000
f 589//3001 170//3002 178//3003
f 586//3004 589//3005 178//3006
f 178//3007 182//3008 586//3009
f 186//3010 579//3011 583//3012
f 583//3013 586//3014 186//3015
f 586//3016 182//3017 186//3018
f 579//3019 186//3020 192//3021
f 575//3022 579//3023 192//3024
f 575//3025 192//3026 193//3027
f 193//3028 203//3029 575//3030
f 571//3031 575//3032 203//3033
f 571//3034 203//3035 213//3036
f 213//3037 567//3038 571//3039
f 213//3040 242//3041 567//3042
f 524//3043 649//3044 563//3045
f 567//3046 242//3047 563//3048
f 242//3049 524//3050 563//3051
f 207//3052 619//3053 456//3054
f 273//3055 274//3056 250//3057
f 273//3058 506//3059 493//3060
f 250//3061 207//3062 257//3063
f 510//3064 529//3065 533//3066
f 510//3067 273//3068 529//3069
f 493//3070 529//3071 273//3072
f 265//3073 273//3074 250//3075
f 260//3076 275//3077 257//3078
f 484//3079 506//3080 273//3081
f 484//3082 273//3083 265//3084
f 250//3085 257//3086 275//3087
f 250//3088 275//3089 265//3090
f 502//3091 503//3092 506//3093
f 503//3094 493//3095 506//3096
f 272//3097 257//3098 207//3099
f 272//3100 207//3101 456//3102
f 484//3103 371//3104 388//3105
f 282//3106 389//3107 372//3108
f 372//3109 277//3110 282//3111
f 484//3112 388//3113 403//3114
f 484//3115 403//3116 422//3117
f 506//3118 422//3119 438//3120
f 506//3121 484//3122 422//3123
f 454//3124 471//3125 495//3126
f 495//3127 471//3128 479//3129
f 393//3130 381//3131 456//3132
f 381//3133 364//3134 456//3135
f 416//3136 282//3137 294//3138
f 282//3139 416//3140 404//3141
f 404//3142 389//3143 282//3144
f 294//3145 309//3146 416//3147
f 416//3148 309//3149 322//3150
f 322//3151 330//3152 416//3153
f 272//3154 331//3155 323//3156
f 338//3157 353//3158 265//3159
f 353//3160 371//3161 484//3162
f 353//3163 484//3164 265//3165
f 380//3166 405//3167 502//3168
f 502//3169 506//3170 380//3171
f 503//3172 463//3173 480//3174
f 272//3175 356//3176 331//3177
f 265//3178 275//3179 295//3180
f 454//3181 495//3182 506//3183
f 506//3184 438//3185 454//3186
f 416//3187 330//3188 355//3189
f 355//3190 363//3191 416//3192
f 439//3193 416//3194 363//3195
f 363//3196 380//3197 439//3198
f 455//3199 439//3200 380//3201
f 380//3202 495//3203 455//3204
f 495//3205 472//3206 455//3207
f 479//3208 472//3209 495//3210
f 506//3211 495//3212 380//3213
f 493//3214 503//3215 480//3216
f 493//3217 480//3218 464//3219
f 493//3220 464//3221 447//3222
f 493//3223 447//3224 431//3225
f 356//3226 272//3227 456//3228
f 364//3229 356//3230 456//3231
f 405//3232 417//3233 502//3234
f 502//3235 417//3236 430//3237
f 503//3238 502//3239 430//3240
f 430//3241 446//3242 503//3243
f 446//3244 463//3245 503//3246
f 418//3247 393//3248 456//3249
f 265//3250 295//3251 307//3252
f 320//3253 338//3254 265//3255
f 431//3256 418//3257 456//3258
f 456//3259 493//3260 431//3261
f 257//3262 272//3263 323//3264
f 275//3265 260//3266 308//3267
f 308//3268 293//3269 275//3270
f 275//3271 293//3272 285//3273
f 260//3274 257//3275 323//3276
f 260//3277 323//3278 277//3279
f 307//3280 320//3281 265//3282
f 277//3283 372//3284 354//3285
f 277//3286 354//3287 339//3288
f 339//3289 260//3290 277//3291
f 260//3292 339//3293 321//3294
f 260//3295 321//3296 308//3297
f 282//3298 277//3299 276//3300
f 276//3301 277//3302 323//3303
f 323//3304 292//3305 276//3306
f 323//3307 331//3308 292//3309
f 352//3310 292//3311 331//3312
f 331//3313 356//3314 352//3315
f 362//3316 352//3317 356//3318
f 356//3319 364//3320 362//3321
f 379//3322 362//3323 364//3324
f 364//3325 381//3326 379//3327
f 392//3328 379//3329 381//3330
f 381//3331 393//3332 392//3333
f 415//3334 392//3335 393//3336
f 393//3337 418//3338 415//3339
f 429//3340 415//3341 418//3342
f 418//3343 431//3344 429//3345
f 445//3346 429//3347 431//3348
f 431//3349 447//3350 445//3351
f 462//3352 445//3353 447//3354
f 447//3355 464//3356 462//3357
f 478//3358 462//3359 464//3360
f 464//3361 480//3362 478//3363
f 461//3364 478//3365 480//3366
f 480//3367 463//3368 461//3369
f 444//3370 461//3371 463//3372
f 463//3373 446//3374 444//3375
f 428//3376 444//3377 446//3378
f 446//3379 430//3380 428//3381
f 414//3382 428//3383 430//3384
f 430//3385 417//3386 414//3387
f 402//3388 414//3389 417//3390
f 417//3391 405//3392 402//3393
f 378//3394 402//3395 405//3396
f 405//3397 380//3398 378//3399
f 361//3400 378//3401 380//3402
f 380//3403 363//3404 361//3405
f 351//3406 361//3407 363//3408
f 363//3409 355//3410 351//3411
f 329//3412 351//3413 355//3414
f 355//3415 330//3416 329//3417
f 319//3418 329//3419 330//3420
f 330//3421 322//3422 319//3423
f 306//3424 319//3425 322//3426
f 322//3427 309//3428 306//3429
f 291//3430 306//3431 309//3432
f 309//3433 294//3434 291//3435
f 281//3436 291//3437 294//3438
f 294//3439 282//3440 281//3441
f 276//3442 281//3443 282//3444
f 281//3445 276//3446 292//3447
f 291//3448 281//3449 292//3450
f 306//3451 291//3452 292//3453
f 319//3454 306//3455 292//3456
f 329//3457 319//3458 292//3459
f 351//3460 329//3461 292//3462
f 361//3463 351//3464 292//3465
f 378//3466 361//3467 292//3468
f 402//3469 378//3470 292//3471
f 414//3472 402//3473 292//3474
f 428//3475 414//3476 292//3477
f 444//3478 428//3479 292//3480
f 461//3481 444//3482 292//3483
f 478//3484 461//3485 292//3486
f 462//3487 478//3488 292//3489
f 445//3490 462//3491 292//3492
f 429//3493 445//3494 292//3495
f 415//3496 429//3497 292//3498
f 392//3499 415//3500 292//3501
f 379//3502 392//3503 292//3504
f 362//3505 379//3506 292//3507
f 352//3508 362//3509 292//3510
f 275//3511 285//3512 340//3513
f 290//3514 340//3515 285//3516
f 285//3517 293//3518 290//3519
f 305//3520 290//3521 293//3522
f 293//3523 308//3524 305//3525
f 318//3526 305//3527 308//3528
f 308//3529 321//3530 318//3531
f 337//3532 318//3533 321//3534
f 321//3535 339//3536 337//3537
f 350//3538 337//3539 339//3540
f 339//3541 354//3542 350//3543
f 370//3544 350//3545 354//3546
f 354//3547 372//3548 370//3549
f 387//3550 370//3551 372//3552
f 372//3553 389//3554 387//3555
f 401//3556 387//3557 389//3558
f 389//3559 404//3560 401//3561
f 413//3562 401//3563 404//3564
f 404//3565 416//3566 413//3567
f 437//3568 413//3569 416//3570
f 416//3571 439//3572 437//3573
f 453//3574 437//3575 439//3576
f 439//3577 455//3578 453//3579
f 470//3580 453//3581 455//3582
f 455//3583 472//3584 470//3585
f 477//3586 470//3587 472//3588
f 472//3589 479//3590 477//3591
f 469//3592 477//3593 479//3594
f 479//3595 471//3596 469//3597
f 452//3598 469//3599 471//3600
f 471//3601 454//3602 452//3603
f 436//3604 452//3605 454//3606
f 454//3607 438//3608 436//3609
f 421//3610 436//3611 438//3612
f 438//3613 422//3614 421//3615
f 400//3616 421//3617 422//3618
f 422//3619 403//3620 400//3621
f 386//3622 400//3623 403//3624
f 403//3625 388//3626 386//3627
f 369//3628 386//3629 388//3630
f 388//3631 371//3632 369//3633
f 349//3634 369//3635 371//3636
f 371//3637 353//3638 349//3639
f 336//3640 349//3641 353//3642
f 353//3643 338//3644 336//3645
f 317//3646 336//3647 338//3648
f 338//3649 320//3650 317//3651
f 304//3652 317//3653 320//3654
f 320//3655 307//3656 304//3657
f 295//3658 304//3659 307//3660
f 295//3661 275//3662 340//3663
f 304//3664 295//3665 340//3666
f 317//3667 304//3668 340//3669
f 336//3670 317//3671 340//3672
f 349//3673 336//3674 340//3675
f 369//3676 349//3677 340//3678
f 386//3679 369//3680 340//3681
f 400//3682 386//3683 340//3684
f 421//3685 400//3686 340//3687
f 436//3688 421//3689 340//3690
f 452//3691 436//3692 340//3693
f 469//3694 452//3695 340//3696
f 477//3697 469//3698 340//3699
f 470//3700 477//3701 340//3702
f 453//3703 470//3704 340//3705
f 437//3706 453//3707 340//3708
f 413//3709 437//3710 340//3711
f 401//3712 413//3713 340//3714
f 387//3715 401//3716 340//3717
f 370//3718 387//3719 340//3720
f 350//3721 370//3722 340//3723
f 337//3724 350//3725 340//3726
f 318//3727 337//3728 340//3729
f 305//3730 318//3731 340//3732
f 290//3733 305//3734 340//3735
f 2199//3736 2220//3737 2211//3738
f 2213//3739 2211//3740 2220//3741
f 2220//3742 2236//3743 2213//3744
f 2232//3745 2217//3746 2229//3747
f 2242//3748 2232//3749 2229//3750
f 2155//3751 2153//3752 1811//3753
f 2232//3754 2202//3755 2217//3756
f 2155//3757 1811//3758 2211//3759
f 2165//3760 2020//3761 2026//3762
f 2255//3763 2242//3764 2229//3765
f 2250//3766 2273//3767 2265//3768
f 2236//3769 2247//3770 2250//3771
f 2017//3772 2153//3773 2155//3774
f 2020//3775 2017//3776 2026//3777
f 2197//3778 2213//3779 2236//3780
f 2197//3781 2211//3782 2213//3783
f 2155//3784 2026//3785 2017//3786
f 2265//3787 2273//3788 2255//3789
f 2155//3790 2211//3791 2197//3792
f 2202//3793 2151//3794 2165//3795
f 2165//3796 2217//3797 2202//3798
f 2265//3799 2255//3800 2207//3801
f 2250//3802 2265//3803 2207//3804
f 2236//3805 2250//3806 2207//3807
f 2197//3808 2236//3809 2207//3810
f 2155//3811 2197//3812 2207//3813
f 2026//3814 2155//3815 2207//3816
f 2165//3817 2026//3818 2207//3819
f 2217//3820 2165//3821 2207//3822
f 2229//3823 2217//3824 2207//3825
f 2255//3826 2229//3827 2207//3828
f 2147//3829 2210//3830 2184//3831
f 2216//3832 2159//3833 2082//3834
f 2148//3835 2147//3836 2184//3837
f 2148//3838 2147//3839 2163//3840
f 2147//3841 2148//3842 2163//3843
f 2191//3844 1829//3845 1828//3846
f 1828//3847 2179//3848 2191//3849
f 2191//3850 2179//3851 1828//3852
f 2173//3853 2169//3854 1828//3855
f 2169//3856 2173//3857 1828//3858
f 1791//3859 1787//3860 1788//3861
f 1492//3862 1294//3863 1284//3864
f 1492//3865 1284//3866 1440//3867
f 1492//3868 1440//3869 1477//3870
f 2016//3871 1304//3872 1294//3873
f 1481//3874 1433//3875 1321//3876
f 1316//3877 2016//3878 1321//3879
f 1777//3880 1353//3881 1433//3882
f 1433//3883 1481//3884 1777//3885
f 1416//3886 1778//3887 1779//3888
f 1778//3889 1416//3890 1389//3891
f 1778//3892 1389//3893 1421//3894
f 1778//3895 1421//3896 1423//3897
f 1405//3898 1780//3899 1781//3900
f 1780//3901 1405//3902 1404//3903
f 1404//3904 1779//3905 1780//3906
f 1404//3907 1390//3908 1779//3909
f 1779//3910 1390//3911 1416//3912
f 1394//3913 1781//3914 1788//3915
f 1394//3916 1392//3917 1781//3918
f 1781//3919 1392//3920 1405//3921
f 1484//3922 1409//3923 1787//3924
f 1787//3925 1409//3926 1396//3927
f 1396//3928 1788//3929 1787//3930
f 1396//3931 1395//3932 1788//3933
f 1788//3934 1395//3935 1394//3936
f 1408//3937 1409//3938 1484//3939
f 1407//3940 1484//3941 1483//3942
f 1483//3943 1410//3944 1407//3945
f 1406//3946 1410//3947 1483//3948
f 1406//3949 1483//3950 1482//3951
f 1482//3952 1414//3953 1406//3954
f 1422//3955 1414//3956 1482//3957
f 1422//3958 1482//3959 1490//3960
f 1374//3961 1422//3962 1490//3963
f 1374//3964 1490//3965 1489//3966
f 1489//3967 1418//3968 1374//3969
f 1424//3970 1418//3971 1489//3972
f 1424//3973 1489//3974 1798//3975
f 1488//3976 1424//3977 1798//3978
f 1488//3979 1430//3980 1427//3981
f 1434//3982 1832//3983 1754//3984
f 1771//3985 1276//3986 1460//3987
f 1461//3988 1465//3989 1270//3990
f 2184//3991 1497//3992 2148//3993
f 2147//3994 2148//3995 1752//3996
f 1752//3997 2158//3998 2147//3999
f 2147//4000 2158//4001 2159//4002
f 2082//4003 2159//4004 2014//4005
f 2191//4006 2185//4007 2016//4008
f 1788//4009 1796//4010 1791//4011
f 1796//4012 1788//4013 1781//4014
f 1796//4015 1781//4016 1780//4017
f 1796//4018 1780//4019 1779//4020
f 1796//4021 1779//4022 1778//4023
f 1429//4024 1353//4025 1777//4026
f 1429//4027 1777//4028 1778//4029
f 1778//4030 1423//4031 1429//4032
f 1777//4033 1481//4034 1778//4035
f 1321//4036 2016//4037 1481//4038
f 2185//4039 2187//4040 2024//4041
f 2118//4042 2195//4043 1828//4044
f 1832//4045 2014//4046 2159//4047
f 2158//4048 1754//4049 2159//4050
f 2148//4051 1497//4052 1461//4053
f 1752//4054 2148//4055 1461//4056
f 2158//4057 1830//4058 1754//4059
f 1832//4060 2159//4061 1754//4062
f 1461//4063 1771//4064 1752//4065
f 1787//4066 1791//4067 1484//4068
f 1791//4069 1483//4070 1484//4071
f 1483//4072 1791//4073 1798//4074
f 1798//4075 1482//4076 1483//4077
f 1798//4078 1490//4079 1482//4080
f 1798//4081 1489//4082 1490//4083
f 1798//4084 1430//4085 1488//4086
f 2158//4087 1753//4088 1830//4089
f 1460//4090 1753//4091 1752//4092
f 1270//4093 1276//4094 1771//4095
f 1461//4096 1270//4097 1771//4098
f 1771//4099 1460//4100 1752//4101
f 1753//4102 2158//4103 1752//4104
f 1434//4105 1786//4106 1832//4107
f 1786//4108 1434//4109 1336//4110
f 1786//4111 1336//4112 1430//4113
f 1786//4114 1430//4115 1798//4116
f 1798//4117 1797//4118 1786//4119
f 1458//4120 1828//4121 1477//4122
f 2016//4123 1316//4124 1304//4125
f 1294//4126 2191//4127 2016//4128
f 2191//4129 1294//4130 1492//4131
f 1492//4132 1829//4133 2191//4134
f 1829//4135 1492//4136 1477//4137
f 1477//4138 1828//4139 1829//4140
f 1828//4141 1458//4142 2118//4143
f 1481//4144 1796//4145 1778//4146
f 1791//4147 1796//4148 1798//4149
f 2187//4150 2082//4151 2024//4152
f 2024//4153 2016//4154 2185//4155
f 2012//4156 2016//4157 2024//4158
f 2016//4159 2012//4160 1481//4161
f 1481//4162 2012//4163 1808//4164
f 2047//4165 2057//4166 2082//4167
f 2082//4168 2057//4169 2059//4170
f 2024//4171 2082//4172 2059//4173
f 2059//4174 2036//4175 2024//4176
f 2082//4177 2014//4178 2023//4179
f 1805//4180 1802//4181 1481//4182
f 1802//4183 1800//4184 1796//4185
f 1796//4186 1481//4187 1802//4188
f 1800//4189 1804//4190 1796//4191
f 1804//4192 1798//4193 1796//4194
f 1832//4195 1786//4196 1797//4197
f 1832//4198 1797//4199 2003//4200
f 2014//4201 1832//4202 2003//4203
f 1904//4204 1920//4205 2003//4206
f 1970//4207 1946//4208 1896//4209
f 1896//4210 1912//4211 1970//4212
f 1986//4213 1970//4214 1912//4215
f 2057//4216 2047//4217 1937//4218
f 2012//4219 1913//4220 1897//4221
f 2001//4222 2010//4223 2023//4224
f 2023//4225 2010//4226 2002//4227
f 2002//4228 1986//4229 2023//4230
f 1912//4231 2023//4232 1986//4233
f 1905//4234 1825//4235 1844//4236
f 1905//4237 1844//4238 1858//4239
f 1896//4240 1946//4241 1936//4242
f 1896//4243 1936//4244 1921//4245
f 1888//4246 1896//4247 1921//4248
f 1921//4249 1905//4250 1888//4251
f 1905//4252 1865//4253 1888//4254
f 1858//4255 1865//4256 1905//4257
f 1808//4258 1897//4259 1889//4260
f 1897//4261 1808//4262 2012//4263
f 2003//4264 1920//4265 1935//4266
f 2014//4267 1935//4268 1952//4269
f 2014//4270 2003//4271 1935//4272
f 2011//4273 1994//4274 2024//4275
f 1925//4276 1913//4277 2012//4278
f 1808//4279 1889//4280 1866//4281
f 1873//4282 1886//4283 2003//4284
f 1886//4285 1904//4286 2003//4287
f 1948//4288 1925//4289 2012//4290
f 1798//4291 1804//4292 1820//4293
f 1843//4294 1820//4295 1804//4296
f 1857//4297 1843//4298 1804//4299
f 1797//4300 1820//4301 1856//4302
f 1873//4303 2003//4304 1797//4305
f 1797//4306 1856//4307 1873//4308
f 2014//4309 1952//4310 1969//4311
f 1912//4312 1937//4313 2047//4314
f 1912//4315 2047//4316 2082//4317
f 1937//4318 1947//4319 2059//4320
f 2059//4321 2057//4322 1937//4323
f 1947//4324 1962//4325 2036//4326
f 2036//4327 2059//4328 1947//4329
f 2011//4330 2024//4331 2036//4332
f 2024//4333 1994//4334 1978//4335
f 1978//4336 1963//4337 2024//4338
f 2012//4339 1963//4340 1948//4341
f 2012//4342 2024//4343 1963//4344
f 1481//4345 1808//4346 1866//4347
f 1857//4348 1804//4349 1800//4350
f 1874//4351 1857//4352 1800//4353
f 1800//4354 1802//4355 1874//4356
f 1820//4357 1797//4358 1798//4359
f 2036//4360 1993//4361 2011//4362
f 1977//4363 1993//4364 2036//4365
f 1962//4366 1977//4367 2036//4368
f 1481//4369 1866//4370 1813//4371
f 1805//4372 1481//4373 1813//4374
f 1802//4375 1805//4376 1874//4377
f 1887//4378 1874//4379 1805//4380
f 1805//4381 1813//4382 1887//4383
f 1813//4384 1905//4385 1887//4386
f 1905//4387 1813//4388 1817//4389
f 1817//4390 1825//4391 1905//4392
f 1985//4393 2001//4394 2023//4395
f 1985//4396 2023//4397 2014//4398
f 2014//4399 1969//4400 1985//4401
f 1912//4402 2082//4403 2023//4404
f 1817//4405 1813//4406 1812//4407
f 1812//4408 1813//4409 1866//4410
f 1866//4411 1855//4412 1812//4413
f 1866//4414 1889//4415 1855//4416
f 1895//4417 1855//4418 1889//4419
f 1889//4420 1897//4421 1895//4422
f 1911//4423 1895//4424 1897//4425
f 1897//4426 1913//4427 1911//4428
f 1924//4429 1911//4430 1913//4431
f 1913//4432 1925//4433 1924//4434
f 1945//4435 1924//4436 1925//4437
f 1925//4438 1948//4439 1945//4440
f 1961//4441 1945//4442 1948//4443
f 1948//4444 1963//4445 1961//4446
f 1976//4447 1961//4448 1963//4449
f 1963//4450 1978//4451 1976//4452
f 1992//4453 1976//4454 1978//4455
f 1978//4456 1994//4457 1992//4458
f 2009//4459 1992//4460 1994//4461
f 1994//4462 2011//4463 2009//4464
f 1991//4465 2009//4466 2011//4467
f 2011//4468 1993//4469 1991//4470
f 1975//4471 1991//4472 1993//4473
f 1993//4474 1977//4475 1975//4476
f 1960//4477 1975//4478 1977//4479
f 1977//4480 1962//4481 1960//4482
f 1953//4483 1960//4484 1962//4485
f 1962//4486 1947//4487 1953//4488
f 1934//4489 1953//4490 1947//4491
f 1947//4492 1937//4493 1934//4494
f 1910//4495 1934//4496 1937//4497
f 1937//4498 1912//4499 1910//4500
f 1894//4501 1910//4502 1912//4503
f 1912//4504 1896//4505 1894//4506
f 1885//4507 1894//4508 1896//4509
f 1896//4510 1888//4511 1885//4512
f 1864//4513 1885//4514 1888//4515
f 1888//4516 1865//4517 1864//4518
f 1854//4519 1864//4520 1865//4521
f 1865//4522 1858//4523 1854//4524
f 1842//4525 1854//4526 1858//4527
f 1858//4528 1844//4529 1842//4530
f 1824//4531 1842//4532 1844//4533
f 1844//4534 1825//4535 1824//4536
f 1816//4537 1824//4538 1825//4539
f 1825//4540 1817//4541 1816//4542
f 1812//4543 1816//4544 1817//4545
f 1816//4546 1812//4547 1855//4548
f 1824//4549 1816//4550 1855//4551
f 1842//4552 1824//4553 1855//4554
f 1854//4555 1842//4556 1855//4557
f 1864//4558 1854//4559 1855//4560
f 1885//4561 1864//4562 1855//4563
f 1894//4564 1885//4565 1855//4566
f 1855//4567 1953//4568 1894//4569
f 1910//4570 1894//4571 1953//4572
f 1934//4573 1910//4574 1953//4575
f 1975//4576 1960//4577 1953//4578
f 1991//4579 1975//4580 1953//4581
f 2009//4582 1991//4583 1953//4584
f 1953//4585 1855//4586 2009//4587
f 1992//4588 2009//4589 1855//4590
f 1976//4591 1992//4592 1855//4593
f 1961//4594 1976//4595 1855//4596
f 1945//4597 1961//4598 1855//4599
f 1924//4600 1945//4601 1855//4602
f 1911//4603 1924//4604 1855//4605
f 1895//4606 1911//4607 1855//4608
f 1841//4609 1840//4610 1820//4611
f 1820//4612 1843//4613 1841//4614
f 1853//4615 1841//4616 1843//4617
f 1843//4618 1857//4619 1853//4620
f 1872//4621 1853//4622 1857//4623
f 1857//4624 1874//4625 1872//4626
f 1884//4627 1872//4628 1874//4629
f 1874//4630 1887//4631 1884//4632
f 1903//4633 1884//4634 1887//4635
f 1887//4636 1905//4637 1903//4638
f 1919//4639 1903//4640 1905//4641
f 1905//4642 1921//4643 1919//4644
f 1933//4645 1919//4646 1921//4647
f 1921//4648 1936//4649 1933//4650
f 1944//4651 1933//4652 1936//4653
f 1936//4654 1946//4655 1944//4656
f 1968//4657 1944//4658 1946//4659
f 1946//4660 1970//4661 1968//4662
f 1984//4663 1968//4664 1970//4665
f 1970//4666 1986//4667 1984//4668
f 2000//4669 1984//4670 1986//4671
f 1986//4672 2002//4673 2000//4674
f 2008//4675 2000//4676 2002//4677
f 2002//4678 2010//4679 2008//4680
f 1999//4681 2008//4682 2010//4683
f 2010//4684 2001//4685 1999//4686
f 1983//4687 1999//4688 2001//4689
f 2001//4690 1985//4691 1983//4692
f 1967//4693 1983//4694 1985//4695
f 1985//4696 1969//4697 1967//4698
f 1951//4699 1967//4700 1969//4701
f 1969//4702 1952//4703 1951//4704
f 1932//4705 1951//4706 1952//4707
f 1952//4708 1935//4709 1932//4710
f 1918//4711 1932//4712 1935//4713
f 1935//4714 1920//4715 1918//4716
f 1902//4717 1918//4718 1920//4719
f 1920//4720 1904//4721 1902//4722
f 1883//4723 1902//4724 1904//4725
f 1904//4726 1886//4727 1883//4728
f 1871//4729 1883//4730 1886//4731
f 1886//4732 1873//4733 1871//4734
f 1859//4735 1871//4736 1873//4737
f 1873//4738 1856//4739 1859//4740
f 1840//4741 1859//4742 1856//4743
f 1856//4744 1820//4745 1840//4746
f 1883//4747 1871//4748 1859//4749
f 1902//4750 1883//4751 1859//4752
f 1918//4753 1902//4754 1859//4755
f 1859//4756 1840//4757 1918//4758
f 1932//4759 1918//4760 1840//4761
f 1951//4762 1932//4763 1840//4764
f 1967//4765 1951//4766 1840//4767
f 1983//4768 1967//4769 1840//4770
f 1999//4771 1983//4772 1840//4773
f 2008//4774 1999//4775 1840//4776
f 2000//4777 2008//4778 1840//4779
f 1984//4780 2000//4781 1840//4782
f 1968//4783 1984//4784 1840//4785
f 1944//4786 1968//4787 1840//4788
f 1933//4789 1944//4790 1840//4791
f 1919//4792 1933//4793 1840//4794
f 1903//4795 1919//4796 1840//4797
f 1884//4798 1903//4799 1840//4800
f 1872//4801 1884//4802 1840//4803
f 1853//4804 1872//4805 1840//4806
f 1841//4807 1853//4808 1840//4809
f 1316//4810 1320//4811 744//4812
f 1304//4813 1309//4814 753//4815
f 1113//4816 1477//4817 992//4818
f 1044//4819 1113//4820 992//4821
f 1044//4822 992//4823 947//4824
f 871//4825 1044//4826 947//4827
f 940//4828 810//4829 820//4830
f 940//4831 820//4832 871//4833
f 871//4834 947//4835 940//4836
f 940//4837 934//4838 810//4839
f 803//4840 810//4841 934//4842
f 934//4843 929//4844 803//4845
f 798//4846 803//4847 929//4848
f 929//4849 927//4850 798//4851
f 927//4852 716//4853 798//4854
f 794//4855 716//4856 927//4857
f 927//4858 924//4859 794//4860
f 790//4861 794//4862 924//4863
f 924//4864 926//4865 790//4866
f 926//4867 787//4868 790//4869
f 926//4870 943//4871 787//4872
f 943//4873 955//4874 787//4875
f 784//4876 787//4877 955//4878
f 955//4879 956//4880 784//4881
f 956//4882 642//4883 784//4884
f 956//4885 778//4886 642//4887
f 956//4888 960//4889 778//4890
f 960//4891 989//4892 778//4893
f 1278//4894 778//4895 989//4896
f 776//4897 778//4898 1278//4899
f 1278//4900 1279//4901 776//4902
f 1279//4903 773//4904 776//4905
f 773//4906 1279//4907 1284//4908
f 1284//4909 1286//4910 773//4911
f 1286//4912 767//4913 773//4914
f 767//4915 1286//4916 1288//4917
f 1288//4918 765//4919 767//4920
f 1288//4921 1294//4922 765//4923
f 1294//4924 1298//4925 765//4926
f 1299//4927 1304//4928 753//4929
f 1299//4930 753//4931 755//4932
f 755//4933 1298//4934 1299//4935
f 1298//4936 755//4937 761//4938
f 1298//4939 761//4940 765//4941
f 735//4942 744//4943 1320//4944
f 1310//4945 1316//4946 744//4947
f 1310//4948 744//4949 746//4950
f 746//4951 1309//4952 1310//4953
f 1309//4954 746//4955 751//4956
f 751//4957 753//4958 1309//4959
f 1320//4960 1321//4961 733//4962
f 733//4963 735//4964 1320//4965
f 728//4966 733//4967 1331//4968
f 1321//4969 1331//4970 733//4971
f 722//4972 728//4973 1331//4974
f 1331//4975 1333//4976 722//4977
f 1333//4978 719//4979 722//4980
f 719//4981 1333//4982 1339//4983
f 1339//4984 712//4985 719//4986
f 1339//4987 1343//4988 712//4989
f 710//4990 712//4991 1343//4992
f 1343//4993 1345//4994 710//4995
f 1345//4996 706//4997 710//4998
f 706//4999 1345//5000 1353//5001
f 699//5002 706//5003 1353//5004
f 1353//5005 1349//5006 699//5007
f 1349//5008 1355//5009 699//5010
f 696//5011 699//5012 1355//5013
f 1355//5014 1356//5015 696//5016
f 690//5017 696//5018 1356//5019
f 1356//5020 1362//5021 690//5022
f 688//5023 690//5024 1362//5025
f 1362//5026 1389//5027 688//5028
f 688//5029 1389//5030 1368//5031
f 684//5032 688//5033 1368//5034
f 1368//5035 1372//5036 684//5037
f 680//5038 684//5039 1372//5040
f 1372//5041 1390//5042 680//5043
f 1390//5044 675//5045 680//5046
f 1390//5047 1377//5048 675//5049
f 673//5050 675//5051 1377//5052
f 1377//5053 1380//5054 673//5055
f 669//5056 673//5057 1380//5058
f 1380//5059 1391//5060 669//5061
f 662//5062 669//5063 1391//5064
f 1391//5065 1393//5066 662//5067
f 662//5068 1393//5069 1394//5070
f 661//5071 662//5072 1394//5073
f 1394//5074 1395//5075 661//5076
f 661//5077 1395//5078 1396//5079
f 656//5080 661//5081 1396//5082
f 1396//5083 1409//5084 656//5085
f 1409//5086 657//5087 656//5088
f 655//5089 657//5090 1409//5091
f 1409//5092 1408//5093 655//5094
f 659//5095 655//5096 1408//5097
f 1408//5098 1484//5099 659//5100
f 659//5101 1484//5102 1407//5103
f 664//5104 659//5105 1407//5106
f 1407//5107 1406//5108 664//5109
f 668//5110 664//5111 1406//5112
f 1406//5113 1383//5114 668//5115
f 671//5116 668//5117 1383//5118
f 1383//5119 1378//5120 671//5121
f 676//5122 671//5123 1378//5124
f 1378//5125 1374//5126 676//5127
f 681//5128 676//5129 1374//5130
f 1374//5131 1371//5132 681//5133
f 683//5134 681//5135 1371//5136
f 1371//5137 1367//5138 683//5139
f 687//5140 683//5141 1367//5142
f 1367//5143 1361//5144 687//5145
f 692//5146 687//5147 1361//5148
f 1361//5149 1488//5150 692//5151
f 692//5152 1488//5153 1357//5154
f 694//5155 692//5156 1357//5157
f 694//5158 1357//5159 1350//5160
f 1350//5161 698//5162 694//5163
f 703//5164 698//5165 1350//5166
f 1350//5167 1427//5168 703//5169
f 703//5170 1427//5171 1347//5172
f 705//5173 703//5174 1347//5175
f 1347//5176 1341//5177 705//5178
f 709//5179 705//5180 1341//5181
f 709//5182 1341//5183 1337//5184
f 1337//5185 715//5186 709//5187
f 715//5188 1337//5189 1336//5190
f 715//5191 1336//5192 1329//5193
f 1329//5194 718//5195 715//5196
f 1329//5197 1328//5198 718//5199
f 721//5200 718//5201 1328//5202
f 721//5203 1328//5204 1325//5205
f 1325//5206 726//5207 721//5208
f 727//5209 726//5210 1325//5211
f 727//5212 1325//5213 1754//5214
f 1754//5215 1315//5216 727//5217
f 732//5218 727//5219 1315//5220
f 732//5221 1315//5222 1314//5223
f 1314//5224 738//5225 732//5226
f 740//5227 738//5228 1314//5229
f 740//5230 1314//5231 1830//5232
f 1830//5233 1303//5234 740//5235
f 743//5236 740//5237 1303//5238
f 743//5239 1303//5240 1301//5241
f 1301//5242 759//5243 750//5244
f 1301//5245 750//5246 743//5247
f 759//5248 1301//5249 1753//5250
f 1753//5251 1293//5252 759//5253
f 760//5254 759//5255 1293//5256
f 1293//5257 1289//5258 760//5259
f 764//5260 760//5261 1289//5262
f 1289//5263 771//5264 764//5265
f 771//5266 1289//5267 1460//5268
f 771//5269 1460//5270 1283//5271
f 772//5272 771//5273 1283//5274
f 1283//5275 1276//5276 772//5277
f 977//5278 772//5279 1276//5280
f 970//5281 963//5282 781//5283
f 977//5284 970//5285 772//5286
f 781//5287 772//5288 970//5289
f 962//5290 961//5291 792//5292
f 792//5293 646//5294 962//5295
f 646//5296 963//5297 962//5298
f 961//5299 945//5300 792//5301
f 796//5302 792//5303 945//5304
f 800//5305 796//5306 945//5307
f 945//5308 935//5309 800//5310
f 933//5311 938//5312 807//5313
f 807//5314 802//5315 933//5316
f 802//5317 800//5318 933//5319
f 935//5320 933//5321 800//5322
f 807//5323 938//5324 942//5325
f 942//5326 812//5327 807//5328
f 812//5329 631//5330 807//5331
f 812//5332 942//5333 949//5334
f 1269//5335 1465//5336 1102//5337
f 1102//5338 1074//5339 1269//5340
f 827//5341 1269//5342 1074//5343
f 828//5344 812//5345 827//5346
f 827//5347 812//5348 1269//5349
f 949//5350 1269//5351 812//5352
f 1269//5353 949//5354 975//5355
f 1074//5356 904//5357 827//5358
f 827//5359 904//5360 828//5361
f 975//5362 978//5363 1270//5364
f 1270//5365 1269//5366 975//5367
f 1276//5368 978//5369 977//5370
f 989//5371 992//5372 1477//5373
f 953//5374 926//5375 924//5376
f 953//5377 943//5378 926//5379
f 953//5380 955//5381 943//5382
f 953//5383 956//5384 955//5385
f 953//5386 960//5387 956//5388
f 934//5389 940//5390 947//5391
f 927//5392 929//5393 947//5394
f 947//5395 929//5396 934//5397
f 953//5398 924//5399 927//5400
f 927//5401 947//5402 953//5403
f 971//5404 953//5405 947//5406
f 971//5407 947//5408 992//5409
f 971//5410 960//5411 953//5412
f 992//5413 989//5414 960//5415
f 960//5416 971//5417 992//5418
f 938//5419 949//5420 942//5421
f 933//5422 935//5423 961//5424
f 938//5425 933//5426 961//5427
f 970//5428 977//5429 963//5430
f 963//5431 961//5432 962//5433
f 961//5434 935//5435 945//5436
f 938//5437 961//5438 964//5439
f 978//5440 975//5441 961//5442
f 949//5443 938//5444 964//5445
f 949//5446 964//5447 975//5448
f 961//5449 977//5450 978//5451
f 961//5452 963//5453 977//5454
f 971//5455 960//5456 979//5457
f 960//5458 971//5459 979//5460
f 979//5461 976//5462 960//5463
f 976//5464 979//5465 960//5466
f 975//5467 969//5468 961//5469
f 964//5470 961//5471 969//5472
f 975//5473 964//5474 969//5475
f 1665//5476 1657//5477 1617//5478
f 1657//5479 1644//5480 1617//5481
f 1644//5482 1623//5483 1617//5484
f 1623//5485 1599//5486 1617//5487
f 1534//5488 1617//5489 1599//5490
f 1617//5491 1654//5492 1665//5493
f 1673//5494 1665//5495 1654//5496
f 1684//5497 1673//5498 1654//5499
f 1691//5500 1684//5501 1654//5502
f 1654//5503 1699//5504 1691//5505
f 1697//5506 1691//5507 1699//5508
f 1704//5509 1697//5510 1699//5511
f 1707//5512 1704//5513 1699//5514
f 1699//5515 1700//5516 1710//5517
f 1710//5518 1709//5519 1699//5520
f 1699//5521 1709//5522 1707//5523
f 1692//5524 1698//5525 1683//5526
f 1685//5527 1692//5528 1683//5529
f 1674//5530 1685//5531 1683//5532
f 1666//5533 1674//5534 1683//5535
f 1683//5536 1626//5537 1666//5538
f 1658//5539 1666//5540 1626//5541
f 1645//5542 1658//5543 1626//5544
f 1624//5545 1645//5546 1626//5547
f 1600//5548 1624//5549 1626//5550
f 1582//5551 1600//5552 1626//5553
f 1626//5554 1535//5555 1582//5556
f 1535//5557 1546//5558 1582//5559
f 146//5560 263//5561 249//5562
f 1700//5563 1683//5564 1698//5565
f 1698//5566 1705//5567 1700//5568
f 1705//5569 1708//5570 1700//5571
f 1708//5572 1710//5573 1700//5574
f 110//5575 494//5576 233//5577
f 271//5578 541//5579 509//5580
f 547//5581 509//5582 541//5583
f 210//5584 249//5585 263//5586
f 541//5587 555//5588 547//5589
f 559//5590 547//5591 555//5592
f 559//5593 555//5594 984//5595
f 89//5596 110//5597 103//5598
f 1164//5599 1546//5600 1535//5601
f 1535//5602 1161//5603 1164//5604
f 1153//5605 1164//5606 1161//5607
f 1161//5608 1123//5609 1153//5610
f 1142//5611 1153//5612 1123//5613
f 1131//5614 1142//5615 1123//5616
f 1119//5617 1131//5618 1123//5619
f 1104//5620 1119//5621 1123//5622
f 1092//5623 1104//5624 1123//5625
f 1082//5626 1092//5627 1123//5628
f 1123//5629 1013//5630 1082//5631
f 994//5632 1005//5633 1013//5634
f 984//5635 994//5636 1013//5637
f 1013//5638 983//5639 984//5640
f 984//5641 983//5642 559//5643
f 88//5644 89//5645 103//5646
f 103//5647 102//5648 88//5649
f 102//5650 249//5651 88//5652
f 263//5653 527//5654 210//5655
f 545//5656 233//5657 494//5658
f 494//5659 271//5660 545//5661
f 509//5662 545//5663 271//5664
f 554//5665 527//5666 546//5667
f 1599//5668 1581//5669 1534//5670
f 1581//5671 1545//5672 1534//5673
f 1160//5674 1534//5675 1545//5676
f 1545//5677 1163//5678 1160//5679
f 1154//5680 1160//5681 1163//5682
f 1141//5683 1130//5684 1154//5685
f 1091//5686 1154//5687 1130//5688
f 1130//5689 1118//5690 1091//5691
f 1118//5692 1103//5693 1091//5694
f 995//5695 1091//5696 1081//5697
f 1081//5698 1014//5699 995//5700
f 1014//5701 1004//5702 995//5703
f 995//5704 981//5705 982//5706
f 558//5707 982//5708 981//5709
f 981//5710 554//5711 558//5712
f 554//5713 546//5714 558//5715
f 271//5716 494//5717 541//5718
f 548//5719 555//5720 541//5721
f 541//5722 494//5723 548//5724
f 494//5725 205//5726 481//5727
f 494//5728 135//5729 205//5730
f 30//5731 210//5732 324//5733
f 527//5734 324//5735 210//5736
f 554//5737 981//5738 991//5739
f 527//5740 554//5741 991//5742
f 324//5743 527//5744 991//5745
f 30//5746 324//5747 991//5748
f 1740//5749 1739//5750 1709//5751
f 1709//5752 1710//5753 1740//5754
f 1610//5755 1582//5756 1546//5757
f 1546//5758 1592//5759 1610//5760
f 1610//5761 1620//5762 1582//5763
f 1582//5764 1620//5765 1631//5766
f 1631//5767 1600//5768 1582//5769
f 1643//5770 1648//5771 1624//5772
f 1643//5773 1624//5774 1600//5775
f 1600//5776 1635//5777 1643//5778
f 1631//5779 1635//5780 1600//5781
f 1648//5782 1652//5783 1624//5784
f 1645//5785 1624//5786 1652//5787
f 1652//5788 1659//5789 1645//5790
f 1645//5791 1659//5792 1671//5793
f 1671//5794 1658//5795 1645//5796
f 1671//5797 1682//5798 1658//5799
f 1681//5800 1688//5801 1666//5802
f 1681//5803 1666//5804 1658//5805
f 1658//5806 1682//5807 1681//5808
f 1666//5809 1688//5810 1696//5811
f 1674//5812 1666//5813 1696//5814
f 1696//5815 1706//5816 1674//5817
f 1674//5818 1706//5819 1712//5820
f 1685//5821 1674//5822 1712//5823
f 1712//5824 1717//5825 1685//5826
f 1717//5827 1721//5828 1685//5829
f 1692//5830 1685//5831 1721//5832
f 1721//5833 1723//5834 1692//5835
f 1692//5836 1723//5837 1725//5838
f 1698//5839 1692//5840 1725//5841
f 1725//5842 1729//5843 1698//5844
f 1698//5845 1729//5846 1732//5847
f 1733//5848 1735//5849 1705//5850
f 1705//5851 1698//5852 1733//5853
f 1732//5854 1733//5855 1698//5856
f 1708//5857 1705//5858 1735//5859
f 1735//5860 1738//5861 1708//5862
f 1708//5863 1738//5864 1740//5865
f 1740//5866 1710//5867 1708//5868
f 1709//5869 1739//5870 1737//5871
f 1737//5872 1707//5873 1709//5874
f 1707//5875 1737//5876 1736//5877
f 1736//5878 1704//5879 1707//5880
f 1731//5881 1730//5882 1697//5883
f 1731//5884 1697//5885 1704//5886
f 1704//5887 1749//5888 1731//5889
f 1736//5890 1749//5891 1704//5892
f 1726//5893 1724//5894 1691//5895
f 1726//5896 1691//5897 1697//5898
f 1697//5899 1730//5900 1726//5901
f 1719//5902 1684//5903 1691//5904
f 1691//5905 1724//5906 1719//5907
f 1719//5908 1718//5909 1684//5910
f 1673//5911 1684//5912 1718//5913
f 1718//5914 1714//5915 1673//5916
f 1673//5917 1714//5918 1701//5919
f 1665//5920 1673//5921 1701//5922
f 1701//5923 1670//5924 1665//5925
f 1686//5926 1677//5927 1657//5928
f 1657//5929 1665//5930 1686//5931
f 1665//5932 1670//5933 1686//5934
f 1657//5935 1677//5936 1667//5937
f 1667//5938 1644//5939 1657//5940
f 1644//5941 1667//5942 1660//5943
f 1660//5944 1653//5945 1644//5946
f 1623//5947 1644//5948 1653//5949
f 1653//5950 1650//5951 1623//5952
f 1650//5953 1639//5954 1623//5955
f 1599//5956 1623//5957 1639//5958
f 1604//5959 1591//5960 1545//5961
f 1545//5962 1581//5963 1604//5964
f 1581//5965 1621//5966 1604//5967
f 1621//5968 1581//5969 1599//5970
f 1599//5971 1634//5972 1621//5973
f 1639//5974 1634//5975 1599//5976
f 1749//5977 1739//5978 1740//5979
f 1740//5980 1738//5981 1749//5982
f 1768//5983 1749//5984 1738//5985
f 1706//5986 1696//5987 1682//5988
f 1762//5989 1763//5990 1767//5991
f 1747//5992 1755//5993 1758//5994
f 1758//5995 1767//5996 1747//5997
f 1767//5998 1758//5999 1762//6000
f 1744//6001 1747//6002 1766//6003
f 1727//6004 1734//6005 1766//6006
f 1766//6007 1734//6008 1744//6009
f 1766//6010 1703//6011 1713//6012
f 1687//6013 1695//6014 1766//6015
f 1766//6016 1695//6017 1703//6018
f 1702//6019 1662//6020 1664//6021
f 1702//6022 1664//6023 1668//6024
f 1702//6025 1668//6026 1676//6027
f 1702//6028 1676//6029 1678//6030
f 1702//6031 1678//6032 1687//6033
f 1766//6034 1702//6035 1687//6036
f 1649//6037 1656//6038 1702//6039
f 1630//6040 1637//6041 1702//6042
f 1702//6043 1637//6044 1641//6045
f 1702//6046 1641//6047 1647//6048
f 1702//6049 1647//6050 1649//6051
f 1615//6052 1618//6053 1627//6054
f 1627//6055 1618//6056 1622//6057
f 1627//6058 1607//6059 1608//6060
f 1635//6061 1598//6062 1602//6063
f 1610//6064 1592//6065 1595//6066
f 1595//6067 1635//6068 1610//6069
f 1631//6070 1620//6071 1635//6072
f 1620//6073 1610//6074 1635//6075
f 1635//6076 1659//6077 1652//6078
f 1671//6079 1659//6080 1682//6081
f 1688//6082 1681//6083 1682//6084
f 1696//6085 1688//6086 1682//6087
f 1682//6088 1721//6089 1717//6090
f 1717//6091 1712//6092 1682//6093
f 1712//6094 1706//6095 1682//6096
f 1721//6097 1725//6098 1723//6099
f 1732//6100 1729//6101 1738//6102
f 1721//6103 1738//6104 1729//6105
f 1729//6106 1725//6107 1721//6108
f 1735//6109 1733//6110 1738//6111
f 1733//6112 1732//6113 1738//6114
f 1738//6115 1721//6116 1760//6117
f 1721//6118 1682//6119 1760//6120
f 1768//6121 1760//6122 1766//6123
f 1766//6124 1760//6125 1702//6126
f 1738//6127 1760//6128 1768//6129
f 1702//6130 1760//6131 1682//6132
f 1595//6133 1598//6134 1635//6135
f 1635//6136 1648//6137 1643//6138
f 1652//6139 1648//6140 1635//6141
f 1627//6142 1635//6143 1602//6144
f 1602//6145 1607//6146 1627//6147
f 1635//6148 1682//6149 1659//6150
f 1627//6151 1682//6152 1635//6153
f 1608//6154 1612//6155 1627//6156
f 1612//6157 1615//6158 1627//6159
f 1627//6160 1702//6161 1682//6162
f 1702//6163 1627//6164 1622//6165
f 1622//6166 1629//6167 1702//6168
f 1629//6169 1630//6170 1702//6171
f 1766//6172 1767//6173 1768//6174
f 1656//6175 1662//6176 1702//6177
f 1747//6178 1767//6179 1766//6180
f 1168//6181 1174//6182 1592//6183
f 1168//6184 1592//6185 1546//6186
f 1546//6187 1164//6188 1168//6189
f 984//6190 923//6191 998//6192
f 998//6193 994//6194 984//6195
f 994//6196 998//6197 1001//6198
f 1005//6199 994//6200 1001//6201
f 1001//6202 1007//6203 1005//6204
f 1005//6205 1007//6206 1012//6207
f 1013//6208 1005//6209 1012//6210
f 1012//6211 1016//6212 1013//6213
f 1013//6214 1016//6215 1079//6216
f 1082//6217 1013//6218 1079//6219
f 1079//6220 1086//6221 1082//6222
f 1082//6223 1086//6224 1088//6225
f 1092//6226 1082//6227 1088//6228
f 1088//6229 1094//6230 1092//6231
f 1092//6232 1094//6233 1099//6234
f 1104//6235 1092//6236 1099//6237
f 1099//6238 1108//6239 1104//6240
f 1104//6241 1108//6242 1115//6243
f 1119//6244 1104//6245 1115//6246
f 1115//6247 1122//6248 1119//6249
f 1119//6250 1122//6251 1127//6252
f 1131//6253 1119//6254 1127//6255
f 1127//6256 1136//6257 1131//6258
f 1131//6259 1136//6260 1139//6261
f 1142//6262 1131//6263 1139//6264
f 1139//6265 1144//6266 1142//6267
f 1142//6268 1144//6269 1149//6270
f 1153//6271 1142//6272 1149//6273
f 1149//6274 1157//6275 1153//6276
f 1153//6277 1157//6278 1168//6279
f 1168//6280 1164//6281 1153//6282
f 1724//6283 1726//6284 1749//6285
f 1743//6286 1742//6287 1765//6288
f 1694//6289 1689//6290 1741//6291
f 1616//6292 1611//6293 1679//6294
f 1593//6295 1591//6296 1604//6297
f 1594//6298 1593//6299 1604//6300
f 1606//6301 1603//6302 1660//6303
f 1690//6304 1640//6305 1636//6306
f 1690//6307 1642//6308 1640//6309
f 1690//6310 1646//6311 1642//6312
f 1690//6313 1651//6314 1646//6315
f 1690//6316 1655//6317 1651//6318
f 1661//6319 1655//6320 1690//6321
f 1690//6322 1663//6323 1661//6324
f 1672//6325 1669//6326 1690//6327
f 1756//6328 1746//6329 1765//6330
f 1690//6331 1669//6332 1663//6333
f 1601//6334 1594//6335 1660//6336
f 1604//6337 1660//6338 1594//6339
f 1604//6340 1621//6341 1660//6342
f 1621//6343 1634//6344 1660//6345
f 1741//6346 1675//6347 1672//6348
f 1672//6349 1690//6350 1741//6351
f 1741//6352 1680//6353 1675//6354
f 1634//6355 1639//6356 1660//6357
f 1660//6358 1639//6359 1650//6360
f 1741//6361 1689//6362 1680//6363
f 1660//6364 1650//6365 1653//6366
f 1741//6367 1722//6368 1716//6369
f 1677//6370 1686//6371 1660//6372
f 1667//6373 1677//6374 1660//6375
f 1741//6376 1728//6377 1722//6378
f 1728//6379 1741//6380 1765//6381
f 1660//6382 1603//6383 1601//6384
f 1765//6385 1742//6386 1728//6387
f 1609//6388 1606//6389 1679//6390
f 1660//6391 1679//6392 1606//6393
f 1660//6394 1670//6395 1679//6396
f 1724//6397 1679//6398 1670//6399
f 1765//6400 1746//6401 1743//6402
f 1679//6403 1611//6404 1609//6405
f 1765//6406 1759//6407 1756//6408
f 1714//6409 1718//6410 1724//6411
f 1718//6412 1719//6413 1724//6414
f 1761//6415 1765//6416 1764//6417
f 1690//6418 1768//6419 1741//6420
f 1633//6421 1628//6422 1679//6423
f 1724//6424 1768//6425 1679//6426
f 1765//6427 1741//6428 1768//6429
f 1690//6430 1636//6431 1633//6432
f 1679//6433 1690//6434 1633//6435
f 1768//6436 1690//6437 1679//6438
f 1765//6439 1761//6440 1759//6441
f 1730//6442 1731//6443 1749//6444
f 1749//6445 1726//6446 1730//6447
f 1737//6448 1739//6449 1749//6450
f 1749//6451 1736//6452 1737//6453
f 1724//6454 1670//6455 1714//6456
f 1701//6457 1714//6458 1670//6459
f 1724//6460 1749//6461 1768//6462
f 1660//6463 1686//6464 1670//6465
f 1167//6466 1163//6467 1545//6468
f 1545//6469 1591//6470 1167//6471
f 1591//6472 1173//6473 1167//6474
f 1163//6475 1167//6476 1156//6477
f 1156//6478 1154//6479 1163//6480
f 1154//6481 1156//6482 1148//6483
f 1148//6484 1141//6485 1154//6486
f 1148//6487 1143//6488 1141//6489
f 1141//6490 1143//6491 1138//6492
f 1138//6493 1130//6494 1141//6495
f 1138//6496 1135//6497 1130//6498
f 1130//6499 1135//6500 1126//6501
f 1126//6502 1118//6503 1130//6504
f 1126//6505 1121//6506 1118//6507
f 1118//6508 1121//6509 1114//6510
f 1114//6511 1103//6512 1118//6513
f 1114//6514 1107//6515 1103//6516
f 1103//6517 1107//6518 1098//6519
f 1098//6520 1091//6521 1103//6522
f 1098//6523 1093//6524 1091//6525
f 1091//6526 1093//6527 1087//6528
f 1087//6529 1081//6530 1091//6531
f 1087//6532 1085//6533 1081//6534
f 1081//6535 1085//6536 1078//6537
f 1078//6538 1014//6539 1081//6540
f 1078//6541 1015//6542 1014//6543
f 1014//6544 1015//6545 1011//6546
f 1011//6547 1004//6548 1014//6549
f 1011//6550 1006//6551 1004//6552
f 1004//6553 1006//6554 1000//6555
f 1000//6556 995//6557 1004//6558
f 1000//6559 997//6560 995//6561
f 995//6562 997//6563 991//6564
f 991//6565 981//6566 995//6567
f 30//6568 23//6569 99//6570
f 210//6571 30//6572 99//6573
f 135//6574 494//6575 57//6576
f 1167//6577 1173//6578 1172//6579
f 1156//6580 1167//6581 1172//6582
f 1156//6583 1172//6584 1166//6585
f 1148//6586 1156//6587 1166//6588
f 1148//6589 1166//6590 1158//6591
f 1158//6592 1155//6593 1148//6594
f 1143//6595 1148//6596 1155//6597
f 1155//6598 1138//6599 1143//6600
f 1138//6601 1155//6602 1147//6603
f 1138//6604 1147//6605 1137//6606
f 1135//6607 1138//6608 1137//6609
f 1137//6610 1126//6611 1135//6612
f 1137//6613 1128//6614 1126//6615
f 1121//6616 1126//6617 1128//6618
f 1128//6619 1114//6620 1121//6621
f 1114//6622 1128//6623 1124//6624
f 1124//6625 1116//6626 1114//6627
f 1107//6628 1114//6629 1116//6630
f 1116//6631 1098//6632 1107//6633
f 1098//6634 1116//6635 1110//6636
f 1098//6637 1110//6638 1101//6639
f 1093//6640 1098//6641 1101//6642
f 1101//6643 1087//6644 1093//6645
f 1087//6646 1101//6647 1095//6648
f 1087//6649 1095//6650 1089//6651
f 1085//6652 1087//6653 1089//6654
f 1089//6655 1078//6656 1085//6657
f 1089//6658 1084//6659 1078//6660
f 1078//6661 1084//6662 1080//6663
f 1015//6664 1078//6665 1080//6666
f 1080//6667 1011//6668 1015//6669
f 1011//6670 1080//6671 1017//6672
f 1017//6673 1009//6674 1011//6675
f 1006//6676 1011//6677 1009//6678
f 1009//6679 1000//6680 1006//6681
f 1000//6682 1009//6683 1002//6684
f 997//6685 1000//6686 1002//6687
f 997//6688 1002//6689 996//6690
f 996//6691 991//6692 997//6693
f 1439//6694 1295//6695 1742//6696
f 1173//6697 1591//6698 1593//6699
f 1601//6700 1183//6701 1181//6702
f 1181//6703 1179//6704 1601//6705
f 1594//6706 1601//6707 1179//6708
f 1179//6709 1176//6710 1594//6711
f 1593//6712 1594//6713 1176//6714
f 1176//6715 1175//6716 1593//6717
f 1593//6718 1175//6719 1173//6720
f 1601//6721 1603//6722 1183//6723
f 1183//6724 1603//6725 1606//6726
f 1606//6727 1185//6728 1183//6729
f 1611//6730 1192//6731 1190//6732
f 1190//6733 1188//6734 1611//6735
f 1609//6736 1611//6737 1188//6738
f 1606//6739 1609//6740 1188//6741
f 1188//6742 1185//6743 1606//6744
f 1611//6745 1616//6746 1192//6747
f 1170//6748 1192//6749 1616//6750
f 1616//6751 1196//6752 1170//6753
f 1196//6754 1616//6755 1679//6756
f 1196//6757 1679//6758 1628//6759
f 1628//6760 1199//6761 1196//6762
f 1201//6763 1199//6764 1628//6765
f 1628//6766 1633//6767 1201//6768
f 1633//6769 1636//6770 1201//6771
f 1202//6772 1201//6773 1636//6774
f 1636//6775 1640//6776 1202//6777
f 1205//6778 1202//6779 1640//6780
f 1640//6781 1642//6782 1205//6783
f 1207//6784 1205//6785 1642//6786
f 1642//6787 1646//6788 1207//6789
f 1219//6790 1207//6791 1646//6792
f 1646//6793 1651//6794 1219//6795
f 1651//6796 1655//6797 1232//6798
f 1232//6799 1219//6800 1651//6801
f 1247//6802 1241//6803 1661//6804
f 1655//6805 1661//6806 1241//6807
f 1241//6808 1232//6809 1655//6810
f 1249//6811 1247//6812 1661//6813
f 1661//6814 1663//6815 1249//6816
f 1663//6817 1669//6818 1249//6819
f 1250//6820 1249//6821 1669//6822
f 1669//6823 1672//6824 1250//6825
f 1252//6826 1250//6827 1672//6828
f 1672//6829 1675//6830 1252//6831
f 1254//6832 1252//6833 1675//6834
f 1675//6835 1680//6836 1254//6837
f 1257//6838 1254//6839 1680//6840
f 1689//6841 1694//6842 1261//6843
f 1261//6844 1259//6845 1689//6846
f 1680//6847 1689//6848 1259//6849
f 1259//6850 1257//6851 1680//6852
f 1262//6853 1261//6854 1694//6855
f 1264//6856 1262//6857 1694//6858
f 1694//6859 1741//6860 1264//6861
f 1741//6862 1716//6863 1264//6864
f 1268//6865 1264//6866 1716//6867
f 1716//6868 1722//6869 1268//6870
f 1272//6871 1268//6872 1722//6873
f 1722//6874 1728//6875 1272//6876
f 1728//6877 1742//6878 1295//6879
f 1295//6880 1272//6881 1728//6882
f 1742//6883 1743//6884 1439//6885
f 1443//6886 1439//6887 1743//6888
f 1445//6889 1443//6890 1743//6891
f 1445//6892 1743//6893 1746//6894
f 1756//6895 1759//6896 1449//6897
f 1447//6898 1445//6899 1746//6900
f 1746//6901 1756//6902 1447//6903
f 1449//6904 1447//6905 1756//6906
f 1761//6907 1764//6908 1454//6909
f 1454//6910 1453//6911 1761//6912
f 1759//6913 1761//6914 1453//6915
f 1453//6916 1451//6917 1759//6918
f 1451//6919 1449//6920 1759//6921
f 1452//6922 1455//6923 1763//6924
f 1763//6925 1762//6926 1452//6927
f 1450//6928 1452//6929 1762//6930
f 1762//6931 1758//6932 1450//6933
f 1448//6934 1450//6935 1758//6936
f 1446//6937 1758//6938 1755//6939
f 1758//6940 1446//6941 1448//6942
f 1755//6943 1747//6944 1446//6945
f 1442//6946 1446//6947 1747//6948
f 1747//6949 1744//6950 1442//6951
f 1308//6952 1442//6953 1744//6954
f 1744//6955 1734//6956 1308//6957
f 1267//6958 1271//6959 1727//6960
f 1734//6961 1727//6962 1271//6963
f 1734//6964 1271//6965 1308//6966
f 1263//6967 1727//6968 1766//6969
f 1727//6970 1263//6971 1267//6972
f 1766//6973 1713//6974 1263//6975
f 1713//6976 1255//6977 1263//6978
f 1260//6979 1713//6980 1703//6981
f 1713//6982 1260//6983 1255//6984
f 1703//6985 1695//6986 1260//6987
f 1258//6988 1260//6989 1695//6990
f 1695//6991 1687//6992 1258//6993
f 1256//6994 1258//6995 1687//6996
f 1253//6997 1256//6998 1687//6999
f 1687//7000 1678//7001 1253//7002
f 1678//7003 1676//7004 1253//7005
f 1676//7006 1668//7007 1251//7008
f 1676//7009 1251//7010 1253//7011
f 1668//7012 1243//7013 1246//7014
f 1668//7015 1246//7016 1251//7017
f 1243//7018 1668//7019 1664//7020
f 1664//7021 1662//7022 1243//7023
f 1236//7024 1243//7025 1662//7026
f 1662//7027 1656//7028 1236//7029
f 1224//7030 1236//7031 1656//7032
f 1656//7033 1649//7034 1224//7035
f 1649//7036 1208//7037 1224//7038
f 1649//7039 1647//7040 1208//7041
f 1204//7042 1208//7043 1647//7044
f 1647//7045 1641//7046 1204//7047
f 1203//7048 1204//7049 1641//7050
f 1641//7051 1637//7052 1203//7053
f 1200//7054 1203//7055 1637//7056
f 1637//7057 1630//7058 1200//7059
f 1200//7060 1630//7061 1629//7062
f 1629//7063 1198//7064 1200//7065
f 1622//7066 1618//7067 1193//7068
f 1193//7069 1194//7070 1622//7071
f 1194//7072 1195//7073 1622//7074
f 1629//7075 1622//7076 1195//7077
f 1195//7078 1198//7079 1629//7080
f 1612//7081 1608//7082 1187//7083
f 1187//7084 1189//7085 1612//7086
f 1615//7087 1612//7088 1189//7089
f 1189//7090 1191//7091 1615//7092
f 1618//7093 1615//7094 1191//7095
f 1618//7096 1191//7097 1193//7098
f 1608//7099 1607//7100 1186//7101
f 1186//7102 1187//7103 1608//7104
f 1178//7105 1180//7106 1602//7107
f 1602//7108 1180//7109 1182//7110
f 1607//7111 1602//7112 1182//7113
f 1182//7114 1184//7115 1607//7116
f 1184//7117 1186//7118 1607//7119
f 1178//7120 1602//7121 1598//7122
f 1177//7123 1178//7124 1598//7125
f 1598//7126 1595//7127 1177//7128
f 1174//7129 1177//7130 1595//7131
f 1595//7132 1592//7133 1174//7134
f 1144//7135 1139//7136 1152//7137
f 923//7138 1003//7139 998//7140
f 1001//7141 998//7142 1003//7143
f 1003//7144 1010//7145 1001//7146
f 1007//7147 1001//7148 1010//7149
f 1010//7150 1012//7151 1007//7152
f 1010//7153 1076//7154 1012//7155
f 1016//7156 1012//7157 1076//7158
f 1016//7159 1076//7160 1083//7161
f 1083//7162 1079//7163 1016//7164
f 1083//7165 1090//7166 1079//7167
f 1086//7168 1079//7169 1090//7170
f 1090//7171 1088//7172 1086//7173
f 1088//7174 1090//7175 1097//7176
f 1094//7177 1088//7178 1097//7179
f 1094//7180 1097//7181 1109//7182
f 1109//7183 1099//7184 1094//7185
f 1109//7186 1120//7187 1099//7188
f 1108//7189 1099//7190 1120//7191
f 1120//7192 1115//7193 1108//7194
f 1115//7195 1120//7196 1125//7197
f 1122//7198 1115//7199 1125//7200
f 1122//7201 1125//7202 1133//7203
f 1133//7204 1127//7205 1122//7206
f 1133//7207 1140//7208 1127//7209
f 1136//7210 1127//7211 1140//7212
f 1136//7213 1140//7214 1145//7215
f 1145//7216 1139//7217 1136//7218
f 1145//7219 1152//7220 1139//7221
f 1149//7222 1144//7223 1152//7224
f 1152//7225 1180//7226 1149//7227
f 1149//7228 1180//7229 1165//7230
f 1157//7231 1149//7232 1165//7233
f 1157//7234 1165//7235 1171//7236
f 1157//7237 1171//7238 1174//7239
f 1174//7240 1168//7241 1157//7242
f 208//7243 23//7244 491//7245
f 88//7246 249//7247 72//7248
f 42//7249 23//7250 13//7251
f 42//7252 99//7253 23//7254
f 210//7255 72//7256 249//7257
f 42//7258 210//7259 99//7260
f 72//7261 25//7262 88//7263
f 42//7264 72//7265 210//7266
f 110//7267 89//7268 18//7269
f 57//7270 494//7271 18//7272
f 110//7273 18//7274 494//7275
f 57//7276 18//7277 15//7278
f 15//7279 14//7280 57//7281
f 14//7282 162//7283 57//7284
f 162//7285 33//7286 57//7287
f 33//7288 31//7289 57//7290
f 162//7291 67//7292 33//7293
f 191//7294 162//7295 267//7296
f 107//7297 267//7298 162//7299
f 191//7300 183//7301 162//7302
f 107//7303 162//7304 26//7305
f 12//7306 26//7307 162//7308
f 107//7309 26//7310 64//7311
f 17//7312 12//7313 64//7314
f 26//7315 19//7316 17//7317
f 26//7318 17//7319 64//7320
f 26//7321 12//7322 19//7323
f 1176//7324 1166//7325 1172//7326
f 1175//7327 1176//7328 1172//7329
f 1172//7330 1173//7331 1175//7332
f 1166//7333 1147//7334 1158//7335
f 1155//7336 1158//7337 1147//7338
f 1128//7339 1137//7340 1147//7341
f 1147//7342 1101//7343 1124//7344
f 1124//7345 1128//7346 1147//7347
f 1110//7348 1116//7349 1101//7350
f 1116//7351 1124//7352 1101//7353
f 1009//7354 1017//7355 1084//7356
f 1009//7357 996//7358 1002//7359
f 1170//7360 1202//7361 1205//7362
f 1199//7363 1201//7364 1170//7365
f 1170//7366 1201//7367 1202//7368
f 1170//7369 1196//7370 1199//7371
f 1170//7372 1190//7373 1192//7374
f 1170//7375 1188//7376 1190//7377
f 1170//7378 1185//7379 1188//7380
f 1183//7381 1185//7382 1170//7383
f 1166//7384 1183//7385 1170//7386
f 1166//7387 1179//7388 1181//7389
f 1147//7390 1170//7391 1159//7392
f 1166//7393 1176//7394 1179//7395
f 1101//7396 1084//7397 1095//7398
f 1089//7399 1095//7400 1084//7401
f 1084//7402 1017//7403 1080//7404
f 1101//7405 1147//7406 1084//7407
f 1170//7408 1147//7409 1166//7410
f 1181//7411 1183//7412 1166//7413
f 1207//7414 1170//7415 1205//7416
f 1210//7417 996//7418 1009//7419
f 1009//7420 1084//7421 1210//7422
f 1170//7423 1207//7424 1159//7425
f 1210//7426 1084//7427 1159//7428
f 1147//7429 1159//7430 1084//7431
f 1453//7432 1454//7433 1451//7434
f 1451//7435 1444//7436 1447//7437
f 1447//7438 1449//7439 1451//7440
f 1439//7441 1443//7442 1444//7443
f 1443//7444 1445//7445 1444//7446
f 1445//7447 1447//7448 1444//7449
f 1295//7450 1439//7451 1444//7452
f 1444//7453 1272//7454 1295//7455
f 1268//7456 1272//7457 1444//7458
f 1444//7459 1262//7460 1268//7461
f 1262//7462 1264//7463 1268//7464
f 1262//7465 1259//7466 1261//7467
f 1257//7468 1259//7469 1262//7470
f 1252//7471 1254//7472 1262//7473
f 1254//7474 1257//7475 1262//7476
f 1247//7477 1249//7478 1252//7479
f 1252//7480 1249//7481 1250//7482
f 1241//7483 1247//7484 1252//7485
f 1252//7486 1159//7487 1241//7488
f 1232//7489 1241//7490 1159//7491
f 1219//7492 1232//7493 1159//7494
f 1159//7495 1207//7496 1219//7497
f 1159//7498 1252//7499 1262//7500
f 1262//7501 1444//7502 1159//7503
f 1463//7504 1501//7505 1475//7506
f 1575//7507 1577//7508 1470//7509
f 1470//7510 1495//7511 1570//7512
f 1570//7513 1575//7514 1470//7515
f 1495//7516 1567//7517 1570//7518
f 1555//7519 1495//7520 1475//7521
f 1555//7522 1561//7523 1495//7524
f 1543//7525 1550//7526 1475//7527
f 1475//7528 1550//7529 1555//7530
f 1537//7531 1541//7532 1475//7533
f 1475//7534 1541//7535 1543//7536
f 1530//7537 1537//7538 1475//7539
f 1524//7540 1528//7541 1475//7542
f 1475//7543 1528//7544 1530//7545
f 1518//7546 1524//7547 1475//7548
f 1514//7549 1516//7550 1475//7551
f 1475//7552 1516//7553 1518//7554
f 1501//7555 1503//7556 1475//7557
f 1475//7558 1503//7559 1508//7560
f 1508//7561 1514//7562 1475//7563
f 1470//7564 1444//7565 1475//7566
f 1463//7567 1475//7568 1444//7569
f 1451//7570 1463//7571 1444//7572
f 1451//7573 1454//7574 1463//7575
f 1475//7576 1495//7577 1470//7578
f 889//7579 996//7580 1210//7581
f 991//7582 996//7583 889//7584
f 991//7585 889//7586 815//7587
f 491//7588 23//7589 991//7590
f 815//7591 491//7592 991//7593
f 23//7594 30//7595 991//7596
f 819//7597 561//7598 815//7599
f 561//7600 508//7601 815//7602
f 508//7603 491//7604 815//7605
f 491//7606 508//7607 264//7608
f 508//7609 551//7610 266//7611
f 551//7612 543//7613 266//7614
f 16//7615 208//7616 266//7617
f 551//7618 508//7619 561//7620
f 264//7621 266//7622 208//7623
f 266//7624 264//7625 508//7626
f 208//7627 491//7628 264//7629
f 815//7630 889//7631 819//7632
f 543//7633 105//7634 125//7635
f 266//7636 543//7637 125//7638
f 86//7639 21//7640 105//7641
f 23//7642 6//7643 13//7644
f 125//7645 21//7646 3//7647
f 6//7648 23//7649 208//7650
f 125//7651 5//7652 16//7653
f 16//7654 266//7655 125//7656
f 125//7657 105//7658 21//7659
f 84//7660 22//7661 21//7662
f 124//7663 120//7664 121//7665
f 124//7666 121//7667 122//7668
f 122//7669 488//7670 124//7671
f 124//7672 115//7673 119//7674
f 124//7675 87//7676 115//7677
f 87//7678 124//7679 20//7680
f 107//7681 64//7682 144//7683
f 119//7684 120//7685 124//7686
f 87//7687 20//7688 85//7689
f 119//7690 115//7691 224//7692
f 224//7693 560//7694 119//7695
f 119//7696 560//7697 518//7698
f 518//7699 120//7700 119//7701
f 120//7702 518//7703 505//7704
f 505//7705 121//7706 120//7707
f 121//7708 505//7709 490//7710
f 122//7711 121//7712 490//7713
f 122//7714 490//7715 488//7716
f 124//7717 488//7718 144//7719
f 107//7720 144//7721 261//7722
f 915//7723 906//7724 836//7725
f 560//7726 488//7727 518//7728
f 505//7729 488//7730 490//7731
f 267//7732 251//7733 191//7734
f 650//7735 267//7736 262//7737
f 906//7738 816//7739 836//7740
f 906//7741 916//7742 816//7743
f 505//7744 518//7745 488//7746
f 488//7747 485//7748 144//7749
f 560//7750 485//7751 488//7752
f 107//7753 262//7754 267//7755
f 562//7756 816//7757 556//7758
f 107//7759 261//7760 262//7761
f 485//7762 562//7763 556//7764
f 556//7765 144//7766 485//7767
f 144//7768 556//7769 261//7770
f 261//7771 556//7772 262//7773
f 1444//7774 1470//7775 1577//7776
f 1159//7777 1444//7778 1210//7779
f 1577//7780 1210//7781 1444//7782
f 889//7783 1210//7784 1060//7785
f 1575//7786 1570//7787 2112//7788
f 2112//7789 2115//7790 1575//7791
f 1577//7792 1575//7793 2115//7794
f 2115//7795 1794//7796 1577//7797
f 2102//7798 1561//7799 1555//7800
f 2102//7801 2108//7802 1561//7803
f 1495//7804 1561//7805 2108//7806
f 1567//7807 1495//7808 2108//7809
f 2108//7810 2110//7811 1567//7812
f 1570//7813 1567//7814 2110//7815
f 2110//7816 2112//7817 1570//7818
f 1537//7819 1530//7820 2080//7821
f 2080//7822 2086//7823 1537//7824
f 1541//7825 1537//7826 2086//7827
f 2086//7828 2088//7829 1541//7830
f 1543//7831 1541//7832 2088//7833
f 2088//7834 2092//7835 1543//7836
f 1550//7837 1543//7838 2092//7839
f 2092//7840 2095//7841 1550//7842
f 1555//7843 1550//7844 2095//7845
f 2095//7846 2102//7847 1555//7848
f 1524//7849 1518//7850 2068//7851
f 2068//7852 2072//7853 1524//7854
f 1528//7855 1524//7856 2072//7857
f 2072//7858 2077//7859 1528//7860
f 1530//7861 1528//7862 2077//7863
f 2077//7864 2080//7865 1530//7866
f 2052//7867 1514//7868 1508//7869
f 2052//7870 2060//7871 1514//7872
f 1516//7873 1514//7874 2060//7875
f 2060//7876 2063//7877 1516//7878
f 1518//7879 1516//7880 2063//7881
f 2063//7882 2068//7883 1518//7884
f 2031//7885 2038//7886 1503//7887
f 1503//7888 2038//7889 2042//7890
f 2042//7891 1508//7892 1503//7893
f 1508//7894 2042//7895 2052//7896
f 2031//7897 1503//7898 1501//7899
f 1076//7900 1010//7901 1003//7902
f 1076//7903 1008//7904 1090//7905
f 1090//7906 1083//7907 1076//7908
f 1097//7909 1090//7910 1008//7911
f 1008//7912 1120//7913 1109//7914
f 1109//7915 1097//7916 1008//7917
f 1180//7918 1133//7919 1125//7920
f 1120//7921 1180//7922 1125//7923
f 1145//7924 1140//7925 1180//7926
f 1140//7927 1133//7928 1180//7929
f 1152//7930 1145//7931 1180//7932
f 1178//7933 1177//7934 1180//7935
f 1180//7936 1177//7937 1174//7938
f 1174//7939 1171//7940 1180//7941
f 1171//7942 1165//7943 1180//7944
f 1180//7945 1184//7946 1182//7947
f 1191//7948 1189//7949 1198//7950
f 1198//7951 1189//7952 1187//7953
f 1198//7954 1193//7955 1191//7956
f 1198//7957 1194//7958 1193//7959
f 1198//7960 1203//7961 1200//7962
f 1198//7963 1204//7964 1203//7965
f 1208//7966 1204//7967 1198//7968
f 1187//7969 1180//7970 1198//7971
f 1180//7972 1187//7973 1186//7974
f 1195//7975 1194//7976 1198//7977
f 1198//7978 1180//7979 1008//7980
f 1180//7981 1186//7982 1184//7983
f 1180//7984 1120//7985 1008//7986
f 1003//7987 923//7988 1008//7989
f 1076//7990 1003//7991 1008//7992
f 1266//7993 1208//7994 1198//7995
f 1198//7996 1008//7997 1266//7998
f 1243//7999 1236//8000 1266//8001
f 1266//8002 1246//8003 1243//8004
f 1251//8005 1246//8006 1266//8007
f 1253//8008 1251//8009 1266//8010
f 1256//8011 1253//8012 1255//8013
f 1263//8014 1462//8015 1267//8016
f 1271//8017 1267//8018 1462//8019
f 1308//8020 1271//8021 1462//8022
f 1462//8023 1442//8024 1308//8025
f 1448//8026 1446//8027 1462//8028
f 1442//8029 1462//8030 1446//8031
f 1462//8032 1450//8033 1448//8034
f 1462//8035 1455//8036 1452//8037
f 1462//8038 1452//8039 1450//8040
f 1462//8041 1263//8042 1255//8043
f 1255//8044 1260//8045 1258//8046
f 1266//8047 1224//8048 1208//8049
f 1266//8050 1462//8051 1255//8052
f 1258//8053 1256//8054 1255//8055
f 1266//8056 1255//8057 1253//8058
f 1266//8059 1236//8060 1224//8061
f 1499//8062 1455//8063 1462//8064
f 1509//8065 1504//8066 1471//8067
f 1513//8068 1509//8069 1471//8070
f 1471//8071 1517//8072 1513//8073
f 1520//8074 1517//8075 1471//8076
f 1525//8077 1520//8078 1471//8079
f 1471//8080 1474//8081 1525//8082
f 1474//8083 1529//8084 1525//8085
f 1531//8086 1529//8087 1474//8088
f 1538//8089 1531//8090 1474//8091
f 1474//8092 1542//8093 1538//8094
f 1544//8095 1542//8096 1474//8097
f 1474//8098 1551//8099 1544//8100
f 1556//8101 1551//8102 1474//8103
f 1562//8104 1556//8105 1474//8106
f 1566//8107 1562//8108 1474//8109
f 1571//8110 1566//8111 1474//8112
f 1496//8113 1571//8114 1474//8115
f 1471//8116 1462//8117 1474//8118
f 1496//8119 1474//8120 1462//8121
f 1499//8122 1462//8123 1471//8124
f 1499//8125 1471//8126 1504//8127
f 1266//8128 1008//8129 1169//8130
f 1169//8131 1462//8132 1266//8133
f 1499//8134 1504//8135 2028//8136
f 1504//8137 2040//8138 2028//8139
f 1509//8140 1513//8141 2056//8142
f 2056//8143 2045//8144 1509//8145
f 1504//8146 1509//8147 2045//8148
f 2045//8149 2040//8150 1504//8151
f 2071//8152 1520//8153 1525//8154
f 2071//8155 2067//8156 1520//8157
f 1517//8158 1520//8159 2067//8160
f 2067//8161 2064//8162 1517//8163
f 1513//8164 1517//8165 2064//8166
f 2064//8167 2056//8168 1513//8169
f 1556//8170 1562//8171 2105//8172
f 2105//8173 2100//8174 1556//8175
f 1551//8176 1556//8177 2100//8178
f 2100//8179 2098//8180 1551//8181
f 1544//8182 1551//8183 2098//8184
f 2098//8185 2093//8186 1544//8187
f 1542//8188 1544//8189 2093//8190
f 2093//8191 2089//8192 1542//8193
f 1538//8194 1542//8195 2089//8196
f 2089//8197 2085//8198 1538//8199
f 2085//8200 1531//8201 1538//8202
f 2085//8203 2079//8204 1531//8205
f 1529//8206 1531//8207 2079//8208
f 2079//8209 2074//8210 1529//8211
f 1525//8212 1529//8213 2074//8214
f 2074//8215 2071//8216 1525//8217
f 1571//8218 1496//8219 2113//8220
f 2113//8221 2111//8222 1571//8223
f 1566//8224 1571//8225 2111//8226
f 2111//8227 2109//8228 1566//8229
f 1562//8230 1566//8231 2109//8232
f 1562//8233 2109//8234 2105//8235
f 1496//8236 2116//8237 2113//8238
f 1792//8239 2116//8240 1496//8241
f 824//8242 836//8243 816//8244
f 836//8245 824//8246 856//8247
f 856//8248 915//8249 836//8250
f 915//8251 856//8252 873//8253
f 915//8254 873//8255 1031//8256
f 1031//8257 1008//8258 915//8259
f 84//8260 21//8261 86//8262
f 86//8263 87//8264 84//8265
f 82//8266 83//8267 81//8268
f 82//8269 84//8270 83//8271
f 84//8272 85//8273 83//8274
f 85//8275 84//8276 87//8277
f 82//8278 81//8279 80//8280
f 80//8281 79//8282 82//8283
f 82//8284 79//8285 41//8286
f 80//8287 81//8288 62//8289
f 63//8290 68//8291 62//8292
f 68//8293 73//8294 62//8295
f 73//8296 80//8297 62//8298
f 54//8299 62//8300 35//8301
f 62//8302 54//8303 58//8304
f 35//8305 49//8306 54//8307
f 58//8308 63//8309 62//8310
f 45//8311 52//8312 48//8313
f 61//8314 55//8315 41//8316
f 79//8317 76//8318 41//8319
f 41//8320 76//8321 70//8322
f 41//8323 55//8324 52//8325
f 52//8326 45//8327 41//8328
f 1//8329 45//8330 39//8331
f 1//8332 41//8333 45//8334
f 79//8335 80//8336 73//8337
f 68//8338 61//8339 41//8340
f 41//8341 70//8342 68//8343
f 73//8344 68//8345 70//8346
f 70//8347 76//8348 73//8349
f 76//8350 79//8351 73//8352
f 68//8353 63//8354 61//8355
f 55//8356 61//8357 63//8358
f 63//8359 58//8360 55//8361
f 54//8362 49//8363 48//8364
f 48//8365 52//8366 54//8367
f 52//8368 58//8369 54//8370
f 52//8371 55//8372 58//8373
f 45//8374 48//8375 49//8376
f 45//8377 49//8378 35//8379
f 35//8380 39//8381 45//8382
f 35//8383 37//8384 38//8385
f 38//8386 39//8387 35//8388
f 88//8389 25//8390 90//8391
f 92//8392 91//8393 94//8394
f 90//8395 89//8396 88//8397
f 89//8398 90//8399 91//8400
f 91//8401 18//8402 89//8403
f 91//8404 90//8405 25//8406
f 91//8407 25//8408 94//8409
f 93//8410 92//8411 94//8412
f 77//8413 78//8414 93//8415
f 93//8416 94//8417 77//8418
f 77//8419 94//8420 74//8421
f 44//8422 36//8423 50//8424
f 66//8425 60//8426 36//8427
f 60//8428 56//8429 36//8430
f 78//8431 75//8432 36//8433
f 75//8434 69//8435 36//8436
f 36//8437 93//8438 78//8439
f 69//8440 66//8441 36//8442
f 47//8443 51//8444 43//8445
f 53//8446 59//8447 43//8448
f 43//8449 71//8450 74//8451
f 59//8452 65//8453 43//8454
f 65//8455 71//8456 43//8457
f 46//8458 47//8459 43//8460
f 74//8461 94//8462 43//8463
f 25//8464 43//8465 94//8466
f 43//8467 51//8468 53//8469
f 22//8470 84//8471 82//8472
f 7//8473 64//8474 12//8475
f 7//8476 4//8477 64//8478
f 144//8479 64//8480 4//8481
f 124//8482 144//8483 4//8484
f 4//8485 20//8486 124//8487
f 83//8488 85//8489 20//8490
f 83//8491 20//8492 81//8493
f 62//8494 81//8495 20//8496
f 35//8497 62//8498 20//8499
f 37//8500 35//8501 20//8502
f 38//8503 37//8504 20//8505
f 20//8506 1//8507 38//8508
f 39//8509 38//8510 1//8511
f 41//8512 2//8513 22//8514
f 2//8515 41//8516 1//8517
f 21//8518 22//8519 3//8520
f 22//8521 82//8522 41//8523
f 125//8524 3//8525 5//8526
f 5//8527 208//8528 16//8529
f 208//8530 5//8531 6//8532
f 13//8533 6//8534 8//8535
f 8//8536 42//8537 13//8538
f 8//8539 72//8540 42//8541
f 8//8542 9//8543 72//8544
f 9//8545 25//8546 72//8547
f 9//8548 43//8549 25//8550
f 32//8551 43//8552 9//8553
f 29//8554 32//8555 9//8556
f 9//8557 11//8558 29//8559
f 27//8560 29//8561 11//8562
f 40//8563 27//8564 11//8565
f 28//8566 40//8567 11//8568
f 34//8569 28//8570 11//8571
f 44//8572 34//8573 11//8574
f 11//8575 10//8576 44//8577
f 36//8578 44//8579 10//8580
f 10//8581 92//8582 93//8583
f 93//8584 36//8585 10//8586
f 18//8587 91//8588 92//8589
f 92//8590 10//8591 18//8592
f 15//8593 18//8594 10//8595
f 15//8596 10//8597 7//8598
f 14//8599 15//8600 7//8601
f 162//8602 14//8603 7//8604
f 162//8605 7//8606 12//8607
f 4//8608 7//8609 2//8610
f 20//8611 4//8612 2//8613
f 1//8614 20//8615 2//8616
f 3//8617 22//8618 2//8619
f 5//8620 3//8621 2//8622
f 6//8623 5//8624 2//8625
f 8//8626 6//8627 2//8628
f 9//8629 8//8630 2//8631
f 11//8632 9//8633 2//8634
f 10//8635 11//8636 2//8637
f 7//8638 10//8639 2//8640
f 32//8641 46//8642 43//8643
f 28//8644 34//8645 40//8646
f 78//8647 77//8648 74//8649
f 74//8650 71//8651 78//8652
f 75//8653 78//8654 71//8655
f 71//8656 69//8657 75//8658
f 71//8659 65//8660 69//8661
f 66//8662 69//8663 65//8664
f 56//8665 60//8666 59//8667
f 65//8668 59//8669 60//8670
f 65//8671 60//8672 66//8673
f 51//8674 47//8675 50//8676
f 56//8677 59//8678 53//8679
f 53//8680 51//8681 56//8682
f 36//8683 56//8684 51//8685
f 51//8686 50//8687 36//8688
f 50//8689 47//8690 46//8691
f 50//8692 46//8693 44//8694
f 44//8695 46//8696 34//8697
f 46//8698 27//8699 40//8700
f 46//8701 29//8702 27//8703
f 32//8704 29//8705 46//8706
f 40//8707 34//8708 46//8709
f 1210//8710 1577//8711 1265//8712
f 1265//8713 1197//8714 1210//8715
f 1112//8716 1060//8717 1210//8718
f 1789//8719 1265//8720 1577//8721
f 1789//8722 1577//8723 1794//8724
f 1789//8725 1794//8726 1954//8727
f 1112//8728 1059//8729 1060//8730
f 1059//8731 1112//8732 1100//8733
f 1100//8734 1058//8735 1059//8736
f 1100//8737 1057//8738 1058//8739
f 1100//8740 1056//8741 1057//8742
f 1100//8743 1055//8744 1056//8745
f 1054//8746 1055//8747 1100//8748
f 1100//8749 1053//8750 1054//8751
f 1053//8752 1100//8753 1117//8754
f 1117//8755 1052//8756 1053//8757
f 1117//8758 1051//8759 1052//8760
f 1117//8761 1050//8762 1051//8763
f 1117//8764 1049//8765 1050//8766
f 1049//8767 1117//8768 1129//8769
f 1129//8770 1048//8771 1049//8772
f 1129//8773 1047//8774 1048//8775
f 1129//8776 1046//8777 1047//8778
f 1100//8779 1197//8780 1117//8781
f 1100//8782 1112//8783 1197//8784
f 1112//8785 1210//8786 1197//8787
f 1117//8788 1248//8789 1129//8790
f 1117//8791 1197//8792 1248//8793
f 1265//8794 1248//8795 1197//8796
f 1437//8797 1280//8798 1277//8799
f 1441//8800 1437//8801 1277//8802
f 1277//8803 990//8804 1441//8805
f 1290//8806 1491//8807 1297//8808
f 1491//8809 1290//8810 1285//8811
f 1491//8812 1285//8813 1437//8814
f 1297//8815 1296//8816 1290//8817
f 1305//8818 1300//8819 1297//8820
f 1297//8821 1487//8822 1305//8823
f 1307//8824 1305//8825 1487//8826
f 1311//8827 1307//8828 1487//8829
f 1487//8830 1323//8831 1319//8832
f 1319//8833 1317//8834 1487//8835
f 1311//8836 1487//8837 1317//8838
f 1431//8839 1426//8840 1351//8841
f 1431//8842 1346//8843 1342//8844
f 1342//8845 1485//8846 1431//8847
f 1485//8848 1342//8849 1340//8850
f 1485//8851 1340//8852 1334//8853
f 1334//8854 1486//8855 1485//8856
f 1486//8857 1327//8858 1487//8859
f 1487//8860 1327//8861 1323//8862
f 1364//8863 1420//8864 1419//8865
f 1420//8866 1364//8867 1359//8868
f 1359//8869 1426//8870 1420//8871
f 1426//8872 1359//8873 1354//8874
f 1354//8875 1351//8876 1426//8877
f 1373//8878 1417//8879 1412//8880
f 1417//8881 1373//8882 1370//8883
f 1370//8884 1419//8885 1417//8886
f 1419//8887 1370//8888 1366//8889
f 1419//8890 1366//8891 1364//8892
f 1382//8893 1403//8894 1388//8895
f 1403//8896 1382//8897 1379//8898
f 1379//8899 1412//8900 1403//8901
f 1412//8902 1379//8903 1376//8904
f 1412//8905 1376//8906 1373//8907
f 1388//8908 1386//8909 1387//8910
f 1047//8911 1046//8912 875//8913
f 875//8914 876//8915 1047//8916
f 1048//8917 1047//8918 876//8919
f 876//8920 877//8921 1048//8922
f 1049//8923 1048//8924 877//8925
f 877//8926 878//8927 1049//8928
f 1050//8929 1049//8930 878//8931
f 878//8932 879//8933 1050//8934
f 1051//8935 1050//8936 879//8937
f 879//8938 880//8939 1051//8940
f 1052//8941 1051//8942 880//8943
f 880//8944 881//8945 1052//8946
f 1053//8947 1052//8948 881//8949
f 881//8950 882//8951 1053//8952
f 888//8953 889//8954 1060//8955
f 1060//8956 1059//8957 888//8958
f 887//8959 888//8960 1059//8961
f 1059//8962 1058//8963 887//8964
f 886//8965 887//8966 1058//8967
f 1058//8968 1057//8969 886//8970
f 885//8971 886//8972 1057//8973
f 1057//8974 1056//8975 885//8976
f 884//8977 885//8978 1056//8979
f 1056//8980 1055//8981 884//8982
f 883//8983 884//8984 1055//8985
f 1055//8986 1054//8987 883//8988
f 882//8989 883//8990 1054//8991
f 1054//8992 1053//8993 882//8994
f 881//8995 880//8996 834//8997
f 561//8998 834//8999 552//9000
f 834//9001 876//9002 875//9003
f 875//9004 552//9005 834//9006
f 834//9007 877//9008 876//9009
f 834//9010 878//9011 877//9012
f 834//9013 879//9014 878//9015
f 834//9016 880//9017 879//9018
f 834//9019 882//9020 881//9021
f 834//9022 883//9023 882//9024
f 834//9025 884//9026 883//9027
f 834//9028 885//9029 884//9030
f 561//9031 839//9032 834//9033
f 885//9034 834//9035 839//9036
f 839//9037 886//9038 885//9039
f 839//9040 887//9041 886//9042
f 839//9043 888//9044 887//9045
f 839//9046 889//9047 888//9048
f 225//9049 561//9050 552//9051
f 839//9052 561//9053 819//9054
f 819//9055 889//9056 839//9057
f 539//9058 537//9059 525//9060
f 552//9061 564//9062 539//9063
f 539//9064 525//9065 520//9066
f 539//9067 520//9068 517//9069
f 539//9070 517//9071 514//9072
f 514//9073 225//9074 539//9075
f 225//9076 514//9077 219//9078
f 225//9079 552//9080 539//9081
f 525//9082 537//9083 230//9084
f 230//9085 247//9086 525//9087
f 247//9088 520//9089 525//9090
f 520//9091 247//9092 221//9093
f 520//9094 221//9095 239//9096
f 239//9097 517//9098 520//9099
f 517//9100 239//9101 235//9102
f 235//9103 514//9104 517//9105
f 514//9106 235//9107 219//9108
f 654//9109 653//9110 637//9111
f 811//9112 804//9113 552//9114
f 552//9115 572//9116 568//9117
f 580//9118 576//9119 652//9120
f 652//9121 576//9122 572//9123
f 590//9124 585//9125 652//9126
f 585//9127 584//9128 652//9129
f 580//9130 652//9131 584//9132
f 652//9133 594//9134 590//9135
f 652//9136 598//9137 594//9138
f 652//9139 602//9140 598//9141
f 602//9142 652//9143 634//9144
f 634//9145 606//9146 602//9147
f 634//9148 614//9149 610//9150
f 634//9151 617//9152 614//9153
f 730//9154 532//9155 617//9156
f 617//9157 634//9158 730//9159
f 637//9160 531//9161 628//9162
f 660//9163 654//9164 637//9165
f 637//9166 665//9167 660//9168
f 637//9169 667//9170 665//9171
f 637//9172 672//9173 667//9174
f 672//9175 637//9176 628//9177
f 628//9178 677//9179 672//9180
f 685//9181 679//9182 628//9183
f 679//9184 677//9185 628//9186
f 622//9187 714//9188 711//9189
f 622//9190 711//9191 707//9192
f 707//9193 644//9194 622//9195
f 644//9196 707//9197 702//9198
f 644//9199 702//9200 700//9201
f 700//9202 534//9203 644//9204
f 534//9205 700//9206 695//9207
f 534//9208 695//9209 691//9210
f 534//9211 691//9212 685//9213
f 685//9214 628//9215 534//9216
f 730//9217 725//9218 622//9219
f 725//9220 723//9221 622//9222
f 745//9223 730//9224 634//9225
f 730//9226 745//9227 741//9228
f 730//9229 741//9230 737//9231
f 730//9232 737//9233 734//9234
f 757//9235 754//9236 634//9237
f 634//9238 762//9239 757//9240
f 762//9241 634//9242 652//9243
f 652//9244 782//9245 780//9246
f 652//9247 780//9248 777//9249
f 652//9250 777//9251 774//9252
f 652//9253 774//9254 769//9255
f 769//9256 766//9257 652//9258
f 652//9259 766//9260 762//9261
f 651//9262 795//9263 791//9264
f 804//9265 651//9266 552//9267
f 651//9268 804//9269 799//9270
f 534//9271 622//9272 644//9273
f 634//9274 610//9275 606//9276
f 634//9277 748//9278 745//9279
f 785//9280 652//9281 651//9282
f 652//9283 785//9284 782//9285
f 572//9286 552//9287 652//9288
f 652//9289 552//9290 651//9291
f 651//9292 789//9293 785//9294
f 651//9295 791//9296 789//9297
f 797//9298 795//9299 651//9300
f 651//9301 799//9302 797//9303
f 801//9304 806//9305 809//9306
f 793//9307 783//9308 786//9309
f 793//9310 786//9311 788//9312
f 793//9313 946//9314 801//9315
f 809//9316 793//9317 801//9318
f 775//9319 779//9320 793//9321
f 793//9322 779//9323 783//9324
f 620//9325 742//9326 747//9327
f 747//9328 749//9329 620//9330
f 749//9331 752//9332 756//9333
f 749//9334 756//9335 758//9336
f 758//9337 640//9338 749//9339
f 640//9340 758//9341 763//9342
f 640//9343 763//9344 768//9345
f 640//9346 768//9347 770//9348
f 770//9349 775//9350 640//9351
f 793//9352 640//9353 775//9354
f 731//9355 736//9356 620//9357
f 736//9358 739//9359 620//9360
f 620//9361 739//9362 742//9363
f 627//9364 724//9365 620//9366
f 627//9367 720//9368 724//9369
f 627//9370 717//9371 720//9372
f 627//9373 713//9374 717//9375
f 627//9376 708//9377 713//9378
f 627//9379 704//9380 708//9381
f 701//9382 704//9383 627//9384
f 627//9385 697//9386 701//9387
f 627//9388 693//9389 697//9390
f 693//9391 627//9392 678//9393
f 689//9394 693//9395 678//9396
f 678//9397 686//9398 689//9399
f 678//9400 682//9401 686//9402
f 647//9403 670//9404 674//9405
f 647//9406 674//9407 678//9408
f 658//9409 663//9410 647//9411
f 663//9412 666//9413 647//9414
f 647//9415 666//9416 670//9417
f 637//9418 653//9419 658//9420
f 749//9421 252//9422 620//9423
f 607//9424 611//9425 749//9426
f 749//9427 629//9428 607//9429
f 599//9430 603//9431 629//9432
f 599//9433 629//9434 630//9435
f 630//9436 595//9437 599//9438
f 587//9439 630//9440 581//9441
f 630//9442 577//9443 581//9444
f 809//9445 566//9446 569//9447
f 809//9448 569//9449 573//9450
f 573//9451 630//9452 809//9453
f 630//9454 573//9455 577//9456
f 630//9457 591//9458 595//9459
f 630//9460 587//9461 591//9462
f 630//9463 793//9464 809//9465
f 640//9466 629//9467 749//9468
f 793//9469 630//9470 640//9471
f 647//9472 637//9473 658//9474
f 647//9475 678//9476 637//9477
f 678//9478 627//9479 499//9480
f 640//9481 630//9482 629//9483
f 132//9484 128//9485 126//9486
f 126//9487 118//9488 132//9489
f 137//9490 132//9491 118//9492
f 118//9493 158//9494 150//9495
f 150//9496 145//9497 118//9498
f 159//9499 156//9500 158//9501
f 158//9502 156//9503 150//9504
f 179//9505 171//9506 117//9507
f 158//9508 117//9509 171//9510
f 171//9511 167//9512 158//9513
f 190//9514 187//9515 117//9516
f 117//9517 112//9518 198//9519
f 198//9520 190//9521 117//9522
f 204//9523 198//9524 112//9525
f 112//9526 212//9527 204//9528
f 209//9529 204//9530 212//9531
f 212//9532 221//9533 230//9534
f 230//9535 221//9536 247//9537
f 118//9538 117//9539 158//9540
f 221//9541 212//9542 112//9543
f 239//9544 219//9545 235//9546
f 219//9547 239//9548 221//9549
f 221//9550 112//9551 219//9552
f 118//9553 126//9554 117//9555
f 112//9556 117//9557 126//9558
f 126//9559 95//9560 112//9561
f 112//9562 225//9563 219//9564
f 254//9565 123//9566 126//9567
f 225//9568 112//9569 105//9570
f 105//9571 543//9572 225//9573
f 551//9574 561//9575 225//9576
f 112//9577 86//9578 105//9579
f 225//9580 543//9581 551//9582
f 86//9583 112//9584 95//9585
f 95//9586 87//9587 86//9588
f 87//9589 95//9590 115//9591
f 530//9592 485//9593 560//9594
f 560//9595 224//9596 530//9597
f 206//9598 224//9599 115//9600
f 115//9601 109//9602 206//9603
f 241//9604 237//9605 222//9606
f 223//9607 246//9608 222//9609
f 222//9610 206//9611 214//9612
f 214//9613 223//9614 222//9615
f 202//9616 214//9617 206//9618
f 196//9619 202//9620 206//9621
f 188//9622 196//9623 206//9624
f 185//9625 188//9626 206//9627
f 206//9628 181//9629 185//9630
f 174//9631 181//9632 206//9633
f 206//9634 165//9635 174//9636
f 147//9637 153//9638 116//9639
f 165//9640 116//9641 153//9642
f 153//9643 160//9644 165//9645
f 138//9646 140//9647 116//9648
f 133//9649 138//9650 116//9651
f 109//9652 133//9653 116//9654
f 109//9655 116//9656 206//9657
f 237//9658 511//9659 222//9660
f 206//9661 116//9662 165//9663
f 511//9664 224//9665 206//9666
f 511//9667 206//9668 222//9669
f 246//9670 223//9671 504//9672
f 246//9673 504//9674 535//9675
f 246//9676 535//9677 522//9678
f 522//9679 222//9680 246//9681
f 522//9682 241//9683 222//9684
f 241//9685 522//9686 516//9687
f 237//9688 241//9689 516//9690
f 237//9691 516//9692 528//9693
f 528//9694 511//9695 237//9696
f 530//9697 224//9698 511//9699
f 550//9700 566//9701 809//9702
f 550//9703 809//9704 621//9705
f 535//9706 516//9707 522//9708
f 535//9709 550//9710 621//9711
f 621//9712 528//9713 535//9714
f 516//9715 535//9716 528//9717
f 621//9718 530//9719 528//9720
f 511//9721 528//9722 530//9723
f 835//9724 873//9725 856//9726
f 856//9727 824//9728 835//9729
f 621//9730 816//9731 562//9732
f 562//9733 485//9734 621//9735
f 530//9736 621//9737 485//9738
f 835//9739 854//9740 855//9741
f 835//9742 852//9743 853//9744
f 835//9745 850//9746 851//9747
f 872//9748 848//9749 835//9750
f 835//9751 848//9752 849//9753
f 835//9754 847//9755 872//9756
f 843//9757 846//9758 847//9759
f 835//9760 849//9761 850//9762
f 847//9763 835//9764 843//9765
f 809//9766 835//9767 816//9768
f 843//9769 845//9770 846//9771
f 835//9772 855//9773 873//9774
f 835//9775 824//9776 816//9777
f 835//9778 853//9779 854//9780
f 809//9781 816//9782 621//9783
f 835//9784 851//9785 852//9786
f 843//9787 844//9788 1018//9789
f 1018//9790 1019//9791 843//9792
f 845//9793 843//9794 1019//9795
f 1019//9796 1020//9797 845//9798
f 846//9799 845//9800 1020//9801
f 1020//9802 1021//9803 846//9804
f 847//9805 846//9806 1021//9807
f 1021//9808 1022//9809 847//9810
f 872//9811 847//9812 1022//9813
f 1022//9814 1023//9815 872//9816
f 848//9817 872//9818 1023//9819
f 1023//9820 1024//9821 848//9822
f 849//9823 848//9824 1024//9825
f 1024//9826 1025//9827 849//9828
f 850//9829 849//9830 1025//9831
f 1030//9832 1031//9833 873//9834
f 873//9835 855//9836 1030//9837
f 1075//9838 1030//9839 855//9840
f 855//9841 854//9842 1075//9843
f 1029//9844 1075//9845 854//9846
f 854//9847 853//9848 1029//9849
f 1028//9850 1029//9851 853//9852
f 853//9853 852//9854 1028//9855
f 1027//9856 1028//9857 852//9858
f 852//9859 851//9860 1027//9861
f 1026//9862 1027//9863 851//9864
f 851//9865 850//9866 1026//9867
f 1025//9868 1026//9869 850//9870
f 1105//9871 1022//9872 1021//9873
f 1105//9874 1021//9875 1020//9876
f 1020//9877 1096//9878 1105//9879
f 1096//9880 1020//9881 1019//9882
f 1096//9883 1019//9884 1018//9885
f 1105//9886 1025//9887 1024//9888
f 1105//9889 1024//9890 1023//9891
f 1105//9892 1023//9893 1022//9894
f 1031//9895 1075//9896 1169//9897
f 1075//9898 1031//9899 1030//9900
f 1075//9901 1029//9902 1028//9903
f 1028//9904 1105//9905 1075//9906
f 1105//9907 1028//9908 1027//9909
f 1105//9910 1027//9911 1026//9912
f 1105//9913 1026//9914 1025//9915
f 1096//9916 1169//9917 1105//9918
f 1169//9919 1075//9920 1105//9921
f 1757//9922 1462//9923 1169//9924
f 1169//9925 1008//9926 1031//9927
f 1496//9928 1462//9929 1757//9930
f 1169//9931 1273//9932 1757//9933
f 1273//9934 1457//9935 1757//9936
f 1436//9937 1302//9938 1435//9939
f 1302//9940 1306//9941 1435//9942
f 1435//9943 1306//9944 1312//9945
f 1435//9946 1312//9947 1313//9948
f 1326//9949 1330//9950 1425//9951
f 1425//9952 1324//9953 1326//9954
f 1324//9955 1425//9956 1435//9957
f 1435//9958 1322//9959 1324//9960
f 1435//9961 1318//9962 1322//9963
f 1313//9964 1318//9965 1435//9966
f 1425//9967 1330//9968 1332//9969
f 1425//9970 1332//9971 1335//9972
f 1335//9973 1432//9974 1425//9975
f 1432//9976 1335//9977 1338//9978
f 1344//9979 1365//9980 1360//9981
f 1348//9982 1425//9983 1365//9984
f 1425//9985 1348//9986 1352//9987
f 1358//9988 1363//9989 1428//9990
f 1352//9991 1428//9992 1425//9993
f 1415//9994 1363//9995 1369//9996
f 1415//9997 1428//9998 1363//9999
f 1415//10000 1369//10001 1375//10002
f 1413//10003 1375//10004 1402//10005
f 1381//10006 1401//10007 1411//10008
f 1381//10009 1411//10010 1402//10011
f 1438//10012 1292//10013 1436//10014
f 1291//10015 1292//10016 1438//10017
f 1274//10018 1476//10019 1273//10020
f 1476//10021 1274//10022 1275//10023
f 1438//10024 1476//10025 1281//10026
f 1281//10027 1282//10028 1438//10029
f 1792//10030 1496//10031 1757//10032
f 1457//10033 1792//10034 1757//10035
f 2116//10036 1792//10037 2154//10038
f 2116//10039 2154//10040 2189//10041
f 2154//10042 2214//10043 2227//10044
f 2248//10045 2269//10046 2267//10047
f 2203//10048 2212//10049 2225//10050
f 2234//10051 2205//10052 2204//10053
f 2205//10054 2243//10055 2186//10056
f 2223//10057 2234//10058 2204//10059
f 2269//10060 2205//10061 2234//10062
f 2269//10063 2243//10064 2205//10065
f 2243//10066 2240//10067 2222//10068
f 2234//10069 2268//10070 2269//10071
f 2268//10072 2234//10073 2253//10074
f 2240//10075 2243//10076 2269//10077
f 2241//10078 2239//10079 2234//10080
f 2222//10081 2240//10082 2214//10083
f 2222//10084 2214//10085 2193//10086
f 2225//10087 2234//10088 2223//10089
f 2234//10090 2225//10091 2235//10092
f 2241//10093 2234//10094 2235//10095
f 2240//10096 2245//10097 2214//10098
f 2225//10099 2223//10100 2215//10101
f 2193//10102 2214//10103 2218//10104
f 2214//10105 2154//10106 2218//10107
f 2257//10108 2253//10109 2234//10110
f 2257//10111 2234//10112 2239//10113
f 2269//10114 2248//10115 2240//10116
f 2248//10117 2245//10118 2240//10119
f 2253//10120 2257//10121 2252//10122
f 2253//10123 2252//10124 2268//10125
f 2264//10126 2269//10127 2268//10128
f 2269//10129 2264//10130 2270//10131
f 2215//10132 2203//10133 2225//10134
f 2225//10135 2241//10136 2235//10137
f 2252//10138 2257//10139 2239//10140
f 2268//10141 2252//10142 2264//10143
f 2267//10144 2269//10145 2270//10146
f 2270//10147 2264//10148 2267//10149
f 2209//10150 1794//10151 2203//10152
f 2203//10153 2215//10154 2209//10155
f 2168//10156 2222//10157 2193//10158
f 2243//10159 2222//10160 1775//10161
f 2205//10162 2186//10163 2188//10164
f 2204//10165 2205//10166 2188//10167
f 2204//10168 2190//10169 2157//10170
f 2223//10171 2204//10172 1790//10173
f 2209//10174 2215//10175 2194//10176
f 2215//10177 2223//10178 2194//10179
f 126//10180 123//10181 100//10182
f 115//10183 101//10184 109//10185
f 100//10186 101//10187 115//10188
f 115//10189 95//10190 100//10191
f 100//10192 95//10193 126//10194
f 106//10195 111//10196 109//10197
f 101//10198 106//10199 109//10200
f 228//10201 109//10202 111//10203
f 104//10204 100//10205 123//10206
f 106//10207 104//10208 123//10209
f 111//10210 106//10211 123//10212
f 106//10213 101//10214 104//10215
f 101//10216 100//10217 104//10218
f 229//10219 228//10220 111//10221
f 229//10222 111//10223 195//10224
f 111//10225 123//10226 195//10227
f 195//10228 228//10229 229//10230
f 123//10231 228//10232 195//10233
f 200//10234 189//10235 195//10236
f 195//10237 189//10238 200//10239
f 564//10240 552//10241 568//10242
f 255//10243 252//10244 109//10245
f 123//10246 254//10247 228//10248
f 532//10249 126//10250 617//10251
f 730//10252 622//10253 532//10254
f 622//10255 534//10256 532//10257
f 534//10258 531//10259 532//10260
f 534//10261 628//10262 531//10263
f 531//10264 637//10265 678//10266
f 627//10267 620//10268 499//10269
f 252//10270 499//10271 620//10272
f 255//10273 109//10274 228//10275
f 252//10276 133//10277 109//10278
f 252//10279 749//10280 133//10281
f 133//10282 749//10283 611//10284
f 611//10285 138//10286 133//10287
f 611//10288 140//10289 138//10290
f 140//10291 611//10292 607//10293
f 607//10294 116//10295 140//10296
f 147//10297 116//10298 607//10299
f 147//10300 607//10301 629//10302
f 160//10303 153//10304 603//10305
f 603//10306 599//10307 160//10308
f 629//10309 603//10310 147//10311
f 153//10312 147//10313 603//10314
f 174//10315 165//10316 595//10317
f 599//10318 595//10319 165//10320
f 165//10321 160//10322 599//10323
f 595//10324 591//10325 174//10326
f 591//10327 587//10328 181//10329
f 181//10330 174//10331 591//10332
f 188//10333 185//10334 581//10335
f 587//10336 581//10337 185//10338
f 185//10339 181//10340 587//10341
f 202//10342 196//10343 577//10344
f 581//10345 577//10346 196//10347
f 581//10348 196//10349 188//10350
f 573//10351 569//10352 214//10353
f 214//10354 202//10355 573//10356
f 577//10357 573//10358 202//10359
f 569//10360 223//10361 214//10362
f 535//10363 504//10364 550//10365
f 569//10366 566//10367 223//10368
f 504//10369 223//10370 566//10371
f 504//10372 566//10373 550//10374
f 126//10375 128//10376 617//10377
f 614//10378 617//10379 128//10380
f 132//10381 137//10382 610//10383
f 610//10384 614//10385 132//10386
f 128//10387 132//10388 614//10389
f 606//10390 610//10391 137//10392
f 137//10393 118//10394 606//10395
f 118//10396 145//10397 606//10398
f 145//10399 602//10400 606//10401
f 602//10402 145//10403 150//10404
f 150//10405 156//10406 602//10407
f 598//10408 602//10409 156//10410
f 156//10411 159//10412 598//10413
f 598//10414 159//10415 158//10416
f 594//10417 598//10418 158//10419
f 158//10420 167//10421 594//10422
f 590//10423 594//10424 171//10425
f 167//10426 171//10427 594//10428
f 590//10429 171//10430 179//10431
f 585//10432 590//10433 179//10434
f 585//10435 179//10436 117//10437
f 187//10438 580//10439 584//10440
f 584//10441 585//10442 187//10443
f 117//10444 187//10445 585//10446
f 580//10447 187//10448 190//10449
f 576//10450 580//10451 190//10452
f 190//10453 198//10454 576//10455
f 576//10456 198//10457 204//10458
f 572//10459 576//10460 204//10461
f 572//10462 204//10463 209//10464
f 572//10465 209//10466 212//10467
f 212//10468 568//10469 572//10470
f 568//10471 212//10472 230//10473
f 539//10474 564//10475 537//10476
f 568//10477 230//10478 564//10479
f 537//10480 564//10481 230//10482
f 228//10483 254//10484 255//10485
f 126//10486 532//10487 254//10488
f 252//10489 486//10490 499//10491
f 259//10492 255//10493 254//10494
f 499//10495 531//10496 678//10497
f 531//10498 499//10499 500//10500
f 252//10501 255//10502 259//10503
f 259//10504 270//10505 252//10506
f 486//10507 252//10508 270//10509
f 499//10510 486//10511 498//10512
f 254//10513 532//10514 373//10515
f 499//10516 498//10517 501//10518
f 500//10519 499//10520 501//10521
f 258//10522 259//10523 254//10524
f 296//10525 258//10526 254//10527
f 269//10528 296//10529 254//10530
f 269//10531 254//10532 373//10533
f 373//10534 532//10535 483//10536
f 532//10537 531//10538 483//10539
f 531//10540 500//10541 483//10542
f 297//10543 311//10544 374//10545
f 286//10546 297//10547 374//10548
f 342//10549 366//10550 396//10551
f 396//10552 374//10553 342//10554
f 374//10555 333//10556 342//10557
f 374//10558 311//10559 333//10560
f 486//10561 358//10562 375//10563
f 486//10564 375//10565 390//10566
f 419//10567 394//10568 483//10569
f 394//10570 382//10571 483//10572
f 498//10573 390//10574 409//10575
f 498//10576 486//10577 390//10578
f 498//10579 409//10580 425//10581
f 498//10582 425//10583 441//10584
f 483//10585 465//10586 448//10587
f 483//10588 448//10589 432//10590
f 313//10591 326//10592 270//10593
f 501//10594 440//10595 424//10596
f 483//10597 473//10598 465//10599
f 483//10600 500//10601 473//10602
f 500//10603 466//10604 473//10605
f 432//10606 419//10607 483//10608
f 269//10609 332//10610 310//10611
f 278//10612 374//10613 357//10614
f 374//10615 278//10616 283//10617
f 283//10618 286//10619 374//10620
f 326//10621 344//10622 270//10623
f 344//10624 358//10625 486//10626
f 344//10627 486//10628 270//10629
f 382//10630 365//10631 373//10632
f 382//10633 373//10634 483//10635
f 269//10636 341//10637 332//10638
f 269//10639 310//10640 296//10641
f 441//10642 458//10643 498//10644
f 458//10645 474//10646 498//10647
f 474//10648 501//10649 498//10650
f 501//10651 474//10652 457//10653
f 457//10654 440//10655 501//10656
f 501//10657 383//10658 395//10659
f 383//10660 501//10661 424//10662
f 366//10663 383//10664 424//10665
f 424//10666 408//10667 366//10668
f 366//10669 408//10670 396//10671
f 395//10672 407//10673 501//10674
f 501//10675 407//10676 433//10677
f 500//10678 501//10679 433//10680
f 433//10681 449//10682 500//10683
f 500//10684 449//10685 466//10686
f 269//10687 373//10688 341//10689
f 365//10690 341//10691 373//10692
f 270//10693 299//10694 313//10695
f 270//10696 259//10697 299//10698
f 259//10699 258//10700 298//10701
f 298//10702 287//10703 259//10704
f 287//10705 280//10706 259//10707
f 258//10708 296//10709 278//10710
f 278//10711 357//10712 343//10713
f 278//10714 343//10715 325//10716
f 325//10717 258//10718 278//10719
f 258//10720 325//10721 312//10722
f 312//10723 298//10724 258//10725
f 283//10726 278//10727 279//10728
f 279//10729 278//10730 296//10731
f 300//10732 279//10733 296//10734
f 296//10735 310//10736 300//10737
f 334//10738 300//10739 310//10740
f 310//10741 332//10742 334//10743
f 345//10744 334//10745 332//10746
f 332//10747 341//10748 345//10749
f 367//10750 345//10751 341//10752
f 341//10753 365//10754 367//10755
f 384//10756 367//10757 365//10758
f 365//10759 382//10760 384//10761
f 397//10762 384//10763 382//10764
f 382//10765 394//10766 397//10767
f 420//10768 397//10769 394//10770
f 394//10771 419//10772 420//10773
f 434//10774 420//10775 419//10776
f 419//10777 432//10778 434//10779
f 450//10780 434//10781 432//10782
f 432//10783 448//10784 450//10785
f 467//10786 450//10787 448//10788
f 448//10789 465//10790 467//10791
f 475//10792 467//10793 465//10794
f 465//10795 473//10796 475//10797
f 468//10798 475//10799 473//10800
f 473//10801 466//10802 468//10803
f 451//10804 468//10805 466//10806
f 466//10807 449//10808 451//10809
f 435//10810 451//10811 449//10812
f 449//10813 433//10814 435//10815
f 410//10816 435//10817 433//10818
f 433//10819 407//10820 410//10821
f 398//10822 410//10823 407//10824
f 407//10825 395//10826 398//10827
f 385//10828 398//10829 395//10830
f 395//10831 383//10832 385//10833
f 368//10834 385//10835 383//10836
f 383//10837 366//10838 368//10839
f 346//10840 368//10841 366//10842
f 366//10843 342//10844 346//10845
f 335//10846 346//10847 342//10848
f 342//10849 333//10850 335//10851
f 314//10852 335//10853 333//10854
f 333//10855 311//10856 314//10857
f 301//10858 314//10859 311//10860
f 311//10861 297//10862 301//10863
f 288//10864 301//10865 297//10866
f 297//10867 286//10868 288//10869
f 284//10870 288//10871 286//10872
f 286//10873 283//10874 284//10875
f 279//10876 284//10877 283//10878
f 284//10879 279//10880 300//10881
f 288//10882 284//10883 300//10884
f 301//10885 288//10886 300//10887
f 314//10888 301//10889 300//10890
f 335//10891 314//10892 300//10893
f 346//10894 335//10895 300//10896
f 368//10897 346//10898 300//10899
f 385//10900 368//10901 300//10902
f 398//10903 385//10904 300//10905
f 410//10906 398//10907 300//10908
f 435//10909 410//10910 300//10911
f 451//10912 435//10913 300//10914
f 468//10915 451//10916 300//10917
f 475//10918 468//10919 300//10920
f 467//10921 475//10922 300//10923
f 450//10924 467//10925 300//10926
f 434//10927 450//10928 300//10929
f 420//10930 434//10931 300//10932
f 397//10933 420//10934 300//10935
f 384//10936 397//10937 300//10938
f 367//10939 384//10940 300//10941
f 345//10942 367//10943 300//10944
f 334//10945 345//10946 300//10947
f 259//10948 280//10949 423//10950
f 289//10951 423//10952 280//10953
f 280//10954 287//10955 289//10956
f 302//10957 289//10958 287//10959
f 287//10960 298//10961 302//10962
f 315//10963 302//10964 298//10965
f 298//10966 312//10967 315//10968
f 327//10969 315//10970 312//10971
f 312//10972 325//10973 327//10974
f 347//10975 327//10976 325//10977
f 325//10978 343//10979 347//10980
f 359//10981 347//10982 343//10983
f 343//10984 357//10985 359//10986
f 376//10987 359//10988 357//10989
f 357//10990 374//10991 376//10992
f 399//10993 376//10994 374//10995
f 374//10996 396//10997 399//10998
f 411//10999 399//11000 396//11001
f 396//11002 408//11003 411//11004
f 426//11005 411//11006 408//11007
f 408//11008 424//11009 426//11010
f 442//11011 426//11012 424//11013
f 424//11014 440//11015 442//11016
f 459//11017 442//11018 440//11019
f 440//11020 457//11021 459//11022
f 476//11023 459//11024 457//11025
f 457//11026 474//11027 476//11028
f 460//11029 476//11030 474//11031
f 474//11032 458//11033 460//11034
f 443//11035 460//11036 458//11037
f 458//11038 441//11039 443//11040
f 427//11041 443//11042 441//11043
f 441//11044 425//11045 427//11046
f 412//11047 427//11048 425//11049
f 425//11050 409//11051 412//11052
f 391//11053 412//11054 409//11055
f 409//11056 390//11057 391//11058
f 377//11059 391//11060 390//11061
f 390//11062 375//11063 377//11064
f 360//11065 377//11066 375//11067
f 375//11068 358//11069 360//11070
f 348//11071 360//11072 358//11073
f 358//11074 344//11075 348//11076
f 328//11077 348//11078 344//11079
f 344//11080 326//11081 328//11082
f 316//11083 328//11084 326//11085
f 326//11086 313//11087 316//11088
f 303//11089 316//11090 313//11091
f 313//11092 299//11093 303//11094
f 423//11095 303//11096 299//11097
f 299//11098 259//11099 423//11100
f 316//11101 303//11102 423//11103
f 328//11104 316//11105 423//11106
f 348//11107 328//11108 423//11109
f 360//11110 348//11111 423//11112
f 377//11113 360//11114 423//11115
f 391//11116 377//11117 423//11118
f 412//11119 391//11120 423//11121
f 427//11122 412//11123 423//11124
f 443//11125 427//11126 423//11127
f 460//11128 443//11129 423//11130
f 476//11131 460//11132 423//11133
f 459//11134 476//11135 423//11136
f 442//11137 459//11138 423//11139
f 426//11140 442//11141 423//11142
f 411//11143 426//11144 423//11145
f 399//11146 411//11147 423//11148
f 376//11149 399//11150 423//11151
f 359//11152 376//11153 423//11154
f 347//11155 359//11156 423//11157
f 327//11158 347//11159 423//11160
f 315//11161 327//11162 423//11163
f 302//11164 315//11165 423//11166
f 289//11167 302//11168 423//11169
f 2146//11170 2038//11171 2031//11172
f 2129//11173 2060//11174 2052//11175
f 2129//11176 2052//11177 2042//11178
f 2146//11179 2129//11180 2042//11181
f 2146//11182 2042//11183 2038//11184
f 2129//11185 2072//11186 2068//11187
f 2068//11188 2063//11189 2129//11190
f 2129//11191 2063//11192 2060//11193
f 2080//11194 2077//11195 2129//11196
f 2129//11197 2077//11198 2072//11199
f 2088//11200 2086//11201 2129//11202
f 2129//11203 2086//11204 2080//11205
f 2129//11206 2145//11207 2088//11208
f 2145//11209 2092//11210 2088//11211
f 2145//11212 2095//11213 2092//11214
f 2102//11215 2095//11216 2145//11217
f 2145//11218 2108//11219 2102//11220
f 2145//11221 2110//11222 2108//11223
f 2112//11224 2110//11225 2145//11226
f 2145//11227 2115//11228 2112//11229
f 2145//11230 1794//11231 2115//11232
f 1794//11233 2181//11234 2203//11235
f 2181//11236 1794//11237 2167//11238
f 1794//11239 2145//11240 2167//11241
f 2145//11242 2129//11243 2167//11244
f 2129//11245 2146//11246 2167//11247
f 2178//11248 2181//11249 2167//11250
f 2264//11251 2252//11252 2251//11253
f 2251//11254 2271//11255 2264//11256
f 2271//11257 2263//11258 2264//11259
f 2267//11260 2264//11261 2263//11262
f 2263//11263 2246//11264 2267//11265
f 2248//11266 2267//11267 2246//11268
f 2245//11269 2248//11270 2246//11271
f 2246//11272 2228//11273 2245//11274
f 2214//11275 2245//11276 2228//11277
f 2227//11278 2214//11279 2228//11280
f 2228//11281 2154//11282 2227//11283
f 2212//11284 2203//11285 2181//11286
f 2225//11287 2212//11288 2219//11289
f 2241//11290 2225//11291 2219//11292
f 2219//11293 2251//11294 2241//11295
f 2239//11296 2241//11297 2251//11298
f 2252//11299 2239//11300 2251//11301
f 2228//11302 2196//11303 2154//11304
f 2180//11305 2189//11306 2154//11307
f 2128//11308 2111//11309 2113//11310
f 2128//11311 2113//11312 2116//11313
f 2128//11314 2105//11315 2109//11316
f 2128//11317 2109//11318 2111//11319
f 2098//11320 2100//11321 2128//11322
f 2128//11323 2100//11324 2105//11325
f 2128//11326 2093//11327 2098//11328
f 2140//11329 2079//11330 2085//11331
f 2085//11332 2128//11333 2140//11334
f 2128//11335 2085//11336 2089//11337
f 2128//11338 2089//11339 2093//11340
f 2071//11341 2074//11342 2140//11343
f 2140//11344 2074//11345 2079//11346
f 2064//11347 2067//11348 2140//11349
f 2140//11350 2067//11351 2071//11352
f 2140//11353 2056//11354 2064//11355
f 2040//11356 2045//11357 2140//11358
f 2140//11359 2045//11360 2056//11361
f 2040//11362 2140//11363 2028//11364
f 2196//11365 2180//11366 2154//11367
f 2116//11368 2180//11369 2128//11370
f 2028//11371 2140//11372 2150//11373
f 2150//11374 2140//11375 2196//11376
f 2189//11377 2180//11378 2116//11379
f 2140//11380 2128//11381 2196//11382
f 2128//11383 2180//11384 2196//11385
f 2146//11386 2142//11387 2152//11388
f 2146//11389 2152//11390 2167//11391
f 2142//11392 2139//11393 2152//11394
f 2031//11395 1501//11396 2142//11397
f 2139//11398 2142//11399 1501//11400
f 2028//11401 2150//11402 2141//11403
f 1454//11404 1764//11405 2152//11406
f 2146//11407 2031//11408 2142//11409
f 2141//11410 1499//11411 2028//11412
f 1767//11413 1763//11414 2137//11415
f 1463//11416 1454//11417 2139//11418
f 2152//11419 2139//11420 1454//11421
f 1455//11422 2141//11423 2137//11424
f 2152//11425 1764//11426 1765//11427
f 1501//11428 1463//11429 2139//11430
f 2141//11431 1455//11432 1499//11433
f 1763//11434 1455//11435 2137//11436
f 2022//11437 2152//11438 1765//11439
f 1767//11440 2137//11441 2126//11442
f 1767//11443 2126//11444 2018//11445
f 1768//11446 1767//11447 2018//11448
f 2021//11449 2022//11450 1768//11451
f 2022//11452 1765//11453 1768//11454
f 2018//11455 2021//11456 1768//11457
f 2021//11458 2018//11459 2126//11460
f 2021//11461 2170//11462 2022//11463
f 2124//11464 2126//11465 2137//11466
f 2021//11467 2126//11468 2019//11469
f 2124//11470 2138//11471 2126//11472
f 2025//11473 2126//11474 2138//11475
f 2019//11476 2126//11477 2025//11478
f 2152//11479 2022//11480 2170//11481
f 2019//11482 2170//11483 2021//11484
f 2170//11485 2019//11486 2025//11487
f 2137//11488 2141//11489 2150//11490
f 2181//11491 2178//11492 2170//11493
f 2137//11494 2150//11495 2196//11496
f 2228//11497 2192//11498 2196//11499
f 2152//11500 2178//11501 2167//11502
f 2137//11503 2196//11504 2124//11505
f 2251//11506 2219//11507 2230//11508
f 2219//11509 2212//11510 2230//11511
f 2263//11512 2271//11513 2266//11514
f 2152//11515 2170//11516 2178//11517
f 2228//11518 2246//11519 2244//11520
f 2244//11521 2224//11522 2228//11523
f 2170//11524 2182//11525 2181//11526
f 2262//11527 2266//11528 2271//11529
f 2124//11530 2196//11531 2162//11532
f 2263//11533 2244//11534 2246//11535
f 2025//11536 2138//11537 2027//11538
f 2181//11539 2200//11540 2212//11541
f 2251//11542 2230//11543 2258//11544
f 2266//11545 2261//11546 2263//11547
f 2192//11548 2162//11549 2196//11550
f 2224//11551 2198//11552 2228//11553
f 2170//11554 2025//11555 2120//11556
f 2120//11557 2131//11558 2170//11559
f 2271//11560 2251//11561 2258//11562
f 2262//11563 2271//11564 2258//11565
f 2261//11566 2244//11567 2263//11568
f 2192//11569 2228//11570 2198//11571
f 2124//11572 2162//11573 2192//11574
f 2192//11575 2138//11576 2124//11577
f 2027//11578 2120//11579 2025//11580
f 2131//11581 2120//11582 2206//11583
f 2170//11584 2131//11585 2206//11586
f 2182//11587 2170//11588 2206//11589
f 2181//11590 2182//11591 2206//11592
f 2200//11593 2181//11594 2206//11595
f 2212//11596 2200//11597 2206//11598
f 2230//11599 2212//11600 2206//11601
f 2258//11602 2230//11603 2206//11604
f 2262//11605 2258//11606 2206//11607
f 2266//11608 2262//11609 2206//11610
f 2261//11611 2266//11612 2206//11613
f 2244//11614 2261//11615 2206//11616
f 2224//11617 2244//11618 2206//11619
f 2198//11620 2224//11621 2206//11622
f 2192//11623 2198//11624 2206//11625
f 2138//11626 2192//11627 2206//11628
f 2027//11629 2138//11630 2206//11631
f 2206//11632 2120//11633 2027//11634
f 2193//11635 2218//11636 2168//11637
f 2168//11638 2218//11639 2177//11640
f 2218//11641 2156//11642 2161//11643
f 2156//11644 2168//11645 2161//11646
f 2172//11647 2168//11648 2177//11649
f 2161//11650 2172//11651 2218//11652
f 2172//11653 2177//11654 2218//11655
f 2172//11656 2161//11657 2168//11658
f 2183//11659 2171//11660 2209//11661
f 2190//11662 2204//11663 2188//11664
f 2157//11665 1790//11666 2204//11667
f 2223//11668 1790//11669 2194//11670
f 1794//11671 2209//11672 2171//11673
f 2183//11674 2209//11675 2194//11676
f 2171//11677 2176//11678 2194//11679
f 2176//11680 2171//11681 2194//11682
f 2194//11683 2171//11684 2183//11685
f 2171//11686 2194//11687 2175//11688
f 2175//11689 2174//11690 2171//11691
f 2194//11692 2171//11693 2174//11694
f 2174//11695 2175//11696 2194//11697
f 1795//11698 1773//11699 1782//11700
f 2171//11701 2144//11702 1794//11703
f 1441//11704 1491//11705 1437//11706
f 1487//11707 1297//11708 1491//11709
f 1403//11710 1784//11711 1783//11712
f 1784//11713 1403//11714 1412//11715
f 1784//11716 1412//11717 1417//11718
f 1784//11719 1417//11720 1419//11721
f 1784//11722 1419//11723 1420//11724
f 1784//11725 1420//11726 1426//11727
f 1386//11728 1783//11729 1782//11730
f 1386//11731 1388//11732 1783//11733
f 1783//11734 1388//11735 1403//11736
f 1399//11737 1398//11738 1478//11739
f 1398//11740 1397//11741 1478//11742
f 1478//11743 1397//11744 1773//11745
f 1773//11746 1397//11747 1384//11748
f 1384//11749 1782//11750 1773//11751
f 1384//11752 1385//11753 1782//11754
f 1782//11755 1385//11756 1386//11757
f 1479//11758 1411//11759 1401//11760
f 1401//11761 1478//11762 1479//11763
f 1401//11764 1400//11765 1478//11766
f 1478//11767 1400//11768 1399//11769
f 1402//11770 1411//11771 1479//11772
f 1402//11773 1479//11774 1480//11775
f 1480//11776 1413//11777 1402//11778
f 1375//11779 1413//11780 1480//11781
f 1375//11782 1480//11783 1774//11784
f 1774//11785 1415//11786 1375//11787
f 1428//11788 1415//11789 1774//11790
f 1425//11791 1360//11792 1365//11793
f 1425//11794 1432//11795 1360//11796
f 1435//11797 1459//11798 1436//11799
f 1438//11800 1436//11801 2048//11802
f 1438//11803 2048//11804 1476//11805
f 1457//11806 1273//11807 1750//11808
f 1750//11809 1792//11810 1457//11811
f 2218//11812 2154//11813 2156//11814
f 2073//11815 2168//11816 2156//11817
f 2073//11818 2048//11819 2168//11820
f 2048//11821 1459//11822 2168//11823
f 2222//11824 2168//11825 1776//11826
f 1776//11827 1775//11828 2222//11829
f 2053//11830 2243//11831 1775//11832
f 2186//11833 2243//11834 2053//11835
f 2188//11836 2125//11837 2190//11838
f 2157//11839 2190//11840 2122//11841
f 1790//11842 2171//11843 2194//11844
f 1790//11845 2051//11846 2171//11847
f 2015//11848 1769//11849 1793//11850
f 1795//11851 1782//11852 1783//11853
f 1795//11854 1783//11855 1784//11856
f 1784//11857 1810//11858 1795//11859
f 1431//11860 1810//11861 1784//11862
f 1784//11863 1426//11864 1431//11865
f 1487//11866 1785//11867 1810//11868
f 2122//11869 1785//11870 2157//11871
f 2144//11872 1954//11873 1794//11874
f 1785//11875 2049//11876 2157//11877
f 1954//11878 2144//11879 2171//11880
f 1789//11881 1954//11882 2171//11883
f 2171//11884 1831//11885 1789//11886
f 2171//11887 1491//11888 1831//11889
f 1491//11890 2171//11891 2051//11892
f 1790//11893 2157//11894 2049//11895
f 1459//11896 1776//11897 2168//11898
f 2156//11899 2154//11900 1792//11901
f 2156//11902 2048//11903 2073//11904
f 2156//11905 1792//11906 1772//11907
f 1772//11908 1770//11909 2156//11910
f 2048//11911 2156//11912 1770//11913
f 1795//11914 1774//11915 1773//11916
f 1773//11917 1774//11918 1478//11919
f 1774//11920 1479//11921 1478//11922
f 1774//11923 1480//11924 1479//11925
f 1751//11926 1428//11927 1774//11928
f 1751//11929 1425//11930 1428//11931
f 1750//11932 1476//11933 2048//11934
f 1425//11935 1751//11936 1769//11937
f 1425//11938 1769//11939 1775//11940
f 1775//11941 1435//11942 1425//11943
f 1435//11944 1775//11945 1776//11946
f 1273//11947 1476//11948 1750//11949
f 1772//11950 1792//11951 1750//11952
f 1770//11953 1772//11954 1750//11955
f 1750//11956 2048//11957 1770//11958
f 2048//11959 1436//11960 1459//11961
f 1776//11962 1459//11963 1435//11964
f 1769//11965 2015//11966 1775//11967
f 1774//11968 1769//11969 1751//11970
f 1769//11971 1774//11972 1793//11973
f 1789//11974 1441//11975 1265//11976
f 1431//11977 1485//11978 1810//11979
f 1810//11980 1485//11981 1486//11982
f 1810//11983 1486//11984 1487//11985
f 2049//11986 1785//11987 1487//11988
f 2049//11989 1487//11990 1491//11991
f 1491//11992 1790//11993 2049//11994
f 1491//11995 2051//11996 1790//11997
f 1831//11998 1491//11999 1441//12000
f 1441//12001 1789//12002 1831//12003
f 1801//12004 1795//12005 1810//12006
f 2125//12007 2035//12008 2190//12009
f 2125//12010 2188//12011 2186//12012
f 1785//12013 2122//12014 1810//12015
f 2190//12016 2035//12017 2122//12018
f 2013//12019 1810//12020 2122//12021
f 1809//12022 1807//12023 1810//12024
f 1809//12025 1810//12026 2013//12027
f 2034//12028 2050//12029 2125//12030
f 2035//12031 2125//12032 2058//12033
f 2058//12034 2046//12035 2035//12036
f 2125//12037 2053//12038 2034//12039
f 1801//12040 1810//12041 1807//12042
f 1807//12043 1806//12044 1801//12045
f 1801//12046 1799//12047 1795//12048
f 1799//12049 1803//12050 1795//12051
f 1803//12052 1793//12053 1795//12054
f 2053//12055 1775//12056 2015//12057
f 2125//12058 2186//12059 2053//12060
f 1774//12061 1795//12062 1793//12063
f 1915//12064 1927//12065 2050//12066
f 1906//12067 1814//12068 1818//12069
f 1818//12070 1826//12071 1906//12072
f 1906//12073 1826//12074 1834//12075
f 1834//12076 1846//12077 1906//12078
f 1906//12079 1846//12080 1868//12081
f 1906//12082 1868//12083 1876//12084
f 1928//12085 1906//12086 1876//12087
f 1876//12088 1899//12089 1928//12090
f 2015//12091 1907//12092 1922//12093
f 1899//12094 1915//12095 1956//12096
f 1956//12097 1939//12098 1899//12099
f 1899//12100 1939//12101 1928//12102
f 1891//12103 1907//12104 2015//12105
f 2125//12106 2050//12107 1927//12108
f 2035//12109 1996//12110 2004//12111
f 1980//12112 1996//12113 2035//12114
f 2035//12115 2046//12116 1980//12117
f 1965//12118 1980//12119 2046//12120
f 2015//12121 1922//12122 1940//12123
f 2050//12124 1956//12125 1915//12126
f 1971//12127 1956//12128 2050//12129
f 2004//12130 1995//12131 2035//12132
f 2122//12133 2035//12134 1995//12135
f 2013//12136 2122//12137 1949//12138
f 1949//12139 1926//12140 2013//12141
f 1926//12142 1914//12143 2013//12144
f 1793//12145 1836//12146 1848//12147
f 1848//12148 1861//12149 1793//12150
f 1861//12151 1878//12152 2015//12153
f 1861//12154 2015//12155 1793//12156
f 1878//12157 1891//12158 2015//12159
f 1972//12160 1988//12161 2053//12162
f 1988//12163 2005//12164 2034//12165
f 2034//12166 2053//12167 1988//12168
f 2122//12169 1964//12170 1949//12171
f 2053//12172 1940//12173 1957//12174
f 2053//12175 2015//12176 1940//12177
f 2053//12178 1957//12179 1972//12180
f 2050//12181 2034//12182 1971//12183
f 1987//12184 1971//12185 2034//12186
f 2005//12187 1987//12188 2034//12189
f 1927//12190 1938//12191 2058//12192
f 2058//12193 2125//12194 1927//12195
f 1938//12196 1965//12197 2046//12198
f 2046//12199 2058//12200 1938//12201
f 1793//12202 1822//12203 1836//12204
f 2122//12205 1995//12206 1979//12207
f 1979//12208 1964//12209 2122//12210
f 1867//12211 1845//12212 1809//12213
f 1793//12214 1803//12215 1821//12216
f 1835//12217 1821//12218 1803//12219
f 1847//12220 1835//12221 1803//12222
f 2013//12223 1914//12224 1898//12225
f 2013//12226 1898//12227 1875//12228
f 1847//12229 1803//12230 1799//12231
f 1860//12232 1847//12233 1799//12234
f 1799//12235 1801//12236 1860//12237
f 1793//12238 1821//12239 1822//12240
f 1875//12241 1867//12242 1809//12243
f 1809//12244 2013//12245 1875//12246
f 1845//12247 1833//12248 1809//12249
f 1807//12250 1833//12251 1814//12252
f 1806//12253 1807//12254 1814//12255
f 1801//12256 1806//12257 1860//12258
f 1877//12259 1860//12260 1806//12261
f 1806//12262 1814//12263 1877//12264
f 1814//12265 1890//12266 1877//12267
f 1814//12268 1906//12269 1890//12270
f 1833//12271 1807//12272 1809//12273
f 1818//12274 1814//12275 1815//12276
f 1815//12277 1814//12278 1833//12279
f 1833//12280 1849//12281 1815//12282
f 1833//12283 1845//12284 1849//12285
f 1869//12286 1849//12287 1845//12288
f 1845//12289 1867//12290 1869//12291
f 1879//12292 1869//12293 1867//12294
f 1867//12295 1875//12296 1879//12297
f 1900//12298 1879//12299 1875//12300
f 1875//12301 1898//12302 1900//12303
f 1916//12304 1900//12305 1898//12306
f 1898//12307 1914//12308 1916//12309
f 1929//12310 1916//12311 1914//12312
f 1914//12313 1926//12314 1929//12315
f 1950//12316 1929//12317 1926//12318
f 1926//12319 1949//12320 1950//12321
f 1955//12322 1950//12323 1949//12324
f 1949//12325 1964//12326 1955//12327
f 1981//12328 1955//12329 1964//12330
f 1964//12331 1979//12332 1981//12333
f 1997//12334 1981//12335 1979//12336
f 1979//12337 1995//12338 1997//12339
f 2006//12340 1997//12341 1995//12342
f 1995//12343 2004//12344 2006//12345
f 1998//12346 2006//12347 2004//12348
f 2004//12349 1996//12350 1998//12351
f 1982//12352 1998//12353 1996//12354
f 1996//12355 1980//12356 1982//12357
f 1966//12358 1982//12359 1980//12360
f 1980//12361 1965//12362 1966//12363
f 1941//12364 1966//12365 1965//12366
f 1965//12367 1938//12368 1941//12369
f 1930//12370 1941//12371 1938//12372
f 1938//12373 1927//12374 1930//12375
f 1917//12376 1930//12377 1927//12378
f 1927//12379 1915//12380 1917//12381
f 1901//12382 1917//12383 1915//12384
f 1915//12385 1899//12386 1901//12387
f 1880//12388 1901//12389 1899//12390
f 1899//12391 1876//12392 1880//12393
f 1870//12394 1880//12395 1876//12396
f 1876//12397 1868//12398 1870//12399
f 1850//12400 1870//12401 1868//12402
f 1868//12403 1846//12404 1850//12405
f 1837//12406 1850//12407 1846//12408
f 1846//12409 1834//12410 1837//12411
f 1827//12412 1837//12413 1834//12414
f 1834//12415 1826//12416 1827//12417
f 1819//12418 1827//12419 1826//12420
f 1826//12421 1818//12422 1819//12423
f 1815//12424 1819//12425 1818//12426
f 1819//12427 1815//12428 1849//12429
f 1827//12430 1819//12431 1849//12432
f 1837//12433 1827//12434 1849//12435
f 1850//12436 1837//12437 1849//12438
f 1870//12439 1850//12440 1849//12441
f 1880//12442 1870//12443 1849//12444
f 1901//12445 1880//12446 1849//12447
f 1917//12448 1901//12449 1849//12450
f 1930//12451 1917//12452 1849//12453
f 1941//12454 1930//12455 1849//12456
f 1966//12457 1941//12458 1849//12459
f 1982//12460 1966//12461 1849//12462
f 1998//12463 1982//12464 1849//12465
f 2006//12466 1998//12467 1849//12468
f 1849//12469 1955//12470 2006//12471
f 1997//12472 2006//12473 1955//12474
f 1981//12475 1997//12476 1955//12477
f 1929//12478 1950//12479 1955//12480
f 1916//12481 1929//12482 1955//12483
f 1900//12484 1916//12485 1955//12486
f 1955//12487 1849//12488 1900//12489
f 1879//12490 1900//12491 1849//12492
f 1869//12493 1879//12494 1849//12495
f 1821//12496 1835//12497 1838//12498
f 1851//12499 1838//12500 1835//12501
f 1835//12502 1847//12503 1851//12504
f 1862//12505 1851//12506 1847//12507
f 1847//12508 1860//12509 1862//12510
f 1881//12511 1862//12512 1860//12513
f 1860//12514 1877//12515 1881//12516
f 1892//12517 1881//12518 1877//12519
f 1877//12520 1890//12521 1892//12522
f 1908//12523 1892//12524 1890//12525
f 1890//12526 1906//12527 1908//12528
f 1931//12529 1908//12530 1906//12531
f 1906//12532 1928//12533 1931//12534
f 1942//12535 1931//12536 1928//12537
f 1928//12538 1939//12539 1942//12540
f 1958//12541 1942//12542 1939//12543
f 1939//12544 1956//12545 1958//12546
f 1973//12547 1958//12548 1956//12549
f 1956//12550 1971//12551 1973//12552
f 1989//12553 1973//12554 1971//12555
f 1971//12556 1987//12557 1989//12558
f 2007//12559 1989//12560 1987//12561
f 1987//12562 2005//12563 2007//12564
f 1990//12565 2007//12566 2005//12567
f 2005//12568 1988//12569 1990//12570
f 1974//12571 1990//12572 1988//12573
f 1988//12574 1972//12575 1974//12576
f 1959//12577 1974//12578 1972//12579
f 1972//12580 1957//12581 1959//12582
f 1943//12583 1959//12584 1957//12585
f 1957//12586 1940//12587 1943//12588
f 1923//12589 1943//12590 1940//12591
f 1940//12592 1922//12593 1923//12594
f 1909//12595 1923//12596 1922//12597
f 1922//12598 1907//12599 1909//12600
f 1893//12601 1909//12602 1907//12603
f 1907//12604 1891//12605 1893//12606
f 1882//12607 1893//12608 1891//12609
f 1891//12610 1878//12611 1882//12612
f 1863//12613 1882//12614 1878//12615
f 1878//12616 1861//12617 1863//12618
f 1852//12619 1863//12620 1861//12621
f 1861//12622 1848//12623 1852//12624
f 1839//12625 1852//12626 1848//12627
f 1848//12628 1836//12629 1839//12630
f 1823//12631 1839//12632 1836//12633
f 1836//12634 1822//12635 1823//12636
f 1838//12637 1823//12638 1822//12639
f 1822//12640 1821//12641 1838//12642
f 1839//12643 1823//12644 1838//12645
f 1852//12646 1839//12647 1838//12648
f 1863//12649 1852//12650 1838//12651
f 1882//12652 1863//12653 1838//12654
f 1893//12655 1882//12656 1838//12657
f 1909//12658 1893//12659 1838//12660
f 1923//12661 1909//12662 1838//12663
f 1943//12664 1923//12665 1838//12666
f 1959//12667 1943//12668 1838//12669
f 1974//12670 1959//12671 1838//12672
f 1990//12673 1974//12674 1838//12675
f 2007//12676 1990//12677 1838//12678
f 1989//12679 2007//12680 1838//12681
f 1973//12682 1989//12683 1838//12684
f 1958//12685 1973//12686 1838//12687
f 1942//12688 1958//12689 1838//12690
f 1931//12691 1942//12692 1838//12693
f 1908//12694 1931//12695 1838//12696
f 1892//12697 1908//12698 1838//12699
f 1881//12700 1892//12701 1838//12702
f 1862//12703 1881//12704 1838//12705
f 1851//12706 1862//12707 1838//12708
f 912//12709 984//12710 555//12711
f 912//12712 922//12713 984//12714
f 984//12715 922//12716 923//12717
f 911//12718 912//12719 555//12720
f 555//12721 548//12722 911//12723
f 910//12724 911//12725 548//12726
f 548//12727 494//12728 910//12729
f 908//12730 909//12731 205//12732
f 494//12733 481//12734 910//12735
f 909//12736 910//12737 481//12738
f 481//12739 205//12740 909//12741
f 908//12742 205//12743 135//12744
f 908//12745 135//12746 57//12747
f 57//12748 31//12749 908//12750
f 912//12751 910//12752 909//12753
f 912//12754 911//12755 910//12756
f 916//12757 912//12758 909//12759
f 909//12760 908//12761 916//12762
f 913//12763 923//12764 916//12765
f 916//12766 826//12767 913//12768
f 915//12769 923//12770 913//12771
f 1008//12772 923//12773 915//12774
f 906//12775 915//12776 913//12777
f 826//12778 906//12779 913//12780
f 916//12781 906//12782 826//12783
f 908//12784 31//12785 729//12786
f 556//12787 816//12788 842//12789
f 908//12790 729//12791 837//12792
f 842//12793 816//12794 916//12795
f 837//12796 842//12797 916//12798
f 916//12799 908//12800 837//12801
f 648//12802 729//12803 31//12804
f 33//12805 67//12806 645//12807
f 183//12808 191//12809 639//12810
f 639//12811 641//12812 183//12813
f 641//12814 162//12815 183//12816
f 645//12817 648//12818 31//12819
f 645//12820 31//12821 33//12822
f 262//12823 556//12824 650//12825
f 251//12826 267//12827 650//12828
f 191//12829 251//12830 639//12831
f 641//12832 645//12833 67//12834
f 641//12835 67//12836 162//12837
f 251//12838 650//12839 648//12840
f 648//12841 639//12842 251//12843
f 648//12844 641//12845 639//12846
f 648//12847 645//12848 641//12849
f 650//12850 729//12851 648//12852
f 837//12853 729//12854 823//12855
f 556//12856 842//12857 818//12858
f 818//12859 650//12860 556//12861
f 12//12862 17//12863 19//12864
f 17//12865 19//12866 24//12867
f 17//12868 24//12869 19//12870
f 912//12871 921//12872 922//12873
f 923//12874 922//12875 921//12876
f 916//12877 921//12878 914//12879
f 921//12880 916//12881 923//12882
f 914//12883 912//12884 916//12885
f 912//12886 914//12887 921//12888
f 1248//12889 1265//12890 1441//12891
f 1129//12892 1248//12893 990//12894
f 1046//12895 1129//12896 990//12897
f 1046//12898 990//12899 951//12900
f 875//12901 1046//12902 951//12903
f 941//12904 811//12905 552//12906
f 941//12907 552//12908 875//12909
f 875//12910 951//12911 941//12912
f 941//12913 937//12914 811//12915
f 804//12916 811//12917 937//12918
f 937//12919 932//12920 804//12921
f 799//12922 804//12923 932//12924
f 932//12925 930//12926 799//12927
f 930//12928 797//12929 799//12930
f 795//12931 797//12932 930//12933
f 930//12934 925//12935 795//12936
f 791//12937 795//12938 925//12939
f 925//12940 928//12941 791//12942
f 928//12943 789//12944 791//12945
f 928//12946 944//12947 789//12948
f 957//12949 959//12950 780//12951
f 944//12952 954//12953 789//12954
f 785//12955 789//12956 954//12957
f 954//12958 957//12959 785//12960
f 957//12961 782//12962 785//12963
f 957//12964 780//12965 782//12966
f 959//12967 990//12968 1277//12969
f 959//12970 1277//12971 780//12972
f 777//12973 780//12974 1277//12975
f 1277//12976 1280//12977 777//12978
f 1280//12979 774//12980 777//12981
f 1296//12982 757//12983 762//12984
f 1296//12985 762//12986 766//12987
f 1290//12988 1296//12989 766//12990
f 1290//12991 766//12992 769//12993
f 769//12994 1285//12995 1290//12996
f 1285//12997 769//12998 774//12999
f 1437//13000 1285//13001 774//13002
f 774//13003 1280//13004 1437//13005
f 1305//13006 748//13007 634//13008
f 1305//13009 634//13010 754//13011
f 1300//13012 1305//13013 754//13014
f 1300//13015 754//13016 757//13017
f 757//13018 1297//13019 1300//13020
f 1296//13021 1297//13022 757//13023
f 1317//13024 737//13025 741//13026
f 741//13027 745//13028 1317//13029
f 1311//13030 1317//13031 745//13032
f 1311//13033 745//13034 748//13035
f 748//13036 1307//13037 1311//13038
f 1305//13039 1307//13040 748//13041
f 1327//13042 725//13043 730//13044
f 730//13045 734//13046 1327//13047
f 1323//13048 1327//13049 734//13050
f 1323//13051 734//13052 737//13053
f 737//13054 1319//13055 1323//13056
f 1317//13057 1319//13058 737//13059
f 1327//13060 1486//13061 725//13062
f 725//13063 1486//13064 1334//13065
f 1334//13066 723//13067 725//13068
f 1334//13069 1340//13070 723//13071
f 622//13072 723//13073 1340//13074
f 1340//13075 714//13076 622//13077
f 1340//13078 1342//13079 714//13080
f 711//13081 714//13082 1342//13083
f 1342//13084 1346//13085 711//13086
f 1346//13087 707//13088 711//13089
f 1346//13090 1431//13091 707//13092
f 707//13093 1431//13094 1351//13095
f 1351//13096 702//13097 707//13098
f 1351//13099 1354//13100 702//13101
f 700//13102 702//13103 1354//13104
f 1354//13105 1359//13106 700//13107
f 1359//13108 695//13109 700//13110
f 691//13111 695//13112 1359//13113
f 1359//13114 1364//13115 691//13116
f 1364//13117 1366//13118 691//13119
f 685//13120 691//13121 1366//13122
f 1366//13123 1370//13124 685//13125
f 685//13126 1370//13127 1373//13128
f 679//13129 685//13130 1373//13131
f 1373//13132 1376//13133 679//13134
f 1376//13135 677//13136 679//13137
f 677//13138 1376//13139 1379//13140
f 672//13141 677//13142 1379//13143
f 1379//13144 1382//13145 672//13146
f 667//13147 672//13148 1382//13149
f 1382//13150 1388//13151 667//13152
f 1388//13153 665//13154 667//13155
f 665//13156 1388//13157 1387//13158
f 1387//13159 1386//13160 665//13161
f 660//13162 665//13163 1386//13164
f 1386//13165 1385//13166 660//13167
f 660//13168 1385//13169 1384//13170
f 654//13171 660//13172 1384//13173
f 1384//13174 1397//13175 654//13176
f 1397//13177 653//13178 654//13179
f 1397//13180 1398//13181 653//13182
f 653//13183 1398//13184 1399//13185
f 658//13186 653//13187 1399//13188
f 1399//13189 1400//13190 658//13191
f 658//13192 1400//13193 1401//13194
f 663//13195 658//13196 1401//13197
f 1401//13198 1381//13199 663//13200
f 1381//13201 666//13202 663//13203
f 666//13204 1381//13205 1402//13206
f 670//13207 666//13208 1402//13209
f 1402//13210 1375//13211 670//13212
f 674//13213 670//13214 1375//13215
f 674//13216 1375//13217 1369//13218
f 1369//13219 678//13220 674//13221
f 682//13222 678//13223 1369//13224
f 1369//13225 1363//13226 682//13227
f 686//13228 682//13229 1363//13230
f 1363//13231 1358//13232 686//13233
f 689//13234 686//13235 1358//13236
f 1365//13237 1344//13238 701//13239
f 701//13240 697//13241 1365//13242
f 1348//13243 1365//13244 697//13245
f 697//13246 693//13247 1348//13248
f 1352//13249 1348//13250 693//13251
f 1352//13252 693//13253 689//13254
f 689//13255 1428//13256 1352//13257
f 1358//13258 1428//13259 689//13260
f 701//13261 1344//13262 1360//13263
f 704//13264 701//13265 1360//13266
f 1360//13267 1432//13268 704//13269
f 704//13270 1432//13271 1338//13272
f 708//13273 704//13274 1338//13275
f 708//13276 1338//13277 1335//13278
f 1335//13279 713//13280 708//13281
f 713//13282 1335//13283 1332//13284
f 713//13285 1332//13286 1330//13287
f 717//13288 713//13289 1330//13290
f 1330//13291 1326//13292 717//13293
f 720//13294 717//13295 1326//13296
f 720//13297 1326//13298 1324//13299
f 1324//13300 724//13301 720//13302
f 724//13303 1324//13304 1322//13305
f 752//13306 749//13307 1302//13308
f 749//13309 747//13310 1302//13311
f 1306//13312 1302//13313 747//13314
f 747//13315 742//13316 1306//13317
f 742//13318 1312//13319 1306//13320
f 742//13321 739//13322 1312//13323
f 739//13324 1313//13325 1312//13326
f 739//13327 736//13328 1313//13329
f 1318//13330 1313//13331 736//13332
f 736//13333 731//13334 1318//13335
f 731//13336 1322//13337 1318//13338
f 731//13339 620//13340 1322//13341
f 620//13342 724//13343 1322//13344
f 752//13345 1302//13346 1436//13347
f 1436//13348 1292//13349 752//13350
f 756//13351 752//13352 1292//13353
f 1292//13354 1291//13355 756//13356
f 758//13357 756//13358 1291//13359
f 763//13360 758//13361 1291//13362
f 763//13363 1291//13364 1438//13365
f 1438//13366 1282//13367 763//13368
f 768//13369 763//13370 1282//13371
f 1282//13372 1281//13373 768//13374
f 770//13375 768//13376 1281//13377
f 775//13378 770//13379 1281//13380
f 1274//13381 993//13382 974//13383
f 779//13384 1274//13385 974//13386
f 1275//13387 1274//13388 779//13389
f 779//13390 775//13391 1275//13392
f 1476//13393 1275//13394 775//13395
f 775//13396 1281//13397 1476//13398
f 974//13399 783//13400 779//13401
f 783//13402 974//13403 973//13404
f 786//13405 783//13406 973//13407
f 973//13408 788//13409 786//13410
f 788//13411 973//13412 965//13413
f 965//13414 950//13415 788//13416
f 793//13417 788//13418 950//13419
f 946//13420 793//13421 950//13422
f 936//13423 939//13424 844//13425
f 946//13426 931//13427 801//13428
f 806//13429 801//13430 931//13431
f 806//13432 931//13433 936//13434
f 936//13435 809//13436 806//13437
f 822//13438 809//13439 936//13440
f 835//13441 809//13442 822//13443
f 844//13444 822//13445 936//13446
f 844//13447 843//13448 822//13449
f 822//13450 843//13451 835//13452
f 844//13453 939//13454 948//13455
f 948//13456 1018//13457 844//13458
f 948//13459 1096//13460 1018//13461
f 948//13462 967//13463 1096//13464
f 1169//13465 1096//13466 967//13467
f 967//13468 993//13469 1169//13470
f 1169//13471 993//13472 1273//13473
f 993//13474 1274//13475 1273//13476
f 1441//13477 990//13478 1248//13479
f 952//13480 928//13481 925//13482
f 952//13483 944//13484 928//13485
f 952//13486 954//13487 944//13488
f 952//13489 957//13490 954//13491
f 952//13492 959//13493 957//13494
f 951//13495 959//13496 952//13497
f 980//13498 990//13499 959//13500
f 937//13501 941//13502 951//13503
f 930//13504 932//13505 952//13506
f 952//13507 932//13508 937//13509
f 952//13510 925//13511 930//13512
f 952//13513 937//13514 951//13515
f 959//13516 951//13517 980//13518
f 990//13519 980//13520 951//13521
f 948//13522 939//13523 958//13524
f 939//13525 936//13526 931//13527
f 939//13528 931//13529 946//13530
f 993//13531 968//13532 974//13533
f 968//13534 973//13535 974//13536
f 968//13537 965//13538 973//13539
f 950//13540 965//13541 946//13542
f 939//13543 946//13544 958//13545
f 967//13546 948//13547 958//13548
f 965//13549 968//13550 958//13551
f 958//13552 946//13553 965//13554
f 993//13555 967//13556 968//13557
f 980//13558 990//13559 966//13560
f 990//13561 980//13562 966//13563
f 972//13564 958//13565 968//13566
f 958//13567 972//13568 967//13569
f 968//13570 967//13571 972//13572
f 823//13573 729//13574 821//13575
f 818//13576 823//13577 821//13578
f 729//13579 650//13580 821//13581
f 650//13582 818//13583 821//13584
f 650//13585 821//13586 805//13587
f 805//13588 821//13589 650//13590
f 842//13591 837//13592 823//13593
f 842//13594 823//13595 825//13596
f 823//13597 818//13598 825//13599
f 832//13600 842//13601 825//13602
f 842//13603 832//13604 825//13605
f 842//13606 830//13607 818//13608
f 825//13609 830//13610 842//13611
f 818//13612 830//13613 825//13614
