# decimated from Yaskawa CAD (ROS-Industrial motoman, BSD-3-Clause)
v -0.096361 -0.003782 -0.130995
v -0.097504 0.001321 -0.117828
v -0.096180 0.004055 -0.130995
v -0.092087 0.006875 -0.118202
v -0.089729 -0.008868 -0.118678
v -0.081393 0.015518 -0.129203
v -0.080176 -0.018632 -0.118354
v -0.083092 0.013371 -0.118451
v -0.081662 0.016246 -0.118784
v -0.082232 -0.000487 -0.116572
v -0.082375 0.000888 -0.080879
v -0.086548 -0.010301 -0.130934
v -0.081537 0.017117 -0.130995
v -0.081326 -0.010694 -0.115631
v -0.081385 0.002094 -0.064030
v -0.081747 0.007099 -0.080976
v -0.080799 -0.018380 -0.130995
v -0.078700 0.025451 -0.077434
v -0.080395 0.016199 -0.081007
v -0.080624 0.015363 -0.116384
v -0.080923 -0.016280 -0.080793
v -0.078835 -0.022938 -0.130995
v -0.079041 -0.007585 -0.052242
v -0.076696 -0.027436 -0.064123
v -0.076012 -0.022324 -0.052079
v -0.076394 0.004674 -0.039878
v -0.078346 0.024372 -0.080983
v -0.078466 0.014346 -0.054234
v -0.068266 0.030760 -0.032862
v -0.078806 0.022991 -0.130932
v -0.077904 -0.026178 -0.079510
v -0.074347 -0.034590 -0.130995
v -0.074347 0.034590 -0.130995
v -0.077135 0.028388 -0.078956
v -0.071835 -0.041653 -0.073567
v -0.076552 0.027787 -0.064686
v -0.073826 0.022914 -0.075393
v -0.073935 0.010608 -0.034266
v -0.071324 0.039947 -0.068414
v -0.071377 -0.041204 -0.080339
v -0.071642 -0.032139 -0.071096
v -0.072417 0.038563 -0.080956
v -0.072165 -0.022051 -0.072708
v -0.073854 -0.008098 -0.033785
v -0.070771 -0.029277 -0.040547
v -0.070021 0.029028 -0.067944
v -0.069750 -0.017707 -0.027608
v -0.071755 0.033204 -0.049471
v -0.067498 0.046150 -0.070670
v -0.070065 -0.042855 -0.130995
v -0.065133 0.015154 -0.015252
v -0.070540 0.041967 -0.130995
v -0.066638 0.047785 -0.130995
v -0.066559 0.038211 -0.040639
v -0.066512 -0.047602 -0.078274
v -0.066116 -0.007068 -0.016469
v -0.065120 -0.049834 -0.130995
v -0.065120 0.049834 -0.130995
v -0.066972 -0.032006 -0.031693
v -0.058343 0.057832 -0.130995
v -0.061378 0.001105 -0.006800
v -0.062214 -0.022731 -0.014535
v -0.061369 -0.049868 -0.067805
v -0.057614 0.025350 -0.008166
v -0.063294 0.027111 -0.018841
v -0.064396 0.049480 -0.062317
v -0.061341 -0.049552 -0.046094
v -0.058950 -0.050001 -0.065840
v -0.057625 -0.042847 -0.025537
v -0.058526 -0.057582 -0.090389
v -0.059204 0.050001 -0.067822
v -0.058340 -0.050001 -0.061689
v -0.064582 0.049950 -0.082246
v -0.057582 0.050001 -0.057539
v -0.057149 0.050001 -0.055464
v -0.056679 0.050001 -0.053419
v -0.052611 0.011910 0.004498
v -0.032172 -0.050414 -0.027721
v -0.057114 0.049981 -0.051318
v -0.055631 0.050001 -0.049360
v -0.049444 -0.002031 0.009736
v -0.060094 0.049954 -0.043995
v -0.058418 -0.023343 -0.008569
v -0.054487 -0.000292 0.002856
v -0.049039 0.048510 -0.016609
v -0.058005 -0.058180 -0.130995
v -0.040579 -0.071806 -0.088662
v -0.055218 -0.060487 -0.088105
v -0.052838 0.018365 0.002455
v -0.047000 0.040286 -0.004435
v -0.051744 0.050001 -0.071638
v -0.054531 -0.050275 -0.075796
v -0.052455 0.063011 -0.085903
v -0.050841 -0.064337 -0.130995
v -0.050841 0.064337 -0.130995
v -0.050727 0.050000 -0.071394
v -0.048350 0.042810 -0.009140
v -0.045919 0.057815 -0.080318
v -0.043700 0.069519 -0.130995
v -0.046939 -0.050000 -0.070784
v -0.046484 0.011393 0.011484
v -0.042412 -0.006786 0.016741
v -0.048101 -0.021676 0.006905
v -0.045559 0.050001 -0.070631
v -0.044909 0.050607 -0.074004
v -0.042832 0.013551 0.015202
v -0.044844 -0.048537 -0.008550
v -0.055845 0.050932 -0.078159
v -0.043360 0.050029 -0.071374
v -0.052247 -0.061482 -0.083484
v -0.043406 -0.050042 -0.071582
v -0.042633 -0.051107 -0.075222
v -0.041912 0.038686 0.003489
v -0.041812 -0.050000 -0.070417
v -0.041704 0.052662 -0.077278
v -0.040603 0.053583 -0.078077
v -0.040601 0.053411 -0.077955
v -0.040598 -0.053420 -0.077955
v -0.043280 -0.053789 -0.078377
v -0.040594 -0.054021 -0.078444
v -0.040594 0.053899 -0.078352
v -0.040592 -0.054137 -0.078535
v -0.040620 -0.053006 -0.077580
v -0.040590 0.054177 -0.078535
v -0.040589 0.053045 -0.077620
v -0.040589 0.054859 -0.078993
v -0.040593 -0.055345 -0.079275
v -0.040587 -0.054975 -0.079054
v -0.040587 -0.054396 -0.078718
v -0.040587 0.058907 -0.080366
v -0.042017 0.054411 -0.078793
v -0.040586 0.055200 -0.079207
v -0.040586 0.055573 -0.079390
v -0.040586 0.059267 -0.080397
v -0.040585 -0.056100 -0.079634
v -0.040585 0.052955 -0.077528
v -0.040585 0.055905 -0.079542
v -0.040585 0.056198 -0.079664
v -0.043983 -0.058990 -0.080410
v -0.040584 -0.056380 -0.079756
v -0.040584 -0.054801 -0.078962
v -0.040583 -0.059415 -0.080397
v -0.041775 -0.057004 -0.079992
v -0.040581 0.058536 -0.080305
v -0.040580 -0.058264 -0.080275
v -0.040579 0.051097 -0.074965
v -0.040579 0.056523 -0.079786
v -0.040578 -0.052840 -0.077406
v -0.040578 -0.052523 -0.077070
v -0.040578 -0.052265 -0.076765
v -0.040578 -0.052120 -0.076582
v -0.040578 -0.051749 -0.076063
v -0.040578 -0.051402 -0.075514
v -0.040578 -0.051294 -0.075331
v -0.040578 -0.051093 -0.074965
v -0.040578 -0.050904 -0.074568
v -0.040578 -0.050822 -0.074385
v -0.040578 -0.050581 -0.073774
v -0.040578 -0.050394 -0.073195
v -0.040578 -0.050327 -0.072950
v -0.040578 -0.050236 -0.072584
v -0.040578 -0.050145 -0.072126
v -0.040578 -0.050118 -0.071943
v -0.040578 -0.050036 -0.071272
v -0.040578 -0.050004 -0.070692
v -0.040578 -0.050000 -0.070417
v -0.040578 0.050000 -0.070417
v -0.040578 0.050004 -0.070692
v -0.040578 0.050036 -0.071272
v -0.040578 0.050119 -0.071974
v -0.040578 0.050172 -0.072279
v -0.040578 0.050236 -0.072584
v -0.040578 0.050319 -0.072920
v -0.040578 0.050394 -0.073195
v -0.040578 0.050585 -0.073805
v -0.040578 0.050831 -0.074415
v -0.040578 0.050953 -0.074690
v -0.040578 0.051244 -0.075239
v -0.040578 0.051385 -0.075483
v -0.040578 0.051570 -0.075789
v -0.040578 0.051749 -0.076063
v -0.040578 0.052121 -0.076582
v -0.040578 0.052264 -0.076765
v -0.040578 0.052837 -0.077406
v -0.040577 -0.057964 -0.080214
v -0.040577 0.056966 -0.079939
v -0.040576 -0.057173 -0.080000
v -0.040575 -0.059738 -0.080427
v -0.040575 -0.057519 -0.080122
v -0.040575 0.057292 -0.080061
v -0.040575 0.058084 -0.080244
v -0.042191 -0.070481 -0.130995
v -0.044168 -0.035694 0.003186
v -0.033055 -0.065179 -0.080570
v -0.029488 0.023515 0.025185
v -0.035256 0.033420 0.014746
v -0.037997 -0.001210 0.021532
v -0.038700 -0.010731 0.020263
v -0.038535 0.022529 0.016539
v -0.032963 -0.038856 0.013134
v -0.035743 0.073800 -0.130995
v -0.028330 0.020063 0.027353
v -0.035262 -0.025232 0.018643
v -0.028993 0.075411 -0.083472
v -0.033430 -0.074876 -0.130995
v -0.033956 0.042140 0.009265
v -0.037612 -0.068320 -0.081061
v -0.031619 -0.049982 -0.001134
v -0.026386 0.003905 0.031689
v -0.034336 -0.028432 0.018069
v -0.026453 0.077794 -0.130995
v -0.037929 0.072871 -0.090853
v -0.030220 -0.050001 -0.034171
v -0.020929 -0.050286 -0.015034
v -0.029485 -0.050001 -0.034956
v -0.024967 0.049213 0.011021
v -0.029543 -0.069418 -0.026971
v -0.028675 -0.051085 -0.024133
v -0.028892 -0.050001 -0.035465
v -0.030079 -0.022997 0.025349
v -0.027408 -0.050001 -0.036390
v -0.026369 -0.050001 -0.036909
v -0.028154 -0.049107 0.008791
v -0.025591 -0.052378 -0.034097
v -0.025940 -0.069337 -0.023239
v -0.025388 -0.069059 -0.033583
v -0.016488 0.081053 -0.085871
v -0.024942 -0.052927 -0.034193
v -0.024729 -0.069209 -0.033827
v -0.024266 -0.052884 -0.034376
v -0.024192 -0.069034 -0.033949
v -0.024160 -0.069340 -0.033827
v -0.027332 -0.069477 -0.032275
v -0.023981 -0.025366 0.022448
v -0.024256 0.023504 0.021802
v -0.031741 0.066767 -0.080644
v -0.028959 -0.006783 0.029230
v -0.028408 0.049877 0.006232
v -0.020178 -0.048748 0.015139
v -0.023395 -0.028712 0.023880
v -0.023224 0.046896 0.014912
v -0.022050 -0.019935 0.025670
v -0.022578 0.080358 -0.095666
v -0.022479 -0.083000 -0.095778
v -0.021295 0.082925 -0.100552
v -0.023770 -0.078643 -0.130995
v -0.021617 -0.082519 -0.099632
v -0.020867 0.082809 -0.090956
v 0.044319 -0.059745 -0.080469
v -0.021104 -0.079644 -0.105929
v -0.015964 0.026012 0.033722
v -0.017273 -0.047186 0.020579
v -0.019356 -0.052084 0.008405
v -0.020101 0.083000 -0.090223
v -0.021837 -0.079142 -0.088336
v -0.019377 0.054610 -0.001964
v -0.019238 0.070000 0.002308
v -0.018258 0.052987 -0.013865
v -0.017184 -0.082831 -0.105292
v -0.020584 0.079519 -0.106776
v -0.019758 0.052231 0.006402
v -0.014484 0.069905 -0.024720
v -0.018196 0.038200 0.028704
v -0.018161 0.037617 0.029467
v -0.018061 0.037001 0.030230
v -0.018463 0.043224 0.023073
v -0.018383 0.082682 -0.104146
v -0.017879 0.036292 0.031023
v -0.017822 0.053699 0.013781
v -0.017119 -0.069132 -0.015307
v -0.017644 0.035584 0.031786
v -0.017491 0.070000 0.013262
v -0.017471 0.050001 -0.029036
v -0.017396 0.070000 0.013811
v -0.017363 0.070000 0.014391
v -0.017363 0.070000 0.028490
v -0.017359 0.070000 0.028734
v -0.017325 0.034790 0.032518
v -0.017305 0.070000 0.029467
v -0.017423 -0.052506 -0.017579
v -0.017188 0.070000 0.030168
v -0.017121 0.034339 0.032915
v -0.017007 0.070000 0.030870
v -0.016902 0.033883 0.033312
v -0.011304 0.011916 0.040433
v -0.016765 0.070000 0.031542
v -0.016736 0.050001 -0.030439
v -0.016686 0.033458 0.033647
v -0.017393 0.035366 0.028702
v -0.016466 0.080330 -0.130995
v -0.016464 0.070000 0.032183
v -0.016425 0.032968 0.034044
v -0.016439 -0.069695 -0.018089
v -0.016313 0.050000 -0.031233
v -0.016105 0.070000 0.032793
v -0.017076 -0.008884 0.037247
v -0.015999 0.032216 0.034563
v -0.015964 0.050001 -0.031843
v -0.015692 0.070000 0.033403
v -0.015499 0.031396 0.035112
v -0.015228 0.070000 0.033953
v -0.015160 0.050001 -0.033217
v -0.015097 0.030765 0.035479
v -0.017119 0.072981 -0.080913
v -0.015000 -0.083000 -0.095991
v -0.015000 -0.065000 -0.095991
v -0.015000 0.065000 -0.095991
v -0.015000 0.083000 -0.095991
v -0.014962 -0.083000 -0.096449
v -0.014962 -0.083000 -0.095564
v -0.014962 -0.065000 -0.096449
v -0.014962 -0.065000 -0.095564
v -0.014962 0.065000 -0.096449
v -0.014962 0.065000 -0.095564
v -0.014962 0.083000 -0.096449
v -0.014962 0.083000 -0.095564
v -0.014849 -0.083000 -0.096846
v -0.014849 -0.083000 -0.095137
v -0.014849 -0.065000 -0.096846
v -0.014849 -0.065000 -0.095137
v -0.014849 0.065000 -0.096846
v -0.014849 0.065000 -0.095137
v -0.014849 0.083000 -0.096846
v -0.014849 0.083000 -0.095137
v -0.014787 0.030298 0.035723
v -0.014717 0.070000 0.034441
v -0.014665 -0.083000 -0.097242
v -0.014665 -0.083000 -0.094740
v -0.014665 -0.065000 -0.097242
v -0.014665 -0.065000 -0.094740
v -0.014665 0.065000 -0.097242
v -0.014665 0.065000 -0.094740
v -0.014665 0.083000 -0.097242
v -0.014665 0.083000 -0.094740
v -0.018047 -0.083026 -0.087528
v -0.013586 0.031182 0.034757
v -0.014415 -0.083000 -0.097609
v -0.014415 -0.083000 -0.094404
v -0.014415 -0.065000 -0.097609
v -0.014415 -0.065000 -0.094404
v -0.014415 0.065000 -0.097609
v -0.014415 0.065000 -0.094404
v -0.014415 0.083000 -0.097609
v -0.014415 0.083000 -0.094404
v -0.014163 0.070000 0.034899
v -0.014107 -0.083000 -0.097914
v -0.014107 -0.083000 -0.094099
v -0.014107 -0.065000 -0.097914
v -0.014107 -0.065000 -0.094099
v -0.014107 0.065000 -0.097914
v -0.014107 0.065000 -0.094099
v -0.014107 0.083000 -0.097914
v -0.014107 0.083000 -0.094099
v -0.013960 -0.080803 -0.130995
v -0.011108 0.025386 0.037675
v -0.013750 -0.083000 -0.098158
v -0.013750 -0.083000 -0.093824
v -0.013750 -0.065000 -0.098158
v -0.013750 -0.065000 -0.093824
v -0.013750 0.065000 -0.098158
v -0.013750 0.065000 -0.093824
v -0.013750 0.083000 -0.098158
v -0.013750 0.083000 -0.093824
v -0.013570 0.070000 0.035295
v -0.003457 0.070000 0.041196
v -0.013355 -0.083000 -0.098341
v -0.013355 -0.083000 -0.093641
v -0.013355 -0.065000 -0.098341
v -0.013355 -0.065000 -0.093641
v -0.013355 0.065000 -0.098341
v -0.013355 0.065000 -0.093641
v -0.013355 0.083000 -0.098341
v -0.013355 0.083000 -0.093641
v -0.013329 0.082705 -0.107238
v -0.015262 -0.028024 0.033862
v -0.012934 -0.083000 -0.098463
v -0.012934 -0.083000 -0.093550
v -0.012934 -0.065000 -0.098463
v -0.012934 -0.065000 -0.093550
v -0.012934 0.065000 -0.098463
v -0.012934 0.065000 -0.093550
v -0.012934 0.083000 -0.098463
v -0.012934 0.083000 -0.093550
v -0.012661 -0.069880 -0.026731
v -0.006209 -0.079193 -0.083353
v -0.018558 -0.069690 0.010237
v -0.007965 -0.070000 0.035111
v -0.012505 0.050001 -0.037316
v -0.012500 -0.083000 -0.098494
v -0.012500 -0.083000 -0.093489
v -0.012500 -0.065000 -0.098494
v -0.012500 -0.065000 -0.093489
v -0.012500 -0.063498 -0.095991
v -0.012500 0.063498 -0.095991
v -0.012500 0.065000 -0.098494
v -0.012500 0.065000 -0.093489
v -0.012500 0.083000 -0.098494
v -0.012500 0.083000 -0.093489
v -0.012078 0.083000 -0.086470
v -0.012066 -0.083000 -0.098463
v -0.012066 -0.083000 -0.093550
v -0.012066 -0.065000 -0.098463
v -0.012066 -0.065000 -0.093550
v -0.012066 0.065000 -0.098463
v -0.012066 0.065000 -0.093550
v -0.012066 0.083000 -0.098463
v -0.012066 0.083000 -0.093550
v -0.010801 -0.037111 0.032060
v -0.014497 0.053166 -0.024361
v -0.011495 0.050627 -0.034145
v -0.011645 -0.083000 -0.098341
v -0.011645 -0.083000 -0.093641
v -0.011645 -0.065000 -0.098341
v -0.011645 -0.065000 -0.093641
v -0.011645 0.065000 -0.098341
v -0.011645 0.065000 -0.093641
v -0.011645 0.083000 -0.098341
v -0.011645 0.083000 -0.093641
v -0.003363 -0.082092 -0.130995
v -0.010472 -0.005390 0.041518
v -0.011262 0.050000 -0.038954
v -0.011250 -0.083000 -0.098158
v -0.011250 -0.083000 -0.093824
v -0.011250 -0.065000 -0.098158
v -0.011250 -0.065000 -0.093824
v -0.011250 0.065000 -0.098158
v -0.011250 0.065000 -0.093824
v -0.011250 0.083000 -0.098158
v -0.011250 0.083000 -0.093824
v -0.010893 -0.083000 -0.097914
v -0.010893 -0.083000 -0.094099
v -0.010893 -0.065000 -0.097914
v -0.010893 -0.065000 -0.094099
v -0.010893 0.065000 -0.097914
v -0.010893 0.065000 -0.094099
v -0.010893 0.083000 -0.097914
v -0.010893 0.083000 -0.094099
v -0.011172 -0.082644 -0.107526
v -0.010650 0.050001 -0.039778
v -0.010585 -0.083000 -0.097609
v -0.010585 -0.083000 -0.094404
v -0.010585 -0.065000 -0.097609
v -0.010585 -0.065000 -0.094404
v -0.010585 0.065000 -0.097609
v -0.010585 0.065000 -0.094404
v -0.010585 0.083000 -0.097609
v -0.010585 0.083000 -0.094404
v -0.010335 -0.083000 -0.097242
v -0.010335 -0.083000 -0.094740
v -0.010335 -0.065000 -0.097242
v -0.010335 -0.065000 -0.094740
v -0.010335 0.065000 -0.097242
v -0.010335 0.065000 -0.094740
v -0.010335 0.083000 -0.097242
v -0.010335 0.083000 -0.094740
v -0.002764 0.068004 -0.040262
v -0.010158 -0.083000 -0.086348
v -0.010151 -0.083000 -0.096846
v -0.010151 -0.083000 -0.095137
v -0.010151 -0.065000 -0.096846
v -0.010151 -0.065000 -0.095137
v -0.010151 0.065000 -0.096846
v -0.010151 0.065000 -0.095137
v -0.010151 0.083000 -0.096846
v -0.010151 0.083000 -0.095137
v -0.010038 -0.083000 -0.096449
v -0.010038 -0.083000 -0.095564
v -0.010038 -0.065000 -0.096449
v -0.010038 -0.065000 -0.095564
v -0.010038 0.065000 -0.096449
v -0.010038 0.065000 -0.095564
v -0.010038 0.083000 -0.096449
v -0.010038 0.083000 -0.095564
v -0.010000 -0.083000 -0.095991
v -0.010000 -0.065000 -0.095991
v -0.010000 0.065000 -0.095991
v -0.010000 0.083000 -0.095991
v 0.001642 -0.082287 -0.110114
v -0.028270 -0.051119 -0.032710
v -0.009652 0.050001 -0.040999
v -0.008975 0.083000 -0.107405
v 0.003593 0.050017 -0.053697
v -0.001342 -0.019859 0.044139
v -0.007424 -0.069797 -0.035722
v -0.009909 -0.050042 -0.039788
v -0.007142 -0.083000 -0.107588
v -0.009244 0.004794 0.042760
v -0.012344 -0.028467 0.034436
v 0.004235 -0.070158 -0.048957
v -0.006745 -0.054820 -0.037733
v -0.006729 -0.006464 0.043474
v -0.006542 -0.069013 -0.037397
v -0.007004 -0.033407 0.037274
v -0.006210 0.081914 -0.130995
v -0.006285 -0.069097 -0.037458
v -0.006588 -0.052623 -0.037900
v -0.005325 -0.069116 -0.037882
v -0.004807 0.083000 -0.086348
v -0.004594 0.083000 -0.107802
v -0.004485 -0.083000 -0.086287
v -0.002674 -0.083000 -0.107954
v 0.008431 -0.082279 -0.108786
v -0.000793 0.034150 0.043901
v -0.000733 0.083000 -0.107893
v -0.000671 0.021423 0.044481
v -0.000663 0.070000 0.042803
v -0.000292 0.065980 0.043230
v -0.000228 0.070000 0.043169
v -0.000033 0.020835 0.045092
v 0.005271 0.079735 -0.083522
v 0.000285 -0.083000 -0.086378
v 0.000565 0.070000 0.043871
v 0.000259 0.016434 0.045578
v 0.000969 0.083000 -0.086287
v 0.001012 -0.018402 0.046068
v 0.001297 0.017711 0.046343
v 0.004413 0.051989 -0.048311
v 0.001546 -0.083000 -0.108015
v 0.001804 -0.070000 0.044970
v 0.002030 0.015786 0.046984
v 0.002179 0.070000 0.045275
v 0.002293 -0.014986 0.047241
v 0.002927 0.013150 0.047808
v 0.003363 -0.083000 -0.086439
v 0.003453 -0.070000 0.046312
v 0.003678 -0.003052 0.048925
v 0.003703 -0.010352 0.048479
v 0.003843 0.070000 0.046617
v 0.003888 0.083000 -0.107863
v 0.004053 -0.082796 -0.086012
v 0.004191 -0.008023 0.048906
v -0.005862 -0.052202 -0.039048
v 0.005149 -0.070000 0.047594
v 0.005554 0.070000 0.047899
v 0.005621 -0.083000 -0.107771
v 0.020304 0.051443 -0.057701
v 0.004884 -0.001895 0.049655
v 0.006276 0.083000 -0.107527
v 0.006310 -0.083000 -0.086470
v 0.006332 0.002618 0.050585
v 0.006370 -0.081752 -0.130995
v 0.006753 -0.002618 0.050859
v 0.006753 0.002618 0.050859
v 0.006890 -0.070000 0.048845
v 0.007310 0.070000 0.049120
v 0.013116 0.083000 -0.086456
v 0.007738 -0.002618 0.051500
v 0.018532 -0.050096 -0.060365
v 0.008056 -0.002618 0.051683
v 0.008675 -0.070000 0.050005
v 0.018152 -0.080187 -0.130995
v 0.009109 0.070000 0.050280
v 0.009258 -0.083000 -0.086500
v 0.008808 -0.000278 0.052208
v 0.009381 0.002618 0.052477
v 0.010086 0.080882 -0.127241
v 0.010000 -0.083000 -0.095991
v 0.010000 -0.065000 -0.095991
v 0.010000 0.065000 -0.095991
v 0.010000 0.083000 -0.095991
v 0.010038 -0.083000 -0.096449
v 0.010038 -0.083000 -0.095564
v 0.010038 -0.065000 -0.096449
v 0.010038 -0.065000 -0.095564
v 0.010038 0.065000 -0.096449
v 0.010038 0.065000 -0.095564
v 0.010038 0.083000 -0.096449
v 0.010038 0.083000 -0.095564
v 0.010079 0.002618 0.052874
v 0.010151 -0.083000 -0.096846
v 0.010151 -0.083000 -0.095137
v 0.010151 -0.065000 -0.096846
v 0.010151 -0.065000 -0.095137
v 0.010151 0.065000 -0.096846
v 0.010151 0.065000 -0.095137
v 0.010151 0.083000 -0.096846
v 0.010151 0.083000 -0.095137
v 0.010335 -0.083000 -0.097242
v 0.010335 -0.083000 -0.094740
v 0.010335 -0.065000 -0.097242
v 0.010335 -0.065000 -0.094740
v 0.010335 0.065000 -0.097242
v 0.010335 0.065000 -0.094740
v 0.010335 0.083000 -0.097242
v 0.010335 0.083000 -0.094740
v 0.010500 -0.070000 0.051104
v 0.010585 -0.083000 -0.097609
v 0.010585 -0.083000 -0.094404
v 0.010585 -0.065000 -0.097609
v 0.010585 -0.065000 -0.094404
v 0.010585 0.065000 -0.097609
v 0.010585 0.065000 -0.094404
v 0.010585 0.083000 -0.097609
v 0.010585 0.083000 -0.094404
v 0.010725 -0.002618 0.053240
v 0.010725 0.002618 0.053240
v 0.010792 -0.083000 -0.086348
v 0.010893 -0.083000 -0.097914
v 0.010893 -0.083000 -0.094099
v 0.010893 -0.065000 -0.097914
v 0.010893 -0.065000 -0.094099
v 0.010893 0.065000 -0.097914
v 0.010893 0.065000 -0.094099
v 0.010893 0.083000 -0.097914
v 0.010893 0.083000 -0.094099
v 0.010948 0.070000 0.051348
v 0.011250 -0.083000 -0.098158
v 0.011250 -0.083000 -0.093824
v 0.011250 -0.065000 -0.098158
v 0.011250 -0.065000 -0.093824
v 0.011250 0.065000 -0.098158
v 0.011250 0.065000 -0.093824
v 0.011250 0.083000 -0.098158
v 0.011250 0.083000 -0.093824
v 0.011645 -0.083000 -0.098341
v 0.011645 -0.083000 -0.093641
v 0.011645 -0.065000 -0.098341
v 0.011645 -0.065000 -0.093641
v 0.011645 0.065000 -0.098341
v 0.011645 0.065000 -0.093641
v 0.011645 0.083000 -0.098341
v 0.011645 0.083000 -0.093641
v 0.010146 0.082721 -0.107517
v 0.012109 -0.000241 0.054041
v 0.012066 -0.083000 -0.098463
v 0.012066 -0.083000 -0.093550
v 0.012066 -0.065000 -0.098463
v 0.012066 -0.065000 -0.093550
v 0.012066 0.065000 -0.098463
v 0.012066 0.065000 -0.093550
v 0.012066 0.083000 -0.098463
v 0.012066 0.083000 -0.093550
v 0.012364 -0.070000 0.052141
v 0.012500 -0.083000 -0.098494
v 0.012500 -0.083000 -0.093489
v 0.012500 -0.065000 -0.098494
v 0.012500 -0.065000 -0.093489
v 0.012500 -0.063498 -0.095991
v 0.012500 0.063498 -0.095991
v 0.012500 0.065000 -0.098494
v 0.012500 0.065000 -0.093489
v 0.012500 0.083000 -0.098494
v 0.012500 0.083000 -0.093489
v 0.014192 -0.082938 -0.106621
v 0.012685 -0.002618 0.054277
v 0.012826 0.070000 0.052355
v 0.012934 -0.083000 -0.098463
v 0.012934 -0.083000 -0.093550
v 0.012934 -0.065000 -0.098463
v 0.012934 -0.065000 -0.093550
v 0.012934 0.065000 -0.098463
v 0.012934 0.065000 -0.093550
v 0.012934 0.083000 -0.098463
v 0.012934 0.083000 -0.093550
v 0.013355 -0.083000 -0.098341
v 0.013355 -0.083000 -0.093641
v 0.013355 -0.065000 -0.098341
v 0.013355 -0.065000 -0.093641
v 0.013355 0.065000 -0.098341
v 0.013355 0.065000 -0.093641
v 0.013355 0.083000 -0.098341
v 0.013355 0.083000 -0.093641
v 0.013470 0.002618 0.054674
v 0.013484 -0.002618 0.054674
v 0.013750 -0.083000 -0.098158
v 0.013750 -0.083000 -0.093824
v 0.013750 -0.065000 -0.098158
v 0.013750 -0.065000 -0.093824
v 0.013750 0.065000 -0.098158
v 0.013750 0.065000 -0.093824
v 0.013750 0.083000 -0.098158
v 0.013750 0.083000 -0.093824
v 0.007476 -0.050012 -0.055452
v 0.014139 -0.082909 -0.086180
v 0.013983 0.002618 0.054918
v 0.014107 -0.083000 -0.097914
v 0.014107 -0.083000 -0.094099
v 0.014107 -0.065000 -0.097914
v 0.014107 -0.065000 -0.094099
v 0.014107 0.065000 -0.097914
v 0.014107 0.065000 -0.094099
v 0.014107 0.083000 -0.097914
v 0.014107 0.083000 -0.094099
v 0.014264 -0.070000 0.053087
v 0.014415 -0.083000 -0.097609
v 0.014415 -0.083000 -0.094404
v 0.014415 -0.065000 -0.097609
v 0.014415 -0.065000 -0.094404
v 0.014415 0.065000 -0.097609
v 0.014415 0.065000 -0.094404
v 0.014415 0.083000 -0.097609
v 0.014415 0.083000 -0.094404
v 0.014665 -0.083000 -0.097242
v 0.014665 -0.083000 -0.094740
v 0.014665 -0.065000 -0.097242
v 0.014665 -0.065000 -0.094740
v 0.014665 0.065000 -0.097242
v 0.014665 0.065000 -0.094740
v 0.014665 0.083000 -0.097242
v 0.014665 0.083000 -0.094740
v 0.014739 0.070000 0.053331
v 0.014849 -0.083000 -0.096846
v 0.014849 -0.083000 -0.095137
v 0.014849 -0.065000 -0.096846
v 0.014849 -0.065000 -0.095137
v 0.014849 0.065000 -0.096846
v 0.014849 0.065000 -0.095137
v 0.014849 0.083000 -0.096846
v 0.014849 0.083000 -0.095137
v 0.014867 -0.002618 0.055315
v 0.014868 0.002618 0.055315
v 0.014962 -0.083000 -0.096449
v 0.014962 -0.083000 -0.095564
v 0.014962 -0.065000 -0.096449
v 0.014962 -0.065000 -0.095564
v 0.014962 0.065000 -0.096449
v 0.014962 0.065000 -0.095564
v 0.014962 0.083000 -0.096449
v 0.014962 0.083000 -0.095564
v 0.015000 -0.083000 -0.095991
v 0.015000 -0.065000 -0.095991
v 0.015000 0.065000 -0.095991
v 0.015000 0.083000 -0.095991
v 0.015573 0.000124 0.055703
v 0.016197 -0.070000 0.053972
v 0.016282 -0.002618 0.055956
v 0.016685 0.070000 0.054186
v 0.016200 0.082729 -0.105899
v 0.021470 0.079578 -0.105186
v 0.004549 0.067769 -0.046208
v 0.017712 0.002618 0.056536
v 0.018038 0.081217 -0.087630
v 0.018072 -0.082750 -0.104642
v 0.018247 -0.000264 0.056805
v 0.018162 -0.070000 0.054796
v 0.020088 -0.083023 -0.089217
v 0.018661 0.070000 0.055010
v 0.019460 -0.079783 -0.107290
v 0.019156 -0.002618 0.057085
v 0.019156 0.002618 0.057085
v 0.019561 -0.002618 0.057238
v 0.014460 -0.053146 -0.053909
v 0.020155 -0.070000 0.055559
v 0.020613 -0.002618 0.057604
v 0.020455 0.002607 0.057551
v 0.020666 0.070000 0.055742
v 0.033801 0.050114 -0.064320
v 0.021455 0.002618 0.057878
v 0.021548 -0.002618 0.057909
v 0.022083 -0.002618 0.058062
v 0.022131 0.002618 0.058092
v 0.022174 -0.070000 0.056230
v 0.021955 0.082994 -0.099458
v 0.022506 -0.083018 -0.098084
v 0.022696 0.070000 0.056414
v 0.023769 -0.079764 -0.091407
v 0.023566 0.002618 0.058489
v 0.021947 0.080644 -0.091484
v 0.023880 0.078446 -0.130995
v 0.024216 -0.070000 0.056841
v 0.023777 0.000075 0.058626
v 0.024749 0.070000 0.056993
v 0.025058 -0.002618 0.058886
v 0.025058 0.002618 0.058886
v 0.025868 -0.002618 0.059099
v 0.011272 -0.076481 -0.082091
v 0.026279 -0.070000 0.057390
v 0.027250 0.000293 0.059458
v 0.026560 -0.002618 0.059252
v 0.026821 0.070000 0.057512
v 0.028071 0.002618 0.059587
v 0.028359 -0.070000 0.057848
v 0.028579 0.002618 0.059679
v 0.034008 0.074856 -0.130995
v 0.028911 0.070000 0.057939
v 0.029589 -0.002618 0.059862
v 0.029589 0.002618 0.059862
v 0.030321 -0.002620 0.059984
v 0.030455 -0.070000 0.058214
v 0.030747 0.002618 0.060045
v 0.031015 0.070000 0.058306
v 0.031114 -0.002618 0.060106
v 0.031114 0.002618 0.060106
v 0.030637 -0.052925 -0.059148
v 0.027679 0.069412 -0.057518
v 0.026553 0.077185 -0.086143
v 0.044919 -0.069999 -0.059681
v 0.032563 -0.070000 0.058519
v 0.031669 0.000389 0.060249
v 0.042300 0.052445 -0.060095
v 0.033132 0.070000 0.058611
v 0.034181 0.002618 0.060472
v 0.022925 -0.077433 -0.083748
v 0.034281 -0.002612 0.060503
v 0.034681 -0.070000 0.058763
v 0.035115 0.002618 0.060564
v 0.035257 0.070000 0.058794
v 0.035720 -0.002618 0.060625
v 0.035720 0.002618 0.060625
v 0.035892 0.000340 0.060682
v 0.036806 -0.070000 0.058916
v 0.037262 -0.002618 0.060717
v 0.037388 0.070000 0.058947
v 0.038806 0.002618 0.060747
v 0.038935 -0.070000 0.058977
v 0.039523 0.070000 0.059008
v 0.039458 -0.000128 0.060810
v 0.040000 -0.002618 0.060778
v 0.040263 0.002618 0.060778
v 0.040575 -0.057732 -0.080153
v 0.040575 0.057519 -0.080122
v 0.040576 -0.057271 -0.080030
v 0.044715 0.057807 -0.080278
v 0.040577 -0.058073 -0.080244
v 0.040577 0.057174 -0.080000
v 0.040578 -0.056969 -0.079939
v 0.040578 -0.052524 -0.077070
v 0.040578 -0.052265 -0.076765
v 0.040578 -0.052121 -0.076582
v 0.040578 -0.051749 -0.076063
v 0.040578 -0.051403 -0.075514
v 0.040578 -0.051294 -0.075331
v 0.040578 -0.051094 -0.074965
v 0.040578 -0.050904 -0.074568
v 0.040578 -0.050822 -0.074385
v 0.040578 -0.050581 -0.073774
v 0.040578 -0.050394 -0.073195
v 0.040578 -0.050327 -0.072950
v 0.040578 -0.050236 -0.072584
v 0.040578 -0.050145 -0.072126
v 0.040578 -0.050118 -0.071943
v 0.040578 -0.050036 -0.071272
v 0.040578 -0.050004 -0.070692
v 0.040578 0.050000 -0.070417
v 0.040578 0.050004 -0.070662
v 0.040578 0.050036 -0.071272
v 0.040578 0.050128 -0.072035
v 0.040578 0.050239 -0.072584
v 0.040578 0.050327 -0.072950
v 0.040578 0.050398 -0.073225
v 0.041899 0.050463 -0.073440
v 0.040578 0.050822 -0.074385
v 0.040578 0.050904 -0.074568
v 0.040578 0.051095 -0.074965
v 0.040578 0.051294 -0.075331
v 0.040578 0.051404 -0.075514
v 0.040578 0.051749 -0.076063
v 0.040578 0.052122 -0.076582
v 0.040578 0.052264 -0.076765
v 0.040578 0.052525 -0.077070
v 0.040578 0.052840 -0.077406
v 0.040579 0.058046 -0.080214
v 0.040581 -0.056493 -0.079786
v 0.040581 0.056734 -0.079878
v 0.040581 0.058264 -0.080275
v 0.040582 -0.052836 -0.077406
v 0.040584 0.058602 -0.080337
v 0.040585 -0.052956 -0.077528
v 0.040585 0.056381 -0.079756
v 0.040585 0.059303 -0.080397
v 0.040586 -0.054848 -0.078993
v 0.040586 0.055628 -0.079420
v 0.040587 -0.059336 -0.080397
v 0.040587 -0.055204 -0.079207
v 0.040587 0.055023 -0.079084
v 0.040587 0.056079 -0.079634
v 0.040588 -0.058916 -0.080366
v 0.040608 0.054406 -0.078717
v 0.040588 0.055380 -0.079298
v 0.040591 -0.055571 -0.079390
v 0.040591 -0.054179 -0.078566
v 0.040591 0.054137 -0.078535
v 0.040593 -0.053260 -0.077803
v 0.040656 -0.053706 -0.078208
v 0.040595 0.053928 -0.078352
v 0.040596 -0.053463 -0.077986
v 0.040596 0.053702 -0.078199
v 0.040599 0.053437 -0.077955
v 0.040614 -0.058539 -0.080305
v 0.041065 -0.070000 0.058977
v 0.040647 -0.002765 0.060761
v 0.041658 0.070000 0.058977
v 0.042650 -0.000124 0.060756
v 0.041812 -0.002618 0.060747
v 0.043492 0.054990 -0.079127
v 0.041990 0.051401 -0.075636
v 0.043863 -0.051894 -0.076351
v 0.042612 -0.050169 -0.072693
v 0.042644 0.053219 -0.077800
v 0.043194 -0.070000 0.058916
v 0.043360 0.002618 0.060686
v 0.043613 -0.054399 -0.078814
v 0.043792 0.070000 0.058886
v 0.043905 0.002618 0.060625
v 0.036964 -0.073427 -0.130995
v 0.044625 0.068794 -0.130995
v 0.044906 -0.002618 0.060564
v 0.044906 0.002618 0.060564
v 0.036313 -0.073503 -0.086029
v 0.032382 0.073738 -0.081918
v 0.044462 -0.056318 -0.079817
v 0.045061 -0.051503 -0.059782
v 0.045319 -0.070000 0.058763
v 0.046330 0.000057 0.060480
v 0.045920 0.070000 0.058702
v 0.046449 -0.002618 0.060411
v 0.046743 -0.067373 -0.130995
v 0.046743 0.067373 -0.130995
v 0.046963 -0.002618 0.060350
v 0.046963 0.002618 0.060350
v 0.038477 -0.050024 -0.064113
v 0.047437 -0.070000 0.058519
v 0.047912 -0.002614 0.060259
v 0.048040 0.070000 0.058458
v 0.048270 0.002603 0.060198
v 0.045223 0.049998 -0.071364
v 0.049521 0.002618 0.060015
v 0.049545 -0.070000 0.058214
v 0.050497 -0.000146 0.059890
v 0.055705 -0.050784 -0.077343
v 0.050150 0.070000 0.058123
v 0.049424 0.051360 -0.076194
v 0.051048 -0.002618 0.059740
v 0.051048 0.002618 0.059740
v 0.051641 -0.070000 0.057848
v 0.051989 -0.002618 0.059557
v 0.052247 0.070000 0.057726
v 0.052567 -0.002618 0.059465
v 0.053301 0.000464 0.059324
v 0.052731 0.069945 -0.058576
v 0.053721 -0.070000 0.057390
v 0.054079 0.002618 0.059099
v 0.054328 0.070000 0.057238
v 0.054714 0.002619 0.058947
v 0.051857 -0.065067 -0.130806
v 0.055582 -0.002618 0.058733
v 0.055582 0.002618 0.058733
v 0.055784 -0.070000 0.056841
v 0.055889 0.050549 -0.076490
v 0.056256 -0.002618 0.058550
v 0.055481 -0.002392 0.058780
v 0.058146 0.053218 -0.081700
v 0.056390 0.070000 0.056688
v 0.067287 0.050495 -0.054983
v 0.056989 0.002618 0.058336
v 0.057074 -0.002618 0.058306
v 0.057826 -0.070000 0.056230
v 0.060855 -0.055018 -0.090416
v 0.058430 0.070000 0.056047
v 0.049561 0.065843 -0.089653
v 0.058556 0.002618 0.057848
v 0.059016 0.000151 0.057754
v 0.059845 -0.070000 0.055559
v 0.060025 -0.002618 0.057360
v 0.060025 0.002618 0.057360
v 0.059315 -0.055499 -0.084128
v 0.060446 0.070000 0.055345
v 0.065390 0.049075 -0.073117
v 0.060824 -0.000664 0.057142
v 0.061481 -0.002618 0.056841
v 0.061790 0.002618 0.056719
v 0.061838 -0.070000 0.054796
v 0.062436 0.070000 0.054583
v 0.062581 -0.002617 0.056408
v 0.060046 0.055917 -0.089317
v 0.063138 0.002477 0.056183
v 0.063254 -0.002618 0.056139
v 0.062908 -0.049632 -0.078648
v 0.058210 0.058265 -0.130995
v 0.063803 -0.070000 0.053972
v 0.064351 0.002618 0.055681
v 0.064396 0.070000 0.053728
v 0.064577 -0.000280 0.055620
v 0.065736 -0.070000 0.053087
v 0.065762 -0.002618 0.055040
v 0.065762 0.002618 0.055040
v 0.065481 -0.049357 -0.085735
v 0.066324 0.070000 0.052813
v 0.068378 -0.051064 -0.054119
v 0.067001 -0.000061 0.054495
v 0.066638 -0.047785 -0.130995
v 0.067157 -0.002618 0.054369
v 0.069922 0.042965 -0.081002
v 0.067636 -0.070000 0.052141
v 0.069907 -0.042957 -0.130995
v 0.068218 0.070000 0.051805
v 0.068498 -0.002618 0.053667
v 0.068534 0.002618 0.053636
v 0.069180 0.002618 0.053301
v 0.069298 -0.002618 0.053240
v 0.069500 -0.070000 0.051104
v 0.069893 0.002618 0.052904
v 0.070074 0.070000 0.050768
v 0.070197 0.045526 -0.058210
v 0.070769 0.000027 0.052469
v 0.073302 0.037058 -0.073491
v 0.071232 -0.002618 0.052111
v 0.071325 -0.070000 0.050005
v 0.065757 -0.069794 -0.052761
v 0.071892 0.070000 0.049639
v 0.072262 -0.002618 0.051500
v 0.072551 -0.002618 0.051317
v 0.072670 0.002614 0.051226
v 0.069620 -0.044371 -0.065844
v 0.073110 -0.070000 0.048845
v 0.073235 -0.036886 -0.130995
v 0.073224 0.037559 -0.130995
v 0.076608 0.037936 -0.050257
v 0.071451 0.053125 -0.051084
v 0.073667 0.070000 0.048449
v 0.073848 0.002618 0.050463
v 0.074089 0.000262 0.050367
v 0.069951 0.045448 -0.059998
v 0.074347 -0.034590 -0.130995
v 0.073972 -0.035693 -0.080968
v 0.074851 -0.070000 0.047594
v 0.079754 0.021820 -0.069084
v 0.075124 -0.002618 0.049578
v 0.075124 0.002618 0.049578
v 0.075387 -0.032262 -0.130995
v 0.075398 0.070000 0.047197
v 0.076817 -0.031609 -0.062857
v 0.071843 -0.050791 -0.051400
v 0.076354 -0.029901 -0.130995
v 0.076402 -0.000214 0.048700
v 0.076544 -0.002618 0.048540
v 0.076547 -0.070000 0.046312
v 0.077083 0.070000 0.045885
v 0.077247 -0.027512 -0.130995
v 0.077606 0.002618 0.047716
v 0.078002 -0.025294 -0.130995
v 0.078002 -0.025294 -0.104475
v 0.078121 0.024947 -0.130995
v 0.076111 0.030718 -0.081020
v 0.081601 0.034953 -0.043399
v 0.078117 -0.024956 -0.130995
v 0.078165 -0.024814 -0.104780
v 0.078627 -0.000195 0.046987
v 0.074568 -0.069812 -0.048391
v 0.078196 -0.070000 0.044970
v 0.078216 0.024688 -0.104872
v 0.077129 -0.027661 -0.088674
v 0.080361 -0.016616 -0.102335
v 0.079777 0.019318 -0.093043
v 0.078427 -0.024140 -0.105085
v 0.078501 -0.023974 -0.130995
v 0.078720 0.070000 0.044512
v 0.078811 -0.002618 0.046770
v 0.078811 0.002618 0.046770
v 0.078860 -0.023198 -0.105818
v 0.078953 -0.023021 -0.130995
v 0.079429 0.021833 -0.105694
v 0.077001 0.069976 -0.045893
v 0.079338 -0.002618 0.046312
v 0.080358 -0.025639 -0.052873
v 0.079794 -0.070000 0.043566
v 0.079934 0.002618 0.045793
v 0.079990 -0.002618 0.045763
v 0.078080 -0.036292 -0.048432
v 0.080306 0.070000 0.043077
v 0.081663 -0.010571 -0.074723
v 0.080220 0.016883 -0.102411
v 0.080859 -0.017529 -0.105149
v 0.081144 0.002618 0.044725
v 0.081341 -0.070000 0.042101
v 0.080430 -0.020641 -0.130995
v 0.081416 -0.000340 0.044534
v 0.081608 0.012847 -0.104322
v 0.081778 -0.006877 -0.102120
v 0.081053 0.012774 -0.101990
v 0.081838 0.070000 0.041613
v 0.082031 0.003514 -0.102185
v 0.082300 0.003474 -0.077872
v 0.083512 -0.017560 -0.130384
v 0.084236 0.069999 -0.039129
v 0.081886 -0.012698 -0.064781
v 0.082271 0.002618 0.043657
v 0.082294 -0.002616 0.043627
v 0.085960 0.003412 -0.105024
v 0.083629 0.016743 -0.106925
v 0.082834 -0.070000 0.040575
v 0.082967 -0.002618 0.042955
v 0.083317 0.070000 0.040056
v 0.083363 -0.002617 0.042559
v 0.083939 0.000157 0.042029
v 0.082146 0.015340 -0.060319
v 0.083070 0.000643 -0.063868
v 0.084271 -0.070000 0.038988
v 0.084441 -0.002618 0.041429
v 0.084441 0.002618 0.041429
v 0.084612 0.002618 0.041246
v 0.084738 0.070000 0.038469
v 0.096245 0.010746 -0.107970
v 0.086542 -0.007100 -0.043586
v 0.085250 0.000000 -0.130995
v 0.085290 -0.000730 -0.130995
v 0.085290 0.000730 -0.130995
v 0.085500 -0.001870 -0.130995
v 0.085408 0.001451 -0.130995
v 0.085483 0.002618 0.040300
v 0.085098 -0.001135 -0.131913
v 0.085539 -0.002618 0.040239
v 0.085603 0.002155 -0.130995
v 0.085650 -0.070000 0.037371
v 0.081626 0.019578 -0.130885
v 0.087227 0.015541 -0.037914
v 0.086076 0.002618 0.039629
v 0.086101 0.070000 0.036821
v 0.086030 -0.003170 -0.130995
v 0.086011 0.003139 -0.130995
v 0.086496 -0.002618 0.039110
v 0.086496 0.002618 0.039110
v 0.082172 0.020724 -0.051754
v 0.086626 -0.004085 -0.130995
v 0.085586 -0.016025 -0.107613
v 0.087075 -0.069999 -0.035511
v 0.086970 -0.070000 0.035692
v 0.086804 0.000046 0.038832
v 0.088328 -0.005658 -0.131229
v 0.088164 -0.002223 -0.037428
v 0.087403 0.070000 0.035143
v 0.086419 -0.019772 -0.038718
v 0.088243 0.005780 -0.131538
v 0.087478 -0.002618 0.037920
v 0.086597 0.004159 -0.131100
v 0.088212 0.005587 -0.130995
v 0.088228 -0.070000 0.033983
v 0.088429 0.002618 0.036699
v 0.088643 0.070000 0.033403
v 0.088809 -0.000033 0.036281
v 0.088028 0.070000 -0.034232
v 0.089296 0.001630 -0.035614
v 0.089349 -0.002618 0.035448
v 0.089349 0.002618 0.035448
v 0.089423 -0.070000 -0.032209
v 0.089423 -0.070000 0.032213
v 0.089670 -0.002618 0.034990
v 0.089820 0.070000 0.031603
v 0.090089 0.070000 -0.031172
v 0.090237 -0.002618 0.034197
v 0.091694 0.006912 -0.131493
v 0.090555 -0.070000 -0.030409
v 0.090555 -0.070000 0.030413
v 0.090626 0.000688 0.033686
v 0.089467 -0.007682 -0.135559
v 0.090931 0.070000 0.029772
v 0.091582 -0.000594 -0.032219
v 0.090976 0.002618 -0.033064
v 0.091093 -0.002618 0.032885
v 0.091093 0.002618 0.032885
v 0.091185 0.070000 -0.029341
v 0.091309 0.002618 0.032549
v 0.091620 -0.070000 -0.028578
v 0.091620 -0.070000 0.028582
v 0.085484 0.003976 -0.139544
v 0.091803 -0.002618 -0.031752
v 0.091803 0.002618 -0.031752
v 0.091915 0.002618 0.031572
v 0.091975 0.070000 0.027910
v 0.092066 -0.002618 -0.031324
v 0.092213 0.070000 -0.027479
v 0.092274 0.000064 0.031071
v 0.092596 -0.002618 -0.030439
v 0.092618 -0.070000 -0.026686
v 0.092618 -0.070000 0.026689
v 0.092648 0.002618 -0.030348
v 0.092703 -0.002618 0.030230
v 0.092703 0.002618 0.030230
v 0.092952 0.070000 0.026018
v 0.096402 -0.005214 -0.139660
v 0.095325 -0.006124 -0.131524
v 0.093163 -0.002618 -0.029432
v 0.093163 -0.002618 0.029436
v 0.093173 0.070000 -0.025557
v 0.093354 -0.002618 -0.029066
v 0.093354 0.002618 -0.029066
v 0.093457 -0.002618 0.028887
v 0.093494 0.002618 0.028826
v 0.093547 -0.070000 -0.024763
v 0.093547 -0.070000 0.024767
v 0.094052 0.000172 -0.027883
v 0.093859 0.070000 0.024095
v 0.094064 0.070000 -0.023634
v 0.094079 0.002618 -0.027723
v 0.094176 0.002618 0.027513
v 0.094326 -0.000076 0.027354
v 0.094406 -0.070000 -0.022810
v 0.094406 -0.070000 0.022814
v 0.094695 0.070000 0.022112
v 0.094766 0.002618 -0.026320
v 0.094768 -0.002618 -0.026320
v 0.094860 -0.002618 0.026140
v 0.094860 0.002618 0.026140
v 0.094883 0.070000 -0.021650
v 0.095148 -0.002618 -0.025526
v 0.095148 -0.002618 0.025499
v 0.095195 -0.070000 -0.020857
v 0.095195 -0.070000 0.020830
v 0.095421 -0.002618 -0.024916
v 0.095421 0.002618 -0.024916
v 0.095460 0.070000 0.020128
v 0.095496 0.002616 0.024736
v 0.095508 -0.002618 0.024706
v 0.099332 0.010198 -0.130806
v 0.095631 0.070000 -0.019667
v 0.095826 0.000042 -0.024122
v 0.095744 -0.001669 -0.106764
v 0.095912 -0.070000 -0.018843
v 0.095912 -0.070000 0.018846
v 0.096038 0.002618 -0.023481
v 0.096152 0.070000 0.018114
v 0.096306 0.070000 -0.017622
v 0.096013 0.000230 0.023680
v 0.096532 -0.004659 -0.131910
v 0.096555 -0.070000 -0.016798
v 0.096555 -0.070000 0.016802
v 0.097183 0.000112 -0.020725
v 0.096619 -0.002618 -0.022047
v 0.096696 0.002618 0.021868
v 0.096697 -0.002618 0.021868
v 0.096771 0.070000 0.016069
v 0.096907 0.070000 -0.015577
v 0.097001 -0.000728 0.021155
v 0.096904 -0.008765 -0.109850
v 0.097125 -0.070000 -0.014753
v 0.097125 -0.070000 0.014757
v 0.097163 -0.002618 -0.020613
v 0.097163 0.002618 -0.020613
v 0.097203 0.002612 0.020494
v 0.097235 -0.002618 0.020403
v 0.097294 0.002618 -0.020247
v 0.097315 -0.003757 -0.131910
v 0.097315 0.070000 0.013994
v 0.096811 0.004953 -0.139720
v 0.097433 0.070000 -0.013502
v 0.098360 -0.000715 -0.139598
v 0.097584 -0.002618 0.019396
v 0.097621 -0.070000 -0.012678
v 0.097621 -0.070000 0.012682
v 0.097627 -0.002618 -0.019270
v 0.097670 0.002618 -0.019148
v 0.097737 -0.002618 0.018938
v 0.097784 0.070000 0.011919
v 0.097955 0.000787 0.018392
v 0.097884 0.070000 -0.011427
v 0.097995 0.002618 -0.018141
v 0.097776 -0.003329 -0.131913
v 0.098002 -0.002618 -0.018110
v 0.098041 -0.070000 -0.010603
v 0.098041 -0.070000 0.010607
v 0.098139 0.002618 -0.017653
v 0.098177 0.070000 0.009813
v 0.098201 0.002618 0.017473
v 0.098260 0.070000 -0.009321
v 0.098386 -0.070000 -0.008497
v 0.098386 -0.070000 0.008501
v 0.098433 0.003596 -0.131624
v 0.098495 0.070000 0.007708
v 0.098559 0.070000 -0.007216
v 0.098571 -0.002618 -0.016188
v 0.098385 -0.000105 -0.017009
v 0.098628 -0.002618 0.015978
v 0.098628 0.002618 0.015978
v 0.098654 -0.070000 -0.006392
v 0.098654 -0.070000 0.006365
v 0.098735 0.070000 0.005571
v 0.098615 -0.000221 0.016207
v 0.098781 0.070000 -0.005079
v 0.098833 -0.002618 0.015184
v 0.098842 -0.002618 -0.015150
v 0.098846 -0.070000 -0.004255
v 0.098846 -0.070000 0.004259
v 0.098899 0.070000 0.003466
v 0.098926 0.070000 -0.002943
v 0.098962 -0.070000 -0.002119
v 0.098962 -0.070000 0.002123
v 0.098964 -0.002618 -0.014692
v 0.098964 0.002618 -0.014692
v 0.098985 0.070000 0.001329
v 0.098994 0.070000 -0.000807
v 0.099000 -0.070000 -0.000013
v 0.099000 0.070000 -0.000013
v 0.099016 -0.002618 0.014482
v 0.099239 -0.000017 -0.013752
v 0.099319 0.002618 -0.013166
v 0.095740 -0.011501 -0.107720
v 0.099366 0.002618 0.012957
v 0.099380 0.000275 0.013136
v 0.099512 0.002618 0.012285
v 0.099636 -0.002618 -0.011641
v 0.102176 -0.003840 -0.129870
v 0.099677 -0.002618 0.011431
v 0.099677 0.002618 0.011431
v 0.099611 -0.009469 -0.130995
v 0.099855 0.000198 -0.010771
v 0.099777 -0.002618 0.010912
v 0.099914 -0.002618 -0.010145
v 0.099914 0.002618 -0.010145
v 0.099949 -0.002618 0.009905
v 0.100002 0.002618 -0.009596
v 0.100147 -0.002615 -0.008650
v 0.100153 0.002618 -0.008589
v 0.100165 -0.002614 0.008532
v 0.100183 0.002618 0.008379
v 0.100244 0.002618 0.007952
v 0.100310 0.002618 -0.007429
v 0.100352 0.002618 -0.007063
v 0.100377 0.002618 0.006853
v 0.100231 -0.000114 0.008481
v 0.100492 0.002618 0.005754
v 0.100513 -0.002618 -0.005537
v 0.100441 0.000133 -0.006768
v 0.100532 -0.002618 0.005297
v 0.100532 0.002618 0.005297
v 0.100606 -0.002618 -0.004377
v 0.100634 -0.002618 -0.003981
v 0.100634 0.002618 -0.003981
v 0.100648 -0.002618 0.003771
v 0.100655 -0.000056 0.004375
v 0.100732 -0.000258 -0.003049
v 0.100716 0.002618 -0.002424
v 0.100811 -0.000150 0.001045
v 0.100724 0.002618 0.002214
v 0.100758 -0.002618 -0.000868
v 0.100758 0.002618 -0.000868
v 0.100761 -0.002618 0.000658
v 0.100761 0.002618 0.000658
v 0.100764 -0.002618 -0.000013
v 0.100764 0.002618 -0.000013
vn 0.0000 1.0000 0.0000
vn -0.4963 0.8566 0.1413
vn -0.4963 0.8566 0.1413
vn 0.0000 1.0000 0.0000
vn -0.5145 0.8564 0.0427
vn -0.5145 0.8564 0.0427
vn 0.0000 1.0000 0.0000
vn -0.3627 0.8569 0.3662
vn -0.3627 0.8569 0.3662
vn 0.0000 1.0000 0.0000
vn -0.4264 0.8566 0.2905
vn -0.4264 0.8566 0.2905
vn 0.0000 1.0000 0.0000
vn -0.4683 0.8563 0.2176
vn -0.4683 0.8563 0.2176
vn 0.0000 1.0000 0.0000
vn -0.1435 0.8567 0.4954
vn -0.1435 0.8567 0.4954
vn 0.0000 1.0000 0.0000
vn -0.2170 0.8564 0.4684
vn -0.2170 0.8564 0.4684
vn 0.0000 1.0000 0.0000
vn -0.2911 0.8567 0.4259
vn -0.2911 0.8567 0.4259
vn 0.0000 1.0000 0.0000
vn 0.1435 0.8567 0.4954
vn 0.1435 0.8567 0.4954
vn 0.0000 1.0000 0.0000
vn 0.0367 0.8569 0.5142
vn 0.0367 0.8569 0.5142
vn 0.0000 1.0000 0.0000
vn -0.0367 0.8569 0.5142
vn -0.0367 0.8569 0.5142
vn 0.0000 1.0000 0.0000
vn 0.3627 0.8569 0.3662
vn 0.3627 0.8569 0.3662
vn 0.0000 1.0000 0.0000
vn 0.2911 0.8567 0.4259
vn 0.2911 0.8567 0.4259
vn 0.0000 1.0000 0.0000
vn 0.2170 0.8564 0.4684
vn 0.2170 0.8564 0.4684
vn 0.0000 1.0000 0.0000
vn 0.4963 0.8566 0.1413
vn 0.4963 0.8566 0.1413
vn 0.0000 1.0000 0.0000
vn 0.4683 0.8563 0.2176
vn 0.4683 0.8563 0.2176
vn 0.0000 1.0000 0.0000
vn 0.4264 0.8566 0.2905
vn 0.4264 0.8566 0.2905
vn 0.0000 1.0000 0.0000
vn 0.4994 0.8562 -0.1322
vn 0.4994 0.8562 -0.1322
vn 0.0000 1.0000 0.0000
vn 0.5145 0.8563 -0.0458
vn 0.5145 0.8563 -0.0458
vn 0.0000 1.0000 0.0000
vn 0.5145 0.8564 0.0427
vn 0.5145 0.8564 0.0427
vn 0.0000 1.0000 0.0000
vn 0.3650 0.8549 -0.3686
vn 0.3650 0.8549 -0.3686
vn 0.0000 1.0000 0.0000
vn 0.4152 0.8557 -0.3089
vn 0.4152 0.8557 -0.3089
vn 0.0000 1.0000 0.0000
vn 0.4686 0.8563 -0.2172
vn 0.4686 0.8563 -0.2172
vn 0.0000 1.0000 0.0000
vn 0.1095 0.8551 -0.5067
vn 0.1095 0.8551 -0.5067
vn 0.0000 1.0000 0.0000
vn 0.2170 0.8564 -0.4684
vn 0.2170 0.8564 -0.4684
vn 0.0000 1.0000 0.0000
vn 0.3162 0.8553 -0.4105
vn 0.3162 0.8553 -0.4105
vn 0.0000 1.0000 0.0000
vn -0.1095 0.8551 -0.5067
vn -0.1095 0.8551 -0.5067
vn 0.0000 1.0000 0.0000
vn -0.0722 0.8551 -0.5134
vn -0.0722 0.8551 -0.5134
vn 0.0000 1.0000 0.0000
vn 0.0722 0.8551 -0.5134
vn 0.0722 0.8551 -0.5134
vn 0.0000 1.0000 0.0000
vn -0.3650 0.8549 -0.3686
vn -0.3650 0.8549 -0.3686
vn 0.0000 1.0000 0.0000
vn -0.3162 0.8553 -0.4105
vn -0.3162 0.8553 -0.4105
vn 0.0000 1.0000 0.0000
vn -0.2170 0.8564 -0.4684
vn -0.2170 0.8564 -0.4684
vn 0.0000 1.0000 0.0000
vn -0.4994 0.8562 -0.1322
vn -0.4994 0.8562 -0.1322
vn 0.0000 1.0000 0.0000
vn -0.4686 0.8563 -0.2172
vn -0.4686 0.8563 -0.2172
vn 0.0000 1.0000 0.0000
vn -0.4152 0.8557 -0.3089
vn -0.4152 0.8557 -0.3089
vn 0.0000 1.0000 0.0000
vn -0.5145 0.8563 -0.0458
vn -0.5145 0.8563 -0.0458
vn 0.9495 0.2840 0.1334
vn 0.9533 0.3005 -0.0306
vn 0.9959 0.0864 0.0267
vn 0.9959 0.0864 0.0267
vn 0.9750 0.0890 0.2038
vn 0.9495 0.2840 0.1334
vn 0.9618 0.0000 0.2738
vn 0.9495 0.2840 0.1334
vn 0.9750 0.0890 0.2038
vn 0.9750 0.0890 0.2038
vn 0.9240 0.0866 0.3724
vn 0.9618 0.0000 0.2738
vn 0.8507 0.2656 0.4535
vn 0.9069 0.0000 0.4214
vn 0.9240 0.0866 0.3724
vn 0.9240 0.0866 0.3724
vn 0.8530 0.0871 0.5146
vn 0.8507 0.2656 0.4535
vn 0.7631 0.2563 0.5933
vn 0.8507 0.2656 0.4535
vn 0.8530 0.0871 0.5146
vn 0.8530 0.0871 0.5146
vn 0.7466 0.0879 0.6595
vn 0.7631 0.2563 0.5933
vn 0.7036 0.0000 0.7106
vn 0.7631 0.2563 0.5933
vn 0.7466 0.0879 0.6595
vn 0.7466 0.0879 0.6595
vn 0.6119 0.0876 0.7860
vn 0.7036 0.0000 0.7106
vn 0.4986 0.2706 0.8235
vn 0.5643 0.0000 0.8256
vn 0.6119 0.0876 0.7860
vn 0.6119 0.0876 0.7860
vn 0.4690 0.0873 0.8789
vn 0.4986 0.2706 0.8235
vn 0.3611 0.2607 0.8953
vn 0.4986 0.2706 0.8235
vn 0.4690 0.0873 0.8789
vn 0.4690 0.0873 0.8789
vn 0.3263 0.0873 0.9412
vn 0.3611 0.2607 0.8953
vn 0.2783 0.0000 0.9605
vn 0.3611 0.2607 0.8953
vn 0.3263 0.0873 0.9412
vn 0.3263 0.0873 0.9412
vn 0.1426 0.0878 0.9859
vn 0.2783 0.0000 0.9605
vn 0.0229 0.3111 0.9501
vn 0.0713 0.0000 0.9975
vn 0.1426 0.0878 0.9859
vn 0.1426 0.0878 0.9859
vn -0.0225 0.0875 0.9959
vn 0.0229 0.3111 0.9501
vn -0.0713 0.0000 0.9975
vn 0.0229 0.3111 0.9501
vn -0.0225 0.0875 0.9959
vn -0.0225 0.0875 0.9959
vn -0.2081 0.0876 0.9742
vn -0.0713 0.0000 0.9975
vn -0.3081 0.3291 0.8926
vn -0.2783 0.0000 0.9605
vn -0.2081 0.0876 0.9742
vn -0.2081 0.0876 0.9742
vn -0.3711 0.0875 0.9245
vn -0.3081 0.3291 0.8926
vn -0.4204 0.0000 0.9074
vn -0.3081 0.3291 0.8926
vn -0.3711 0.0875 0.9245
vn -0.3711 0.0875 0.9245
vn -0.5144 0.0875 0.8531
vn -0.4204 0.0000 0.9074
vn -0.5643 0.0000 0.8256
vn -0.5643 0.0000 0.8256
vn -0.5144 0.0875 0.8531
vn -0.5144 0.0875 0.8531
vn -0.6559 0.0875 0.7497
vn -0.5643 0.0000 0.8256
vn -0.7036 0.0000 0.7106
vn -0.7036 0.0000 0.7106
vn -0.6559 0.0875 0.7497
vn -0.6559 0.0875 0.7497
vn -0.7854 0.0872 0.6129
vn -0.7036 0.0000 0.7106
vn -0.8265 0.0000 0.5630
vn -0.8265 0.0000 0.5630
vn -0.7854 0.0872 0.6129
vn -0.7854 0.0872 0.6129
vn -0.8783 0.0876 0.4700
vn -0.8265 0.0000 0.5630
vn -0.7563 0.5782 0.3060
vn -0.9069 0.0000 0.4214
vn -0.8783 0.0876 0.4700
vn -0.8783 0.0876 0.4700
vn -0.9413 0.0881 0.3258
vn -0.7563 0.5782 0.3060
vn -0.9618 0.0000 0.2738
vn -0.7563 0.5782 0.3060
vn -0.9413 0.0881 0.3258
vn -0.9413 0.0881 0.3258
vn -0.9859 0.0860 0.1436
vn -0.9618 0.0000 0.2738
vn -0.6770 0.7357 0.0192
vn -0.9966 0.0000 0.0827
vn -0.9859 0.0860 0.1436
vn -0.9859 0.0860 0.1436
vn -0.9957 0.0883 -0.0273
vn -0.6770 0.7357 0.0192
vn -0.7969 0.5925 -0.1176
vn -0.6770 0.7357 0.0192
vn -0.9957 0.0883 -0.0273
vn -0.9957 0.0883 -0.0273
vn -0.9760 0.0869 -0.1996
vn -0.7969 0.5925 -0.1176
vn -0.7797 0.5716 -0.2555
vn -0.7969 0.5925 -0.1176
vn -0.9760 0.0869 -0.1996
vn -0.9760 0.0869 -0.1996
vn -0.9274 0.0875 -0.3637
vn -0.7797 0.5716 -0.2555
vn -0.7428 0.5323 -0.4062
vn -0.7797 0.5716 -0.2555
vn -0.9274 0.0875 -0.3637
vn -0.9274 0.0875 -0.3637
vn -0.8401 0.0880 -0.5353
vn -0.7428 0.5323 -0.4062
vn -0.6750 0.4825 -0.5582
vn -0.7428 0.5323 -0.4062
vn -0.8401 0.0880 -0.5353
vn -0.8401 0.0880 -0.5353
vn -0.7357 0.0864 -0.6717
vn -0.6750 0.4825 -0.5582
vn -0.6086 0.4266 -0.6691
vn -0.6750 0.4825 -0.5582
vn -0.7357 0.0864 -0.6717
vn -0.7357 0.0864 -0.6717
vn -0.6401 0.0862 -0.7634
vn -0.6086 0.4266 -0.6691
vn -0.5200 0.3327 -0.7867
vn -0.6086 0.4266 -0.6691
vn -0.6401 0.0862 -0.7634
vn -0.6401 0.0862 -0.7634
vn -0.4877 0.0878 -0.8686
vn -0.5200 0.3327 -0.7867
vn -0.3470 0.1844 -0.9195
vn -0.5200 0.3327 -0.7867
vn -0.4877 0.0878 -0.8686
vn -0.4877 0.0878 -0.8686
vn -0.2838 0.0875 -0.9549
vn -0.3470 0.1844 -0.9195
vn -0.2113 0.0000 -0.9774
vn -0.3470 0.1844 -0.9195
vn -0.2838 0.0875 -0.9549
vn -0.2838 0.0875 -0.9549
vn -0.1631 0.0864 -0.9828
vn -0.2113 0.0000 -0.9774
vn -0.0465 0.1200 -0.9917
vn -0.1392 0.0000 -0.9903
vn -0.1631 0.0864 -0.9828
vn -0.1631 0.0864 -0.9828
vn 0.0442 0.0874 -0.9952
vn -0.0465 0.1200 -0.9917
vn 0.1608 0.1650 -0.9731
vn -0.0465 0.1200 -0.9917
vn 0.0442 0.0874 -0.9952
vn 0.0442 0.0874 -0.9952
vn 0.1857 0.0869 -0.9788
vn 0.1608 0.1650 -0.9731
vn 0.2775 0.1959 -0.9405
vn 0.1608 0.1650 -0.9731
vn 0.1857 0.0869 -0.9788
vn 0.1857 0.0869 -0.9788
vn 0.3499 0.0872 -0.9327
vn 0.2775 0.1959 -0.9405
vn 0.4746 0.2311 -0.8493
vn 0.2775 0.1959 -0.9405
vn 0.3499 0.0872 -0.9327
vn 0.3499 0.0872 -0.9327
vn 0.5477 0.0869 -0.8321
vn 0.4746 0.2311 -0.8493
vn 0.6221 0.2447 -0.7437
vn 0.4746 0.2311 -0.8493
vn 0.5477 0.0869 -0.8321
vn 0.5477 0.0869 -0.8321
vn 0.6695 0.0873 -0.7377
vn 0.6221 0.2447 -0.7437
vn 0.7141 0.2507 -0.6537
vn 0.6221 0.2447 -0.7437
vn 0.6695 0.0873 -0.7377
vn 0.6695 0.0873 -0.7377
vn 0.7668 0.0874 -0.6359
vn 0.7141 0.2507 -0.6537
vn 0.6936 0.5140 -0.5047
vn 0.7141 0.2507 -0.6537
vn 0.7668 0.0874 -0.6359
vn 0.7668 0.0874 -0.6359
vn 0.8732 0.0867 -0.4796
vn 0.6936 0.5140 -0.5047
vn 0.9073 0.0000 -0.4205
vn 0.6936 0.5140 -0.5047
vn 0.8732 0.0867 -0.4796
vn 0.8732 0.0867 -0.4796
vn 0.9462 0.0872 -0.3117
vn 0.9073 0.0000 -0.4205
vn 0.9361 0.2920 -0.1959
vn 0.9667 0.0000 -0.2558
vn 0.9462 0.0872 -0.3117
vn 0.9462 0.0872 -0.3117
vn 0.9853 0.0877 -0.1469
vn 0.9361 0.2920 -0.1959
vn 0.9533 0.3005 -0.0306
vn 0.9361 0.2920 -0.1959
vn 0.9853 0.0877 -0.1469
vn 0.9853 0.0877 -0.1469
vn 0.9959 0.0864 0.0267
vn 0.9533 0.3005 -0.0306
vn 0.2269 0.8858 0.4049
vn -0.0084 0.9995 -0.0290
vn 0.1762 0.9768 -0.1219
vn -0.0684 0.9307 -0.3594
vn 0.0000 1.0000 0.0000
vn 0.0303 0.9680 0.2491
vn 0.0669 0.9249 0.3743
vn -0.0024 0.9994 -0.0335
vn -0.2339 0.9123 -0.3361
vn 0.0151 0.9376 0.3473
vn 0.0025 0.9994 -0.0353
vn 0.1554 0.9534 -0.2586
vn 0.1762 0.9768 -0.1219
vn -0.0022 0.9995 -0.0303
vn 0.0151 0.9376 0.3473
vn -0.0000 1.0000 0.0000
vn -0.0000 1.0000 0.0000
vn 0.1159 0.9248 0.3623
vn -0.0084 0.9999 -0.0057
vn -0.0084 0.9999 -0.0057
vn -0.4702 0.8825 -0.0134
vn 0.3442 0.8755 0.3392
vn -0.0237 0.9991 -0.0347
vn -0.1659 0.9595 -0.2278
vn 0.0669 0.9249 0.3743
vn -0.2339 0.9123 -0.3361
vn -0.1659 0.9595 -0.2278
vn -0.0127 0.9990 -0.0437
vn 0.0669 0.9249 0.3743
vn -0.1659 0.9595 -0.2278
vn 0.1554 0.9534 -0.2586
vn 0.1762 0.9768 -0.1219
vn 0.0151 0.9376 0.3473
vn 0.1554 0.9534 -0.2586
vn 0.0094 0.9994 -0.0323
vn 0.0094 0.9994 -0.0323
vn 0.2324 0.9571 0.1729
vn -0.1146 0.9774 -0.1775
vn 0.4111 0.9110 0.0316
vn 0.0024 0.9994 -0.0340
vn -0.1149 0.8961 0.4287
vn -0.2339 0.9123 -0.3361
vn 0.0522 0.9980 0.0360
vn 0.0000 1.0000 0.0000
vn 0.0000 1.0000 0.0000
vn -0.0000 1.0000 -0.0000
vn -0.0000 1.0000 -0.0000
vn 0.0522 0.9980 0.0360
vn 0.0522 0.9980 0.0360
vn 0.0000 1.0000 0.0000
vn 0.0000 1.0000 0.0000
vn 0.0522 0.9980 0.0360
vn 0.0000 1.0000 0.0000
vn -0.0684 0.9307 -0.3594
vn -0.4923 0.8694 0.0428
vn -0.3279 0.9442 0.0292
vn -0.3279 0.9442 0.0292
vn -0.4702 0.8825 -0.0134
vn 0.2109 0.8549 0.4740
vn -0.0092 0.9999 -0.0043
vn -0.1659 0.9595 -0.2278
vn -0.4702 0.8825 -0.0134
vn 0.3442 0.8755 0.3392
vn -0.0076 0.9999 -0.0077
vn 0.3442 0.8755 0.3392
vn -0.4702 0.8825 -0.0134
vn -0.0181 0.9991 -0.0390
vn -0.0181 0.9991 -0.0390
vn -0.1659 0.9595 -0.2278
vn 0.0141 0.9994 -0.0305
vn 0.0141 0.9994 -0.0305
vn 0.1554 0.9534 -0.2586
vn 0.4030 0.9144 -0.0375
vn -0.2106 0.9492 0.2340
vn 0.0007 1.0000 -0.0007
vn -0.1146 0.9774 -0.1775
vn 0.2446 0.8343 0.4940
vn 0.4111 0.9110 0.0316
vn 0.2446 0.8343 0.4940
vn 0.0982 0.9723 0.2119
vn 0.1056 0.8894 -0.4448
vn 0.0000 1.0000 0.0000
vn 0.0000 1.0000 0.0000
vn 0.1159 0.9248 0.3623
vn 0.1159 0.9248 0.3623
vn 0.1056 0.8894 -0.4448
vn 0.0000 1.0000 0.0000
vn 0.1159 0.9248 0.3623
vn 0.2446 0.8343 0.4940
vn 0.1056 0.8894 -0.4448
vn -0.0000 1.0000 0.0000
vn -0.0000 1.0000 0.0000
vn 0.1159 0.9248 0.3623
vn 0.1159 0.9248 0.3623
vn -0.0000 1.0000 0.0000
vn 0.1146 0.9720 -0.2050
vn 0.0017 0.9617 0.2739
vn 0.1159 0.9248 0.3623
vn 0.1146 0.9720 -0.2050
vn 0.1481 0.9844 -0.0947
vn 0.6970 0.6625 -0.2746
vn -0.1490 0.9593 -0.2400
vn -0.1149 0.8961 0.4287
vn -0.0000 1.0000 0.0000
vn -0.0387 0.9942 -0.1001
vn -0.1149 0.8961 0.4287
vn -0.0387 0.9942 -0.1001
vn -0.2339 0.9123 -0.3361
vn -0.0000 1.0000 0.0000
vn -0.2031 0.9016 0.3819
vn -0.0387 0.9942 -0.1001
vn 0.0303 0.9680 0.2491
vn 0.0000 1.0000 0.0000
vn 0.0000 1.0000 0.0000
vn 0.0303 0.9680 0.2491
vn 0.0000 1.0000 0.0000
vn 0.0000 1.0000 0.0000
vn 0.0303 0.9680 0.2491
vn 0.0000 1.0000 0.0000
vn 0.0000 1.0000 0.0000
vn -0.3301 0.9435 -0.0274
vn -0.3301 0.9435 -0.0274
vn -0.4923 0.8694 0.0428
vn 0.2109 0.8549 0.4740
vn -0.4702 0.8825 -0.0134
vn -0.4923 0.8694 0.0428
vn -0.4923 0.8694 0.0428
vn -0.3350 0.9374 -0.0953
vn 0.2109 0.8549 0.4740
vn 0.4030 0.9144 -0.0375
vn 0.0007 1.0000 -0.0005
vn 0.0007 1.0000 -0.0005
vn 0.4030 0.9144 -0.0375
vn 0.0008 1.0000 -0.0004
vn 0.0008 1.0000 -0.0004
vn 0.4030 0.9144 -0.0375
vn 0.0008 1.0000 -0.0002
vn 0.0008 1.0000 -0.0002
vn -0.1146 0.9774 -0.1775
vn 0.1656 0.9719 0.1672
vn 0.2446 0.8343 0.4940
vn 0.2446 0.8343 0.4940
vn 0.1407 0.9731 0.1827
vn 0.1407 0.9731 0.1827
vn 0.1146 0.9720 -0.2050
vn 0.0000 1.0000 0.0000
vn 0.0017 0.9617 0.2739
vn 0.0017 0.9617 0.2739
vn 0.0000 1.0000 0.0000
vn 0.0000 1.0000 0.0000
vn 0.0000 1.0000 0.0000
vn 0.1481 0.9844 -0.0947
vn 0.0017 0.9617 0.2739
vn 0.1481 0.9844 -0.0947
vn -0.0227 0.8827 0.4694
vn 0.0017 0.9617 0.2739
vn -0.1490 0.9593 -0.2400
vn -0.0227 0.8827 0.4694
vn 0.1481 0.9844 -0.0947
vn -0.2657 0.9348 0.2355
vn -0.0783 0.9958 0.0474
vn 0.0209 0.9971 -0.0730
vn 0.0862 0.9952 0.0459
vn -0.0783 0.9958 0.0474
vn 0.0000 1.0000 0.0000
vn -0.0000 1.0000 0.0000
vn -0.4668 0.8788 0.0984
vn 0.0862 0.9952 0.0459
vn 0.0000 1.0000 0.0000
vn 0.0862 0.9952 0.0459
vn -0.4668 0.8788 0.0984
vn 0.0862 0.9952 0.0459
vn 0.0000 1.0000 0.0000
vn 0.0089 0.9999 -0.0073
vn 0.1762 0.9768 -0.1219
vn 0.0089 0.9999 -0.0073
vn 0.2269 0.8858 0.4049
vn 0.0089 0.9999 -0.0073
vn 0.0000 1.0000 0.0000
vn 0.2269 0.8858 0.4049
vn 0.0000 1.0000 0.0000
vn 0.0000 1.0000 0.0000
vn 0.0089 0.9999 -0.0073
vn 0.0089 0.9999 -0.0073
vn 0.0000 1.0000 0.0000
vn 0.0000 1.0000 0.0000
vn -0.4923 0.8694 0.0428
vn 0.1979 0.8615 -0.4677
vn -0.3275 0.9409 0.0867
vn -0.4923 0.8694 0.0428
vn -0.7092 0.7049 0.0100
vn 0.1979 0.8615 -0.4677
vn 0.4030 0.9144 -0.0375
vn 0.1554 0.9534 -0.2586
vn -0.2106 0.9492 0.2340
vn 0.1554 0.9534 -0.2586
vn 0.0196 0.9994 -0.0287
vn -0.2106 0.9492 0.2340
vn 0.2570 0.9590 0.1191
vn 0.2570 0.9590 0.1191
vn 0.4111 0.9110 0.0316
vn -0.3294 0.4997 -0.8011
vn -0.3294 0.4997 -0.8011
vn -0.1490 0.9593 -0.2400
vn 0.6970 0.6625 -0.2746
vn 0.0522 0.9980 0.0360
vn -0.1490 0.9593 -0.2400
vn 0.0089 0.9999 -0.0073
vn -0.0783 0.9958 0.0474
vn 0.0862 0.9952 0.0459
vn -0.0783 0.9958 0.0474
vn 0.0089 0.9999 -0.0073
vn 0.0209 0.9971 -0.0730
vn 0.0522 0.9980 0.0360
vn 0.0000 1.0000 0.0000
vn 0.0000 1.0000 0.0000
vn -0.0000 1.0000 -0.0000
vn -0.0000 1.0000 -0.0000
vn 0.0522 0.9980 0.0360
vn 0.0522 0.9980 0.0360
vn 0.0000 1.0000 0.0000
vn 0.0000 1.0000 0.0000
vn 0.0000 1.0000 0.0000
vn 0.0000 1.0000 0.0000
vn 0.0303 0.9680 0.2491
vn 0.0303 0.9680 0.2491
vn 0.0000 1.0000 0.0000
vn 0.0000 1.0000 0.0000
vn 0.0000 1.0000 0.0000
vn 0.0000 1.0000 0.0000
vn 0.0303 0.9680 0.2491
vn -0.1142 0.9839 -0.1375
vn -0.7092 0.7049 0.0100
vn 0.0303 0.9680 0.2491
vn -0.7092 0.7049 0.0100
vn -0.0241 0.9996 0.0111
vn 0.1979 0.8615 -0.4677
vn -0.2657 0.9348 0.2355
vn 0.0209 0.9971 -0.0730
vn -0.0005 0.9975 -0.0703
vn -0.2638 0.9027 0.3400
vn -0.2657 0.9348 0.2355
vn -0.0005 0.9975 -0.0703
vn -0.2638 0.9027 0.3400
vn -0.0005 0.9975 -0.0703
vn -0.0044 0.9972 -0.0740
vn -0.2270 0.9386 0.2596
vn 0.4111 0.9110 0.0316
vn 0.4030 0.9144 -0.0375
vn 0.0009 1.0000 -0.0001
vn -0.2270 0.9386 0.2596
vn 0.4030 0.9144 -0.0375
vn 0.4111 0.9110 0.0316
vn 0.2797 0.9572 0.0740
vn 0.2797 0.9572 0.0740
vn -0.0684 0.9307 -0.3594
vn 0.0303 0.9680 0.2491
vn 0.0522 0.9980 0.0360
vn 0.0522 0.9980 0.0360
vn 0.0303 0.9680 0.2491
vn -0.1665 0.7254 0.6679
vn -0.2031 0.9016 0.3819
vn -0.2638 0.9027 0.3400
vn -0.0044 0.9972 -0.0740
vn -0.2031 0.9016 0.3819
vn -0.0044 0.9972 -0.0740
vn -0.0387 0.9942 -0.1001
vn -0.2270 0.9386 0.2596
vn 0.3052 0.9519 0.0272
vn 0.4111 0.9110 0.0316
vn -0.6770 0.7357 0.0192
vn 0.0000 1.0000 -0.0000
vn 0.0522 0.9980 0.0360
vn 0.0522 0.9980 0.0360
vn 0.6597 0.7513 -0.0191
vn -0.6770 0.7357 0.0192
vn -0.4668 0.8788 0.0984
vn -0.6770 0.7357 0.0192
vn 0.6597 0.7513 -0.0191
vn 0.6597 0.7513 -0.0191
vn 0.0000 1.0000 0.0000
vn -0.4668 0.8788 0.0984
vn 0.0000 1.0000 0.0000
vn 0.0000 1.0000 0.0000
vn -0.4668 0.8788 0.0984
vn 0.0230 0.5032 0.8639
vn 0.1159 0.9248 0.3623
vn 0.0017 0.9617 0.2739
vn -0.7026 0.2134 0.6788
vn -0.7092 0.7049 0.0100
vn -0.1665 0.7254 0.6679
vn -0.0387 0.9942 -0.1001
vn -0.0044 0.9972 -0.0740
vn 0.0321 0.6220 -0.7823
vn 0.0209 0.9971 -0.0730
vn 0.0321 0.6220 -0.7823
vn -0.0005 0.9975 -0.0703
vn 0.0209 0.9971 -0.0730
vn 0.0089 0.9999 -0.0073
vn 0.1762 0.9768 -0.1219
vn -0.7516 -0.4325 0.4980
vn -0.7516 -0.4325 0.4980
vn -0.7516 -0.4325 0.4980
vn -0.0227 0.8827 0.4694
vn 0.0230 0.5032 0.8639
vn 0.0017 0.9617 0.2739
vn -0.1665 0.7254 0.6679
vn 0.0230 0.5032 0.8639
vn -0.0227 0.8827 0.4694
vn -0.0227 0.8827 0.4694
vn -0.0159 0.3267 0.9450
vn -0.1665 0.7254 0.6679
vn 0.2848 0.1644 0.9444
vn 0.0230 0.5032 0.8639
vn 0.2446 0.8343 0.4940
vn 0.9951 -0.0956 -0.0272
vn 0.9951 -0.0956 -0.0272
vn 0.9951 -0.0956 -0.0272
vn 0.2658 0.9578 -0.1092
vn 0.1554 0.9534 -0.2586
vn 0.4030 0.9144 -0.0375
vn 0.2523 0.2082 -0.9450
vn 0.2523 0.2082 -0.9450
vn 0.2523 0.2082 -0.9450
vn -0.2339 0.9123 -0.3361
vn -0.0387 0.9942 -0.1001
vn 0.0321 0.6220 -0.7823
vn -0.0044 0.9972 -0.0740
vn -0.0005 0.9975 -0.0703
vn 0.0321 0.6220 -0.7823
vn 0.1762 0.9768 -0.1219
vn 0.0321 0.6220 -0.7823
vn 0.0209 0.9971 -0.0730
vn 0.2658 0.9578 -0.1092
vn 0.0321 0.6220 -0.7823
vn 0.1762 0.9768 -0.1219
vn -0.1609 0.9851 -0.0600
vn -0.2339 0.9123 -0.3361
vn 0.0321 0.6220 -0.7823
vn -0.9735 0.1348 -0.1849
vn -0.9735 0.1348 -0.1849
vn -0.9735 0.1348 -0.1849
vn -0.4702 0.8825 -0.0134
vn -0.1659 0.9595 -0.2278
vn -0.1609 0.9851 -0.0600
vn -0.1659 0.9595 -0.2278
vn -0.2339 0.9123 -0.3361
vn -0.1609 0.9851 -0.0600
vn 0.8037 0.5837 0.1157
vn 0.6597 0.7513 -0.0191
vn 0.9959 0.0864 0.0267
vn 0.9959 0.0864 0.0267
vn 0.9750 0.0890 0.2038
vn 0.8037 0.5837 0.1157
vn 0.7740 0.5743 0.2667
vn 0.8037 0.5837 0.1157
vn 0.9750 0.0890 0.2038
vn 0.9750 0.0890 0.2038
vn 0.9240 0.0866 0.3724
vn 0.7740 0.5743 0.2667
vn 0.9069 0.0000 0.4214
vn 0.7740 0.5743 0.2667
vn 0.9240 0.0866 0.3724
vn 0.9240 0.0866 0.3724
vn 0.8530 0.0871 0.5146
vn 0.9069 0.0000 0.4214
vn 0.7437 0.3352 0.5784
vn 0.8265 0.0000 0.5630
vn 0.8530 0.0871 0.5146
vn 0.8530 0.0871 0.5146
vn 0.7466 0.0879 0.6595
vn 0.7437 0.3352 0.5784
vn 0.6160 0.3577 0.7018
vn 0.7437 0.3352 0.5784
vn 0.7466 0.0879 0.6595
vn 0.7466 0.0879 0.6595
vn 0.6119 0.0876 0.7860
vn 0.6160 0.3577 0.7018
vn 0.4818 0.3658 0.7963
vn 0.6160 0.3577 0.7018
vn 0.6119 0.0876 0.7860
vn 0.6119 0.0876 0.7860
vn 0.4690 0.0873 0.8789
vn 0.4818 0.3658 0.7963
vn 0.4204 0.0000 0.9074
vn 0.4818 0.3658 0.7963
vn 0.4690 0.0873 0.8789
vn 0.4690 0.0873 0.8789
vn 0.3263 0.0873 0.9412
vn 0.4204 0.0000 0.9074
vn 0.1995 0.3266 0.9239
vn 0.2783 0.0000 0.9605
vn 0.3263 0.0873 0.9412
vn 0.3263 0.0873 0.9412
vn 0.1426 0.0878 0.9859
vn 0.1995 0.3266 0.9239
vn 0.0713 0.0000 0.9975
vn 0.1995 0.3266 0.9239
vn 0.1426 0.0878 0.9859
vn 0.1426 0.0878 0.9859
vn -0.0225 0.0875 0.9959
vn 0.0713 0.0000 0.9975
vn -0.1352 0.2834 0.9494
vn -0.0713 0.0000 0.9975
vn -0.0225 0.0875 0.9959
vn -0.0225 0.0875 0.9959
vn -0.2081 0.0876 0.9742
vn -0.1352 0.2834 0.9494
vn -0.3122 0.2888 0.9051
vn -0.1352 0.2834 0.9494
vn -0.2081 0.0876 0.9742
vn -0.2081 0.0876 0.9742
vn -0.3711 0.0875 0.9245
vn -0.3122 0.2888 0.9051
vn -0.4499 0.2844 0.8466
vn -0.3122 0.2888 0.9051
vn -0.3711 0.0875 0.9245
vn -0.3711 0.0875 0.9245
vn -0.5144 0.0875 0.8531
vn -0.4499 0.2844 0.8466
vn -0.5643 0.0000 0.8256
vn -0.4499 0.2844 0.8466
vn -0.5144 0.0875 0.8531
vn -0.5144 0.0875 0.8531
vn -0.6559 0.0875 0.7497
vn -0.5643 0.0000 0.8256
vn -0.7243 0.2512 0.6420
vn -0.7036 0.0000 0.7106
vn -0.6559 0.0875 0.7497
vn -0.6559 0.0875 0.7497
vn -0.7854 0.0872 0.6129
vn -0.7243 0.2512 0.6420
vn -0.8250 0.2647 0.4994
vn -0.7243 0.2512 0.6420
vn -0.7854 0.0872 0.6129
vn -0.7854 0.0872 0.6129
vn -0.8783 0.0876 0.4700
vn -0.8250 0.2647 0.4994
vn -0.8932 0.2676 0.3613
vn -0.8250 0.2647 0.4994
vn -0.8783 0.0876 0.4700
vn -0.8783 0.0876 0.4700
vn -0.9413 0.0881 0.3258
vn -0.8932 0.2676 0.3613
vn -0.9424 0.2691 0.1987
vn -0.8932 0.2676 0.3613
vn -0.9413 0.0881 0.3258
vn -0.9413 0.0881 0.3258
vn -0.9859 0.0860 0.1436
vn -0.9424 0.2691 0.1987
vn -0.9966 0.0000 0.0827
vn -0.9424 0.2691 0.1987
vn -0.9859 0.0860 0.1436
vn -0.9859 0.0860 0.1436
vn -0.9957 0.0883 -0.0273
vn -0.9966 0.0000 0.0827
vn -0.9454 0.2956 -0.1368
vn -0.9961 0.0000 -0.0886
vn -0.9957 0.0883 -0.0273
vn -0.9957 0.0883 -0.0273
vn -0.9760 0.0869 -0.1996
vn -0.9454 0.2956 -0.1368
vn -0.9057 0.3052 -0.2941
vn -0.9454 0.2956 -0.1368
vn -0.9760 0.0869 -0.1996
vn -0.9760 0.0869 -0.1996
vn -0.9274 0.0875 -0.3637
vn -0.9057 0.3052 -0.2941
vn -0.8374 0.3037 -0.4545
vn -0.9057 0.3052 -0.2941
vn -0.9274 0.0875 -0.3637
vn -0.9274 0.0875 -0.3637
vn -0.8401 0.0880 -0.5353
vn -0.8374 0.3037 -0.4545
vn -0.8023 0.0000 -0.5969
vn -0.8374 0.3037 -0.4545
vn -0.8401 0.0880 -0.5353
vn -0.8401 0.0880 -0.5353
vn -0.7357 0.0864 -0.6717
vn -0.8023 0.0000 -0.5969
vn -0.6459 0.2854 -0.7080
vn -0.7036 0.0000 -0.7106
vn -0.7357 0.0864 -0.6717
vn -0.7357 0.0864 -0.6717
vn -0.6401 0.0862 -0.7634
vn -0.6459 0.2854 -0.7080
vn -0.5308 0.2840 -0.7985
vn -0.6459 0.2854 -0.7080
vn -0.6401 0.0862 -0.7634
vn -0.6401 0.0862 -0.7634
vn -0.4877 0.0878 -0.8686
vn -0.5308 0.2840 -0.7985
vn -0.4204 0.0000 -0.9074
vn -0.5308 0.2840 -0.7985
vn -0.4877 0.0878 -0.8686
vn -0.4877 0.0878 -0.8686
vn -0.2838 0.0875 -0.9549
vn -0.4204 0.0000 -0.9074
vn -0.1810 0.2522 -0.9506
vn -0.2113 0.0000 -0.9774
vn -0.2838 0.0875 -0.9549
vn -0.2838 0.0875 -0.9549
vn -0.1631 0.0864 -0.9828
vn -0.1810 0.2522 -0.9506
vn -0.0453 0.2518 -0.9667
vn -0.1810 0.2522 -0.9506
vn -0.1631 0.0864 -0.9828
vn -0.1631 0.0864 -0.9828
vn 0.0442 0.0874 -0.9952
vn -0.0453 0.2518 -0.9667
vn 0.1581 0.2436 -0.9569
vn -0.0453 0.2518 -0.9667
vn 0.0442 0.0874 -0.9952
vn 0.0442 0.0874 -0.9952
vn 0.1857 0.0869 -0.9788
vn 0.1581 0.2436 -0.9569
vn 0.2755 0.2289 -0.9336
vn 0.1581 0.2436 -0.9569
vn 0.1857 0.0869 -0.9788
vn 0.1857 0.0869 -0.9788
vn 0.3499 0.0872 -0.9327
vn 0.2755 0.2289 -0.9336
vn 0.4204 0.0000 -0.9074
vn 0.2755 0.2289 -0.9336
vn 0.3499 0.0872 -0.9327
vn 0.3499 0.0872 -0.9327
vn 0.5477 0.0869 -0.8321
vn 0.4204 0.0000 -0.9074
vn 0.5837 0.4153 -0.6977
vn 0.6102 0.0000 -0.7922
vn 0.5477 0.0869 -0.8321
vn 0.5477 0.0869 -0.8321
vn 0.6695 0.0873 -0.7377
vn 0.5837 0.4153 -0.6977
vn 0.6693 0.4203 -0.6127
vn 0.5837 0.4153 -0.6977
vn 0.6695 0.0873 -0.7377
vn 0.6695 0.0873 -0.7377
vn 0.7668 0.0874 -0.6359
vn 0.6693 0.4203 -0.6127
vn 0.8023 0.0000 -0.5969
vn 0.6693 0.4203 -0.6127
vn 0.7668 0.0874 -0.6359
vn 0.7668 0.0874 -0.6359
vn 0.8732 0.0867 -0.4796
vn 0.8023 0.0000 -0.5969
vn 0.6970 0.6625 -0.2746
vn 0.9073 0.0000 -0.4205
vn 0.8732 0.0867 -0.4796
vn 0.8732 0.0867 -0.4796
vn 0.9462 0.0872 -0.3117
vn 0.6970 0.6625 -0.2746
vn 0.9667 0.0000 -0.2558
vn 0.6970 0.6625 -0.2746
vn 0.9462 0.0872 -0.3117
vn 0.9462 0.0872 -0.3117
vn 0.9853 0.0877 -0.1469
vn 0.9667 0.0000 -0.2558
vn 0.6597 0.7513 -0.0191
vn 0.9961 0.0000 -0.0886
vn 0.9853 0.0877 -0.1469
vn 0.9853 0.0877 -0.1469
vn 0.9959 0.0864 0.0267
vn 0.6597 0.7513 -0.0191
vn 0.0000 1.0000 0.0000
vn -0.4963 0.8566 0.1413
vn -0.4963 0.8566 0.1413
vn 0.0000 1.0000 0.0000
vn -0.5145 0.8564 0.0427
vn -0.5145 0.8564 0.0427
vn 0.0000 1.0000 0.0000
vn -0.3627 0.8569 0.3662
vn -0.3627 0.8569 0.3662
vn 0.0000 1.0000 0.0000
vn -0.4264 0.8566 0.2905
vn -0.4264 0.8566 0.2905
vn 0.0000 1.0000 0.0000
vn -0.4683 0.8563 0.2176
vn -0.4683 0.8563 0.2176
vn 0.0000 1.0000 0.0000
vn -0.1435 0.8567 0.4954
vn -0.1435 0.8567 0.4954
vn 0.0000 1.0000 0.0000
vn -0.2170 0.8564 0.4684
vn -0.2170 0.8564 0.4684
vn 0.0000 1.0000 0.0000
vn -0.2911 0.8567 0.4259
vn -0.2911 0.8567 0.4259
vn 0.0000 1.0000 0.0000
vn 0.1435 0.8567 0.4954
vn 0.1435 0.8567 0.4954
vn 0.0000 1.0000 0.0000
vn 0.0367 0.8569 0.5142
vn 0.0367 0.8569 0.5142
vn 0.0000 1.0000 0.0000
vn -0.0367 0.8569 0.5142
vn -0.0367 0.8569 0.5142
vn 0.0000 1.0000 0.0000
vn 0.3627 0.8569 0.3662
vn 0.3627 0.8569 0.3662
vn 0.0000 1.0000 0.0000
vn 0.2911 0.8567 0.4259
vn 0.2911 0.8567 0.4259
vn 0.0000 1.0000 0.0000
vn 0.2170 0.8564 0.4684
vn 0.2170 0.8564 0.4684
vn 0.0000 1.0000 0.0000
vn 0.4963 0.8566 0.1413
vn 0.4963 0.8566 0.1413
vn 0.0000 1.0000 0.0000
vn 0.4683 0.8563 0.2176
vn 0.4683 0.8563 0.2176
vn 0.0000 1.0000 0.0000
vn 0.4264 0.8566 0.2905
vn 0.4264 0.8566 0.2905
vn 0.0000 1.0000 0.0000
vn 0.4994 0.8562 -0.1322
vn 0.4994 0.8562 -0.1322
vn 0.0000 1.0000 0.0000
vn 0.5145 0.8563 -0.0458
vn 0.5145 0.8563 -0.0458
vn 0.0000 1.0000 0.0000
vn 0.5145 0.8564 0.0427
vn 0.5145 0.8564 0.0427
vn 0.0000 1.0000 0.0000
vn 0.3650 0.8549 -0.3686
vn 0.3650 0.8549 -0.3686
vn 0.0000 1.0000 0.0000
vn 0.4152 0.8557 -0.3089
vn 0.4152 0.8557 -0.3089
vn 0.0000 1.0000 0.0000
vn 0.4686 0.8563 -0.2172
vn 0.4686 0.8563 -0.2172
vn 0.0000 1.0000 0.0000
vn 0.1095 0.8551 -0.5067
vn 0.1095 0.8551 -0.5067
vn 0.0000 1.0000 0.0000
vn 0.2170 0.8564 -0.4684
vn 0.2170 0.8564 -0.4684
vn 0.0000 1.0000 0.0000
vn 0.3162 0.8553 -0.4105
vn 0.3162 0.8553 -0.4105
vn 0.0000 1.0000 0.0000
vn -0.1095 0.8551 -0.5067
vn -0.1095 0.8551 -0.5067
vn 0.0000 1.0000 0.0000
vn -0.0722 0.8551 -0.5134
vn -0.0722 0.8551 -0.5134
vn 0.0000 1.0000 0.0000
vn 0.0722 0.8551 -0.5134
vn 0.0722 0.8551 -0.5134
vn 0.0000 1.0000 0.0000
vn -0.3650 0.8549 -0.3686
vn -0.3650 0.8549 -0.3686
vn 0.0000 1.0000 0.0000
vn -0.3162 0.8553 -0.4105
vn -0.3162 0.8553 -0.4105
vn 0.0000 1.0000 0.0000
vn -0.2170 0.8564 -0.4684
vn -0.2170 0.8564 -0.4684
vn 0.0000 1.0000 0.0000
vn -0.4994 0.8562 -0.1322
vn -0.4994 0.8562 -0.1322
vn 0.0000 1.0000 0.0000
vn -0.4686 0.8563 -0.2172
vn -0.4686 0.8563 -0.2172
vn 0.0000 1.0000 0.0000
vn -0.4152 0.8557 -0.3089
vn -0.4152 0.8557 -0.3089
vn 0.0000 1.0000 0.0000
vn -0.5145 0.8563 -0.0458
vn -0.5145 0.8563 -0.0458
vn 0.3216 0.6975 0.6403
vn 0.2553 0.5355 0.8051
vn 0.1251 0.2244 0.9664
vn 0.2446 0.8343 0.4940
vn 0.2553 0.5355 0.8051
vn 0.5106 0.8576 0.0622
vn 0.2553 0.5355 0.8051
vn 0.2446 0.8343 0.4940
vn 0.0230 0.5032 0.8639
vn 0.6664 0.7260 0.1697
vn 0.2553 0.5355 0.8051
vn 0.3216 0.6975 0.6403
vn 0.2553 0.5355 0.8051
vn 0.6664 0.7260 0.1697
vn 0.5554 0.8305 0.0419
vn 0.2553 0.5355 0.8051
vn -0.0318 0.3022 0.9527
vn -0.0305 0.1362 0.9902
vn 0.2553 0.5355 0.8051
vn 0.0230 0.5032 0.8639
vn -0.0318 0.3022 0.9527
vn -0.0318 0.3022 0.9527
vn 0.0230 0.5032 0.8639
vn -0.1665 0.7254 0.6679
vn -0.0305 0.1362 0.9902
vn -0.4150 0.8417 0.3454
vn -0.2064 0.4173 0.8850
vn -0.6148 0.7718 0.1626
vn -0.2064 0.4173 0.8850
vn -0.4150 0.8417 0.3454
vn -0.4540 0.8904 0.0339
vn -0.6148 0.7718 0.1626
vn -0.4150 0.8417 0.3454
vn -0.0305 0.1362 0.9902
vn -0.1665 0.7254 0.6679
vn 0.0492 0.2965 0.9538
vn -0.0318 0.3022 0.9527
vn -0.1665 0.7254 0.6679
vn -0.0305 0.1362 0.9902
vn -0.4150 0.8417 0.3454
vn -0.1665 0.7254 0.6679
vn -0.4923 0.8694 0.0428
vn 0.0048 0.0794 0.9968
vn -0.0004 0.1202 0.9928
vn 0.0004 0.1037 0.9946
vn 0.0048 0.0794 0.9968
vn 0.0004 0.1037 0.9946
vn 0.2553 0.5355 0.8051
vn 0.2553 0.5355 0.8051
vn -0.0305 0.1362 0.9902
vn 0.0048 0.0794 0.9968
vn 0.0010 0.1952 0.9808
vn 0.0005 0.1166 0.9932
vn -0.0004 0.1202 0.9928
vn 0.0010 0.1952 0.9808
vn -0.0004 0.1202 0.9928
vn -0.0011 0.1718 0.9851
vn -0.0011 0.1718 0.9851
vn 0.0002 0.0646 0.9979
vn 0.0010 0.1952 0.9808
vn -0.0004 0.1202 0.9928
vn 0.0005 0.1166 0.9932
vn 0.0004 0.1037 0.9946
vn -0.2064 0.4173 0.8850
vn -0.0005 0.3852 0.9228
vn -0.0003 0.3037 0.9528
vn -0.0003 0.3037 0.9528
vn 0.1251 0.2244 0.9664
vn -0.0008 0.0708 0.9975
vn -0.0008 0.0708 0.9975
vn -0.2064 0.4173 0.8850
vn -0.0003 0.3037 0.9528
vn 0.0002 0.0646 0.9979
vn -0.0011 0.1718 0.9851
vn -0.0008 0.0708 0.9975
vn 0.1251 0.2244 0.9664
vn 0.0002 0.0646 0.9979
vn -0.0008 0.0708 0.9975
vn -0.0005 0.3852 0.9228
vn -0.0003 0.3160 0.9488
vn -0.0005 0.3195 0.9476
vn -0.0005 0.3195 0.9476
vn -0.0003 0.3037 0.9528
vn -0.0005 0.3852 0.9228
vn -0.0005 0.3402 0.9404
vn -0.0003 0.3160 0.9488
vn 0.0019 0.3569 0.9341
vn -0.0003 0.3160 0.9488
vn -0.0005 0.3402 0.9404
vn -0.0023 0.2941 0.9558
vn -0.0023 0.2941 0.9558
vn -0.0005 0.3195 0.9476
vn -0.0003 0.3160 0.9488
vn 0.0001 0.3914 0.9202
vn -0.0005 0.3402 0.9404
vn 0.0019 0.3569 0.9341
vn 0.0019 0.3569 0.9341
vn 0.0012 0.3935 0.9193
vn 0.0001 0.3914 0.9202
vn 0.0002 0.4187 0.9081
vn 0.0012 0.3935 0.9193
vn 0.0010 0.4015 0.9159
vn 0.0012 0.3935 0.9193
vn 0.0002 0.4187 0.9081
vn 0.0001 0.3914 0.9202
vn -0.0003 0.4954 0.8687
vn -0.0006 0.4987 0.8668
vn 0.0004 0.5170 0.8560
vn 0.0004 0.5170 0.8560
vn 0.0003 0.4691 0.8831
vn -0.0003 0.4954 0.8687
vn 0.0004 0.4324 0.9017
vn -0.0003 0.4954 0.8687
vn 0.0003 0.4691 0.8831
vn 0.0003 0.4691 0.8831
vn 0.0002 0.4187 0.9081
vn 0.0004 0.4324 0.9017
vn 0.0010 0.4015 0.9159
vn 0.0004 0.4324 0.9017
vn 0.0002 0.4187 0.9081
vn -0.0006 0.4987 0.8668
vn -0.0384 0.4975 0.8666
vn -0.0005 0.5791 0.8152
vn -0.0005 0.5791 0.8152
vn 0.0005 0.5267 0.8500
vn -0.0006 0.4987 0.8668
vn 0.0005 0.5267 0.8500
vn 0.0004 0.5170 0.8560
vn -0.0006 0.4987 0.8668
vn -0.0005 0.5791 0.8152
vn -0.0384 0.4975 0.8666
vn -0.0002 0.6545 0.7561
vn -0.0006 0.6064 0.7952
vn -0.0005 0.5791 0.8152
vn -0.0002 0.6545 0.7561
vn -0.0002 0.6545 0.7561
vn -0.0007 0.6106 0.7919
vn -0.0006 0.6064 0.7952
vn 0.0001 0.6386 0.7695
vn 0.0001 0.6606 0.7508
vn 0.0000 0.6287 0.7776
vn 0.0000 0.6287 0.7776
vn -0.0006 0.6064 0.7952
vn 0.0001 0.6386 0.7695
vn 0.0003 0.6331 0.7741
vn 0.0001 0.6386 0.7695
vn -0.0006 0.6064 0.7952
vn -0.0006 0.6064 0.7952
vn -0.0007 0.6106 0.7919
vn 0.0003 0.6331 0.7741
vn 0.0001 0.6606 0.7508
vn 0.0001 0.6386 0.7695
vn 0.0001 0.6835 0.7299
vn 0.0001 0.6835 0.7299
vn 0.0001 0.6875 0.7262
vn 0.0001 0.6606 0.7508
vn 0.0800 0.7308 0.6779
vn 0.0001 0.6606 0.7508
vn 0.0001 0.6875 0.7262
vn 0.0001 0.6875 0.7262
vn -0.0004 0.7160 0.6981
vn -0.0018 0.7265 0.6872
vn -0.0018 0.7265 0.6872
vn 0.0800 0.7308 0.6779
vn 0.0001 0.6875 0.7262
vn -0.0004 0.7160 0.6981
vn -0.0630 0.7887 0.6115
vn -0.0005 0.7565 0.6540
vn -0.0005 0.7565 0.6540
vn -0.0014 0.7438 0.6684
vn -0.0004 0.7160 0.6981
vn -0.0014 0.7438 0.6684
vn -0.0018 0.7265 0.6872
vn -0.0004 0.7160 0.6981
vn -0.0630 0.7887 0.6115
vn -0.0000 0.7898 0.6134
vn -0.0005 0.7565 0.6540
vn 0.0002 0.8025 0.5966
vn -0.0005 0.7565 0.6540
vn -0.0000 0.7898 0.6134
vn -0.0000 0.7898 0.6134
vn 0.0002 0.8087 0.5882
vn 0.0002 0.8025 0.5966
vn 0.0003 0.8262 0.5633
vn 0.0002 0.8025 0.5966
vn 0.0002 0.8087 0.5882
vn 0.0002 0.8087 0.5882
vn 0.0031 0.8219 0.5697
vn 0.0003 0.8262 0.5633
vn 0.0003 0.8262 0.5633
vn 0.0031 0.8219 0.5697
vn 0.0002 0.8469 0.5318
vn 0.0002 0.8469 0.5318
vn 0.0005 0.8512 0.5249
vn 0.0003 0.8262 0.5633
vn 0.0002 0.8469 0.5318
vn 0.0002 0.8595 0.5112
vn 0.0005 0.8512 0.5249
vn 0.0005 0.8697 0.4935
vn 0.0005 0.8512 0.5249
vn 0.0002 0.8595 0.5112
vn 0.0005 0.8697 0.4935
vn 0.0002 0.8595 0.5112
vn 0.0000 0.8759 0.4825
vn 0.0002 0.8876 0.4606
vn 0.0005 0.8697 0.4935
vn 0.0000 0.8759 0.4825
vn 0.0000 0.8759 0.4825
vn 0.0089 0.8747 0.4845
vn 0.0002 0.8876 0.4606
vn 0.0002 0.8876 0.4606
vn 0.0089 0.8747 0.4845
vn 0.0000 0.9006 0.4346
vn 0.0000 0.9006 0.4346
vn -0.0000 0.9078 0.4195
vn 0.0002 0.8876 0.4606
vn 0.0000 0.9006 0.4346
vn -0.0002 0.8972 0.4415
vn -0.0000 0.9078 0.4195
vn -0.0010 0.9298 0.3682
vn -0.0000 0.9078 0.4195
vn -0.0002 0.8972 0.4415
vn -0.0010 0.9298 0.3682
vn -0.0002 0.8972 0.4415
vn -0.0522 0.9237 0.3796
vn -0.0010 0.9298 0.3682
vn -0.0522 0.9237 0.3796
vn -0.0004 0.9511 0.3090
vn -0.0004 0.9511 0.3090
vn 0.0272 0.9432 0.3312
vn -0.0010 0.9298 0.3682
vn -0.0005 0.9591 0.2832
vn 0.0272 0.9432 0.3312
vn -0.0004 0.9511 0.3090
vn -0.0004 0.9511 0.3090
vn -0.0002 0.9602 0.2793
vn -0.0005 0.9591 0.2832
vn -0.0005 0.9690 0.2472
vn -0.0005 0.9591 0.2832
vn -0.0002 0.9602 0.2793
vn -0.0002 0.9602 0.2793
vn 0.0000 0.9697 0.2444
vn -0.0005 0.9690 0.2472
vn -0.0002 0.9762 0.2169
vn -0.0005 0.9690 0.2472
vn 0.0000 0.9697 0.2444
vn 0.0000 0.9697 0.2444
vn 0.0027 0.9753 0.2210
vn -0.0002 0.9762 0.2169
vn -0.0002 0.9762 0.2169
vn 0.0027 0.9753 0.2210
vn 0.0002 0.9812 0.1929
vn 0.0002 0.9812 0.1929
vn 0.0002 0.9877 0.1562
vn -0.0002 0.9762 0.2169
vn 0.0002 0.9812 0.1929
vn -0.0001 0.9918 0.1279
vn 0.0002 0.9877 0.1562
vn 0.0004 0.9951 0.0989
vn 0.0002 0.9877 0.1562
vn -0.0001 0.9918 0.1279
vn -0.0001 0.9918 0.1279
vn -0.0001 0.9970 0.0777
vn 0.0004 0.9951 0.0989
vn 0.0002 0.9989 0.0472
vn 0.0004 0.9951 0.0989
vn -0.0001 0.9970 0.0777
vn -0.0001 0.9970 0.0777
vn -0.0000 0.9993 0.0365
vn 0.0002 0.9989 0.0472
vn -0.0002 0.9999 -0.0163
vn 0.0002 0.9989 0.0472
vn -0.0000 0.9993 0.0365
vn -0.0000 0.9993 0.0365
vn -0.0006 1.0000 -0.0024
vn -0.0002 0.9999 -0.0163
vn 0.0048 0.0794 0.9968
vn -0.0305 0.1362 0.9902
vn -0.2064 0.4173 0.8850
vn -0.1545 0.8727 0.4631
vn -0.2064 0.4173 0.8850
vn -0.6148 0.7718 0.1626
vn -0.0011 0.1718 0.9851
vn -0.0004 0.1202 0.9928
vn -0.2064 0.4173 0.8850
vn -0.0004 0.1202 0.9928
vn 0.0048 0.0794 0.9968
vn -0.2064 0.4173 0.8850
vn 0.0019 0.3569 0.9341
vn -0.0003 0.3160 0.9488
vn -0.2064 0.4173 0.8850
vn -0.2064 0.4173 0.8850
vn -0.0003 0.3160 0.9488
vn -0.0005 0.3852 0.9228
vn 0.0010 0.4015 0.9159
vn 0.0012 0.3935 0.9193
vn -0.0384 0.4975 0.8666
vn -0.0384 0.4975 0.8666
vn 0.0012 0.3935 0.9193
vn 0.0019 0.3569 0.9341
vn 0.0004 0.4324 0.9017
vn 0.0010 0.4015 0.9159
vn -0.0384 0.4975 0.8666
vn -0.0006 0.4987 0.8668
vn -0.0003 0.4954 0.8687
vn -0.0384 0.4975 0.8666
vn 0.9929 -0.0608 -0.1020
vn 0.9929 -0.0608 -0.1020
vn 0.9929 -0.0608 -0.1020
vn 0.0002 0.8087 0.5882
vn -0.0000 0.7898 0.6134
vn -0.0630 0.7887 0.6115
vn -0.0630 0.7887 0.6115
vn 0.0031 0.8219 0.5697
vn 0.0002 0.8087 0.5882
vn 0.9989 0.0396 0.0240
vn 0.9989 0.0396 0.0240
vn 0.9989 0.0396 0.0240
vn 0.9949 0.0876 0.0506
vn 0.9949 0.0876 0.0506
vn 0.9949 0.0876 0.0506
vn 0.9988 0.0453 0.0201
vn 0.9988 0.0453 0.0201
vn 0.9988 0.0453 0.0201
vn 0.0000 0.9697 0.2444
vn -0.0002 0.9602 0.2793
vn -0.0522 0.9237 0.3796
vn -0.0522 0.9237 0.3796
vn 0.0027 0.9753 0.2210
vn 0.0000 0.9697 0.2444
vn 0.0027 0.9753 0.2210
vn -0.0522 0.9237 0.3796
vn -0.0043 0.9986 0.0526
vn -0.0043 0.9986 0.0526
vn 0.0002 0.9812 0.1929
vn 0.0027 0.9753 0.2210
vn -0.0001 0.9918 0.1279
vn 0.0002 0.9812 0.1929
vn -0.0043 0.9986 0.0526
vn -0.0043 0.9986 0.0526
vn -0.0001 0.9970 0.0777
vn -0.0001 0.9918 0.1279
vn -0.0522 0.9237 0.3796
vn -0.0002 0.9602 0.2793
vn -0.0004 0.9511 0.3090
vn -0.0006 1.0000 -0.0024
vn -0.0000 0.9993 0.0365
vn -0.0043 0.9986 0.0526
vn -0.0043 0.9986 0.0526
vn -0.0000 0.9993 0.0365
vn -0.0001 0.9970 0.0777
vn -0.0002 0.8972 0.4415
vn 0.0089 0.8747 0.4845
vn -0.0522 0.9237 0.3796
vn -0.0630 0.7887 0.6115
vn -0.0522 0.9237 0.3796
vn 0.0089 0.8747 0.4845
vn -0.0522 0.9237 0.3796
vn -0.1545 0.8727 0.4631
vn -0.0043 0.9986 0.0526
vn 0.9923 -0.0641 -0.1059
vn 0.9923 -0.0641 -0.1059
vn 0.9923 -0.0641 -0.1059
vn -0.0384 0.4975 0.8666
vn 0.0003 0.6331 0.7741
vn -0.0007 0.6106 0.7919
vn -0.0007 0.6106 0.7919
vn -0.0002 0.6545 0.7561
vn -0.0384 0.4975 0.8666
vn 0.9998 0.0153 0.0100
vn 0.9998 0.0153 0.0100
vn 0.9998 0.0153 0.0100
vn 0.0031 0.8219 0.5697
vn -0.0630 0.7887 0.6115
vn 0.0089 0.8747 0.4845
vn -0.0384 0.4975 0.8666
vn -0.1545 0.8727 0.4631
vn -0.0630 0.7887 0.6115
vn -0.0630 0.7887 0.6115
vn 0.0003 0.6331 0.7741
vn -0.0384 0.4975 0.8666
vn 0.0003 0.6331 0.7741
vn -0.0630 0.7887 0.6115
vn 0.0001 0.6875 0.7262
vn -0.0004 0.7160 0.6981
vn 0.0001 0.6875 0.7262
vn -0.0630 0.7887 0.6115
vn -0.0630 0.7887 0.6115
vn -0.1545 0.8727 0.4631
vn -0.0522 0.9237 0.3796
vn -0.1545 0.8727 0.4631
vn 0.0056 0.9999 0.0128
vn -0.1509 0.9692 0.1947
vn 0.1147 0.9864 -0.1178
vn -0.0043 0.9986 0.0526
vn -0.1545 0.8727 0.4631
vn -0.0003 0.4954 0.8687
vn 0.0004 0.4324 0.9017
vn -0.0384 0.4975 0.8666
vn -0.2064 0.4173 0.8850
vn -0.0384 0.4975 0.8666
vn 0.0019 0.3569 0.9341
vn -0.1545 0.8727 0.4631
vn -0.0384 0.4975 0.8666
vn -0.2064 0.4173 0.8850
vn -0.6980 0.7133 0.0631
vn -0.1545 0.8727 0.4631
vn -0.6148 0.7718 0.1626
vn -0.0008 0.0708 0.9975
vn -0.0011 0.1718 0.9851
vn -0.2064 0.4173 0.8850
vn -0.2858 0.9514 0.1147
vn -0.0018 1.0000 0.0023
vn -0.0238 0.9997 -0.0041
vn -0.5381 0.8374 0.0961
vn -0.0153 0.9999 0.0020
vn 0.0569 0.9926 -0.1074
vn -0.0153 0.9999 0.0020
vn -0.5381 0.8374 0.0961
vn -0.0238 0.9997 -0.0041
vn -0.0238 0.9997 -0.0041
vn -0.0023 1.0000 0.0037
vn -0.0153 0.9999 0.0020
vn -0.8238 0.5668 0.0107
vn -0.5381 0.8374 0.0961
vn -0.6980 0.7133 0.0631
vn -0.0311 0.9989 0.0353
vn -0.6980 0.7133 0.0631
vn -0.5381 0.8374 0.0961
vn -0.2858 0.9514 0.1147
vn -0.0238 0.9997 -0.0041
vn -0.5381 0.8374 0.0961
vn -0.7065 0.5856 0.3974
vn -0.2958 0.9336 0.2022
vn -0.2858 0.9514 0.1147
vn -0.0667 -0.9974 0.0270
vn -0.5849 -0.7219 0.3699
vn -0.5065 -0.8497 0.1464
vn -0.0477 -0.9979 0.0442
vn -0.5332 -0.6016 0.5948
vn -0.5849 -0.7219 0.3699
vn -0.5849 -0.7219 0.3699
vn -0.0667 -0.9974 0.0270
vn -0.0477 -0.9979 0.0442
vn -0.4352 -0.8915 0.1261
vn -0.1772 -0.9842 -0.0067
vn -0.5065 -0.8497 0.1464
vn -0.0188 -0.9997 0.0134
vn -0.5065 -0.8497 0.1464
vn -0.1772 -0.9842 -0.0067
vn -0.1772 -0.9842 -0.0067
vn -0.4352 -0.8915 0.1261
vn 0.3081 -0.8983 -0.3131
vn -0.4352 -0.8915 0.1261
vn -0.8717 -0.4706 0.1364
vn -0.8344 -0.5511 -0.0065
vn -0.0632 0.0129 0.9979
vn -0.0632 0.0129 0.9979
vn -0.0632 0.0129 0.9979
vn -0.9686 0.2485 -0.0036
vn -0.9692 0.2364 0.0693
vn -0.9449 0.3255 0.0355
vn -0.9997 -0.0126 0.0225
vn -0.9692 0.2364 0.0693
vn -0.9930 0.1183 -0.0001
vn -0.9692 0.2364 0.0693
vn -0.9686 0.2485 -0.0036
vn -0.9930 0.1183 -0.0001
vn -0.4352 -0.8915 0.1261
vn -0.8344 -0.5511 -0.0065
vn -0.7086 -0.7056 0.0023
vn 0.0061 -0.7289 0.6846
vn 0.0021 -0.7444 0.6677
vn -0.0571 -0.8744 0.4818
vn -0.0124 -0.9977 0.0664
vn -0.0002 -0.9949 0.1012
vn 0.0000 -0.9989 0.0472
vn -0.0124 -0.9977 0.0664
vn 0.0000 -0.9989 0.0472
vn -0.0007 -1.0000 -0.0015
vn -0.0007 -1.0000 -0.0015
vn 0.0115 -0.9999 -0.0045
vn -0.0124 -0.9977 0.0664
vn -0.0000 -0.9824 0.1867
vn -0.0003 -0.9915 0.1299
vn -0.0124 -0.9977 0.0664
vn -0.0124 -0.9977 0.0664
vn -0.0003 -0.9915 0.1299
vn -0.0002 -0.9949 0.1012
vn -0.0571 -0.8744 0.4818
vn 0.0000 -0.9375 0.3481
vn 0.0006 -0.9540 0.2998
vn -0.0571 -0.8744 0.4818
vn 0.0006 -0.9540 0.2998
vn 0.0057 -0.9661 0.2582
vn -0.0124 -0.9977 0.0664
vn -0.0571 -0.8744 0.4818
vn 0.0057 -0.9661 0.2582
vn 0.0057 -0.9661 0.2582
vn 0.0002 -0.9747 0.2234
vn -0.0124 -0.9977 0.0664
vn -0.0124 -0.9977 0.0664
vn 0.0002 -0.9747 0.2234
vn -0.0000 -0.9824 0.1867
vn -0.0007 -0.9044 0.4267
vn -0.0005 -0.9238 0.3828
vn -0.0571 -0.8744 0.4818
vn -0.0571 -0.8744 0.4818
vn -0.0005 -0.9238 0.3828
vn 0.0000 -0.9375 0.3481
vn 0.0005 -0.7573 0.6530
vn -0.0001 -0.8017 0.5977
vn -0.0571 -0.8744 0.4818
vn -0.0571 -0.8744 0.4818
vn -0.0001 -0.8017 0.5977
vn -0.0005 -0.8244 0.5660
vn -0.0571 -0.8744 0.4818
vn -0.0005 -0.8244 0.5660
vn -0.0007 -0.8479 0.5301
vn -0.0571 -0.8744 0.4818
vn -0.0007 -0.8479 0.5301
vn -0.0010 -0.8684 0.4958
vn -0.0010 -0.8684 0.4958
vn -0.0009 -0.8863 0.4630
vn -0.0571 -0.8744 0.4818
vn -0.0571 -0.8744 0.4818
vn -0.0009 -0.8863 0.4630
vn -0.0007 -0.9044 0.4267
vn -0.0171 -0.6012 0.7989
vn -0.0005 -0.6874 0.7263
vn 0.0061 -0.7289 0.6846
vn 0.0001 -0.5069 0.8620
vn -0.0007 -0.5409 0.8411
vn -0.0171 -0.6012 0.7989
vn -0.0007 -0.5409 0.8411
vn 0.0003 -0.5574 0.8302
vn -0.0171 -0.6012 0.7989
vn 0.0010 -0.4582 0.8888
vn 0.0001 -0.4782 0.8783
vn -0.0171 -0.6012 0.7989
vn -0.0171 -0.6012 0.7989
vn 0.0001 -0.4782 0.8783
vn 0.0001 -0.5069 0.8620
vn 0.0023 -0.3508 0.9365
vn 0.0015 -0.4090 0.9125
vn -0.0171 -0.6012 0.7989
vn -0.0171 -0.6012 0.7989
vn 0.0015 -0.4090 0.9125
vn 0.0010 -0.4582 0.8888
vn -0.0002 -0.2595 0.9657
vn -0.0004 -0.2619 0.9651
vn -0.0657 -0.3167 0.9463
vn -0.1119 -0.2054 0.9723
vn 0.0004 -0.0385 0.9993
vn -0.0003 -0.0424 0.9991
vn -0.1589 -0.9143 0.3726
vn -0.0124 -0.9977 0.0664
vn 0.0203 -0.9998 -0.0070
vn -0.1589 -0.9143 0.3726
vn -0.0571 -0.8744 0.4818
vn -0.0124 -0.9977 0.0664
vn -0.0571 -0.8744 0.4818
vn -0.1589 -0.9143 0.3726
vn -0.0171 -0.6012 0.7989
vn -0.0171 -0.6012 0.7989
vn 0.0003 -0.5574 0.8302
vn -0.0006 -0.5714 0.8207
vn -0.4352 -0.8915 0.1261
vn -0.3371 -0.6083 0.7185
vn -0.1589 -0.9143 0.3726
vn -0.0171 -0.6012 0.7989
vn -0.1589 -0.9143 0.3726
vn -0.3371 -0.6083 0.7185
vn -0.3371 -0.6083 0.7185
vn -0.0657 -0.3167 0.9463
vn -0.0171 -0.6012 0.7989
vn -0.0171 -0.6012 0.7989
vn -0.0657 -0.3167 0.9463
vn 0.0023 -0.3508 0.9365
vn 0.0005 -0.1762 0.9844
vn -0.0002 -0.2595 0.9657
vn -0.0657 -0.3167 0.9463
vn -0.4058 0.2672 0.8740
vn -0.1119 -0.2054 0.9723
vn -0.0657 -0.3167 0.9463
vn -0.0657 -0.3167 0.9463
vn -0.1119 -0.2054 0.9723
vn 0.0005 -0.1762 0.9844
vn -0.1119 -0.2054 0.9723
vn -0.0003 -0.1792 0.9838
vn 0.0005 -0.1762 0.9844
vn -0.0571 -0.8744 0.4818
vn 0.0021 -0.7444 0.6677
vn 0.0005 -0.7573 0.6530
vn -0.0571 -0.8744 0.4818
vn -0.0171 -0.6012 0.7989
vn 0.0061 -0.7289 0.6846
vn -0.0003 -0.6969 0.7171
vn -0.0005 -0.6874 0.7263
vn -0.0171 -0.6012 0.7989
vn 0.0006 -0.6294 0.7770
vn -0.0006 -0.6493 0.7605
vn -0.0006 -0.5714 0.8207
vn -0.0004 -0.1091 0.9940
vn -0.1119 -0.2054 0.9723
vn -0.0003 -0.0424 0.9991
vn 0.0003 -0.1138 0.9935
vn -0.0004 -0.1091 0.9940
vn -0.0003 -0.0424 0.9991
vn 0.0003 -0.1138 0.9935
vn -0.0003 -0.0424 0.9991
vn 0.0004 -0.0385 0.9993
vn 0.0004 -0.0385 0.9993
vn 0.0709 -0.1865 0.9799
vn 0.0003 -0.1138 0.9935
vn -0.0003 -0.1792 0.9838
vn -0.1119 -0.2054 0.9723
vn -0.0004 -0.1091 0.9940
vn -0.0003 -0.1792 0.9838
vn -0.0004 -0.1091 0.9940
vn -0.0028 -0.1598 0.9871
vn -0.0028 -0.1598 0.9871
vn 0.0005 -0.1762 0.9844
vn -0.0003 -0.1792 0.9838
vn 0.0002 -0.2578 0.9662
vn 0.0003 -0.2893 0.9572
vn -0.0002 -0.2595 0.9657
vn -0.0002 -0.2595 0.9657
vn 0.0005 -0.1762 0.9844
vn -0.0007 -0.1911 0.9816
vn -0.0007 -0.1911 0.9816
vn 0.0002 -0.2578 0.9662
vn -0.0002 -0.2595 0.9657
vn 0.0005 -0.1762 0.9844
vn -0.0028 -0.1598 0.9871
vn -0.0007 -0.1911 0.9816
vn 0.0002 -0.2967 0.9550
vn 0.0023 -0.3508 0.9365
vn -0.0657 -0.3167 0.9463
vn -0.0657 -0.3167 0.9463
vn -0.0004 -0.2619 0.9651
vn 0.0002 -0.2967 0.9550
vn 0.0003 -0.2893 0.9572
vn 0.0002 -0.2967 0.9550
vn -0.0004 -0.2619 0.9651
vn -0.0004 -0.2619 0.9651
vn -0.0002 -0.2595 0.9657
vn 0.0003 -0.2893 0.9572
vn 0.0006 -0.4684 0.8835
vn 0.0010 -0.4582 0.8888
vn 0.0015 -0.4090 0.9125
vn 0.1397 -0.5018 0.8536
vn 0.0006 -0.4684 0.8835
vn 0.0015 -0.4090 0.9125
vn 0.0023 -0.3508 0.9365
vn 0.0002 -0.2967 0.9550
vn 0.0009 -0.2567 0.9665
vn 0.0015 -0.4090 0.9125
vn 0.0023 -0.3508 0.9365
vn 0.0009 -0.2567 0.9665
vn 0.0009 -0.2567 0.9665
vn 0.1397 -0.5018 0.8536
vn 0.0015 -0.4090 0.9125
vn 0.0007 -0.4886 0.8725
vn 0.0360 -0.5800 0.8139
vn 0.0003 -0.5574 0.8302
vn 0.0003 -0.5574 0.8302
vn -0.0007 -0.5409 0.8411
vn 0.0007 -0.4886 0.8725
vn 0.0007 -0.4886 0.8725
vn -0.0007 -0.5409 0.8411
vn 0.0001 -0.5069 0.8620
vn 0.0007 -0.4787 0.8780
vn 0.0007 -0.4886 0.8725
vn 0.0001 -0.5069 0.8620
vn 0.0001 -0.5069 0.8620
vn 0.0001 -0.4782 0.8783
vn 0.0007 -0.4787 0.8780
vn 0.0006 -0.4684 0.8835
vn 0.0007 -0.4787 0.8780
vn 0.0001 -0.4782 0.8783
vn 0.0001 -0.4782 0.8783
vn 0.0010 -0.4582 0.8888
vn 0.0006 -0.4684 0.8835
vn -0.0006 -0.6493 0.7605
vn -0.0003 -0.6969 0.7171
vn -0.0171 -0.6012 0.7989
vn -0.0171 -0.6012 0.7989
vn -0.0006 -0.5714 0.8207
vn -0.0006 -0.6493 0.7605
vn 0.0003 -0.5574 0.8302
vn 0.0360 -0.5800 0.8139
vn 0.0004 -0.6521 0.7581
vn -0.0006 -0.5714 0.8207
vn 0.0003 -0.5574 0.8302
vn 0.0004 -0.6521 0.7581
vn 0.0004 -0.6521 0.7581
vn 0.0006 -0.6294 0.7770
vn -0.0006 -0.5714 0.8207
vn -0.0003 -0.6969 0.7171
vn -0.0006 -0.6493 0.7605
vn -0.0006 -0.6707 0.7417
vn -0.0006 -0.6707 0.7417
vn -0.0001 -0.6858 0.7278
vn -0.0003 -0.6969 0.7171
vn -0.0005 -0.6874 0.7263
vn -0.0003 -0.6969 0.7171
vn -0.0001 -0.6858 0.7278
vn 0.0061 -0.7289 0.6846
vn -0.0005 -0.6874 0.7263
vn -0.0001 -0.6858 0.7278
vn -0.0001 -0.6858 0.7278
vn -0.0027 -0.7336 0.6796
vn 0.0061 -0.7289 0.6846
vn 0.0005 -0.7573 0.6530
vn 0.0021 -0.7444 0.6677
vn -0.0027 -0.7336 0.6796
vn 0.0021 -0.7444 0.6677
vn 0.0061 -0.7289 0.6846
vn -0.0027 -0.7336 0.6796
vn -0.0019 -1.0000 0.0016
vn -0.0251 -0.9987 -0.0445
vn -0.0007 -1.0000 -0.0015
vn -0.0007 -1.0000 -0.0015
vn 0.0000 -0.9989 0.0472
vn -0.0019 -1.0000 0.0016
vn -0.0000 -0.9968 0.0797
vn -0.0019 -1.0000 0.0016
vn 0.0000 -0.9989 0.0472
vn 0.0000 -0.9989 0.0472
vn -0.0002 -0.9949 0.1012
vn -0.0000 -0.9968 0.0797
vn 0.0003 -0.9922 0.1243
vn -0.0000 -0.9968 0.0797
vn -0.0002 -0.9949 0.1012
vn -0.0002 -0.9949 0.1012
vn -0.0003 -0.9915 0.1299
vn 0.0003 -0.9922 0.1243
vn 0.0007 -0.9848 0.1735
vn 0.0003 -0.9922 0.1243
vn -0.0003 -0.9915 0.1299
vn -0.0003 -0.9915 0.1299
vn -0.0000 -0.9824 0.1867
vn 0.0007 -0.9848 0.1735
vn 0.0007 -0.9780 0.2084
vn 0.0007 -0.9848 0.1735
vn -0.0000 -0.9824 0.1867
vn -0.0000 -0.9824 0.1867
vn 0.0002 -0.9747 0.2234
vn 0.0007 -0.9780 0.2084
vn 0.0007 -0.9690 0.2470
vn 0.0007 -0.9780 0.2084
vn 0.0002 -0.9747 0.2234
vn 0.0002 -0.9747 0.2234
vn 0.0057 -0.9661 0.2582
vn 0.0007 -0.9690 0.2470
vn 0.0006 -0.9577 0.2877
vn 0.0007 -0.9690 0.2470
vn 0.0057 -0.9661 0.2582
vn 0.0057 -0.9661 0.2582
vn 0.0006 -0.9540 0.2998
vn 0.0006 -0.9577 0.2877
vn 0.0002 -0.9445 0.3285
vn 0.0006 -0.9577 0.2877
vn 0.0006 -0.9540 0.2998
vn 0.0006 -0.9540 0.2998
vn 0.0000 -0.9375 0.3481
vn 0.0002 -0.9445 0.3285
vn -0.0002 -0.9280 0.3726
vn 0.0002 -0.9445 0.3285
vn 0.0000 -0.9375 0.3481
vn 0.0000 -0.9375 0.3481
vn -0.0005 -0.9238 0.3828
vn -0.0002 -0.9280 0.3726
vn -0.0012 -0.9071 0.4209
vn -0.0002 -0.9280 0.3726
vn -0.0005 -0.9238 0.3828
vn -0.0005 -0.9238 0.3828
vn -0.0007 -0.9044 0.4267
vn -0.0012 -0.9071 0.4209
vn -0.0052 -0.8962 0.4437
vn -0.0012 -0.9071 0.4209
vn -0.0007 -0.9044 0.4267
vn -0.0007 -0.9044 0.4267
vn -0.0009 -0.8863 0.4630
vn -0.0052 -0.8962 0.4437
vn -0.0002 -0.8734 0.4869
vn -0.0052 -0.8962 0.4437
vn -0.0009 -0.8863 0.4630
vn -0.0009 -0.8863 0.4630
vn -0.0010 -0.8684 0.4958
vn -0.0002 -0.8734 0.4869
vn 0.0002 -0.8516 0.5242
vn -0.0002 -0.8734 0.4869
vn -0.0010 -0.8684 0.4958
vn -0.0010 -0.8684 0.4958
vn -0.0007 -0.8479 0.5301
vn 0.0002 -0.8516 0.5242
vn 0.0003 -0.8350 0.5503
vn 0.0002 -0.8516 0.5242
vn -0.0007 -0.8479 0.5301
vn -0.0007 -0.8479 0.5301
vn -0.0005 -0.8244 0.5660
vn 0.0003 -0.8350 0.5503
vn 0.0003 -0.8090 0.5878
vn 0.0003 -0.8350 0.5503
vn -0.0005 -0.8244 0.5660
vn -0.0005 -0.8244 0.5660
vn -0.0001 -0.8017 0.5977
vn 0.0003 -0.8090 0.5878
vn 0.0002 -0.7744 0.6327
vn 0.0003 -0.8090 0.5878
vn -0.0001 -0.8017 0.5977
vn -0.0001 -0.8017 0.5977
vn 0.0005 -0.7573 0.6530
vn 0.0002 -0.7744 0.6327
vn 0.0000 -0.7467 0.6652
vn 0.0002 -0.7744 0.6327
vn 0.0005 -0.7573 0.6530
vn 0.0005 -0.7573 0.6530
vn -0.0027 -0.7336 0.6796
vn 0.0000 -0.7467 0.6652
vn 0.0709 -0.1865 0.9799
vn 0.0004 -0.0385 0.9993
vn -0.0317 -0.0947 0.9950
vn -0.0317 -0.0947 0.9950
vn -0.1119 -0.2054 0.9723
vn -0.3371 -0.6083 0.7185
vn -0.1119 -0.2054 0.9723
vn -0.0317 -0.0947 0.9950
vn 0.0004 -0.0385 0.9993
vn -0.0874 -0.3162 0.9446
vn 0.0709 -0.1865 0.9799
vn -0.0317 -0.0947 0.9950
vn -0.3371 -0.6083 0.7185
vn -0.6396 -0.7525 0.1566
vn -0.5044 -0.8621 0.0476
vn -0.7086 -0.7056 0.0023
vn -0.5044 -0.8621 0.0476
vn -0.6396 -0.7525 0.1566
vn -0.0317 -0.0947 0.9950
vn -0.3371 -0.6083 0.7185
vn -0.0874 -0.3162 0.9446
vn -0.4352 -0.8915 0.1261
vn -0.6396 -0.7525 0.1566
vn -0.3371 -0.6083 0.7185
vn -0.4317 -0.8117 0.3934
vn -0.0874 -0.3162 0.9446
vn -0.5044 -0.8621 0.0476
vn -0.4317 -0.8117 0.3934
vn -0.0955 -0.5066 0.8569
vn -0.0874 -0.3162 0.9446
vn -0.7086 -0.7056 0.0023
vn -0.6396 -0.7525 0.1566
vn -0.4352 -0.8915 0.1261
vn -0.0874 -0.3162 0.9446
vn -0.3371 -0.6083 0.7185
vn -0.5044 -0.8621 0.0476
vn -0.0955 -0.5066 0.8569
vn -0.3026 -0.0980 0.9481
vn -0.3026 -0.0980 0.9481
vn -0.2511 -0.8376 0.4851
vn -0.4317 -0.8117 0.3934
vn -0.3890 -0.9178 0.0788
vn -0.0955 -0.5066 0.8569
vn -0.2511 -0.8376 0.4851
vn -0.0304 -0.9357 0.3514
vn -0.0955 -0.5066 0.8569
vn -0.0304 -0.9357 0.3514
vn -0.0046 -0.9223 0.3865
vn 0.0002 -0.9993 0.0376
vn -0.0015 -0.6295 0.7770
vn -0.0046 -0.9223 0.3865
vn -0.0015 -0.6295 0.7770
vn -0.0955 -0.5066 0.8569
vn -0.0046 -0.9223 0.3865
vn -0.0015 -0.6295 0.7770
vn 0.1829 -0.6272 0.7571
vn -0.0955 -0.5066 0.8569
vn 0.0002 -0.9993 0.0376
vn 0.0000 -1.0000 0.0000
vn 0.0000 -1.0000 0.0000
vn -0.0015 -0.6295 0.7770
vn 0.0138 -0.9970 0.0763
vn 0.1829 -0.6272 0.7571
vn 0.0138 -0.9970 0.0763
vn -0.0015 -0.6295 0.7770
vn 0.0002 -0.9993 0.0376
vn 0.0138 -0.9970 0.0763
vn 0.0002 -0.9993 0.0376
vn 0.0000 -1.0000 0.0000
vn 0.0000 -1.0000 0.0000
vn 0.0000 -1.0000 0.0000
vn 0.0138 -0.9970 0.0763
vn 0.0368 -0.2435 0.9692
vn -0.0955 -0.5066 0.8569
vn 0.1829 -0.6272 0.7571
vn -0.8912 0.4296 -0.1458
vn -0.8912 0.4296 -0.1458
vn -0.8912 0.4296 -0.1458
vn -0.9957 0.0815 -0.0438
vn -0.9957 0.0815 -0.0438
vn -0.9957 0.0815 -0.0438
vn -0.6817 -0.7142 -0.1588
vn -0.2871 -0.9574 -0.0320
vn -0.1724 -0.9610 -0.2161
vn -0.1038 -0.8811 -0.4615
vn -0.1724 -0.9610 -0.2161
vn -0.2850 -0.5125 -0.8100
vn -0.0079 -0.9887 -0.1499
vn -0.0653 -0.5999 -0.7974
vn -0.1038 -0.8811 -0.4615
vn 0.0013 -0.9984 -0.0570
vn -0.0079 -0.9887 -0.1499
vn 0.0569 -0.9483 -0.3123
vn 0.1066 -0.9880 0.1117
vn 0.0013 -0.9984 -0.0570
vn 0.0569 -0.9483 -0.3123
vn -0.0584 -0.2233 -0.9730
vn -0.0584 -0.2233 -0.9730
vn -0.1038 -0.8811 -0.4615
vn -0.1933 -0.1217 -0.9736
vn -0.1933 -0.1217 -0.9736
vn -0.1933 -0.1217 -0.9736
vn 0.0266 -0.9990 -0.0362
vn 0.0569 -0.9483 -0.3123
vn -0.1038 -0.8811 -0.4615
vn 0.3490 -0.9351 -0.0614
vn 0.4690 -0.8758 0.1139
vn 0.2401 -0.9545 0.1769
vn 0.6657 0.6134 -0.4250
vn 0.6657 0.6134 -0.4250
vn 0.6657 0.6134 -0.4250
vn 0.0223 -0.9898 -0.1409
vn 0.1989 -0.9751 -0.0980
vn 0.5040 -0.8219 -0.2654
vn 0.1989 -0.9751 -0.0980
vn 0.4690 -0.8758 0.1139
vn 0.5040 -0.8219 -0.2654
vn 0.1860 -0.2526 -0.9495
vn 0.1860 -0.2526 -0.9495
vn 0.1860 -0.2526 -0.9495
vn 0.1989 -0.9751 -0.0980
vn 0.0223 -0.9898 -0.1409
vn 0.0569 -0.9483 -0.3123
vn -0.0955 -0.5066 0.8569
vn 0.0368 -0.2435 0.9692
vn -0.0874 -0.3162 0.9446
vn 0.5753 -0.7834 0.2350
vn 0.4927 -0.8634 0.1090
vn 0.6434 -0.7630 -0.0631
vn 0.5753 -0.7834 0.2350
vn 0.0709 -0.1865 0.9799
vn 0.4927 -0.8634 0.1090
vn 0.1934 -0.6158 0.7638
vn 0.4927 -0.8634 0.1090
vn 0.0709 -0.1865 0.9799
vn 0.0709 -0.1865 0.9799
vn 0.0368 -0.2435 0.9692
vn 0.1934 -0.6158 0.7638
vn 0.0368 -0.2435 0.9692
vn 0.0709 -0.1865 0.9799
vn -0.0874 -0.3162 0.9446
vn 0.4690 -0.8758 0.1139
vn 0.1934 -0.6158 0.7638
vn -0.0374 -0.9572 0.2871
vn 0.1829 -0.6272 0.7571
vn 0.5267 -0.2764 0.8039
vn 0.0368 -0.2435 0.9692
vn 0.1829 -0.6272 0.7571
vn 0.4544 0.0829 0.8869
vn 0.4544 0.0829 0.8869
vn -0.0304 -0.9357 0.3514
vn 0.0200 -0.9304 -0.3661
vn 0.0000 -1.0000 0.0000
vn 0.0000 -1.0000 0.0000
vn -0.1218 -0.9027 -0.4127
vn -0.0304 -0.9357 0.3514
vn -0.0046 -0.9223 0.3865
vn -0.0304 -0.9357 0.3514
vn -0.1218 -0.9027 -0.4127
vn -0.1239 -0.9188 -0.3749
vn 0.2401 -0.9545 0.1769
vn -0.0123 -0.9998 0.0135
vn 0.0008 -1.0000 -0.0037
vn 0.0008 -1.0000 -0.0037
vn -0.2511 -0.8376 0.4851
vn -0.1218 -0.9027 -0.4127
vn 0.0000 -1.0000 0.0000
vn -0.0046 -0.9223 0.3865
vn -0.0046 -0.9223 0.3865
vn 0.0000 -1.0000 0.0000
vn -0.2859 -0.8952 -0.3418
vn 0.0002 -0.9993 0.0376
vn -0.0046 -0.9223 0.3865
vn -0.2859 -0.8952 -0.3418
vn -0.2859 -0.8952 -0.3418
vn 0.0000 -1.0000 0.0000
vn 0.0002 -0.9993 0.0376
vn 0.0000 -1.0000 0.0000
vn -0.0854 -0.9949 -0.0546
vn 0.0002 -0.9993 0.0376
vn -0.0854 -0.9949 -0.0546
vn 0.0000 -1.0000 0.0000
vn 0.0002 -0.9993 0.0376
vn 0.1306 -0.7943 -0.5933
vn -0.0018 -0.9999 0.0128
vn -0.0018 -0.9999 0.0128
vn 0.0269 -0.9996 0.0048
vn 0.0138 -0.9970 0.0763
vn 0.1306 -0.7943 -0.5933
vn 0.0000 -1.0000 0.0000
vn 0.1306 -0.7943 -0.5933
vn 0.0138 -0.9970 0.0763
vn 0.0138 -0.9970 0.0763
vn 0.0000 -1.0000 0.0000
vn 0.0000 -1.0000 -0.0000
vn 0.3526 -0.7689 -0.5334
vn 0.0000 -1.0000 0.0000
vn 0.0000 -1.0000 0.0000
vn 0.0000 -1.0000 0.0000
vn 0.0000 -1.0000 0.0000
vn 0.3526 -0.7689 -0.5334
vn 0.4086 -0.7946 -0.4492
vn 0.3526 -0.7689 -0.5334
vn 0.0000 -1.0000 0.0000
vn 0.0000 -1.0000 0.0000
vn 0.0000 -1.0000 0.0000
vn 0.4086 -0.7946 -0.4492
vn 0.0000 -1.0000 0.0000
vn 0.4086 -0.7946 -0.4492
vn 0.0000 -1.0000 0.0000
vn 0.0017 -0.9999 0.0120
vn 0.0017 -0.9999 0.0120
vn 0.0017 -0.9999 0.0120
vn 0.0026 -0.9999 0.0119
vn -0.1239 -0.9188 -0.3749
vn 0.0026 -0.9999 0.0119
vn 0.2401 -0.9545 0.1769
vn -0.0029 -1.0000 -0.0014
vn -0.0029 -1.0000 -0.0014
vn -0.3278 -0.9423 -0.0682
vn 0.3490 -0.9351 -0.0614
vn 0.2401 -0.9545 0.1769
vn 0.2401 -0.9545 0.1769
vn -0.0034 -1.0000 -0.0009
vn -0.3278 -0.9423 -0.0682
vn -0.2357 -0.8890 0.3927
vn 0.0111 -0.9992 -0.0381
vn -0.1038 -0.8811 -0.4615
vn -0.0304 -0.9357 0.3514
vn -0.2511 -0.8376 0.4851
vn 0.0200 -0.9304 -0.3661
vn 0.0005 -1.0000 -0.0039
vn 0.0200 -0.9304 -0.3661
vn -0.2511 -0.8376 0.4851
vn 0.0000 -1.0000 0.0000
vn 0.0000 -1.0000 0.0000
vn -0.3383 -0.9384 -0.0697
vn -0.3383 -0.9384 -0.0697
vn 0.0000 -1.0000 0.0000
vn 0.0000 -1.0000 0.0000
vn 0.0000 -1.0000 0.0000
vn 0.0000 -1.0000 0.0000
vn -0.3383 -0.9384 -0.0697
vn 0.0000 -1.0000 0.0000
vn 0.0000 -1.0000 0.0000
vn -0.3383 -0.9384 -0.0697
vn -0.3383 -0.9384 -0.0697
vn 0.0000 -1.0000 0.0000
vn 0.0000 -1.0000 0.0000
vn -0.0019 -1.0000 -0.0025
vn -0.0019 -1.0000 -0.0025
vn 0.2401 -0.9545 0.1769
vn -0.0021 -1.0000 -0.0022
vn -0.0021 -1.0000 -0.0022
vn 0.2401 -0.9545 0.1769
vn -0.0025 -1.0000 -0.0018
vn -0.0025 -1.0000 -0.0018
vn 0.2401 -0.9545 0.1769
vn 0.3490 -0.9351 -0.0614
vn -0.0022 -1.0000 0.0010
vn -0.0022 -1.0000 0.0010
vn -0.0022 -1.0000 0.0015
vn -0.2880 -0.9388 0.1889
vn 0.3490 -0.9351 -0.0614
vn 0.0181 -0.9995 -0.0265
vn 0.0181 -0.9995 -0.0265
vn 0.5040 -0.8219 -0.2654
vn 0.0054 -0.9393 0.3429
vn -0.0017 -0.9997 -0.0237
vn -0.1724 -0.9610 -0.2161
vn -0.1239 -0.9188 -0.3749
vn -0.0014 -1.0000 -0.0031
vn 0.2401 -0.9545 0.1769
vn -0.2880 -0.9388 0.1889
vn 0.0232 -0.9995 -0.0235
vn 0.5040 -0.8219 -0.2654
vn 0.5040 -0.8219 -0.2654
vn 0.3490 -0.9351 -0.0614
vn -0.2880 -0.9388 0.1889
vn -0.3383 -0.9384 -0.0697
vn 0.0151 -0.9946 0.1026
vn 0.0000 -1.0000 0.0000
vn 0.0151 -0.9946 0.1026
vn -0.3383 -0.9384 -0.0697
vn 0.0000 -1.0000 0.0000
vn 0.0151 -0.9946 0.1026
vn 0.0000 -1.0000 0.0000
vn 0.0000 -1.0000 0.0000
vn -0.1038 -0.8811 -0.4615
vn 0.0028 -0.9992 -0.0390
vn 0.0054 -0.9393 0.3429
vn 0.3490 -0.9351 -0.0614
vn -0.3278 -0.9423 -0.0682
vn -0.0025 -1.0000 -0.0002
vn -0.0024 -1.0000 0.0002
vn -0.0024 -1.0000 0.0002
vn 0.3490 -0.9351 -0.0614
vn 0.3490 -0.9351 -0.0614
vn -0.0023 -1.0000 0.0006
vn -0.0023 -1.0000 0.0006
vn 0.0095 -0.9994 -0.0326
vn -0.0693 -0.8713 0.4858
vn 0.5040 -0.8219 -0.2654
vn -0.0625 -0.9980 0.0031
vn -0.3139 -0.9346 0.1674
vn 0.1066 -0.9880 0.1117
vn 0.1066 -0.9880 0.1117
vn 0.3902 -0.7283 0.5634
vn -0.0625 -0.9980 0.0031
vn -0.0625 -0.9980 0.0031
vn 0.0569 -0.9483 -0.3123
vn 0.0223 -0.9898 -0.1409
vn -0.3084 -0.9205 0.2398
vn -0.2706 -0.9120 0.3083
vn -0.0079 -0.9887 -0.1499
vn 0.0054 -0.9393 0.3429
vn -0.1724 -0.9610 -0.2161
vn -0.1038 -0.8811 -0.4615
vn -0.1724 -0.9610 -0.2161
vn -0.0061 -0.9998 -0.0210
vn -0.0061 -0.9998 -0.0210
vn 0.0000 -1.0000 0.0000
vn 0.0000 -1.0000 0.0000
vn -0.3383 -0.9384 -0.0697
vn -0.3383 -0.9384 -0.0697
vn 0.0000 -1.0000 0.0000
vn 0.6765 -0.7362 0.0191
vn -0.6379 -0.7280 -0.2513
vn -0.3383 -0.9384 -0.0697
vn 0.6765 -0.7362 0.0191
vn 0.6765 -0.7362 0.0191
vn 0.6694 -0.7363 -0.0988
vn -0.6379 -0.7280 -0.2513
vn 0.6694 -0.7363 -0.0988
vn -0.0854 -0.9949 -0.0546
vn -0.6379 -0.7280 -0.2513
vn 0.6694 -0.7363 -0.0988
vn 0.1185 -0.9922 -0.0388
vn -0.0854 -0.9949 -0.0546
vn 0.0000 -1.0000 0.0000
vn -0.0854 -0.9949 -0.0546
vn 0.1185 -0.9922 -0.0388
vn 0.1185 -0.9922 -0.0388
vn 0.0000 -1.0000 0.0000
vn 0.0000 -1.0000 0.0000
vn 0.0000 -1.0000 0.0000
vn 0.0000 -1.0000 0.0000
vn 0.0000 -1.0000 0.0000
vn 0.0137 -0.9995 -0.0295
vn 0.0137 -0.9995 -0.0295
vn 0.5040 -0.8219 -0.2654
vn 0.0151 -0.9946 0.1026
vn 0.0000 -1.0000 0.0000
vn -0.0625 -0.9980 0.0031
vn -0.0625 -0.9980 0.0031
vn 0.0223 -0.9898 -0.1409
vn 0.0151 -0.9946 0.1026
vn 0.0223 -0.9898 -0.1409
vn -0.0006 -1.0000 -0.0077
vn 0.0151 -0.9946 0.1026
vn -0.0693 -0.8713 0.4858
vn 0.0005 -1.0000 -0.0075
vn 0.0223 -0.9898 -0.1409
vn 0.0223 -0.9898 -0.1409
vn 0.5040 -0.8219 -0.2654
vn -0.0693 -0.8713 0.4858
vn -0.3084 -0.9205 0.2398
vn -0.0079 -0.9887 -0.1499
vn 0.0013 -0.9984 -0.0570
vn -0.3139 -0.9346 0.1674
vn -0.3084 -0.9205 0.2398
vn 0.0013 -0.9984 -0.0570
vn 0.0013 -0.9984 -0.0570
vn 0.1066 -0.9880 0.1117
vn -0.3139 -0.9346 0.1674
vn -0.0090 -0.9998 -0.0194
vn -0.0090 -0.9998 -0.0194
vn -0.1724 -0.9610 -0.2161
vn 0.2340 -0.9370 0.2594
vn -0.6817 -0.7142 -0.1588
vn -0.1724 -0.9610 -0.2161
vn -0.1724 -0.9610 -0.2161
vn -0.0161 -0.9997 -0.0162
vn 0.2340 -0.9370 0.2594
vn -0.2511 -0.8376 0.4851
vn 0.0025 -1.0000 -0.0025
vn 0.0025 -1.0000 -0.0025
vn 0.0021 -1.0000 -0.0027
vn 0.0021 -1.0000 -0.0027
vn -0.2511 -0.8376 0.4851
vn 0.0015 -1.0000 -0.0032
vn 0.0015 -1.0000 -0.0032
vn -0.2511 -0.8376 0.4851
vn -0.6817 -0.7142 -0.1588
vn 0.2340 -0.9370 0.2594
vn -0.0559 -0.9977 -0.0381
vn -0.6817 -0.7142 -0.1588
vn -0.0595 -0.9978 -0.0276
vn -0.0595 -0.9978 -0.0276
vn -0.6817 -0.7142 -0.1588
vn -0.0634 -0.9978 -0.0181
vn 0.5345 -0.8448 0.0263
vn -0.2511 -0.8376 0.4851
vn 0.2922 -0.9424 -0.1626
vn 0.0030 -1.0000 -0.0022
vn -0.1724 -0.9610 -0.2161
vn -0.0122 -0.9998 -0.0179
vn -0.0122 -0.9998 -0.0179
vn 0.2922 -0.9424 -0.1626
vn -0.2511 -0.8376 0.4851
vn -0.3890 -0.9178 0.0788
vn -0.0000 -1.0000 0.0000
vn 0.2922 -0.9424 -0.1626
vn -0.3890 -0.9178 0.0788
vn -0.1038 -0.8811 -0.4615
vn -0.0384 -0.9986 -0.0359
vn -0.2357 -0.8890 0.3927
vn -0.0384 -0.9986 -0.0359
vn 0.0000 -1.0000 0.0000
vn -0.2357 -0.8890 0.3927
vn -0.2706 -0.9120 0.3083
vn 0.0000 -1.0000 -0.0000
vn -0.0384 -0.9986 -0.0359
vn -0.0384 -0.9986 -0.0359
vn -0.0079 -0.9887 -0.1499
vn -0.2706 -0.9120 0.3083
vn 0.5345 -0.8448 0.0263
vn 0.0000 -1.0000 0.0000
vn -0.3890 -0.9178 0.0788
vn -0.3890 -0.9178 0.0788
vn -0.6817 -0.7142 -0.1588
vn 0.5345 -0.8448 0.0263
vn -0.3890 -0.9178 0.0788
vn 0.0000 -1.0000 0.0000
vn 0.0000 -1.0000 0.0000
vn 0.0000 -1.0000 0.0000
vn 0.0000 -1.0000 0.0000
vn -0.3890 -0.9178 0.0788
vn 0.9859 -0.0860 0.1436
vn 0.9957 -0.0883 -0.0273
vn 0.9641 -0.2640 0.0273
vn 0.9641 -0.2640 0.0273
vn 0.9966 0.0000 0.0827
vn 0.9859 -0.0860 0.1436
vn 0.9413 -0.0881 0.3258
vn 0.9859 -0.0860 0.1436
vn 0.9618 0.0000 0.2738
vn 0.9618 0.0000 0.2738
vn 0.8941 -0.2635 0.3622
vn 0.9413 -0.0881 0.3258
vn 0.8783 -0.0876 0.4700
vn 0.9413 -0.0881 0.3258
vn 0.8941 -0.2635 0.3622
vn 0.8941 -0.2635 0.3622
vn 0.8253 -0.2620 0.5001
vn 0.8783 -0.0876 0.4700
vn 0.7854 -0.0872 0.6129
vn 0.8783 -0.0876 0.4700
vn 0.8253 -0.2620 0.5001
vn 0.8253 -0.2620 0.5001
vn 0.8265 0.0000 0.5630
vn 0.7854 -0.0872 0.6129
vn 0.6559 -0.0875 0.7497
vn 0.7854 -0.0872 0.6129
vn 0.7036 0.0000 0.7106
vn 0.7036 0.0000 0.7106
vn 0.5894 -0.2741 0.7599
vn 0.6559 -0.0875 0.7497
vn 0.5144 -0.0875 0.8531
vn 0.6559 -0.0875 0.7497
vn 0.5894 -0.2741 0.7599
vn 0.5894 -0.2741 0.7599
vn 0.4503 -0.2820 0.8471
vn 0.5144 -0.0875 0.8531
vn 0.3711 -0.0875 0.9245
vn 0.5144 -0.0875 0.8531
vn 0.4503 -0.2820 0.8471
vn 0.4503 -0.2820 0.8471
vn 0.3131 -0.2805 0.9074
vn 0.3711 -0.0875 0.9245
vn 0.2081 -0.0876 0.9742
vn 0.3711 -0.0875 0.9245
vn 0.3131 -0.2805 0.9074
vn 0.3131 -0.2805 0.9074
vn 0.1359 -0.2684 0.9537
vn 0.2081 -0.0876 0.9742
vn 0.0225 -0.0875 0.9959
vn 0.2081 -0.0876 0.9742
vn 0.1359 -0.2684 0.9537
vn 0.1359 -0.2684 0.9537
vn 0.0713 0.0000 0.9975
vn 0.0225 -0.0875 0.9959
vn -0.1426 -0.0878 0.9859
vn 0.0225 -0.0875 0.9959
vn -0.0713 0.0000 0.9975
vn -0.0713 0.0000 0.9975
vn -0.1999 -0.3220 0.9254
vn -0.1426 -0.0878 0.9859
vn -0.3263 -0.0873 0.9412
vn -0.1426 -0.0878 0.9859
vn -0.1999 -0.3220 0.9254
vn -0.1999 -0.3220 0.9254
vn -0.2783 0.0000 0.9605
vn -0.3263 -0.0873 0.9412
vn -0.4690 -0.0873 0.8789
vn -0.3263 -0.0873 0.9412
vn -0.4204 0.0000 0.9074
vn -0.4204 0.0000 0.9074
vn -0.4840 -0.3545 0.8000
vn -0.4690 -0.0873 0.8789
vn -0.6119 -0.0876 0.7860
vn -0.4690 -0.0873 0.8789
vn -0.4840 -0.3545 0.8000
vn -0.4840 -0.3545 0.8000
vn -0.5643 0.0000 0.8256
vn -0.6119 -0.0876 0.7860
vn -0.7466 -0.0879 0.6595
vn -0.6119 -0.0876 0.7860
vn -0.7036 0.0000 0.7106
vn -0.7036 0.0000 0.7106
vn -0.7036 0.0000 0.7106
vn -0.7466 -0.0879 0.6595
vn -0.8530 -0.0871 0.5146
vn -0.7466 -0.0879 0.6595
vn -0.8265 0.0000 0.5630
vn -0.8265 0.0000 0.5630
vn -0.8265 0.0000 0.5630
vn -0.8530 -0.0871 0.5146
vn -0.9240 -0.0866 0.3724
vn -0.8530 -0.0871 0.5146
vn -0.9069 0.0000 0.4214
vn -0.9069 0.0000 0.4214
vn -0.9069 0.0000 0.4214
vn -0.9240 -0.0866 0.3724
vn -0.9750 -0.0890 0.2038
vn -0.9240 -0.0866 0.3724
vn -0.9618 0.0000 0.2738
vn -0.9618 0.0000 0.2738
vn -0.7713 -0.6267 0.1110
vn -0.9750 -0.0890 0.2038
vn -0.9959 -0.0864 0.0267
vn -0.9750 -0.0890 0.2038
vn -0.7713 -0.6267 0.1110
vn -0.7713 -0.6267 0.1110
vn -0.7705 -0.6371 -0.0223
vn -0.9959 -0.0864 0.0267
vn -0.9853 -0.0877 -0.1469
vn -0.9959 -0.0864 0.0267
vn -0.7705 -0.6371 -0.0223
vn -0.7705 -0.6371 -0.0223
vn -0.9961 0.0000 -0.0886
vn -0.9853 -0.0877 -0.1469
vn -0.9462 -0.0872 -0.3117
vn -0.9853 -0.0877 -0.1469
vn -0.9667 0.0000 -0.2558
vn -0.9667 0.0000 -0.2558
vn -0.6379 -0.7280 -0.2513
vn -0.9462 -0.0872 -0.3117
vn -0.8732 -0.0867 -0.4796
vn -0.9462 -0.0872 -0.3117
vn -0.6379 -0.7280 -0.2513
vn -0.6379 -0.7280 -0.2513
vn -0.9073 0.0000 -0.4205
vn -0.8732 -0.0867 -0.4796
vn -0.7668 -0.0874 -0.6359
vn -0.8732 -0.0867 -0.4796
vn -0.8023 0.0000 -0.5969
vn -0.8023 0.0000 -0.5969
vn -0.6608 -0.4442 -0.6050
vn -0.7668 -0.0874 -0.6359
vn -0.6695 -0.0873 -0.7377
vn -0.7668 -0.0874 -0.6359
vn -0.6608 -0.4442 -0.6050
vn -0.6608 -0.4442 -0.6050
vn -0.7036 0.0000 -0.7106
vn -0.6695 -0.0873 -0.7377
vn -0.5477 -0.0869 -0.8321
vn -0.6695 -0.0873 -0.7377
vn -0.6102 0.0000 -0.7922
vn -0.6102 0.0000 -0.7922
vn -0.4574 -0.3475 -0.8185
vn -0.5477 -0.0869 -0.8321
vn -0.3499 -0.0872 -0.9327
vn -0.5477 -0.0869 -0.8321
vn -0.4574 -0.3475 -0.8185
vn -0.4574 -0.3475 -0.8185
vn -0.4204 0.0000 -0.9074
vn -0.3499 -0.0872 -0.9327
vn -0.1857 -0.0869 -0.9788
vn -0.3499 -0.0872 -0.9327
vn -0.2113 0.0000 -0.9774
vn -0.2113 0.0000 -0.9774
vn -0.1572 -0.2644 -0.9515
vn -0.1857 -0.0869 -0.9788
vn -0.0442 -0.0874 -0.9952
vn -0.1857 -0.0869 -0.9788
vn -0.1572 -0.2644 -0.9515
vn -0.1572 -0.2644 -0.9515
vn -0.1392 0.0000 -0.9903
vn -0.0442 -0.0874 -0.9952
vn 0.1631 -0.0864 -0.9828
vn -0.0442 -0.0874 -0.9952
vn 0.1392 0.0000 -0.9903
vn 0.1392 0.0000 -0.9903
vn 0.1813 -0.2455 -0.9523
vn 0.1631 -0.0864 -0.9828
vn 0.2838 -0.0875 -0.9549
vn 0.1631 -0.0864 -0.9828
vn 0.1813 -0.2455 -0.9523
vn 0.1813 -0.2455 -0.9523
vn 0.3409 -0.2598 -0.9035
vn 0.2838 -0.0875 -0.9549
vn 0.4877 -0.0878 -0.8686
vn 0.2838 -0.0875 -0.9549
vn 0.3409 -0.2598 -0.9035
vn 0.3409 -0.2598 -0.9035
vn 0.5310 -0.2695 -0.8034
vn 0.4877 -0.0878 -0.8686
vn 0.6401 -0.0862 -0.7634
vn 0.4877 -0.0878 -0.8686
vn 0.5310 -0.2695 -0.8034
vn 0.5310 -0.2695 -0.8034
vn 0.6478 -0.2704 -0.7122
vn 0.6401 -0.0862 -0.7634
vn 0.7357 -0.0864 -0.6717
vn 0.6401 -0.0862 -0.7634
vn 0.6478 -0.2704 -0.7122
vn 0.6478 -0.2704 -0.7122
vn 0.7440 -0.2606 -0.6153
vn 0.7357 -0.0864 -0.6717
vn 0.8401 -0.0880 -0.5353
vn 0.7357 -0.0864 -0.6717
vn 0.7440 -0.2606 -0.6153
vn 0.7440 -0.2606 -0.6153
vn 0.8023 0.0000 -0.5969
vn 0.8401 -0.0880 -0.5353
vn 0.9274 -0.0875 -0.3637
vn 0.8401 -0.0880 -0.5353
vn 0.9073 0.0000 -0.4205
vn 0.9073 0.0000 -0.4205
vn 0.9203 -0.2492 -0.3016
vn 0.9274 -0.0875 -0.3637
vn 0.9760 -0.0869 -0.1996
vn 0.9274 -0.0875 -0.3637
vn 0.9203 -0.2492 -0.3016
vn 0.9203 -0.2492 -0.3016
vn 0.9541 -0.2643 -0.1408
vn 0.9760 -0.0869 -0.1996
vn 0.9957 -0.0883 -0.0273
vn 0.9760 -0.0869 -0.1996
vn 0.9541 -0.2643 -0.1408
vn 0.9541 -0.2643 -0.1408
vn 0.9641 -0.2640 0.0273
vn 0.9957 -0.0883 -0.0273
vn 0.0000 -1.0000 0.0000
vn 0.4963 -0.8566 0.1413
vn 0.4963 -0.8566 0.1413
vn 0.0000 -1.0000 0.0000
vn 0.5145 -0.8564 0.0427
vn 0.5145 -0.8564 0.0427
vn 0.0000 -1.0000 0.0000
vn 0.3627 -0.8569 0.3662
vn 0.3627 -0.8569 0.3662
vn 0.0000 -1.0000 0.0000
vn 0.4264 -0.8566 0.2905
vn 0.4264 -0.8566 0.2905
vn 0.0000 -1.0000 0.0000
vn 0.4683 -0.8563 0.2176
vn 0.4683 -0.8563 0.2176
vn 0.0000 -1.0000 0.0000
vn 0.1435 -0.8567 0.4954
vn 0.1435 -0.8567 0.4954
vn 0.0000 -1.0000 0.0000
vn 0.2170 -0.8564 0.4684
vn 0.2170 -0.8564 0.4684
vn 0.0000 -1.0000 0.0000
vn 0.2911 -0.8567 0.4259
vn 0.2911 -0.8567 0.4259
vn 0.0000 -1.0000 0.0000
vn -0.1435 -0.8567 0.4954
vn -0.1435 -0.8567 0.4954
vn 0.0000 -1.0000 0.0000
vn -0.0367 -0.8569 0.5142
vn -0.0367 -0.8569 0.5142
vn 0.0000 -1.0000 0.0000
vn 0.0367 -0.8569 0.5142
vn 0.0367 -0.8569 0.5142
vn 0.0000 -1.0000 0.0000
vn -0.3627 -0.8569 0.3662
vn -0.3627 -0.8569 0.3662
vn 0.0000 -1.0000 0.0000
vn -0.2911 -0.8567 0.4259
vn -0.2911 -0.8567 0.4259
vn 0.0000 -1.0000 0.0000
vn -0.2170 -0.8564 0.4684
vn -0.2170 -0.8564 0.4684
vn 0.0000 -1.0000 0.0000
vn -0.4963 -0.8566 0.1413
vn -0.4963 -0.8566 0.1413
vn 0.0000 -1.0000 0.0000
vn -0.4683 -0.8563 0.2176
vn -0.4683 -0.8563 0.2176
vn 0.0000 -1.0000 0.0000
vn -0.4264 -0.8566 0.2905
vn -0.4264 -0.8566 0.2905
vn 0.0000 -1.0000 0.0000
vn -0.4994 -0.8562 -0.1322
vn -0.4994 -0.8562 -0.1322
vn 0.0000 -1.0000 0.0000
vn -0.5145 -0.8563 -0.0458
vn -0.5145 -0.8563 -0.0458
vn 0.0000 -1.0000 0.0000
vn -0.5145 -0.8564 0.0427
vn -0.5145 -0.8564 0.0427
vn 0.0000 -1.0000 0.0000
vn -0.3650 -0.8549 -0.3686
vn -0.3650 -0.8549 -0.3686
vn 0.0000 -1.0000 0.0000
vn -0.4152 -0.8557 -0.3089
vn -0.4152 -0.8557 -0.3089
vn 0.0000 -1.0000 0.0000
vn -0.4686 -0.8563 -0.2172
vn -0.4686 -0.8563 -0.2172
vn 0.0000 -1.0000 0.0000
vn -0.1095 -0.8551 -0.5067
vn -0.1095 -0.8551 -0.5067
vn 0.0000 -1.0000 0.0000
vn -0.2170 -0.8564 -0.4684
vn -0.2170 -0.8564 -0.4684
vn 0.0000 -1.0000 0.0000
vn -0.3162 -0.8553 -0.4105
vn -0.3162 -0.8553 -0.4105
vn 0.0000 -1.0000 0.0000
vn 0.1095 -0.8551 -0.5067
vn 0.1095 -0.8551 -0.5067
vn 0.0000 -1.0000 0.0000
vn 0.0722 -0.8551 -0.5134
vn 0.0722 -0.8551 -0.5134
vn 0.0000 -1.0000 0.0000
vn -0.0722 -0.8551 -0.5134
vn -0.0722 -0.8551 -0.5134
vn 0.0000 -1.0000 0.0000
vn 0.3650 -0.8549 -0.3686
vn 0.3650 -0.8549 -0.3686
vn 0.0000 -1.0000 0.0000
vn 0.3162 -0.8553 -0.4105
vn 0.3162 -0.8553 -0.4105
vn 0.0000 -1.0000 0.0000
vn 0.2170 -0.8564 -0.4684
vn 0.2170 -0.8564 -0.4684
vn 0.0000 -1.0000 0.0000
vn 0.4994 -0.8562 -0.1322
vn 0.4994 -0.8562 -0.1322
vn 0.0000 -1.0000 0.0000
vn 0.4686 -0.8563 -0.2172
vn 0.4686 -0.8563 -0.2172
vn 0.0000 -1.0000 0.0000
vn 0.4152 -0.8557 -0.3089
vn 0.4152 -0.8557 -0.3089
vn 0.0000 -1.0000 0.0000
vn 0.5145 -0.8563 -0.0458
vn 0.5145 -0.8563 -0.0458
vn 0.9859 -0.0860 0.1436
vn 0.9957 -0.0883 -0.0273
vn 0.6765 -0.7362 0.0191
vn 0.6765 -0.7362 0.0191
vn 0.7867 -0.5946 0.1659
vn 0.9859 -0.0860 0.1436
vn 0.9413 -0.0881 0.3258
vn 0.9859 -0.0860 0.1436
vn 0.7867 -0.5946 0.1659
vn 0.7867 -0.5946 0.1659
vn 0.7677 -0.5606 0.3106
vn 0.9413 -0.0881 0.3258
vn 0.8783 -0.0876 0.4700
vn 0.9413 -0.0881 0.3258
vn 0.7677 -0.5606 0.3106
vn 0.7677 -0.5606 0.3106
vn 0.7260 -0.5289 0.4395
vn 0.8783 -0.0876 0.4700
vn 0.7854 -0.0872 0.6129
vn 0.8783 -0.0876 0.4700
vn 0.7260 -0.5289 0.4395
vn 0.7260 -0.5289 0.4395
vn 0.6581 -0.4759 0.5834
vn 0.7854 -0.0872 0.6129
vn 0.6559 -0.0875 0.7497
vn 0.7854 -0.0872 0.6129
vn 0.6581 -0.4759 0.5834
vn 0.6581 -0.4759 0.5834
vn 0.5639 -0.3922 0.7267
vn 0.6559 -0.0875 0.7497
vn 0.5144 -0.0875 0.8531
vn 0.6559 -0.0875 0.7497
vn 0.5639 -0.3922 0.7267
vn 0.5639 -0.3922 0.7267
vn 0.4491 -0.2920 0.8444
vn 0.5144 -0.0875 0.8531
vn 0.3711 -0.0875 0.9245
vn 0.5144 -0.0875 0.8531
vn 0.4491 -0.2920 0.8444
vn 0.4491 -0.2920 0.8444
vn 0.3209 -0.1815 0.9296
vn 0.3711 -0.0875 0.9245
vn 0.2081 -0.0876 0.9742
vn 0.3711 -0.0875 0.9245
vn 0.3209 -0.1815 0.9296
vn 0.3209 -0.1815 0.9296
vn 0.2783 0.0000 0.9605
vn 0.2081 -0.0876 0.9742
vn 0.0225 -0.0875 0.9959
vn 0.2081 -0.0876 0.9742
vn 0.0713 0.0000 0.9975
vn 0.0713 0.0000 0.9975
vn -0.0228 -0.2888 0.9571
vn 0.0225 -0.0875 0.9959
vn -0.1426 -0.0878 0.9859
vn 0.0225 -0.0875 0.9959
vn -0.0228 -0.2888 0.9571
vn -0.0228 -0.2888 0.9571
vn -0.0713 0.0000 0.9975
vn -0.1426 -0.0878 0.9859
vn -0.3263 -0.0873 0.9412
vn -0.1426 -0.0878 0.9859
vn -0.2783 0.0000 0.9605
vn -0.2783 0.0000 0.9605
vn -0.3599 -0.2720 0.8925
vn -0.3263 -0.0873 0.9412
vn -0.4690 -0.0873 0.8789
vn -0.3263 -0.0873 0.9412
vn -0.3599 -0.2720 0.8925
vn -0.3599 -0.2720 0.8925
vn -0.4973 -0.2792 0.8214
vn -0.4690 -0.0873 0.8789
vn -0.6119 -0.0876 0.7860
vn -0.4690 -0.0873 0.8789
vn -0.4973 -0.2792 0.8214
vn -0.4973 -0.2792 0.8214
vn -0.6341 -0.2768 0.7220
vn -0.6119 -0.0876 0.7860
vn -0.7466 -0.0879 0.6595
vn -0.6119 -0.0876 0.7860
vn -0.6341 -0.2768 0.7220
vn -0.6341 -0.2768 0.7220
vn -0.7036 0.0000 0.7106
vn -0.7466 -0.0879 0.6595
vn -0.8530 -0.0871 0.5146
vn -0.7466 -0.0879 0.6595
vn -0.8265 0.0000 0.5630
vn -0.8265 0.0000 0.5630
vn -0.8522 -0.2592 0.4545
vn -0.8530 -0.0871 0.5146
vn -0.9240 -0.0866 0.3724
vn -0.8530 -0.0871 0.5146
vn -0.8522 -0.2592 0.4545
vn -0.8522 -0.2592 0.4545
vn -0.9095 -0.2732 0.3134
vn -0.9240 -0.0866 0.3724
vn -0.9750 -0.0890 0.2038
vn -0.9240 -0.0866 0.3724
vn -0.9095 -0.2732 0.3134
vn -0.9095 -0.2732 0.3134
vn -0.9531 -0.2699 0.1372
vn -0.9750 -0.0890 0.2038
vn -0.9959 -0.0864 0.0267
vn -0.9750 -0.0890 0.2038
vn -0.9531 -0.2699 0.1372
vn -0.9531 -0.2699 0.1372
vn -0.9623 -0.2705 -0.0279
vn -0.9959 -0.0864 0.0267
vn -0.9853 -0.0877 -0.1469
vn -0.9959 -0.0864 0.0267
vn -0.9623 -0.2705 -0.0279
vn -0.9623 -0.2705 -0.0279
vn -0.9961 0.0000 -0.0886
vn -0.9853 -0.0877 -0.1469
vn -0.9462 -0.0872 -0.3117
vn -0.9853 -0.0877 -0.1469
vn -0.9667 0.0000 -0.2558
vn -0.9667 0.0000 -0.2558
vn -0.9011 -0.2489 -0.3550
vn -0.9462 -0.0872 -0.3117
vn -0.8732 -0.0867 -0.4796
vn -0.9462 -0.0872 -0.3117
vn -0.9011 -0.2489 -0.3550
vn -0.9011 -0.2489 -0.3550
vn -0.8114 -0.2685 -0.5192
vn -0.8732 -0.0867 -0.4796
vn -0.7668 -0.0874 -0.6359
vn -0.8732 -0.0867 -0.4796
vn -0.8114 -0.2685 -0.5192
vn -0.8114 -0.2685 -0.5192
vn -0.7098 -0.2720 -0.6498
vn -0.7668 -0.0874 -0.6359
vn -0.6695 -0.0873 -0.7377
vn -0.7668 -0.0874 -0.6359
vn -0.7098 -0.2720 -0.6498
vn -0.7098 -0.2720 -0.6498
vn -0.6179 -0.2694 -0.7386
vn -0.6695 -0.0873 -0.7377
vn -0.5477 -0.0869 -0.8321
vn -0.6695 -0.0873 -0.7377
vn -0.6179 -0.2694 -0.7386
vn -0.6179 -0.2694 -0.7386
vn -0.4711 -0.2598 -0.8430
vn -0.5477 -0.0869 -0.8321
vn -0.3499 -0.0872 -0.9327
vn -0.5477 -0.0869 -0.8321
vn -0.4711 -0.2598 -0.8430
vn -0.4711 -0.2598 -0.8430
vn -0.4204 0.0000 -0.9074
vn -0.3499 -0.0872 -0.9327
vn -0.1857 -0.0869 -0.9788
vn -0.3499 -0.0872 -0.9327
vn -0.2113 0.0000 -0.9774
vn -0.2113 0.0000 -0.9774
vn -0.1571 -0.2667 -0.9509
vn -0.1857 -0.0869 -0.9788
vn -0.0442 -0.0874 -0.9952
vn -0.1857 -0.0869 -0.9788
vn -0.1571 -0.2667 -0.9509
vn -0.1571 -0.2667 -0.9509
vn 0.0453 -0.2619 -0.9640
vn -0.0442 -0.0874 -0.9952
vn 0.1631 -0.0864 -0.9828
vn -0.0442 -0.0874 -0.9952
vn 0.0453 -0.2619 -0.9640
vn 0.0453 -0.2619 -0.9640
vn 0.1392 0.0000 -0.9903
vn 0.1631 -0.0864 -0.9828
vn 0.2838 -0.0875 -0.9549
vn 0.1631 -0.0864 -0.9828
vn 0.2113 0.0000 -0.9774
vn 0.2113 0.0000 -0.9774
vn 0.2810 -0.6054 -0.7446
vn 0.2838 -0.0875 -0.9549
vn 0.4877 -0.0878 -0.8686
vn 0.2838 -0.0875 -0.9549
vn 0.2810 -0.6054 -0.7446
vn 0.2810 -0.6054 -0.7446
vn 0.4204 0.0000 -0.9074
vn 0.4877 -0.0878 -0.8686
vn 0.6401 -0.0862 -0.7634
vn 0.4877 -0.0878 -0.8686
vn 0.6102 0.0000 -0.7922
vn 0.6102 0.0000 -0.7922
vn 0.6102 0.0000 -0.7922
vn 0.6401 -0.0862 -0.7634
vn 0.7357 -0.0864 -0.6717
vn 0.6401 -0.0862 -0.7634
vn 0.7036 0.0000 -0.7106
vn 0.7036 0.0000 -0.7106
vn 0.7161 -0.3695 -0.5922
vn 0.7357 -0.0864 -0.6717
vn 0.8401 -0.0880 -0.5353
vn 0.7357 -0.0864 -0.6717
vn 0.7161 -0.3695 -0.5922
vn 0.7161 -0.3695 -0.5922
vn 0.8213 -0.3518 -0.4492
vn 0.8401 -0.0880 -0.5353
vn 0.9274 -0.0875 -0.3637
vn 0.8401 -0.0880 -0.5353
vn 0.8213 -0.3518 -0.4492
vn 0.8213 -0.3518 -0.4492
vn 0.9073 0.0000 -0.4205
vn 0.9274 -0.0875 -0.3637
vn 0.9760 -0.0869 -0.1996
vn 0.9274 -0.0875 -0.3637
vn 0.9667 0.0000 -0.2558
vn 0.9667 0.0000 -0.2558
vn 0.6694 -0.7363 -0.0988
vn 0.9760 -0.0869 -0.1996
vn 0.9957 -0.0883 -0.0273
vn 0.9760 -0.0869 -0.1996
vn 0.6694 -0.7363 -0.0988
vn 0.6694 -0.7363 -0.0988
vn 0.6765 -0.7362 0.0191
vn 0.9957 -0.0883 -0.0273
vn 0.0000 -1.0000 0.0000
vn 0.4963 -0.8566 0.1413
vn 0.4963 -0.8566 0.1413
vn 0.0000 -1.0000 0.0000
vn 0.5145 -0.8564 0.0427
vn 0.5145 -0.8564 0.0427
vn 0.0000 -1.0000 0.0000
vn 0.3627 -0.8569 0.3662
vn 0.3627 -0.8569 0.3662
vn 0.0000 -1.0000 0.0000
vn 0.4264 -0.8566 0.2905
vn 0.4264 -0.8566 0.2905
vn 0.0000 -1.0000 0.0000
vn 0.4683 -0.8563 0.2176
vn 0.4683 -0.8563 0.2176
vn 0.0000 -1.0000 0.0000
vn 0.1435 -0.8567 0.4954
vn 0.1435 -0.8567 0.4954
vn 0.0000 -1.0000 0.0000
vn 0.2170 -0.8564 0.4684
vn 0.2170 -0.8564 0.4684
vn 0.0000 -1.0000 0.0000
vn 0.2911 -0.8567 0.4259
vn 0.2911 -0.8567 0.4259
vn 0.0000 -1.0000 0.0000
vn -0.1435 -0.8567 0.4954
vn -0.1435 -0.8567 0.4954
vn 0.0000 -1.0000 0.0000
vn -0.0367 -0.8569 0.5142
vn -0.0367 -0.8569 0.5142
vn 0.0000 -1.0000 0.0000
vn 0.0367 -0.8569 0.5142
vn 0.0367 -0.8569 0.5142
vn 0.0000 -1.0000 0.0000
vn -0.3627 -0.8569 0.3662
vn -0.3627 -0.8569 0.3662
vn 0.0000 -1.0000 0.0000
vn -0.2911 -0.8567 0.4259
vn -0.2911 -0.8567 0.4259
vn 0.0000 -1.0000 0.0000
vn -0.2170 -0.8564 0.4684
vn -0.2170 -0.8564 0.4684
vn 0.0000 -1.0000 0.0000
vn -0.4963 -0.8566 0.1413
vn -0.4963 -0.8566 0.1413
vn 0.0000 -1.0000 0.0000
vn -0.4683 -0.8563 0.2176
vn -0.4683 -0.8563 0.2176
vn 0.0000 -1.0000 0.0000
vn -0.4264 -0.8566 0.2905
vn -0.4264 -0.8566 0.2905
vn 0.0000 -1.0000 0.0000
vn -0.4994 -0.8562 -0.1322
vn -0.4994 -0.8562 -0.1322
vn 0.0000 -1.0000 0.0000
vn -0.5145 -0.8563 -0.0458
vn -0.5145 -0.8563 -0.0458
vn 0.0000 -1.0000 0.0000
vn -0.5145 -0.8564 0.0427
vn -0.5145 -0.8564 0.0427
vn 0.0000 -1.0000 0.0000
vn -0.3650 -0.8549 -0.3686
vn -0.3650 -0.8549 -0.3686
vn 0.0000 -1.0000 0.0000
vn -0.4152 -0.8557 -0.3089
vn -0.4152 -0.8557 -0.3089
vn 0.0000 -1.0000 0.0000
vn -0.4686 -0.8563 -0.2172
vn -0.4686 -0.8563 -0.2172
vn 0.0000 -1.0000 0.0000
vn -0.1095 -0.8551 -0.5067
vn -0.1095 -0.8551 -0.5067
vn 0.0000 -1.0000 0.0000
vn -0.2170 -0.8564 -0.4684
vn -0.2170 -0.8564 -0.4684
vn 0.0000 -1.0000 0.0000
vn -0.3162 -0.8553 -0.4105
vn -0.3162 -0.8553 -0.4105
vn 0.0000 -1.0000 0.0000
vn 0.1095 -0.8551 -0.5067
vn 0.1095 -0.8551 -0.5067
vn 0.0000 -1.0000 0.0000
vn 0.0722 -0.8551 -0.5134
vn 0.0722 -0.8551 -0.5134
vn 0.0000 -1.0000 0.0000
vn -0.0722 -0.8551 -0.5134
vn -0.0722 -0.8551 -0.5134
vn 0.0000 -1.0000 0.0000
vn 0.3650 -0.8549 -0.3686
vn 0.3650 -0.8549 -0.3686
vn 0.0000 -1.0000 0.0000
vn 0.3162 -0.8553 -0.4105
vn 0.3162 -0.8553 -0.4105
vn 0.0000 -1.0000 0.0000
vn 0.2170 -0.8564 -0.4684
vn 0.2170 -0.8564 -0.4684
vn 0.0000 -1.0000 0.0000
vn 0.4994 -0.8562 -0.1322
vn 0.4994 -0.8562 -0.1322
vn 0.0000 -1.0000 0.0000
vn 0.4686 -0.8563 -0.2172
vn 0.4686 -0.8563 -0.2172
vn 0.0000 -1.0000 0.0000
vn 0.4152 -0.8557 -0.3089
vn 0.4152 -0.8557 -0.3089
vn 0.0000 -1.0000 0.0000
vn 0.5145 -0.8563 -0.0458
vn 0.5145 -0.8563 -0.0458
vn -0.6980 0.7133 0.0631
vn -0.0311 0.9989 0.0353
vn -0.1545 0.8727 0.4631
vn 0.0427 0.9959 0.0798
vn -0.0002 0.9999 -0.0163
vn 0.0026 0.9965 -0.0834
vn -0.0006 1.0000 -0.0024
vn -0.0366 0.9980 -0.0518
vn 0.0026 0.9965 -0.0834
vn -0.0002 0.9999 -0.0163
vn -0.0006 1.0000 -0.0024
vn 0.0026 0.9965 -0.0834
vn 0.0026 0.9965 -0.0834
vn 0.6435 0.7654 0.0027
vn 0.0427 0.9959 0.0798
vn -0.2958 0.9336 0.2022
vn -0.0122 0.9999 -0.0000
vn -0.2858 0.9514 0.1147
vn -0.0018 1.0000 0.0023
vn -0.2858 0.9514 0.1147
vn -0.0122 0.9999 -0.0000
vn -0.0122 0.9999 -0.0000
vn -0.0055 1.0000 -0.0029
vn -0.0018 1.0000 0.0023
vn -0.0066 1.0000 -0.0035
vn 0.0172 0.9979 -0.0623
vn 0.0569 0.9926 -0.1074
vn 0.0569 0.9926 -0.1074
vn -0.0153 0.9999 0.0020
vn -0.0066 1.0000 -0.0035
vn -0.0058 1.0000 -0.0032
vn -0.0066 1.0000 -0.0035
vn -0.0153 0.9999 0.0020
vn -0.0153 0.9999 0.0020
vn -0.0023 1.0000 0.0037
vn -0.0058 1.0000 -0.0032
vn -0.0055 1.0000 -0.0029
vn -0.0058 1.0000 -0.0032
vn -0.0023 1.0000 0.0037
vn -0.0023 1.0000 0.0037
vn -0.0238 0.9997 -0.0041
vn -0.0055 1.0000 -0.0029
vn -0.0055 1.0000 -0.0029
vn -0.0238 0.9997 -0.0041
vn -0.0018 1.0000 0.0023
vn -0.0311 0.9989 0.0353
vn -0.5381 0.8374 0.0961
vn -0.0176 0.9997 0.0167
vn 0.0172 0.9979 -0.0623
vn -0.0176 0.9997 0.0167
vn -0.5381 0.8374 0.0961
vn 0.0172 0.9979 -0.0623
vn 0.2823 0.8233 -0.4924
vn 0.0569 0.9926 -0.1074
vn -0.1545 0.8727 0.4631
vn -0.1509 0.9692 0.1947
vn -0.0070 0.9999 0.0131
vn -0.0086 0.9999 -0.0078
vn -0.0366 0.9980 -0.0518
vn -0.0006 1.0000 -0.0024
vn -0.0006 1.0000 -0.0024
vn -0.0043 0.9986 0.0526
vn -0.0086 0.9999 -0.0078
vn -0.0078 0.9999 -0.0064
vn -0.0070 0.9999 0.0131
vn -0.1509 0.9692 0.1947
vn -0.1509 0.9692 0.1947
vn 0.0056 0.9999 0.0128
vn -0.0078 0.9999 -0.0064
vn -0.0176 0.9997 0.0167
vn -0.0078 0.9999 -0.0064
vn 0.0056 0.9999 0.0128
vn 0.0056 0.9999 0.0128
vn -0.0311 0.9989 0.0353
vn -0.0176 0.9997 0.0167
vn -0.0311 0.9989 0.0353
vn 0.0056 0.9999 0.0128
vn -0.1545 0.8727 0.4631
vn -0.0043 0.9986 0.0526
vn 0.1147 0.9864 -0.1178
vn -0.0086 0.9999 -0.0078
vn -0.0070 0.9999 0.0131
vn -0.0086 0.9999 -0.0078
vn 0.1147 0.9864 -0.1178
vn 0.1147 0.9864 -0.1178
vn 0.4121 0.7828 -0.4662
vn -0.0070 0.9999 0.0131
vn -0.2958 0.9336 0.2022
vn -0.2436 0.8633 0.4419
vn -0.8670 0.4604 0.1904
vn -0.0058 1.0000 -0.0032
vn -0.0055 1.0000 -0.0029
vn -0.6766 0.5545 -0.4845
vn -0.0055 1.0000 -0.0029
vn -0.0122 0.9999 -0.0000
vn -0.6766 0.5545 -0.4845
vn -0.0122 0.9999 -0.0000
vn -0.2958 0.9336 0.2022
vn -0.6766 0.5545 -0.4845
vn -0.0176 0.9997 0.0167
vn 0.0172 0.9979 -0.0623
vn -0.6766 0.5545 -0.4845
vn 0.0172 0.9979 -0.0623
vn -0.0066 1.0000 -0.0035
vn -0.6766 0.5545 -0.4845
vn -0.6766 0.5545 -0.4845
vn -0.0066 1.0000 -0.0035
vn -0.0058 1.0000 -0.0032
vn -0.6766 0.5545 -0.4845
vn -0.5801 0.2937 -0.7597
vn -0.0366 0.9980 -0.0518
vn -0.0366 0.9980 -0.0518
vn -0.0086 0.9999 -0.0078
vn -0.6766 0.5545 -0.4845
vn -0.0086 0.9999 -0.0078
vn -0.0070 0.9999 0.0131
vn -0.6766 0.5545 -0.4845
vn -0.0070 0.9999 0.0131
vn -0.0078 0.9999 -0.0064
vn -0.6766 0.5545 -0.4845
vn -0.0078 0.9999 -0.0064
vn -0.0176 0.9997 0.0167
vn -0.6766 0.5545 -0.4845
vn -0.1562 0.9349 -0.3186
vn -0.1562 0.9349 -0.3186
vn -0.0366 0.9980 -0.0518
vn 0.0026 0.9965 -0.0834
vn -0.0366 0.9980 -0.0518
vn -0.3332 0.3127 -0.8895
vn 0.0026 0.9965 -0.0834
vn 0.3495 0.6635 -0.6615
vn 0.6435 0.7654 0.0027
vn -0.0808 0.9325 -0.3519
vn 0.0026 0.9965 -0.0834
vn -0.0808 0.9325 -0.3519
vn -0.8793 0.1584 -0.4491
vn -0.6766 0.5545 -0.4845
vn -0.8666 0.3493 -0.3565
vn -0.2958 0.9336 0.2022
vn -0.8670 0.4604 0.1904
vn -0.2628 0.9647 0.0166
vn -0.8793 0.1584 -0.4491
vn -0.2958 0.9336 0.2022
vn -0.9488 0.2628 -0.1750
vn -0.5801 0.2937 -0.7597
vn -0.5021 0.1185 -0.8566
vn -0.3332 0.3127 -0.8895
vn 0.3495 0.6635 -0.6615
vn 0.0026 0.9965 -0.0834
vn 0.0284 0.1631 -0.9862
vn -0.8801 0.3181 -0.3525
vn -0.6766 0.5545 -0.4845
vn -0.8793 0.1584 -0.4491
vn -0.3332 0.3127 -0.8895
vn -0.4421 0.1904 -0.8765
vn -0.4421 0.1904 -0.8765
vn -0.9972 0.0123 -0.0733
vn -0.9488 0.2628 -0.1750
vn -0.8670 0.4604 0.1904
vn -0.1105 0.0555 -0.9923
vn 0.0284 0.1631 -0.9862
vn -0.3332 0.3127 -0.8895
vn -0.6668 0.0740 -0.7416
vn -0.5801 0.2937 -0.7597
vn -0.6766 0.5545 -0.4845
vn 0.3495 0.6635 -0.6615
vn 0.8189 0.5595 -0.1282
vn 0.8806 0.4523 -0.1410
vn -0.9854 0.0651 0.1571
vn -0.9854 0.0651 0.1571
vn -0.8670 0.4604 0.1904
vn -0.9682 0.0276 0.2486
vn -0.8670 0.4604 0.1904
vn -0.9896 0.0798 0.1195
vn -0.9896 0.0798 0.1195
vn -0.9850 0.0254 0.1705
vn -0.9850 0.0254 0.1705
vn -0.9896 0.0798 0.1195
vn -0.9840 0.1378 0.1125
vn -0.9989 0.0295 -0.0357
vn -0.9896 0.0798 0.1195
vn -0.9980 0.0260 0.0568
vn -0.9980 0.0260 0.0568
vn -0.0314 0.8526 0.5217
vn -0.2436 0.8633 0.4419
vn -0.5327 0.6047 0.5921
vn -0.8670 0.4604 0.1904
vn -0.9840 0.1378 0.1125
vn -0.9896 0.0798 0.1195
vn -0.5327 0.6047 0.5921
vn -0.1543 0.8642 0.4789
vn -0.1543 0.8642 0.4789
vn 0.8967 -0.0000 -0.4426
vn 0.9488 0.2581 -0.1818
vn 0.8516 0.0833 -0.5176
vn 0.8516 0.0833 -0.5176
vn 0.8113 0.0911 -0.5774
vn 0.8245 0.0260 -0.5653
vn 0.8693 0.2900 -0.4003
vn 0.7209 0.0567 -0.6907
vn 0.8516 0.0833 -0.5176
vn 0.8516 0.0833 -0.5176
vn 0.9488 0.2581 -0.1818
vn 0.8693 0.2900 -0.4003
vn 0.8806 0.4523 -0.1410
vn 0.8693 0.2900 -0.4003
vn 0.9488 0.2581 -0.1818
vn 0.7209 0.0567 -0.6907
vn 0.8693 0.2900 -0.4003
vn 0.5853 0.1326 -0.7999
vn 0.4766 0.5791 -0.6615
vn 0.7209 0.0567 -0.6907
vn 0.5853 0.1326 -0.7999
vn 0.8693 0.2900 -0.4003
vn 0.3495 0.6635 -0.6615
vn 0.5853 0.1326 -0.7999
vn 0.8693 0.2900 -0.4003
vn 0.8189 0.5595 -0.1282
vn 0.3495 0.6635 -0.6615
vn 0.8693 0.2900 -0.4003
vn 0.8806 0.4523 -0.1410
vn 0.8189 0.5595 -0.1282
vn 0.6435 0.7654 0.0027
vn 0.3495 0.6635 -0.6615
vn 0.8806 0.4523 -0.1410
vn 0.6435 0.7654 0.0027
vn 0.6664 0.7260 0.1697
vn 0.3216 0.6975 0.6403
vn -0.0005 0.3195 0.9476
vn -0.0023 0.2941 0.9558
vn 0.1515 0.4090 0.8999
vn -0.0018 0.7265 0.6872
vn -0.0014 0.7438 0.6684
vn 0.0291 0.8390 0.5433
vn 0.1251 0.2244 0.9664
vn 0.2553 0.5355 0.8051
vn 0.0004 0.1037 0.9946
vn 0.0002 0.9989 0.0472
vn -0.0002 0.9999 -0.0163
vn 0.0427 0.9959 0.0798
vn 0.0427 0.9959 0.0798
vn 0.0004 0.9951 0.0989
vn 0.0002 0.9989 0.0472
vn 0.0427 0.9959 0.0798
vn 0.0002 0.9877 0.1562
vn 0.0004 0.9951 0.0989
vn -0.0005 0.9591 0.2832
vn 0.0427 0.9959 0.0798
vn 0.0272 0.9432 0.3312
vn 0.0427 0.9959 0.0798
vn -0.0005 0.9591 0.2832
vn -0.0005 0.9690 0.2472
vn -0.0005 0.9690 0.2472
vn -0.0002 0.9762 0.2169
vn 0.0427 0.9959 0.0798
vn 0.0427 0.9959 0.0798
vn -0.0002 0.9762 0.2169
vn 0.0002 0.9877 0.1562
vn -0.0000 0.9078 0.4195
vn -0.0010 0.9298 0.3682
vn 0.0291 0.8390 0.5433
vn 0.0291 0.8390 0.5433
vn -0.0010 0.9298 0.3682
vn 0.0272 0.9432 0.3312
vn -0.0005 0.7565 0.6540
vn 0.0002 0.8025 0.5966
vn 0.0291 0.8390 0.5433
vn 0.0291 0.8390 0.5433
vn 0.0002 0.8025 0.5966
vn 0.0003 0.8262 0.5633
vn 0.0291 0.8390 0.5433
vn 0.0003 0.8262 0.5633
vn 0.0005 0.8512 0.5249
vn 0.0291 0.8390 0.5433
vn 0.0005 0.8512 0.5249
vn 0.0005 0.8697 0.4935
vn 0.0005 0.8697 0.4935
vn 0.0002 0.8876 0.4606
vn 0.0291 0.8390 0.5433
vn 0.0291 0.8390 0.5433
vn 0.0002 0.8876 0.4606
vn -0.0000 0.9078 0.4195
vn 0.0800 0.7308 0.6779
vn -0.0006 0.6064 0.7952
vn 0.0000 0.6287 0.7776
vn 0.0000 0.6287 0.7776
vn 0.0001 0.6606 0.7508
vn 0.0800 0.7308 0.6779
vn 0.0005 0.5267 0.8500
vn -0.0005 0.5791 0.8152
vn 0.1515 0.4090 0.8999
vn 0.0004 0.5170 0.8560
vn 0.0005 0.5267 0.8500
vn 0.1515 0.4090 0.8999
vn 0.1515 0.4090 0.8999
vn 0.0002 0.4187 0.9081
vn 0.0003 0.4691 0.8831
vn -0.0005 0.3402 0.9404
vn 0.0001 0.3914 0.9202
vn 0.1515 0.4090 0.8999
vn 0.1515 0.4090 0.8999
vn 0.0001 0.3914 0.9202
vn 0.0002 0.4187 0.9081
vn -0.0003 0.3037 0.9528
vn -0.0005 0.3195 0.9476
vn 0.1251 0.2244 0.9664
vn 0.1251 0.2244 0.9664
vn 0.0005 0.1166 0.9932
vn 0.0010 0.1952 0.9808
vn 0.1251 0.2244 0.9664
vn 0.0004 0.1037 0.9946
vn 0.0005 0.1166 0.9932
vn 0.6435 0.7654 0.0027
vn 0.0272 0.9432 0.3312
vn 0.0427 0.9959 0.0798
vn 0.0272 0.9432 0.3312
vn 0.6435 0.7654 0.0027
vn 0.0890 0.8948 0.4375
vn 0.0548 0.9165 0.3962
vn 0.0890 0.8948 0.4375
vn 0.6435 0.7654 0.0027
vn -0.0005 0.5791 0.8152
vn -0.0006 0.6064 0.7952
vn 0.1515 0.4090 0.8999
vn 0.0800 0.7308 0.6779
vn 0.1515 0.4090 0.8999
vn -0.0006 0.6064 0.7952
vn 0.0800 0.7308 0.6779
vn 0.3216 0.6975 0.6403
vn 0.1515 0.4090 0.8999
vn 0.1515 0.4090 0.8999
vn 0.0003 0.4691 0.8831
vn 0.0004 0.5170 0.8560
vn 0.1515 0.4090 0.8999
vn -0.0023 0.2941 0.9558
vn -0.0005 0.3402 0.9404
vn 0.1515 0.4090 0.8999
vn 0.1251 0.2244 0.9664
vn -0.0005 0.3195 0.9476
vn 0.1251 0.2244 0.9664
vn 0.0010 0.1952 0.9808
vn 0.0002 0.0646 0.9979
vn 0.1515 0.4090 0.8999
vn 0.3216 0.6975 0.6403
vn 0.1251 0.2244 0.9664
vn 0.0291 0.8390 0.5433
vn -0.0014 0.7438 0.6684
vn -0.0005 0.7565 0.6540
vn 0.0291 0.8390 0.5433
vn 0.0272 0.9432 0.3312
vn 0.0890 0.8948 0.4375
vn 0.0890 0.8948 0.4375
vn 0.0800 0.7308 0.6779
vn 0.0291 0.8390 0.5433
vn 0.0291 0.8390 0.5433
vn 0.0800 0.7308 0.6779
vn -0.0018 0.7265 0.6872
vn 0.0548 0.9165 0.3962
vn 0.6435 0.7654 0.0027
vn 0.3216 0.6975 0.6403
vn 0.3216 0.6975 0.6403
vn 0.0890 0.8948 0.4375
vn 0.0548 0.9165 0.3962
vn 0.3216 0.6975 0.6403
vn 0.0800 0.7308 0.6779
vn 0.0890 0.8948 0.4375
vn 0.8245 0.0260 -0.5653
vn 0.8967 -0.0000 -0.4426
vn 0.8516 0.0833 -0.5176
vn 0.9488 0.2581 -0.1818
vn 0.8967 -0.0000 -0.4426
vn 0.9782 -0.0639 -0.1977
vn 0.9488 0.2581 -0.1818
vn 0.9782 -0.0639 -0.1977
vn 0.9847 0.1201 -0.1260
vn 0.9847 0.1201 -0.1260
vn 0.9782 -0.0639 -0.1977
vn 0.9931 0.0338 -0.1122
vn 0.9347 -0.3116 -0.1709
vn 0.9707 -0.1950 -0.1403
vn 0.9782 -0.0639 -0.1977
vn 0.9931 0.0338 -0.1122
vn 0.9782 -0.0639 -0.1977
vn 0.9707 -0.1950 -0.1403
vn 0.9931 0.0338 -0.1122
vn 0.9700 0.2365 -0.0558
vn 0.9847 0.1201 -0.1260
vn 0.9700 0.2365 -0.0558
vn 0.9488 0.2581 -0.1818
vn 0.9847 0.1201 -0.1260
vn 0.9707 -0.1950 -0.1403
vn 0.9347 -0.3116 -0.1709
vn 0.9405 -0.3350 -0.0573
vn 0.8806 0.4523 -0.1410
vn 0.9488 0.2581 -0.1818
vn 0.8946 0.4455 -0.0332
vn 0.8946 0.4455 -0.0332
vn 0.9488 0.2581 -0.1818
vn 0.9700 0.2365 -0.0558
vn 0.8946 0.4455 -0.0332
vn 0.6435 0.7654 0.0027
vn 0.8806 0.4523 -0.1410
vn 0.9707 -0.1950 -0.1403
vn 0.9405 -0.3350 -0.0573
vn 0.9876 -0.1543 -0.0288
vn 0.9931 0.0338 -0.1122
vn 0.9707 -0.1950 -0.1403
vn 0.9876 -0.1543 -0.0288
vn 0.9876 -0.1543 -0.0288
vn 0.9989 0.0452 -0.0140
vn 0.9931 0.0338 -0.1122
vn 0.9700 0.2365 -0.0558
vn 0.9931 0.0338 -0.1122
vn 0.9989 0.0452 -0.0140
vn 0.9838 -0.1793 0.0014
vn 0.9876 -0.1543 -0.0288
vn 0.9405 -0.3350 -0.0573
vn 0.9989 0.0452 -0.0140
vn 0.9763 0.2163 -0.0077
vn 0.9700 0.2365 -0.0558
vn 0.9405 -0.3350 -0.0573
vn 0.8424 -0.5371 -0.0423
vn 0.9023 -0.4311 -0.0091
vn 0.9023 -0.4311 -0.0091
vn 0.9380 -0.3465 -0.0094
vn 0.9405 -0.3350 -0.0573
vn 0.9838 -0.1793 0.0014
vn 0.9405 -0.3350 -0.0573
vn 0.9380 -0.3465 -0.0094
vn 0.9838 -0.1793 0.0014
vn 0.9989 0.0452 -0.0140
vn 0.9876 -0.1543 -0.0288
vn 0.9894 0.1423 0.0301
vn 0.9847 0.1740 0.0132
vn 0.9989 0.0452 -0.0140
vn 0.9763 0.2163 -0.0077
vn 0.9989 0.0452 -0.0140
vn 0.9847 0.1740 0.0132
vn 0.9700 0.2365 -0.0558
vn 0.9763 0.2163 -0.0077
vn 0.9327 0.3606 -0.0027
vn 0.8946 0.4455 -0.0332
vn 0.9700 0.2365 -0.0558
vn 0.9327 0.3606 -0.0027
vn 0.6435 0.7654 0.0027
vn 0.8946 0.4455 -0.0332
vn 0.8353 0.5498 0.0037
vn 0.8967 -0.0000 -0.4426
vn 0.7918 -0.0687 -0.6069
vn 0.9782 -0.0639 -0.1977
vn 0.6841 -0.4540 -0.5708
vn 0.7918 -0.0687 -0.6069
vn 0.8967 -0.0000 -0.4426
vn 0.8300 -0.1686 -0.5317
vn 0.9782 -0.0639 -0.1977
vn 0.7918 -0.0687 -0.6069
vn 0.9347 -0.3116 -0.1709
vn 0.9782 -0.0639 -0.1977
vn 0.8300 -0.1686 -0.5317
vn 0.7918 -0.0687 -0.6069
vn 0.5335 -0.6440 -0.5484
vn 0.8300 -0.1686 -0.5317
vn 0.5335 -0.6440 -0.5484
vn 0.5268 -0.0845 -0.8458
vn 0.8300 -0.1686 -0.5317
vn 0.5715 -0.5327 -0.6242
vn 0.9347 -0.3116 -0.1709
vn 0.8300 -0.1686 -0.5317
vn 0.9347 -0.3116 -0.1709
vn 0.5715 -0.5327 -0.6242
vn 0.9405 -0.3350 -0.0573
vn 0.5268 -0.0845 -0.8458
vn 0.5715 -0.5327 -0.6242
vn 0.8300 -0.1686 -0.5317
vn 0.5715 -0.5327 -0.6242
vn 0.3207 -0.9472 0.0033
vn 0.8424 -0.5371 -0.0423
vn 0.8424 -0.5371 -0.0423
vn 0.9405 -0.3350 -0.0573
vn 0.5715 -0.5327 -0.6242
vn 0.4429 -0.0779 -0.8932
vn 0.5268 -0.0845 -0.8458
vn 0.5335 -0.6440 -0.5484
vn 0.5715 -0.5327 -0.6242
vn 0.5268 -0.0845 -0.8458
vn 0.6179 -0.1425 -0.7733
vn -0.0673 -0.9807 -0.1834
vn -0.4792 -0.1502 -0.8648
vn -0.5972 -0.2829 -0.7505
vn -0.0010 -0.3986 -0.9171
vn 0.0811 -0.7507 -0.6556
vn -0.2123 -0.1910 -0.9584
vn -0.2123 -0.1910 -0.9584
vn -0.1496 -0.8542 -0.4979
vn -0.0673 -0.9807 -0.1834
vn -0.0673 -0.9807 -0.1834
vn -0.0251 -0.9987 -0.0445
vn 0.0811 -0.7507 -0.6556
vn -0.0295 -0.9980 -0.0565
vn -0.0292 -0.9989 -0.0378
vn -0.5972 -0.2829 -0.7505
vn -0.0292 -0.9989 -0.0378
vn -0.0673 -0.9807 -0.1834
vn -0.1018 -0.9718 -0.2125
vn 0.0811 -0.7507 -0.6556
vn 0.3207 -0.9472 0.0033
vn 0.0348 -0.9972 -0.0660
vn 0.9538 0.0257 -0.2992
vn 0.9605 0.0261 -0.2772
vn 0.9613 0.0048 -0.2754
vn 0.0447 0.0000 0.9990
vn 0.0160 0.0256 0.9995
vn -0.0205 -0.0070 0.9998
vn 0.8245 0.0260 -0.5653
vn 0.8333 0.0262 -0.5522
vn 0.8348 -0.0186 -0.5503
vn 0.8348 -0.0186 -0.5503
vn 0.8533 0.0260 -0.5208
vn 0.8659 0.0243 -0.4997
vn 0.8863 -0.0071 -0.4630
vn 0.8348 -0.0186 -0.5503
vn 0.8659 0.0243 -0.4997
vn 0.8659 0.0243 -0.4997
vn 0.8777 0.0260 -0.4786
vn 0.8863 -0.0071 -0.4630
vn 0.8938 0.0262 -0.4477
vn 0.9019 0.0257 -0.4312
vn 0.8863 -0.0071 -0.4630
vn 0.8863 -0.0071 -0.4630
vn 0.9019 0.0257 -0.4312
vn 0.9095 0.0254 -0.4148
vn 0.9095 0.0254 -0.4148
vn 0.9208 -0.0075 -0.3900
vn 0.8863 -0.0071 -0.4630
vn 0.9337 0.0074 -0.3581
vn 0.9208 -0.0075 -0.3900
vn 0.9266 0.0257 -0.3751
vn 0.9337 0.0074 -0.3581
vn 0.9353 0.0261 -0.3530
vn 0.9447 0.0259 -0.3269
vn 0.9447 0.0259 -0.3269
vn 0.9490 0.0254 -0.3143
vn 0.9337 0.0074 -0.3581
vn 0.9613 0.0048 -0.2754
vn 0.9337 0.0074 -0.3581
vn 0.9490 0.0254 -0.3143
vn 0.9490 0.0254 -0.3143
vn 0.9538 0.0257 -0.2992
vn 0.9613 0.0048 -0.2754
vn 0.9823 0.0077 -0.1869
vn 0.9755 -0.0078 -0.2200
vn 0.9779 0.0258 -0.2075
vn 0.9897 0.0254 -0.1408
vn 0.9913 0.0259 -0.1293
vn 0.9945 -0.0001 -0.1048
vn 0.9945 -0.0001 -0.1048
vn 0.9823 0.0077 -0.1869
vn 0.9897 0.0254 -0.1408
vn 0.9881 0.0257 -0.1518
vn 0.9897 0.0254 -0.1408
vn 0.9823 0.0077 -0.1869
vn 0.9823 0.0077 -0.1869
vn 0.9840 0.0261 -0.1763
vn 0.9881 0.0257 -0.1518
vn 0.9913 0.0259 -0.1293
vn 0.9944 0.0261 -0.1024
vn 0.9945 -0.0001 -0.1048
vn 0.9945 -0.0001 -0.1048
vn 0.9970 0.0256 -0.0724
vn 0.9990 -0.0074 -0.0443
vn 0.9990 -0.0074 -0.0443
vn 0.9989 0.0260 -0.0391
vn 0.9995 0.0243 -0.0199
vn 0.9995 0.0243 -0.0199
vn 0.9995 -0.0075 0.0291
vn 0.9990 -0.0074 -0.0443
vn 0.9995 0.0243 -0.0199
vn 0.9997 0.0259 -0.0038
vn 0.9995 -0.0075 0.0291
vn 0.9997 0.0259 -0.0038
vn 0.9995 0.0261 0.0167
vn 0.9995 -0.0075 0.0291
vn 0.9977 0.0077 0.0679
vn 0.9969 0.0261 0.0736
vn 0.9948 0.0240 0.0994
vn 0.9904 -0.0006 0.1382
vn 0.9977 0.0077 0.0679
vn 0.9948 0.0240 0.0994
vn 0.9948 0.0240 0.0994
vn 0.9934 0.0260 0.1118
vn 0.9904 -0.0006 0.1382
vn 0.9934 0.0260 0.1118
vn 0.9917 0.0259 0.1261
vn 0.9904 -0.0006 0.1382
vn 0.9917 0.0259 0.1261
vn 0.9882 0.0261 0.1511
vn 0.9904 -0.0006 0.1382
vn 0.9904 -0.0006 0.1382
vn 0.9845 0.0254 0.1735
vn 0.9749 0.0001 0.2226
vn 0.9845 0.0254 0.1735
vn 0.9795 0.0259 0.1996
vn 0.9749 0.0001 0.2226
vn 0.9795 0.0259 0.1996
vn 0.9749 0.0262 0.2212
vn 0.9749 0.0001 0.2226
vn 0.9595 -0.0079 0.2816
vn 0.9586 0.0259 0.2836
vn 0.9494 0.0222 0.3134
vn 0.9446 0.0256 0.3273
vn 0.9385 -0.0193 0.3447
vn 0.9494 0.0222 0.3134
vn 0.9446 0.0256 0.3273
vn 0.9311 0.0256 0.3640
vn 0.9385 -0.0193 0.3447
vn 0.9221 0.0001 0.3870
vn 0.9385 -0.0193 0.3447
vn 0.9311 0.0256 0.3640
vn 0.9173 0.0254 0.3974
vn 0.9032 0.0259 0.4285
vn 0.8920 -0.0071 0.4519
vn 0.8890 0.0262 0.4571
vn 0.8788 0.0257 0.4764
vn 0.8920 -0.0071 0.4519
vn 0.8920 -0.0071 0.4519
vn 0.8788 0.0257 0.4764
vn 0.8688 0.0254 0.4946
vn 0.8688 0.0254 0.4946
vn 0.8581 -0.0076 0.5135
vn 0.8920 -0.0071 0.4519
vn 0.8307 0.0076 0.5567
vn 0.8581 -0.0076 0.5135
vn 0.8555 0.0258 0.5171
vn 0.8555 0.0258 0.5171
vn 0.8473 0.0258 0.5305
vn 0.8307 0.0076 0.5567
vn 0.8473 0.0258 0.5305
vn 0.8367 0.0262 0.5471
vn 0.8307 0.0076 0.5567
vn 0.8307 0.0076 0.5567
vn 0.8150 0.0257 0.5789
vn 0.8004 -0.0079 0.5994
vn 0.7754 0.0075 0.6314
vn 0.8004 -0.0079 0.5994
vn 0.7877 0.0257 0.6155
vn 0.7429 0.0251 0.6689
vn 0.7346 0.0257 0.6780
vn 0.7199 0.0071 0.6941
vn 0.7199 0.0071 0.6941
vn 0.7754 0.0075 0.6314
vn 0.7429 0.0251 0.6689
vn 0.7612 0.0258 0.6480
vn 0.7429 0.0251 0.6689
vn 0.7754 0.0075 0.6314
vn 0.7754 0.0075 0.6314
vn 0.7731 0.0261 0.6337
vn 0.7612 0.0258 0.6480
vn 0.7346 0.0257 0.6780
vn 0.7222 0.0260 0.6912
vn 0.7199 0.0071 0.6941
vn 0.7199 0.0071 0.6941
vn 0.6976 0.0256 0.7160
vn 0.6822 -0.0075 0.7311
vn 0.6822 -0.0075 0.7311
vn 0.6736 0.0261 0.7386
vn 0.6590 0.0250 0.7517
vn 0.6590 0.0250 0.7517
vn 0.6192 -0.0068 0.7852
vn 0.6822 -0.0075 0.7311
vn 0.6590 0.0250 0.7517
vn 0.6427 0.0262 0.7656
vn 0.6192 -0.0068 0.7852
vn 0.5533 0.0261 0.8326
vn 0.5294 0.0257 0.8480
vn 0.5619 -0.0075 0.8272
vn 0.5619 -0.0075 0.8272
vn 0.5294 0.0257 0.8480
vn 0.5107 0.0041 0.8598
vn 0.5107 0.0041 0.8598
vn 0.4918 0.0262 0.8703
vn 0.4740 0.0243 0.8802
vn 0.4468 0.0076 0.8946
vn 0.5107 0.0041 0.8598
vn 0.4740 0.0243 0.8802
vn 0.4740 0.0243 0.8802
vn 0.4621 0.0260 0.8864
vn 0.4468 0.0076 0.8946
vn 0.4016 0.0249 0.9155
vn 0.3755 0.0250 0.9265
vn 0.3425 0.0022 0.9395
vn 0.3755 0.0250 0.9265
vn 0.3547 0.0257 0.9346
vn 0.3425 0.0022 0.9395
vn 0.2583 0.0247 0.9658
vn 0.2365 0.0256 0.9713
vn 0.2088 0.0213 0.9777
vn 0.1897 0.0255 0.9815
vn 0.1674 -0.0078 0.9859
vn 0.2088 0.0213 0.9777
vn 0.1032 0.0032 0.9947
vn 0.1674 -0.0078 0.9859
vn 0.1620 0.0250 0.9865
vn 0.1620 0.0250 0.9865
vn 0.1298 0.0255 0.9912
vn 0.1032 0.0032 0.9947
vn 0.1298 0.0255 0.9912
vn 0.1123 0.0260 0.9933
vn 0.1032 0.0032 0.9947
vn 0.0861 0.0255 0.9960
vn 0.0786 0.0253 0.9966
vn 0.0447 0.0000 0.9990
vn 0.0786 0.0253 0.9966
vn 0.0444 0.0259 0.9987
vn 0.0447 0.0000 0.9990
vn 0.8967 -0.0000 -0.4426
vn 0.8245 0.0260 -0.5653
vn 0.8348 -0.0186 -0.5503
vn 0.4468 0.0076 0.8946
vn 0.4232 0.0256 0.9057
vn 0.4046 -0.0064 0.9145
vn 0.3072 -0.0077 0.9516
vn 0.3023 0.0259 0.9529
vn 0.2845 0.0237 0.9584
vn 0.2845 0.0237 0.9584
vn 0.2405 -0.0215 0.9704
vn 0.3072 -0.0077 0.9516
vn 0.0447 0.0000 0.9990
vn 0.1032 0.0032 0.9947
vn 0.0861 0.0255 0.9960
vn 0.8557 -0.0261 -0.5168
vn 0.8485 -0.0263 -0.5285
vn 0.8348 -0.0186 -0.5503
vn 0.8645 -0.0260 -0.5020
vn 0.8557 -0.0261 -0.5168
vn 0.8348 -0.0186 -0.5503
vn 0.8746 -0.0231 -0.4843
vn 0.8645 -0.0260 -0.5020
vn 0.8348 -0.0186 -0.5503
vn 0.8348 -0.0186 -0.5503
vn 0.8863 -0.0071 -0.4630
vn 0.8746 -0.0231 -0.4843
vn 0.8863 -0.0071 -0.4630
vn 0.8853 -0.0261 -0.4643
vn 0.8746 -0.0231 -0.4843
vn 0.9337 0.0074 -0.3581
vn 0.9279 -0.0257 -0.3719
vn 0.9208 -0.0075 -0.3900
vn 0.9208 -0.0075 -0.3900
vn 0.9166 -0.0262 -0.3990
vn 0.9062 -0.0239 -0.4221
vn 0.8863 -0.0071 -0.4630
vn 0.9208 -0.0075 -0.3900
vn 0.9062 -0.0239 -0.4221
vn 0.9062 -0.0239 -0.4221
vn 0.8969 -0.0261 -0.4414
vn 0.8863 -0.0071 -0.4630
vn 0.9478 -0.0257 -0.3177
vn 0.9416 -0.0261 -0.3356
vn 0.9337 0.0074 -0.3581
vn 0.9337 0.0074 -0.3581
vn 0.9613 0.0048 -0.2754
vn 0.9549 -0.0255 -0.2959
vn 0.9549 -0.0255 -0.2959
vn 0.9478 -0.0257 -0.3177
vn 0.9337 0.0074 -0.3581
vn 0.9755 -0.0078 -0.2200
vn 0.9727 -0.0261 -0.2305
vn 0.9669 -0.0245 -0.2539
vn 0.9613 0.0048 -0.2754
vn 0.9755 -0.0078 -0.2200
vn 0.9669 -0.0245 -0.2539
vn 0.9669 -0.0245 -0.2539
vn 0.9625 -0.0261 -0.2700
vn 0.9613 0.0048 -0.2754
vn 0.9613 0.0048 -0.2754
vn 0.9677 0.0257 -0.2508
vn 0.9755 -0.0078 -0.2200
vn 0.9755 -0.0078 -0.2200
vn 0.9823 0.0077 -0.1869
vn 0.9795 -0.0257 -0.1996
vn 0.9823 0.0077 -0.1869
vn 0.9945 -0.0001 -0.1048
vn 0.9910 -0.0254 -0.1313
vn 0.9910 -0.0254 -0.1313
vn 0.9858 -0.0260 -0.1660
vn 0.9823 0.0077 -0.1869
vn 0.9967 -0.0243 -0.0776
vn 0.9952 -0.0260 -0.0942
vn 0.9945 -0.0001 -0.1048
vn 0.9945 -0.0001 -0.1048
vn 0.9990 -0.0074 -0.0443
vn 0.9967 -0.0243 -0.0776
vn 0.9990 -0.0074 -0.0443
vn 0.9983 -0.0261 -0.0518
vn 0.9967 -0.0243 -0.0776
vn 0.9995 -0.0075 0.0291
vn 0.9995 -0.0262 0.0174
vn 0.9997 -0.0259 -0.0020
vn 0.9997 -0.0259 -0.0020
vn 0.9994 -0.0255 -0.0254
vn 0.9995 -0.0075 0.0291
vn 0.9990 -0.0074 -0.0443
vn 0.9995 -0.0075 0.0291
vn 0.9994 -0.0255 -0.0254
vn 0.9977 0.0077 0.0679
vn 0.9995 -0.0075 0.0291
vn 0.9987 0.0257 0.0437
vn 0.9977 0.0077 0.0679
vn 0.9984 -0.0258 0.0501
vn 0.9995 -0.0075 0.0291
vn 0.9904 -0.0006 0.1382
vn 0.9948 -0.0257 0.0984
vn 0.9977 0.0077 0.0679
vn 0.9749 0.0001 0.2226
vn 0.9787 -0.0260 0.2035
vn 0.9841 -0.0233 0.1760
vn 0.9904 -0.0006 0.1382
vn 0.9749 0.0001 0.2226
vn 0.9841 -0.0233 0.1760
vn 0.9841 -0.0233 0.1760
vn 0.9866 -0.0261 0.1612
vn 0.9904 -0.0006 0.1382
vn 0.9866 -0.0261 0.1612
vn 0.9905 -0.0261 0.1348
vn 0.9904 -0.0006 0.1382
vn 0.9682 0.0258 0.2488
vn 0.9595 -0.0079 0.2816
vn 0.9749 0.0001 0.2226
vn 0.9749 0.0001 0.2226
vn 0.9595 -0.0079 0.2816
vn 0.9733 -0.0256 0.2283
vn 0.9457 -0.0252 0.3241
vn 0.9555 -0.0257 0.2938
vn 0.9494 0.0222 0.3134
vn 0.9494 0.0222 0.3134
vn 0.9555 -0.0257 0.2938
vn 0.9595 -0.0079 0.2816
vn 0.9631 -0.0261 0.2679
vn 0.9676 -0.0259 0.2510
vn 0.9595 -0.0079 0.2816
vn 0.9676 -0.0259 0.2510
vn 0.9733 -0.0256 0.2283
vn 0.9595 -0.0079 0.2816
vn 0.9404 -0.0256 0.3391
vn 0.9457 -0.0252 0.3241
vn 0.9494 0.0222 0.3134
vn 0.9494 0.0222 0.3134
vn 0.9385 -0.0193 0.3447
vn 0.9404 -0.0256 0.3391
vn 0.9221 0.0001 0.3870
vn 0.9281 -0.0259 0.3714
vn 0.9385 -0.0193 0.3447
vn 0.8920 -0.0071 0.4519
vn 0.9221 0.0001 0.3870
vn 0.9173 0.0254 0.3974
vn 0.9221 0.0001 0.3870
vn 0.8920 -0.0071 0.4519
vn 0.9163 -0.0254 0.3998
vn 0.9110 -0.0254 0.4117
vn 0.9163 -0.0254 0.3998
vn 0.8920 -0.0071 0.4519
vn 0.8717 -0.0251 0.4894
vn 0.8852 -0.0261 0.4645
vn 0.8920 -0.0071 0.4519
vn 0.8920 -0.0071 0.4519
vn 0.9001 -0.0261 0.4349
vn 0.9110 -0.0254 0.4117
vn 0.8626 -0.0252 0.5053
vn 0.8717 -0.0251 0.4894
vn 0.8920 -0.0071 0.4519
vn 0.8920 -0.0071 0.4519
vn 0.8581 -0.0076 0.5135
vn 0.8626 -0.0252 0.5053
vn 0.8307 0.0076 0.5567
vn 0.8443 -0.0256 0.5353
vn 0.8581 -0.0076 0.5135
vn 0.8004 -0.0079 0.5994
vn 0.8058 -0.0261 0.5916
vn 0.8156 -0.0243 0.5781
vn 0.8307 0.0076 0.5567
vn 0.8004 -0.0079 0.5994
vn 0.8156 -0.0243 0.5781
vn 0.8156 -0.0243 0.5781
vn 0.8319 -0.0259 0.5543
vn 0.8307 0.0076 0.5567
vn 0.8004 -0.0079 0.5994
vn 0.7754 0.0075 0.6314
vn 0.7857 -0.0258 0.6181
vn 0.7199 0.0071 0.6941
vn 0.7327 -0.0260 0.6801
vn 0.7480 -0.0248 0.6632
vn 0.7480 -0.0248 0.6632
vn 0.7754 0.0075 0.6314
vn 0.7199 0.0071 0.6941
vn 0.7480 -0.0248 0.6632
vn 0.7639 -0.0262 0.6448
vn 0.7754 0.0075 0.6314
vn 0.7199 0.0071 0.6941
vn 0.6822 -0.0075 0.7311
vn 0.6913 -0.0255 0.7221
vn 0.6913 -0.0255 0.7221
vn 0.7065 -0.0254 0.7072
vn 0.7199 0.0071 0.6941
vn 0.7199 0.0071 0.6941
vn 0.7065 -0.0254 0.7072
vn 0.7194 -0.0259 0.6941
vn 0.6822 -0.0075 0.7311
vn 0.6192 -0.0068 0.7852
vn 0.6633 -0.0257 0.7479
vn 0.6492 -0.0260 0.7601
vn 0.6633 -0.0257 0.7479
vn 0.6192 -0.0068 0.7852
vn 0.6192 -0.0068 0.7852
vn 0.6339 -0.0263 0.7730
vn 0.6492 -0.0260 0.7601
vn 0.5966 0.0066 0.8025
vn 0.6192 -0.0068 0.7852
vn 0.6115 0.0258 0.7908
vn 0.5871 0.0258 0.8091
vn 0.5619 -0.0075 0.8272
vn 0.5966 0.0066 0.8025
vn 0.6192 -0.0068 0.7852
vn 0.5966 0.0066 0.8025
vn 0.6068 -0.0259 0.7944
vn 0.5966 0.0066 0.8025
vn 0.5619 -0.0075 0.8272
vn 0.5821 -0.0258 0.8127
vn 0.5619 -0.0075 0.8272
vn 0.5107 0.0041 0.8598
vn 0.5146 -0.0254 0.8571
vn 0.5146 -0.0254 0.8571
vn 0.5156 -0.0247 0.8565
vn 0.5619 -0.0075 0.8272
vn 0.5156 -0.0247 0.8565
vn 0.5504 -0.0260 0.8345
vn 0.5619 -0.0075 0.8272
vn 0.5107 0.0041 0.8598
vn 0.4468 0.0076 0.8946
vn 0.4668 -0.0244 0.8841
vn 0.4668 -0.0244 0.8841
vn 0.4881 -0.0259 0.8724
vn 0.5107 0.0041 0.8598
vn 0.4473 -0.0260 0.8940
vn 0.4668 -0.0244 0.8841
vn 0.4468 0.0076 0.8946
vn 0.4046 -0.0064 0.9145
vn 0.4198 -0.0260 0.9073
vn 0.4468 0.0076 0.8946
vn 0.3425 0.0022 0.9395
vn 0.4046 -0.0064 0.9145
vn 0.4016 0.0249 0.9155
vn 0.4046 -0.0064 0.9145
vn 0.3425 0.0022 0.9395
vn 0.3897 -0.0257 0.9206
vn 0.3425 0.0022 0.9395
vn 0.3680 -0.0261 0.9295
vn 0.3897 -0.0257 0.9206
vn 0.3425 0.0022 0.9395
vn 0.3588 -0.0263 0.9331
vn 0.3680 -0.0261 0.9295
vn 0.3072 -0.0077 0.9516
vn 0.3128 -0.0260 0.9495
vn 0.3425 0.0022 0.9395
vn 0.3425 0.0022 0.9395
vn 0.3298 0.0258 0.9437
vn 0.3072 -0.0077 0.9516
vn 0.2405 -0.0215 0.9704
vn 0.2628 -0.0265 0.9645
vn 0.2751 -0.0263 0.9611
vn 0.2751 -0.0263 0.9611
vn 0.2948 -0.0259 0.9552
vn 0.2405 -0.0215 0.9704
vn 0.3072 -0.0077 0.9516
vn 0.2405 -0.0215 0.9704
vn 0.2948 -0.0259 0.9552
vn 0.2088 0.0213 0.9777
vn 0.2405 -0.0215 0.9704
vn 0.2583 0.0247 0.9658
vn 0.2845 0.0237 0.9584
vn 0.2583 0.0247 0.9658
vn 0.2405 -0.0215 0.9704
vn 0.2365 0.0256 0.9713
vn 0.2251 0.0259 0.9740
vn 0.2088 0.0213 0.9777
vn 0.2088 0.0213 0.9777
vn 0.2173 -0.0256 0.9758
vn 0.2405 -0.0215 0.9704
vn 0.1032 0.0032 0.9947
vn 0.1453 -0.0255 0.9891
vn 0.1674 -0.0078 0.9859
vn 0.2088 0.0213 0.9777
vn 0.1674 -0.0078 0.9859
vn 0.1747 -0.0255 0.9843
vn 0.1747 -0.0255 0.9843
vn 0.1781 -0.0248 0.9837
vn 0.2088 0.0213 0.9777
vn 0.1781 -0.0248 0.9837
vn 0.2173 -0.0256 0.9758
vn 0.2088 0.0213 0.9777
vn 0.1034 -0.0262 0.9943
vn 0.1453 -0.0255 0.9891
vn 0.1032 0.0032 0.9947
vn 0.0745 -0.0256 0.9969
vn 0.1032 0.0032 0.9947
vn 0.0447 0.0000 0.9990
vn 0.1032 0.0032 0.9947
vn 0.1097 -0.0261 0.9936
vn 0.1034 -0.0262 0.9943
vn -0.0063 -0.0264 0.9996
vn 0.0171 -0.0248 0.9995
vn -0.0205 -0.0070 0.9998
vn 0.0447 0.0000 0.9990
vn -0.0205 -0.0070 0.9998
vn 0.0171 -0.0248 0.9995
vn 0.0171 -0.0248 0.9995
vn 0.0328 -0.0262 0.9991
vn 0.0447 0.0000 0.9990
vn -0.0499 0.0078 0.9987
vn -0.0205 -0.0070 0.9998
vn -0.0310 0.0256 0.9992
vn -0.0499 0.0078 0.9987
vn -0.0722 0.0264 0.9970
vn -0.0989 0.0261 0.9948
vn -0.0989 0.0261 0.9948
vn -0.0994 0.0257 0.9947
vn -0.0499 0.0078 0.9987
vn -0.1238 -0.0004 0.9923
vn -0.0499 0.0078 0.9987
vn -0.0994 0.0257 0.9947
vn -0.1238 -0.0004 0.9923
vn -0.1463 0.0262 0.9889
vn -0.1579 0.0261 0.9871
vn -0.1579 0.0261 0.9871
vn -0.1693 0.0255 0.9852
vn -0.1238 -0.0004 0.9923
vn -0.2110 0.0000 0.9775
vn -0.1238 -0.0004 0.9923
vn -0.1693 0.0255 0.9852
vn -0.1693 0.0255 0.9852
vn -0.1782 0.0257 0.9837
vn -0.2110 0.0000 0.9775
vn -0.1782 0.0257 0.9837
vn -0.2034 0.0262 0.9787
vn -0.2110 0.0000 0.9775
vn -0.2110 0.0000 0.9775
vn -0.2376 0.0258 0.9710
vn -0.2666 -0.0072 0.9638
vn -0.2714 0.0262 0.9621
vn -0.2779 0.0261 0.9602
vn -0.2666 -0.0072 0.9638
vn -0.2666 -0.0072 0.9638
vn -0.2779 0.0261 0.9602
vn -0.3111 0.0241 0.9501
vn -0.3582 -0.0074 0.9336
vn -0.2666 -0.0072 0.9638
vn -0.3111 0.0241 0.9501
vn -0.3111 0.0241 0.9501
vn -0.3260 0.0255 0.9450
vn -0.3582 -0.0074 0.9336
vn -0.3260 0.0255 0.9450
vn -0.3467 0.0261 0.9376
vn -0.3582 -0.0074 0.9336
vn -0.3582 -0.0074 0.9336
vn -0.3807 0.0260 0.9243
vn -0.4017 0.0078 0.9157
vn -0.4640 0.0041 0.8858
vn -0.4017 0.0078 0.9157
vn -0.4064 0.0255 0.9133
vn -0.4064 0.0255 0.9133
vn -0.4167 0.0248 0.9087
vn -0.4640 0.0041 0.8858
vn -0.4167 0.0248 0.9087
vn -0.4552 0.0260 0.8900
vn -0.4640 0.0041 0.8858
vn -0.4640 0.0041 0.8858
vn -0.4713 0.0260 0.8816
vn -0.4928 0.0242 0.8698
vn -0.5146 -0.0000 0.8574
vn -0.4640 0.0041 0.8858
vn -0.4928 0.0242 0.8698
vn -0.4928 0.0242 0.8698
vn -0.5050 0.0259 0.8627
vn -0.5146 -0.0000 0.8574
vn -0.5673 0.0256 0.8231
vn -0.5117 -0.0029 0.8592
vn -0.5641 -0.0244 0.8254
vn -0.5641 -0.0244 0.8254
vn -0.5338 0.0246 0.8453
vn -0.5673 0.0256 0.8231
vn -0.5338 0.0246 0.8453
vn -0.5641 -0.0244 0.8254
vn -0.5146 -0.0000 0.8574
vn -0.5146 -0.0000 0.8574
vn -0.4853 -0.0256 0.8740
vn -0.4640 0.0041 0.8858
vn -0.5343 -0.0257 0.8449
vn -0.5141 -0.0261 0.8573
vn -0.5146 -0.0000 0.8574
vn -0.5463 -0.0256 0.8372
vn -0.5343 -0.0257 0.8449
vn -0.5146 -0.0000 0.8574
vn -0.5146 -0.0000 0.8574
vn -0.5641 -0.0244 0.8254
vn -0.5463 -0.0256 0.8372
vn -0.0499 0.0078 0.9987
vn -0.0353 -0.0257 0.9990
vn -0.0205 -0.0070 0.9998
vn -0.1121 -0.0254 0.9934
vn -0.0499 0.0078 0.9987
vn -0.1238 -0.0004 0.9923
vn -0.1121 -0.0254 0.9934
vn -0.0680 -0.0260 0.9973
vn -0.0499 0.0078 0.9987
vn -0.1839 -0.0251 0.9826
vn -0.1238 -0.0004 0.9923
vn -0.2110 0.0000 0.9775
vn -0.1238 -0.0004 0.9923
vn -0.1839 -0.0251 0.9826
vn -0.1579 -0.0258 0.9871
vn -0.1579 -0.0258 0.9871
vn -0.1404 -0.0262 0.9898
vn -0.1238 -0.0004 0.9923
vn -0.2110 0.0000 0.9775
vn -0.2666 -0.0072 0.9638
vn -0.2541 -0.0256 0.9669
vn -0.2541 -0.0256 0.9669
vn -0.2367 -0.0253 0.9713
vn -0.2110 0.0000 0.9775
vn -0.2367 -0.0253 0.9713
vn -0.2089 -0.0259 0.9776
vn -0.2110 0.0000 0.9775
vn -0.2974 -0.0258 0.9544
vn -0.2816 -0.0264 0.9592
vn -0.2666 -0.0072 0.9638
vn -0.3174 -0.0245 0.9480
vn -0.2974 -0.0258 0.9544
vn -0.2666 -0.0072 0.9638
vn -0.2666 -0.0072 0.9638
vn -0.3582 -0.0074 0.9336
vn -0.3174 -0.0245 0.9480
vn -0.3354 -0.0260 0.9417
vn -0.3174 -0.0245 0.9480
vn -0.3582 -0.0074 0.9336
vn -0.3582 -0.0074 0.9336
vn -0.3566 -0.0264 0.9339
vn -0.3354 -0.0260 0.9417
vn -0.3582 -0.0074 0.9336
vn -0.4017 0.0078 0.9157
vn -0.3852 -0.0262 0.9225
vn -0.4496 -0.0261 0.8929
vn -0.4295 -0.0251 0.9027
vn -0.4640 0.0041 0.8858
vn -0.4017 0.0078 0.9157
vn -0.4640 0.0041 0.8858
vn -0.4295 -0.0251 0.9027
vn -0.4295 -0.0251 0.9027
vn -0.4150 -0.0262 0.9095
vn -0.4017 0.0078 0.9157
vn -0.5737 0.0429 0.8179
vn -0.6729 0.0274 0.7392
vn -0.6678 0.0266 0.7439
vn 0.9987 0.0257 0.0437
vn 0.9995 -0.0075 0.0291
vn 0.9996 0.0260 0.0130
vn 0.9987 0.0257 0.0437
vn 0.9988 0.0263 0.0402
vn 0.9808 0.1858 0.0592
vn 0.9808 0.1858 0.0592
vn 0.9977 0.0077 0.0679
vn 0.9987 0.0257 0.0437
vn 0.9969 0.0261 0.0736
vn 0.9977 0.0077 0.0679
vn 0.9808 0.1858 0.0592
vn 0.9808 0.1858 0.0592
vn 0.9724 0.2137 0.0938
vn 0.9969 0.0261 0.0736
vn 0.9724 0.2137 0.0938
vn 0.9948 0.0240 0.0994
vn 0.9969 0.0261 0.0736
vn 0.9934 0.0260 0.1118
vn 0.9948 0.0240 0.0994
vn 0.9724 0.2137 0.0938
vn 0.9724 0.2137 0.0938
vn 0.9717 0.1996 0.1267
vn 0.9934 0.0260 0.1118
vn 0.9717 0.1996 0.1267
vn 0.9917 0.0259 0.1261
vn 0.9934 0.0260 0.1118
vn 0.9882 0.0261 0.1511
vn 0.9917 0.0259 0.1261
vn 0.9717 0.1996 0.1267
vn 0.9882 0.0261 0.1511
vn 0.9717 0.1996 0.1267
vn 0.9454 0.2849 0.1584
vn 0.9454 0.2849 0.1584
vn 0.9904 -0.0006 0.1382
vn 0.9882 0.0261 0.1511
vn 0.9454 0.2849 0.1584
vn 0.9712 0.1298 0.1996
vn 0.9845 0.0254 0.1735
vn 0.9845 0.0254 0.1735
vn 0.9904 -0.0006 0.1382
vn 0.9454 0.2849 0.1584
vn 0.9668 0.0975 0.2361
vn 0.9749 0.0001 0.2226
vn 0.9749 0.0262 0.2212
vn 0.9749 0.0262 0.2212
vn 0.9712 0.1298 0.1996
vn 0.9668 0.0975 0.2361
vn 0.9749 0.0262 0.2212
vn 0.9795 0.0259 0.1996
vn 0.9712 0.1298 0.1996
vn 0.9712 0.1298 0.1996
vn 0.9795 0.0259 0.1996
vn 0.9845 0.0254 0.1735
vn 0.9682 0.0258 0.2488
vn 0.9749 0.0001 0.2226
vn 0.9668 0.0975 0.2361
vn 0.9668 0.0975 0.2361
vn 0.9568 0.1056 0.2710
vn 0.9682 0.0258 0.2488
vn 0.9568 0.1056 0.2710
vn 0.9595 -0.0079 0.2816
vn 0.9682 0.0258 0.2488
vn 0.9586 0.0259 0.2836
vn 0.9595 -0.0079 0.2816
vn 0.9568 0.1056 0.2710
vn 0.9586 0.0259 0.2836
vn 0.9568 0.1056 0.2710
vn 0.9477 0.0797 0.3091
vn 0.9477 0.0797 0.3091
vn 0.9494 0.0222 0.3134
vn 0.9586 0.0259 0.2836
vn 0.9477 0.0797 0.3091
vn 0.9357 0.0860 0.3421
vn 0.9446 0.0256 0.3273
vn 0.9446 0.0256 0.3273
vn 0.9494 0.0222 0.3134
vn 0.9477 0.0797 0.3091
vn 0.9357 0.0860 0.3421
vn 0.9233 0.0652 0.3785
vn 0.9311 0.0256 0.3640
vn 0.9311 0.0256 0.3640
vn 0.9446 0.0256 0.3273
vn 0.9357 0.0860 0.3421
vn 0.9233 0.0652 0.3785
vn 0.9221 0.0001 0.3870
vn 0.9311 0.0256 0.3640
vn 0.9173 0.0254 0.3974
vn 0.9221 0.0001 0.3870
vn 0.9233 0.0652 0.3785
vn 0.9233 0.0652 0.3785
vn 0.9105 0.0679 0.4079
vn 0.9173 0.0254 0.3974
vn 0.9032 0.0259 0.4285
vn 0.9173 0.0254 0.3974
vn 0.9105 0.0679 0.4079
vn 0.9105 0.0679 0.4079
vn 0.8946 0.0592 0.4429
vn 0.9032 0.0259 0.4285
vn 0.8946 0.0592 0.4429
vn 0.8920 -0.0071 0.4519
vn 0.9032 0.0259 0.4285
vn 0.8890 0.0262 0.4571
vn 0.8920 -0.0071 0.4519
vn 0.8946 0.0592 0.4429
vn 0.8890 0.0262 0.4571
vn 0.8946 0.0592 0.4429
vn 0.8789 0.0472 0.4746
vn 0.8789 0.0472 0.4746
vn 0.8788 0.0257 0.4764
vn 0.8890 0.0262 0.4571
vn 0.8789 0.0472 0.4746
vn 0.8624 0.0465 0.5041
vn 0.8688 0.0254 0.4946
vn 0.8688 0.0254 0.4946
vn 0.8788 0.0257 0.4764
vn 0.8789 0.0472 0.4746
vn 0.8555 0.0258 0.5171
vn 0.8624 0.0465 0.5041
vn 0.8457 0.0417 0.5320
vn 0.8555 0.0258 0.5171
vn 0.8581 -0.0076 0.5135
vn 0.8624 0.0465 0.5041
vn 0.8624 0.0465 0.5041
vn 0.8581 -0.0076 0.5135
vn 0.8688 0.0254 0.4946
vn 0.8258 0.0345 0.5630
vn 0.8307 0.0076 0.5567
vn 0.8367 0.0262 0.5471
vn 0.8367 0.0262 0.5471
vn 0.8457 0.0417 0.5320
vn 0.8258 0.0345 0.5630
vn 0.8367 0.0262 0.5471
vn 0.8473 0.0258 0.5305
vn 0.8457 0.0417 0.5320
vn 0.8457 0.0417 0.5320
vn 0.8473 0.0258 0.5305
vn 0.8555 0.0258 0.5171
vn 0.8150 0.0257 0.5789
vn 0.8307 0.0076 0.5567
vn 0.8258 0.0345 0.5630
vn 0.8258 0.0345 0.5630
vn 0.8029 0.0326 0.5953
vn 0.8150 0.0257 0.5789
vn 0.8029 0.0326 0.5953
vn 0.8004 -0.0079 0.5994
vn 0.8150 0.0257 0.5789
vn 0.7877 0.0257 0.6155
vn 0.8004 -0.0079 0.5994
vn 0.8029 0.0326 0.5953
vn 0.7877 0.0257 0.6155
vn 0.8029 0.0326 0.5953
vn 0.7800 0.0291 0.6251
vn 0.7800 0.0291 0.6251
vn 0.7754 0.0075 0.6314
vn 0.7877 0.0257 0.6155
vn 0.7800 0.0291 0.6251
vn 0.7586 0.0267 0.6510
vn 0.7731 0.0261 0.6337
vn 0.7731 0.0261 0.6337
vn 0.7754 0.0075 0.6314
vn 0.7800 0.0291 0.6251
vn 0.7429 0.0251 0.6689
vn 0.7586 0.0267 0.6510
vn 0.7347 0.0278 0.6778
vn 0.7429 0.0251 0.6689
vn 0.7612 0.0258 0.6480
vn 0.7586 0.0267 0.6510
vn 0.7586 0.0267 0.6510
vn 0.7612 0.0258 0.6480
vn 0.7731 0.0261 0.6337
vn 0.6746 0.3190 0.6657
vn 0.7199 0.0071 0.6941
vn 0.7222 0.0260 0.6912
vn 0.7222 0.0260 0.6912
vn 0.7347 0.0278 0.6778
vn 0.6746 0.3190 0.6657
vn 0.7222 0.0260 0.6912
vn 0.7346 0.0257 0.6780
vn 0.7347 0.0278 0.6778
vn 0.7347 0.0278 0.6778
vn 0.7346 0.0257 0.6780
vn 0.7429 0.0251 0.6689
vn 0.6976 0.0256 0.7160
vn 0.7199 0.0071 0.6941
vn 0.6746 0.3190 0.6657
vn 0.6746 0.3190 0.6657
vn 0.6745 0.1554 0.7217
vn 0.6976 0.0256 0.7160
vn 0.6745 0.1554 0.7217
vn 0.6822 -0.0075 0.7311
vn 0.6976 0.0256 0.7160
vn 0.6736 0.0261 0.7386
vn 0.6822 -0.0075 0.7311
vn 0.6745 0.1554 0.7217
vn 0.6736 0.0261 0.7386
vn 0.6745 0.1554 0.7217
vn 0.6514 0.1400 0.7457
vn 0.6514 0.1400 0.7457
vn 0.6590 0.0250 0.7517
vn 0.6736 0.0261 0.7386
vn 0.6514 0.1400 0.7457
vn 0.5358 0.5162 0.6682
vn 0.6427 0.0262 0.7656
vn 0.6427 0.0262 0.7656
vn 0.6590 0.0250 0.7517
vn 0.6514 0.1400 0.7457
vn 0.5867 0.2114 0.7818
vn 0.5966 0.0066 0.8025
vn 0.6115 0.0258 0.7908
vn 0.6115 0.0258 0.7908
vn 0.5358 0.5162 0.6682
vn 0.5867 0.2114 0.7818
vn 0.6115 0.0258 0.7908
vn 0.6192 -0.0068 0.7852
vn 0.5358 0.5162 0.6682
vn 0.5358 0.5162 0.6682
vn 0.6192 -0.0068 0.7852
vn 0.6427 0.0262 0.7656
vn 0.5871 0.0258 0.8091
vn 0.5966 0.0066 0.8025
vn 0.5867 0.2114 0.7818
vn 0.5867 0.2114 0.7818
vn 0.5489 0.2760 0.7890
vn 0.5871 0.0258 0.8091
vn 0.5489 0.2760 0.7890
vn 0.5619 -0.0075 0.8272
vn 0.5871 0.0258 0.8091
vn 0.5533 0.0261 0.8326
vn 0.5619 -0.0075 0.8272
vn 0.5489 0.2760 0.7890
vn 0.5533 0.0261 0.8326
vn 0.5489 0.2760 0.7890
vn 0.5175 0.3009 0.8011
vn 0.5175 0.3009 0.8011
vn 0.5294 0.0257 0.8480
vn 0.5533 0.0261 0.8326
vn 0.5294 0.0257 0.8480
vn 0.5175 0.3009 0.8011
vn 0.4958 0.2493 0.8319
vn 0.4958 0.2493 0.8319
vn 0.5107 0.0041 0.8598
vn 0.5294 0.0257 0.8480
vn 0.4509 0.3293 0.8296
vn 0.4740 0.0243 0.8802
vn 0.4918 0.0262 0.8703
vn 0.4958 0.2493 0.8319
vn 0.4509 0.3293 0.8296
vn 0.4918 0.0262 0.8703
vn 0.4918 0.0262 0.8703
vn 0.5107 0.0041 0.8598
vn 0.4958 0.2493 0.8319
vn 0.4621 0.0260 0.8864
vn 0.4740 0.0243 0.8802
vn 0.4509 0.3293 0.8296
vn 0.4621 0.0260 0.8864
vn 0.4509 0.3293 0.8296
vn 0.4326 0.2792 0.8573
vn 0.4326 0.2792 0.8573
vn 0.4468 0.0076 0.8946
vn 0.4621 0.0260 0.8864
vn 0.4326 0.2792 0.8573
vn 0.3864 0.3595 0.8494
vn 0.4232 0.0256 0.9057
vn 0.4232 0.0256 0.9057
vn 0.4468 0.0076 0.8946
vn 0.4326 0.2792 0.8573
vn 0.3569 0.3262 0.8753
vn 0.3755 0.0250 0.9265
vn 0.4016 0.0249 0.9155
vn 0.4016 0.0249 0.9155
vn 0.3864 0.3595 0.8494
vn 0.3569 0.3262 0.8753
vn 0.4016 0.0249 0.9155
vn 0.4046 -0.0064 0.9145
vn 0.3864 0.3595 0.8494
vn 0.3864 0.3595 0.8494
vn 0.4046 -0.0064 0.9145
vn 0.4232 0.0256 0.9057
vn 0.3174 0.3768 0.8702
vn 0.3425 0.0022 0.9395
vn 0.3547 0.0257 0.9346
vn 0.3569 0.3262 0.8753
vn 0.3174 0.3768 0.8702
vn 0.3547 0.0257 0.9346
vn 0.3547 0.0257 0.9346
vn 0.3755 0.0250 0.9265
vn 0.3569 0.3262 0.8753
vn 0.3298 0.0258 0.9437
vn 0.3425 0.0022 0.9395
vn 0.3174 0.3768 0.8702
vn 0.3298 0.0258 0.9437
vn 0.3174 0.3768 0.8702
vn 0.2870 0.4096 0.8660
vn 0.2870 0.4096 0.8660
vn 0.3072 -0.0077 0.9516
vn 0.3298 0.0258 0.9437
vn 0.3023 0.0259 0.9529
vn 0.3072 -0.0077 0.9516
vn 0.2870 0.4096 0.8660
vn 0.3023 0.0259 0.9529
vn 0.2870 0.4096 0.8660
vn 0.2631 0.3560 0.8967
vn 0.2631 0.3560 0.8967
vn 0.2845 0.0237 0.9584
vn 0.3023 0.0259 0.9529
vn 0.2160 0.4463 0.8684
vn 0.2365 0.0256 0.9713
vn 0.2583 0.0247 0.9658
vn 0.2631 0.3560 0.8967
vn 0.2160 0.4463 0.8684
vn 0.2583 0.0247 0.9658
vn 0.2583 0.0247 0.9658
vn 0.2845 0.0237 0.9584
vn 0.2631 0.3560 0.8967
vn 0.2251 0.0259 0.9740
vn 0.2365 0.0256 0.9713
vn 0.2160 0.4463 0.8684
vn 0.2251 0.0259 0.9740
vn 0.2160 0.4463 0.8684
vn 0.1915 0.3809 0.9046
vn 0.1915 0.3809 0.9046
vn 0.2088 0.0213 0.9777
vn 0.2251 0.0259 0.9740
vn 0.1915 0.3809 0.9046
vn 0.1523 0.4740 0.8672
vn 0.1897 0.0255 0.9815
vn 0.1897 0.0255 0.9815
vn 0.2088 0.0213 0.9777
vn 0.1915 0.3809 0.9046
vn 0.1200 0.4370 0.8914
vn 0.1298 0.0255 0.9912
vn 0.1620 0.0250 0.9865
vn 0.1620 0.0250 0.9865
vn 0.1523 0.4740 0.8672
vn 0.1200 0.4370 0.8914
vn 0.1620 0.0250 0.9865
vn 0.1674 -0.0078 0.9859
vn 0.1523 0.4740 0.8672
vn 0.1523 0.4740 0.8672
vn 0.1674 -0.0078 0.9859
vn 0.1897 0.0255 0.9815
vn 0.1123 0.0260 0.9933
vn 0.1298 0.0255 0.9912
vn 0.1200 0.4370 0.8914
vn 0.1200 0.4370 0.8914
vn 0.0893 0.4733 0.8764
vn 0.1123 0.0260 0.9933
vn 0.0893 0.4733 0.8764
vn 0.1032 0.0032 0.9947
vn 0.1123 0.0260 0.9933
vn 0.0893 0.4733 0.8764
vn 0.0581 0.5225 0.8506
vn 0.0861 0.0255 0.9960
vn 0.0861 0.0255 0.9960
vn 0.1032 0.0032 0.9947
vn 0.0893 0.4733 0.8764
vn 0.0260 0.4469 0.8942
vn 0.0447 0.0000 0.9990
vn 0.0444 0.0259 0.9987
vn 0.0444 0.0259 0.9987
vn 0.0581 0.5225 0.8506
vn 0.0260 0.4469 0.8942
vn 0.0444 0.0259 0.9987
vn 0.0786 0.0253 0.9966
vn 0.0581 0.5225 0.8506
vn 0.0581 0.5225 0.8506
vn 0.0786 0.0253 0.9966
vn 0.0861 0.0255 0.9960
vn 0.0160 0.0256 0.9995
vn 0.0447 0.0000 0.9990
vn 0.0260 0.4469 0.8942
vn 0.0260 0.4469 0.8942
vn -0.0090 0.5522 0.8337
vn 0.0160 0.0256 0.9995
vn -0.0090 0.5522 0.8337
vn -0.0205 -0.0070 0.9998
vn 0.0160 0.0256 0.9995
vn -0.0401 0.4758 0.8786
vn -0.0499 0.0078 0.9987
vn -0.0310 0.0256 0.9992
vn -0.0310 0.0256 0.9992
vn -0.0090 0.5522 0.8337
vn -0.0401 0.4758 0.8786
vn -0.0310 0.0256 0.9992
vn -0.0205 -0.0070 0.9998
vn -0.0090 0.5522 0.8337
vn -0.0722 0.0264 0.9970
vn -0.0499 0.0078 0.9987
vn -0.0401 0.4758 0.8786
vn -0.0401 0.4758 0.8786
vn -0.0687 0.5763 0.8144
vn -0.0722 0.0264 0.9970
vn -0.0687 0.5763 0.8144
vn -0.0989 0.0261 0.9948
vn -0.0722 0.0264 0.9970
vn -0.0994 0.0257 0.9947
vn -0.0989 0.0261 0.9948
vn -0.0687 0.5763 0.8144
vn -0.0994 0.0257 0.9947
vn -0.0687 0.5763 0.8144
vn -0.1007 0.4974 0.8617
vn -0.1007 0.4974 0.8617
vn -0.1238 -0.0004 0.9923
vn -0.0994 0.0257 0.9947
vn -0.1007 0.4974 0.8617
vn -0.1256 0.6031 0.7877
vn -0.1463 0.0262 0.9889
vn -0.1463 0.0262 0.9889
vn -0.1238 -0.0004 0.9923
vn -0.1007 0.4974 0.8617
vn -0.1256 0.6031 0.7877
vn -0.1454 0.6125 0.7770
vn -0.1693 0.0255 0.9852
vn -0.1693 0.0255 0.9852
vn -0.1579 0.0261 0.9871
vn -0.1256 0.6031 0.7877
vn -0.1256 0.6031 0.7877
vn -0.1579 0.0261 0.9871
vn -0.1463 0.0262 0.9889
vn -0.1896 0.5309 0.8260
vn -0.2110 0.0000 0.9775
vn -0.2034 0.0262 0.9787
vn -0.2034 0.0262 0.9787
vn -0.1454 0.6125 0.7770
vn -0.1896 0.5309 0.8260
vn -0.2034 0.0262 0.9787
vn -0.1782 0.0257 0.9837
vn -0.1454 0.6125 0.7770
vn -0.1454 0.6125 0.7770
vn -0.1782 0.0257 0.9837
vn -0.1693 0.0255 0.9852
vn -0.2376 0.0258 0.9710
vn -0.2110 0.0000 0.9775
vn -0.1896 0.5309 0.8260
vn -0.1896 0.5309 0.8260
vn -0.1996 0.6307 0.7500
vn -0.2376 0.0258 0.9710
vn -0.1996 0.6307 0.7500
vn -0.2666 -0.0072 0.9638
vn -0.2376 0.0258 0.9710
vn -0.2714 0.0262 0.9621
vn -0.2666 -0.0072 0.9638
vn -0.1996 0.6307 0.7500
vn -0.2714 0.0262 0.9621
vn -0.1996 0.6307 0.7500
vn -0.2291 0.6058 0.7620
vn -0.2291 0.6058 0.7620
vn -0.2779 0.0261 0.9602
vn -0.2714 0.0262 0.9621
vn -0.2614 0.6030 0.7537
vn -0.3260 0.0255 0.9450
vn -0.3111 0.0241 0.9501
vn -0.3111 0.0241 0.9501
vn -0.2291 0.6058 0.7620
vn -0.2614 0.6030 0.7537
vn -0.3111 0.0241 0.9501
vn -0.2779 0.0261 0.9602
vn -0.2291 0.6058 0.7620
vn -0.3467 0.0261 0.9376
vn -0.3260 0.0255 0.9450
vn -0.2614 0.6030 0.7537
vn -0.3467 0.0261 0.9376
vn -0.2614 0.6030 0.7537
vn -0.2715 0.6608 0.6998
vn -0.2715 0.6608 0.6998
vn -0.3582 -0.0074 0.9336
vn -0.3467 0.0261 0.9376
vn -0.3807 0.0260 0.9243
vn -0.3582 -0.0074 0.9336
vn -0.2715 0.6608 0.6998
vn -0.3807 0.0260 0.9243
vn -0.2715 0.6608 0.6998
vn -0.3209 0.5801 0.7487
vn -0.3209 0.5801 0.7487
vn -0.4017 0.0078 0.9157
vn -0.3807 0.0260 0.9243
vn -0.3209 0.5801 0.7487
vn -0.3111 0.6822 0.6617
vn -0.4064 0.0255 0.9133
vn -0.4064 0.0255 0.9133
vn -0.4017 0.0078 0.9157
vn -0.3209 0.5801 0.7487
vn -0.3713 0.5981 0.7102
vn -0.4640 0.0041 0.8858
vn -0.4552 0.0260 0.8900
vn -0.4552 0.0260 0.8900
vn -0.3111 0.6822 0.6617
vn -0.3713 0.5981 0.7102
vn -0.4552 0.0260 0.8900
vn -0.4167 0.0248 0.9087
vn -0.3111 0.6822 0.6617
vn -0.3111 0.6822 0.6617
vn -0.4167 0.0248 0.9087
vn -0.4064 0.0255 0.9133
vn -0.4713 0.0260 0.8816
vn -0.4640 0.0041 0.8858
vn -0.3713 0.5981 0.7102
vn -0.3713 0.5981 0.7102
vn -0.3513 0.6959 0.6264
vn -0.4713 0.0260 0.8816
vn -0.3513 0.6959 0.6264
vn -0.4928 0.0242 0.8698
vn -0.4713 0.0260 0.8816
vn -0.5050 0.0259 0.8627
vn -0.4928 0.0242 0.8698
vn -0.3513 0.6959 0.6264
vn -0.5050 0.0259 0.8627
vn -0.3513 0.6959 0.6264
vn -0.4133 0.6131 0.6733
vn -0.4133 0.6131 0.6733
vn -0.5146 -0.0000 0.8574
vn -0.5050 0.0259 0.8627
vn -0.5697 0.0262 0.8214
vn -0.5117 -0.0029 0.8592
vn -0.5673 0.0256 0.8231
vn -0.5673 0.0256 0.8231
vn -0.3501 0.7762 0.5243
vn -0.5707 0.0261 0.8207
vn -0.3501 0.7762 0.5243
vn -0.5673 0.0256 0.8231
vn -0.5338 0.0246 0.8453
vn -0.4133 0.6131 0.6733
vn -0.3501 0.7762 0.5243
vn -0.5338 0.0246 0.8453
vn -0.5338 0.0246 0.8453
vn -0.5146 -0.0000 0.8574
vn -0.4133 0.6131 0.6733
vn -0.5994 0.0264 0.8000
vn -0.6177 0.0290 0.7859
vn -0.6116 0.0265 0.7907
vn -0.6116 0.0265 0.7907
vn -0.5117 -0.0029 0.8592
vn -0.6058 0.0267 0.7951
vn -0.6177 0.0290 0.7859
vn -0.6258 0.0267 0.7795
vn -0.6116 0.0265 0.7907
vn -0.6441 0.0278 0.7644
vn -0.6678 0.0266 0.7439
vn -0.6729 0.0274 0.7392
vn -0.6729 0.0274 0.7392
vn -0.4868 0.1050 0.8672
vn -0.6441 0.0278 0.7644
vn -0.6441 0.0278 0.7644
vn -0.4868 0.1050 0.8672
vn -0.6215 0.0264 0.7830
vn -0.6177 0.0290 0.7859
vn -0.6441 0.0278 0.7644
vn -0.6215 0.0264 0.7830
vn -0.6215 0.0264 0.7830
vn -0.6258 0.0267 0.7795
vn -0.6177 0.0290 0.7859
vn -0.6678 0.0266 0.7439
vn -0.6627 0.0219 0.7486
vn -0.6560 0.0257 0.7543
vn -0.6678 0.0266 0.7439
vn -0.6560 0.0257 0.7543
vn -0.5515 0.0290 0.8337
vn -0.5515 0.0290 0.8337
vn -0.5737 0.0429 0.8179
vn -0.6678 0.0266 0.7439
vn -0.9972 0.0123 -0.0733
vn -0.8670 0.4604 0.1904
vn -0.9990 0.0201 -0.0397
vn -0.9945 0.0364 -0.0985
vn -0.9488 0.2628 -0.1750
vn -0.9972 0.0123 -0.0733
vn -0.9791 0.1077 -0.1726
vn -0.9791 0.1077 -0.1726
vn -0.9488 0.2628 -0.1750
vn -0.8793 0.1584 -0.4491
vn -0.9488 0.2628 -0.1750
vn -0.9413 -0.0066 -0.3375
vn -0.7991 -0.0123 -0.6011
vn -0.7991 -0.0123 -0.6011
vn -0.8793 0.1584 -0.4491
vn -0.6251 0.1084 -0.7730
vn -0.5801 0.2937 -0.7597
vn -0.6251 0.1084 -0.7730
vn 0.0284 0.1631 -0.9862
vn -0.0443 0.1126 -0.9927
vn -0.0443 0.1126 -0.9927
vn 0.3495 0.6635 -0.6615
vn 0.0284 0.1631 -0.9862
vn 0.1979 -0.0329 -0.9797
vn 0.5853 0.1326 -0.7999
vn 0.3495 0.6635 -0.6615
vn 0.1386 0.8163 -0.5608
vn 0.5853 0.1326 -0.7999
vn 0.1386 0.8163 -0.5608
vn 0.4766 0.5791 -0.6615
vn 0.4766 0.5791 -0.6615
vn 0.7268 0.1848 -0.6615
vn 0.7209 0.0567 -0.6907
vn 0.7268 0.1848 -0.6615
vn 0.8516 0.0833 -0.5176
vn 0.7209 0.0567 -0.6907
vn 0.8113 0.0911 -0.5774
vn 0.8516 0.0833 -0.5176
vn 0.7268 0.1848 -0.6615
vn 0.8333 0.0262 -0.5522
vn 0.8245 0.0260 -0.5653
vn 0.8113 0.0911 -0.5774
vn 0.8333 0.0262 -0.5522
vn 0.8113 0.0911 -0.5774
vn 0.8385 0.0839 -0.5384
vn 0.8650 0.0592 -0.4983
vn 0.8659 0.0243 -0.4997
vn 0.8533 0.0260 -0.5208
vn 0.8533 0.0260 -0.5208
vn 0.8385 0.0839 -0.5384
vn 0.8650 0.0592 -0.4983
vn 0.8533 0.0260 -0.5208
vn 0.8348 -0.0186 -0.5503
vn 0.8385 0.0839 -0.5384
vn 0.8385 0.0839 -0.5384
vn 0.8348 -0.0186 -0.5503
vn 0.8333 0.0262 -0.5522
vn 0.8777 0.0260 -0.4786
vn 0.8659 0.0243 -0.4997
vn 0.8650 0.0592 -0.4983
vn 0.8650 0.0592 -0.4983
vn 0.8823 0.0596 -0.4670
vn 0.8777 0.0260 -0.4786
vn 0.8823 0.0596 -0.4670
vn 0.8863 -0.0071 -0.4630
vn 0.8777 0.0260 -0.4786
vn 0.8938 0.0262 -0.4477
vn 0.8863 -0.0071 -0.4630
vn 0.8823 0.0596 -0.4670
vn 0.8938 0.0262 -0.4477
vn 0.8823 0.0596 -0.4670
vn 0.9005 0.0473 -0.4323
vn 0.9005 0.0473 -0.4323
vn 0.9019 0.0257 -0.4312
vn 0.8938 0.0262 -0.4477
vn 0.9005 0.0473 -0.4323
vn 0.9158 0.0465 -0.3989
vn 0.9095 0.0254 -0.4148
vn 0.9095 0.0254 -0.4148
vn 0.9019 0.0257 -0.4312
vn 0.9005 0.0473 -0.4323
vn 0.9298 0.0378 -0.3662
vn 0.9337 0.0074 -0.3581
vn 0.9266 0.0257 -0.3751
vn 0.9266 0.0257 -0.3751
vn 0.9158 0.0465 -0.3989
vn 0.9298 0.0378 -0.3662
vn 0.9266 0.0257 -0.3751
vn 0.9208 -0.0075 -0.3900
vn 0.9158 0.0465 -0.3989
vn 0.9158 0.0465 -0.3989
vn 0.9208 -0.0075 -0.3900
vn 0.9095 0.0254 -0.4148
vn 0.9353 0.0261 -0.3530
vn 0.9337 0.0074 -0.3581
vn 0.9298 0.0378 -0.3662
vn 0.9298 0.0378 -0.3662
vn 0.9428 0.0368 -0.3313
vn 0.9353 0.0261 -0.3530
vn 0.9428 0.0368 -0.3313
vn 0.9447 0.0259 -0.3269
vn 0.9353 0.0261 -0.3530
vn 0.9490 0.0254 -0.3143
vn 0.9447 0.0259 -0.3269
vn 0.9428 0.0368 -0.3313
vn 0.9428 0.0368 -0.3313
vn 0.9540 0.0328 -0.2981
vn 0.9490 0.0254 -0.3143
vn 0.9540 0.0328 -0.2981
vn 0.9538 0.0257 -0.2992
vn 0.9490 0.0254 -0.3143
vn 0.9636 0.0290 -0.2657
vn 0.9613 0.0048 -0.2754
vn 0.9605 0.0261 -0.2772
vn 0.9605 0.0261 -0.2772
vn 0.9540 0.0328 -0.2981
vn 0.9636 0.0290 -0.2657
vn 0.9605 0.0261 -0.2772
vn 0.9538 0.0257 -0.2992
vn 0.9540 0.0328 -0.2981
vn 0.9677 0.0257 -0.2508
vn 0.9613 0.0048 -0.2754
vn 0.9636 0.0290 -0.2657
vn 0.9636 0.0290 -0.2657
vn 0.9732 0.0279 -0.2284
vn 0.9677 0.0257 -0.2508
vn 0.9732 0.0279 -0.2284
vn 0.9755 -0.0078 -0.2200
vn 0.9677 0.0257 -0.2508
vn 0.9779 0.0258 -0.2075
vn 0.9755 -0.0078 -0.2200
vn 0.9732 0.0279 -0.2284
vn 0.9779 0.0258 -0.2075
vn 0.9732 0.0279 -0.2284
vn 0.9807 0.0265 -0.1936
vn 0.9807 0.0265 -0.1936
vn 0.9823 0.0077 -0.1869
vn 0.9779 0.0258 -0.2075
vn 0.9807 0.0265 -0.1936
vn 0.9841 0.0263 -0.1757
vn 0.9840 0.0261 -0.1763
vn 0.9840 0.0261 -0.1763
vn 0.9823 0.0077 -0.1869
vn 0.9807 0.0265 -0.1936
vn 0.9897 0.0254 -0.1408
vn 0.9897 0.0263 -0.1406
vn 0.9897 0.0263 -0.1406
vn 0.9897 0.0254 -0.1408
vn 0.9881 0.0257 -0.1518
vn 0.9886 0.0262 -0.1482
vn 0.9871 0.0262 -0.1582
vn 0.9881 0.0257 -0.1518
vn 0.9840 0.0261 -0.1763
vn 0.6964 0.7150 -0.0615
vn 0.9945 -0.0001 -0.1048
vn 0.9944 0.0261 -0.1024
vn 0.9944 0.0261 -0.1024
vn 0.9943 0.0262 -0.1033
vn 0.6964 0.7150 -0.0615
vn 0.9944 0.0261 -0.1024
vn 0.9913 0.0259 -0.1293
vn 0.9931 0.0262 -0.1140
vn 0.9906 0.0262 -0.1341
vn 0.9913 0.0259 -0.1293
vn 0.9897 0.0254 -0.1408
vn 0.9970 0.0256 -0.0724
vn 0.9945 -0.0001 -0.1048
vn 0.6964 0.7150 -0.0615
vn 0.6964 0.7150 -0.0615
vn 0.9974 0.0263 -0.0677
vn 0.9970 0.0256 -0.0724
vn 0.9994 0.0257 -0.0252
vn 0.9990 -0.0074 -0.0443
vn 0.9970 0.0256 -0.0724
vn 0.9989 0.0260 -0.0391
vn 0.9990 -0.0074 -0.0443
vn 0.9953 0.0257 -0.0936
vn 0.9989 0.0260 -0.0391
vn 0.9991 0.0263 -0.0318
vn 0.7150 0.6989 -0.0163
vn 0.7150 0.6989 -0.0163
vn 0.9995 0.0243 -0.0199
vn 0.9989 0.0260 -0.0391
vn 0.9981 0.0258 0.0551
vn 0.9995 -0.0075 0.0291
vn 0.9995 0.0261 0.0167
vn 0.9995 0.0261 0.0167
vn 0.9996 0.0262 0.0112
vn 0.9996 0.0262 0.0112
vn 0.9995 0.0261 0.0167
vn 0.9997 0.0259 -0.0038
vn 0.9996 0.0262 0.0045
vn 0.7150 0.6989 -0.0163
vn 0.9996 0.0262 -0.0076
vn 0.9997 0.0259 -0.0038
vn 0.9997 0.0259 -0.0038
vn 0.9995 0.0243 -0.0199
vn 0.7150 0.6989 -0.0163
vn -0.4868 0.1050 0.8672
vn -0.6729 0.0274 0.7392
vn -0.5737 0.0429 0.8179
vn -0.6258 0.0267 0.7795
vn -0.6215 0.0264 0.7830
vn -0.4868 0.1050 0.8672
vn -0.6116 0.0265 0.7907
vn -0.6258 0.0267 0.7795
vn -0.4868 0.1050 0.8672
vn -0.6116 0.0265 0.7907
vn -0.4868 0.1050 0.8672
vn -0.5117 -0.0029 0.8592
vn -0.6560 0.0257 0.7543
vn -0.6437 0.0219 0.7650
vn -0.4565 0.5042 0.7331
vn -0.4565 0.5042 0.7331
vn -0.4984 0.0171 0.8668
vn -0.5339 0.0504 0.8441
vn -0.5515 0.0290 0.8337
vn -0.6560 0.0257 0.7543
vn -0.4565 0.5042 0.7331
vn -0.4565 0.5042 0.7331
vn -0.5339 0.0504 0.8441
vn -0.5515 0.0290 0.8337
vn -0.5339 0.0504 0.8441
vn -0.5737 0.0429 0.8179
vn -0.5515 0.0290 0.8337
vn -0.1295 0.9913 0.0254
vn -0.1364 0.9905 0.0155
vn 0.0470 0.9989 0.0002
vn 0.0470 0.9989 0.0002
vn 0.7150 0.6989 -0.0163
vn -0.1295 0.9913 0.0254
vn -0.1295 0.9913 0.0254
vn 0.7150 0.6989 -0.0163
vn 0.6133 0.7892 -0.0311
vn 0.6133 0.7892 -0.0311
vn 0.6964 0.7150 -0.0615
vn -0.1295 0.9913 0.0254
vn -0.1295 0.9913 0.0254
vn 0.6964 0.7150 -0.0615
vn 0.6020 0.7950 -0.0751
vn 0.6020 0.7950 -0.0751
vn 0.0259 0.9995 -0.0175
vn -0.1295 0.9913 0.0254
vn -0.1472 0.9891 -0.0014
vn 0.0000 1.0000 0.0000
vn 0.0000 1.0000 0.0000
vn 0.0000 1.0000 0.0000
vn -0.1472 0.9891 -0.0014
vn 0.0000 1.0000 0.0000
vn 0.0000 1.0000 0.0000
vn 0.0000 1.0000 0.0000
vn 0.0000 1.0000 0.0000
vn 0.0000 1.0000 0.0000
vn 0.0000 1.0000 0.0000
vn 0.0000 1.0000 0.0000
vn -0.0048 1.0000 0.0055
vn 0.0000 1.0000 0.0000
vn 0.0000 1.0000 0.0000
vn -0.0048 1.0000 0.0055
vn 0.0000 1.0000 0.0000
vn 0.0000 1.0000 0.0000
vn -0.0048 1.0000 0.0055
vn 0.0000 1.0000 0.0000
vn -0.3160 0.8403 0.4405
vn -0.2105 0.9774 -0.0182
vn -0.1295 0.9913 0.0254
vn 0.0259 0.9995 -0.0175
vn -0.1472 0.9891 -0.0014
vn 0.0000 1.0000 0.0000
vn 0.0000 1.0000 0.0000
vn -0.1472 0.9891 -0.0014
vn 0.0000 1.0000 0.0000
vn 0.0000 1.0000 0.0000
vn -0.1472 0.9891 -0.0014
vn 0.0000 1.0000 0.0000
vn 0.0000 1.0000 0.0000
vn 0.0259 0.9995 -0.0175
vn -0.1774 0.9558 -0.2343
vn -0.2435 0.9249 -0.2919
vn 0.0470 0.9989 0.0002
vn -0.1364 0.9905 0.0155
vn -0.1472 0.9891 -0.0014
vn 0.0470 0.9989 0.0002
vn -0.1472 0.9891 -0.0014
vn -0.0868 0.9850 0.1492
vn -0.0868 0.9850 0.1492
vn 0.0000 1.0000 0.0000
vn 0.0470 0.9989 0.0002
vn 0.0470 0.9989 0.0002
vn 0.0000 1.0000 0.0000
vn -0.0048 1.0000 0.0055
vn 0.0657 0.9978 0.0018
vn 0.0470 0.9989 0.0002
vn -0.0048 1.0000 0.0055
vn 0.0657 0.9978 0.0018
vn -0.0048 1.0000 0.0055
vn -0.3160 0.8403 0.4405
vn 0.0000 1.0000 0.0000
vn 0.0000 1.0000 0.0000
vn 0.0657 0.9978 0.0018
vn 0.0259 0.9995 -0.0175
vn 0.0000 1.0000 0.0000
vn 0.0000 1.0000 0.0000
vn 0.0000 1.0000 -0.0000
vn 0.0000 1.0000 -0.0000
vn 0.0259 0.9995 -0.0175
vn 0.0259 0.9995 -0.0175
vn 0.0000 1.0000 0.0000
vn 0.0000 1.0000 0.0000
vn 0.0259 0.9995 -0.0175
vn 0.0000 1.0000 -0.0000
vn 0.0000 1.0000 -0.0000
vn -0.0057 1.0000 0.0027
vn -0.0057 1.0000 0.0027
vn 0.0259 0.9995 -0.0175
vn -0.0013 1.0000 0.0001
vn 0.1386 0.8163 -0.5608
vn 0.0259 0.9995 -0.0175
vn -0.2715 0.6608 0.6998
vn -0.0000 1.0000 0.0000
vn 0.0657 0.9978 0.0018
vn 0.0657 0.9978 0.0018
vn 0.0000 1.0000 0.0000
vn -0.2715 0.6608 0.6998
vn 0.0000 1.0000 0.0000
vn 0.0000 1.0000 0.0000
vn 0.0657 0.9978 0.0018
vn 0.0657 0.9978 0.0018
vn 0.0000 1.0000 0.0000
vn 0.0000 1.0000 0.0000
vn 0.0000 1.0000 0.0000
vn 0.0000 1.0000 0.0000
vn 0.0657 0.9978 0.0018
vn 0.0657 0.9978 0.0018
vn 0.0000 1.0000 0.0000
vn 0.0000 1.0000 0.0000
vn 0.0000 1.0000 0.0000
vn 0.0000 1.0000 0.0000
vn 0.0657 0.9978 0.0018
vn 0.0657 0.9978 0.0018
vn 0.0000 1.0000 0.0000
vn 0.0000 1.0000 0.0000
vn 0.0000 1.0000 0.0000
vn 0.0000 1.0000 0.0000
vn 0.0657 0.9978 0.0018
vn 0.0259 0.9995 -0.0175
vn 0.0000 1.0000 0.0000
vn 0.0000 1.0000 0.0000
vn 0.0000 1.0000 -0.0000
vn 0.0000 1.0000 -0.0000
vn 0.0259 0.9995 -0.0175
vn 0.0259 0.9995 -0.0175
vn 0.0000 1.0000 0.0000
vn 0.0000 1.0000 0.0000
vn 0.0259 0.9995 -0.0175
vn 0.0000 1.0000 0.0000
vn 0.0000 1.0000 0.0000
vn -0.0005 1.0000 0.0002
vn -0.0005 1.0000 0.0002
vn 0.0259 0.9995 -0.0175
vn 0.1386 0.8163 -0.5608
vn -0.1066 0.9449 -0.3096
vn 0.0259 0.9995 -0.0175
vn 0.0259 0.9995 -0.0175
vn -0.1066 0.9449 -0.3096
vn -0.1774 0.9558 -0.2343
vn -0.3160 0.8403 0.4405
vn -0.3501 0.7762 0.5243
vn 0.0657 0.9978 0.0018
vn -0.3501 0.7762 0.5243
vn -0.0000 1.0000 0.0000
vn 0.0657 0.9978 0.0018
vn 0.0657 0.9978 0.0018
vn 0.0000 1.0000 0.0000
vn -0.3513 0.6959 0.6264
vn 0.0657 0.9978 0.0018
vn 0.0000 1.0000 0.0000
vn 0.0000 1.0000 0.0000
vn 0.0000 1.0000 0.0000
vn 0.0000 1.0000 0.0000
vn 0.0657 0.9978 0.0018
vn 0.0657 0.9978 0.0018
vn 0.0000 1.0000 0.0000
vn 0.0000 1.0000 0.0000
vn 0.0000 1.0000 0.0000
vn 0.0000 1.0000 0.0000
vn 0.0000 1.0000 0.0000
vn 0.0000 1.0000 0.0000
vn 0.0000 1.0000 0.0000
vn 0.0000 1.0000 0.0000
vn 0.0000 1.0000 0.0000
vn 0.0000 1.0000 0.0000
vn 0.0000 1.0000 0.0000
vn 0.0000 1.0000 0.0000
vn 0.0000 1.0000 0.0000
vn 0.0000 1.0000 0.0000
vn 0.0000 1.0000 0.0000
vn 0.0657 0.9978 0.0018
vn 0.0000 1.0000 0.0000
vn 0.0259 0.9995 -0.0175
vn 0.0000 1.0000 0.0000
vn 0.0000 1.0000 0.0000
vn 0.0000 1.0000 -0.0000
vn 0.0000 1.0000 -0.0000
vn 0.0259 0.9995 -0.0175
vn 0.0000 1.0000 -0.0000
vn 0.0000 1.0000 -0.0000
vn 0.0259 0.9995 -0.0175
vn 0.0259 0.9995 -0.0175
vn -0.2435 0.9249 -0.2919
vn -0.1668 0.9799 -0.1089
vn -0.1472 0.9891 -0.0014
vn 0.0000 1.0000 0.0000
vn 0.0000 1.0000 0.0000
vn -0.1472 0.9891 -0.0014
vn 0.0000 1.0000 0.0000
vn 0.0000 1.0000 0.0000
vn -0.0000 1.0000 0.0000
vn -0.0000 1.0000 0.0000
vn -0.1472 0.9891 -0.0014
vn -0.1472 0.9891 -0.0014
vn 0.0000 1.0000 0.0000
vn 0.0000 1.0000 0.0000
vn -0.0000 1.0000 0.0000
vn -0.0000 1.0000 0.0000
vn -0.1472 0.9891 -0.0014
vn -0.0000 1.0000 0.0000
vn -0.0868 0.9850 0.1492
vn -0.1472 0.9891 -0.0014
vn 0.0657 0.9978 0.0018
vn -0.3513 0.6959 0.6264
vn 0.0000 1.0000 0.0000
vn -0.0000 1.0000 0.0000
vn -0.3111 0.6822 0.6617
vn 0.0657 0.9978 0.0018
vn -0.3111 0.6822 0.6617
vn -0.0000 1.0000 0.0000
vn 0.0657 0.9978 0.0018
vn 0.0000 1.0000 0.0000
vn 0.0000 1.0000 0.0000
vn 0.0657 0.9978 0.0018
vn 0.0657 0.9978 0.0018
vn 0.0000 1.0000 0.0000
vn 0.0000 1.0000 0.0000
vn 0.0657 0.9978 0.0018
vn 0.0000 1.0000 0.0000
vn 0.0000 1.0000 0.0000
vn -0.0000 1.0000 0.0000
vn -0.0000 1.0000 0.0000
vn 0.0657 0.9978 0.0018
vn 0.0657 0.9978 0.0018
vn 0.0000 1.0000 0.0000
vn 0.0000 1.0000 0.0000
vn 0.0657 0.9978 0.0018
vn 0.0000 1.0000 0.0000
vn 0.0000 1.0000 0.0000
vn -0.0000 1.0000 0.0000
vn -0.0000 1.0000 0.0000
vn 0.0657 0.9978 0.0018
vn 0.0657 0.9978 0.0018
vn 0.0000 1.0000 0.0000
vn 0.0000 1.0000 0.0000
vn -0.0000 1.0000 0.0000
vn -0.0000 1.0000 0.0000
vn 0.0657 0.9978 0.0018
vn -0.0000 1.0000 0.0000
vn -0.0000 1.0000 0.0000
vn 0.0657 0.9978 0.0018
vn 0.0000 1.0000 0.0000
vn 0.0000 1.0000 0.0000
vn 0.0657 0.9978 0.0018
vn 0.0657 0.9978 0.0018
vn 0.0000 1.0000 0.0000
vn 0.0000 1.0000 0.0000
vn 0.0000 1.0000 0.0000
vn 0.0000 1.0000 0.0000
vn 0.0657 0.9978 0.0018
vn 0.0657 0.9978 0.0018
vn 0.0000 1.0000 0.0000
vn 0.0000 1.0000 0.0000
vn 0.0000 1.0000 0.0000
vn 0.0000 1.0000 0.0000
vn 0.0000 1.0000 0.0000
vn 0.0000 1.0000 0.0000
vn 0.0000 1.0000 0.0000
vn 0.0000 1.0000 0.0000
vn 0.0000 1.0000 0.0000
vn 0.0000 1.0000 0.0000
vn 0.0000 1.0000 0.0000
vn 0.0000 1.0000 0.0000
vn 0.0000 1.0000 0.0000
vn 0.0000 1.0000 0.0000
vn 0.0000 1.0000 0.0000
vn 0.0000 1.0000 0.0000
vn 0.0000 1.0000 0.0000
vn 0.0000 1.0000 0.0000
vn 0.0000 1.0000 0.0000
vn 0.0000 1.0000 0.0000
vn 0.0000 1.0000 0.0000
vn 0.0000 1.0000 0.0000
vn 0.0000 1.0000 0.0000
vn 0.0000 1.0000 0.0000
vn 0.0000 1.0000 0.0000
vn 0.0000 1.0000 0.0000
vn 0.0000 1.0000 0.0000
vn 0.0000 1.0000 0.0000
vn 0.0000 1.0000 0.0000
vn 0.0000 1.0000 0.0000
vn 0.0000 1.0000 0.0000
vn 0.0000 1.0000 0.0000
vn 0.0000 1.0000 0.0000
vn 0.0000 1.0000 0.0000
vn 0.0000 1.0000 0.0000
vn 0.0000 1.0000 0.0000
vn 0.0000 1.0000 0.0000
vn 0.0000 1.0000 0.0000
vn 0.0000 1.0000 0.0000
vn 0.0000 1.0000 0.0000
vn 0.0000 1.0000 0.0000
vn 0.0000 1.0000 0.0000
vn 0.0000 1.0000 0.0000
vn 0.0000 1.0000 0.0000
vn 0.0000 1.0000 0.0000
vn 0.0000 1.0000 0.0000
vn 0.0000 1.0000 0.0000
vn 0.0259 0.9995 -0.0175
vn -0.1668 0.9799 -0.1089
vn -0.2105 0.9774 -0.0182
vn 0.0000 1.0000 0.0000
vn 0.0000 1.0000 0.0000
vn 0.0000 1.0000 0.0000
vn 0.0000 1.0000 0.0000
vn 0.0000 1.0000 0.0000
vn 0.0000 1.0000 0.0000
vn 0.0000 1.0000 0.0000
vn 0.0000 1.0000 0.0000
vn 0.0000 1.0000 0.0000
vn 0.0657 0.9978 0.0018
vn 0.0000 1.0000 0.0000
vn 0.0000 1.0000 0.0000
vn 0.0000 1.0000 0.0000
vn 0.0000 1.0000 0.0000
vn 0.0657 0.9978 0.0018
vn 0.0000 1.0000 0.0000
vn 0.0000 1.0000 0.0000
vn 0.0657 0.9978 0.0018
vn -0.4868 0.1050 0.8672
vn -0.5737 0.0429 0.8179
vn -0.5339 0.0504 0.8441
vn -0.4808 0.2801 0.8309
vn -0.5909 0.2420 0.7696
vn 0.1532 -0.0013 0.9882
vn -0.5039 0.0183 0.8636
vn -0.4808 0.2801 0.8309
vn -0.5339 0.0504 0.8441
vn -0.6764 -0.0099 0.7365
vn -0.5339 0.0504 0.8441
vn -0.4808 0.2801 0.8309
vn 0.1532 -0.0013 0.9882
vn 0.6316 -0.0110 0.7752
vn 0.6316 -0.0110 0.7752
vn -0.7435 -0.0036 0.6687
vn -0.6936 -0.0000 0.7203
vn -0.6625 0.2455 0.7077
vn -0.6625 0.2455 0.7077
vn -0.7165 0.2337 0.6573
vn -0.7435 -0.0036 0.6687
vn -0.5909 0.2420 0.7696
vn -0.6625 0.2455 0.7077
vn -0.6936 -0.0000 0.7203
vn -0.6936 -0.0000 0.7203
vn -0.6623 -0.0126 0.7492
vn -0.5909 0.2420 0.7696
vn -0.6623 -0.0126 0.7492
vn 0.1532 -0.0013 0.9882
vn -0.5909 0.2420 0.7696
vn -0.7165 0.2337 0.6573
vn -0.7915 0.1950 0.5792
vn -0.7958 -0.0042 0.6055
vn -0.7958 -0.0042 0.6055
vn -0.7435 -0.0036 0.6687
vn -0.7165 0.2337 0.6573
vn -0.8415 0.1746 0.5112
vn -0.8807 0.1612 0.4454
vn -0.9037 -0.0180 0.4277
vn -0.9037 -0.0180 0.4277
vn -0.8985 -0.0362 0.4374
vn -0.8415 0.1746 0.5112
vn -0.8985 -0.0362 0.4374
vn -0.8546 -0.0049 0.5193
vn -0.8415 0.1746 0.5112
vn -0.7915 0.1950 0.5792
vn -0.8415 0.1746 0.5112
vn -0.8546 -0.0049 0.5193
vn -0.8546 -0.0049 0.5193
vn -0.8532 -0.0281 0.5208
vn -0.7915 0.1950 0.5792
vn -0.8532 -0.0281 0.5208
vn -0.7958 -0.0042 0.6055
vn -0.7915 0.1950 0.5792
vn -0.9245 0.1373 0.3555
vn -0.9549 0.1114 0.2753
vn -0.9690 -0.0379 0.2443
vn -0.9690 -0.0379 0.2443
vn -0.9403 -0.0288 0.3391
vn -0.9245 0.1373 0.3555
vn -0.8807 0.1612 0.4454
vn -0.9245 0.1373 0.3555
vn -0.9403 -0.0288 0.3391
vn -0.9403 -0.0288 0.3391
vn -0.9037 -0.0180 0.4277
vn -0.8807 0.1612 0.4454
vn -0.9773 0.0988 0.1872
vn -0.9946 0.0269 0.1004
vn -0.9965 -0.0569 0.0609
vn -0.9965 -0.0569 0.0609
vn -0.9868 -0.0464 0.1553
vn -0.9773 0.0988 0.1872
vn -0.9549 0.1114 0.2753
vn -0.9773 0.0988 0.1872
vn -0.9868 -0.0464 0.1553
vn -0.9868 -0.0464 0.1553
vn -0.9690 -0.0379 0.2443
vn -0.9549 0.1114 0.2753
vn -0.9978 0.0289 0.0592
vn -0.9989 0.0407 0.0227
vn -0.9957 -0.0872 -0.0309
vn -0.9946 0.0269 0.1004
vn -0.9978 0.0289 0.0592
vn -0.9957 -0.0872 -0.0309
vn -0.9957 -0.0872 -0.0309
vn -0.9965 -0.0569 0.0609
vn -0.9946 0.0269 0.1004
vn -0.9957 -0.0872 -0.0309
vn -0.9989 0.0407 0.0227
vn -0.9840 0.1378 0.1125
vn -0.9989 0.0407 0.0227
vn -0.9992 0.0410 0.0000
vn -0.9840 0.1378 0.1125
vn -0.2711 -0.7246 -0.6336
vn -0.2711 -0.7246 -0.6336
vn -0.2711 -0.7246 -0.6336
vn -0.4099 -0.7352 -0.5398
vn -0.4099 -0.7352 -0.5398
vn -0.4099 -0.7352 -0.5398
vn -0.4060 -0.7350 -0.5430
vn -0.4060 -0.7350 -0.5430
vn -0.4060 -0.7350 -0.5430
vn -0.3836 -0.7329 -0.5619
vn -0.3836 -0.7329 -0.5619
vn -0.3836 -0.7329 -0.5619
vn -0.3773 -0.7317 -0.5676
vn -0.3773 -0.7317 -0.5676
vn -0.3773 -0.7317 -0.5676
vn -0.3026 -0.7089 -0.6371
vn -0.3026 -0.7089 -0.6371
vn -0.3026 -0.7089 -0.6371
vn -0.2630 -0.6881 -0.6763
vn -0.2630 -0.6881 -0.6763
vn -0.2630 -0.6881 -0.6763
vn -0.2453 -0.6740 -0.6969
vn -0.2453 -0.6740 -0.6969
vn -0.2453 -0.6740 -0.6969
vn -0.2910 -0.7039 -0.6480
vn -0.2910 -0.7039 -0.6480
vn -0.2910 -0.7039 -0.6480
vn -0.2890 -0.7029 -0.6499
vn -0.2890 -0.7029 -0.6499
vn -0.2890 -0.7029 -0.6499
vn -0.2093 -0.6289 -0.7488
vn -0.2093 -0.6289 -0.7488
vn -0.2093 -0.6289 -0.7488
vn -0.2116 -0.6335 -0.7442
vn -0.2116 -0.6335 -0.7442
vn -0.2116 -0.6335 -0.7442
vn -0.2106 -0.5883 -0.7807
vn -0.2106 -0.5883 -0.7807
vn -0.2106 -0.5883 -0.7807
vn -0.2241 -0.5640 -0.7948
vn -0.2241 -0.5640 -0.7948
vn -0.2241 -0.5640 -0.7948
vn -0.4499 0.0441 0.8920
vn -0.4868 0.1050 0.8672
vn -0.5339 0.0504 0.8441
vn -0.5117 -0.0029 0.8592
vn -0.4868 0.1050 0.8672
vn -0.4499 0.0441 0.8920
vn -0.6764 -0.0099 0.7365
vn -0.9840 0.1378 0.1125
vn -0.6144 0.3617 0.7012
vn -0.6144 0.3617 0.7012
vn -0.6356 0.2706 0.7230
vn -0.6764 -0.0099 0.7365
vn -0.5339 0.0504 0.8441
vn -0.6764 -0.0099 0.7365
vn -0.5731 0.0400 0.8185
vn -0.6356 0.2706 0.7230
vn -0.5731 0.0400 0.8185
vn -0.6764 -0.0099 0.7365
vn -0.4499 0.0441 0.8920
vn -0.5339 0.0504 0.8441
vn -0.5731 0.0400 0.8185
vn -0.5731 0.0400 0.8185
vn -0.5341 -0.1423 0.8334
vn -0.4499 0.0441 0.8920
vn -0.9840 0.1378 0.1125
vn -0.5327 0.6047 0.5921
vn -0.6144 0.3617 0.7012
vn -0.7805 0.2761 0.5609
vn -0.6144 0.3617 0.7012
vn -0.5327 0.6047 0.5921
vn -0.2958 0.9336 0.2022
vn -0.5327 0.6047 0.5921
vn -0.2436 0.8633 0.4419
vn -0.5852 -0.3734 0.7198
vn -0.6037 -0.6099 0.5134
vn -0.7961 -0.1303 0.5910
vn -0.6337 -0.0771 0.7697
vn -0.5341 -0.1423 0.8334
vn -0.5052 -0.2151 0.8358
vn -0.3731 -0.0678 0.9253
vn -0.5341 -0.1423 0.8334
vn -0.6337 -0.0771 0.7697
vn -0.6337 -0.0771 0.7697
vn -0.4499 0.0441 0.8920
vn -0.3731 -0.0678 0.9253
vn -0.5341 -0.1423 0.8334
vn -0.3731 -0.0678 0.9253
vn -0.4499 0.0441 0.8920
vn -0.4499 0.0441 0.8920
vn -0.6337 -0.0771 0.7697
vn -0.5117 -0.0029 0.8592
vn -0.5503 -0.0274 0.8345
vn -0.5641 -0.0244 0.8254
vn -0.5117 -0.0029 0.8592
vn -0.5117 -0.0029 0.8592
vn -0.6337 -0.0771 0.7697
vn -0.6184 -0.0301 0.7853
vn -0.6290 -0.0265 0.7769
vn -0.6184 -0.0301 0.7853
vn -0.6337 -0.0771 0.7697
vn -0.6347 -0.0280 0.7722
vn -0.5117 -0.0029 0.8592
vn -0.6184 -0.0301 0.7853
vn -0.6037 -0.6099 0.5134
vn -0.8891 -0.0890 0.4490
vn -0.7961 -0.1303 0.5910
vn -0.7371 -0.0668 0.6725
vn -0.6337 -0.0771 0.7697
vn -0.5052 -0.2151 0.8358
vn -0.7371 -0.0668 0.6725
vn -0.5052 -0.2151 0.8358
vn -0.7961 -0.1303 0.5910
vn -0.5052 -0.2151 0.8358
vn -0.5852 -0.3734 0.7198
vn -0.7961 -0.1303 0.5910
vn -0.8891 -0.0890 0.4490
vn -0.6037 -0.6099 0.5134
vn -0.8444 -0.1832 0.5034
vn -0.9909 -0.1339 -0.0099
vn -0.5937 -0.8045 0.0183
vn -0.9788 -0.1986 0.0505
vn -0.6308 -0.1164 -0.7672
vn -0.6308 -0.1164 -0.7672
vn -0.6308 -0.1164 -0.7672
vn -0.5937 -0.8045 0.0183
vn -0.9909 -0.1339 -0.0099
vn -0.6037 -0.6099 0.5134
vn 0.7648 -0.6442 0.0063
vn 0.8424 -0.5371 -0.0423
vn 0.3207 -0.9472 0.0033
vn 0.7648 -0.6442 0.0063
vn 0.3207 -0.9472 0.0033
vn 0.7119 -0.7000 0.0563
vn 0.0002 -0.7744 0.6327
vn 0.0000 -0.7467 0.6652
vn 0.0846 -0.8114 0.5783
vn 0.3207 -0.9472 0.0033
vn 0.5753 -0.7834 0.2350
vn 0.7119 -0.7000 0.0563
vn 0.1397 -0.5018 0.8536
vn 0.0709 -0.1865 0.9799
vn 0.2833 -0.1904 0.9399
vn 0.0709 -0.1865 0.9799
vn -0.0028 -0.1598 0.9871
vn 0.0003 -0.1138 0.9935
vn -0.7966 -0.0426 0.6030
vn -0.7966 -0.0426 0.6030
vn -0.7966 -0.0426 0.6030
vn 0.0002 -0.2578 0.9662
vn -0.0007 -0.1911 0.9816
vn 0.1397 -0.5018 0.8536
vn -0.0028 -0.1598 0.9871
vn 0.1397 -0.5018 0.8536
vn -0.0007 -0.1911 0.9816
vn 0.1397 -0.5018 0.8536
vn 0.0003 -0.2893 0.9572
vn 0.0002 -0.2578 0.9662
vn 0.0009 -0.2567 0.9665
vn 0.0002 -0.2967 0.9550
vn 0.1397 -0.5018 0.8536
vn 0.1397 -0.5018 0.8536
vn 0.0002 -0.2967 0.9550
vn 0.0003 -0.2893 0.9572
vn 0.0360 -0.5800 0.8139
vn 0.0007 -0.4787 0.8780
vn 0.0006 -0.4684 0.8835
vn -0.0006 -0.6707 0.7417
vn 0.0360 -0.5800 0.8139
vn -0.0027 -0.7336 0.6796
vn -0.9992 -0.0369 0.0118
vn -0.9992 -0.0369 0.0118
vn -0.9992 -0.0369 0.0118
vn 0.0003 -0.8090 0.5878
vn 0.0002 -0.7744 0.6327
vn 0.0846 -0.8114 0.5783
vn 0.0846 -0.8114 0.5783
vn 0.0003 -0.8350 0.5503
vn 0.0003 -0.8090 0.5878
vn 0.0846 -0.8114 0.5783
vn 0.0002 -0.8516 0.5242
vn 0.0003 -0.8350 0.5503
vn -0.0002 -0.9280 0.3726
vn -0.0012 -0.9071 0.4209
vn -0.0027 -0.9859 0.1670
vn -0.0012 -0.9071 0.4209
vn -0.0052 -0.8962 0.4437
vn -0.0027 -0.9859 0.1670
vn 0.0846 -0.8114 0.5783
vn -0.0027 -0.9859 0.1670
vn -0.0052 -0.8962 0.4437
vn -0.0052 -0.8962 0.4437
vn -0.0002 -0.8734 0.4869
vn 0.0846 -0.8114 0.5783
vn -0.0002 -0.8734 0.4869
vn 0.0002 -0.8516 0.5242
vn 0.0846 -0.8114 0.5783
vn -0.0027 -0.9859 0.1670
vn 0.0002 -0.9445 0.3285
vn -0.0002 -0.9280 0.3726
vn -0.0027 -0.9859 0.1670
vn 0.0006 -0.9577 0.2877
vn 0.0002 -0.9445 0.3285
vn 0.0003 -0.9922 0.1243
vn 0.0007 -0.9848 0.1735
vn -0.0027 -0.9859 0.1670
vn 0.0007 -0.9848 0.1735
vn 0.0007 -0.9780 0.2084
vn -0.0027 -0.9859 0.1670
vn 0.0007 -0.9780 0.2084
vn 0.0007 -0.9690 0.2470
vn -0.0027 -0.9859 0.1670
vn 0.0007 -0.9690 0.2470
vn 0.0006 -0.9577 0.2877
vn -0.0027 -0.9859 0.1670
vn -0.0251 -0.9987 -0.0445
vn -0.0019 -1.0000 0.0016
vn -0.0027 -0.9859 0.1670
vn -0.0027 -0.9859 0.1670
vn -0.0019 -1.0000 0.0016
vn -0.0000 -0.9968 0.0797
vn -0.0027 -0.9859 0.1670
vn -0.0000 -0.9968 0.0797
vn 0.0003 -0.9922 0.1243
vn 0.0006 -0.6294 0.7770
vn 0.0004 -0.6521 0.7581
vn 0.0360 -0.5800 0.8139
vn 0.1397 -0.5018 0.8536
vn -0.0028 -0.1598 0.9871
vn 0.0709 -0.1865 0.9799
vn 0.0360 -0.5800 0.8139
vn -0.0006 -0.6707 0.7417
vn -0.0006 -0.6493 0.7605
vn 0.0714 -0.9554 0.2866
vn -0.0027 -0.9859 0.1670
vn 0.0846 -0.8114 0.5783
vn 0.0846 -0.8114 0.5783
vn 0.0000 -0.7467 0.6652
vn -0.0027 -0.7336 0.6796
vn 0.0360 -0.5800 0.8139
vn 0.0846 -0.8114 0.5783
vn -0.0027 -0.7336 0.6796
vn 0.0846 -0.8114 0.5783
vn 0.0360 -0.5800 0.8139
vn 0.0714 -0.9554 0.2866
vn 0.0360 -0.5800 0.8139
vn -0.0006 -0.6493 0.7605
vn 0.0006 -0.6294 0.7770
vn 0.3207 -0.9472 0.0033
vn 0.0714 -0.9554 0.2866
vn 0.5753 -0.7834 0.2350
vn 0.0360 -0.5800 0.8139
vn 0.0007 -0.4886 0.8725
vn 0.0007 -0.4787 0.8780
vn 0.0360 -0.5800 0.8139
vn 0.1397 -0.5018 0.8536
vn 0.0714 -0.9554 0.2866
vn 0.0714 -0.9554 0.2866
vn 0.1397 -0.5018 0.8536
vn 0.5753 -0.7834 0.2350
vn 0.0006 -0.4684 0.8835
vn 0.1397 -0.5018 0.8536
vn 0.0360 -0.5800 0.8139
vn -0.0124 -0.9977 0.0664
vn 0.0115 -0.9999 -0.0045
vn -0.0055 -0.9999 -0.0089
vn -0.0295 -0.9980 -0.0565
vn -0.0072 -0.9996 -0.0256
vn -0.0007 -1.0000 -0.0015
vn 0.0115 -0.9999 -0.0045
vn -0.0007 -1.0000 -0.0015
vn -0.0072 -0.9996 -0.0256
vn -0.0072 -0.9996 -0.0256
vn -0.0055 -0.9999 -0.0089
vn 0.0115 -0.9999 -0.0045
vn -0.0673 -0.9807 -0.1834
vn -0.0292 -0.9989 -0.0378
vn -0.0007 -1.0000 -0.0015
vn -0.1589 -0.9143 0.3726
vn 0.0203 -0.9998 -0.0070
vn -0.0323 -0.9994 -0.0089
vn -0.0055 -0.9999 -0.0089
vn -0.0323 -0.9994 -0.0089
vn 0.0203 -0.9998 -0.0070
vn 0.0203 -0.9998 -0.0070
vn -0.0124 -0.9977 0.0664
vn -0.0055 -0.9999 -0.0089
vn -0.0323 -0.9994 -0.0089
vn -0.4352 -0.8915 0.1261
vn -0.1589 -0.9143 0.3726
vn -0.0667 -0.9974 0.0270
vn -0.5937 -0.8045 0.0183
vn -0.0477 -0.9979 0.0442
vn -0.0323 -0.9994 -0.0089
vn -0.0104 -0.9999 -0.0073
vn 0.3081 -0.8983 -0.3131
vn 0.3081 -0.8983 -0.3131
vn 0.4122 -0.8147 -0.4079
vn -0.0323 -0.9994 -0.0089
vn -0.5065 -0.8497 0.1464
vn -0.0188 -0.9997 0.0134
vn -0.0221 -0.9997 -0.0061
vn -0.0104 -0.9999 -0.0073
vn -0.0221 -0.9997 -0.0061
vn -0.0188 -0.9997 0.0134
vn -0.0188 -0.9997 0.0134
vn -0.1772 -0.9842 -0.0067
vn -0.0104 -0.9999 -0.0073
vn -0.1772 -0.9842 -0.0067
vn 0.3081 -0.8983 -0.3131
vn -0.0104 -0.9999 -0.0073
vn -0.0667 -0.9974 0.0270
vn -0.5065 -0.8497 0.1464
vn -0.0221 -0.9997 -0.0061
vn -0.5332 -0.6016 0.5948
vn -0.0477 -0.9979 0.0442
vn -0.6037 -0.6099 0.5134
vn 0.0811 -0.7507 -0.6556
vn -0.0251 -0.9987 -0.0445
vn 0.0714 -0.9554 0.2866
vn -0.0027 -0.9859 0.1670
vn 0.0714 -0.9554 0.2866
vn -0.0251 -0.9987 -0.0445
vn -0.0251 -0.9987 -0.0445
vn -0.0673 -0.9807 -0.1834
vn -0.0007 -1.0000 -0.0015
vn -0.0477 -0.9979 0.0442
vn -0.5937 -0.8045 0.0183
vn 0.0366 -0.9981 0.0500
vn 0.0714 -0.9554 0.2866
vn 0.3207 -0.9472 0.0033
vn 0.0811 -0.7507 -0.6556
vn -0.0007 -1.0000 -0.0015
vn -0.0292 -0.9989 -0.0378
vn -0.0295 -0.9980 -0.0565
vn -0.3118 -0.8859 0.3433
vn -0.8139 -0.2693 0.5149
vn -0.5937 -0.8045 0.0183
vn -0.8139 -0.2693 0.5149
vn -0.9725 -0.0489 -0.2279
vn -0.9725 -0.0489 -0.2279
vn -0.7093 -0.1574 0.6871
vn -0.5077 -0.0546 0.8598
vn -0.8139 -0.2693 0.5149
vn -0.3625 -0.0603 -0.9300
vn -0.2183 0.4746 -0.8527
vn -0.2183 0.4746 -0.8527
vn -0.5972 -0.2829 -0.7505
vn -0.7960 -0.3752 -0.4750
vn -0.0295 -0.9980 -0.0565
vn -0.0904 -0.9152 -0.3928
vn -0.0904 -0.9152 -0.3928
vn -0.0904 -0.9152 -0.3928
vn -0.2483 -0.5696 -0.7835
vn -0.1923 -0.0251 -0.9810
vn -0.1937 -0.0278 -0.9807
vn -0.1937 -0.0278 -0.9807
vn -0.4084 -0.2555 -0.8763
vn -0.2483 -0.5696 -0.7835
vn -0.7474 -0.0589 -0.6617
vn -0.2483 -0.5696 -0.7835
vn -0.4084 -0.2555 -0.8763
vn -0.4084 -0.2555 -0.8763
vn -0.5972 -0.2829 -0.7505
vn -0.7474 -0.0589 -0.6617
vn -0.2639 -0.0290 -0.9641
vn -0.3625 -0.0603 -0.9300
vn -0.1940 -0.0249 -0.9807
vn -0.0072 -0.9996 -0.0256
vn -0.0295 -0.9980 -0.0565
vn -0.0511 -0.9591 -0.2785
vn -0.0055 -0.9999 -0.0089
vn -0.0072 -0.9996 -0.0256
vn -0.1604 -0.9334 -0.3211
vn -0.0323 -0.9994 -0.0089
vn -0.0055 -0.9999 -0.0089
vn -0.7960 -0.3752 -0.4750
vn -0.0104 -0.9999 -0.0073
vn -0.0323 -0.9994 -0.0089
vn -0.7960 -0.3752 -0.4750
vn -0.0221 -0.9997 -0.0061
vn -0.0104 -0.9999 -0.0073
vn -0.7960 -0.3752 -0.4750
vn -0.7960 -0.3752 -0.4750
vn -0.0667 -0.9974 0.0270
vn -0.0221 -0.9997 -0.0061
vn -0.7080 -0.3178 0.6307
vn -0.7093 -0.1574 0.6871
vn -0.5937 -0.8045 0.0183
vn -0.1838 -0.9830 -0.0048
vn -0.1838 -0.9830 -0.0048
vn -0.0667 -0.9974 0.0270
vn -0.1937 -0.0278 -0.9807
vn -0.1923 -0.0251 -0.9810
vn -0.1916 -0.0300 -0.9810
vn -0.1916 -0.0300 -0.9810
vn -0.1940 -0.0249 -0.9807
vn -0.1937 -0.0278 -0.9807
vn -0.1937 -0.0278 -0.9807
vn -0.1940 -0.0249 -0.9807
vn -0.3625 -0.0603 -0.9300
vn -0.1937 -0.0278 -0.9807
vn -0.3625 -0.0603 -0.9300
vn -0.4084 -0.2555 -0.8763
vn -0.7093 -0.1574 0.6871
vn -0.9936 -0.0976 0.0567
vn -0.7167 -0.0734 0.6935
vn -0.7093 -0.1574 0.6871
vn -0.7960 -0.3752 -0.4750
vn -0.9936 -0.0976 0.0567
vn -0.7960 -0.3752 -0.4750
vn -0.9218 -0.0562 -0.3837
vn -0.9936 -0.0976 0.0567
vn -0.7960 -0.3752 -0.4750
vn -0.3625 -0.0603 -0.9300
vn -0.4758 -0.0451 -0.8784
vn -0.3625 -0.0603 -0.9300
vn -0.4544 -0.0375 -0.8900
vn -0.5532 -0.0324 -0.8324
vn -0.4544 -0.0375 -0.8900
vn -0.3625 -0.0603 -0.9300
vn -0.2639 -0.0290 -0.9641
vn -0.2639 -0.0290 -0.9641
vn -0.2844 -0.0653 -0.9565
vn -0.4544 -0.0375 -0.8900
vn -0.2844 -0.0653 -0.9565
vn -0.2639 -0.0290 -0.9641
vn -0.1940 -0.0249 -0.9807
vn -0.1940 -0.0249 -0.9807
vn -0.1916 -0.0300 -0.9810
vn -0.2844 -0.0653 -0.9565
vn -0.2844 -0.0653 -0.9565
vn -0.1916 -0.0300 -0.9810
vn -0.0799 -0.9119 -0.4025
vn -0.4797 -0.7838 -0.3944
vn -0.4544 -0.0375 -0.8900
vn -0.2844 -0.0653 -0.9565
vn -0.0799 -0.9119 -0.4025
vn -0.4797 -0.7838 -0.3944
vn -0.1970 -0.8558 -0.4783
vn -0.4772 -0.0285 0.8784
vn -0.7093 -0.1574 0.6871
vn -0.4772 -0.0285 0.8784
vn -0.1923 -0.0251 -0.9810
vn -0.2483 -0.5696 -0.7835
vn -0.1916 -0.0300 -0.9810
vn -0.4797 -0.7838 -0.3944
vn -0.0799 -0.9119 -0.4025
vn -0.0118 -0.9999 -0.0005
vn -0.0799 -0.9119 -0.4025
vn -0.1916 -0.0300 -0.9810
vn -0.2483 -0.5696 -0.7835
vn -0.2483 -0.5696 -0.7835
vn -0.0118 -0.9999 -0.0005
vn -0.0799 -0.9119 -0.4025
vn -0.0118 -0.9999 -0.0005
vn -0.0066 -1.0000 0.0024
vn -0.3338 -0.8231 0.4594
vn -0.0066 -1.0000 0.0024
vn -0.1788 -0.9482 0.2625
vn -0.3338 -0.8231 0.4594
vn -0.4797 -0.7838 -0.3944
vn -0.0118 -0.9999 -0.0005
vn -0.3338 -0.8231 0.4594
vn -0.3338 -0.8231 0.4594
vn 0.0077 -0.9999 0.0143
vn -0.4797 -0.7838 -0.3944
vn -0.0118 -0.9999 -0.0005
vn -0.2483 -0.5696 -0.7835
vn -0.2337 -0.8389 -0.4915
vn 0.9995 -0.0262 0.0174
vn 0.9995 -0.0075 0.0291
vn 0.9977 -0.0582 0.0361
vn 0.9977 -0.0582 0.0361
vn 0.9982 -0.0599 -0.0005
vn 0.9995 -0.0262 0.0174
vn 0.9982 -0.0599 -0.0005
vn 0.9997 -0.0259 -0.0020
vn 0.9995 -0.0262 0.0174
vn 0.9994 -0.0255 -0.0254
vn 0.9997 -0.0259 -0.0020
vn 0.9982 -0.0599 -0.0005
vn 0.9994 -0.0255 -0.0254
vn 0.9982 -0.0599 -0.0005
vn 0.9982 -0.0467 -0.0378
vn 0.9982 -0.0467 -0.0378
vn 0.9990 -0.0074 -0.0443
vn 0.9994 -0.0255 -0.0254
vn 0.9982 -0.0467 -0.0378
vn 0.9962 -0.0467 -0.0733
vn 0.9983 -0.0261 -0.0518
vn 0.9983 -0.0261 -0.0518
vn 0.9990 -0.0074 -0.0443
vn 0.9982 -0.0467 -0.0378
vn 0.9962 -0.0467 -0.0733
vn 0.9928 -0.0441 -0.1116
vn 0.9952 -0.0260 -0.0942
vn 0.9952 -0.0260 -0.0942
vn 0.9967 -0.0243 -0.0776
vn 0.9962 -0.0467 -0.0733
vn 0.9962 -0.0467 -0.0733
vn 0.9967 -0.0243 -0.0776
vn 0.9983 -0.0261 -0.0518
vn 0.9928 -0.0441 -0.1116
vn 0.9945 -0.0001 -0.1048
vn 0.9952 -0.0260 -0.0942
vn 0.9910 -0.0254 -0.1313
vn 0.9945 -0.0001 -0.1048
vn 0.9928 -0.0441 -0.1116
vn 0.9928 -0.0441 -0.1116
vn 0.9888 -0.0267 -0.1466
vn 0.9910 -0.0254 -0.1313
vn 0.9858 -0.0260 -0.1660
vn 0.9910 -0.0254 -0.1313
vn 0.9888 -0.0267 -0.1466
vn 0.9888 -0.0267 -0.1466
vn 0.9832 -0.0278 -0.1806
vn 0.9858 -0.0260 -0.1660
vn 0.9832 -0.0278 -0.1806
vn 0.9823 0.0077 -0.1869
vn 0.9858 -0.0260 -0.1660
vn 0.9795 -0.0257 -0.1996
vn 0.9823 0.0077 -0.1869
vn 0.9832 -0.0278 -0.1806
vn 0.9795 -0.0257 -0.1996
vn 0.9832 -0.0278 -0.1806
vn 0.9761 -0.0290 -0.2153
vn 0.9761 -0.0290 -0.2153
vn 0.9755 -0.0078 -0.2200
vn 0.9795 -0.0257 -0.1996
vn 0.9673 -0.0330 -0.2513
vn 0.9669 -0.0245 -0.2539
vn 0.9727 -0.0261 -0.2305
vn 0.9761 -0.0290 -0.2153
vn 0.9673 -0.0330 -0.2513
vn 0.9727 -0.0261 -0.2305
vn 0.9727 -0.0261 -0.2305
vn 0.9755 -0.0078 -0.2200
vn 0.9761 -0.0290 -0.2153
vn 0.9625 -0.0261 -0.2700
vn 0.9669 -0.0245 -0.2539
vn 0.9673 -0.0330 -0.2513
vn 0.9625 -0.0261 -0.2700
vn 0.9673 -0.0330 -0.2513
vn 0.9582 -0.0356 -0.2840
vn 0.9582 -0.0356 -0.2840
vn 0.9613 0.0048 -0.2754
vn 0.9625 -0.0261 -0.2700
vn 0.9383 -0.1441 -0.3144
vn 0.9478 -0.0257 -0.3177
vn 0.9549 -0.0255 -0.2959
vn 0.9549 -0.0255 -0.2959
vn 0.9582 -0.0356 -0.2840
vn 0.9383 -0.1441 -0.3144
vn 0.9549 -0.0255 -0.2959
vn 0.9613 0.0048 -0.2754
vn 0.9582 -0.0356 -0.2840
vn 0.9416 -0.0261 -0.3356
vn 0.9478 -0.0257 -0.3177
vn 0.9383 -0.1441 -0.3144
vn 0.9383 -0.1441 -0.3144
vn 0.9307 -0.0950 -0.3532
vn 0.9416 -0.0261 -0.3356
vn 0.9307 -0.0950 -0.3532
vn 0.9337 0.0074 -0.3581
vn 0.9416 -0.0261 -0.3356
vn 0.9279 -0.0257 -0.3719
vn 0.9337 0.0074 -0.3581
vn 0.9307 -0.0950 -0.3532
vn 0.9279 -0.0257 -0.3719
vn 0.9307 -0.0950 -0.3532
vn 0.9184 -0.0883 -0.3857
vn 0.9184 -0.0883 -0.3857
vn 0.9208 -0.0075 -0.3900
vn 0.9279 -0.0257 -0.3719
vn 0.9166 -0.0262 -0.3990
vn 0.9208 -0.0075 -0.3900
vn 0.9184 -0.0883 -0.3857
vn 0.9184 -0.0883 -0.3857
vn 0.9015 -0.1170 -0.4168
vn 0.9166 -0.0262 -0.3990
vn 0.9015 -0.1170 -0.4168
vn 0.9062 -0.0239 -0.4221
vn 0.9166 -0.0262 -0.3990
vn 0.8969 -0.0261 -0.4414
vn 0.9062 -0.0239 -0.4221
vn 0.9015 -0.1170 -0.4168
vn 0.8969 -0.0261 -0.4414
vn 0.9015 -0.1170 -0.4168
vn 0.8861 -0.1061 -0.4513
vn 0.8861 -0.1061 -0.4513
vn 0.8863 -0.0071 -0.4630
vn 0.8969 -0.0261 -0.4414
vn 0.8861 -0.1061 -0.4513
vn 0.8661 -0.1418 -0.4794
vn 0.8853 -0.0261 -0.4643
vn 0.8853 -0.0261 -0.4643
vn 0.8863 -0.0071 -0.4630
vn 0.8861 -0.1061 -0.4513
vn 0.8661 -0.1418 -0.4794
vn 0.8452 -0.1564 -0.5111
vn 0.8645 -0.0260 -0.5020
vn 0.8645 -0.0260 -0.5020
vn 0.8746 -0.0231 -0.4843
vn 0.8661 -0.1418 -0.4794
vn 0.8661 -0.1418 -0.4794
vn 0.8746 -0.0231 -0.4843
vn 0.8853 -0.0261 -0.4643
vn 0.8485 -0.0263 -0.5285
vn 0.8452 -0.1564 -0.5111
vn 0.8462 -0.0263 -0.5322
vn 0.8485 -0.0263 -0.5285
vn 0.8557 -0.0261 -0.5168
vn 0.8452 -0.1564 -0.5111
vn 0.8452 -0.1564 -0.5111
vn 0.8557 -0.0261 -0.5168
vn 0.8645 -0.0260 -0.5020
vn 0.8348 -0.0186 -0.5503
vn 0.8147 -0.0254 -0.5793
vn 0.6841 -0.4540 -0.5708
vn 0.8542 -0.0266 -0.5193
vn 0.8348 -0.0186 -0.5503
vn 0.8485 -0.0263 -0.5285
vn 0.6841 -0.4540 -0.5708
vn 0.8967 -0.0000 -0.4426
vn 0.8348 -0.0186 -0.5503
vn 0.6841 -0.4540 -0.5708
vn 0.5335 -0.6440 -0.5484
vn 0.7918 -0.0687 -0.6069
vn 0.5715 -0.5327 -0.6242
vn 0.3142 -0.1123 -0.9427
vn 0.3142 -0.1123 -0.9427
vn 0.2362 -0.0071 -0.9717
vn 0.0811 -0.7507 -0.6556
vn 0.5715 -0.5327 -0.6242
vn -0.2123 -0.1910 -0.9584
vn 0.0811 -0.7507 -0.6556
vn -0.0434 -0.0051 -0.9990
vn -0.2501 -0.1795 -0.9514
vn -0.2501 -0.1795 -0.9514
vn -0.2123 -0.1910 -0.9584
vn -0.3057 -0.0921 -0.9477
vn -0.4792 -0.1502 -0.8648
vn -0.2123 -0.1910 -0.9584
vn -0.5972 -0.2829 -0.7505
vn -0.4792 -0.1502 -0.8648
vn -0.5827 0.1162 -0.8043
vn -0.5972 -0.2829 -0.7505
vn -0.7584 -0.0688 -0.6482
vn -0.7474 -0.0589 -0.6617
vn -0.7334 0.1942 -0.6514
vn -0.7474 -0.0589 -0.6617
vn -0.7334 0.1942 -0.6514
vn -0.9970 -0.0511 -0.0573
vn -0.9909 -0.1339 -0.0099
vn -0.9970 -0.0511 -0.0573
vn -0.9940 -0.0549 -0.0943
vn -0.9909 -0.1339 -0.0099
vn -0.9940 -0.0549 -0.0943
vn -0.8605 -0.0270 0.5088
vn -0.7961 -0.1303 0.5910
vn -0.8891 -0.0890 0.4490
vn -0.9133 -0.1259 0.3874
vn -0.8891 -0.0890 0.4490
vn -0.9133 -0.1259 0.3874
vn -0.7371 -0.0668 0.6725
vn -0.7961 -0.1303 0.5910
vn -0.8035 -0.0141 0.5951
vn -0.7525 -0.0192 0.6583
vn -0.6337 -0.0771 0.7697
vn -0.7371 -0.0668 0.6725
vn -0.7100 -0.0329 0.7035
vn -0.7100 -0.0329 0.7035
vn -0.6337 -0.0771 0.7697
vn -0.5045 -0.5795 0.6400
vn -0.6184 -0.0301 0.7853
vn -0.6290 -0.0265 0.7769
vn -0.6310 -0.0262 0.7753
vn -0.5045 -0.5795 0.6400
vn -0.6290 -0.0265 0.7769
vn -0.6290 -0.0265 0.7769
vn -0.6337 -0.0771 0.7697
vn -0.6238 -0.0262 0.7811
vn -0.5503 -0.0274 0.8345
vn -0.5117 -0.0029 0.8592
vn -0.4193 -0.7044 0.5727
vn -0.9114 -0.0282 0.4106
vn -0.5117 -0.0029 0.8592
vn -0.6347 -0.0280 0.7722
vn -0.6347 -0.0280 0.7722
vn -0.5045 -0.5795 0.6400
vn -0.4193 -0.7044 0.5727
vn -0.5045 -0.5795 0.6400
vn -0.6347 -0.0280 0.7722
vn -0.6184 -0.0301 0.7853
vn -0.5503 -0.0274 0.8345
vn -0.4193 -0.7044 0.5727
vn -0.4871 -0.5106 0.7085
vn -0.4871 -0.5106 0.7085
vn -0.5641 -0.0244 0.8254
vn -0.5503 -0.0274 0.8345
vn -0.5463 -0.0256 0.8372
vn -0.5641 -0.0244 0.8254
vn -0.4871 -0.5106 0.7085
vn -0.5463 -0.0256 0.8372
vn -0.4871 -0.5106 0.7085
vn -0.4300 -0.5879 0.6852
vn -0.4393 -0.4847 0.7563
vn -0.5146 -0.0000 0.8574
vn -0.5141 -0.0261 0.8573
vn -0.5141 -0.0261 0.8573
vn -0.4300 -0.5879 0.6852
vn -0.4393 -0.4847 0.7563
vn -0.5141 -0.0261 0.8573
vn -0.5343 -0.0257 0.8449
vn -0.4300 -0.5879 0.6852
vn -0.4300 -0.5879 0.6852
vn -0.5343 -0.0257 0.8449
vn -0.5463 -0.0256 0.8372
vn -0.4853 -0.0256 0.8740
vn -0.5146 -0.0000 0.8574
vn -0.4393 -0.4847 0.7563
vn -0.4393 -0.4847 0.7563
vn -0.3995 -0.5168 0.7572
vn -0.4853 -0.0256 0.8740
vn -0.3995 -0.5168 0.7572
vn -0.4640 0.0041 0.8858
vn -0.4853 -0.0256 0.8740
vn -0.3738 -0.4959 0.7838
vn -0.4295 -0.0251 0.9027
vn -0.4496 -0.0261 0.8929
vn -0.3995 -0.5168 0.7572
vn -0.3738 -0.4959 0.7838
vn -0.4496 -0.0261 0.8929
vn -0.4496 -0.0261 0.8929
vn -0.4640 0.0041 0.8858
vn -0.3995 -0.5168 0.7572
vn -0.4150 -0.0262 0.9095
vn -0.4295 -0.0251 0.9027
vn -0.3738 -0.4959 0.7838
vn -0.3738 -0.4959 0.7838
vn -0.3431 -0.5301 0.7754
vn -0.4150 -0.0262 0.9095
vn -0.3431 -0.5301 0.7754
vn -0.4017 0.0078 0.9157
vn -0.4150 -0.0262 0.9095
vn -0.3852 -0.0262 0.9225
vn -0.4017 0.0078 0.9157
vn -0.3431 -0.5301 0.7754
vn -0.3852 -0.0262 0.9225
vn -0.3431 -0.5301 0.7754
vn -0.3326 -0.4348 0.8368
vn -0.3326 -0.4348 0.8368
vn -0.3582 -0.0074 0.9336
vn -0.3852 -0.0262 0.9225
vn -0.3326 -0.4348 0.8368
vn -0.2899 -0.5069 0.8118
vn -0.3566 -0.0264 0.9339
vn -0.3566 -0.0264 0.9339
vn -0.3582 -0.0074 0.9336
vn -0.3326 -0.4348 0.8368
vn -0.2613 -0.4918 0.8306
vn -0.2974 -0.0258 0.9544
vn -0.3174 -0.0245 0.9480
vn -0.2899 -0.5069 0.8118
vn -0.2613 -0.4918 0.8306
vn -0.3174 -0.0245 0.9480
vn -0.3174 -0.0245 0.9480
vn -0.3354 -0.0260 0.9417
vn -0.2899 -0.5069 0.8118
vn -0.2899 -0.5069 0.8118
vn -0.3354 -0.0260 0.9417
vn -0.3566 -0.0264 0.9339
vn -0.2816 -0.0264 0.9592
vn -0.2974 -0.0258 0.9544
vn -0.2613 -0.4918 0.8306
vn -0.2816 -0.0264 0.9592
vn -0.2613 -0.4918 0.8306
vn -0.2479 -0.3946 0.8848
vn -0.2479 -0.3946 0.8848
vn -0.2666 -0.0072 0.9638
vn -0.2816 -0.0264 0.9592
vn -0.2479 -0.3946 0.8848
vn -0.2095 -0.4625 0.8615
vn -0.2541 -0.0256 0.9669
vn -0.2541 -0.0256 0.9669
vn -0.2666 -0.0072 0.9638
vn -0.2479 -0.3946 0.8848
vn -0.1819 -0.3627 0.9140
vn -0.2110 0.0000 0.9775
vn -0.2089 -0.0259 0.9776
vn -0.2089 -0.0259 0.9776
vn -0.2095 -0.4625 0.8615
vn -0.1819 -0.3627 0.9140
vn -0.2089 -0.0259 0.9776
vn -0.2367 -0.0253 0.9713
vn -0.2095 -0.4625 0.8615
vn -0.2095 -0.4625 0.8615
vn -0.2367 -0.0253 0.9713
vn -0.2541 -0.0256 0.9669
vn -0.1839 -0.0251 0.9826
vn -0.2110 0.0000 0.9775
vn -0.1819 -0.3627 0.9140
vn -0.1819 -0.3627 0.9140
vn -0.1426 -0.4269 0.8930
vn -0.1839 -0.0251 0.9826
vn -0.1426 -0.4269 0.8930
vn -0.1579 -0.0258 0.9871
vn -0.1839 -0.0251 0.9826
vn -0.1196 -0.3332 0.9352
vn -0.1238 -0.0004 0.9923
vn -0.1404 -0.0262 0.9898
vn -0.1404 -0.0262 0.9898
vn -0.1426 -0.4269 0.8930
vn -0.1196 -0.3332 0.9352
vn -0.1404 -0.0262 0.9898
vn -0.1579 -0.0258 0.9871
vn -0.1426 -0.4269 0.8930
vn -0.1121 -0.0254 0.9934
vn -0.1238 -0.0004 0.9923
vn -0.1196 -0.3332 0.9352
vn -0.1196 -0.3332 0.9352
vn -0.0833 -0.4028 0.9115
vn -0.1121 -0.0254 0.9934
vn -0.0680 -0.0260 0.9973
vn -0.1121 -0.0254 0.9934
vn -0.0833 -0.4028 0.9115
vn -0.0833 -0.4028 0.9115
vn -0.0490 -0.3738 0.9262
vn -0.0680 -0.0260 0.9973
vn -0.0490 -0.3738 0.9262
vn -0.0499 0.0078 0.9987
vn -0.0680 -0.0260 0.9973
vn -0.0353 -0.0257 0.9990
vn -0.0499 0.0078 0.9987
vn -0.0490 -0.3738 0.9262
vn -0.0353 -0.0257 0.9990
vn -0.0490 -0.3738 0.9262
vn -0.0167 -0.3054 0.9521
vn -0.0167 -0.3054 0.9521
vn -0.0205 -0.0070 0.9998
vn -0.0353 -0.0257 0.9990
vn 0.0143 -0.3347 0.9422
vn 0.0171 -0.0248 0.9995
vn -0.0063 -0.0264 0.9996
vn -0.0167 -0.3054 0.9521
vn 0.0143 -0.3347 0.9422
vn -0.0063 -0.0264 0.9996
vn -0.0063 -0.0264 0.9996
vn -0.0205 -0.0070 0.9998
vn -0.0167 -0.3054 0.9521
vn 0.0328 -0.0262 0.9991
vn 0.0171 -0.0248 0.9995
vn 0.0143 -0.3347 0.9422
vn 0.0328 -0.0262 0.9991
vn 0.0143 -0.3347 0.9422
vn 0.0521 -0.2673 0.9622
vn 0.0521 -0.2673 0.9622
vn 0.0447 0.0000 0.9990
vn 0.0328 -0.0262 0.9991
vn 0.0521 -0.2673 0.9622
vn 0.0901 -0.3070 0.9475
vn 0.0745 -0.0256 0.9969
vn 0.0745 -0.0256 0.9969
vn 0.0447 0.0000 0.9990
vn 0.0521 -0.2673 0.9622
vn 0.1168 -0.2965 0.9479
vn 0.1453 -0.0255 0.9891
vn 0.1034 -0.0262 0.9943
vn 0.1168 -0.2965 0.9479
vn 0.1034 -0.0262 0.9943
vn 0.1097 -0.0261 0.9936
vn 0.1097 -0.0261 0.9936
vn 0.0901 -0.3070 0.9475
vn 0.1168 -0.2965 0.9479
vn 0.1097 -0.0261 0.9936
vn 0.1032 0.0032 0.9947
vn 0.0901 -0.3070 0.9475
vn 0.0901 -0.3070 0.9475
vn 0.1032 0.0032 0.9947
vn 0.0745 -0.0256 0.9969
vn 0.1453 -0.0255 0.9891
vn 0.1168 -0.2965 0.9479
vn 0.1560 -0.2239 0.9620
vn 0.1560 -0.2239 0.9620
vn 0.1674 -0.0078 0.9859
vn 0.1453 -0.0255 0.9891
vn 0.1560 -0.2239 0.9620
vn 0.1828 -0.2631 0.9473
vn 0.1747 -0.0255 0.9843
vn 0.1747 -0.0255 0.9843
vn 0.1674 -0.0078 0.9859
vn 0.1560 -0.2239 0.9620
vn 0.2313 -0.1993 0.9522
vn 0.2405 -0.0215 0.9704
vn 0.2173 -0.0256 0.9758
vn 0.2173 -0.0256 0.9758
vn 0.1828 -0.2631 0.9473
vn 0.2313 -0.1993 0.9522
vn 0.2173 -0.0256 0.9758
vn 0.1781 -0.0248 0.9837
vn 0.1828 -0.2631 0.9473
vn 0.1828 -0.2631 0.9473
vn 0.1781 -0.0248 0.9837
vn 0.1747 -0.0255 0.9843
vn 0.2628 -0.0265 0.9645
vn 0.2405 -0.0215 0.9704
vn 0.2313 -0.1993 0.9522
vn 0.2313 -0.1993 0.9522
vn 0.2657 -0.2270 0.9370
vn 0.2628 -0.0265 0.9645
vn 0.2657 -0.2270 0.9370
vn 0.2751 -0.0263 0.9611
vn 0.2628 -0.0265 0.9645
vn 0.2948 -0.0259 0.9552
vn 0.2751 -0.0263 0.9611
vn 0.2657 -0.2270 0.9370
vn 0.2948 -0.0259 0.9552
vn 0.2657 -0.2270 0.9370
vn 0.2527 -0.5513 0.7951
vn 0.2527 -0.5513 0.7951
vn 0.3072 -0.0077 0.9516
vn 0.2948 -0.0259 0.9552
vn 0.2527 -0.5513 0.7951
vn 0.3362 -0.0304 0.9413
vn 0.3128 -0.0260 0.9495
vn 0.3128 -0.0260 0.9495
vn 0.3072 -0.0077 0.9516
vn 0.2527 -0.5513 0.7951
vn 0.3708 -0.0268 0.9283
vn 0.3680 -0.0261 0.9295
vn 0.3588 -0.0263 0.9331
vn 0.3362 -0.0304 0.9413
vn 0.3708 -0.0268 0.9283
vn 0.3588 -0.0263 0.9331
vn 0.3588 -0.0263 0.9331
vn 0.3425 0.0022 0.9395
vn 0.3362 -0.0304 0.9413
vn 0.3362 -0.0304 0.9413
vn 0.3425 0.0022 0.9395
vn 0.3128 -0.0260 0.9495
vn 0.3897 -0.0257 0.9206
vn 0.3680 -0.0261 0.9295
vn 0.3708 -0.0268 0.9283
vn 0.3897 -0.0257 0.9206
vn 0.3708 -0.0268 0.9283
vn 0.4013 -0.0275 0.9155
vn 0.4013 -0.0275 0.9155
vn 0.4046 -0.0064 0.9145
vn 0.3897 -0.0257 0.9206
vn 0.4013 -0.0275 0.9155
vn 0.4315 -0.0339 0.9015
vn 0.4198 -0.0260 0.9073
vn 0.4198 -0.0260 0.9073
vn 0.4046 -0.0064 0.9145
vn 0.4013 -0.0275 0.9155
vn 0.4659 -0.0352 0.8841
vn 0.4668 -0.0244 0.8841
vn 0.4473 -0.0260 0.8940
vn 0.4473 -0.0260 0.8940
vn 0.4315 -0.0339 0.9015
vn 0.4659 -0.0352 0.8841
vn 0.4473 -0.0260 0.8940
vn 0.4468 0.0076 0.8946
vn 0.4315 -0.0339 0.9015
vn 0.4315 -0.0339 0.9015
vn 0.4468 0.0076 0.8946
vn 0.4198 -0.0260 0.9073
vn 0.4881 -0.0259 0.8724
vn 0.4668 -0.0244 0.8841
vn 0.4659 -0.0352 0.8841
vn 0.4881 -0.0259 0.8724
vn 0.4659 -0.0352 0.8841
vn 0.5018 -0.0396 0.8641
vn 0.5018 -0.0396 0.8641
vn 0.5107 0.0041 0.8598
vn 0.4881 -0.0259 0.8724
vn 0.5146 -0.0254 0.8571
vn 0.5018 -0.0396 0.8641
vn 0.5260 -0.0466 0.8492
vn 0.5146 -0.0254 0.8571
vn 0.5107 0.0041 0.8598
vn 0.5018 -0.0396 0.8641
vn 0.5619 -0.0474 0.8259
vn 0.5619 -0.0075 0.8272
vn 0.5504 -0.0260 0.8345
vn 0.5504 -0.0260 0.8345
vn 0.5260 -0.0466 0.8492
vn 0.5619 -0.0474 0.8259
vn 0.5504 -0.0260 0.8345
vn 0.5156 -0.0247 0.8565
vn 0.5260 -0.0466 0.8492
vn 0.5260 -0.0466 0.8492
vn 0.5156 -0.0247 0.8565
vn 0.5146 -0.0254 0.8571
vn 0.5821 -0.0258 0.8127
vn 0.5619 -0.0075 0.8272
vn 0.5619 -0.0474 0.8259
vn 0.5619 -0.0474 0.8259
vn 0.5913 -0.0588 0.8043
vn 0.5821 -0.0258 0.8127
vn 0.5913 -0.0588 0.8043
vn 0.5966 0.0066 0.8025
vn 0.5821 -0.0258 0.8127
vn 0.6154 -0.0589 0.7860
vn 0.6192 -0.0068 0.7852
vn 0.6068 -0.0259 0.7944
vn 0.6068 -0.0259 0.7944
vn 0.5913 -0.0588 0.8043
vn 0.6154 -0.0589 0.7860
vn 0.6068 -0.0259 0.7944
vn 0.5966 0.0066 0.8025
vn 0.5913 -0.0588 0.8043
vn 0.6339 -0.0263 0.7730
vn 0.6192 -0.0068 0.7852
vn 0.6154 -0.0589 0.7860
vn 0.6154 -0.0589 0.7860
vn 0.6449 -0.0757 0.7605
vn 0.6339 -0.0263 0.7730
vn 0.6449 -0.0757 0.7605
vn 0.6492 -0.0260 0.7601
vn 0.6339 -0.0263 0.7730
vn 0.6633 -0.0257 0.7479
vn 0.6492 -0.0260 0.7601
vn 0.6449 -0.0757 0.7605
vn 0.6633 -0.0257 0.7479
vn 0.6449 -0.0757 0.7605
vn 0.6748 -0.0719 0.7345
vn 0.6748 -0.0719 0.7345
vn 0.6822 -0.0075 0.7311
vn 0.6633 -0.0257 0.7479
vn 0.6748 -0.0719 0.7345
vn 0.6995 -0.0961 0.7081
vn 0.6913 -0.0255 0.7221
vn 0.6913 -0.0255 0.7221
vn 0.6822 -0.0075 0.7311
vn 0.6748 -0.0719 0.7345
vn 0.6995 -0.0961 0.7081
vn 0.7228 -0.1059 0.6829
vn 0.7194 -0.0259 0.6941
vn 0.6995 -0.0961 0.7081
vn 0.7194 -0.0259 0.6941
vn 0.7065 -0.0254 0.7072
vn 0.7065 -0.0254 0.7072
vn 0.6913 -0.0255 0.7221
vn 0.6995 -0.0961 0.7081
vn 0.7463 -0.0987 0.6582
vn 0.7480 -0.0248 0.6632
vn 0.7327 -0.0260 0.6801
vn 0.7327 -0.0260 0.6801
vn 0.7228 -0.1059 0.6829
vn 0.7463 -0.0987 0.6582
vn 0.7327 -0.0260 0.6801
vn 0.7199 0.0071 0.6941
vn 0.7228 -0.1059 0.6829
vn 0.7228 -0.1059 0.6829
vn 0.7199 0.0071 0.6941
vn 0.7194 -0.0259 0.6941
vn 0.7639 -0.0262 0.6448
vn 0.7480 -0.0248 0.6632
vn 0.7463 -0.0987 0.6582
vn 0.7463 -0.0987 0.6582
vn 0.7666 -0.1284 0.6291
vn 0.7639 -0.0262 0.6448
vn 0.7666 -0.1284 0.6291
vn 0.7754 0.0075 0.6314
vn 0.7639 -0.0262 0.6448
vn 0.7857 -0.0258 0.6181
vn 0.7754 0.0075 0.6314
vn 0.7666 -0.1284 0.6291
vn 0.7857 -0.0258 0.6181
vn 0.7666 -0.1284 0.6291
vn 0.7911 -0.1163 0.6006
vn 0.7911 -0.1163 0.6006
vn 0.8004 -0.0079 0.5994
vn 0.7857 -0.0258 0.6181
vn 0.7911 -0.1163 0.6006
vn 0.8068 -0.1556 0.5699
vn 0.8058 -0.0261 0.5916
vn 0.8058 -0.0261 0.5916
vn 0.8004 -0.0079 0.5994
vn 0.7911 -0.1163 0.6006
vn 0.8319 -0.0259 0.5543
vn 0.8068 -0.1556 0.5699
vn 0.8259 -0.1669 0.5385
vn 0.8319 -0.0259 0.5543
vn 0.8156 -0.0243 0.5781
vn 0.8068 -0.1556 0.5699
vn 0.8068 -0.1556 0.5699
vn 0.8156 -0.0243 0.5781
vn 0.8058 -0.0261 0.5916
vn 0.8460 -0.1478 0.5124
vn 0.8581 -0.0076 0.5135
vn 0.8443 -0.0256 0.5353
vn 0.8443 -0.0256 0.5353
vn 0.8259 -0.1669 0.5385
vn 0.8460 -0.1478 0.5124
vn 0.8443 -0.0256 0.5353
vn 0.8307 0.0076 0.5567
vn 0.8259 -0.1669 0.5385
vn 0.8259 -0.1669 0.5385
vn 0.8307 0.0076 0.5567
vn 0.8319 -0.0259 0.5543
vn 0.8626 -0.0252 0.5053
vn 0.8581 -0.0076 0.5135
vn 0.8460 -0.1478 0.5124
vn 0.8460 -0.1478 0.5124
vn 0.8566 -0.1983 0.4763
vn 0.8626 -0.0252 0.5053
vn 0.8566 -0.1983 0.4763
vn 0.8717 -0.0251 0.4894
vn 0.8626 -0.0252 0.5053
vn 0.8852 -0.0261 0.4645
vn 0.8717 -0.0251 0.4894
vn 0.8566 -0.1983 0.4763
vn 0.8852 -0.0261 0.4645
vn 0.8566 -0.1983 0.4763
vn 0.8843 -0.0262 0.4662
vn 0.8876 -0.0261 0.4599
vn 0.8920 -0.0071 0.4519
vn 0.8852 -0.0261 0.4645
vn 0.9000 -0.0264 0.4350
vn 0.8642 -0.3097 0.3965
vn 0.9001 -0.0261 0.4349
vn 0.9001 -0.0261 0.4349
vn 0.8920 -0.0071 0.4519
vn 0.8937 -0.0261 0.4478
vn 0.9163 -0.0254 0.3998
vn 0.8642 -0.3097 0.3965
vn 0.8959 -0.2381 0.3751
vn 0.9163 -0.0254 0.3998
vn 0.9110 -0.0254 0.4117
vn 0.8642 -0.3097 0.3965
vn 0.8642 -0.3097 0.3965
vn 0.9110 -0.0254 0.4117
vn 0.9001 -0.0261 0.4349
vn 0.8959 -0.2381 0.3751
vn 0.9221 0.0001 0.3870
vn 0.9163 -0.0254 0.3998
vn 0.9281 -0.0259 0.3714
vn 0.9221 0.0001 0.3870
vn 0.8959 -0.2381 0.3751
vn 0.8959 -0.2381 0.3751
vn 0.8996 -0.2759 0.3384
vn 0.9281 -0.0259 0.3714
vn 0.8996 -0.2759 0.3384
vn 0.9385 -0.0193 0.3447
vn 0.9281 -0.0259 0.3714
vn 0.9404 -0.0256 0.3391
vn 0.9385 -0.0193 0.3447
vn 0.8996 -0.2759 0.3384
vn 0.8996 -0.2759 0.3384
vn 0.9141 -0.2614 0.3099
vn 0.9404 -0.0256 0.3391
vn 0.9141 -0.2614 0.3099
vn 0.9457 -0.0252 0.3241
vn 0.9404 -0.0256 0.3391
vn 0.9555 -0.0257 0.2938
vn 0.9457 -0.0252 0.3241
vn 0.9141 -0.2614 0.3099
vn 0.9555 -0.0257 0.2938
vn 0.9141 -0.2614 0.3099
vn 0.9392 -0.1982 0.2804
vn 0.9392 -0.1982 0.2804
vn 0.9595 -0.0079 0.2816
vn 0.9555 -0.0257 0.2938
vn 0.9392 -0.1982 0.2804
vn 0.9423 -0.2293 0.2440
vn 0.9631 -0.0261 0.2679
vn 0.9631 -0.0261 0.2679
vn 0.9595 -0.0079 0.2816
vn 0.9392 -0.1982 0.2804
vn 0.9623 -0.1721 0.2107
vn 0.9749 0.0001 0.2226
vn 0.9733 -0.0256 0.2283
vn 0.9733 -0.0256 0.2283
vn 0.9423 -0.2293 0.2440
vn 0.9623 -0.1721 0.2107
vn 0.9733 -0.0256 0.2283
vn 0.9676 -0.0259 0.2510
vn 0.9423 -0.2293 0.2440
vn 0.9423 -0.2293 0.2440
vn 0.9676 -0.0259 0.2510
vn 0.9631 -0.0261 0.2679
vn 0.9787 -0.0260 0.2035
vn 0.9749 0.0001 0.2226
vn 0.9623 -0.1721 0.2107
vn 0.9623 -0.1721 0.2107
vn 0.9644 -0.1982 0.1752
vn 0.9787 -0.0260 0.2035
vn 0.9644 -0.1982 0.1752
vn 0.9841 -0.0233 0.1760
vn 0.9787 -0.0260 0.2035
vn 0.9866 -0.0261 0.1612
vn 0.9841 -0.0233 0.1760
vn 0.9644 -0.1982 0.1752
vn 0.9866 -0.0261 0.1612
vn 0.9644 -0.1982 0.1752
vn 0.9717 -0.1875 0.1434
vn 0.9717 -0.1875 0.1434
vn 0.9905 -0.0261 0.1348
vn 0.9866 -0.0261 0.1612
vn 0.9905 -0.0261 0.1348
vn 0.9717 -0.1875 0.1434
vn 0.9324 -0.3464 0.1032
vn 0.9324 -0.3464 0.1032
vn 0.9904 -0.0006 0.1382
vn 0.9905 -0.0261 0.1348
vn 0.9324 -0.3464 0.1032
vn 0.9944 -0.0757 0.0731
vn 0.9948 -0.0257 0.0984
vn 0.9948 -0.0257 0.0984
vn 0.9904 -0.0006 0.1382
vn 0.9324 -0.3464 0.1032
vn 0.9977 -0.0582 0.0361
vn 0.9995 -0.0075 0.0291
vn 0.9984 -0.0258 0.0501
vn 0.9984 -0.0258 0.0501
vn 0.9944 -0.0757 0.0731
vn 0.9977 -0.0582 0.0361
vn 0.9984 -0.0258 0.0501
vn 0.9977 0.0077 0.0679
vn 0.9944 -0.0757 0.0731
vn 0.9944 -0.0757 0.0731
vn 0.9977 0.0077 0.0679
vn 0.9948 -0.0257 0.0984
vn -0.2910 -0.9565 -0.0210
vn -0.1788 -0.9482 0.2625
vn 0.0195 -0.9998 0.0106
vn -0.0066 -1.0000 0.0024
vn -0.0118 -0.9999 -0.0005
vn 0.0195 -0.9998 0.0106
vn -0.1788 -0.9482 0.2625
vn -0.0066 -1.0000 0.0024
vn 0.0195 -0.9998 0.0106
vn 0.0195 -0.9998 0.0106
vn -0.0118 -0.9999 -0.0005
vn -0.1152 -0.9666 -0.2291
vn 0.0000 -1.0000 -0.0000
vn 0.0000 -1.0000 -0.0000
vn 0.0195 -0.9998 0.0106
vn 0.0000 -1.0000 -0.0000
vn -0.4193 -0.7044 0.5727
vn 0.0195 -0.9998 0.0106
vn 0.0195 -0.9998 0.0106
vn -0.4193 -0.7044 0.5727
vn 0.0000 -1.0000 0.0000
vn 0.0000 -1.0000 -0.0000
vn -0.4183 -0.7940 0.4411
vn 0.0195 -0.9998 0.0106
vn 0.0195 -0.9998 0.0106
vn -0.4183 -0.7940 0.4411
vn -0.4246 -0.8585 0.2875
vn 0.0000 -1.0000 -0.0000
vn 0.0000 -1.0000 -0.0000
vn 0.0195 -0.9998 0.0106
vn 0.0195 -0.9998 0.0106
vn 0.0000 -1.0000 0.0000
vn 0.0000 -1.0000 0.0000
vn -0.0000 -1.0000 0.0000
vn -0.0000 -1.0000 0.0000
vn -0.0000 -1.0000 0.0000
vn 0.0000 -1.0000 -0.0000
vn 0.0000 -1.0000 -0.0000
vn 0.0195 -0.9998 0.0106
vn 0.0195 -0.9998 0.0106
vn 0.0000 -1.0000 0.0000
vn 0.0000 -1.0000 0.0000
vn 0.0195 -0.9998 0.0106
vn 0.0000 -1.0000 0.0000
vn 0.0000 -1.0000 0.0000
vn 0.0195 -0.9998 0.0106
vn 0.0000 -1.0000 0.0000
vn 0.0000 -1.0000 0.0000
vn 0.0000 -1.0000 0.0000
vn 0.0195 -0.9998 0.0106
vn 0.0000 -1.0000 0.0000
vn 0.0000 -1.0000 0.0000
vn 0.0000 -1.0000 0.0000
vn 0.0000 -1.0000 0.0000
vn 0.0000 -1.0000 0.0000
vn 0.0000 -1.0000 0.0000
vn 0.0000 -1.0000 0.0000
vn 0.0000 -1.0000 0.0000
vn 0.0000 -1.0000 0.0000
vn 0.0000 -1.0000 0.0000
vn -0.0000 -1.0000 -0.0000
vn -0.0000 -1.0000 -0.0000
vn 0.0195 -0.9998 0.0106
vn 0.0195 -0.9998 0.0106
vn 0.0000 -1.0000 0.0000
vn 0.0000 -1.0000 0.0000
vn 0.0195 -0.9998 0.0106
vn 0.0000 -1.0000 0.0000
vn 0.0000 -1.0000 0.0000
vn -0.0000 -1.0000 -0.0000
vn -0.0000 -1.0000 -0.0000
vn 0.0195 -0.9998 0.0106
vn 0.0195 -0.9998 0.0106
vn 0.0000 -1.0000 0.0000
vn 0.0000 -1.0000 0.0000
vn -0.0000 -1.0000 -0.0000
vn -0.0000 -1.0000 -0.0000
vn 0.0195 -0.9998 0.0106
vn 0.0195 -0.9998 0.0106
vn 0.0000 -1.0000 0.0000
vn 0.0000 -1.0000 0.0000
vn 0.0000 -1.0000 -0.0000
vn 0.0000 -1.0000 -0.0000
vn 0.0195 -0.9998 0.0106
vn 0.0195 -0.9998 0.0106
vn 0.0000 -1.0000 0.0000
vn 0.0000 -1.0000 0.0000
vn 0.0195 -0.9998 0.0106
vn 0.0000 -1.0000 0.0000
vn 0.0000 -1.0000 0.0000
vn 0.0000 -1.0000 -0.0000
vn 0.0000 -1.0000 -0.0000
vn 0.0195 -0.9998 0.0106
vn 0.0195 -0.9998 0.0106
vn 0.0000 -1.0000 0.0000
vn 0.0000 -1.0000 0.0000
vn 0.0000 -1.0000 0.0000
vn 0.0000 -1.0000 0.0000
vn 0.0000 -1.0000 0.0000
vn 0.0000 -1.0000 0.0000
vn 0.0000 -1.0000 0.0000
vn 0.0000 -1.0000 0.0000
vn 0.0000 -1.0000 0.0000
vn 0.0000 -1.0000 0.0000
vn 0.0000 -1.0000 0.0000
vn 0.0000 -1.0000 0.0000
vn 0.0000 -1.0000 0.0000
vn 0.0000 -1.0000 0.0000
vn 0.0000 -1.0000 0.0000
vn 0.0000 -1.0000 0.0000
vn 0.0000 -1.0000 0.0000
vn 0.0000 -1.0000 0.0000
vn 0.0000 -1.0000 0.0000
vn 0.0000 -1.0000 0.0000
vn 0.0000 -1.0000 0.0000
vn 0.0000 -1.0000 0.0000
vn 0.0000 -1.0000 0.0000
vn 0.0000 -1.0000 0.0000
vn 0.0000 -1.0000 0.0000
vn 0.0000 -1.0000 0.0000
vn 0.0000 -1.0000 0.0000
vn 0.0000 -1.0000 0.0000
vn 0.0000 -1.0000 0.0000
vn 0.0000 -1.0000 0.0000
vn 0.0000 -1.0000 0.0000
vn 0.0000 -1.0000 0.0000
vn 0.0000 -1.0000 0.0000
vn 0.0000 -1.0000 0.0000
vn 0.0000 -1.0000 0.0000
vn 0.0000 -1.0000 0.0000
vn 0.0000 -1.0000 0.0000
vn 0.0000 -1.0000 0.0000
vn 0.0000 -1.0000 0.0000
vn 0.0000 -1.0000 0.0000
vn 0.0000 -1.0000 0.0000
vn 0.0000 -1.0000 0.0000
vn 0.0000 -1.0000 0.0000
vn 0.0000 -1.0000 0.0000
vn -0.0000 -1.0000 -0.0000
vn -0.0000 -1.0000 -0.0000
vn -0.0000 -1.0000 -0.0000
vn 0.0000 -1.0000 0.0000
vn 0.0000 -1.0000 0.0000
vn 0.0000 -1.0000 0.0000
vn 0.0000 -1.0000 0.0000
vn 0.0000 -1.0000 0.0000
vn 0.0000 -1.0000 0.0000
vn 0.0195 -0.9998 0.0106
vn 0.0000 -1.0000 0.0000
vn 0.0000 -1.0000 0.0000
vn -0.0000 -1.0000 -0.0000
vn -0.0000 -1.0000 -0.0000
vn 0.0195 -0.9998 0.0106
vn 0.0195 -0.9998 0.0106
vn 0.0000 -1.0000 0.0000
vn 0.0000 -1.0000 0.0000
vn -0.4246 -0.8585 0.2875
vn -0.2173 -0.9756 0.0299
vn 0.0195 -0.9998 0.0106
vn -0.0164 -0.9999 0.0014
vn -0.0164 -0.9999 0.0014
vn 0.0195 -0.9998 0.0106
vn -0.0005 -1.0000 0.0000
vn 0.4981 -0.7990 -0.3369
vn 0.0195 -0.9998 0.0106
vn 0.0000 -1.0000 0.0000
vn 0.0000 -1.0000 0.0000
vn 0.0000 -1.0000 0.0000
vn 0.0000 -1.0000 0.0000
vn 0.0000 -1.0000 0.0000
vn 0.0000 -1.0000 0.0000
vn 0.0000 -1.0000 0.0000
vn 0.0000 -1.0000 0.0000
vn 0.0000 -1.0000 0.0000
vn 0.0000 -1.0000 0.0000
vn 0.4981 -0.7990 -0.3369
vn 0.0000 -1.0000 0.0000
vn 0.4981 -0.7990 -0.3369
vn 0.0000 -1.0000 0.0000
vn 0.0000 -1.0000 0.0000
vn -0.0000 -1.0000 0.0000
vn -0.0000 -1.0000 0.0000
vn 0.4981 -0.7990 -0.3369
vn 0.4981 -0.7990 -0.3369
vn 0.0000 -1.0000 0.0000
vn 0.0000 -1.0000 0.0000
vn 0.4981 -0.7990 -0.3369
vn 0.0000 -1.0000 0.0000
vn 0.0000 -1.0000 0.0000
vn 0.0195 -0.9998 0.0106
vn 0.0000 -1.0000 0.0000
vn 0.0000 -1.0000 0.0000
vn 0.0000 -1.0000 -0.0000
vn 0.0000 -1.0000 -0.0000
vn 0.0195 -0.9998 0.0106
vn 0.0000 -1.0000 -0.0000
vn 0.0000 -1.0000 -0.0000
vn 0.0195 -0.9998 0.0106
vn 0.0195 -0.9998 0.0106
vn -0.1152 -0.9666 -0.2291
vn 0.0120 -0.9531 -0.3025
vn 0.0195 -0.9998 0.0106
vn 0.1259 -0.9508 -0.2830
vn 0.5335 -0.6440 -0.5484
vn 0.4981 -0.7990 -0.3369
vn 0.0000 -1.0000 0.0000
vn 0.0000 -1.0000 0.0000
vn -0.0000 -1.0000 0.0000
vn -0.0000 -1.0000 0.0000
vn 0.4981 -0.7990 -0.3369
vn -0.0000 -1.0000 0.0000
vn -0.0000 -1.0000 0.0000
vn 0.4981 -0.7990 -0.3369
vn 0.0195 -0.9998 0.0106
vn -0.2173 -0.9756 0.0299
vn -0.2910 -0.9565 -0.0210
vn 0.0195 -0.9998 0.0106
vn 0.0120 -0.9531 -0.3025
vn 0.1259 -0.9508 -0.2830
vn -0.0000 -1.0000 0.0000
vn -0.0000 -1.0000 0.0000
vn -0.0000 -1.0000 0.0000
vn 0.4981 -0.7990 -0.3369
vn 0.0000 -1.0000 0.0000
vn 0.0000 -1.0000 0.0000
vn -0.0000 -1.0000 0.0000
vn -0.0000 -1.0000 0.0000
vn 0.4981 -0.7990 -0.3369
vn -0.0000 -1.0000 0.0000
vn 0.0195 -0.9998 0.0106
vn 0.4981 -0.7990 -0.3369
vn 0.0000 -1.0000 0.0000
vn 0.0000 -1.0000 0.0000
vn 0.0000 -1.0000 0.0000
vn 0.0000 -1.0000 0.0000
vn 0.0000 -1.0000 0.0000
vn 0.0000 -1.0000 0.0000
vn 0.0000 -1.0000 0.0000
vn 0.0000 -1.0000 0.0000
vn 0.0000 -1.0000 0.0000
vn 0.0000 -1.0000 0.0000
vn 0.0000 -1.0000 0.0000
vn 0.0000 -1.0000 0.0000
vn 0.0000 -1.0000 0.0000
vn 0.0000 -1.0000 0.0000
vn 0.0000 -1.0000 0.0000
vn 0.0000 -1.0000 0.0000
vn 0.0000 -1.0000 0.0000
vn 0.0000 -1.0000 0.0000
vn 0.0000 -1.0000 0.0000
vn 0.0000 -1.0000 0.0000
vn 0.0000 -1.0000 0.0000
vn -0.0000 -1.0000 0.0000
vn -0.0000 -1.0000 0.0000
vn -0.0000 -1.0000 0.0000
vn -0.0000 -1.0000 0.0000
vn -0.0000 -1.0000 0.0000
vn -0.0000 -1.0000 0.0000
vn 0.0000 -1.0000 0.0000
vn 0.0000 -1.0000 0.0000
vn 0.0000 -1.0000 0.0000
vn 0.0000 -1.0000 0.0000
vn 0.0000 -1.0000 0.0000
vn 0.0000 -1.0000 0.0000
vn 0.0000 -1.0000 0.0000
vn 0.0000 -1.0000 0.0000
vn 0.0000 -1.0000 0.0000
vn -0.8344 -0.5511 -0.0065
vn -0.8717 -0.4706 0.1364
vn -0.9259 -0.3772 0.0176
vn -0.6144 0.3617 0.7012
vn -0.2958 0.9336 0.2022
vn -0.6479 0.3987 0.6490
vn -0.5052 -0.2151 0.8358
vn -0.5341 -0.1423 0.8334
vn -0.5708 -0.0882 0.8163
vn -0.8717 -0.4706 0.1364
vn -0.4352 -0.8915 0.1261
vn -0.5065 -0.8497 0.1464
vn -0.6037 -0.6099 0.5134
vn -0.5852 -0.3734 0.7198
vn -0.5540 -0.2945 0.7787
vn -0.5540 -0.2945 0.7787
vn -0.5332 -0.6016 0.5948
vn -0.6037 -0.6099 0.5134
vn -0.5731 0.0400 0.8185
vn -0.5708 -0.0882 0.8163
vn -0.5341 -0.1423 0.8334
vn -0.6624 0.2152 0.7176
vn -0.5577 0.0349 0.8293
vn -0.6356 0.2706 0.7230
vn -0.5852 -0.3734 0.7198
vn -0.5052 -0.2151 0.8358
vn -0.5708 -0.0882 0.8163
vn -0.9837 -0.1734 0.0473
vn -0.9944 0.0385 0.0986
vn -0.9997 -0.0126 0.0225
vn -0.9692 0.2364 0.0693
vn -0.9997 -0.0126 0.0225
vn -0.9944 0.0385 0.0986
vn -0.9259 -0.3772 0.0176
vn -0.9367 -0.3485 0.0332
vn -0.9837 -0.1734 0.0473
vn -0.9632 0.1846 0.1954
vn -0.9692 0.2364 0.0693
vn -0.9944 0.0385 0.0986
vn -0.5852 -0.3734 0.7198
vn -0.5708 -0.0882 0.8163
vn -0.5540 -0.2945 0.7787
vn -0.5540 -0.2945 0.7787
vn -0.5577 0.0349 0.8293
vn -0.6089 -0.1018 0.7867
vn -0.5708 -0.0882 0.8163
vn -0.5731 0.0400 0.8185
vn -0.5540 -0.2945 0.7787
vn -0.5577 0.0349 0.8293
vn -0.5540 -0.2945 0.7787
vn -0.5731 0.0400 0.8185
vn -0.5731 0.0400 0.8185
vn -0.6356 0.2706 0.7230
vn -0.5577 0.0349 0.8293
vn -0.8717 -0.4706 0.1364
vn -0.9367 -0.3485 0.0332
vn -0.9259 -0.3772 0.0176
vn -0.8821 0.4711 0.0050
vn -0.9449 0.3255 0.0355
vn -0.8845 0.4574 0.0917
vn -0.8821 0.4711 0.0050
vn -0.8845 0.4574 0.0917
vn -0.8238 0.5668 0.0107
vn -0.5739 0.1761 0.7997
vn -0.6144 0.3617 0.7012
vn -0.6479 0.3987 0.6490
vn -0.9101 0.4040 0.0923
vn -0.8845 0.4574 0.0917
vn -0.9449 0.3255 0.0355
vn -0.5978 -0.4701 0.6493
vn -0.5332 -0.6016 0.5948
vn -0.5540 -0.2945 0.7787
vn -0.6761 -0.3671 0.6388
vn -0.5978 -0.4701 0.6493
vn -0.5540 -0.2945 0.7787
vn -0.5577 0.0349 0.8293
vn -0.6893 -0.1441 0.7100
vn -0.6089 -0.1018 0.7867
vn -0.6893 -0.1441 0.7100
vn -0.5577 0.0349 0.8293
vn -0.7068 0.0761 0.7033
vn -0.6761 -0.3671 0.6388
vn -0.5540 -0.2945 0.7787
vn -0.7006 -0.2553 0.6663
vn -0.6893 -0.1441 0.7100
vn -0.7006 -0.2553 0.6663
vn -0.5540 -0.2945 0.7787
vn -0.5540 -0.2945 0.7787
vn -0.6089 -0.1018 0.7867
vn -0.6893 -0.1441 0.7100
vn -0.6624 0.2152 0.7176
vn -0.7068 0.0761 0.7033
vn -0.5577 0.0349 0.8293
vn -0.9837 -0.1734 0.0473
vn -0.9367 -0.3485 0.0332
vn -0.9439 -0.2651 0.1969
vn -0.9789 -0.0944 0.1811
vn -0.9837 -0.1734 0.0473
vn -0.9439 -0.2651 0.1969
vn -0.9944 0.0385 0.0986
vn -0.9837 -0.1734 0.0473
vn -0.9789 -0.0944 0.1811
vn -0.9101 0.4040 0.0923
vn -0.9692 0.2364 0.0693
vn -0.9632 0.1846 0.1954
vn -0.9632 0.1846 0.1954
vn -0.8993 0.3956 0.1867
vn -0.9101 0.4040 0.0923
vn -0.8845 0.4574 0.0917
vn -0.9101 0.4040 0.0923
vn -0.5381 0.8374 0.0961
vn -0.8238 0.5668 0.0107
vn -0.8845 0.4574 0.0917
vn -0.5381 0.8374 0.0961
vn -0.9439 -0.2651 0.1969
vn -0.9367 -0.3485 0.0332
vn -0.8717 -0.4706 0.1364
vn -0.9789 -0.0944 0.1811
vn -0.9632 0.1846 0.1954
vn -0.9944 0.0385 0.0986
vn -0.6624 0.2152 0.7176
vn -0.7349 -0.0042 0.6781
vn -0.7068 0.0761 0.7033
vn -0.5739 0.1761 0.7997
vn -0.7613 -0.0439 0.6470
vn -0.6624 0.2152 0.7176
vn -0.6479 0.3987 0.6490
vn -0.7008 0.2823 0.6551
vn -0.5739 0.1761 0.7997
vn -0.6479 0.3987 0.6490
vn -0.2958 0.9336 0.2022
vn -0.5790 0.5516 0.6004
vn -0.5381 0.8374 0.0961
vn -0.9101 0.4040 0.0923
vn -0.8993 0.3956 0.1867
vn -0.5065 -0.8497 0.1464
vn -0.8998 -0.3717 0.2286
vn -0.8717 -0.4706 0.1364
vn -0.8998 -0.3717 0.2286
vn -0.9439 -0.2651 0.1969
vn -0.8717 -0.4706 0.1364
vn -0.9789 -0.0944 0.1811
vn -0.9619 0.1043 0.2528
vn -0.9632 0.1846 0.1954
vn -0.9619 0.1043 0.2528
vn -0.8688 0.3775 0.3204
vn -0.9632 0.1846 0.1954
vn -0.8993 0.3956 0.1867
vn -0.9632 0.1846 0.1954
vn -0.8688 0.3775 0.3204
vn -0.9439 -0.2651 0.1969
vn -0.9291 -0.1081 0.3538
vn -0.9789 -0.0944 0.1811
vn -0.8331 0.5098 0.2146
vn -0.8993 0.3956 0.1867
vn -0.8688 0.3775 0.3204
vn -0.9291 -0.1081 0.3538
vn -0.9439 -0.2651 0.1969
vn -0.8998 -0.3717 0.2286
vn -0.9291 -0.1081 0.3538
vn -0.9619 0.1043 0.2528
vn -0.9789 -0.0944 0.1811
vn -0.5381 0.8374 0.0961
vn -0.8993 0.3956 0.1867
vn -0.8331 0.5098 0.2146
vn -0.8998 -0.3717 0.2286
vn -0.5065 -0.8497 0.1464
vn -0.8268 -0.4163 0.3783
vn -0.9291 -0.1081 0.3538
vn -0.8998 -0.3717 0.2286
vn -0.9114 -0.1453 0.3849
vn -0.9291 -0.1081 0.3538
vn -0.9177 0.1423 0.3708
vn -0.9619 0.1043 0.2528
vn -0.8688 0.3775 0.3204
vn -0.9619 0.1043 0.2528
vn -0.9177 0.1423 0.3708
vn -0.8331 0.5098 0.2146
vn -0.2858 0.9514 0.1147
vn -0.5381 0.8374 0.0961
vn -0.8688 0.3775 0.3204
vn -0.2858 0.9514 0.1147
vn -0.8331 0.5098 0.2146
vn -0.9114 -0.1453 0.3849
vn -0.8998 -0.3717 0.2286
vn -0.8268 -0.4163 0.3783
vn -0.8688 0.3775 0.3204
vn -0.9177 0.1423 0.3708
vn -0.8292 0.3369 0.4460
vn -0.9114 -0.1453 0.3849
vn -0.8835 0.1272 0.4508
vn -0.9291 -0.1081 0.3538
vn -0.5065 -0.8497 0.1464
vn -0.7679 -0.5353 0.3519
vn -0.8268 -0.4163 0.3783
vn -0.9177 0.1423 0.3708
vn -0.9291 -0.1081 0.3538
vn -0.8835 0.1272 0.4508
vn -0.8292 0.3369 0.4460
vn -0.9177 0.1423 0.3708
vn -0.8835 0.1272 0.4508
vn -0.9114 -0.1453 0.3849
vn -0.8268 -0.4163 0.3783
vn -0.8310 -0.3085 0.4629
vn -0.8310 -0.3085 0.4629
vn -0.9054 -0.0618 0.4201
vn -0.9114 -0.1453 0.3849
vn -0.8835 0.1272 0.4508
vn -0.9114 -0.1453 0.3849
vn -0.9054 -0.0618 0.4201
vn -0.8688 0.3775 0.3204
vn -0.7065 0.5856 0.3974
vn -0.2858 0.9514 0.1147
vn -0.5849 -0.7219 0.3699
vn -0.7679 -0.5353 0.3519
vn -0.5065 -0.8497 0.1464
vn -0.8268 -0.4163 0.3783
vn -0.7679 -0.5353 0.3519
vn -0.5849 -0.7219 0.3699
vn -0.5849 -0.7219 0.3699
vn -0.8310 -0.3085 0.4629
vn -0.8268 -0.4163 0.3783
vn -0.8424 -0.0079 0.5387
vn -0.9054 -0.0618 0.4201
vn -0.8310 -0.3085 0.4629
vn -0.8010 -0.2497 0.5441
vn -0.8310 -0.3085 0.4629
vn -0.5849 -0.7219 0.3699
vn -0.8835 0.1272 0.4508
vn -0.9054 -0.0618 0.4201
vn -0.8424 -0.0079 0.5387
vn -0.8079 0.3260 0.4909
vn -0.8835 0.1272 0.4508
vn -0.8424 -0.0079 0.5387
vn -0.8835 0.1272 0.4508
vn -0.7065 0.5856 0.3974
vn -0.8292 0.3369 0.4460
vn -0.8688 0.3775 0.3204
vn -0.8292 0.3369 0.4460
vn -0.7065 0.5856 0.3974
vn -0.7065 0.5856 0.3974
vn -0.8835 0.1272 0.4508
vn -0.8079 0.3260 0.4909
vn -0.8010 -0.2497 0.5441
vn -0.8424 -0.0079 0.5387
vn -0.8310 -0.3085 0.4629
vn -0.7692 0.2722 0.5781
vn -0.8079 0.3260 0.4909
vn -0.8424 -0.0079 0.5387
vn -0.7065 0.5856 0.3974
vn -0.8079 0.3260 0.4909
vn -0.7822 0.4476 0.4334
vn -0.8424 -0.0079 0.5387
vn -0.8010 -0.2497 0.5441
vn -0.7613 -0.0439 0.6470
vn -0.7822 0.4476 0.4334
vn -0.8079 0.3260 0.4909
vn -0.6639 0.5401 0.5172
vn -0.5849 -0.7219 0.3699
vn -0.7558 -0.2765 0.5935
vn -0.8010 -0.2497 0.5441
vn -0.7610 0.1633 0.6279
vn -0.8424 -0.0079 0.5387
vn -0.8068 0.0382 0.5896
vn -0.7610 0.1633 0.6279
vn -0.7692 0.2722 0.5781
vn -0.8424 -0.0079 0.5387
vn -0.6639 0.5401 0.5172
vn -0.7065 0.5856 0.3974
vn -0.7822 0.4476 0.4334
vn -0.7558 -0.2765 0.5935
vn -0.5849 -0.7219 0.3699
vn -0.6817 -0.4409 0.5838
vn -0.8068 0.0382 0.5896
vn -0.8424 -0.0079 0.5387
vn -0.7613 -0.0439 0.6470
vn -0.7613 -0.0439 0.6470
vn -0.8010 -0.2497 0.5441
vn -0.7558 -0.2765 0.5935
vn -0.7692 0.2722 0.5781
vn -0.7016 0.4326 0.5663
vn -0.8079 0.3260 0.4909
vn -0.6639 0.5401 0.5172
vn -0.8079 0.3260 0.4909
vn -0.7016 0.4326 0.5663
vn -0.6817 -0.4409 0.5838
vn -0.5849 -0.7219 0.3699
vn -0.5332 -0.6016 0.5948
vn -0.7610 0.1633 0.6279
vn -0.8068 0.0382 0.5896
vn -0.7613 -0.0439 0.6470
vn -0.6639 0.5401 0.5172
vn -0.2958 0.9336 0.2022
vn -0.7065 0.5856 0.3974
vn -0.2958 0.9336 0.2022
vn -0.6639 0.5401 0.5172
vn -0.7016 0.4326 0.5663
vn -0.7610 0.1633 0.6279
vn -0.7613 -0.0439 0.6470
vn -0.7420 0.0814 0.6654
vn -0.6817 -0.4409 0.5838
vn -0.5332 -0.6016 0.5948
vn -0.5978 -0.4701 0.6493
vn -0.7558 -0.2765 0.5935
vn -0.7349 -0.0042 0.6781
vn -0.7613 -0.0439 0.6470
vn -0.7420 0.0814 0.6654
vn -0.7613 -0.0439 0.6470
vn -0.7020 0.1783 0.6895
vn -0.7610 0.1633 0.6279
vn -0.7420 0.0814 0.6654
vn -0.7020 0.1783 0.6895
vn -0.7020 0.1783 0.6895
vn -0.6479 0.3987 0.6490
vn -0.7610 0.1633 0.6279
vn -0.7692 0.2722 0.5781
vn -0.7610 0.1633 0.6279
vn -0.6479 0.3987 0.6490
vn -0.7016 0.4326 0.5663
vn -0.7692 0.2722 0.5781
vn -0.6479 0.3987 0.6490
vn -0.6479 0.3987 0.6490
vn -0.5790 0.5516 0.6004
vn -0.7016 0.4326 0.5663
vn -0.2958 0.9336 0.2022
vn -0.7016 0.4326 0.5663
vn -0.5790 0.5516 0.6004
vn -0.5978 -0.4701 0.6493
vn -0.6761 -0.3671 0.6388
vn -0.6817 -0.4409 0.5838
vn -0.7558 -0.2765 0.5935
vn -0.6817 -0.4409 0.5838
vn -0.6761 -0.3671 0.6388
vn -0.6761 -0.3671 0.6388
vn -0.7006 -0.2553 0.6663
vn -0.7558 -0.2765 0.5935
vn -0.6893 -0.1441 0.7100
vn -0.7558 -0.2765 0.5935
vn -0.7006 -0.2553 0.6663
vn -0.7349 -0.0042 0.6781
vn -0.7558 -0.2765 0.5935
vn -0.6893 -0.1441 0.7100
vn -0.6893 -0.1441 0.7100
vn -0.7068 0.0761 0.7033
vn -0.7349 -0.0042 0.6781
vn -0.7349 -0.0042 0.6781
vn -0.6624 0.2152 0.7176
vn -0.7613 -0.0439 0.6470
vn -0.7613 -0.0439 0.6470
vn -0.5739 0.1761 0.7997
vn -0.7020 0.1783 0.6895
vn -0.5739 0.1761 0.7997
vn -0.7008 0.2823 0.6551
vn -0.7020 0.1783 0.6895
vn -0.7020 0.1783 0.6895
vn -0.7008 0.2823 0.6551
vn -0.6479 0.3987 0.6490
vn -0.9259 -0.3772 0.0176
vn -0.7804 0.0590 0.6225
vn -0.7804 0.0590 0.6225
vn 0.6646 -0.7386 -0.1126
vn 0.6646 -0.7386 -0.1126
vn 0.6646 -0.7386 -0.1126
vn 0.6854 0.7281 0.0057
vn 0.6854 0.7281 0.0057
vn 0.6854 0.7281 0.0057
vn 0.5250 0.8171 -0.2382
vn 0.5250 0.8171 -0.2382
vn 0.5250 0.8171 -0.2382
vn -0.1003 0.4994 0.8605
vn -0.1003 0.4994 0.8605
vn -0.1003 0.4994 0.8605
vn 0.1632 -0.9854 -0.0482
vn 0.1632 -0.9854 -0.0482
vn 0.1632 -0.9854 -0.0482
vn 0.5170 0.4117 0.7505
vn 0.5170 0.4117 0.7505
vn 0.5170 0.4117 0.7505
vn 0.2510 -0.5767 -0.7774
vn 0.2510 -0.5767 -0.7774
vn 0.2510 -0.5767 -0.7774
vn -0.5197 -0.0935 0.8492
vn 0.1763 -0.5479 0.8178
vn -0.5540 -0.2945 0.7787
vn 0.5129 0.7200 -0.4675
vn 0.5129 0.7200 -0.4675
vn 0.3435 0.9381 -0.0439
vn -0.5852 -0.3734 0.7198
vn -0.8004 -0.0687 0.5955
vn -0.5197 -0.0935 0.8492
vn -0.7730 0.1304 0.6209
vn -0.5852 -0.3734 0.7198
vn -0.5197 -0.0935 0.8492
vn -0.6356 0.2706 0.7230
vn -0.5471 0.3229 0.7723
vn -0.4954 0.8528 0.1652
vn 0.4437 0.5786 0.6844
vn 0.4437 0.5786 0.6844
vn 0.4437 0.5786 0.6844
vn 0.4226 -0.6258 0.6556
vn 0.4226 -0.6258 0.6556
vn 0.4226 -0.6258 0.6556
vn -0.6356 0.2706 0.7230
vn -0.6144 0.3617 0.7012
vn -0.5471 0.3229 0.7723
vn -0.9367 -0.3485 0.0332
vn -0.6854 -0.7281 -0.0057
vn -0.8420 -0.1274 -0.5243
vn -0.3824 0.8004 -0.4616
vn -0.4318 0.9003 0.0556
vn -0.3824 0.8004 -0.4616
vn -0.9449 0.3255 0.0355
vn -0.8270 -0.1466 0.5428
vn -0.8596 -0.5107 0.0136
vn 0.9327 0.3606 -0.0027
vn 0.9060 0.3796 -0.1874
vn 0.8548 0.5106 -0.0931
vn -0.8159 -0.5781 -0.0023
vn -0.8159 -0.5781 -0.0023
vn -0.8344 -0.5511 -0.0065
vn -0.4873 -0.4845 -0.7265
vn -0.7086 -0.7056 0.0023
vn -0.8344 -0.5511 -0.0065
vn -0.7609 -0.6486 0.0165
vn -0.4873 -0.4845 -0.7265
vn -0.8344 -0.5511 -0.0065
vn -0.5044 -0.8621 0.0476
vn -0.7086 -0.7056 0.0023
vn -0.4873 -0.4845 -0.7265
vn -0.4873 -0.4845 -0.7265
vn -0.6516 -0.7582 0.0242
vn -0.5044 -0.8621 0.0476
vn -0.5791 -0.8152 -0.0035
vn -0.5791 -0.8152 -0.0035
vn -0.5044 -0.8621 0.0476
vn -0.4483 -0.8938 -0.0109
vn -0.4483 -0.8938 -0.0109
vn -0.5044 -0.8621 0.0476
vn -0.3633 -0.9317 0.0062
vn -0.3633 -0.9317 0.0062
vn -0.5044 -0.8621 0.0476
vn -0.2871 -0.9574 -0.0320
vn -0.5044 -0.8621 0.0476
vn -0.3715 -0.9284 0.0024
vn -0.5044 -0.8621 0.0476
vn -0.2871 -0.9574 -0.0320
vn -0.4317 -0.8117 0.3934
vn -0.2150 -0.9765 -0.0161
vn -0.2150 -0.9765 -0.0161
vn -0.2871 -0.9574 -0.0320
vn -0.1207 -0.9926 0.0115
vn -0.1207 -0.9926 0.0115
vn -0.2871 -0.9574 -0.0320
vn 0.0266 -0.9990 -0.0362
vn -0.2871 -0.9574 -0.0320
vn -0.1122 -0.9935 0.0176
vn 0.1317 -0.9913 0.0044
vn 0.2306 -0.7484 -0.6218
vn 0.0266 -0.9990 -0.0362
vn 0.0349 -0.9992 -0.0177
vn 0.0349 -0.9992 -0.0177
vn 0.0266 -0.9990 -0.0362
vn 0.1989 -0.9751 -0.0980
vn 0.0266 -0.9990 -0.0362
vn 0.2306 -0.7484 -0.6218
vn 0.2306 -0.7484 -0.6218
vn 0.4690 -0.8758 0.1139
vn 0.1989 -0.9751 -0.0980
vn 0.1934 -0.6158 0.7638
vn 0.4690 -0.8758 0.1139
vn 0.4927 -0.8634 0.1090
vn 0.2306 -0.7484 -0.6218
vn 0.4927 -0.8634 0.1090
vn 0.4690 -0.8758 0.1139
vn 0.2306 -0.7484 -0.6218
vn 0.3250 -0.7241 -0.6083
vn 0.4927 -0.8634 0.1090
vn 0.6434 -0.7630 -0.0631
vn 0.4927 -0.8634 0.1090
vn 0.3250 -0.7241 -0.6083
vn 0.3250 -0.7241 -0.6083
vn 0.0331 -0.0274 -0.9991
vn 0.1317 -0.2127 -0.9682
vn 0.7119 -0.7000 0.0563
vn 0.5753 -0.7834 0.2350
vn 0.6434 -0.7630 -0.0631
vn 0.6434 -0.7630 -0.0631
vn 0.7648 -0.6442 0.0063
vn 0.7119 -0.7000 0.0563
vn 0.6434 -0.7630 -0.0631
vn 0.7668 -0.6272 -0.1364
vn 0.7648 -0.6442 0.0063
vn 0.7668 -0.6272 -0.1364
vn 0.8526 -0.5221 -0.0239
vn 0.7648 -0.6442 0.0063
vn 0.8424 -0.5371 -0.0423
vn 0.7648 -0.6442 0.0063
vn 0.8526 -0.5221 -0.0239
vn 0.6435 0.7654 0.0027
vn 0.8353 0.5498 0.0037
vn 0.8548 0.5106 -0.0931
vn 0.8548 0.5106 -0.0931
vn 0.7492 0.6612 -0.0379
vn 0.6435 0.7654 0.0027
vn 0.6664 0.7260 0.1697
vn 0.6435 0.7654 0.0027
vn 0.7492 0.6612 -0.0379
vn 0.7492 0.6612 -0.0379
vn 0.5554 0.8305 0.0419
vn 0.6664 0.7260 0.1697
vn 0.4759 0.6191 -0.6247
vn 0.3478 0.5845 -0.7330
vn 0.5554 0.8305 0.0419
vn 0.7492 0.6612 -0.0379
vn 0.4759 0.6191 -0.6247
vn 0.5554 0.8305 0.0419
vn 0.3478 0.5845 -0.7330
vn 0.4245 0.8368 -0.3458
vn 0.5554 0.8305 0.0419
vn 0.4302 0.9021 0.0348
vn 0.5554 0.8305 0.0419
vn 0.4245 0.8368 -0.3458
vn 0.5106 0.8576 0.0622
vn 0.4892 0.8714 0.0361
vn 0.4245 0.8368 -0.3458
vn 0.4245 0.8368 -0.3458
vn 0.3339 0.9419 -0.0361
vn 0.4111 0.9110 0.0316
vn 0.4111 0.9110 0.0316
vn 0.5106 0.8576 0.0622
vn 0.4245 0.8368 -0.3458
vn 0.4111 0.9110 0.0316
vn 0.2446 0.8343 0.4940
vn 0.5106 0.8576 0.0622
vn 0.2658 0.9578 -0.1092
vn 0.4111 0.9110 0.0316
vn -0.2554 0.9646 -0.0662
vn 0.1665 0.9857 -0.0277
vn 0.1665 0.9857 -0.0277
vn 0.2658 0.9578 -0.1092
vn 0.0354 0.9922 0.1191
vn -0.1609 0.9851 -0.0600
vn 0.0354 0.9922 0.1191
vn -0.1526 0.9883 0.0072
vn -0.1526 0.9883 0.0072
vn -0.1609 0.9851 -0.0600
vn -0.2462 0.9692 -0.0094
vn -0.2462 0.9692 -0.0094
vn -0.1609 0.9851 -0.0600
vn -0.4923 0.8694 0.0428
vn -0.1609 0.9851 -0.0600
vn 0.0102 0.9972 -0.0735
vn -0.4150 0.8417 0.3454
vn -0.4923 0.8694 0.0428
vn -0.6012 0.7991 0.0079
vn -0.4540 0.8904 0.0339
vn -0.4150 0.8417 0.3454
vn -0.2976 0.9542 0.0319
vn -0.3949 0.9187 -0.0002
vn -0.3949 0.9187 -0.0002
vn -0.4540 0.8904 0.0339
vn -0.4738 0.8806 -0.0054
vn -0.4738 0.8806 -0.0054
vn -0.4540 0.8904 0.0339
vn -0.6148 0.7718 0.1626
vn -0.4540 0.8904 0.0339
vn -0.5590 0.8291 0.0111
vn -0.5873 0.8093 0.0028
vn -0.5873 0.8093 0.0028
vn -0.6148 0.7718 0.1626
vn -0.6551 0.7555 -0.0012
vn -0.6551 0.7555 -0.0012
vn -0.6148 0.7718 0.1626
vn -0.6980 0.7133 0.0631
vn -0.6148 0.7718 0.1626
vn -0.7303 0.6829 0.0169
vn -0.7629 0.6465 0.0069
vn -0.7629 0.6465 0.0069
vn -0.6980 0.7133 0.0631
vn -0.8035 0.5953 0.0074
vn -0.8035 0.5953 0.0074
vn -0.6980 0.7133 0.0631
vn -0.8305 0.5570 0.0033
vn -0.8305 0.5570 0.0033
vn -0.8238 0.5668 0.0107
vn -0.8238 0.5668 0.0107
vn -0.6980 0.7133 0.0631
vn -0.7851 0.6194 0.0056
vn -0.8821 0.4711 0.0050
vn -0.8238 0.5668 0.0107
vn -0.8422 0.5391 0.0051
vn 0.8994 0.4334 0.0564
vn 0.9327 0.3606 -0.0027
vn 0.9763 0.2163 -0.0077
vn 0.9894 0.1423 0.0301
vn 0.9989 0.0452 -0.0140
vn 0.9795 0.0653 0.1906
vn 0.9846 -0.0981 0.1445
vn 0.9795 0.0653 0.1906
vn 0.9989 0.0452 -0.0140
vn 0.9838 -0.1793 0.0014
vn 0.9846 -0.0981 0.1445
vn 0.9989 0.0452 -0.0140
vn 0.9838 -0.1793 0.0014
vn 0.9380 -0.3465 -0.0094
vn 0.8552 -0.4313 0.2873
vn 0.9354 -0.3536 0.0015
vn 0.9467 -0.3221 -0.0024
vn 0.9431 -0.3325 0.0007
vn -0.9837 -0.1734 0.0473
vn -0.9997 -0.0126 0.0225
vn -0.9951 -0.0985 -0.0071
vn -0.9951 -0.0985 -0.0071
vn -0.9106 -0.3811 0.1601
vn -0.9837 -0.1734 0.0473
vn -0.9997 -0.0126 0.0225
vn -0.9746 0.0337 0.2213
vn -0.9951 -0.0985 -0.0071
vn -0.9997 -0.0126 0.0225
vn -0.9930 0.1183 -0.0001
vn -0.9746 0.0337 0.2213
vn -0.9930 0.1183 -0.0001
vn -0.9833 0.1811 0.0152
vn -0.9746 0.0337 0.2213
vn -0.9930 0.1183 -0.0001
vn -0.9811 0.1932 0.0140
vn -0.9833 0.1811 0.0152
vn -0.9811 0.1932 0.0140
vn -0.9686 0.2485 -0.0036
vn -0.9833 0.1811 0.0152
vn -0.9686 0.2485 -0.0036
vn -0.9717 0.2363 0.0024
vn -0.9833 0.1811 0.0152
vn -0.9174 -0.3979 -0.0108
vn -0.8344 -0.5511 -0.0065
vn -0.9259 -0.3772 0.0176
vn -0.9259 -0.3772 0.0176
vn -0.8878 -0.4600 0.0138
vn -0.8878 -0.4600 0.0138
vn -0.9259 -0.3772 0.0176
vn -0.9332 -0.3594 -0.0057
vn -0.9332 -0.3594 -0.0057
vn -0.9564 -0.2919 -0.0011
vn -0.9259 -0.3772 0.0176
vn -0.9837 -0.1734 0.0473
vn -0.9551 -0.2963 -0.0004
vn -0.9837 -0.1734 0.0473
vn -0.9106 -0.3811 0.1601
vn 0.9023 -0.4311 -0.0091
vn 0.8424 -0.5371 -0.0423
vn 0.8526 -0.5221 -0.0239
vn 0.9023 -0.4311 -0.0091
vn 0.8526 -0.5221 -0.0239
vn 0.8830 -0.4685 -0.0298
vn 0.8830 -0.4685 -0.0298
vn 0.9065 -0.4219 -0.0154
vn 0.9023 -0.4311 -0.0091
vn 0.9065 -0.4219 -0.0154
vn 0.9193 -0.3935 -0.0083
vn 0.9023 -0.4311 -0.0091
vn 0.9193 -0.3935 -0.0083
vn 0.9312 -0.3646 -0.0011
vn 0.9023 -0.4311 -0.0091
vn 0.9431 -0.3325 0.0007
vn 0.9380 -0.3465 -0.0094
vn 0.9354 -0.3536 0.0015
vn 0.9354 -0.3536 0.0015
vn 0.9380 -0.3465 -0.0094
vn 0.9023 -0.4311 -0.0091
vn 0.9023 -0.4311 -0.0091
vn 0.9312 -0.3646 -0.0011
vn 0.9354 -0.3536 0.0015
vn 0.8548 0.5106 -0.0931
vn 0.8946 0.4455 -0.0332
vn 0.9327 0.3606 -0.0027
vn 0.8353 0.5498 0.0037
vn 0.8946 0.4455 -0.0332
vn 0.8548 0.5106 -0.0931
vn -0.9575 0.2883 0.0009
vn -0.9686 0.2485 -0.0036
vn -0.9449 0.3255 0.0355
vn -0.9449 0.3255 0.0355
vn -0.9334 0.3588 -0.0072
vn -0.9334 0.3588 -0.0072
vn -0.9071 0.4209 0.0016
vn -0.9449 0.3255 0.0355
vn -0.8821 0.4711 0.0050
vn -0.8821 0.4711 0.0050
vn -0.8886 0.4586 -0.0021
vn -0.8886 0.4586 -0.0021
vn -0.9746 0.0337 0.2213
vn -0.9106 -0.3811 0.1601
vn -0.9951 -0.0985 -0.0071
vn -0.5246 -0.4851 0.6996
vn -0.1493 -0.1134 0.9823
vn -0.1493 -0.1134 0.9823
vn -0.9106 -0.3811 0.1601
vn -0.7094 -0.6974 -0.1025
vn -0.7094 -0.6974 -0.1025
vn -0.8143 -0.5797 0.0285
vn -0.8143 -0.5797 0.0285
vn -0.9106 -0.3811 0.1601
vn -0.9177 -0.3955 0.0373
vn -0.9177 -0.3955 0.0373
vn -0.9106 -0.3811 0.1601
vn -0.5526 -0.8322 -0.0461
vn -0.5526 -0.8322 -0.0461
vn -0.5246 -0.4851 0.6996
vn -0.7769 -0.6069 0.1678
vn -0.5246 -0.4851 0.6996
vn -0.7153 -0.0830 0.6939
vn -0.7114 0.6989 0.0736
vn -0.7114 0.6989 0.0736
vn -0.6271 0.7749 0.0789
vn -0.7153 -0.0830 0.6939
vn -0.9952 0.0230 -0.0953
vn -0.9952 0.0230 -0.0953
vn -0.5246 -0.4851 0.6996
vn -0.2994 0.2793 0.9123
vn -0.7153 -0.0830 0.6939
vn -0.0701 0.1349 0.9884
vn -0.7153 -0.0830 0.6939
vn -0.2994 0.2793 0.9123
vn -0.9938 -0.1096 -0.0180
vn -0.9938 -0.1096 -0.0180
vn -0.8829 0.3882 0.2641
vn -0.9067 0.4213 0.0208
vn -0.9067 0.4213 0.0208
vn -0.8829 0.3882 0.2641
vn -0.6142 0.7888 0.0227
vn -0.6142 0.7888 0.0227
vn -0.6271 0.7749 0.0789
vn -0.5828 0.8096 0.0696
vn -0.6271 0.7749 0.0789
vn -0.5828 0.8096 0.0696
vn -0.2994 0.2793 0.9123
vn -0.5246 -0.4851 0.6996
vn -0.3730 0.1019 0.9222
vn -0.2446 0.8710 0.4261
vn -0.2446 0.8710 0.4261
vn -0.8829 0.3882 0.2641
vn -0.9833 0.1811 0.0152
vn -0.8829 0.3882 0.2641
vn -0.9746 0.0337 0.2213
vn -0.2994 0.2793 0.9123
vn -0.0350 0.1321 0.9906
vn -0.0350 0.1321 0.9906
vn -0.8829 0.3882 0.2641
vn -0.8965 0.4397 -0.0539
vn -0.8965 0.4397 -0.0539
vn 0.8994 0.4334 0.0564
vn 0.5650 0.7062 0.4266
vn 0.5460 0.7800 -0.3057
vn 0.5460 0.7800 -0.3057
vn 0.9060 0.3796 -0.1874
vn 0.8994 0.4334 0.0564
vn 0.9331 0.3596 -0.0040
vn 0.8994 0.4334 0.0564
vn 0.9060 0.3796 -0.1874
vn 0.9060 0.3796 -0.1874
vn 0.9327 0.3606 -0.0027
vn 0.9331 0.3596 -0.0040
vn 0.7834 0.5304 0.3240
vn 0.5460 0.7800 -0.3057
vn 0.5650 0.7062 0.4266
vn 0.8994 0.4334 0.0564
vn 0.9331 0.3596 -0.0040
vn 0.9327 0.3606 -0.0027
vn 0.9847 0.1740 0.0132
vn 0.8994 0.4334 0.0564
vn 0.9763 0.2163 -0.0077
vn 0.8994 0.4334 0.0564
vn 0.9847 0.1740 0.0132
vn 0.9894 0.1423 0.0301
vn 0.8994 0.4334 0.0564
vn 0.7791 0.2229 0.5859
vn 0.5650 0.7062 0.4266
vn 0.8994 0.4334 0.0564
vn 0.9894 0.1423 0.0301
vn 0.7791 0.2229 0.5859
vn 0.9795 0.0653 0.1906
vn 0.7791 0.2229 0.5859
vn 0.9894 0.1423 0.0301
vn 0.7791 0.2229 0.5859
vn 0.9795 0.0653 0.1906
vn 0.5650 0.7062 0.4266
vn 0.9795 0.0653 0.1906
vn 0.3133 -0.0159 0.9495
vn 0.5650 0.7062 0.4266
vn 0.5460 0.7800 -0.3057
vn 0.7834 0.5304 0.3240
vn 0.7482 0.6511 -0.1276
vn 0.1599 0.1667 0.9730
vn 0.3133 -0.0159 0.9495
vn 0.1599 0.1667 0.9730
vn 0.9380 -0.3465 -0.0094
vn 0.9431 -0.3325 0.0007
vn 0.9335 -0.3585 0.0028
vn 0.8552 -0.4313 0.2873
vn 0.3133 -0.0159 0.9495
vn 0.9846 -0.0981 0.1445
vn 0.9838 -0.1793 0.0014
vn 0.8552 -0.4313 0.2873
vn 0.9846 -0.0981 0.1445
vn 0.9846 -0.0981 0.1445
vn 0.3133 -0.0159 0.9495
vn 0.9795 0.0653 0.1906
vn 0.9335 -0.3585 0.0028
vn 0.8552 -0.4313 0.2873
vn 0.9380 -0.3465 -0.0094
vn 0.8668 -0.4970 0.0400
vn 0.8552 -0.4313 0.2873
vn 0.9335 -0.3585 0.0028
vn 0.5320 -0.8383 -0.1192
vn 0.8552 -0.4313 0.2873
vn 0.8668 -0.4970 0.0400
vn 0.9403 -0.3404 -0.0003
vn 0.9335 -0.3585 0.0028
vn 0.9431 -0.3325 0.0007
vn 0.3919 -0.7272 0.5635
vn 0.8552 -0.4313 0.2873
vn 0.5320 -0.8383 -0.1192
vn 0.9467 -0.3221 -0.0024
vn 0.9317 -0.3555 -0.0743
vn 0.9403 -0.3404 -0.0003
vn 0.9403 -0.3404 -0.0003
vn 0.9431 -0.3325 0.0007
vn 0.9467 -0.3221 -0.0024
vn 0.9317 -0.3555 -0.0743
vn 0.8493 -0.3743 -0.3722
vn 0.9335 -0.3585 0.0028
vn 0.9335 -0.3585 0.0028
vn 0.9403 -0.3404 -0.0003
vn 0.9317 -0.3555 -0.0743
vn 0.4448 -0.2760 -0.8521
vn 0.4339 -0.3406 -0.8341
vn 0.1282 -0.0825 -0.9883
vn 0.7677 -0.6407 -0.0017
vn 0.5320 -0.8383 -0.1192
vn 0.8668 -0.4970 0.0400
vn 0.8493 -0.3743 -0.3722
vn 0.9035 -0.4285 0.0003
vn 0.8668 -0.4970 0.0400
vn 0.8493 -0.3743 -0.3722
vn 0.8668 -0.4970 0.0400
vn 0.9335 -0.3585 0.0028
vn 0.8552 -0.4313 0.2873
vn 0.3919 -0.7272 0.5635
vn 0.3133 -0.0159 0.9495
vn 0.0696 -0.1331 0.9887
vn 0.3133 -0.0159 0.9495
vn 0.3919 -0.7272 0.5635
vn 0.2723 0.0046 0.9622
vn 0.2174 0.0857 0.9723
vn 0.3133 -0.0159 0.9495
vn 0.7834 0.5304 0.3240
vn 0.9941 -0.0041 0.1081
vn 0.7482 0.6511 -0.1276
vn -0.0855 0.1603 -0.9834
vn -0.1162 0.1305 -0.9846
vn -0.0038 0.0038 -1.0000
vn -0.2551 -0.2007 -0.9459
vn -0.4729 -0.2460 -0.8461
vn -0.0004 -0.0001 -1.0000
vn -0.4147 -0.1445 -0.8984
vn -0.0681 -0.0370 -0.9970
vn -0.0006 -0.0001 -1.0000
vn -0.0038 0.0038 -1.0000
vn -0.0006 -0.0001 -1.0000
vn -0.0681 -0.0370 -0.9970
vn -0.0038 0.0038 -1.0000
vn -0.1113 -0.1146 -0.9872
vn -0.1175 -0.0866 -0.9893
vn -0.0004 -0.0001 -1.0000
vn -0.4873 -0.4845 -0.7265
vn -0.2551 -0.2007 -0.9459
vn 0.4325 0.4285 -0.7934
vn 0.4325 0.4285 -0.7934
vn 0.3891 0.0466 -0.9200
vn 0.3891 0.0466 -0.9200
vn 0.5046 0.3786 -0.7759
vn 0.0920 -0.0396 -0.9950
vn 0.4135 -0.0066 -0.9105
vn 0.4135 -0.0066 -0.9105
vn 0.5046 0.3786 -0.7759
vn -0.0681 -0.0370 -0.9970
vn -0.1113 -0.1146 -0.9872
vn -0.0038 0.0038 -1.0000
vn -0.0004 -0.0002 -1.0000
vn -0.1670 -0.2758 -0.9466
vn -0.1746 -0.2245 -0.9587
vn -0.1746 -0.2245 -0.9587
vn -0.0004 -0.0001 -1.0000
vn -0.0004 -0.0002 -1.0000
vn -0.1746 -0.2245 -0.9587
vn -0.4873 -0.4845 -0.7265
vn -0.0004 -0.0001 -1.0000
vn -0.0004 -0.0002 -1.0000
vn -0.0102 0.0079 -0.9999
vn -0.0407 -0.2409 -0.9697
vn -0.0407 -0.2409 -0.9697
vn -0.1731 -0.4818 -0.8590
vn -0.0004 -0.0002 -1.0000
vn 0.0331 -0.0274 -0.9991
vn 0.0040 -0.0065 -1.0000
vn -0.0283 -0.0004 -0.9996
vn 0.5835 -0.7475 -0.3174
vn 0.5320 -0.8383 -0.1192
vn -0.2885 -0.5552 -0.7801
vn -0.0767 -0.7469 -0.6605
vn -0.0830 -0.1786 -0.9804
vn -0.0038 0.0038 -1.0000
vn -0.0007 0.0002 -1.0000
vn -0.0038 0.0038 -1.0000
vn -0.0830 -0.1786 -0.9804
vn -0.0830 -0.1786 -0.9804
vn -0.3869 0.1336 -0.9124
vn -0.0007 0.0002 -1.0000
vn -0.1410 -0.3182 -0.9375
vn -0.1670 -0.2758 -0.9466
vn -0.0004 -0.0002 -1.0000
vn -0.1731 -0.4818 -0.8590
vn -0.1410 -0.3182 -0.9375
vn -0.0004 -0.0002 -1.0000
vn -0.0422 -0.5014 -0.8642
vn -0.0407 -0.2409 -0.9697
vn -0.0102 0.0079 -0.9999
vn 0.0017 -0.0047 -1.0000
vn 0.0017 -0.0047 -1.0000
vn -0.0283 -0.0004 -0.9996
vn 0.0005 -0.0036 -1.0000
vn 0.0122 -0.2393 -0.9709
vn -0.0283 -0.0004 -0.9996
vn -0.0102 0.0079 -0.9999
vn -0.0283 -0.0004 -0.9996
vn 0.0122 -0.2393 -0.9709
vn 0.0122 -0.2393 -0.9709
vn -0.0422 -0.5014 -0.8642
vn -0.0102 0.0079 -0.9999
vn -0.8667 0.3238 -0.3793
vn -0.8667 0.3238 -0.3793
vn -0.8667 0.3238 -0.3793
vn 0.4012 -0.2253 -0.8878
vn 0.1282 -0.0825 -0.9883
vn -0.0283 -0.0004 -0.9996
vn 0.5046 0.3786 -0.7759
vn 0.4898 0.0412 -0.8709
vn 0.4898 0.0412 -0.8709
vn 0.0648 0.1140 -0.9914
vn 0.0648 0.1140 -0.9914
vn 0.5046 0.3786 -0.7759
vn 0.0069 0.0535 -0.9985
vn 0.5046 0.3786 -0.7759
vn 0.1002 0.5016 -0.8592
vn -0.0004 -0.0001 -1.0000
vn -0.4729 -0.2460 -0.8461
vn -0.2679 -0.1180 -0.9562
vn -0.2679 -0.1180 -0.9562
vn -0.0006 -0.0001 -1.0000
vn -0.0004 -0.0001 -1.0000
vn -0.2679 -0.1180 -0.9562
vn -0.4147 -0.1445 -0.8984
vn -0.0006 -0.0001 -1.0000
vn 0.0000 0.0000 -1.0000
vn 0.0000 0.0000 -1.0000
vn 0.0000 0.0000 -1.0000
vn 0.0000 0.0000 -1.0000
vn 0.0000 0.0000 -1.0000
vn 0.0000 0.0000 -1.0000
vn 0.0000 0.0000 -1.0000
vn 0.0000 0.0000 -1.0000
vn 0.0000 0.0000 -1.0000
vn 0.0016 0.0273 -0.9996
vn 0.1158 0.4505 -0.8852
vn 0.0321 0.6220 -0.7823
vn 0.0016 0.0273 -0.9996
vn -0.2949 -0.2477 -0.9229
vn -0.0585 0.3643 -0.9294
vn -0.0585 0.3643 -0.9294
vn 0.0007 0.0020 -1.0000
vn 0.0016 0.0273 -0.9996
vn -0.0022 -0.0021 -1.0000
vn -0.2120 0.5424 -0.8130
vn -0.0495 0.2203 -0.9742
vn 0.0016 0.0273 -0.9996
vn -0.0022 -0.0021 -1.0000
vn -0.0495 0.2203 -0.9742
vn -0.0495 0.2203 -0.9742
vn 0.1158 0.4505 -0.8852
vn 0.0016 0.0273 -0.9996
vn -0.1409 0.2938 -0.9454
vn -0.2120 0.5424 -0.8130
vn -0.0022 -0.0021 -1.0000
vn -0.0007 0.0002 -1.0000
vn -0.3869 0.1336 -0.9124
vn -0.3928 0.1717 -0.9035
vn -0.0004 0.0001 -1.0000
vn -0.0007 0.0002 -1.0000
vn -0.3928 0.1717 -0.9035
vn -0.3928 0.1717 -0.9035
vn -0.4180 0.2547 -0.8720
vn -0.0004 0.0001 -1.0000
vn -0.0038 0.0038 -1.0000
vn -0.1175 -0.0866 -0.9893
vn -0.0855 0.1603 -0.9834
vn 0.1282 -0.0825 -0.9883
vn 0.0331 -0.0274 -0.9991
vn -0.0283 -0.0004 -0.9996
vn 0.0331 -0.0274 -0.9991
vn 0.1282 -0.0825 -0.9883
vn 0.4339 -0.3406 -0.8341
vn 0.0000 0.0000 -1.0000
vn 0.0000 0.0000 -1.0000
vn 0.0000 0.0000 -1.0000
vn 0.0000 0.0000 -1.0000
vn 0.0000 0.0000 -1.0000
vn 0.0000 0.0000 -1.0000
vn 0.0000 0.0000 -1.0000
vn 0.0000 0.0000 -1.0000
vn 0.0000 0.0000 -1.0000
vn 0.0000 -0.0000 -1.0000
vn 0.0000 -0.0000 -1.0000
vn 0.0000 -0.0000 -1.0000
vn -0.0022 -0.0021 -1.0000
vn -0.3053 0.4677 -0.8295
vn -0.1409 0.2938 -0.9454
vn -0.0000 0.0000 -1.0000
vn -0.0000 0.0000 -1.0000
vn -0.0000 0.0000 -1.0000
vn 0.0000 0.0000 -1.0000
vn 0.4339 -0.3406 -0.8341
vn 0.0000 0.0000 -1.0000
vn 0.4339 -0.3406 -0.8341
vn -0.0305 0.0152 -0.9994
vn -0.0305 0.0152 -0.9994
vn -0.0000 -0.0000 -1.0000
vn -0.0000 -0.0000 -1.0000
vn -0.0000 -0.0000 -1.0000
vn -0.2263 -0.1674 -0.9596
vn -0.2263 -0.1674 -0.9596
vn -0.2263 -0.1674 -0.9596
vn 0.0015 0.0026 -1.0000
vn 0.3478 0.5845 -0.7330
vn 0.0016 0.0273 -0.9996
vn -0.1115 -0.0687 -0.9914
vn 0.0016 0.0273 -0.9996
vn 0.3478 0.5845 -0.7330
vn 0.3478 0.5845 -0.7330
vn 0.0000 0.0000 -1.0000
vn -0.1115 -0.0687 -0.9914
vn -0.8064 -0.5412 -0.2385
vn -0.8064 -0.5412 -0.2385
vn -0.8064 -0.5412 -0.2385
vn -0.2839 0.2388 -0.9286
vn 0.4759 0.6191 -0.6247
vn 0.1926 0.1383 -0.9715
vn -0.0022 0.0462 -0.9989
vn 0.1002 0.5016 -0.8592
vn -0.2839 0.2388 -0.9286
vn -0.0005 0.0002 -1.0000
vn -0.3822 0.3662 -0.8484
vn -0.1889 0.2366 -0.9531
vn -0.0022 -0.0021 -1.0000
vn -0.0005 0.0002 -1.0000
vn -0.1889 0.2366 -0.9531
vn -0.1889 0.2366 -0.9531
vn -0.3053 0.4677 -0.8295
vn -0.0022 -0.0021 -1.0000
vn -0.0004 0.0001 -1.0000
vn -0.4180 0.2547 -0.8720
vn -0.3989 0.2868 -0.8710
vn -0.3989 0.2868 -0.8710
vn -0.2312 0.1908 -0.9540
vn -0.0004 0.0001 -1.0000
vn -0.0005 0.0002 -1.0000
vn -0.0004 0.0001 -1.0000
vn -0.2312 0.1908 -0.9540
vn -0.2312 0.1908 -0.9540
vn -0.3822 0.3662 -0.8484
vn -0.0005 0.0002 -1.0000
vn 0.0548 -0.0398 -0.9977
vn 0.0331 -0.0274 -0.9991
vn 0.4339 -0.3406 -0.8341
vn 0.0000 0.0000 -1.0000
vn 0.0000 0.0000 -1.0000
vn 0.0000 0.0000 -1.0000
vn 0.5320 -0.8383 -0.1192
vn 0.5835 -0.7475 -0.3174
vn 0.5772 -0.7333 0.3594
vn 0.3919 -0.7272 0.5635
vn 0.5320 -0.8383 -0.1192
vn 0.5772 -0.7333 0.3594
vn 0.9941 -0.0041 0.1081
vn 0.7834 0.5304 0.3240
vn 0.9618 -0.0187 0.2730
vn 0.5835 -0.7475 -0.3174
vn 0.9941 -0.0041 0.1081
vn 0.5772 -0.7333 0.3594
vn 0.9941 -0.0041 0.1081
vn 0.9618 -0.0187 0.2730
vn 0.5772 -0.7333 0.3594
vn 0.7834 0.5304 0.3240
vn 0.9793 -0.0199 0.2013
vn 0.5772 -0.7333 0.3594
vn 0.5772 -0.7333 0.3594
vn 0.9618 -0.0187 0.2730
vn 0.7834 0.5304 0.3240
vn 0.2723 0.0046 0.9622
vn 0.3133 -0.0159 0.9495
vn 0.1257 -0.0960 0.9874
vn -0.6540 0.7237 0.2205
vn -0.6540 0.7237 0.2205
vn -0.6540 0.7237 0.2205
vn -0.0022 -0.0021 -1.0000
vn 0.0016 0.0273 -0.9996
vn -0.9813 -0.1391 -0.1332
vn -0.9813 -0.1391 -0.1332
vn -0.0005 0.0002 -1.0000
vn -0.0022 -0.0021 -1.0000
vn -0.9813 -0.1391 -0.1332
vn -0.8865 0.2455 -0.3922
vn -0.8865 0.2455 -0.3922
vn -0.9813 -0.1391 -0.1332
vn -0.9797 0.1603 -0.1205
vn -0.9797 0.1603 -0.1205
vn -0.9813 -0.1391 -0.1332
vn -0.9937 0.0545 0.0977
vn -0.9937 0.0545 0.0977
vn -0.9813 -0.1391 -0.1332
vn -0.9723 -0.0533 0.2274
vn -0.9723 -0.0533 0.2274
vn -0.9813 -0.1391 -0.1332
vn -0.9454 -0.1745 0.2753
vn -0.9454 -0.1745 0.2753
vn -0.9813 -0.1391 -0.1332
vn -0.9211 -0.3751 0.1039
vn -0.9211 -0.3751 0.1039
vn -0.9813 -0.1391 -0.1332
vn -0.7882 -0.5138 -0.3387
vn -0.7882 -0.5138 -0.3387
vn -0.9813 -0.1391 -0.1332
vn -0.0283 -0.0004 -0.9996
vn -0.0102 0.0079 -0.9999
vn 0.2250 -0.0620 0.9724
vn 0.2250 -0.0620 0.9724
vn 0.2250 -0.0620 0.9724
vn -0.2839 0.2388 -0.9286
vn -0.4824 0.2647 -0.8350
vn 0.0016 0.0273 -0.9996
vn -0.0346 0.0300 -0.9990
vn -0.0346 0.0300 -0.9990
vn -0.0346 0.0300 -0.9990
vn 0.9812 -0.1576 0.1111
vn 0.6971 -0.6524 -0.2972
vn 0.4618 -0.8860 -0.0411
vn 0.5541 -0.6065 -0.5703
vn 0.4618 -0.8860 -0.0411
vn 0.3891 0.0466 -0.9200
vn -0.3086 0.9452 -0.1067
vn -0.3086 0.9452 -0.1067
vn -0.3086 0.9452 -0.1067
vn -0.8926 0.3941 0.2187
vn -0.9813 -0.1391 -0.1332
vn -0.8926 0.3941 0.2187
vn -0.9813 -0.1391 -0.1332
vn -0.8613 -0.4009 -0.3121
vn -0.2885 -0.5552 -0.7801
vn -0.8165 -0.5749 0.0539
vn -0.8165 -0.5749 0.0539
vn -0.9813 -0.1391 -0.1332
vn 0.3662 -0.9286 0.0604
vn 0.4618 -0.8860 -0.0411
vn 0.3662 -0.9286 0.0604
vn 0.7547 -0.6551 0.0343
vn 0.7300 -0.6824 0.0366
vn 0.4618 -0.8860 -0.0411
vn 0.6800 -0.7310 0.0573
vn 0.9812 -0.1576 0.1111
vn 0.7300 -0.6824 0.0366
vn 0.9843 -0.0871 -0.1533
vn 0.9843 -0.0871 -0.1533
vn 0.9812 -0.1576 0.1111
vn 0.8966 -0.3930 0.2042
vn 0.8966 -0.3930 0.2042
vn 0.9784 -0.0406 -0.2028
vn 0.5046 0.3786 -0.7759
vn 0.9784 -0.0406 -0.2028
vn 0.9548 0.2578 -0.1481
vn -0.0818 0.9802 0.1806
vn -0.0818 0.9802 0.1806
vn -0.0818 0.9802 0.1806
vn 0.3595 0.7525 -0.5518
vn 0.1002 0.5016 -0.8592
vn 0.5046 0.3786 -0.7759
vn 0.2255 0.6277 -0.7451
vn 0.0496 -0.0079 -0.9987
vn 0.3053 -0.4823 -0.8211
vn -0.4906 0.3910 -0.7788
vn 0.2255 0.6277 -0.7451
vn 0.3053 -0.4823 -0.8211
vn -0.2885 -0.5552 -0.7801
vn -0.4906 0.3910 -0.7788
vn 0.3053 -0.4823 -0.8211
f 394//1 470//2 462//3
f 394//4 476//5 470//6
f 394//7 444//8 434//9
f 394//10 452//11 444//12
f 394//13 462//14 452//15
f 394//16 415//17 404//18
f 394//19 426//20 415//21
f 394//22 434//23 426//24
f 394//25 380//26 370//27
f 394//28 395//29 380//30
f 394//31 404//32 395//33
f 394//34 350//35 341//36
f 394//37 360//38 350//39
f 394//40 370//41 360//42
f 394//43 321//44 313//45
f 394//46 331//47 321//48
f 394//49 341//50 331//51
f 394//52 314//53 322//54
f 394//55 307//56 314//57
f 394//58 313//59 307//60
f 394//61 342//62 351//63
f 394//64 332//65 342//66
f 394//67 322//68 332//69
f 394//70 371//71 381//72
f 394//73 361//74 371//75
f 394//76 351//77 361//78
f 394//79 405//80 416//81
f 394//82 396//83 405//84
f 394//85 381//86 396//87
f 394//88 435//89 445//90
f 394//91 427//92 435//93
f 394//94 416//95 427//96
f 394//97 463//98 471//99
f 394//100 453//101 463//102
f 394//103 445//104 453//105
f 394//106 471//107 476//108
f 315//109 308//110 307//111
f 307//112 313//113 315//114
f 323//115 315//116 313//117
f 313//118 321//119 323//120
f 333//121 323//122 321//123
f 321//124 331//125 333//126
f 343//127 333//128 331//129
f 331//130 341//131 343//132
f 352//133 343//134 341//135
f 341//136 350//137 352//138
f 362//139 352//140 350//141
f 350//142 360//143 362//144
f 372//145 362//146 360//147
f 360//148 370//149 372//150
f 382//151 372//152 370//153
f 370//154 380//155 382//156
f 397//157 382//158 380//159
f 380//160 395//161 397//162
f 406//163 397//164 395//165
f 395//166 404//167 406//168
f 417//169 406//170 404//171
f 404//172 415//173 417//174
f 428//175 417//176 415//177
f 415//178 426//179 428//180
f 436//181 428//182 426//183
f 426//184 434//185 436//186
f 446//187 436//188 434//189
f 434//190 444//191 446//192
f 454//193 446//194 444//195
f 444//196 452//197 454//198
f 464//199 454//200 452//201
f 452//202 462//203 464//204
f 472//205 464//206 462//207
f 462//208 470//209 472//210
f 477//211 472//212 470//213
f 470//214 476//215 477//216
f 473//217 477//218 476//219
f 476//220 471//221 473//222
f 465//223 473//224 471//225
f 471//226 463//227 465//228
f 455//229 465//230 463//231
f 463//232 453//233 455//234
f 447//235 455//236 453//237
f 453//238 445//239 447//240
f 437//241 447//242 445//243
f 445//244 435//245 437//246
f 429//247 437//248 435//249
f 435//250 427//251 429//252
f 418//253 429//254 427//255
f 427//256 416//257 418//258
f 407//259 418//260 416//261
f 416//262 405//263 407//264
f 398//265 407//266 405//267
f 405//268 396//269 398//270
f 383//271 398//272 396//273
f 396//274 381//275 383//276
f 373//277 383//278 381//279
f 381//280 371//281 373//282
f 363//283 373//284 371//285
f 371//286 361//287 363//288
f 353//289 363//290 361//291
f 361//292 351//293 353//294
f 344//295 353//296 351//297
f 351//298 342//299 344//300
f 334//301 344//302 342//303
f 342//304 332//305 334//306
f 324//307 334//308 332//309
f 332//310 322//311 324//312
f 316//313 324//314 322//315
f 322//316 314//317 316//318
f 308//319 316//320 314//321
f 314//322 307//323 308//324
f 621//325 631//326 623//327
f 407//328 398//329 254//330
f 382//331 397//332 374//333
f 642//334 653//335 728//336
f 623//337 631//338 642//339
f 643//340 632//341 546//342
f 333//343 343//344 245//345
f 352//346 362//347 267//348
f 382//349 374//350 267//351
f 372//352 382//353 267//354
f 728//355 623//356 642//357
f 728//358 653//359 661//360
f 700//361 692//362 758//363
f 397//364 406//365 374//366
f 568//367 447//368 437//369
f 437//370 429//371 568//372
f 568//373 429//374 418//375
f 568//376 418//377 407//378
f 243//379 316//380 308//381
f 245//382 323//383 333//384
f 267//385 245//386 352//387
f 343//388 352//389 245//390
f 362//391 372//392 267//393
f 661//394 671//395 728//396
f 753//397 682//398 691//399
f 692//400 732//401 758//402
f 732//403 672//404 662//405
f 654//406 643//407 546//408
f 546//409 662//410 654//411
f 546//412 732//413 662//414
f 632//415 622//416 546//417
f 546//418 622//419 614//420
f 514//421 546//422 614//423
f 585//424 577//425 399//426
f 406//427 417//428 481//429
f 406//430 481//431 374//432
f 417//433 428//434 481//435
f 254//436 398//437 383//438
f 254//439 383//440 373//441
f 254//442 373//443 363//444
f 308//445 315//446 243//447
f 323//448 245//449 243//450
f 243//451 315//452 323//453
f 753//454 691//455 699//456
f 753//457 699//458 708//459
f 753//460 708//461 718//462
f 692//463 683//464 732//465
f 732//466 683//467 672//468
f 614//469 605//470 514//471
f 514//472 605//473 594//474
f 594//475 585//476 514//477
f 585//478 498//479 514//480
f 399//481 498//482 585//483
f 446//484 454//485 529//486
f 584//487 454//488 464//489
f 464//490 472//491 584//492
f 576//493 584//494 472//495
f 584//496 593//497 538//498
f 623//499 538//500 621//501
f 538//502 613//503 621//504
f 604//505 613//506 538//507
f 538//508 593//509 604//510
f 243//511 324//512 316//513
f 243//514 248//515 324//516
f 753//517 728//518 682//519
f 728//520 671//521 682//522
f 709//523 700//524 758//525
f 568//526 227//527 399//528
f 577//529 568//530 399//531
f 538//532 454//533 584//534
f 454//535 538//536 529//537
f 568//538 473//539 465//540
f 465//541 455//542 568//543
f 568//544 455//545 447//546
f 363//547 353//548 254//549
f 254//550 353//551 344//552
f 344//553 334//554 254//555
f 334//556 248//557 254//558
f 248//559 334//560 324//561
f 446//562 529//563 504//564
f 436//565 446//566 504//567
f 436//568 504//569 499//570
f 723//571 758//572 753//573
f 718//574 723//575 753//576
f 758//577 719//578 709//579
f 407//580 254//581 568//582
f 568//583 254//584 227//585
f 428//586 436//587 499//588
f 428//589 499//590 481//591
f 723//592 719//593 758//594
f 477//595 473//596 568//597
f 568//598 560//599 477//600
f 472//601 477//602 560//603
f 560//604 567//605 472//606
f 567//607 576//608 472//609
f 510//610 546//611 514//612
f 254//613 248//614 227//615
f 481//616 499//617 556//618
f 529//619 556//620 504//621
f 529//622 538//623 623//624
f 248//625 243//626 227//627
f 498//628 510//629 514//630
f 227//631 510//632 498//633
f 498//634 399//635 227//636
f 546//637 510//638 732//639
f 753//640 758//641 729//642
f 729//643 728//644 753//645
f 729//646 623//647 728//648
f 374//649 481//650 556//651
f 499//652 504//653 556//654
f 623//655 556//656 529//657
f 729//658 556//659 623//660
f 260//661 374//662 556//663
f 260//664 243//665 245//666
f 245//667 267//668 260//669
f 267//670 374//671 260//672
f 567//673 560//674 559//675
f 559//676 565//677 567//678
f 576//679 567//680 565//681
f 565//682 574//683 576//684
f 584//685 576//686 574//687
f 574//688 582//689 584//690
f 593//691 584//692 582//693
f 582//694 591//695 593//696
f 604//697 593//698 591//699
f 591//700 602//701 604//702
f 613//703 604//704 602//705
f 602//706 611//707 613//708
f 621//709 613//710 611//711
f 611//712 619//713 621//714
f 631//715 621//716 619//717
f 619//718 629//719 631//720
f 642//721 631//722 629//723
f 629//724 640//725 642//726
f 653//727 642//728 640//729
f 640//730 651//731 653//732
f 661//733 653//734 651//735
f 651//736 659//737 661//738
f 671//739 661//740 659//741
f 659//742 669//743 671//744
f 682//745 671//746 669//747
f 669//748 680//749 682//750
f 691//751 682//752 680//753
f 680//754 689//755 691//756
f 699//757 691//758 689//759
f 689//760 697//761 699//762
f 708//763 699//764 697//765
f 697//766 706//767 708//768
f 718//769 708//770 706//771
f 706//772 716//773 718//774
f 723//775 718//776 716//777
f 716//778 722//779 723//780
f 719//781 723//782 722//783
f 722//784 717//785 719//786
f 709//787 719//788 717//789
f 717//790 707//791 709//792
f 700//793 709//794 707//795
f 707//796 698//797 700//798
f 692//799 700//800 698//801
f 698//802 690//803 692//804
f 683//805 692//806 690//807
f 690//808 681//809 683//810
f 672//811 683//812 681//813
f 681//814 670//815 672//816
f 662//817 672//818 670//819
f 670//820 660//821 662//822
f 654//823 662//824 660//825
f 660//826 652//827 654//828
f 643//829 654//830 652//831
f 652//832 641//833 643//834
f 632//835 643//836 641//837
f 641//838 630//839 632//840
f 622//841 632//842 630//843
f 630//844 620//845 622//846
f 614//847 622//848 620//849
f 620//850 612//851 614//852
f 605//853 614//854 612//855
f 612//856 603//857 605//858
f 594//859 605//860 603//861
f 603//862 592//863 594//864
f 585//865 594//866 592//867
f 592//868 583//869 585//870
f 577//871 585//872 583//873
f 583//874 575//875 577//876
f 568//877 577//878 575//879
f 575//880 566//881 568//882
f 560//883 568//884 566//885
f 566//886 559//887 560//888
f 639//889 716//890 706//891
f 639//892 722//893 716//894
f 639//895 689//896 680//897
f 639//898 697//899 689//900
f 639//901 706//902 697//903
f 639//904 659//905 651//906
f 639//907 669//908 659//909
f 639//910 680//911 669//912
f 639//913 629//914 619//915
f 639//916 640//917 629//918
f 639//919 651//920 640//921
f 639//922 602//923 591//924
f 639//925 611//926 602//927
f 639//928 619//929 611//930
f 639//931 574//932 565//933
f 639//934 582//935 574//936
f 639//937 591//938 582//939
f 639//940 566//941 575//942
f 639//943 559//944 566//945
f 639//946 565//947 559//948
f 639//949 592//950 603//951
f 639//952 583//953 592//954
f 639//955 575//956 583//957
f 639//958 620//959 630//960
f 639//961 612//962 620//963
f 639//964 603//965 612//966
f 639//967 652//968 660//969
f 639//970 641//971 652//972
f 639//973 630//974 641//975
f 639//976 681//977 690//978
f 639//979 670//980 681//981
f 639//982 660//983 670//984
f 639//985 707//986 717//987
f 639//988 698//989 707//990
f 639//991 690//992 698//993
f 639//994 717//995 722//996
f 942//997 900//998 813//999
f 732//1000 900//1001 786//1002
f 900//1003 732//1004 510//1005
f 965//1006 900//1007 942//1008
f 900//1009 965//1010 950//1011
f 900//1012 304//1013 236//1014
f 900//1015 510//1016 304//1017
f 304//1018 510//1019 227//1020
f 236//1021 204//1022 98//1023
f 93//1024 98//1025 204//1026
f 212//1027 93//1028 204//1029
f 236//1030 227//1031 204//1032
f 304//1033 227//1034 236//1035
f 204//1036 227//1037 243//1038
f 134//1039 130//1040 860//1041
f 134//1042 860//1043 900//1044
f 900//1045 236//1046 134//1047
f 855//1048 857//1049 130//1050
f 855//1051 130//1052 144//1053
f 144//1054 852//1055 855//1056
f 130//1057 857//1058 860//1059
f 98//1060 190//1061 811//1062
f 811//1063 813//1064 191//1065
f 191//1066 98//1067 811//1068
f 852//1069 144//1070 191//1071
f 813//1072 852//1073 191//1074
f 190//1075 186//1076 815//1077
f 815//1078 811//1079 190//1080
f 859//1081 186//1082 147//1083
f 186//1084 859//1085 854//1086
f 854//1087 815//1088 186//1089
f 866//1090 859//1091 147//1092
f 147//1093 138//1094 866//1095
f 862//1096 138//1097 137//1098
f 138//1099 862//1100 866//1101
f 132//1102 126//1103 865//1104
f 865//1105 869//1106 132//1107
f 133//1108 132//1109 869//1110
f 869//1111 862//1112 133//1113
f 137//1114 133//1115 862//1116
f 126//1117 131//1118 872//1119
f 872//1120 868//1121 126//1122
f 868//1123 865//1124 126//1125
f 872//1126 131//1127 124//1128
f 875//1129 872//1130 124//1131
f 124//1132 121//1133 875//1134
f 117//1135 878//1136 877//1137
f 877//1138 875//1139 117//1140
f 116//1141 117//1142 875//1143
f 875//1144 121//1145 116//1146
f 878//1147 117//1148 125//1149
f 125//1150 136//1151 878//1152
f 889//1153 878//1154 136//1155
f 136//1156 184//1157 851//1158
f 851//1159 889//1160 136//1161
f 184//1162 115//1163 849//1164
f 849//1165 850//1166 184//1167
f 850//1168 851//1169 184//1170
f 115//1171 183//1172 849//1173
f 848//1174 849//1175 183//1176
f 183//1177 182//1178 848//1179
f 847//1180 848//1181 182//1182
f 182//1183 181//1184 847//1185
f 847//1186 181//1187 180//1188
f 180//1189 846//1190 847//1191
f 180//1192 179//1193 846//1194
f 845//1195 846//1196 179//1197
f 845//1198 179//1199 178//1200
f 844//1201 845//1202 178//1203
f 178//1204 146//1205 844//1206
f 844//1207 146//1208 177//1209
f 177//1210 843//1211 844//1212
f 177//1213 176//1214 843//1215
f 842//1216 843//1217 176//1218
f 842//1219 176//1220 105//1221
f 842//1222 105//1223 175//1224
f 175//1225 841//1226 842//1227
f 840//1228 841//1229 175//1230
f 175//1231 174//1232 840//1233
f 839//1234 840//1235 174//1236
f 174//1237 173//1238 839//1239
f 838//1240 839//1241 173//1242
f 173//1243 172//1244 838//1245
f 838//1246 172//1247 171//1248
f 171//1249 837//1250 838//1251
f 171//1252 170//1253 837//1254
f 836//1255 837//1256 170//1257
f 170//1258 169//1259 836//1260
f 835//1261 836//1262 169//1263
f 169//1264 168//1265 835//1266
f 834//1267 835//1268 168//1269
f 168//1270 167//1271 834//1272
f 134//1273 236//1274 98//1275
f 108//1276 98//1277 93//1278
f 144//1279 130//1280 98//1281
f 130//1282 134//1283 98//1284
f 147//1285 186//1286 98//1287
f 98//1288 186//1289 190//1290
f 137//1291 138//1292 131//1293
f 131//1294 138//1295 147//1296
f 133//1297 137//1298 131//1299
f 126//1300 132//1301 131//1302
f 125//1303 117//1304 116//1305
f 182//1306 183//1307 115//1308
f 115//1309 181//1310 182//1311
f 146//1312 179//1313 180//1314
f 178//1315 179//1316 146//1317
f 176//1318 177//1319 146//1320
f 173//1321 174//1322 105//1323
f 105//1324 172//1325 173//1326
f 172//1327 105//1328 109//1329
f 109//1330 171//1331 172//1332
f 170//1333 171//1334 109//1335
f 109//1336 169//1337 170//1338
f 105//1339 174//1340 175//1341
f 167//1342 168//1343 109//1344
f 109//1345 168//1346 169//1347
f 176//1348 146//1349 105//1350
f 115//1351 105//1352 146//1353
f 105//1354 108//1355 109//1356
f 136//1357 125//1358 116//1359
f 131//1360 116//1361 121//1362
f 121//1363 124//1364 131//1365
f 146//1366 180//1367 181//1368
f 181//1369 115//1370 146//1371
f 131//1372 108//1373 115//1374
f 115//1375 116//1376 131//1377
f 116//1378 115//1379 136//1380
f 184//1381 136//1382 115//1383
f 115//1384 108//1385 105//1386
f 108//1387 91//1388 96//1389
f 104//1390 109//1391 108//1392
f 132//1393 133//1394 131//1395
f 98//1396 131//1397 147//1398
f 108//1399 131//1400 98//1401
f 73//1402 108//1403 93//1404
f 191//1405 144//1406 98//1407
f 82//1408 80//1409 79//1410
f 66//1411 75//1412 74//1413
f 75//1414 66//1415 79//1416
f 79//1417 76//1418 75//1419
f 49//1420 66//1421 73//1422
f 71//1423 73//1424 66//1425
f 82//1426 79//1427 66//1428
f 85//1429 238//1430 82//1431
f 78//1432 107//1433 67//1434
f 208//1435 223//1436 107//1437
f 107//1438 78//1439 208//1440
f 55//1441 63//1442 67//1443
f 72//1444 67//1445 63//1446
f 63//1447 55//1448 68//1449
f 55//1450 35//1451 40//1452
f 16//1453 27//1454 19//1455
f 27//1456 18//1457 34//1458
f 11//1459 18//1460 16//1461
f 18//1462 27//1463 16//1464
f 55//1465 40//1466 70//1467
f 148//1468 149//1469 112//1470
f 111//1471 164//1472 165//1473
f 111//1474 165//1475 166//1476
f 166//1477 114//1478 111//1479
f 162//1480 163//1481 111//1482
f 111//1483 163//1484 164//1485
f 112//1486 158//1487 159//1488
f 112//1489 159//1490 160//1491
f 111//1492 112//1493 160//1494
f 160//1495 161//1496 111//1497
f 111//1498 161//1499 162//1500
f 156//1501 157//1502 112//1503
f 112//1504 157//1505 158//1506
f 150//1507 151//1508 112//1509
f 112//1510 151//1511 152//1512
f 112//1513 152//1514 153//1515
f 112//1516 153//1517 154//1518
f 154//1519 155//1520 112//1521
f 112//1522 155//1523 156//1524
f 119//1525 123//1526 148//1527
f 141//1528 129//1529 119//1530
f 129//1531 122//1532 119//1533
f 127//1534 128//1535 119//1536
f 119//1537 128//1538 141//1539
f 140//1540 135//1541 119//1542
f 119//1543 135//1544 127//1545
f 189//1546 187//1547 143//1548
f 139//1549 188//1550 142//1551
f 92//1552 111//1553 100//1554
f 92//1555 112//1556 111//1557
f 112//1558 92//1559 119//1560
f 119//1561 122//1562 120//1563
f 55//1564 110//1565 92//1566
f 119//1567 92//1568 110//1569
f 110//1570 143//1571 119//1572
f 119//1573 143//1574 140//1575
f 185//1576 189//1577 143//1578
f 110//1579 139//1580 143//1581
f 143//1582 139//1583 185//1584
f 139//1585 145//1586 185//1587
f 112//1588 149//1589 150//1590
f 112//1591 119//1592 148//1593
f 118//1594 123//1595 119//1596
f 874//1597 876//1598 120//1599
f 867//1600 139//1601 142//1602
f 863//1603 867//1604 142//1605
f 863//1606 142//1607 188//1608
f 188//1609 249//1610 863//1611
f 145//1612 139//1613 867//1614
f 145//1615 867//1616 879//1617
f 879//1618 185//1619 145//1620
f 810//1621 812//1622 189//1623
f 189//1624 185//1625 814//1626
f 814//1627 810//1628 189//1629
f 185//1630 879//1631 814//1632
f 816//1633 140//1634 143//1635
f 143//1636 187//1637 816//1638
f 812//1639 816//1640 187//1641
f 187//1642 189//1643 812//1644
f 870//1645 127//1646 135//1647
f 901//1648 870//1649 135//1650
f 140//1651 816//1652 853//1653
f 135//1654 140//1655 853//1656
f 853//1657 901//1658 135//1659
f 861//1660 892//1661 122//1662
f 122//1663 129//1664 861//1665
f 861//1666 129//1667 141//1668
f 864//1669 861//1670 141//1671
f 141//1672 128//1673 864//1674
f 870//1675 864//1676 128//1677
f 128//1678 127//1679 870//1680
f 876//1681 118//1682 119//1683
f 119//1684 120//1685 876//1686
f 122//1687 892//1688 871//1689
f 120//1690 122//1691 871//1692
f 871//1693 874//1694 120//1695
f 118//1696 876//1697 873//1698
f 873//1699 858//1700 118//1701
f 123//1702 118//1703 858//1704
f 148//1705 123//1706 858//1707
f 858//1708 856//1709 148//1710
f 150//1711 149//1712 856//1713
f 149//1714 148//1715 856//1716
f 833//1717 911//1718 166//1719
f 166//1720 165//1721 833//1722
f 832//1723 833//1724 165//1725
f 165//1726 164//1727 832//1728
f 831//1729 832//1730 164//1731
f 164//1732 163//1733 831//1734
f 830//1735 831//1736 163//1737
f 163//1738 162//1739 830//1740
f 829//1741 830//1742 162//1743
f 162//1744 161//1745 829//1746
f 828//1747 829//1748 161//1749
f 161//1750 160//1751 828//1752
f 827//1753 828//1754 160//1755
f 160//1756 159//1757 827//1758
f 826//1759 827//1760 159//1761
f 159//1762 158//1763 826//1764
f 825//1765 826//1766 158//1767
f 158//1768 157//1769 825//1770
f 824//1771 825//1772 157//1773
f 157//1774 156//1775 824//1776
f 823//1777 824//1778 156//1779
f 156//1780 155//1781 823//1782
f 822//1783 823//1784 155//1785
f 155//1786 154//1787 822//1788
f 821//1789 822//1790 154//1791
f 154//1792 153//1793 821//1794
f 820//1795 821//1796 153//1797
f 153//1798 152//1799 820//1800
f 819//1801 820//1802 152//1803
f 152//1804 151//1805 819//1806
f 818//1807 819//1808 151//1809
f 151//1810 150//1811 818//1812
f 817//1813 818//1814 150//1815
f 150//1816 856//1817 817//1818
f 249//1819 188//1820 194//1821
f 194//1822 139//1823 110//1824
f 139//1825 194//1826 188//1827
f 207//1828 249//1829 194//1830
f 110//1831 88//1832 87//1833
f 70//1834 87//1835 88//1836
f 194//1837 110//1838 207//1839
f 55//1840 88//1841 110//1842
f 255//1843 207//1844 87//1845
f 255//1846 385//1847 207//1848
f 70//1849 88//1850 55//1851
f 207//1852 110//1853 87//1854
f 385//1855 255//1856 335//1857
f 335//1858 255//1859 244//1860
f 385//1861 335//1862 457//1863
f 385//1864 457//1865 500//1866
f 511//1867 530//1868 500//1869
f 530//1870 385//1871 500//1872
f 530//1873 674//1874 385//1875
f 511//1876 524//1877 539//1878
f 530//1879 597//1880 674//1881
f 597//1882 530//1883 511//1884
f 597//1885 511//1886 539//1887
f 539//1888 553//1889 597//1890
f 766//1891 385//1892 674//1893
f 255//1894 247//1895 244//1896
f 247//1897 255//1898 250//1899
f 247//1900 250//1901 259//1902
f 438//1903 259//1904 250//1905
f 501//1906 486//1907 438//1908
f 518//1909 501//1910 502//1911
f 535//1912 518//1913 502//1914
f 502//1915 501//1916 438//1917
f 478//1918 438//1919 250//1920
f 478//1921 502//1922 438//1923
f 754//1924 756//1925 736//1926
f 733//1927 756//1928 754//1929
f 644//1930 738//1931 733//1932
f 738//1933 756//1934 733//1935
f 738//1936 502//1937 478//1938
f 738//1939 644//1940 502//1941
f 385//1942 766//1943 207//1944
f 956//1945 899//1946 935//1947
f 956//1948 249//1949 899//1950
f 793//1951 899//1952 249//1953
f 249//1954 766//1955 793//1956
f 766//1957 249//1958 207//1959
f 756//1960 793//1961 766//1962
f 674//1963 756//1964 766//1965
f 674//1966 736//1967 756//1968
f 457//1969 390//1970 401//1971
f 401//1972 412//1973 457//1974
f 500//1975 457//1976 412//1977
f 656//1978 736//1979 674//1980
f 367//1981 377//1982 335//1983
f 412//1984 423//1985 500//1986
f 500//1987 423//1988 431//1989
f 511//1990 500//1991 431//1992
f 431//1993 441//1994 511//1995
f 441//1996 449//1997 511//1998
f 449//1999 524//2000 511//2001
f 626//2002 635//2003 674//2004
f 674//2005 597//2006 626//2007
f 616//2008 626//2009 597//2010
f 597//2011 553//2012 616//2013
f 608//2014 616//2015 553//2016
f 553//2017 539//2018 608//2019
f 599//2020 608//2021 539//2022
f 539//2023 524//2024 599//2025
f 588//2026 599//2027 524//2028
f 635//2029 648//2030 674//2031
f 648//2032 656//2033 674//2034
f 736//2035 694//2036 703//2037
f 713//2038 754//2039 736//2040
f 736//2041 703//2042 713//2043
f 411//2044 400//2045 438//2046
f 457//2047 335//2048 390//2049
f 377//2050 390//2051 335//2052
f 615//2053 607//2054 467//2055
f 467//2056 607//2057 598//2058
f 598//2059 587//2060 467//2061
f 587//2062 578//2063 467//2064
f 467//2065 578//2066 570//2067
f 666//2068 677//2069 736//2070
f 677//2071 686//2072 736//2073
f 686//2074 694//2075 736//2076
f 754//2077 702//2078 693//2079
f 693//2080 685//2081 754//2082
f 676//2083 665//2084 733//2085
f 389//2086 376//2087 259//2088
f 656//2089 666//2090 736//2091
f 685//2092 676//2093 733//2094
f 733//2095 754//2096 685//2097
f 467//2098 625//2099 615//2100
f 625//2101 467//2102 474//2103
f 625//2104 474//2105 466//2106
f 438//2107 400//2108 389//2109
f 754//2110 713//2111 720//2112
f 720//2113 712//2114 754//2115
f 754//2116 712//2117 702//2118
f 655//2119 647//2120 733//2121
f 458//2122 448//2123 535//2124
f 535//2125 502//2126 458//2127
f 458//2128 502//2129 644//2130
f 440//2131 430//2132 501//2133
f 389//2134 259//2135 438//2136
f 259//2137 376//2138 366//2139
f 570//2140 561//2141 467//2142
f 467//2143 561//2144 557//2145
f 459//2146 467//2147 557//2148
f 557//2149 562//2150 459//2151
f 562//2152 449//2153 459//2154
f 562//2155 571//2156 449//2157
f 524//2158 449//2159 571//2160
f 571//2161 579//2162 524//2163
f 524//2164 579//2165 588//2166
f 665//2167 655//2168 733//2169
f 625//2170 466//2171 458//2172
f 458//2173 644//2174 625//2175
f 644//2176 634//2177 625//2178
f 647//2179 634//2180 644//2181
f 644//2182 733//2183 647//2184
f 440//2185 501//2186 518//2187
f 448//2188 440//2189 518//2190
f 518//2191 535//2192 448//2193
f 366//2194 356//2195 259//2196
f 337//2197 247//2198 259//2199
f 259//2200 346//2201 337//2202
f 335//2203 338//2204 347//2205
f 347//2206 357//2207 335//2208
f 357//2209 367//2210 335//2211
f 247//2212 337//2213 327//2214
f 247//2215 327//2216 317//2217
f 247//2218 317//2219 309//2220
f 335//2221 328//2222 338//2223
f 259//2224 356//2225 346//2226
f 328//2227 335//2228 244//2229
f 318//2230 328//2231 244//2232
f 438//2233 486//2234 411//2235
f 486//2236 422//2237 411//2238
f 430//2239 422//2240 486//2241
f 486//2242 501//2243 430//2244
f 309//2245 305//2246 244//2247
f 244//2248 247//2249 309//2250
f 244//2251 310//2252 318//2253
f 305//2254 310//2255 244//2256
f 311//2257 306//2258 305//2259
f 305//2260 309//2261 311//2262
f 319//2263 311//2264 309//2265
f 309//2266 317//2267 319//2268
f 329//2269 319//2270 317//2271
f 317//2272 327//2273 329//2274
f 339//2275 329//2276 327//2277
f 327//2278 337//2279 339//2280
f 348//2281 339//2282 337//2283
f 337//2284 346//2285 348//2286
f 358//2287 348//2288 346//2289
f 346//2290 356//2291 358//2292
f 368//2293 358//2294 356//2295
f 356//2296 366//2297 368//2298
f 378//2299 368//2300 366//2301
f 366//2302 376//2303 378//2304
f 391//2305 378//2306 376//2307
f 376//2308 389//2309 391//2310
f 402//2311 391//2312 389//2313
f 389//2314 400//2315 402//2316
f 413//2317 402//2318 400//2319
f 400//2320 411//2321 413//2322
f 424//2323 413//2324 411//2325
f 411//2326 422//2327 424//2328
f 432//2329 424//2330 422//2331
f 422//2332 430//2333 432//2334
f 442//2335 432//2336 430//2337
f 430//2338 440//2339 442//2340
f 450//2341 442//2342 440//2343
f 440//2344 448//2345 450//2346
f 460//2347 450//2348 448//2349
f 448//2350 458//2351 460//2352
f 468//2353 460//2354 458//2355
f 458//2356 466//2357 468//2358
f 475//2359 468//2360 466//2361
f 466//2362 474//2363 475//2364
f 469//2365 475//2366 474//2367
f 474//2368 467//2369 469//2370
f 461//2371 469//2372 467//2373
f 467//2374 459//2375 461//2376
f 451//2377 461//2378 459//2379
f 459//2380 449//2381 451//2382
f 443//2383 451//2384 449//2385
f 449//2386 441//2387 443//2388
f 433//2389 443//2390 441//2391
f 441//2392 431//2393 433//2394
f 425//2395 433//2396 431//2397
f 431//2398 423//2399 425//2400
f 414//2401 425//2402 423//2403
f 423//2404 412//2405 414//2406
f 403//2407 414//2408 412//2409
f 412//2410 401//2411 403//2412
f 392//2413 403//2414 401//2415
f 401//2416 390//2417 392//2418
f 379//2419 392//2420 390//2421
f 390//2422 377//2423 379//2424
f 369//2425 379//2426 377//2427
f 377//2428 367//2429 369//2430
f 359//2431 369//2432 367//2433
f 367//2434 357//2435 359//2436
f 349//2437 359//2438 357//2439
f 357//2440 347//2441 349//2442
f 340//2443 349//2444 347//2445
f 347//2446 338//2447 340//2448
f 330//2449 340//2450 338//2451
f 338//2452 328//2453 330//2454
f 320//2455 330//2456 328//2457
f 328//2458 318//2459 320//2460
f 312//2461 320//2462 318//2463
f 318//2464 310//2465 312//2466
f 306//2467 312//2468 310//2469
f 310//2470 305//2471 306//2472
f 393//2473 311//2474 319//2475
f 393//2476 306//2477 311//2478
f 393//2479 339//2480 348//2481
f 393//2482 329//2483 339//2484
f 393//2485 319//2486 329//2487
f 393//2488 368//2489 378//2490
f 393//2491 358//2492 368//2493
f 393//2494 348//2495 358//2496
f 393//2497 402//2498 413//2499
f 393//2500 391//2501 402//2502
f 393//2503 378//2504 391//2505
f 393//2506 432//2507 442//2508
f 393//2509 424//2510 432//2511
f 393//2512 413//2513 424//2514
f 393//2515 460//2516 468//2517
f 393//2518 450//2519 460//2520
f 393//2521 442//2522 450//2523
f 393//2524 469//2525 461//2526
f 393//2527 475//2528 469//2529
f 393//2530 468//2531 475//2532
f 393//2533 443//2534 433//2535
f 393//2536 451//2537 443//2538
f 393//2539 461//2540 451//2541
f 393//2542 414//2543 403//2544
f 393//2545 425//2546 414//2547
f 393//2548 433//2549 425//2550
f 393//2551 379//2552 369//2553
f 393//2554 392//2555 379//2556
f 393//2557 403//2558 392//2559
f 393//2560 349//2561 340//2562
f 393//2563 359//2564 349//2565
f 393//2566 369//2567 359//2568
f 393//2569 320//2570 312//2571
f 393//2572 330//2573 320//2574
f 393//2575 340//2576 330//2577
f 393//2578 312//2579 306//2580
f 563//2581 558//2582 557//2583
f 557//2584 561//2585 563//2586
f 572//2587 563//2588 561//2589
f 561//2590 570//2591 572//2592
f 580//2593 572//2594 570//2595
f 570//2596 578//2597 580//2598
f 589//2599 580//2600 578//2601
f 578//2602 587//2603 589//2604
f 600//2605 589//2606 587//2607
f 587//2608 598//2609 600//2610
f 609//2611 600//2612 598//2613
f 598//2614 607//2615 609//2616
f 617//2617 609//2618 607//2619
f 607//2620 615//2621 617//2622
f 627//2623 617//2624 615//2625
f 615//2626 625//2627 627//2628
f 636//2629 627//2630 625//2631
f 625//2632 634//2633 636//2634
f 649//2635 636//2636 634//2637
f 634//2638 647//2639 649//2640
f 657//2641 649//2642 647//2643
f 647//2644 655//2645 657//2646
f 667//2647 657//2648 655//2649
f 655//2650 665//2651 667//2652
f 678//2653 667//2654 665//2655
f 665//2656 676//2657 678//2658
f 687//2659 678//2660 676//2661
f 676//2662 685//2663 687//2664
f 695//2665 687//2666 685//2667
f 685//2668 693//2669 695//2670
f 704//2671 695//2672 693//2673
f 693//2674 702//2675 704//2676
f 714//2677 704//2678 702//2679
f 702//2680 712//2681 714//2682
f 721//2683 714//2684 712//2685
f 712//2686 720//2687 721//2688
f 715//2689 721//2690 720//2691
f 720//2692 713//2693 715//2694
f 705//2695 715//2696 713//2697
f 713//2698 703//2699 705//2700
f 696//2701 705//2702 703//2703
f 703//2704 694//2705 696//2706
f 688//2707 696//2708 694//2709
f 694//2710 686//2711 688//2712
f 679//2713 688//2714 686//2715
f 686//2716 677//2717 679//2718
f 668//2719 679//2720 677//2721
f 677//2722 666//2723 668//2724
f 658//2725 668//2726 666//2727
f 666//2728 656//2729 658//2730
f 650//2731 658//2732 656//2733
f 656//2734 648//2735 650//2736
f 637//2737 650//2738 648//2739
f 648//2740 635//2741 637//2742
f 628//2743 637//2744 635//2745
f 635//2746 626//2747 628//2748
f 618//2749 628//2750 626//2751
f 626//2752 616//2753 618//2754
f 610//2755 618//2756 616//2757
f 616//2758 608//2759 610//2760
f 601//2761 610//2762 608//2763
f 608//2764 599//2765 601//2766
f 590//2767 601//2768 599//2769
f 599//2770 588//2771 590//2772
f 581//2773 590//2774 588//2775
f 588//2776 579//2777 581//2778
f 573//2779 581//2780 579//2781
f 579//2782 571//2783 573//2784
f 564//2785 573//2786 571//2787
f 571//2788 562//2789 564//2790
f 558//2791 564//2792 562//2793
f 562//2794 557//2795 558//2796
f 638//2797 563//2798 572//2799
f 638//2800 558//2801 563//2802
f 638//2803 589//2804 600//2805
f 638//2806 580//2807 589//2808
f 638//2809 572//2810 580//2811
f 638//2812 617//2813 627//2814
f 638//2815 609//2816 617//2817
f 638//2818 600//2819 609//2820
f 638//2821 649//2822 657//2823
f 638//2824 636//2825 649//2826
f 638//2827 627//2828 636//2829
f 638//2830 678//2831 687//2832
f 638//2833 667//2834 678//2835
f 638//2836 657//2837 667//2838
f 638//2839 704//2840 714//2841
f 638//2842 695//2843 704//2844
f 638//2845 687//2846 695//2847
f 638//2848 715//2849 705//2850
f 638//2851 721//2852 715//2853
f 638//2854 714//2855 721//2856
f 638//2857 688//2858 679//2859
f 638//2860 696//2861 688//2862
f 638//2863 705//2864 696//2865
f 638//2866 658//2867 650//2868
f 638//2869 668//2870 658//2871
f 638//2872 679//2873 668//2874
f 638//2875 628//2876 618//2877
f 638//2878 637//2879 628//2880
f 638//2881 650//2882 637//2883
f 638//2884 601//2885 590//2886
f 638//2887 610//2888 601//2889
f 638//2890 618//2891 610//2892
f 638//2893 573//2894 564//2895
f 638//2896 581//2897 573//2898
f 638//2899 590//2900 581//2901
f 638//2902 564//2903 558//2904
f 73//2905 71//2906 108//2907
f 916//2908 834//2909 747//2910
f 167//2911 482//2912 747//2913
f 834//2914 167//2915 747//2916
f 747//2917 958//2918 916//2919
f 238//2920 273//2921 82//2922
f 80//2923 82//2924 273//2925
f 273//2926 287//2927 80//2928
f 298//2929 302//2930 74//2931
f 74//2932 75//2933 298//2934
f 294//2935 298//2936 75//2937
f 75//2938 76//2939 294//2940
f 287//2941 294//2942 76//2943
f 76//2944 79//2945 287//2946
f 287//2947 79//2948 80//2949
f 71//2950 66//2951 388//2952
f 302//2953 388//2954 66//2955
f 302//2956 66//2957 74//2958
f 108//2959 96//2960 439//2961
f 480//2962 482//2963 167//2964
f 167//2965 109//2966 480//2967
f 421//2968 439//2969 96//2970
f 96//2971 91//2972 421//2973
f 388//2974 421//2975 91//2976
f 91//2977 71//2978 388//2979
f 71//2980 91//2981 108//2982
f 109//2983 104//2984 480//2985
f 439//2986 480//2987 104//2988
f 104//2989 108//2990 439//2991
f 238//2992 216//2993 261//2994
f 294//2995 287//2996 410//2997
f 287//2998 273//2999 410//3000
f 273//3001 238//3002 410//3003
f 388//3004 302//3005 410//3006
f 302//3007 298//3008 410//3009
f 410//3010 298//3011 294//3012
f 410//3013 517//3014 482//3015
f 482//3016 480//3017 410//3018
f 480//3019 439//3020 410//3021
f 439//3022 421//3023 410//3024
f 421//3025 388//3026 410//3027
f 517//3028 536//3029 482//3030
f 747//3031 482//3032 536//3033
f 747//3034 944//3035 958//3036
f 790//3037 747//3038 536//3039
f 409//3040 410//3041 238//3042
f 238//3043 261//3044 258//3045
f 409//3046 238//3047 258//3048
f 517//3049 730//3050 536//3051
f 944//3052 747//3053 790//3054
f 456//3055 410//3056 409//3057
f 536//3058 730//3059 785//3060
f 256//3061 258//3062 261//3063
f 785//3064 790//3065 536//3066
f 456//3067 517//3068 410//3069
f 944//3070 994//3071 1013//3072
f 272//3073 257//3074 261//3075
f 272//3076 261//3077 269//3078
f 269//3079 274//3080 272//3081
f 269//3082 266//3083 275//3084
f 269//3085 275//3086 274//3087
f 261//3088 216//3089 241//3090
f 261//3091 266//3092 269//3093
f 241//3094 266//3095 261//3096
f 1120//3097 1113//3098 1106//3099
f 1106//3100 1131//3101 1132//3102
f 1008//3103 1035//3104 1106//3105
f 1106//3106 1113//3107 1008//3108
f 1013//3109 1008//3110 1113//3111
f 1035//3112 1008//3113 1009//3114
f 1053//3115 1035//3116 1009//3117
f 1008//3118 944//3119 1009//3120
f 1008//3121 994//3122 944//3123
f 1008//3124 1013//3125 994//3126
f 958//3127 944//3128 1013//3129
f 958//3130 965//3131 942//3132
f 815//3133 854//3134 885//3135
f 851//3136 850//3137 886//3138
f 813//3139 900//3140 860//3141
f 835//3142 834//3143 916//3144
f 916//3145 836//3146 835//3147
f 916//3148 837//3149 836//3150
f 840//3151 916//3152 841//3153
f 916//3154 840//3155 839//3156
f 839//3157 838//3158 916//3159
f 916//3160 838//3161 837//3162
f 843//3163 842//3164 886//3165
f 886//3166 842//3167 841//3168
f 849//3169 848//3170 886//3171
f 886//3172 848//3173 847//3174
f 886//3175 847//3176 846//3177
f 886//3178 846//3179 845//3180
f 845//3181 844//3182 886//3183
f 886//3184 844//3185 843//3186
f 889//3187 875//3188 877//3189
f 877//3190 878//3191 889//3192
f 868//3193 872//3194 885//3195
f 865//3196 868//3197 885//3198
f 885//3199 862//3200 869//3201
f 859//3202 866//3203 885//3204
f 885//3205 866//3206 862//3207
f 811//3208 815//3209 813//3210
f 813//3211 857//3212 855//3213
f 813//3214 860//3215 857//3216
f 958//3217 841//3218 916//3219
f 841//3220 958//3221 922//3222
f 939//3223 922//3224 958//3225
f 872//3226 875//3227 885//3228
f 889//3229 885//3230 875//3231
f 889//3232 942//3233 885//3234
f 885//3235 869//3236 865//3237
f 885//3238 854//3239 859//3240
f 885//3241 813//3242 815//3243
f 813//3244 855//3245 852//3246
f 885//3247 942//3248 813//3249
f 886//3250 850//3251 849//3252
f 886//3253 841//3254 922//3255
f 922//3256 889//3257 886//3258
f 886//3259 889//3260 851//3261
f 939//3262 958//3263 942//3264
f 942//3265 922//3266 939//3267
f 942//3268 889//3269 922//3270
f 1132//3271 1120//3272 1106//3273
f 1113//3274 1120//3275 1094//3276
f 1113//3277 1094//3278 1086//3279
f 1086//3280 1094//3281 1087//3282
f 1055//3283 1076//3284 1094//3285
f 1087//3286 1094//3287 1076//3288
f 1087//3289 1017//3290 1086//3291
f 1017//3292 1113//3293 1086//3294
f 1076//3295 1055//3296 1022//3297
f 1013//3298 1113//3299 996//3300
f 996//3301 1113//3302 1017//3303
f 996//3304 958//3305 1013//3306
f 1076//3307 1022//3308 1061//3309
f 1087//3310 1076//3311 1061//3312
f 1061//3313 1073//3314 1087//3315
f 1017//3316 1087//3317 1073//3318
f 1043//3319 1061//3320 1022//3321
f 1073//3322 1044//3323 1017//3324
f 1022//3325 1004//3326 1015//3327
f 1015//3328 1042//3329 1022//3330
f 1043//3331 1022//3332 1042//3333
f 1043//3334 1073//3335 1061//3336
f 1070//3337 1062//3338 1073//3339
f 1044//3340 1073//3341 1062//3342
f 1017//3343 1044//3344 1034//3345
f 996//3346 1017//3347 1034//3348
f 958//3349 996//3350 983//3351
f 1120//3352 1122//3353 1094//3354
f 1116//3355 1122//3356 1120//3357
f 1059//3358 1094//3359 1122//3360
f 1055//3361 1094//3362 1059//3363
f 1122//3364 1039//3365 1059//3366
f 1039//3367 1023//3368 1059//3369
f 979//3370 1055//3371 1059//3372
f 1055//3373 979//3374 1022//3375
f 1023//3376 979//3377 1059//3378
f 979//3379 968//3380 1004//3381
f 1004//3382 1022//3383 979//3384
f 999//3385 1023//3386 1039//3387
f 979//3388 1023//3389 999//3390
f 548//3391 742//3392 532//3393
f 548//3394 902//3395 784//3396
f 784//3397 742//3398 548//3399
f 548//3400 911//3401 902//3402
f 485//3403 673//3404 532//3405
f 673//3406 548//3407 532//3408
f 902//3409 968//3410 979//3411
f 1246//3412 1251//3413 1261//3414
f 883//3415 809//3416 807//3417
f 1132//3418 1148//3419 1147//3420
f 1147//3421 1157//3422 1166//3423
f 1181//3424 1147//3425 1166//3426
f 1166//3427 1176//3428 1181//3429
f 1184//3430 1190//3431 1181//3432
f 1181//3433 1190//3434 1200//3435
f 1200//3436 1206//3437 1181//3438
f 1217//3439 1206//3440 1210//3441
f 1217//3442 1228//3443 1231//3444
f 1231//3445 1241//3446 1217//3447
f 1261//3448 1217//3449 1241//3450
f 1241//3451 1246//3452 1261//3453
f 1295//3454 1284//3455 1285//3456
f 1302//3457 1306//3458 1312//3459
f 1312//3460 1295//3461 1302//3462
f 1300//3463 1302//3464 1295//3465
f 1295//3466 1298//3467 1300//3468
f 1306//3469 1307//3470 1312//3471
f 1312//3472 1317//3473 1320//3474
f 1320//3475 1321//3476 1325//3477
f 1325//3478 1322//3479 1320//3480
f 1325//3481 1329//3482 1322//3483
f 1329//3484 1327//3485 1322//3486
f 1319//3487 1314//3488 1310//3489
f 1309//3490 1319//3491 1310//3492
f 1310//3493 1308//3494 1309//3495
f 1308//3496 1305//3497 1309//3498
f 1305//3499 1304//3500 1309//3501
f 1309//3502 1293//3503 1288//3504
f 1293//3505 1289//3506 1288//3507
f 1289//3508 1287//3509 1288//3510
f 1267//3511 1253//3512 1244//3513
f 1229//3514 1223//3515 1244//3516
f 1229//3517 1219//3518 1223//3519
f 1213//3520 1223//3521 1219//3522
f 1202//3523 1193//3524 1186//3525
f 1185//3526 1178//3527 1186//3528
f 1186//3529 1178//3530 1168//3531
f 1168//3532 1162//3533 1186//3534
f 1144//3535 1162//3536 1158//3537
f 1158//3538 1152//3539 1144//3540
f 1152//3541 1150//3542 1144//3543
f 1144//3544 1134//3545 1130//3546
f 1118//3547 1130//3548 1128//3549
f 1100//3550 1091//3551 1085//3552
f 1085//3553 1118//3554 1100//3555
f 1107//3556 1100//3557 1118//3558
f 1118//3559 1112//3560 1107//3561
f 1091//3562 1090//3563 1085//3564
f 1085//3565 1077//3566 1067//3567
f 1067//3568 1064//3569 1057//3570
f 1057//3571 1038//3572 1067//3573
f 1057//3574 1049//3575 1038//3576
f 1011//3577 1003//3578 1012//3579
f 1012//3580 1003//3581 995//3582
f 995//3583 992//3584 989//3585
f 980//3586 995//3587 989//3588
f 989//3589 988//3590 980//3591
f 971//3592 966//3593 959//3594
f 966//3595 961//3596 959//3597
f 937//3598 934//3599 929//3600
f 924//3601 919//3602 929//3603
f 904//3604 919//3605 917//3606
f 917//3607 915//3608 904//3609
f 915//3610 910//3611 904//3612
f 898//3613 894//3614 883//3615
f 894//3616 891//3617 883//3618
f 1120//3619 1132//3620 1147//3621
f 980//3622 976//3623 973//3624
f 952//3625 951//3626 945//3627
f 945//3628 941//3629 952//3630
f 883//3631 904//3632 898//3633
f 1160//3634 1156//3635 1147//3636
f 1163//3637 1160//3638 1147//3639
f 1172//3640 1163//3641 1147//3642
f 1147//3643 1181//3644 1172//3645
f 1181//3646 1175//3647 1172//3648
f 1217//3649 1218//3650 1206//3651
f 1206//3652 1199//3653 1195//3654
f 1181//3655 1206//3656 1195//3657
f 1195//3658 1191//3659 1181//3660
f 1240//3661 1227//3662 1217//3663
f 1217//3664 1261//3665 1248//3666
f 1248//3667 1240//3668 1217//3669
f 1284//3670 1277//3671 1270//3672
f 1261//3673 1284//3674 1270//3675
f 1270//3676 1260//3677 1261//3678
f 1261//3679 1278//3680 1284//3681
f 1284//3682 1295//3683 1290//3684
f 1295//3685 1312//3686 1301//3687
f 1301//3688 1297//3689 1295//3690
f 1315//3691 1311//3692 1312//3693
f 1312//3694 1320//3695 1315//3696
f 1320//3697 1316//3698 1315//3699
f 1322//3700 1326//3701 1328//3702
f 1328//3703 1324//3704 1322//3705
f 1320//3706 1322//3707 1324//3708
f 1319//3709 1322//3710 1323//3711
f 1319//3712 1318//3713 1322//3714
f 1309//3715 1313//3716 1319//3717
f 1288//3718 1292//3719 1296//3720
f 1309//3721 1288//3722 1296//3723
f 1296//3724 1299//3725 1309//3726
f 1299//3727 1303//3728 1309//3729
f 1263//3730 1267//3731 1288//3732
f 1288//3733 1267//3734 1283//3735
f 1237//3736 1242//3737 1244//3738
f 1244//3739 1242//3740 1267//3741
f 1262//3742 1269//3743 1267//3744
f 1269//3745 1283//3746 1267//3747
f 1230//3748 1237//3749 1244//3750
f 1244//3751 1223//3752 1230//3753
f 1213//3754 1220//3755 1223//3756
f 1186//3757 1213//3758 1202//3759
f 1213//3760 1186//3761 1203//3762
f 1196//3763 1203//3764 1186//3765
f 1173//3766 1177//3767 1186//3768
f 1186//3769 1192//3770 1196//3771
f 1167//3772 1173//3773 1186//3774
f 1186//3775 1162//3776 1167//3777
f 1144//3778 1149//3779 1162//3780
f 1130//3781 1133//3782 1137//3783
f 1144//3784 1130//3785 1137//3786
f 1137//3787 1140//3788 1144//3789
f 1130//3790 1118//3791 1124//3792
f 1085//3793 1089//3794 1102//3795
f 1102//3796 1118//3797 1085//3798
f 1102//3799 1111//3800 1118//3801
f 1085//3802 1067//3803 1078//3804
f 1078//3805 1082//3806 1085//3807
f 1085//3808 1082//3809 1084//3810
f 1067//3811 1038//3812 1058//3813
f 1054//3814 1058//3815 1038//3816
f 1038//3817 1048//3818 1054//3819
f 1025//3820 1038//3821 1030//3822
f 1019//3823 1012//3824 1025//3825
f 1038//3826 1025//3827 1026//3828
f 1025//3829 1012//3830 1018//3831
f 1012//3832 995//3833 997//3834
f 997//3835 1001//3836 1012//3837
f 1001//3838 1002//3839 1012//3840
f 995//3841 980//3842 987//3843
f 987//3844 990//3845 995//3846
f 982//3847 987//3848 980//3849
f 973//3850 975//3851 980//3852
f 959//3853 973//3854 971//3855
f 973//3856 959//3857 967//3858
f 959//3859 964//3860 967//3861
f 959//3862 960//3863 964//3864
f 952//3865 954//3866 959//3867
f 959//3868 955//3869 952//3870
f 941//3871 936//3872 940//3873
f 940//3874 946//3875 941//3876
f 952//3877 941//3878 946//3879
f 929//3880 941//3881 937//3882
f 945//3883 937//3884 941//3885
f 934//3886 932//3887 929//3888
f 929//3889 928//3890 941//3891
f 904//3892 913//3893 919//3894
f 929//3895 919//3896 923//3897
f 923//3898 926//3899 929//3900
f 926//3901 928//3902 929//3903
f 909//3904 913//3905 904//3906
f 897//3907 904//3908 883//3909
f 904//3910 906//3911 909//3912
f 808//3913 881//3914 807//3915
f 883//3916 807//3917 881//3918
f 881//3919 884//3920 883//3921
f 800//3922 807//3923 804//3924
f 800//3925 799//3926 796//3927
f 796//3928 792//3929 800//3930
f 789//3931 800//3932 792//3933
f 789//3934 783//3935 780//3936
f 780//3937 777//3938 789//3939
f 768//3940 789//3941 777//3942
f 777//3943 773//3944 768//3945
f 773//3946 771//3947 768//3948
f 768//3949 764//3950 761//3951
f 757//3952 751//3953 761//3954
f 761//3955 751//3956 748//3957
f 734//3958 761//3959 748//3960
f 748//3961 745//3962 734//3963
f 745//3964 740//3965 734//3966
f 734//3967 731//3968 724//3969
f 624//3970 724//3971 711//3972
f 711//3973 675//3974 624//3975
f 675//3976 663//3977 624//3978
f 624//3979 596//3980 569//3981
f 554//3982 624//3983 569//3984
f 569//3985 555//3986 554//3987
f 540//3988 526//3989 537//3990
f 537//3991 543//3992 540//3993
f 543//3994 537//3995 554//3996
f 554//3997 595//3998 624//3999
f 547//4000 549//4001 554//4002
f 542//4003 547//4004 554//4005
f 554//4006 537//4007 542//4008
f 800//4009 802//4010 807//4011
f 794//4012 800//4013 789//4014
f 794//4015 798//4016 800//4017
f 776//4018 789//4019 768//4020
f 789//4021 776//4022 778//4023
f 778//4024 782//4025 789//4026
f 768//4027 761//4028 763//4029
f 763//4030 765//4031 768//4032
f 765//4033 769//4034 768//4035
f 749//4036 750//4037 761//4038
f 744//4039 749//4040 761//4041
f 761//4042 734//4043 744//4044
f 741//4045 744//4046 734//4047
f 734//4048 739//4049 741//4050
f 734//4051 724//4052 726//4053
f 645//4054 664//4055 624//4056
f 724//4057 624//4058 664//4059
f 664//4060 710//4061 724//4062
f 505//4063 509//4064 512//4065
f 1323//4066 1322//4067 1279//4068
f 1323//4069 1279//4070 1273//4071
f 1273//4072 1319//4073 1323//4074
f 1314//4075 1319//4076 1273//4077
f 1273//4078 1266//4079 1314//4080
f 1266//4081 1310//4082 1314//4083
f 1308//4084 1310//4085 1266//4086
f 1266//4087 1258//4088 1308//4089
f 1258//4090 1305//4091 1308//4092
f 1304//4093 1305//4094 1258//4095
f 1304//4096 1258//4097 1252//4098
f 1252//4099 1309//4100 1304//4101
f 1252//4102 1243//4103 1293//4104
f 1293//4105 1309//4106 1252//4107
f 1233//4108 1288//4109 1287//4110
f 1287//4111 1243//4112 1233//4113
f 1287//4114 1289//4115 1243//4116
f 1243//4117 1289//4118 1293//4119
f 1263//4120 1288//4121 1233//4122
f 1233//4123 1221//4124 1263//4125
f 1221//4126 1267//4127 1263//4128
f 1253//4129 1267//4130 1221//4131
f 1253//4132 1221//4133 1211//4134
f 1211//4135 1244//4136 1253//4137
f 1211//4138 1201//4139 1229//4140
f 1229//4141 1244//4142 1211//4143
f 1201//4144 1189//4145 1219//4146
f 1219//4147 1229//4148 1201//4149
f 1189//4150 1213//4151 1219//4152
f 1202//4153 1213//4154 1189//4155
f 1189//4156 1182//4157 1202//4158
f 1193//4159 1202//4160 1182//4161
f 1182//4162 1169//4163 1193//4164
f 1169//4165 1186//4166 1193//4167
f 1185//4168 1186//4169 1169//4170
f 1185//4171 1169//4172 1159//4173
f 1159//4174 1178//4175 1185//4176
f 1159//4177 1146//4178 1168//4179
f 1168//4180 1178//4181 1159//4182
f 1158//4183 1146//4184 1138//4185
f 1158//4186 1162//4187 1146//4188
f 1146//4189 1162//4190 1168//4191
f 1129//4192 1144//4193 1150//4194
f 1150//4195 1138//4196 1129//4197
f 1150//4198 1152//4199 1138//4200
f 1138//4201 1152//4202 1158//4203
f 1134//4204 1144//4205 1129//4206
f 1129//4207 1121//4208 1134//4209
f 1121//4210 1130//4211 1134//4212
f 1128//4213 1130//4214 1121//4215
f 1128//4216 1121//4217 1108//4218
f 1108//4219 1118//4220 1128//4221
f 1108//4222 1092//4223 1112//4224
f 1112//4225 1118//4226 1108//4227
f 1100//4228 1092//4229 1083//4230
f 1100//4231 1107//4232 1092//4233
f 1092//4234 1107//4235 1112//4236
f 1071//4237 1085//4238 1090//4239
f 1090//4240 1083//4241 1071//4242
f 1090//4243 1091//4244 1083//4245
f 1083//4246 1091//4247 1100//4248
f 1077//4249 1085//4250 1071//4251
f 1071//4252 1060//4253 1077//4254
f 1060//4255 1067//4256 1077//4257
f 1064//4258 1067//4259 1060//4260
f 1064//4261 1060//4262 1047//4263
f 1047//4264 1057//4265 1064//4266
f 1047//4267 1028//4268 1049//4269
f 1049//4270 1057//4271 1047//4272
f 1021//4273 1025//4274 1030//4275
f 1030//4276 1028//4277 1021//4278
f 1030//4279 1038//4280 1028//4281
f 1028//4282 1038//4283 1049//4284
f 1019//4285 1025//4286 1021//4287
f 1021//4288 1010//4289 1019//4290
f 1010//4291 1012//4292 1019//4293
f 1011//4294 1012//4295 1010//4296
f 1011//4297 1010//4298 1000//4299
f 1000//4300 1003//4301 1011//4302
f 1003//4303 1000//4304 993//4305
f 993//4306 995//4307 1003//4308
f 986//4309 989//4310 992//4311
f 993//4312 986//4313 992//4314
f 992//4315 995//4316 993//4317
f 988//4318 989//4319 986//4320
f 988//4321 986//4322 978//4323
f 978//4324 980//4325 988//4326
f 978//4327 972//4328 976//4329
f 976//4330 980//4331 978//4332
f 963//4333 966//4334 971//4335
f 971//4336 972//4337 963//4338
f 971//4339 973//4340 972//4341
f 972//4342 973//4343 976//4344
f 957//4345 959//4346 961//4347
f 963//4348 957//4349 961//4350
f 961//4351 966//4352 963//4353
f 955//4354 959//4355 957//4356
f 955//4357 957//4358 949//4359
f 949//4360 952//4361 955//4362
f 951//4363 952//4364 949//4365
f 951//4366 949//4367 943//4368
f 943//4369 945//4370 951//4371
f 933//4372 934//4373 937//4374
f 943//4375 933//4376 937//4377
f 937//4378 945//4379 943//4380
f 932//4381 934//4382 933//4383
f 932//4384 933//4385 927//4386
f 927//4387 929//4388 932//4389
f 927//4390 921//4391 924//4392
f 924//4393 929//4394 927//4395
f 914//4396 915//4397 917//4398
f 917//4399 921//4400 914//4401
f 917//4402 919//4403 921//4404
f 921//4405 919//4406 924//4407
f 910//4408 915//4409 914//4410
f 914//4411 905//4412 910//4413
f 905//4414 904//4415 910//4416
f 905//4417 893//4418 898//4419
f 898//4420 904//4421 905//4422
f 882//4423 883//4424 891//4425
f 891//4426 893//4427 882//4428
f 891//4429 894//4430 893//4431
f 893//4432 894//4433 898//4434
f 809//4435 883//4436 882//4437
f 882//4438 806//4439 809//4440
f 806//4441 807//4442 809//4443
f 803//4444 800//4445 804//4446
f 804//4447 806//4448 803//4449
f 804//4450 807//4451 806//4452
f 799//4453 800//4454 803//4455
f 803//4456 797//4457 799//4458
f 797//4459 796//4460 799//4461
f 792//4462 796//4463 797//4464
f 792//4465 797//4466 791//4467
f 791//4468 789//4469 792//4470
f 791//4471 781//4472 783//4473
f 783//4474 789//4475 791//4476
f 781//4477 775//4478 777//4479
f 777//4480 780//4481 781//4482
f 781//4483 780//4484 783//4485
f 770//4486 768//4487 771//4488
f 771//4489 775//4490 770//4491
f 771//4492 773//4493 775//4494
f 775//4495 773//4496 777//4497
f 764//4498 768//4499 770//4500
f 770//4501 762//4502 764//4503
f 762//4504 761//4505 764//4506
f 757//4507 761//4508 762//4509
f 757//4510 762//4511 755//4512
f 755//4513 751//4514 757//4515
f 746//4516 745//4517 748//4518
f 748//4519 755//4520 746//4521
f 748//4522 751//4523 755//4524
f 740//4525 745//4526 746//4527
f 740//4528 746//4529 737//4530
f 737//4531 734//4532 740//4533
f 731//4534 734//4535 737//4536
f 731//4537 737//4538 727//4539
f 727//4540 724//4541 731//4542
f 727//4543 701//4544 711//4545
f 711//4546 724//4547 727//4548
f 646//4549 624//4550 663//4551
f 663//4552 701//4553 646//4554
f 663//4555 675//4556 701//4557
f 701//4558 675//4559 711//4560
f 596//4561 624//4562 646//4563
f 646//4564 606//4565 596//4566
f 606//4567 569//4568 596//4569
f 555//4570 569//4571 606//4572
f 555//4573 606//4574 552//4575
f 552//4576 554//4577 555//4578
f 534//4579 526//4580 540//4581
f 540//4582 545//4583 534//4584
f 545//4585 540//4586 543//4587
f 552//4588 545//4589 543//4590
f 543//4591 554//4592 552//4593
f 534//4594 528//4595 523//4596
f 523//4597 526//4598 534//4599
f 528//4600 520//4601 523//4602
f 521//4603 512//4604 509//4605
f 509//4606 513//4607 521//4608
f 521//4609 513//4610 516//4611
f 528//4612 521//4613 516//4614
f 516//4615 520//4616 528//4617
f 512//4618 508//4619 507//4620
f 512//4621 507//4622 503//4623
f 503//4624 505//4625 512//4626
f 256//4627 261//4628 257//4629
f 257//4630 258//4631 256//4632
f 257//4633 262//4634 258//4635
f 409//4636 258//4637 262//4638
f 262//4639 456//4640 409//4641
f 730//4642 517//4643 456//4644
f 790//4645 785//4646 930//4647
f 944//4648 790//4649 930//4650
f 1009//4651 944//4652 930//4653
f 1009//4654 930//4655 1053//4656
f 1053//4657 1075//4658 1035//4659
f 1075//4660 1106//4661 1035//4662
f 1131//4663 1106//4664 1075//4665
f 1148//4666 1132//4667 1131//4668
f 1148//4669 1131//4670 1139//4671
f 1151//4672 1166//4673 1157//4674
f 1157//4675 1139//4676 1151//4677
f 1157//4678 1147//4679 1139//4680
f 1139//4681 1147//4682 1148//4683
f 1176//4684 1166//4685 1151//4686
f 1151//4687 1161//4688 1176//4689
f 1161//4690 1181//4691 1176//4692
f 1184//4693 1181//4694 1161//4695
f 1184//4696 1161//4697 1174//4698
f 1174//4699 1190//4700 1184//4701
f 1174//4702 1183//4703 1200//4704
f 1200//4705 1190//4706 1174//4707
f 1194//4708 1217//4709 1210//4710
f 1210//4711 1183//4712 1194//4713
f 1210//4714 1206//4715 1183//4716
f 1183//4717 1206//4718 1200//4719
f 1228//4720 1217//4721 1194//4722
f 1194//4723 1205//4724 1228//4725
f 1205//4726 1231//4727 1228//4728
f 1241//4729 1231//4730 1205//4731
f 1205//4732 1212//4733 1241//4734
f 1212//4735 1246//4736 1241//4737
f 1222//4738 1261//4739 1251//4740
f 1251//4741 1212//4742 1222//4743
f 1251//4744 1246//4745 1212//4746
f 1278//4747 1261//4748 1222//4749
f 1222//4750 1235//4751 1278//4752
f 1235//4753 1284//4754 1278//4755
f 1285//4756 1284//4757 1235//4758
f 1285//4759 1235//4760 1245//4761
f 1245//4762 1295//4763 1285//4764
f 1245//4765 1254//4766 1298//4767
f 1298//4768 1295//4769 1245//4770
f 1302//4771 1254//4772 1259//4773
f 1302//4774 1300//4775 1254//4776
f 1254//4777 1300//4778 1298//4779
f 1268//4780 1312//4781 1307//4782
f 1307//4783 1259//4784 1268//4785
f 1307//4786 1306//4787 1259//4788
f 1259//4789 1306//4790 1302//4791
f 1317//4792 1312//4793 1268//4794
f 1268//4795 1274//4796 1317//4797
f 1274//4798 1320//4799 1317//4800
f 1321//4801 1320//4802 1274//4803
f 1321//4804 1274//4805 1280//4806
f 1280//4807 1325//4808 1321//4809
f 1279//4810 1322//4811 1327//4812
f 1327//4813 1282//4814 1279//4815
f 1327//4816 1329//4817 1282//4818
f 1280//4819 1282//4820 1329//4821
f 1329//4822 1325//4823 1280//4824
f 513//4825 509//4826 505//4827
f 520//4828 516//4829 513//4830
f 523//4831 520//4832 513//4833
f 523//4834 513//4835 526//4836
f 507//4837 508//4838 506//4839
f 506//4840 365//4841 355//4842
f 503//4843 507//4844 506//4845
f 506//4846 355//4847 503//4848
f 355//4849 505//4850 503//4851
f 272//4852 274//4853 1282//4854
f 1282//4855 1280//4856 272//4857
f 272//4858 1280//4859 1274//4860
f 1274//4861 1268//4862 272//4863
f 272//4864 1268//4865 1259//4866
f 1259//4867 1254//4868 272//4869
f 275//4870 281//4871 283//4872
f 281//4873 275//4874 276//4875
f 281//4876 276//4877 277//4878
f 277//4879 279//4880 281//4881
f 508//4882 512//4883 521//4884
f 508//4885 521//4886 528//4887
f 508//4888 528//4889 534//4890
f 257//4891 272//4892 1254//4893
f 275//4894 283//4895 286//4896
f 275//4897 286//4898 291//4899
f 275//4900 291//4901 295//4902
f 1254//4903 730//4904 456//4905
f 1282//4906 274//4907 275//4908
f 1282//4909 275//4910 365//4911
f 365//4912 506//4913 1282//4914
f 1282//4915 506//4916 508//4917
f 1279//4918 1282//4919 508//4920
f 1279//4921 508//4922 534//4923
f 972//4924 978//4925 1279//4926
f 1254//4927 1183//4928 1174//4929
f 1174//4930 1161//4931 1254//4932
f 1254//4933 1161//4934 1151//4935
f 1254//4936 1131//4937 1075//4938
f 1075//4939 1053//4940 1254//4941
f 1053//4942 930//4943 1254//4944
f 737//4945 746//4946 1279//4947
f 1279//4948 727//4949 737//4950
f 943//4951 949//4952 1279//4953
f 1279//4954 978//4955 986//4956
f 986//4957 993//4958 1279//4959
f 1279//4960 993//4961 1000//4962
f 1000//4963 1010//4964 1279//4965
f 1279//4966 1010//4967 1021//4968
f 1021//4969 1028//4970 1279//4971
f 1254//4972 1245//4973 1235//4974
f 1235//4975 1222//4976 1254//4977
f 1254//4978 1222//4979 1212//4980
f 1254//4981 1151//4982 1139//4983
f 1139//4984 1131//4985 1254//4986
f 930//4987 785//4988 1254//4989
f 1254//4990 785//4991 730//4992
f 534//4993 545//4994 1279//4995
f 545//4996 552//4997 1279//4998
f 1279//4999 552//5000 606//5001
f 1279//5002 949//5003 957//5004
f 957//5005 963//5006 1279//5007
f 1279//5008 963//5009 972//5010
f 1028//5011 1252//5012 1258//5013
f 1252//5014 1028//5015 1047//5016
f 1028//5017 1258//5018 1266//5019
f 1266//5020 1273//5021 1028//5022
f 1273//5023 1279//5024 1028//5025
f 1254//5026 1212//5027 1205//5028
f 1205//5029 1194//5030 1254//5031
f 1194//5032 1183//5033 1254//5034
f 1254//5035 456//5036 262//5037
f 275//5038 295//5039 299//5040
f 275//5041 299//5042 301//5043
f 301//5044 326//5045 275//5046
f 275//5047 326//5048 345//5049
f 345//5050 364//5051 275//5052
f 364//5053 365//5054 275//5055
f 1279//5056 606//5057 646//5058
f 646//5059 701//5060 1279//5061
f 701//5062 727//5063 1279//5064
f 914//5065 921//5066 1279//5067
f 1279//5068 746//5069 755//5070
f 1279//5071 755//5072 762//5073
f 762//5074 770//5075 1279//5076
f 1279//5077 770//5078 775//5079
f 1279//5080 775//5081 781//5082
f 781//5083 791//5084 1279//5085
f 1279//5086 791//5087 797//5088
f 797//5089 803//5090 1279//5091
f 803//5092 806//5093 1279//5094
f 905//5095 914//5096 1279//5097
f 1279//5098 921//5099 927//5100
f 927//5101 933//5102 1279//5103
f 1279//5104 933//5105 943//5106
f 1083//5107 1092//5108 1108//5109
f 1108//5110 1071//5111 1083//5112
f 1071//5113 1108//5114 1121//5115
f 1121//5116 1129//5117 1071//5118
f 1071//5119 1129//5120 1138//5121
f 1071//5122 1169//5123 1182//5124
f 1182//5125 1189//5126 1071//5127
f 1071//5128 1189//5129 1201//5130
f 1201//5131 1211//5132 1071//5133
f 1071//5134 1211//5135 1221//5136
f 1221//5137 1233//5138 1071//5139
f 1047//5140 1060//5141 1252//5142
f 1060//5143 1071//5144 1252//5145
f 1243//5146 1252//5147 1071//5148
f 1071//5149 1233//5150 1243//5151
f 1254//5152 262//5153 257//5154
f 1071//5155 1138//5156 1146//5157
f 1146//5158 1159//5159 1071//5160
f 1159//5161 1169//5162 1071//5163
f 1279//5164 806//5165 882//5166
f 882//5167 893//5168 1279//5169
f 893//5170 905//5171 1279//5172
f 513//5173 505//5174 355//5175
f 364//5176 345//5177 325//5178
f 365//5179 364//5180 355//5181
f 336//5182 355//5183 364//5184
f 325//5185 336//5186 364//5187
f 297//5188 300//5189 326//5190
f 326//5191 301//5192 297//5193
f 345//5194 326//5195 300//5196
f 300//5197 303//5198 345//5199
f 303//5200 325//5201 345//5202
f 301//5203 299//5204 292//5205
f 292//5206 297//5207 301//5208
f 295//5209 291//5210 278//5211
f 278//5212 282//5213 295//5214
f 282//5215 284//5216 295//5217
f 299//5218 295//5219 284//5220
f 284//5221 288//5222 299//5223
f 288//5224 292//5225 299//5226
f 286//5227 283//5228 268//5229
f 268//5230 271//5231 286//5232
f 291//5233 286//5234 271//5235
f 271//5236 278//5237 291//5238
f 281//5239 279//5240 264//5241
f 264//5242 265//5243 281//5244
f 283//5245 281//5246 265//5247
f 265//5248 268//5249 283//5250
f 277//5251 276//5252 263//5253
f 279//5254 277//5255 263//5256
f 263//5257 264//5258 279//5259
f 263//5260 276//5261 266//5262
f 276//5263 275//5264 266//5265
f 263//5266 266//5267 336//5268
f 336//5269 265//5270 264//5271
f 264//5272 263//5273 336//5274
f 336//5275 271//5276 268//5277
f 268//5278 265//5279 336//5280
f 278//5281 271//5282 336//5283
f 336//5284 292//5285 288//5286
f 336//5287 288//5288 284//5289
f 284//5290 282//5291 336//5292
f 336//5293 282//5294 278//5295
f 300//5296 297//5297 336//5298
f 297//5299 292//5300 336//5301
f 303//5302 300//5303 336//5304
f 336//5305 325//5306 303//5307
f 487//5308 513//5309 355//5310
f 526//5311 513//5312 487//5313
f 336//5314 266//5315 289//5316
f 289//5317 251//5318 336//5319
f 355//5320 336//5321 285//5322
f 251//5323 285//5324 336//5325
f 487//5326 355//5327 285//5328
f 285//5329 420//5330 487//5331
f 266//5332 241//5333 289//5334
f 238//5335 289//5336 241//5337
f 238//5338 241//5339 216//5340
f 375//5341 239//5342 408//5343
f 483//5344 420//5345 488//5346
f 491//5347 420//5348 483//5349
f 483//5350 487//5351 491//5352
f 420//5353 491//5354 487//5355
f 487//5356 483//5357 526//5358
f 531//5359 537//5360 526//5361
f 526//5362 483//5363 522//5364
f 515//5365 522//5366 483//5367
f 527//5368 526//5369 522//5370
f 239//5371 252//5372 408//5373
f 493//5374 483//5375 488//5376
f 493//5377 488//5378 408//5379
f 488//5380 375//5381 408//5382
f 252//5383 239//5384 386//5385
f 253//5386 214//5387 270//5388
f 280//5389 270//5390 214//5391
f 214//5392 253//5393 239//5394
f 977//5395 1004//5396 968//5397
f 977//5398 968//5399 948//5400
f 818//5401 817//5402 887//5403
f 968//5404 956//5405 948//5406
f 901//5407 249//5408 956//5409
f 249//5410 879//5411 863//5412
f 867//5413 863//5414 879//5415
f 810//5416 814//5417 901//5418
f 879//5419 901//5420 814//5421
f 901//5422 812//5423 810//5424
f 853//5425 816//5426 901//5427
f 901//5428 816//5429 812//5430
f 892//5431 864//5432 870//5433
f 873//5434 892//5435 856//5436
f 856//5437 858//5438 873//5439
f 819//5440 818//5441 887//5442
f 887//5443 820//5444 819//5445
f 887//5446 821//5447 820//5448
f 825//5449 824//5450 888//5451
f 824//5452 823//5453 888//5454
f 887//5455 888//5456 823//5457
f 823//5458 822//5459 887//5460
f 822//5461 821//5462 887//5463
f 888//5464 826//5465 825//5466
f 888//5467 827//5468 826//5469
f 831//5470 830//5471 888//5472
f 830//5473 829//5474 888//5475
f 829//5476 828//5477 888//5478
f 828//5479 827//5480 888//5481
f 911//5482 833//5483 888//5484
f 888//5485 833//5486 832//5487
f 888//5488 832//5489 831//5490
f 874//5491 871//5492 892//5493
f 901//5494 879//5495 249//5496
f 892//5497 873//5498 876//5499
f 920//5500 888//5501 887//5502
f 887//5503 817//5504 856//5505
f 892//5506 887//5507 856//5508
f 887//5509 892//5510 920//5511
f 892//5512 876//5513 874//5514
f 968//5515 920//5516 956//5517
f 892//5518 861//5519 864//5520
f 892//5521 901//5522 920//5523
f 920//5524 901//5525 956//5526
f 870//5527 901//5528 892//5529
f 111//5530 114//5531 221//5532
f 485//5533 222//5534 166//5535
f 114//5536 166//5537 222//5538
f 222//5539 221//5540 114//5541
f 548//5542 673//5543 166//5544
f 92//5545 100//5546 219//5547
f 221//5548 219//5549 100//5550
f 100//5551 111//5552 221//5553
f 219//5554 55//5555 92//5556
f 78//5557 214//5558 208//5559
f 219//5560 215//5561 68//5562
f 68//5563 55//5564 219//5565
f 67//5566 72//5567 213//5568
f 215//5569 213//5570 72//5571
f 72//5572 63//5573 215//5574
f 63//5575 68//5576 215//5577
f 78//5578 67//5579 213//5580
f 223//5581 208//5582 239//5583
f 902//5584 911//5585 920//5586
f 888//5587 920//5588 911//5589
f 911//5590 548//5591 166//5592
f 208//5593 214//5594 239//5595
f 920//5596 968//5597 902//5598
f 166//5599 673//5600 485//5601
f 218//5602 280//5603 214//5604
f 280//5605 293//5606 270//5607
f 218//5608 293//5609 280//5610
f 224//5611 479//5612 532//5613
f 532//5614 479//5615 485//5616
f 532//5617 496//5618 224//5619
f 495//5620 492//5621 490//5622
f 490//5623 496//5624 495//5625
f 497//5626 495//5627 496//5628
f 496//5629 532//5630 497//5631
f 228//5632 224//5633 230//5634
f 222//5635 485//5636 479//5637
f 221//5638 222//5639 479//5640
f 219//5641 221//5642 479//5643
f 215//5644 219//5645 479//5646
f 213//5647 215//5648 479//5649
f 479//5650 78//5651 213//5652
f 78//5653 218//5654 214//5655
f 479//5656 218//5657 78//5658
f 490//5659 492//5660 231//5661
f 231//5662 230//5663 490//5664
f 490//5665 230//5666 224//5667
f 490//5668 224//5669 496//5670
f 218//5671 217//5672 225//5673
f 218//5674 479//5675 217//5676
f 479//5677 233//5678 217//5679
f 479//5680 224//5681 233//5682
f 224//5683 226//5684 233//5685
f 226//5686 224//5687 228//5688
f 228//5689 229//5690 226//5691
f 229//5692 228//5693 230//5694
f 230//5695 231//5696 229//5697
f 229//5698 231//5699 232//5700
f 233//5701 226//5702 229//5703
f 232//5704 233//5705 229//5706
f 293//5707 218//5708 225//5709
f 492//5710 495//5711 231//5712
f 233//5713 232//5714 484//5715
f 232//5716 231//5717 495//5718
f 495//5719 484//5720 232//5721
f 484//5722 384//5723 225//5724
f 384//5725 293//5726 225//5727
f 233//5728 484//5729 225//5730
f 225//5731 217//5732 233//5733
f 484//5734 495//5735 497//5736
f 1326//5737 1322//5738 1276//5739
f 1276//5740 1281//5741 1326//5742
f 1281//5743 1328//5744 1326//5745
f 1324//5746 1328//5747 1281//5748
f 1324//5749 1281//5750 1275//5751
f 1275//5752 1320//5753 1324//5754
f 1275//5755 1271//5756 1316//5757
f 1316//5758 1320//5759 1275//5760
f 1271//5761 1264//5762 1311//5763
f 1311//5764 1315//5765 1271//5766
f 1271//5767 1315//5768 1316//5769
f 1264//5770 1312//5771 1311//5772
f 1301//5773 1312//5774 1264//5775
f 1264//5776 1255//5777 1301//5778
f 1297//5779 1301//5780 1255//5781
f 1255//5782 1249//5783 1297//5784
f 1249//5785 1295//5786 1297//5787
f 1290//5788 1295//5789 1249//5790
f 1290//5791 1249//5792 1238//5793
f 1238//5794 1284//5795 1290//5796
f 1225//5797 1270//5798 1277//5799
f 1238//5800 1225//5801 1277//5802
f 1277//5803 1284//5804 1238//5805
f 1260//5806 1270//5807 1225//5808
f 1260//5809 1225//5810 1215//5811
f 1215//5812 1261//5813 1260//5814
f 1208//5815 1240//5816 1248//5817
f 1248//5818 1215//5819 1208//5820
f 1248//5821 1261//5822 1215//5823
f 1227//5824 1240//5825 1208//5826
f 1208//5827 1197//5828 1227//5829
f 1197//5830 1217//5831 1227//5832
f 1218//5833 1217//5834 1197//5835
f 1218//5836 1197//5837 1187//5838
f 1187//5839 1206//5840 1218//5841
f 1199//5842 1206//5843 1187//5844
f 1187//5845 1179//5846 1199//5847
f 1179//5848 1195//5849 1199//5850
f 1191//5851 1195//5852 1179//5853
f 1191//5854 1179//5855 1164//5856
f 1164//5857 1181//5858 1191//5859
f 1164//5860 1153//5861 1175//5862
f 1175//5863 1181//5864 1164//5865
f 1153//5866 1142//5867 1163//5868
f 1163//5869 1172//5870 1153//5871
f 1153//5872 1172//5873 1175//5874
f 1156//5875 1142//5876 1135//5877
f 1156//5878 1160//5879 1142//5880
f 1142//5881 1160//5882 1163//5883
f 1147//5884 1135//5885 1116//5886
f 1135//5887 1147//5888 1156//5889
f 1116//5890 1120//5891 1147//5892
f 1116//5893 1039//5894 1122//5895
f 979//5896 999//5897 787//5898
f 787//5899 902//5900 979//5901
f 784//5902 902//5903 787//5904
f 787//5905 489//5906 784//5907
f 489//5908 742//5909 784//5910
f 532//5911 742//5912 489//5913
f 532//5914 489//5915 497//5916
f 484//5917 497//5918 489//5919
f 386//5920 253//5921 270//5922
f 239//5923 253//5924 386//5925
f 387//5926 408//5927 252//5928
f 387//5929 252//5930 386//5931
f 493//5932 408//5933 387//5934
f 387//5935 483//5936 493//5937
f 387//5938 519//5939 483//5940
f 525//5941 522//5942 515//5943
f 519//5944 525//5945 515//5946
f 515//5947 483//5948 519//5949
f 531//5950 526//5951 533//5952
f 533//5953 526//5954 527//5955
f 527//5956 525//5957 533//5958
f 525//5959 527//5960 522//5961
f 531//5962 533//5963 544//5964
f 544//5965 537//5966 531//5967
f 542//5968 537//5969 544//5970
f 542//5971 544//5972 550//5973
f 586//5974 554//5975 549//5976
f 549//5977 550//5978 586//5979
f 549//5980 547//5981 550//5982
f 550//5983 547//5984 542//5985
f 595//5986 554//5987 586//5988
f 586//5989 633//5990 595//5991
f 633//5992 624//5993 595//5994
f 684//5995 664//5996 645//5997
f 633//5998 684//5999 645//6000
f 645//6001 624//6002 633//6003
f 710//6004 664//6005 684//6006
f 684//6007 725//6008 710//6009
f 725//6010 724//6011 710//6012
f 726//6013 724//6014 725//6015
f 726//6016 725//6017 735//6018
f 735//6019 734//6020 726//6021
f 735//6022 743//6023 739//6024
f 739//6025 734//6026 735//6027
f 752//6028 749//6029 744//6030
f 743//6031 752//6032 744//6033
f 744//6034 741//6035 743//6036
f 743//6037 741//6038 739//6039
f 750//6040 749//6041 752//6042
f 750//6043 752//6044 760//6045
f 760//6046 761//6047 750//6048
f 760//6049 767//6050 763//6051
f 763//6052 761//6053 760//6054
f 772//6055 768//6056 769//6057
f 769//6058 767//6059 772//6060
f 769//6061 765//6062 767//6063
f 767//6064 765//6065 763//6066
f 776//6067 768//6068 772//6069
f 772//6070 779//6071 776//6072
f 779//6073 778//6074 776//6075
f 788//6076 789//6077 782//6078
f 782//6079 779//6080 788//6081
f 782//6082 778//6083 779//6084
f 794//6085 789//6086 788//6087
f 788//6088 795//6089 794//6090
f 798//6091 794//6092 795//6093
f 795//6094 801//6095 798//6096
f 801//6097 800//6098 798//6099
f 802//6100 800//6101 801//6102
f 802//6103 801//6104 805//6105
f 805//6106 807//6107 802//6108
f 880//6109 881//6110 808//6111
f 805//6112 880//6113 808//6114
f 808//6115 807//6116 805//6117
f 884//6118 881//6119 880//6120
f 884//6121 880//6122 890//6123
f 890//6124 883//6125 884//6126
f 890//6127 903//6128 897//6129
f 897//6130 883//6131 890//6132
f 912//6133 913//6134 909//6135
f 912//6136 909//6137 906//6138
f 906//6139 903//6140 912//6141
f 906//6142 904//6143 903//6144
f 903//6145 904//6146 897//6147
f 913//6148 912//6149 918//6150
f 918//6151 919//6152 913//6153
f 918//6154 925//6155 923//6156
f 923//6157 919//6158 918//6159
f 931//6160 941//6161 928//6162
f 928//6163 925//6164 931//6165
f 928//6166 926//6167 925//6168
f 925//6169 926//6170 923//6171
f 936//6172 941//6173 931//6174
f 931//6175 938//6176 936//6177
f 938//6178 940//6179 936//6180
f 946//6181 940//6182 938//6183
f 946//6184 938//6185 947//6186
f 947//6187 952//6188 946//6189
f 947//6190 953//6191 954//6192
f 954//6193 952//6194 947//6195
f 962//6196 964//6197 960//6198
f 953//6199 962//6200 960//6201
f 960//6202 959//6203 953//6204
f 953//6205 959//6206 954//6207
f 967//6208 964//6209 962//6210
f 967//6211 962//6212 970//6213
f 970//6214 973//6215 967//6216
f 970//6217 974//6218 975//6219
f 975//6220 973//6221 970//6222
f 984//6223 987//6224 982//6225
f 982//6226 974//6227 984//6228
f 982//6229 980//6230 974//6231
f 974//6232 980//6233 975//6234
f 990//6235 987//6236 984//6237
f 990//6238 984//6239 991//6240
f 991//6241 995//6242 990//6243
f 997//6244 991//6245 998//6246
f 997//6247 995//6248 991//6249
f 1005//6250 1012//6251 1002//6252
f 1002//6253 998//6254 1005//6255
f 1002//6256 1001//6257 998//6258
f 998//6259 1001//6260 997//6261
f 1018//6262 1012//6263 1005//6264
f 1005//6265 1016//6266 1018//6267
f 1016//6268 1025//6269 1018//6270
f 1027//6271 1038//6272 1026//6273
f 1026//6274 1016//6275 1027//6276
f 1026//6277 1025//6278 1016//6279
f 1048//6280 1038//6281 1027//6282
f 1027//6283 1040//6284 1048//6285
f 1040//6286 1054//6287 1048//6288
f 1058//6289 1054//6290 1040//6291
f 1058//6292 1040//6293 1056//6294
f 1056//6295 1067//6296 1058//6297
f 1056//6298 1065//6299 1078//6300
f 1078//6301 1067//6302 1056//6303
f 1065//6304 1081//6305 1084//6306
f 1065//6307 1084//6308 1082//6309
f 1082//6310 1078//6311 1065//6312
f 1088//6313 1102//6314 1089//6315
f 1089//6316 1081//6317 1088//6318
f 1089//6319 1085//6320 1081//6321
f 1081//6322 1085//6323 1084//6324
f 1111//6325 1102//6326 1088//6327
f 1088//6328 1104//6329 1111//6330
f 1104//6331 1118//6332 1111//6333
f 1124//6334 1118//6335 1104//6336
f 1124//6337 1104//6338 1117//6339
f 1117//6340 1130//6341 1124//6342
f 1117//6343 1127//6344 1133//6345
f 1133//6346 1130//6347 1117//6348
f 1140//6349 1127//6350 1136//6351
f 1140//6352 1137//6353 1127//6354
f 1127//6355 1137//6356 1133//6357
f 1143//6358 1162//6359 1149//6360
f 1149//6361 1136//6362 1143//6363
f 1149//6364 1144//6365 1136//6366
f 1136//6367 1144//6368 1140//6369
f 1167//6370 1162//6371 1143//6372
f 1143//6373 1154//6374 1167//6375
f 1154//6376 1173//6377 1167//6378
f 1177//6379 1173//6380 1154//6381
f 1177//6382 1154//6383 1165//6384
f 1165//6385 1186//6386 1177//6387
f 1165//6388 1180//6389 1192//6390
f 1192//6391 1186//6392 1165//6393
f 1203//6394 1180//6395 1188//6396
f 1203//6397 1196//6398 1180//6399
f 1180//6400 1196//6401 1192//6402
f 1188//6403 1213//6404 1203//6405
f 1220//6406 1213//6407 1188//6408
f 1188//6409 1198//6410 1220//6411
f 1198//6412 1223//6413 1220//6414
f 1230//6415 1223//6416 1198//6417
f 1198//6418 1209//6419 1230//6420
f 1209//6421 1237//6422 1230//6423
f 1242//6424 1237//6425 1209//6426
f 1242//6427 1209//6428 1216//6429
f 1216//6430 1267//6431 1242//6432
f 1216//6433 1226//6434 1262//6435
f 1262//6436 1267//6437 1216//6438
f 1239//6439 1288//6440 1283//6441
f 1283//6442 1226//6443 1239//6444
f 1283//6445 1269//6446 1226//6447
f 1226//6448 1269//6449 1262//6450
f 1292//6451 1288//6452 1239//6453
f 1239//6454 1250//6455 1292//6456
f 1250//6457 1296//6458 1292//6459
f 1299//6460 1296//6461 1250//6462
f 1299//6463 1250//6464 1256//6465
f 1256//6466 1303//6467 1299//6468
f 1303//6469 1256//6470 1265//6471
f 1265//6472 1309//6473 1303//6474
f 1265//6475 1272//6476 1313//6477
f 1313//6478 1309//6479 1265//6480
f 1276//6481 1322//6482 1318//6483
f 1318//6484 1272//6485 1276//6486
f 1318//6487 1319//6488 1272//6489
f 1272//6490 1319//6491 1313//6492
f 270//6493 293//6494 1165//6495
f 384//6496 484//6497 1165//6498
f 293//6499 384//6500 1165//6501
f 1165//6502 484//6503 489//6504
f 550//6505 544//6506 1165//6507
f 544//6508 533//6509 1165//6510
f 1165//6511 533//6512 525//6513
f 525//6514 519//6515 1165//6516
f 1165//6517 519//6518 387//6519
f 760//6520 752//6521 1165//6522
f 1165//6523 752//6524 743//6525
f 1272//6526 1265//6527 1208//6528
f 743//6529 735//6530 1165//6531
f 1165//6532 735//6533 725//6534
f 1165//6535 725//6536 684//6537
f 1165//6538 947//6539 938//6540
f 947//6541 1165//6542 1154//6543
f 1154//6544 1143//6545 947//6546
f 1065//6547 1056//6548 947//6549
f 947//6550 1081//6551 1065//6552
f 938//6553 931//6554 1165//6555
f 1165//6556 931//6557 925//6558
f 1165//6559 925//6560 918//6561
f 918//6562 912//6563 1165//6564
f 1165//6565 912//6566 903//6567
f 903//6568 890//6569 1165//6570
f 1165//6571 779//6572 772//6573
f 772//6574 767//6575 1165//6576
f 1165//6577 767//6578 760//6579
f 1165//6580 684//6581 633//6582
f 633//6583 586//6584 1165//6585
f 1165//6586 586//6587 550//6588
f 947//6589 1143//6590 1136//6591
f 947//6592 1136//6593 1127//6594
f 1127//6595 1117//6596 947//6597
f 947//6598 1117//6599 1104//6600
f 1104//6601 1088//6602 947//6603
f 1088//6604 1081//6605 947//6606
f 947//6607 1056//6608 1040//6609
f 1040//6610 1027//6611 947//6612
f 947//6613 1027//6614 1016//6615
f 1016//6616 1005//6617 947//6618
f 947//6619 1005//6620 998//6621
f 998//6622 991//6623 947//6624
f 947//6625 991//6626 984//6627
f 984//6628 974//6629 947//6630
f 953//6631 947//6632 974//6633
f 953//6634 974//6635 970//6636
f 970//6637 962//6638 953//6639
f 1165//6640 890//6641 880//6642
f 880//6643 805//6644 1165//6645
f 1165//6646 805//6647 801//6648
f 387//6649 386//6650 1165//6651
f 1039//6652 1116//6653 1165//6654
f 1116//6655 1135//6656 1165//6657
f 1142//6658 1153//6659 1265//6660
f 1265//6661 1153//6662 1164//6663
f 1265//6664 1164//6665 1179//6666
f 1265//6667 1135//6668 1142//6669
f 1135//6670 1265//6671 1256//6672
f 1256//6673 1250//6674 1135//6675
f 1135//6676 1216//6677 1209//6678
f 1135//6679 1209//6680 1198//6681
f 1165//6682 801//6683 795//6684
f 795//6685 788//6686 1165//6687
f 788//6688 779//6689 1165//6690
f 1165//6691 489//6692 787//6693
f 1165//6694 999//6695 1039//6696
f 1135//6697 1250//6698 1239//6699
f 1239//6700 1226//6701 1135//6702
f 1226//6703 1216//6704 1135//6705
f 1165//6706 386//6707 270//6708
f 1165//6709 787//6710 999//6711
f 1271//6712 1275//6713 1208//6714
f 1135//6715 1198//6716 1188//6717
f 1188//6718 1180//6719 1135//6720
f 1180//6721 1165//6722 1135//6723
f 1265//6724 1179//6725 1187//6726
f 1187//6727 1197//6728 1265//6729
f 1197//6730 1208//6731 1265//6732
f 1225//6733 1238//6734 1264//6735
f 1264//6736 1238//6737 1249//6738
f 1249//6739 1255//6740 1264//6741
f 1208//6742 1275//6743 1281//6744
f 1281//6745 1276//6746 1208//6747
f 1276//6748 1272//6749 1208//6750
f 1208//6751 1264//6752 1271//6753
f 1264//6754 1208//6755 1215//6756
f 1215//6757 1225//6758 1264//6759
f 40//6760 35//6761 31//6762
f 289//6763 238//6764 196//6765
f 488//6766 420//6767 296//6768
f 35//6769 55//6770 67//6771
f 239//6772 375//6773 220//6774
f 220//6775 223//6776 239//6777
f 285//6778 296//6779 420//6780
f 202//6781 209//6782 251//6783
f 375//6784 488//6785 296//6786
f 21//6787 15//6788 11//6789
f 18//6790 11//6791 15//6792
f 31//6793 24//6794 21//6795
f 28//6796 18//6797 15//6798
f 375//6799 296//6800 220//6801
f 220//6802 209//6803 237//6804
f 296//6805 285//6806 220//6807
f 209//6808 220//6809 285//6810
f 285//6811 251//6812 209//6813
f 35//6814 24//6815 31//6816
f 42//6817 34//6818 39//6819
f 42//6820 39//6821 49//6822
f 195//6823 289//6824 196//6825
f 36//6826 39//6827 34//6828
f 200//6829 223//6830 220//6831
f 210//6832 200//6833 220//6834
f 209//6835 198//6836 237//6837
f 198//6838 209//6839 197//6840
f 210//6841 220//6842 203//6843
f 198//6844 203//6845 220//6846
f 220//6847 237//6848 198//6849
f 202//6850 197//6851 209//6852
f 21//6853 24//6854 25//6855
f 23//6856 21//6857 25//6858
f 15//6859 21//6860 23//6861
f 36//6862 18//6863 28//6864
f 28//6865 48//6866 36//6867
f 39//6868 36//6869 66//6870
f 49//6871 39//6872 66//6873
f 25//6874 24//6875 35//6876
f 23//6877 28//6878 15//6879
f 202//6880 102//6881 197//6882
f 195//6883 81//6884 202//6885
f 196//6886 199//6887 195//6888
f 196//6889 238//6890 206//6891
f 66//6892 36//6893 48//6894
f 67//6895 45//6896 35//6897
f 45//6898 25//6899 35//6900
f 23//6901 26//6902 28//6903
f 26//6904 29//6905 28//6906
f 48//6907 28//6908 29//6909
f 25//6910 44//6911 23//6912
f 54//6913 48//6914 29//6915
f 44//6916 25//6917 45//6918
f 44//6919 26//6920 23//6921
f 66//6922 48//6923 54//6924
f 45//6925 67//6926 59//6927
f 44//6928 45//6929 47//6930
f 44//6931 38//6932 26//6933
f 29//6934 26//6935 38//6936
f 54//6937 82//6938 66//6939
f 29//6940 82//6941 54//6942
f 47//6943 45//6944 59//6945
f 29//6946 38//6947 65//6948
f 47//6949 51//6950 44//6951
f 67//6952 69//6953 59//6954
f 38//6955 44//6956 51//6957
f 65//6958 38//6959 51//6960
f 47//6961 59//6962 62//6963
f 62//6964 56//6965 47//6966
f 51//6967 47//6968 56//6969
f 29//6970 85//6971 82//6972
f 107//6973 69//6974 67//6975
f 59//6976 69//6977 107//6978
f 107//6979 62//6980 59//6981
f 61//6982 56//6983 62//6984
f 83//6985 62//6986 107//6987
f 51//6988 56//6989 61//6990
f 64//6991 51//6992 61//6993
f 51//6994 85//6995 65//6996
f 29//6997 65//6998 85//6999
f 85//7000 51//7001 64//7002
f 83//7003 61//7004 62//7005
f 89//7006 64//7007 61//7008
f 85//7009 64//7010 97//7011
f 61//7012 83//7013 81//7014
f 97//7015 64//7016 90//7017
f 107//7018 103//7019 83//7020
f 77//7021 61//7022 84//7023
f 77//7024 89//7025 61//7026
f 90//7027 85//7028 97//7029
f 103//7030 107//7031 193//7032
f 84//7033 61//7034 81//7035
f 81//7036 83//7037 103//7038
f 89//7039 113//7040 64//7041
f 90//7042 64//7043 113//7044
f 193//7045 107//7046 223//7047
f 77//7048 84//7049 81//7050
f 90//7051 238//7052 85//7053
f 238//7054 90//7055 113//7056
f 77//7057 81//7058 101//7059
f 193//7060 223//7061 200//7062
f 103//7063 102//7064 81//7065
f 101//7066 81//7067 106//7068
f 77//7069 101//7070 106//7071
f 106//7072 196//7073 77//7074
f 89//7075 77//7076 196//7077
f 113//7078 89//7079 196//7080
f 196//7081 206//7082 113//7083
f 238//7084 113//7085 206//7086
f 200//7087 210//7088 193//7089
f 103//7090 193//7091 210//7092
f 210//7093 203//7094 103//7095
f 198//7096 103//7097 203//7098
f 102//7099 103//7100 198//7101
f 198//7102 197//7103 102//7104
f 102//7105 202//7106 81//7107
f 81//7108 195//7109 106//7110
f 195//7111 199//7112 106//7113
f 106//7114 199//7115 196//7116
f 31//7117 41//7118 43//7119
f 24//7120 31//7121 43//7122
f 41//7123 31//7124 24//7125
f 18//7126 36//7127 37//7128
f 37//7129 34//7130 18//7131
f 36//7132 34//7133 46//7134
f 240//7135 234//7136 220//7137
f 242//7138 375//7139 220//7140
f 234//7141 242//7142 220//7143
f 220//7144 375//7145 240//7146
f 375//7147 242//7148 234//7149
f 240//7150 375//7151 234//7152
f 251//7153 235//7154 202//7155
f 195//7156 202//7157 235//7158
f 289//7159 195//7160 235//7161
f 251//7162 289//7163 235//7164
f 24//7165 43//7166 41//7167
f 46//7168 37//7169 36//7170
f 34//7171 37//7172 46//7173
f 1034//7174 1033//7175 1007//7176
f 50//7177 57//7178 40//7179
f 86//7180 70//7181 40//7182
f 57//7183 86//7184 40//7185
f 87//7186 70//7187 86//7188
f 86//7189 94//7190 87//7191
f 94//7192 192//7193 87//7194
f 192//7195 205//7196 87//7197
f 205//7198 246//7199 87//7200
f 250//7201 87//7202 246//7203
f 87//7204 250//7205 255//7206
f 246//7207 354//7208 250//7209
f 354//7210 419//7211 250//7212
f 478//7213 250//7214 419//7215
f 541//7216 551//7217 478//7218
f 419//7219 541//7220 478//7221
f 738//7222 478//7223 551//7224
f 551//7225 756//7226 738//7227
f 793//7228 756//7229 899//7230
f 551//7231 899//7232 756//7233
f 551//7234 895//7235 899//7236
f 935//7237 899//7238 895//7239
f 895//7240 907//7241 935//7242
f 948//7243 956//7244 935//7245
f 935//7246 977//7247 948//7248
f 935//7249 981//7250 977//7251
f 981//7252 985//7253 977//7254
f 1004//7255 977//7256 985//7257
f 958//7258 983//7259 1007//7260
f 1007//7261 969//7262 958//7263
f 965//7264 958//7265 969//7266
f 969//7267 950//7268 965//7269
f 908//7270 896//7271 950//7272
f 969//7273 908//7274 950//7275
f 896//7276 774//7277 950//7278
f 900//7279 950//7280 774//7281
f 786//7282 900//7283 774//7284
f 774//7285 759//7286 758//7287
f 758//7288 786//7289 774//7290
f 758//7291 732//7292 786//7293
f 729//7294 758//7295 759//7296
f 759//7297 556//7298 729//7299
f 494//7300 260//7301 556//7302
f 494//7303 290//7304 260//7305
f 290//7306 211//7307 260//7308
f 243//7309 260//7310 211//7311
f 204//7312 243//7313 211//7314
f 212//7315 204//7316 211//7317
f 211//7318 201//7319 212//7320
f 201//7321 99//7322 212//7323
f 93//7324 212//7325 99//7326
f 99//7327 95//7328 93//7329
f 95//7330 60//7331 93//7332
f 73//7333 93//7334 60//7335
f 60//7336 58//7337 73//7338
f 58//7339 53//7340 73//7341
f 53//7342 52//7343 49//7344
f 49//7345 73//7346 53//7347
f 42//7348 49//7349 52//7350
f 1052//7351 1034//7352 1044//7353
f 1070//7354 1073//7355 1072//7356
f 1069//7357 1072//7358 1073//7359
f 1043//7360 1069//7361 1073//7362
f 1043//7363 1042//7364 1063//7365
f 1029//7366 1031//7367 1032//7368
f 21//7369 11//7370 14//7371
f 14//7372 7//7373 21//7374
f 11//7375 10//7376 14//7377
f 11//7378 16//7379 10//7380
f 16//7381 20//7382 10//7383
f 16//7384 19//7385 20//7386
f 19//7387 27//7388 20//7389
f 27//7390 30//7391 20//7392
f 50//7393 40//7394 31//7395
f 31//7396 32//7397 50//7398
f 31//7399 22//7400 32//7401
f 22//7402 31//7403 21//7404
f 22//7405 21//7406 7//7407
f 1015//7408 1004//7409 985//7410
f 1015//7411 985//7412 1006//7413
f 1006//7414 1014//7415 1015//7416
f 1014//7417 1020//7418 1015//7419
f 1020//7420 1024//7421 1015//7422
f 1032//7423 1042//7424 1029//7425
f 1029//7426 1042//7427 1015//7428
f 1015//7429 1024//7430 1029//7431
f 1007//7432 996//7433 1034//7434
f 983//7435 996//7436 1007//7437
f 30//7438 27//7439 34//7440
f 34//7441 33//7442 30//7443
f 33//7444 34//7445 42//7446
f 42//7447 52//7448 33//7449
f 10//7450 7//7451 14//7452
f 5//7453 7//7454 10//7455
f 7//7456 5//7457 12//7458
f 12//7459 17//7460 7//7461
f 17//7462 22//7463 7//7464
f 1//7465 12//7466 5//7467
f 1//7468 5//7469 2//7470
f 3//7471 2//7472 4//7473
f 2//7474 3//7475 1//7476
f 5//7477 8//7478 2//7479
f 4//7480 2//7481 8//7482
f 13//7483 6//7484 9//7485
f 30//7486 13//7487 9//7488
f 6//7489 3//7490 4//7491
f 6//7492 4//7493 8//7494
f 8//7495 5//7496 10//7497
f 20//7498 30//7499 9//7500
f 20//7501 9//7502 10//7503
f 8//7504 10//7505 9//7506
f 9//7507 6//7508 8//7509
f 1052//7510 1080//7511 1105//7512
f 1105//7513 1033//7514 1052//7515
f 1041//7516 1052//7517 1033//7518
f 1033//7519 1034//7520 1041//7521
f 1093//7522 1105//7523 1080//7524
f 1052//7525 1041//7526 1034//7527
f 1062//7528 1052//7529 1044//7530
f 1052//7531 1062//7532 1070//7533
f 1052//7534 1068//7535 1080//7536
f 1052//7537 1070//7538 1068//7539
f 1072//7540 1068//7541 1070//7542
f 1068//7543 1072//7544 1080//7545
f 1072//7546 1079//7547 1080//7548
f 1105//7549 1093//7550 1204//7551
f 1080//7552 1079//7553 1093//7554
f 1042//7555 1032//7556 1045//7557
f 1063//7558 1079//7559 1069//7560
f 1043//7561 1063//7562 1069//7563
f 1069//7564 1079//7565 1072//7566
f 1045//7567 1063//7568 1042//7569
f 1050//7570 1063//7571 1045//7572
f 1074//7573 1063//7574 1050//7575
f 1037//7576 1045//7577 1032//7578
f 1115//7579 1063//7580 1074//7581
f 1031//7582 1036//7583 1037//7584
f 1037//7585 1032//7586 1031//7587
f 1036//7588 1046//7589 1045//7590
f 1045//7591 1037//7592 1036//7593
f 1074//7594 1051//7595 1066//7596
f 1051//7597 1074//7598 1050//7599
f 1046//7600 1051//7601 1050//7602
f 1046//7603 1050//7604 1045//7605
f 1063//7606 1115//7607 1079//7608
f 1286//7609 1079//7610 1115//7611
f 1207//7612 1093//7613 1079//7614
f 1093//7615 1291//7616 1204//7617
f 3//7618 6//7619 1095//7620
f 57//7621 50//7622 1098//7623
f 22//7624 17//7625 1096//7626
f 1095//7627 1096//7628 17//7629
f 1095//7630 12//7631 1//7632
f 1098//7633 86//7634 57//7635
f 1294//7636 1145//7637 1171//7638
f 1171//7639 1257//7640 1294//7641
f 1291//7642 1294//7643 1257//7644
f 17//7645 12//7646 1095//7647
f 1109//7648 192//7649 94//7650
f 94//7651 1098//7652 1109//7653
f 94//7654 86//7655 1098//7656
f 1109//7657 1114//7658 354//7659
f 354//7660 246//7661 1109//7662
f 907//7663 895//7664 1119//7665
f 1294//7666 1074//7667 1145//7668
f 6//7669 13//7670 1095//7671
f 1097//7672 1095//7673 13//7674
f 13//7675 30//7676 1097//7677
f 205//7678 192//7679 1109//7680
f 246//7681 205//7682 1109//7683
f 419//7684 354//7685 1114//7686
f 895//7687 551//7688 1119//7689
f 551//7690 541//7691 1119//7692
f 1114//7693 1119//7694 541//7695
f 541//7696 419//7697 1114//7698
f 1119//7699 1145//7700 1074//7701
f 1074//7702 1066//7703 1119//7704
f 1257//7705 1204//7706 1291//7707
f 1105//7708 1204//7709 1257//7710
f 1105//7711 1257//7712 1141//7713
f 1098//7714 50//7715 32//7716
f 32//7717 1096//7718 1098//7719
f 32//7720 22//7721 1096//7722
f 1036//7723 1024//7724 1020//7725
f 1024//7726 1036//7727 1031//7728
f 1031//7729 1029//7730 1024//7731
f 1125//7732 494//7733 556//7734
f 1125//7735 556//7736 759//7737
f 759//7738 774//7739 1125//7740
f 1110//7741 211//7742 290//7743
f 1125//7744 1110//7745 290//7746
f 290//7747 494//7748 1125//7749
f 201//7750 211//7751 1110//7752
f 1097//7753 30//7754 33//7755
f 1099//7756 1097//7757 33//7758
f 33//7759 52//7760 1099//7761
f 1095//7762 1//7763 3//7764
f 1066//7765 907//7766 1119//7767
f 907//7768 1066//7769 1051//7770
f 1036//7771 1020//7772 1014//7773
f 1036//7774 1014//7775 1006//7776
f 1006//7777 1046//7778 1036//7779
f 1046//7780 1006//7781 985//7782
f 1110//7783 99//7784 201//7785
f 1046//7786 985//7787 981//7788
f 981//7789 1051//7790 1046//7791
f 1051//7792 981//7793 935//7794
f 1007//7795 1033//7796 908//7797
f 1033//7798 1105//7799 908//7800
f 774//7801 896//7802 1125//7803
f 1126//7804 1125//7805 896//7806
f 896//7807 908//7808 1126//7809
f 1123//7810 1126//7811 908//7812
f 1123//7813 908//7814 1105//7815
f 1105//7816 1141//7817 1123//7818
f 1103//7819 60//7820 95//7821
f 1110//7822 1103//7823 95//7824
f 95//7825 99//7826 1110//7827
f 1099//7828 52//7829 53//7830
f 53//7831 58//7832 1099//7833
f 1103//7834 1099//7835 58//7836
f 58//7837 60//7838 1103//7839
f 935//7840 907//7841 1051//7842
f 969//7843 1007//7844 908//7845
f 1074//7846 1294//7847 1286//7848
f 1115//7849 1074//7850 1286//7851
f 1291//7852 1093//7853 1224//7854
f 1294//7855 1291//7856 1286//7857
f 1291//7858 1224//7859 1286//7860
f 1093//7861 1207//7862 1286//7863
f 1286//7864 1224//7865 1093//7866
f 1207//7867 1079//7868 1286//7869
f 1123//7870 1125//7871 1126//7872
f 1110//7873 1125//7874 1101//7875
f 1101//7876 1103//7877 1110//7878
f 1101//7879 1099//7880 1103//7881
f 1101//7882 1097//7883 1099//7884
f 1101//7885 1095//7886 1097//7887
f 1101//7888 1096//7889 1095//7890
f 1101//7891 1098//7892 1096//7893
f 1101//7894 1109//7895 1098//7896
f 1101//7897 1114//7898 1109//7899
f 1101//7900 1119//7901 1114//7902
f 1247//7903 1257//7904 1171//7905
f 1123//7906 1101//7907 1125//7908
f 1214//7909 1232//7910 1247//7911
f 1247//7912 1171//7913 1214//7914
f 1145//7915 1214//7916 1171//7917
f 1155//7918 1123//7919 1141//7920
f 1155//7921 1101//7922 1123//7923
f 1101//7924 1155//7925 1145//7926
f 1145//7927 1119//7928 1101//7929
f 1170//7930 1214//7931 1145//7932
f 1170//7933 1232//7934 1214//7935
f 1170//7936 1247//7937 1232//7938
f 1170//7939 1257//7940 1247//7941
f 1257//7942 1170//7943 1236//7944
f 1257//7945 1236//7946 1234//7947
f 1257//7948 1234//7949 1155//7950
f 1155//7951 1141//7952 1257//7953
f 1234//7954 1236//7955 1170//7956
f 1155//7957 1234//7958 1170//7959
f 1145//7960 1155//7961 1170//7962
