# decimated from Yaskawa CAD (ROS-Industrial motoman, BSD-3-Clause)
v -0.138058 0.026533 0.044133
v -0.137054 0.032000 0.048498
v -0.132795 0.032158 0.045474
v -0.133135 0.026698 0.094852
v -0.131195 0.030681 0.090761
v -0.133122 0.032500 0.087704
v -0.132123 0.032500 0.048066
v -0.131991 -0.028800 0.043839
v -0.131991 0.028800 0.043839
v -0.132270 -0.029380 0.044217
v -0.131988 0.029348 0.043875
v -0.131978 -0.029887 0.043981
v -0.131978 0.029887 0.043981
v -0.131963 -0.030407 0.044157
v -0.131963 0.030407 0.044157
v -0.131942 -0.030900 0.044399
v -0.131942 0.030900 0.044399
v -0.131915 -0.031357 0.044703
v -0.135173 -0.031153 0.045638
v -0.131848 -0.032132 0.045476
v -0.131808 -0.032437 0.045931
v -0.131765 -0.032680 0.046422
v -0.131266 0.006276 0.042239
v -0.131720 -0.032857 0.046940
v -0.131673 -0.032964 0.047477
v -0.131625 -0.033000 0.048023
v -0.131625 0.033000 0.048023
v -0.130844 0.016411 0.042502
v -0.128402 0.006951 0.038508
v -0.128689 0.032500 0.087316
v -0.128216 -0.030165 0.090962
v -0.128366 0.028800 0.091002
v -0.132209 -0.033721 0.080704
v -0.128191 0.033000 0.087273
v -0.128143 -0.032964 0.087819
v -0.128438 0.032623 0.088230
v -0.128096 -0.032857 0.088356
v -0.128096 0.032857 0.088356
v -0.128051 -0.032680 0.088874
v -0.128051 0.032680 0.088874
v -0.128008 -0.032437 0.089365
v -0.128008 0.032437 0.089365
v -0.127968 -0.032132 0.089820
v -0.127968 0.032132 0.089820
v -0.131798 -0.030889 0.090218
v -0.127932 0.031770 0.090231
v -0.127900 -0.031357 0.090592
v -0.127900 0.031357 0.090592
v -0.127874 -0.030900 0.090896
v -0.127853 0.030407 0.091138
v -0.127837 -0.029887 0.091314
v -0.127837 0.029887 0.091314
v -0.127828 -0.029348 0.091421
v -0.128135 0.029368 0.091216
v -0.127825 -0.028800 0.091457
v -0.127825 0.028800 0.091457
v -0.124722 0.016417 0.097664
v -0.126127 0.011320 0.040557
v -0.118421 0.016801 0.093138
v -0.123970 0.015494 0.038514
v -0.125490 0.005334 0.092422
v -0.126136 0.015335 0.091378
v -0.119002 0.008816 0.096928
v -0.120607 0.004987 0.039138
v -0.120943 0.011318 0.093630
v -0.114348 0.007371 0.093308
v -0.116363 -0.017136 0.113807
v -0.115858 -0.033612 0.116588
v -0.109109 -0.025496 0.107521
v -0.116545 -0.028052 0.109585
v -0.116249 -0.029587 0.110270
v -0.116574 -0.024811 0.108956
v -0.111421 -0.028398 0.107844
v -0.115678 -0.022572 0.109124
v -0.115012 -0.021747 0.125676
v -0.116256 -0.020409 0.110236
v -0.112976 -0.033250 0.112733
v -0.115369 -0.018244 0.111987
v -0.115153 -0.017679 0.112383
v -0.115112 -0.016405 0.115871
v -0.112208 -0.034434 0.115825
v -0.115362 -0.032950 0.120946
v -0.115246 -0.017632 0.122099
v -0.115197 -0.030622 0.124128
v -0.114120 -0.018902 0.124023
v -0.110869 -0.029610 0.125803
v -0.108895 -0.021638 0.126254
v -0.111288 0.017465 0.040327
v -0.112317 0.004593 0.041339
v -0.111389 -0.000656 0.107792
v -0.110622 -0.028800 0.041969
v -0.110621 -0.029902 0.042116
v -0.110615 -0.029366 0.041999
v -0.110615 0.029366 0.041999
v -0.110608 -0.030468 0.042309
v -0.110601 0.028800 0.041967
v -0.110591 0.030865 0.042504
v -0.110541 0.019162 0.041962
v -0.110217 0.029141 0.039409
v -0.110523 0.030074 0.042159
v -0.110520 0.002793 0.039702
v -0.110510 0.002928 0.041936
v -0.110509 -0.031781 0.043193
v -0.110217 0.032587 0.044104
v -0.110508 0.002971 0.039507
v -0.110507 -0.028500 0.039506
v -0.110500 -0.029195 0.039928
v -0.110452 -0.032465 0.044098
v -0.110452 -0.028769 0.041907
v -0.110437 0.031354 0.042822
v -0.110406 0.002791 0.039338
v -0.110391 -0.029074 0.039319
v -0.110384 0.003050 0.041828
v -0.110350 0.002793 0.041644
v -0.110345 -0.028789 0.041697
v -0.110343 0.029320 0.041720
v -0.108296 -0.036404 0.033104
v -0.110301 -0.032970 0.045589
v -0.110293 -0.032803 0.044878
v -0.110272 0.032990 0.045807
v -0.110268 -0.031215 0.042701
v -0.110244 -0.033000 0.046145
v -0.110199 0.003071 0.039173
v -0.110187 -0.028517 0.039175
v -0.110182 -0.032136 0.043584
v -0.110141 0.033020 0.046144
v -0.109878 -0.035139 0.043105
v -0.110682 0.010543 0.112831
v -0.110139 0.035484 0.122030
v -0.110005 -0.033115 0.046131
v -0.109989 -0.037250 0.036594
v -0.109625 0.036327 0.043604
v -0.109985 0.033163 0.046129
v -0.109958 -0.033300 0.046127
v -0.109958 0.033300 0.046127
v -0.109953 -0.035000 0.046177
v -0.109920 0.034601 0.046551
v -0.109850 0.035309 0.046167
v -0.109816 -0.035345 0.046165
v -0.109766 -0.028500 0.039134
v -0.109766 0.028500 0.039134
v -0.109695 0.035440 0.046154
v -0.109784 0.018631 0.121970
v -0.109648 -0.035470 0.046150
v -0.109862 -0.002299 0.127293
v -0.109488 0.035499 0.046136
v -0.109156 -0.035501 0.046105
v -0.109156 0.035500 0.046107
v -0.111302 -0.018592 0.109543
v -0.108013 -0.031769 0.111143
v -0.107858 -0.025083 0.108484
v -0.107929 -0.020351 0.109535
v -0.107902 0.004946 0.090549
v -0.108006 -0.029861 0.109538
v -0.107515 -0.033918 0.117648
v -0.107428 -0.049077 0.023984
v -0.115376 -0.015877 0.118837
v -0.107294 0.050000 0.025517
v -0.106761 -0.032559 0.120366
v -0.107410 -0.016341 0.115652
v -0.106955 -0.017261 0.120963
v -0.106835 -0.016978 0.119263
v -0.107198 -0.033531 0.116768
v -0.109102 -0.031110 0.124678
v -0.106941 -0.019882 0.124203
v -0.106822 -0.033000 0.085403
v -0.106822 0.033000 0.085403
v -0.105685 -0.021036 0.124193
v -0.106712 0.032803 0.086673
v -0.106707 -0.032805 0.086660
v -0.106707 0.033020 0.085393
v -0.108092 0.037024 0.031733
v -0.106724 -0.031066 0.122846
v -0.106625 -0.032451 0.087483
v -0.106624 -0.033080 0.085386
v -0.106704 -0.018928 0.110243
v -0.106587 0.032465 0.087455
v -0.106560 -0.031745 0.088384
v -0.106546 0.033172 0.085379
v -0.106528 -0.035000 0.085327
v -0.106524 0.033300 0.085377
v -0.106523 -0.033240 0.085384
v -0.106521 -0.031177 0.088847
v -0.106505 0.031487 0.088611
v -0.106501 -0.035183 0.085325
v -0.106476 0.032970 0.085942
v -0.106475 -0.032968 0.085948
v -0.106462 -0.029349 0.089559
v -0.106462 0.030877 0.089045
v -0.106458 0.030185 0.089352
v -0.106456 -0.028800 0.089587
v -0.106456 0.002793 0.089587
v -0.106456 0.028800 0.089587
v -0.106454 0.029366 0.089557
v -0.106438 -0.030474 0.089243
v -0.106365 -0.035371 0.085313
v -0.106345 0.035147 0.087352
v -0.106335 -0.028775 0.089599
v -0.106329 0.002918 0.089603
v -0.106313 0.035416 0.085309
v -0.106304 -0.032144 0.087910
v -0.106297 0.032082 0.087996
v -0.106180 -0.029956 0.089402
v -0.106159 0.019001 0.089564
v -0.106147 0.029229 0.089691
v -0.106138 -0.028784 0.089785
v -0.106137 0.002996 0.089799
v -0.106101 -0.035499 0.085291
v -0.105613 0.029002 0.092045
v -0.105594 0.034932 0.088762
v -0.103980 -0.035826 0.116881
v -0.105816 -0.030521 0.090841
v -0.105961 -0.028500 0.091803
v -0.105961 0.002793 0.091803
v -0.106243 0.018126 0.092194
v -0.105918 0.002973 0.091989
v -0.105914 -0.028501 0.091994
v -0.105738 -0.029157 0.092180
v -0.105731 -0.035500 0.085258
v -0.105731 0.035500 0.085258
v -0.105674 0.002796 0.092227
v -0.105477 0.018732 0.092262
v -0.105463 -0.028500 0.092259
v -0.105422 0.003071 0.092257
v -0.105121 -0.028500 0.092231
v -0.105121 0.028500 0.092231
v -0.105792 -0.036274 0.087535
v -0.104899 0.037250 0.094771
v -0.104280 -0.048000 0.023245
v -0.104280 0.048000 0.023245
v -0.104131 0.052000 0.011186
v -0.103221 0.058181 0.013075
v -0.104106 -0.050000 0.025238
v -0.104106 0.050000 0.025238
v -0.104084 -0.042750 0.025487
v -0.104084 0.042750 0.025487
v -0.103064 0.046921 0.026824
v -0.102590 -0.055601 0.011563
v -0.102453 -0.024973 0.104769
v -0.103648 -0.047750 0.030468
v -0.103648 0.047750 0.030468
v -0.101289 -0.016075 0.110128
v -0.103259 0.062000 0.021148
v -0.102889 0.042750 0.025382
v -0.103099 -0.046340 0.026301
v -0.102453 -0.047750 0.030363
v -0.101613 -0.033967 0.121366
v -0.101110 -0.024061 0.107213
v -0.101142 -0.052000 0.010925
v -0.101134 0.053532 0.011011
v -0.101107 0.052115 0.011322
v -0.101102 0.052115 0.011212
v -0.101101 -0.052116 0.011212
v -0.100714 -0.020008 0.108868
v -0.101085 0.055429 0.011529
v -0.101049 -0.052116 0.011078
v -0.101049 0.052115 0.011078
v -0.100727 -0.020357 0.107009
v -0.100953 -0.052116 0.010971
v -0.100953 0.052115 0.010971
v -0.100925 -0.054500 0.011118
v -0.100825 -0.052116 0.010905
v -0.100825 0.052115 0.010905
v -0.100685 -0.033022 0.110756
v -0.100719 -0.052117 0.010888
v -0.100719 0.052115 0.010888
v -0.102435 -0.061668 0.018613
v -0.100760 -0.028048 0.106461
v -0.100475 -0.015000 0.114927
v -0.102100 0.061428 0.018079
v -0.100271 -0.062000 0.020887
v -0.100271 0.062000 0.020887
v -0.100268 -0.061832 0.020874
v -0.100265 0.061840 0.020893
v -0.100658 -0.031389 0.108103
v -0.100808 -0.024467 0.107494
v -0.100025 -0.062130 0.020406
v -0.101468 -0.016124 0.114676
v -0.100100 -0.034070 0.117591
v -0.099994 0.062125 0.020897
v -0.099737 -0.034810 0.113499
v -0.099993 -0.014894 0.114998
v -0.099921 -0.052135 0.010867
v -0.099760 0.053300 0.010924
v -0.100242 -0.017869 0.111197
v -0.100223 0.003177 0.106318
v -0.107728 0.022833 0.107255
v -0.101514 0.035481 0.100850
v -0.099775 -0.062137 0.020672
v -0.100258 -0.016281 0.122377
v -0.099644 0.052137 0.010849
v -0.099643 -0.052136 0.010849
v -0.099534 -0.033690 0.121142
v -0.100061 -0.024966 0.127509
v -0.098993 -0.016537 0.121781
v -0.099254 -0.052136 0.010774
v -0.099254 0.052136 0.010774
v -0.099170 -0.052991 0.010847
v -0.100286 -0.031802 0.110496
v -0.099558 -0.017758 0.121348
v -0.098954 0.062159 0.019627
v -0.098600 0.008107 0.124896
v -0.099094 -0.029918 0.125320
v -0.098908 -0.062160 0.019203
v -0.098907 0.052136 0.010662
v -0.098867 -0.052136 0.010649
v -0.098811 0.052136 0.010622
v -0.099145 -0.026892 0.125511
v -0.098584 -0.052136 0.010513
v -0.098584 0.052136 0.010513
v -0.098525 -0.061780 0.040834
v -0.098525 0.061780 0.040834
v -0.098479 -0.061983 0.040771
v -0.098460 0.062003 0.040832
v -0.098443 0.062179 0.019106
v -0.098396 -0.052136 0.010403
v -0.098396 0.052136 0.010403
v -0.098283 -0.052136 0.010328
v -0.098283 0.052136 0.010328
v -0.098277 -0.062150 0.040812
v -0.098275 0.062151 0.040812
v -0.097873 0.053880 0.010208
v -0.098142 -0.062180 0.040800
v -0.098142 0.062180 0.040800
v -0.098021 -0.052136 0.010123
v -0.098021 0.052136 0.010123
v -0.097889 -0.042176 0.010000
v -0.097889 0.042171 0.010000
v -0.097876 -0.062238 0.018711
v -0.097560 0.062283 0.018484
v -0.101846 -0.039637 0.097586
v -0.097358 0.050000 0.139083
v -0.097184 -0.048000 0.141075
v -0.097184 0.048000 0.141075
v -0.097153 -0.062375 0.018149
v -0.097117 0.062415 0.018013
v -0.099399 -0.059818 0.013873
v -0.097668 0.061837 0.014159
v -0.097627 -0.055865 0.010542
v -0.097000 -0.041750 0.010000
v -0.097000 0.041750 0.007000
v -0.097000 0.041750 0.010000
v -0.096284 0.049261 0.000947
v -0.096599 0.086948 0.002693
v -0.096712 -0.061827 0.061561
v -0.096712 0.061827 0.061561
v -0.096693 0.061949 0.061559
v -0.096655 -0.062040 0.061555
v -0.096605 0.062100 0.061551
v -0.096530 0.062581 0.017608
v -0.096463 -0.062198 0.061538
v -0.096461 0.062199 0.061538
v -0.096896 0.066834 0.013813
v -0.096328 -0.062227 0.061526
v -0.096328 0.062227 0.061526
v -0.096304 -0.062659 0.017429
v -0.095851 0.062912 0.016972
v -0.095706 -0.063036 0.016787
v -0.095651 -0.063410 0.016281
v -0.100424 0.001336 0.192243
v -0.094464 -0.086047 0.014293
v -0.095475 0.063292 0.016442
v -0.095337 -0.085501 0.000000
v -0.095210 0.064651 0.015234
v -0.095161 0.063686 0.016006
v -0.099322 -0.049686 0.001350
v -0.095096 -0.064096 0.015629
v -0.095087 0.064152 0.015587
v -0.095075 -0.065733 0.014745
v -0.095073 0.065730 0.014748
v -0.095069 -0.065248 0.014932
v -0.095068 0.065188 0.014954
v -0.095055 -0.064725 0.015194
v -0.094994 0.066445 0.014573
v -0.094899 -0.061875 0.082287
v -0.094899 0.061875 0.082287
v -0.094880 0.061996 0.082285
v -0.094842 -0.062088 0.082281
v -0.095860 0.045163 0.008996
v -0.094792 0.062147 0.082277
v -0.094650 -0.062245 0.082264
v -0.094648 0.062246 0.082264
v -0.094628 -0.047750 0.133574
v -0.094628 0.047750 0.133574
v -0.094514 0.062275 0.082252
v -0.094513 -0.062275 0.082252
v -0.094500 -0.041750 0.007000
v -0.096292 -0.044063 0.009738
v -0.094192 -0.042750 0.138555
v -0.094192 0.042750 0.138555
v -0.094170 -0.050000 0.138804
v -0.094170 0.050000 0.138804
v -0.093996 -0.048000 0.140796
v -0.093996 0.048000 0.140796
v -0.093881 -0.088326 -0.000000
v -0.093432 0.047750 0.133469
v -0.093085 -0.061922 0.103013
v -0.093085 0.061922 0.103013
v -0.093067 0.062044 0.103011
v -0.093029 -0.062135 0.103007
v -0.093297 -0.046655 0.137249
v -0.092997 -0.042750 0.138450
v -0.093206 0.046317 0.137616
v -0.092979 0.062195 0.103003
v -0.092837 -0.062293 0.102991
v -0.092835 0.062294 0.102990
v -0.092700 0.062322 0.102978
v -0.092699 -0.062322 0.102978
v -0.091840 -0.059427 0.007748
v -0.092452 -0.062000 0.144676
v -0.089856 0.061486 0.152129
v -0.091272 -0.061970 0.123739
v -0.091272 0.061970 0.123739
v -0.091253 0.062091 0.123737
v -0.091208 -0.062190 0.123761
v -0.091165 0.062242 0.123729
v -0.084422 0.095403 0.014718
v -0.091024 -0.062340 0.123717
v -0.091021 0.062341 0.123717
v -0.090886 0.062370 0.123705
v -0.090885 -0.062370 0.123705
v -0.081075 -0.066099 0.014634
v -0.088935 -0.056266 0.165470
v -0.090118 -0.062000 0.136933
v -0.090117 0.062000 0.136945
v -0.088044 0.056493 0.165935
v -0.089440 0.062139 0.144464
v -0.089430 -0.062185 0.144410
v -0.089372 0.062278 0.144413
v -0.087315 -0.061558 0.009998
v -0.089216 0.062407 0.145461
v -0.089228 -0.062381 0.144474
v -0.089126 0.062416 0.144432
v -0.089071 -0.062417 0.144431
v -0.086729 -0.031944 0.183465
v -0.088994 -0.062306 0.147989
v -0.089999 -0.060630 0.155556
v -0.088717 -0.095304 0.001471
v -0.094892 0.080106 0.014348
v -0.085909 0.006061 0.185577
v -0.086415 -0.045893 0.177188
v -0.087506 0.038263 0.181926
v -0.085524 0.005455 0.185937
v -0.084588 -0.015507 0.185959
v -0.087493 -0.008734 0.195123
v -0.086722 -0.076323 0.014000
v -0.087052 -0.004007 0.184618
v -0.084086 0.067491 0.014596
v -0.089614 0.060994 0.006795
v -0.091490 -0.060164 0.003765
v -0.084000 -0.057000 0.004600
v -0.083220 -0.058240 0.005789
v -0.084000 -0.000000 0.005800
v -0.084000 0.057000 0.004600
v -0.076650 -0.073180 0.000000
v -0.085300 0.002814 0.196456
v -0.083307 0.062414 0.000000
v -0.083548 -0.062290 0.000035
v -0.060626 0.061708 0.009837
v -0.080277 -0.097346 -0.000000
v -0.085759 0.075446 -0.000000
v -0.082095 -0.008399 0.197000
v -0.082000 -0.059000 0.004600
v -0.082000 0.059000 0.004600
v -0.083248 0.058252 0.005805
v -0.081863 -0.008829 0.197000
v -0.083068 -0.007732 0.187784
v -0.076376 -0.045894 0.006129
v -0.081515 -0.011573 0.197000
v -0.091019 0.090021 -0.000000
v -0.083215 0.096645 0.014217
v -0.079171 -0.086197 0.014000
v -0.078500 -0.044000 0.007000
v -0.078500 -0.000000 0.005800
v -0.078500 0.044000 0.007000
v -0.078462 0.044390 0.007000
v -0.084012 -0.086507 0.000000
v -0.081977 0.087376 0.014001
v -0.077524 0.097510 0.000000
v -0.086403 -0.094844 0.014648
v -0.073605 0.078064 -0.000000
v -0.071588 -0.077460 0.014249
v -0.075559 0.084104 -0.000000
v -0.080558 0.017583 0.189661
v -0.076307 0.000622 0.197626
v -0.074323 -0.082009 -0.000000
v -0.070355 0.030347 0.197938
v -0.078769 0.072497 0.014000
v -0.069691 -0.053189 0.006769
v -0.072413 0.069363 0.014459
v -0.075482 -0.034435 0.197000
v -0.074180 -0.018614 0.198915
v -0.075182 0.046697 0.005974
v -0.070364 -0.029568 0.197000
v -0.088307 -0.048785 0.175197
v -0.070287 0.052883 0.006818
v -0.067359 0.048904 0.196885
v -0.068100 -0.086971 0.014409
v -0.066935 -0.060232 0.009099
v -0.068687 -0.062951 0.144965
v -0.068687 0.062951 0.144965
v -0.068591 -0.046335 0.197000
v -0.066771 0.062961 0.147868
v -0.063869 -0.052737 0.196972
v -0.067373 -0.035868 0.197000
v -0.066389 -0.062844 0.149897
v -0.063541 -0.058973 0.168796
v -0.054529 0.053944 0.197879
v -0.065821 0.086710 -0.000000
v -0.066437 0.082860 0.015012
v -0.065582 0.082257 -0.000000
v -0.062950 0.062318 0.161689
v -0.063387 0.080047 0.000000
v -0.063387 0.080047 0.015340
v -0.058012 -0.059969 0.181112
v -0.063000 0.062425 0.000000
v -0.062800 0.079693 0.000000
v -0.062800 0.079693 0.015356
v -0.062752 -0.063116 0.020058
v -0.062741 0.063107 0.153754
v -0.062738 -0.063107 0.020355
v -0.062738 -0.063107 0.153754
v -0.062738 0.063107 0.020355
v -0.062728 0.063125 0.019929
v -0.062724 0.068077 0.015357
v -0.062720 -0.063174 0.019538
v -0.062718 0.063181 0.019499
v -0.062714 0.063503 0.018399
v -0.058547 -0.066574 0.015585
v -0.062702 0.064159 0.017281
v -0.062697 -0.063307 0.018942
v -0.060592 -0.063471 0.019018
v -0.062694 -0.065149 0.016323
v -0.062694 -0.064639 0.016755
v -0.062694 0.066010 0.015817
v -0.062690 -0.064199 0.017238
v -0.062690 0.065063 0.016383
v -0.062688 0.065576 0.016046
v -0.062684 0.064572 0.016822
v -0.062683 -0.063846 0.017735
v -0.062680 0.063798 0.017819
v -0.062679 -0.066110 0.015768
v -0.062656 0.067369 0.015410
v -0.062622 0.066607 0.015587
v -0.062255 0.063130 0.155587
v -0.062318 0.063127 0.020361
v -0.062316 -0.063127 0.020361
v -0.062177 0.079409 0.000000
v -0.062177 0.079409 0.015372
v -0.064239 0.089528 0.015318
v -0.061912 0.063163 0.020366
v -0.061901 -0.063164 0.020366
v -0.061898 0.063164 0.156868
v -0.061868 -0.063167 0.156976
v -0.061780 -0.063178 0.020368
v -0.061745 -0.065584 0.016080
v -0.062497 -0.062951 0.159573
v -0.061258 0.063255 0.159036
v -0.061525 0.079197 0.000000
v -0.061525 0.079197 0.015389
v -0.063565 0.090016 -0.000000
v -0.061525 0.090803 0.015389
v -0.061520 0.063322 0.019035
v -0.061322 -0.063244 0.158819
v -0.061489 -0.063218 0.020372
v -0.061467 0.063220 0.020371
v -0.061101 -0.063284 0.020377
v -0.061048 -0.063296 0.159687
v -0.061047 0.063296 0.159688
v -0.061046 0.063296 0.020378
v -0.060939 0.062522 0.000000
v -0.060854 0.079061 0.000000
v -0.060854 0.079061 0.015406
v -0.060854 0.090939 0.000000
v -0.060854 0.090939 0.015406
v -0.060820 -0.063344 0.160385
v -0.060626 -0.063389 0.020383
v -0.060524 -0.063415 0.161249
v -0.060606 0.063393 0.020383
v -0.060589 0.063396 0.161076
v -0.060245 -0.063490 0.020388
v -0.060212 0.063500 0.162121
v -0.060211 0.063500 0.020389
v -0.060178 -0.063509 0.162224
v -0.060171 0.079002 0.000000
v -0.060171 0.079002 0.015424
v -0.060171 0.090998 0.000000
v -0.060171 0.090998 0.015424
v -0.059992 -0.063566 0.020391
v -0.059467 -0.063636 0.166247
v -0.059727 -0.063654 0.020393
v -0.059847 0.063611 0.163135
v -0.059731 0.063651 0.020408
v -0.054004 0.081650 -0.000000
v -0.059487 0.079022 0.015442
v -0.052985 0.085654 0.017001
v -0.059398 0.063774 0.164138
v -0.059397 -0.063775 0.020399
v -0.059397 0.063775 0.020399
v -0.059375 -0.063783 0.164191
v -0.059155 -0.063872 0.164667
v -0.059101 -0.063895 0.020403
v -0.058853 -0.064003 0.165277
v -0.059001 0.063936 0.164996
v -0.058735 -0.064056 0.020408
v -0.058749 0.064094 0.019509
v -0.058614 0.064116 0.165705
v -0.058609 0.064119 0.020409
v -0.058597 -0.064124 0.165746
v -0.058178 -0.064341 0.166386
v -0.058355 -0.064248 0.020412
v -0.070043 0.048121 0.176509
v -0.058172 0.064344 0.020412
v -0.058063 0.064281 0.167986
v -0.058143 0.064360 0.166468
v -0.057937 -0.064478 0.020418
v -0.057855 0.064529 0.166838
v -0.057854 0.064529 0.020419
v -0.057825 -0.064546 0.166880
v -0.057644 -0.064659 0.020422
v -0.057509 -0.064878 0.019013
v -0.057543 0.064721 0.167182
v -0.057565 0.064707 0.020423
v -0.057393 -0.064822 0.167309
v -0.057141 0.064999 0.167483
v -0.057137 -0.065003 0.020428
v -0.057113 0.065018 0.020428
v -0.057107 -0.065023 0.167502
v -0.056800 0.065256 0.167533
v -0.056781 -0.065270 0.020433
v -0.056921 -0.065047 0.168593
v -0.056696 -0.065338 0.167637
v -0.056467 -0.065532 0.167630
v -0.056463 -0.065536 0.020437
v -0.056463 0.065536 0.020438
v -0.056463 0.065536 0.167629
v -0.056201 -0.065768 0.020450
v -0.055962 -0.065938 0.168209
v -0.056353 0.065632 0.020400
v -0.056113 0.065853 0.020442
v -0.055959 0.066002 0.167389
v -0.055741 -0.063385 0.007486
v -0.055837 -0.066125 0.020446
v -0.055834 -0.066129 0.167272
v -0.055833 0.066129 0.167269
v -0.055826 0.066137 0.020446
v -0.055570 -0.066410 0.020444
v -0.056142 0.065749 0.168311
v -0.055545 0.066436 0.166917
v -0.055606 -0.066369 0.167019
v -0.055541 0.066443 0.020450
v -0.055422 0.066578 0.020451
v -0.055289 0.066735 0.166466
v -0.055284 -0.066742 0.166449
v -0.055266 0.066764 0.020453
v -0.055263 -0.066767 0.020455
v -0.058497 0.062247 0.007000
v -0.055219 -0.066833 0.019880
v -0.055030 -0.067062 0.165876
v -0.055052 0.067035 0.165914
v -0.055005 0.067097 0.020457
v -0.040332 0.069888 0.197865
v -0.054860 0.067294 0.165383
v -0.056691 0.065693 0.017208
v -0.054758 0.067440 0.020460
v -0.054755 -0.067445 0.165046
v -0.054749 -0.067454 0.020460
v -0.054734 0.067476 0.164972
v -0.054540 -0.067765 0.020468
v -0.054581 0.067927 0.019096
v -0.053506 0.094317 0.017789
v -0.054585 -0.067697 0.164462
v -0.054558 0.067742 0.164330
v -0.054355 0.068077 0.020465
v -0.054346 0.068093 0.163381
v -0.054310 0.068156 0.020466
v -0.054293 -0.068185 0.163121
v -0.054293 0.068185 0.163120
v -0.054282 -0.068205 0.020466
v -0.054107 -0.068526 0.162119
v -0.054146 -0.067967 0.166522
v -0.054108 0.068527 0.020469
v -0.054083 -0.068578 0.020469
v -0.054141 0.068464 0.162297
v -0.056000 0.069332 0.015742
v -0.053998 0.068747 0.161383
v -0.053923 0.068907 0.020471
v -0.053904 0.068949 0.020471
v -0.053903 -0.068951 0.160705
v -0.053903 0.068950 0.160705
v -0.053899 -0.068958 0.020471
v -0.053884 0.068992 0.160562
v -0.053388 -0.067978 0.010005
v -0.053821 0.069188 0.019684
v -0.053805 0.069174 0.020473
v -0.053719 -0.069375 0.159204
v -0.053762 0.069134 0.161946
v -0.053754 0.069294 0.020473
v -0.053250 0.072079 0.018786
v -0.053790 -0.069649 0.018123
v -0.053687 0.069456 0.158888
v -0.053616 -0.069402 0.161518
v -0.053639 0.076040 -0.000073
v -0.053596 0.069700 0.020474
v -0.053586 -0.069730 0.020473
v -0.053576 -0.069758 0.157739
v -0.053574 0.069764 0.157714
v -0.052694 -0.077474 0.007597
v -0.053512 0.069946 0.156989
v -0.053431 -0.070193 0.155983
v -0.053473 0.070063 0.156512
v -0.053465 0.070088 0.020477
v -0.053449 -0.070142 0.020477
v -0.054317 -0.066766 -0.000007
v -0.053386 0.070353 0.155293
v -0.053339 0.070519 0.020478
v -0.053332 -0.070548 0.020478
v -0.053321 -0.070591 0.154293
v -0.053316 0.070610 0.154173
v -0.053218 -0.071021 0.152308
v -0.053245 0.070903 0.020480
v -0.053241 -0.070915 0.020480
v -0.053230 0.070970 0.152548
v -0.053443 -0.095747 0.016811
v -0.053162 0.071312 0.150918
v -0.053161 0.071317 0.020481
v -0.053151 -0.071372 0.020481
v -0.052434 0.072995 0.153794
v -0.053145 -0.071408 0.150454
v -0.053145 0.071407 0.020481
v -0.053131 -0.071488 0.150064
v -0.054544 0.065645 0.006432
v -0.053123 0.071539 0.149805
v -0.053094 0.071734 0.020482
v -0.053087 -0.071790 0.020482
v -0.053085 -0.071804 0.148475
v -0.053070 0.071922 0.147866
v -0.053062 -0.071993 0.147484
v -0.053057 0.073089 0.019684
v -0.053055 -0.072052 0.020482
v -0.053045 0.072154 0.020482
v -0.053036 -0.072248 0.020482
v -0.053036 0.072259 0.020482
v -0.053035 0.072264 0.146063
v -0.053026 -0.072530 0.019946
v -0.053024 -0.072406 0.145309
v -0.053014 0.072575 0.020483
v -0.053012 0.072606 0.144200
v -0.053011 -0.072631 0.020483
v -0.053005 -0.072798 0.143125
v -0.053001 0.072970 0.142141
v -0.053000 -0.093025 0.022143
v -0.053000 -0.090433 0.046047
v -0.052825 -0.082464 0.112037
v -0.053000 -0.073033 0.020483
v -0.053000 -0.073103 0.141372
v -0.053000 0.072997 0.020483
v -0.053000 0.073103 0.020483
v -0.053000 0.073222 0.140904
v -0.052857 0.088081 0.083938
v -0.053000 0.087680 0.071530
v -0.053000 0.089593 0.053838
v -0.053000 0.093020 0.022143
v -0.053000 0.093175 0.020319
v -0.052998 -0.093480 0.020452
v -0.052992 -0.091270 0.040989
v -0.052996 -0.088179 0.068886
v -0.052974 0.091514 0.041153
v -0.052858 -0.073543 0.145875
v -0.052972 -0.087051 0.083024
v -0.052971 0.088268 0.071594
v -0.052952 -0.088384 0.071542
v -0.052984 -0.084868 0.094687
v -0.052926 0.093930 0.022253
v -0.052907 -0.091977 0.041058
v -0.052840 0.092232 0.041230
v -0.052827 -0.089001 0.071607
v -0.052795 0.089115 0.071684
v -0.053130 -0.086036 0.000045
v -0.052658 -0.092802 0.041147
v -0.052645 -0.094872 0.022336
v -0.052643 0.092817 0.041300
v -0.053348 0.088926 0.001582
v -0.052594 -0.072962 0.151083
v -0.052589 -0.088813 0.080444
v -0.052573 0.095063 0.022332
v -0.052557 -0.089726 0.071687
v -0.051800 -0.097779 0.017574
v -0.052418 0.090025 0.071781
v -0.052416 -0.093320 0.041208
v -0.052375 0.093384 0.041362
v -0.052225 -0.090355 0.071752
v -0.052222 -0.095751 0.021948
v -0.052153 -0.093751 0.041250
v -0.051372 -0.074468 0.151585
v -0.052031 0.093913 0.041418
v -0.051971 0.096049 0.022467
v -0.051850 0.090866 0.071871
v -0.051843 -0.090866 0.071810
v -0.051821 -0.094195 0.041293
v -0.051701 -0.096367 0.022528
v -0.051631 0.096699 0.020116
v -0.051620 0.094405 0.041474
v -0.051494 -0.091243 0.071850
v -0.051469 -0.094568 0.041337
v -0.051199 0.089993 0.086120
v -0.051142 -0.091558 0.071884
v -0.051142 0.091546 0.071947
v -0.051063 0.096955 0.022566
v -0.051053 0.094911 0.041521
v -0.050978 -0.097274 0.020178
v -0.050964 -0.094995 0.041382
v -0.050202 -0.092578 0.009381
v -0.050661 0.091892 0.071984
v -0.050655 -0.091899 0.071921
v -0.050573 0.097283 0.022604
v -0.050494 0.095281 0.041563
v -0.050484 -0.095302 0.041416
v -0.052665 0.086511 0.097811
v -0.052185 0.086381 0.008910
v -0.050253 0.092118 0.072008
v -0.050182 -0.097512 0.022599
v -0.050069 0.095497 0.041588
v -0.050370 0.082400 0.121826
v -0.049997 -0.095544 0.041448
v -0.049967 -0.092264 0.071961
v -0.049958 0.097599 0.022638
v -0.049945 0.091348 0.080743
v -0.055930 0.097842 0.014750
v -0.049663 0.090679 0.087431
v -0.049693 0.092363 0.072033
v -0.049410 -0.095760 0.041466
v -0.049352 0.095762 0.041613
v -0.049155 -0.097861 0.022670
v -0.049147 0.097865 0.022649
v -0.049117 -0.092541 0.071986
v -0.049105 0.092529 0.072053
v -0.048885 -0.095880 0.041479
v -0.041931 -0.063488 0.198309
v -0.048648 0.095900 0.041628
v -0.050263 -0.091625 0.079126
v -0.048580 0.092622 0.072060
v -0.048575 -0.098130 0.021071
v -0.048547 0.091385 0.083691
v -0.048433 0.098074 0.021742
v -0.048425 -0.091210 0.085091
v -0.048419 -0.092641 0.072001
v -0.048413 -0.095941 0.041486
v -0.048309 0.095932 0.041632
v -0.049398 0.098153 0.019529
v -0.048538 -0.098150 0.020911
v -0.048130 -0.097058 0.031293
v -0.048133 -0.095745 0.043427
v -0.048130 -0.094758 0.052558
v -0.048130 -0.094565 0.054348
v -0.048130 0.094266 0.057109
v -0.048130 0.094614 0.053893
v -0.048170 0.095738 0.043479
v -0.048130 0.098145 0.020975
v -0.048129 -0.094155 0.058141
v -0.048129 -0.093898 0.060516
v -0.048129 -0.093577 0.063489
v -0.048127 -0.092796 0.070721
v -0.048109 0.091812 0.079870
v -0.048125 -0.092273 0.075578
v -0.048125 -0.092112 0.077078
v -0.048124 -0.091936 0.078723
v -0.048121 -0.091776 0.080211
v -0.048117 -0.091622 0.081655
v -0.048105 -0.091478 0.083010
v -0.042847 0.086948 0.113436
v -0.040076 0.088927 0.106748
v -0.052580 0.076502 0.140723
v -0.050745 -0.083081 0.118309
v -0.057285 -0.051016 0.197809
v -0.033871 0.095746 0.010001
v -0.054441 0.067379 0.168507
v -0.040778 -0.097578 -0.000124
v -0.035343 -0.075998 0.176856
v -0.045968 0.094276 0.008912
v -0.022598 -0.079478 0.180676
v -0.039685 0.089739 0.101164
v -0.039077 0.097138 0.000056
v -0.051054 -0.090426 0.086432
v -0.038143 0.089127 0.106946
v -0.033337 -0.098959 0.011776
v -0.034628 -0.075272 0.182352
v -0.037009 -0.074053 0.196585
v -0.027384 -0.084281 0.146624
v -0.034000 -0.059000 0.005800
v -0.034000 0.059000 0.005800
v -0.036478 -0.094860 0.009117
v -0.033505 0.089886 0.101164
v -0.033006 -0.098385 0.022681
v -0.032750 -0.097000 0.007000
v -0.032750 -0.097000 0.010000
v -0.032750 -0.094500 0.007000
v -0.032750 0.094500 0.007000
v -0.032750 0.097000 0.007000
v -0.032750 0.097000 0.010000
v -0.022878 0.079545 0.179869
v -0.035165 0.075343 0.180502
v -0.030233 0.085832 0.134865
v -0.026586 -0.086807 0.131373
v -0.026586 0.086807 0.131373
v -0.025975 -0.086838 0.131373
v -0.025975 0.086838 0.131373
v -0.024327 -0.099623 0.017681
v -0.001074 -0.103493 0.008775
v -0.006859 0.099208 0.022810
v -0.021872 -0.099469 0.018183
v -0.021860 -0.099260 0.018520
v -0.021855 -0.099047 0.019018
v -0.021799 -0.098926 0.019504
v -0.021391 0.085982 0.140407
v -0.005359 0.082291 0.196929
v -0.016147 0.084204 0.157505
v -0.015030 0.084486 0.155800
v -0.017851 0.080566 0.180907
v -0.012243 0.084104 0.160028
v -0.000146 0.082293 0.179339
v -0.008055 -0.081857 0.182235
v -0.004994 -0.081908 0.196844
v -0.024514 -0.085294 0.143602
v -0.005568 0.082005 0.181859
v -0.003518 -0.082230 0.179574
v -0.003484 0.082217 0.179699
v -0.003077 -0.082225 0.179645
v -0.002896 -0.082228 0.179621
v -0.002671 -0.082232 0.179585
v -0.002328 -0.082239 0.179521
v -0.002077 -0.082247 0.179461
v -0.001895 -0.082254 0.179401
v -0.001497 -0.082274 0.179245
v -0.001252 -0.082284 0.179184
v -0.005668 0.077085 0.198651
v 0.001183 -0.082147 0.181397
v 0.000000 -0.099796 0.018589
v 0.000000 -0.099619 0.019018
v -0.000015 -0.099388 0.021236
v -0.000000 0.099364 0.021493
v -0.000000 0.099403 0.020993
v -0.000000 0.099467 0.019996
v -0.036745 0.098623 0.008990
v 0.000009 -0.099496 0.019546
v 0.000033 -0.100000 0.018250
v 0.000073 -0.082161 0.180678
v 0.013547 -0.076589 0.198381
v 0.002200 -0.051290 0.006561
v 0.003096 0.082225 0.179649
v 0.007066 -0.046592 0.005800
v 0.023144 -0.099460 0.018088
v -0.004079 -0.078760 0.197266
v 0.000576 0.053073 0.006562
v 0.010066 -0.045440 0.007000
v 0.001942 0.082244 0.179515
v 0.010500 -0.044000 0.007000
v 0.010500 0.000000 0.005800
v 0.010500 0.044000 0.007000
v 0.018251 -0.084529 0.153984
v 0.012243 0.084104 0.160028
v 0.008339 0.081848 0.182147
v 0.008284 0.046959 0.006483
v 0.014000 -0.059000 0.004600
v 0.014000 0.059000 0.004600
v 0.039512 0.074621 0.196990
v 0.015582 -0.080574 0.196656
v 0.016000 -0.057000 0.004600
v 0.015246 -0.058254 0.005804
v 0.016000 0.000000 0.005800
v 0.016000 0.057000 0.004600
v 0.015250 0.058241 0.005798
v 0.027944 0.086745 0.131124
v 0.008004 0.083562 0.165864
v 0.020447 -0.081047 0.173671
v 0.021391 0.085982 0.140407
v 0.021859 -0.099223 0.018589
v 0.021887 -0.099000 0.019141
v 0.044885 -0.098102 0.022403
v 0.025067 0.079456 0.177870
v 0.021545 0.075925 0.197770
v 0.026352 -0.099654 0.011011
v 0.013456 0.081583 0.179456
v 0.030071 -0.077905 0.177291
v 0.030249 -0.087801 0.121405
v 0.030370 0.087799 0.121405
v 0.030869 -0.087780 0.121405
v 0.030872 0.087780 0.121405
v 0.030964 -0.077605 0.177203
v 0.031379 0.087748 0.121405
v 0.031384 -0.087748 0.121405
v 0.031889 0.087704 0.121405
v 0.031894 -0.087704 0.121405
v 0.031936 -0.077258 0.177134
v 0.031579 -0.076742 0.180614
v 0.030377 -0.086991 0.127601
v 0.033520 0.076650 0.177120
v 0.032807 0.087601 0.121399
v 0.021195 -0.098905 0.020135
v 0.055307 -0.097919 0.018504
v 0.013823 0.086434 0.137818
v 0.033453 -0.089888 0.101164
v 0.033821 -0.076552 0.176978
v 0.033853 0.087445 0.121385
v 0.034485 0.087330 0.121405
v 0.047857 0.083640 0.120980
v 0.034700 -0.076014 0.177731
v 0.036070 0.075639 0.176797
v 0.036654 -0.075390 0.176761
v 0.037750 -0.097000 0.007000
v 0.037750 -0.097000 0.010000
v 0.037750 0.097000 0.007000
v 0.037844 0.095555 0.007925
v 0.038567 -0.083385 0.136420
v 0.039685 -0.089739 0.101164
v 0.039685 0.089739 0.101164
v 0.040034 -0.079879 0.150925
v 0.040796 -0.079590 0.150925
v 0.041563 -0.079291 0.150925
v 0.040178 0.073283 0.178893
v 0.042334 -0.078980 0.150925
v 0.042090 -0.086093 0.118141
v 0.043473 -0.098133 0.003590
v 0.043109 -0.078658 0.150925
v 0.035003 0.086165 0.127468
v 0.035337 0.075105 0.184601
v 0.038579 -0.073544 0.181135
v 0.057150 0.089285 0.083551
v 0.042976 0.079129 0.149188
v 0.043888 -0.078325 0.150925
v 0.050506 0.096296 -0.000251
v 0.044664 0.077982 0.150925
v 0.044669 -0.077980 0.150925
v 0.064975 -0.044176 0.198128
v 0.045264 -0.071012 0.176132
v 0.045454 -0.077623 0.150925
v 0.046824 -0.080625 0.135754
v 0.045956 -0.090485 0.091884
v 0.046020 -0.070561 0.176085
v 0.049312 -0.077404 0.144409
v 0.040810 -0.094940 0.008189
v 0.046537 0.090406 0.091884
v 0.046543 -0.090406 0.091884
v 0.050282 -0.094359 0.009177
v 0.053704 0.054339 0.197040
v 0.047406 0.090258 0.091884
v 0.048262 0.090085 0.091884
v 0.055710 0.061955 0.181991
v 0.049021 0.089922 0.091819
v 0.049712 -0.067364 0.179105
v 0.050735 -0.081965 0.123070
v 0.062323 0.066662 0.151478
v 0.054342 -0.093440 0.062657
v 0.053162 -0.097868 0.022582
v 0.053130 -0.096670 0.033675
v 0.053130 -0.094811 0.050864
v 0.053130 0.097952 0.021735
v 0.053130 0.098027 0.020789
v 0.041555 0.100157 0.013486
v 0.053133 0.098090 0.019733
v 0.053278 0.092384 0.073294
v 0.053303 -0.097915 0.022092
v 0.053313 -0.092345 0.073621
v 0.053441 -0.092638 0.070962
v 0.053405 0.092278 0.074059
v 0.053422 -0.095155 0.047521
v 0.053545 0.092140 0.074947
v 0.053645 -0.092117 0.075047
v 0.053679 0.091982 0.075867
v 0.057171 0.096440 0.027016
v 0.053793 -0.097799 0.022676
v 0.054047 -0.080921 0.121405
v 0.054212 -0.095035 0.047485
v 0.054305 0.091592 0.077614
v 0.054607 -0.097601 0.022650
v 0.054671 -0.080631 0.121405
v 0.054620 0.092633 0.070106
v 0.050417 0.095163 0.009018
v 0.057693 -0.087495 0.086624
v 0.055084 -0.094728 0.047478
v 0.055204 -0.080318 0.121642
v 0.055263 -0.079992 0.122809
v 0.055457 -0.079065 0.126017
v 0.055614 0.079809 0.122844
v 0.055621 -0.079543 0.123867
v 0.055738 -0.097044 0.022592
v 0.056643 -0.077201 0.130541
v 0.055821 -0.094312 0.047427
v 0.056041 -0.092841 0.059577
v 0.056396 -0.096550 0.022519
v 0.056476 -0.093787 0.047366
v 0.057154 -0.091703 0.059741
v 0.056881 -0.096023 0.022490
v 0.056958 0.076362 0.132940
v 0.057104 -0.093049 0.047299
v 0.057387 -0.087580 0.008917
v 0.056523 -0.081857 0.112368
v 0.057185 -0.074157 0.140030
v 0.057308 -0.095416 0.022414
v 0.055955 -0.091209 0.077337
v 0.057745 0.077565 0.121747
v 0.057483 -0.092411 0.047223
v 0.057604 -0.094840 0.022352
v 0.057751 0.070988 0.010000
v 0.057787 -0.091658 0.047152
v 0.057955 -0.094273 0.019226
v 0.057906 -0.077183 0.121294
v 0.057936 -0.088956 0.067610
v 0.057950 -0.093624 0.022217
v 0.057321 0.087251 0.088662
v 0.057978 -0.090713 0.047048
v 0.058000 -0.092894 0.022138
v 0.058000 -0.090345 0.045672
v 0.058000 -0.088811 0.061117
v 0.058000 -0.077843 0.020352
v 0.058000 -0.077843 0.113008
v 0.058000 0.077843 0.020352
v 0.058000 0.077843 0.113008
v 0.057961 0.078061 0.115633
v 0.058000 0.093025 0.020065
v 0.058001 0.077632 0.020352
v 0.058004 0.077505 0.114837
v 0.058009 -0.077322 0.020352
v 0.058012 -0.077234 0.116261
v 0.058017 0.077123 0.116844
v 0.058020 0.077060 0.020352
v 0.058023 -0.077018 0.117396
v 0.058035 0.077526 0.019695
v 0.058036 -0.076800 0.020351
v 0.058040 0.076748 0.118797
v 0.059194 -0.074127 0.016417
v 0.058052 0.076598 0.020351
v 0.058054 -0.076560 0.119724
v 0.058080 0.076296 0.121068
v 0.058082 -0.076279 0.020351
v 0.058109 0.076030 0.020350
v 0.058111 -0.076020 0.122437
v 0.058122 0.075934 0.122848
v 0.058132 -0.075848 0.020349
v 0.058394 -0.067820 0.009319
v 0.058168 -0.075603 0.124427
v 0.058173 0.075570 0.020349
v 0.058174 0.075561 0.124627
v 0.058216 -0.075308 0.020348
v 0.058232 0.075216 0.020348
v 0.058240 0.075169 0.126450
v 0.058280 -0.074958 0.127396
v 0.058296 0.074876 0.020347
v 0.058306 0.074825 0.127990
v 0.058311 -0.074803 0.020346
v 0.058356 0.074209 0.133639
v 0.058365 0.074553 0.020345
v 0.058384 -0.074470 0.129532
v 0.058420 0.074320 0.130171
v 0.057442 0.096687 0.018248
v 0.058444 -0.074220 0.020344
v 0.058261 -0.074548 0.132553
v 0.059052 0.066406 0.007565
v 0.058482 0.074071 0.131214
v 0.058493 -0.074027 0.131392
v 0.057823 0.072451 0.008722
v 0.058543 -0.073844 0.132136
v 0.058546 0.073831 0.020342
v 0.058560 0.073781 0.132389
v 0.058579 -0.073715 0.020342
v 0.061544 0.063885 0.007221
v 0.058625 -0.073559 0.133269
v 0.058627 0.073551 0.020341
v 0.058686 0.073357 0.134055
v 0.058732 -0.073215 0.020339
v 0.058757 -0.073138 0.134876
v 0.058778 0.073075 0.135114
v 0.058784 0.073057 0.020338
v 0.059008 -0.072305 0.140032
v 0.058799 0.074214 0.017700
v 0.058848 0.072870 0.135867
v 0.058868 0.072814 0.136053
v 0.058871 0.072806 0.020337
v 0.058892 -0.072745 0.020334
v 0.058895 -0.072737 0.136354
v 0.059003 -0.072450 0.020334
v 0.059089 -0.072232 0.020333
v 0.059112 0.072171 0.138347
v 0.058976 0.072516 0.020334
v 0.059244 -0.071862 0.139302
v 0.055417 -0.090485 0.000018
v 0.059268 0.071808 0.020330
v 0.059270 0.071801 0.139497
v 0.059272 -0.071797 0.139521
v 0.059280 -0.071779 0.020329
v 0.059355 0.071613 0.020328
v 0.059513 -0.071277 0.020325
v 0.059509 -0.071283 0.141110
v 0.059570 0.071158 0.141478
v 0.059888 0.070476 0.144557
v 0.059650 -0.071004 0.020323
v 0.059734 0.070841 0.142294
v 0.059741 -0.070828 0.142348
v 0.059750 -0.070811 0.020321
v 0.059763 -0.070835 0.019609
v 0.059773 -0.070768 0.142509
v 0.059689 0.070924 0.020322
v 0.059979 -0.070396 0.144160
v 0.060003 -0.070354 0.020317
v 0.060071 0.070237 0.020252
v 0.060174 -0.070066 0.144268
v 0.058781 -0.071639 0.144732
v 0.060268 -0.069912 0.144621
v 0.060269 0.069910 0.144625
v 0.060270 0.069909 0.020312
v 0.060272 -0.069905 0.020312
v 0.060320 -0.069829 0.144805
v 0.060372 -0.069748 0.020310
v 0.060602 -0.069399 0.145713
v 0.059171 0.070901 0.146123
v 0.060722 -0.069220 0.020321
v 0.060555 0.069467 0.145552
v 0.060485 0.069571 0.020308
v 0.061953 -0.067597 0.149243
v 0.060679 -0.064679 0.007000
v 0.060870 0.069019 0.146410
v 0.060886 -0.068995 0.146468
v 0.060891 0.068988 0.020300
v 0.061051 0.068999 0.018635
v 0.061170 -0.068621 0.020297
v 0.067270 -0.062519 0.009267
v 0.061242 0.068527 0.147212
v 0.061256 -0.068510 0.147222
v 0.061466 0.068077 0.149077
v 0.061516 -0.068193 0.020291
v 0.061533 0.068173 0.147676
v 0.061534 0.068172 0.020290
v 0.061535 -0.068171 0.147680
v 0.061740 -0.067932 0.020287
v 0.062515 -0.095716 0.015292
v 0.061817 0.067844 0.020286
v 0.062033 -0.067588 0.019632
v 0.061873 0.067780 0.148112
v 0.062508 0.070003 0.015627
v 0.062226 -0.067406 0.020278
v 0.062252 0.067380 0.020278
v 0.062254 -0.067378 0.148423
v 0.062254 0.067378 0.148423
v 0.062389 -0.067241 0.148503
v 0.062562 -0.067071 0.020272
v 0.062625 -0.067009 0.148608
v 0.062680 0.066955 0.020271
v 0.062835 -0.066812 0.020268
v 0.062700 0.066936 0.148662
v 0.062761 0.094494 0.015514
v 0.064757 -0.095450 -0.000000
v 0.063011 -0.066652 0.148668
v 0.063031 0.066635 0.020265
v 0.063032 -0.066634 0.020264
v 0.063043 0.066625 0.148663
v 0.063415 -0.066232 0.149376
v 0.063278 0.066421 0.148634
v 0.063324 -0.066381 0.020259
v 0.063392 0.066324 0.020258
v 0.064545 -0.066072 0.016129
v 0.064524 -0.089219 0.004591
v 0.063631 0.066129 0.148523
v 0.063729 -0.066051 0.020252
v 0.056110 -0.062296 0.196914
v 0.063787 -0.066006 0.148443
v 0.063795 0.065999 0.020251
v 0.063860 -0.065949 0.020250
v 0.063877 -0.065936 0.148396
v 0.064210 0.065686 0.148151
v 0.063941 0.065887 0.020247
v 0.064321 -0.065608 0.020232
v 0.064209 0.065689 0.020244
v 0.080417 0.022523 0.194810
v 0.063958 0.041338 0.198382
v 0.064317 -0.065609 0.148074
v 0.064575 0.065433 0.147820
v 0.064634 0.065393 0.020236
v 0.064735 -0.065325 0.020235
v 0.064735 0.065325 0.020235
v 0.064739 0.065323 0.147646
v 0.064744 -0.065319 0.147647
v 0.064982 -0.065290 0.018422
v 0.065109 -0.065003 0.148434
v 0.065069 0.065111 0.020229
v 0.065146 0.065062 0.147161
v 0.065580 0.064807 0.146531
v 0.069318 0.093857 0.015204
v 0.065652 -0.064766 0.020219
v 0.065654 0.064765 0.146417
v 0.065661 -0.064760 0.146402
v 0.065263 0.051751 0.181129
v 0.066115 -0.064515 0.020219
v 0.065983 0.064585 0.145877
v 0.068342 -0.089600 0.000000
v 0.066150 0.064319 0.147656
v 0.066094 -0.064525 0.145692
v 0.066374 0.064385 0.145177
v 0.066409 0.064368 0.020206
v 0.066173 0.062607 0.000014
v 0.066607 -0.064273 0.020202
v 0.066607 0.064273 0.020202
v 0.066620 -0.064267 0.144714
v 0.067104 -0.064050 0.020191
v 0.066836 0.064168 0.020198
v 0.069555 -0.089895 0.014768
v 0.066880 0.064147 0.144175
v 0.065357 0.064971 0.018901
v 0.062715 0.089942 0.000000
v 0.067288 0.051212 0.175549
v 0.067386 0.063933 0.143064
v 0.067155 -0.064028 0.143577
v 0.064500 0.086680 0.014753
v 0.067507 -0.050916 0.175556
v 0.067595 -0.063851 0.020185
v 0.067603 0.063848 0.142560
v 0.067618 -0.063841 0.142551
v 0.067541 0.063869 0.020184
v 0.068040 -0.063686 0.020175
v 0.091107 0.060356 0.005713
v 0.068087 -0.063670 0.141374
v 0.068187 0.063636 0.020174
v 0.067981 -0.097509 0.015823
v 0.068034 0.063688 0.141564
v 0.068341 -0.049748 0.175587
v 0.068375 0.049699 0.175588
v 0.068507 0.063532 0.140278
v 0.068583 -0.063508 0.140051
v 0.068613 -0.063499 0.020169
v 0.068618 0.063497 0.139980
v 0.068635 0.063492 0.020166
v 0.068783 -0.049111 0.175605
v 0.068846 -0.092950 0.000000
v 0.068908 0.048928 0.175613
v 0.069159 0.092085 0.000000
v 0.068961 -0.092481 0.000000
v 0.068998 -0.092243 0.015193
v 0.069116 -0.063355 0.020144
v 0.069033 -0.047654 0.178444
v 0.069151 -0.063343 0.138546
v 0.069359 0.063291 0.020060
v 0.069424 0.048159 0.175637
v 0.069430 -0.063274 0.020153
v 0.069628 0.063226 0.020143
v 0.069649 -0.063222 0.020149
v 0.069650 -0.063222 0.137003
v 0.069827 -0.047542 0.175659
v 0.070276 -0.063053 0.136891
v 0.069896 0.047436 0.175663
v 0.069360 -0.062828 0.142818
v 0.070127 -0.063121 0.020140
v 0.071063 -0.063206 0.018011
v 0.069143 0.063307 0.140072
v 0.069971 0.088141 0.014590
v 0.070499 0.046485 0.175700
v 0.070466 0.063056 0.020063
v 0.070684 -0.063023 0.020131
v 0.070705 0.063020 0.133612
v 0.070757 -0.063010 0.133501
v 0.070815 -0.045978 0.175721
v 0.070818 0.045096 0.177634
v 0.071090 0.062965 0.020123
v 0.071400 -0.062928 0.131200
v 0.071343 0.062932 0.131358
v 0.071528 0.044786 0.175773
v 0.071443 0.062912 0.019167
v 0.071642 -0.044590 0.175782
v 0.071717 -0.062897 0.020111
v 0.071731 0.044438 0.175789
v 0.071738 0.062896 0.129975
v 0.071775 -0.062893 0.129839
v 0.072136 -0.062868 0.128492
v 0.071900 -0.044144 0.175803
v 0.071993 0.020389 0.183847
v 0.072092 0.062871 0.020106
v 0.072136 0.062868 0.128492
v 0.071312 0.026187 0.197426
v 0.072278 -0.062860 0.020103
v 0.072509 -0.043061 0.175856
v 0.072530 0.043025 0.175858
v 0.074124 0.065801 0.015295
v 0.072607 -0.062848 0.126675
v 0.072607 0.062848 0.126675
v 0.072608 -0.062848 0.020097
v 0.072608 0.062848 0.020097
v 0.072878 -0.042385 0.175891
v 0.073064 0.062769 0.129376
v 0.073207 0.041270 0.176459
v 0.061616 -0.057197 0.178239
v 0.073330 -0.041457 0.176077
v 0.073441 0.041318 0.175950
v 0.073766 -0.040683 0.175986
v 0.073832 0.040552 0.175993
v 0.070558 -0.079889 0.014095
v 0.074683 0.074786 0.000000
v 0.074243 -0.078310 0.000000
v 0.074346 0.039510 0.176055
v 0.074473 -0.077664 0.000000
v 0.074584 -0.039017 0.176087
v 0.074595 0.038951 0.176156
v 0.071745 0.062440 0.137172
v 0.075034 -0.060829 0.131667
v 0.074415 0.068655 0.014524
v 0.075267 -0.037534 0.176182
v 0.075279 0.037511 0.176183
v 0.075356 0.060764 0.130860
v 0.075487 -0.037039 0.176215
v 0.077140 0.031355 0.179601
v 0.073231 0.034651 0.185106
v 0.076299 0.005484 0.198037
v 0.077554 -0.074047 0.000000
v 0.075972 -0.035911 0.176293
v 0.076031 0.035771 0.176303
v 0.076275 -0.035182 0.176345
v 0.076302 -0.061131 0.127258
v 0.076400 0.034875 0.176368
v 0.076511 0.060670 0.127630
v 0.076644 -0.034257 0.176419
v 0.076756 0.033974 0.176436
v 0.074583 -0.036702 0.181906
v 0.076996 -0.033351 0.176482
v 0.072917 0.086202 0.000000
v 0.077471 0.032064 0.176583
v 0.072837 0.097524 -0.000000
v 0.077586 -0.031740 0.176609
v 0.077602 -0.060584 0.124518
v 0.077919 0.030805 0.176649
v 0.077519 -0.030528 0.179059
v 0.077847 0.060539 0.123856
v 0.078165 -0.030042 0.176750
v 0.078342 -0.029496 0.176796
v 0.079556 0.025585 0.178253
v 0.078539 0.028874 0.176851
v 0.078706 -0.028329 0.176899
v 0.078748 0.060375 0.121405
v 0.078750 -0.060373 0.121405
v 0.079528 0.061255 0.116946
v 0.078952 -0.027501 0.176973
v 0.079182 0.059705 0.121405
v 0.080478 -0.061556 0.113185
v 0.079140 -0.024781 0.180208
v 0.079466 -0.025650 0.177143
v 0.079606 0.059028 0.121405
v 0.079607 -0.059026 0.121405
v 0.079896 -0.023954 0.177306
v 0.079984 -0.023582 0.177342
v 0.080019 0.058345 0.121405
v 0.080021 -0.058343 0.121405
v 0.080108 -0.021328 0.179837
v 0.080118 0.031772 0.165605
v 0.080305 -0.022173 0.177483
v 0.080423 0.057656 0.121405
v 0.080424 -0.057654 0.121405
v 0.080435 -0.021565 0.177545
v 0.080674 -0.020379 0.177668
v 0.080815 0.056961 0.121405
v 0.080816 -0.056959 0.121405
v 0.080836 -0.019524 0.177759
v 0.080910 0.031076 0.162924
v 0.081004 -0.018573 0.177861
v 0.073390 -0.062805 0.127715
v 0.081171 -0.017511 0.178028
v 0.084337 -0.096792 0.000000
v 0.081197 0.056260 0.121405
v 0.081198 -0.056258 0.121405
v 0.081442 0.030108 0.161647
v 0.081457 -0.015622 0.178188
v 0.081568 0.055554 0.121405
v 0.081569 -0.055552 0.121405
v 0.081660 -0.013977 0.178376
v 0.081746 -0.013189 0.178468
v 0.081761 0.029419 0.160956
v 0.081814 -0.010333 0.180521
v 0.081852 -0.012117 0.178596
v 0.082257 -0.060285 0.110277
v 0.081928 0.054842 0.121405
v 0.081929 -0.054840 0.121405
v 0.081780 0.008550 0.182560
v 0.081958 0.010865 0.178747
v 0.079585 -0.025735 0.196968
v 0.082013 0.002977 0.182273
v 0.082003 -0.010250 0.178823
v 0.082089 -0.008908 0.178986
v 0.082098 0.008688 0.179017
v 0.082154 -0.007425 0.179175
v 0.082172 0.006976 0.179236
v 0.081999 -0.004415 0.182345
v 0.082192 0.028274 0.160172
v 0.082205 -0.005527 0.179419
v 0.082209 -0.003051 0.179746
v 0.082209 0.003051 0.179746
v 0.082209 0.005193 0.179462
v 0.082212 0.002526 0.179712
v 0.082213 -0.004754 0.179520
v 0.082216 0.003965 0.179619
v 0.082278 0.054126 0.121405
v 0.082279 -0.054124 0.121405
v 0.086696 0.081861 0.000000
v 0.082578 0.026967 0.159632
v 0.082616 0.053405 0.121405
v 0.082617 -0.053404 0.121405
v 0.082824 0.025939 0.159409
v 0.082943 0.052680 0.121405
v 0.082944 -0.052679 0.121405
v 0.083002 0.025021 0.159353
v 0.083153 0.024080 0.159414
v 0.083259 0.051951 0.121405
v 0.083260 -0.051950 0.121405
v 0.083290 0.022912 0.159696
v 0.083301 0.019100 0.162933
v 0.063690 -0.062848 0.000002
v 0.083344 0.021415 0.160693
v 0.083400 0.020298 0.161284
v 0.083563 0.051219 0.121405
v 0.083564 -0.051217 0.121405
v 0.093437 0.069977 0.014094
v 0.083857 -0.050481 0.121405
v 0.083857 0.050483 0.121405
v 0.084138 0.049743 0.121405
v 0.084139 -0.049742 0.121405
v 0.086012 -0.077132 -0.000000
v 0.083978 0.075451 0.000000
v 0.088362 -0.062043 0.081557
v 0.084409 0.049002 0.121405
v 0.084410 -0.049000 0.121405
v 0.082979 0.060627 0.107227
v 0.087314 -0.078032 0.014001
v 0.084668 0.048257 0.121405
v 0.084669 -0.048256 0.121405
v 0.084916 -0.047509 0.121405
v 0.084916 0.047511 0.121405
v 0.085086 -0.060303 0.100285
v 0.085152 0.046762 0.121405
v 0.085153 -0.046761 0.121405
v 0.077047 -0.087116 -0.000000
v 0.085377 0.046012 0.121405
v 0.085378 -0.046011 0.121405
v 0.085472 0.059645 0.099999
v 0.085591 -0.045260 0.121405
v 0.085591 0.045261 0.121405
v 0.079988 -0.065533 0.014638
v 0.085793 0.044509 0.121405
v 0.085794 -0.044508 0.121405
v 0.085799 -0.059587 0.098877
v 0.085984 0.043756 0.121405
v 0.085985 -0.043755 0.121405
v 0.077067 0.074651 0.014001
v 0.086164 0.043003 0.121405
v 0.086165 -0.043002 0.121405
v 0.086333 0.042249 0.121405
v 0.086334 -0.042248 0.121405
v 0.086491 -0.041495 0.121405
v 0.086491 0.041496 0.121405
v 0.086638 -0.040743 0.121405
v 0.086638 0.040744 0.121405
v 0.086686 0.059749 0.095169
v 0.086755 -0.059441 0.095390
v 0.086774 -0.039991 0.121405
v 0.086774 0.039992 0.121405
v 0.086899 -0.039241 0.121405
v 0.086899 0.039241 0.121405
v 0.087014 -0.038491 0.121405
v 0.087014 0.038492 0.121405
v 0.087212 -0.036998 0.121405
v 0.087212 0.036999 0.121405
v 0.087368 0.035515 0.121405
v 0.087369 -0.035514 0.121405
v 0.087479 0.059752 0.091972
v 0.087485 -0.034041 0.121405
v 0.087485 0.034041 0.121405
v 0.087563 -0.032581 0.121405
v 0.087563 0.032581 0.121405
v 0.087604 -0.031135 0.121405
v 0.087604 0.031135 0.121405
v 0.092187 -0.090687 0.014342
v 0.087878 -0.059709 0.090390
v 0.088312 0.062394 0.069264
v 0.085885 0.061732 0.010001
v 0.088165 -0.062441 0.062603
v 0.088170 0.062441 0.062616
v 0.088266 0.059190 0.089530
v 0.088369 -0.059135 0.089157
v 0.088652 -0.062404 0.062645
v 0.088787 0.062387 0.062660
v 0.088829 -0.059019 0.087280
v 0.088932 0.058995 0.086848
v 0.088591 -0.062344 0.070087
v 0.089274 0.062285 0.062706
v 0.089286 -0.062289 0.062691
v 0.089409 0.058880 0.084790
v 0.090961 0.091984 -0.000000
v 0.089650 -0.059303 0.083082
v 0.089712 0.062151 0.062747
v 0.089835 0.058771 0.082876
v 0.089916 -0.062074 0.062773
v 0.092646 -0.076357 0.014253
v 0.090059 -0.058715 0.081832
v 0.090235 0.061932 0.062791
v 0.090328 0.058838 0.080299
v 0.087820 0.062195 0.083033
v 0.090395 -0.061846 0.062811
v 0.090423 0.061879 0.063687
v 0.090461 -0.058592 0.079902
v 0.090567 0.058562 0.079374
v 0.090865 -0.061562 0.062856
v 0.090868 0.061556 0.062856
v 0.090889 -0.058459 0.077727
v 0.090921 0.058449 0.077561
v 0.091151 -0.058372 0.076328
v 0.091225 0.061281 0.062889
v 0.091296 0.058318 0.075525
v 0.091410 -0.061127 0.062910
v 0.091415 -0.058285 0.074845
v 0.091534 0.061000 0.062917
v 0.091543 0.058225 0.074108
v 0.091757 0.058138 0.072815
v 0.091763 -0.058143 0.072775
v 0.093055 -0.057468 0.008690
v 0.091859 0.060641 0.062950
v 0.091866 -0.060641 0.062948
v 0.091939 -0.062342 0.021839
v 0.092032 -0.058028 0.071053
v 0.092048 0.058019 0.070952
v 0.091670 0.059702 0.071114
v 0.094630 0.062211 0.017834
v 0.092194 0.060190 0.062983
v 0.092200 -0.060184 0.062993
v 0.092282 -0.057916 0.069325
v 0.092293 0.057895 0.069256
v 0.092186 -0.059986 0.066810
v 0.092398 0.062310 0.021878
v 0.092478 -0.057806 0.067865
v 0.092480 0.062328 0.019229
v 0.092518 0.057771 0.067562
v 0.092528 -0.062291 0.021894
v 0.092553 -0.059537 0.063019
v 0.092693 -0.057679 0.066119
v 0.092700 0.057664 0.066059
v 0.092728 0.059106 0.063036
v 0.092740 -0.059084 0.063042
v 0.092807 0.062243 0.021920
v 0.092845 0.058516 0.063622
v 0.092866 0.057554 0.064556
v 0.092903 -0.058499 0.063059
v 0.092903 -0.057698 0.064168
v 0.092976 0.058051 0.063059
v 0.092982 -0.057996 0.063060
v 0.093009 0.057623 0.063063
v 0.093013 -0.057443 0.063064
v 0.093013 0.057443 0.063064
v 0.093050 -0.062190 0.021940
v 0.096292 0.044601 0.009903
v 0.093319 -0.089238 -0.000000
v 0.093501 0.062047 0.022005
v 0.093629 -0.062170 0.018183
v 0.094111 -0.061781 0.022036
v 0.094179 0.061749 0.022043
v 0.087688 0.091210 0.014752
v 0.094398 -0.061615 0.022068
v 0.094500 -0.050250 0.007000
v 0.094703 -0.061412 0.022097
v 0.094706 0.061412 0.022097
v 0.094930 -0.056107 -0.000290
v 0.095104 0.061092 0.022135
v 0.095180 -0.061031 0.022146
v 0.096509 -0.063599 0.014897
v 0.095397 0.060864 0.021588
v 0.096084 0.083206 0.014087
v 0.095611 0.060571 0.022183
v 0.095624 -0.060555 0.022185
v 0.095936 0.060141 0.022216
v 0.095942 -0.060460 0.020219
v 0.099012 -0.074338 0.001044
v 0.096174 -0.059752 0.022235
v 0.096315 0.059473 0.022249
v 0.096454 -0.059149 0.022260
v 0.096635 0.058570 0.022283
v 0.096638 -0.058567 0.022279
v 0.096716 -0.058186 0.022291
v 0.096721 0.058159 0.022291
v 0.096763 -0.057831 0.022308
v 0.096769 0.057766 0.022297
v 0.096787 -0.057343 0.022300
v 0.096787 0.057344 0.022300
v 0.096856 0.057342 0.021486
v 0.096871 -0.057342 0.021280
v 0.096900 -0.057341 0.020850
v 0.096919 0.057341 0.020538
v 0.097940 0.080502 0.000396
v 0.096952 -0.022006 0.019869
v 0.096953 0.022003 0.019869
v 0.096985 -0.058016 0.019337
v 0.096985 0.022000 0.019548
v 0.096987 -0.022000 0.019515
v 0.096850 0.058812 0.019011
v 0.096215 -0.044205 0.009616
v 0.097000 -0.041750 0.007000
v 0.097389 -0.024060 0.017682
v 0.096088 0.032635 0.008637
v 0.096930 0.049044 -0.000248
v 0.097060 -0.022000 0.019192
v 0.097069 0.022002 0.019155
v 0.097204 -0.022001 0.018787
v 0.097217 0.022000 0.018762
v 0.097349 -0.022000 0.018504
v 0.097367 0.022000 0.018470
v 0.097517 -0.022000 0.018242
v 0.097540 0.022000 0.018213
v 0.097740 0.022002 0.017968
v 0.098028 -0.022001 0.017695
v 0.098087 0.022001 0.017648
v 0.098358 -0.022000 0.017458
v 0.098477 -0.025502 0.010708
v 0.098512 0.022000 0.017369
v 0.098851 -0.022000 0.017203
v 0.098889 0.022000 0.017191
v 0.099268 -0.022000 0.017078
v 0.099268 0.022000 0.017078
v 0.099659 0.022000 0.017012
v 0.099661 -0.022000 0.017012
v 0.100000 -0.024519 0.015756
v 0.100000 -0.022506 0.016998
v 0.099199 0.023974 0.010154
v 0.100000 0.022003 0.016998
v 0.098182 0.024540 0.016562
vn 0.9740 0.1577 0.1625
vn 0.9714 0.1701 0.1656
vn 0.9269 0.2828 0.2469
vn 0.9269 0.2828 0.2469
vn 0.9767 0.1412 0.1616
vn 0.9772 0.1422 0.1575
vn 0.9772 0.1422 0.1575
vn 0.9740 0.1577 0.1625
vn 0.9269 0.2828 0.2469
vn 0.9767 0.1412 0.1616
vn 0.9761 0.1462 0.1607
vn 0.9836 0.1125 0.1411
vn 0.9767 0.1412 0.1616
vn 0.9269 0.2828 0.2469
vn 0.9761 0.1462 0.1607
vn 0.9714 0.1701 0.1656
vn 0.9682 0.1843 0.1693
vn 0.9269 0.2828 0.2469
vn 0.9682 0.1843 0.1693
vn 0.9639 0.2014 0.1742
vn 0.9269 0.2828 0.2469
vn 0.9269 0.2828 0.2469
vn 0.9639 0.2014 0.1742
vn 0.9582 0.2223 0.1803
vn 0.9526 0.2411 0.1856
vn 0.9468 0.2590 0.1911
vn 0.9269 0.2828 0.2469
vn 0.9269 0.2828 0.2469
vn 0.9582 0.2223 0.1803
vn 0.9526 0.2411 0.1856
vn 0.9468 0.2590 0.1911
vn 0.9401 0.2781 0.1970
vn 0.9269 0.2828 0.2469
vn 0.9269 0.2828 0.2469
vn 0.9401 0.2781 0.1970
vn 0.9300 0.3042 0.2063
vn 0.9230 0.3213 0.2117
vn 0.9303 0.3018 0.2084
vn 0.9225 0.3212 0.2142
vn 0.8128 0.5363 0.2274
vn 0.8652 0.4387 0.2430
vn 0.8759 0.4194 0.2385
vn 0.8128 0.5363 0.2274
vn 0.8267 0.5020 0.2539
vn 0.8390 0.4825 0.2517
vn 0.8034 0.5365 0.2584
vn 0.5777 0.7980 0.1716
vn 0.7814 0.5689 0.2565
vn 0.7863 0.5607 0.2594
vn 0.7981 0.5441 0.2590
vn 0.7814 0.5689 0.2565
vn 0.7981 0.5441 0.2590
vn 0.8034 0.5365 0.2584
vn 0.7814 0.5689 0.2565
vn 0.8034 0.5365 0.2584
vn 0.7981 0.5441 0.2590
vn 0.8042 0.5351 0.2589
vn 0.8203 0.5125 0.2541
vn 0.8128 0.5363 0.2274
vn 0.5777 0.7980 0.1716
vn 0.5777 0.7980 0.1716
vn 0.8117 0.5245 0.2570
vn 0.8203 0.5125 0.2541
vn 0.8414 0.4787 0.2508
vn 0.8515 0.4617 0.2486
vn 0.8128 0.5363 0.2274
vn 0.8128 0.5363 0.2274
vn 0.8515 0.4617 0.2486
vn 0.8619 0.4443 0.2445
vn 0.8884 0.3952 0.2336
vn 0.8643 0.4526 0.2192
vn 0.8762 0.4195 0.2374
vn 0.8762 0.4195 0.2374
vn 0.8763 0.4184 0.2387
vn 0.8884 0.3952 0.2336
vn 0.8643 0.4526 0.2192
vn 0.8959 0.3802 0.2300
vn 0.8996 0.3725 0.2280
vn 0.8643 0.4526 0.2192
vn 0.8996 0.3725 0.2280
vn 0.9077 0.3550 0.2236
vn 0.9077 0.3550 0.2236
vn 0.8990 0.3823 0.2139
vn 0.8643 0.4526 0.2192
vn 0.9119 0.3463 0.2203
vn 0.9196 0.3280 0.2162
vn 0.9157 0.3435 0.2087
vn 0.9303 0.3018 0.2084
vn 0.9363 0.2862 0.2037
vn 0.9229 0.3282 0.2011
vn 0.9363 0.2862 0.2037
vn 0.9310 0.3084 0.1955
vn 0.9229 0.3282 0.2011
vn 0.9310 0.3084 0.1955
vn 0.9363 0.2862 0.2037
vn 0.9400 0.2760 0.2005
vn 0.9390 0.2856 0.1914
vn 0.9310 0.3084 0.1955
vn 0.9400 0.2760 0.2005
vn 0.9400 0.2760 0.2005
vn 0.9451 0.2615 0.1958
vn 0.9390 0.2856 0.1914
vn 0.9451 0.2615 0.1958
vn 0.9502 0.2463 0.1908
vn 0.9390 0.2856 0.1914
vn 0.9276 0.3257 0.1830
vn 0.9390 0.2856 0.1914
vn 0.9502 0.2463 0.1908
vn 0.9502 0.2463 0.1908
vn 0.9547 0.2323 0.1861
vn 0.9276 0.3257 0.1830
vn 0.9547 0.2323 0.1861
vn 0.9587 0.2206 0.1796
vn 0.9276 0.3257 0.1830
vn 0.9547 0.2323 0.1861
vn 0.9591 0.2175 0.1809
vn 0.9587 0.2206 0.1796
vn 0.9639 0.2016 0.1737
vn 0.9587 0.2206 0.1796
vn 0.9591 0.2175 0.1809
vn 0.9822 0.1204 0.1443
vn 0.9841 0.1110 0.1389
vn 0.9793 0.1361 0.1495
vn 0.9785 0.1394 0.1519
vn 0.9822 0.1204 0.1443
vn 0.9793 0.1361 0.1495
vn 0.9879 0.0872 0.1286
vn 0.9866 0.0942 0.1336
vn 0.9899 0.0701 0.1229
vn 0.9866 0.0942 0.1336
vn 0.9879 0.0872 0.1286
vn 0.9841 0.1110 0.1389
vn 0.9957 0.0007 0.0924
vn 0.9945 0.0251 0.1021
vn 0.9947 0.0189 0.1008
vn 0.9947 0.0189 0.1008
vn 0.9945 0.0251 0.1021
vn 0.9929 0.0474 0.1092
vn 0.9929 0.0474 0.1092
vn 0.9928 0.0434 0.1118
vn 0.9947 0.0189 0.1008
vn 0.9928 0.0434 0.1118
vn 0.9929 0.0474 0.1092
vn 0.9908 0.0648 0.1185
vn 0.9899 0.0701 0.1229
vn 0.9928 0.0434 0.1118
vn 0.9908 0.0648 0.1185
vn 0.9899 0.0701 0.1229
vn 0.9908 0.0648 0.1185
vn 0.9879 0.0872 0.1286
vn 0.9952 0.0128 0.0972
vn 0.9957 0.0004 0.0924
vn 0.9947 0.0189 0.1008
vn 0.9947 0.0189 0.1008
vn 0.9957 0.0004 0.0924
vn 0.9957 0.0007 0.0924
vn 0.9928 0.0434 0.1118
vn 0.9927 0.0458 0.1119
vn 0.9941 0.0286 0.1042
vn 0.9941 0.0286 0.1042
vn 0.9947 0.0189 0.1008
vn 0.9928 0.0434 0.1118
vn 0.9941 0.0286 0.1042
vn 0.9952 0.0128 0.0972
vn 0.9947 0.0189 0.1008
vn 0.9899 0.0701 0.1229
vn 0.9944 0.0410 0.0975
vn 0.9935 0.0355 0.1079
vn 0.9928 0.0434 0.1118
vn 0.9899 0.0701 0.1229
vn 0.9935 0.0355 0.1079
vn 0.9935 0.0355 0.1079
vn 0.9927 0.0458 0.1119
vn 0.9928 0.0434 0.1118
vn 0.9866 0.0942 0.1336
vn 0.9822 0.1204 0.1443
vn 0.9836 0.1125 0.1411
vn 0.9822 0.1204 0.1443
vn 0.9866 0.0942 0.1336
vn 0.9841 0.1110 0.1389
vn 0.9866 0.0942 0.1336
vn 0.9836 0.1125 0.1411
vn 0.9761 0.1462 0.1607
vn 0.9770 0.1461 0.1553
vn 0.9944 0.0410 0.0975
vn 0.9899 0.0701 0.1229
vn 0.9899 0.0701 0.1229
vn 0.9866 0.0942 0.1336
vn 0.9770 0.1461 0.1553
vn 0.9761 0.1462 0.1607
vn 0.9770 0.1461 0.1553
vn 0.9866 0.0942 0.1336
vn 0.9770 0.1461 0.1553
vn 0.9761 0.1462 0.1607
vn 0.9269 0.2828 0.2469
vn 0.9944 0.0410 0.0975
vn 0.9770 0.1461 0.1553
vn 0.9269 0.2828 0.2469
vn 0.9230 0.3213 0.2117
vn 0.9269 0.2828 0.2469
vn 0.9300 0.3042 0.2063
vn 0.9300 0.3042 0.2063
vn 0.9303 0.3018 0.2084
vn 0.9230 0.3213 0.2117
vn 0.9300 0.3042 0.2063
vn 0.9363 0.2862 0.2037
vn 0.9303 0.3018 0.2084
vn 0.9316 0.2987 0.2073
vn 0.9211 0.3279 0.2100
vn 0.9225 0.3212 0.2142
vn 0.9225 0.3212 0.2142
vn 0.9211 0.3279 0.2100
vn 0.9230 0.3213 0.2117
vn 0.9303 0.3018 0.2084
vn 0.9229 0.3282 0.2011
vn 0.9157 0.3435 0.2087
vn 0.9157 0.3435 0.2087
vn 0.9225 0.3212 0.2142
vn 0.9303 0.3018 0.2084
vn 0.9157 0.3435 0.2087
vn 0.9196 0.3280 0.2162
vn 0.9225 0.3212 0.2142
vn 0.9225 0.3212 0.2142
vn 0.9196 0.3280 0.2162
vn 0.9316 0.2987 0.2073
vn 0.9316 0.2987 0.2073
vn 0.9196 0.3280 0.2162
vn 0.9119 0.3463 0.2203
vn 0.8824 0.3743 0.2851
vn 0.9316 0.2987 0.2073
vn 0.9119 0.3463 0.2203
vn 0.8942 0.3841 0.2298
vn 0.8824 0.3743 0.2851
vn 0.9119 0.3463 0.2203
vn 0.8884 0.3952 0.2336
vn 0.8959 0.3802 0.2300
vn 0.8643 0.4526 0.2192
vn 0.8913 0.3895 0.2320
vn 0.8959 0.3802 0.2300
vn 0.8884 0.3952 0.2336
vn 0.8996 0.3725 0.2280
vn 0.8959 0.3802 0.2300
vn 0.8913 0.3895 0.2320
vn 0.8913 0.3895 0.2320
vn 0.8969 0.3788 0.2283
vn 0.8996 0.3725 0.2280
vn 0.9119 0.3463 0.2203
vn 0.9157 0.3435 0.2087
vn 0.8990 0.3823 0.2139
vn 0.8990 0.3823 0.2139
vn 0.9077 0.3550 0.2236
vn 0.9119 0.3463 0.2203
vn 0.9119 0.3463 0.2203
vn 0.9077 0.3550 0.2236
vn 0.8942 0.3841 0.2298
vn 0.8942 0.3841 0.2298
vn 0.9077 0.3550 0.2236
vn 0.8996 0.3725 0.2280
vn 0.8996 0.3725 0.2280
vn 0.8969 0.3788 0.2283
vn 0.8942 0.3841 0.2298
vn 0.8706 0.4288 0.2411
vn 0.8686 0.4250 0.2548
vn 0.8763 0.4184 0.2387
vn 0.8686 0.4250 0.2548
vn 0.8820 0.4072 0.2373
vn 0.8763 0.4184 0.2387
vn 0.8884 0.3952 0.2336
vn 0.8763 0.4184 0.2387
vn 0.8820 0.4072 0.2373
vn 0.8820 0.4072 0.2373
vn 0.8913 0.3895 0.2320
vn 0.8884 0.3952 0.2336
vn 0.8763 0.4184 0.2387
vn 0.8762 0.4195 0.2374
vn 0.8128 0.5363 0.2274
vn 0.8128 0.5363 0.2274
vn 0.8759 0.4194 0.2385
vn 0.8763 0.4184 0.2387
vn 0.8763 0.4184 0.2387
vn 0.8759 0.4194 0.2385
vn 0.8706 0.4288 0.2411
vn 0.8706 0.4288 0.2411
vn 0.8759 0.4194 0.2385
vn 0.8652 0.4387 0.2430
vn 0.8613 0.4453 0.2446
vn 0.8706 0.4288 0.2411
vn 0.8652 0.4387 0.2430
vn 0.8409 0.4786 0.2526
vn 0.8613 0.4453 0.2446
vn 0.8652 0.4387 0.2430
vn 0.8128 0.5363 0.2274
vn 0.8619 0.4443 0.2445
vn 0.8652 0.4387 0.2430
vn 0.8652 0.4387 0.2430
vn 0.8619 0.4443 0.2445
vn 0.8409 0.4786 0.2526
vn 0.8409 0.4786 0.2526
vn 0.8619 0.4443 0.2445
vn 0.8515 0.4617 0.2486
vn 0.8515 0.4617 0.2486
vn 0.8303 0.4528 0.3250
vn 0.8409 0.4786 0.2526
vn 0.8418 0.4781 0.2506
vn 0.8359 0.4878 0.2516
vn 0.8414 0.4787 0.2508
vn 0.8359 0.4878 0.2516
vn 0.8558 0.4539 0.2481
vn 0.8414 0.4787 0.2508
vn 0.8515 0.4617 0.2486
vn 0.8414 0.4787 0.2508
vn 0.8558 0.4539 0.2481
vn 0.8558 0.4539 0.2481
vn 0.8303 0.4528 0.3250
vn 0.8515 0.4617 0.2486
vn 0.8128 0.5363 0.2274
vn 0.8390 0.4825 0.2517
vn 0.8414 0.4787 0.2508
vn 0.8414 0.4787 0.2508
vn 0.8390 0.4825 0.2517
vn 0.8418 0.4781 0.2506
vn 0.8418 0.4781 0.2506
vn 0.8390 0.4825 0.2517
vn 0.8267 0.5020 0.2539
vn 0.8187 0.5026 0.2777
vn 0.8418 0.4781 0.2506
vn 0.8267 0.5020 0.2539
vn 0.8126 0.5231 0.2568
vn 0.8187 0.5026 0.2777
vn 0.8267 0.5020 0.2539
vn 0.8117 0.5245 0.2570
vn 0.8034 0.5365 0.2584
vn 0.8042 0.5351 0.2589
vn 0.5777 0.7980 0.1716
vn 0.8034 0.5365 0.2584
vn 0.8117 0.5245 0.2570
vn 0.8128 0.5363 0.2274
vn 0.8203 0.5125 0.2541
vn 0.8267 0.5020 0.2539
vn 0.8267 0.5020 0.2539
vn 0.8203 0.5125 0.2541
vn 0.8126 0.5231 0.2568
vn 0.8126 0.5231 0.2568
vn 0.8203 0.5125 0.2541
vn 0.8117 0.5245 0.2570
vn 0.8086 0.5289 0.2577
vn 0.8126 0.5231 0.2568
vn 0.8117 0.5245 0.2570
vn 0.8042 0.5351 0.2589
vn 0.8086 0.5289 0.2577
vn 0.8117 0.5245 0.2570
vn 0.7814 0.5689 0.2565
vn 0.7790 0.5707 0.2599
vn 0.7863 0.5607 0.2594
vn 0.7762 0.5746 0.2593
vn 0.7863 0.5607 0.2594
vn 0.7790 0.5707 0.2599
vn 0.7762 0.5746 0.2593
vn 0.7790 0.5707 0.2599
vn 0.7526 0.6033 0.2639
vn 0.7762 0.5746 0.2593
vn 0.7526 0.6033 0.2639
vn 0.7115 0.6565 0.2505
vn 0.7577 0.5802 0.2987
vn 0.7762 0.5746 0.2593
vn 0.7115 0.6565 0.2505
vn 0.6292 0.7504 0.2025
vn 0.7577 0.5802 0.2987
vn 0.7115 0.6565 0.2505
vn 0.7115 0.6565 0.2505
vn 0.6712 0.7028 0.2358
vn 0.6292 0.7504 0.2025
vn 0.6712 0.7028 0.2358
vn 0.6354 0.7326 0.2442
vn 0.6292 0.7504 0.2025
vn 0.7077 0.6949 0.1274
vn 0.5477 0.7990 0.2483
vn 0.6354 0.7326 0.2442
vn 0.5477 0.7990 0.2483
vn 0.6292 0.7504 0.2025
vn 0.6354 0.7326 0.2442
vn 0.4940 0.8385 0.2301
vn 0.6292 0.7504 0.2025
vn 0.5477 0.7990 0.2483
vn 0.5477 0.7990 0.2483
vn 0.5808 0.7844 0.2178
vn 0.4940 0.8385 0.2301
vn 0.3959 0.8933 0.2126
vn 0.3589 0.9106 0.2049
vn 0.3470 0.9135 0.2122
vn 0.3589 0.9106 0.2049
vn 0.2736 0.9453 0.1777
vn 0.3470 0.9135 0.2122
vn 0.0167 0.9946 0.1020
vn 0.0223 0.9941 0.1059
vn 0.0525 0.9914 0.1195
vn 0.0525 0.9914 0.1195
vn 0.0165 0.9947 0.1015
vn 0.0167 0.9946 0.1020
vn 0.0165 0.9947 0.1015
vn 0.0484 0.9945 0.0924
vn 0.0167 0.9946 0.1020
vn 0.0803 0.9880 0.1318
vn 0.1101 0.9838 0.1412
vn 0.0678 0.9898 0.1255
vn 0.1428 0.9768 0.1596
vn 0.1355 0.9784 0.1562
vn 0.1120 0.9830 0.1456
vn 0.1428 0.9768 0.1596
vn 0.2717 0.9435 0.1897
vn 0.1355 0.9784 0.1562
vn 0.2717 0.9435 0.1897
vn 0.1428 0.9768 0.1596
vn 0.1708 0.9702 0.1717
vn 0.2717 0.9435 0.1897
vn 0.1708 0.9702 0.1717
vn 0.1997 0.9625 0.1839
vn 0.2717 0.9435 0.1897
vn 0.1997 0.9625 0.1839
vn 0.2928 0.9298 0.2230
vn 0.3959 0.8933 0.2126
vn 0.4940 0.8385 0.2301
vn 0.4216 0.8806 0.2163
vn 0.3589 0.9106 0.2049
vn 0.3959 0.8933 0.2126
vn 0.4216 0.8806 0.2163
vn 0.4216 0.8806 0.2163
vn 0.2960 0.9361 0.1901
vn 0.3589 0.9106 0.2049
vn 0.3959 0.8933 0.2126
vn 0.3470 0.9135 0.2122
vn 0.3950 0.8935 0.2135
vn 0.3950 0.8935 0.2135
vn 0.4940 0.8385 0.2301
vn 0.3959 0.8933 0.2126
vn 0.4940 0.8385 0.2301
vn 0.5808 0.7844 0.2178
vn 0.4216 0.8806 0.2163
vn 0.9822 0.1204 0.1443
vn 0.9785 0.1394 0.1519
vn 0.9772 0.1422 0.1575
vn 0.9772 0.1422 0.1575
vn 0.9767 0.1412 0.1616
vn 0.9822 0.1204 0.1443
vn 0.9767 0.1412 0.1616
vn 0.9836 0.1125 0.1411
vn 0.9822 0.1204 0.1443
vn 0.9785 0.1394 0.1519
vn 0.9751 0.1556 0.1582
vn 0.9740 0.1577 0.1625
vn 0.9740 0.1577 0.1625
vn 0.9772 0.1422 0.1575
vn 0.9785 0.1394 0.1519
vn 0.9751 0.1556 0.1582
vn 0.9720 0.1689 0.1632
vn 0.9714 0.1701 0.1656
vn 0.9714 0.1701 0.1656
vn 0.9740 0.1577 0.1625
vn 0.9751 0.1556 0.1582
vn 0.9720 0.1689 0.1632
vn 0.9680 0.1852 0.1693
vn 0.9682 0.1843 0.1693
vn 0.9682 0.1843 0.1693
vn 0.9714 0.1701 0.1656
vn 0.9720 0.1689 0.1632
vn 0.9680 0.1852 0.1693
vn 0.9664 0.1915 0.1716
vn 0.9639 0.2014 0.1742
vn 0.9639 0.2014 0.1742
vn 0.9682 0.1843 0.1693
vn 0.9680 0.1852 0.1693
vn 0.9615 0.2092 0.1780
vn 0.9582 0.2223 0.1803
vn 0.9639 0.2014 0.1742
vn 0.9664 0.1915 0.1716
vn 0.9615 0.2092 0.1780
vn 0.9639 0.2014 0.1742
vn 0.9615 0.2092 0.1780
vn 0.9591 0.2175 0.1809
vn 0.9582 0.2223 0.1803
vn 0.9591 0.2175 0.1809
vn 0.9615 0.2092 0.1780
vn 0.9639 0.2016 0.1737
vn 0.9615 0.2092 0.1780
vn 0.9664 0.1915 0.1716
vn 0.9639 0.2016 0.1737
vn 0.9698 0.1788 0.1656
vn 0.9639 0.2016 0.1737
vn 0.9664 0.1915 0.1716
vn 0.9664 0.1915 0.1716
vn 0.9680 0.1852 0.1693
vn 0.9698 0.1788 0.1656
vn 0.9680 0.1852 0.1693
vn 0.9720 0.1689 0.1632
vn 0.9698 0.1788 0.1656
vn 0.9749 0.1575 0.1574
vn 0.9698 0.1788 0.1656
vn 0.9720 0.1689 0.1632
vn 0.9720 0.1689 0.1632
vn 0.9751 0.1556 0.1582
vn 0.9749 0.1575 0.1574
vn 0.9751 0.1556 0.1582
vn 0.9793 0.1361 0.1495
vn 0.9749 0.1575 0.1574
vn 0.9751 0.1556 0.1582
vn 0.9785 0.1394 0.1519
vn 0.9793 0.1361 0.1495
vn 0.9591 0.2175 0.1809
vn 0.9547 0.2323 0.1861
vn 0.9582 0.2223 0.1803
vn 0.9526 0.2411 0.1856
vn 0.9582 0.2223 0.1803
vn 0.9547 0.2323 0.1861
vn 0.9468 0.2590 0.1911
vn 0.9526 0.2411 0.1856
vn 0.9502 0.2463 0.1908
vn 0.9547 0.2323 0.1861
vn 0.9502 0.2463 0.1908
vn 0.9526 0.2411 0.1856
vn 0.9502 0.2463 0.1908
vn 0.9451 0.2615 0.1958
vn 0.9468 0.2590 0.1911
vn 0.9451 0.2615 0.1958
vn 0.9401 0.2781 0.1970
vn 0.9468 0.2590 0.1911
vn 0.9451 0.2615 0.1958
vn 0.9400 0.2760 0.2005
vn 0.9401 0.2781 0.1970
vn 0.9400 0.2760 0.2005
vn 0.9363 0.2862 0.2037
vn 0.9300 0.3042 0.2063
vn 0.9300 0.3042 0.2063
vn 0.9401 0.2781 0.1970
vn 0.9400 0.2760 0.2005
vn 0.2736 0.9453 0.1777
vn 0.2960 0.9361 0.1901
vn 0.2172 0.9651 0.1463
vn 0.2692 0.9430 0.1954
vn 0.2172 0.9651 0.1463
vn 0.2960 0.9361 0.1901
vn 0.2320 0.9535 0.1925
vn 0.1674 0.9712 0.1694
vn 0.0967 0.9864 0.1325
vn 0.1674 0.9712 0.1694
vn 0.1395 0.9777 0.1572
vn 0.0967 0.9864 0.1325
vn 0.0967 0.9864 0.1325
vn 0.0501 0.9917 0.1185
vn 0.0525 0.9914 0.1195
vn 0.1120 0.9830 0.1456
vn 0.1355 0.9784 0.1562
vn 0.1101 0.9838 0.1412
vn 0.1101 0.9838 0.1412
vn 0.0803 0.9880 0.1318
vn 0.1120 0.9830 0.1456
vn 0.0967 0.9864 0.1325
vn 0.1120 0.9830 0.1456
vn 0.0803 0.9880 0.1318
vn 0.0525 0.9914 0.1195
vn 0.0223 0.9941 0.1059
vn 0.0103 0.9949 0.1002
vn 0.0103 0.9949 0.1002
vn 0.0307 0.9936 0.1086
vn 0.0525 0.9914 0.1195
vn 0.0967 0.9864 0.1325
vn 0.0525 0.9914 0.1195
vn 0.0307 0.9936 0.1086
vn 0.0307 0.9936 0.1086
vn 0.1073 0.9881 0.1103
vn 0.0967 0.9864 0.1325
vn 0.0967 0.9864 0.1325
vn 0.1073 0.9881 0.1103
vn 0.2172 0.9651 0.1463
vn 0.2692 0.9430 0.1954
vn 0.0967 0.9864 0.1325
vn 0.2172 0.9651 0.1463
vn 0.0803 0.9880 0.1318
vn 0.0501 0.9917 0.1185
vn 0.0967 0.9864 0.1325
vn 0.0678 0.9898 0.1255
vn 0.0501 0.9917 0.1185
vn 0.0803 0.9880 0.1318
vn 0.0525 0.9914 0.1195
vn 0.0501 0.9917 0.1185
vn 0.0678 0.9898 0.1255
vn 0.0678 0.9898 0.1255
vn 0.0165 0.9947 0.1015
vn 0.0525 0.9914 0.1195
vn 0.2717 0.9435 0.1897
vn 0.2928 0.9298 0.2230
vn 0.9092 0.4072 0.0864
vn 0.8485 0.5164 0.1154
vn 0.2692 0.9430 0.1954
vn 0.2960 0.9361 0.1901
vn 0.1395 0.9777 0.1572
vn 0.1120 0.9830 0.1456
vn 0.0967 0.9864 0.1325
vn 0.1120 0.9830 0.1456
vn 0.1395 0.9777 0.1572
vn 0.1428 0.9768 0.1596
vn 0.1395 0.9777 0.1572
vn 0.1708 0.9702 0.1717
vn 0.1428 0.9768 0.1596
vn 0.1708 0.9702 0.1717
vn 0.1395 0.9777 0.1572
vn 0.1674 0.9712 0.1694
vn 0.1674 0.9712 0.1694
vn 0.1997 0.9625 0.1839
vn 0.1708 0.9702 0.1717
vn 0.1997 0.9625 0.1839
vn 0.1674 0.9712 0.1694
vn 0.2320 0.9535 0.1925
vn 0.2320 0.9535 0.1925
vn 0.2928 0.9298 0.2230
vn 0.1997 0.9625 0.1839
vn 0.9092 0.4072 0.0864
vn 0.2928 0.9298 0.2230
vn 0.2320 0.9535 0.1925
vn 0.9092 0.4072 0.0864
vn 0.2692 0.9430 0.1954
vn 0.8485 0.5164 0.1154
vn 0.0967 0.9864 0.1325
vn 0.2692 0.9430 0.1954
vn 0.2320 0.9535 0.1925
vn 0.2320 0.9535 0.1925
vn 0.2692 0.9430 0.1954
vn 0.1982 0.9656 0.1685
vn 0.2960 0.9361 0.1901
vn 0.2736 0.9453 0.1777
vn 0.3589 0.9106 0.2049
vn 0.0881 0.9961 0.0000
vn 0.1314 0.9913 0.0079
vn 0.0842 0.9964 0.0132
vn 0.7115 0.6565 0.2505
vn 0.7526 0.6033 0.2639
vn 0.7790 0.5707 0.2599
vn 0.4216 0.8806 0.2163
vn 0.8485 0.5164 0.1154
vn 0.2960 0.9361 0.1901
vn 0.9996 0.0288 0.0002
vn 0.9983 0.0576 0.0002
vn 0.9967 0.0807 0.0031
vn 0.9988 0.0481 0.0001
vn 0.9996 0.0288 0.0002
vn 0.9967 0.0807 0.0031
vn 0.9967 0.0807 0.0031
vn 0.9973 0.0730 -0.0001
vn 0.9988 0.0481 0.0001
vn 0.9291 0.3607 0.0823
vn 0.9875 0.1574 0.0011
vn 0.9908 0.1355 0.0010
vn 0.9908 0.1355 0.0010
vn 0.9940 0.1090 0.0032
vn 0.9291 0.3607 0.0823
vn 0.9967 0.0807 0.0031
vn 0.9291 0.3607 0.0823
vn 0.9940 0.1090 0.0032
vn 0.9940 0.1090 0.0032
vn 0.9973 0.0730 -0.0001
vn 0.9967 0.0807 0.0031
vn 0.9291 0.3607 0.0823
vn 0.9842 0.1770 0.0003
vn 0.9875 0.1574 0.0011
vn 0.9783 0.2073 -0.0001
vn 0.9842 0.1770 0.0003
vn 0.9291 0.3607 0.0823
vn 0.9728 0.2314 0.0028
vn 0.9783 0.2073 -0.0001
vn 0.9291 0.3607 0.0823
vn 0.9291 0.3607 0.0823
vn 0.8662 0.4918 0.0892
vn 0.9728 0.2314 0.0028
vn 0.9607 0.2774 0.0005
vn 0.9688 0.2480 0.0021
vn 0.8662 0.4918 0.0892
vn 0.9688 0.2480 0.0021
vn 0.9728 0.2314 0.0028
vn 0.8662 0.4918 0.0892
vn 0.9549 0.2970 0.0006
vn 0.9607 0.2774 0.0005
vn 0.8662 0.4918 0.0892
vn 0.9318 0.3629 -0.0000
vn 0.9451 0.3268 0.0002
vn 0.8662 0.4918 0.0892
vn 0.8662 0.4918 0.0892
vn 0.9451 0.3268 0.0002
vn 0.9496 0.3136 0.0002
vn 0.9496 0.3136 0.0002
vn 0.9549 0.2970 0.0006
vn 0.8662 0.4918 0.0892
vn 0.9220 0.3870 0.0093
vn 0.9318 0.3629 -0.0000
vn 0.8662 0.4918 0.0892
vn 0.8984 0.4392 0.0018
vn 0.9097 0.4153 0.0015
vn 0.5808 0.7844 0.2178
vn 0.9097 0.4153 0.0015
vn 0.9220 0.3870 0.0093
vn 0.5808 0.7844 0.2178
vn 0.5808 0.7844 0.2178
vn 0.8490 0.5279 0.0239
vn 0.8984 0.4392 0.0018
vn 0.8882 0.4595 0.0002
vn 0.8984 0.4392 0.0018
vn 0.8490 0.5279 0.0239
vn 0.8288 0.5595 0.0004
vn 0.8319 0.5550 0.0000
vn 0.8490 0.5279 0.0239
vn 0.8490 0.5279 0.0239
vn 0.7077 0.6949 0.1274
vn 0.8288 0.5595 0.0004
vn 0.7968 0.6043 0.0008
vn 0.8288 0.5595 0.0004
vn 0.7077 0.6949 0.1274
vn 0.7077 0.6949 0.1274
vn 0.7865 0.6176 0.0009
vn 0.7968 0.6043 0.0008
vn 0.7077 0.6949 0.1274
vn 0.7403 0.6722 0.0009
vn 0.7516 0.6596 0.0004
vn 0.7516 0.6596 0.0004
vn 0.7865 0.6176 0.0009
vn 0.7077 0.6949 0.1274
vn 0.7035 0.7107 0.0003
vn 0.7403 0.6722 0.0009
vn 0.7077 0.6949 0.1274
vn 0.7077 0.6949 0.1274
vn 0.6904 0.7235 0.0003
vn 0.7035 0.7107 0.0003
vn 0.6523 0.7579 0.0048
vn 0.6904 0.7235 0.0003
vn 0.7077 0.6949 0.1274
vn 0.7077 0.6949 0.1274
vn 0.6354 0.7326 0.2442
vn 0.6523 0.7579 0.0048
vn 0.6354 0.7326 0.2442
vn 0.6452 0.7640 0.0034
vn 0.6523 0.7579 0.0048
vn 0.6354 0.7326 0.2442
vn 0.6185 0.7858 0.0026
vn 0.6452 0.7640 0.0034
vn 0.6354 0.7326 0.2442
vn 0.5942 0.8043 0.0061
vn 0.6185 0.7858 0.0026
vn 0.6354 0.7326 0.2442
vn 0.6712 0.7028 0.2358
vn 0.5942 0.8043 0.0061
vn 0.6712 0.7028 0.2358
vn 0.5759 0.8175 0.0002
vn 0.5942 0.8043 0.0061
vn 0.5571 0.8305 0.0003
vn 0.5759 0.8175 0.0002
vn 0.6712 0.7028 0.2358
vn 0.6712 0.7028 0.2358
vn 0.5238 0.8518 0.0009
vn 0.5571 0.8305 0.0003
vn 0.6712 0.7028 0.2358
vn 0.4685 0.8835 0.0013
vn 0.4847 0.8747 0.0005
vn 0.4847 0.8747 0.0005
vn 0.5190 0.8548 0.0006
vn 0.6712 0.7028 0.2358
vn 0.5190 0.8548 0.0006
vn 0.5238 0.8518 0.0009
vn 0.6712 0.7028 0.2358
vn 0.4390 0.8985 0.0010
vn 0.4685 0.8835 0.0013
vn 0.6712 0.7028 0.2358
vn 0.4098 0.9122 0.0011
vn 0.4390 0.8985 0.0010
vn 0.6712 0.7028 0.2358
vn 0.2363 0.9717 0.0024
vn 0.3299 0.9440 -0.0000
vn 0.3622 0.9321 0.0003
vn 0.6712 0.7028 0.2358
vn 0.2363 0.9717 0.0024
vn 0.3622 0.9321 0.0003
vn 0.3622 0.9321 0.0003
vn 0.3923 0.9198 0.0007
vn 0.6712 0.7028 0.2358
vn 0.6712 0.7028 0.2358
vn 0.3923 0.9198 0.0007
vn 0.4098 0.9122 0.0011
vn 0.3089 0.9511 0.0001
vn 0.3299 0.9440 -0.0000
vn 0.2363 0.9717 0.0024
vn 0.2363 0.9717 0.0024
vn 0.2884 0.9575 0.0002
vn 0.3089 0.9511 0.0001
vn 0.1314 0.9913 0.0079
vn 0.1790 0.9839 0.0020
vn 0.7115 0.6565 0.2505
vn 0.7115 0.6565 0.2505
vn 0.1790 0.9839 0.0020
vn 0.2363 0.9717 0.0024
vn 0.0567 0.9984 0.0004
vn 0.0881 0.9961 0.0000
vn 0.0842 0.9964 0.0132
vn 0.0842 0.9964 0.0132
vn 0.0838 0.9965 0.0002
vn 0.0567 0.9984 0.0004
vn 0.4216 0.8806 0.2163
vn 0.5808 0.7844 0.2178
vn 0.8485 0.5164 0.1154
vn 0.8485 0.5164 0.1154
vn 0.5808 0.7844 0.2178
vn 0.9291 0.3607 0.0823
vn 0.5808 0.7844 0.2178
vn 0.8662 0.4918 0.0892
vn 0.9291 0.3607 0.0823
vn 0.8490 0.5279 0.0239
vn 0.5808 0.7844 0.2178
vn 0.5477 0.7990 0.2483
vn 0.5477 0.7990 0.2483
vn 0.7077 0.6949 0.1274
vn 0.8490 0.5279 0.0239
vn 0.8662 0.4918 0.0892
vn 0.5808 0.7844 0.2178
vn 0.9220 0.3870 0.0093
vn 0.7115 0.6565 0.2505
vn 0.2363 0.9717 0.0024
vn 0.6712 0.7028 0.2358
vn 0.7115 0.6565 0.2505
vn 0.0842 0.9964 0.0132
vn 0.1314 0.9913 0.0079
vn 0.0165 0.9947 0.1015
vn 0.0678 0.9898 0.1255
vn 0.0484 0.9945 0.0924
vn 0.1101 0.9838 0.1412
vn 0.0484 0.9945 0.0924
vn 0.0678 0.9898 0.1255
vn 0.1101 0.9838 0.1412
vn 0.1355 0.9784 0.1562
vn 0.2717 0.9435 0.1897
vn 0.9967 0.0807 0.0031
vn 0.8485 0.5164 0.1154
vn 0.9291 0.3607 0.0823
vn 0.2717 0.9435 0.1897
vn 0.0484 0.9945 0.0924
vn 0.1101 0.9838 0.1412
vn 0.0484 0.9945 0.0924
vn 0.2717 0.9435 0.1897
vn 0.9092 0.4072 0.0864
vn 0.0484 0.9945 0.0924
vn 0.9092 0.4072 0.0864
vn 0.1672 0.9801 0.1067
vn 0.9967 0.0807 0.0031
vn 0.9983 0.0576 0.0002
vn 0.9985 0.0549 0.0084
vn 0.9989 0.0332 0.0322
vn 0.9931 0.0022 0.1173
vn 0.9985 0.0549 0.0084
vn 0.8485 0.5164 0.1154
vn 0.9967 0.0807 0.0031
vn 0.9985 0.0549 0.0084
vn 0.9991 0.0425 0.0057
vn 0.9092 0.4072 0.0864
vn 0.9985 0.0549 0.0084
vn 0.9985 0.0549 0.0084
vn 0.9092 0.4072 0.0864
vn 0.8485 0.5164 0.1154
vn 0.8984 0.4392 0.0018
vn 0.8882 0.4595 0.0002
vn 0.9016 0.4326 0.0002
vn 0.0548 0.9985 0.0000
vn 0.0881 0.9961 0.0000
vn 0.0567 0.9984 0.0004
vn 0.0548 0.9985 0.0000
vn 0.0567 0.9984 0.0004
vn 0.0838 0.9965 0.0002
vn 0.0838 0.9965 0.0002
vn 0.0330 0.9995 0.0019
vn 0.0548 0.9985 0.0000
vn 0.1321 0.9912 -0.0000
vn 0.1790 0.9839 0.0020
vn 0.1314 0.9913 0.0079
vn 0.1321 0.9912 -0.0000
vn 0.1314 0.9913 0.0079
vn 0.0881 0.9961 0.0000
vn 0.0881 0.9961 0.0000
vn 0.0943 0.9438 0.3167
vn 0.1321 0.9912 -0.0000
vn 0.0548 0.9985 0.0000
vn 0.0943 0.9438 0.3167
vn 0.0881 0.9961 0.0000
vn 0.1790 0.9839 0.0020
vn 0.1321 0.9912 -0.0000
vn 0.1757 0.9844 0.0002
vn 0.2183 0.9759 0.0003
vn 0.2363 0.9717 0.0024
vn 0.1790 0.9839 0.0020
vn 0.1790 0.9839 0.0020
vn 0.1757 0.9844 0.0002
vn 0.2183 0.9759 0.0003
vn 0.2183 0.9759 0.0003
vn 0.2617 0.9650 0.0198
vn 0.2884 0.9575 0.0002
vn 0.2183 0.9759 0.0003
vn 0.2884 0.9575 0.0002
vn 0.2363 0.9717 0.0024
vn 0.2884 0.9575 0.0002
vn 0.2617 0.9650 0.0198
vn 0.2841 0.9588 0.0001
vn 0.3089 0.9511 0.0001
vn 0.2884 0.9575 0.0002
vn 0.2841 0.9588 0.0001
vn 0.2841 0.9588 0.0001
vn 0.3276 0.9448 0.0031
vn 0.3089 0.9511 0.0001
vn 0.3299 0.9440 -0.0000
vn 0.3089 0.9511 0.0001
vn 0.3276 0.9448 0.0031
vn 0.3276 0.9448 0.0031
vn 0.3622 0.9321 0.0003
vn 0.3299 0.9440 -0.0000
vn 0.3622 0.9321 0.0003
vn 0.3276 0.9448 0.0031
vn 0.3664 0.9304 0.0018
vn 0.3664 0.9304 0.0018
vn 0.3913 0.9203 0.0010
vn 0.3622 0.9321 0.0003
vn 0.3923 0.9198 0.0007
vn 0.3622 0.9321 0.0003
vn 0.3913 0.9203 0.0010
vn 0.3913 0.9203 0.0010
vn 0.4128 0.9108 0.0002
vn 0.3923 0.9198 0.0007
vn 0.4098 0.9122 0.0011
vn 0.3923 0.9198 0.0007
vn 0.4128 0.9108 0.0002
vn 0.4801 0.8772 0.0002
vn 0.4847 0.8747 0.0005
vn 0.4685 0.8835 0.0013
vn 0.4685 0.8835 0.0013
vn 0.4390 0.8985 0.0010
vn 0.4801 0.8772 0.0002
vn 0.4128 0.9108 0.0002
vn 0.4801 0.8772 0.0002
vn 0.4390 0.8985 0.0010
vn 0.4390 0.8985 0.0010
vn 0.4098 0.9122 0.0011
vn 0.4128 0.9108 0.0002
vn 0.4847 0.8747 0.0005
vn 0.4801 0.8772 0.0002
vn 0.4503 0.8505 0.2718
vn 0.5303 0.8478 0.0001
vn 0.5571 0.8305 0.0003
vn 0.5238 0.8518 0.0009
vn 0.4503 0.8505 0.2718
vn 0.4949 0.8689 0.0003
vn 0.4847 0.8747 0.0005
vn 0.5190 0.8548 0.0006
vn 0.4847 0.8747 0.0005
vn 0.4949 0.8689 0.0003
vn 0.4949 0.8689 0.0003
vn 0.5303 0.8478 0.0001
vn 0.5190 0.8548 0.0006
vn 0.5238 0.8518 0.0009
vn 0.5190 0.8548 0.0006
vn 0.5303 0.8478 0.0001
vn 0.5571 0.8305 0.0003
vn 0.5303 0.8478 0.0001
vn 0.5690 0.8223 0.0005
vn 0.5690 0.8223 0.0005
vn 0.5761 0.8174 0.0005
vn 0.5571 0.8305 0.0003
vn 0.5759 0.8175 0.0002
vn 0.5571 0.8305 0.0003
vn 0.5761 0.8174 0.0005
vn 0.5761 0.8174 0.0005
vn 0.5953 0.8035 0.0003
vn 0.5759 0.8175 0.0002
vn 0.5953 0.8035 0.0003
vn 0.5942 0.8043 0.0061
vn 0.5759 0.8175 0.0002
vn 0.6343 0.7731 0.0006
vn 0.6523 0.7579 0.0048
vn 0.6452 0.7640 0.0034
vn 0.6452 0.7640 0.0034
vn 0.6185 0.7858 0.0026
vn 0.6343 0.7731 0.0006
vn 0.5953 0.8035 0.0003
vn 0.6343 0.7731 0.0006
vn 0.6185 0.7858 0.0026
vn 0.6185 0.7858 0.0026
vn 0.5942 0.8043 0.0061
vn 0.5953 0.8035 0.0003
vn 0.6778 0.7352 0.0011
vn 0.6912 0.7227 0.0031
vn 0.7035 0.7107 0.0003
vn 0.6912 0.7227 0.0031
vn 0.7269 0.6867 0.0084
vn 0.7035 0.7107 0.0003
vn 0.6778 0.7352 0.0011
vn 0.7035 0.7107 0.0003
vn 0.6904 0.7235 0.0003
vn 0.6343 0.7731 0.0006
vn 0.6398 0.7685 0.0016
vn 0.6523 0.7579 0.0048
vn 0.6398 0.7685 0.0016
vn 0.6778 0.7352 0.0011
vn 0.6523 0.7579 0.0048
vn 0.6904 0.7235 0.0003
vn 0.6523 0.7579 0.0048
vn 0.6778 0.7352 0.0011
vn 0.7403 0.6722 0.0009
vn 0.7035 0.7107 0.0003
vn 0.7269 0.6867 0.0084
vn 0.7516 0.6596 0.0004
vn 0.7403 0.6722 0.0009
vn 0.7269 0.6867 0.0084
vn 0.7269 0.6867 0.0084
vn 0.7409 0.6716 0.0015
vn 0.7516 0.6596 0.0004
vn 0.7409 0.6716 0.0015
vn 0.8132 0.5820 0.0007
vn 0.7516 0.6596 0.0004
vn 0.7865 0.6176 0.0009
vn 0.7516 0.6596 0.0004
vn 0.8132 0.5820 0.0007
vn 0.8132 0.5820 0.0007
vn 0.7805 0.6113 0.1305
vn 0.7968 0.6043 0.0008
vn 0.8132 0.5820 0.0007
vn 0.7968 0.6043 0.0008
vn 0.7865 0.6176 0.0009
vn 0.8292 0.5589 0.0016
vn 0.8594 0.5112 0.0002
vn 0.8319 0.5550 0.0000
vn -0.0740 0.9973 -0.0003
vn -0.0740 0.9973 -0.0003
vn -0.0740 0.9973 -0.0003
vn 0.8288 0.5595 0.0004
vn 0.7968 0.6043 0.0008
vn 0.7818 0.6236 0.0004
vn 0.8319 0.5550 0.0000
vn 0.8288 0.5595 0.0004
vn 0.7818 0.6236 0.0004
vn 0.7818 0.6236 0.0004
vn 0.8292 0.5589 0.0016
vn 0.8319 0.5550 0.0000
vn 0.8594 0.5112 0.0002
vn 0.8882 0.4595 0.0002
vn 0.8490 0.5279 0.0239
vn 0.8490 0.5279 0.0239
vn 0.8319 0.5550 0.0000
vn 0.8594 0.5112 0.0002
vn 0.8594 0.5112 0.0002
vn 0.8714 0.4899 0.0252
vn 0.8882 0.4595 0.0002
vn 0.8882 0.4595 0.0002
vn 0.8714 0.4899 0.0252
vn 0.8871 0.4616 0.0002
vn 0.8871 0.4616 0.0002
vn 0.9016 0.4326 0.0002
vn 0.8882 0.4595 0.0002
vn 0.9220 0.3870 0.0093
vn 0.9097 0.4153 0.0015
vn 0.9260 0.3775 0.0005
vn 0.9016 0.4326 0.0002
vn 0.9260 0.3775 0.0005
vn 0.9097 0.4153 0.0015
vn 0.9016 0.4326 0.0002
vn 0.9097 0.4153 0.0015
vn 0.8984 0.4392 0.0018
vn 0.9260 0.3775 0.0005
vn 0.9280 0.3724 0.0127
vn 0.9318 0.3629 -0.0000
vn 0.9260 0.3775 0.0005
vn 0.9318 0.3629 -0.0000
vn 0.9220 0.3870 0.0093
vn 0.9280 0.3724 0.0127
vn 0.9433 0.3318 0.0023
vn 0.9318 0.3629 -0.0000
vn 0.9451 0.3268 0.0002
vn 0.9318 0.3629 -0.0000
vn 0.9433 0.3318 0.0023
vn 0.9496 0.3136 0.0002
vn 0.9451 0.3268 0.0002
vn 0.9433 0.3318 0.0023
vn 0.9433 0.3318 0.0023
vn 0.9503 0.3112 0.0032
vn 0.9496 0.3136 0.0002
vn 0.9503 0.3112 0.0032
vn 0.9556 0.2945 0.0016
vn 0.9496 0.3136 0.0002
vn 0.9556 0.2945 0.0016
vn 0.9607 0.2774 0.0005
vn 0.9549 0.2970 0.0006
vn 0.9549 0.2970 0.0006
vn 0.9496 0.3136 0.0002
vn 0.9556 0.2945 0.0016
vn 0.9556 0.2945 0.0016
vn 0.9959 -0.0910 0.0017
vn 0.9607 0.2774 0.0005
vn 0.9688 0.2480 0.0021
vn 0.9607 0.2774 0.0005
vn 0.9959 -0.0910 0.0017
vn 0.9959 -0.0910 0.0017
vn 0.8811 0.1728 0.4402
vn 0.9688 0.2480 0.0021
vn 0.8811 0.1728 0.4402
vn 0.9014 0.4329 0.0016
vn 0.9688 0.2480 0.0021
vn 0.9014 0.4329 0.0016
vn 0.9783 0.2073 -0.0001
vn 0.9728 0.2314 0.0028
vn 0.9728 0.2314 0.0028
vn 0.9688 0.2480 0.0021
vn 0.9014 0.4329 0.0016
vn 0.9014 0.4329 0.0016
vn 0.9810 0.1939 0.0022
vn 0.9783 0.2073 -0.0001
vn 0.9842 0.1770 0.0003
vn 0.9783 0.2073 -0.0001
vn 0.9810 0.1939 0.0022
vn 0.9885 0.1510 0.0020
vn 0.9908 0.1355 0.0010
vn 0.9875 0.1574 0.0011
vn 0.9810 0.1939 0.0022
vn 0.9847 0.1745 0.0035
vn 0.9842 0.1770 0.0003
vn 0.9847 0.1745 0.0035
vn 0.9885 0.1510 0.0020
vn 0.9842 0.1770 0.0003
vn 0.9875 0.1574 0.0011
vn 0.9842 0.1770 0.0003
vn 0.9885 0.1510 0.0020
vn 0.9885 0.1510 0.0020
vn 0.9932 0.1166 0.0034
vn 0.9908 0.1355 0.0010
vn 0.9940 0.1090 0.0032
vn 0.9908 0.1355 0.0010
vn 0.9932 0.1166 0.0034
vn 0.9932 0.1166 0.0034
vn 0.9961 0.0881 0.0063
vn 0.9940 0.1090 0.0032
vn 0.9988 0.0481 0.0001
vn 0.9973 0.0730 -0.0001
vn 0.9988 0.0487 0.0002
vn 0.9961 0.0881 0.0063
vn 0.9988 0.0487 0.0002
vn 0.9973 0.0730 -0.0001
vn 0.9973 0.0730 -0.0001
vn 0.9940 0.1090 0.0032
vn 0.9961 0.0881 0.0063
vn 0.9998 0.0215 0.0002
vn 0.9985 0.0549 0.0084
vn 0.9983 0.0576 0.0002
vn 0.9983 0.0576 0.0002
vn 0.9996 0.0288 0.0002
vn 0.9998 0.0215 0.0002
vn 0.9988 0.0487 0.0002
vn 0.9998 0.0215 0.0002
vn 0.9996 0.0288 0.0002
vn 0.9996 0.0288 0.0002
vn 0.9988 0.0481 0.0001
vn 0.9988 0.0487 0.0002
vn 0.7790 0.5707 0.2599
vn 0.7814 0.5689 0.2565
vn 0.7115 0.6565 0.2505
vn 0.9712 0.2185 0.0950
vn 0.9945 0.0251 0.1021
vn 0.9957 0.0007 0.0924
vn 0.5812 0.8110 0.0678
vn 0.2554 0.9666 0.0225
vn 0.1632 0.9865 0.0130
vn 0.1632 0.9865 0.0130
vn 0.0240 0.9996 0.0130
vn 0.5812 0.8110 0.0678
vn 0.0240 0.9996 0.0130
vn 0.1632 0.9865 0.0130
vn 0.0270 0.9996 0.0009
vn 0.4354 0.8995 0.0370
vn 0.3424 0.9391 0.0291
vn 0.5812 0.8110 0.0678
vn 0.5812 0.8110 0.0678
vn 0.3424 0.9391 0.0291
vn 0.2554 0.9666 0.0225
vn 0.5812 0.8110 0.0678
vn 0.5599 0.8271 0.0491
vn 0.4354 0.8995 0.0370
vn 0.6996 0.7116 0.0651
vn 0.5812 0.8110 0.0678
vn 0.7578 0.6481 0.0761
vn 0.6996 0.7116 0.0651
vn 0.6367 0.7690 0.0572
vn 0.5812 0.8110 0.0678
vn 0.5812 0.8110 0.0678
vn 0.6367 0.7690 0.0572
vn 0.5599 0.8271 0.0491
vn 0.8478 0.5184 0.1115
vn 0.8584 0.5068 0.0794
vn 0.7578 0.6481 0.0761
vn 0.9957 0.0007 0.0924
vn 0.9942 0.0539 0.0927
vn 0.9712 0.2185 0.0950
vn 0.9712 0.2185 0.0950
vn 0.9942 0.0539 0.0927
vn 0.9881 0.1235 0.0916
vn 0.9302 0.3568 0.0863
vn 0.8478 0.5184 0.1115
vn 0.9712 0.2185 0.0950
vn 0.8478 0.5184 0.1115
vn 0.9879 0.0872 0.1286
vn 0.9908 0.0648 0.1185
vn 0.8478 0.5184 0.1115
vn 0.9793 0.1361 0.1495
vn 0.9841 0.1110 0.1389
vn 0.9841 0.1110 0.1389
vn 0.9879 0.0872 0.1286
vn 0.8478 0.5184 0.1115
vn 0.8478 0.5184 0.1115
vn 0.9749 0.1575 0.1574
vn 0.9793 0.1361 0.1495
vn 0.9639 0.2016 0.1737
vn 0.9698 0.1788 0.1656
vn 0.8478 0.5184 0.1115
vn 0.8473 0.5018 0.1739
vn 0.9157 0.3435 0.2087
vn 0.9229 0.3282 0.2011
vn 0.0842 0.9964 0.0132
vn 0.7115 0.6565 0.2505
vn 0.5777 0.7980 0.1716
vn 0.5777 0.7980 0.1716
vn 0.7115 0.6565 0.2505
vn 0.7814 0.5689 0.2565
vn 0.0842 0.9964 0.0132
vn 0.5777 0.7980 0.1716
vn 0.1510 0.9881 0.0292
vn 0.8128 0.5363 0.2274
vn 0.1510 0.9881 0.0292
vn 0.5777 0.7980 0.1716
vn 0.8643 0.4526 0.2192
vn 0.1510 0.9881 0.0292
vn 0.8128 0.5363 0.2274
vn 0.8128 0.5363 0.2274
vn 0.8762 0.4195 0.2374
vn 0.8643 0.4526 0.2192
vn 0.1510 0.9881 0.0292
vn 0.8643 0.4526 0.2192
vn 0.8990 0.3823 0.2139
vn 0.8589 0.4847 0.1652
vn 0.8990 0.3823 0.2139
vn 0.9157 0.3435 0.2087
vn 0.8507 0.4975 0.1694
vn 0.9229 0.3282 0.2011
vn 0.9310 0.3084 0.1955
vn 0.9276 0.3257 0.1830
vn 0.8478 0.5184 0.1115
vn 0.8510 0.4965 0.1711
vn 0.9276 0.3257 0.1830
vn 0.8519 0.4933 0.1758
vn 0.9390 0.2856 0.1914
vn 0.9390 0.2856 0.1914
vn 0.8537 0.4950 0.1618
vn 0.9310 0.3084 0.1955
vn 0.9587 0.2206 0.1796
vn 0.8478 0.5184 0.1115
vn 0.9276 0.3257 0.1830
vn 0.9639 0.2016 0.1737
vn 0.8478 0.5184 0.1115
vn 0.9587 0.2206 0.1796
vn 0.8478 0.5184 0.1115
vn 0.9698 0.1788 0.1656
vn 0.9749 0.1575 0.1574
vn 0.0240 0.9996 0.0130
vn 0.1510 0.9881 0.0292
vn 0.5812 0.8110 0.0678
vn 0.8478 0.5184 0.1115
vn 0.5812 0.8110 0.0678
vn 0.1510 0.9881 0.0292
vn 0.9929 0.0474 0.1092
vn 0.9712 0.2185 0.0950
vn 0.8478 0.5184 0.1115
vn 0.8478 0.5184 0.1115
vn 0.9908 0.0648 0.1185
vn 0.9929 0.0474 0.1092
vn 0.5812 0.8110 0.0678
vn 0.8478 0.5184 0.1115
vn 0.7578 0.6481 0.0761
vn 0.9945 0.0251 0.1021
vn 0.9712 0.2185 0.0950
vn 0.9929 0.0474 0.1092
vn 0.9942 0.0539 0.0927
vn 0.9957 0.0007 0.0924
vn 0.9957 0.0000 0.0922
vn 0.9942 0.0539 0.0927
vn 0.9957 0.0000 0.0922
vn 0.9926 0.0815 0.0895
vn 0.9926 0.0815 0.0895
vn 0.9881 0.1235 0.0916
vn 0.9942 0.0539 0.0927
vn 0.9926 0.0815 0.0895
vn 0.9820 0.1660 0.0896
vn 0.9881 0.1235 0.0916
vn 0.9820 0.1660 0.0896
vn 0.9712 0.2185 0.0950
vn 0.9881 0.1235 0.0916
vn 0.9820 0.1660 0.0896
vn 0.9605 0.2641 0.0880
vn 0.9712 0.2185 0.0950
vn 0.9302 0.3568 0.0863
vn 0.9712 0.2185 0.0950
vn 0.9605 0.2641 0.0880
vn 0.9605 0.2641 0.0880
vn 0.9826 0.1327 -0.1299
vn 0.9302 0.3568 0.0863
vn 0.9302 0.3568 0.0863
vn 0.9826 0.1327 -0.1299
vn 0.8975 0.4334 0.0817
vn 0.8975 0.4334 0.0817
vn 0.8478 0.5184 0.1115
vn 0.9302 0.3568 0.0863
vn 0.7452 0.6642 0.0592
vn 0.6996 0.7116 0.0651
vn 0.7578 0.6481 0.0761
vn 0.7578 0.6481 0.0761
vn 0.7738 0.6304 0.0617
vn 0.7452 0.6642 0.0592
vn 0.8268 0.5579 0.0720
vn 0.7738 0.6304 0.0617
vn 0.7578 0.6481 0.0761
vn 0.7578 0.6481 0.0761
vn 0.8584 0.5068 0.0794
vn 0.8268 0.5579 0.0720
vn 0.8975 0.4334 0.0817
vn 0.8268 0.5579 0.0720
vn 0.8584 0.5068 0.0794
vn 0.8584 0.5068 0.0794
vn 0.8478 0.5184 0.1115
vn 0.8975 0.4334 0.0817
vn 0.7452 0.6642 0.0592
vn 0.6414 0.7650 0.0573
vn 0.6996 0.7116 0.0651
vn 0.6367 0.7690 0.0572
vn 0.6996 0.7116 0.0651
vn 0.6414 0.7650 0.0573
vn 0.5599 0.8271 0.0491
vn 0.6367 0.7690 0.0572
vn 0.6414 0.7650 0.0573
vn 0.6414 0.7650 0.0573
vn 0.5805 0.8119 0.0615
vn 0.5599 0.8271 0.0491
vn 0.5805 0.8119 0.0615
vn 0.4773 0.8774 0.0487
vn 0.5599 0.8271 0.0491
vn 0.4354 0.8995 0.0370
vn 0.5599 0.8271 0.0491
vn 0.4773 0.8774 0.0487
vn 0.4773 0.8774 0.0487
vn 0.3382 0.9404 0.0345
vn 0.4354 0.8995 0.0370
vn 0.3424 0.9391 0.0291
vn 0.4354 0.8995 0.0370
vn 0.3382 0.9404 0.0345
vn 0.3382 0.9404 0.0345
vn 0.2554 0.9666 0.0225
vn 0.3424 0.9391 0.0291
vn 0.3382 0.9404 0.0345
vn 0.2103 0.9774 0.0220
vn 0.2554 0.9666 0.0225
vn 0.2103 0.9774 0.0220
vn 0.1632 0.9865 0.0130
vn 0.2554 0.9666 0.0225
vn 0.1202 0.9927 0.0089
vn 0.0276 0.9996 -0.0003
vn 0.0270 0.9996 0.0009
vn 0.0270 0.9996 0.0009
vn 0.1632 0.9865 0.0130
vn 0.1202 0.9927 0.0089
vn 0.2103 0.9774 0.0220
vn 0.1202 0.9927 0.0089
vn 0.1632 0.9865 0.0130
vn 0.0330 0.9995 0.0019
vn 0.0838 0.9965 0.0002
vn 0.0842 0.9964 0.0132
vn 0.0330 0.9995 0.0019
vn 0.0842 0.9964 0.0132
vn 0.1510 0.9881 0.0292
vn 0.1510 0.9881 0.0292
vn 0.0240 0.9996 0.0130
vn 0.0330 0.9995 0.0019
vn 0.0240 0.9996 0.0130
vn 0.0270 0.9996 0.0009
vn 0.0330 0.9995 0.0019
vn 0.0330 0.9995 0.0019
vn 0.0270 0.9996 0.0009
vn 0.0276 0.9996 -0.0003
vn 0.9433 0.3318 0.0023
vn 0.9280 0.3724 0.0127
vn 0.8811 0.1728 0.4402
vn 0.3913 0.9203 0.0010
vn 0.3664 0.9304 0.0018
vn 0.4503 0.8505 0.2718
vn 0.2183 0.9759 0.0003
vn 0.1757 0.9844 0.0002
vn 0.0943 0.9438 0.3167
vn 0.0943 0.9438 0.3167
vn 0.1757 0.9844 0.0002
vn 0.1321 0.9912 -0.0000
vn 0.4503 0.8505 0.2718
vn 0.3664 0.9304 0.0018
vn 0.3276 0.9448 0.0031
vn 0.4801 0.8772 0.0002
vn 0.4128 0.9108 0.0002
vn 0.4503 0.8505 0.2718
vn 0.4503 0.8505 0.2718
vn 0.4128 0.9108 0.0002
vn 0.3913 0.9203 0.0010
vn 0.4503 0.8505 0.2718
vn 0.5303 0.8478 0.0001
vn 0.4949 0.8689 0.0003
vn 0.4503 0.8505 0.2718
vn 0.5953 0.8035 0.0003
vn 0.5761 0.8174 0.0005
vn 0.5761 0.8174 0.0005
vn 0.5690 0.8223 0.0005
vn 0.4503 0.8505 0.2718
vn 0.4503 0.8505 0.2718
vn 0.5690 0.8223 0.0005
vn 0.5303 0.8478 0.0001
vn 0.4503 0.8505 0.2718
vn 0.6912 0.7227 0.0031
vn 0.6778 0.7352 0.0011
vn 0.6778 0.7352 0.0011
vn 0.6398 0.7685 0.0016
vn 0.4503 0.8505 0.2718
vn 0.6398 0.7685 0.0016
vn 0.6343 0.7731 0.0006
vn 0.4503 0.8505 0.2718
vn 0.6343 0.7731 0.0006
vn 0.5953 0.8035 0.0003
vn 0.4503 0.8505 0.2718
vn 0.7409 0.6716 0.0015
vn 0.7269 0.6867 0.0084
vn 0.7805 0.6113 0.1305
vn 0.4503 0.8505 0.2718
vn 0.7805 0.6113 0.1305
vn 0.7269 0.6867 0.0084
vn 0.7269 0.6867 0.0084
vn 0.6912 0.7227 0.0031
vn 0.4503 0.8505 0.2718
vn 0.8132 0.5820 0.0007
vn 0.7409 0.6716 0.0015
vn 0.7805 0.6113 0.1305
vn 0.8594 0.5112 0.0002
vn 0.8292 0.5589 0.0016
vn 0.8714 0.4899 0.0252
vn 0.7805 0.6113 0.1305
vn 0.8714 0.4899 0.0252
vn 0.8292 0.5589 0.0016
vn 0.8292 0.5589 0.0016
vn 0.7818 0.6236 0.0004
vn 0.7805 0.6113 0.1305
vn 0.9016 0.4326 0.0002
vn 0.8871 0.4616 0.0002
vn 0.8714 0.4899 0.0252
vn 0.5059 0.2171 0.8348
vn 0.5059 0.2171 0.8348
vn 0.5059 0.2171 0.8348
vn 0.8714 0.4899 0.0252
vn 0.8811 0.1728 0.4402
vn 0.9280 0.3724 0.0127
vn 0.4025 0.1610 0.9012
vn 0.4025 0.1610 0.9012
vn 0.4025 0.1610 0.9012
vn 0.9503 0.3112 0.0032
vn 0.9433 0.3318 0.0023
vn 0.8811 0.1728 0.4402
vn 0.9556 0.2945 0.0016
vn 0.9503 0.3112 0.0032
vn 0.8811 0.1728 0.4402
vn 0.8811 0.1728 0.4402
vn 0.9959 -0.0910 0.0017
vn 0.9556 0.2945 0.0016
vn 0.9847 0.1745 0.0035
vn 0.9810 0.1939 0.0022
vn 0.8811 0.1728 0.4402
vn 0.9810 0.1939 0.0022
vn 0.9014 0.4329 0.0016
vn 0.8811 0.1728 0.4402
vn 0.9932 0.1166 0.0034
vn 0.9885 0.1510 0.0020
vn 0.8811 0.1728 0.4402
vn 0.9885 0.1510 0.0020
vn 0.9847 0.1745 0.0035
vn 0.8811 0.1728 0.4402
vn 0.8811 0.1728 0.4402
vn 0.9975 0.0358 0.0614
vn 0.9961 0.0881 0.0063
vn 0.9961 0.0881 0.0063
vn 0.9932 0.1166 0.0034
vn 0.8811 0.1728 0.4402
vn 0.9998 0.0215 0.0002
vn 0.9988 0.0487 0.0002
vn 0.9975 0.0358 0.0614
vn 0.9975 0.0358 0.0614
vn 0.9988 0.0487 0.0002
vn 0.9961 0.0881 0.0063
vn 0.3271 0.1268 0.9364
vn 0.8811 0.1728 0.4402
vn 0.7805 0.6113 0.1305
vn 0.7805 0.6113 0.1305
vn 0.4503 0.8505 0.2718
vn 0.3271 0.1268 0.9364
vn 0.0548 0.9985 0.0000
vn 0.0330 0.9995 0.0019
vn 0.0943 0.9438 0.3167
vn 0.0943 0.9438 0.3167
vn 0.2617 0.9650 0.0198
vn 0.2183 0.9759 0.0003
vn 0.0943 0.9438 0.3167
vn 0.4503 0.8505 0.2718
vn 0.2617 0.9650 0.0198
vn 0.4503 0.8505 0.2718
vn 0.0943 0.9438 0.3167
vn 0.0735 0.3993 0.9139
vn 0.2617 0.9650 0.0198
vn 0.4503 0.8505 0.2718
vn 0.3276 0.9448 0.0031
vn 0.3276 0.9448 0.0031
vn 0.2841 0.9588 0.0001
vn 0.2617 0.9650 0.0198
vn 0.0735 0.3993 0.9139
vn 0.3271 0.1268 0.9364
vn 0.4503 0.8505 0.2718
vn 0.7805 0.6113 0.1305
vn 0.8811 0.1728 0.4402
vn 0.8714 0.4899 0.0252
vn 0.9975 0.0358 0.0614
vn 0.9985 0.0549 0.0084
vn 0.9998 0.0215 0.0002
vn 0.3271 0.1268 0.9364
vn 0.8133 -0.3408 0.4715
vn 0.7179 0.4568 0.5253
vn 0.7179 0.4568 0.5253
vn 0.8811 0.1728 0.4402
vn 0.3271 0.1268 0.9364
vn 0.7179 0.4568 0.5253
vn 0.9975 0.0358 0.0614
vn 0.8811 0.1728 0.4402
vn 0.9985 0.0549 0.0084
vn 0.9975 0.0358 0.0614
vn 0.9989 0.0332 0.0322
vn 0.9608 0.0088 -0.2772
vn 0.9989 0.0332 0.0322
vn 0.9975 0.0358 0.0614
vn 0.0498 0.9962 -0.0709
vn 0.0096 0.9975 0.0706
vn 0.2558 0.9536 -0.1587
vn 0.0096 0.9975 0.0706
vn 0.0428 0.9968 0.0673
vn 0.7179 0.4568 0.5253
vn 0.9989 0.0332 0.0322
vn 0.7179 0.4568 0.5253
vn 0.9852 0.1675 0.0351
vn 0.0488 0.9759 0.2129
vn 0.1672 0.9801 0.1067
vn 0.7179 0.4568 0.5253
vn 0.7179 0.4568 0.5253
vn 0.0428 0.9968 0.0673
vn 0.0488 0.9759 0.2129
vn 0.0276 0.9996 -0.0003
vn 0.0689 0.6787 0.7311
vn 0.0943 0.9438 0.3167
vn 0.0943 0.9438 0.3167
vn 0.0330 0.9995 0.0019
vn 0.0276 0.9996 -0.0003
vn 0.0735 0.3993 0.9139
vn 0.0943 0.9438 0.3167
vn 0.0689 0.6787 0.7311
vn -0.0157 -0.0352 0.9993
vn 0.1281 0.3302 0.9352
vn -0.0157 -0.0352 0.9993
vn 0.2308 0.4912 0.8399
vn 0.0889 0.1150 0.9894
vn 0.1281 0.3302 0.9352
vn 0.0889 0.1150 0.9894
vn 0.7557 0.0654 0.6516
vn 0.1281 0.3302 0.9352
vn 0.0114 -0.0579 0.9983
vn 0.2308 0.4912 0.8399
vn 0.1281 0.3302 0.9352
vn -0.0014 -0.0443 0.9990
vn 0.0114 -0.0579 0.9983
vn 0.1281 0.3302 0.9352
vn -0.8022 0.5272 -0.2802
vn -0.8022 0.5272 -0.2802
vn -0.6994 -0.0947 -0.7085
vn -0.2549 -0.8089 0.5298
vn -0.2549 -0.8089 0.5298
vn -0.2549 -0.8089 0.5298
vn 0.7072 -0.4281 -0.5627
vn 0.7072 -0.4281 -0.5627
vn 0.4412 -0.3278 -0.8354
vn 0.9748 0.1507 -0.1646
vn 0.9748 0.1507 -0.1646
vn 0.9748 0.1507 -0.1646
vn -0.0714 0.9972 0.0218
vn -0.0714 0.9972 0.0218
vn -0.0714 0.9972 0.0218
vn -0.6994 -0.0947 -0.7085
vn -0.1990 0.3379 -0.9199
vn -0.8451 0.3584 -0.3966
vn 0.9916 0.0035 0.1292
vn 0.9946 0.0393 -0.0965
vn 0.9826 0.1327 -0.1299
vn 0.9970 0.0012 0.0772
vn 0.9916 0.0035 0.1292
vn 0.9826 0.1327 -0.1299
vn 0.9820 0.1660 0.0896
vn 0.9926 0.0815 0.0895
vn 0.9826 0.1327 -0.1299
vn 0.9605 0.2641 0.0880
vn 0.9820 0.1660 0.0896
vn 0.9826 0.1327 -0.1299
vn 0.9826 0.1327 -0.1299
vn 0.8268 0.5579 0.0720
vn 0.8975 0.4334 0.0817
vn 0.7738 0.6304 0.0617
vn 0.8268 0.5579 0.0720
vn 0.9826 0.1327 -0.1299
vn 0.9826 0.1327 -0.1299
vn 0.7452 0.6642 0.0592
vn 0.7738 0.6304 0.0617
vn 0.5805 0.8119 0.0615
vn 0.6414 0.7650 0.0573
vn 0.7452 0.6642 0.0592
vn 0.5805 0.8119 0.0615
vn 0.7452 0.6642 0.0592
vn 0.6714 0.7305 0.1249
vn 0.0689 0.6787 0.7311
vn 0.4773 0.8774 0.0487
vn 0.5805 0.8119 0.0615
vn 0.3382 0.9404 0.0345
vn 0.4773 0.8774 0.0487
vn 0.0689 0.6787 0.7311
vn 0.2103 0.9774 0.0220
vn 0.3382 0.9404 0.0345
vn 0.0689 0.6787 0.7311
vn 0.2103 0.9774 0.0220
vn 0.0689 0.6787 0.7311
vn 0.0276 0.9996 -0.0003
vn 0.1202 0.9927 0.0089
vn 0.2103 0.9774 0.0220
vn 0.0276 0.9996 -0.0003
vn 0.7452 0.6642 0.0592
vn 0.9826 0.1327 -0.1299
vn 0.8323 0.5536 0.0286
vn 0.9970 0.0012 0.0772
vn 0.9826 0.1327 -0.1299
vn 0.9926 0.0815 0.0895
vn 0.9926 0.0815 0.0895
vn 0.9957 0.0000 0.0922
vn 0.9970 0.0012 0.0772
vn 0.0498 0.9962 -0.0709
vn 0.2713 0.9363 -0.2230
vn 0.2713 0.9363 -0.2230
vn 0.0982 0.6405 0.7616
vn 0.0982 0.6405 0.7616
vn 0.0982 0.6405 0.7616
vn 0.0038 0.9940 0.1091
vn 0.1672 0.9801 0.1067
vn 0.0488 0.9759 0.2129
vn 0.0488 0.9759 0.2129
vn -0.0033 0.9943 0.1063
vn 0.0038 0.9940 0.1091
vn 0.0075 0.9974 0.0712
vn -0.0033 0.9943 0.1063
vn 0.0488 0.9759 0.2129
vn 0.0488 0.9759 0.2129
vn 0.0428 0.9968 0.0673
vn 0.0075 0.9974 0.0712
vn 0.0004 0.9984 -0.0569
vn 0.0075 0.9974 0.0712
vn 0.0428 0.9968 0.0673
vn 0.0428 0.9968 0.0673
vn 0.0096 0.9975 0.0706
vn 0.0004 0.9984 -0.0569
vn 0.0060 0.9789 -0.2045
vn 0.0004 0.9984 -0.0569
vn 0.0096 0.9975 0.0706
vn 0.0060 0.9789 -0.2045
vn 0.0096 0.9975 0.0706
vn 0.0498 0.9962 -0.0709
vn 0.3062 0.6798 0.6664
vn 0.7557 0.0654 0.6516
vn 0.0668 -0.0128 0.9977
vn 0.0563 -0.1003 0.9934
vn 0.2308 0.4912 0.8399
vn 0.0114 -0.0579 0.9983
vn 0.8133 -0.3408 0.4715
vn 0.3271 0.1268 0.9364
vn 0.2308 0.4912 0.8399
vn 0.0093 -0.1058 0.9943
vn 0.0114 -0.0579 0.9983
vn 0.0093 -0.1058 0.9943
vn 0.3271 0.1268 0.9364
vn 0.0735 0.3993 0.9139
vn 0.2308 0.4912 0.8399
vn 0.0889 0.1150 0.9894
vn 0.2308 0.4912 0.8399
vn 0.0735 0.3993 0.9139
vn 0.0735 0.3993 0.9139
vn 0.7557 0.0654 0.6516
vn 0.0889 0.1150 0.9894
vn 0.9724 0.2230 -0.0684
vn 0.8133 -0.3408 0.4715
vn 0.9724 0.2230 -0.0684
vn 0.2308 0.4912 0.8399
vn 0.3395 0.9262 0.1637
vn 0.3395 0.9262 0.1637
vn -0.7343 0.5204 -0.4358
vn -0.7343 0.5204 -0.4358
vn -0.7343 0.5204 -0.4358
vn -0.9204 0.0829 0.3820
vn -0.8405 -0.5370 0.0714
vn -0.8405 -0.5370 0.0714
vn -0.9204 0.0829 0.3820
vn -0.8270 0.5593 -0.0565
vn -0.8270 0.5593 -0.0565
vn -0.1054 -0.9609 -0.2561
vn -0.1054 -0.9609 -0.2561
vn -0.1054 -0.9609 -0.2561
vn 0.8133 -0.3408 0.4715
vn 0.5839 -0.7795 0.2270
vn 0.5839 -0.7795 0.2270
vn 0.1203 0.7172 0.6864
vn 0.3062 0.6798 0.6664
vn 0.0498 0.9962 -0.0709
vn 0.3062 0.6798 0.6664
vn 0.8640 0.2199 0.4530
vn 0.8408 0.1567 -0.5182
vn 0.8408 0.1567 -0.5182
vn 0.8319 0.5130 0.2115
vn 0.3062 0.6798 0.6664
vn 0.4733 0.6850 -0.5539
vn 0.2014 0.9668 -0.1574
vn 0.3062 0.6798 0.6664
vn 0.0498 0.9962 -0.0709
vn 0.3062 0.6798 0.6664
vn 0.2014 0.9668 -0.1574
vn 0.7557 0.0654 0.6516
vn 0.8408 0.1567 -0.5182
vn 0.8640 0.2199 0.4530
vn 0.0735 0.3993 0.9139
vn 0.0689 0.6787 0.7311
vn -0.0366 0.4290 0.9026
vn 0.9826 0.1327 -0.1299
vn 0.9701 0.0250 -0.2415
vn 0.9411 0.1555 -0.3003
vn 0.2332 0.4507 0.8617
vn 0.7557 0.0654 0.6516
vn 0.0689 0.6787 0.7311
vn 0.0223 0.9941 0.1059
vn 0.0167 0.9946 0.1020
vn 0.0266 0.9944 0.1024
vn 0.0160 0.9940 0.1086
vn 0.0307 0.9936 0.1086
vn 0.0103 0.9949 0.1002
vn 0.0484 0.9945 0.0924
vn 0.1672 0.9801 0.1067
vn 0.0266 0.9944 0.1024
vn 0.0266 0.9944 0.1024
vn 0.0167 0.9946 0.1020
vn 0.0484 0.9945 0.0924
vn 0.0266 0.9944 0.1024
vn 0.0038 0.9940 0.1091
vn -0.0112 0.9941 0.1076
vn 0.0038 0.9940 0.1091
vn 0.0266 0.9944 0.1024
vn 0.1672 0.9801 0.1067
vn 0.0160 0.9940 0.1086
vn 0.0266 0.9944 0.1024
vn -0.0112 0.9941 0.1076
vn 0.0160 0.9940 0.1086
vn 0.0217 0.9941 0.1058
vn 0.0266 0.9944 0.1024
vn 0.0103 0.9949 0.1002
vn 0.0217 0.9941 0.1058
vn 0.0160 0.9940 0.1086
vn 0.0217 0.9941 0.1058
vn 0.0103 0.9949 0.1002
vn 0.0223 0.9941 0.1059
vn 0.0266 0.9944 0.1024
vn 0.0217 0.9941 0.1058
vn 0.0223 0.9941 0.1059
vn -0.0691 0.9956 0.0627
vn 0.1073 0.9881 0.1103
vn 0.0160 0.9940 0.1086
vn -0.0691 0.9956 0.0627
vn 0.0160 0.9940 0.1086
vn -0.0112 0.9941 0.1076
vn -0.0284 0.9937 0.1081
vn -0.0967 0.9875 0.1245
vn -0.0247 0.9940 0.1066
vn 0.0038 0.9940 0.1091
vn -0.0299 0.9938 0.1072
vn -0.0298 0.9938 0.1074
vn 0.0038 0.9940 0.1091
vn -0.0298 0.9938 0.1074
vn -0.0305 0.9938 0.1072
vn 0.0038 0.9940 0.1091
vn -0.0305 0.9938 0.1072
vn -0.0284 0.9937 0.1081
vn -0.0275 0.9937 0.1083
vn 0.0038 0.9940 0.1091
vn -0.0284 0.9937 0.1081
vn 0.0038 0.9940 0.1091
vn -0.0275 0.9937 0.1083
vn -0.0112 0.9941 0.1076
vn -0.0206 0.9942 0.1051
vn -0.0128 0.9948 0.1012
vn -0.0112 0.9941 0.1076
vn -0.0112 0.9941 0.1076
vn -0.0128 0.9948 0.1012
vn -0.0113 0.9950 0.0996
vn -0.0247 0.9940 0.1066
vn -0.0275 0.9937 0.1083
vn -0.0284 0.9937 0.1081
vn -0.0275 0.9937 0.1083
vn -0.0247 0.9940 0.1066
vn -0.0206 0.9942 0.1051
vn -0.0206 0.9942 0.1051
vn -0.0112 0.9941 0.1076
vn -0.0275 0.9937 0.1083
vn -0.0691 0.9956 0.0627
vn -0.0112 0.9941 0.1076
vn -0.0113 0.9950 0.0996
vn -0.6674 0.7312 0.1411
vn -0.3261 0.4935 0.8063
vn -0.5040 0.8417 0.1935
vn -0.4049 0.8917 0.2024
vn -0.5040 0.8417 0.1935
vn -0.3261 0.4935 0.8063
vn -0.6450 0.6690 0.3693
vn -0.7664 0.5230 0.3729
vn -0.6136 0.7880 0.0506
vn -0.2868 0.9383 0.1934
vn -0.4049 0.8917 0.2024
vn -0.3261 0.4935 0.8063
vn -0.3261 0.4935 0.8063
vn -0.2132 0.9665 0.1429
vn -0.2868 0.9383 0.1934
vn -0.3261 0.4935 0.8063
vn -0.0588 0.9501 0.3065
vn -0.2132 0.9665 0.1429
vn -0.7664 0.5230 0.3729
vn -0.6450 0.6690 0.3693
vn -0.6897 0.3324 0.6432
vn -0.6450 0.6690 0.3693
vn -0.3261 0.4935 0.8063
vn -0.3325 0.8660 0.3734
vn -0.0402 0.9927 0.1136
vn -0.0206 0.9942 0.1051
vn -0.0247 0.9940 0.1066
vn -0.0247 0.9940 0.1066
vn -0.0967 0.9875 0.1245
vn -0.0402 0.9927 0.1136
vn -0.1052 0.9842 0.1427
vn -0.0402 0.9927 0.1136
vn -0.0967 0.9875 0.1245
vn -0.1052 0.9842 0.1427
vn -0.1129 0.9827 0.1468
vn -0.0402 0.9927 0.1136
vn -0.0402 0.9927 0.1136
vn -0.1129 0.9827 0.1468
vn -0.0715 0.9896 0.1251
vn -0.0691 0.9956 0.0627
vn -0.0113 0.9950 0.0996
vn -0.0715 0.9896 0.1251
vn -0.0715 0.9896 0.1251
vn -0.0113 0.9950 0.0996
vn -0.0402 0.9927 0.1136
vn -0.0402 0.9927 0.1136
vn -0.0113 0.9950 0.0996
vn -0.0128 0.9948 0.1012
vn -0.0128 0.9948 0.1012
vn -0.0206 0.9942 0.1051
vn -0.0402 0.9927 0.1136
vn -0.0588 0.9501 0.3065
vn -0.0691 0.9956 0.0627
vn -0.2132 0.9665 0.1429
vn -0.4049 0.8917 0.2024
vn -0.9361 0.3417 0.0834
vn -0.5714 0.7899 0.2226
vn -0.4049 0.8917 0.2024
vn -0.5714 0.7899 0.2226
vn -0.5040 0.8417 0.1935
vn -0.3597 0.9111 0.2013
vn -0.4049 0.8917 0.2024
vn -0.2868 0.9383 0.1934
vn -0.2132 0.9665 0.1429
vn -0.1684 0.9727 0.1594
vn -0.2868 0.9383 0.1934
vn -0.4049 0.8917 0.2024
vn -0.3597 0.9111 0.2013
vn -0.9361 0.3417 0.0834
vn -0.1052 0.9842 0.1427
vn -0.0967 0.9875 0.1245
vn -0.2968 0.9345 0.1964
vn -0.1774 0.9690 0.1718
vn -0.1052 0.9842 0.1427
vn -0.2968 0.9345 0.1964
vn -0.1129 0.9827 0.1468
vn -0.1052 0.9842 0.1427
vn -0.1774 0.9690 0.1718
vn -0.1774 0.9690 0.1718
vn -0.1684 0.9727 0.1594
vn -0.1129 0.9827 0.1468
vn -0.0715 0.9896 0.1251
vn -0.1129 0.9827 0.1468
vn -0.1684 0.9727 0.1594
vn -0.1684 0.9727 0.1594
vn -0.1153 0.9833 0.1406
vn -0.0715 0.9896 0.1251
vn -0.0715 0.9896 0.1251
vn -0.1153 0.9833 0.1406
vn -0.0691 0.9956 0.0627
vn -0.0691 0.9956 0.0627
vn -0.1153 0.9833 0.1406
vn -0.2132 0.9665 0.1429
vn -0.1684 0.9727 0.1594
vn -0.2132 0.9665 0.1429
vn -0.1153 0.9833 0.1406
vn -0.1684 0.9727 0.1594
vn -0.1774 0.9690 0.1718
vn -0.2941 0.9358 0.1944
vn -0.2941 0.9358 0.1944
vn -0.1774 0.9690 0.1718
vn -0.2968 0.9345 0.1964
vn -0.2868 0.9383 0.1934
vn -0.2941 0.9358 0.1944
vn -0.3597 0.9111 0.2013
vn -0.2868 0.9383 0.1934
vn -0.1684 0.9727 0.1594
vn -0.2941 0.9358 0.1944
vn -0.6840 0.7227 0.0990
vn -0.9674 0.2461 0.0601
vn -0.2968 0.9345 0.1964
vn -0.2968 0.9345 0.1964
vn -0.4122 0.8804 0.2344
vn -0.2941 0.9358 0.1944
vn -0.2941 0.9358 0.1944
vn -0.3437 0.9196 0.1902
vn -0.3597 0.9111 0.2013
vn -0.9674 0.2461 0.0601
vn -0.9361 0.3417 0.0834
vn -0.3597 0.9111 0.2013
vn -1.0000 0.0021 0.0002
vn -0.9999 -0.0121 0.0041
vn -0.9900 0.1403 0.0145
vn -0.3883 0.9158 0.1026
vn -0.2968 0.9345 0.1964
vn -0.0967 0.9875 0.1245
vn -0.2968 0.9345 0.1964
vn -0.3883 0.9158 0.1026
vn -0.6840 0.7227 0.0990
vn -0.9958 0.0889 0.0228
vn -0.9674 0.2461 0.0601
vn -0.6840 0.7227 0.0990
vn -0.9940 0.1092 0.0117
vn -0.9798 0.1963 0.0390
vn -1.0000 0.0022 0.0010
vn -0.9798 0.1963 0.0390
vn -0.9940 0.1092 0.0117
vn -0.9694 0.2440 0.0262
vn -0.9694 0.2440 0.0262
vn -0.9082 0.4153 0.0520
vn -0.9798 0.1963 0.0390
vn -0.9082 0.4153 0.0520
vn -0.9694 0.2440 0.0262
vn -0.9270 0.3729 0.0405
vn -0.9082 0.4153 0.0520
vn -0.9270 0.3729 0.0405
vn -0.8695 0.4911 0.0528
vn -0.8695 0.4911 0.0528
vn -0.8189 0.5709 0.0596
vn -0.9082 0.4153 0.0520
vn -0.8189 0.5709 0.0596
vn -0.8695 0.4911 0.0528
vn -0.8140 0.5775 0.0625
vn -0.8189 0.5709 0.0596
vn -0.8140 0.5775 0.0625
vn -0.7095 0.7006 0.0758
vn -0.7095 0.7006 0.0758
vn -0.7315 0.6067 0.3114
vn -0.8189 0.5709 0.0596
vn -0.7095 0.7006 0.0758
vn -0.6118 0.7873 0.0773
vn -0.7315 0.6067 0.3114
vn -0.6118 0.7873 0.0773
vn -0.7095 0.7006 0.0758
vn -0.6100 0.7878 0.0852
vn -0.6118 0.7873 0.0773
vn -0.6100 0.7878 0.0852
vn -0.5079 0.8564 0.0925
vn -0.5079 0.8564 0.0925
vn -0.5058 0.8583 0.0867
vn -0.6118 0.7873 0.0773
vn -0.5079 0.8564 0.0925
vn -0.3833 0.9183 0.0988
vn -0.5058 0.8583 0.0867
vn -0.3833 0.9183 0.0988
vn -0.5079 0.8564 0.0925
vn -0.3929 0.9143 0.0988
vn -0.3833 0.9183 0.0988
vn -0.3929 0.9143 0.0988
vn -0.2796 0.9546 0.1031
vn -0.2796 0.9546 0.1031
vn -0.2258 0.9685 0.1049
vn -0.3833 0.9183 0.0988
vn -0.2258 0.9685 0.1049
vn -0.2796 0.9546 0.1031
vn -0.1627 0.9810 0.1060
vn -0.1627 0.9810 0.1060
vn -0.0321 0.9946 0.0985
vn -0.2258 0.9685 0.1049
vn -0.0321 0.9946 0.0985
vn -0.1627 0.9810 0.1060
vn -0.0749 0.9914 0.1072
vn -0.0321 0.9946 0.0985
vn -0.0749 0.9914 0.1072
vn -0.0299 0.9938 0.1072
vn -0.0299 0.9938 0.1072
vn 0.0038 0.9940 0.1091
vn -0.0321 0.9946 0.0985
vn -0.0749 0.9914 0.1072
vn -0.0305 0.9938 0.1072
vn -0.0298 0.9938 0.1074
vn -0.0298 0.9938 0.1074
vn -0.0299 0.9938 0.1072
vn -0.0749 0.9914 0.1072
vn -0.1098 0.9882 0.1065
vn -0.0284 0.9937 0.1081
vn -0.0305 0.9938 0.1072
vn -0.0305 0.9938 0.1072
vn -0.0749 0.9914 0.1072
vn -0.1098 0.9882 0.1065
vn -0.0749 0.9914 0.1072
vn -0.1627 0.9810 0.1060
vn -0.1098 0.9882 0.1065
vn -0.2219 0.9694 0.1052
vn -0.1098 0.9882 0.1065
vn -0.1627 0.9810 0.1060
vn -0.1627 0.9810 0.1060
vn -0.2796 0.9546 0.1031
vn -0.2219 0.9694 0.1052
vn -0.3418 0.9343 0.1007
vn -0.2219 0.9694 0.1052
vn -0.2796 0.9546 0.1031
vn -0.2796 0.9546 0.1031
vn -0.3929 0.9143 0.0988
vn -0.3418 0.9343 0.1007
vn -0.4436 0.8911 0.0961
vn -0.3418 0.9343 0.1007
vn -0.3929 0.9143 0.0988
vn -0.3929 0.9143 0.0988
vn -0.5079 0.8564 0.0925
vn -0.4436 0.8911 0.0961
vn -0.5417 0.8357 0.0908
vn -0.4436 0.8911 0.0961
vn -0.5079 0.8564 0.0925
vn -0.5079 0.8564 0.0925
vn -0.6100 0.7878 0.0852
vn -0.5417 0.8357 0.0908
vn -0.6992 0.7106 0.0790
vn -0.5417 0.8357 0.0908
vn -0.6100 0.7878 0.0852
vn -0.6100 0.7878 0.0852
vn -0.7095 0.7006 0.0758
vn -0.6992 0.7106 0.0790
vn -0.7683 0.6361 0.0722
vn -0.6992 0.7106 0.0790
vn -0.7095 0.7006 0.0758
vn -0.7095 0.7006 0.0758
vn -0.8140 0.5775 0.0625
vn -0.7683 0.6361 0.0722
vn -0.8790 0.4741 0.0500
vn -0.7683 0.6361 0.0722
vn -0.8140 0.5775 0.0625
vn -0.8140 0.5775 0.0625
vn -0.8695 0.4911 0.0528
vn -0.8790 0.4741 0.0500
vn -0.8695 0.4911 0.0528
vn -0.9270 0.3729 0.0405
vn -0.8790 0.4741 0.0500
vn -0.9532 0.3008 0.0299
vn -0.8790 0.4741 0.0500
vn -0.9270 0.3729 0.0405
vn -0.9270 0.3729 0.0405
vn -0.9694 0.2440 0.0262
vn -0.9532 0.3008 0.0299
vn -0.9900 0.1403 0.0145
vn -0.9532 0.3008 0.0299
vn -0.9694 0.2440 0.0262
vn -0.9694 0.2440 0.0262
vn -0.9940 0.1092 0.0117
vn -0.9900 0.1403 0.0145
vn -0.9900 0.1403 0.0145
vn -0.9940 0.1092 0.0117
vn -1.0000 0.0021 0.0002
vn -1.0000 0.0021 0.0002
vn -0.9940 0.1092 0.0117
vn -1.0000 0.0022 0.0010
vn -0.0967 0.9875 0.1245
vn -0.0284 0.9937 0.1081
vn -0.1098 0.9882 0.1065
vn -0.1098 0.9882 0.1065
vn -0.2219 0.9694 0.1052
vn -0.0967 0.9875 0.1245
vn -0.3883 0.9158 0.1026
vn -0.0967 0.9875 0.1245
vn -0.2219 0.9694 0.1052
vn -0.2219 0.9694 0.1052
vn -0.3418 0.9343 0.1007
vn -0.3883 0.9158 0.1026
vn -0.3418 0.9343 0.1007
vn -0.4436 0.8911 0.0961
vn -0.3883 0.9158 0.1026
vn -0.4436 0.8911 0.0961
vn -0.5417 0.8357 0.0908
vn -0.3883 0.9158 0.1026
vn -0.6840 0.7227 0.0990
vn -0.3883 0.9158 0.1026
vn -0.5417 0.8357 0.0908
vn -0.5417 0.8357 0.0908
vn -0.6992 0.7106 0.0790
vn -0.6840 0.7227 0.0990
vn -0.9958 0.0889 0.0228
vn -0.6840 0.7227 0.0990
vn -0.6992 0.7106 0.0790
vn -0.6992 0.7106 0.0790
vn -0.7683 0.6361 0.0722
vn -0.9958 0.0889 0.0228
vn -0.7683 0.6361 0.0722
vn -0.8790 0.4741 0.0500
vn -0.9958 0.0889 0.0228
vn -0.8790 0.4741 0.0500
vn -0.9532 0.3008 0.0299
vn -0.9958 0.0889 0.0228
vn -0.9532 0.3008 0.0299
vn -0.9900 0.1403 0.0145
vn -0.9958 0.0889 0.0228
vn -0.9900 0.1403 0.0145
vn -0.9999 -0.0121 0.0041
vn -0.9958 0.0889 0.0228
vn -0.3325 0.8660 0.3734
vn -0.0038 0.9945 0.1046
vn -0.6001 0.6724 0.4334
vn -0.5356 0.8445 0.0003
vn -0.4789 0.8779 0.0008
vn -0.5724 0.8001 0.1793
vn -0.3279 0.9447 0.0025
vn -0.3325 0.8660 0.3734
vn -0.5724 0.8001 0.1793
vn -0.9361 0.3417 0.0834
vn -0.9934 0.1150 0.0001
vn -0.9995 0.0331 0.0016
vn -0.3325 0.8660 0.3734
vn -0.3261 0.4935 0.8063
vn -0.5724 0.8001 0.1793
vn -0.0870 0.9962 0.0053
vn -0.4911 0.8711 0.0016
vn -0.3325 0.8660 0.3734
vn -0.3325 0.8660 0.3734
vn -0.1456 0.9893 0.0027
vn -0.0870 0.9962 0.0053
vn -0.1680 0.9858 0.0046
vn -0.1456 0.9893 0.0027
vn -0.3325 0.8660 0.3734
vn -0.2465 0.9691 0.0033
vn -0.2288 0.9735 0.0017
vn -0.3325 0.8660 0.3734
vn -0.3028 0.9531 0.0012
vn -0.2465 0.9691 0.0033
vn -0.3325 0.8660 0.3734
vn -0.3325 0.8660 0.3734
vn -0.3279 0.9447 0.0025
vn -0.3028 0.9531 0.0012
vn -0.4006 0.9162 0.0005
vn -0.3790 0.9254 0.0002
vn -0.5724 0.8001 0.1793
vn -0.3790 0.9254 0.0002
vn -0.3279 0.9447 0.0025
vn -0.5724 0.8001 0.1793
vn -0.4597 0.8881 0.0003
vn -0.4006 0.9162 0.0005
vn -0.5724 0.8001 0.1793
vn -0.4789 0.8779 0.0008
vn -0.4597 0.8881 0.0003
vn -0.5724 0.8001 0.1793
vn -0.5724 0.8001 0.1793
vn -0.5502 0.8350 0.0006
vn -0.5356 0.8445 0.0003
vn -0.6033 0.7975 0.0010
vn -0.5502 0.8350 0.0006
vn -0.5724 0.8001 0.1793
vn -0.5724 0.8001 0.1793
vn -0.6208 0.7840 0.0004
vn -0.6033 0.7975 0.0010
vn -0.6208 0.7840 0.0004
vn -0.5724 0.8001 0.1793
vn -0.6674 0.7312 0.1411
vn -0.7305 0.6830 0.0001
vn -0.7438 0.6684 0.0002
vn -0.6674 0.7312 0.1411
vn -0.6674 0.7312 0.1411
vn -0.7423 0.6700 0.0024
vn -0.7305 0.6830 0.0001
vn -0.7423 0.6700 0.0024
vn -0.6674 0.7312 0.1411
vn -0.5040 0.8417 0.1935
vn -0.5040 0.8417 0.1935
vn -0.7747 0.6323 0.0009
vn -0.7423 0.6700 0.0024
vn -0.5040 0.8417 0.1935
vn -0.7916 0.6111 0.0019
vn -0.7747 0.6323 0.0009
vn -0.5040 0.8417 0.1935
vn -0.8101 0.5862 0.0011
vn -0.7916 0.6111 0.0019
vn -0.5040 0.8417 0.1935
vn -0.8366 0.5479 0.0036
vn -0.8101 0.5862 0.0011
vn -0.8366 0.5479 0.0036
vn -0.5040 0.8417 0.1935
vn -0.9161 0.4007 0.0139
vn -0.9161 0.4007 0.0139
vn -0.8470 0.5316 -0.0004
vn -0.8366 0.5479 0.0036
vn -0.8603 0.5098 -0.0002
vn -0.8470 0.5316 -0.0004
vn -0.9161 0.4007 0.0139
vn -0.8851 0.4654 0.0003
vn -0.8844 0.4668 0.0000
vn -0.9161 0.4007 0.0139
vn -0.8844 0.4668 0.0000
vn -0.8603 0.5098 -0.0002
vn -0.9161 0.4007 0.0139
vn -0.9161 0.4007 0.0139
vn -0.9249 0.3801 0.0002
vn -0.9126 0.4089 0.0002
vn -0.9126 0.4089 0.0002
vn -0.8988 0.4384 0.0003
vn -0.9161 0.4007 0.0139
vn -0.8988 0.4384 0.0003
vn -0.8851 0.4654 0.0003
vn -0.9161 0.4007 0.0139
vn -0.9442 0.3293 -0.0001
vn -0.9286 0.3710 0.0012
vn -0.5714 0.7899 0.2226
vn -0.9161 0.4007 0.0139
vn -0.5714 0.7899 0.2226
vn -0.9286 0.3710 0.0012
vn -0.9161 0.4007 0.0139
vn -0.9286 0.3710 0.0012
vn -0.9249 0.3801 0.0002
vn -0.5714 0.7899 0.2226
vn -0.9470 0.3212 0.0003
vn -0.9442 0.3293 -0.0001
vn -0.9689 0.2475 0.0012
vn -0.9597 0.2810 0.0013
vn -0.5714 0.7899 0.2226
vn -0.9597 0.2810 0.0013
vn -0.9570 0.2899 0.0004
vn -0.5714 0.7899 0.2226
vn -0.9570 0.2899 0.0004
vn -0.9470 0.3212 0.0003
vn -0.5714 0.7899 0.2226
vn -0.9764 0.2158 0.0016
vn -0.9689 0.2475 0.0012
vn -0.5714 0.7899 0.2226
vn -0.5714 0.7899 0.2226
vn -0.9869 0.1616 0.0022
vn -0.9808 0.1952 0.0025
vn -0.9808 0.1952 0.0025
vn -0.9764 0.2158 0.0016
vn -0.5714 0.7899 0.2226
vn -0.9947 0.1028 0.0034
vn -0.9914 0.1309 0.0024
vn -0.5714 0.7899 0.2226
vn -0.9914 0.1309 0.0024
vn -0.9869 0.1616 0.0022
vn -0.5714 0.7899 0.2226
vn -0.5714 0.7899 0.2226
vn -0.9361 0.3417 0.0834
vn -0.9962 0.0862 0.0135
vn -0.5714 0.7899 0.2226
vn -0.9962 0.0862 0.0135
vn -0.9947 0.1028 0.0034
vn -0.9161 0.4007 0.0139
vn -0.5040 0.8417 0.1935
vn -0.5714 0.7899 0.2226
vn -0.9995 0.0331 0.0016
vn -0.9962 0.0862 0.0135
vn -0.9361 0.3417 0.0834
vn -0.6266 0.7793 0.0002
vn -0.6208 0.7840 0.0004
vn -0.6674 0.7312 0.1411
vn -0.3261 0.4935 0.8063
vn -0.6674 0.7312 0.1411
vn -0.5724 0.8001 0.1793
vn -0.2288 0.9735 0.0017
vn -0.1680 0.9858 0.0046
vn -0.3325 0.8660 0.3734
vn -0.9999 0.0125 0.0033
vn -0.9958 0.0889 0.0228
vn -0.9999 -0.0121 0.0041
vn -0.9999 0.0125 0.0033
vn -0.9999 -0.0121 0.0041
vn -1.0000 0.0021 0.0002
vn -0.9999 0.0125 0.0033
vn -0.9361 0.3417 0.0834
vn -0.9674 0.2461 0.0601
vn -0.9999 0.0125 0.0033
vn -1.0000 0.0021 0.0002
vn -1.0000 0.0022 0.0010
vn -0.9999 0.0125 0.0033
vn -1.0000 0.0022 0.0010
vn -0.9943 -0.0102 0.1060
vn -0.9999 0.0125 0.0033
vn -0.9934 0.1150 0.0001
vn -0.9361 0.3417 0.0834
vn -0.9674 0.2461 0.0601
vn -0.9958 0.0889 0.0228
vn -0.9999 0.0125 0.0033
vn -0.4911 0.8711 0.0016
vn -0.0870 0.9962 0.0053
vn -0.0883 0.9961 0.0004
vn -0.0883 0.9961 0.0004
vn -0.0680 0.9977 0.0012
vn -0.4911 0.8711 0.0016
vn -0.0680 0.9977 0.0012
vn -0.0274 0.9996 0.0008
vn -0.4911 0.8711 0.0016
vn -0.1456 0.9893 0.0027
vn -0.1680 0.9858 0.0046
vn -0.1757 0.9844 0.0004
vn -0.1757 0.9844 0.0004
vn -0.1518 0.9884 0.0007
vn -0.1456 0.9893 0.0027
vn -0.1680 0.9858 0.0046
vn -0.2288 0.9735 0.0017
vn -0.1757 0.9844 0.0004
vn -0.0870 0.9962 0.0053
vn -0.1456 0.9893 0.0027
vn -0.0883 0.9961 0.0004
vn -0.1518 0.9884 0.0007
vn -0.0883 0.9961 0.0004
vn -0.1456 0.9893 0.0027
vn -0.2373 0.9714 0.0010
vn -0.1757 0.9844 0.0004
vn -0.2288 0.9735 0.0017
vn -0.2465 0.9691 0.0033
vn -0.3028 0.9531 0.0012
vn -0.2613 0.9653 0.0007
vn -0.2613 0.9653 0.0007
vn -0.2373 0.9714 0.0010
vn -0.2288 0.9735 0.0017
vn -0.2288 0.9735 0.0017
vn -0.2465 0.9691 0.0033
vn -0.2613 0.9653 0.0007
vn -0.3709 0.9287 0.0001
vn -0.3194 0.9476 0.0048
vn -0.3028 0.9531 0.0012
vn -0.3194 0.9476 0.0048
vn -0.2613 0.9653 0.0007
vn -0.3028 0.9531 0.0012
vn -0.3028 0.9531 0.0012
vn -0.3279 0.9447 0.0025
vn -0.3709 0.9287 0.0001
vn -0.3992 0.9169 0.0003
vn -0.3974 0.9172 0.0271
vn -0.3790 0.9254 0.0002
vn -0.3790 0.9254 0.0002
vn -0.4006 0.9162 0.0005
vn -0.3992 0.9169 0.0003
vn -0.3279 0.9447 0.0025
vn -0.3790 0.9254 0.0002
vn -0.3709 0.9287 0.0001
vn -0.3974 0.9172 0.0271
vn -0.3709 0.9287 0.0001
vn -0.3790 0.9254 0.0002
vn -0.4941 0.8694 0.0012
vn -0.4597 0.8881 0.0003
vn -0.4789 0.8779 0.0008
vn -0.4941 0.8694 0.0012
vn -0.4791 0.8777 0.0044
vn -0.4597 0.8881 0.0003
vn -0.4006 0.9162 0.0005
vn -0.4597 0.8881 0.0003
vn -0.3992 0.9169 0.0003
vn -0.4791 0.8777 0.0044
vn -0.3992 0.9169 0.0003
vn -0.4597 0.8881 0.0003
vn -0.6752 0.7377 0.0005
vn -0.5508 0.8346 0.0022
vn -0.5356 0.8445 0.0003
vn -0.5356 0.8445 0.0003
vn -0.5502 0.8350 0.0006
vn -0.6752 0.7377 0.0005
vn -0.4789 0.8779 0.0008
vn -0.5356 0.8445 0.0003
vn -0.4941 0.8694 0.0012
vn -0.5508 0.8346 0.0022
vn -0.4941 0.8694 0.0012
vn -0.5356 0.8445 0.0003
vn 0.5132 0.8582 0.0055
vn 0.5132 0.8582 0.0055
vn 0.5132 0.8582 0.0055
vn -0.6033 0.7975 0.0010
vn -0.6208 0.7840 0.0004
vn -0.4286 0.9035 0.0016
vn -0.6752 0.7377 0.0005
vn -0.5502 0.8350 0.0006
vn -0.6033 0.7975 0.0010
vn -0.6033 0.7975 0.0010
vn -0.6075 0.7453 0.2749
vn -0.6752 0.7377 0.0005
vn -0.6674 0.7312 0.1411
vn -0.7438 0.6684 0.0002
vn -0.6857 0.7279 0.0012
vn -0.6266 0.7793 0.0002
vn -0.6857 0.7279 0.0012
vn -0.6713 0.7412 0.0018
vn -0.6857 0.7279 0.0012
vn -0.6266 0.7793 0.0002
vn -0.6674 0.7312 0.1411
vn -0.6208 0.7840 0.0004
vn -0.6266 0.7793 0.0002
vn -0.4286 0.9035 0.0016
vn -0.6713 0.7412 0.0018
vn -0.4286 0.9035 0.0016
vn -0.6266 0.7793 0.0002
vn -0.7495 0.6620 0.0009
vn -0.7374 0.6755 0.0023
vn -0.7305 0.6830 0.0001
vn -0.7495 0.6620 0.0009
vn -0.7305 0.6830 0.0001
vn -0.7423 0.6700 0.0024
vn -0.7166 0.6975 0.0017
vn -0.6857 0.7279 0.0012
vn -0.7438 0.6684 0.0002
vn -0.7438 0.6684 0.0002
vn -0.7305 0.6830 0.0001
vn -0.7166 0.6975 0.0017
vn -0.7305 0.6830 0.0001
vn -0.7374 0.6755 0.0023
vn -0.7166 0.6975 0.0017
vn -0.7423 0.6700 0.0024
vn -0.7747 0.6323 0.0009
vn -0.7495 0.6620 0.0009
vn -0.7797 0.6261 0.0104
vn -0.7495 0.6620 0.0009
vn -0.7747 0.6323 0.0009
vn -0.7967 0.6044 0.0006
vn -0.7797 0.6261 0.0104
vn -0.7747 0.6323 0.0009
vn -0.7967 0.6044 0.0006
vn -0.7747 0.6323 0.0009
vn -0.7916 0.6111 0.0019
vn -0.7916 0.6111 0.0019
vn -0.8101 0.5862 0.0011
vn -0.7967 0.6044 0.0006
vn -0.8783 0.4781 0.0004
vn -0.7967 0.6044 0.0006
vn -0.8101 0.5862 0.0011
vn -0.8101 0.5862 0.0011
vn -0.8366 0.5479 0.0036
vn -0.8783 0.4781 0.0004
vn -0.8436 0.5366 0.0189
vn -0.8783 0.4781 0.0004
vn -0.8366 0.5479 0.0036
vn -0.7899 0.6132 0.0017
vn -0.8436 0.5366 0.0189
vn -0.8366 0.5479 0.0036
vn -0.7899 0.6132 0.0017
vn -0.8366 0.5479 0.0036
vn -0.8470 0.5316 -0.0004
vn -0.8470 0.5316 -0.0004
vn -0.8603 0.5098 -0.0002
vn -0.7899 0.6132 0.0017
vn -0.8749 0.4843 0.0004
vn -0.7899 0.6132 0.0017
vn -0.8603 0.5098 -0.0002
vn -0.8603 0.5098 -0.0002
vn -0.8844 0.4668 0.0000
vn -0.8749 0.4843 0.0004
vn -0.8889 0.4581 0.0003
vn -0.8749 0.4843 0.0004
vn -0.8844 0.4668 0.0000
vn -0.8919 0.4523 0.0001
vn -0.8889 0.4581 0.0003
vn -0.8844 0.4668 0.0000
vn -0.8919 0.4523 0.0001
vn -0.8844 0.4668 0.0000
vn -0.8851 0.4654 0.0003
vn -0.9340 0.3573 0.0001
vn -0.9286 0.3710 0.0012
vn -0.9442 0.3293 -0.0001
vn -0.9340 0.3573 0.0001
vn -0.9249 0.3801 0.0002
vn -0.9286 0.3710 0.0012
vn -0.9249 0.3801 0.0002
vn -0.9340 0.3573 0.0001
vn -0.9280 0.3725 0.0001
vn -0.9280 0.3725 0.0001
vn -0.9126 0.4089 0.0002
vn -0.9249 0.3801 0.0002
vn -0.8919 0.4523 0.0001
vn -0.8851 0.4654 0.0003
vn -0.8988 0.4384 0.0003
vn -0.9108 0.4128 0.0001
vn -0.8919 0.4523 0.0001
vn -0.8988 0.4384 0.0003
vn -0.8988 0.4384 0.0003
vn -0.9126 0.4089 0.0002
vn -0.9108 0.4128 0.0001
vn -0.9171 0.3987 0.0001
vn -0.9108 0.4128 0.0001
vn -0.9126 0.4089 0.0002
vn -0.9126 0.4089 0.0002
vn -0.9280 0.3725 0.0001
vn -0.9171 0.3987 0.0001
vn -0.9750 0.2223 0.0013
vn -0.9639 0.2664 0.0040
vn -0.9689 0.2475 0.0012
vn -0.9524 0.3050 0.0004
vn -0.9340 0.3573 0.0001
vn -0.9442 0.3293 -0.0001
vn -0.9524 0.3050 0.0004
vn -0.9442 0.3293 -0.0001
vn -0.9470 0.3212 0.0003
vn -0.9524 0.3050 0.0004
vn -0.9470 0.3212 0.0003
vn -0.9570 0.2899 0.0004
vn -0.9570 0.2899 0.0004
vn -0.9639 0.2664 0.0040
vn -0.9524 0.3050 0.0004
vn -0.9639 0.2664 0.0040
vn -0.9570 0.2899 0.0004
vn -0.9597 0.2810 0.0013
vn -0.9639 0.2664 0.0040
vn -0.9597 0.2810 0.0013
vn -0.9689 0.2475 0.0012
vn -0.9750 0.2223 0.0013
vn -0.9689 0.2475 0.0012
vn -0.9764 0.2158 0.0016
vn -0.9764 0.2158 0.0016
vn -0.9808 0.1948 0.0011
vn -0.9750 0.2223 0.0013
vn -0.9914 0.1309 0.0024
vn -0.9943 0.1067 0.0009
vn -0.9910 0.1342 0.0010
vn -0.9943 0.1067 0.0009
vn -0.9914 0.1309 0.0024
vn -0.9947 0.1028 0.0034
vn -0.9947 0.1028 0.0034
vn -0.9975 0.0706 0.0009
vn -0.9943 0.1067 0.0009
vn -0.9764 0.2158 0.0016
vn -0.9808 0.1952 0.0025
vn -0.9808 0.1948 0.0011
vn -0.9808 0.1952 0.0025
vn -0.9867 0.1624 0.0010
vn -0.9808 0.1948 0.0011
vn -0.9867 0.1624 0.0010
vn -0.9808 0.1952 0.0025
vn -0.9869 0.1616 0.0022
vn -0.9869 0.1616 0.0022
vn -0.9910 0.1342 0.0010
vn -0.9867 0.1624 0.0010
vn -0.9910 0.1342 0.0010
vn -0.9869 0.1616 0.0022
vn -0.9914 0.1309 0.0024
vn -0.9975 0.0706 0.0009
vn -0.9947 0.1028 0.0034
vn -0.9962 0.0862 0.0135
vn -0.9962 0.0862 0.0135
vn -0.9991 0.0432 0.0017
vn -0.9975 0.0706 0.0009
vn -0.9991 0.0432 0.0017
vn -0.9962 0.0862 0.0135
vn -0.9995 0.0331 0.0016
vn -0.9995 0.0331 0.0016
vn -0.9998 0.0193 0.0003
vn -0.9991 0.0432 0.0017
vn -0.9998 0.0193 0.0003
vn -0.9995 0.0331 0.0016
vn -0.9934 0.1150 0.0001
vn -0.9934 0.1150 0.0001
vn -0.9999 0.0125 0.0033
vn -0.9998 0.0193 0.0003
vn -0.0471 0.9986 0.0234
vn -0.0321 0.9946 0.0985
vn -0.0267 0.9981 0.0560
vn -0.9724 0.0170 0.2328
vn -0.9943 -0.0102 0.1060
vn -1.0000 0.0022 0.0010
vn -1.0000 0.0022 0.0010
vn -0.9798 0.1963 0.0390
vn -0.9724 0.0170 0.2328
vn -0.9798 0.1963 0.0390
vn -0.9082 0.4153 0.0520
vn -0.9724 0.0170 0.2328
vn -0.7315 0.6067 0.3114
vn -0.9724 0.0170 0.2328
vn -0.9082 0.4153 0.0520
vn -0.9082 0.4153 0.0520
vn -0.8189 0.5709 0.0596
vn -0.7315 0.6067 0.3114
vn -0.0471 0.9986 0.0234
vn -0.7315 0.6067 0.3114
vn -0.6118 0.7873 0.0773
vn -0.6118 0.7873 0.0773
vn -0.5058 0.8583 0.0867
vn -0.0471 0.9986 0.0234
vn -0.5058 0.8583 0.0867
vn -0.3833 0.9183 0.0988
vn -0.0471 0.9986 0.0234
vn -0.3833 0.9183 0.0988
vn -0.2258 0.9685 0.1049
vn -0.0471 0.9986 0.0234
vn -0.2258 0.9685 0.1049
vn -0.0321 0.9946 0.0985
vn -0.0471 0.9986 0.0234
vn -0.6897 0.3324 0.6432
vn 0.0770 0.3719 0.9251
vn 0.0770 0.3719 0.9251
vn -0.8334 0.2576 0.4889
vn -0.6450 0.6690 0.3693
vn -0.3325 0.8660 0.3734
vn -0.3325 0.8660 0.3734
vn -0.6001 0.6724 0.4334
vn -0.0257 0.6588 0.7519
vn 0.0026 0.9405 0.3398
vn -0.6001 0.6724 0.4334
vn -0.0038 0.9945 0.1046
vn -0.0533 0.9919 0.1149
vn -0.0387 0.9904 0.1330
vn -0.0038 0.9945 0.1046
vn -0.0328 0.9995 0.0025
vn -0.0533 0.9919 0.1149
vn -0.0038 0.9945 0.1046
vn -0.0038 0.9945 0.1046
vn -0.0255 0.9997 0.0001
vn -0.0328 0.9995 0.0025
vn -0.9296 0.0388 0.3665
vn -0.3320 0.0858 0.9394
vn -0.9298 0.1218 0.3474
vn -0.9296 0.0388 0.3665
vn -0.9724 0.0170 0.2328
vn -0.8311 -0.0997 0.5472
vn -0.9298 0.1218 0.3474
vn -0.9724 0.0170 0.2328
vn -0.9296 0.0388 0.3665
vn -0.9724 0.0170 0.2328
vn -0.9298 0.1218 0.3474
vn -0.9845 -0.0008 0.1756
vn -0.9943 -0.0102 0.1060
vn -0.9724 0.0170 0.2328
vn -0.9845 -0.0008 0.1756
vn -0.9943 -0.0102 0.1060
vn -0.9845 -0.0008 0.1756
vn -0.9999 0.0125 0.0033
vn -0.0936 0.4671 0.8792
vn -0.0517 0.5992 0.7990
vn -0.6075 0.7453 0.2749
vn -0.9975 0.0706 0.0009
vn -0.9991 0.0432 0.0017
vn -0.9298 0.1218 0.3474
vn -0.9845 -0.0008 0.1756
vn -0.9298 0.1218 0.3474
vn -0.9991 0.0432 0.0017
vn -0.9991 0.0432 0.0017
vn -0.9998 0.0193 0.0003
vn -0.9845 -0.0008 0.1756
vn -0.9998 0.0193 0.0003
vn -0.9999 0.0125 0.0033
vn -0.9845 -0.0008 0.1756
vn -0.9808 0.1948 0.0011
vn -0.9867 0.1624 0.0010
vn -0.9298 0.1218 0.3474
vn -0.9298 0.1218 0.3474
vn -0.9867 0.1624 0.0010
vn -0.9910 0.1342 0.0010
vn -0.9910 0.1342 0.0010
vn -0.9943 0.1067 0.0009
vn -0.9298 0.1218 0.3474
vn -0.9298 0.1218 0.3474
vn -0.9943 0.1067 0.0009
vn -0.9975 0.0706 0.0009
vn -0.9750 0.2223 0.0013
vn -0.9808 0.1948 0.0011
vn -0.9298 0.1218 0.3474
vn -0.9639 0.2664 0.0040
vn -0.9750 0.2223 0.0013
vn -0.9298 0.1218 0.3474
vn -0.9298 0.1218 0.3474
vn -0.8660 0.3187 0.3853
vn -0.9639 0.2664 0.0040
vn -0.9340 0.3573 0.0001
vn -0.9524 0.3050 0.0004
vn -0.8660 0.3187 0.3853
vn -0.9524 0.3050 0.0004
vn -0.9639 0.2664 0.0040
vn -0.8660 0.3187 0.3853
vn -0.9280 0.3725 0.0001
vn -0.9340 0.3573 0.0001
vn -0.8660 0.3187 0.3853
vn -0.8919 0.4523 0.0001
vn -0.9108 0.4128 0.0001
vn -0.8660 0.3187 0.3853
vn -0.9108 0.4128 0.0001
vn -0.9171 0.3987 0.0001
vn -0.8660 0.3187 0.3853
vn -0.8660 0.3187 0.3853
vn -0.9171 0.3987 0.0001
vn -0.9280 0.3725 0.0001
vn -0.8889 0.4581 0.0003
vn -0.8919 0.4523 0.0001
vn -0.8660 0.3187 0.3853
vn -0.8749 0.4843 0.0004
vn -0.8889 0.4581 0.0003
vn -0.8660 0.3187 0.3853
vn -0.8660 0.3187 0.3853
vn -0.7899 0.6132 0.0017
vn -0.8749 0.4843 0.0004
vn -0.8436 0.5366 0.0189
vn -0.7899 0.6132 0.0017
vn -0.8660 0.3187 0.3853
vn -0.8436 0.5366 0.0189
vn -0.7967 0.6044 0.0006
vn -0.8783 0.4781 0.0004
vn -0.7797 0.6261 0.0104
vn -0.7967 0.6044 0.0006
vn -0.8436 0.5366 0.0189
vn -0.8436 0.5366 0.0189
vn -0.6075 0.7453 0.2749
vn -0.7797 0.6261 0.0104
vn -0.6075 0.7453 0.2749
vn -0.7495 0.6620 0.0009
vn -0.7797 0.6261 0.0104
vn -0.7374 0.6755 0.0023
vn -0.7495 0.6620 0.0009
vn -0.6075 0.7453 0.2749
vn -0.6075 0.7453 0.2749
vn -0.7166 0.6975 0.0017
vn -0.7374 0.6755 0.0023
vn -0.6075 0.7453 0.2749
vn -0.6713 0.7412 0.0018
vn -0.6857 0.7279 0.0012
vn -0.6857 0.7279 0.0012
vn -0.7166 0.6975 0.0017
vn -0.6075 0.7453 0.2749
vn -0.6075 0.7453 0.2749
vn -0.5508 0.8346 0.0022
vn -0.6752 0.7377 0.0005
vn -0.4286 0.9035 0.0016
vn -0.6713 0.7412 0.0018
vn -0.6075 0.7453 0.2749
vn -0.6075 0.7453 0.2749
vn -0.3974 0.9172 0.0271
vn -0.4791 0.8777 0.0044
vn -0.4791 0.8777 0.0044
vn -0.4941 0.8694 0.0012
vn -0.6075 0.7453 0.2749
vn -0.4941 0.8694 0.0012
vn -0.5508 0.8346 0.0022
vn -0.6075 0.7453 0.2749
vn -0.3992 0.9169 0.0003
vn -0.4791 0.8777 0.0044
vn -0.3974 0.9172 0.0271
vn -0.3194 0.9476 0.0048
vn -0.3709 0.9287 0.0001
vn -0.3974 0.9172 0.0271
vn -0.3194 0.9476 0.0048
vn -0.3974 0.9172 0.0271
vn -0.0934 0.9464 0.3091
vn -0.2373 0.9714 0.0010
vn -0.2613 0.9653 0.0007
vn -0.0934 0.9464 0.3091
vn -0.2613 0.9653 0.0007
vn -0.3194 0.9476 0.0048
vn -0.0934 0.9464 0.3091
vn -0.0934 0.9464 0.3091
vn -0.1518 0.9884 0.0007
vn -0.1757 0.9844 0.0004
vn -0.0934 0.9464 0.3091
vn -0.1757 0.9844 0.0004
vn -0.2373 0.9714 0.0010
vn -0.0883 0.9961 0.0004
vn -0.1518 0.9884 0.0007
vn -0.0934 0.9464 0.3091
vn -0.0934 0.9464 0.3091
vn -0.0680 0.9977 0.0012
vn -0.0883 0.9961 0.0004
vn -0.0680 0.9977 0.0012
vn -0.0934 0.9464 0.3091
vn -0.0302 0.9943 0.1018
vn -0.0302 0.9943 0.1018
vn -0.0274 0.9996 0.0008
vn -0.0680 0.9977 0.0012
vn -0.0934 0.9464 0.3091
vn -0.0313 0.9796 0.1983
vn -0.0302 0.9943 0.1018
vn -0.8660 0.3187 0.3853
vn -0.9298 0.1218 0.3474
vn -0.6075 0.7453 0.2749
vn -0.8436 0.5366 0.0189
vn -0.8660 0.3187 0.3853
vn -0.6075 0.7453 0.2749
vn -0.0934 0.9464 0.3091
vn -0.3974 0.9172 0.0271
vn -0.6075 0.7453 0.2749
vn -0.0934 0.9464 0.3091
vn -0.6075 0.7453 0.2749
vn -0.0569 0.9046 0.4223
vn -0.6075 0.7453 0.2749
vn -0.0559 0.8506 0.5228
vn -0.0569 0.9046 0.4223
vn -0.6075 0.7453 0.2749
vn -0.0542 0.7791 0.6245
vn -0.0559 0.8506 0.5228
vn -0.3320 0.0858 0.9394
vn -0.6075 0.7453 0.2749
vn -0.9298 0.1218 0.3474
vn -0.6075 0.7453 0.2749
vn -0.0525 0.6946 0.7175
vn -0.0542 0.7791 0.6245
vn -0.6075 0.7453 0.2749
vn -0.0517 0.5992 0.7990
vn -0.0525 0.6946 0.7175
vn -0.3320 0.0858 0.9394
vn -0.0936 0.4671 0.8792
vn -0.6075 0.7453 0.2749
vn -0.0936 0.4671 0.8792
vn -0.3320 0.0858 0.9394
vn -0.0489 0.2953 0.9541
vn -0.0489 0.2953 0.9541
vn -0.0357 0.4084 0.9121
vn -0.0936 0.4671 0.8792
vn -0.3320 0.0858 0.9394
vn -0.0422 0.2574 0.9654
vn -0.0489 0.2953 0.9541
vn -0.3320 0.0858 0.9394
vn -0.0788 0.0035 0.9969
vn -0.0422 0.2574 0.9654
vn -0.9959 0.0810 0.0406
vn -0.7922 0.4936 -0.3588
vn -0.9296 0.0388 0.3665
vn 0.6773 0.7356 0.0091
vn 0.6773 0.7356 0.0091
vn 0.6210 0.7082 0.3358
vn 0.6210 0.7082 0.3358
vn 0.7095 0.7047 0.0000
vn 0.7095 0.7047 0.0000
vn 0.5164 0.8563 -0.0000
vn 0.6210 0.7082 0.3358
vn 0.4329 0.8038 0.4081
vn 0.4329 0.8038 0.4081
vn 0.5164 0.8563 0.0000
vn 0.5164 0.8563 0.0000
vn 0.4148 0.9099 -0.0000
vn 0.4329 0.8038 0.4081
vn 0.3347 0.8412 0.4246
vn 0.3347 0.8412 0.4246
vn 0.2827 0.7694 -0.5728
vn 0.4148 0.9099 0.0000
vn 0.2827 0.7694 -0.5728
vn 0.3347 0.8412 0.4246
vn 0.2355 0.8700 0.4332
vn 0.2355 0.8700 0.4332
vn 0.1915 0.7891 -0.5836
vn 0.2827 0.7694 -0.5728
vn 0.1915 0.7891 -0.5836
vn 0.2355 0.8700 0.4332
vn 0.1986 0.9801 -0.0000
vn 0.1986 0.9801 0.0000
vn 0.1986 0.9801 0.0000
vn 0.1915 0.7891 -0.5836
vn 0.0861 0.9963 -0.0000
vn 0.0861 0.9963 -0.0000
vn 0.0341 0.9249 0.3786
vn 0.0341 0.9249 0.3786
vn 0.0861 0.9963 0.0000
vn 0.0861 0.9963 0.0000
vn -0.0292 0.9996 0.0000
vn 0.0341 0.9249 0.3786
vn -0.5924 0.7590 0.2701
vn -0.5924 0.7590 0.2701
vn -0.7922 0.4936 -0.3588
vn -0.3945 0.9187 0.0163
vn -0.7922 0.4936 -0.3588
vn -0.5924 0.7590 0.2701
vn -0.6935 0.7094 -0.1255
vn 0.0306 -0.7259 -0.6871
vn -0.5666 -0.8086 -0.1583
vn -0.4640 -0.8582 0.2194
vn -0.4640 -0.8582 0.2194
vn -0.1950 -0.9712 -0.1370
vn 0.0306 -0.7259 -0.6871
vn -0.1950 -0.9712 -0.1370
vn -0.4640 -0.8582 0.2194
vn 0.1119 -0.9578 0.2648
vn 0.1119 -0.9578 0.2648
vn 0.2281 -0.8298 -0.5094
vn -0.1950 -0.9712 -0.1370
vn 0.2281 -0.8298 -0.5094
vn 0.1119 -0.9578 0.2648
vn 0.3485 -0.9237 0.1595
vn 0.3485 -0.9237 0.1595
vn 0.3222 -0.9467 0.0057
vn 0.2281 -0.8298 -0.5094
vn 0.4255 -0.9049 -0.0102
vn 0.3485 -0.9237 0.1595
vn 0.4255 -0.9049 -0.0102
vn 0.8260 -0.5634 0.0183
vn 0.9175 -0.2691 -0.2930
vn 0.8260 -0.5634 0.0183
vn 0.9175 -0.2691 -0.2930
vn 0.9495 -0.3112 -0.0408
vn 0.9495 -0.3112 -0.0408
vn 0.9971 0.0534 0.0547
vn 0.9175 -0.2691 -0.2930
vn 0.9971 0.0534 0.0547
vn -0.0274 0.9996 0.0008
vn -0.0255 0.9974 0.0680
vn -0.0266 0.9996 -0.0002
vn -0.0266 0.9996 -0.0002
vn -0.2740 0.9617 0.0124
vn -0.0279 0.9996 0.0002
vn -0.0280 0.9996 0.0002
vn -0.0280 0.9996 0.0002
vn -0.0255 0.9997 0.0001
vn -0.0280 0.9996 0.0002
vn -0.0274 0.9996 0.0001
vn -0.0255 0.9997 0.0001
vn -0.0274 0.9996 0.0001
vn -0.0328 0.9995 0.0025
vn -0.0255 0.9997 0.0001
vn -0.0255 0.9997 0.0001
vn -0.0038 0.9945 0.1046
vn -0.0274 0.9996 0.0008
vn -0.0255 0.9997 0.0001
vn -0.0274 0.9996 0.0008
vn -0.0266 0.9996 -0.0002
vn -0.0279 0.9996 0.0002
vn -0.0255 0.9997 0.0001
vn -0.0266 0.9996 -0.0002
vn -0.0255 0.9997 0.0001
vn -0.0279 0.9996 0.0002
vn -0.0280 0.9996 0.0002
vn -0.0280 0.9996 0.0002
vn -0.0280 0.9996 0.0002
vn -0.0255 0.9997 0.0001
vn -0.0038 0.9945 0.1046
vn -0.3325 0.8660 0.3734
vn -0.0274 0.9996 0.0008
vn -0.9668 0.2554 -0.0000
vn -0.4911 0.8711 0.0016
vn -0.9668 0.2554 -0.0000
vn -0.0701 0.9646 0.2544
vn -0.7315 0.6067 0.3114
vn -0.0471 0.9986 0.0234
vn -0.9724 0.0170 0.2328
vn -0.7315 0.6067 0.3114
vn -0.7801 0.0030 0.6256
vn 0.0038 0.9940 0.1091
vn -0.0033 0.9943 0.1063
vn -0.0321 0.9946 0.0985
vn -0.0267 0.9981 0.0560
vn -0.0321 0.9946 0.0985
vn -0.0033 0.9943 0.1063
vn -0.0033 0.9943 0.1063
vn 0.0075 0.9974 0.0712
vn -0.0267 0.9981 0.0560
vn -0.0267 0.9981 0.0560
vn 0.0075 0.9974 0.0712
vn 0.0004 0.9984 -0.0569
vn 0.0004 0.9984 -0.0569
vn -0.0471 0.9986 0.0234
vn -0.0267 0.9981 0.0560
vn 0.0004 0.9984 -0.0569
vn 0.0060 0.9789 -0.2045
vn -0.0471 0.9986 0.0234
vn 0.0060 0.9789 -0.2045
vn -0.0701 0.9646 0.2544
vn -0.0471 0.9986 0.0234
vn -0.3378 0.3041 0.8907
vn 0.1994 -0.0081 0.9799
vn 0.3898 -0.2291 0.8920
vn -0.0273 -0.0001 0.9996
vn -0.0273 -0.0001 0.9996
vn -0.0788 0.0035 0.9969
vn -0.1113 -0.0048 0.9938
vn 0.1994 -0.0081 0.9799
vn -0.0788 0.0035 0.9969
vn 0.0063 0.3478 0.9375
vn -0.0254 -0.0001 0.9997
vn -0.0788 0.0035 0.9969
vn -0.0261 -0.0001 0.9997
vn -0.0261 -0.0001 0.9997
vn -0.0788 0.0035 0.9969
vn -0.0257 -0.0001 0.9997
vn -0.0257 -0.0001 0.9997
vn -0.0788 0.0035 0.9969
vn -0.0788 0.0035 0.9969
vn 0.1994 -0.0081 0.9799
vn -0.0682 0.0538 0.9962
vn -0.0076 0.0757 0.9971
vn -0.3378 0.3041 0.8907
vn 0.3898 -0.2291 0.8920
vn 0.3898 -0.2291 0.8920
vn -0.1075 0.1743 0.9788
vn -0.1075 0.1743 0.9788
vn -0.0516 0.1309 0.9900
vn -0.0516 0.1309 0.9900
vn -0.0516 0.1309 0.9900
vn -0.3320 0.0858 0.9394
vn -0.1946 -0.0397 0.9801
vn -0.1946 -0.0397 0.9801
vn -0.0365 0.1204 0.9921
vn -0.0365 0.1204 0.9921
vn -0.0365 0.1204 0.9921
vn -0.0984 0.1577 0.9826
vn -0.0984 0.1577 0.9826
vn -0.0984 0.1577 0.9826
vn 0.0063 0.3478 0.9375
vn -0.0788 0.0035 0.9969
vn -0.3320 0.0858 0.9394
vn -0.0269 0.0213 0.9994
vn -0.0269 0.0213 0.9994
vn -0.3320 0.0858 0.9394
vn -0.0244 0.0224 0.9995
vn 0.0063 0.3478 0.9375
vn -0.3320 0.0858 0.9394
vn -0.3378 0.3041 0.8907
vn -0.7575 0.5085 0.4095
vn -0.7200 0.1249 0.6827
vn -0.0356 0.4036 0.9143
vn -0.3378 0.3041 0.8907
vn -0.0356 0.4036 0.9143
vn -0.0848 0.8748 -0.4770
vn -0.4805 0.8658 -0.1397
vn -0.2300 0.9727 0.0315
vn -0.2300 0.9727 0.0315
vn -0.0701 0.9646 0.2544
vn -0.0848 0.8748 -0.4770
vn -0.7043 0.7076 0.0569
vn -0.2300 0.9727 0.0315
vn -0.7043 0.7076 0.0569
vn -0.8908 0.2396 -0.3862
vn -0.5113 0.8553 -0.0836
vn -0.5113 0.8553 -0.0836
vn -0.7680 -0.1008 -0.6325
vn -0.8793 0.1475 0.4528
vn -0.9541 0.1545 -0.2564
vn -0.8908 0.2396 -0.3862
vn -0.7680 -0.1008 -0.6325
vn -0.7200 0.1249 0.6827
vn -0.7200 0.1249 0.6827
vn -0.0594 -0.0313 0.9977
vn -0.0179 0.0917 0.9956
vn -0.0682 0.0538 0.9962
vn -0.0422 0.2574 0.9654
vn -0.0788 0.0035 0.9969
vn -0.0682 0.0538 0.9962
vn -0.0179 0.0917 0.9956
vn -0.0422 0.2574 0.9654
vn -0.0179 0.0917 0.9956
vn -0.0438 0.3378 0.9402
vn -0.0422 0.2574 0.9654
vn -0.0438 0.3378 0.9402
vn -0.0489 0.2953 0.9541
vn -0.0422 0.2574 0.9654
vn -0.0391 0.4118 0.9104
vn -0.0357 0.4084 0.9121
vn -0.0489 0.2953 0.9541
vn -0.0438 0.3378 0.9402
vn -0.0475 0.2923 0.9551
vn -0.0489 0.2953 0.9541
vn -0.0489 0.2953 0.9541
vn -0.0475 0.2923 0.9551
vn -0.0391 0.4118 0.9104
vn -0.0936 0.4671 0.8792
vn -0.0391 0.4118 0.9104
vn -0.1766 0.4934 0.8517
vn -0.0936 0.4671 0.8792
vn -0.0357 0.4084 0.9121
vn -0.0391 0.4118 0.9104
vn -0.1766 0.4934 0.8517
vn -0.0517 0.5992 0.7990
vn -0.0936 0.4671 0.8792
vn -0.1766 0.4934 0.8517
vn -0.0339 0.6383 0.7691
vn -0.0517 0.5992 0.7990
vn -0.0339 0.6383 0.7691
vn -0.0525 0.6946 0.7175
vn -0.0517 0.5992 0.7990
vn -0.0525 0.6946 0.7175
vn -0.0339 0.6383 0.7691
vn -0.0362 0.7233 0.6896
vn -0.0362 0.7233 0.6896
vn -0.0542 0.7791 0.6245
vn -0.0525 0.6946 0.7175
vn -0.0542 0.7791 0.6245
vn -0.0362 0.7233 0.6896
vn -0.1510 0.8297 0.5375
vn -0.1510 0.8297 0.5375
vn -0.0559 0.8506 0.5228
vn -0.0542 0.7791 0.6245
vn -0.1510 0.8297 0.5375
vn -0.0329 0.8745 0.4839
vn -0.0559 0.8506 0.5228
vn -0.0569 0.9046 0.4223
vn -0.0559 0.8506 0.5228
vn -0.0329 0.8745 0.4839
vn -0.0329 0.8745 0.4839
vn -0.0335 0.9271 0.3734
vn -0.0569 0.9046 0.4223
vn -0.0335 0.9271 0.3734
vn -0.0934 0.9464 0.3091
vn -0.0569 0.9046 0.4223
vn -0.0934 0.9464 0.3091
vn -0.0335 0.9271 0.3734
vn -0.1291 0.9837 0.1249
vn -0.1291 0.9837 0.1249
vn -0.0313 0.9796 0.1983
vn -0.0934 0.9464 0.3091
vn -0.0313 0.9796 0.1983
vn -0.1291 0.9837 0.1249
vn -0.0295 0.9861 0.1632
vn -0.0302 0.9943 0.1018
vn -0.0313 0.9796 0.1983
vn -0.0295 0.9861 0.1632
vn -0.0295 0.9861 0.1632
vn -0.0255 0.9974 0.0680
vn -0.0302 0.9943 0.1018
vn -0.0274 0.9996 0.0008
vn -0.0302 0.9943 0.1018
vn -0.0255 0.9974 0.0680
vn -0.0438 0.3378 0.9402
vn -0.0179 0.0917 0.9956
vn -0.0776 0.7951 0.6015
vn -0.8793 0.1475 0.4528
vn -0.0475 0.2923 0.9551
vn -0.0438 0.3378 0.9402
vn -0.1085 0.4820 0.8694
vn -0.1766 0.4934 0.8517
vn -0.0391 0.4118 0.9104
vn -0.0391 0.4118 0.9104
vn -0.0475 0.2923 0.9551
vn -0.8793 0.1475 0.4528
vn -0.5263 0.1394 0.8388
vn -0.1766 0.4934 0.8517
vn -0.8793 0.1475 0.4528
vn -0.1510 0.8297 0.5375
vn -0.0362 0.7233 0.6896
vn -0.0339 0.6383 0.7691
vn -0.0339 0.6383 0.7691
vn -0.1766 0.4934 0.8517
vn -0.1510 0.8297 0.5375
vn -0.1291 0.9837 0.1249
vn -0.0335 0.9271 0.3734
vn -0.0329 0.8745 0.4839
vn -0.0329 0.8745 0.4839
vn -0.1510 0.8297 0.5375
vn -0.1291 0.9837 0.1249
vn -0.0255 0.9974 0.0680
vn -0.0295 0.9861 0.1632
vn -0.1291 0.9837 0.1249
vn 0.5287 -0.6916 0.4921
vn 0.5287 -0.6916 0.4921
vn 0.5287 -0.6916 0.4921
vn -0.1947 0.9786 -0.0664
vn -0.0266 0.9996 -0.0002
vn -0.1291 0.9837 0.1249
vn -0.7853 0.4646 -0.4092
vn -0.1291 0.9837 0.1249
vn -0.1510 0.8297 0.5375
vn -0.1291 0.9837 0.1249
vn -0.7853 0.4646 -0.4092
vn -0.1945 0.9738 -0.1182
vn -0.7853 0.4646 -0.4092
vn -0.1510 0.8297 0.5375
vn -0.1766 0.4934 0.8517
vn 0.1994 -0.0081 0.9799
vn -0.3378 0.3041 0.8907
vn 0.0597 -0.4949 0.8669
vn 0.0597 -0.4949 0.8669
vn -0.0808 0.3014 0.9501
vn 0.1994 -0.0081 0.9799
vn -0.0682 0.0538 0.9962
vn 0.1994 -0.0081 0.9799
vn -0.0808 0.3014 0.9501
vn -0.0179 0.0917 0.9956
vn -0.0682 0.0538 0.9962
vn -0.0808 0.3014 0.9501
vn -0.7200 0.1249 0.6827
vn -0.0179 0.0917 0.9956
vn -0.0808 0.3014 0.9501
vn -0.0808 0.3014 0.9501
vn 0.0597 -0.4949 0.8669
vn -0.7200 0.1249 0.6827
vn -0.3378 0.3041 0.8907
vn 0.0656 -0.0690 0.9955
vn 0.0597 -0.4949 0.8669
vn 0.8936 0.1926 -0.4055
vn 0.8936 0.1926 -0.4055
vn 0.3185 0.2003 -0.9265
vn -0.2010 0.9335 0.2970
vn -0.2010 0.9335 0.2970
vn -0.2010 0.9335 0.2970
vn -0.8933 -0.1926 -0.4061
vn -0.8933 -0.1926 -0.4061
vn -0.6438 0.1913 -0.7409
vn -0.3913 -0.5699 -0.7225
vn -0.6438 0.1913 -0.7409
vn -0.8940 -0.2891 -0.3423
vn -0.3569 -0.9326 0.0543
vn -0.3569 -0.9326 0.0543
vn -0.3569 -0.9326 0.0543
vn 0.3185 0.2003 -0.9265
vn 0.8265 0.2982 -0.4774
vn 0.8265 0.2982 -0.4774
vn -0.8334 0.2576 0.4889
vn -0.7088 0.0007 0.7054
vn -0.6897 0.3324 0.6432
vn -0.0533 0.9919 0.1149
vn -0.0328 0.9995 0.0025
vn -0.6316 0.7736 0.0520
vn -0.8845 0.4604 0.0753
vn -0.6316 0.7736 0.0520
vn -0.7715 0.6341 0.0519
vn -0.7715 0.6341 0.0519
vn -0.9631 0.2345 0.1320
vn -0.0533 0.9919 0.1149
vn -0.9840 0.1563 0.0857
vn -0.7715 0.6341 0.0519
vn -0.9461 0.3133 0.0821
vn -0.7715 0.6341 0.0519
vn -0.1243 0.9922 0.0135
vn -0.9631 0.2345 0.1320
vn -0.9249 0.3716 0.0800
vn -0.7832 0.6182 0.0667
vn -0.6736 0.7368 0.0581
vn -0.6736 0.7368 0.0581
vn -0.9842 0.1547 0.0857
vn -0.9249 0.3716 0.0800
vn -0.9267 0.3671 0.0802
vn -0.9249 0.3716 0.0800
vn -0.9842 0.1547 0.0857
vn -0.9840 0.1559 0.0857
vn -0.9840 0.1559 0.0857
vn -0.9267 0.3671 0.0802
vn -0.9277 0.3647 0.0803
vn -0.9267 0.3671 0.0802
vn -0.9840 0.1559 0.0857
vn -0.9854 0.1468 0.0859
vn -0.9854 0.1468 0.0859
vn -0.9277 0.3647 0.0803
vn -0.9461 0.3133 0.0821
vn -0.9277 0.3647 0.0803
vn -0.9854 0.1468 0.0859
vn -0.9840 0.1559 0.0857
vn -0.9840 0.1559 0.0857
vn -0.9461 0.3133 0.0821
vn -0.9461 0.3133 0.0821
vn -0.9840 0.1559 0.0857
vn -0.9840 0.1559 0.0857
vn -0.6736 0.7368 0.0581
vn -0.7832 0.6182 0.0667
vn -0.6921 0.7187 0.0664
vn -0.2740 0.9617 0.0124
vn -0.4828 0.8748 0.0404
vn -0.0279 0.9996 0.0002
vn -0.0279 0.9996 0.0002
vn -0.4828 0.8748 0.0404
vn -0.4400 0.8972 0.0363
vn -0.4400 0.8972 0.0363
vn -0.0280 0.9996 0.0002
vn -0.0279 0.9996 0.0002
vn -0.0280 0.9996 0.0002
vn -0.4400 0.8972 0.0363
vn -0.4150 0.9092 0.0342
vn -0.4150 0.9092 0.0342
vn -0.0280 0.9996 0.0002
vn -0.0280 0.9996 0.0002
vn -0.0280 0.9996 0.0002
vn -0.4150 0.9092 0.0342
vn -0.4128 0.9102 0.0340
vn -0.4128 0.9102 0.0340
vn -0.0280 0.9996 0.0002
vn -0.0280 0.9996 0.0002
vn -0.0280 0.9996 0.0002
vn -0.4128 0.9102 0.0340
vn -0.4317 0.9013 0.0359
vn -0.4317 0.9013 0.0359
vn -0.0274 0.9996 0.0001
vn -0.0280 0.9996 0.0002
vn -0.2740 0.9617 0.0124
vn -0.7832 0.6182 0.0667
vn -0.4828 0.8748 0.0404
vn -0.4400 0.8972 0.0363
vn -0.4828 0.8748 0.0404
vn -0.7832 0.6182 0.0667
vn -0.7832 0.6182 0.0667
vn -0.6978 0.7138 0.0594
vn -0.4400 0.8972 0.0363
vn -0.4150 0.9092 0.0342
vn -0.4400 0.8972 0.0363
vn -0.6978 0.7138 0.0594
vn -0.6978 0.7138 0.0594
vn -0.7290 0.6817 0.0622
vn -0.4150 0.9092 0.0342
vn -0.4128 0.9102 0.0340
vn -0.4150 0.9092 0.0342
vn -0.7290 0.6817 0.0622
vn -0.7290 0.6817 0.0622
vn -0.7290 0.6817 0.0622
vn -0.4128 0.9102 0.0340
vn -0.4317 0.9013 0.0359
vn -0.4128 0.9102 0.0340
vn -0.7290 0.6817 0.0622
vn -0.7290 0.6817 0.0622
vn -0.7809 0.6211 0.0668
vn -0.4317 0.9013 0.0359
vn -0.4317 0.9013 0.0359
vn -0.7809 0.6211 0.0668
vn -0.6316 0.7736 0.0520
vn -0.0274 0.9996 0.0001
vn -0.4317 0.9013 0.0359
vn -0.0328 0.9995 0.0025
vn -0.6316 0.7736 0.0520
vn -0.0328 0.9995 0.0025
vn -0.4317 0.9013 0.0359
vn -0.7715 0.6341 0.0519
vn -0.6316 0.7736 0.0520
vn -0.7809 0.6211 0.0668
vn -0.7809 0.6211 0.0668
vn -0.9461 0.3133 0.0821
vn -0.7715 0.6341 0.0519
vn -0.9277 0.3647 0.0803
vn -0.9461 0.3133 0.0821
vn -0.7809 0.6211 0.0668
vn -0.7809 0.6211 0.0668
vn -0.7290 0.6817 0.0622
vn -0.9277 0.3647 0.0803
vn -0.9267 0.3671 0.0802
vn -0.9277 0.3647 0.0803
vn -0.7290 0.6817 0.0622
vn -0.7290 0.6817 0.0622
vn -0.7290 0.6817 0.0622
vn -0.9267 0.3671 0.0802
vn -0.9249 0.3716 0.0800
vn -0.9267 0.3671 0.0802
vn -0.7290 0.6817 0.0622
vn -0.7290 0.6817 0.0622
vn -0.6978 0.7138 0.0594
vn -0.9249 0.3716 0.0800
vn -0.7832 0.6182 0.0667
vn -0.9249 0.3716 0.0800
vn -0.6978 0.7138 0.0594
vn -0.2740 0.9617 0.0124
vn -0.6921 0.7187 0.0664
vn -0.7832 0.6182 0.0667
vn -0.1243 0.9922 0.0135
vn -0.3313 0.9428 0.0376
vn -0.3313 0.9428 0.0376
vn -0.1243 0.9922 0.0135
vn 0.0807 0.9967 -0.0126
vn 0.0000 1.0000 0.0000
vn -0.6921 0.7187 0.0664
vn -0.2740 0.9617 0.0124
vn -0.9071 0.4026 -0.1227
vn -0.0165 0.9818 -0.1893
vn 0.0807 0.9967 -0.0126
vn -0.0165 0.9818 -0.1893
vn -0.3273 0.2568 -0.9093
vn -0.0554 0.3543 -0.9335
vn 0.0299 0.0213 -0.9993
vn 0.0299 0.0213 -0.9993
vn -0.2146 0.3142 -0.9248
vn -0.2146 0.3142 -0.9248
vn -0.0587 0.0008 -0.9983
vn 0.0299 0.0213 -0.9993
vn 0.0451 -0.0057 -0.9990
vn 0.0451 -0.0057 -0.9990
vn -0.3850 -0.0087 -0.9229
vn -0.3850 -0.0087 -0.9229
vn -0.1713 0.9786 -0.1141
vn -0.2740 0.9617 0.0124
vn -0.0266 0.9996 -0.0002
vn -0.4255 -0.0006 -0.9049
vn -0.3245 -0.0003 -0.9459
vn -0.0879 0.0904 -0.9920
vn -0.0879 0.0904 -0.9920
vn -0.3245 -0.0003 -0.9459
vn -0.2673 0.0001 -0.9636
vn -0.7853 0.4646 -0.4092
vn -0.4308 0.4102 -0.8038
vn -0.0879 0.0904 -0.9920
vn -0.0879 0.0904 -0.9920
vn -0.2673 0.0001 -0.9636
vn -0.2021 0.0003 -0.9794
vn -0.9071 0.4026 -0.1227
vn -0.7853 0.4646 -0.4092
vn -0.9458 0.2931 -0.1397
vn -0.0879 0.0904 -0.9920
vn -0.3486 -0.0217 -0.9370
vn -0.4738 -0.0011 -0.8806
vn -0.4738 -0.0011 -0.8806
vn -0.4255 -0.0006 -0.9049
vn -0.0879 0.0904 -0.9920
vn -0.5317 0.0007 -0.8469
vn -0.4738 -0.0011 -0.8806
vn -0.9593 -0.0038 -0.2824
vn -0.9593 -0.0038 -0.2824
vn -0.6057 0.0008 -0.7957
vn -0.5317 0.0007 -0.8469
vn -0.9593 -0.0038 -0.2824
vn -0.5874 0.0054 -0.8093
vn -0.6057 0.0008 -0.7957
vn -0.7853 0.4646 -0.4092
vn -0.7680 -0.1008 -0.6325
vn -0.9593 -0.0038 -0.2824
vn -0.9325 0.0204 -0.3606
vn -0.9989 0.0095 -0.0454
vn -0.9989 0.0095 -0.0454
vn -0.0879 0.0904 -0.9920
vn -0.0100 0.0003 -0.9999
vn -0.3803 0.0023 -0.9249
vn 0.1024 0.3305 -0.9382
vn -0.0879 0.0904 -0.9920
vn -0.0554 0.3543 -0.9335
vn -0.2868 0.0927 -0.9535
vn -0.0554 0.3543 -0.9335
vn -0.0879 0.0904 -0.9920
vn -0.6696 0.6939 -0.2649
vn -0.8811 0.0064 -0.4728
vn -0.9325 0.0204 -0.3606
vn -0.0879 0.0904 -0.9920
vn -0.3803 0.0023 -0.9249
vn -0.6581 0.0044 -0.7529
vn -0.0879 0.0904 -0.9920
vn -0.6581 0.0044 -0.7529
vn -0.8811 0.0064 -0.4728
vn -0.1039 0.4246 -0.8994
vn -0.7853 0.4646 -0.4092
vn -0.0554 0.3543 -0.9335
vn -0.0369 -0.0013 -0.9993
vn -0.0420 -0.0021 -0.9991
vn -0.0100 0.0003 -0.9999
vn -0.0100 0.0003 -0.9999
vn -0.0879 0.0904 -0.9920
vn -0.0369 -0.0013 -0.9993
vn -0.4145 0.0012 -0.9100
vn -0.2318 0.0010 -0.9728
vn -0.2318 0.0010 -0.9728
vn -0.9990 -0.0000 -0.0454
vn -0.9325 0.0204 -0.3606
vn -0.9990 -0.0000 -0.0454
vn -0.4145 0.0012 -0.9100
vn -0.9325 0.0204 -0.3606
vn -0.8811 0.0064 -0.4728
vn -0.8811 0.0064 -0.4728
vn -0.8193 -0.0008 -0.5734
vn -0.4145 0.0012 -0.9100
vn -0.8193 -0.0008 -0.5734
vn -0.8811 0.0064 -0.4728
vn -0.6581 0.0044 -0.7529
vn -0.6581 0.0044 -0.7529
vn -0.5625 -0.0008 -0.8268
vn -0.8193 -0.0008 -0.5734
vn -0.5625 -0.0008 -0.8268
vn -0.6581 0.0044 -0.7529
vn -0.3803 0.0023 -0.9249
vn -0.3803 0.0023 -0.9249
vn -0.2830 -0.0011 -0.9591
vn -0.5625 -0.0008 -0.8268
vn -0.2830 -0.0011 -0.9591
vn -0.3803 0.0023 -0.9249
vn -0.0100 0.0003 -0.9999
vn -0.0100 0.0003 -0.9999
vn -0.0420 -0.0021 -0.9991
vn -0.2830 -0.0011 -0.9591
vn -0.2830 -0.0011 -0.9591
vn -0.0420 -0.0021 -0.9991
vn -0.2025 -0.0315 -0.9788
vn -0.1936 -0.5799 -0.7913
vn -0.1936 -0.5799 -0.7913
vn -0.1936 -0.5799 -0.7913
vn -0.2025 -0.0315 -0.9788
vn -0.2052 -0.0840 -0.9751
vn -0.2052 -0.0840 -0.9751
vn -0.2025 -0.0315 -0.9788
vn -0.5625 -0.0008 -0.8268
vn -0.2830 -0.0011 -0.9591
vn -0.2025 -0.0315 -0.9788
vn -0.8193 -0.0008 -0.5734
vn -0.5625 -0.0008 -0.8268
vn -0.9309 -0.0545 -0.3613
vn -0.4145 0.0012 -0.9100
vn -0.8193 -0.0008 -0.5734
vn -0.2694 0.0181 -0.9629
vn -0.4145 0.0012 -0.9100
vn -0.2025 -0.0315 -0.9788
vn 0.8368 0.0109 -0.5473
vn 0.8368 0.0109 -0.5473
vn 0.8368 0.0109 -0.5473
vn 0.7179 -0.0665 -0.6929
vn 0.7179 -0.0665 -0.6929
vn 0.7179 -0.0665 -0.6929
vn 0.9959 -0.0245 -0.0869
vn 0.9959 -0.0245 -0.0869
vn 0.9959 -0.0245 -0.0869
vn 0.9962 -0.0046 -0.0871
vn 0.9962 -0.0046 -0.0871
vn 0.9962 -0.0046 -0.0871
vn 0.9962 -0.0039 -0.0872
vn 0.9962 -0.0039 -0.0872
vn 0.9962 -0.0039 -0.0872
vn 0.9961 0.0135 -0.0871
vn 0.9961 0.0135 -0.0871
vn 0.9852 0.1478 -0.0865
vn 0.9852 0.1478 -0.0865
vn 0.9456 0.3144 -0.0834
vn 0.9962 0.0076 -0.0872
vn 0.9962 -0.0072 -0.0872
vn 0.9456 0.3144 -0.0834
vn 0.9456 0.3144 -0.0835
vn 0.9962 0.0039 -0.0872
vn 0.9456 0.3144 -0.0835
vn 0.9385 0.3352 -0.0829
vn 0.9385 0.3352 -0.0829
vn 0.9962 0.0046 -0.0871
vn 0.9962 0.0046 -0.0871
vn 0.9956 0.0341 -0.0868
vn 0.9956 0.0341 -0.0868
vn 0.9956 0.0341 -0.0868
vn 0.9962 0.0072 -0.0872
vn 0.9962 0.0072 -0.0872
vn 0.9962 0.0072 -0.0872
vn 0.9962 -0.0076 -0.0872
vn 0.9962 -0.0076 -0.0872
vn 0.9962 -0.0076 -0.0872
vn 0.9961 -0.0120 -0.0872
vn 0.9961 -0.0120 -0.0872
vn 0.9961 -0.0120 -0.0872
vn 0.9958 -0.0009 -0.0913
vn 0.9958 -0.0009 -0.0913
vn 0.9885 -0.0080 -0.1507
vn 0.9962 -0.0000 -0.0872
vn 0.9962 -0.0000 -0.0872
vn 0.9885 -0.0080 -0.1507
vn 0.4108 -0.0036 0.9117
vn 0.4108 -0.0036 0.9117
vn 0.4108 -0.0036 0.9117
vn -0.1621 -0.9867 0.0102
vn -0.1621 -0.9867 0.0102
vn -0.0197 -0.9998 -0.0005
vn -0.0197 -0.9998 -0.0005
vn -0.0156 -0.9998 0.0109
vn 0.0000 -1.0000 0.0000
vn -0.0156 -0.9998 0.0109
vn -0.4271 -0.8566 0.2897
vn 0.2318 -0.9703 0.0699
vn -0.4085 -0.8511 0.3298
vn -0.1631 -0.9865 0.0127
vn -0.6429 -0.7625 0.0729
vn -0.2025 -0.0315 -0.9788
vn -0.0420 -0.0021 -0.9991
vn -0.0369 -0.0013 -0.9993
vn -0.0369 -0.0013 -0.9993
vn -0.2654 -0.0508 -0.9628
vn -0.2025 -0.0315 -0.9788
vn -0.2654 -0.0508 -0.9628
vn -0.1658 0.0157 -0.9860
vn -0.2025 -0.0315 -0.9788
vn -0.1386 -0.9855 -0.0974
vn -0.0614 -0.9159 -0.3967
vn -0.0614 -0.9159 -0.3967
vn -0.0281 -0.9996 0.0002
vn -0.4870 -0.8724 0.0406
vn -0.4906 -0.8704 0.0409
vn -0.0289 -0.9996 0.0049
vn -0.5703 -0.8199 0.0490
vn -0.4364 -0.8990 0.0361
vn -0.4364 -0.8990 0.0361
vn -0.0281 -0.9996 0.0002
vn -0.0289 -0.9996 0.0049
vn -0.4906 -0.8704 0.0409
vn -0.0281 -0.9996 0.0002
vn -0.0281 -0.9996 0.0002
vn -0.0281 -0.9996 0.0002
vn -0.4906 -0.8704 0.0409
vn -0.4925 -0.8693 0.0411
vn -0.4925 -0.8693 0.0411
vn -0.0281 -0.9996 0.0002
vn -0.0281 -0.9996 0.0002
vn -0.0281 -0.9996 0.0002
vn -0.4925 -0.8693 0.0411
vn -0.5025 -0.8635 0.0420
vn -0.5025 -0.8635 0.0420
vn -0.0275 -0.9996 0.0001
vn -0.0281 -0.9996 0.0002
vn -0.0275 -0.9996 0.0001
vn -0.5025 -0.8635 0.0420
vn -0.1631 -0.9865 0.0127
vn -0.6429 -0.7625 0.0729
vn -0.8285 -0.5555 0.0708
vn -0.9657 -0.2452 0.0850
vn -0.4986 -0.8658 0.0418
vn -0.9659 -0.2449 0.0839
vn -0.8285 -0.5555 0.0708
vn -0.8285 -0.5555 0.0708
vn -0.8266 -0.5584 0.0710
vn -0.4986 -0.8658 0.0418
vn -0.5305 -0.8465 0.0444
vn -0.4986 -0.8658 0.0418
vn -0.8266 -0.5584 0.0710
vn -0.8266 -0.5584 0.0710
vn -0.8261 -0.5591 0.0710
vn -0.5305 -0.8465 0.0444
vn -0.5292 -0.8473 0.0443
vn -0.5305 -0.8465 0.0444
vn -0.8261 -0.5591 0.0710
vn -0.8261 -0.5591 0.0710
vn -0.8267 -0.5581 0.0710
vn -0.5292 -0.8473 0.0443
vn -0.6445 -0.7627 0.0548
vn -0.5292 -0.8473 0.0443
vn -0.8267 -0.5581 0.0710
vn -0.8267 -0.5581 0.0710
vn -0.7947 -0.6032 0.0681
vn -0.6445 -0.7627 0.0548
vn -0.9591 -0.2706 0.0833
vn -0.6445 -0.7627 0.0548
vn -0.7947 -0.6032 0.0681
vn -0.7947 -0.6032 0.0681
vn -0.7650 -0.6412 0.0607
vn -0.9697 -0.2294 0.0836
vn -0.4271 -0.8566 0.2897
vn -0.0156 -0.9998 0.0109
vn -0.7650 -0.6412 0.0607
vn -0.6429 -0.7625 0.0729
vn -0.1631 -0.9865 0.0127
vn -0.8285 -0.5555 0.0708
vn -0.5025 -0.8635 0.0420
vn -0.8285 -0.5555 0.0708
vn -0.1631 -0.9865 0.0127
vn -0.8266 -0.5584 0.0710
vn -0.8285 -0.5555 0.0708
vn -0.5025 -0.8635 0.0420
vn -0.5025 -0.8635 0.0420
vn -0.4925 -0.8693 0.0411
vn -0.8266 -0.5584 0.0710
vn -0.8261 -0.5591 0.0710
vn -0.8266 -0.5584 0.0710
vn -0.4925 -0.8693 0.0411
vn -0.4925 -0.8693 0.0411
vn -0.4906 -0.8704 0.0409
vn -0.8261 -0.5591 0.0710
vn -0.8267 -0.5581 0.0710
vn -0.8261 -0.5591 0.0710
vn -0.4906 -0.8704 0.0409
vn -0.4906 -0.8704 0.0409
vn -0.4870 -0.8724 0.0406
vn -0.8267 -0.5581 0.0710
vn -0.7947 -0.6032 0.0681
vn -0.8267 -0.5581 0.0710
vn -0.4870 -0.8724 0.0406
vn -0.4870 -0.8724 0.0406
vn -0.0281 -0.9996 0.0002
vn -0.0281 -0.9996 0.0002
vn -0.0281 -0.9996 0.0002
vn -0.4364 -0.8990 0.0361
vn -0.4870 -0.8724 0.0406
vn -0.4870 -0.8724 0.0406
vn -0.4364 -0.8990 0.0361
vn -0.7947 -0.6032 0.0681
vn -0.7947 -0.6032 0.0681
vn -0.4364 -0.8990 0.0361
vn -0.5703 -0.8199 0.0490
vn -0.5703 -0.8199 0.0490
vn -0.7650 -0.6412 0.0607
vn -0.7947 -0.6032 0.0681
vn -0.0545 -0.9912 0.1209
vn -0.5703 -0.8199 0.0490
vn -0.0289 -0.9996 0.0049
vn 0.0487 -0.4438 0.8948
vn -0.8352 -0.1163 0.5376
vn -0.9051 -0.2433 0.3487
vn -0.0545 -0.9912 0.1209
vn -0.7650 -0.6412 0.0607
vn -0.5703 -0.8199 0.0490
vn -0.7650 -0.6412 0.0607
vn -0.0545 -0.9912 0.1209
vn -0.4271 -0.8566 0.2897
vn -0.7088 0.0007 0.7054
vn -0.5474 0.3224 0.7723
vn -0.6897 0.3324 0.6432
vn -0.8786 -0.4740 0.0585
vn -0.8786 -0.4740 0.0585
vn -0.9549 -0.1756 0.2396
vn -0.8639 -0.2153 0.4554
vn -0.9856 -0.1251 0.1140
vn -0.9549 -0.1756 0.2396
vn -0.9593 -0.2702 0.0817
vn -0.9593 -0.2702 0.0817
vn -0.9549 -0.1756 0.2396
vn -0.0545 -0.9912 0.1209
vn -0.0289 -0.9996 0.0049
vn -0.0235 -0.9997 0.0009
vn -0.0235 -0.9997 0.0009
vn 0.3035 -0.9478 0.0979
vn -0.0545 -0.9912 0.1209
vn -0.4271 -0.8566 0.2897
vn -0.0545 -0.9912 0.1209
vn 0.3035 -0.9478 0.0979
vn -0.4271 -0.8566 0.2897
vn 0.3035 -0.9478 0.0979
vn -0.4316 -0.8067 0.4036
vn -0.6881 -0.5936 0.4173
vn -0.4271 -0.8566 0.2897
vn -0.4316 -0.8067 0.4036
vn -0.4316 -0.8067 0.4036
vn -0.1625 -0.7771 0.6081
vn -0.6881 -0.5936 0.4173
vn -0.0161 -0.5597 0.8286
vn -0.4316 -0.8067 0.4036
vn 0.0487 -0.4438 0.8948
vn -0.4316 -0.8067 0.4036
vn 0.1008 -0.4064 0.9081
vn 0.0487 -0.4438 0.8948
vn 0.3615 -0.1857 0.9137
vn 0.3615 -0.1857 0.9137
vn 0.3615 -0.1857 0.9137
vn -0.0206 -0.9954 0.0934
vn -0.0895 -0.9881 0.1249
vn -0.0172 -0.9944 0.1041
vn -0.0523 -0.9919 0.1156
vn -0.0172 -0.9944 0.1041
vn -0.0895 -0.9881 0.1249
vn -0.6116 -0.7096 0.3499
vn -0.4316 -0.8067 0.4036
vn -0.6243 -0.7589 0.1852
vn -0.9087 -0.3943 0.1371
vn -0.8639 -0.2153 0.4554
vn -0.9549 -0.1756 0.2396
vn 0.9478 -0.2490 -0.1994
vn 0.9478 -0.2490 -0.1994
vn 0.9478 -0.2490 -0.1994
vn -0.2650 -0.9506 0.1613
vn -0.1541 -0.9647 0.2138
vn -0.4472 -0.8061 0.3876
vn -0.4472 -0.8061 0.3876
vn -0.2439 -0.9669 0.0747
vn -0.2650 -0.9506 0.1613
vn -0.6243 -0.7589 0.1852
vn -0.4472 -0.8061 0.3876
vn -0.6116 -0.7096 0.3499
vn -0.6506 -0.4061 0.6417
vn -0.9087 -0.3943 0.1371
vn -0.4316 -0.8067 0.4036
vn -0.4316 -0.8067 0.4036
vn -0.6116 -0.7096 0.3499
vn -0.6506 -0.4061 0.6417
vn -0.9087 -0.3943 0.1371
vn -0.7263 -0.4153 0.5478
vn -0.4316 -0.8067 0.4036
vn -0.9549 -0.1756 0.2396
vn -0.7263 -0.4153 0.5478
vn -0.9087 -0.3943 0.1371
vn -0.4316 -0.8067 0.4036
vn -0.4584 -0.8800 0.1244
vn -0.6243 -0.7589 0.1852
vn -0.4584 -0.8800 0.1244
vn -0.4780 -0.8721 0.1044
vn -0.6243 -0.7589 0.1852
vn -0.6243 -0.7589 0.1852
vn -0.4780 -0.8721 0.1044
vn -0.6199 -0.7506 0.2288
vn -0.6243 -0.7589 0.1852
vn -0.6199 -0.7506 0.2288
vn -0.6715 -0.7384 0.0622
vn -0.6715 -0.7384 0.0622
vn -0.6461 -0.7326 0.2141
vn -0.6243 -0.7589 0.1852
vn -0.4472 -0.8061 0.3876
vn -0.6243 -0.7589 0.1852
vn -0.6461 -0.7326 0.2141
vn -0.4472 -0.8061 0.3876
vn -0.6461 -0.7326 0.2141
vn -0.4941 -0.8509 0.1787
vn -0.2439 -0.9669 0.0747
vn -0.4472 -0.8061 0.3876
vn -0.4941 -0.8509 0.1787
vn -0.0673 -0.9898 0.1255
vn -0.1105 -0.9834 0.1439
vn -0.0172 -0.9944 0.1041
vn -0.0172 -0.9944 0.1041
vn -0.0523 -0.9919 0.1156
vn -0.0673 -0.9898 0.1255
vn -0.1161 -0.9828 0.1433
vn -0.3697 -0.9235 0.1019
vn -0.0673 -0.9898 0.1255
vn -0.1105 -0.9834 0.1439
vn -0.0673 -0.9898 0.1255
vn -0.3697 -0.9235 0.1019
vn -0.3214 -0.9295 0.1808
vn -0.1161 -0.9828 0.1433
vn -0.1393 -0.9779 0.1558
vn -0.0673 -0.9898 0.1255
vn -0.1393 -0.9779 0.1558
vn -0.1161 -0.9828 0.1433
vn -0.1121 -0.9838 0.1401
vn -0.1393 -0.9779 0.1558
vn -0.0673 -0.9898 0.1255
vn -0.1121 -0.9838 0.1401
vn -0.0673 -0.9898 0.1255
vn -0.0523 -0.9919 0.1156
vn -0.4941 -0.8509 0.1787
vn -0.3629 -0.9096 0.2022
vn -0.2439 -0.9669 0.0747
vn -0.3629 -0.9096 0.2022
vn -0.4941 -0.8509 0.1787
vn -0.3914 -0.8967 0.2069
vn -0.3629 -0.9096 0.2022
vn -0.3914 -0.8967 0.2069
vn -0.2650 -0.9506 0.1613
vn -0.1541 -0.9647 0.2138
vn -0.2650 -0.9506 0.1613
vn -0.0895 -0.9881 0.1249
vn -0.0895 -0.9881 0.1249
vn -0.2650 -0.9506 0.1613
vn -0.1652 -0.9730 0.1612
vn -0.1393 -0.9779 0.1558
vn -0.1121 -0.9838 0.1401
vn -0.3214 -0.9295 0.1808
vn -0.1121 -0.9838 0.1401
vn -0.0523 -0.9919 0.1156
vn -0.0895 -0.9881 0.1249
vn -0.1121 -0.9838 0.1401
vn -0.0895 -0.9881 0.1249
vn -0.1652 -0.9730 0.1612
vn -0.1121 -0.9838 0.1401
vn -0.1652 -0.9730 0.1612
vn -0.3214 -0.9295 0.1808
vn -0.1652 -0.9730 0.1612
vn -0.2650 -0.9506 0.1613
vn -0.3214 -0.9295 0.1808
vn -0.3914 -0.8967 0.2069
vn -0.3214 -0.9295 0.1808
vn -0.2650 -0.9506 0.1613
vn -0.2439 -0.9669 0.0747
vn -0.3629 -0.9096 0.2022
vn -0.2650 -0.9506 0.1613
vn -0.9992 -0.0396 0.0009
vn -0.9998 -0.0222 0.0010
vn -0.9248 -0.3691 0.0922
vn -0.9974 -0.0714 0.0004
vn -0.9992 -0.0396 0.0009
vn -0.9248 -0.3691 0.0922
vn -0.9944 -0.1060 0.0002
vn -0.9974 -0.0714 0.0004
vn -0.9248 -0.3691 0.0922
vn -0.9761 -0.2173 0.0015
vn -0.9785 -0.2061 0.0007
vn -0.8822 -0.4640 0.0798
vn -0.9785 -0.2061 0.0007
vn -0.9868 -0.1617 0.0061
vn -0.8822 -0.4640 0.0798
vn -0.9248 -0.3691 0.0922
vn -0.8822 -0.4640 0.0798
vn -0.9868 -0.1617 0.0061
vn -0.9868 -0.1617 0.0061
vn -0.9908 -0.1350 -0.0001
vn -0.9248 -0.3691 0.0922
vn -0.9908 -0.1350 -0.0001
vn -0.9944 -0.1060 0.0002
vn -0.9248 -0.3691 0.0922
vn -0.8822 -0.4640 0.0798
vn -0.9617 -0.2740 0.0004
vn -0.9761 -0.2173 0.0015
vn -0.9552 -0.2959 0.0016
vn -0.9617 -0.2740 0.0004
vn -0.8822 -0.4640 0.0798
vn -0.8822 -0.4640 0.0798
vn -0.8608 -0.5040 0.0709
vn -0.9552 -0.2959 0.0016
vn -0.9349 -0.3550 0.0009
vn -0.9552 -0.2959 0.0016
vn -0.8608 -0.5040 0.0709
vn -0.8608 -0.5040 0.0709
vn -0.9259 -0.3777 0.0007
vn -0.9349 -0.3550 0.0009
vn -0.8907 -0.4546 0.0003
vn -0.9009 -0.4341 0.0003
vn -0.8608 -0.5040 0.0709
vn -0.9009 -0.4341 0.0003
vn -0.9259 -0.3777 0.0007
vn -0.8608 -0.5040 0.0709
vn -0.8583 -0.5132 -0.0001
vn -0.8907 -0.4546 0.0003
vn -0.8608 -0.5040 0.0709
vn -0.8608 -0.5040 0.0709
vn -0.8458 -0.5334 0.0040
vn -0.8583 -0.5132 -0.0001
vn -0.8608 -0.5040 0.0709
vn -0.6461 -0.7326 0.2141
vn -0.8458 -0.5334 0.0040
vn -0.7979 -0.6027 0.0012
vn -0.8089 -0.5880 0.0007
vn -0.6461 -0.7326 0.2141
vn -0.8089 -0.5880 0.0007
vn -0.8458 -0.5334 0.0040
vn -0.6461 -0.7326 0.2141
vn -0.7439 -0.6683 0.0009
vn -0.6461 -0.7326 0.2141
vn -0.6715 -0.7384 0.0622
vn -0.6461 -0.7326 0.2141
vn -0.7439 -0.6683 0.0009
vn -0.7574 -0.6529 0.0003
vn -0.6461 -0.7326 0.2141
vn -0.7574 -0.6529 0.0003
vn -0.7979 -0.6027 0.0012
vn -0.7201 -0.6938 0.0002
vn -0.7439 -0.6683 0.0009
vn -0.6715 -0.7384 0.0622
vn -0.6715 -0.7384 0.0622
vn -0.6199 -0.7506 0.2288
vn -0.6229 -0.7823 0.0012
vn -0.6229 -0.7823 0.0012
vn -0.6269 -0.7791 0.0000
vn -0.6715 -0.7384 0.0622
vn -0.6199 -0.7506 0.2288
vn -0.5815 -0.8136 0.0007
vn -0.6229 -0.7823 0.0012
vn -0.6199 -0.7506 0.2288
vn -0.5537 -0.8327 0.0005
vn -0.5815 -0.8136 0.0007
vn -0.6199 -0.7506 0.2288
vn -0.5121 -0.8589 0.0002
vn -0.5537 -0.8327 0.0005
vn -0.4798 -0.8774 0.0000
vn -0.5121 -0.8589 0.0002
vn -0.6199 -0.7506 0.2288
vn -0.6199 -0.7506 0.2288
vn -0.4780 -0.8721 0.1044
vn -0.4798 -0.8774 0.0000
vn -0.4780 -0.8721 0.1044
vn -0.4377 -0.8991 0.0002
vn -0.4798 -0.8774 0.0000
vn -0.4780 -0.8721 0.1044
vn -0.4125 -0.9109 0.0006
vn -0.4377 -0.8991 0.0002
vn -0.4780 -0.8721 0.1044
vn -0.3849 -0.9229 0.0004
vn -0.4125 -0.9109 0.0006
vn -0.4395 -0.8982 0.0006
vn -0.3849 -0.9229 0.0004
vn -0.4780 -0.8721 0.1044
vn -0.4780 -0.8721 0.1044
vn -0.4584 -0.8800 0.1244
vn -0.2298 -0.9732 0.0004
vn -0.2482 -0.9687 -0.0003
vn -0.2298 -0.9732 0.0004
vn -0.4584 -0.8800 0.1244
vn -0.4584 -0.8800 0.1244
vn -0.2190 -0.9757 0.0000
vn -0.2482 -0.9687 -0.0003
vn -0.1730 -0.9849 0.0002
vn -0.2190 -0.9757 0.0000
vn -0.4584 -0.8800 0.1244
vn -0.1969 -0.9804 0.0006
vn -0.1580 -0.9874 0.0008
vn -0.4584 -0.8800 0.1244
vn -0.4584 -0.8800 0.1244
vn -0.1580 -0.9874 0.0008
vn -0.1730 -0.9849 0.0002
vn -0.9248 -0.3691 0.0922
vn -0.4941 -0.8509 0.1787
vn -0.8822 -0.4640 0.0798
vn -0.4941 -0.8509 0.1787
vn -0.8608 -0.5040 0.0709
vn -0.8822 -0.4640 0.0798
vn -0.8608 -0.5040 0.0709
vn -0.4941 -0.8509 0.1787
vn -0.6461 -0.7326 0.2141
vn -0.4316 -0.8067 0.4036
vn -0.9374 -0.3484 0.0020
vn -0.4584 -0.8800 0.1244
vn -0.0272 -0.9938 0.1077
vn 0.0101 -0.9938 0.1105
vn -0.0206 -0.9954 0.0934
vn -0.0206 -0.9954 0.0934
vn -0.0120 -0.9947 0.1019
vn -0.0272 -0.9938 0.1077
vn -0.0170 -0.9945 0.1034
vn -0.0234 -0.9940 0.1064
vn -0.0206 -0.9954 0.0934
vn -0.0234 -0.9940 0.1064
vn -0.0120 -0.9947 0.1019
vn -0.0206 -0.9954 0.0934
vn -0.0206 -0.9954 0.0934
vn -0.0147 -0.9946 0.1023
vn -0.0170 -0.9945 0.1034
vn -0.0206 -0.9954 0.0934
vn -0.0141 -0.9947 0.1019
vn -0.0147 -0.9946 0.1023
vn -0.0172 -0.9944 0.1041
vn -0.0151 -0.9946 0.1023
vn -0.0206 -0.9954 0.0934
vn -0.0206 -0.9954 0.0934
vn -0.0151 -0.9946 0.1023
vn -0.0141 -0.9947 0.1019
vn -0.0122 -0.9787 0.2049
vn -0.0895 -0.9881 0.1249
vn 0.0101 -0.9938 0.1105
vn -0.0299 -0.9995 0.0029
vn -0.0235 -0.9997 0.0009
vn -0.0262 -0.9997 -0.0000
vn -0.0262 -0.9997 -0.0000
vn -0.1631 -0.9865 0.0127
vn -0.0299 -0.9995 0.0029
vn -0.1631 -0.9865 0.0127
vn -0.1386 -0.9855 -0.0974
vn -0.0299 -0.9995 0.0029
vn 0.3035 -0.9478 0.0979
vn -0.0235 -0.9997 0.0009
vn -0.0299 -0.9995 0.0029
vn -0.0235 -0.9997 0.0009
vn -0.0289 -0.9996 0.0049
vn -0.0281 -0.9996 0.0002
vn -0.0281 -0.9996 0.0002
vn -0.0281 -0.9996 0.0002
vn -0.0235 -0.9997 0.0009
vn -0.0235 -0.9997 0.0009
vn -0.0281 -0.9996 0.0002
vn -0.0281 -0.9996 0.0002
vn -0.9816 -0.1907 0.0000
vn -0.9374 -0.3484 0.0020
vn -0.9816 -0.1907 0.0000
vn -0.0275 -0.9996 0.0001
vn -0.1631 -0.9865 0.0127
vn -0.0262 -0.9997 -0.0000
vn -0.0262 -0.9997 -0.0000
vn -0.0235 -0.9997 0.0009
vn -0.0275 -0.9996 0.0001
vn -0.0281 -0.9996 0.0002
vn -0.0275 -0.9996 0.0001
vn -0.0235 -0.9997 0.0009
vn -0.0235 -0.9997 0.0009
vn -0.0281 -0.9996 0.0002
vn -0.0281 -0.9996 0.0002
vn 0.7499 -0.6612 0.0225
vn 0.3035 -0.9478 0.0979
vn 0.7499 -0.6612 0.0225
vn -0.5166 0.0002 -0.8562
vn -0.5883 0.0008 -0.8086
vn -0.2654 -0.0508 -0.9628
vn -0.4534 -0.0002 -0.8913
vn -0.5166 0.0002 -0.8562
vn -0.2654 -0.0508 -0.9628
vn -0.0369 -0.0013 -0.9993
vn -0.1381 -0.0006 -0.9904
vn -0.2654 -0.0508 -0.9628
vn -0.1631 -0.9865 0.0127
vn -0.1229 -0.9884 -0.0895
vn -0.1386 -0.9855 -0.0974
vn -0.2654 -0.0508 -0.9628
vn -0.5883 0.0008 -0.8086
vn -0.5117 -0.0152 -0.8590
vn -0.5117 -0.0152 -0.8590
vn -0.4471 -0.1464 -0.8824
vn -0.2654 -0.0508 -0.9628
vn -0.3480 -0.0004 -0.9375
vn -0.4534 -0.0002 -0.8913
vn -0.2654 -0.0508 -0.9628
vn -0.2654 -0.0508 -0.9628
vn -0.2297 -0.0006 -0.9733
vn -0.3480 -0.0004 -0.9375
vn -0.2654 -0.0508 -0.9628
vn -0.1381 -0.0006 -0.9904
vn -0.2297 -0.0006 -0.9733
vn -0.0177 -0.9611 0.2755
vn -0.0290 -0.9899 0.1387
vn -0.1386 -0.9855 -0.0974
vn -0.0177 -0.9611 0.2755
vn 0.2918 -0.7177 0.6323
vn -0.2299 -0.8429 0.4864
vn -0.2299 -0.8429 0.4864
vn -0.0335 -0.9120 0.4088
vn -0.0177 -0.9611 0.2755
vn -0.2299 -0.8429 0.4864
vn -0.0352 -0.8362 0.5473
vn -0.0335 -0.9120 0.4088
vn -0.5584 -0.7772 -0.2900
vn -0.1386 -0.9855 -0.0974
vn -0.9742 -0.2255 0.0029
vn -0.2299 -0.8429 0.4864
vn -0.1522 -0.5324 0.8327
vn -0.0353 -0.6295 0.7762
vn -0.9742 -0.2255 0.0029
vn -0.1158 -0.4022 0.9082
vn -0.1522 -0.5324 0.8327
vn -0.0047 -0.0752 0.9972
vn -0.0528 -0.1029 0.9933
vn 0.0073 -0.0220 0.9997
vn -0.2353 -0.0287 0.9715
vn -0.8228 -0.2440 0.5134
vn -0.0528 -0.1029 0.9933
vn -0.0528 -0.1029 0.9933
vn -0.1158 -0.4022 0.9082
vn -0.5572 -0.2927 0.7771
vn -0.2299 -0.8429 0.4864
vn -0.9742 -0.2255 0.0029
vn -0.1522 -0.5324 0.8327
vn -0.9966 -0.0824 0.0000
vn -0.9992 -0.0406 0.0000
vn -0.9974 -0.0714 0.0004
vn -0.9992 -0.0396 0.0009
vn -0.9974 -0.0714 0.0004
vn -0.9992 -0.0406 0.0000
vn -0.9998 -0.0222 0.0010
vn -0.9992 -0.0396 0.0009
vn -0.9992 -0.0406 0.0000
vn -0.9992 -0.0406 0.0000
vn -1.0000 -0.0033 0.0009
vn -0.9998 -0.0222 0.0010
vn -0.9974 -0.0714 0.0004
vn -0.9944 -0.1060 0.0002
vn -0.9966 -0.0824 0.0000
vn -0.9939 -0.1107 0.0002
vn -0.9966 -0.0824 0.0000
vn -0.9944 -0.1060 0.0002
vn -0.9904 -0.1380 0.0002
vn -0.9939 -0.1107 0.0002
vn -0.9944 -0.1060 0.0002
vn -0.9944 -0.1060 0.0002
vn -0.9908 -0.1350 -0.0001
vn -0.9904 -0.1380 0.0002
vn -0.9908 -0.1350 -0.0001
vn -0.9868 -0.1617 0.0061
vn -0.9904 -0.1380 0.0002
vn -0.9849 -0.1733 0.0005
vn -0.9904 -0.1380 0.0002
vn -0.9868 -0.1617 0.0061
vn -0.9868 -0.1617 0.0061
vn -0.9785 -0.2061 0.0007
vn -0.9849 -0.1733 0.0005
vn -0.9770 -0.2132 0.0064
vn -0.9849 -0.1733 0.0005
vn -0.9785 -0.2061 0.0007
vn -0.9785 -0.2061 0.0007
vn -0.9761 -0.2173 0.0015
vn -0.9720 -0.2351 0.0008
vn -0.9720 -0.2351 0.0008
vn -0.9770 -0.2132 0.0064
vn -0.9785 -0.2061 0.0007
vn -0.9761 -0.2173 0.0015
vn -0.9617 -0.2740 0.0004
vn -0.9720 -0.2351 0.0008
vn -0.9617 -0.2740 0.0004
vn -0.9552 -0.2959 0.0016
vn -0.9118 -0.4107 0.0004
vn -0.9118 -0.4107 0.0004
vn -0.9550 -0.2965 0.0012
vn -0.9617 -0.2740 0.0004
vn -0.9550 -0.2965 0.0012
vn -0.9720 -0.2351 0.0008
vn -0.9617 -0.2740 0.0004
vn -0.9490 -0.3154 0.0008
vn -0.8311 -0.2414 0.5010
vn -0.9349 -0.3550 0.0009
vn -0.9349 -0.3550 0.0009
vn -0.9259 -0.3777 0.0007
vn -0.9490 -0.3154 0.0008
vn -0.9259 -0.3777 0.0007
vn -0.9009 -0.4341 0.0003
vn -0.9490 -0.3154 0.0008
vn -0.9552 -0.2959 0.0016
vn -0.9349 -0.3550 0.0009
vn -0.9118 -0.4107 0.0004
vn -0.9349 -0.3550 0.0009
vn -0.3653 -0.9309 -0.0002
vn -0.9118 -0.4107 0.0004
vn -0.9009 -0.4341 0.0003
vn -0.8907 -0.4546 0.0003
vn -0.8812 -0.4728 0.0010
vn -0.8812 -0.4728 0.0010
vn -0.8913 -0.4533 0.0015
vn -0.9009 -0.4341 0.0003
vn -0.8913 -0.4533 0.0015
vn -0.9490 -0.3154 0.0008
vn -0.9009 -0.4341 0.0003
vn -0.8258 -0.5640 0.0001
vn -0.8493 -0.5278 0.0057
vn -0.8583 -0.5132 -0.0001
vn -0.8583 -0.5132 -0.0001
vn -0.8458 -0.5334 0.0040
vn -0.8258 -0.5640 0.0001
vn -0.8907 -0.4546 0.0003
vn -0.8583 -0.5132 -0.0001
vn -0.8812 -0.4728 0.0010
vn -0.8493 -0.5278 0.0057
vn -0.8812 -0.4728 0.0010
vn -0.8583 -0.5132 -0.0001
vn -0.8458 -0.5334 0.0040
vn -0.8089 -0.5880 0.0007
vn -0.8258 -0.5640 0.0001
vn -0.7962 -0.6040 0.0345
vn -0.8258 -0.5640 0.0001
vn -0.8089 -0.5880 0.0007
vn -0.7880 -0.6157 0.0001
vn -0.7962 -0.6040 0.0345
vn -0.8089 -0.5880 0.0007
vn -0.8089 -0.5880 0.0007
vn -0.7979 -0.6027 0.0012
vn -0.7880 -0.6157 0.0001
vn -0.7979 -0.6027 0.0012
vn -0.7574 -0.6529 0.0003
vn -0.7880 -0.6157 0.0001
vn -0.7455 -0.6665 0.0001
vn -0.7880 -0.6157 0.0001
vn -0.7574 -0.6529 0.0003
vn -0.7281 -0.6855 0.0002
vn -0.7455 -0.6665 0.0001
vn -0.7574 -0.6529 0.0003
vn -0.7574 -0.6529 0.0003
vn -0.7439 -0.6683 0.0009
vn -0.7281 -0.6855 0.0002
vn -0.7439 -0.6683 0.0009
vn -0.7201 -0.6938 0.0002
vn -0.7281 -0.6855 0.0002
vn -0.6701 -0.7423 0.0007
vn -0.6852 -0.7283 0.0048
vn -0.7201 -0.6938 0.0002
vn -0.6852 -0.7283 0.0048
vn -0.7281 -0.6855 0.0002
vn -0.7201 -0.6938 0.0002
vn -0.6701 -0.7423 0.0007
vn -0.7201 -0.6938 0.0002
vn -0.6715 -0.7384 0.0622
vn -0.6715 -0.7384 0.0622
vn -0.6269 -0.7791 0.0000
vn -0.6701 -0.7423 0.0007
vn -0.6203 -0.7844 0.0009
vn -0.6701 -0.7423 0.0007
vn -0.6269 -0.7791 0.0000
vn -0.6269 -0.7791 0.0000
vn -0.6229 -0.7823 0.0012
vn -0.5500 -0.8352 0.0002
vn -0.5500 -0.8352 0.0002
vn -0.6203 -0.7844 0.0009
vn -0.6269 -0.7791 0.0000
vn -0.6078 -0.7941 0.0005
vn -0.5815 -0.8136 0.0007
vn -0.5537 -0.8327 0.0005
vn -0.6229 -0.7823 0.0012
vn -0.5815 -0.8136 0.0007
vn -0.5500 -0.8352 0.0002
vn -0.5788 -0.7989 0.1635
vn -0.5500 -0.8352 0.0002
vn -0.5815 -0.8136 0.0007
vn -0.5815 -0.8136 0.0007
vn -0.6078 -0.7941 0.0005
vn -0.5788 -0.7989 0.1635
vn -0.4725 -0.8813 0.0036
vn -0.5121 -0.8589 0.0002
vn -0.4798 -0.8774 0.0000
vn -0.5537 -0.8327 0.0005
vn -0.5121 -0.8589 0.0002
vn -0.6078 -0.7941 0.0005
vn -0.5005 -0.8658 0.0009
vn -0.6078 -0.7941 0.0005
vn -0.5121 -0.8589 0.0002
vn -0.5121 -0.8589 0.0002
vn -0.4725 -0.8813 0.0036
vn -0.5005 -0.8658 0.0009
vn -0.4003 -0.9164 0.0007
vn -0.4377 -0.8991 0.0002
vn -0.4125 -0.9109 0.0006
vn -0.4377 -0.8991 0.0002
vn -0.4003 -0.9164 0.0007
vn -0.4277 -0.9039 0.0018
vn -0.4798 -0.8774 0.0000
vn -0.4377 -0.8991 0.0002
vn -0.4725 -0.8813 0.0036
vn -0.4277 -0.9039 0.0018
vn -0.4725 -0.8813 0.0036
vn -0.4377 -0.8991 0.0002
vn -0.3158 -0.9488 0.0007
vn -0.3314 -0.9435 0.0008
vn -0.4395 -0.8982 0.0006
vn -0.3158 -0.9488 0.0007
vn -0.4395 -0.8982 0.0006
vn -0.4780 -0.8721 0.1044
vn -0.4125 -0.9109 0.0006
vn -0.3849 -0.9229 0.0004
vn -0.4003 -0.9164 0.0007
vn -0.3633 -0.9317 0.0007
vn -0.4003 -0.9164 0.0007
vn -0.3849 -0.9229 0.0004
vn -0.3849 -0.9229 0.0004
vn -0.4395 -0.8982 0.0006
vn -0.3633 -0.9317 0.0007
vn -0.3314 -0.9435 0.0008
vn -0.3633 -0.9317 0.0007
vn -0.4395 -0.8982 0.0006
vn -0.2404 -0.9707 0.0003
vn -0.2298 -0.9732 0.0004
vn -0.2482 -0.9687 -0.0003
vn -0.3158 -0.9488 0.0007
vn -0.4780 -0.8721 0.1044
vn -0.2298 -0.9732 0.0004
vn -0.2689 -0.9632 0.0005
vn -0.3158 -0.9488 0.0007
vn -0.2298 -0.9732 0.0004
vn -0.2298 -0.9732 0.0004
vn -0.2404 -0.9707 0.0003
vn -0.2689 -0.9632 0.0005
vn -0.1469 -0.9891 0.0003
vn -0.1580 -0.9874 0.0008
vn -0.1969 -0.9804 0.0006
vn -0.1969 -0.9804 0.0006
vn -0.0947 -0.9955 0.0013
vn -0.1469 -0.9891 0.0003
vn -0.1469 -0.9891 0.0003
vn -0.1730 -0.9849 0.0002
vn -0.1580 -0.9874 0.0008
vn -0.1469 -0.9891 0.0003
vn -0.1543 -0.9880 0.0007
vn -0.1730 -0.9849 0.0002
vn -0.1730 -0.9849 0.0002
vn -0.1543 -0.9880 0.0007
vn -0.1968 -0.9804 0.0005
vn -0.2482 -0.9687 -0.0003
vn -0.2190 -0.9757 0.0000
vn -0.2404 -0.9707 0.0003
vn -0.1968 -0.9804 0.0005
vn -0.2404 -0.9707 0.0003
vn -0.2190 -0.9757 0.0000
vn -0.2190 -0.9757 0.0000
vn -0.1730 -0.9849 0.0002
vn -0.1968 -0.9804 0.0005
vn -0.0709 -0.9975 0.0015
vn -0.0947 -0.9955 0.0013
vn -0.1969 -0.9804 0.0006
vn -0.0709 -0.9975 0.0015
vn -0.1969 -0.9804 0.0006
vn -0.4584 -0.8800 0.1244
vn -0.0709 -0.9975 0.0015
vn 0.5148 -0.8573 0.0018
vn 0.5148 -0.8573 0.0018
vn -0.0474 -0.9989 -0.0000
vn -0.0299 -0.9995 0.0029
vn -0.0709 -0.9975 0.0015
vn -0.9998 -0.0222 0.0010
vn -0.9916 -0.1258 0.0291
vn -0.9248 -0.3691 0.0922
vn -0.4941 -0.8509 0.1787
vn -0.9916 -0.1258 0.0291
vn -0.3914 -0.8967 0.2069
vn -0.9916 -0.1258 0.0291
vn -0.4941 -0.8509 0.1787
vn -0.9248 -0.3691 0.0922
vn -0.3914 -0.8967 0.2069
vn -0.9916 -0.1258 0.0291
vn -0.3214 -0.9295 0.1808
vn -0.3214 -0.9295 0.1808
vn -0.9916 -0.1258 0.0291
vn -0.9990 -0.0424 0.0110
vn -0.9990 -0.0424 0.0110
vn -0.9466 -0.3161 0.0635
vn -0.3214 -0.9295 0.1808
vn -0.1161 -0.9828 0.1433
vn -0.3214 -0.9295 0.1808
vn -0.3697 -0.9235 0.1019
vn -0.8623 -0.5027 0.0608
vn -0.3214 -0.9295 0.1808
vn -0.9466 -0.3161 0.0635
vn -0.3214 -0.9295 0.1808
vn -0.8623 -0.5027 0.0608
vn -0.3697 -0.9235 0.1019
vn -0.0247 -0.9942 0.1049
vn -0.1105 -0.9834 0.1439
vn -0.3697 -0.9235 0.1019
vn -0.0293 -0.9940 0.1057
vn -0.0235 -0.9942 0.1047
vn -0.3697 -0.9235 0.1019
vn -0.0235 -0.9942 0.1047
vn -0.0248 -0.9942 0.1051
vn -0.3697 -0.9235 0.1019
vn -0.3697 -0.9235 0.1019
vn -0.0248 -0.9942 0.1051
vn -0.0247 -0.9942 0.1049
vn -0.1171 -0.9873 0.1071
vn -0.0256 -0.9939 0.1072
vn -0.0238 -0.9940 0.1064
vn -0.0268 -0.9938 0.1075
vn -0.0259 -0.9939 0.1074
vn -0.1171 -0.9873 0.1071
vn -0.0259 -0.9939 0.1074
vn -0.0237 -0.9940 0.1065
vn -0.1171 -0.9873 0.1071
vn -0.0237 -0.9940 0.1065
vn -0.0256 -0.9939 0.1072
vn -0.1171 -0.9873 0.1071
vn -0.0927 -0.9899 0.1070
vn -0.0261 -0.9939 0.1075
vn -0.0258 -0.9939 0.1074
vn -0.0258 -0.9939 0.1074
vn -0.0256 -0.9939 0.1074
vn -0.0927 -0.9899 0.1070
vn -0.0234 -0.9940 0.1066
vn -0.0261 -0.9939 0.1075
vn -0.0927 -0.9899 0.1070
vn -0.0289 -0.9945 0.1005
vn -0.0234 -0.9940 0.1066
vn -0.1424 -0.9845 0.1028
vn -0.0927 -0.9899 0.1070
vn -0.1424 -0.9845 0.1028
vn -0.0234 -0.9940 0.1066
vn -0.1424 -0.9845 0.1028
vn -0.0927 -0.9899 0.1070
vn -0.1677 -0.9801 0.1060
vn -0.1677 -0.9801 0.1060
vn -0.2577 -0.9603 0.1067
vn -0.1424 -0.9845 0.1028
vn -0.2577 -0.9603 0.1067
vn -0.1677 -0.9801 0.1060
vn -0.3027 -0.9476 0.1023
vn -0.3027 -0.9476 0.1023
vn -0.4465 -0.8884 0.1069
vn -0.2577 -0.9603 0.1067
vn -0.4465 -0.8884 0.1069
vn -0.3027 -0.9476 0.1023
vn -0.3942 -0.9137 0.0989
vn -0.4465 -0.8884 0.1069
vn -0.3942 -0.9137 0.0989
vn -0.4887 -0.8674 0.0939
vn -0.4465 -0.8884 0.1069
vn -0.4887 -0.8674 0.0939
vn -0.5825 -0.8081 0.0872
vn -0.5825 -0.8081 0.0872
vn -0.6300 -0.7686 0.1116
vn -0.4465 -0.8884 0.1069
vn -0.6300 -0.7686 0.1116
vn -0.5825 -0.8081 0.0872
vn -0.6786 -0.7303 0.0787
vn -0.6786 -0.7303 0.0787
vn -0.7448 -0.6637 0.0689
vn -0.6300 -0.7686 0.1116
vn -0.7448 -0.6637 0.0689
vn -0.6786 -0.7303 0.0787
vn -0.7612 -0.6448 0.0697
vn -0.7448 -0.6637 0.0689
vn -0.7612 -0.6448 0.0697
vn -0.8161 -0.5745 0.0621
vn -0.8161 -0.5745 0.0621
vn -0.8176 -0.5645 0.1132
vn -0.7448 -0.6637 0.0689
vn -0.8176 -0.5645 0.1132
vn -0.8161 -0.5745 0.0621
vn -0.8857 -0.4616 0.0499
vn -0.8857 -0.4616 0.0499
vn -0.7792 -0.6198 0.0932
vn -0.8176 -0.5645 0.1132
vn -0.7792 -0.6198 0.0932
vn -0.8857 -0.4616 0.0499
vn -0.9394 -0.3409 0.0368
vn -0.7792 -0.6198 0.0932
vn -0.9394 -0.3409 0.0368
vn -0.9795 -0.1993 0.0304
vn 0.0233 -0.9879 0.1531
vn 0.0233 -0.9879 0.1531
vn 0.0233 -0.9879 0.1531
vn -0.9795 -0.1993 0.0304
vn -0.9979 0.0387 0.0520
vn -0.9778 0.2095 -0.0110
vn -0.9979 0.0387 0.0520
vn -0.9795 -0.1993 0.0304
vn -0.9963 -0.0851 0.0092
vn -0.9963 -0.0851 0.0092
vn -1.0000 -0.0005 -0.0000
vn -0.9979 0.0387 0.0520
vn -1.0000 -0.0005 -0.0000
vn -0.9963 -0.0851 0.0092
vn -1.0000 -0.0003 0.0001
vn -0.9963 -0.0851 0.0092
vn -1.0000 -0.0018 0.0005
vn -1.0000 -0.0003 0.0001
vn -0.9865 -0.1625 0.0182
vn -1.0000 -0.0018 0.0005
vn -0.9963 -0.0851 0.0092
vn -0.9963 -0.0851 0.0092
vn -0.9795 -0.1993 0.0304
vn -0.9865 -0.1625 0.0182
vn -0.9591 -0.2813 0.0307
vn -0.9865 -0.1625 0.0182
vn -0.9795 -0.1993 0.0304
vn -0.9795 -0.1993 0.0304
vn -0.9394 -0.3409 0.0368
vn -0.9591 -0.2813 0.0307
vn -0.9129 -0.4059 0.0433
vn -0.9591 -0.2813 0.0307
vn -0.9394 -0.3409 0.0368
vn -0.9394 -0.3409 0.0368
vn -0.8857 -0.4616 0.0499
vn -0.9129 -0.4059 0.0433
vn -0.8219 -0.5656 0.0676
vn -0.9129 -0.4059 0.0433
vn -0.8857 -0.4616 0.0499
vn -0.8857 -0.4616 0.0499
vn -0.8161 -0.5745 0.0621
vn -0.8219 -0.5656 0.0676
vn -0.7820 -0.6191 0.0717
vn -0.8219 -0.5656 0.0676
vn -0.8161 -0.5745 0.0621
vn -0.8161 -0.5745 0.0621
vn -0.7612 -0.6448 0.0697
vn -0.7820 -0.6191 0.0717
vn -0.7121 -0.6979 0.0763
vn -0.7820 -0.6191 0.0717
vn -0.7612 -0.6448 0.0697
vn -0.7612 -0.6448 0.0697
vn -0.6786 -0.7303 0.0787
vn -0.7121 -0.6979 0.0763
vn -0.6282 -0.7738 0.0815
vn -0.7121 -0.6979 0.0763
vn -0.6786 -0.7303 0.0787
vn -0.6786 -0.7303 0.0787
vn -0.5825 -0.8081 0.0872
vn -0.6282 -0.7738 0.0815
vn -0.5233 -0.8477 0.0873
vn -0.6282 -0.7738 0.0815
vn -0.5825 -0.8081 0.0872
vn -0.5825 -0.8081 0.0872
vn -0.4887 -0.8674 0.0939
vn -0.5233 -0.8477 0.0873
vn -0.3896 -0.9161 0.0952
vn -0.5233 -0.8477 0.0873
vn -0.4887 -0.8674 0.0939
vn -0.4887 -0.8674 0.0939
vn -0.3942 -0.9137 0.0989
vn -0.3896 -0.9161 0.0952
vn -0.3942 -0.9137 0.0989
vn -0.3027 -0.9476 0.1023
vn -0.3896 -0.9161 0.0952
vn -0.2349 -0.9667 0.1019
vn -0.3896 -0.9161 0.0952
vn -0.3027 -0.9476 0.1023
vn -0.3027 -0.9476 0.1023
vn -0.1677 -0.9801 0.1060
vn -0.2349 -0.9667 0.1019
vn -0.1171 -0.9873 0.1071
vn -0.2349 -0.9667 0.1019
vn -0.1677 -0.9801 0.1060
vn -0.1677 -0.9801 0.1060
vn -0.0927 -0.9899 0.1070
vn -0.1171 -0.9873 0.1071
vn -0.0268 -0.9938 0.1075
vn -0.1171 -0.9873 0.1071
vn -0.0927 -0.9899 0.1070
vn -0.0927 -0.9899 0.1070
vn -0.0256 -0.9939 0.1074
vn -0.0268 -0.9938 0.1075
vn -0.9466 -0.3161 0.0635
vn -0.9990 -0.0424 0.0110
vn -1.0000 -0.0018 0.0005
vn -1.0000 -0.0018 0.0005
vn -0.9865 -0.1625 0.0182
vn -0.9466 -0.3161 0.0635
vn -0.8623 -0.5027 0.0608
vn -0.9466 -0.3161 0.0635
vn -0.9865 -0.1625 0.0182
vn -0.9865 -0.1625 0.0182
vn -0.9591 -0.2813 0.0307
vn -0.8623 -0.5027 0.0608
vn -0.9591 -0.2813 0.0307
vn -0.9129 -0.4059 0.0433
vn -0.8623 -0.5027 0.0608
vn -0.9129 -0.4059 0.0433
vn -0.8219 -0.5656 0.0676
vn -0.8623 -0.5027 0.0608
vn -0.3697 -0.9235 0.1019
vn -0.8623 -0.5027 0.0608
vn -0.8219 -0.5656 0.0676
vn -0.8219 -0.5656 0.0676
vn -0.7820 -0.6191 0.0717
vn -0.3697 -0.9235 0.1019
vn -0.7820 -0.6191 0.0717
vn -0.7121 -0.6979 0.0763
vn -0.3697 -0.9235 0.1019
vn -0.7121 -0.6979 0.0763
vn -0.6282 -0.7738 0.0815
vn -0.3697 -0.9235 0.1019
vn -0.6282 -0.7738 0.0815
vn -0.5233 -0.8477 0.0873
vn -0.3697 -0.9235 0.1019
vn -0.5233 -0.8477 0.0873
vn -0.3896 -0.9161 0.0952
vn -0.3697 -0.9235 0.1019
vn -0.3896 -0.9161 0.0952
vn -0.2349 -0.9667 0.1019
vn -0.3697 -0.9235 0.1019
vn -0.2349 -0.9667 0.1019
vn -0.1171 -0.9873 0.1071
vn -0.3697 -0.9235 0.1019
vn -0.0293 -0.9940 0.1057
vn -0.3697 -0.9235 0.1019
vn -0.1171 -0.9873 0.1071
vn -0.1171 -0.9873 0.1071
vn -0.0238 -0.9940 0.1064
vn -0.0293 -0.9940 0.1057
vn -1.0000 -0.0003 0.0001
vn -1.0000 -0.0018 0.0005
vn -1.0000 -0.0033 0.0009
vn -1.0000 -0.0018 0.0005
vn -0.9990 -0.0424 0.0110
vn -1.0000 -0.0033 0.0009
vn -0.9990 -0.0424 0.0110
vn -0.9916 -0.1258 0.0291
vn -1.0000 -0.0033 0.0009
vn -0.9916 -0.1258 0.0291
vn -0.9998 -0.0222 0.0010
vn -1.0000 -0.0033 0.0009
vn -0.9979 0.0387 0.0520
vn -1.0000 -0.0005 -0.0000
vn -1.0000 -0.0033 0.0009
vn -1.0000 -0.0005 -0.0000
vn -1.0000 -0.0003 0.0001
vn -1.0000 -0.0033 0.0009
vn -0.0709 -0.9975 0.0015
vn -0.0299 -0.9995 0.0029
vn -0.0321 -0.9956 0.0882
vn -0.1547 -0.8985 0.4108
vn -0.0709 -0.9975 0.0015
vn -0.0321 -0.9956 0.0882
vn -0.0947 -0.9955 0.0013
vn -0.0709 -0.9975 0.0015
vn -0.1547 -0.8985 0.4108
vn -0.1547 -0.8985 0.4108
vn -0.1469 -0.9891 0.0003
vn -0.0947 -0.9955 0.0013
vn -0.1968 -0.9804 0.0005
vn -0.1543 -0.9880 0.0007
vn -0.1547 -0.8985 0.4108
vn -0.1543 -0.9880 0.0007
vn -0.1469 -0.9891 0.0003
vn -0.1547 -0.8985 0.4108
vn -0.2404 -0.9707 0.0003
vn -0.1968 -0.9804 0.0005
vn -0.1547 -0.8985 0.4108
vn -0.1547 -0.8985 0.4108
vn -0.3158 -0.9488 0.0007
vn -0.2689 -0.9632 0.0005
vn -0.2689 -0.9632 0.0005
vn -0.2404 -0.9707 0.0003
vn -0.1547 -0.8985 0.4108
vn -0.3314 -0.9435 0.0008
vn -0.3158 -0.9488 0.0007
vn -0.1547 -0.8985 0.4108
vn -0.4003 -0.9164 0.0007
vn -0.3633 -0.9317 0.0007
vn -0.1547 -0.8985 0.4108
vn -0.1547 -0.8985 0.4108
vn -0.3633 -0.9317 0.0007
vn -0.3314 -0.9435 0.0008
vn -0.1547 -0.8985 0.4108
vn -0.4277 -0.9039 0.0018
vn -0.4003 -0.9164 0.0007
vn -0.4725 -0.8813 0.0036
vn -0.4277 -0.9039 0.0018
vn -0.1547 -0.8985 0.4108
vn -0.1547 -0.8985 0.4108
vn -0.5788 -0.7989 0.1635
vn -0.4725 -0.8813 0.0036
vn -0.5005 -0.8658 0.0009
vn -0.4725 -0.8813 0.0036
vn -0.5788 -0.7989 0.1635
vn -0.6078 -0.7941 0.0005
vn -0.5005 -0.8658 0.0009
vn -0.5788 -0.7989 0.1635
vn -0.6203 -0.7844 0.0009
vn -0.5500 -0.8352 0.0002
vn -0.5788 -0.7989 0.1635
vn -0.6701 -0.7423 0.0007
vn -0.6203 -0.7844 0.0009
vn -0.5788 -0.7989 0.1635
vn -0.5788 -0.7989 0.1635
vn -0.6852 -0.7283 0.0048
vn -0.6701 -0.7423 0.0007
vn -0.5788 -0.7989 0.1635
vn -0.7962 -0.6040 0.0345
vn -0.6852 -0.7283 0.0048
vn -0.7962 -0.6040 0.0345
vn -0.7281 -0.6855 0.0002
vn -0.6852 -0.7283 0.0048
vn -0.7455 -0.6665 0.0001
vn -0.7281 -0.6855 0.0002
vn -0.7962 -0.6040 0.0345
vn -0.7880 -0.6157 0.0001
vn -0.7455 -0.6665 0.0001
vn -0.7962 -0.6040 0.0345
vn -0.7962 -0.6040 0.0345
vn -0.8311 -0.2414 0.5010
vn -0.8493 -0.5278 0.0057
vn -0.7962 -0.6040 0.0345
vn -0.8493 -0.5278 0.0057
vn -0.8258 -0.5640 0.0001
vn -0.8913 -0.4533 0.0015
vn -0.8812 -0.4728 0.0010
vn -0.8311 -0.2414 0.5010
vn -0.8812 -0.4728 0.0010
vn -0.8493 -0.5278 0.0057
vn -0.8311 -0.2414 0.5010
vn -0.8311 -0.2414 0.5010
vn -0.9490 -0.3154 0.0008
vn -0.8913 -0.4533 0.0015
vn -0.8311 -0.2414 0.5010
vn -0.9550 -0.2965 0.0012
vn -0.9118 -0.4107 0.0004
vn -0.9770 -0.2132 0.0064
vn -0.8311 -0.2414 0.5010
vn -0.9798 -0.0165 0.1992
vn -0.9770 -0.2132 0.0064
vn -0.9720 -0.2351 0.0008
vn -0.8311 -0.2414 0.5010
vn -0.9720 -0.2351 0.0008
vn -0.9550 -0.2965 0.0012
vn -0.8311 -0.2414 0.5010
vn -0.9966 -0.0824 0.0000
vn -0.9939 -0.1107 0.0002
vn -0.9798 -0.0165 0.1992
vn -0.9798 -0.0165 0.1992
vn -0.9939 -0.1107 0.0002
vn -0.9904 -0.1380 0.0002
vn -0.9904 -0.1380 0.0002
vn -0.9849 -0.1733 0.0005
vn -0.9798 -0.0165 0.1992
vn -0.9798 -0.0165 0.1992
vn -0.9849 -0.1733 0.0005
vn -0.9770 -0.2132 0.0064
vn -1.0000 -0.0033 0.0009
vn -0.9992 -0.0406 0.0000
vn -0.9798 -0.0165 0.1992
vn -0.9992 -0.0406 0.0000
vn -0.9966 -0.0824 0.0000
vn -0.9798 -0.0165 0.1992
vn -0.0336 -0.4698 0.8821
vn -0.1817 -0.0900 0.9792
vn -0.0373 -0.5322 0.8458
vn -0.3699 -0.2148 0.9039
vn -0.8311 -0.2414 0.5010
vn -0.1817 -0.0900 0.9792
vn -0.0373 -0.5322 0.8458
vn -0.0427 -0.6965 0.7163
vn -0.0378 -0.6057 0.7948
vn -0.0373 -0.5322 0.8458
vn -0.1817 -0.0900 0.9792
vn -0.0427 -0.6965 0.7163
vn -0.1817 -0.0900 0.9792
vn -0.0490 -0.7852 0.6172
vn -0.0427 -0.6965 0.7163
vn -0.1817 -0.0900 0.9792
vn -0.0628 -0.8881 0.4553
vn -0.0490 -0.7852 0.6172
vn -0.1817 -0.0900 0.9792
vn -0.8311 -0.2414 0.5010
vn -0.5788 -0.7989 0.1635
vn -0.1817 -0.0900 0.9792
vn -0.1547 -0.8985 0.4108
vn -0.0628 -0.8881 0.4553
vn -0.5788 -0.7989 0.1635
vn -0.1547 -0.8985 0.4108
vn -0.3592 -0.7888 0.4988
vn -0.8311 -0.2414 0.5010
vn -0.3699 -0.2148 0.9039
vn -0.9798 -0.0165 0.1992
vn -0.7962 -0.6040 0.0345
vn -0.5788 -0.7989 0.1635
vn -0.8311 -0.2414 0.5010
vn -0.1547 -0.8985 0.4108
vn -0.0330 -0.9836 0.1773
vn -0.0364 -0.9356 0.3511
vn -0.1547 -0.8985 0.4108
vn -0.0321 -0.9956 0.0882
vn -0.0330 -0.9836 0.1773
vn -0.1817 -0.0900 0.9792
vn -0.0336 -0.4698 0.8821
vn -0.0528 -0.1029 0.9933
vn -0.0252 -0.9947 0.1001
vn -0.0252 -0.9947 0.1001
vn -0.0252 -0.9947 0.1001
vn -0.0336 -0.4698 0.8821
vn -0.0373 -0.5322 0.8458
vn -0.1522 -0.5324 0.8327
vn -0.1522 -0.5324 0.8327
vn -0.1158 -0.4022 0.9082
vn -0.0336 -0.4698 0.8821
vn -0.1158 -0.4022 0.9082
vn -0.0528 -0.1029 0.9933
vn -0.0336 -0.4698 0.8821
vn -0.0373 -0.5322 0.8458
vn -0.0353 -0.6295 0.7762
vn -0.1522 -0.5324 0.8327
vn -0.0353 -0.6295 0.7762
vn -0.0373 -0.5322 0.8458
vn -0.0378 -0.6057 0.7948
vn -0.0378 -0.6057 0.7948
vn -0.0427 -0.6965 0.7163
vn -0.0353 -0.6295 0.7762
vn -0.0427 -0.6965 0.7163
vn -0.0490 -0.7852 0.6172
vn -0.2299 -0.8429 0.4864
vn -0.2299 -0.8429 0.4864
vn -0.0353 -0.6295 0.7762
vn -0.0427 -0.6965 0.7163
vn -0.0352 -0.8362 0.5473
vn -0.2299 -0.8429 0.4864
vn -0.0490 -0.7852 0.6172
vn -0.0490 -0.7852 0.6172
vn -0.0628 -0.8881 0.4553
vn -0.0352 -0.8362 0.5473
vn -0.0335 -0.9120 0.4088
vn -0.0352 -0.8362 0.5473
vn -0.0628 -0.8881 0.4553
vn -0.0628 -0.8881 0.4553
vn -0.1547 -0.8985 0.4108
vn -0.0335 -0.9120 0.4088
vn -0.0177 -0.9611 0.2755
vn -0.0335 -0.9120 0.4088
vn -0.0364 -0.9356 0.3511
vn -0.0474 -0.1504 0.9875
vn -0.0474 -0.1504 0.9875
vn -0.0474 -0.1504 0.9875
vn -0.0330 -0.9836 0.1773
vn -0.0290 -0.9899 0.1387
vn -0.0177 -0.9611 0.2755
vn -0.0177 -0.9611 0.2755
vn -0.0364 -0.9356 0.3511
vn -0.0330 -0.9836 0.1773
vn -0.0321 -0.9956 0.0882
vn -0.1386 -0.9855 -0.0974
vn -0.0290 -0.9899 0.1387
vn -0.0330 -0.9836 0.1773
vn -0.0321 -0.9956 0.0882
vn -0.0290 -0.9899 0.1387
vn -0.0321 -0.9956 0.0882
vn -0.0299 -0.9995 0.0029
vn -0.1386 -0.9855 -0.0974
vn -0.0944 0.0592 0.9938
vn -0.3699 -0.2148 0.9039
vn -0.1817 -0.0900 0.9792
vn -0.9927 0.0016 0.1203
vn -0.9979 0.0387 0.0520
vn -0.9798 -0.0165 0.1992
vn -0.9979 0.0387 0.0520
vn -1.0000 -0.0033 0.0009
vn -0.9798 -0.0165 0.1992
vn -0.8176 -0.5645 0.1132
vn -0.7792 -0.6198 0.0932
vn -0.8453 -0.4953 0.2005
vn -0.8176 -0.5645 0.1132
vn -0.6300 -0.7686 0.1116
vn -0.7448 -0.6637 0.0689
vn -0.2711 -0.9342 -0.2317
vn -0.1424 -0.9845 0.1028
vn -0.2577 -0.9603 0.1067
vn -0.6300 -0.7686 0.1116
vn -0.9503 -0.0427 0.3083
vn -0.9503 -0.0427 0.3083
vn -0.2577 -0.9603 0.1067
vn -0.4465 -0.8884 0.1069
vn -0.2711 -0.9342 -0.2317
vn -0.0944 0.0592 0.9938
vn -0.1817 -0.0900 0.9792
vn -0.4775 -0.0433 0.8775
vn -0.1817 -0.0900 0.9792
vn -0.0047 -0.0752 0.9972
vn -0.4775 -0.0433 0.8775
vn -0.8228 -0.2440 0.5134
vn -0.6084 -0.7402 -0.2864
vn -0.1644 -0.8243 0.5418
vn -0.7893 0.0387 -0.6128
vn -0.8228 -0.2440 0.5134
vn -0.9742 -0.2255 0.0029
vn -0.4775 -0.0433 0.8775
vn -0.0047 -0.0752 0.9972
vn 0.6181 -0.4353 0.6545
vn -0.0944 0.0592 0.9938
vn -0.4775 -0.0433 0.8775
vn 0.0277 0.4360 0.8995
vn -0.0298 0.0994 0.9946
vn -0.0944 0.0592 0.9938
vn 0.0277 0.4360 0.8995
vn 0.0193 0.0148 0.9997
vn 0.0277 0.4360 0.8995
vn 0.6181 -0.4353 0.6545
vn 0.0197 0.0583 0.9981
vn 0.0197 0.0583 0.9981
vn 0.0277 0.4360 0.8995
vn -0.0047 -0.0752 0.9972
vn 0.3425 -0.2454 0.9069
vn 0.6181 -0.4353 0.6545
vn -0.0679 -0.9619 -0.2648
vn -0.0679 -0.9619 -0.2648
vn -0.0679 -0.9619 -0.2648
vn 0.7762 -0.4288 0.4622
vn 0.7762 -0.4288 0.4622
vn 0.6181 -0.4353 0.6545
vn 0.7633 0.5837 -0.2768
vn 0.7633 0.5837 -0.2768
vn 0.7633 0.5837 -0.2768
vn -0.7364 0.6323 0.2406
vn -0.7364 0.6323 0.2406
vn -0.7364 0.6323 0.2406
vn -0.4122 0.8879 -0.2043
vn -0.4122 0.8879 -0.2043
vn -0.4122 0.8879 -0.2043
vn -0.9343 -0.2462 0.2579
vn -0.9343 -0.2462 0.2579
vn -0.4775 -0.0433 0.8775
vn -0.7893 0.0387 -0.6128
vn -0.8051 -0.0929 -0.5858
vn -0.8228 -0.2440 0.5134
vn -0.8051 -0.0929 -0.5858
vn -0.6886 -0.5380 -0.4863
vn -0.8228 -0.2440 0.5134
vn -0.6886 -0.5380 -0.4863
vn -0.6084 -0.7402 -0.2864
vn -0.8228 -0.2440 0.5134
vn -0.6084 -0.7402 -0.2864
vn -0.0698 -0.9469 -0.3138
vn -0.1644 -0.8243 0.5418
vn -0.0698 -0.9469 -0.3138
vn -0.0488 -0.9988 0.0100
vn -0.1644 -0.8243 0.5418
vn -0.0506 -0.9212 0.3858
vn -0.1644 -0.8243 0.5418
vn -0.0488 -0.9988 0.0100
vn -0.0944 0.0592 0.9938
vn -0.0599 0.1691 0.9838
vn -0.3699 -0.2148 0.9039
vn -0.6300 -0.7686 0.1116
vn -0.8176 -0.5645 0.1132
vn -0.2711 -0.9342 -0.2317
vn -0.7971 -0.5735 0.1890
vn -0.2711 -0.9342 -0.2317
vn -0.8176 -0.5645 0.1132
vn -0.2847 -0.5302 -0.7987
vn -0.2711 -0.9342 -0.2317
vn -0.2847 -0.5302 -0.7987
vn -0.1424 -0.9845 0.1028
vn -0.2711 -0.9342 -0.2317
vn -0.0289 -0.9945 0.1005
vn -0.0488 -0.9988 0.0100
vn -0.0289 -0.9945 0.1005
vn -0.2711 -0.9342 -0.2317
vn 0.0101 -0.9938 0.1105
vn -0.0272 -0.9938 0.1077
vn -0.0268 -0.9939 0.1074
vn -0.0272 -0.9938 0.1077
vn -0.0289 -0.9945 0.1005
vn -0.0268 -0.9939 0.1074
vn -0.0120 -0.9947 0.1019
vn -0.0234 -0.9940 0.1064
vn -0.0237 -0.9940 0.1065
vn -0.0268 -0.9938 0.1075
vn -0.0256 -0.9939 0.1074
vn -0.0272 -0.9938 0.1077
vn -0.0259 -0.9939 0.1074
vn -0.0268 -0.9938 0.1075
vn -0.0272 -0.9938 0.1077
vn -0.0256 -0.9939 0.1074
vn -0.0258 -0.9939 0.1074
vn -0.0272 -0.9938 0.1077
vn -0.0272 -0.9938 0.1077
vn -0.0258 -0.9939 0.1074
vn -0.0261 -0.9939 0.1075
vn -0.0261 -0.9939 0.1075
vn -0.0234 -0.9940 0.1066
vn -0.0272 -0.9938 0.1077
vn -0.0234 -0.9940 0.1066
vn -0.0289 -0.9945 0.1005
vn -0.0272 -0.9938 0.1077
vn -0.0237 -0.9940 0.1065
vn -0.0259 -0.9939 0.1074
vn -0.0272 -0.9938 0.1077
vn -0.0272 -0.9938 0.1077
vn -0.0120 -0.9947 0.1019
vn -0.0237 -0.9940 0.1065
vn -0.0256 -0.9939 0.1072
vn -0.0237 -0.9940 0.1065
vn -0.0234 -0.9940 0.1064
vn -0.0234 -0.9940 0.1064
vn -0.0238 -0.9940 0.1064
vn -0.0256 -0.9939 0.1072
vn -0.0238 -0.9940 0.1064
vn -0.0234 -0.9940 0.1064
vn -0.0170 -0.9945 0.1034
vn -0.0293 -0.9940 0.1057
vn -0.0238 -0.9940 0.1064
vn -0.0170 -0.9945 0.1034
vn -0.0170 -0.9945 0.1034
vn -0.0147 -0.9946 0.1023
vn -0.0293 -0.9940 0.1057
vn -0.0235 -0.9942 0.1047
vn -0.0293 -0.9940 0.1057
vn -0.0147 -0.9946 0.1023
vn -0.0235 -0.9942 0.1047
vn -0.0147 -0.9946 0.1023
vn -0.0141 -0.9947 0.1019
vn -0.0248 -0.9942 0.1051
vn -0.0235 -0.9942 0.1047
vn -0.0141 -0.9947 0.1019
vn -0.0172 -0.9944 0.1041
vn -0.1105 -0.9834 0.1439
vn -0.0247 -0.9942 0.1049
vn -0.0247 -0.9942 0.1049
vn -0.0151 -0.9946 0.1023
vn -0.0172 -0.9944 0.1041
vn -0.0151 -0.9946 0.1023
vn -0.0247 -0.9942 0.1049
vn -0.0248 -0.9942 0.1051
vn -0.0248 -0.9942 0.1051
vn -0.0141 -0.9947 0.1019
vn -0.0151 -0.9946 0.1023
vn 0.0101 -0.9938 0.1105
vn -0.0895 -0.9881 0.1249
vn -0.0206 -0.9954 0.0934
vn 0.6022 -0.6648 0.4421
vn 0.8647 -0.4878 0.1200
vn 0.8889 -0.2141 0.4050
vn 0.6022 -0.6648 0.4421
vn 0.2189 -0.9480 0.2310
vn 0.4364 -0.8800 0.1873
vn 0.9930 -0.0329 0.1134
vn 0.9951 -0.0145 0.0979
vn 0.9954 -0.0080 0.0955
vn 0.9930 -0.0329 0.1134
vn 0.9959 0.0020 0.0907
vn 0.9951 -0.0145 0.0979
vn 0.9901 -0.0682 0.1223
vn 0.9904 -0.0666 0.1213
vn 0.9929 -0.0863 0.0824
vn 0.9929 -0.0863 0.0824
vn 0.9904 -0.0666 0.1213
vn 0.9930 -0.0329 0.1134
vn 0.9929 -0.0863 0.0824
vn 0.9901 -0.0687 0.1225
vn 0.9901 -0.0682 0.1223
vn 0.9826 -0.1184 0.1431
vn 0.9825 -0.1187 0.1432
vn 0.9929 -0.0863 0.0824
vn 0.9689 -0.1815 0.1683
vn 0.9829 -0.1607 0.0896
vn 0.9623 -0.2719 -0.0052
vn 0.9929 -0.0863 0.0824
vn 0.9829 -0.1607 0.0896
vn 0.9760 -0.1504 0.1573
vn 0.9760 -0.1504 0.1573
vn 0.9799 -0.1322 0.1492
vn 0.9929 -0.0863 0.0824
vn 0.9929 -0.0863 0.0824
vn 0.9799 -0.1322 0.1492
vn 0.9826 -0.1184 0.1431
vn 0.9449 -0.3230 0.0530
vn 0.9514 -0.2430 0.1892
vn 0.9487 -0.2518 0.1912
vn 0.9487 -0.2518 0.1912
vn 0.9623 -0.2719 -0.0052
vn 0.9449 -0.3230 0.0530
vn 0.9623 -0.2719 -0.0052
vn 0.9487 -0.2518 0.1912
vn 0.9532 -0.2375 0.1870
vn 0.9623 -0.2719 -0.0052
vn 0.9532 -0.2375 0.1870
vn 0.9552 -0.2312 0.1851
vn 0.9623 -0.2719 -0.0052
vn 0.9552 -0.2312 0.1851
vn 0.9598 -0.2157 0.1798
vn 0.9623 -0.2719 -0.0052
vn 0.9598 -0.2157 0.1798
vn 0.9626 -0.2058 0.1764
vn 0.9623 -0.2719 -0.0052
vn 0.9626 -0.2058 0.1764
vn 0.9659 -0.1932 0.1721
vn 0.9623 -0.2719 -0.0052
vn 0.9659 -0.1932 0.1721
vn 0.9689 -0.1815 0.1683
vn 0.9082 -0.3545 0.2227
vn 0.9192 -0.3288 0.2166
vn 0.9045 -0.3656 0.2194
vn 0.9192 -0.3288 0.2166
vn 0.9082 -0.3545 0.2227
vn 0.9039 -0.3639 0.2251
vn 0.9192 -0.3288 0.2166
vn 0.9304 -0.3018 0.2082
vn 0.9272 -0.3098 0.2104
vn 0.9192 -0.3288 0.2166
vn 0.9272 -0.3098 0.2104
vn 0.9307 -0.3009 0.2080
vn 0.9192 -0.3288 0.2166
vn 0.9307 -0.3009 0.2080
vn 0.9300 -0.3030 0.2079
vn 0.9192 -0.3288 0.2166
vn 0.9300 -0.3030 0.2079
vn 0.9449 -0.3230 0.0530
vn 0.8521 -0.4663 0.2379
vn 0.8629 -0.4426 0.2441
vn 0.8728 -0.4277 0.2353
vn 0.8728 -0.4277 0.2353
vn 0.8647 -0.4878 0.1200
vn 0.8521 -0.4663 0.2379
vn 0.8647 -0.4878 0.1200
vn 0.8728 -0.4277 0.2353
vn 0.8810 -0.4122 0.2324
vn 0.8647 -0.4878 0.1200
vn 0.8810 -0.4122 0.2324
vn 0.8871 -0.4010 0.2285
vn 0.8647 -0.4878 0.1200
vn 0.8871 -0.4010 0.2285
vn 0.8912 -0.3920 0.2283
vn 0.8647 -0.4878 0.1200
vn 0.8912 -0.3920 0.2283
vn 0.8975 -0.3790 0.2257
vn 0.8975 -0.3790 0.2257
vn 0.9045 -0.3656 0.2194
vn 0.8647 -0.4878 0.1200
vn 0.8202 -0.5444 0.1760
vn 0.8295 -0.4982 0.2526
vn 0.8205 -0.5119 0.2543
vn 0.8202 -0.5444 0.1760
vn 0.8205 -0.5119 0.2543
vn 0.8296 -0.4977 0.2530
vn 0.8202 -0.5444 0.1760
vn 0.8296 -0.4977 0.2530
vn 0.8364 -0.4865 0.2523
vn 0.8202 -0.5444 0.1760
vn 0.8364 -0.4865 0.2523
vn 0.8411 -0.4784 0.2525
vn 0.8411 -0.4784 0.2525
vn 0.8521 -0.4663 0.2379
vn 0.8202 -0.5444 0.1760
vn 0.8521 -0.4663 0.2379
vn 0.8411 -0.4784 0.2525
vn 0.8487 -0.4668 0.2486
vn 0.8202 -0.5444 0.1760
vn 0.7857 -0.5611 0.2603
vn 0.7683 -0.5840 0.2621
vn 0.8202 -0.5444 0.1760
vn 0.7622 -0.5909 0.2644
vn 0.7857 -0.5611 0.2603
vn 0.7622 -0.5909 0.2644
vn 0.8202 -0.5444 0.1760
vn 0.7079 -0.6782 0.1972
vn 0.8647 -0.4878 0.1200
vn 0.9192 -0.3288 0.2166
vn 0.9449 -0.3230 0.0530
vn 0.9623 -0.2719 -0.0052
vn 0.8889 -0.2141 0.4050
vn 0.9449 -0.3230 0.0530
vn 0.5982 -0.7815 0.1771
vn 0.4364 -0.8800 0.1873
vn 0.4983 -0.8333 0.2394
vn 0.5982 -0.7815 0.1771
vn 0.4983 -0.8333 0.2394
vn 0.5249 -0.8160 0.2422
vn 0.3900 -0.8971 0.2077
vn 0.3954 -0.8940 0.2107
vn 0.4364 -0.8800 0.1873
vn 0.6022 -0.6648 0.4421
vn 0.8202 -0.5444 0.1760
vn 0.8647 -0.4878 0.1200
vn 0.3900 -0.8971 0.2077
vn 0.3815 -0.9071 0.1782
vn 0.3992 -0.8917 0.2133
vn 0.3815 -0.9071 0.1782
vn 0.3415 -0.9194 0.1952
vn 0.3354 -0.9223 0.1920
vn 0.7079 -0.6782 0.1972
vn 0.6022 -0.6648 0.4421
vn 0.5982 -0.7815 0.1771
vn 0.3815 -0.9071 0.1782
vn 0.2189 -0.9480 0.2310
vn 0.4380 -0.8724 0.2171
vn 0.4380 -0.8724 0.2171
vn 0.3415 -0.9194 0.1952
vn 0.3815 -0.9071 0.1782
vn 0.8647 -0.4878 0.1200
vn 0.9449 -0.3230 0.0530
vn 0.8889 -0.2141 0.4050
vn 0.7079 -0.6782 0.1972
vn 0.8202 -0.5444 0.1760
vn 0.6022 -0.6648 0.4421
vn 0.3815 -0.9071 0.1782
vn 0.4364 -0.8800 0.1873
vn 0.2189 -0.9480 0.2310
vn 0.3900 -0.8971 0.2077
vn 0.4364 -0.8800 0.1873
vn 0.3815 -0.9071 0.1782
vn 0.5982 -0.7815 0.1771
vn 0.6022 -0.6648 0.4421
vn 0.4364 -0.8800 0.1873
vn 0.9829 -0.1607 0.0896
vn 0.8889 -0.2141 0.4050
vn 0.9623 -0.2719 -0.0052
vn 0.8521 -0.4663 0.2379
vn 0.8647 -0.4878 0.1200
vn 0.8202 -0.5444 0.1760
vn 0.9045 -0.3656 0.2194
vn 0.9192 -0.3288 0.2166
vn 0.8647 -0.4878 0.1200
vn 0.8889 -0.2141 0.4050
vn 0.9829 -0.1607 0.0896
vn 0.9929 -0.0863 0.0824
vn 0.9929 -0.0863 0.0824
vn 0.9930 -0.0329 0.1134
vn 0.8889 -0.2141 0.4050
vn 0.9930 -0.0329 0.1134
vn 0.9954 -0.0080 0.0955
vn 0.9952 0.0010 0.0978
vn 0.8889 -0.2141 0.4050
vn 0.9930 -0.0329 0.1134
vn 0.9952 0.0010 0.0978
vn 0.9952 0.0010 0.0978
vn 0.9954 -0.0080 0.0955
vn 0.9957 -0.0026 0.0930
vn 0.9957 -0.0026 0.0930
vn 0.9958 0.0002 0.0920
vn 0.9952 0.0010 0.0978
vn 0.9957 0.0000 0.0922
vn 0.9957 0.0007 0.0924
vn 0.9957 0.0004 0.0924
vn 0.9957 0.0004 0.0924
vn 0.9958 0.0003 0.0921
vn 0.9957 0.0000 0.0922
vn 0.9958 0.0002 0.0920
vn 0.9957 0.0000 0.0922
vn 0.9958 0.0003 0.0921
vn 0.9958 0.0003 0.0921
vn 0.9952 0.0010 0.0978
vn 0.9958 0.0002 0.0920
vn 0.1073 0.9881 0.1103
vn -0.0588 0.9501 0.3065
vn 0.4994 0.7823 0.3722
vn 0.4994 0.7823 0.3722
vn 0.7577 0.5802 0.2987
vn 0.6292 0.7504 0.2025
vn 0.4994 0.7823 0.3722
vn 0.8585 0.3597 0.3656
vn 0.7577 0.5802 0.2987
vn 0.8585 0.3597 0.3656
vn 0.8889 -0.2141 0.4050
vn 0.9944 0.0410 0.0975
vn 0.9952 0.0010 0.0978
vn 0.9944 0.0410 0.0975
vn 0.8889 -0.2141 0.4050
vn -0.0588 0.9501 0.3065
vn 0.1073 0.9881 0.1103
vn -0.0691 0.9956 0.0627
vn 0.1073 0.9881 0.1103
vn 0.0307 0.9936 0.1086
vn 0.0160 0.9940 0.1086
vn 0.3470 0.9135 0.2122
vn 0.2736 0.9453 0.1777
vn 0.4940 0.8385 0.2301
vn 0.3950 0.8935 0.2135
vn 0.3470 0.9135 0.2122
vn 0.4940 0.8385 0.2301
vn 0.4940 0.8385 0.2301
vn 0.4194 0.9078 -0.0045
vn 0.6292 0.7504 0.2025
vn 0.7577 0.5802 0.2987
vn 0.7863 0.5607 0.2594
vn 0.7762 0.5746 0.2593
vn 0.7981 0.5441 0.2590
vn 0.7863 0.5607 0.2594
vn 0.7577 0.5802 0.2987
vn 0.7981 0.5441 0.2590
vn 0.7577 0.5802 0.2987
vn 0.8187 0.5026 0.2777
vn 0.8187 0.5026 0.2777
vn 0.8042 0.5351 0.2589
vn 0.7981 0.5441 0.2590
vn 0.8187 0.5026 0.2777
vn 0.8086 0.5289 0.2577
vn 0.8042 0.5351 0.2589
vn 0.8187 0.5026 0.2777
vn 0.8126 0.5231 0.2568
vn 0.8086 0.5289 0.2577
vn 0.8187 0.5026 0.2777
vn 0.8359 0.4878 0.2516
vn 0.8418 0.4781 0.2506
vn 0.8187 0.5026 0.2777
vn 0.8558 0.4539 0.2481
vn 0.8359 0.4878 0.2516
vn 0.8187 0.5026 0.2777
vn 0.8303 0.4528 0.3250
vn 0.8558 0.4539 0.2481
vn 0.8409 0.4786 0.2526
vn 0.8303 0.4528 0.3250
vn 0.8686 0.4250 0.2548
vn 0.8686 0.4250 0.2548
vn 0.8613 0.4453 0.2446
vn 0.8409 0.4786 0.2526
vn 0.8686 0.4250 0.2548
vn 0.8706 0.4288 0.2411
vn 0.8613 0.4453 0.2446
vn 0.8820 0.4072 0.2373
vn 0.8686 0.4250 0.2548
vn 0.8824 0.3743 0.2851
vn 0.8824 0.3743 0.2851
vn 0.8913 0.3895 0.2320
vn 0.8820 0.4072 0.2373
vn 0.8824 0.3743 0.2851
vn 0.8969 0.3788 0.2283
vn 0.8913 0.3895 0.2320
vn 0.8824 0.3743 0.2851
vn 0.8942 0.3841 0.2298
vn 0.8969 0.3788 0.2283
vn 0.8824 0.3743 0.2851
vn 0.9211 0.3279 0.2100
vn 0.9316 0.2987 0.2073
vn 0.9211 0.3279 0.2100
vn 0.8824 0.3743 0.2851
vn 0.9269 0.2828 0.2469
vn 0.9269 0.2828 0.2469
vn 0.9230 0.3213 0.2117
vn 0.9211 0.3279 0.2100
vn 0.9927 0.0458 0.1119
vn 0.9935 0.0355 0.1079
vn 0.9944 0.0410 0.0975
vn 0.9941 0.0286 0.1042
vn 0.9927 0.0458 0.1119
vn 0.9944 0.0410 0.0975
vn 0.9944 0.0410 0.0975
vn 0.9952 0.0010 0.0978
vn 0.9941 0.0286 0.1042
vn 0.9952 0.0010 0.0978
vn 0.9952 0.0128 0.0972
vn 0.9941 0.0286 0.1042
vn 0.9952 0.0128 0.0972
vn 0.9952 0.0010 0.0978
vn 0.9958 0.0003 0.0921
vn 0.4994 0.7823 0.3722
vn 0.6292 0.7504 0.2025
vn 0.4194 0.9078 -0.0045
vn 0.2172 0.9651 0.1463
vn 0.1073 0.9881 0.1103
vn 0.4994 0.7823 0.3722
vn 0.8187 0.5026 0.2777
vn 0.7577 0.5802 0.2987
vn 0.8303 0.4528 0.3250
vn 0.4194 0.9078 -0.0045
vn 0.2736 0.9453 0.1777
vn 0.2172 0.9651 0.1463
vn 0.8686 0.4250 0.2548
vn 0.8303 0.4528 0.3250
vn 0.8824 0.3743 0.2851
vn 0.8585 0.3597 0.3656
vn 0.9944 0.0410 0.0975
vn 0.9269 0.2828 0.2469
vn 0.7577 0.5802 0.2987
vn 0.8585 0.3597 0.3656
vn 0.9677 0.2372 0.0853
vn 0.9677 0.2372 0.0853
vn 0.8303 0.4528 0.3250
vn 0.7577 0.5802 0.2987
vn 0.9677 0.2372 0.0853
vn 0.8824 0.3743 0.2851
vn 0.8303 0.4528 0.3250
vn 0.4994 0.7823 0.3722
vn 0.4194 0.9078 -0.0045
vn 0.2172 0.9651 0.1463
vn 0.2736 0.9453 0.1777
vn 0.4194 0.9078 -0.0045
vn 0.4940 0.8385 0.2301
vn -0.9978 -0.0015 -0.0655
vn -0.9978 -0.0015 -0.0655
vn -0.9978 -0.0015 -0.0655
vn 0.9269 0.2828 0.2469
vn 0.8824 0.3743 0.2851
vn 0.9677 0.2372 0.0853
vn 0.9677 0.2372 0.0853
vn 0.6432 -0.1225 0.7558
vn 0.9269 0.2828 0.2469
vn -0.4602 0.8684 0.1846
vn -0.4602 0.8684 0.1846
vn -0.4602 0.8684 0.1846
vn 0.7943 -0.0153 -0.6074
vn 0.9677 0.2372 0.0853
vn 0.7943 -0.0153 -0.6074
vn -0.4884 0.6798 0.5471
vn -0.4884 0.6798 0.5471
vn -0.4884 0.6798 0.5471
vn -0.7680 -0.1008 -0.6325
vn -0.9744 -0.2168 -0.0590
vn -0.9593 -0.0038 -0.2824
vn -0.0369 -0.0013 -0.9993
vn -0.0879 0.0904 -0.9920
vn -0.2021 0.0003 -0.9794
vn -0.9891 0.1465 -0.0133
vn -0.9570 0.1260 0.2613
vn -0.9570 0.1260 0.2613
vn -0.0124 -0.0226 -0.9997
vn -0.5874 0.0054 -0.8093
vn -0.2742 0.0700 -0.9591
vn -0.5874 0.0054 -0.8093
vn -0.0124 -0.0226 -0.9997
vn -0.1886 -0.0069 -0.9820
vn -0.1345 0.0004 -0.9909
vn -0.5718 0.2155 -0.7916
vn -0.5117 -0.0152 -0.8590
vn 0.1972 -0.0888 -0.9763
vn -0.5117 -0.0152 -0.8590
vn 0.1972 -0.0888 -0.9763
vn -0.1886 -0.0069 -0.9820
vn -0.1345 0.0004 -0.9909
vn -0.5874 0.0054 -0.8093
vn -0.1345 0.0004 -0.9909
vn -0.5117 -0.0152 -0.8590
vn -0.5874 0.0054 -0.8093
vn -0.6057 0.0008 -0.7957
vn -0.5874 0.0054 -0.8093
vn -0.5117 -0.0152 -0.8590
vn -0.5117 -0.0152 -0.8590
vn -0.5883 0.0008 -0.8086
vn -0.6057 0.0008 -0.7957
vn -0.5317 0.0007 -0.8469
vn -0.6057 0.0008 -0.7957
vn -0.5883 0.0008 -0.8086
vn -0.5883 0.0008 -0.8086
vn -0.5166 0.0002 -0.8562
vn -0.5317 0.0007 -0.8469
vn -0.4738 -0.0011 -0.8806
vn -0.5317 0.0007 -0.8469
vn -0.5166 0.0002 -0.8562
vn -0.5166 0.0002 -0.8562
vn -0.4534 -0.0002 -0.8913
vn -0.4738 -0.0011 -0.8806
vn -0.4255 -0.0006 -0.9049
vn -0.4738 -0.0011 -0.8806
vn -0.4534 -0.0002 -0.8913
vn -0.4534 -0.0002 -0.8913
vn -0.3480 -0.0004 -0.9375
vn -0.4255 -0.0006 -0.9049
vn -0.3245 -0.0003 -0.9459
vn -0.4255 -0.0006 -0.9049
vn -0.3480 -0.0004 -0.9375
vn -0.2673 0.0001 -0.9636
vn -0.3245 -0.0003 -0.9459
vn -0.3480 -0.0004 -0.9375
vn -0.3480 -0.0004 -0.9375
vn -0.2297 -0.0006 -0.9733
vn -0.2673 0.0001 -0.9636
vn -0.2021 0.0003 -0.9794
vn -0.2673 0.0001 -0.9636
vn -0.2297 -0.0006 -0.9733
vn -0.2297 -0.0006 -0.9733
vn -0.1381 -0.0006 -0.9904
vn -0.2021 0.0003 -0.9794
vn -0.2021 0.0003 -0.9794
vn -0.1381 -0.0006 -0.9904
vn -0.0369 -0.0013 -0.9993
vn 0.7276 0.4186 -0.5435
vn 0.3394 0.3214 -0.8840
vn 0.7276 0.4186 -0.5435
vn 0.2727 0.9616 0.0325
vn 0.2793 0.9270 -0.2501
vn 0.1124 0.6697 -0.7340
vn 0.2793 0.9270 -0.2501
vn -0.0690 0.9927 -0.0990
vn 0.1124 0.6697 -0.7340
vn 0.2283 0.2656 -0.9366
vn 0.1124 0.6697 -0.7340
vn 0.1674 0.8499 -0.4997
vn 0.9853 0.0611 0.1597
vn 0.9853 0.0611 0.1597
vn 0.9853 0.0611 0.1597
vn 0.6567 0.6987 0.2837
vn 0.6567 0.6987 0.2837
vn 0.6567 0.6987 0.2837
vn 0.9680 0.1717 -0.1832
vn 0.9680 0.1717 -0.1832
vn 0.5376 0.1815 -0.8234
vn 0.1645 -0.1972 -0.9665
vn -0.0031 -0.0011 -1.0000
vn 0.1036 0.1848 -0.9773
vn 0.1798 0.3256 -0.9282
vn 0.5376 0.1815 -0.8234
vn -0.0089 -0.1013 -0.9948
vn 0.1124 0.6697 -0.7340
vn 0.2283 0.2656 -0.9366
vn -0.0089 -0.1013 -0.9948
vn -0.2675 0.1563 -0.9508
vn -0.0089 -0.1013 -0.9948
vn 0.5376 0.1815 -0.8234
vn -0.2483 0.8643 -0.4373
vn -0.2483 0.8643 -0.4373
vn -0.2483 0.8643 -0.4373
vn -0.4697 -0.2949 -0.8321
vn -0.4697 -0.2949 -0.8321
vn -0.0089 -0.1013 -0.9948
vn 0.1645 -0.1972 -0.9665
vn 0.1036 0.1848 -0.9773
vn -0.2675 0.1563 -0.9508
vn -0.1865 -0.0642 -0.9804
vn -0.1865 -0.0642 -0.9804
vn 0.1036 0.1848 -0.9773
vn 0.1036 0.1848 -0.9773
vn 0.0000 0.0000 -1.0000
vn 0.0000 0.0000 -1.0000
vn 0.0034 0.0381 -0.9993
vn 0.0034 0.0381 -0.9993
vn 0.1036 0.1848 -0.9773
vn 0.1036 0.1848 -0.9773
vn 0.6025 0.2780 -0.7482
vn 0.3394 0.3214 -0.8840
vn 0.3394 0.3214 -0.8840
vn -0.0089 -0.1013 -0.9948
vn 0.1036 0.1848 -0.9773
vn 0.0336 -0.1823 -0.9827
vn 0.0336 -0.1823 -0.9827
vn 0.1036 0.1848 -0.9773
vn 0.5376 0.1815 -0.8234
vn 0.1645 -0.1972 -0.9665
vn -0.2675 0.1563 -0.9508
vn 0.1478 0.9281 -0.3417
vn 0.1478 0.9281 -0.3417
vn 0.1478 0.9281 -0.3417
vn 0.8196 0.3197 -0.4754
vn 0.8196 0.3197 -0.4754
vn 0.8196 0.3197 -0.4754
vn -0.8793 0.1475 0.4528
vn -0.7680 -0.1008 -0.6325
vn -0.7853 0.4646 -0.4092
vn 0.8903 -0.3851 -0.2430
vn 0.8903 -0.3851 -0.2430
vn 0.8903 -0.3851 -0.2430
vn 0.0418 -0.9851 -0.1671
vn 0.0418 -0.9851 -0.1671
vn 0.0824 -0.9888 -0.1245
vn 0.0005 -0.9973 -0.0728
vn 0.0824 -0.9888 -0.1245
vn 0.0005 -0.9973 -0.0728
vn 0.0824 -0.9888 -0.1245
vn 0.0468 -0.9954 -0.0839
vn 0.0468 -0.9954 -0.0839
vn 0.0824 -0.9888 -0.1245
vn 0.6252 -0.3767 -0.6836
vn 0.5065 -0.8578 -0.0871
vn 0.9934 -0.1088 -0.0356
vn 0.9934 -0.1088 -0.0356
vn 0.9841 -0.0832 -0.1567
vn 0.9841 -0.0832 -0.1567
vn 0.9875 -0.0021 -0.1574
vn 0.9875 -0.0021 -0.1574
vn 0.5047 -0.8554 0.1162
vn 0.5047 -0.8554 0.1162
vn 0.5047 -0.8554 0.1162
vn 0.0000 -0.0000 -1.0000
vn 0.0602 0.4826 -0.8737
vn 0.0022 -0.4517 -0.8921
vn -0.0838 -0.4573 -0.8853
vn 0.4593 0.2674 -0.8471
vn 0.3692 0.4263 -0.8258
vn 0.3692 0.4263 -0.8258
vn 0.0373 0.0741 -0.9966
vn -0.0838 -0.4573 -0.8853
vn 0.0022 -0.4517 -0.8921
vn -0.0838 -0.4573 -0.8853
vn 0.0373 0.0741 -0.9966
vn 0.0373 0.0741 -0.9966
vn 0.0000 -0.0000 -1.0000
vn 0.0022 -0.4517 -0.8921
vn 0.0022 -0.4517 -0.8921
vn 0.0000 0.0000 -1.0000
vn 0.0000 0.0000 -1.0000
vn 0.6252 -0.3767 -0.6836
vn 0.0022 -0.4517 -0.8921
vn 0.0602 0.4826 -0.8737
vn 0.0000 0.0000 -1.0000
vn 0.1873 -0.2616 -0.9468
vn 0.0000 0.0000 -1.0000
vn -0.3913 -0.5699 -0.7225
vn 0.1873 -0.2616 -0.9468
vn 0.0000 -0.0000 -1.0000
vn 0.0000 0.0000 -1.0000
vn 0.4593 0.2674 -0.8471
vn -0.3913 -0.5699 -0.7225
vn -0.6438 0.1913 -0.7409
vn -0.3913 -0.5699 -0.7225
vn 0.4593 0.2674 -0.8471
vn -0.0003 -0.1821 -0.9833
vn -0.0003 -0.1821 -0.9833
vn 0.0306 -0.7259 -0.6871
vn 0.3375 0.8994 -0.2777
vn 0.3375 0.8994 -0.2777
vn -0.0848 0.8748 -0.4770
vn 0.0000 0.0000 -1.0000
vn 0.0000 0.0000 -1.0000
vn 0.0000 0.0000 -1.0000
vn 0.1873 -0.2616 -0.9468
vn -0.3913 -0.5699 -0.7225
vn -0.1649 0.2442 -0.9556
vn -0.1649 0.2442 -0.9556
vn 0.0000 0.0000 -1.0000
vn 0.1873 -0.2616 -0.9468
vn -0.0838 -0.4573 -0.8853
vn -0.7122 -0.1340 -0.6891
vn -0.7122 -0.1340 -0.6891
vn -0.0838 -0.4573 -0.8853
vn 0.3185 0.2003 -0.9265
vn -0.6438 0.1913 -0.7409
vn 0.4593 0.2674 -0.8471
vn -0.0838 -0.4573 -0.8853
vn -0.6438 0.1913 -0.7409
vn 0.3495 0.3029 -0.8866
vn 0.1805 -0.0066 -0.9836
vn 0.6252 -0.3767 -0.6836
vn 0.6252 -0.3767 -0.6836
vn 0.0602 0.4826 -0.8737
vn 0.3495 0.3029 -0.8866
vn 0.3495 0.3029 -0.8866
vn 0.1600 -0.3727 -0.9140
vn 0.1805 -0.0066 -0.9836
vn 0.3185 0.2003 -0.9265
vn -0.7680 -0.1008 -0.6325
vn -0.1969 0.0437 -0.9794
vn 0.3185 0.2003 -0.9265
vn -0.8908 0.2396 -0.3862
vn -0.1649 0.2442 -0.9556
vn -0.7922 0.4936 -0.3588
vn -0.9710 -0.0602 -0.2314
vn -0.9710 -0.0602 -0.2314
vn 0.8881 -0.3670 -0.2767
vn 0.8881 -0.3670 -0.2767
vn 0.8881 -0.3670 -0.2767
vn 0.7950 0.0596 -0.6037
vn 0.7950 0.0596 -0.6037
vn 0.9841 -0.0832 -0.1567
vn 0.0542 -0.2037 -0.9775
vn 0.1145 -0.2254 -0.9675
vn -0.1160 0.4216 -0.8993
vn 0.4258 -0.9040 0.0391
vn 0.4258 -0.9040 0.0391
vn 0.4258 -0.9040 0.0391
vn -0.0848 0.8748 -0.4770
vn -0.0701 0.9646 0.2544
vn 0.1584 0.8058 -0.5706
vn -0.0701 0.9646 0.2544
vn 0.0060 0.9789 -0.2045
vn 0.1584 0.8058 -0.5706
vn -0.0488 -0.9988 0.0100
vn -0.0698 -0.9469 -0.3138
vn -0.0062 -0.9937 -0.1115
vn -0.0239 -0.8805 0.4735
vn -0.0235 -0.9025 0.4300
vn -0.0655 -0.9807 0.1840
vn -0.0235 -0.9025 0.4300
vn -0.0175 -0.9465 0.3223
vn -0.0655 -0.9807 0.1840
vn -0.0201 -0.9849 0.1722
vn -0.0655 -0.9807 0.1840
vn -0.0175 -0.9465 0.3223
vn 0.0037 -0.9943 0.1062
vn 0.0101 -0.9938 0.1105
vn -0.0268 -0.9939 0.1074
vn -0.0289 -0.9945 0.1005
vn -0.0488 -0.9988 0.0100
vn -0.0655 -0.9807 0.1840
vn -0.0268 -0.9939 0.1074
vn -0.0289 -0.9945 0.1005
vn 0.0037 -0.9943 0.1062
vn -0.0289 -0.9945 0.1005
vn -0.0655 -0.9807 0.1840
vn -0.0201 -0.9849 0.1722
vn -0.0201 -0.9849 0.1722
vn 0.0037 -0.9943 0.1062
vn -0.0289 -0.9945 0.1005
vn -0.0201 -0.9849 0.1722
vn 0.0043 -0.9944 0.1055
vn 0.0037 -0.9943 0.1062
vn 0.0021 -0.8972 0.4416
vn -0.0235 -0.9025 0.4300
vn -0.0239 -0.8805 0.4735
vn -0.0239 -0.8805 0.4735
vn 0.0003 -0.9344 0.3562
vn 0.0021 -0.8972 0.4416
vn -0.0239 -0.8805 0.4735
vn -0.0655 -0.9807 0.1840
vn 0.0003 -0.9344 0.3562
vn -0.0235 -0.9025 0.4300
vn 0.0021 -0.8972 0.4416
vn -0.0083 -0.9516 0.3072
vn -0.0083 -0.9516 0.3072
vn -0.0175 -0.9465 0.3223
vn -0.0235 -0.9025 0.4300
vn -0.0201 -0.9849 0.1722
vn -0.0175 -0.9465 0.3223
vn -0.0083 -0.9516 0.3072
vn -0.0083 -0.9516 0.3072
vn 0.0043 -0.9944 0.1055
vn -0.0201 -0.9849 0.1722
vn 0.0003 -0.9344 0.3562
vn 0.0621 -0.9811 0.1832
vn 0.0227 -0.8941 0.4472
vn 0.0227 -0.8941 0.4472
vn 0.0021 -0.8972 0.4416
vn 0.0003 -0.9344 0.3562
vn 0.0021 -0.8972 0.4416
vn 0.0227 -0.8941 0.4472
vn 0.0179 -0.9700 0.2425
vn 0.0179 -0.9700 0.2425
vn -0.0083 -0.9516 0.3072
vn 0.0021 -0.8972 0.4416
vn 0.0179 -0.9700 0.2425
vn 0.0043 -0.9944 0.1055
vn -0.0083 -0.9516 0.3072
vn 0.0043 -0.9944 0.1055
vn 0.0179 -0.9700 0.2425
vn 0.0302 -0.9934 0.1104
vn 0.0621 -0.9811 0.1832
vn 0.0179 -0.9700 0.2425
vn 0.0227 -0.8941 0.4472
vn 0.0302 -0.9934 0.1104
vn 0.0179 -0.9700 0.2425
vn 0.0621 -0.9811 0.1832
vn 0.0621 -0.9811 0.1832
vn 0.0003 -0.9344 0.3562
vn -0.0267 -0.9084 -0.4172
vn -0.0267 -0.9084 -0.4172
vn 0.0919 -0.9951 0.0377
vn 0.0621 -0.9811 0.1832
vn -0.0267 -0.9084 -0.4172
vn 0.0003 -0.9344 0.3562
vn -0.0655 -0.9807 0.1840
vn -0.0488 -0.9988 0.0100
vn -0.0267 -0.9084 -0.4172
vn -0.0655 -0.9807 0.1840
vn 0.0037 -0.9943 0.1062
vn 0.0043 -0.9944 0.1055
vn 0.0302 -0.9934 0.1104
vn 0.0302 -0.9934 0.1104
vn 0.0272 -0.9940 0.1061
vn 0.0037 -0.9943 0.1062
vn 0.0272 -0.9940 0.1061
vn 0.0101 -0.9938 0.1105
vn 0.0037 -0.9943 0.1062
vn 0.0621 -0.9811 0.1832
vn 0.0919 -0.9951 0.0377
vn 0.1267 -0.9917 0.0219
vn 0.0272 -0.9940 0.1061
vn 0.0261 -0.9939 0.1072
vn 0.0271 -0.9938 0.1075
vn 0.0272 -0.9940 0.1061
vn 0.0271 -0.9938 0.1075
vn 0.0285 -0.9937 0.1083
vn 0.0272 -0.9940 0.1061
vn 0.0238 -0.9940 0.1068
vn 0.0675 -0.9900 0.1238
vn 0.0101 -0.9938 0.1105
vn 0.0272 -0.9940 0.1061
vn 0.0675 -0.9900 0.1238
vn 0.0238 -0.9940 0.1068
vn 0.0272 -0.9940 0.1061
vn 0.0285 -0.9937 0.1083
vn 0.0238 -0.9940 0.1068
vn 0.0285 -0.9937 0.1083
vn 0.1071 -0.9885 0.1066
vn 0.1071 -0.9885 0.1066
vn 0.0397 -0.9937 0.1049
vn 0.0238 -0.9940 0.1068
vn 0.0675 -0.9900 0.1238
vn 0.0238 -0.9940 0.1068
vn 0.0316 -0.9933 0.1107
vn 0.0238 -0.9940 0.1068
vn 0.0260 -0.9939 0.1073
vn 0.0316 -0.9933 0.1107
vn 0.0260 -0.9939 0.1073
vn 0.0238 -0.9940 0.1068
vn 0.0397 -0.9937 0.1049
vn 0.0272 -0.9940 0.1061
vn 0.0302 -0.9934 0.1104
vn 0.1267 -0.9917 0.0219
vn 0.1267 -0.9917 0.0219
vn 0.0515 -0.9971 0.0566
vn 0.0272 -0.9940 0.1061
vn 0.0515 -0.9971 0.0566
vn 0.0261 -0.9939 0.1072
vn 0.0272 -0.9940 0.1061
vn 0.0302 -0.9934 0.1104
vn 0.0621 -0.9811 0.1832
vn 0.1267 -0.9917 0.0219
vn 1.0000 -0.0014 0.0001
vn 0.9925 -0.1220 0.0128
vn 1.0000 -0.0045 -0.0010
vn 0.9925 -0.1220 0.0128
vn 0.9929 -0.1179 0.0143
vn 1.0000 -0.0045 -0.0010
vn 0.9929 -0.1179 0.0143
vn 0.9925 -0.1220 0.0128
vn 0.9531 -0.3006 0.0339
vn 0.9531 -0.3006 0.0339
vn 0.8858 -0.0875 0.4557
vn 0.9929 -0.1179 0.0143
vn 0.9531 -0.3006 0.0339
vn 0.9030 -0.4289 0.0252
vn 0.8858 -0.0875 0.4557
vn 0.9030 -0.4289 0.0252
vn 0.9531 -0.3006 0.0339
vn 0.8969 -0.4397 0.0481
vn 0.8969 -0.4397 0.0481
vn 0.8567 -0.5142 0.0404
vn 0.9030 -0.4289 0.0252
vn 0.8567 -0.5142 0.0404
vn 0.8969 -0.4397 0.0481
vn 0.8111 -0.5816 0.0622
vn 0.8111 -0.5816 0.0622
vn 0.7742 -0.6300 0.0611
vn 0.8567 -0.5142 0.0404
vn 0.7742 -0.6300 0.0611
vn 0.8111 -0.5816 0.0622
vn 0.7098 -0.7003 0.0761
vn 0.7098 -0.7003 0.0761
vn 0.6554 -0.7510 0.0802
vn 0.7742 -0.6300 0.0611
vn 0.6554 -0.7510 0.0802
vn 0.7098 -0.7003 0.0761
vn 0.5517 -0.8291 0.0905
vn 0.5517 -0.8291 0.0905
vn 0.5899 -0.8025 0.0896
vn 0.6554 -0.7510 0.0802
vn 0.5899 -0.8025 0.0896
vn 0.5517 -0.8291 0.0905
vn 0.4221 -0.9011 0.0991
vn 0.4221 -0.9011 0.0991
vn 0.1267 -0.9917 0.0219
vn 0.5899 -0.8025 0.0896
vn 0.4221 -0.9011 0.0991
vn 0.2599 -0.9599 0.1053
vn 0.1267 -0.9917 0.0219
vn 0.2599 -0.9599 0.1053
vn 0.4221 -0.9011 0.0991
vn 0.2473 -0.9635 0.1028
vn 0.2473 -0.9635 0.1028
vn 0.1780 -0.9784 0.1049
vn 0.2599 -0.9599 0.1053
vn 0.1177 -0.9874 0.1062
vn 0.0285 -0.9937 0.1083
vn 0.0271 -0.9938 0.1075
vn 0.1780 -0.9784 0.1049
vn 0.2473 -0.9635 0.1028
vn 0.1177 -0.9874 0.1062
vn 0.1177 -0.9874 0.1062
vn 0.0515 -0.9971 0.0566
vn 0.1780 -0.9784 0.1049
vn 0.0271 -0.9938 0.1075
vn 0.0515 -0.9971 0.0566
vn 0.1177 -0.9874 0.1062
vn 0.0515 -0.9971 0.0566
vn 0.0271 -0.9938 0.1075
vn 0.0261 -0.9939 0.1072
vn 0.1071 -0.9885 0.1066
vn 0.3911 -0.9006 0.1898
vn 0.0397 -0.9937 0.1049
vn 0.3911 -0.9006 0.1898
vn 0.1071 -0.9885 0.1066
vn 0.5876 -0.8049 0.0826
vn 0.3911 -0.9006 0.1898
vn 0.5876 -0.8049 0.0826
vn 0.8452 -0.5305 0.0640
vn 0.3911 -0.9006 0.1898
vn 0.8452 -0.5305 0.0640
vn 0.9918 -0.1257 0.0246
vn 0.0285 -0.9937 0.1083
vn 0.1177 -0.9874 0.1062
vn 0.1071 -0.9885 0.1066
vn 0.1071 -0.9885 0.1066
vn 0.1177 -0.9874 0.1062
vn 0.2473 -0.9635 0.1028
vn 0.1071 -0.9885 0.1066
vn 0.2473 -0.9635 0.1028
vn 0.4221 -0.9011 0.0991
vn 0.1071 -0.9885 0.1066
vn 0.4221 -0.9011 0.0991
vn 0.5517 -0.8291 0.0905
vn 0.5517 -0.8291 0.0905
vn 0.5876 -0.8049 0.0826
vn 0.1071 -0.9885 0.1066
vn 0.5876 -0.8049 0.0826
vn 0.5517 -0.8291 0.0905
vn 0.7098 -0.7003 0.0761
vn 0.7098 -0.7003 0.0761
vn 0.8452 -0.5305 0.0640
vn 0.5876 -0.8049 0.0826
vn 0.8452 -0.5305 0.0640
vn 0.7098 -0.7003 0.0761
vn 0.8111 -0.5816 0.0622
vn 0.8452 -0.5305 0.0640
vn 0.8111 -0.5816 0.0622
vn 0.8969 -0.4397 0.0481
vn 0.8452 -0.5305 0.0640
vn 0.8969 -0.4397 0.0481
vn 0.9531 -0.3006 0.0339
vn 0.9531 -0.3006 0.0339
vn 0.9918 -0.1257 0.0246
vn 0.8452 -0.5305 0.0640
vn 0.9918 -0.1257 0.0246
vn 0.9531 -0.3006 0.0339
vn 0.9925 -0.1220 0.0128
vn 0.9925 -0.1220 0.0128
vn 1.0000 0.0038 0.0027
vn 0.9918 -0.1257 0.0246
vn 1.0000 0.0038 0.0027
vn 0.9925 -0.1220 0.0128
vn 1.0000 -0.0014 0.0001
vn 0.0755 -0.9897 0.1213
vn 0.3911 -0.9006 0.1898
vn 0.1331 -0.9793 0.1523
vn 0.3911 -0.9006 0.1898
vn 0.9918 -0.1257 0.0246
vn 0.8658 -0.4869 0.1151
vn 0.0397 -0.9937 0.1049
vn 0.3911 -0.9006 0.1898
vn 0.0755 -0.9897 0.1213
vn 0.9901 -0.0687 0.1225
vn 0.9929 -0.0863 0.0824
vn 0.9869 -0.0923 0.1326
vn 0.3354 -0.9223 0.1920
vn 0.3780 -0.9019 0.2091
vn 0.3772 -0.9028 0.2068
vn 0.1420 -0.9848 0.1002
vn 0.2189 -0.9480 0.2310
vn 0.0675 -0.9900 0.1238
vn 0.9609 -0.2249 0.1618
vn 0.9591 -0.2311 0.1632
vn 0.9687 -0.1824 0.1683
vn 0.9957 -0.0026 0.0930
vn 0.9954 -0.0080 0.0955
vn 0.9948 -0.0177 0.1003
vn 0.9948 -0.0177 0.1003
vn 0.9941 -0.0345 0.1026
vn 0.9957 -0.0026 0.0930
vn 0.9941 -0.0345 0.1026
vn 0.9948 -0.0177 0.1003
vn 0.9931 -0.0399 0.1100
vn 0.9931 -0.0399 0.1100
vn 0.9920 -0.0551 0.1139
vn 0.9941 -0.0345 0.1026
vn 0.9920 -0.0551 0.1139
vn 0.9931 -0.0399 0.1100
vn 0.9903 -0.0663 0.1218
vn 0.9903 -0.0663 0.1218
vn 0.9897 -0.0759 0.1213
vn 0.9920 -0.0551 0.1139
vn 0.9869 -0.0936 0.1318
vn 0.9897 -0.0759 0.1213
vn 0.9903 -0.0663 0.1218
vn 0.9750 -0.1561 0.1584
vn 0.9714 -0.1715 0.1642
vn 0.9591 -0.2311 0.1632
vn 0.9564 -0.2391 0.1677
vn 0.9609 -0.2249 0.1618
vn 0.9687 -0.1824 0.1683
vn 0.9687 -0.1824 0.1683
vn 0.9650 -0.1965 0.1735
vn 0.9564 -0.2391 0.1677
vn 0.9564 -0.2391 0.1677
vn 0.9650 -0.1965 0.1735
vn 0.9617 -0.2087 0.1778
vn 0.9585 -0.2200 0.1812
vn 0.9564 -0.2391 0.1677
vn 0.9617 -0.2087 0.1778
vn 0.9617 -0.2087 0.1778
vn 0.9578 -0.2221 0.1826
vn 0.9585 -0.2200 0.1812
vn 0.9585 -0.2200 0.1812
vn 0.9578 -0.2221 0.1826
vn 0.9538 -0.2350 0.1870
vn 0.9538 -0.2350 0.1870
vn 0.9509 -0.2443 0.1900
vn 0.9585 -0.2200 0.1812
vn 0.9538 -0.2350 0.1870
vn 0.9482 -0.2525 0.1929
vn 0.9509 -0.2443 0.1900
vn 0.9509 -0.2443 0.1900
vn 0.9482 -0.2525 0.1929
vn 0.9459 -0.2592 0.1951
vn 0.9277 -0.3214 0.1900
vn 0.9509 -0.2443 0.1900
vn 0.9459 -0.2592 0.1951
vn 0.9353 -0.2887 0.2044
vn 0.9297 -0.3034 0.2089
vn 0.9332 -0.2948 0.2053
vn 0.9297 -0.3034 0.2089
vn 0.9252 -0.3147 0.2123
vn 0.9235 -0.3187 0.2133
vn 0.9235 -0.3187 0.2133
vn 0.9332 -0.2948 0.2053
vn 0.9297 -0.3034 0.2089
vn 0.8847 -0.4166 0.2091
vn 0.9133 -0.3426 0.2202
vn 0.9070 -0.3567 0.2239
vn 0.9133 -0.3426 0.2202
vn 0.8847 -0.4166 0.2091
vn 0.9235 -0.3187 0.2133
vn 0.9235 -0.3187 0.2133
vn 0.9192 -0.3293 0.2160
vn 0.9133 -0.3426 0.2202
vn 0.9235 -0.3187 0.2133
vn 0.9252 -0.3147 0.2123
vn 0.9192 -0.3293 0.2160
vn 0.8997 -0.3732 0.2266
vn 0.8847 -0.4166 0.2091
vn 0.9070 -0.3567 0.2239
vn 0.8888 -0.3944 0.2334
vn 0.8862 -0.3997 0.2341
vn 0.8997 -0.3732 0.2266
vn 0.8888 -0.3944 0.2334
vn 0.8800 -0.4115 0.2373
vn 0.8862 -0.3997 0.2341
vn 0.8862 -0.3997 0.2341
vn 0.8800 -0.4115 0.2373
vn 0.8766 -0.4179 0.2387
vn 0.8766 -0.4179 0.2387
vn 0.8303 -0.5099 0.2250
vn 0.8862 -0.3997 0.2341
vn 0.8303 -0.5099 0.2250
vn 0.8766 -0.4179 0.2387
vn 0.8670 -0.4353 0.2424
vn 0.8303 -0.5099 0.2250
vn 0.8670 -0.4353 0.2424
vn 0.8603 -0.4474 0.2446
vn 0.8603 -0.4474 0.2446
vn 0.8009 -0.5536 0.2282
vn 0.8303 -0.5099 0.2250
vn 0.8009 -0.5536 0.2282
vn 0.8531 -0.4595 0.2472
vn 0.8463 -0.4708 0.2493
vn 0.8009 -0.5536 0.2282
vn 0.8463 -0.4708 0.2493
vn 0.8380 -0.4842 0.2516
vn 0.8380 -0.4842 0.2516
vn 0.8287 -0.4987 0.2539
vn 0.8009 -0.5536 0.2282
vn 0.8287 -0.4987 0.2539
vn 0.8036 -0.5365 0.2575
vn 0.8009 -0.5536 0.2282
vn 0.8036 -0.5365 0.2575
vn 0.6329 -0.7509 0.1888
vn 0.8009 -0.5536 0.2282
vn 0.8159 -0.5188 0.2551
vn 0.8202 -0.5444 0.1760
vn 0.7683 -0.5840 0.2621
vn 0.7683 -0.5840 0.2621
vn 0.7904 -0.5551 0.2592
vn 0.8159 -0.5188 0.2551
vn 0.7904 -0.5551 0.2592
vn 0.6329 -0.7509 0.1888
vn 0.8159 -0.5188 0.2551
vn 0.7683 -0.5840 0.2621
vn 0.7857 -0.5611 0.2603
vn 0.7904 -0.5551 0.2592
vn 0.7857 -0.5611 0.2603
vn 0.7622 -0.5909 0.2644
vn 0.7593 -0.5993 0.2536
vn 0.7593 -0.5993 0.2536
vn 0.7904 -0.5551 0.2592
vn 0.7857 -0.5611 0.2603
vn 0.7622 -0.5909 0.2644
vn 0.7079 -0.6782 0.1972
vn 0.7507 -0.6061 0.2630
vn 0.7507 -0.6061 0.2630
vn 0.7593 -0.5993 0.2536
vn 0.7622 -0.5909 0.2644
vn 0.6255 -0.7636 0.1601
vn 0.6591 -0.7171 0.2266
vn 0.7079 -0.6782 0.1972
vn 0.6436 -0.7333 0.2191
vn 0.6255 -0.7636 0.1601
vn 0.7079 -0.6782 0.1972
vn 0.7079 -0.6782 0.1972
vn 0.5982 -0.7815 0.1771
vn 0.6436 -0.7333 0.2191
vn 0.6658 -0.7271 0.1677
vn 0.6436 -0.7333 0.2191
vn 0.5982 -0.7815 0.1771
vn 0.5741 -0.7839 0.2366
vn 0.6658 -0.7271 0.1677
vn 0.5982 -0.7815 0.1771
vn 0.5249 -0.8160 0.2422
vn 0.5220 -0.8182 0.2410
vn 0.5741 -0.7839 0.2366
vn 0.5982 -0.7815 0.1771
vn 0.5249 -0.8160 0.2422
vn 0.5741 -0.7839 0.2366
vn 0.5249 -0.8160 0.2422
vn 0.4983 -0.8333 0.2394
vn 0.5220 -0.8182 0.2410
vn 0.5257 -0.8211 0.2222
vn 0.4983 -0.8333 0.2394
vn 0.4364 -0.8800 0.1873
vn 0.5257 -0.8211 0.2222
vn 0.5220 -0.8182 0.2410
vn 0.4983 -0.8333 0.2394
vn 0.4028 -0.8897 0.2149
vn 0.6004 -0.7770 0.1892
vn 0.4150 -0.8838 0.2161
vn 0.6004 -0.7770 0.1892
vn 0.4028 -0.8897 0.2149
vn 0.3739 -0.9044 0.2055
vn 0.3739 -0.9044 0.2055
vn 0.3447 -0.9173 0.1993
vn 0.6004 -0.7770 0.1892
vn 0.3447 -0.9173 0.1993
vn 0.3533 -0.9126 0.2058
vn 0.6004 -0.7770 0.1892
vn 0.3533 -0.9126 0.2058
vn 0.8658 -0.4869 0.1151
vn 0.6004 -0.7770 0.1892
vn 0.1706 -0.9705 0.1702
vn 0.1143 -0.9825 0.1472
vn 0.1331 -0.9793 0.1523
vn 0.1331 -0.9793 0.1523
vn 0.3911 -0.9006 0.1898
vn 0.1706 -0.9705 0.1702
vn 0.0260 -0.9939 0.1073
vn 0.0397 -0.9937 0.1049
vn 0.0755 -0.9897 0.1213
vn 0.0260 -0.9939 0.1073
vn 0.0755 -0.9897 0.1213
vn 0.0624 -0.9903 0.1245
vn 0.0624 -0.9903 0.1245
vn 0.0316 -0.9933 0.1107
vn 0.0260 -0.9939 0.1073
vn 0.0316 -0.9933 0.1107
vn 0.0624 -0.9903 0.1245
vn 0.2057 -0.9611 0.1842
vn 0.3789 -0.8714 0.3116
vn 0.0101 -0.9938 0.1105
vn 0.0675 -0.9900 0.1238
vn 0.2189 -0.9480 0.2310
vn -0.0889 -0.9923 0.0864
vn 0.0675 -0.9900 0.1238
vn 0.2431 -0.9555 0.1670
vn 0.2189 -0.9480 0.2310
vn 0.1420 -0.9848 0.1002
vn 0.2431 -0.9555 0.1670
vn 0.3921 -0.8975 0.2019
vn 0.2189 -0.9480 0.2310
vn 0.3415 -0.9194 0.1952
vn 0.4380 -0.8724 0.2171
vn 0.3459 -0.9169 0.1992
vn 0.3921 -0.8975 0.2019
vn 0.3459 -0.9169 0.1992
vn 0.4380 -0.8724 0.2171
vn 0.4380 -0.8724 0.2171
vn 0.2189 -0.9480 0.2310
vn 0.3921 -0.8975 0.2019
vn 0.3643 -0.9085 0.2049
vn 0.3780 -0.9019 0.2091
vn 0.3354 -0.9223 0.1920
vn 0.3354 -0.9223 0.1920
vn 0.3415 -0.9194 0.1952
vn 0.3643 -0.9085 0.2049
vn 0.3992 -0.8917 0.2133
vn 0.3815 -0.9071 0.1782
vn 0.3772 -0.9028 0.2068
vn 0.3772 -0.9028 0.2068
vn 0.3815 -0.9071 0.1782
vn 0.3354 -0.9223 0.1920
vn 0.3900 -0.8971 0.2077
vn 0.3994 -0.8914 0.2141
vn 0.4118 -0.8850 0.2173
vn 0.3994 -0.8914 0.2141
vn 0.3900 -0.8971 0.2077
vn 0.3992 -0.8917 0.2133
vn 0.3992 -0.8917 0.2133
vn 0.3948 -0.8937 0.2132
vn 0.3994 -0.8914 0.2141
vn 0.3772 -0.9028 0.2068
vn 0.3948 -0.8937 0.2132
vn 0.3992 -0.8917 0.2133
vn 0.4118 -0.8850 0.2173
vn 0.3954 -0.8940 0.2107
vn 0.3900 -0.8971 0.2077
vn 0.4118 -0.8850 0.2173
vn 0.4233 -0.8794 0.2179
vn 0.3954 -0.8940 0.2107
vn 0.4233 -0.8794 0.2179
vn 0.4364 -0.8800 0.1873
vn 0.3954 -0.8940 0.2107
vn 0.4233 -0.8794 0.2179
vn 0.5257 -0.8211 0.2222
vn 0.4364 -0.8800 0.1873
vn 0.8159 -0.5188 0.2551
vn 0.8295 -0.4982 0.2526
vn 0.8202 -0.5444 0.1760
vn 0.8295 -0.4982 0.2526
vn 0.8159 -0.5188 0.2551
vn 0.6329 -0.7509 0.1888
vn 0.8295 -0.4982 0.2526
vn 0.6329 -0.7509 0.1888
vn 0.8036 -0.5365 0.2575
vn 0.8036 -0.5365 0.2575
vn 0.8205 -0.5119 0.2543
vn 0.8295 -0.4982 0.2526
vn 0.8036 -0.5365 0.2575
vn 0.8287 -0.4987 0.2539
vn 0.8205 -0.5119 0.2543
vn 0.8287 -0.4987 0.2539
vn 0.8296 -0.4977 0.2530
vn 0.8205 -0.5119 0.2543
vn 0.8296 -0.4977 0.2530
vn 0.8287 -0.4987 0.2539
vn 0.8380 -0.4842 0.2516
vn 0.8380 -0.4842 0.2516
vn 0.8364 -0.4865 0.2523
vn 0.8296 -0.4977 0.2530
vn 0.8411 -0.4784 0.2525
vn 0.8364 -0.4865 0.2523
vn 0.8380 -0.4842 0.2516
vn 0.8380 -0.4842 0.2516
vn 0.8463 -0.4708 0.2493
vn 0.8411 -0.4784 0.2525
vn 0.8463 -0.4708 0.2493
vn 0.8487 -0.4668 0.2486
vn 0.8411 -0.4784 0.2525
vn 0.8487 -0.4668 0.2486
vn 0.8463 -0.4708 0.2493
vn 0.8531 -0.4595 0.2472
vn 0.8009 -0.5536 0.2282
vn 0.8603 -0.4474 0.2446
vn 0.8531 -0.4595 0.2472
vn 0.8531 -0.4595 0.2472
vn 0.8603 -0.4474 0.2446
vn 0.8521 -0.4663 0.2379
vn 0.8521 -0.4663 0.2379
vn 0.8487 -0.4668 0.2486
vn 0.8531 -0.4595 0.2472
vn 0.8912 -0.3920 0.2283
vn 0.8871 -0.4010 0.2285
vn 0.8888 -0.3944 0.2334
vn 0.8888 -0.3944 0.2334
vn 0.8871 -0.4010 0.2285
vn 0.8810 -0.4122 0.2324
vn 0.8810 -0.4122 0.2324
vn 0.8800 -0.4115 0.2373
vn 0.8888 -0.3944 0.2334
vn 0.8800 -0.4115 0.2373
vn 0.8810 -0.4122 0.2324
vn 0.8728 -0.4277 0.2353
vn 0.8728 -0.4277 0.2353
vn 0.8766 -0.4179 0.2387
vn 0.8800 -0.4115 0.2373
vn 0.8728 -0.4277 0.2353
vn 0.8670 -0.4353 0.2424
vn 0.8766 -0.4179 0.2387
vn 0.8670 -0.4353 0.2424
vn 0.8728 -0.4277 0.2353
vn 0.8629 -0.4426 0.2441
vn 0.8603 -0.4474 0.2446
vn 0.8670 -0.4353 0.2424
vn 0.8629 -0.4426 0.2441
vn 0.8603 -0.4474 0.2446
vn 0.8629 -0.4426 0.2441
vn 0.8521 -0.4663 0.2379
vn 0.9045 -0.3656 0.2194
vn 0.8975 -0.3790 0.2257
vn 0.9010 -0.3696 0.2273
vn 0.8975 -0.3790 0.2257
vn 0.8951 -0.3818 0.2303
vn 0.9010 -0.3696 0.2273
vn 0.8951 -0.3818 0.2303
vn 0.8975 -0.3790 0.2257
vn 0.8912 -0.3920 0.2283
vn 0.8888 -0.3944 0.2334
vn 0.8951 -0.3818 0.2303
vn 0.8912 -0.3920 0.2283
vn 0.8997 -0.3732 0.2266
vn 0.8951 -0.3818 0.2303
vn 0.8888 -0.3944 0.2334
vn 0.8997 -0.3732 0.2266
vn 0.9010 -0.3696 0.2273
vn 0.8951 -0.3818 0.2303
vn 0.9070 -0.3567 0.2239
vn 0.9010 -0.3696 0.2273
vn 0.8997 -0.3732 0.2266
vn 0.9010 -0.3696 0.2273
vn 0.9070 -0.3567 0.2239
vn 0.9045 -0.3656 0.2194
vn 0.9039 -0.3639 0.2251
vn 0.9133 -0.3426 0.2202
vn 0.9192 -0.3293 0.2160
vn 0.9133 -0.3426 0.2202
vn 0.9039 -0.3639 0.2251
vn 0.9082 -0.3545 0.2227
vn 0.9082 -0.3545 0.2227
vn 0.9070 -0.3567 0.2239
vn 0.9133 -0.3426 0.2202
vn 0.9082 -0.3545 0.2227
vn 0.9045 -0.3656 0.2194
vn 0.9070 -0.3567 0.2239
vn 0.9297 -0.3034 0.2089
vn 0.9353 -0.2887 0.2044
vn 0.9307 -0.3009 0.2080
vn 0.9307 -0.3009 0.2080
vn 0.9272 -0.3098 0.2104
vn 0.9297 -0.3034 0.2089
vn 0.9272 -0.3098 0.2104
vn 0.9252 -0.3147 0.2123
vn 0.9297 -0.3034 0.2089
vn 0.9252 -0.3147 0.2123
vn 0.9272 -0.3098 0.2104
vn 0.9304 -0.3018 0.2082
vn 0.9192 -0.3293 0.2160
vn 0.9252 -0.3147 0.2123
vn 0.9304 -0.3018 0.2082
vn 0.9304 -0.3018 0.2082
vn 0.9192 -0.3288 0.2166
vn 0.9192 -0.3293 0.2160
vn 0.9192 -0.3293 0.2160
vn 0.9192 -0.3288 0.2166
vn 0.9039 -0.3639 0.2251
vn 0.9353 -0.2887 0.2044
vn 0.9399 -0.2765 0.2002
vn 0.9300 -0.3030 0.2079
vn 0.9353 -0.2887 0.2044
vn 0.9300 -0.3030 0.2079
vn 0.9307 -0.3009 0.2080
vn 0.9514 -0.2430 0.1892
vn 0.9449 -0.3230 0.0530
vn 0.9399 -0.2765 0.2002
vn 0.9399 -0.2765 0.2002
vn 0.9449 -0.3230 0.0530
vn 0.9300 -0.3030 0.2079
vn 0.9332 -0.2948 0.2053
vn 0.9277 -0.3214 0.1900
vn 0.9353 -0.2887 0.2044
vn 0.9277 -0.3214 0.1900
vn 0.9399 -0.2765 0.2002
vn 0.9353 -0.2887 0.2044
vn 0.9459 -0.2592 0.1951
vn 0.9399 -0.2765 0.2002
vn 0.9277 -0.3214 0.1900
vn 0.9399 -0.2765 0.2002
vn 0.9459 -0.2592 0.1951
vn 0.9514 -0.2430 0.1892
vn 0.9514 -0.2430 0.1892
vn 0.9459 -0.2592 0.1951
vn 0.9482 -0.2525 0.1929
vn 0.9482 -0.2525 0.1929
vn 0.9487 -0.2518 0.1912
vn 0.9514 -0.2430 0.1892
vn 0.9487 -0.2518 0.1912
vn 0.9482 -0.2525 0.1929
vn 0.9538 -0.2350 0.1870
vn 0.9538 -0.2350 0.1870
vn 0.9532 -0.2375 0.1870
vn 0.9487 -0.2518 0.1912
vn 0.9552 -0.2312 0.1851
vn 0.9532 -0.2375 0.1870
vn 0.9538 -0.2350 0.1870
vn 0.9538 -0.2350 0.1870
vn 0.9578 -0.2221 0.1826
vn 0.9552 -0.2312 0.1851
vn 0.9578 -0.2221 0.1826
vn 0.9598 -0.2157 0.1798
vn 0.9552 -0.2312 0.1851
vn 0.9598 -0.2157 0.1798
vn 0.9578 -0.2221 0.1826
vn 0.9617 -0.2087 0.1778
vn 0.9626 -0.2058 0.1764
vn 0.9598 -0.2157 0.1798
vn 0.9617 -0.2087 0.1778
vn 0.9617 -0.2087 0.1778
vn 0.9650 -0.1965 0.1735
vn 0.9626 -0.2058 0.1764
vn 0.9650 -0.1965 0.1735
vn 0.9659 -0.1932 0.1721
vn 0.9626 -0.2058 0.1764
vn 0.9659 -0.1932 0.1721
vn 0.9650 -0.1965 0.1735
vn 0.9687 -0.1824 0.1683
vn 0.9591 -0.2311 0.1632
vn 0.9714 -0.1715 0.1642
vn 0.9687 -0.1824 0.1683
vn 0.9687 -0.1824 0.1683
vn 0.9714 -0.1715 0.1642
vn 0.9689 -0.1815 0.1683
vn 0.9689 -0.1815 0.1683
vn 0.9659 -0.1932 0.1721
vn 0.9687 -0.1824 0.1683
vn 0.9750 -0.1561 0.1584
vn 0.9760 -0.1504 0.1573
vn 0.9829 -0.1607 0.0896
vn 0.9829 -0.1607 0.0896
vn 0.9714 -0.1715 0.1642
vn 0.9750 -0.1561 0.1584
vn 0.9829 -0.1607 0.0896
vn 0.9689 -0.1815 0.1683
vn 0.9714 -0.1715 0.1642
vn 0.9750 -0.1561 0.1584
vn 0.9793 -0.1354 0.1503
vn 0.9760 -0.1504 0.1573
vn 0.9799 -0.1322 0.1492
vn 0.9760 -0.1504 0.1573
vn 0.9793 -0.1354 0.1503
vn 0.9793 -0.1354 0.1503
vn 0.9830 -0.1158 0.1424
vn 0.9799 -0.1322 0.1492
vn 0.9826 -0.1184 0.1431
vn 0.9799 -0.1322 0.1492
vn 0.9830 -0.1158 0.1424
vn 0.9929 -0.0863 0.0824
vn 0.9825 -0.1187 0.1432
vn 0.9869 -0.0923 0.1326
vn 0.9830 -0.1158 0.1424
vn 0.9869 -0.0923 0.1326
vn 0.9825 -0.1187 0.1432
vn 0.9825 -0.1187 0.1432
vn 0.9826 -0.1184 0.1431
vn 0.9830 -0.1158 0.1424
vn 0.9901 -0.0682 0.1223
vn 0.9901 -0.0687 0.1225
vn 0.9903 -0.0663 0.1218
vn 0.9869 -0.0923 0.1326
vn 0.9903 -0.0663 0.1218
vn 0.9901 -0.0687 0.1225
vn 0.9903 -0.0663 0.1218
vn 0.9869 -0.0923 0.1326
vn 0.9869 -0.0936 0.1318
vn 0.9869 -0.0936 0.1318
vn 0.9869 -0.0923 0.1326
vn 0.9830 -0.1158 0.1424
vn 0.9830 -0.1158 0.1424
vn 0.9818 -0.1243 0.1437
vn 0.9869 -0.0936 0.1318
vn 0.9818 -0.1243 0.1437
vn 0.9830 -0.1158 0.1424
vn 0.9793 -0.1354 0.1503
vn 0.9793 -0.1354 0.1503
vn 0.9777 -0.1456 0.1512
vn 0.9818 -0.1243 0.1437
vn 0.9777 -0.1456 0.1512
vn 0.9793 -0.1354 0.1503
vn 0.9750 -0.1561 0.1584
vn 0.9591 -0.2311 0.1632
vn 0.9777 -0.1456 0.1512
vn 0.9750 -0.1561 0.1584
vn 0.9904 -0.0666 0.1213
vn 0.9901 -0.0682 0.1223
vn 0.9903 -0.0663 0.1218
vn 0.9903 -0.0663 0.1218
vn 0.9931 -0.0399 0.1100
vn 0.9904 -0.0666 0.1213
vn 0.9930 -0.0329 0.1134
vn 0.9904 -0.0666 0.1213
vn 0.9931 -0.0399 0.1100
vn 0.9954 -0.0080 0.0955
vn 0.9951 -0.0145 0.0979
vn 0.9948 -0.0177 0.1003
vn 0.9948 -0.0177 0.1003
vn 0.9951 -0.0145 0.0979
vn 0.9959 0.0020 0.0907
vn 0.9931 -0.0399 0.1100
vn 0.9948 -0.0177 0.1003
vn 0.9959 0.0020 0.0907
vn 0.9959 0.0020 0.0907
vn 0.9930 -0.0329 0.1134
vn 0.9931 -0.0399 0.1100
vn 0.2057 -0.9611 0.1842
vn 0.0624 -0.9903 0.1245
vn 0.0830 -0.9876 0.1333
vn 0.0830 -0.9876 0.1333
vn 0.0991 -0.9852 0.1396
vn 0.2057 -0.9611 0.1842
vn 0.2057 -0.9611 0.1842
vn 0.0675 -0.9900 0.1238
vn 0.0316 -0.9933 0.1107
vn 0.0675 -0.9900 0.1238
vn 0.2057 -0.9611 0.1842
vn 0.2431 -0.9555 0.1670
vn 0.2431 -0.9555 0.1670
vn 0.1420 -0.9848 0.1002
vn 0.0675 -0.9900 0.1238
vn 0.3459 -0.9169 0.1992
vn 0.3643 -0.9085 0.2049
vn 0.3415 -0.9194 0.1952
vn 0.3643 -0.9085 0.2049
vn 0.3459 -0.9169 0.1992
vn 0.3447 -0.9173 0.1993
vn 0.3447 -0.9173 0.1993
vn 0.3459 -0.9169 0.1992
vn 0.3921 -0.8975 0.2019
vn 0.3447 -0.9173 0.1993
vn 0.3921 -0.8975 0.2019
vn 0.2431 -0.9555 0.1670
vn 0.4233 -0.8794 0.2179
vn 0.4468 -0.8653 0.2273
vn 0.5257 -0.8211 0.2222
vn 0.4468 -0.8653 0.2273
vn 0.4233 -0.8794 0.2179
vn 0.4118 -0.8850 0.2173
vn 0.4118 -0.8850 0.2173
vn 0.4533 -0.8642 0.2183
vn 0.4468 -0.8653 0.2273
vn 0.4533 -0.8642 0.2183
vn 0.4118 -0.8850 0.2173
vn 0.3994 -0.8914 0.2141
vn 0.3994 -0.8914 0.2141
vn 0.4160 -0.8823 0.2201
vn 0.4533 -0.8642 0.2183
vn 0.4160 -0.8823 0.2201
vn 0.3994 -0.8914 0.2141
vn 0.3948 -0.8937 0.2132
vn 0.3948 -0.8937 0.2132
vn 0.4150 -0.8838 0.2161
vn 0.4160 -0.8823 0.2201
vn 0.4150 -0.8838 0.2161
vn 0.3948 -0.8937 0.2132
vn 0.3772 -0.9028 0.2068
vn 0.3772 -0.9028 0.2068
vn 0.4028 -0.8897 0.2149
vn 0.4150 -0.8838 0.2161
vn 0.4028 -0.8897 0.2149
vn 0.3772 -0.9028 0.2068
vn 0.3780 -0.9019 0.2091
vn 0.3780 -0.9019 0.2091
vn 0.3739 -0.9044 0.2055
vn 0.4028 -0.8897 0.2149
vn 0.3739 -0.9044 0.2055
vn 0.3780 -0.9019 0.2091
vn 0.3643 -0.9085 0.2049
vn 0.3643 -0.9085 0.2049
vn 0.3447 -0.9173 0.1993
vn 0.3739 -0.9044 0.2055
vn 0.3001 -0.9302 0.2115
vn 0.3911 -0.9006 0.1898
vn 0.8658 -0.4869 0.1151
vn 0.8658 -0.4869 0.1151
vn 0.2431 -0.9555 0.1670
vn 0.3001 -0.9302 0.2115
vn 0.3533 -0.9126 0.2058
vn 0.3447 -0.9173 0.1993
vn 0.2431 -0.9555 0.1670
vn 0.0624 -0.9903 0.1245
vn 0.0755 -0.9897 0.1213
vn 0.1331 -0.9793 0.1523
vn 0.1331 -0.9793 0.1523
vn 0.0830 -0.9876 0.1333
vn 0.0624 -0.9903 0.1245
vn 0.0830 -0.9876 0.1333
vn 0.1331 -0.9793 0.1523
vn 0.1143 -0.9825 0.1472
vn 0.1143 -0.9825 0.1472
vn 0.0991 -0.9852 0.1396
vn 0.0830 -0.9876 0.1333
vn 0.0991 -0.9852 0.1396
vn 0.1143 -0.9825 0.1472
vn 0.1706 -0.9705 0.1702
vn 0.1706 -0.9705 0.1702
vn 0.2057 -0.9611 0.1842
vn 0.0991 -0.9852 0.1396
vn 0.2057 -0.9611 0.1842
vn 0.1706 -0.9705 0.1702
vn 0.3911 -0.9006 0.1898
vn 0.2057 -0.9611 0.1842
vn 0.3911 -0.9006 0.1898
vn 0.3001 -0.9302 0.2115
vn 0.3001 -0.9302 0.2115
vn 0.2431 -0.9555 0.1670
vn 0.2057 -0.9611 0.1842
vn 0.3533 -0.9126 0.2058
vn 0.2431 -0.9555 0.1670
vn 0.8658 -0.4869 0.1151
vn 0.9971 -0.0762 0.0006
vn 0.9957 -0.0924 0.0009
vn 0.9349 -0.3446 0.0852
vn 0.8634 -0.5046 -0.0000
vn 0.8396 -0.5433 -0.0001
vn 0.8574 -0.5144 0.0134
vn 0.7593 -0.5993 0.2536
vn 0.7507 -0.6061 0.2630
vn 0.6591 -0.7171 0.2266
vn 0.7507 -0.6061 0.2630
vn 0.7079 -0.6782 0.1972
vn 0.6591 -0.7171 0.2266
vn 0.4533 -0.8642 0.2183
vn 0.5257 -0.8211 0.2222
vn 0.4468 -0.8653 0.2273
vn 0.0823 -0.9966 0.0099
vn 0.0541 -0.9985 0.0000
vn 0.0520 -0.9986 0.0000
vn 0.1114 -0.9938 -0.0008
vn 0.1041 -0.9946 0.0010
vn 0.0823 -0.9966 0.0099
vn 0.1041 -0.9946 0.0010
vn 0.0541 -0.9985 0.0000
vn 0.0823 -0.9966 0.0099
vn 0.1457 -0.9893 -0.0002
vn 0.1114 -0.9938 -0.0008
vn 0.0823 -0.9966 0.0099
vn 0.0823 -0.9966 0.0099
vn 0.2073 -0.9782 0.0110
vn 0.1457 -0.9893 -0.0002
vn 0.2589 -0.9659 0.0000
vn 0.2542 -0.9672 0.0000
vn 0.2073 -0.9782 0.0110
vn 0.3151 -0.9490 0.0036
vn 0.2589 -0.9659 0.0000
vn 0.2073 -0.9782 0.0110
vn 0.2073 -0.9782 0.0110
vn 0.6591 -0.7171 0.2266
vn 0.3151 -0.9490 0.0036
vn 0.6591 -0.7171 0.2266
vn 0.3333 -0.9428 0.0031
vn 0.3151 -0.9490 0.0036
vn 0.6591 -0.7171 0.2266
vn 0.3785 -0.9256 0.0012
vn 0.3333 -0.9428 0.0031
vn 0.6591 -0.7171 0.2266
vn 0.3961 -0.9182 0.0019
vn 0.3785 -0.9256 0.0012
vn 0.6591 -0.7171 0.2266
vn 0.4417 -0.8971 0.0006
vn 0.3961 -0.9182 0.0019
vn 0.4575 -0.8892 0.0002
vn 0.4417 -0.8971 0.0006
vn 0.6591 -0.7171 0.2266
vn 0.4792 -0.8777 0.0012
vn 0.4575 -0.8892 0.0002
vn 0.6591 -0.7171 0.2266
vn 0.4792 -0.8777 0.0012
vn 0.6591 -0.7171 0.2266
vn 0.6255 -0.7636 0.1601
vn 0.5803 -0.8144 0.0008
vn 0.5937 -0.8047 0.0001
vn 0.6255 -0.7636 0.1601
vn 0.5803 -0.8144 0.0008
vn 0.6255 -0.7636 0.1601
vn 0.6436 -0.7333 0.2191
vn 0.6436 -0.7333 0.2191
vn 0.6139 -0.7894 0.0001
vn 0.5803 -0.8144 0.0008
vn 0.6436 -0.7333 0.2191
vn 0.5888 -0.8083 0.0005
vn 0.6139 -0.7894 0.0001
vn 0.6436 -0.7333 0.2191
vn 0.6658 -0.7271 0.1677
vn 0.6939 -0.7201 0.0003
vn 0.6658 -0.7271 0.1677
vn 0.6875 -0.7261 0.0003
vn 0.6939 -0.7201 0.0003
vn 0.6917 -0.7222 0.0003
vn 0.7055 -0.7087 0.0002
vn 0.6658 -0.7271 0.1677
vn 0.6658 -0.7271 0.1677
vn 0.7055 -0.7087 0.0002
vn 0.6875 -0.7261 0.0003
vn 0.8976 -0.4409 -0.0000
vn 0.8796 -0.4757 -0.0000
vn 0.8574 -0.5144 0.0134
vn 0.8676 -0.4884 0.0938
vn 0.9531 -0.3027 0.0005
vn 0.8956 -0.4436 0.0329
vn 0.8676 -0.4884 0.0938
vn 0.9564 -0.2920 0.0005
vn 0.9522 -0.3055 0.0002
vn 0.8676 -0.4884 0.0938
vn 0.9684 -0.2495 0.0009
vn 0.9640 -0.2659 0.0035
vn 0.9349 -0.3446 0.0852
vn 0.9877 -0.1564 0.0001
vn 0.9819 -0.1892 0.0012
vn 0.9957 -0.0924 0.0009
vn 0.9928 -0.1195 0.0004
vn 0.9349 -0.3446 0.0852
vn 0.9349 -0.3446 0.0852
vn 0.8658 -0.4869 0.1151
vn 0.9994 -0.0336 0.0011
vn 0.9994 -0.0336 0.0011
vn 0.9992 -0.0404 0.0007
vn 0.9349 -0.3446 0.0852
vn 0.9349 -0.3446 0.0852
vn 0.9992 -0.0404 0.0007
vn 0.9971 -0.0762 0.0006
vn 0.6591 -0.7171 0.2266
vn 0.2073 -0.9782 0.0110
vn 0.0823 -0.9966 0.0099
vn 0.7851 -0.6194 0.0010
vn 0.7842 -0.6205 0.0001
vn 0.6658 -0.7271 0.1677
vn 0.7851 -0.6194 0.0010
vn 0.6658 -0.7271 0.1677
vn 0.5741 -0.7839 0.2366
vn 0.8103 -0.5860 0.0018
vn 0.7851 -0.6194 0.0010
vn 0.5741 -0.7839 0.2366
vn 0.8103 -0.5860 0.0018
vn 0.5741 -0.7839 0.2366
vn 0.8574 -0.5144 0.0134
vn 0.8574 -0.5144 0.0134
vn 0.8277 -0.5611 -0.0003
vn 0.8103 -0.5860 0.0018
vn 0.8574 -0.5144 0.0134
vn 0.5741 -0.7839 0.2366
vn 0.8956 -0.4436 0.0329
vn 0.8396 -0.5433 -0.0001
vn 0.8277 -0.5611 -0.0003
vn 0.8574 -0.5144 0.0134
vn 0.5220 -0.8182 0.2410
vn 0.5257 -0.8211 0.2222
vn 0.5741 -0.7839 0.2366
vn 0.4160 -0.8823 0.2201
vn 0.4150 -0.8838 0.2161
vn 0.4533 -0.8642 0.2183
vn 0.4533 -0.8642 0.2183
vn 0.4150 -0.8838 0.2161
vn 0.6004 -0.7770 0.1892
vn 0.9743 -0.2252 0.0006
vn 0.9684 -0.2495 0.0009
vn 0.8676 -0.4884 0.0938
vn 0.9928 -0.1195 0.0004
vn 0.9877 -0.1564 0.0001
vn 0.9349 -0.3446 0.0852
vn 0.9819 -0.1892 0.0012
vn 0.9743 -0.2252 0.0006
vn 0.8676 -0.4884 0.0938
vn 0.5257 -0.8211 0.2222
vn 0.8676 -0.4884 0.0938
vn 0.8956 -0.4436 0.0329
vn 0.9172 -0.3984 0.0001
vn 0.9001 -0.4358 -0.0001
vn 0.8956 -0.4436 0.0329
vn 0.4533 -0.8642 0.2183
vn 0.6004 -0.7770 0.1892
vn 0.5257 -0.8211 0.2222
vn 0.8574 -0.5144 0.0134
vn 0.8956 -0.4436 0.0329
vn 0.9001 -0.4358 -0.0001
vn 0.9001 -0.4358 -0.0001
vn 0.8976 -0.4409 -0.0000
vn 0.8574 -0.5144 0.0134
vn 0.8956 -0.4436 0.0329
vn 0.5741 -0.7839 0.2366
vn 0.5257 -0.8211 0.2222
vn 0.8585 -0.5128 0.0001
vn 0.8634 -0.5046 -0.0000
vn 0.8574 -0.5144 0.0134
vn 0.8658 -0.4869 0.1151
vn 0.9349 -0.3446 0.0852
vn 0.6004 -0.7770 0.1892
vn 0.9819 -0.1892 0.0012
vn 0.8676 -0.4884 0.0938
vn 0.9349 -0.3446 0.0852
vn 0.9349 -0.3446 0.0852
vn 0.8676 -0.4884 0.0938
vn 0.6004 -0.7770 0.1892
vn 0.9640 -0.2659 0.0035
vn 0.9564 -0.2920 0.0005
vn 0.8676 -0.4884 0.0938
vn 0.6004 -0.7770 0.1892
vn 0.8676 -0.4884 0.0938
vn 0.5257 -0.8211 0.2222
vn 0.9522 -0.3055 0.0002
vn 0.9531 -0.3027 0.0005
vn 0.8676 -0.4884 0.0938
vn 0.8956 -0.4436 0.0329
vn 0.9061 -0.4230 0.0005
vn 0.9172 -0.3984 0.0001
vn 0.9999 -0.0090 0.0115
vn 0.9994 -0.0336 0.0011
vn 0.8658 -0.4869 0.1151
vn 0.8658 -0.4869 0.1151
vn 0.9918 -0.1257 0.0246
vn 0.9999 -0.0090 0.0115
vn 0.9999 -0.0090 0.0115
vn 0.9918 -0.1257 0.0246
vn 1.0000 0.0038 0.0027
vn 0.9999 -0.0090 0.0115
vn 1.0000 0.0038 0.0027
vn 1.0000 -0.0014 0.0001
vn 0.9999 -0.0090 0.0115
vn 1.0000 -0.0014 0.0001
vn 1.0000 -0.0045 -0.0010
vn 1.0000 -0.0045 -0.0010
vn 0.8858 -0.0875 0.4557
vn 0.9999 -0.0090 0.0115
vn 0.7904 -0.5551 0.2592
vn 0.7593 -0.5993 0.2536
vn 0.6329 -0.7509 0.1888
vn 0.8303 -0.5099 0.2250
vn 0.8847 -0.4166 0.2091
vn 0.8997 -0.3732 0.2266
vn 0.8997 -0.3732 0.2266
vn 0.8862 -0.3997 0.2341
vn 0.8303 -0.5099 0.2250
vn 0.9235 -0.3187 0.2133
vn 0.8847 -0.4166 0.2091
vn 0.9332 -0.2948 0.2053
vn 0.9332 -0.2948 0.2053
vn 0.8847 -0.4166 0.2091
vn 0.9277 -0.3214 0.1900
vn 0.9777 -0.1456 0.1512
vn 0.8005 -0.5897 0.1076
vn 0.9818 -0.1243 0.1437
vn 0.9869 -0.0936 0.1318
vn 0.9818 -0.1243 0.1437
vn 0.8005 -0.5897 0.1076
vn 0.9920 -0.0551 0.1139
vn 0.8005 -0.5897 0.1076
vn 0.9941 -0.0345 0.1026
vn 0.1033 -0.9942 0.0296
vn 0.0234 -0.9997 0.0016
vn 0.1189 -0.9929 0.0085
vn 0.9867 -0.1326 0.0940
vn 0.8005 -0.5897 0.1076
vn 0.9727 -0.2140 0.0902
vn 0.8005 -0.5897 0.1076
vn 0.9867 -0.1326 0.0940
vn 0.9941 -0.0345 0.1026
vn 0.9564 -0.2391 0.1677
vn 0.9585 -0.2200 0.1812
vn 0.9277 -0.3214 0.1900
vn 0.9277 -0.3214 0.1900
vn 0.8691 -0.4785 0.1257
vn 0.9564 -0.2391 0.1677
vn 0.8717 -0.4715 0.1339
vn 0.9609 -0.2249 0.1618
vn 0.9564 -0.2391 0.1677
vn 0.9452 -0.3151 0.0854
vn 0.9727 -0.2140 0.0902
vn 0.8005 -0.5897 0.1076
vn 0.8966 -0.4356 0.0794
vn 0.9452 -0.3151 0.0854
vn 0.8005 -0.5897 0.1076
vn 0.8347 -0.5456 0.0741
vn 0.8966 -0.4356 0.0794
vn 0.8005 -0.5897 0.1076
vn 0.6576 -0.7510 0.0604
vn 0.7508 -0.6572 0.0665
vn 0.8005 -0.5897 0.1076
vn 0.1517 -0.9880 0.0274
vn 0.8303 -0.5099 0.2250
vn 0.8009 -0.5536 0.2282
vn 0.1517 -0.9880 0.0274
vn 0.8847 -0.4166 0.2091
vn 0.8303 -0.5099 0.2250
vn 0.7508 -0.6572 0.0665
vn 0.8347 -0.5456 0.0741
vn 0.8005 -0.5897 0.1076
vn 0.8005 -0.5897 0.1076
vn 0.9920 -0.0551 0.1139
vn 0.9897 -0.0759 0.1213
vn 0.9869 -0.0936 0.1318
vn 0.8005 -0.5897 0.1076
vn 0.9897 -0.0759 0.1213
vn 0.8005 -0.5897 0.1076
vn 0.9777 -0.1456 0.1512
vn 0.9591 -0.2311 0.1632
vn 0.9591 -0.2311 0.1632
vn 0.8929 -0.4154 0.1736
vn 0.8005 -0.5897 0.1076
vn 0.9591 -0.2311 0.1632
vn 0.9609 -0.2249 0.1618
vn 0.8683 -0.4796 0.1264
vn 0.9585 -0.2200 0.1812
vn 0.9509 -0.2443 0.1900
vn 0.9277 -0.3214 0.1900
vn 0.8487 -0.4981 0.1781
vn 0.9277 -0.3214 0.1900
vn 0.8847 -0.4166 0.2091
vn 0.1033 -0.9942 0.0296
vn 0.4714 -0.8808 0.0438
vn 0.5687 -0.8200 0.0642
vn 0.5687 -0.8200 0.0642
vn 0.8005 -0.5897 0.1076
vn 0.1033 -0.9942 0.0296
vn 0.1517 -0.9880 0.0274
vn 0.1033 -0.9942 0.0296
vn 0.8005 -0.5897 0.1076
vn 0.5687 -0.8200 0.0642
vn 0.6576 -0.7510 0.0604
vn 0.8005 -0.5897 0.1076
vn 0.1517 -0.9880 0.0274
vn 0.8009 -0.5536 0.2282
vn 0.6329 -0.7509 0.1888
vn 0.1033 -0.9942 0.0296
vn 0.1189 -0.9929 0.0085
vn 0.2349 -0.9718 0.0189
vn 0.1033 -0.9942 0.0296
vn 0.2349 -0.9718 0.0189
vn 0.3628 -0.9313 0.0318
vn 0.1517 -0.9880 0.0274
vn 0.6329 -0.7509 0.1888
vn 0.0823 -0.9966 0.0099
vn 0.1033 -0.9942 0.0296
vn 0.3628 -0.9313 0.0318
vn 0.4714 -0.8808 0.0438
vn 0.6329 -0.7509 0.1888
vn 0.6591 -0.7171 0.2266
vn 0.0823 -0.9966 0.0099
vn 0.6329 -0.7509 0.1888
vn 0.7593 -0.5993 0.2536
vn 0.6591 -0.7171 0.2266
vn 0.1189 -0.9929 0.0085
vn 0.0234 -0.9997 0.0016
vn 0.0350 -0.9977 0.0581
vn 0.1189 -0.9929 0.0085
vn 0.0350 -0.9977 0.0581
vn 0.1494 -0.9887 0.0113
vn 0.2349 -0.9718 0.0189
vn 0.1189 -0.9929 0.0085
vn 0.1494 -0.9887 0.0113
vn 0.1494 -0.9887 0.0113
vn 0.2308 -0.9728 0.0199
vn 0.2349 -0.9718 0.0189
vn 0.2308 -0.9728 0.0199
vn 0.3628 -0.9313 0.0318
vn 0.2349 -0.9718 0.0189
vn 0.2308 -0.9728 0.0199
vn 0.2384 -0.9466 0.2172
vn 0.3628 -0.9313 0.0318
vn 0.3628 -0.9313 0.0318
vn 0.2384 -0.9466 0.2172
vn 0.4580 -0.8880 0.0401
vn 0.4580 -0.8880 0.0401
vn 0.4714 -0.8808 0.0438
vn 0.3628 -0.9313 0.0318
vn 0.5687 -0.8200 0.0642
vn 0.4714 -0.8808 0.0438
vn 0.4580 -0.8880 0.0401
vn 0.4580 -0.8880 0.0401
vn 0.5418 -0.8399 0.0325
vn 0.5687 -0.8200 0.0642
vn 0.5418 -0.8399 0.0325
vn 0.6046 -0.7948 0.0522
vn 0.5687 -0.8200 0.0642
vn 0.7508 -0.6572 0.0665
vn 0.6576 -0.7510 0.0604
vn 0.6934 -0.7179 0.0621
vn 0.6046 -0.7948 0.0522
vn 0.6934 -0.7179 0.0621
vn 0.6576 -0.7510 0.0604
vn 0.6576 -0.7510 0.0604
vn 0.5687 -0.8200 0.0642
vn 0.6046 -0.7948 0.0522
vn 0.6934 -0.7179 0.0621
vn 0.7423 -0.6666 0.0680
vn 0.7508 -0.6572 0.0665
vn 0.8347 -0.5456 0.0741
vn 0.7508 -0.6572 0.0665
vn 0.7423 -0.6666 0.0680
vn 0.7423 -0.6666 0.0680
vn 0.7621 -0.6210 0.1830
vn 0.8347 -0.5456 0.0741
vn 0.8347 -0.5456 0.0741
vn 0.7621 -0.6210 0.1830
vn 0.8779 -0.4722 0.0797
vn 0.9452 -0.3151 0.0854
vn 0.8966 -0.4356 0.0794
vn 0.9251 -0.3717 0.0779
vn 0.8779 -0.4722 0.0797
vn 0.9251 -0.3717 0.0779
vn 0.8966 -0.4356 0.0794
vn 0.8966 -0.4356 0.0794
vn 0.8347 -0.5456 0.0741
vn 0.8779 -0.4722 0.0797
vn 0.9452 -0.3151 0.0854
vn 0.9251 -0.3717 0.0779
vn 0.9600 -0.2662 0.0871
vn 0.9600 -0.2662 0.0871
vn 0.9727 -0.2140 0.0902
vn 0.9452 -0.3151 0.0854
vn 0.9727 -0.2140 0.0902
vn 0.9600 -0.2662 0.0871
vn 0.9823 -0.1642 0.0901
vn 0.9867 -0.1326 0.0940
vn 0.9727 -0.2140 0.0902
vn 0.9823 -0.1642 0.0901
vn 0.9823 -0.1642 0.0901
vn 0.9931 -0.0737 0.0912
vn 0.9867 -0.1326 0.0940
vn 0.9941 -0.0345 0.1026
vn 0.9867 -0.1326 0.0940
vn 0.9931 -0.0737 0.0912
vn 0.9957 -0.0026 0.0930
vn 0.9941 -0.0345 0.1026
vn 0.9931 -0.0737 0.0912
vn 0.9931 -0.0737 0.0912
vn 0.9958 0.0002 0.0920
vn 0.9957 -0.0026 0.0930
vn 0.0823 -0.9966 0.0099
vn 0.0520 -0.9986 0.0000
vn 0.0316 -0.9992 0.0229
vn 0.0417 -0.3675 0.9291
vn 0.0350 -0.9977 0.0581
vn 0.0316 -0.9992 0.0229
vn 0.0350 -0.9977 0.0581
vn 0.0234 -0.9997 0.0016
vn 0.0316 -0.9992 0.0229
vn 0.0316 -0.9992 0.0229
vn 0.0234 -0.9997 0.0016
vn 0.1033 -0.9942 0.0296
vn 0.1033 -0.9942 0.0296
vn 0.1517 -0.9880 0.0274
vn 0.0316 -0.9992 0.0229
vn 0.1517 -0.9880 0.0274
vn 0.0823 -0.9966 0.0099
vn 0.0316 -0.9992 0.0229
vn 0.0520 -0.9986 0.0000
vn 0.0541 -0.9985 0.0000
vn 0.1878 -0.9822 0.0006
vn 0.1878 -0.9822 0.0006
vn 0.0549 -0.9985 0.0025
vn 0.0520 -0.9986 0.0000
vn 0.0549 -0.9985 0.0025
vn 0.0316 -0.9992 0.0229
vn 0.0520 -0.9986 0.0000
vn 0.1114 -0.9938 -0.0008
vn 0.1457 -0.9893 -0.0002
vn 0.0219 -0.9998 0.0018
vn 0.0219 -0.9998 0.0018
vn 0.1098 -0.9610 0.2538
vn 0.1041 -0.9946 0.0010
vn 0.1041 -0.9946 0.0010
vn 0.1114 -0.9938 -0.0008
vn 0.0219 -0.9998 0.0018
vn 0.0541 -0.9985 0.0000
vn 0.1041 -0.9946 0.0010
vn 0.1878 -0.9822 0.0006
vn 0.1041 -0.9946 0.0010
vn 0.1098 -0.9610 0.2538
vn 0.1878 -0.9822 0.0006
vn 0.1989 -0.9800 0.0003
vn 0.1893 -0.9819 0.0036
vn 0.1457 -0.9893 -0.0002
vn 0.1457 -0.9893 -0.0002
vn 0.2073 -0.9782 0.0110
vn 0.1989 -0.9800 0.0003
vn 0.1457 -0.9893 -0.0002
vn 0.1893 -0.9819 0.0036
vn 0.0219 -0.9998 0.0018
vn 0.2542 -0.9672 0.0000
vn 0.2589 -0.9659 0.0000
vn 0.2773 -0.9608 0.0053
vn 0.2589 -0.9659 0.0000
vn 0.3151 -0.9490 0.0036
vn 0.2773 -0.9608 0.0053
vn 0.2773 -0.9608 0.0053
vn 0.2768 -0.9598 0.0460
vn 0.2542 -0.9672 0.0000
vn 0.2542 -0.9672 0.0000
vn 0.2768 -0.9598 0.0460
vn 0.2421 -0.9703 -0.0000
vn 0.2073 -0.9782 0.0110
vn 0.2542 -0.9672 0.0000
vn 0.1989 -0.9800 0.0003
vn 0.2421 -0.9703 -0.0000
vn 0.1989 -0.9800 0.0003
vn 0.2542 -0.9672 0.0000
vn 0.3269 -0.9450 0.0089
vn 0.2773 -0.9608 0.0053
vn 0.3151 -0.9490 0.0036
vn 0.3333 -0.9428 0.0031
vn 0.3785 -0.9256 0.0012
vn 0.3444 -0.9388 0.0039
vn 0.3929 -0.9196 0.0067
vn 0.3444 -0.9388 0.0039
vn 0.3785 -0.9256 0.0012
vn 0.3444 -0.9388 0.0039
vn 0.3269 -0.9450 0.0089
vn 0.3151 -0.9490 0.0036
vn 0.3444 -0.9388 0.0039
vn 0.3151 -0.9490 0.0036
vn 0.3333 -0.9428 0.0031
vn 0.4100 -0.9121 0.0030
vn 0.3929 -0.9196 0.0067
vn 0.3785 -0.9256 0.0012
vn 0.4100 -0.9121 0.0030
vn 0.3785 -0.9256 0.0012
vn 0.3961 -0.9182 0.0019
vn 0.4100 -0.9121 0.0030
vn 0.3961 -0.9182 0.0019
vn 0.4417 -0.8971 0.0006
vn 0.4554 -0.8903 0.0072
vn 0.4100 -0.9121 0.0030
vn 0.4417 -0.8971 0.0006
vn 0.4417 -0.8971 0.0006
vn 0.4575 -0.8892 0.0002
vn 0.5181 -0.8553 0.0002
vn 0.5181 -0.8553 0.0002
vn 0.4554 -0.8903 0.0072
vn 0.4417 -0.8971 0.0006
vn 0.4877 -0.8730 0.0011
vn 0.4792 -0.8777 0.0012
vn 0.6255 -0.7636 0.1601
vn 0.6255 -0.7636 0.1601
vn 0.5937 -0.8047 0.0001
vn 0.4877 -0.8730 0.0011
vn 0.4877 -0.8730 0.0011
vn 0.5302 -0.8477 0.0180
vn 0.4792 -0.8777 0.0012
vn 0.4575 -0.8892 0.0002
vn 0.4792 -0.8777 0.0012
vn 0.5181 -0.8553 0.0002
vn 0.5302 -0.8477 0.0180
vn 0.5181 -0.8553 0.0002
vn 0.4792 -0.8777 0.0012
vn 0.5879 -0.8090 0.0005
vn 0.5806 -0.8142 0.0009
vn 0.5937 -0.8047 0.0001
vn 0.5937 -0.8047 0.0001
vn 0.5803 -0.8144 0.0008
vn 0.5879 -0.8090 0.0005
vn 0.5879 -0.8090 0.0005
vn 0.5803 -0.8144 0.0008
vn 0.6139 -0.7894 0.0001
vn 0.5806 -0.8142 0.0009
vn 0.4877 -0.8730 0.0011
vn 0.5937 -0.8047 0.0001
vn 0.5888 -0.8083 0.0005
vn 0.6436 -0.7333 0.2191
vn 0.6483 -0.7614 0.0004
vn 0.5888 -0.8083 0.0005
vn 0.6483 -0.7614 0.0004
vn 0.6386 -0.7696 0.0006
vn 0.6386 -0.7696 0.0006
vn 0.6139 -0.7894 0.0001
vn 0.5888 -0.8083 0.0005
vn 0.6139 -0.7894 0.0001
vn 0.6386 -0.7696 0.0006
vn 0.6285 -0.7778 0.0077
vn 0.6285 -0.7778 0.0077
vn 0.5879 -0.8090 0.0005
vn 0.6139 -0.7894 0.0001
vn 0.6939 -0.7201 0.0003
vn 0.6929 -0.7210 0.0000
vn 0.6809 -0.7324 0.0001
vn 0.6939 -0.7201 0.0003
vn 0.6875 -0.7261 0.0003
vn 0.6929 -0.7210 0.0000
vn 0.6436 -0.7333 0.2191
vn 0.6939 -0.7201 0.0003
vn 0.6483 -0.7614 0.0004
vn 0.6809 -0.7324 0.0001
vn 0.6483 -0.7614 0.0004
vn 0.6939 -0.7201 0.0003
vn 0.7491 -0.6625 0.0002
vn 0.7356 -0.6749 0.0584
vn 0.6917 -0.7222 0.0003
vn 0.7491 -0.6625 0.0002
vn 0.6917 -0.7222 0.0003
vn 0.6658 -0.7271 0.1677
vn 0.6929 -0.7210 0.0000
vn 0.6875 -0.7261 0.0003
vn 0.7055 -0.7087 0.0002
vn 0.7015 -0.7126 -0.0000
vn 0.6929 -0.7210 0.0000
vn 0.7055 -0.7087 0.0002
vn 0.7055 -0.7087 0.0002
vn 0.6917 -0.7222 0.0003
vn 0.7015 -0.7126 -0.0000
vn 0.6917 -0.7222 0.0003
vn 0.7356 -0.6749 0.0584
vn 0.7015 -0.7126 -0.0000
vn 0.7887 -0.6148 0.0002
vn 0.7842 -0.6205 0.0001
vn 0.7851 -0.6194 0.0010
vn 0.6658 -0.7271 0.1677
vn 0.7842 -0.6205 0.0001
vn 0.7491 -0.6625 0.0002
vn 0.7705 -0.6374 0.0001
vn 0.7491 -0.6625 0.0002
vn 0.7842 -0.6205 0.0001
vn 0.7842 -0.6205 0.0001
vn 0.7887 -0.6148 0.0002
vn 0.7705 -0.6374 0.0001
vn 0.8312 -0.5560 0.0003
vn 0.8162 -0.5778 0.0037
vn 0.8103 -0.5860 0.0018
vn 0.8312 -0.5560 0.0003
vn 0.8103 -0.5860 0.0018
vn 0.8277 -0.5611 -0.0003
vn 0.8277 -0.5611 -0.0003
vn 0.8396 -0.5433 -0.0001
vn 0.8312 -0.5560 0.0003
vn 0.8533 -0.5214 0.0003
vn 0.8312 -0.5560 0.0003
vn 0.8396 -0.5433 -0.0001
vn 0.8396 -0.5433 -0.0001
vn 0.8634 -0.5046 -0.0000
vn 0.8533 -0.5214 0.0003
vn 0.8665 -0.4992 0.0002
vn 0.8533 -0.5214 0.0003
vn 0.8634 -0.5046 -0.0000
vn 0.7851 -0.6194 0.0010
vn 0.8103 -0.5860 0.0018
vn 0.7887 -0.6148 0.0002
vn 0.8162 -0.5778 0.0037
vn 0.7887 -0.6148 0.0002
vn 0.8103 -0.5860 0.0018
vn 0.8713 -0.4907 0.0001
vn 0.8665 -0.4992 0.0002
vn 0.8634 -0.5046 -0.0000
vn 0.8713 -0.4907 0.0001
vn 0.8634 -0.5046 -0.0000
vn 0.8585 -0.5128 0.0001
vn 0.9079 -0.4191 0.0057
vn 0.9024 -0.4308 0.0002
vn 0.8976 -0.4409 -0.0000
vn 0.9079 -0.4191 0.0057
vn 0.8976 -0.4409 -0.0000
vn 0.9001 -0.4358 -0.0001
vn 0.9001 -0.4358 -0.0001
vn 0.9172 -0.3984 0.0001
vn 0.9079 -0.4191 0.0057
vn 0.8713 -0.4907 0.0001
vn 0.8585 -0.5128 0.0001
vn 0.8574 -0.5144 0.0134
vn 0.8574 -0.5144 0.0134
vn 0.8796 -0.4757 -0.0000
vn 0.8713 -0.4907 0.0001
vn 0.8903 -0.4553 0.0002
vn 0.8713 -0.4907 0.0001
vn 0.8796 -0.4757 -0.0000
vn 0.8796 -0.4757 -0.0000
vn 0.8976 -0.4409 -0.0000
vn 0.8903 -0.4553 0.0002
vn 0.8976 -0.4409 -0.0000
vn 0.9024 -0.4308 0.0002
vn 0.8903 -0.4553 0.0002
vn 0.9352 -0.3542 0.0031
vn 0.8956 -0.4436 0.0329
vn 0.9531 -0.3027 0.0005
vn 0.9061 -0.4230 0.0005
vn 0.8956 -0.4436 0.0329
vn 0.9352 -0.3542 0.0031
vn 0.9352 -0.3542 0.0031
vn 0.9319 -0.3626 0.0055
vn 0.9061 -0.4230 0.0005
vn 0.9319 -0.3626 0.0055
vn 0.9172 -0.3984 0.0001
vn 0.9061 -0.4230 0.0005
vn 0.9319 -0.3626 0.0055
vn 0.9243 -0.3815 0.0066
vn 0.9172 -0.3984 0.0001
vn 0.9243 -0.3815 0.0066
vn 0.9079 -0.4191 0.0057
vn 0.9172 -0.3984 0.0001
vn 0.7827 -0.6224 0.0037
vn 0.1402 -0.9901 0.0032
vn 0.1402 -0.9901 0.0032
vn 0.5611 0.8277 0.0011
vn 0.5611 0.8277 0.0011
vn 0.9899 0.1415 0.0025
vn 0.9899 0.1415 0.0025
vn 0.9564 -0.2920 0.0005
vn 0.9640 -0.2659 0.0035
vn 0.9500 -0.3124 0.0043
vn 0.9352 -0.3542 0.0031
vn 0.9531 -0.3027 0.0005
vn 0.9500 -0.3124 0.0043
vn 0.9531 -0.3027 0.0005
vn 0.9522 -0.3055 0.0002
vn 0.9522 -0.3055 0.0002
vn 0.9899 0.1415 0.0025
vn 0.9500 -0.3124 0.0043
vn 0.9899 0.1415 0.0025
vn 0.9522 -0.3055 0.0002
vn 0.9564 -0.2920 0.0005
vn 0.7827 -0.6224 0.0037
vn 0.9640 -0.2659 0.0035
vn 0.9684 -0.2495 0.0009
vn 0.7827 -0.6224 0.0037
vn 0.9684 -0.2495 0.0009
vn 0.9743 -0.2252 0.0006
vn 0.9743 -0.2252 0.0006
vn 0.9785 -0.2062 0.0045
vn 0.7827 -0.6224 0.0037
vn 0.9785 -0.2062 0.0045
vn 0.9743 -0.2252 0.0006
vn 0.9819 -0.1892 0.0012
vn 0.9855 -0.1697 0.0044
vn 0.9785 -0.2062 0.0045
vn 0.9819 -0.1892 0.0012
vn 0.9855 -0.1697 0.0044
vn 0.9819 -0.1892 0.0012
vn 0.9877 -0.1564 0.0001
vn 0.9877 -0.1564 0.0001
vn 0.9906 -0.1364 0.0054
vn 0.9855 -0.1697 0.0044
vn 0.9971 -0.0762 0.0006
vn 0.9977 -0.0667 0.0080
vn 0.9955 -0.0943 0.0043
vn 0.9955 -0.0943 0.0043
vn 0.9957 -0.0924 0.0009
vn 0.9971 -0.0762 0.0006
vn 0.9906 -0.1364 0.0054
vn 0.9877 -0.1564 0.0001
vn 0.9928 -0.1195 0.0004
vn 0.9928 -0.1195 0.0004
vn 0.9955 -0.0943 0.0043
vn 0.9906 -0.1364 0.0054
vn 0.9955 -0.0943 0.0043
vn 0.9928 -0.1195 0.0004
vn 0.9957 -0.0924 0.0009
vn 0.9977 -0.0667 0.0080
vn 0.9971 -0.0762 0.0006
vn 0.9992 -0.0404 0.0007
vn 0.9992 -0.0404 0.0007
vn 0.9995 -0.0293 0.0070
vn 0.9977 -0.0667 0.0080
vn 0.9995 -0.0293 0.0070
vn 0.9992 -0.0404 0.0007
vn 0.9994 -0.0336 0.0011
vn 0.9994 -0.0336 0.0011
vn 0.9999 -0.0090 0.0115
vn 0.9995 -0.0293 0.0070
vn 0.9352 -0.3542 0.0031
vn 0.9500 -0.3124 0.0043
vn 0.6208 -0.2061 0.7564
vn 0.6208 -0.2061 0.7564
vn 0.9977 -0.0667 0.0080
vn 0.9995 -0.0293 0.0070
vn 0.6208 -0.2061 0.7564
vn 0.9955 -0.0943 0.0043
vn 0.9977 -0.0667 0.0080
vn 0.9855 -0.1697 0.0044
vn 0.9906 -0.1364 0.0054
vn 0.6208 -0.2061 0.7564
vn 0.9906 -0.1364 0.0054
vn 0.9955 -0.0943 0.0043
vn 0.6208 -0.2061 0.7564
vn 0.9785 -0.2062 0.0045
vn 0.9855 -0.1697 0.0044
vn 0.6208 -0.2061 0.7564
vn 0.7827 -0.6224 0.0037
vn 0.9785 -0.2062 0.0045
vn 0.6208 -0.2061 0.7564
vn 0.9024 -0.4308 0.0002
vn 0.9079 -0.4191 0.0057
vn 0.8002 -0.5019 0.3281
vn 0.9079 -0.4191 0.0057
vn 0.9243 -0.3815 0.0066
vn 0.6208 -0.2061 0.7564
vn 0.9243 -0.3815 0.0066
vn 0.9319 -0.3626 0.0055
vn 0.6208 -0.2061 0.7564
vn 0.6208 -0.2061 0.7564
vn 0.9319 -0.3626 0.0055
vn 0.9352 -0.3542 0.0031
vn 0.8002 -0.5019 0.3281
vn 0.8903 -0.4553 0.0002
vn 0.9024 -0.4308 0.0002
vn 0.8665 -0.4992 0.0002
vn 0.8713 -0.4907 0.0001
vn 0.8002 -0.5019 0.3281
vn 0.8713 -0.4907 0.0001
vn 0.8903 -0.4553 0.0002
vn 0.8002 -0.5019 0.3281
vn 0.8002 -0.5019 0.3281
vn 0.8312 -0.5560 0.0003
vn 0.8533 -0.5214 0.0003
vn 0.8002 -0.5019 0.3281
vn 0.7356 -0.6749 0.0584
vn 0.8162 -0.5778 0.0037
vn 0.8162 -0.5778 0.0037
vn 0.8312 -0.5560 0.0003
vn 0.8002 -0.5019 0.3281
vn 0.7356 -0.6749 0.0584
vn 0.7491 -0.6625 0.0002
vn 0.7705 -0.6374 0.0001
vn 0.7705 -0.6374 0.0001
vn 0.7887 -0.6148 0.0002
vn 0.7356 -0.6749 0.0584
vn 0.7356 -0.6749 0.0584
vn 0.7887 -0.6148 0.0002
vn 0.8162 -0.5778 0.0037
vn 0.6929 -0.7210 0.0000
vn 0.7015 -0.7126 -0.0000
vn 0.7356 -0.6749 0.0584
vn 0.6483 -0.7614 0.0004
vn 0.6809 -0.7324 0.0001
vn 0.7356 -0.6749 0.0584
vn 0.7356 -0.6749 0.0584
vn 0.6809 -0.7324 0.0001
vn 0.6929 -0.7210 0.0000
vn 0.6386 -0.7696 0.0006
vn 0.6483 -0.7614 0.0004
vn 0.7356 -0.6749 0.0584
vn 0.6285 -0.7778 0.0077
vn 0.6386 -0.7696 0.0006
vn 0.7356 -0.6749 0.0584
vn 0.7356 -0.6749 0.0584
vn 0.5302 -0.8477 0.0180
vn 0.6285 -0.7778 0.0077
vn 0.5302 -0.8477 0.0180
vn 0.5879 -0.8090 0.0005
vn 0.6285 -0.7778 0.0077
vn 0.5806 -0.8142 0.0009
vn 0.5879 -0.8090 0.0005
vn 0.5302 -0.8477 0.0180
vn 0.4877 -0.8730 0.0011
vn 0.5806 -0.8142 0.0009
vn 0.5302 -0.8477 0.0180
vn 0.5302 -0.8477 0.0180
vn 0.4554 -0.8903 0.0072
vn 0.5181 -0.8553 0.0002
vn 0.5302 -0.8477 0.0180
vn 0.1916 -0.9395 0.2840
vn 0.4554 -0.8903 0.0072
vn 0.4402 -0.8823 0.1667
vn 0.4100 -0.9121 0.0030
vn 0.4554 -0.8903 0.0072
vn 0.3421 -0.9085 0.2401
vn 0.3269 -0.9450 0.0089
vn 0.3444 -0.9388 0.0039
vn 0.3444 -0.9388 0.0039
vn 0.3929 -0.9196 0.0067
vn 0.3677 -0.9039 0.2185
vn 0.3929 -0.9196 0.0067
vn 0.4100 -0.9121 0.0030
vn 0.4066 -0.8939 0.1889
vn 0.2762 -0.9122 0.3028
vn 0.2768 -0.9598 0.0460
vn 0.2773 -0.9608 0.0053
vn 0.2773 -0.9608 0.0053
vn 0.3269 -0.9450 0.0089
vn 0.3007 -0.9123 0.2782
vn 0.0219 -0.9998 0.0018
vn 0.1893 -0.9819 0.0036
vn 0.1098 -0.9610 0.2538
vn 0.2768 -0.9598 0.0460
vn 0.1098 -0.9610 0.2538
vn 0.1893 -0.9819 0.0036
vn 0.1392 -0.5879 0.7968
vn 0.1392 -0.5879 0.7968
vn 0.1392 -0.5879 0.7968
vn 0.1989 -0.9800 0.0003
vn 0.2421 -0.9703 -0.0000
vn 0.2768 -0.9598 0.0460
vn 0.1098 -0.9610 0.2538
vn 0.0316 -0.9992 0.0229
vn 0.0549 -0.9985 0.0025
vn 0.2338 -0.2320 0.9442
vn 0.0417 -0.3675 0.9291
vn 0.1098 -0.9610 0.2538
vn 0.7356 -0.6749 0.0584
vn 0.8002 -0.5019 0.3281
vn 0.7753 -0.5443 0.3204
vn 0.6429 -0.7540 0.1347
vn 0.5302 -0.8477 0.0180
vn 0.7356 -0.6749 0.0584
vn 0.6208 -0.2061 0.7564
vn 0.9995 -0.0293 0.0070
vn 0.9999 -0.0090 0.0115
vn 0.9500 -0.3124 0.0043
vn 0.9899 0.1415 0.0025
vn 0.6208 -0.2061 0.7564
vn 0.6208 -0.2061 0.7564
vn 0.8002 -0.5019 0.3281
vn 0.9079 -0.4191 0.0057
vn 0.6208 -0.2061 0.7564
vn 0.2338 -0.2320 0.9442
vn 0.8002 -0.5019 0.3281
vn 0.3321 -0.9124 0.2393
vn 0.1098 -0.9610 0.2538
vn 0.2768 -0.9598 0.0460
vn 0.1098 -0.9610 0.2538
vn 0.0549 -0.9985 0.0025
vn 0.1878 -0.9822 0.0006
vn 0.8533 -0.5214 0.0003
vn 0.8665 -0.4992 0.0002
vn 0.8002 -0.5019 0.3281
vn 0.6208 -0.2061 0.7564
vn 0.9999 -0.0090 0.0115
vn 0.8858 -0.0875 0.4557
vn 0.8858 -0.0875 0.4557
vn 0.8903 -0.1777 0.4193
vn 0.6208 -0.2061 0.7564
vn 0.1267 -0.9917 0.0219
vn 0.1780 -0.9784 0.1049
vn 0.0515 -0.9971 0.0566
vn 0.2599 -0.9599 0.1053
vn 0.1780 -0.9784 0.1049
vn 0.1267 -0.9917 0.0219
vn 0.6554 -0.7510 0.0802
vn 0.5899 -0.8025 0.0896
vn 0.1267 -0.9917 0.0219
vn 0.7742 -0.6300 0.0611
vn 0.6554 -0.7510 0.0802
vn 0.1267 -0.9917 0.0219
vn 0.8567 -0.5142 0.0404
vn 0.7742 -0.6300 0.0611
vn 0.1267 -0.9917 0.0219
vn 0.9030 -0.4289 0.0252
vn 0.8567 -0.5142 0.0404
vn 0.8728 -0.4646 -0.1493
vn 0.1267 -0.9917 0.0219
vn 0.8858 -0.0875 0.4557
vn 0.9030 -0.4289 0.0252
vn 1.0000 -0.0045 -0.0010
vn 0.9929 -0.1179 0.0143
vn 0.8858 -0.0875 0.4557
vn 0.1267 -0.9917 0.0219
vn -0.0428 -0.9604 -0.2755
vn 0.2216 -0.9616 -0.1621
vn 0.4754 -0.4900 0.7307
vn 0.8903 -0.1777 0.4193
vn 0.8858 -0.0875 0.4557
vn -0.2966 -0.7171 0.6308
vn -0.2966 -0.7171 0.6308
vn 0.0175 -0.9262 0.3767
vn 0.0316 -0.9992 0.0229
vn 0.1098 -0.9610 0.2538
vn -0.1456 -0.9515 0.2710
vn 0.0417 -0.3675 0.9291
vn 0.0956 -0.8794 0.4663
vn 0.2384 -0.9466 0.2172
vn 0.9954 -0.0006 0.0963
vn 0.9973 -0.0002 0.0732
vn 0.9972 -0.0308 -0.0677
vn 0.9972 -0.0308 -0.0677
vn 0.9973 -0.0002 0.0732
vn 0.9958 0.0002 0.0920
vn 0.2247 -0.9727 0.0580
vn 0.2384 -0.9466 0.2172
vn 0.0350 -0.9977 0.0581
vn 0.2384 -0.9466 0.2172
vn 0.1494 -0.9887 0.0113
vn 0.0350 -0.9977 0.0581
vn 0.2384 -0.9466 0.2172
vn 0.2308 -0.9728 0.0199
vn 0.1494 -0.9887 0.0113
vn 0.2384 -0.9466 0.2172
vn 0.5418 -0.8399 0.0325
vn 0.4580 -0.8880 0.0401
vn 0.5418 -0.8399 0.0325
vn 0.2384 -0.9466 0.2172
vn 0.7621 -0.6210 0.1830
vn 0.7621 -0.6210 0.1830
vn 0.6046 -0.7948 0.0522
vn 0.5418 -0.8399 0.0325
vn 0.7621 -0.6210 0.1830
vn 0.6934 -0.7179 0.0621
vn 0.6046 -0.7948 0.0522
vn 0.7423 -0.6666 0.0680
vn 0.6934 -0.7179 0.0621
vn 0.7621 -0.6210 0.1830
vn 0.7621 -0.6210 0.1830
vn 0.9251 -0.3717 0.0779
vn 0.8779 -0.4722 0.0797
vn 0.9251 -0.3717 0.0779
vn 0.7621 -0.6210 0.1830
vn 0.9972 -0.0308 -0.0677
vn 0.9972 -0.0308 -0.0677
vn 0.9600 -0.2662 0.0871
vn 0.9251 -0.3717 0.0779
vn 0.9958 0.0002 0.0920
vn 0.9931 -0.0737 0.0912
vn 0.9972 -0.0308 -0.0677
vn 0.9931 -0.0737 0.0912
vn 0.9823 -0.1642 0.0901
vn 0.9972 -0.0308 -0.0677
vn 0.9972 -0.0308 -0.0677
vn 0.9823 -0.1642 0.0901
vn 0.9600 -0.2662 0.0871
vn 0.2384 -0.9466 0.2172
vn 0.1691 -0.8409 0.5141
vn 0.7621 -0.6210 0.1830
vn 0.9972 -0.0308 -0.0677
vn 0.7621 -0.6210 0.1830
vn 0.9363 -0.0818 0.3415
vn -0.2047 0.0126 0.9787
vn -0.2047 0.0126 0.9787
vn -0.0448 -0.0335 0.9984
vn 0.6208 -0.2061 0.7564
vn 0.8903 -0.1777 0.4193
vn 0.9562 0.1335 0.2606
vn 0.0417 -0.3675 0.9291
vn -0.0448 -0.0335 0.9984
vn -0.0101 -0.0473 0.9988
vn -0.1961 -0.1784 0.9642
vn 0.2928 -0.0200 0.9560
vn 0.2338 -0.2320 0.9442
vn 0.0233 0.1326 0.9909
vn 0.5773 -0.4257 0.6968
vn -0.1961 -0.1784 0.9642
vn 0.8094 -0.0868 0.5808
vn 0.8094 -0.0868 0.5808
vn 0.8094 -0.0868 0.5808
vn -0.7679 -0.5405 0.3437
vn -0.7679 -0.5405 0.3437
vn -0.7679 -0.5405 0.3437
vn 0.2338 -0.2320 0.9442
vn 0.6208 -0.2061 0.7564
vn -0.1961 -0.1784 0.9642
vn 0.0417 -0.3675 0.9291
vn 0.2338 -0.2320 0.9442
vn 0.2928 -0.0200 0.9560
vn 0.0175 -0.9262 0.3767
vn -0.0428 -0.9604 -0.2755
vn 0.1892 -0.9464 -0.2618
vn 0.5773 -0.4257 0.6968
vn 0.0175 -0.9262 0.3767
vn 0.1892 -0.9464 -0.2618
vn 0.1892 -0.9464 -0.2618
vn 0.5968 -0.3566 -0.7188
vn 0.5773 -0.4257 0.6968
vn 0.5968 -0.3566 -0.7188
vn 0.8747 -0.0885 -0.4765
vn 0.5773 -0.4257 0.6968
vn 0.9363 -0.0818 0.3415
vn 0.5773 -0.4257 0.6968
vn 0.8747 -0.0885 -0.4765
vn 0.3057 0.9501 0.0614
vn 0.3057 0.9501 0.0614
vn 0.3057 0.9501 0.0614
vn -0.5096 0.8338 0.2123
vn -0.5096 0.8338 0.2123
vn -0.5096 0.8338 0.2123
vn -0.9818 0.1898 0.0010
vn -0.9818 0.1898 0.0010
vn -0.9947 0.0997 0.0234
vn -0.9947 0.0997 0.0234
vn -0.8839 -0.1331 -0.4483
vn -0.9712 0.2381 -0.0014
vn -0.9947 0.0997 0.0234
vn -0.9776 -0.2102 0.0057
vn -0.8839 -0.1331 -0.4483
vn -0.9660 0.2444 0.0843
vn -0.9947 0.0997 0.0234
vn -0.9660 0.2444 0.0843
vn -0.1120 -0.9937 -0.0106
vn -0.1120 -0.9937 -0.0106
vn -0.1120 -0.9937 -0.0106
vn 0.8903 -0.1777 0.4193
vn 0.9872 -0.0689 0.1435
vn 0.9872 -0.0689 0.1435
vn -0.0448 -0.0335 0.9984
vn 0.0417 -0.3675 0.9291
vn -0.4254 -0.0030 0.9050
vn 0.5773 -0.4257 0.6968
vn -0.0448 -0.0335 0.9984
vn -0.4254 -0.0030 0.9050
vn -0.4254 -0.0030 0.9050
vn 0.2928 -0.0200 0.9560
vn 0.5773 -0.4257 0.6968
vn -0.1961 -0.1784 0.9642
vn 0.5773 -0.4257 0.6968
vn 0.2928 -0.0200 0.9560
vn 0.2928 -0.0200 0.9560
vn -0.4254 -0.0030 0.9050
vn 0.0417 -0.3675 0.9291
vn -0.0987 0.8663 -0.4897
vn -0.0987 0.8663 -0.4897
vn -0.0337 0.4602 -0.8872
vn -0.7394 0.6640 0.1114
vn -0.7394 0.6640 0.1114
vn -0.7394 0.6640 0.1114
vn -0.3425 -0.9391 -0.0285
vn -0.3425 -0.9391 -0.0285
vn -0.3425 -0.9391 -0.0285
vn 0.1018 -0.9359 -0.3374
vn 0.1018 -0.9359 -0.3374
vn 0.0321 -0.4439 -0.8955
vn 0.7568 -0.6445 0.1085
vn 0.7568 -0.6445 0.1085
vn 0.7568 -0.6445 0.1085
vn 0.9058 0.2466 -0.3446
vn 0.9222 -0.3283 0.2043
vn 0.9222 -0.3283 0.2043
vn 0.9168 0.2919 0.2724
vn 0.9058 0.2466 -0.3446
vn 0.9168 0.2919 0.2724
vn 0.0919 -0.9951 0.0377
vn -0.0267 -0.9084 -0.4172
vn -0.0428 -0.9604 -0.2755
vn -0.0428 -0.9604 -0.2755
vn 0.1267 -0.9917 0.0219
vn 0.0919 -0.9951 0.0377
vn 0.0086 0.8238 -0.5668
vn 0.0086 0.8238 -0.5668
vn -0.0563 0.1678 -0.9842
vn -0.5241 0.8491 0.0652
vn -0.5241 0.8491 0.0652
vn -0.5241 0.8491 0.0652
vn -0.6111 0.3094 -0.7285
vn -0.6895 0.7196 -0.0823
vn -0.6895 0.7196 -0.0823
vn -0.5050 0.8472 0.1651
vn -0.5050 0.8472 0.1651
vn -0.5050 0.8472 0.1651
vn -0.2879 0.3018 -0.9089
vn -0.6111 0.3094 -0.7285
vn -0.3445 0.0352 -0.9381
vn -0.9784 0.0458 0.2016
vn -0.9784 0.0458 0.2016
vn -0.9784 0.0458 0.2016
vn -0.1887 0.9760 0.1085
vn -0.1887 0.9760 0.1085
vn -0.1887 0.9760 0.1085
vn -0.2103 0.9765 0.0466
vn -0.2103 0.9765 0.0466
vn -0.2103 0.9765 0.0466
vn 0.1892 -0.9464 -0.2618
vn -0.0428 -0.9604 -0.2755
vn -0.0448 -0.6543 -0.7549
vn -0.2879 0.3018 -0.9089
vn 0.0321 -0.4439 -0.8955
vn 0.1825 -0.1418 -0.9729
vn -0.5085 -0.2051 -0.8363
vn -0.2879 0.3018 -0.9089
vn 0.1825 -0.1418 -0.9729
vn 0.4597 -0.1381 -0.8773
vn 0.4597 -0.1381 -0.8773
vn 0.5425 -0.4665 -0.6986
vn -0.5085 -0.2051 -0.8363
vn -0.7674 -0.1334 -0.6271
vn -0.2879 0.3018 -0.9089
vn 0.2713 0.2647 -0.9254
vn -0.4361 0.2813 -0.8548
vn 0.0000 0.0000 -1.0000
vn -0.0000 -0.0000 -1.0000
vn -0.4361 0.2813 -0.8548
vn -0.0337 0.4602 -0.8872
vn -0.0337 0.4602 -0.8872
vn 0.5968 -0.3566 -0.7188
vn 0.0000 -0.0000 -1.0000
vn -0.4361 0.2813 -0.8548
vn -0.0000 0.0000 -1.0000
vn -0.0337 0.4602 -0.8872
vn 0.0000 0.0000 -1.0000
vn -0.4361 0.2813 -0.8548
vn 0.0000 0.0000 -1.0000
vn 0.0000 0.0000 -1.0000
vn 0.1825 -0.1418 -0.9729
vn 0.0000 0.0000 -1.0000
vn 0.1825 -0.1418 -0.9729
vn -0.0000 0.0000 -1.0000
vn -0.5085 -0.2051 -0.8363
vn 0.3029 0.5726 -0.7618
vn 0.2713 0.2647 -0.9254
vn 0.3029 0.5726 -0.7618
vn -0.2682 -0.0317 -0.9628
vn 0.0321 -0.4439 -0.8955
vn 0.2786 0.5231 -0.8055
vn -0.2879 0.3018 -0.9089
vn 0.2786 0.5231 -0.8055
vn 0.0321 -0.4439 -0.8955
vn -0.0337 0.4602 -0.8872
vn -0.2682 -0.0317 -0.9628
vn 0.0986 -0.0886 -0.9912
vn 0.0087 0.0666 -0.9977
vn 0.5968 -0.3566 -0.7188
vn -0.0337 0.4602 -0.8872
vn -0.2682 -0.0317 -0.9628
vn 0.2786 0.5231 -0.8055
vn 0.0911 -0.0524 -0.9945
vn -0.6111 0.3094 -0.7285
vn 0.2713 0.2647 -0.9254
vn -0.1314 -0.2436 -0.9609
vn -0.9570 0.2394 -0.1635
vn -0.9570 0.2394 -0.1635
vn -0.9570 0.2394 -0.1635
vn -0.0490 0.9528 -0.2997
vn 0.0498 0.9962 -0.0709
vn 0.2014 0.9668 -0.1574
vn -0.5288 -0.8418 -0.1080
vn -0.5288 -0.8418 -0.1080
vn -0.5288 -0.8418 -0.1080
vn -0.9499 -0.3091 -0.0469
vn -0.9499 -0.3091 -0.0469
vn -0.9499 -0.3091 -0.0469
vn -0.1073 -0.9772 0.1830
vn -0.1073 -0.9772 0.1830
vn -0.1073 -0.9772 0.1830
vn -0.1127 -0.9883 0.1028
vn -0.1127 -0.9883 0.1028
vn -0.1127 -0.9883 0.1028
vn -0.9096 -0.3583 -0.2105
vn -0.5639 0.0306 -0.8252
vn -0.9096 -0.3583 -0.2105
vn -0.9098 -0.3561 -0.2130
vn -0.9098 -0.3561 -0.2130
vn -0.9098 -0.3561 -0.2130
vn -0.8451 -0.1072 -0.5238
vn -0.1973 -0.3650 -0.9099
vn -0.8451 -0.1072 -0.5238
vn -0.3260 -0.0161 -0.9452
vn 0.0185 0.0118 -0.9998
vn 0.4412 -0.3278 -0.8354
vn 0.0561 0.1782 -0.9824
vn 0.0561 0.1782 -0.9824
vn 0.4412 -0.3278 -0.8354
vn 0.0121 -0.0162 -0.9998
vn 0.0600 -0.1027 -0.9929
vn -0.5639 0.0306 -0.8252
vn -0.0755 -0.1020 -0.9919
vn -0.5639 0.0306 -0.8252
vn 0.0600 -0.1027 -0.9929
vn 0.4412 -0.3278 -0.8354
vn 0.2466 0.0582 -0.9674
vn 0.0600 -0.1027 -0.9929
vn -0.0002 -0.0346 -0.9994
vn -0.0002 -0.0346 -0.9994
vn -0.3260 -0.0161 -0.9452
vn -0.0000 -0.0001 -1.0000
vn -0.0000 -0.0001 -1.0000
vn -0.3260 -0.0161 -0.9452
vn -0.1973 -0.3650 -0.9099
vn 0.0600 -0.1027 -0.9929
vn 0.2466 0.0582 -0.9674
vn 0.0375 0.0193 -0.9991
vn 0.0375 0.0193 -0.9991
vn -0.6994 -0.0947 -0.7085
vn -0.1424 -0.3262 -0.9345
vn -0.1973 -0.3650 -0.9099
vn 0.2466 0.0582 -0.9674
vn -0.6994 -0.0947 -0.7085
vn -0.8951 -0.2765 -0.3497
vn -0.8951 -0.2765 -0.3497
vn -0.1424 -0.3262 -0.9345
vn -0.1990 0.3379 -0.9199
vn 0.3838 -0.1627 -0.9090
vn -0.1424 -0.3262 -0.9345
vn 0.2466 0.0582 -0.9674
vn -0.1990 0.3379 -0.9199
vn 0.9701 0.0250 -0.2415
vn 0.9826 0.1327 -0.1299
vn 0.9946 0.0393 -0.0965
vn 0.9954 -0.0006 0.0963
vn 0.9943 -0.0698 0.0811
vn 0.9945 0.0016 0.1050
vn 0.9615 -0.0059 0.2746
vn 0.9946 0.0393 -0.0965
vn 0.9916 0.0035 0.1292
vn 0.9945 0.0016 0.1050
vn 0.9615 -0.0059 0.2746
vn 0.9916 0.0035 0.1292
vn 0.9943 -0.0698 0.0811
vn 0.9954 -0.0006 0.0963
vn 0.9972 -0.0308 -0.0677
vn 0.9970 0.0012 0.0772
vn 0.9957 0.0000 0.0922
vn 0.9958 0.0002 0.0920
vn 0.9958 0.0002 0.0920
vn 0.9973 -0.0002 0.0732
vn 0.9970 0.0012 0.0772
vn 0.9916 0.0035 0.1292
vn 0.9970 0.0012 0.0772
vn 0.9973 -0.0002 0.0732
vn 0.9973 -0.0002 0.0732
vn 0.9954 -0.0006 0.0963
vn 0.9916 0.0035 0.1292
vn 0.9945 0.0016 0.1050
vn 0.9916 0.0035 0.1292
vn 0.9954 -0.0006 0.0963
vn 0.0925 0.0061 0.9957
vn 0.0413 0.0000 0.9991
vn 0.0413 0.0000 0.9991
vn 0.0410 0.0000 0.9992
vn 0.1279 0.0086 0.9917
vn 0.0925 0.0061 0.9957
vn 0.2099 0.0023 0.9777
vn 0.0925 0.0061 0.9957
vn 0.1279 0.0086 0.9917
vn 0.1279 0.0086 0.9917
vn 0.2473 0.0106 0.9689
vn 0.2099 0.0023 0.9777
vn 0.3739 -0.0014 0.9275
vn 0.2099 0.0023 0.9777
vn 0.2473 0.0106 0.9689
vn 0.2473 0.0106 0.9689
vn 0.3592 0.0180 0.9331
vn 0.3739 -0.0014 0.9275
vn 0.3592 0.0180 0.9331
vn 0.4822 0.0118 0.8760
vn 0.3739 -0.0014 0.9275
vn 0.5252 -0.0044 0.8510
vn 0.3739 -0.0014 0.9275
vn 0.4822 0.0118 0.8760
vn 0.4822 0.0118 0.8760
vn 0.6047 0.0122 0.7964
vn 0.5252 -0.0044 0.8510
vn 0.3892 -0.0052 0.9211
vn 0.5252 -0.0044 0.8510
vn 0.6047 0.0122 0.7964
vn 0.3892 -0.0052 0.9211
vn 0.6047 0.0122 0.7964
vn 0.7244 0.0025 0.6893
vn 0.7244 0.0025 0.6893
vn 0.0001 -0.0062 1.0000
vn 0.3892 -0.0052 0.9211
vn 0.9524 -0.0046 0.3047
vn 0.9943 -0.0698 0.0811
vn 0.9796 -0.0062 -0.2007
vn 0.7244 0.0025 0.6893
vn 0.8026 0.0101 0.5964
vn 0.9524 -0.0046 0.3047
vn 0.8026 0.0101 0.5964
vn 0.8644 0.0029 0.5027
vn 0.9524 -0.0046 0.3047
vn 0.8671 -0.0081 0.4980
vn 0.9524 -0.0046 0.3047
vn 0.8644 0.0029 0.5027
vn 0.9195 -0.0029 0.3930
vn 0.8671 -0.0081 0.4980
vn 0.8644 0.0029 0.5027
vn 0.8644 0.0029 0.5027
vn 0.9170 -0.0002 0.3989
vn 0.9195 -0.0029 0.3930
vn 0.9195 -0.0029 0.3930
vn 0.9170 -0.0002 0.3989
vn 0.9587 -0.0038 0.2843
vn 0.9587 -0.0038 0.2843
vn 0.9583 -0.0025 0.2857
vn 0.9195 -0.0029 0.3930
vn 0.9844 0.0015 0.1761
vn 0.9583 -0.0025 0.2857
vn 0.9587 -0.0038 0.2843
vn 0.9587 -0.0038 0.2843
vn 0.9900 -0.0104 0.1408
vn 0.9844 0.0015 0.1761
vn 0.9945 0.0016 0.1050
vn 0.9844 0.0015 0.1761
vn 0.9900 -0.0104 0.1408
vn 0.9900 -0.0104 0.1408
vn 0.9615 -0.0059 0.2746
vn 0.9945 0.0016 0.1050
vn 0.4722 -0.4629 0.7502
vn 0.4722 -0.4629 0.7502
vn 0.9360 -0.0479 0.3486
vn 0.9844 0.0015 0.1761
vn 0.9945 0.0016 0.1050
vn 0.9943 -0.0698 0.0811
vn 0.8671 -0.0081 0.4980
vn 0.9195 -0.0029 0.3930
vn 0.9943 -0.0698 0.0811
vn 0.9524 -0.0046 0.3047
vn 0.8671 -0.0081 0.4980
vn 0.9943 -0.0698 0.0811
vn 0.5252 -0.0044 0.8510
vn 0.3892 -0.0052 0.9211
vn 0.9943 -0.0698 0.0811
vn 0.2871 0.0191 0.9577
vn 0.2099 0.0023 0.9777
vn 0.3739 -0.0014 0.9275
vn 0.4562 -0.1185 0.8820
vn 0.3739 -0.0014 0.9275
vn 0.5252 -0.0044 0.8510
vn 0.1943 0.1032 0.9755
vn 0.1943 0.1032 0.9755
vn 0.0925 0.0061 0.9957
vn 0.1641 0.1369 0.9769
vn 0.0925 0.0061 0.9957
vn 0.2099 0.0023 0.9777
vn 0.9943 -0.0698 0.0811
vn 0.9195 -0.0029 0.3930
vn 0.9583 -0.0025 0.2857
vn 0.9943 -0.0698 0.0811
vn 0.9583 -0.0025 0.2857
vn 0.9844 0.0015 0.1761
vn -0.0257 -0.9798 0.1985
vn -0.0257 -0.9798 0.1985
vn -0.0257 -0.9798 0.1985
vn 0.1279 0.0086 0.9917
vn 0.0385 0.1959 0.9799
vn 0.0385 0.1959 0.9799
vn 0.1606 0.2619 0.9516
vn 0.2473 0.0106 0.9689
vn 0.1279 0.0086 0.9917
vn 0.2724 0.3020 0.9136
vn 0.3592 0.0180 0.9331
vn 0.2473 0.0106 0.9689
vn 0.6517 0.2775 0.7059
vn 0.7244 0.0025 0.6893
vn 0.6047 0.0122 0.7964
vn 0.5206 0.3192 0.7919
vn 0.6047 0.0122 0.7964
vn 0.4822 0.0118 0.8760
vn 0.4822 0.0118 0.8760
vn 0.3592 0.0180 0.9331
vn 0.4039 0.3242 0.8554
vn 0.8026 0.0101 0.5964
vn 0.7244 0.0025 0.6893
vn 0.9946 0.0393 -0.0965
vn 0.8644 0.0029 0.5027
vn 0.8026 0.0101 0.5964
vn 0.9946 0.0393 -0.0965
vn 0.9946 0.0393 -0.0965
vn 0.9170 -0.0002 0.3989
vn 0.8644 0.0029 0.5027
vn 0.9946 0.0393 -0.0965
vn 0.9615 -0.0059 0.2746
vn 0.9900 -0.0104 0.1408
vn 0.9946 0.0393 -0.0965
vn 0.9900 -0.0104 0.1408
vn 0.9587 -0.0038 0.2843
vn 0.9946 0.0393 -0.0965
vn 0.9587 -0.0038 0.2843
vn 0.9170 -0.0002 0.3989
vn 0.9679 -0.0278 -0.2499
vn 0.9739 0.0320 -0.2246
vn 0.9946 0.0393 -0.0965
vn 0.9068 -0.0185 -0.4212
vn 0.2668 0.0257 -0.9634
vn 0.8304 0.0253 -0.5567
vn 0.8304 0.0253 -0.5567
vn 0.9360 -0.0479 0.3486
vn 0.9068 -0.0185 -0.4212
vn 0.9068 -0.0185 -0.4212
vn 0.9679 -0.0278 -0.2499
vn 0.9946 0.0393 -0.0965
vn 0.9946 0.0393 -0.0965
vn 0.9739 0.0320 -0.2246
vn 0.9281 0.3537 0.1161
vn 0.4016 -0.0161 -0.9157
vn 0.1738 -0.0013 -0.9848
vn 0.4016 -0.0161 -0.9157
vn 0.8747 -0.0885 -0.4765
vn 0.9757 0.2189 0.0065
vn 0.9363 -0.0818 0.3415
vn 0.9363 -0.0818 0.3415
vn 0.9937 -0.0151 -0.1108
vn 0.9937 -0.0151 -0.1108
vn 0.9972 -0.0308 -0.0677
vn 0.9363 -0.0818 0.3415
vn 0.9956 -0.0104 -0.0936
vn 0.9766 -0.1282 0.1728
vn 0.9766 -0.1282 0.1728
vn 0.9679 -0.0278 -0.2499
vn 0.9679 -0.0278 -0.2499
vn 0.8941 0.0208 -0.4473
vn 0.8941 0.0208 -0.4473
vn 0.9701 0.0250 -0.2415
vn 0.7763 -0.1944 -0.5996
vn 0.7557 0.0654 0.6516
vn 0.8408 0.1567 -0.5182
vn 0.7557 0.0654 0.6516
vn 0.9574 -0.0366 0.2866
vn 0.9943 -0.0698 0.0811
vn 0.9972 -0.0308 -0.0677
vn 0.9946 -0.0168 -0.1028
vn 0.9946 0.0393 -0.0965
vn 0.9692 0.0096 -0.2462
vn 0.9701 0.0250 -0.2415
vn 0.9755 -0.1284 0.1787
vn 0.9679 -0.0278 -0.2499
vn 0.9943 -0.0698 0.0811
vn 0.9701 0.0250 -0.2415
vn 0.1738 -0.0013 -0.9848
vn 0.7307 0.0596 -0.6801
vn 0.1073 0.9772 -0.1830
vn 0.1073 0.9772 -0.1830
vn 0.1073 0.9772 -0.1830
vn 0.9617 0.1520 0.2280
vn 0.9617 0.1520 0.2280
vn 0.9617 0.1520 0.2280
vn 0.0241 0.7680 -0.6400
vn -0.0402 0.7676 -0.6397
vn -0.0149 0.9975 -0.0688
vn 0.0358 0.5402 0.8408
vn 0.0358 0.5402 0.8408
vn 0.0358 0.5402 0.8408
vn -0.9368 -0.0000 -0.3500
vn -0.9368 -0.0000 -0.3500
vn -0.9368 -0.0000 -0.3500
vn -0.7456 0.6664 0.0000
vn -0.0149 0.9975 -0.0688
vn -0.7456 0.6664 0.0000
vn -0.0741 0.9109 -0.4058
vn -0.0741 0.9109 -0.4058
vn -0.1160 0.4216 -0.8993
vn -0.6391 0.6850 -0.3497
vn -0.6391 0.6850 -0.3497
vn -0.6391 0.6850 -0.3497
vn -0.0408 0.9868 0.1568
vn -0.0408 0.9868 0.1568
vn -0.0408 0.9868 0.1568
vn -0.9485 0.3168 0.0000
vn -0.7413 -0.0012 -0.6712
vn -0.8632 0.0084 -0.5048
vn -0.7413 -0.0012 -0.6712
vn -0.5718 0.2155 -0.7916
vn -0.8995 -0.0061 -0.4369
vn -0.8995 -0.0061 -0.4369
vn -0.8632 0.0084 -0.5048
vn -0.7413 -0.0012 -0.6712
vn -0.0928 0.0041 -0.9957
vn -0.0448 -0.0717 -0.9964
vn -0.5718 0.2155 -0.7916
vn -0.5247 -0.2572 0.8115
vn -0.5247 -0.2572 0.8115
vn -0.5247 -0.2572 0.8115
vn -0.0448 -0.0717 -0.9964
vn 0.0152 -0.7107 -0.7034
vn 0.0152 -0.7107 -0.7034
vn -0.0448 -0.0717 -0.9964
vn -0.0000 -0.6008 -0.7994
vn 0.0006 0.1200 -0.9928
vn -0.8624 -0.1827 0.4721
vn -0.8624 -0.1827 0.4721
vn -0.8624 -0.1827 0.4721
vn -1.0000 0.0000 0.0000
vn -1.0000 0.0000 0.0000
vn -1.0000 0.0000 0.0000
vn -0.0480 -0.3446 -0.9375
vn -0.2780 -0.7379 -0.6150
vn -0.2780 -0.7379 -0.6150
vn -0.0164 -0.9230 -0.3846
vn 0.0000 -1.0000 0.0000
vn 0.0000 -1.0000 0.0000
vn -0.0000 -1.0000 0.0000
vn -0.0000 -1.0000 0.0000
vn -0.0164 -0.9230 -0.3846
vn 0.5584 -0.8296 0.0000
vn 0.5584 -0.8296 0.0000
vn 0.5584 -0.8296 0.0000
vn 0.4250 -0.7171 -0.5524
vn 0.4250 -0.7171 -0.5524
vn 0.4250 -0.7171 -0.5524
vn 0.0275 0.1525 -0.9879
vn -0.0358 -0.5898 -0.8068
vn -0.0358 -0.5898 -0.8068
vn 0.0000 0.1853 -0.9827
vn -0.0480 -0.3446 -0.9375
vn -0.0877 -0.1436 -0.9857
vn -0.0480 -0.3446 -0.9375
vn -0.0267 -0.9084 -0.4172
vn -0.1596 -0.6363 -0.7547
vn -0.5718 0.2155 -0.7916
vn -0.1345 0.0004 -0.9909
vn -0.0470 0.0981 -0.9941
vn 0.0000 -0.0000 -1.0000
vn 0.0000 -0.0000 -1.0000
vn -0.1345 0.0004 -0.9909
vn -0.1345 0.0004 -0.9909
vn -0.1886 -0.0069 -0.9820
vn 0.0000 0.0000 -1.0000
vn -0.0124 -0.0226 -0.9997
vn -0.1158 -0.2445 -0.9627
vn -0.1886 -0.0069 -0.9820
vn 0.0060 0.9789 -0.2045
vn 0.0498 0.9962 -0.0709
vn 0.0275 0.1525 -0.9879
vn 0.0275 0.1525 -0.9879
vn 0.0498 0.9962 -0.0709
vn 0.0811 0.7406 -0.6670
vn -0.6499 0.3942 -0.6498
vn -0.6499 0.3942 -0.6498
vn -0.6499 0.3942 -0.6498
vn -0.1482 0.9427 -0.2989
vn -0.1482 0.9427 -0.2989
vn -0.1482 0.9427 -0.2989
vn 0.7440 -0.5858 -0.3214
vn 0.7440 -0.5858 -0.3214
vn 0.0306 -0.7259 -0.6871
vn -0.9617 -0.1520 -0.2280
vn -0.9617 -0.1520 -0.2280
vn -0.9617 -0.1520 -0.2280
vn -0.0953 -0.0118 -0.9954
vn -0.0755 -0.1020 -0.9919
vn 0.0081 0.0179 -0.9998
vn -0.1160 0.4216 -0.8993
vn 0.1797 -0.1612 -0.9704
vn 0.1797 -0.1612 -0.9704
vn -0.8891 -0.1955 -0.4138
vn -0.8891 -0.1955 -0.4138
vn -0.8891 -0.1955 -0.4138
vn 0.8624 0.1827 -0.4721
vn 0.8624 0.1827 -0.4721
vn 0.2283 0.2656 -0.9366
vn 0.7994 0.4036 -0.4451
vn 0.2793 0.9270 -0.2501
vn 0.3394 0.3214 -0.8840
vn -0.0480 -0.3446 -0.9375
vn -0.1827 -0.6297 -0.7550
vn -0.1827 -0.6297 -0.7550
vn 0.9675 -0.2220 -0.1211
vn 0.9675 -0.2220 -0.1211
vn 0.9675 -0.2220 -0.1211
vn -0.8352 -0.1163 0.5376
vn -0.7263 -0.4153 0.5478
vn -0.7088 0.0007 0.7054
vn -0.7088 0.0007 0.7054
vn -0.7263 -0.4153 0.5478
vn -0.9549 -0.1756 0.2396
vn -0.9549 -0.1756 0.2396
vn -0.9821 -0.1865 -0.0259
vn -0.7088 0.0007 0.7054
vn 0.9817 -0.1788 -0.0658
vn 0.9817 -0.1788 -0.0658
vn 0.9817 -0.1788 -0.0658
vn -0.5474 0.3224 0.7723
vn -0.5404 -0.1368 0.8302
vn -0.3827 0.1499 0.9116
vn -0.1308 -0.0239 0.9911
vn -0.1568 -0.0730 0.9849
vn -0.5862 -0.3142 0.7467
vn -0.5862 -0.3142 0.7467
vn -0.5404 -0.1368 0.8302
vn -0.1308 -0.0239 0.9911
vn -0.5404 -0.1368 0.8302
vn -0.5862 -0.3142 0.7467
vn -0.0034 -0.0013 1.0000
vn -0.6506 -0.4061 0.6417
vn -0.1562 -0.1283 0.9794
vn -0.1568 -0.0730 0.9849
vn -0.5404 -0.1368 0.8302
vn -0.0034 -0.0013 1.0000
vn -0.3827 0.1499 0.9116
vn -0.0065 -0.3959 0.9183
vn -0.0180 -0.0540 0.9984
vn -0.0463 -0.1819 0.9822
vn -0.6506 -0.4061 0.6417
vn -0.1046 -0.0815 0.9912
vn -0.1562 -0.1283 0.9794
vn -0.0874 0.3177 0.9442
vn -0.3261 0.4935 0.8063
vn -0.0004 0.0200 0.9998
vn -0.0004 0.0200 0.9998
vn 0.0124 0.0185 0.9998
vn 0.0440 0.3115 0.9492
vn 0.0267 -0.0004 0.9996
vn 0.0244 0.0100 0.9997
vn 0.8585 0.3597 0.3656
vn 0.0244 0.0100 0.9997
vn 0.0152 -0.0074 0.9999
vn 0.1076 -0.0227 0.9939
vn -0.0380 -0.1219 0.9918
vn -0.0065 -0.3959 0.9183
vn -0.0380 -0.1219 0.9918
vn 0.0000 0.0000 1.0000
vn 0.0000 0.0000 1.0000
vn 0.0000 0.0000 1.0000
vn -0.0001 -0.0000 1.0000
vn -0.1308 -0.0239 0.9911
vn -0.0001 -0.0000 1.0000
vn -0.1568 -0.0730 0.9849
vn -0.1308 -0.0239 0.9911
vn 0.0000 0.0000 1.0000
vn 0.4994 0.7823 0.3722
vn -0.0588 0.9501 0.3065
vn 0.0124 0.0185 0.9998
vn -0.0908 -0.1324 0.9870
vn -0.0908 -0.1324 0.9870
vn -0.1562 -0.1283 0.9794
vn 0.8889 -0.2141 0.4050
vn 0.8585 0.3597 0.3656
vn 0.0244 0.0100 0.9997
vn 0.0190 0.0097 0.9998
vn 0.0267 -0.0004 0.9996
vn 0.8585 0.3597 0.3656
vn 0.6022 -0.6648 0.4421
vn 0.8889 -0.2141 0.4050
vn 0.0152 -0.0074 0.9999
vn 0.0152 -0.0074 0.9999
vn 0.0053 -0.0352 0.9994
vn 0.0677 -0.0996 0.9927
vn 0.6022 -0.6648 0.4421
vn 0.0053 -0.0352 0.9994
vn 0.1432 -0.3307 0.9328
vn -0.6897 0.3324 0.6432
vn -0.5474 0.3224 0.7723
vn -0.3827 0.1499 0.9116
vn 0.8585 0.3597 0.3656
vn 0.4994 0.7823 0.3722
vn 0.2491 0.2224 0.9426
vn -0.7664 0.5230 0.3729
vn -0.6897 0.3324 0.6432
vn -0.3208 0.0776 0.9440
vn -0.3261 0.4935 0.8063
vn -0.1183 0.1062 0.9873
vn -0.0428 0.0343 0.9985
vn 0.7544 0.6178 0.2218
vn 0.7544 0.6178 0.2218
vn 0.8585 0.3597 0.3656
vn 0.0053 -0.0352 0.9994
vn -0.0065 -0.3959 0.9183
vn -0.0086 -0.4009 0.9161
vn -0.2623 -0.0614 0.9630
vn -0.2623 -0.0614 0.9630
vn -0.5474 0.3224 0.7723
vn 0.2491 0.2224 0.9426
vn 0.0458 0.0346 0.9984
vn 0.0124 0.0185 0.9998
vn -0.3208 0.0776 0.9440
vn -0.0428 0.0343 0.9985
vn -0.1057 0.0734 0.9917
vn -0.3827 0.1499 0.9116
vn -0.3208 0.0776 0.9440
vn -0.6897 0.3324 0.6432
vn -0.5862 -0.3142 0.7467
vn -0.1568 -0.0730 0.9849
vn -0.7563 -0.3591 0.5469
vn -0.1562 -0.1283 0.9794
vn -0.0034 -0.0013 1.0000
vn -0.1568 -0.0730 0.9849
vn -0.0180 -0.0540 0.9984
vn -0.1562 -0.1283 0.9794
vn -0.4472 -0.8061 0.3876
vn 0.0124 0.0185 0.9998
vn 0.0190 0.0097 0.9998
vn 0.2491 0.2224 0.9426
vn 0.0152 -0.0074 0.9999
vn 0.0244 0.0100 0.9997
vn -0.0034 -0.0013 1.0000
vn 0.0053 -0.0352 0.9994
vn 0.0152 -0.0074 0.9999
vn -0.0034 -0.0013 1.0000
vn -0.0065 -0.3959 0.9183
vn 0.0053 -0.0352 0.9994
vn -0.0034 -0.0013 1.0000
vn -0.0180 -0.0540 0.9984
vn -0.0065 -0.3959 0.9183
vn -0.0034 -0.0013 1.0000
vn -0.1562 -0.1283 0.9794
vn -0.0180 -0.0540 0.9984
vn -0.0034 -0.0013 1.0000
vn -0.3208 0.0776 0.9440
vn -0.3827 0.1499 0.9116
vn -0.0034 -0.0013 1.0000
vn -0.0428 0.0343 0.9985
vn -0.3208 0.0776 0.9440
vn -0.0034 -0.0013 1.0000
vn -0.3261 0.4935 0.8063
vn -0.0428 0.0343 0.9985
vn -0.0034 -0.0013 1.0000
vn -0.0004 0.0200 0.9998
vn -0.3261 0.4935 0.8063
vn -0.0034 -0.0013 1.0000
vn 0.0124 0.0185 0.9998
vn -0.0004 0.0200 0.9998
vn -0.0034 -0.0013 1.0000
vn 0.0190 0.0097 0.9998
vn 0.0124 0.0185 0.9998
vn -0.0034 -0.0013 1.0000
vn 0.0267 -0.0004 0.9996
vn 0.0190 0.0097 0.9998
vn -0.0034 -0.0013 1.0000
vn 0.0244 0.0100 0.9997
vn 0.0267 -0.0004 0.9996
vn -0.0034 -0.0013 1.0000
vn -0.7088 0.0007 0.7054
vn -0.8334 0.2576 0.4889
vn -0.9932 -0.0218 0.1146
vn -0.8352 -0.1163 0.5376
vn -0.7088 0.0007 0.7054
vn -0.4929 -0.0415 0.8691
vn -0.4495 0.1352 -0.8830
vn -0.4007 0.8183 -0.4121
vn -0.4495 0.1352 -0.8830
vn -0.1729 0.9411 0.2906
vn -0.1729 0.9411 0.2906
vn -0.4007 0.8183 -0.4121
vn -0.5186 -0.7714 -0.3689
vn -0.5186 -0.7714 -0.3689
vn -0.5186 -0.7714 -0.3689
vn 0.8004 0.5852 0.1299
vn 0.8004 0.5852 0.1299
vn 0.8004 0.5852 0.1299
vn 0.6770 -0.0068 -0.7359
vn 0.6770 -0.0068 -0.7359
vn 0.6770 -0.0068 -0.7359
vn 0.9874 -0.1555 -0.0285
vn 0.9874 -0.1555 -0.0285
vn 0.9874 -0.1555 -0.0285
vn -0.8334 0.2576 0.4889
vn -0.6001 0.6724 0.4334
vn -0.9892 0.0143 0.1457
vn -0.9892 0.0143 0.1457
vn -0.9864 -0.0004 0.1645
vn -0.9932 -0.0218 0.1146
vn -0.9892 0.0143 0.1457
vn -0.9932 -0.0218 0.1146
vn -0.8334 0.2576 0.4889
vn -0.9864 -0.0004 0.1645
vn -0.9929 -0.0678 0.0979
vn -0.9051 -0.2433 0.3487
vn -0.6881 -0.5936 0.4173
vn -0.9051 -0.2433 0.3487
vn -0.9929 -0.0678 0.0979
vn -0.9458 0.2931 -0.1397
vn -0.9915 -0.0020 -0.1299
vn -0.9910 0.1014 0.0876
vn -0.9071 0.4026 -0.1227
vn -0.9458 0.2931 -0.1397
vn -0.9910 0.1014 0.0876
vn -0.9607 0.2635 0.0876
vn -0.9071 0.4026 -0.1227
vn -0.9910 0.1014 0.0876
vn -0.9631 0.2345 0.1320
vn -0.9607 0.2635 0.0876
vn -0.9910 0.1014 0.0876
vn -0.9910 0.1014 0.0876
vn -0.9534 0.2891 0.0862
vn -0.9631 0.2345 0.1320
vn -0.9534 0.2891 0.0862
vn -0.9892 0.0143 0.1457
vn -0.9631 0.2345 0.1320
vn -0.9894 -0.0599 0.1325
vn -0.6881 -0.5936 0.4173
vn -0.9929 -0.0678 0.0979
vn -0.9917 -0.1111 0.0648
vn -0.9510 -0.2966 0.0878
vn -0.9929 -0.0678 0.0979
vn -0.9929 -0.0678 0.0979
vn -0.9672 -0.2392 0.0850
vn -0.9917 -0.1111 0.0648
vn -0.9672 -0.2392 0.0850
vn -0.9997 -0.0218 -0.0126
vn -0.9917 -0.1111 0.0648
vn -0.9997 -0.0218 -0.0126
vn -0.9914 -0.0510 -0.1208
vn -0.9742 -0.2255 0.0029
vn -0.9051 -0.2433 0.3487
vn -0.8352 -0.1163 0.5376
vn -0.9864 -0.0004 0.1645
vn -0.9997 -0.0218 -0.0126
vn -0.9742 -0.2255 0.0029
vn -0.9917 -0.1111 0.0648
vn -0.9864 -0.0004 0.1645
vn -0.8352 -0.1163 0.5376
vn -0.9932 -0.0218 0.1146
vn -0.9915 -0.0020 -0.1299
vn -0.9914 -0.0510 -0.1208
vn -0.9997 -0.0218 -0.0126
vn -0.9997 -0.0218 -0.0126
vn -0.9980 0.0004 -0.0625
vn -0.9915 -0.0020 -0.1299
vn -0.9980 0.0004 -0.0625
vn -0.9910 0.1014 0.0876
vn -0.9915 -0.0020 -0.1299
vn -0.6001 0.6724 0.4334
vn -0.9631 0.2345 0.1320
vn -0.9892 0.0143 0.1457
vn -0.9510 -0.2966 0.0878
vn -0.9756 0.0497 0.2137
vn -0.9929 -0.0678 0.0979
vn 0.0835 -0.2987 0.9507
vn 0.0835 -0.2987 0.9507
vn 0.0835 -0.2987 0.9507
vn 0.0875 0.0000 0.9962
vn 0.0875 0.0000 0.9962
vn 0.0875 0.0000 0.9962
vn 0.6735 0.0085 0.7392
vn 0.6735 0.0085 0.7392
vn 0.8550 -0.0040 0.5186
vn 0.0285 0.9453 0.3251
vn 0.0285 0.9453 0.3251
vn 0.0285 0.9453 0.3251
vn 0.0000 1.0000 0.0000
vn 0.0000 1.0000 0.0000
vn 0.0000 1.0000 0.0000
vn 0.6578 0.7504 -0.0652
vn 0.6578 0.7504 -0.0652
vn 0.8225 0.5645 -0.0694
vn -0.0829 0.3224 -0.9430
vn -0.0829 0.3224 -0.9430
vn -0.0829 0.3224 -0.9430
vn -0.0875 0.0000 -0.9962
vn -0.0875 0.0000 -0.9962
vn -0.0875 0.0000 -0.9962
vn 0.6162 -0.0096 -0.7875
vn 0.6162 -0.0096 -0.7875
vn 0.7782 0.0029 -0.6280
vn -0.0284 -0.9457 -0.3237
vn -0.0284 -0.9457 -0.3237
vn -0.0284 -0.9457 -0.3237
vn 0.0000 -1.0000 0.0000
vn 0.0000 -1.0000 0.0000
vn 0.0000 -1.0000 0.0000
vn 0.7198 -0.6920 -0.0546
vn 0.7198 -0.6920 -0.0546
vn 0.8311 -0.5510 -0.0749
vn 0.9603 0.1391 0.2419
vn 0.9603 0.1391 0.2419
vn 0.9852 0.0018 0.1716
vn 0.7126 -0.0123 -0.7014
vn 0.9962 0.0000 -0.0871
vn 0.9410 -0.0007 -0.3385
vn 0.9410 -0.0007 -0.3385
vn 0.7782 0.0029 -0.6280
vn 0.7126 -0.0123 -0.7014
vn 0.7782 0.0029 -0.6280
vn 0.8927 0.1484 -0.4255
vn 0.7126 -0.0123 -0.7014
vn 0.8451 0.0232 0.5341
vn 0.9962 0.0000 -0.0871
vn 0.9852 0.0018 0.1716
vn 0.9852 0.0018 0.1716
vn 0.8550 -0.0040 0.5186
vn 0.8451 0.0232 0.5341
vn 0.8550 -0.0040 0.5186
vn 0.9308 -0.1723 0.3223
vn 0.8451 0.0232 0.5341
vn 0.9294 -0.1150 -0.3506
vn 0.9410 -0.0007 -0.3385
vn 0.9294 -0.1150 -0.3506
vn 0.9464 -0.1830 -0.2662
vn 0.7126 -0.0123 -0.7014
vn 0.9464 -0.1830 -0.2662
vn 0.9729 -0.2000 0.1159
vn 0.9729 -0.2000 0.1159
vn 0.9729 -0.2000 0.1159
vn 0.9463 0.1831 -0.2664
vn 0.7819 0.6043 -0.1531
vn 0.9463 0.1831 -0.2664
vn 0.9611 -0.2741 0.0338
vn 0.9611 -0.2741 0.0338
vn 0.9631 -0.2557 -0.0836
vn 0.9962 -0.0002 -0.0872
vn 0.9962 -0.0002 -0.0872
vn 0.9631 -0.2557 -0.0836
vn 0.9631 -0.2557 -0.0836
vn 0.8311 -0.5510 -0.0749
vn 0.9962 0.0002 -0.0871
vn 0.8311 -0.5510 -0.0749
vn 0.9111 -0.3436 -0.2276
vn 0.9111 -0.3436 -0.2276
vn 0.9688 0.2121 0.1283
vn 0.8451 0.0232 0.5341
vn 0.9688 0.2121 0.1283
vn 0.9256 0.3116 -0.2151
vn 0.9256 0.3116 -0.2151
vn 0.9625 0.2574 -0.0855
vn 0.7819 0.6043 -0.1531
vn 0.9962 -0.0002 -0.0872
vn 0.9625 0.2574 -0.0855
vn 0.9625 0.2574 -0.0855
vn 0.8225 0.5645 -0.0694
vn 0.7819 0.6043 -0.1531
vn 0.8225 0.5645 -0.0694
vn 0.9335 0.3518 0.0696
vn 0.7819 0.6043 -0.1531
vn 0.0732 -0.7008 -0.7096
vn 0.0732 -0.7008 -0.7096
vn 0.0732 -0.7008 -0.7096
vn -0.3151 -0.9380 0.1442
vn -0.3151 -0.9380 0.1442
vn -0.8038 -0.5881 0.0896
vn -0.8038 -0.5881 0.0896
vn -0.7796 -0.6244 0.0490
vn -0.9609 -0.2168 0.1723
vn -0.5966 -0.7975 -0.0894
vn -0.9609 -0.2168 0.1723
vn -0.7796 -0.6244 0.0490
vn 0.0617 -0.7070 0.7045
vn 0.4380 -0.0091 0.8989
vn 0.0617 -0.7070 0.7045
vn 0.0872 0.0000 0.9962
vn 0.0872 0.0000 0.9962
vn 0.4380 -0.0091 0.8989
vn 0.4380 -0.0091 0.8989
vn 0.0872 -0.0000 0.9962
vn 0.0872 -0.0000 0.9962
vn 0.0617 0.7070 0.7045
vn 0.0617 0.7070 0.7045
vn 0.0617 0.7070 0.7045
vn 0.0617 0.7070 0.7045
vn 0.3549 0.9346 -0.0233
vn 0.0617 0.7070 0.7045
vn 0.0000 1.0000 0.0000
vn 0.0000 1.0000 0.0000
vn 0.3549 0.9346 -0.0233
vn 0.3549 0.9346 -0.0233
vn 0.0000 1.0000 0.0000
vn 0.0000 1.0000 0.0000
vn -0.0788 -0.4267 -0.9009
vn -0.0788 -0.4267 -0.9009
vn -0.0788 -0.4267 -0.9009
vn -0.9639 0.2252 -0.1418
vn -0.7138 0.0341 -0.6995
vn -0.9825 0.0870 -0.1648
vn -0.9647 -0.1289 -0.2297
vn -0.9825 0.0870 -0.1648
vn -0.7138 0.0341 -0.6995
vn -0.7138 0.0341 -0.6995
vn -0.2285 -0.0000 -0.9736
vn -0.2285 -0.0000 -0.9736
vn -0.8268 -0.0248 -0.5620
vn -0.5718 0.2155 -0.7916
vn -0.7413 -0.0012 -0.6712
vn 0.8487 0.0254 -0.5283
vn 0.8487 0.0254 -0.5283
vn 0.8487 0.0254 -0.5283
vn 0.0093 0.0099 -0.9999
vn 0.0000 0.0000 -1.0000
vn 0.0000 0.0000 -1.0000
vn 0.0191 -0.5379 -0.8428
vn 0.0275 0.1525 -0.9879
vn 0.0093 0.0099 -0.9999
vn 0.0257 -0.3838 -0.9231
vn 0.0000 0.0000 -1.0000
vn -0.0133 0.0193 -0.9997
vn -0.1583 0.2553 -0.9538
vn -0.0124 -0.0226 -0.9997
vn -0.0779 0.1862 -0.9794
vn -0.0124 -0.0226 -0.9997
vn -0.1214 -0.2540 -0.9596
vn -0.1133 0.0132 -0.9935
vn -0.1133 0.0132 -0.9935
vn -0.0928 0.0041 -0.9957
vn -0.0124 -0.0226 -0.9997
vn -0.0928 0.0041 -0.9957
vn -0.1133 0.0132 -0.9935
vn -0.0847 -0.0043 -0.9964
vn -0.0847 -0.0043 -0.9964
vn -0.0448 -0.0717 -0.9964
vn -0.0928 0.0041 -0.9957
vn 0.0278 0.0179 -0.9995
vn 0.0171 0.4808 -0.8766
vn -0.0133 0.0193 -0.9997
vn -0.0154 -0.1014 -0.9947
vn -0.0000 -0.6008 -0.7994
vn -0.0448 -0.0717 -0.9964
vn -0.0175 0.0736 -0.9971
vn -0.0261 0.0718 -0.9971
vn -0.0779 0.1862 -0.9794
vn 0.2283 0.2656 -0.9366
vn 0.0006 0.1200 -0.9928
vn -0.0018 -0.0611 -0.9981
vn 0.0093 0.0099 -0.9999
vn -0.0953 -0.0118 -0.9954
vn 0.0081 0.0179 -0.9998
vn 0.0238 -0.0068 -0.9997
vn 0.0081 0.0179 -0.9998
vn -0.0755 -0.1020 -0.9919
vn -0.0448 -0.0717 -0.9964
vn -0.0847 -0.0043 -0.9964
vn -0.1687 0.0056 -0.9857
vn -0.1687 0.0056 -0.9857
vn -0.2446 0.1652 -0.9554
vn -0.0448 -0.0717 -0.9964
vn 0.1203 0.1145 -0.9861
vn 0.0093 0.0099 -0.9999
vn 0.0238 -0.0068 -0.9997
vn 0.0093 0.0099 -0.9999
vn -0.0053 0.0063 -1.0000
vn -0.0261 0.0718 -0.9971
vn 0.0238 -0.0068 -0.9997
vn 0.0093 0.0099 -0.9999
vn 0.0081 0.0179 -0.9998
vn 0.0296 -0.0504 -0.9983
vn -0.1132 0.0399 -0.9928
vn -0.0563 0.1678 -0.9842
vn -0.0018 -0.0611 -0.9981
vn 0.0296 -0.0504 -0.9983
vn 0.0278 0.0179 -0.9995
vn 0.0296 -0.0504 -0.9983
vn -0.0563 0.1678 -0.9842
vn 0.0278 0.0179 -0.9995
vn 0.0295 0.0557 -0.9980
vn -0.1053 0.0146 -0.9943
vn 0.0296 -0.0504 -0.9983
vn 0.0296 -0.0504 -0.9983
vn 0.0491 0.0258 -0.9985
vn 0.0295 0.0557 -0.9980
vn 0.0935 -0.0020 -0.9956
vn 0.0295 0.0557 -0.9980
vn 0.0491 0.0258 -0.9985
vn 0.0491 0.0258 -0.9985
vn 0.0117 -0.0336 -0.9994
vn 0.0935 -0.0020 -0.9956
vn 0.0238 -0.0068 -0.9997
vn -0.5291 -0.5337 -0.6597
vn 0.0117 -0.0336 -0.9994
vn 0.0117 -0.0336 -0.9994
vn -0.4865 -0.4908 -0.7228
vn 0.0238 -0.0068 -0.9997
vn -0.0023 -0.0652 -0.9979
vn 0.2283 0.2656 -0.9366
vn -0.0018 -0.0611 -0.9981
vn -0.3445 0.0352 -0.9381
vn -0.1132 0.0399 -0.9928
vn 0.0296 -0.0504 -0.9983
vn 0.0244 -0.0507 -0.9984
vn -0.3445 0.0352 -0.9381
vn 0.0296 -0.0504 -0.9983
vn -0.0890 0.5457 -0.8333
vn 0.0244 -0.0507 -0.9984
vn 0.0296 -0.0504 -0.9983
vn -0.0953 -0.0118 -0.9954
vn 0.0093 0.0099 -0.9999
vn 0.0275 0.1525 -0.9879
vn 0.1738 -0.0013 -0.9848
vn 0.0238 -0.0068 -0.9997
vn -0.0755 -0.1020 -0.9919
vn -0.0133 0.0193 -0.9997
vn -0.0018 -0.0611 -0.9981
vn 0.0278 0.0179 -0.9995
vn -0.0018 -0.0611 -0.9981
vn -0.0133 0.0193 -0.9997
vn -0.0524 0.1852 -0.9813
vn -0.0018 -0.0611 -0.9981
vn -0.0524 0.1852 -0.9813
vn 0.2244 0.0942 -0.9699
vn 0.0542 -0.2037 -0.9775
vn 0.0093 0.0099 -0.9999
vn -0.0261 0.0718 -0.9971
vn 0.0296 -0.0504 -0.9983
vn -0.1053 0.0146 -0.9943
vn -0.0890 0.5457 -0.8333
vn -0.0124 -0.0226 -0.9997
vn 0.2047 -0.3371 -0.9189
vn -0.0779 0.1862 -0.9794
vn -0.1424 -0.3262 -0.9345
vn 0.1738 -0.0013 -0.9848
vn -0.0755 -0.1020 -0.9919
vn 0.2047 -0.3371 -0.9189
vn -0.0175 0.0736 -0.9971
vn -0.0779 0.1862 -0.9794
vn 0.1774 0.0467 -0.9830
vn 0.0542 -0.2037 -0.9775
vn -0.0261 0.0718 -0.9971
vn -0.5279 -0.1668 -0.8327
vn -0.0953 -0.0118 -0.9954
vn 0.0275 0.1525 -0.9879
vn -0.0261 0.0718 -0.9971
vn -0.0175 0.0736 -0.9971
vn 0.1805 -0.0066 -0.9836
vn 0.1805 -0.0066 -0.9836
vn 0.1774 0.0467 -0.9830
vn -0.0261 0.0718 -0.9971
vn 0.2244 0.0942 -0.9699
vn -0.0023 -0.0652 -0.9979
vn -0.0018 -0.0611 -0.9981
vn -0.3984 -0.0250 -0.9169
vn -0.3984 -0.0250 -0.9169
vn -0.1687 0.0056 -0.9857
vn -1.0000 0.0000 0.0000
vn -1.0000 0.0000 0.0000
vn -1.0000 0.0000 0.0000
vn -0.0847 -0.0043 -0.9964
vn -0.3144 0.0259 -0.9489
vn -0.3144 0.0259 -0.9489
vn -0.3181 0.0310 -0.9475
vn -0.0847 -0.0043 -0.9964
vn -0.1133 0.0132 -0.9935
vn 0.2603 0.0263 -0.9652
vn 0.8460 0.2382 -0.4770
vn 0.0117 -0.0336 -0.9994
vn 1.0000 0.0000 -0.0000
vn 1.0000 0.0000 -0.0000
vn 1.0000 0.0000 -0.0000
vn 0.0491 0.0258 -0.9985
vn 0.3469 -0.0256 -0.9375
vn 0.3469 -0.0256 -0.9375
vn 0.4849 -0.6048 -0.6317
vn 0.0296 -0.0504 -0.9983
vn -0.0018 -0.0611 -0.9981
vn 0.4089 -0.1231 -0.9042
vn 0.0491 0.0258 -0.9985
vn 0.0296 -0.0504 -0.9983
vn 0.0006 0.1200 -0.9928
vn -0.0000 -0.6008 -0.7994
vn -0.0018 -0.0611 -0.9981
vn 0.2816 -0.0029 0.9595
vn 0.1316 0.1166 0.9844
vn 0.0958 0.0013 0.9954
vn 0.0000 -0.0145 0.9999
vn 0.2423 -0.0067 0.9702
vn 0.2816 -0.0029 0.9595
vn 0.0649 -0.0736 0.9952
vn 0.2816 -0.0029 0.9595
vn 0.2423 -0.0067 0.9702
vn 0.2423 -0.0067 0.9702
vn 0.2021 -0.0180 0.9792
vn 0.0649 -0.0736 0.9952
vn 0.0925 0.0652 0.9936
vn 0.0649 -0.0736 0.9952
vn 0.2021 -0.0180 0.9792
vn -0.0002 -0.3466 0.9380
vn 0.0649 -0.0736 0.9952
vn 0.0015 -0.1053 0.9944
vn -0.0727 -0.1235 0.9897
vn -0.0002 -0.3466 0.9380
vn -0.0016 -0.0907 0.9959
vn 0.0084 -0.2122 0.9772
vn 0.0084 -0.2122 0.9772
vn -0.0727 -0.1235 0.9897
vn -0.2669 0.0013 0.9637
vn -0.0727 -0.1235 0.9897
vn -0.1982 -0.0216 0.9799
vn -0.1982 -0.0216 0.9799
vn -0.2636 0.0031 0.9646
vn -0.2669 0.0013 0.9637
vn -0.0790 0.0880 0.9930
vn -0.2669 0.0013 0.9637
vn -0.2636 0.0031 0.9646
vn -0.2636 0.0031 0.9646
vn -0.4085 0.0781 0.9094
vn -0.0790 0.0880 0.9930
vn 0.0011 0.3467 0.9380
vn -0.0790 0.0880 0.9930
vn -0.0026 0.1793 0.9838
vn 0.0032 0.1458 0.9893
vn 0.0032 0.1458 0.9893
vn 0.0011 0.3467 0.9380
vn 0.1316 0.1166 0.9844
vn 0.0011 0.3467 0.9380
vn 0.0022 0.1402 0.9901
vn -0.1007 -0.0557 0.9934
vn -0.0790 0.0880 0.9930
vn -0.4085 0.0781 0.9094
vn 0.7465 0.0118 -0.6653
vn 0.6791 0.6791 -0.2785
vn 0.6791 0.6791 -0.2785
vn 0.0001 0.0077 -1.0000
vn 0.7465 0.0118 -0.6653
vn 0.4443 -0.0070 -0.8958
vn -0.0001 -0.0076 -1.0000
vn -0.7488 -0.0119 -0.6627
vn -0.4443 0.0070 -0.8958
vn 0.4443 -0.0070 -0.8958
vn 0.0003 -0.0153 -0.9999
vn 0.0001 0.0077 -1.0000
vn 0.0003 -0.0153 -0.9999
vn -0.0001 -0.0076 -1.0000
vn 0.0001 0.0077 -1.0000
vn -0.0003 0.0153 -0.9999
vn 0.0001 0.0077 -1.0000
vn -0.0001 -0.0076 -1.0000
vn -0.4443 0.0070 -0.8958
vn -0.0003 0.0153 -0.9999
vn -0.0001 -0.0076 -1.0000
vn 0.2816 -0.0029 0.9595
vn 0.8527 -0.0110 0.5223
vn 0.8527 -0.0110 0.5223
vn 1.0000 0.0000 0.0000
vn 0.7465 0.0118 -0.6653
vn 1.0000 0.0000 0.0000
vn 0.8527 0.0110 0.5223
vn 0.8527 0.0110 0.5223
vn 0.2816 -0.0029 0.9595
vn 0.6784 -0.6784 -0.2819
vn 0.6784 -0.6784 -0.2819
vn 0.6784 -0.6784 -0.2819
vn -0.0002 -0.3466 0.9380
vn -0.0132 -0.8485 0.5290
vn -0.0132 -0.8485 0.5290
vn 0.0000 -1.0000 -0.0000
vn 0.0000 -1.0000 -0.0000
vn 0.0000 -1.0000 -0.0000
vn 0.0129 -0.8559 0.5170
vn 0.0129 -0.8559 0.5170
vn -0.0002 -0.3466 0.9380
vn -0.7488 -0.0119 -0.6627
vn -0.6821 -0.6821 -0.2637
vn -0.6821 -0.6821 -0.2637
vn -0.2669 0.0013 0.9637
vn -0.8535 0.0110 0.5210
vn -0.8535 0.0110 0.5210
vn -1.0000 0.0000 -0.0000
vn -1.0000 0.0000 -0.0000
vn -0.7488 -0.0119 -0.6627
vn -0.8414 -0.0114 0.5403
vn -0.8414 -0.0114 0.5403
vn -0.2669 0.0013 0.9637
vn -0.6785 0.6785 -0.2818
vn -0.6785 0.6785 -0.2818
vn -0.6785 0.6785 -0.2818
vn 0.0011 0.3467 0.9380
vn 0.0131 0.8509 0.5252
vn 0.0131 0.8509 0.5252
vn 0.0000 1.0000 0.0000
vn 0.0000 1.0000 0.0000
vn 0.0000 1.0000 0.0000
vn -0.0129 0.8554 0.5178
vn -0.0129 0.8554 0.5178
vn 0.0011 0.3467 0.9380
vn -0.0781 0.0159 0.9968
vn -0.1982 -0.0216 0.9799
vn -0.0727 -0.1235 0.9897
vn 0.1316 0.1166 0.9844
vn 0.0392 0.0364 0.9986
vn 0.0392 0.0364 0.9986
vn -0.9616 0.2585 0.0921
vn -0.9405 0.3326 0.0702
vn -0.9784 0.1533 0.1390
vn -0.9562 -0.0016 0.2927
vn -0.9616 0.2585 0.0921
vn -0.9784 0.1533 0.1390
vn -0.9714 0.0302 0.2356
vn -0.9295 -0.2270 -0.2908
vn -0.9705 -0.2212 -0.0955
vn -0.9784 0.1533 0.1390
vn -0.9609 -0.2168 0.1723
vn -0.9705 -0.2212 -0.0955
vn -0.9714 0.0302 0.2356
vn -0.9705 -0.2212 -0.0955
vn -0.9956 0.0540 0.0765
vn -0.9956 0.0540 0.0765
vn -0.9959 0.0530 0.0727
vn -0.9714 0.0302 0.2356
vn -0.9889 -0.0147 0.1478
vn -0.9937 -0.0106 0.1114
vn -0.9609 -0.2168 0.1723
vn -0.5288 -0.1622 -0.8331
vn -0.5288 -0.1622 -0.8331
vn -0.9295 -0.2270 -0.2908
vn -0.9959 0.0530 0.0727
vn -0.9889 -0.0147 0.1478
vn -0.9714 0.0302 0.2356
vn -0.9609 -0.2168 0.1723
vn -0.9791 -0.0501 0.1973
vn -0.9889 -0.0147 0.1478
vn -0.9784 0.1533 0.1390
vn -0.9714 0.0302 0.2356
vn -0.9562 -0.0016 0.2927
vn -0.9791 -0.0501 0.1973
vn -0.9562 -0.0016 0.2927
vn -0.9714 0.0302 0.2356
vn -0.9889 -0.0147 0.1478
vn -0.9791 -0.0501 0.1973
vn -0.9714 0.0302 0.2356
vn -0.9963 0.0195 0.0837
vn -0.9705 -0.2212 -0.0955
vn -0.9609 -0.2168 0.1723
vn -0.9705 -0.2212 -0.0955
vn -0.9963 0.0195 0.0837
vn -0.9956 0.0540 0.0765
vn -0.9647 -0.1289 -0.2297
vn -0.9609 -0.2168 0.1723
vn -0.9830 -0.1776 -0.0463
vn -0.9825 0.0870 -0.1648
vn -0.9647 -0.1289 -0.2297
vn -0.9830 -0.1776 -0.0463
vn -0.9609 -0.2168 0.1723
vn -0.9937 -0.0106 0.1114
vn -0.9963 0.0195 0.0837
vn -0.9405 0.3326 0.0702
vn -0.9825 0.0870 -0.1648
vn -0.9784 0.1533 0.1390
vn 0.5528 0.8307 -0.0660
vn 0.5528 0.8307 -0.0660
vn 0.5528 0.8307 -0.0660
vn -0.1600 0.9864 0.0373
vn -0.1600 0.9864 0.0373
vn -0.2976 0.9540 -0.0364
vn 0.4186 -0.9080 -0.0171
vn 0.4186 -0.9080 -0.0171
vn 0.4186 -0.9080 -0.0171
vn -0.9830 -0.1776 -0.0463
vn -0.9609 -0.2168 0.1723
vn -0.6765 -0.7305 0.0938
vn 0.8394 0.2060 -0.5029
vn 0.9674 0.0558 -0.2471
vn 0.9674 0.0558 -0.2471
vn 0.9958 -0.0767 -0.0506
vn 0.9958 -0.0767 -0.0506
vn 0.9233 -0.3725 0.0942
vn 0.9188 0.1973 0.3418
vn 0.9188 0.1973 0.3418
vn 0.9188 0.1973 0.3418
vn -0.5392 0.8417 -0.0280
vn -0.4697 0.6468 0.6009
vn -0.4697 0.6468 0.6009
vn 0.4388 0.8583 -0.2661
vn 0.4388 0.8583 -0.2661
vn 0.4388 0.8583 -0.2661
vn -0.2563 0.4100 -0.8753
vn -0.2563 0.4100 -0.8753
vn -0.2563 0.4100 -0.8753
vn 0.6877 -0.7144 0.1295
vn 0.6877 -0.7144 0.1295
vn 0.6877 -0.7144 0.1295
vn 0.3106 -0.9448 -0.1040
vn 0.3106 -0.9448 -0.1040
vn 0.3106 -0.9448 -0.1040
vn -0.9964 0.0268 0.0803
vn -0.9964 0.0268 0.0803
vn -0.9964 0.0268 0.0803
vn 0.8509 0.3949 0.3464
vn 0.8509 0.3949 0.3464
vn 0.8509 0.3949 0.3464
vn -0.9295 -0.2270 -0.2908
vn -0.8955 0.2552 -0.3647
vn -0.9784 0.1533 0.1390
vn -0.9295 -0.2270 -0.2908
vn -0.6127 -0.7332 -0.2950
vn -0.9148 -0.3682 0.1660
vn -0.2610 -0.0090 0.9653
vn -0.2610 -0.0090 0.9653
vn -0.2610 -0.0090 0.9653
vn -0.9894 -0.0203 -0.1441
vn -0.9295 -0.2270 -0.2908
vn -0.9148 -0.3682 0.1660
vn 0.7585 0.6491 -0.0582
vn 0.7585 0.6491 -0.0582
vn 0.7585 0.6491 -0.0582
vn 0.9336 -0.3336 -0.1311
vn 0.9233 -0.3725 0.0942
vn 0.9336 -0.3336 -0.1311
vn -0.3457 -0.9315 -0.1132
vn 0.0375 -0.6513 -0.7579
vn -0.3457 -0.9315 -0.1132
vn -0.3304 0.5625 -0.7579
vn 0.1581 0.9772 0.1420
vn -0.0061 0.9971 0.0758
vn -0.7563 -0.3579 0.5476
vn -0.4053 -0.5648 0.7189
vn -0.7563 -0.3579 0.5476
vn 0.1581 0.9772 0.1420
vn -0.0792 0.2510 0.9648
vn -0.0061 0.9971 0.0758
vn 0.3457 0.9315 0.1132
vn 0.3457 0.9315 0.1132
vn 0.3457 0.9315 0.1132
vn -0.3414 0.7713 0.5371
vn -0.0061 0.9971 0.0758
vn -0.6326 0.7659 0.1151
vn -0.0792 0.2510 0.9648
vn -0.1596 -0.0014 0.9872
vn -0.3414 0.7713 0.5371
vn -0.0537 0.7692 -0.6367
vn -0.6545 -0.2060 -0.7275
vn -0.3304 0.5625 -0.7579
vn -0.6455 -0.3515 0.6781
vn -0.4053 -0.5648 0.7189
vn -0.1596 -0.0014 0.9872
vn -0.0061 0.9971 0.0758
vn -0.0537 0.7692 -0.6367
vn -0.3304 0.5625 -0.7579
vn -0.3425 -0.8796 -0.3302
vn -0.8839 -0.2875 -0.3690
vn -0.6545 -0.2060 -0.7275
vn -0.4053 -0.5648 0.7189
vn 0.3969 -0.5631 0.7248
vn -0.1596 -0.0014 0.9872
vn 0.3789 -0.9084 0.1765
vn 0.9233 -0.3725 0.0942
vn 0.3789 -0.9084 0.1765
vn 0.0375 -0.6513 -0.7579
vn -0.3425 -0.8796 -0.3302
vn -0.6545 -0.2060 -0.7275
vn -0.0537 0.7692 -0.6367
vn 0.8394 0.2060 -0.5029
vn 0.5740 -0.0034 -0.8188
vn 0.5740 -0.0034 -0.8188
vn 0.8211 0.2118 -0.5300
vn 0.8211 0.2118 -0.5300
vn -0.9391 0.3329 0.0847
vn -0.9391 0.3329 0.0847
vn -0.9391 0.3329 0.0847
vn -0.3414 0.7713 0.5371
vn -0.0537 0.7692 -0.6367
vn -0.0061 0.9971 0.0758
vn 0.4953 -0.0591 -0.8667
vn 0.8888 -0.0361 -0.4568
vn 0.8888 -0.0361 -0.4568
vn 0.8440 -0.1563 0.5130
vn 0.8440 -0.1563 0.5130
vn 0.4692 -0.5358 0.7020
vn -0.0965 -0.9197 0.3805
vn -0.3425 -0.8796 -0.3302
vn -0.3324 -0.8058 0.4901
vn -0.0965 -0.9197 0.3805
vn -0.0800 -0.9968 0.0084
vn -0.3425 -0.8796 -0.3302
vn -0.0800 -0.9968 0.0084
vn -0.5683 -0.8051 -0.1698
vn -0.3425 -0.8796 -0.3302
vn 0.1800 -0.7328 -0.6562
vn 0.4953 -0.0591 -0.8667
vn 0.6776 -0.2851 -0.6779
vn -0.9404 0.0900 0.3280
vn -0.8874 -0.0118 0.4608
vn -0.9784 0.1533 0.1390
vn -0.9609 -0.2168 0.1723
vn -0.9784 0.1533 0.1390
vn -0.8874 -0.0118 0.4608
vn -0.8874 -0.0118 0.4608
vn -0.8125 -0.0033 0.5830
vn -0.9609 -0.2168 0.1723
vn -0.8125 -0.0033 0.5830
vn -0.9616 -0.0947 0.2577
vn -0.9609 -0.2168 0.1723
vn -0.9616 -0.0947 0.2577
vn -0.6765 -0.7305 0.0938
vn -0.9609 -0.2168 0.1723
vn -0.7335 0.6501 -0.1983
vn -0.7335 0.6501 -0.1983
vn -0.9898 -0.0821 -0.1165
vn -0.9784 0.1533 0.1390
vn -0.8007 -0.5220 0.2939
vn -0.9284 0.2166 0.3018
vn -0.9830 -0.1776 -0.0463
vn -0.9898 -0.0821 -0.1165
vn -0.9650 -0.0086 -0.2622
vn -0.9825 0.0870 -0.1648
vn -0.9830 -0.1776 -0.0463
vn -0.9650 -0.0086 -0.2622
vn -0.9650 -0.0086 -0.2622
vn -0.9425 -0.0051 -0.3342
vn -0.9825 0.0870 -0.1648
vn -0.9425 -0.0051 -0.3342
vn -0.9808 0.1015 -0.1666
vn -0.9825 0.0870 -0.1648
vn -0.9541 0.2905 0.0730
vn -0.9541 0.2905 0.0730
vn -0.9965 -0.0246 0.0804
vn -0.9965 -0.0246 0.0804
vn -0.8885 -0.4510 0.0848
vn -0.7232 -0.6891 0.0455
vn -0.8885 -0.4510 0.0848
vn -0.9898 -0.0821 -0.1165
vn -0.7232 -0.6891 0.0455
vn -0.9784 0.1533 0.1390
vn -0.9284 0.2166 0.3018
vn -0.9404 0.0900 0.3280
vn -0.9605 -0.2621 0.0934
vn -0.9605 -0.2621 0.0934
vn -0.9955 0.0154 0.0934
vn -0.9955 0.0154 0.0934
vn -0.9732 0.2140 0.0841
vn -0.9962 -0.0001 0.0871
vn -0.9732 0.2140 0.0841
vn -0.9284 0.2166 0.3018
vn -0.9885 0.1380 0.0611
vn -0.9808 0.1015 -0.1666
vn -0.9817 0.1497 -0.1180
vn -0.9825 0.0870 -0.1648
vn 0.2153 -0.5040 -0.8365
vn 0.2153 -0.5040 -0.8365
vn 0.2153 -0.5040 -0.8365
vn -0.7001 -0.1248 -0.7031
vn -0.3861 -0.0019 -0.9224
vn -0.0858 -0.2198 -0.9718
vn -0.9898 -0.0821 -0.1165
vn -0.9976 -0.0117 0.0685
vn -0.7001 -0.1248 -0.7031
vn -0.7001 -0.1248 -0.7031
vn -0.9976 -0.0117 0.0685
vn -0.9887 -0.0022 -0.1496
vn -0.9887 -0.0022 -0.1496
vn -0.9976 -0.0117 0.0685
vn -0.9979 0.0006 0.0645
vn -0.9979 0.0006 0.0645
vn -0.9321 -0.1841 -0.3119
vn -0.9887 -0.0022 -0.1496
vn -0.7001 -0.1248 -0.7031
vn -0.9887 -0.0022 -0.1496
vn -0.9321 -0.1841 -0.3119
vn -0.9321 -0.1841 -0.3119
vn -0.6822 0.0008 -0.7311
vn -0.7001 -0.1248 -0.7031
vn -0.3861 -0.0019 -0.9224
vn -0.7001 -0.1248 -0.7031
vn -0.6822 0.0008 -0.7311
vn -0.3861 -0.0019 -0.9224
vn -0.6822 0.0008 -0.7311
vn -0.5375 0.0041 -0.8433
vn -0.2889 -0.9572 0.0196
vn -0.9721 -0.2205 0.0797
vn -0.9898 -0.0821 -0.1165
vn -0.0719 -0.9922 -0.1023
vn -0.2889 -0.9572 0.0196
vn -0.0719 -0.9922 -0.1023
vn -0.0027 -1.0000 0.0003
vn -0.0027 -1.0000 0.0003
vn -0.1424 -0.9898 0.0020
vn -0.9186 -0.3875 0.0772
vn -0.9947 -0.0176 0.1010
vn -0.9921 -0.0942 0.0827
vn -0.4064 -0.9131 0.0316
vn -0.4064 -0.9131 0.0316
vn -0.9186 -0.3875 0.0772
vn -0.9898 -0.0821 -0.1165
vn -0.7414 0.6683 0.0600
vn -0.7414 0.6683 0.0600
vn -0.6104 -0.7908 0.0454
vn -0.9186 -0.3875 0.0772
vn -0.9721 -0.2205 0.0797
vn -0.9721 -0.2205 0.0797
vn -0.2889 -0.9572 0.0196
vn -0.6104 -0.7908 0.0454
vn -0.1424 -0.9898 0.0020
vn -0.6104 -0.7908 0.0454
vn -0.2889 -0.9572 0.0196
vn -0.2889 -0.9572 0.0196
vn -0.0624 -0.9980 0.0049
vn -0.1424 -0.9898 0.0020
vn -0.6765 -0.7305 0.0938
vn -0.1424 -0.9898 0.0020
vn -0.0313 -0.9461 -0.3224
vn -0.9947 -0.0176 0.1010
vn -0.9186 -0.3875 0.0772
vn -0.6765 -0.7305 0.0938
vn -0.9186 -0.3875 0.0772
vn -0.6104 -0.7908 0.0454
vn -0.6765 -0.7305 0.0938
vn -0.6765 -0.7305 0.0938
vn -0.6104 -0.7908 0.0454
vn -0.1424 -0.9898 0.0020
vn 0.8463 -0.3970 0.3552
vn 0.8463 -0.3970 0.3552
vn 0.8463 -0.3970 0.3552
vn 0.0664 -0.5806 0.8115
vn 0.0664 -0.5806 0.8115
vn -0.0605 -0.0302 0.9977
vn -0.5200 -0.0372 0.8533
vn -0.7970 -0.0009 0.6040
vn -0.9991 -0.0068 0.0409
vn -0.8886 -0.1344 0.4386
vn -0.9950 0.0008 0.0995
vn -0.9991 -0.0068 0.0409
vn -0.9991 -0.0068 0.0409
vn -0.7970 -0.0009 0.6040
vn -0.8886 -0.1344 0.4386
vn -0.4907 0.0015 0.8713
vn -0.8886 -0.1344 0.4386
vn -0.7970 -0.0009 0.6040
vn -0.7970 -0.0009 0.6040
vn -0.5200 -0.0372 0.8533
vn -0.4907 0.0015 0.8713
vn -0.5200 -0.0372 0.8533
vn -0.0605 -0.0302 0.9977
vn -0.4907 0.0015 0.8713
vn -0.3585 -0.0134 0.9334
vn -0.4907 0.0015 0.8713
vn -0.0605 -0.0302 0.9977
vn -0.0635 0.0840 0.9944
vn -0.0346 0.0048 0.9994
vn -0.1034 0.0197 0.9944
vn 0.0381 0.9907 0.1308
vn 0.0381 0.9907 0.1308
vn 0.0132 0.9999 0.0080
vn -0.9404 0.0900 0.3280
vn -0.9284 0.2166 0.3018
vn -0.9851 0.1221 0.1215
vn -0.0030 1.0000 0.0003
vn -0.0030 1.0000 0.0003
vn -0.1252 0.9918 0.0275
vn -0.9397 0.3298 0.0902
vn -0.9284 0.2166 0.3018
vn -0.9732 0.2140 0.0841
vn -0.9961 0.0363 0.0805
vn -0.9851 0.1221 0.1215
vn -0.9212 0.3814 0.0774
vn -0.9851 0.1221 0.1215
vn -0.7821 0.6193 0.0690
vn -0.9212 0.3814 0.0774
vn -0.4603 0.8860 0.0559
vn -0.9212 0.3814 0.0774
vn 0.0132 0.9999 0.0080
vn -0.1252 0.9918 0.0275
vn -0.4603 0.8860 0.0559
vn 0.0132 0.9999 0.0080
vn 0.0132 0.9999 0.0080
vn 0.7338 0.6769 -0.0580
vn 0.7338 0.6769 -0.0580
vn -0.9960 0.0654 -0.0613
vn -0.9961 0.0363 0.0805
vn -0.9212 0.3814 0.0774
vn -0.9212 0.3814 0.0774
vn -0.4603 0.8860 0.0559
vn -0.2976 0.9540 -0.0364
vn -0.4603 0.8860 0.0559
vn -0.1252 0.9918 0.0275
vn -0.2976 0.9540 -0.0364
vn -0.2976 0.9540 -0.0364
vn -0.1252 0.9918 0.0275
vn 0.0242 0.9505 0.3096
vn -0.9321 -0.1841 -0.3119
vn -0.5375 0.0041 -0.8433
vn -0.6822 0.0008 -0.7311
vn -0.9972 -0.0004 0.0746
vn -0.9003 -0.2134 -0.3794
vn -0.9321 -0.1841 -0.3119
vn -0.9321 -0.1841 -0.3119
vn -0.9979 0.0006 0.0645
vn -0.9972 -0.0004 0.0746
vn -0.5375 0.0041 -0.8433
vn -0.9321 -0.1841 -0.3119
vn -0.0558 -0.0705 -0.9960
vn -0.6319 -0.7727 0.0601
vn -0.9321 -0.1841 -0.3119
vn -0.9003 -0.2134 -0.3794
vn -0.2059 -0.5208 -0.8285
vn 0.1951 -0.0058 -0.9808
vn -0.0558 -0.0705 -0.9960
vn 0.1951 -0.0058 -0.9808
vn -0.6718 -0.0147 -0.7406
vn -0.0590 -0.0221 -0.9980
vn -0.0590 -0.0221 -0.9980
vn -0.0558 -0.0705 -0.9960
vn 0.1951 -0.0058 -0.9808
vn -0.6505 -0.0005 -0.7595
vn -0.9003 -0.2134 -0.3794
vn -0.6718 -0.0147 -0.7406
vn -1.0000 -0.0014 0.0077
vn -0.6718 -0.0147 -0.7406
vn -0.9003 -0.2134 -0.3794
vn -1.0000 -0.0014 0.0077
vn -0.9003 -0.2134 -0.3794
vn -0.9972 -0.0004 0.0746
vn 0.8409 -0.5288 -0.1148
vn 0.8409 -0.5288 -0.1148
vn 0.8409 -0.5288 -0.1148
vn -0.0175 -0.9474 -0.3196
vn -0.0374 -0.8897 -0.4550
vn -0.3211 -0.7830 -0.5328
vn -0.4039 -0.5298 -0.7457
vn -0.3211 -0.7830 -0.5328
vn -0.0736 -0.7006 -0.7098
vn -0.0764 -0.4282 -0.9005
vn -0.0762 -0.2870 -0.9549
vn -0.4039 -0.5298 -0.7457
vn -0.0844 -0.1329 -0.9875
vn -0.0590 -0.0221 -0.9980
vn -0.6718 -0.0147 -0.7406
vn 0.4257 -0.2502 -0.8696
vn 0.4257 -0.2502 -0.8696
vn -0.0844 -0.1329 -0.9875
vn -0.0175 -0.9474 -0.3196
vn -0.7469 -0.6628 0.0531
vn 0.0112 -0.9999 -0.0105
vn -0.0762 -0.2870 -0.9549
vn -0.0844 -0.1329 -0.9875
vn 0.6205 -0.1739 -0.7647
vn -0.4039 -0.5298 -0.7457
vn -0.6718 -0.0147 -0.7406
vn -1.0000 -0.0014 0.0077
vn -0.0175 -0.9474 -0.3196
vn 0.6110 -0.7238 -0.3207
vn 0.6110 -0.7238 -0.3207
vn -0.9690 -0.2456 -0.0271
vn -0.9966 -0.0329 0.0755
vn -0.7469 -0.6628 0.0531
vn -0.7469 -0.6628 0.0531
vn -0.9966 -0.0329 0.0755
vn -0.9954 -0.0392 0.0872
vn -0.9954 -0.0392 0.0872
vn -0.5486 -0.8346 0.0501
vn -0.7469 -0.6628 0.0531
vn 0.0112 -0.9999 -0.0105
vn -0.7469 -0.6628 0.0531
vn -0.5486 -0.8346 0.0501
vn 0.0112 -0.9999 -0.0105
vn -0.5486 -0.8346 0.0501
vn 0.0230 -0.9997 0.0127
vn -0.0111 -0.9897 -0.1425
vn 0.0112 -0.9999 -0.0105
vn -0.0724 -0.9971 -0.0243
vn -0.0724 -0.9971 -0.0243
vn -0.0725 -0.9896 -0.1243
vn -0.0111 -0.9897 -0.1425
vn -0.0531 -0.9682 -0.2446
vn -0.0175 -0.9474 -0.3196
vn -0.0111 -0.9897 -0.1425
vn -0.0111 -0.9897 -0.1425
vn -0.0725 -0.9896 -0.1243
vn -0.0531 -0.9682 -0.2446
vn -0.0575 -0.9218 -0.3834
vn -0.0678 -0.8546 -0.5149
vn -0.0374 -0.8897 -0.4550
vn -0.0374 -0.8897 -0.4550
vn -0.0175 -0.9474 -0.3196
vn -0.0575 -0.9218 -0.3834
vn -0.0531 -0.9682 -0.2446
vn -0.0575 -0.9218 -0.3834
vn -0.0175 -0.9474 -0.3196
vn -0.3211 -0.7830 -0.5328
vn -0.0374 -0.8897 -0.4550
vn -0.0678 -0.8546 -0.5149
vn -0.0678 -0.8546 -0.5149
vn -0.0899 -0.5491 -0.8309
vn -0.3211 -0.7830 -0.5328
vn -0.0736 -0.7006 -0.7098
vn -0.3211 -0.7830 -0.5328
vn -0.0899 -0.5491 -0.8309
vn -0.0899 -0.5491 -0.8309
vn -0.1016 -0.1830 -0.9779
vn -0.0736 -0.7006 -0.7098
vn -0.0058 -0.9810 0.1939
vn -0.0058 -0.9810 0.1939
vn -0.0646 -0.8458 -0.5296
vn -0.0646 -0.8458 -0.5296
vn -0.4039 -0.5298 -0.7457
vn -0.0736 -0.7006 -0.7098
vn -0.0646 -0.8458 -0.5296
vn -0.0922 -0.4959 -0.8634
vn -0.4039 -0.5298 -0.7457
vn -0.0764 -0.4282 -0.9005
vn -0.0922 -0.4959 -0.8634
vn -0.1037 -0.3637 -0.9257
vn -0.0764 -0.4282 -0.9005
vn -0.4039 -0.5298 -0.7457
vn -0.0922 -0.4959 -0.8634
vn -0.1037 -0.3637 -0.9257
vn -0.0762 -0.2870 -0.9549
vn -0.0764 -0.4282 -0.9005
vn -0.1037 -0.3637 -0.9257
vn -0.1298 -0.0569 -0.9899
vn -0.0762 -0.2870 -0.9549
vn -0.0844 -0.1329 -0.9875
vn -0.0762 -0.2870 -0.9549
vn -0.1298 -0.0569 -0.9899
vn -0.1298 -0.0569 -0.9899
vn -0.6181 0.0006 -0.7861
vn -0.0844 -0.1329 -0.9875
vn -0.0844 -0.1329 -0.9875
vn -0.6181 0.0006 -0.7861
vn -0.1441 -0.0369 -0.9889
vn -0.1441 -0.0369 -0.9889
vn -0.0590 -0.0221 -0.9980
vn -0.0844 -0.1329 -0.9875
vn -0.9950 -0.0995 -0.0069
vn -0.9950 -0.0995 -0.0069
vn -0.9898 -0.0821 -0.1165
vn -0.9976 -0.0117 0.0685
vn -0.9972 -0.0004 0.0746
vn -0.9979 0.0006 0.0645
vn -0.9976 -0.0117 0.0685
vn -0.9898 -0.0821 -0.1165
vn -0.9952 -0.0976 0.0122
vn -0.9963 0.0041 0.0863
vn -1.0000 -0.0014 0.0077
vn -0.9976 -0.0117 0.0685
vn -1.0000 -0.0014 0.0077
vn -0.9972 -0.0004 0.0746
vn -0.9976 -0.0117 0.0685
vn -0.9616 -0.0947 0.2577
vn -0.5200 -0.0372 0.8533
vn -0.9991 -0.0068 0.0409
vn -0.8994 -0.0029 0.4371
vn -0.9724 -0.0403 0.2299
vn -0.9616 -0.0947 0.2577
vn -0.9616 -0.0947 0.2577
vn -0.9910 -0.0345 0.1297
vn -0.8994 -0.0029 0.4371
vn -0.9910 -0.0345 0.1297
vn -0.9616 -0.0947 0.2577
vn -0.9991 -0.0068 0.0409
vn -0.9991 -0.0068 0.0409
vn -0.9950 0.0008 0.0995
vn -0.9910 -0.0345 0.1297
vn -0.9734 -0.0888 0.2111
vn -0.9734 -0.0888 0.2111
vn -0.9616 -0.0947 0.2577
vn -0.6765 -0.7305 0.0938
vn -0.9616 -0.0947 0.2577
vn -0.4246 -0.7002 0.5740
vn -0.9807 -0.1344 0.1419
vn -0.9807 -0.1344 0.1419
vn -0.6765 -0.7305 0.0938
vn -0.9966 -0.0329 0.0755
vn -0.9935 -0.1066 0.0387
vn -0.9898 -0.0821 -0.1165
vn -0.9898 -0.0821 -0.1165
vn -0.9921 -0.0942 0.0827
vn -0.9966 -0.0329 0.0755
vn -0.9954 -0.0392 0.0872
vn -0.9966 -0.0329 0.0755
vn -0.9921 -0.0942 0.0827
vn -0.9921 -0.0942 0.0827
vn -0.9947 -0.0176 0.1010
vn -0.9954 -0.0392 0.0872
vn -0.9964 0.0001 0.0848
vn -0.9954 -0.0392 0.0872
vn -0.9947 -0.0176 0.1010
vn -0.9947 -0.0176 0.1010
vn -0.6765 -0.7305 0.0938
vn -0.9570 -0.0616 0.2833
vn -0.8994 -0.0029 0.4371
vn -0.4361 -0.0058 0.8999
vn -0.1142 -0.2786 0.9536
vn -0.1142 -0.2786 0.9536
vn -0.4361 -0.0058 0.8999
vn 0.0862 -0.0009 0.9963
vn 0.0862 -0.0009 0.9963
vn 0.0874 -0.1342 0.9871
vn -0.1142 -0.2786 0.9536
vn 0.0753 -0.4092 0.9093
vn 0.0879 -0.5613 0.8229
vn -0.1142 -0.2786 0.9536
vn 0.6346 -0.4596 0.6213
vn -0.1142 -0.2786 0.9536
vn 0.0879 -0.5613 0.8229
vn 0.0879 -0.5613 0.8229
vn 0.0472 -0.6969 0.7156
vn -0.4246 -0.7002 0.5740
vn -0.2974 -0.9298 0.2170
vn 0.3876 -0.8615 0.3280
vn 0.0475 -0.8915 0.4505
vn -0.2974 -0.9298 0.2170
vn 0.0230 -0.9997 0.0127
vn -0.5486 -0.8346 0.0501
vn -0.2974 -0.9298 0.2170
vn 0.0475 -0.8915 0.4505
vn 0.0310 -0.9464 0.3215
vn -0.5486 -0.8346 0.0501
vn -0.9954 -0.0392 0.0872
vn -0.2974 -0.9298 0.2170
vn -0.0828 -0.9965 0.0077
vn -0.0724 -0.9971 -0.0243
vn 0.0112 -0.9999 -0.0105
vn 0.0112 -0.9999 -0.0105
vn 0.0230 -0.9997 0.0127
vn -0.0828 -0.9965 0.0077
vn -0.8886 -0.1344 0.4386
vn -0.9910 -0.0345 0.1297
vn -0.9950 0.0008 0.0995
vn -0.3585 -0.0134 0.9334
vn -0.8886 -0.1344 0.4386
vn -0.4907 0.0015 0.8713
vn -0.3585 -0.0134 0.9334
vn 0.1182 -0.1107 0.9868
vn -0.8886 -0.1344 0.4386
vn -0.0828 -0.9965 0.0077
vn -0.4468 -0.8942 -0.0277
vn -0.0724 -0.9971 -0.0243
vn 0.0874 -0.1342 0.9871
vn 0.0862 -0.0009 0.9963
vn 0.0303 -0.0257 0.9992
vn 0.0303 -0.0257 0.9992
vn 0.0687 -0.1309 0.9890
vn 0.0874 -0.1342 0.9871
vn 0.0729 -0.3807 0.9218
vn -0.1142 -0.2786 0.9536
vn 0.0874 -0.1342 0.9871
vn 0.0874 -0.1342 0.9871
vn 0.0687 -0.1309 0.9890
vn 0.0729 -0.3807 0.9218
vn 0.2877 -0.0259 0.9574
vn 0.0536 -0.3628 0.9303
vn 0.0753 -0.4092 0.9093
vn 0.0729 -0.3807 0.9218
vn 0.0357 -0.8020 0.5962
vn 0.0753 -0.4092 0.9093
vn 0.0753 -0.4092 0.9093
vn -0.1142 -0.2786 0.9536
vn 0.0729 -0.3807 0.9218
vn 0.0879 -0.5613 0.8229
vn 0.0753 -0.4092 0.9093
vn 0.0536 -0.3628 0.9303
vn 0.0536 -0.3628 0.9303
vn 0.0116 -0.9139 0.4057
vn 0.0879 -0.5613 0.8229
vn 0.0472 -0.6969 0.7156
vn 0.0879 -0.5613 0.8229
vn 0.0116 -0.9139 0.4057
vn -0.0632 -0.8886 -0.4543
vn -0.0632 -0.8886 -0.4543
vn -0.0632 -0.8886 -0.4543
vn 0.0472 -0.6969 0.7156
vn 0.0685 -0.1066 0.9919
vn 0.0555 -0.4809 0.8750
vn 0.0555 -0.4809 0.8750
vn -0.4246 -0.7002 0.5740
vn 0.0472 -0.6969 0.7156
vn -0.4246 -0.7002 0.5740
vn 0.0555 -0.4809 0.8750
vn 0.0152 -0.8548 0.5188
vn 0.0152 -0.8548 0.5188
vn 0.0475 -0.8915 0.4505
vn -0.4246 -0.7002 0.5740
vn 0.0475 -0.8915 0.4505
vn 0.0152 -0.8548 0.5188
vn 0.0046 -0.9215 0.3883
vn 0.0046 -0.9215 0.3883
vn 0.0310 -0.9464 0.3215
vn 0.0475 -0.8915 0.4505
vn 0.0046 -0.9215 0.3883
vn -0.0164 -0.9679 0.2509
vn 0.0310 -0.9464 0.3215
vn -0.2974 -0.9298 0.2170
vn 0.0310 -0.9464 0.3215
vn -0.0164 -0.9679 0.2509
vn -0.0164 -0.9679 0.2509
vn -0.0530 -0.9891 0.1372
vn -0.2974 -0.9298 0.2170
vn -0.0530 -0.9891 0.1372
vn -0.0828 -0.9965 0.0077
vn 0.0230 -0.9997 0.0127
vn 0.0230 -0.9997 0.0127
vn -0.2974 -0.9298 0.2170
vn -0.0530 -0.9891 0.1372
vn 0.1187 -0.0231 0.9927
vn 0.0862 -0.0009 0.9963
vn -0.4361 -0.0058 0.8999
vn -0.4361 -0.0058 0.8999
vn -0.5957 -0.0295 0.8026
vn 0.1187 -0.0231 0.9927
vn -0.4361 -0.0058 0.8999
vn -0.8994 -0.0029 0.4371
vn -0.5957 -0.0295 0.8026
vn -0.9910 -0.0345 0.1297
vn -0.5957 -0.0295 0.8026
vn -0.8994 -0.0029 0.4371
vn 0.1182 -0.1107 0.9868
vn 0.1187 -0.0231 0.9927
vn -0.5957 -0.0295 0.8026
vn -0.7271 -0.6834 0.0655
vn -0.9910 -0.0345 0.1297
vn -0.8886 -0.1344 0.4386
vn -0.5957 -0.0295 0.8026
vn -0.4154 -0.6289 0.6572
vn 0.1182 -0.1107 0.9868
vn 0.8708 0.1064 0.4800
vn 0.8708 0.1064 0.4800
vn 0.8708 0.1064 0.4800
vn 0.1334 0.6315 0.7638
vn -0.0788 0.9467 0.3124
vn -0.0788 0.9467 0.3124
vn -0.1822 0.9831 -0.0201
vn -0.1822 0.9831 -0.0201
vn -0.1822 0.9831 -0.0201
vn -0.2022 0.3523 0.9138
vn -0.3046 -0.0115 0.9524
vn 0.0857 0.0043 0.9963
vn 0.0303 -0.0257 0.9992
vn 0.0862 -0.0009 0.9963
vn 0.1187 -0.0231 0.9927
vn 0.0303 -0.0257 0.9992
vn -0.0699 -0.1475 0.9866
vn -0.0820 0.0198 0.9964
vn 0.1182 -0.1107 0.9868
vn -0.0699 -0.1475 0.9866
vn 0.0303 -0.0257 0.9992
vn 0.0303 -0.0257 0.9992
vn 0.1187 -0.0231 0.9927
vn 0.1182 -0.1107 0.9868
vn 0.0857 0.0043 0.9963
vn -0.0820 0.0198 0.9964
vn -0.0442 0.1881 0.9811
vn -0.0442 0.1881 0.9811
vn -0.2022 0.3523 0.9138
vn 0.0857 0.0043 0.9963
vn -0.0530 -0.9891 0.1372
vn -0.3266 -0.9019 0.2826
vn -0.0828 -0.9965 0.0077
vn -0.0164 -0.9679 0.2509
vn 0.0046 -0.9215 0.3883
vn -0.3075 -0.8919 0.3315
vn -0.0530 -0.9891 0.1372
vn -0.0164 -0.9679 0.2509
vn -0.3732 -0.9031 0.2126
vn 0.0152 -0.8548 0.5188
vn 0.0555 -0.4809 0.8750
vn -0.2034 -0.8049 0.5574
vn 0.0046 -0.9215 0.3883
vn 0.0152 -0.8548 0.5188
vn -0.2503 -0.8588 0.4470
vn 0.0116 -0.9139 0.4057
vn 0.0536 -0.3628 0.9303
vn -0.1446 -0.5423 0.8276
vn 0.2877 -0.0259 0.9574
vn -0.1684 -0.1658 0.9717
vn 0.0536 -0.3628 0.9303
vn 0.0729 -0.3807 0.9218
vn 0.0687 -0.1309 0.9890
vn -0.6146 -0.1437 0.7756
vn -0.7257 -0.0412 0.6868
vn -0.7257 -0.0412 0.6868
vn 0.0303 -0.0257 0.9992
vn 0.0490 0.8872 0.4588
vn -0.1278 0.9793 0.1572
vn 0.0306 0.9472 0.3191
vn 0.2467 0.3942 0.8853
vn 0.0729 0.4972 0.8645
vn 0.0816 0.3207 0.9437
vn 0.0782 0.1511 0.9854
vn 0.0857 0.0043 0.9963
vn -0.9345 0.0366 0.3541
vn -0.1278 0.9793 0.1572
vn -0.5847 0.8095 0.0533
vn -0.0009 1.0000 0.0003
vn -0.8884 0.4521 0.0800
vn -0.5847 0.8095 0.0533
vn -0.1278 0.9793 0.1572
vn 0.8917 0.3024 0.3367
vn 0.8917 0.3024 0.3367
vn 0.8917 0.3024 0.3367
vn -0.1278 0.9793 0.1572
vn 0.0490 0.8872 0.4588
vn 0.4979 0.8110 0.3072
vn 0.0816 0.3207 0.9437
vn 0.0782 0.1511 0.9854
vn -0.3012 0.2302 0.9254
vn 0.6753 0.4026 0.6179
vn 0.6753 0.4026 0.6179
vn 0.0878 0.6497 0.7551
vn -0.9688 0.1693 0.1812
vn -0.9961 0.0086 0.0872
vn -0.8884 0.4521 0.0800
vn -0.1866 -0.0831 0.9789
vn -0.1866 -0.0831 0.9789
vn 0.2877 -0.0259 0.9574
vn -0.3007 -0.0034 0.9537
vn -0.7814 -0.0024 0.6240
vn -0.7814 -0.0024 0.6240
vn 0.0303 -0.0257 0.9992
vn -0.0820 0.0198 0.9964
vn -0.3007 -0.0034 0.9537
vn -0.1278 0.9793 0.1572
vn -0.0009 1.0000 0.0003
vn -0.0426 0.9990 0.0134
vn -0.0426 0.9990 0.0134
vn -0.0862 0.9564 0.2792
vn -0.1278 0.9793 0.1572
vn -0.0026 0.9968 0.0798
vn 0.0306 0.9472 0.3191
vn -0.1278 0.9793 0.1572
vn -0.0938 0.5742 -0.8133
vn -0.0938 0.5742 -0.8133
vn -0.0938 0.5742 -0.8133
vn 0.0259 0.9218 0.3868
vn 0.0336 0.8518 0.5228
vn 0.0490 0.8872 0.4588
vn 0.0490 0.8872 0.4588
vn 0.0306 0.9472 0.3191
vn 0.0259 0.9218 0.3868
vn -0.0026 0.9968 0.0798
vn 0.0259 0.9218 0.3868
vn 0.0306 0.9472 0.3191
vn 0.0336 0.8518 0.5228
vn -0.2881 0.7180 0.6337
vn 0.0490 0.8872 0.4588
vn 0.0336 0.8518 0.5228
vn -0.0348 0.8207 0.5703
vn -0.2881 0.7180 0.6337
vn -0.0348 0.8207 0.5703
vn 0.0475 0.7070 0.7056
vn -0.2881 0.7180 0.6337
vn 0.0878 0.6497 0.7551
vn -0.2881 0.7180 0.6337
vn 0.0475 0.7070 0.7056
vn 0.0878 0.6497 0.7551
vn 0.0475 0.7070 0.7056
vn 0.0670 0.3935 0.9169
vn 0.0670 0.3935 0.9169
vn 0.5366 0.1449 0.8313
vn 0.0729 0.4972 0.8645
vn 0.0729 0.4972 0.8645
vn 0.0878 0.6497 0.7551
vn 0.0670 0.3935 0.9169
vn 0.0729 0.4972 0.8645
vn 0.0236 0.8962 0.4429
vn 0.0477 0.5711 0.8195
vn 0.0477 0.5711 0.8195
vn 0.0816 0.3207 0.9437
vn 0.0729 0.4972 0.8645
vn 0.0477 0.5711 0.8195
vn 0.0797 0.1384 0.9872
vn 0.0816 0.3207 0.9437
vn 0.0782 0.1511 0.9854
vn 0.0816 0.3207 0.9437
vn 0.0797 0.1384 0.9872
vn 0.0797 0.1384 0.9872
vn 0.0166 0.1000 0.9949
vn 0.0782 0.1511 0.9854
vn 0.0782 0.1511 0.9854
vn 0.0166 0.1000 0.9949
vn -0.0820 0.0198 0.9964
vn -0.0820 0.0198 0.9964
vn 0.0857 0.0043 0.9963
vn 0.0782 0.1511 0.9854
vn -0.8884 0.4521 0.0800
vn -0.9961 0.0086 0.0872
vn -0.9956 0.0309 0.0886
vn -0.9956 0.0309 0.0886
vn -0.7802 0.6222 0.0642
vn -0.8884 0.4521 0.0800
vn -0.5847 0.8095 0.0533
vn -0.8884 0.4521 0.0800
vn -0.7802 0.6222 0.0642
vn -0.7802 0.6222 0.0642
vn -0.4531 0.8909 0.0320
vn -0.5847 0.8095 0.0533
vn -0.0009 1.0000 0.0003
vn -0.5847 0.8095 0.0533
vn -0.4531 0.8909 0.0320
vn -0.4531 0.8909 0.0320
vn -0.0040 0.9996 -0.0287
vn -0.0009 1.0000 0.0003
vn -0.9909 0.1185 -0.0633
vn -0.9808 0.1015 -0.1666
vn -0.9956 0.0939 -0.0076
vn -0.9808 0.1015 -0.1666
vn -0.9944 0.0864 -0.0610
vn -0.9956 0.0939 -0.0076
vn -0.9956 0.0939 -0.0076
vn -0.9812 0.1370 -0.1357
vn -0.9812 0.1370 -0.1357
vn -0.9700 0.0845 0.2281
vn -0.9345 0.0366 0.3541
vn -0.9404 0.0900 0.3280
vn -0.9404 0.0900 0.3280
vn -0.9983 0.0577 -0.0129
vn -0.9983 0.0577 -0.0129
vn -0.9345 0.0366 0.3541
vn -0.9753 -0.0016 0.2210
vn -0.9404 0.0900 0.3280
vn -0.9404 0.0900 0.3280
vn -0.9851 0.1221 0.1215
vn -0.9828 0.0230 0.1835
vn -0.9961 0.0027 0.0880
vn -0.9961 0.0027 0.0880
vn -0.9851 0.1221 0.1215
vn -0.9961 0.0086 0.0872
vn -0.9962 0.0036 0.0867
vn -0.9851 0.1221 0.1215
vn -0.9851 0.1221 0.1215
vn -0.9961 0.0363 0.0805
vn -0.9961 0.0086 0.0872
vn -0.9956 0.0309 0.0886
vn -0.9961 0.0086 0.0872
vn -0.9961 0.0363 0.0805
vn -0.9912 -0.0141 0.1318
vn -0.9956 0.0309 0.0886
vn -0.9961 0.0363 0.0805
vn -0.9961 0.0363 0.0805
vn -0.9879 0.1551 -0.0080
vn -0.9879 0.1551 -0.0080
vn -0.0982 0.0032 -0.9952
vn -0.9956 0.0939 -0.0076
vn -0.0999 0.1484 -0.9839
vn -0.9196 0.0273 0.3918
vn -0.9196 0.0273 0.3918
vn -0.9956 0.0939 -0.0076
vn -0.9956 0.0939 -0.0076
vn -0.0982 0.0032 -0.9952
vn -0.0876 0.3205 -0.9432
vn 0.7374 0.0563 -0.6731
vn 0.7374 0.0563 -0.6731
vn 0.7374 0.0563 -0.6731
vn -0.0490 0.6603 -0.7494
vn -0.0876 0.3205 -0.9432
vn -0.0751 0.4569 -0.8863
vn -0.4531 0.8909 0.0320
vn -0.3020 0.8384 -0.4537
vn -0.0040 0.9996 -0.0287
vn -0.4531 0.8909 0.0320
vn -0.7802 0.6222 0.0642
vn -0.3020 0.8384 -0.4537
vn -0.0876 0.3205 -0.9432
vn -0.0490 0.6603 -0.7494
vn -0.1823 0.4619 -0.8680
vn -0.9794 0.1939 0.0569
vn -0.7802 0.6222 0.0642
vn -0.9956 0.0309 0.0886
vn 0.8811 0.2561 -0.3975
vn 0.8811 0.2561 -0.3975
vn 0.8811 0.2561 -0.3975
vn -0.0126 0.9999 -0.0092
vn -0.0426 0.9990 0.0134
vn -0.0009 1.0000 0.0003
vn -0.0009 1.0000 0.0003
vn -0.0040 0.9996 -0.0287
vn -0.0126 0.9999 -0.0092
vn -0.3007 -0.0034 0.9537
vn -0.0820 0.0198 0.9964
vn 0.0166 0.1000 0.9949
vn 0.0797 0.1384 0.9872
vn 0.0477 0.5711 0.8195
vn 0.0166 0.1000 0.9949
vn 0.0477 0.5711 0.8195
vn 0.5366 0.1449 0.8313
vn 0.0166 0.1000 0.9949
vn 0.0670 0.3935 0.9169
vn 0.0475 0.7070 0.7056
vn 0.5366 0.1449 0.8313
vn 0.0475 0.7070 0.7056
vn -0.0348 0.8207 0.5703
vn -0.1385 0.7371 0.6614
vn -0.0862 0.9564 0.2792
vn -0.2932 0.8857 0.3600
vn -0.0348 0.8207 0.5703
vn -0.8023 0.4608 0.3794
vn -0.8023 0.4608 0.3794
vn -0.8023 0.4608 0.3794
vn 0.0336 0.8518 0.5228
vn 0.0259 0.9218 0.3868
vn -0.0862 0.9564 0.2792
vn 0.0259 0.9218 0.3868
vn -0.0026 0.9968 0.0798
vn -0.0862 0.9564 0.2792
vn -0.0426 0.9990 0.0134
vn -0.1457 0.9893 0.0039
vn -0.0862 0.9564 0.2792
vn 0.2877 -0.0259 0.9574
vn -0.3007 -0.0034 0.9537
vn 0.5366 0.1449 0.8313
vn 0.5366 0.1449 0.8313
vn 0.8850 0.0449 0.4634
vn 0.2877 -0.0259 0.9574
vn -0.0849 0.1428 -0.9861
vn -0.0982 0.0032 -0.9952
vn -0.3715 0.0904 -0.9240
vn -0.3715 0.0904 -0.9240
vn -0.1375 0.1299 -0.9819
vn -0.0849 0.1428 -0.9861
vn -0.1057 0.2473 -0.9631
vn -0.0876 0.3205 -0.9432
vn -0.0849 0.1428 -0.9861
vn -0.0849 0.1428 -0.9861
vn -0.1375 0.1299 -0.9819
vn -0.1057 0.2473 -0.9631
vn -0.0923 0.3869 -0.9175
vn -0.0758 0.5729 -0.8161
vn -0.0751 0.4569 -0.8863
vn -0.0751 0.4569 -0.8863
vn -0.0876 0.3205 -0.9432
vn -0.0923 0.3869 -0.9175
vn -0.1057 0.2473 -0.9631
vn -0.0923 0.3869 -0.9175
vn -0.0876 0.3205 -0.9432
vn -0.0758 0.5729 -0.8161
vn -0.0490 0.6603 -0.7494
vn -0.0751 0.4569 -0.8863
vn -0.0758 0.5729 -0.8161
vn -0.1722 0.6344 -0.7536
vn -0.0490 0.6603 -0.7494
vn -0.3020 0.8384 -0.4537
vn -0.0490 0.6603 -0.7494
vn -0.1722 0.6344 -0.7536
vn -0.1722 0.6344 -0.7536
vn -0.0040 0.9996 -0.0287
vn -0.3020 0.8384 -0.4537
vn -0.0040 0.9996 -0.0287
vn -0.1722 0.6344 -0.7536
vn -0.0126 0.9999 -0.0092
vn -0.6790 0.7317 0.0600
vn -0.1457 0.9893 0.0039
vn -0.0426 0.9990 0.0134
vn -0.0426 0.9990 0.0134
vn -0.0126 0.9999 -0.0092
vn -0.6790 0.7317 0.0600
vn -0.0862 0.9564 0.2792
vn -0.1457 0.9893 0.0039
vn -0.4971 0.8640 0.0795
vn -0.4971 0.8640 0.0795
vn -0.0833 0.8325 0.5477
vn -0.0862 0.9564 0.2792
vn -0.3007 -0.0034 0.9537
vn 0.0166 0.1000 0.9949
vn -0.2470 -0.2517 0.9357
vn -0.4971 0.8640 0.0795
vn -0.2573 0.7505 0.6087
vn -0.2573 0.7505 0.6087
vn -0.1457 0.9893 0.0039
vn -0.6790 0.7317 0.0600
vn -0.6086 0.7917 0.0532
vn -0.0007 1.0000 -0.0081
vn -0.4971 0.8640 0.0795
vn -0.1457 0.9893 0.0039
vn -0.4971 0.8640 0.0795
vn -0.1722 0.6344 -0.7536
vn -0.0430 0.9990 -0.0084
vn -0.8988 0.4363 0.0421
vn -0.9884 -0.0251 0.1496
vn -0.9877 0.1223 0.0975
vn -0.1722 0.6344 -0.7536
vn -0.4778 0.6000 -0.6416
vn -0.8988 0.4363 0.0421
vn -0.9978 -0.0660 -0.0075
vn -0.9849 -0.0615 0.1616
vn -0.9884 -0.0251 0.1496
vn -0.9995 -0.0293 -0.0101
vn -0.9884 -0.0251 0.1496
vn -0.8988 0.4363 0.0421
vn -0.9884 -0.0251 0.1496
vn -0.9995 -0.0293 -0.0101
vn -0.9978 -0.0660 -0.0075
vn -0.9849 -0.0615 0.1616
vn -0.9978 -0.0660 -0.0075
vn -0.9910 -0.1104 0.0757
vn -0.1722 0.6344 -0.7536
vn -0.6181 0.0006 -0.7861
vn -0.4469 0.0145 -0.8945
vn 0.2591 -0.0122 -0.9658
vn 0.2591 -0.0122 -0.9658
vn -0.1722 0.6344 -0.7536
vn -0.6790 0.7317 0.0600
vn -0.0126 0.9999 -0.0092
vn -0.7019 0.7067 0.0887
vn -0.0758 0.5729 -0.8161
vn -0.0923 0.3869 -0.9175
vn -0.1722 0.6344 -0.7536
vn -0.0923 0.3869 -0.9175
vn -0.1057 0.2473 -0.9631
vn -0.1722 0.6344 -0.7536
vn -0.1057 0.2473 -0.9631
vn -0.1375 0.1299 -0.9819
vn -0.1722 0.6344 -0.7536
vn -0.8639 0.0377 -0.5023
vn -0.8639 0.0377 -0.5023
vn -0.3715 0.0904 -0.9240
vn -0.6181 0.0006 -0.7861
vn -0.8962 0.0014 -0.4437
vn -0.3715 0.0904 -0.9240
vn -0.3715 0.0904 -0.9240
vn -0.1441 -0.0369 -0.9889
vn -0.6181 0.0006 -0.7861
vn -0.1298 -0.0569 -0.9899
vn -0.1037 -0.3637 -0.9257
vn -0.3379 -0.3105 -0.8885
vn -0.6181 0.0006 -0.7861
vn -0.1298 -0.0569 -0.9899
vn -0.4933 0.1164 -0.8621
vn -0.0922 -0.4959 -0.8634
vn -0.0646 -0.8458 -0.5296
vn -0.2627 -0.5451 -0.7961
vn -0.1037 -0.3637 -0.9257
vn -0.0922 -0.4959 -0.8634
vn -0.2935 -0.4313 -0.8532
vn -0.0899 -0.5491 -0.8309
vn -0.0678 -0.8546 -0.5149
vn -0.2644 -0.8117 -0.5208
vn -0.0678 -0.8546 -0.5149
vn -0.0575 -0.9218 -0.3834
vn -0.2955 -0.8663 -0.4028
vn -0.0575 -0.9218 -0.3834
vn -0.0531 -0.9682 -0.2446
vn -0.3389 -0.8989 -0.2777
vn -0.0531 -0.9682 -0.2446
vn -0.0725 -0.9896 -0.1243
vn -0.3928 -0.9079 -0.1465
vn -0.4515 -0.8921 -0.0191
vn -0.0725 -0.9896 -0.1243
vn -0.0724 -0.9971 -0.0243
vn -0.1271 0.1787 -0.9757
vn -0.2257 0.2417 -0.9438
vn -0.3715 0.0904 -0.9240
vn -0.3715 0.0904 -0.9240
vn -0.0982 0.0032 -0.9952
vn -0.0999 0.1484 -0.9839
vn -0.0999 0.1484 -0.9839
vn -0.1271 0.1787 -0.9757
vn -0.3715 0.0904 -0.9240
vn -0.3715 0.0904 -0.9240
vn -0.2257 0.2417 -0.9438
vn -0.2573 -0.1040 -0.9607
vn -0.9108 0.0000 -0.4128
vn -0.9108 0.0000 -0.4128
vn -0.3715 0.0904 -0.9240
vn -0.1441 -0.0369 -0.9889
vn -0.2573 -0.1040 -0.9607
vn -0.0558 -0.0705 -0.9960
vn -0.0558 -0.0705 -0.9960
vn -0.0590 -0.0221 -0.9980
vn -0.1441 -0.0369 -0.9889
vn -0.5375 0.0041 -0.8433
vn -0.0897 0.0000 -0.9960
vn -0.0897 0.0000 -0.9960
vn -0.0969 -0.0001 -0.9953
vn -0.3861 -0.0019 -0.9224
vn -0.5375 0.0041 -0.8433
vn -0.1271 0.1787 -0.9757
vn -0.9808 0.1015 -0.1666
vn -0.9425 -0.0051 -0.3342
vn -0.9425 -0.0051 -0.3342
vn -0.5375 0.0041 -0.8433
vn -0.1271 0.1787 -0.9757
vn -0.1271 0.1787 -0.9757
vn -0.5375 0.0041 -0.8433
vn -0.0558 -0.0705 -0.9960
vn -0.1271 0.1787 -0.9757
vn -0.0558 -0.0705 -0.9960
vn 0.1243 -0.2778 -0.9526
vn 0.1243 -0.2778 -0.9526
vn -0.1524 0.2276 -0.9618
vn -0.1271 0.1787 -0.9757
vn -0.0909 0.9248 -0.3694
vn -0.0909 0.9248 -0.3694
vn -0.0909 0.9248 -0.3694
vn -0.2257 0.2417 -0.9438
vn -0.1524 0.2276 -0.9618
vn -0.2573 -0.1040 -0.9607
vn -0.0816 -0.9881 0.1306
vn -0.0816 -0.9881 0.1306
vn -0.0816 -0.9881 0.1306
vn -0.2063 -0.9229 -0.3252
vn -0.2063 -0.9229 -0.3252
vn -0.2063 -0.9229 -0.3252
vn 0.1625 0.3485 -0.9231
vn 0.1243 -0.2778 -0.9526
vn -0.2929 -0.1498 -0.9443
vn 0.1243 -0.2778 -0.9526
vn -0.2929 -0.1498 -0.9443
vn -0.1524 0.2276 -0.9618
vn -0.2573 -0.1040 -0.9607
vn -0.1524 0.2276 -0.9618
vn -0.2929 -0.1498 -0.9443
vn -0.1625 -0.3485 0.9231
vn -0.1625 -0.3485 0.9231
vn -0.1625 -0.3485 0.9231
vn -0.0346 0.0048 0.9994
vn 0.0868 0.0000 0.9962
vn 0.0868 0.0000 0.9962
vn -0.8874 -0.0118 0.4608
vn -0.3400 0.0154 0.9403
vn -0.0346 0.0048 0.9994
vn 0.0835 -0.0000 0.9965
vn -0.0346 0.0048 0.9994
vn -0.3585 -0.0134 0.9334
vn -0.3585 -0.0134 0.9334
vn -0.0605 -0.0302 0.9977
vn 0.0816 -0.0000 0.9967
vn -0.0346 0.0048 0.9994
vn -0.0635 0.0840 0.9944
vn -0.3585 -0.0134 0.9334
vn -0.0635 0.0840 0.9944
vn 0.1182 -0.1107 0.9868
vn -0.3585 -0.0134 0.9334
vn 0.1182 -0.1107 0.9868
vn -0.0635 0.0840 0.9944
vn 0.3101 -0.1383 0.9406
vn 0.6354 0.4152 0.6511
vn 0.6354 0.4152 0.6511
vn 0.3101 -0.1383 0.9406
vn -0.1923 0.2815 0.9401
vn 0.3101 -0.1383 0.9406
vn 0.1334 0.6315 0.7638
vn 0.1334 0.6315 0.7638
vn 0.3101 -0.1383 0.9406
vn -0.0635 0.0840 0.9944
vn -0.1555 0.9788 -0.1335
vn -0.1555 0.9788 -0.1335
vn -0.1555 0.9788 -0.1335
vn -0.9734 -0.0394 0.2257
vn -0.9734 -0.0394 0.2257
vn -0.9734 -0.0394 0.2257
vn -0.0699 -0.1475 0.9866
vn 0.0063 -0.4279 0.9038
vn -0.1923 0.2815 0.9401
vn 0.3101 -0.1383 0.9406
vn -0.0699 -0.1475 0.9866
vn 0.1182 -0.1107 0.9868
vn 0.0063 -0.4279 0.9038
vn 0.1180 -0.8607 0.4952
vn 0.1180 -0.8607 0.4952
vn 0.6552 -0.3642 -0.6618
vn 0.6552 -0.3642 -0.6618
vn 0.6552 -0.3642 -0.6618
vn -0.6552 0.3642 0.6618
vn -0.0699 -0.1475 0.9866
vn -0.6552 0.3642 0.6618
vn 0.9982 -0.0406 -0.0441
vn 0.9982 -0.0406 -0.0441
vn 0.9982 -0.0406 -0.0441
vn -0.0792 0.2510 0.9648
vn -0.2407 -0.1488 0.9591
vn 0.4692 -0.5358 0.7020
vn 0.8997 0.4160 0.1325
vn 0.8997 0.4160 0.1325
vn 0.8997 0.4160 0.1325
vn -0.3304 0.5625 -0.7579
vn 0.4953 -0.0591 -0.8667
vn -0.0430 0.2820 -0.9585
vn 0.9120 0.4034 -0.0740
vn 0.9120 0.4034 -0.0740
vn 0.9120 0.4034 -0.0740
vn -0.2608 0.4457 -0.8564
vn -0.2608 0.4457 -0.8564
vn -0.2608 0.4457 -0.8564
vn 0.2608 -0.4457 0.8564
vn 0.2608 -0.4457 0.8564
vn 0.2608 -0.4457 0.8564
vn 0.4953 -0.0591 -0.8667
vn 0.0005 -0.3694 -0.9293
vn -0.0934 -0.2116 -0.9729
vn 0.0083 0.6996 -0.7145
vn 0.0083 0.6996 -0.7145
vn 0.0083 0.6996 -0.7145
vn -0.0691 -0.9911 -0.1137
vn -0.0691 -0.9911 -0.1137
vn -0.0691 -0.9911 -0.1137
vn 0.0691 0.9911 0.1137
vn 0.0691 0.9911 0.1137
vn 0.0691 0.9911 0.1137
vn -0.3304 0.5625 -0.7579
vn -0.1128 0.7308 -0.6733
vn -0.1123 0.5988 -0.7930
vn 0.1123 -0.5988 0.7930
vn 0.1123 -0.5988 0.7930
vn 0.1123 -0.5988 0.7930
vn 0.0819 0.1522 0.9850
vn 0.0819 0.1522 0.9850
vn 0.0819 0.1522 0.9850
vn -0.0819 -0.1522 -0.9850
vn -0.0430 0.2820 -0.9585
vn -0.4868 0.3849 -0.7842
vn -0.2407 -0.1488 0.9591
vn -0.0792 0.2510 0.9648
vn -0.4309 0.1192 0.8945
vn 0.0385 -0.9737 -0.2244
vn 0.0385 -0.9737 -0.2244
vn 0.0385 -0.9737 -0.2244
vn -0.0385 0.9737 0.2244
vn -0.0385 0.9737 0.2244
vn -0.0385 0.9737 0.2244
vn -0.4309 0.1192 0.8945
vn -0.0792 0.2510 0.9648
vn 0.1442 0.1483 0.9784
vn -0.1442 -0.1483 -0.9784
vn -0.1442 -0.1483 -0.9784
vn -0.1442 -0.1483 -0.9784
vn -0.2106 -0.8680 -0.4497
vn -0.2106 -0.8680 -0.4497
vn -0.2106 -0.8680 -0.4497
vn 0.0023 0.7223 0.6916
vn 0.2106 0.8680 0.4497
vn 0.2106 0.8680 0.4497
vn 0.1473 0.9696 -0.1956
vn -0.0121 0.9384 -0.3453
vn -0.0131 0.9843 -0.1763
vn 0.3009 0.8281 0.4730
vn 0.3009 0.8281 0.4730
vn 0.3009 0.8281 0.4730
vn -0.3009 -0.8281 -0.4730
vn -0.0800 -0.9968 0.0084
vn -0.3009 -0.8281 -0.4730
vn -0.0800 -0.9968 0.0084
vn -0.7064 -0.6336 0.3157
vn 0.0062 -0.9887 0.1495
vn -0.4868 0.3849 -0.7842
vn -0.0430 0.2820 -0.9585
vn 0.4953 -0.0591 -0.8667
vn -0.0353 0.4316 -0.9014
vn 0.2012 0.7781 -0.5951
vn 0.2012 0.7781 -0.5951
vn -0.7535 -0.5807 -0.3083
vn 0.0005 -0.3694 -0.9293
vn 0.1800 -0.7328 -0.6562
vn -0.7064 -0.6336 0.3157
vn -0.0800 -0.9968 0.0084
vn -0.0965 -0.9197 0.3805
vn 0.0023 0.7223 0.6916
vn -0.0792 0.2510 0.9648
vn 0.1256 0.8182 0.5610
vn -0.0121 0.9384 -0.3453
vn 0.1473 0.9696 -0.1956
vn -0.3304 0.5625 -0.7579
vn -0.4868 0.3849 -0.7842
vn -0.3304 0.5625 -0.7579
vn -0.0430 0.2820 -0.9585
vn -0.3304 0.5625 -0.7579
vn -0.4868 0.3849 -0.7842
vn -0.1128 0.7308 -0.6733
vn -0.4868 0.3849 -0.7842
vn -0.3033 0.8693 -0.3903
vn -0.1128 0.7308 -0.6733
vn -0.3304 0.5625 -0.7579
vn -0.1128 0.7308 -0.6733
vn -0.3033 0.8693 -0.3903
vn -0.3304 0.5625 -0.7579
vn -0.3033 0.8693 -0.3903
vn -0.0121 0.9384 -0.3453
vn 0.1188 0.9809 0.1541
vn 0.1581 0.9772 0.1420
vn 0.1473 0.9696 -0.1956
vn 0.1176 0.9783 0.1708
vn 0.1256 0.8182 0.5610
vn 0.1581 0.9772 0.1420
vn 0.1256 0.8182 0.5610
vn 0.0254 0.8808 0.4728
vn 0.0023 0.7223 0.6916
vn -0.0792 0.2510 0.9648
vn 0.0023 0.7223 0.6916
vn -0.4309 0.1192 0.8945
vn 0.4692 -0.5358 0.7020
vn 0.0247 -0.8828 0.4692
vn 0.0247 -0.8828 0.4692
vn 0.4692 -0.5358 0.7020
vn 0.0467 -0.8073 0.5884
vn -0.7064 -0.6336 0.3157
vn -0.7064 -0.6336 0.3157
vn -0.0965 -0.9197 0.3805
vn 0.4692 -0.5358 0.7020
vn 0.0111 -0.9963 -0.0853
vn 0.0111 -0.9963 -0.0853
vn -0.0800 -0.9968 0.0084
vn -0.0800 -0.9968 0.0084
vn -0.0083 -0.6996 0.7145
vn -0.0083 -0.6996 0.7145
vn 0.1763 -0.9318 -0.3173
vn 0.1800 -0.7328 -0.6562
vn -0.0800 -0.9968 0.0084
vn 0.1800 -0.7328 -0.6562
vn -0.0753 -0.6019 -0.7950
vn -0.7535 -0.5807 -0.3083
vn 0.3220 -0.9466 -0.0118
vn 0.3220 -0.9466 -0.0118
vn 0.3220 -0.9466 -0.0118
vn 0.4953 -0.0591 -0.8667
vn 0.0222 -0.4040 -0.9145
vn 0.0222 -0.4040 -0.9145
vn -0.2021 -0.1883 -0.9611
vn -0.0562 -0.0749 -0.9956
vn -0.2021 -0.1883 -0.9611
vn -0.0562 -0.0749 -0.9956
vn -0.1742 0.1427 -0.9743
vn -0.0353 0.4316 -0.9014
vn 0.4953 -0.0591 -0.8667
vn -0.0353 0.4316 -0.9014
vn -0.4868 0.3849 -0.7842
vn -0.0121 0.9384 -0.3453
vn -0.3033 0.8693 -0.3903
vn -0.2412 0.9516 -0.1907
vn -0.0353 0.4316 -0.9014
vn -0.9026 0.0109 -0.4304
vn -0.4868 0.3849 -0.7842
vn -0.7780 -0.5844 -0.2307
vn -0.8904 -0.3838 -0.2446
vn -0.9720 0.1551 0.1768
vn -0.7664 -0.3045 0.5655
vn -0.7780 -0.5844 -0.2307
vn -0.9720 0.1551 0.1768
vn -0.8603 -0.3104 -0.4044
vn -0.7535 -0.5807 -0.3083
vn -0.9720 0.1551 0.1768
vn -0.9026 0.0109 -0.4304
vn -0.8603 -0.3104 -0.4044
vn -0.9720 0.1551 0.1768
vn -0.9959 0.0500 0.0756
vn -0.9026 0.0109 -0.4304
vn -0.9720 0.1551 0.1768
vn -0.9151 -0.3106 0.2573
vn -0.9151 -0.3106 0.2573
vn -0.9720 0.1551 0.1768
vn -0.9990 -0.0421 0.0170
vn -0.9990 -0.0421 0.0170
vn -0.9720 0.1551 0.1768
vn -0.8309 -0.4433 -0.3363
vn -0.8309 -0.4433 -0.3363
vn -0.9720 0.1551 0.1768
vn -0.6569 -0.1810 0.7320
vn -0.2407 -0.1488 0.9591
vn -0.4050 0.3044 0.8621
vn -0.7064 -0.6336 0.3157
vn -0.6569 -0.1810 0.7320
vn -0.9720 0.1551 0.1768
vn -0.9720 0.1551 0.1768
vn -0.8904 -0.3838 -0.2446
vn -0.7064 -0.6336 0.3157
vn 0.8888 -0.1314 -0.4390
vn 0.5740 -0.0034 -0.8188
vn 0.8888 -0.1314 -0.4390
vn 0.8394 0.2060 -0.5029
vn 0.7827 0.1682 -0.5992
vn 0.5740 -0.0034 -0.8188
vn 0.7572 -0.6397 -0.1321
vn 0.7572 -0.6397 -0.1321
vn 0.7572 -0.6397 -0.1321
vn 0.7466 -0.6649 0.0224
vn 0.7466 -0.6649 0.0224
vn 0.7466 -0.6649 0.0224
vn 0.8527 0.5210 0.0392
vn 0.8527 0.5210 0.0392
vn 0.8527 0.5210 0.0392
vn 0.9481 0.1774 0.2638
vn 0.9481 0.1774 0.2638
vn 0.9481 0.1774 0.2638
vn 0.4143 -0.3176 -0.8530
vn 0.0375 -0.6513 -0.7579
vn 0.5740 -0.0034 -0.8188
vn 0.8097 -0.4801 0.3375
vn 0.9233 -0.3725 0.0942
vn 0.8097 -0.4801 0.3375
vn 0.8097 -0.4801 0.3375
vn 0.9233 -0.3725 0.0942
vn 0.8097 -0.4801 0.3375
vn -0.9481 -0.1774 -0.2638
vn -0.9889 -0.0147 0.1478
vn -0.9481 -0.1774 -0.2638
vn -0.9188 -0.1973 -0.3418
vn -0.9959 0.0530 0.0727
vn -0.9889 -0.0147 0.1478
vn -0.3081 0.4412 -0.8428
vn -0.3081 0.4412 -0.8428
vn -0.3081 0.4412 -0.8428
vn 0.3081 -0.4412 0.8428
vn 0.3081 -0.4412 0.8428
vn 0.3081 -0.4412 0.8428
vn -0.3081 0.4412 -0.8428
vn -0.3081 0.4412 -0.8428
vn -0.3081 0.4412 -0.8428
vn 0.3081 -0.4412 0.8428
vn 0.3081 -0.4412 0.8428
vn 0.3081 -0.4412 0.8428
vn 0.8958 -0.2982 -0.3295
vn 0.9436 0.2618 0.2029
vn 0.8958 -0.2982 -0.3295
vn -0.3414 0.7713 0.5371
vn 0.1937 0.9810 -0.0104
vn -0.0061 0.9971 0.0758
vn -0.2789 -0.9419 -0.1871
vn -0.2789 -0.9419 -0.1871
vn -0.2789 -0.9419 -0.1871
vn -0.1202 -0.1142 0.9862
vn -0.1202 -0.1142 0.9862
vn -0.1202 -0.1142 0.9862
vn -0.8097 0.4801 -0.3375
vn -0.8097 0.4801 -0.3375
vn -0.9889 -0.0147 0.1478
vn 0.9233 -0.3725 0.0942
vn 0.9856 0.0479 -0.1622
vn 0.9856 0.0479 -0.1622
vn -0.1403 0.9866 -0.0831
vn -0.1403 0.9866 -0.0831
vn -0.1403 0.9866 -0.0831
vn 0.1403 -0.9866 0.0831
vn 0.1403 -0.9866 0.0831
vn 0.1403 -0.9866 0.0831
vn 0.8868 0.4621 -0.0051
vn 0.9233 -0.3725 0.0942
vn 0.8868 0.4621 -0.0051
vn -0.9937 -0.0106 0.1114
vn -0.7812 0.3639 0.5073
vn -0.7812 0.3639 0.5073
vn 0.9696 -0.0005 -0.2446
vn 0.9959 0.0371 -0.0825
vn 0.9959 0.0371 -0.0825
vn 0.9696 -0.0005 -0.2446
vn 0.5740 -0.0034 -0.8188
vn 0.7885 0.1801 -0.5881
vn 0.8714 0.2605 -0.4157
vn 0.8394 0.2060 -0.5029
vn 0.8714 0.2605 -0.4157
vn -0.9046 0.0116 -0.4261
vn -0.9046 0.0116 -0.4261
vn -0.9889 -0.0147 0.1478
vn -0.9916 -0.0248 0.1268
vn -0.9916 -0.0248 0.1268
vn -0.9889 -0.0147 0.1478
vn -0.9173 0.3433 0.2018
vn -0.9937 -0.0106 0.1114
vn -0.9786 -0.1900 -0.0791
vn -0.9939 -0.0716 -0.0837
vn -0.9786 -0.1900 -0.0791
vn -0.9939 -0.0716 -0.0837
vn -0.7852 0.0474 -0.6174
vn -0.7852 0.0474 -0.6174
vn -0.7852 0.0474 -0.6174
vn -0.9871 -0.1558 0.0361
vn -0.9871 -0.1558 0.0361
vn -0.9871 -0.1558 0.0361
vn -0.6380 0.7699 -0.0170
vn -0.0061 0.9971 0.0758
vn -0.6380 0.7699 -0.0170
vn -0.9889 -0.0147 0.1478
vn -0.9856 -0.0479 0.1622
vn -0.9856 -0.0479 0.1622
vn -0.9937 -0.0106 0.1114
vn -0.9883 -0.0433 0.1461
vn -0.9786 -0.1900 -0.0791
vn -0.9947 0.1023 -0.0123
vn -0.9947 0.1023 -0.0123
vn -0.9947 0.1023 -0.0123
vn 0.9246 0.3670 0.1022
vn 0.9246 0.3670 0.1022
vn 0.9246 0.3670 0.1022
vn -0.9959 0.0530 0.0727
vn -0.9246 -0.3670 -0.1022
vn -0.9246 -0.3670 -0.1022
vn 0.2789 0.9419 0.1871
vn 0.2789 0.9419 0.1871
vn -0.3414 0.7713 0.5371
vn 0.9436 0.2618 0.2029
vn 0.4531 0.4611 0.7629
vn -0.1596 -0.0014 0.9872
vn 0.9384 0.1048 0.3293
vn 0.9384 0.1048 0.3293
vn 0.9436 0.2618 0.2029
vn 0.4890 -0.8536 -0.1795
vn -0.2833 -0.9478 0.1464
vn -0.2833 -0.9478 0.1464
vn 0.4890 -0.8536 -0.1795
vn 0.9233 -0.3725 0.0942
vn 0.3741 -0.9062 0.1972
vn 0.4890 -0.8536 -0.1795
vn -0.3425 -0.8796 -0.3302
vn 0.0375 -0.6513 -0.7579
vn 0.0375 -0.6513 -0.7579
vn -0.0875 -0.8480 -0.5228
vn 0.4890 -0.8536 -0.1795
vn 0.2833 0.9478 -0.1464
vn 0.2833 0.9478 -0.1464
vn 0.2833 0.9478 -0.1464
vn 0.9916 0.0248 -0.1268
vn 0.9916 0.0248 -0.1268
vn 0.9916 0.0248 -0.1268
vn 0.9046 -0.0116 0.4261
vn 0.9046 -0.0116 0.4261
vn 0.9046 -0.0116 0.4261
vn 0.8299 -0.1999 -0.5208
vn 0.8299 -0.1999 -0.5208
vn 0.8299 -0.1999 -0.5208
vn 0.7852 -0.0474 0.6174
vn 0.7852 -0.0474 0.6174
vn 0.7852 -0.0474 0.6174
vn 0.9856 -0.0493 -0.1617
vn 0.9696 -0.0005 -0.2446
vn 0.9856 -0.0493 -0.1617
vn 0.9885 0.0325 -0.1480
vn 0.9885 0.0325 -0.1480
vn 0.9885 0.0325 -0.1480
vn 0.6380 -0.7699 0.0170
vn 0.6380 -0.7699 0.0170
vn 0.6380 -0.7699 0.0170
vn 0.8394 0.2060 -0.5029
vn 0.9947 -0.1023 0.0123
vn 0.9947 -0.1023 0.0123
vn 0.9871 0.1558 -0.0361
vn 0.8394 0.2060 -0.5029
vn 0.9871 0.1558 -0.0361
vn 0.1202 0.1142 -0.9862
vn 0.1202 0.1142 -0.9862
vn 0.1202 0.1142 -0.9862
f 1505//1 1504//2 1431//3
f 1431//4 1511//5 1508//6
f 1508//7 1505//8 1431//9
f 1511//10 1509//11 1512//12
f 1511//13 1431//14 1509//15
f 1504//16 1501//17 1431//18
f 1501//19 1498//20 1431//21
f 1431//22 1498//23 1487//24
f 1471//25 1465//26 1431//27
f 1431//28 1487//29 1471//30
f 1465//31 1458//32 1431//33
f 1431//34 1458//35 1449//36
f 1432//37 1530//38 1527//39
f 1525//40 1475//41 1495//42
f 1525//43 1446//44 1451//45
f 1434//46 1436//47 1428//48
f 1325//49 1333//50 1428//51
f 1333//52 1434//53 1428//54
f 1434//55 1333//56 1341//57
f 1442//58 1525//59 1436//60
f 1436//61 1438//62 1442//63
f 1455//64 1463//65 1525//66
f 1525//67 1463//68 1467//69
f 1502//70 1555//71 1537//72
f 1537//73 1499//74 1502//75
f 1555//76 1506//77 1513//78
f 1555//79 1513//80 1517//81
f 1517//82 1567//83 1555//84
f 1518//85 1523//86 1580//87
f 1530//88 1532//89 1585//90
f 1532//91 1589//92 1585//93
f 1589//94 1532//95 1535//96
f 1593//97 1589//98 1535//99
f 1535//100 1539//101 1593//102
f 1539//103 1541//104 1593//105
f 1598//106 1593//107 1541//108
f 1541//109 1544//110 1598//111
f 1544//112 1603//113 1598//114
f 1544//115 1547//116 1603//117
f 1607//118 1603//119 1547//120
f 1564//121 1622//122 1615//123
f 1562//124 1564//125 1615//126
f 1628//127 1565//128 1569//129
f 1565//130 1628//131 1622//132
f 1649//133 1642//134 1573//135
f 1573//136 1642//137 1637//138
f 1637//139 1571//140 1573//141
f 1571//142 1637//143 1633//144
f 1569//145 1571//146 1633//147
f 1569//148 1633//149 1628//150
f 1494//151 1490//152 1573//153
f 1573//154 1490//155 1649//156
f 1571//157 1485//158 1491//159
f 1491//160 1573//161 1571//162
f 1491//163 1494//164 1573//165
f 1569//166 1477//167 1483//168
f 1571//169 1569//170 1483//171
f 1483//172 1485//173 1571//174
f 1565//175 1564//176 1512//177
f 1564//178 1565//179 1622//180
f 1565//181 1512//182 1509//183
f 1478//184 1477//185 1569//186
f 1569//187 1565//188 1478//189
f 1509//190 1478//191 1565//192
f 1478//193 1509//194 1431//195
f 1477//196 1478//197 1431//198
f 1432//199 1431//200 1449//201
f 1449//202 1530//203 1432//204
f 1449//205 1532//206 1530//207
f 1422//208 1426//209 1527//210
f 1527//211 1426//212 1432//213
f 1530//214 1585//215 1580//216
f 1580//217 1527//218 1530//219
f 1580//220 1523//221 1527//222
f 1527//223 1523//224 1422//225
f 1422//226 1523//227 1518//228
f 1407//229 1422//230 1518//231
f 1418//232 1407//233 1518//234
f 1502//235 1506//236 1555//237
f 1412//238 1506//239 1502//240
f 1513//241 1506//242 1412//243
f 1412//244 1415//245 1513//246
f 1518//247 1580//248 1567//249
f 1567//250 1517//251 1518//252
f 1518//253 1517//254 1418//255
f 1418//256 1517//257 1513//258
f 1513//259 1415//260 1418//261
f 1396//262 1399//263 1499//264
f 1399//265 1404//266 1499//267
f 1502//268 1499//269 1404//270
f 1404//271 1412//272 1502//273
f 1499//274 1537//275 1525//276
f 1525//277 1495//278 1499//279
f 1499//280 1495//281 1396//282
f 1396//283 1495//284 1475//285
f 1392//286 1396//287 1475//288
f 1390//289 1392//290 1475//291
f 1525//292 1467//293 1475//294
f 1475//295 1467//296 1390//297
f 1390//298 1467//299 1463//300
f 1463//301 1387//302 1390//303
f 1364//304 1368//305 1455//306
f 1368//307 1379//308 1455//309
f 1463//310 1455//311 1379//312
f 1379//313 1387//314 1463//315
f 1525//316 1451//317 1455//318
f 1455//319 1451//320 1364//321
f 1364//322 1451//323 1446//324
f 1360//325 1364//326 1446//327
f 1354//328 1360//329 1446//330
f 1438//331 1434//332 1341//333
f 1436//334 1434//335 1438//336
f 1525//337 1442//338 1446//339
f 1446//340 1442//341 1354//342
f 1354//343 1442//344 1438//345
f 1348//346 1354//347 1438//348
f 1341//349 1348//350 1438//351
f 1428//352 1416//353 1325//354
f 1309//355 1325//356 1416//357
f 1309//358 1416//359 1405//360
f 1309//361 1405//362 1400//363
f 1291//364 1309//365 1400//366
f 1048//367 1291//368 1400//369
f 1400//370 1295//371 1048//372
f 1295//373 1052//374 1048//375
f 1229//376 1215//377 1052//378
f 1215//379 1048//380 1052//381
f 1020//382 1048//383 1215//384
f 1215//385 1094//386 1020//387
f 1032//388 1029//389 997//390
f 1029//391 980//392 997//393
f 1016//394 976//395 986//396
f 986//397 1061//398 1016//399
f 1061//400 1077//401 1016//402
f 990//403 1067//404 1065//405
f 1042//406 1069//407 992//408
f 1042//409 1074//410 1069//411
f 1074//412 1042//413 1046//414
f 1074//415 1046//416 1047//417
f 1074//418 1047//419 1049//420
f 1032//421 1020//422 1084//423
f 1029//424 1032//425 1084//426
f 1084//427 1006//428 1029//429
f 1032//430 997//431 1008//432
f 1008//433 1020//434 1032//435
f 1020//436 1094//437 1084//438
f 1564//439 1562//440 1508//441
f 1508//442 1511//443 1564//444
f 1511//445 1512//446 1564//447
f 1562//448 1560//449 1505//450
f 1505//451 1508//452 1562//453
f 1560//454 1558//455 1504//456
f 1504//457 1505//458 1560//459
f 1558//460 1554//461 1501//462
f 1501//463 1504//464 1558//465
f 1554//466 1552//467 1498//468
f 1498//469 1501//470 1554//471
f 1549//472 1487//473 1498//474
f 1552//475 1549//476 1498//477
f 1549//478 1547//479 1487//480
f 1547//481 1549//482 1607//483
f 1549//484 1552//485 1607//486
f 1610//487 1607//488 1552//489
f 1552//490 1554//491 1610//492
f 1554//493 1558//494 1610//495
f 1614//496 1610//497 1558//498
f 1558//499 1560//500 1614//501
f 1560//502 1615//503 1614//504
f 1560//505 1562//506 1615//507
f 1547//508 1544//509 1487//510
f 1471//511 1487//512 1544//513
f 1465//514 1471//515 1541//516
f 1544//517 1541//518 1471//519
f 1541//520 1539//521 1465//522
f 1539//523 1458//524 1465//525
f 1539//526 1535//527 1458//528
f 1535//529 1532//530 1449//531
f 1449//532 1458//533 1535//534
f 980//535 1006//536 983//537
f 1025//538 983//539 1006//540
f 1005//541 1004//542 973//543
f 1004//544 998//545 973//546
f 973//547 988//548 986//549
f 992//550 1069//551 1067//552
f 1067//553 990//554 992//555
f 973//556 992//557 990//558
f 986//559 976//560 961//561
f 961//562 950//563 986//564
f 973//565 986//566 950//567
f 950//568 962//569 973//570
f 973//571 962//572 983//573
f 1025//574 973//575 983//576
f 990//577 988//578 973//579
f 1065//580 988//581 990//582
f 986//583 988//584 1065//585
f 1065//586 1061//587 986//588
f 1074//589 1049//590 1028//591
f 1110//592 1025//593 1006//594
f 998//595 992//596 973//597
f 992//598 998//599 1042//600
f 998//601 1046//602 1042//603
f 1046//604 998//605 1004//606
f 1004//607 1047//608 1046//609
f 1047//610 1004//611 1005//612
f 1005//613 1049//614 1047//615
f 1028//616 1049//617 1005//618
f 1028//619 1025//620 1110//621
f 973//622 1025//623 1005//624
f 1005//625 1025//626 1028//627
f 1006//628 980//629 1029//630
f 1369//631 1363//632 1386//633
f 1400//634 1405//635 1416//636
f 1084//637 1110//638 1006//639
f 1122//640 1118//641 1119//642
f 1125//643 1122//644 1119//645
f 1119//646 1130//647 1125//648
f 1101//649 1143//650 1138//651
f 1138//652 1134//653 1101//654
f 1119//655 1101//656 1134//657
f 1134//658 1130//659 1119//660
f 1101//661 1146//662 1143//663
f 1149//664 1146//665 1101//666
f 1154//667 1149//668 1101//669
f 1101//670 1151//671 1154//672
f 1164//673 1159//674 1151//675
f 1159//676 1154//677 1151//678
f 1169//679 1164//680 1151//681
f 1177//682 1176//683 1151//684
f 1151//685 1176//686 1172//687
f 1172//688 1169//689 1151//690
f 1183//691 1177//692 1151//693
f 1194//694 1188//695 1094//696
f 1188//697 1183//698 1094//699
f 1094//700 1195//701 1194//702
f 1197//703 1194//704 1195//705
f 1217//706 1209//707 1195//708
f 1195//709 1229//710 1217//711
f 1221//712 1217//713 1229//714
f 1229//715 1227//716 1221//717
f 1229//718 1238//719 1231//720
f 1231//721 1227//722 1229//723
f 1243//724 1238//725 1229//726
f 1229//727 1249//728 1243//729
f 1255//730 1249//731 1229//732
f 1229//733 1052//734 1255//735
f 1052//736 1257//737 1255//738
f 1052//739 1262//740 1257//741
f 1052//742 1269//743 1262//744
f 1052//745 1295//746 1269//747
f 1295//748 1276//749 1269//750
f 1280//751 1276//752 1295//753
f 1295//754 1285//755 1280//756
f 1295//757 1293//758 1289//759
f 1289//760 1286//761 1295//762
f 1286//763 1285//764 1295//765
f 1297//766 1293//767 1295//768
f 1306//769 1297//770 1295//771
f 1352//772 1323//773 1315//774
f 1295//775 1352//776 1315//777
f 1315//778 1310//779 1295//780
f 1295//781 1310//782 1306//783
f 1326//784 1323//785 1352//786
f 1352//787 1329//788 1326//789
f 1363//790 1357//791 1400//792
f 1400//793 1357//794 1352//795
f 1375//796 1369//797 1386//798
f 1386//799 1382//800 1375//801
f 1084//802 1094//803 1110//804
f 1110//805 1094//806 1101//807
f 1094//808 1151//809 1101//810
f 1195//811 1094//812 1215//813
f 1215//814 1229//815 1195//816
f 1151//817 1094//818 1183//819
f 1400//820 1352//821 1295//822
f 1400//823 1386//824 1363//825
f 1061//826 1065//827 1077//828
f 1067//829 1077//830 1065//831
f 1067//832 1069//833 1074//834
f 1119//835 1110//836 1101//837
f 1074//838 1077//839 1067//840
f 1077//841 1074//842 1028//843
f 1077//844 1028//845 1070//846
f 1119//847 1118//848 1117//849
f 1120//850 1070//851 1117//852
f 1110//853 1119//854 1117//855
f 1070//856 1028//857 1117//858
f 1117//859 1028//860 1110//861
f 1194//862 1197//863 1191//864
f 1374//865 1369//866 1375//867
f 1374//868 1375//869 1382//870
f 1382//871 1384//872 1374//873
f 1361//874 1357//875 1363//876
f 1361//877 1363//878 1369//879
f 1369//880 1365//881 1361//882
f 1374//883 1365//884 1369//885
f 1357//886 1361//887 1355//888
f 1343//889 1352//890 1357//891
f 1357//892 1355//893 1343//894
f 1343//895 1340//896 1329//897
f 1343//898 1329//899 1352//900
f 1329//901 1340//902 1330//903
f 1326//904 1329//905 1330//906
f 1330//907 1321//908 1326//909
f 1323//910 1326//911 1321//912
f 1321//913 1315//914 1323//915
f 1315//916 1321//917 1317//918
f 1317//919 1304//920 1315//921
f 1310//922 1315//923 1304//924
f 1304//925 1301//926 1310//927
f 1306//928 1310//929 1301//930
f 1298//931 1289//932 1293//933
f 1293//934 1297//935 1298//936
f 1301//937 1298//938 1297//939
f 1297//940 1306//941 1301//942
f 1289//943 1298//944 1307//945
f 1279//946 1280//947 1285//948
f 1307//949 1284//950 1289//951
f 1286//952 1289//953 1284//954
f 1284//955 1279//956 1286//957
f 1285//958 1286//959 1279//960
f 1280//961 1279//962 1277//963
f 1277//964 1272//965 1280//966
f 1276//967 1280//968 1272//969
f 1272//970 1270//971 1276//972
f 1270//973 1269//974 1276//975
f 1266//976 1255//977 1257//978
f 1257//979 1262//980 1266//981
f 1270//982 1266//983 1262//984
f 1262//985 1269//986 1270//987
f 1253//988 1247//989 1243//990
f 1247//991 1241//992 1243//993
f 1253//994 1243//995 1249//996
f 1266//997 1259//998 1255//999
f 1259//1000 1253//1001 1255//1002
f 1249//1003 1255//1004 1253//1005
f 1238//1006 1243//1007 1241//1008
f 1231//1009 1238//1010 1241//1011
f 1241//1012 1236//1013 1231//1014
f 1236//1015 1232//1016 1231//1017
f 1227//1018 1231//1019 1232//1020
f 1232//1021 1224//1022 1221//1023
f 1232//1024 1221//1025 1227//1026
f 1218//1027 1210//1028 1209//1029
f 1221//1030 1224//1031 1223//1032
f 1217//1033 1221//1034 1223//1035
f 1209//1036 1217//1037 1223//1038
f 1223//1039 1218//1040 1209//1041
f 1210//1042 1197//1043 1195//1044
f 1195//1045 1209//1046 1210//1047
f 1210//1048 1205//1049 1197//1050
f 1197//1051 1205//1052 1202//1053
f 1202//1054 1191//1055 1197//1056
f 1183//1057 1188//1058 1187//1059
f 1191//1060 1187//1061 1188//1062
f 1191//1063 1188//1064 1194//1065
f 1187//1066 1184//1067 1177//1068
f 1187//1069 1177//1070 1183//1071
f 1184//1072 1178//1073 1177//1074
f 1176//1075 1177//1076 1178//1077
f 1172//1078 1176//1079 1178//1080
f 1178//1081 1173//1082 1172//1083
f 1173//1084 1168//1085 1172//1086
f 1168//1087 1164//1088 1169//1089
f 1169//1090 1172//1091 1168//1092
f 1168//1093 1163//1094 1164//1095
f 1159//1096 1164//1097 1163//1098
f 1163//1099 1175//1100 1159//1101
f 1175//1102 1152//1103 1159//1104
f 1152//1105 1149//1106 1154//1107
f 1154//1108 1159//1109 1152//1110
f 1152//1111 1148//1112 1149//1113
f 1146//1114 1149//1115 1148//1116
f 1142//1117 1138//1118 1143//1119
f 1148//1120 1145//1121 1146//1122
f 1145//1123 1142//1124 1146//1125
f 1143//1126 1146//1127 1142//1128
f 1142//1129 1136//1130 1138//1131
f 1134//1132 1138//1133 1136//1134
f 1136//1135 1132//1136 1134//1137
f 1125//1138 1130//1139 1126//1140
f 1132//1141 1126//1142 1130//1143
f 1130//1144 1134//1145 1132//1146
f 1121//1147 1117//1148 1118//1149
f 1118//1150 1122//1151 1121//1152
f 1126//1153 1121//1154 1122//1155
f 1122//1156 1125//1157 1126//1158
f 1416//1159 1428//1160 1400//1161
f 1641//1162 1642//1163 1649//1164
f 1601//1165 1587//1166 1583//1167
f 1583//1168 1576//1169 1601//1170
f 1576//1171 1583//1172 1579//1173
f 1597//1174 1592//1175 1601//1176
f 1601//1177 1592//1178 1587//1179
f 1601//1180 1605//1181 1597//1182
f 1613//1183 1601//1184 1618//1185
f 1613//1186 1609//1187 1601//1188
f 1601//1189 1609//1190 1605//1191
f 1623//1192 1625//1193 1618//1194
f 1649//1195 1647//1196 1641//1197
f 1641//1198 1647//1199 1645//1200
f 1638//1201 1623//1202 1641//1203
f 1623//1204 1628//1205 1633//1206
f 1623//1207 1615//1208 1622//1209
f 1622//1210 1628//1211 1623//1212
f 1623//1213 1614//1214 1615//1215
f 1607//1216 1610//1217 1623//1218
f 1599//1219 1580//1220 1585//1221
f 1386//1222 1400//1223 1436//1224
f 1436//1225 1400//1226 1428//1227
f 1386//1228 1436//1229 1599//1230
f 1525//1231 1599//1232 1436//1233
f 1555//1234 1599//1235 1525//1236
f 1525//1237 1537//1238 1555//1239
f 1599//1240 1555//1241 1567//1242
f 1599//1243 1567//1244 1580//1245
f 1599//1246 1585//1247 1589//1248
f 1598//1249 1623//1250 1599//1251
f 1598//1252 1599//1253 1593//1254
f 1593//1255 1599//1256 1589//1257
f 1603//1258 1623//1259 1598//1260
f 1607//1261 1623//1262 1603//1263
f 1623//1264 1610//1265 1614//1266
f 1576//1267 1599//1268 1601//1269
f 1623//1270 1601//1271 1599//1272
f 1637//1273 1641//1274 1623//1275
f 1623//1276 1633//1277 1637//1278
f 1601//1279 1623//1280 1618//1281
f 1642//1282 1641//1283 1637//1284
f 1647//1285 1649//1286 1683//1287
f 1647//1288 1683//1289 1681//1290
f 1681//1291 1645//1292 1647//1293
f 1681//1294 1679//1295 1645//1296
f 1679//1297 1641//1298 1645//1299
f 1679//1300 1676//1301 1641//1302
f 1638//1303 1641//1304 1676//1305
f 1676//1306 1694//1307 1638//1308
f 1638//1309 1694//1310 1674//1311
f 1674//1312 1623//1313 1638//1314
f 1666//1315 1613//1316 1618//1317
f 1618//1318 1668//1319 1666//1320
f 1670//1321 1668//1322 1618//1323
f 1618//1324 1625//1325 1670//1326
f 1674//1327 1670//1328 1625//1329
f 1625//1330 1623//1331 1674//1332
f 1666//1333 1663//1334 1613//1335
f 1609//1336 1613//1337 1663//1338
f 1605//1339 1609//1340 1663//1341
f 1663//1342 1661//1343 1605//1344
f 1661//1345 1656//1346 1605//1347
f 1597//1348 1605//1349 1656//1350
f 1656//1351 1653//1352 1597//1353
f 1592//1354 1597//1355 1653//1356
f 1653//1357 1587//1358 1592//1359
f 1653//1360 1640//1361 1587//1362
f 1640//1363 1583//1364 1587//1365
f 1630//1366 1632//1367 1579//1368
f 1579//1369 1583//1370 1630//1371
f 1640//1372 1630//1373 1583//1374
f 1384//1375 1382//1376 1386//1377
f 1384//1378 1386//1379 1599//1380
f 1599//1381 1576//1382 1384//1383
f 1576//1384 1579//1385 1384//1386
f 1384//1387 1579//1388 1632//1389
f 1178//1390 1184//1391 1175//1392
f 1304//1393 1317//1394 1307//1395
f 1343//1396 1355//1397 1365//1398
f 1365//1399 1355//1400 1361//1401
f 1307//1402 1317//1403 1321//1404
f 1298//1405 1301//1406 1307//1407
f 1307//1408 1301//1409 1304//1410
f 1307//1411 1279//1412 1284//1413
f 1307//1414 1270//1415 1272//1416
f 1272//1417 1277//1418 1307//1419
f 1307//1420 1277//1421 1279//1422
f 1307//1423 1247//1424 1253//1425
f 1253//1426 1259//1427 1307//1428
f 1259//1429 1266//1430 1307//1431
f 1266//1432 1270//1433 1307//1434
f 1236//1435 1241//1436 1224//1437
f 1307//1438 1224//1439 1241//1440
f 1241//1441 1247//1442 1307//1443
f 1232//1444 1236//1445 1224//1446
f 1210//1447 1218//1448 1205//1449
f 1224//1450 1205//1451 1218//1452
f 1218//1453 1223//1454 1224//1455
f 1191//1456 1202//1457 1205//1458
f 1205//1459 1187//1460 1191//1461
f 1205//1462 1175//1463 1184//1464
f 1184//1465 1187//1466 1205//1467
f 1173//1468 1178//1469 1175//1470
f 1168//1471 1173//1472 1175//1473
f 1175//1474 1163//1475 1168//1476
f 1145//1477 1148//1478 1175//1479
f 1148//1480 1152//1481 1175//1482
f 1136//1483 1142//1484 1175//1485
f 1142//1486 1145//1487 1175//1488
f 1175//1489 1128//1490 1132//1491
f 1132//1492 1136//1493 1175//1494
f 1121//1495 1126//1496 1128//1497
f 1128//1498 1126//1499 1132//1500
f 1239//1501 1175//1502 1224//1503
f 1224//1504 1307//1505 1239//1506
f 1374//1507 1384//1508 1365//1509
f 1365//1510 1340//1511 1343//1512
f 1365//1513 1307//1514 1340//1515
f 1307//1516 1365//1517 1380//1518
f 1340//1519 1307//1520 1321//1521
f 1321//1522 1330//1523 1340//1524
f 1380//1525 1239//1526 1307//1527
f 1224//1528 1175//1529 1205//1530
f 1128//1531 1117//1532 1121//1533
f 1239//1534 1250//1535 1155//1536
f 1155//1537 1175//1538 1239//1539
f 1155//1540 1128//1541 1175//1542
f 1117//1543 1128//1544 1120//1545
f 1155//1546 1120//1547 1128//1548
f 1059//1549 1060//1550 1155//1551
f 1060//1552 1058//1553 1155//1554
f 1120//1555 1155//1556 1070//1557
f 1057//1558 1070//1559 1155//1560
f 1155//1561 1058//1562 1057//1563
f 1632//1564 1624//1565 1365//1566
f 1365//1567 1384//1568 1632//1569
f 1380//1570 1365//1571 1624//1572
f 1657//1573 1546//1574 1515//1575
f 1312//1576 1402//1577 1546//1578
f 1402//1579 1515//1580 1546//1581
f 1353//1582 1312//1583 1546//1584
f 1657//1585 1353//1586 1546//1587
f 1546//1588 1657//1589 1497//1590
f 1421//1591 1497//1592 1657//1593
f 1657//1594 1546//1595 1421//1596
f 1394//1597 1421//1598 1546//1599
f 1521//1600 1394//1601 1546//1602
f 1497//1603 1521//1604 1546//1605
f 1687//1606 1724//1607 1694//1608
f 1684//1609 1687//1610 1694//1611
f 1679//1612 1681//1613 1694//1614
f 1676//1615 1679//1616 1694//1617
f 1694//1618 1670//1619 1674//1620
f 1668//1621 1670//1622 1694//1623
f 1694//1624 1666//1625 1668//1626
f 1661//1627 1663//1628 1666//1629
f 1661//1630 1666//1631 1624//1632
f 1624//1633 1656//1634 1661//1635
f 1653//1636 1656//1637 1624//1638
f 1640//1639 1653//1640 1624//1641
f 1640//1642 1624//1643 1632//1644
f 1630//1645 1640//1646 1632//1647
f 1666//1648 1694//1649 1624//1650
f 1684//1651 1694//1652 1681//1653
f 1681//1654 1683//1655 1684//1656
f 1059//1657 1155//1658 1250//1659
f 1287//1660 1059//1661 1250//1662
f 910//1663 1070//1664 1057//1665
f 1057//1666 941//1667 910//1668
f 942//1669 941//1670 1057//1671
f 1057//1672 1058//1673 942//1674
f 943//1675 942//1676 1058//1677
f 1058//1678 1060//1679 943//1680
f 944//1681 943//1682 1060//1683
f 944//1684 1060//1685 1059//1686
f 1657//1687 1515//1688 1667//1689
f 1287//1690 1312//1691 1353//1692
f 1250//1693 1239//1694 1312//1695
f 1287//1696 1353//1697 1657//1698
f 1239//1699 1380//1700 1312//1701
f 1402//1702 1312//1703 1380//1704
f 1380//1705 1515//1706 1402//1707
f 1308//1708 1250//1709 1312//1710
f 1312//1711 1421//1712 1308//1713
f 1421//1714 1312//1715 1287//1716
f 1287//1717 1334//1718 1421//1719
f 1287//1720 1423//1721 1334//1722
f 1423//1723 1287//1724 1250//1725
f 1250//1726 1308//1727 1423//1728
f 1287//1729 1657//1730 1059//1731
f 1657//1732 1667//1733 1688//1734
f 1688//1735 1590//1736 1657//1737
f 1590//1738 1423//1739 1657//1740
f 1059//1741 1657//1742 1423//1743
f 1515//1744 1688//1745 1667//1746
f 1380//1747 1624//1748 1515//1749
f 1694//1750 1651//1751 1515//1752
f 1694//1753 1515//1754 1624//1755
f 976//1756 1016//1757 1001//1758
f 956//1759 950//1760 961//1761
f 1077//1762 1070//1763 1001//1764
f 1001//1765 1016//1766 1077//1767
f 1001//1768 910//1769 921//1770
f 910//1771 1001//1772 1070//1773
f 956//1774 1001//1775 921//1776
f 956//1777 974//1778 1001//1779
f 961//1780 974//1781 956//1782
f 974//1783 961//1784 976//1785
f 1001//1786 974//1787 976//1788
f 925//1789 962//1790 956//1791
f 925//1792 956//1793 921//1794
f 864//1795 844//1796 882//1797
f 910//1798 858//1799 857//1800
f 910//1801 857//1802 856//1803
f 910//1804 856//1805 864//1806
f 893//1807 910//1808 864//1809
f 910//1810 893//1811 921//1812
f 915//1813 920//1814 921//1815
f 921//1816 920//1817 927//1818
f 882//1819 893//1820 864//1821
f 893//1822 882//1823 915//1824
f 915//1825 921//1826 893//1827
f 925//1828 921//1829 927//1830
f 648//1831 662//1832 877//1833
f 902//1834 877//1835 662//1836
f 612//1837 497//1838 662//1839
f 901//1840 902//1841 662//1842
f 662//1843 919//1844 901//1845
f 662//1846 916//1847 919//1848
f 497//1849 612//1850 484//1851
f 612//1852 662//1853 512//1854
f 907//1855 915//1856 882//1857
f 882//1858 844//1859 907//1860
f 885//1861 907//1862 844//1863
f 885//1864 905//1865 907//1866
f 907//1867 905//1868 918//1869
f 925//1870 927//1871 918//1872
f 918//1873 927//1874 907//1875
f 907//1876 927//1877 920//1878
f 920//1879 915//1880 907//1881
f 916//1882 925//1883 919//1884
f 902//1885 873//1886 728//1887
f 902//1888 728//1889 877//1890
f 824//1891 902//1892 901//1893
f 919//1894 903//1895 901//1896
f 902//1897 824//1898 873//1899
f 885//1900 844//1901 830//1902
f 872//1903 885//1904 830//1905
f 905//1906 885//1907 872//1908
f 872//1909 903//1910 905//1911
f 918//1912 905//1913 903//1914
f 903//1915 917//1916 918//1917
f 918//1918 917//1919 925//1920
f 925//1921 917//1922 919//1923
f 903//1924 919//1925 917//1926
f 903//1927 872//1928 871//1929
f 871//1930 872//1931 830//1932
f 901//1933 871//1934 824//1935
f 901//1936 903//1937 871//1938
f 806//1939 819//1940 830//1941
f 830//1942 819//1943 871//1944
f 871//1945 819//1946 824//1947
f 819//1948 873//1949 824//1950
f 762//1951 761//1952 771//1953
f 828//1954 830//1955 844//1956
f 830//1957 828//1958 806//1959
f 760//1960 819//1961 806//1962
f 768//1963 774//1964 763//1965
f 774//1966 768//1967 776//1968
f 776//1969 786//1970 774//1971
f 786//1972 776//1973 782//1974
f 786//1975 782//1976 791//1977
f 791//1978 797//1979 786//1980
f 797//1981 791//1982 796//1983
f 797//1984 796//1985 803//1986
f 803//1987 802//1988 797//1989
f 803//1990 809//1991 802//1992
f 809//1993 803//1994 810//1995
f 809//1996 810//1997 817//1998
f 817//1999 816//2000 809//2001
f 817//2002 827//2003 816//2004
f 827//2005 817//2006 823//2007
f 827//2008 823//2009 833//2010
f 833//2011 835//2012 827//2013
f 835//2014 833//2015 840//2016
f 840//2017 845//2018 835//2019
f 845//2020 840//2021 849//2022
f 845//2023 849//2024 858//2025
f 858//2026 910//2027 845//2028
f 849//2029 856//2030 857//2031
f 857//2032 858//2033 849//2034
f 842//2035 864//2036 856//2037
f 856//2038 849//2039 842//2040
f 849//2041 840//2042 842//2043
f 837//2044 842//2045 840//2046
f 840//2047 833//2048 837//2049
f 831//2050 837//2051 833//2052
f 833//2053 823//2054 831//2055
f 821//2056 831//2057 823//2058
f 823//2059 817//2060 821//2061
f 814//2062 821//2063 817//2064
f 817//2065 810//2066 814//2067
f 808//2068 814//2069 810//2070
f 810//2071 803//2072 808//2073
f 798//2074 808//2075 803//2076
f 803//2077 796//2078 798//2079
f 789//2080 798//2081 796//2082
f 796//2083 791//2084 789//2085
f 791//2086 782//2087 789//2088
f 778//2089 789//2090 782//2091
f 782//2092 776//2093 778//2094
f 771//2095 778//2096 776//2097
f 776//2098 768//2099 771//2100
f 771//2101 768//2102 762//2103
f 762//2104 768//2105 763//2106
f 844//2107 864//2108 842//2109
f 842//2110 837//2111 844//2112
f 828//2113 844//2114 837//2115
f 837//2116 831//2117 828//2118
f 831//2119 821//2120 828//2121
f 821//2122 814//2123 828//2124
f 806//2125 828//2126 814//2127
f 814//2128 808//2129 806//2130
f 760//2131 806//2132 808//2133
f 808//2134 798//2135 760//2136
f 798//2137 789//2138 760//2139
f 789//2140 778//2141 760//2142
f 778//2143 771//2144 760//2145
f 771//2146 761//2147 760//2148
f 512//2149 503//2150 426//2151
f 617//2152 615//2153 614//2154
f 592//2155 512//2156 614//2157
f 873//2158 759//2159 751//2160
f 512//2161 662//2162 614//2163
f 545//2164 520//2165 512//2166
f 512//2167 553//2168 545//2169
f 558//2170 553//2171 512//2172
f 580//2173 569//2174 512//2175
f 582//2176 580//2177 512//2178
f 512//2179 592//2180 582//2181
f 604//2182 597//2183 614//2184
f 597//2185 592//2186 614//2187
f 607//2188 604//2189 614//2190
f 615//2191 607//2192 614//2193
f 614//2194 622//2195 617//2196
f 625//2197 622//2198 614//2199
f 614//2200 629//2201 625//2202
f 629//2203 614//2204 648//2205
f 645//2206 641//2207 648//2208
f 648//2209 649//2210 645//2211
f 649//2212 648//2213 877//2214
f 877//2215 653//2216 649//2217
f 877//2218 660//2219 653//2220
f 877//2221 663//2222 660//2223
f 877//2224 668//2225 663//2226
f 668//2227 877//2228 697//2229
f 697//2230 673//2231 668//2232
f 675//2233 673//2234 697//2235
f 684//2236 678//2237 697//2238
f 678//2239 675//2240 697//2241
f 697//2242 692//2243 690//2244
f 690//2245 686//2246 697//2247
f 686//2248 684//2249 697//2250
f 707//2251 701//2252 728//2253
f 697//2254 728//2255 701//2256
f 697//2257 701//2258 692//2259
f 728//2260 709//2261 707//2262
f 719//2263 715//2264 728//2265
f 715//2266 711//2267 728//2268
f 711//2269 709//2270 728//2271
f 723//2272 719//2273 728//2274
f 728//2275 733//2276 725//2277
f 725//2278 723//2279 728//2280
f 744//2281 737//2282 728//2283
f 737//2284 733//2285 728//2286
f 728//2287 873//2288 748//2289
f 728//2290 748//2291 744//2292
f 697//2293 877//2294 728//2295
f 751//2296 748//2297 873//2298
f 636//2299 629//2300 648//2301
f 662//2302 648//2303 614//2304
f 569//2305 558//2306 512//2307
f 758//2308 760//2309 761//2310
f 758//2311 761//2312 762//2313
f 758//2314 873//2315 819//2316
f 758//2317 762//2318 763//2319
f 758//2320 763//2321 764//2322
f 758//2323 759//2324 873//2325
f 819//2326 760//2327 758//2328
f 520//2329 545//2330 551//2331
f 551//2332 546//2333 520//2334
f 546//2335 523//2336 520//2337
f 553//2338 558//2339 570//2340
f 570//2341 566//2342 553//2343
f 558//2344 569//2345 570//2346
f 545//2347 553//2348 551//2349
f 566//2350 551//2351 553//2352
f 579//2353 570//2354 569//2355
f 580//2356 582//2357 583//2358
f 583//2359 579//2360 569//2361
f 569//2362 580//2363 583//2364
f 599//2365 593//2366 582//2367
f 593//2368 583//2369 582//2370
f 582//2371 592//2372 599//2373
f 608//2374 606//2375 597//2376
f 597//2377 604//2378 608//2379
f 592//2380 597//2381 599//2382
f 606//2383 599//2384 597//2385
f 618//2386 607//2387 615//2388
f 618//2389 613//2390 607//2391
f 604//2392 607//2393 608//2394
f 613//2395 608//2396 607//2397
f 627//2398 623//2399 617//2400
f 617//2401 622//2402 627//2403
f 615//2404 617//2405 618//2406
f 623//2407 618//2408 617//2409
f 635//2410 664//2411 625//2412
f 625//2413 629//2414 635//2415
f 627//2416 622//2417 625//2418
f 625//2419 664//2420 627//2421
f 648//2422 641//2423 640//2424
f 636//2425 640//2426 639//2427
f 640//2428 636//2429 648//2430
f 629//2431 636//2432 635//2433
f 639//2434 635//2435 636//2436
f 652//2437 651//2438 645//2439
f 652//2440 645//2441 649//2442
f 646//2443 640//2444 641//2445
f 641//2446 645//2447 646//2448
f 645//2449 651//2450 646//2451
f 649//2452 653//2453 652//2454
f 655//2455 652//2456 653//2457
f 661//2458 655//2459 653//2460
f 661//2461 653//2462 660//2463
f 660//2464 663//2465 661//2466
f 665//2467 661//2468 663//2469
f 663//2470 668//2471 665//2472
f 670//2473 665//2474 668//2475
f 674//2476 670//2477 668//2478
f 674//2479 668//2480 673//2481
f 673//2482 675//2483 674//2484
f 676//2485 674//2486 675//2487
f 675//2488 678//2489 676//2490
f 682//2491 676//2492 678//2493
f 687//2494 682//2495 678//2496
f 687//2497 678//2498 684//2499
f 704//2500 701//2501 707//2502
f 704//2503 692//2504 701//2505
f 692//2506 704//2507 698//2508
f 698//2509 690//2510 692//2511
f 687//2512 684//2513 686//2514
f 688//2515 687//2516 686//2517
f 686//2518 690//2519 688//2520
f 695//2521 688//2522 690//2523
f 690//2524 698//2525 695//2526
f 721//2527 716//2528 719//2529
f 712//2530 704//2531 707//2532
f 712//2533 707//2534 709//2535
f 712//2536 709//2537 711//2538
f 711//2539 716//2540 712//2541
f 716//2542 711//2543 715//2544
f 716//2545 715//2546 719//2547
f 721//2548 719//2549 723//2550
f 723//2551 726//2552 721//2553
f 737//2554 741//2555 734//2556
f 741//2557 737//2558 744//2559
f 744//2560 743//2561 741//2562
f 723//2563 725//2564 726//2565
f 725//2566 730//2567 726//2568
f 730//2569 725//2570 733//2571
f 733//2572 734//2573 730//2574
f 734//2575 733//2576 737//2577
f 743//2578 744//2579 748//2580
f 748//2581 747//2582 743//2583
f 747//2584 748//2585 751//2586
f 751//2587 757//2588 747//2589
f 757//2590 751//2591 759//2592
f 759//2593 758//2594 757//2595
f 850//2596 845//2597 859//2598
f 671//2599 764//2600 763//2601
f 763//2602 774//2603 671//2604
f 774//2605 786//2606 671//2607
f 802//2608 671//2609 786//2610
f 786//2611 797//2612 802//2613
f 850//2614 802//2615 809//2616
f 809//2617 816//2618 850//2619
f 816//2620 827//2621 850//2622
f 827//2623 835//2624 850//2625
f 835//2626 845//2627 850//2628
f 484//2629 612//2630 442//2631
f 442//2632 612//2633 512//2634
f 512//2635 426//2636 442//2637
f 411//2638 426//2639 503//2640
f 431//2641 411//2642 503//2643
f 433//2644 431//2645 503//2646
f 503//2647 501//2648 433//2649
f 596//2650 685//2651 699//2652
f 596//2653 671//2654 829//2655
f 699//2656 671//2657 596//2658
f 671//2659 699//2660 739//2661
f 764//2662 671//2663 739//2664
f 764//2665 739//2666 758//2667
f 538//2668 537//2669 664//2670
f 743//2671 747//2672 699//2673
f 739//2674 699//2675 747//2676
f 747//2677 757//2678 739//2679
f 757//2680 758//2681 739//2682
f 726//2683 730//2684 699//2685
f 699//2686 730//2687 734//2688
f 734//2689 741//2690 699//2691
f 699//2692 741//2693 743//2694
f 721//2695 726//2696 699//2697
f 716//2698 721//2699 699//2700
f 699//2701 694//2702 716//2703
f 704//2704 712//2705 694//2706
f 712//2707 716//2708 694//2709
f 698//2710 704//2711 694//2712
f 687//2713 688//2714 694//2715
f 688//2716 695//2717 694//2718
f 694//2719 695//2720 698//2721
f 682//2722 687//2723 694//2724
f 676//2725 682//2726 694//2727
f 694//2728 674//2729 676//2730
f 670//2731 674//2732 694//2733
f 670//2734 661//2735 665//2736
f 655//2737 661//2738 670//2739
f 670//2740 664//2741 655//2742
f 664//2743 652//2744 655//2745
f 651//2746 652//2747 664//2748
f 664//2749 646//2750 651//2751
f 664//2752 639//2753 640//2754
f 640//2755 646//2756 664//2757
f 664//2758 623//2759 627//2760
f 635//2761 639//2762 664//2763
f 664//2764 606//2765 613//2766
f 613//2767 618//2768 664//2769
f 618//2770 623//2771 664//2772
f 608//2773 613//2774 606//2775
f 593//2776 599//2777 606//2778
f 593//2779 606//2780 563//2781
f 579//2782 583//2783 563//2784
f 583//2785 593//2786 563//2787
f 563//2788 566//2789 570//2790
f 563//2791 570//2792 579//2793
f 551//2794 566//2795 563//2796
f 563//2797 546//2798 551//2799
f 546//2800 563//2801 524//2802
f 524//2803 523//2804 546//2805
f 563//2806 527//2807 524//2808
f 694//2809 699//2810 664//2811
f 670//2812 694//2813 664//2814
f 563//2815 606//2816 664//2817
f 563//2818 664//2819 528//2820
f 664//2821 541//2822 528//2823
f 664//2824 530//2825 541//2826
f 685//2827 664//2828 699//2829
f 664//2830 539//2831 530//2832
f 664//2833 537//2834 539//2835
f 685//2836 538//2837 664//2838
f 538//2839 685//2840 544//2841
f 544//2842 535//2843 538//2844
f 685//2845 543//2846 544//2847
f 685//2848 525//2849 543//2850
f 783//2851 594//2852 596//2853
f 511//2854 510//2855 514//2856
f 514//2857 513//2858 511//2859
f 513//2860 514//2861 518//2862
f 518//2863 517//2864 513//2865
f 517//2866 518//2867 549//2868
f 549//2869 548//2870 517//2871
f 548//2872 549//2873 560//2874
f 560//2875 559//2876 548//2877
f 559//2878 560//2879 573//2880
f 573//2881 572//2882 559//2883
f 572//2884 573//2885 586//2886
f 586//2887 585//2888 572//2889
f 585//2890 586//2891 595//2892
f 595//2893 594//2894 585//2895
f 594//2896 595//2897 596//2898
f 783//2899 596//2900 588//2901
f 588//2902 587//2903 783//2904
f 587//2905 588//2906 575//2907
f 575//2908 574//2909 587//2910
f 574//2911 575//2912 562//2913
f 562//2914 561//2915 574//2916
f 561//2917 562//2918 550//2919
f 550//2920 509//2921 561//2922
f 509//2923 550//2924 510//2925
f 511//2926 509//2927 510//2928
f 523//2929 315//2930 301//2931
f 301//2932 280//2933 324//2934
f 385//2935 407//2936 501//2937
f 407//2938 420//2939 501//2940
f 420//2941 433//2942 501//2943
f 501//2944 503//2945 523//2946
f 501//2947 523//2948 301//2949
f 324//2950 501//2951 301//2952
f 501//2953 324//2954 355//2955
f 355//2956 385//2957 501//2958
f 503//2959 512//2960 523//2961
f 512//2962 520//2963 523//2964
f 829//2965 802//2966 850//2967
f 671//2968 802//2969 829//2970
f 910//2971 941//2972 845//2973
f 859//2974 845//2975 941//2976
f 941//2977 942//2978 859//2979
f 859//2980 942//2981 943//2982
f 943//2983 850//2984 859//2985
f 943//2986 944//2987 850//2988
f 944//2989 829//2990 850//2991
f 417//2992 510//2993 550//2994
f 518//2995 514//2996 525//2997
f 514//2998 510//2999 525//3000
f 573//3001 560//3002 525//3003
f 560//3004 549//3005 525//3006
f 549//3007 518//3008 525//3009
f 525//3010 510//3011 490//3012
f 829//3013 417//3014 550//3015
f 550//3016 562//3017 829//3018
f 829//3019 562//3020 575//3021
f 685//3022 596//3023 595//3024
f 829//3025 575//3026 588//3027
f 588//3028 596//3029 829//3030
f 573//3031 525//3032 685//3033
f 595//3034 586//3035 685//3036
f 586//3037 573//3038 685//3039
f 417//3040 344//3041 439//3042
f 471//3043 417//3044 829//3045
f 479//3046 470//3047 471//3048
f 471//3049 829//3050 479//3051
f 417//3052 471//3053 470//3054
f 344//3055 417//3056 470//3057
f 343//3058 353//3059 439//3060
f 344//3061 343//3062 439//3063
f 439//3064 353//3065 448//3066
f 490//3067 543//3068 525//3069
f 490//3070 448//3071 543//3072
f 448//3073 374//3074 543//3075
f 374//3076 544//3077 543//3078
f 372//3079 535//3080 544//3081
f 374//3082 370//3083 544//3084
f 544//3085 370//3086 372//3087
f 538//3088 372//3089 364//3090
f 538//3091 535//3092 372//3093
f 364//3094 537//3095 538//3096
f 364//3097 368//3098 537//3099
f 368//3100 539//3101 537//3102
f 539//3103 368//3104 365//3105
f 365//3106 530//3107 539//3108
f 530//3109 365//3110 362//3111
f 362//3112 541//3113 530//3114
f 362//3115 357//3116 541//3117
f 528//3118 541//3119 357//3120
f 357//3121 350//3122 528//3123
f 350//3124 563//3125 528//3126
f 563//3127 350//3128 336//3129
f 336//3130 527//3131 563//3132
f 527//3133 336//3134 330//3135
f 524//3136 527//3137 330//3138
f 330//3139 315//3140 524//3141
f 523//3142 524//3143 315//3144
f 374//3145 448//3146 353//3147
f 353//3148 370//3149 374//3150
f 353//3151 364//3152 372//3153
f 372//3154 370//3155 353//3156
f 338//3157 364//3158 353//3159
f 362//3160 365//3161 368//3162
f 368//3163 364//3164 362//3165
f 336//3166 350//3167 357//3168
f 357//3169 362//3170 336//3171
f 315//3172 330//3173 336//3174
f 315//3175 336//3176 301//3177
f 270//3178 301//3179 336//3180
f 338//3181 336//3182 362//3183
f 336//3184 338//3185 270//3186
f 338//3187 362//3188 364//3189
f 510//3190 417//3191 478//3192
f 478//3193 488//3194 510//3195
f 490//3196 510//3197 488//3198
f 448//3199 490//3200 488//3201
f 439//3202 448//3203 488//3204
f 488//3205 478//3206 439//3207
f 417//3208 439//3209 478//3210
f 478//3211 488//3212 461//3213
f 481//3214 461//3215 488//3216
f 488//3217 478//3218 481//3219
f 483//3220 481//3221 478//3222
f 470//3223 483//3224 478//3225
f 461//3226 470//3227 478//3228
f 442//3229 443//3230 484//3231
f 431//3232 433//3233 429//3234
f 431//3235 429//3236 427//3237
f 427//3238 411//3239 431//3240
f 425//3241 427//3242 414//3243
f 427//3244 425//3245 411//3246
f 347//3247 314//3248 312//3249
f 312//3250 346//3251 347//3252
f 377//3253 347//3254 346//3255
f 346//3256 376//3257 377//3258
f 399//3259 377//3260 376//3261
f 376//3262 398//3263 399//3264
f 414//3265 399//3266 398//3267
f 398//3268 413//3269 414//3270
f 414//3271 413//3272 425//3273
f 312//3274 314//3275 274//3276
f 280//3277 321//3278 324//3279
f 324//3280 321//3281 352//3282
f 352//3283 355//3284 324//3285
f 355//3286 352//3287 382//3288
f 382//3289 385//3290 355//3291
f 385//3292 382//3293 406//3294
f 406//3295 407//3296 385//3297
f 407//3298 406//3299 419//3300
f 419//3301 420//3302 407//3303
f 280//3304 314//3305 321//3306
f 352//3307 321//3308 314//3309
f 314//3310 349//3311 352//3312
f 382//3313 352//3314 349//3315
f 349//3316 380//3317 382//3318
f 406//3319 382//3320 380//3321
f 380//3322 404//3323 406//3324
f 419//3325 406//3326 404//3327
f 404//3328 416//3329 419//3330
f 419//3331 416//3332 429//3333
f 420//3334 419//3335 433//3336
f 429//3337 433//3338 419//3339
f 427//3340 429//3341 416//3342
f 416//3343 414//3344 427//3345
f 399//3346 414//3347 416//3348
f 416//3349 404//3350 399//3351
f 377//3352 399//3353 404//3354
f 404//3355 380//3356 377//3357
f 347//3358 377//3359 380//3360
f 380//3361 349//3362 347//3363
f 314//3364 347//3365 349//3366
f 280//3367 274//3368 314//3369
f 425//3370 243//3371 411//3372
f 425//3373 272//3374 243//3375
f 274//3376 280//3377 270//3378
f 243//3379 272//3380 270//3381
f 232//3382 255//3383 250//3384
f 250//3385 231//3386 232//3387
f 231//3388 250//3389 249//3390
f 249//3391 238//3392 231//3393
f 270//3394 280//3395 301//3396
f 307//3397 305//3398 284//3399
f 284//3400 305//3401 297//3402
f 338//3403 322//3404 284//3405
f 284//3406 297//3407 291//3408
f 270//3409 338//3410 232//3411
f 284//3412 322//3413 310//3414
f 310//3415 307//3416 284//3417
f 317//3418 310//3419 322//3420
f 322//3421 319//3422 317//3423
f 322//3424 326//3425 319//3426
f 338//3427 343//3428 322//3429
f 252//3430 251//3431 255//3432
f 284//3433 266//3434 263//3435
f 338//3436 284//3437 255//3438
f 252//3439 255//3440 284//3441
f 284//3442 257//3443 252//3444
f 284//3445 263//3446 260//3447
f 284//3448 260//3449 257//3450
f 232//3451 338//3452 255//3453
f 283//3454 265//3455 266//3456
f 266//3457 284//3458 283//3459
f 253//3460 238//3461 251//3462
f 251//3463 252//3464 253//3465
f 253//3466 252//3467 257//3468
f 257//3469 256//3470 253//3471
f 256//3472 257//3473 260//3474
f 260//3475 259//3476 256//3477
f 259//3478 260//3479 263//3480
f 263//3481 262//3482 259//3483
f 262//3484 263//3485 266//3486
f 266//3487 265//3488 262//3489
f 262//3490 265//3491 261//3492
f 238//3493 339//3494 337//3495
f 261//3496 339//3497 238//3498
f 261//3499 259//3500 262//3501
f 261//3502 256//3503 259//3504
f 261//3505 253//3506 256//3507
f 238//3508 253//3509 261//3510
f 274//3511 270//3512 272//3513
f 271//3514 267//3515 273//3516
f 271//3517 273//3518 311//3519
f 311//3520 345//3521 271//3522
f 271//3523 345//3524 375//3525
f 272//3526 425//3527 413//3528
f 413//3529 398//3530 272//3531
f 272//3532 398//3533 376//3534
f 272//3535 376//3536 346//3537
f 346//3538 312//3539 272//3540
f 312//3541 274//3542 272//3543
f 271//3544 375//3545 397//3546
f 271//3547 397//3548 412//3549
f 412//3550 424//3551 271//3552
f 250//3553 255//3554 251//3555
f 249//3556 250//3557 251//3558
f 251//3559 238//3560 249//3561
f 410//3562 267//3563 271//3564
f 271//3565 424//3566 410//3567
f 424//3568 437//3569 410//3570
f 267//3571 277//3572 273//3573
f 261//3574 265//3575 283//3576
f 283//3577 298//3578 261//3579
f 298//3580 339//3581 261//3582
f 304//3583 267//3584 337//3585
f 408//3586 405//3587 381//3588
f 434//3589 432//3590 418//3591
f 418//3592 421//3593 434//3594
f 381//3595 386//3596 408//3597
f 386//3598 381//3599 351//3600
f 351//3601 354//3602 386//3603
f 354//3604 351//3605 320//3606
f 320//3607 323//3608 354//3609
f 323//3610 320//3611 277//3612
f 273//3613 313//3614 311//3615
f 345//3616 311//3617 313//3618
f 313//3619 348//3620 345//3621
f 375//3622 345//3623 348//3624
f 348//3625 378//3626 375//3627
f 397//3628 375//3629 378//3630
f 378//3631 400//3632 397//3633
f 412//3634 397//3635 400//3636
f 400//3637 415//3638 412//3639
f 424//3640 412//3641 415//3642
f 415//3643 428//3644 424//3645
f 437//3646 424//3647 428//3648
f 273//3649 277//3650 313//3651
f 320//3652 313//3653 277//3654
f 348//3655 313//3656 320//3657
f 320//3658 351//3659 348//3660
f 378//3661 348//3662 351//3663
f 351//3664 381//3665 378//3666
f 400//3667 378//3668 381//3669
f 381//3670 405//3671 400//3672
f 415//3673 400//3674 405//3675
f 405//3676 408//3677 421//3678
f 421//3679 418//3680 405//3681
f 405//3682 418//3683 415//3684
f 415//3685 418//3686 432//3687
f 432//3688 428//3689 415//3690
f 436//3691 432//3692 434//3693
f 441//3694 435//3695 495//3696
f 436//3697 428//3698 432//3699
f 428//3700 436//3701 437//3702
f 443//3703 456//3704 484//3705
f 466//3706 462//3707 467//3708
f 469//3709 466//3710 467//3711
f 462//3712 456//3713 467//3714
f 436//3715 434//3716 500//3717
f 500//3718 506//3719 436//3720
f 437//3721 436//3722 506//3723
f 437//3724 506//3725 507//3726
f 423//3727 437//3728 507//3729
f 507//3730 495//3731 423//3732
f 495//3733 507//3734 441//3735
f 507//3736 435//3737 441//3738
f 507//3739 444//3740 435//3741
f 947//3742 922//3743 928//3744
f 926//3745 928//3746 922//3747
f 504//3748 507//3749 515//3750
f 491//3751 469//3752 467//3753
f 953//3754 923//3755 922//3756
f 881//3757 923//3758 888//3759
f 888//3760 887//3761 881//3762
f 515//3763 888//3764 504//3765
f 502//3766 491//3767 507//3768
f 507//3769 504//3770 502//3771
f 491//3772 444//3773 507//3774
f 467//3775 444//3776 491//3777
f 507//3778 557//3779 515//3780
f 557//3781 590//3782 515//3783
f 515//3784 590//3785 631//3786
f 515//3787 631//3788 638//3789
f 638//3790 681//3791 515//3792
f 888//3793 515//3794 681//3795
f 888//3796 681//3797 795//3798
f 887//3799 888//3800 795//3801
f 906//3802 870//3803 928//3804
f 928//3805 926//3806 906//3807
f 846//3808 841//3809 906//3810
f 870//3811 906//3812 841//3813
f 884//3814 846//3815 904//3816
f 906//3817 904//3818 846//3819
f 924//3820 904//3821 906//3822
f 924//3823 906//3824 926//3825
f 795//3826 879//3827 887//3828
f 879//3829 795//3830 874//3831
f 879//3832 874//3833 881//3834
f 923//3835 881//3836 922//3837
f 922//3838 881//3839 889//3840
f 904//3841 924//3842 884//3843
f 924//3844 926//3845 922//3846
f 924//3847 922//3848 889//3849
f 924//3850 889//3851 884//3852
f 889//3853 881//3854 884//3855
f 874//3856 884//3857 881//3858
f 887//3859 879//3860 881//3861
f 750//3862 756//3863 769//3864
f 746//3865 750//3866 769//3867
f 738//3868 746//3869 769//3870
f 720//3871 729//3872 784//3873
f 729//3874 731//3875 784//3876
f 769//3877 784//3878 731//3879
f 731//3880 736//3881 769//3882
f 736//3883 738//3884 769//3885
f 784//3886 718//3887 720//3888
f 710//3889 718//3890 784//3891
f 784//3892 702//3893 710//3894
f 706//3895 710//3896 702//3897
f 702//3898 696//3899 706//3900
f 680//3901 689//3902 702//3903
f 689//3904 696//3905 702//3906
f 677//3907 680//3908 702//3909
f 702//3910 672//3911 677//3912
f 702//3913 681//3914 672//3915
f 659//3916 666//3917 681//3918
f 666//3919 672//3920 681//3921
f 650//3922 681//3923 638//3924
f 681//3925 650//3926 654//3927
f 681//3928 654//3929 659//3930
f 644//3931 650//3932 638//3933
f 638//3934 631//3935 632//3936
f 632//3937 633//3938 638//3939
f 631//3940 628//3941 632//3942
f 631//3943 624//3944 628//3945
f 631//3946 619//3947 624//3948
f 610//3949 619//3950 631//3951
f 631//3952 590//3953 610//3954
f 590//3955 609//3956 610//3957
f 590//3958 603//3959 609//3960
f 590//3961 601//3962 603//3963
f 600//3964 601//3965 590//3966
f 590//3967 557//3968 584//3969
f 578//3970 584//3971 557//3972
f 557//3973 576//3974 578//3975
f 568//3976 576//3977 557//3978
f 554//3979 564//3980 557//3981
f 557//3982 564//3983 568//3984
f 769//3985 795//3986 784//3987
f 795//3988 702//3989 784//3990
f 702//3991 795//3992 681//3993
f 507//3994 522//3995 557//3996
f 935//3997 937//3998 947//3999
f 947//4000 934//4001 935//4002
f 932//4003 933//4004 947//4005
f 933//4006 934//4007 947//4008
f 947//4009 931//4010 932//4011
f 947//4012 930//4013 931//4014
f 928//4015 929//4016 947//4017
f 947//4018 929//4019 930//4020
f 953//4021 922//4022 937//4023
f 521//4024 500//4025 289//4026
f 289//4027 277//4028 521//4029
f 277//4030 304//4031 521//4032
f 506//4033 500//4034 521//4035
f 500//4036 434//4037 421//4038
f 421//4039 408//4040 500//4041
f 500//4042 408//4043 386//4044
f 521//4045 522//4046 507//4047
f 323//4048 277//4049 289//4050
f 289//4051 500//4052 323//4053
f 354//4054 323//4055 500//4056
f 500//4057 386//4058 354//4059
f 507//4060 506//4061 521//4062
f 316//4063 318//4064 298//4065
f 309//4066 316//4067 298//4068
f 283//4069 292//4070 298//4071
f 277//4072 267//4073 304//4074
f 298//4075 318//4076 325//4077
f 325//4078 339//4079 298//4080
f 306//4081 309//4082 298//4083
f 298//4084 296//4085 306//4086
f 298//4087 292//4088 296//4089
f 335//4090 329//4091 304//4092
f 335//4093 304//4094 359//4095
f 359//4096 356//4097 335//4098
f 359//4099 358//4100 356//4101
f 359//4102 304//4103 337//4104
f 359//4105 373//4106 367//4107
f 337//4108 371//4109 373//4110
f 422//4111 369//4112 361//4113
f 337//4114 361//4115 369//4116
f 369//4117 371//4118 337//4119
f 359//4120 337//4121 373//4122
f 742//4123 749//4124 746//4125
f 750//4126 746//4127 749//4128
f 756//4129 750//4130 749//4131
f 749//4132 755//4133 756//4134
f 746//4135 738//4136 742//4137
f 740//4138 742//4139 738//4140
f 735//4141 740//4142 738//4143
f 738//4144 736//4145 735//4146
f 736//4147 731//4148 735//4149
f 727//4150 735//4151 731//4152
f 731//4153 729//4154 727//4155
f 722//4156 727//4157 729//4158
f 729//4159 720//4160 717//4161
f 717//4162 722//4163 729//4164
f 720//4165 718//4166 717//4167
f 718//4168 710//4169 705//4170
f 705//4171 713//4172 718//4173
f 713//4174 717//4175 718//4176
f 691//4177 700//4178 706//4179
f 706//4180 696//4181 691//4182
f 696//4183 689//4184 691//4185
f 710//4186 706//4187 705//4188
f 706//4189 700//4190 705//4191
f 689//4192 680//4193 679//4194
f 679//4195 683//4196 689//4197
f 683//4198 691//4199 689//4200
f 667//4201 669//4202 677//4203
f 677//4204 672//4205 667//4206
f 680//4207 677//4208 679//4209
f 669//4210 679//4211 677//4212
f 672//4213 666//4214 667//4215
f 658//4216 667//4217 666//4218
f 656//4219 658//4220 666//4221
f 666//4222 659//4223 656//4224
f 659//4225 654//4226 656//4227
f 647//4228 656//4229 654//4230
f 643//4231 647//4232 654//4233
f 654//4234 650//4235 643//4236
f 650//4237 644//4238 643//4239
f 634//4240 637//4241 644//4242
f 637//4243 643//4244 644//4245
f 634//4246 644//4247 638//4248
f 638//4249 633//4250 634//4251
f 630//4252 634//4253 633//4254
f 633//4255 632//4256 626//4257
f 626//4258 630//4259 633//4260
f 620//4261 628//4262 624//4263
f 632//4264 628//4265 626//4266
f 621//4267 626//4268 628//4269
f 628//4270 620//4271 621//4272
f 611//4273 619//4274 610//4275
f 624//4276 619//4277 620//4278
f 616//4279 620//4280 619//4281
f 619//4282 611//4283 616//4284
f 602//4285 609//4286 603//4287
f 609//4288 602//4289 605//4290
f 610//4291 609//4292 611//4293
f 605//4294 611//4295 609//4296
f 589//4297 591//4298 600//4299
f 589//4300 600//4301 590//4302
f 603//4303 601//4304 602//4305
f 598//4306 602//4307 601//4308
f 601//4309 600//4310 598//4311
f 591//4312 598//4313 600//4314
f 577//4315 584//4316 578//4317
f 589//4318 590//4319 584//4320
f 581//4321 589//4322 584//4323
f 584//4324 577//4325 581//4326
f 555//4327 564//4328 554//4329
f 554//4330 552//4331 555//4332
f 555//4333 568//4334 564//4335
f 555//4336 565//4337 568//4338
f 568//4339 565//4340 567//4341
f 578//4342 576//4343 577//4344
f 567//4345 577//4346 576//4347
f 576//4348 568//4349 567//4350
f 547//4351 552//4352 554//4353
f 547//4354 554//4355 557//4356
f 547//4357 557//4358 522//4359
f 522//4360 521//4361 547//4362
f 756//4363 754//4364 769//4365
f 795//4366 754//4367 874//4368
f 754//4369 795//4370 769//4371
f 874//4372 754//4373 884//4374
f 884//4375 754//4376 773//4377
f 773//4378 770//4379 884//4380
f 846//4381 884//4382 841//4383
f 785//4384 884//4385 770//4386
f 884//4387 785//4388 841//4389
f 869//4390 870//4391 841//4392
f 866//4393 867//4394 841//4395
f 867//4396 868//4397 841//4398
f 841//4399 868//4400 869//4401
f 847//4402 863//4403 865//4404
f 860//4405 861//4406 847//4407
f 861//4408 862//4409 847//4410
f 862//4411 863//4412 847//4413
f 848//4414 853//4415 854//4416
f 854//4417 855//4418 848//4419
f 852//4420 853//4421 848//4422
f 851//4423 852//4424 843//4425
f 848//4426 843//4427 852//4428
f 843//4429 848//4430 838//4431
f 838//4432 834//4433 843//4434
f 834//4435 838//4436 832//4437
f 832//4438 822//4439 834//4440
f 822//4441 832//4442 825//4443
f 822//4444 825//4445 818//4446
f 822//4447 818//4448 812//4449
f 812//4450 811//4451 822//4452
f 811//4453 812//4454 805//4455
f 805//4456 801//4457 811//4458
f 801//4459 805//4460 800//4461
f 801//4462 800//4463 794//4464
f 794//4465 793//4466 801//4467
f 793//4468 794//4469 790//4470
f 790//4471 781//4472 793//4473
f 781//4474 790//4475 780//4476
f 781//4477 780//4478 775//4479
f 775//4480 724//4481 781//4482
f 775//4483 765//4484 724//4485
f 765//4486 775//4487 766//4488
f 766//4489 752//4490 765//4491
f 752//4492 766//4493 753//4494
f 766//4495 767//4496 753//4497
f 772//4498 767//4499 766//4500
f 766//4501 775//4502 772//4503
f 777//4504 772//4505 775//4506
f 775//4507 780//4508 777//4509
f 787//4510 777//4511 780//4512
f 780//4513 790//4514 787//4515
f 792//4516 787//4517 790//4518
f 790//4519 794//4520 792//4521
f 799//4522 792//4523 794//4524
f 794//4525 800//4526 799//4527
f 804//4528 799//4529 800//4530
f 800//4531 805//4532 804//4533
f 807//4534 804//4535 805//4536
f 805//4537 812//4538 807//4539
f 815//4540 807//4541 812//4542
f 812//4543 818//4544 815//4545
f 826//4546 815//4547 818//4548
f 818//4549 825//4550 826//4551
f 825//4552 832//4553 826//4554
f 836//4555 826//4556 832//4557
f 832//4558 838//4559 836//4560
f 847//4561 836//4562 838//4563
f 838//4564 848//4565 847//4566
f 860//4567 847//4568 848//4569
f 848//4570 855//4571 860//4572
f 770//4573 773//4574 767//4575
f 767//4576 772//4577 770//4578
f 785//4579 770//4580 772//4581
f 772//4582 777//4583 785//4584
f 777//4585 787//4586 785//4587
f 787//4588 792//4589 785//4590
f 841//4591 785//4592 792//4593
f 792//4594 799//4595 841//4596
f 799//4597 804//4598 841//4599
f 804//4600 807//4601 841//4602
f 807//4603 815//4604 841//4605
f 815//4606 826//4607 841//4608
f 826//4609 836//4610 841//4611
f 836//4612 847//4613 841//4614
f 866//4615 841//4616 847//4617
f 847//4618 865//4619 866//4620
f 753//4621 767//4622 755//4623
f 767//4624 773//4625 755//4626
f 773//4627 754//4628 755//4629
f 754//4630 756//4631 755//4632
f 765//4633 752//4634 755//4635
f 752//4636 753//4637 755//4638
f 547//4639 521//4640 519//4641
f 532//4642 547//4643 519//4644
f 552//4645 547//4646 532//4647
f 532//4648 555//4649 552//4650
f 567//4651 565//4652 532//4653
f 565//4654 555//4655 532//4656
f 577//4657 567//4658 532//4659
f 532//4660 589//4661 581//4662
f 581//4663 577//4664 532//4665
f 591//4666 589//4667 532//4668
f 602//4669 598//4670 532//4671
f 532//4672 598//4673 591//4674
f 532//4675 605//4676 602//4677
f 611//4678 605//4679 532//4680
f 532//4681 621//4682 611//4683
f 616//4684 611//4685 621//4686
f 620//4687 616//4688 621//4689
f 630//4690 626//4691 621//4692
f 634//4693 630//4694 621//4695
f 621//4696 637//4697 634//4698
f 621//4699 658//4700 637//4701
f 658//4702 643//4703 637//4704
f 647//4705 643//4706 658//4707
f 656//4708 647//4709 658//4710
f 658//4711 700//4712 669//4713
f 658//4714 669//4715 667//4716
f 683//4717 679//4718 700//4719
f 679//4720 669//4721 700//4722
f 700//4723 691//4724 683//4725
f 700//4726 713//4727 705//4728
f 722//4729 700//4730 745//4731
f 722//4732 717//4733 700//4734
f 717//4735 713//4736 700//4737
f 742//4738 740//4739 745//4740
f 745//4741 740//4742 735//4743
f 735//4744 727//4745 745//4746
f 745//4747 727//4748 722//4749
f 755//4750 749//4751 745//4752
f 749//4753 742//4754 745//4755
f 542//4756 529//4757 556//4758
f 724//4759 700//4760 529//4761
f 556//4762 534//4763 533//4764
f 556//4765 529//4766 534//4767
f 529//4768 536//4769 534//4770
f 529//4771 540//4772 536//4773
f 529//4774 700//4775 621//4776
f 529//4777 532//4778 540//4779
f 621//4780 532//4781 529//4782
f 700//4783 724//4784 745//4785
f 658//4786 621//4787 700//4788
f 532//4789 526//4790 531//4791
f 532//4792 519//4793 526//4794
f 529//4795 542//4796 369//4797
f 529//4798 369//4799 422//4800
f 542//4801 556//4802 373//4803
f 373//4804 371//4805 542//4806
f 371//4807 369//4808 542//4809
f 556//4810 367//4811 373//4812
f 367//4813 556//4814 533//4815
f 533//4816 534//4817 367//4818
f 534//4819 536//4820 359//4821
f 359//4822 367//4823 534//4824
f 358//4825 359//4826 536//4827
f 536//4828 540//4829 358//4830
f 356//4831 358//4832 540//4833
f 540//4834 532//4835 356//4836
f 335//4837 356//4838 531//4839
f 532//4840 531//4841 356//4842
f 526//4843 329//4844 335//4845
f 335//4846 531//4847 526//4848
f 519//4849 304//4850 329//4851
f 526//4852 519//4853 329//4854
f 519//4855 521//4856 304//4857
f 498//4858 724//4859 529//4860
f 724//4861 765//4862 745//4863
f 765//4864 755//4865 745//4866
f 793//4867 781//4868 724//4869
f 793//4870 811//4871 801//4872
f 788//4873 843//4874 834//4875
f 811//4876 788//4877 822//4878
f 834//4879 822//4880 788//4881
f 498//4882 529//4883 482//4884
f 529//4885 422//4886 482//4887
f 361//4888 438//4889 480//4890
f 366//4891 361//4892 337//4893
f 482//4894 422//4895 446//4896
f 498//4897 482//4898 472//4899
f 480//4900 498//4901 472//4902
f 361//4903 472//4904 446//4905
f 361//4906 480//4907 472//4908
f 422//4909 361//4910 446//4911
f 482//4912 446//4913 455//4914
f 477//4915 455//4916 446//4917
f 446//4918 472//4919 477//4920
f 472//4921 482//4922 477//4923
f 486//4924 477//4925 482//4926
f 455//4927 486//4928 482//4929
f 366//4930 363//4931 361//4932
f 363//4933 395//4934 361//4935
f 395//4936 438//4937 361//4938
f 438//4939 460//4940 480//4941
f 460//4942 886//4943 480//4944
f 724//4945 480//4946 886//4947
f 498//4948 480//4949 724//4950
f 811//4951 793//4952 788//4953
f 724//4954 788//4955 793//4956
f 886//4957 788//4958 724//4959
f 843//4960 788//4961 851//4962
f 886//4963 851//4964 788//4965
f 937//4966 935//4967 894//4968
f 935//4969 851//4970 894//4971
f 934//4972 933//4973 862//4974
f 860//4975 855//4976 935//4977
f 861//4978 860//4979 935//4980
f 855//4981 854//4982 935//4983
f 935//4984 854//4985 853//4986
f 853//4987 852//4988 935//4989
f 852//4990 851//4991 935//4992
f 862//4993 861//4994 935//4995
f 935//4996 934//4997 862//4998
f 863//4999 862//5000 933//5001
f 933//5002 865//5003 863//5004
f 865//5005 933//5006 932//5007
f 866//5008 865//5009 932//5010
f 932//5011 931//5012 866//5013
f 867//5014 866//5015 931//5016
f 867//5017 931//5018 930//5019
f 868//5020 867//5021 930//5022
f 928//5023 870//5024 869//5025
f 869//5026 929//5027 928//5028
f 929//5029 869//5030 868//5031
f 868//5032 930//5033 929//5034
f 937//5035 922//5036 947//5037
f 1264//5038 1419//5039 1479//5040
f 1264//5041 967//5042 1027//5043
f 1486//5044 1493//5045 1489//5046
f 1486//5047 1488//5048 1493//5049
f 1482//5050 1484//5051 1472//5052
f 1472//5053 1484//5054 1486//5055
f 1472//5056 1481//5057 1482//5058
f 1470//5059 1473//5060 1472//5061
f 1459//5062 1461//5063 1448//5064
f 1472//5065 1461//5066 1466//5067
f 1466//5068 1469//5069 1472//5070
f 1472//5071 1469//5072 1470//5073
f 1440//5074 1441//5075 1444//5076
f 1444//5077 1448//5078 1440//5079
f 1448//5080 1444//5081 1445//5082
f 1448//5083 1445//5084 1450//5085
f 1448//5086 1450//5087 1453//5088
f 1448//5089 1453//5090 1454//5091
f 1448//5092 1454//5093 1457//5094
f 1448//5095 1457//5096 1459//5097
f 1420//5098 1427//5099 1417//5100
f 1427//5101 1420//5102 1424//5103
f 1427//5104 1429//5105 1430//5106
f 1427//5107 1430//5108 1433//5109
f 1427//5110 1433//5111 1437//5112
f 1427//5113 1437//5114 1440//5115
f 1389//5116 1391//5117 1398//5118
f 1398//5119 1419//5120 1389//5121
f 1419//5122 1398//5123 1403//5124
f 1419//5125 1403//5126 1406//5127
f 1419//5128 1406//5129 1411//5130
f 1419//5131 1411//5132 1413//5133
f 1413//5134 1417//5135 1419//5136
f 1338//5137 1346//5138 1359//5139
f 1338//5140 1359//5141 1366//5142
f 1338//5143 1366//5144 1372//5145
f 1338//5146 1372//5147 1378//5148
f 1378//5149 1389//5150 1338//5151
f 1389//5152 1378//5153 1385//5154
f 1338//5155 1324//5156 1331//5157
f 1338//5158 1313//5159 1324//5160
f 1313//5161 1338//5162 1388//5163
f 1419//5164 1427//5165 1440//5166
f 1448//5167 1479//5168 1440//5169
f 1050//5170 1027//5171 1035//5172
f 1050//5173 1035//5174 1039//5175
f 1007//5176 1009//5177 1027//5178
f 1264//5179 1338//5180 1419//5181
f 1007//5182 995//5183 1003//5184
f 995//5185 989//5186 994//5187
f 1388//5188 1264//5189 1050//5190
f 995//5191 967//5192 984//5193
f 984//5194 989//5195 995//5196
f 1419//5197 1440//5198 1479//5199
f 1388//5200 1338//5201 1264//5202
f 995//5203 1027//5204 967//5205
f 1007//5206 1027//5207 995//5208
f 1050//5209 1264//5210 1027//5211
f 1461//5212 1479//5213 1448//5214
f 1389//5215 1419//5216 1338//5217
f 1417//5218 1427//5219 1419//5220
f 1479//5221 1461//5222 1472//5223
f 1472//5224 1486//5225 1479//5226
f 1486//5227 1489//5228 1480//5229
f 1479//5230 1486//5231 1480//5232
f 1480//5233 1489//5234 1648//5235
f 1648//5236 1682//5237 1480//5238
f 1683//5239 1649//5240 1490//5241
f 1490//5242 1492//5243 1683//5244
f 1682//5245 1683//5246 1492//5247
f 1492//5248 1480//5249 1682//5250
f 962//5251 916//5252 966//5253
f 966//5254 1291//5255 1048//5256
f 966//5257 1273//5258 1291//5259
f 1273//5260 1479//5261 1477//5262
f 1480//5263 1477//5264 1479//5265
f 916//5266 962//5267 925//5268
f 962//5269 950//5270 956//5271
f 997//5272 980//5273 1020//5274
f 1008//5275 997//5276 1020//5277
f 1020//5278 1026//5279 1048//5280
f 1291//5281 1325//5282 1309//5283
f 1333//5284 1325//5285 1291//5286
f 1333//5287 1291//5288 1360//5289
f 1360//5290 1341//5291 1333//5292
f 1360//5293 1348//5294 1341//5295
f 1360//5296 1354//5297 1348//5298
f 1360//5299 1368//5300 1364//5301
f 1360//5302 1379//5303 1368//5304
f 1360//5305 1387//5306 1379//5307
f 1390//5308 1387//5309 1399//5310
f 1399//5311 1392//5312 1390//5313
f 1399//5314 1396//5315 1392//5316
f 1404//5317 1399//5318 1407//5319
f 1407//5320 1412//5321 1404//5322
f 1407//5323 1415//5324 1412//5325
f 1407//5326 1418//5327 1415//5328
f 1407//5329 1426//5330 1422//5331
f 1426//5332 1407//5333 1431//5334
f 1431//5335 1432//5336 1426//5337
f 1485//5338 1483//5339 1477//5340
f 1491//5341 1485//5342 1477//5343
f 1477//5344 1480//5345 1491//5346
f 1480//5347 1494//5348 1491//5349
f 1494//5350 1480//5351 1492//5352
f 966//5353 1048//5354 1026//5355
f 983//5356 962//5357 966//5358
f 1360//5359 1291//5360 1387//5361
f 1026//5362 980//5363 983//5364
f 1399//5365 1387//5366 1407//5367
f 1273//5368 1477//5369 1431//5370
f 1291//5371 1273//5372 1408//5373
f 1408//5374 1387//5375 1291//5376
f 1408//5377 1407//5378 1387//5379
f 966//5380 1026//5381 983//5382
f 980//5383 1026//5384 1020//5385
f 1492//5386 1490//5387 1494//5388
f 1431//5389 1407//5390 1408//5391
f 1408//5392 1373//5393 1431//5394
f 1273//5395 1431//5396 1373//5397
f 1373//5398 1408//5399 1273//5400
f 366//5401 337//5402 339//5403
f 343//5404 379//5405 322//5406
f 283//5407 284//5408 291//5409
f 339//5410 388//5411 366//5412
f 379//5413 326//5414 322//5415
f 326//5416 379//5417 328//5418
f 327//5419 388//5420 325//5421
f 339//5422 325//5423 388//5424
f 328//5425 327//5426 326//5427
f 327//5428 325//5429 326//5430
f 319//5431 326//5432 325//5433
f 325//5434 318//5435 319//5436
f 317//5437 319//5438 318//5439
f 318//5440 316//5441 317//5442
f 310//5443 317//5444 316//5445
f 316//5446 309//5447 310//5448
f 307//5449 310//5450 309//5451
f 309//5452 306//5453 307//5454
f 305//5455 307//5456 306//5457
f 297//5458 305//5459 306//5460
f 306//5461 296//5462 297//5463
f 291//5464 297//5465 296//5466
f 296//5467 292//5468 291//5469
f 291//5470 292//5471 283//5472
f 388//5473 450//5474 366//5475
f 450//5476 430//5477 458//5478
f 430//5479 499//5480 458//5481
f 642//5482 458//5483 499//5484
f 714//5485 642//5486 779//5487
f 878//5488 779//5489 813//5490
f 642//5491 813//5492 779//5493
f 878//5494 460//5495 477//5496
f 714//5497 779//5498 455//5499
f 458//5500 642//5501 455//5502
f 486//5503 455//5504 779//5505
f 642//5506 714//5507 455//5508
f 450//5509 458//5510 455//5511
f 878//5512 477//5513 486//5514
f 460//5515 438//5516 477//5517
f 477//5518 395//5519 363//5520
f 363//5521 366//5522 477//5523
f 477//5524 366//5525 450//5526
f 450//5527 455//5528 477//5529
f 438//5530 395//5531 477//5532
f 779//5533 878//5534 486//5535
f 813//5536 892//5537 878//5538
f 892//5539 886//5540 878//5541
f 353//5542 343//5543 338//5544
f 343//5545 449//5546 379//5547
f 449//5548 457//5549 459//5550
f 516//5551 459//5552 457//5553
f 459//5554 516//5555 571//5556
f 459//5557 571//5558 732//5559
f 820//5560 732//5561 703//5562
f 703//5563 783//5564 820//5565
f 880//5566 783//5567 883//5568
f 559//5569 572//5570 516//5571
f 457//5572 511//5573 513//5574
f 513//5575 517//5576 457//5577
f 516//5578 457//5579 517//5580
f 517//5581 548//5582 516//5583
f 516//5584 548//5585 559//5586
f 571//5587 516//5588 572//5589
f 574//5590 561//5591 479//5592
f 483//5593 561//5594 509//5595
f 509//5596 511//5597 483//5598
f 481//5599 483//5600 511//5601
f 479//5602 883//5603 783//5604
f 783//5605 587//5606 479//5607
f 479//5608 587//5609 574//5610
f 561//5611 483//5612 470//5613
f 470//5614 479//5615 561//5616
f 457//5617 449//5618 461//5619
f 457//5620 461//5621 481//5622
f 511//5623 457//5624 481//5625
f 585//5626 732//5627 571//5628
f 571//5629 572//5630 585//5631
f 585//5632 594//5633 732//5634
f 461//5635 343//5636 344//5637
f 461//5638 344//5639 470//5640
f 594//5641 703//5642 732//5643
f 461//5644 449//5645 343//5646
f 594//5647 783//5648 703//5649
f 880//5650 944//5651 876//5652
f 880//5653 883//5654 944//5655
f 479//5656 829//5657 883//5658
f 829//5659 944//5660 883//5661
f 886//5662 460//5663 878//5664
f 911//5665 912//5666 908//5667
f 912//5668 913//5669 908//5670
f 914//5671 908//5672 913//5673
f 940//5674 937//5675 894//5676
f 851//5677 886//5678 908//5679
f 894//5680 851//5681 940//5682
f 851//5683 908//5684 914//5685
f 914//5686 940//5687 851//5688
f 914//5689 945//5690 940//5691
f 938//5692 912//5693 911//5694
f 911//5695 946//5696 938//5697
f 911//5698 908//5699 946//5700
f 912//5701 938//5702 939//5703
f 939//5704 913//5705 912//5706
f 914//5707 913//5708 939//5709
f 939//5710 945//5711 914//5712
f 946//5713 952//5714 977//5715
f 977//5716 938//5717 946//5718
f 938//5719 977//5720 978//5721
f 978//5722 939//5723 938//5724
f 978//5725 945//5726 939//5727
f 945//5728 978//5729 999//5730
f 952//5731 978//5732 977//5733
f 999//5734 978//5735 952//5736
f 952//5737 946//5738 909//5739
f 909//5740 982//5741 952//5742
f 909//5743 946//5744 908//5745
f 886//5746 909//5747 908//5748
f 940//5749 945//5750 999//5751
f 999//5752 979//5753 940//5754
f 979//5755 937//5756 940//5757
f 952//5758 982//5759 1000//5760
f 979//5761 1054//5762 1055//5763
f 979//5764 1055//5765 1056//5766
f 979//5767 1002//5768 960//5769
f 937//5770 979//5771 960//5772
f 1002//5773 979//5774 1056//5775
f 1002//5776 1056//5777 1053//5778
f 1053//5779 1064//5780 1002//5781
f 960//5782 1002//5783 985//5784
f 1002//5785 1015//5786 985//5787
f 1015//5788 1002//5789 1064//5790
f 979//5791 999//5792 1000//5793
f 1000//5794 1062//5795 979//5796
f 1062//5797 1054//5798 979//5799
f 999//5800 952//5801 1000//5802
f 1113//5803 1111//5804 1112//5805
f 1111//5806 1109//5807 1112//5808
f 1109//5809 1111//5810 1105//5811
f 1105//5812 1106//5813 1109//5814
f 1105//5815 1103//5816 1106//5817
f 1103//5818 1105//5819 1102//5820
f 1102//5821 1099//5822 1103//5823
f 1099//5824 1102//5825 1095//5826
f 1095//5827 1093//5828 1099//5829
f 1093//5830 1095//5831 1091//5832
f 1091//5833 1090//5834 1093//5835
f 1090//5836 1091//5837 1088//5838
f 1088//5839 1086//5840 1090//5841
f 1086//5842 1088//5843 1080//5844
f 1080//5845 1000//5846 1086//5847
f 1080//5848 1075//5849 1000//5850
f 1075//5851 1080//5852 1073//5853
f 1073//5854 1071//5855 1075//5856
f 1066//5857 1056//5858 1055//5859
f 1071//5860 1073//5861 1066//5862
f 1066//5863 1062//5864 1071//5865
f 1055//5866 1062//5867 1066//5868
f 1062//5869 1055//5870 1054//5871
f 1053//5872 1100//5873 1064//5874
f 1100//5875 1053//5876 1089//5877
f 1100//5878 1089//5879 1092//5880
f 1100//5881 1092//5882 1108//5883
f 1056//5884 1066//5885 1053//5886
f 1053//5887 1066//5888 1073//5889
f 1053//5890 1073//5891 1080//5892
f 1053//5893 1080//5894 1088//5895
f 1088//5896 1089//5897 1053//5898
f 1089//5899 1088//5900 1091//5901
f 1091//5902 1092//5903 1089//5904
f 1092//5905 1091//5906 1095//5907
f 1092//5908 1095//5909 1102//5910
f 1092//5911 1102//5912 1105//5913
f 1105//5914 1108//5915 1092//5916
f 1108//5917 1105//5918 1111//5919
f 1111//5920 1114//5921 1108//5922
f 1114//5923 1111//5924 1113//5925
f 1063//5926 1100//5927 1068//5928
f 1100//5929 1108//5930 1079//5931
f 1064//5932 1100//5933 1063//5934
f 1481//5935 1472//5936 1566//5937
f 994//5938 1021//5939 1024//5940
f 975//5941 967//5942 960//5943
f 1608//5944 1612//5945 1553//5946
f 1648//5947 1489//5948 1572//5949
f 1572//5950 1644//5951 1648//5952
f 1644//5953 1572//5954 1570//5955
f 1570//5956 1636//5957 1644//5958
f 1636//5959 1570//5960 1568//5961
f 1568//5962 1631//5963 1636//5964
f 1627//5965 1631//5966 1568//5967
f 1559//5968 1557//5969 1612//5970
f 1606//5971 1608//5972 1553//5973
f 1553//5974 1551//5975 1606//5976
f 1606//5977 1551//5978 1550//5979
f 1602//5980 1606//5981 1550//5982
f 1550//5983 1548//5984 1602//5985
f 1602//5986 1548//5987 1545//5988
f 1545//5989 1596//5990 1602//5991
f 1545//5992 1542//5993 1596//5994
f 1596//5995 1542//5996 1538//5997
f 1591//5998 1596//5999 1538//6000
f 1533//6001 1529//6002 1584//6003
f 1529//6004 1528//6005 1581//6006
f 1581//6007 1584//6008 1529//6009
f 1575//6010 1519//6011 1516//6012
f 1519//6013 1575//6014 1581//6015
f 1581//6016 1524//6017 1519//6018
f 1581//6019 1528//6020 1524//6021
f 1556//6022 1575//6023 1516//6024
f 1503//6025 1543//6026 1556//6027
f 1503//6028 1500//6029 1543//6030
f 1543//6031 1500//6032 1496//6033
f 1496//6034 1531//6035 1543//6036
f 1531//6037 1496//6038 1476//6039
f 1531//6040 1476//6041 1468//6042
f 1468//6043 1474//6044 1531//6045
f 1474//6046 1464//6047 1456//6048
f 1474//6049 1456//6050 1452//6051
f 1452//6052 1447//6053 1474//6054
f 1447//6055 1443//6056 1474//6057
f 1443//6058 1439//6059 1474//6060
f 1435//6061 1338//6062 1331//6063
f 1331//6064 1425//6065 1435//6066
f 1425//6067 1439//6068 1435//6069
f 1331//6070 1324//6071 1425//6072
f 1324//6073 1313//6074 1414//6075
f 1414//6076 1425//6077 1324//6078
f 1313//6079 1388//6080 1401//6081
f 1401//6082 1414//6083 1313//6084
f 1283//6085 1349//6086 1388//6087
f 1256//6088 1283//6089 1388//6090
f 1388//6091 1050//6092 1256//6093
f 1219//6094 1256//6095 1050//6096
f 1207//6097 1219//6098 1050//6099
f 1039//6100 1098//6101 1207//6102
f 1050//6103 1039//6104 1207//6105
f 1039//6106 1035//6107 1098//6108
f 1087//6109 1035//6110 1027//6111
f 1087//6112 1098//6113 1035//6114
f 1076//6115 1097//6116 1081//6117
f 1097//6118 1076//6119 1072//6120
f 1072//6121 1037//6122 1097//6123
f 1037//6124 1051//6125 1097//6126
f 1051//6127 1079//6128 1097//6129
f 1043//6130 1038//6131 1068//6132
f 1068//6133 1100//6134 1043//6135
f 1015//6136 1064//6137 1063//6138
f 1015//6139 1063//6140 987//6141
f 987//6142 985//6143 1015//6144
f 985//6145 987//6146 996//6147
f 953//6148 937//6149 960//6150
f 967//6151 953//6152 960//6153
f 1014//6154 967//6155 975//6156
f 1014//6157 1017//6158 967//6159
f 989//6160 984//6161 1018//6162
f 1017//6163 1018//6164 984//6165
f 984//6166 967//6167 1017//6168
f 1019//6169 1021//6170 994//6171
f 994//6172 989//6173 1019//6174
f 1003//6175 995//6176 1024//6177
f 1024//6178 995//6179 994//6180
f 1007//6181 1033//6182 1036//6183
f 1033//6184 1007//6185 1003//6186
f 1003//6187 1030//6188 1033//6189
f 1024//6190 1030//6191 1003//6192
f 1036//6193 1009//6194 1007//6195
f 1036//6196 1040//6197 1009//6198
f 1040//6199 1027//6200 1009//6201
f 1040//6202 1087//6203 1027//6204
f 1435//6205 1346//6206 1338//6207
f 1346//6208 1435//6209 1439//6210
f 1346//6211 1439//6212 1443//6213
f 1443//6214 1359//6215 1346//6216
f 1443//6217 1447//6218 1359//6219
f 1447//6220 1366//6221 1359//6222
f 1366//6223 1447//6224 1452//6225
f 1452//6226 1372//6227 1366//6228
f 1378//6229 1372//6230 1452//6231
f 1452//6232 1456//6233 1378//6234
f 1456//6235 1385//6236 1378//6237
f 1385//6238 1456//6239 1464//6240
f 1474//6241 1468//6242 1464//6243
f 1464//6244 1468//6245 1389//6246
f 1389//6247 1385//6248 1464//6249
f 1411//6250 1406//6251 1503//6252
f 1503//6253 1406//6254 1403//6255
f 1403//6256 1500//6257 1503//6258
f 1500//6259 1403//6260 1398//6261
f 1398//6262 1496//6263 1500//6264
f 1398//6265 1476//6266 1496//6267
f 1476//6268 1398//6269 1391//6270
f 1468//6271 1476//6272 1391//6273
f 1468//6274 1391//6275 1389//6276
f 1417//6277 1413//6278 1514//6279
f 1413//6280 1507//6281 1514//6282
f 1507//6283 1413//6284 1411//6285
f 1503//6286 1507//6287 1411//6288
f 1556//6289 1507//6290 1503//6291
f 1556//6292 1514//6293 1507//6294
f 1516//6295 1514//6296 1556//6297
f 1514//6298 1516//6299 1417//6300
f 1424//6301 1519//6302 1524//6303
f 1519//6304 1424//6305 1420//6306
f 1420//6307 1516//6308 1519//6309
f 1420//6310 1417//6311 1516//6312
f 1529//6313 1533//6314 1433//6315
f 1433//6316 1430//6317 1529//6318
f 1430//6319 1528//6320 1529//6321
f 1528//6322 1430//6323 1429//6324
f 1524//6325 1528//6326 1429//6327
f 1429//6328 1427//6329 1524//6330
f 1524//6331 1427//6332 1424//6333
f 1533//6334 1536//6335 1437//6336
f 1533//6337 1437//6338 1433//6339
f 1441//6340 1440//6341 1536//6342
f 1536//6343 1440//6344 1437//6345
f 1584//6346 1591//6347 1533//6348
f 1591//6349 1536//6350 1533//6351
f 1538//6352 1536//6353 1591//6354
f 1536//6355 1538//6356 1441//6357
f 1441//6358 1538//6359 1542//6360
f 1542//6361 1444//6362 1441//6363
f 1444//6364 1542//6365 1545//6366
f 1545//6367 1445//6368 1444//6369
f 1450//6370 1445//6371 1545//6372
f 1545//6373 1548//6374 1450//6375
f 1548//6376 1453//6377 1450//6378
f 1453//6379 1548//6380 1550//6381
f 1454//6382 1453//6383 1550//6384
f 1550//6385 1551//6386 1454//6387
f 1551//6388 1457//6389 1454//6390
f 1457//6391 1551//6392 1553//6393
f 1612//6394 1557//6395 1553//6396
f 1553//6397 1557//6398 1459//6399
f 1459//6400 1457//6401 1553//6402
f 1559//6403 1466//6404 1461//6405
f 1461//6406 1557//6407 1559//6408
f 1461//6409 1459//6410 1557//6411
f 1559//6412 1561//6413 1466//6414
f 1469//6415 1466//6416 1561//6417
f 1561//6418 1563//6419 1469//6420
f 1470//6421 1469//6422 1563//6423
f 1472//6424 1473//6425 1566//6426
f 1563//6427 1566//6428 1473//6429
f 1473//6430 1470//6431 1563//6432
f 1482//6433 1481//6434 1568//6435
f 1566//6436 1568//6437 1481//6438
f 1568//6439 1566//6440 1627//6441
f 1627//6442 1566//6443 1563//6444
f 1563//6445 1621//6446 1627//6447
f 1621//6448 1563//6449 1561//6450
f 1561//6451 1616//6452 1621//6453
f 1616//6454 1561//6455 1559//6456
f 1612//6457 1616//6458 1559//6459
f 1484//6460 1482//6461 1568//6462
f 1568//6463 1570//6464 1484//6465
f 1486//6466 1484//6467 1570//6468
f 1489//6469 1493//6470 1572//6471
f 1572//6472 1493//6473 1488//6474
f 1570//6475 1572//6476 1488//6477
f 1488//6478 1486//6479 1570//6480
f 996//6481 987//6482 991//6483
f 991//6484 993//6485 996//6486
f 996//6487 960//6488 985//6489
f 960//6490 996//6491 1014//6492
f 1014//6493 975//6494 960//6495
f 1018//6496 1019//6497 989//6498
f 1019//6499 1018//6500 1037//6501
f 1037//6502 1018//6503 1017//6504
f 1037//6505 1017//6506 1014//6507
f 1040//6508 1083//6509 1087//6510
f 1083//6511 1040//6512 1036//6513
f 1036//6514 1085//6515 1083//6516
f 1085//6517 1036//6518 1033//6519
f 1033//6520 1082//6521 1085//6522
f 1082//6523 1033//6524 1030//6525
f 1030//6526 1081//6527 1082//6528
f 1081//6529 1030//6530 1024//6531
f 1024//6532 1076//6533 1081//6534
f 1076//6535 1024//6536 1021//6537
f 1021//6538 1072//6539 1076//6540
f 1072//6541 1021//6542 1019//6543
f 1019//6544 1037//6545 1072//6546
f 1022//6547 1100//6548 1079//6549
f 1079//6550 1014//6551 1022//6552
f 1051//6553 1037//6554 1014//6555
f 987//6556 1063//6557 1068//6558
f 1068//6559 991//6560 987//6561
f 991//6562 1068//6563 1038//6564
f 1038//6565 993//6566 991//6567
f 993//6568 1038//6569 1043//6570
f 1043//6571 996//6572 993//6573
f 996//6574 1043//6575 1100//6576
f 996//6577 1100//6578 1022//6579
f 1022//6580 1014//6581 996//6582
f 1051//6583 1014//6584 1079//6585
f 1127//6586 1133//6587 1107//6588
f 1208//6589 1212//6590 1203//6591
f 1414//6592 1401//6593 1349//6594
f 1401//6595 1388//6596 1349//6597
f 1085//6598 1087//6599 1083//6600
f 1460//6601 1371//6602 1381//6603
f 1362//6604 1370//6605 1460//6606
f 1370//6607 1371//6608 1460//6609
f 1358//6610 1362//6611 1460//6612
f 1460//6613 1347//6614 1358//6615
f 1339//6616 1345//6617 1347//6618
f 1327//6619 1339//6620 1347//6621
f 1347//6622 1349//6623 1327//6624
f 1349//6625 1320//6626 1327//6627
f 1349//6628 1316//6629 1320//6630
f 1349//6631 1311//6632 1316//6633
f 1349//6634 1302//6635 1311//6636
f 1296//6637 1302//6638 1349//6639
f 1290//6640 1296//6641 1349//6642
f 1290//6643 1349//6644 1283//6645
f 1275//6646 1281//6647 1283//6648
f 1275//6649 1283//6650 1256//6651
f 1256//6652 1268//6653 1275//6654
f 1256//6655 1265//6656 1268//6657
f 1256//6658 1219//6659 1252//6660
f 1219//6661 1246//6662 1252//6663
f 1242//6664 1244//6665 1219//6666
f 1219//6667 1244//6668 1246//6669
f 1198//6670 1201//6671 1203//6672
f 1157//6673 1180//6674 1174//6675
f 1157//6676 1167//6677 1171//6678
f 1157//6679 1160//6680 1162//6681
f 1107//6682 1141//6683 1147//6684
f 1133//6685 1137//6686 1107//6687
f 1107//6688 1079//6689 1116//6690
f 1116//6691 1124//6692 1107//6693
f 1107//6694 1124//6695 1127//6696
f 1349//6697 1347//6698 1460//6699
f 1228//6700 1233//6701 1219//6702
f 1228//6703 1219//6704 1207//6705
f 1222//6706 1228//6707 1207//6708
f 1222//6709 1207//6710 1203//6711
f 1203//6712 1214//6713 1222//6714
f 1203//6715 1207//6716 1174//6717
f 1212//6718 1214//6719 1203//6720
f 1098//6721 1087//6722 1207//6723
f 1082//6724 1081//6725 1085//6726
f 1085//6727 1081//6728 1097//6729
f 1153//6730 1160//6731 1157//6732
f 1137//6733 1141//6734 1107//6735
f 1147//6736 1153//6737 1157//6738
f 1087//6739 1157//6740 1174//6741
f 1189//6742 1193//6743 1174//6744
f 1085//6745 1097//6746 1087//6747
f 1203//6748 1174//6749 1193//6750
f 1193//6751 1198//6752 1203//6753
f 1174//6754 1207//6755 1087//6756
f 1206//6757 1208//6758 1203//6759
f 1079//6760 1107//6761 1097//6762
f 1147//6763 1157//6764 1107//6765
f 1107//6766 1157//6767 1097//6768
f 1162//6769 1167//6770 1157//6771
f 1097//6772 1157//6773 1087//6774
f 1171//6775 1180//6776 1157//6777
f 1174//6778 1185//6779 1189//6780
f 1115//6781 1116//6782 1079//6783
f 1079//6784 1108//6785 1115//6786
f 1115//6787 1108//6788 1114//6789
f 1115//6790 1114//6791 1113//6792
f 1115//6793 1113//6794 1112//6795
f 1112//6796 1106//6797 1115//6798
f 1425//6799 1414//6800 1439//6801
f 1531//6802 1575//6803 1556//6804
f 1556//6805 1543//6806 1531//6807
f 1581//6808 1575//6809 1584//6810
f 1584//6811 1575//6812 1591//6813
f 1616//6814 1629//6815 1621//6816
f 1627//6817 1621//6818 1629//6819
f 1636//6820 1629//6821 1644//6822
f 1586//6823 1578//6824 1582//6825
f 1646//6826 1629//6827 1643//6828
f 1629//6829 1646//6830 1644//6831
f 1606//6832 1602//6833 1591//6834
f 1591//6835 1522//6836 1606//6837
f 1522//6838 1608//6839 1606//6840
f 1639//6841 1643//6842 1629//6843
f 1635//6844 1639//6845 1629//6846
f 1626//6847 1635//6848 1629//6849
f 1611//6850 1619//6851 1629//6852
f 1522//6853 1531//6854 1474//6855
f 1522//6856 1575//6857 1531//6858
f 1619//6859 1626//6860 1629//6861
f 1629//6862 1636//6863 1631//6864
f 1627//6865 1629//6866 1631//6867
f 1629//6868 1616//6869 1612//6870
f 1612//6871 1522//6872 1629//6873
f 1612//6874 1608//6875 1522//6876
f 1602//6877 1596//6878 1591//6879
f 1522//6880 1591//6881 1575//6882
f 1586//6883 1600//6884 1604//6885
f 1604//6886 1629//6887 1586//6888
f 1522//6889 1586//6890 1629//6891
f 1604//6892 1611//6893 1629//6894
f 1522//6895 1474//6896 1439//6897
f 1586//6898 1582//6899 1588//6900
f 1586//6901 1588//6902 1594//6903
f 1522//6904 1439//6905 1460//6906
f 1586//6907 1594//6908 1600//6909
f 1439//6910 1349//6911 1460//6912
f 1439//6913 1414//6914 1349//6915
f 1582//6916 1578//6917 1620//6918
f 1582//6919 1620//6920 1634//6921
f 1588//6922 1582//6923 1634//6924
f 1634//6925 1650//6926 1588//6927
f 1650//6928 1594//6929 1588//6930
f 1650//6931 1654//6932 1594//6933
f 1594//6934 1654//6935 1655//6936
f 1655//6937 1600//6938 1594//6939
f 1604//6940 1600//6941 1655//6942
f 1655//6943 1658//6944 1604//6945
f 1658//6946 1660//6947 1604//6948
f 1619//6949 1611//6950 1664//6951
f 1660//6952 1664//6953 1611//6954
f 1611//6955 1604//6956 1660//6957
f 1664//6958 1669//6959 1619//6960
f 1626//6961 1619//6962 1669//6963
f 1669//6964 1671//6965 1626//6966
f 1626//6967 1671//6968 1673//6969
f 1639//6970 1635//6971 1675//6972
f 1673//6973 1675//6974 1635//6975
f 1635//6976 1626//6977 1673//6978
f 1639//6979 1675//6980 1677//6981
f 1677//6982 1643//6983 1639//6984
f 1643//6985 1677//6986 1678//6987
f 1646//6988 1643//6989 1678//6990
f 1678//6991 1680//6992 1646//6993
f 1644//6994 1646//6995 1680//6996
f 1648//6997 1644//6998 1680//6999
f 1680//7000 1682//7001 1648//7002
f 1460//7003 1381//7004 1383//7005
f 1540//7006 1620//7007 1383//7008
f 1620//7009 1578//7010 1383//7011
f 1383//7012 1578//7013 1586//7014
f 1586//7015 1522//7016 1383//7017
f 1522//7018 1460//7019 1383//7020
f 1381//7021 1371//7022 1367//7023
f 1367//7024 1377//7025 1381//7026
f 1377//7027 1383//7028 1381//7029
f 1362//7030 1358//7031 1356//7032
f 1356//7033 1351//7034 1370//7035
f 1370//7036 1362//7037 1356//7038
f 1371//7039 1370//7040 1367//7041
f 1370//7042 1351//7043 1367//7044
f 1344//7045 1350//7046 1358//7047
f 1358//7048 1347//7049 1344//7050
f 1358//7051 1350//7052 1356//7053
f 1345//7054 1339//7055 1328//7056
f 1339//7057 1327//7058 1328//7059
f 1328//7060 1337//7061 1345//7062
f 1345//7063 1337//7064 1342//7065
f 1347//7066 1345//7067 1344//7068
f 1342//7069 1344//7070 1345//7071
f 1318//7072 1328//7073 1327//7074
f 1320//7075 1316//7076 1314//7077
f 1303//7078 1314//7079 1316//7080
f 1314//7081 1318//7082 1327//7083
f 1314//7084 1327//7085 1320//7086
f 1300//7087 1303//7088 1316//7089
f 1300//7090 1316//7091 1311//7092
f 1300//7093 1311//7094 1302//7095
f 1292//7096 1300//7097 1302//7098
f 1302//7099 1296//7100 1288//7101
f 1288//7102 1292//7103 1302//7104
f 1278//7105 1290//7106 1283//7107
f 1283//7108 1281//7109 1278//7110
f 1278//7111 1282//7112 1290//7113
f 1296//7114 1290//7115 1288//7116
f 1282//7117 1288//7118 1290//7119
f 1267//7120 1271//7121 1281//7122
f 1281//7123 1275//7124 1267//7125
f 1267//7126 1275//7127 1268//7128
f 1271//7129 1278//7130 1281//7131
f 1265//7132 1256//7133 1254//7134
f 1265//7135 1254//7136 1258//7137
f 1258//7138 1268//7139 1265//7140
f 1268//7141 1258//7142 1263//7143
f 1263//7144 1267//7145 1268//7146
f 1252//7147 1245//7148 1248//7149
f 1252//7150 1246//7151 1245//7152
f 1256//7153 1252//7154 1254//7155
f 1248//7156 1254//7157 1252//7158
f 1234//7159 1237//7160 1242//7161
f 1234//7162 1242//7163 1219//7164
f 1245//7165 1246//7166 1244//7167
f 1240//7168 1245//7169 1244//7170
f 1244//7171 1242//7172 1240//7173
f 1242//7174 1237//7175 1240//7176
f 1225//7177 1233//7178 1228//7179
f 1219//7180 1233//7181 1234//7182
f 1230//7183 1234//7184 1233//7185
f 1233//7186 1225//7187 1230//7188
f 1213//7189 1216//7190 1222//7191
f 1213//7192 1222//7193 1214//7194
f 1214//7195 1212//7196 1213//7197
f 1211//7198 1213//7199 1212//7200
f 1212//7201 1208//7202 1211//7203
f 1204//7204 1211//7205 1208//7206
f 1228//7207 1222//7208 1225//7209
f 1216//7210 1225//7211 1222//7212
f 1199//7213 1204//7214 1208//7215
f 1199//7216 1208//7217 1206//7218
f 1190//7219 1192//7220 1198//7221
f 1190//7222 1198//7223 1193//7224
f 1193//7225 1189//7226 1190//7227
f 1199//7228 1206//7229 1203//7230
f 1203//7231 1201//7232 1199//7233
f 1196//7234 1199//7235 1201//7236
f 1201//7237 1198//7238 1196//7239
f 1198//7240 1192//7241 1196//7242
f 1179//7243 1174//7244 1180//7245
f 1185//7246 1174//7247 1179//7248
f 1179//7249 1181//7250 1185//7251
f 1181//7252 1189//7253 1185//7254
f 1181//7255 1182//7256 1189//7257
f 1182//7258 1190//7259 1189//7260
f 1156//7261 1131//7262 1162//7263
f 1162//7264 1131//7265 1165//7266
f 1165//7267 1167//7268 1162//7269
f 1170//7270 1179//7271 1180//7272
f 1170//7273 1180//7274 1171//7275
f 1171//7276 1165//7277 1170//7278
f 1165//7279 1171//7280 1167//7281
f 1156//7282 1162//7283 1160//7284
f 1156//7285 1160//7286 1153//7287
f 1153//7288 1150//7289 1156//7290
f 1150//7291 1153//7292 1147//7293
f 1144//7294 1150//7295 1147//7296
f 1144//7297 1147//7298 1141//7299
f 1141//7300 1139//7301 1144//7302
f 1127//7303 1129//7304 1135//7305
f 1135//7306 1133//7307 1127//7308
f 1139//7309 1141//7310 1137//7311
f 1137//7312 1135//7313 1139//7314
f 1135//7315 1137//7316 1133//7317
f 1129//7318 1127//7319 1124//7320
f 1124//7321 1123//7322 1129//7323
f 1123//7324 1124//7325 1116//7326
f 1116//7327 1115//7328 1123//7329
f 1179//7330 1170//7331 1131//7332
f 1131//7333 1129//7334 1123//7335
f 1131//7336 1135//7337 1129//7338
f 1144//7339 1139//7340 1131//7341
f 1139//7342 1135//7343 1131//7344
f 1150//7345 1144//7346 1131//7347
f 1156//7348 1150//7349 1131//7350
f 1192//7351 1190//7352 1200//7353
f 1190//7354 1182//7355 1131//7356
f 1182//7357 1181//7358 1131//7359
f 1131//7360 1181//7361 1179//7362
f 1200//7363 1196//7364 1192//7365
f 1204//7366 1199//7367 1200//7368
f 1199//7369 1196//7370 1200//7371
f 1200//7372 1213//7373 1211//7374
f 1200//7375 1237//7376 1216//7377
f 1216//7378 1213//7379 1200//7380
f 1237//7381 1234//7382 1230//7383
f 1230//7384 1225//7385 1237//7386
f 1237//7387 1225//7388 1216//7389
f 1245//7390 1240//7391 1237//7392
f 1254//7393 1248//7394 1237//7395
f 1237//7396 1248//7397 1245//7398
f 1258//7399 1254//7400 1237//7401
f 1263//7402 1258//7403 1237//7404
f 1237//7405 1282//7406 1263//7407
f 1282//7408 1267//7409 1263//7410
f 1271//7411 1267//7412 1282//7413
f 1278//7414 1271//7415 1282//7416
f 1282//7417 1292//7418 1288//7419
f 1282//7420 1260//7421 1292//7422
f 1260//7423 1300//7424 1292//7425
f 1260//7426 1318//7427 1314//7428
f 1314//7429 1303//7430 1260//7431
f 1303//7432 1300//7433 1260//7434
f 1260//7435 1337//7436 1328//7437
f 1328//7438 1318//7439 1260//7440
f 1356//7441 1350//7442 1351//7443
f 1337//7444 1351//7445 1350//7446
f 1350//7447 1344//7448 1337//7449
f 1344//7450 1342//7451 1337//7452
f 1351//7453 1383//7454 1377//7455
f 1260//7456 1540//7457 1351//7458
f 1237//7459 1200//7460 1260//7461
f 1260//7462 1282//7463 1237//7464
f 1131//7465 1123//7466 1115//7467
f 1170//7468 1165//7469 1131//7470
f 1131//7471 1200//7472 1190//7473
f 1131//7474 1260//7475 1200//7476
f 1260//7477 1351//7478 1337//7479
f 1351//7480 1377//7481 1367//7482
f 1211//7483 1204//7484 1200//7485
f 1131//7486 1115//7487 1106//7488
f 1106//7489 1235//7490 1131//7491
f 1000//7492 1071//7493 1062//7494
f 1075//7495 1071//7496 1000//7497
f 1090//7498 1086//7499 1000//7500
f 1093//7501 1090//7502 1000//7503
f 1099//7504 1093//7505 1000//7506
f 1103//7507 1099//7508 1000//7509
f 1000//7510 1106//7511 1103//7512
f 1112//7513 1109//7514 1106//7515
f 1000//7516 1023//7517 1235//7518
f 1000//7519 1235//7520 1106//7521
f 1235//7522 1023//7523 1322//7524
f 1383//7525 1351//7526 1540//7527
f 1540//7528 1665//7529 1654//7530
f 1686//7531 1685//7532 1691//7533
f 1691//7534 1685//7535 1682//7536
f 1540//7537 1654//7538 1620//7539
f 1654//7540 1634//7541 1620//7542
f 1654//7543 1650//7544 1634//7545
f 1654//7546 1658//7547 1655//7548
f 1658//7549 1654//7550 1671//7551
f 1671//7552 1660//7553 1658//7554
f 1671//7555 1664//7556 1660//7557
f 1669//7558 1664//7559 1671//7560
f 1671//7561 1675//7562 1673//7563
f 1675//7564 1671//7565 1691//7566
f 1691//7567 1677//7568 1675//7569
f 1682//7570 1680//7571 1691//7572
f 1680//7573 1678//7574 1691//7575
f 1691//7576 1678//7577 1677//7578
f 1654//7579 1665//7580 1671//7581
f 1691//7582 1671//7583 1665//7584
f 1574//7585 1665//7586 1595//7587
f 1131//7588 1235//7589 1261//7590
f 1540//7591 1595//7592 1665//7593
f 1305//7594 1393//7595 1260//7596
f 1322//7597 1574//7598 1305//7599
f 1336//7600 1322//7601 1305//7602
f 1261//7603 1305//7604 1131//7605
f 1260//7606 1131//7607 1305//7608
f 1540//7609 1260//7610 1393//7611
f 1322//7612 1023//7613 1462//7614
f 1574//7615 1322//7616 1462//7617
f 1462//7618 1652//7619 1574//7620
f 1652//7621 1672//7622 1574//7623
f 1665//7624 1574//7625 1672//7626
f 1251//7627 1235//7628 1322//7629
f 1322//7630 1332//7631 1251//7632
f 1332//7633 1322//7634 1336//7635
f 1336//7636 1335//7637 1332//7638
f 1336//7639 1294//7640 1335//7641
f 1294//7642 1336//7643 1305//7644
f 1294//7645 1305//7646 1261//7647
f 1235//7648 1251//7649 1261//7650
f 1595//7651 1540//7652 1526//7653
f 1574//7654 1595//7655 1526//7656
f 1526//7657 1393//7658 1574//7659
f 1305//7660 1574//7661 1393//7662
f 1393//7663 1526//7664 1540//7665
f 1393//7666 1526//7667 1534//7668
f 1520//7669 1534//7670 1526//7671
f 1410//7672 1520//7673 1526//7674
f 1526//7675 1393//7676 1410//7677
f 1397//7678 1410//7679 1393//7680
f 1395//7681 1397//7682 1393//7683
f 1534//7684 1395//7685 1393//7686
f 982//7687 909//7688 1023//7689
f 1023//7690 1000//7691 982//7692
f 1023//7693 1041//7694 1044//7695
f 1186//7696 1023//7697 1044//7698
f 1186//7699 1044//7700 1096//7701
f 1140//7702 1226//7703 1510//7704
f 1510//7705 1186//7706 1140//7707
f 1096//7708 1140//7709 1186//7710
f 1226//7711 1617//7712 1662//7713
f 1662//7714 1510//7715 1226//7716
f 1462//7717 1023//7718 1251//7719
f 1510//7720 1410//7721 1397//7722
f 1294//7723 1510//7724 1397//7725
f 1186//7726 1510//7727 1261//7728
f 1294//7729 1261//7730 1510//7731
f 1251//7732 1332//7733 1462//7734
f 1462//7735 1332//7736 1534//7737
f 1534//7738 1652//7739 1462//7740
f 1332//7741 1395//7742 1534//7743
f 1395//7744 1332//7745 1335//7746
f 1335//7747 1397//7748 1395//7749
f 1397//7750 1335//7751 1294//7752
f 1261//7753 1251//7754 1186//7755
f 1520//7756 1410//7757 1662//7758
f 1510//7759 1662//7760 1410//7761
f 1534//7762 1520//7763 1672//7764
f 1672//7765 1652//7766 1534//7767
f 1520//7768 1662//7769 1672//7770
f 1186//7771 1251//7772 1023//7773
f 1617//7774 1695//7775 1662//7776
f 1031//7777 1059//7778 1423//7779
f 1078//7780 1059//7781 1031//7782
f 1161//7783 1078//7784 1031//7785
f 1577//7786 1166//7787 1319//7788
f 1299//7789 1319//7790 1166//7791
f 1161//7792 1031//7793 1166//7794
f 1651//7795 1319//7796 1699//7797
f 1308//7798 1299//7799 1166//7800
f 1334//7801 1688//7802 1421//7803
f 1688//7804 1497//7805 1421//7806
f 1423//7807 1308//7808 1031//7809
f 1166//7810 1031//7811 1308//7812
f 1421//7813 1394//7814 1308//7815
f 1590//7816 1688//7817 1334//7818
f 1423//7819 1590//7820 1334//7821
f 1299//7822 1308//7823 1394//7824
f 1688//7825 1699//7826 1497//7827
f 1319//7828 1299//7829 1394//7830
f 1497//7831 1699//7832 1319//7833
f 1319//7834 1521//7835 1497//7836
f 1319//7837 1394//7838 1521//7839
f 1651//7840 1694//7841 1724//7842
f 1686//7843 1697//7844 1689//7845
f 1690//7846 1724//7847 1687//7848
f 1689//7849 1690//7850 1687//7851
f 1697//7852 1686//7853 1691//7854
f 1684//7855 1683//7856 1682//7857
f 1682//7858 1685//7859 1684//7860
f 1687//7861 1684//7862 1685//7863
f 1685//7864 1686//7865 1687//7866
f 1689//7867 1687//7868 1686//7869
f 1719//7870 1721//7871 1723//7872
f 1723//7873 1718//7874 1719//7875
f 1716//7876 1719//7877 1718//7878
f 1718//7879 1717//7880 1716//7881
f 1714//7882 1716//7883 1717//7884
f 1717//7885 1715//7886 1714//7887
f 1715//7888 1713//7889 1714//7890
f 1711//7891 1714//7892 1713//7893
f 1713//7894 1710//7895 1711//7896
f 1709//7897 1711//7898 1710//7899
f 1709//7900 1710//7901 1708//7902
f 1708//7903 1697//7904 1709//7905
f 1706//7906 1697//7907 1708//7908
f 1708//7909 1707//7910 1706//7911
f 1707//7912 1705//7913 1706//7914
f 1704//7915 1706//7916 1705//7917
f 1702//7918 1704//7919 1705//7920
f 1705//7921 1703//7922 1702//7923
f 1702//7924 1703//7925 1701//7926
f 1701//7927 1700//7928 1702//7929
f 1693//7930 1700//7931 1701//7932
f 1701//7933 1692//7934 1693//7935
f 1689//7936 1693//7937 1692//7938
f 1692//7939 1690//7940 1689//7941
f 1697//7942 1720//7943 1721//7944
f 1693//7945 1689//7946 1697//7947
f 1704//7948 1702//7949 1697//7950
f 1706//7951 1704//7952 1697//7953
f 1711//7954 1709//7955 1697//7956
f 1697//7957 1716//7958 1714//7959
f 1697//7960 1714//7961 1711//7962
f 1697//7963 1721//7964 1719//7965
f 1697//7966 1719//7967 1716//7968
f 1697//7969 1702//7970 1700//7971
f 1697//7972 1700//7973 1693//7974
f 1697//7975 1712//7976 1720//7977
f 1718//7978 1723//7979 1724//7980
f 1724//7981 1717//7982 1718//7983
f 1724//7984 1715//7985 1717//7986
f 1724//7987 1708//7988 1710//7989
f 1724//7990 1710//7991 1713//7992
f 1713//7993 1715//7994 1724//7995
f 1707//7996 1708//7997 1724//7998
f 1705//7999 1707//8000 1724//8001
f 1724//8002 1703//8003 1705//8004
f 1724//8005 1690//8006 1692//8007
f 1724//8008 1692//8009 1701//8010
f 1724//8011 1701//8012 1703//8013
f 1712//8014 1722//8015 1724//8016
f 1720//8017 1724//8018 1723//8019
f 1723//8020 1721//8021 1720//8022
f 1720//8023 1712//8024 1724//8025
f 1724//8026 1722//8027 1698//8028
f 1712//8029 1698//8030 1722//8031
f 1672//8032 1662//8033 1665//8034
f 1665//8035 1662//8036 1695//8037
f 1691//8038 1665//8039 1695//8040
f 1695//8041 1696//8042 1712//8043
f 1712//8044 1696//8045 1698//8046
f 1651//8047 1699//8048 1515//8049
f 1688//8050 1515//8051 1699//8052
f 1697//8053 1691//8054 1695//8055
f 1724//8056 1698//8057 1651//8058
f 1695//8059 1712//8060 1697//8061
f 1651//8062 1698//8063 1319//8064
f 1166//8065 1577//8066 1319//8067
f 1161//8068 1104//8069 1158//8070
f 1012//8071 899//8072 900//8073
f 900//8074 1013//8075 1012//8076
f 899//8077 898//8078 876//8079
f 876//8080 900//8081 899//8082
f 898//8083 880//8084 876//8085
f 657//8086 459//8087 732//8088
f 449//8089 459//8090 657//8091
f 379//8092 341//8093 342//8094
f 341//8095 388//8096 340//8097
f 340//8098 342//8099 341//8100
f 387//8101 409//8102 388//8103
f 409//8104 430//8105 388//8106
f 409//8107 499//8108 430//8109
f 409//8110 489//8111 499//8112
f 693//8113 642//8114 708//8115
f 897//8116 895//8117 896//8118
f 896//8119 892//8120 897//8121
f 895//8122 1010//8123 1011//8124
f 1011//8125 896//8126 895//8127
f 1041//8128 1011//8129 1010//8130
f 1140//8131 1220//8132 1226//8133
f 1013//8134 900//8135 944//8136
f 909//8137 896//8138 1011//8139
f 896//8140 909//8141 886//8142
f 388//8143 327//8144 340//8145
f 342//8146 340//8147 327//8148
f 327//8149 328//8150 342//8151
f 379//8152 342//8153 328//8154
f 944//8155 1059//8156 1013//8157
f 1013//8158 1059//8159 1078//8160
f 1041//8161 1023//8162 1011//8163
f 1011//8164 1023//8165 909//8166
f 880//8167 820//8168 783//8169
f 1158//8170 1104//8171 1161//8172
f 1161//8173 1166//8174 1158//8175
f 876//8176 944//8177 900//8178
f 708//8179 813//8180 642//8181
f 693//8182 708//8183 642//8184
f 388//8185 430//8186 450//8187
f 896//8188 886//8189 892//8190
f 1695//8191 1617//8192 1659//8193
f 435//8194 444//8195 443//8196
f 443//8197 444//8198 467//8199
f 467//8200 456//8201 443//8202
f 445//8203 443//8204 456//8205
f 456//8206 462//8207 485//8208
f 466//8209 505//8210 494//8211
f 494//8212 462//8213 466//8214
f 462//8215 494//8216 492//8217
f 502//8218 875//8219 505//8220
f 462//8221 492//8222 485//8223
f 953//8224 839//8225 888//8226
f 502//8227 504//8228 875//8229
f 916//8230 662//8231 936//8232
f 936//8233 981//8234 916//8235
f 1376//8236 1409//8237 1273//8238
f 1409//8239 1034//8240 1479//8241
f 923//8242 953//8243 888//8244
f 469//8245 491//8246 502//8247
f 502//8248 466//8249 469//8250
f 505//8251 466//8252 502//8253
f 966//8254 916//8255 981//8256
f 504//8257 888//8258 875//8259
f 1479//8260 1273//8261 1409//8262
f 1274//8263 1376//8264 1273//8265
f 1264//8266 1479//8267 1034//8268
f 1034//8269 948//8270 1264//8271
f 1264//8272 948//8273 967//8274
f 484//8275 456//8276 485//8277
f 1273//8278 966//8279 1045//8280
f 497//8281 484//8282 487//8283
f 662//8284 497//8285 508//8286
f 1045//8287 1274//8288 1273//8289
f 948//8290 953//8291 967//8292
f 360//8293 445//8294 456//8295
f 1045//8296 966//8297 981//8298
f 487//8299 508//8300 497//8301
f 485//8302 487//8303 484//8304
f 494//8305 505//8306 492//8307
f 875//8308 492//8309 505//8310
f 839//8311 875//8312 888//8313
f 981//8314 1274//8315 1045//8316
f 1034//8317 1409//8318 492//8319
f 948//8320 1034//8321 492//8322
f 953//8323 948//8324 492//8325
f 839//8326 953//8327 492//8328
f 875//8329 839//8330 492//8331
f 487//8332 485//8333 492//8334
f 508//8335 487//8336 492//8337
f 662//8338 508//8339 492//8340
f 936//8341 662//8342 492//8343
f 981//8344 936//8345 492//8346
f 1274//8347 981//8348 492//8349
f 1376//8350 1274//8351 492//8352
f 1409//8353 1376//8354 492//8355
f 443//8356 442//8357 447//8358
f 435//8359 443//8360 447//8361
f 360//8362 440//8363 447//8364
f 360//8365 456//8366 440//8367
f 445//8368 360//8369 447//8370
f 440//8371 456//8372 443//8373
f 443//8374 447//8375 440//8376
f 445//8377 447//8378 443//8379
f 442//8380 426//8381 403//8382
f 403//8383 402//8384 447//8385
f 403//8386 447//8387 442//8388
f 402//8389 401//8390 495//8391
f 423//8392 495//8393 401//8394
f 232//8395 231//8396 237//8397
f 270//8398 232//8399 237//8400
f 243//8401 270//8402 237//8403
f 411//8404 243//8405 237//8406
f 237//8407 396//8408 411//8409
f 396//8410 403//8411 411//8412
f 437//8413 423//8414 401//8415
f 267//8416 410//8417 401//8418
f 401//8419 246//8420 267//8421
f 246//8422 245//8423 267//8424
f 245//8425 238//8426 337//8427
f 495//8428 435//8429 402//8430
f 245//8431 337//8432 267//8433
f 402//8434 435//8435 447//8436
f 231//8437 238//8438 245//8439
f 245//8440 244//8441 231//8442
f 244//8443 237//8444 231//8445
f 426//8446 411//8447 403//8448
f 410//8449 437//8450 401//8451
f 402//8452 389//8453 401//8454
f 390//8455 389//8456 402//8457
f 402//8458 403//8459 390//8460
f 396//8461 384//8462 403//8463
f 241//8464 384//8465 396//8466
f 396//8467 237//8468 241//8469
f 244//8470 236//8471 237//8472
f 235//8473 236//8474 244//8475
f 244//8476 245//8477 235//8478
f 246//8479 240//8480 245//8481
f 383//8482 240//8483 246//8484
f 246//8485 401//8486 383//8487
f 393//8488 401//8489 389//8490
f 229//8491 230//8492 236//8493
f 236//8494 235//8495 229//8496
f 235//8497 245//8498 229//8499
f 394//8500 393//8501 389//8502
f 389//8503 390//8504 394//8505
f 390//8506 403//8507 394//8508
f 237//8509 236//8510 230//8511
f 233//8512 229//8513 245//8514
f 393//8515 391//8516 401//8517
f 230//8518 234//8519 237//8520
f 233//8521 245//8522 240//8523
f 391//8524 233//8525 240//8526
f 240//8527 383//8528 391//8529
f 383//8530 401//8531 391//8532
f 392//8533 394//8534 403//8535
f 392//8536 403//8537 384//8538
f 234//8539 392//8540 384//8541
f 384//8542 241//8543 234//8544
f 241//8545 237//8546 234//8547
f 229//8548 233//8549 156//8550
f 331//8551 156//8552 233//8553
f 233//8554 391//8555 331//8556
f 333//8557 331//8558 391//8559
f 391//8560 393//8561 333//8562
f 334//8563 333//8564 393//8565
f 393//8566 394//8567 334//8568
f 332//8569 334//8570 394//8571
f 394//8572 392//8573 332//8574
f 158//8575 332//8576 392//8577
f 392//8578 234//8579 158//8580
f 172//8581 158//8582 234//8583
f 234//8584 230//8585 172//8586
f 156//8587 172//8588 230//8589
f 230//8590 229//8591 156//8592
f 387//8593 388//8594 341//8595
f 341//8596 379//8597 387//8598
f 898//8599 899//8600 1012//8601
f 1012//8602 1013//8603 898//8604
f 1010//8605 895//8606 897//8607
f 493//8608 379//8609 496//8610
f 379//8611 493//8612 476//8613
f 476//8614 387//8615 379//8616
f 387//8617 476//8618 475//8619
f 475//8620 409//8621 387//8622
f 1041//8623 1010//8624 897//8625
f 468//8626 489//8627 409//8628
f 657//8629 954//8630 496//8631
f 642//8632 499//8633 949//8634
f 898//8635 1161//8636 1158//8637
f 1696//8638 1158//8639 1166//8640
f 409//8641 475//8642 473//8643
f 473//8644 468//8645 409//8646
f 963//8647 898//8648 1696//8649
f 898//8650 963//8651 954//8652
f 1696//8653 898//8654 1158//8655
f 955//8656 1096//8657 1044//8658
f 949//8659 955//8660 1041//8661
f 955//8662 1044//8663 1041//8664
f 1659//8665 1617//8666 955//8667
f 955//8668 957//8669 1659//8670
f 1695//8671 1659//8672 957//8673
f 957//8674 959//8675 1695//8676
f 1696//8677 1695//8678 959//8679
f 959//8680 963//8681 1696//8682
f 708//8683 642//8684 949//8685
f 1140//8686 1096//8687 955//8688
f 1220//8689 1140//8690 955//8691
f 1226//8692 1220//8693 955//8694
f 1161//8695 898//8696 1013//8697
f 1698//8698 1696//8699 1166//8700
f 897//8701 949//8702 1041//8703
f 949//8704 897//8705 892//8706
f 949//8707 892//8708 813//8709
f 880//8710 898//8711 954//8712
f 955//8713 1617//8714 1226//8715
f 379//8716 449//8717 496//8718
f 1319//8719 1698//8720 1166//8721
f 449//8722 657//8723 496//8724
f 820//8725 880//8726 954//8727
f 1078//8728 1161//8729 1013//8730
f 954//8731 657//8732 732//8733
f 732//8734 820//8735 954//8736
f 813//8737 708//8738 949//8739
f 474//8740 468//8741 473//8742
f 473//8743 475//8744 474//8745
f 475//8746 493//8747 474//8748
f 493//8749 475//8750 476//8751
f 958//8752 963//8753 959//8754
f 958//8755 959//8756 957//8757
f 957//8758 951//8759 958//8760
f 951//8761 955//8762 949//8763
f 951//8764 957//8765 955//8766
f 499//8767 489//8768 949//8769
f 970//8770 972//8771 963//8772
f 963//8773 958//8774 970//8775
f 969//8776 970//8777 958//8778
f 958//8779 951//8780 969//8781
f 949//8782 969//8783 951//8784
f 890//8785 969//8786 949//8787
f 452//8788 890//8789 949//8790
f 949//8791 489//8792 452//8793
f 453//8794 452//8795 468//8796
f 468//8797 474//8798 453//8799
f 465//8800 453//8801 474//8802
f 474//8803 493//8804 465//8805
f 891//8806 465//8807 496//8808
f 496//8809 954//8810 891//8811
f 972//8812 891//8813 954//8814
f 496//8815 465//8816 493//8817
f 971//8818 965//8819 972//8820
f 965//8821 971//8822 968//8823
f 463//8824 451//8825 454//8826
f 968//8827 964//8828 965//8829
f 964//8830 463//8831 965//8832
f 464//8833 965//8834 463//8835
f 454//8836 464//8837 463//8838
f 970//8839 969//8840 968//8841
f 968//8842 971//8843 970//8844
f 971//8845 972//8846 970//8847
f 964//8848 968//8849 969//8850
f 890//8851 452//8852 463//8853
f 890//8854 463//8855 964//8856
f 964//8857 969//8858 890//8859
f 451//8860 463//8861 452//8862
f 453//8863 465//8864 454//8865
f 453//8866 454//8867 451//8868
f 451//8869 452//8870 453//8871
f 464//8872 454//8873 465//8874
f 891//8875 972//8876 965//8877
f 965//8878 464//8879 891//8880
f 464//8881 465//8882 891//8883
f 489//8884 468//8885 452//8886
f 972//8887 954//8888 963//8889
f 332//8890 158//8891 288//8892
f 334//8893 332//8894 288//8895
f 302//8896 287//8897 286//8898
f 288//8899 331//8900 286//8901
f 302//8902 286//8903 285//8904
f 285//8905 300//8906 302//8907
f 308//8908 299//8909 331//8910
f 288//8911 286//8912 287//8913
f 300//8914 308//8915 302//8916
f 331//8917 333//8918 308//8919
f 288//8920 302//8921 334//8922
f 333//8923 334//8924 302//8925
f 308//8926 333//8927 302//8928
f 276//8929 286//8930 331//8931
f 286//8932 276//8933 285//8934
f 156//8935 331//8936 117//8937
f 172//8938 156//8939 117//8940
f 331//8941 299//8942 276//8943
f 158//8944 172//8945 288//8946
f 132//8947 228//8948 288//8949
f 288//8950 172//8951 132//8952
f 227//8953 131//8954 117//8955
f 117//8956 331//8957 227//8958
f 254//8959 285//8960 276//8961
f 299//8962 308//8963 279//8964
f 308//8965 300//8966 290//8967
f 128//8968 145//8969 302//8970
f 302//8971 286//8972 128//8973
f 90//8974 128//8975 286//8976
f 286//8977 302//8978 145//8979
f 145//8980 90//8981 286//8982
f 90//8983 145//8984 128//8985
f 302//8986 288//8987 129//8988
f 287//8989 129//8990 288//8991
f 287//8992 302//8993 143//8994
f 302//8995 129//8996 143//8997
f 129//8998 287//8999 143//9000
f 285//9001 278//9002 300//9003
f 299//9004 279//9005 264//9006
f 247//9007 264//9008 279//9009
f 176//9010 162//9011 278//9012
f 211//9013 247//9014 168//9015
f 162//9016 168//9017 278//9018
f 279//9019 264//9020 247//9021
f 290//9022 278//9023 168//9024
f 168//9025 294//9026 290//9027
f 242//9028 239//9029 176//9030
f 168//9031 247//9032 294//9033
f 278//9034 242//9035 176//9036
f 211//9037 176//9038 239//9039
f 247//9040 308//9041 294//9042
f 211//9043 279//9044 247//9045
f 264//9046 211//9047 239//9048
f 242//9049 254//9050 248//9051
f 248//9052 239//9053 242//9054
f 269//9055 242//9056 290//9057
f 290//9058 242//9059 278//9060
f 151//9061 176//9062 211//9063
f 211//9064 168//9065 173//9066
f 159//9067 211//9068 173//9069
f 159//9070 163//9071 211//9072
f 163//9073 150//9074 211//9075
f 150//9076 151//9077 211//9078
f 209//9079 226//9080 288//9081
f 331//9082 288//9083 226//9084
f 226//9085 225//9086 331//9087
f 225//9088 212//9089 331//9090
f 212//9091 227//9092 331//9093
f 117//9094 131//9095 127//9096
f 288//9097 228//9098 210//9099
f 117//9100 127//9101 140//9102
f 172//9103 117//9104 140//9105
f 140//9106 141//9107 172//9108
f 141//9109 99//9110 172//9111
f 131//9112 227//9113 219//9114
f 219//9115 147//9116 131//9117
f 147//9118 127//9119 131//9120
f 288//9121 210//9122 209//9123
f 228//9124 132//9125 148//9126
f 148//9127 220//9128 228//9129
f 220//9130 210//9131 228//9132
f 99//9133 132//9134 172//9135
f 140//9136 127//9137 112//9138
f 112//9139 124//9140 140//9141
f 127//9142 107//9143 112//9144
f 112//9145 107//9146 106//9147
f 106//9148 107//9149 101//9150
f 101//9151 105//9152 106//9153
f 112//9154 106//9155 105//9156
f 105//9157 111//9158 112//9159
f 124//9160 112//9161 111//9162
f 124//9163 111//9164 123//9165
f 144//9166 139//9167 127//9168
f 147//9169 144//9170 127//9171
f 147//9172 219//9173 208//9174
f 185//9175 180//9176 136//9177
f 136//9178 127//9179 185//9180
f 127//9181 139//9182 185//9183
f 196//9184 185//9185 139//9186
f 139//9187 144//9188 196//9189
f 208//9190 196//9191 144//9192
f 144//9193 147//9194 208//9195
f 227//9196 208//9197 219//9198
f 180//9199 185//9200 227//9201
f 185//9202 196//9203 227//9204
f 227//9205 196//9206 208//9207
f 223//9208 218//9209 212//9210
f 212//9211 225//9212 223//9213
f 218//9214 217//9215 213//9216
f 216//9217 214//9218 213//9219
f 213//9220 217//9221 216//9222
f 221//9223 216//9224 217//9225
f 217//9226 218//9227 221//9228
f 218//9229 223//9230 221//9231
f 224//9232 221//9233 223//9234
f 215//9235 222//9236 209//9237
f 197//9238 210//9239 200//9240
f 209//9241 210//9242 197//9243
f 220//9244 148//9245 146//9246
f 146//9247 210//9248 220//9249
f 137//9250 197//9251 138//9252
f 197//9253 200//9254 138//9255
f 142//9256 138//9257 200//9258
f 146//9259 142//9260 200//9261
f 200//9262 210//9263 146//9264
f 132//9265 137//9266 138//9267
f 138//9268 142//9269 132//9270
f 142//9271 146//9272 132//9273
f 132//9274 146//9275 148//9276
f 105//9277 123//9278 111//9279
f 114//9280 113//9281 105//9282
f 105//9283 101//9284 114//9285
f 123//9286 105//9287 89//9288
f 89//9289 105//9290 113//9291
f 113//9292 102//9293 89//9294
f 102//9295 109//9296 91//9297
f 91//9298 89//9299 102//9300
f 102//9301 113//9302 109//9303
f 115//9304 109//9305 113//9306
f 115//9307 113//9308 114//9309
f 122//9310 118//9311 119//9312
f 119//9313 108//9314 125//9315
f 121//9316 125//9317 103//9318
f 95//9319 92//9320 121//9321
f 93//9322 91//9323 109//9324
f 109//9325 121//9326 93//9327
f 119//9328 130//9329 122//9330
f 92//9331 93//9332 121//9333
f 121//9334 109//9335 115//9336
f 119//9337 125//9338 130//9339
f 125//9340 134//9341 130//9342
f 130//9343 134//9344 182//9345
f 182//9346 175//9347 130//9348
f 122//9349 130//9350 175//9351
f 122//9352 175//9353 166//9354
f 118//9355 122//9356 26//9357
f 26//9358 25//9359 118//9360
f 24//9361 119//9362 118//9363
f 118//9364 25//9365 24//9366
f 22//9367 21//9368 108//9369
f 108//9370 119//9371 22//9372
f 24//9373 22//9374 119//9375
f 125//9376 108//9377 21//9378
f 21//9379 20//9380 125//9381
f 103//9382 125//9383 20//9384
f 20//9385 19//9386 103//9387
f 103//9388 19//9389 18//9390
f 18//9391 121//9392 103//9393
f 18//9394 16//9395 121//9396
f 95//9397 16//9398 14//9399
f 95//9400 121//9401 16//9402
f 14//9403 92//9404 95//9405
f 14//9406 12//9407 92//9408
f 93//9409 92//9410 12//9411
f 12//9412 10//9413 93//9414
f 93//9415 10//9416 8//9417
f 8//9418 91//9419 93//9420
f 125//9421 121//9422 127//9423
f 107//9424 114//9425 101//9426
f 107//9427 127//9428 121//9429
f 121//9430 115//9431 107//9432
f 115//9433 114//9434 107//9435
f 212//9436 218//9437 213//9438
f 206//9439 203//9440 212//9441
f 212//9442 207//9443 206//9444
f 207//9445 212//9446 213//9447
f 213//9448 214//9449 207//9450
f 203//9451 201//9452 212//9453
f 227//9454 212//9455 201//9456
f 201//9457 187//9458 227//9459
f 134//9460 125//9461 127//9462
f 127//9463 136//9464 134//9465
f 182//9466 134//9467 136//9468
f 136//9469 180//9470 182//9471
f 187//9472 182//9473 180//9474
f 180//9475 227//9476 187//9477
f 206//9478 198//9479 203//9480
f 203//9481 198//9482 191//9483
f 191//9484 188//9485 203//9486
f 195//9487 183//9488 203//9489
f 201//9490 203//9491 183//9492
f 183//9493 178//9494 201//9495
f 187//9496 201//9497 174//9498
f 187//9499 166//9500 175//9501
f 187//9502 174//9503 170//9504
f 175//9505 182//9506 187//9507
f 33//9508 26//9509 122//9510
f 122//9511 166//9512 33//9513
f 216//9514 207//9515 214//9516
f 224//9517 216//9518 221//9519
f 224//9520 153//9521 216//9522
f 33//9523 19//9524 26//9525
f 188//9526 191//9527 55//9528
f 55//9529 53//9530 188//9531
f 51//9532 203//9533 188//9534
f 188//9535 53//9536 51//9537
f 31//9538 49//9539 195//9540
f 51//9541 31//9542 195//9543
f 195//9544 203//9545 51//9546
f 183//9547 195//9548 49//9549
f 49//9550 47//9551 183//9552
f 178//9553 183//9554 47//9555
f 47//9556 45//9557 178//9558
f 178//9559 45//9560 43//9561
f 43//9562 201//9563 178//9564
f 201//9565 43//9566 41//9567
f 41//9568 174//9569 201//9570
f 174//9571 41//9572 39//9573
f 39//9574 170//9575 174//9576
f 39//9577 37//9578 170//9579
f 187//9580 170//9581 37//9582
f 37//9583 35//9584 187//9585
f 35//9586 33//9587 166//9588
f 166//9589 187//9590 35//9591
f 192//9592 191//9593 198//9594
f 198//9595 199//9596 192//9597
f 198//9598 206//9599 199//9600
f 207//9601 199//9602 206//9603
f 153//9604 192//9605 199//9606
f 153//9607 207//9608 216//9609
f 199//9610 207//9611 153//9612
f 61//9613 62//9614 56//9615
f 59//9616 215//9617 204//9618
f 204//9619 62//9620 59//9621
f 204//9622 205//9623 193//9624
f 55//9625 191//9626 192//9627
f 55//9628 61//9629 56//9630
f 153//9631 61//9632 55//9633
f 55//9634 192//9635 153//9636
f 193//9637 56//9638 62//9639
f 62//9640 204//9641 193//9642
f 35//9643 45//9644 33//9645
f 37//9646 39//9647 45//9648
f 35//9649 37//9650 45//9651
f 41//9652 43//9653 45//9654
f 39//9655 41//9656 45//9657
f 47//9658 49//9659 45//9660
f 31//9661 45//9662 49//9663
f 51//9664 53//9665 31//9666
f 31//9667 53//9668 55//9669
f 177//9670 186//9671 169//9672
f 205//9673 189//9674 190//9675
f 194//9676 193//9677 205//9678
f 186//9679 171//9680 167//9681
f 179//9682 171//9683 186//9684
f 184//9685 189//9686 205//9687
f 186//9688 177//9689 202//9690
f 190//9691 194//9692 205//9693
f 205//9694 202//9695 184//9696
f 186//9697 181//9698 179//9699
f 4//9700 45//9701 31//9702
f 32//9703 31//9704 55//9705
f 55//9706 56//9707 32//9708
f 186//9709 167//9710 34//9711
f 34//9712 36//9713 186//9714
f 38//9715 169//9716 186//9717
f 186//9718 36//9719 38//9720
f 40//9721 42//9722 177//9723
f 177//9724 169//9725 40//9726
f 38//9727 40//9728 169//9729
f 42//9730 202//9731 177//9732
f 42//9733 44//9734 202//9735
f 44//9736 46//9737 202//9738
f 184//9739 202//9740 46//9741
f 184//9742 46//9743 48//9744
f 48//9745 5//9746 189//9747
f 189//9748 184//9749 48//9750
f 189//9751 5//9752 50//9753
f 50//9754 190//9755 189//9756
f 50//9757 52//9758 190//9759
f 194//9760 190//9761 52//9762
f 52//9763 54//9764 194//9765
f 194//9766 54//9767 56//9768
f 56//9769 193//9770 194//9771
f 179//9772 181//9773 135//9774
f 135//9775 133//9776 179//9777
f 171//9778 179//9779 133//9780
f 133//9781 126//9782 171//9783
f 167//9784 171//9785 126//9786
f 126//9787 120//9788 167//9789
f 132//9790 99//9791 116//9792
f 99//9793 88//9794 116//9795
f 116//9796 104//9797 132//9798
f 202//9799 205//9800 209//9801
f 209//9802 204//9803 215//9804
f 205//9805 204//9806 209//9807
f 209//9808 197//9809 202//9810
f 186//9811 202//9812 197//9813
f 181//9814 186//9815 197//9816
f 197//9817 137//9818 181//9819
f 135//9820 181//9821 137//9822
f 104//9823 135//9824 137//9825
f 137//9826 132//9827 104//9828
f 96//9829 116//9830 98//9831
f 88//9832 98//9833 116//9834
f 116//9835 96//9836 100//9837
f 96//9838 94//9839 100//9840
f 110//9841 100//9842 97//9843
f 126//9844 104//9845 120//9846
f 126//9847 133//9848 104//9849
f 100//9850 110//9851 116//9852
f 104//9853 133//9854 135//9855
f 116//9856 110//9857 104//9858
f 27//9859 34//9860 167//9861
f 167//9862 120//9863 27//9864
f 32//9865 56//9866 54//9867
f 52//9868 50//9869 54//9870
f 50//9871 5//9872 54//9873
f 48//9874 46//9875 5//9876
f 46//9877 44//9878 5//9879
f 36//9880 5//9881 44//9882
f 44//9883 42//9884 36//9885
f 42//9886 40//9887 36//9888
f 40//9889 38//9890 36//9891
f 34//9892 30//9893 36//9894
f 31//9895 32//9896 5//9897
f 5//9898 4//9899 31//9900
f 94//9901 96//9902 9//9903
f 9//9904 11//9905 94//9906
f 13//9907 100//9908 94//9909
f 94//9910 11//9911 13//9912
f 15//9913 17//9914 97//9915
f 97//9916 100//9917 15//9918
f 13//9919 15//9920 100//9921
f 17//9922 110//9923 97//9924
f 17//9925 3//9926 110//9927
f 104//9928 110//9929 3//9930
f 3//9931 120//9932 104//9933
f 120//9934 3//9935 27//9936
f 7//9937 30//9938 34//9939
f 34//9940 27//9941 7//9942
f 36//9943 30//9944 6//9945
f 6//9946 5//9947 36//9948
f 32//9949 54//9950 5//9951
f 6//9952 4//9953 5//9954
f 30//9955 7//9956 3//9957
f 3//9958 6//9959 30//9960
f 6//9961 3//9962 2//9963
f 2//9964 4//9965 6//9966
f 3//9967 1//9968 2//9969
f 19//9970 45//9971 4//9972
f 1//9973 4//9974 2//9975
f 4//9976 1//9977 19//9978
f 45//9979 19//9980 33//9981
f 3//9982 10//9983 19//9984
f 19//9985 1//9986 3//9987
f 7//9988 27//9989 3//9990
f 17//9991 15//9992 3//9993
f 15//9994 13//9995 3//9996
f 13//9997 11//9998 3//9999
f 3//10000 11//10001 9//10002
f 10//10003 3//10004 9//10005
f 9//10006 8//10007 10//10008
f 12//10009 14//10010 19//10011
f 10//10012 12//10013 19//10014
f 16//10015 18//10016 19//10017
f 14//10018 16//10019 19//10020
f 20//10021 21//10022 19//10023
f 21//10024 22//10025 19//10026
f 22//10027 24//10028 19//10029
f 24//10030 25//10031 19//10032
f 19//10033 25//10034 26//10035
f 88//10036 28//10037 9//10038
f 9//10039 96//10040 98//10041
f 98//10042 88//10043 9//10044
f 9//10045 28//10046 23//10047
f 23//10048 8//10049 9//10050
f 8//10051 23//10052 89//10053
f 89//10054 91//10055 8//10056
f 123//10057 141//10058 140//10059
f 140//10060 124//10061 123//10062
f 88//10063 99//10064 141//10065
f 141//10066 123//10067 88//10068
f 88//10069 123//10070 89//10071
f 88//10072 89//10073 64//10074
f 64//10075 60//10076 88//10077
f 60//10078 28//10079 88//10080
f 28//10081 60//10082 23//10083
f 89//10084 23//10085 64//10086
f 23//10087 29//10088 64//10089
f 58//10090 64//10091 29//10092
f 64//10093 29//10094 60//10095
f 23//10096 60//10097 29//10098
f 64//10099 58//10100 29//10101
f 222//10102 225//10103 226//10104
f 226//10105 209//10106 222//10107
f 225//10108 222//10109 224//10110
f 224//10111 223//10112 225//10113
f 222//10114 215//10115 224//10116
f 215//10117 153//10118 224//10119
f 153//10120 215//10121 66//10122
f 57//10123 63//10124 66//10125
f 57//10126 66//10127 59//10128
f 59//10129 66//10130 215//10131
f 59//10132 62//10133 57//10134
f 62//10135 61//10136 57//10137
f 61//10138 63//10139 57//10140
f 66//10141 61//10142 153//10143
f 63//10144 61//10145 66//10146
f 61//10147 65//10148 63//10149
f 65//10150 61//10151 63//10152
f 151//10153 150//10154 154//10155
f 168//10156 86//10157 173//10158
f 161//10159 168//10160 162//10161
f 176//10162 151//10163 152//10164
f 160//10165 162//10166 176//10167
f 73//10168 70//10169 151//10170
f 73//10171 151//10172 70//10173
f 151//10174 154//10175 71//10176
f 163//10177 81//10178 68//10179
f 173//10180 164//10181 84//10182
f 164//10183 173//10184 84//10185
f 176//10186 78//10187 79//10188
f 79//10189 78//10190 176//10191
f 149//10192 76//10193 152//10194
f 149//10195 152//10196 76//10197
f 86//10198 168//10199 75//10200
f 87//10201 75//10202 168//10203
f 87//10204 168//10205 75//10206
f 75//10207 168//10208 165//10209
f 165//10210 168//10211 75//10212
f 85//10213 83//10214 168//10215
f 83//10216 85//10217 168//10218
f 160//10219 80//10220 157//10221
f 155//10222 163//10223 82//10224
f 82//10225 163//10226 155//10227
f 163//10228 82//10229 68//10230
f 76//10231 152//10232 151//10233
f 74//10234 151//10235 69//10236
f 71//10237 154//10238 150//10239
f 82//10240 163//10241 159//10242
f 83//10243 168//10244 161//10245
f 80//10246 160//10247 176//10248
f 76//10249 176//10250 152//10251
f 176//10252 76//10253 78//10254
f 76//10255 67//10256 78//10257
f 176//10258 78//10259 67//10260
f 176//10261 67//10262 80//10263
f 157//10264 162//10265 160//10266
f 157//10267 161//10268 162//10269
f 161//10270 157//10271 83//10272
f 168//10273 83//10274 75//10275
f 173//10276 86//10277 84//10278
f 173//10279 84//10280 82//10281
f 82//10282 159//10283 173//10284
f 68//10285 77//10286 163//10287
f 163//10288 68//10289 81//10290
f 77//10291 150//10292 163//10293
f 150//10294 77//10295 71//10296
f 70//10297 69//10298 151//10299
f 151//10300 71//10301 70//10302
f 72//10303 69//10304 70//10305
f 69//10306 72//10307 74//10308
f 151//10309 74//10310 76//10311
f 80//10312 67//10313 157//10314
f 74//10315 72//10316 76//10317
f 77//10318 68//10319 157//10320
f 71//10321 77//10322 157//10323
f 70//10324 71//10325 157//10326
f 72//10327 70//10328 157//10329
f 76//10330 72//10331 157//10332
f 67//10333 76//10334 157//10335
f 75//10336 83//10337 157//10338
f 86//10339 75//10340 157//10341
f 84//10342 86//10343 157//10344
f 82//10345 84//10346 157//10347
f 157//10348 68//10349 82//10350
f 239//10351 248//10352 264//10353
f 254//10354 276//10355 248//10356
f 290//10357 278//10358 269//10359
f 278//10360 242//10361 269//10362
f 285//10363 242//10364 278//10365
f 294//10366 308//10367 290//10368
f 299//10369 264//10370 248//10371
f 247//10372 279//10373 308//10374
f 247//10375 279//10376 308//10377
f 290//10378 308//10379 294//10380
f 290//10381 300//10382 308//10383
f 290//10384 295//10385 300//10386
f 300//10387 295//10388 290//10389
f 290//10390 295//10391 300//10392
f 300//10393 295//10394 290//10395
f 278//10396 295//10397 300//10398
f 290//10399 295//10400 278//10401
f 295//10402 290//10403 282//10404
f 282//10405 269//10406 278//10407
f 279//10408 247//10409 308//10410
f 279//10411 308//10412 293//10413
f 279//10414 247//10415 293//10416
f 293//10417 247//10418 279//10419
f 264//10420 279//10421 281//10422
f 299//10423 264//10424 281//10425
f 268//10426 276//10427 299//10428
f 268//10429 248//10430 276//10431
f 285//10432 254//10433 242//10434
f 303//10435 294//10436 308//10437
f 293//10438 303//10439 308//10440
f 264//10441 299//10442 275//10443
f 268//10444 275//10445 248//10446
f 258//10447 268//10448 248//10449
f 242//10450 258//10451 254//10452
f 242//10453 278//10454 282//10455
f 308//10456 279//10457 293//10458
f 299//10459 248//10460 275//10461
f 248//10462 254//10463 258//10464
f 290//10465 300//10466 282//10467
f 300//10468 290//10469 282//10470
f 295//10471 282//10472 290//10473
f 295//10474 290//10475 294//10476
f 294//10477 308//10478 295//10479
f 281//10480 293//10481 279//10482
f 281//10483 279//10484 211//10485
f 281//10486 211//10487 264//10488
f 264//10489 275//10490 281//10491
f 279//10492 293//10493 281//10494
f 293//10495 308//10496 303//10497
f 294//10498 303//10499 308//10500
f 308//10501 300//10502 295//10503
f 268//10504 258//10505 248//10506
f 275//10507 268//10508 299//10509
f 299//10510 281//10511 275//10512
f 278//10513 242//10514 282//10515
f 254//10516 248//10517 258//10518
f 242//10519 254//10520 258//10521
f 278//10522 269//10523 282//10524
