# decimated from Yaskawa CAD (ROS-Industrial motoman, BSD-3-Clause)
v -0.137995 0.026583 0.044093
v -0.137054 0.032000 0.048498
v -0.133912 0.032416 0.045816
v -0.133135 0.026698 0.094852
v -0.131195 0.030681 0.090761
v -0.133122 0.032500 0.087704
v -0.132075 0.032422 0.046472
v -0.132123 0.032500 0.048066
v -0.131991 0.028800 0.043839
v -0.131988 0.029348 0.043875
v -0.131978 0.029887 0.043981
v -0.131116 0.006356 0.039042
v -0.131963 0.030407 0.044157
v -0.131942 0.030900 0.044399
v -0.131915 0.031357 0.044703
v -0.131606 -0.031555 0.044331
v -0.131884 0.031770 0.045064
v -0.131848 -0.032132 0.045476
v -0.131848 0.032132 0.045476
v -0.131808 -0.032437 0.045931
v -0.135384 -0.031632 0.046994
v -0.131765 0.032680 0.046422
v -0.133626 0.004020 0.042460
v -0.131720 -0.032857 0.046940
v -0.131720 0.032857 0.046940
v -0.131673 -0.032964 0.047477
v -0.131673 0.032964 0.047477
v -0.131625 -0.033000 0.048023
v -0.131625 0.033000 0.048023
v -0.132481 0.012578 0.041746
v -0.126857 0.016891 0.040756
v -0.128689 0.032500 0.087316
v -0.128216 -0.030165 0.090962
v -0.128366 0.028800 0.091002
v -0.132173 -0.033721 0.080820
v -0.128191 0.033000 0.087273
v -0.128143 -0.032964 0.087819
v -0.128438 0.032623 0.088230
v -0.128096 -0.032857 0.088356
v -0.128096 0.032857 0.088356
v -0.128051 -0.032680 0.088874
v -0.128051 0.032680 0.088874
v -0.128008 -0.032437 0.089365
v -0.128008 0.032437 0.089365
v -0.127968 -0.032132 0.089820
v -0.127968 0.032132 0.089820
v -0.131798 -0.030889 0.090218
v -0.127932 0.031770 0.090231
v -0.127900 -0.031357 0.090592
v -0.127900 0.031357 0.090592
v -0.127874 -0.030900 0.090896
v -0.127853 0.030407 0.091138
v -0.127837 -0.029887 0.091314
v -0.127837 0.029887 0.091314
v -0.127828 -0.029348 0.091421
v -0.128135 0.029368 0.091216
v -0.127825 -0.028800 0.091457
v -0.127825 0.028800 0.091457
v -0.127309 0.010222 0.097012
v -0.126129 0.011335 0.040416
v -0.126207 0.016793 0.091299
v -0.120843 0.008512 0.096966
v -0.121204 0.011409 0.093594
v -0.123905 0.011521 0.036996
v -0.120113 0.007803 0.039422
v -0.125605 0.005309 0.092169
v -0.116181 -0.016423 0.116056
v -0.115858 -0.033612 0.116587
v -0.109109 -0.025496 0.107521
v -0.116545 -0.028052 0.109585
v -0.116249 -0.029587 0.110270
v -0.116416 -0.020262 0.110391
v -0.114404 0.008539 0.094659
v -0.116574 -0.024811 0.108956
v -0.111421 -0.028398 0.107844
v -0.115675 -0.022571 0.109122
v -0.114968 -0.020708 0.125028
v -0.115381 -0.020670 0.109730
v -0.112973 -0.033250 0.112734
v -0.115231 -0.029199 0.125268
v -0.115139 -0.016396 0.115870
v -0.112208 -0.034434 0.115825
v -0.115472 -0.033290 0.120151
v -0.115262 -0.017635 0.122101
v -0.114125 -0.018905 0.124022
v -0.106862 -0.030005 0.124656
v -0.113079 -0.022342 0.126445
v -0.112326 0.004595 0.041339
v -0.111389 -0.000640 0.107790
v -0.110680 -0.029764 0.042036
v -0.110615 0.029366 0.041999
v -0.110426 0.029028 0.041916
v -0.110548 0.031344 0.042824
v -0.113330 0.018977 0.042470
v -0.110520 0.002793 0.039702
v -0.110519 0.031769 0.043183
v -0.110510 0.002924 0.041937
v -0.110509 -0.028500 0.039517
v -0.110508 0.002971 0.039507
v -0.110500 -0.029195 0.039928
v -0.110470 0.030865 0.042493
v -0.110452 -0.028769 0.041907
v -0.110442 0.032459 0.044084
v -0.110406 0.002791 0.039338
v -0.110404 -0.029083 0.039336
v -0.110384 0.003050 0.041828
v -0.110350 0.002793 0.041644
v -0.110345 -0.028789 0.041697
v -0.110334 -0.032737 0.044663
v -0.110313 0.030073 0.042140
v -0.110248 0.029258 0.039609
v -0.110304 0.032766 0.044767
v -0.110301 -0.032970 0.045589
v -0.110300 0.032970 0.045589
v -0.110268 -0.031136 0.042649
v -0.110281 0.034584 0.042560
v -0.110256 0.033000 0.046153
v -0.110253 -0.033000 0.046151
v -0.110216 -0.028524 0.039183
v -0.110199 0.003071 0.039173
v -0.110181 0.032141 0.043591
v -0.110163 -0.032289 0.043797
v -0.110141 0.033020 0.046144
v -0.110074 -0.035255 0.044538
v -0.110130 0.008876 0.124367
v -0.110005 -0.033115 0.046131
v -0.109989 -0.037250 0.036594
v -0.109301 0.037214 0.043868
v -0.109985 0.033163 0.046129
v -0.109958 -0.033300 0.046127
v -0.109958 0.033300 0.046127
v -0.109870 0.035284 0.046169
v -0.109816 -0.035345 0.046165
v -0.109766 -0.028500 0.039134
v -0.109766 0.028500 0.039134
v -0.108833 -0.035668 0.035296
v -0.109695 0.035440 0.046154
v -0.110440 0.016201 0.116510
v -0.109648 -0.035470 0.046150
v -0.109488 0.035499 0.046136
v -0.110076 -0.006648 0.121019
v -0.110715 0.036782 0.118215
v -0.109156 -0.035501 0.046105
v -0.109156 0.035500 0.046107
v -0.111302 -0.018592 0.109543
v -0.115598 0.015406 0.093032
v -0.110333 -0.031943 0.110237
v -0.107795 -0.030584 0.110368
v -0.108006 -0.029861 0.109538
v -0.108042 0.004814 0.090721
v -0.107895 -0.021271 0.109154
v -0.107304 -0.016364 0.116236
v -0.107648 -0.016082 0.116131
v -0.107515 -0.033918 0.117648
v -0.107428 -0.049077 0.023984
v -0.110447 -0.015209 0.118878
v -0.108455 -0.017201 0.111655
v -0.107294 0.050000 0.025517
v -0.106776 -0.032203 0.121250
v -0.107198 -0.033531 0.116769
v -0.113114 -0.031540 0.124113
v -0.106558 -0.019510 0.123582
v -0.106955 -0.017261 0.120963
v -0.106822 -0.033000 0.085403
v -0.106822 0.033000 0.085403
v -0.106712 0.032803 0.086673
v -0.106707 -0.032805 0.086660
v -0.106707 0.033020 0.085393
v -0.108092 0.037024 0.031733
v -0.106625 -0.032451 0.087483
v -0.106624 -0.033080 0.085386
v -0.103841 -0.022591 0.106671
v -0.106587 0.032465 0.087455
v -0.106560 -0.031745 0.088384
v -0.106551 0.033162 0.085379
v -0.105975 -0.023068 0.124886
v -0.106528 0.035025 0.085329
v -0.106523 -0.033240 0.085384
v -0.106521 -0.031177 0.088847
v -0.106505 0.031487 0.088611
v -0.106498 -0.035194 0.085325
v -0.106476 0.032970 0.085942
v -0.106475 -0.032968 0.085948
v -0.106462 -0.029349 0.089559
v -0.106462 0.030877 0.089045
v -0.106458 0.030186 0.089352
v -0.106456 -0.028800 0.089587
v -0.106456 0.002793 0.089587
v -0.106456 0.028800 0.089587
v -0.106454 0.029366 0.089557
v -0.106438 -0.030474 0.089243
v -0.106425 0.035297 0.085318
v -0.106365 -0.035371 0.085313
v -0.106340 0.002917 0.089600
v -0.106335 -0.028775 0.089599
v -0.106304 -0.032144 0.087910
v -0.106297 0.032082 0.087996
v -0.106250 0.035447 0.085303
v -0.106127 0.034689 0.089025
v -0.106182 0.003036 0.089701
v -0.106180 -0.029956 0.089402
v -0.106159 0.019001 0.089564
v -0.106147 0.029229 0.089691
v -0.106139 -0.028782 0.089776
v -0.106131 0.002793 0.089860
v -0.106101 -0.035499 0.085291
v -0.105493 0.034932 0.089001
v -0.102210 -0.033679 0.121991
v -0.105842 -0.030707 0.090646
v -0.105961 -0.028500 0.091803
v -0.105961 0.002793 0.091803
v -0.105914 -0.028501 0.091994
v -0.105914 0.002972 0.092014
v -0.105833 0.002791 0.092100
v -0.105738 -0.029157 0.092180
v -0.105731 -0.035500 0.085258
v -0.105731 0.035500 0.085258
v -0.105626 0.002793 0.092230
v -0.105463 -0.028500 0.092259
v -0.106002 -0.034644 0.088885
v -0.105422 0.003071 0.092257
v -0.105422 0.019079 0.092257
v -0.105522 0.028807 0.092047
v -0.105121 -0.028500 0.092231
v -0.105121 0.028500 0.092231
v -0.104899 0.037250 0.094771
v -0.104618 -0.036516 0.097958
v -0.101499 0.036514 0.097528
v -0.104557 0.034333 0.098680
v -0.104280 -0.048000 0.023245
v -0.104280 0.048000 0.023245
v -0.104131 0.052000 0.011186
v -0.103332 0.057997 0.012859
v -0.104106 -0.050000 0.025238
v -0.104106 0.050000 0.025238
v -0.103943 -0.058696 0.013007
v -0.103997 -0.042750 0.026483
v -0.103997 0.042750 0.026483
v -0.103028 -0.046337 0.027294
v -0.102992 0.046855 0.027821
v -0.103561 -0.047750 0.031464
v -0.103561 0.047750 0.031464
v -0.102445 -0.014922 0.110705
v -0.103259 0.062000 0.021148
v -0.102958 -0.015445 0.119324
v -0.102802 0.042750 0.026378
v -0.102366 -0.047750 0.031359
v -0.101142 -0.052000 0.010925
v -0.101142 0.052000 0.010925
v -0.101116 0.053854 0.011071
v -0.101107 -0.052116 0.011322
v -0.101107 0.052115 0.011322
v -0.101101 -0.052116 0.011212
v -0.101101 0.052115 0.011212
v -0.101093 -0.053722 0.011044
v -0.101049 0.052115 0.011078
v -0.101007 -0.052116 0.011022
v -0.101007 0.052115 0.011022
v -0.100472 -0.018892 0.107978
v -0.100953 -0.052116 0.010971
v -0.100953 0.052115 0.010971
v -0.100967 -0.036273 0.097829
v -0.100752 -0.030419 0.107842
v -0.100825 -0.052116 0.010905
v -0.100825 0.052115 0.010905
v -0.100310 -0.032612 0.111598
v -0.100719 -0.052117 0.010888
v -0.100719 0.052115 0.010888
v -0.100646 -0.024268 0.106438
v -0.100475 -0.015000 0.114927
v -0.102669 -0.061680 0.019561
v -0.100271 -0.062000 0.020887
v -0.100271 0.062000 0.020887
v -0.100265 0.061841 0.020893
v -0.100263 -0.061842 0.020881
v -0.100995 -0.023384 0.107243
v -0.101524 -0.034101 0.111172
v -0.100197 -0.015650 0.112843
v -0.100089 -0.062106 0.020173
v -0.099556 -0.017560 0.122225
v -0.099415 -0.015778 0.119429
v -0.099994 0.062124 0.020907
v -0.099921 -0.052135 0.010867
v -0.099921 0.052136 0.010867
v -0.100482 -0.016406 0.113613
v -0.099459 -0.033592 0.120354
v -0.100223 0.003177 0.106318
v -0.100112 0.022041 0.107615
v -0.098935 0.035500 0.121059
v -0.099761 -0.062137 0.020655
v -0.099644 0.052137 0.010849
v -0.099643 -0.052136 0.010849
v -0.099628 -0.023012 0.124562
v -0.100207 -0.034333 0.116871
v -0.099273 -0.030355 0.124695
v -0.101255 0.061595 0.018179
v -0.099254 -0.052136 0.010774
v -0.099254 0.052136 0.010774
v -0.099450 0.062145 0.020252
v -0.098971 -0.018557 0.122206
v -0.099277 -0.027269 0.124869
v -0.097004 -0.062385 0.014943
v -0.098935 -0.006500 0.121059
v -0.098861 0.012156 0.121904
v -0.099155 0.053574 0.010865
v -0.098871 -0.052136 0.010650
v -0.098811 0.052136 0.010622
v -0.100230 -0.024805 0.126886
v -0.099128 -0.022189 0.124800
v -0.099213 -0.030364 0.123281
v -0.098584 -0.052136 0.010513
v -0.098584 0.052136 0.010513
v -0.098583 0.062172 0.019194
v -0.098525 -0.061780 0.040834
v -0.098525 0.061780 0.040834
v -0.098508 -0.062175 0.019168
v -0.098479 -0.061983 0.040771
v -0.097081 0.062395 0.014235
v -0.098460 0.062003 0.040832
v -0.098396 -0.052136 0.010403
v -0.098396 0.052136 0.010403
v -0.098283 -0.052136 0.010328
v -0.098283 0.052136 0.010328
v -0.098277 -0.062150 0.040812
v -0.098275 0.062151 0.040811
v -0.098142 -0.062180 0.040800
v -0.098142 0.062180 0.040800
v -0.098021 -0.052136 0.010123
v -0.098021 0.052136 0.010123
v -0.096866 0.006147 0.196974
v -0.097897 0.062241 0.018704
v -0.097889 -0.042171 0.010000
v -0.097889 0.042172 0.010000
v -0.097850 -0.062241 0.018695
v -0.097417 -0.062325 0.018329
v -0.097082 0.053704 0.008710
v -0.097358 -0.050000 0.139083
v -0.097646 -0.054409 0.010308
v -0.097184 -0.048000 0.141075
v -0.097184 0.048000 0.141075
v -0.097999 -0.049197 0.004062
v -0.095808 0.046540 0.006553
v -0.096972 0.062424 0.017995
v -0.096769 -0.062492 0.017829
v -0.096712 -0.061827 0.061561
v -0.096712 0.061827 0.061561
v -0.096693 0.061949 0.061559
v -0.096655 -0.062040 0.061555
v -0.096605 0.062100 0.061551
v -0.096500 -0.041750 0.007000
v -0.096500 -0.041750 0.010000
v -0.096500 0.041750 0.007000
v -0.096500 0.041750 0.010000
v -0.096464 -0.062198 0.061538
v -0.096461 0.062199 0.061538
v -0.096328 -0.062227 0.061526
v -0.096328 0.062227 0.061526
v -0.094043 -0.088737 -0.000000
v -0.096220 0.062699 0.017357
v -0.096158 -0.062737 0.017284
v -0.095668 0.063053 0.016764
v -0.095657 -0.063076 0.016731
v -0.095456 0.064645 0.015228
v -0.095432 -0.041750 0.010000
v -0.095432 0.041750 0.010000
v -0.095419 0.063325 0.016394
v -0.097785 -0.005928 0.193136
v -0.095335 0.042171 0.010008
v -0.089420 0.006601 0.185103
v -0.095316 -0.042171 0.010012
v -0.095251 -0.063576 0.016114
v -0.095127 0.063831 0.015869
v -0.095110 -0.064134 0.015598
v -0.095104 0.064168 0.015574
v -0.095410 -0.074634 0.014486
v -0.095675 0.066466 0.014466
v -0.095077 -0.065386 0.014869
v -0.095068 -0.066280 0.014605
v -0.095055 -0.064725 0.015194
v -0.095208 -0.043045 0.009986
v -0.095039 0.065346 0.014880
v -0.095002 0.066424 0.014576
v -0.094899 -0.061875 0.082287
v -0.094899 0.061875 0.082287
v -0.094880 0.061996 0.082285
v -0.094842 -0.062088 0.082281
v -0.094792 0.062147 0.082277
v -0.094650 -0.062245 0.082264
v -0.094648 0.062246 0.082264
v -0.094541 -0.047750 0.134570
v -0.094541 0.047750 0.134570
v -0.094514 0.062275 0.082252
v -0.094513 -0.062275 0.082252
v -0.092289 -0.060319 0.010006
v -0.093281 -0.046702 0.138439
v -0.094170 -0.050000 0.138804
v -0.094170 0.050000 0.138804
v -0.094105 0.042750 0.139551
v -0.094000 -0.041750 0.007000
v -0.094000 -0.041750 0.010000
v -0.094000 0.041750 0.007000
v -0.094000 0.041750 0.010000
v -0.092845 0.056858 0.009041
v -0.093996 -0.048000 0.140796
v -0.095432 0.049200 0.140118
v -0.091988 -0.058863 0.008851
v -0.091430 0.060374 0.005670
v -0.093345 0.047750 0.134465
v -0.093085 -0.061922 0.103013
v -0.093085 0.061922 0.103013
v -0.093067 0.062044 0.103011
v -0.093029 -0.062135 0.103007
v -0.092979 0.062195 0.103003
v -0.092909 -0.042750 0.139446
v -0.093099 0.046091 0.138709
v -0.092837 -0.062293 0.102991
v -0.092835 0.062294 0.102990
v -0.092700 0.062322 0.102978
v -0.092699 -0.062322 0.102978
v -0.092452 -0.062000 0.144676
v -0.094949 -0.082366 0.013962
v -0.091272 -0.061970 0.123739
v -0.091272 0.061970 0.123739
v -0.091253 0.062091 0.123737
v -0.091208 -0.062190 0.123761
v -0.091165 0.062242 0.123729
v -0.089394 -0.059339 0.159438
v -0.091024 -0.062340 0.123717
v -0.091021 0.062341 0.123717
v -0.090886 0.062370 0.123705
v -0.090885 -0.062370 0.123705
v -0.088523 0.053651 0.169636
v -0.094298 -0.057218 -0.000355
v -0.090118 -0.062000 0.136933
v -0.090117 0.062000 0.136945
v -0.084298 0.031917 0.183966
v -0.088708 -0.033188 0.183470
v -0.089410 -0.062239 0.144393
v -0.089389 0.062253 0.144508
v -0.089110 0.062408 0.145225
v -0.089107 -0.062407 0.145301
v -0.089072 0.062417 0.144431
v -0.089071 -0.062417 0.144431
v -0.096304 0.082464 0.014196
v -0.089740 -0.061806 0.149286
v -0.087273 -0.045695 0.177998
v -0.087629 0.057602 0.163676
v -0.085987 -0.006076 0.184604
v -0.083959 0.061216 0.008888
v -0.084312 0.013436 0.186117
v -0.095091 0.089023 0.000000
v -0.086849 -0.080754 -0.000000
v -0.086107 0.093948 0.014595
v -0.084000 -0.057000 0.004600
v -0.084000 -0.057000 0.007000
v -0.084000 0.057000 0.004600
v -0.083200 0.058200 0.006520
v -0.082010 -0.074164 0.000000
v -0.090661 -0.092350 0.014442
v -0.085733 0.077272 -0.000000
v -0.083296 0.062425 0.000000
v -0.082384 -0.098415 0.001671
v -0.082000 -0.059000 0.004600
v -0.082000 0.059000 0.007000
v -0.080913 0.097030 0.013888
v -0.077139 -0.086066 0.000000
v -0.081853 -0.009761 0.197000
v -0.083716 0.009703 0.196582
v -0.082641 0.085256 0.014002
v -0.079021 -0.023627 0.197000
v -0.082723 0.086438 -0.000000
v -0.077925 -0.096919 0.014447
v -0.077649 0.098642 0.001485
v -0.077758 0.095613 0.014964
v -0.079591 -0.026313 0.186360
v -0.077564 0.096337 0.014806
v -0.040862 -0.099845 -0.000036
v -0.077524 0.097510 -0.000000
v -0.069808 0.047699 0.177434
v -0.072802 -0.040447 0.183710
v -0.076336 0.084751 -0.000000
v -0.074751 -0.035986 0.196995
v -0.075312 0.083770 -0.000000
v -0.084371 -0.084212 0.014002
v -0.075934 -0.075102 0.000000
v -0.069623 -0.088413 0.014323
v -0.075016 0.074703 0.000000
v -0.077564 0.070139 0.014173
v -0.076802 0.002751 0.197793
v -0.073927 -0.079980 -0.000000
v -0.073852 0.020535 0.198374
v -0.067801 -0.035652 0.198015
v -0.067079 0.085937 0.015058
v -0.081303 -0.007938 0.196698
v -0.068687 -0.062951 0.144965
v -0.068687 0.062951 0.144965
v -0.072631 -0.023454 0.197122
v -0.064074 0.062611 0.157150
v -0.089447 0.061280 0.153167
v -0.065959 -0.062940 0.149338
v -0.066282 0.082797 0.014948
v -0.060717 -0.057135 0.197000
v -0.065696 0.082622 -0.000000
v -0.063929 0.080466 -0.000000
v -0.063929 0.080466 0.015326
v -0.063387 0.080047 -0.000000
v -0.063387 0.080047 0.015340
v -0.063000 0.062425 -0.000000
v -0.062800 0.079693 -0.000000
v -0.062800 0.079693 0.015356
v -0.065188 0.088517 -0.000000
v -0.062800 0.090307 0.015356
v -0.062753 -0.063116 0.020058
v -0.062738 -0.063107 0.020355
v -0.062738 -0.063107 0.153754
v -0.062738 0.063107 0.020355
v -0.062738 0.063107 0.153753
v -0.062728 0.063125 0.019929
v -0.062723 0.068076 0.015357
v -0.062720 -0.063174 0.019538
v -0.062714 0.063503 0.018399
v -0.062712 -0.067355 0.015409
v -0.062708 -0.063292 0.019011
v -0.062708 0.063291 0.019003
v -0.062707 -0.066738 0.015549
v -0.062707 0.066744 0.015545
v -0.062696 -0.063512 0.018377
v -0.062694 -0.065149 0.016323
v -0.062694 -0.064639 0.016755
v -0.062694 0.065031 0.016406
v -0.062690 -0.064199 0.017238
v -0.062689 0.066136 0.015754
v -0.062687 -0.065567 0.016051
v -0.062683 -0.063846 0.017735
v -0.062680 0.063798 0.017819
v -0.062680 0.064572 0.016823
v -0.062679 -0.066109 0.015768
v -0.062656 0.067369 0.015410
v -0.072028 -0.072942 0.014422
v -0.062038 0.057186 0.196997
v -0.062318 -0.063127 0.020361
v -0.062318 0.063127 0.020361
v -0.062177 0.079409 -0.000000
v -0.062177 0.079409 0.015372
v -0.062177 0.090591 -0.000000
v -0.062177 0.090591 0.015372
v -0.062324 -0.063125 0.155317
v -0.070884 0.061364 0.009831
v -0.062114 0.064143 0.017335
v -0.064129 -0.058362 0.167157
v -0.062224 0.062969 0.160437
v -0.061992 0.062348 0.000009
v -0.061928 -0.063161 0.156757
v -0.061912 0.063163 0.020366
v -0.061911 -0.063163 0.020366
v -0.061898 0.063164 0.156868
v -0.061780 -0.063178 0.020368
v -0.061509 0.063215 0.158198
v -0.061612 0.063211 0.019525
v -0.061525 0.079197 -0.000000
v -0.061525 0.079197 0.015389
v -0.061525 0.090803 -0.000000
v -0.061525 0.090803 0.015389
v -0.061508 -0.063215 0.020372
v -0.061470 0.065600 0.016082
v -0.055262 -0.063575 0.008558
v -0.058840 0.062247 0.008875
v -0.061271 0.062193 0.010000
v -0.061445 -0.063224 0.158427
v -0.061453 0.063223 0.020329
v -0.061077 -0.063290 0.020377
v -0.061066 -0.063292 0.159629
v -0.061047 0.063296 0.159688
v -0.061046 0.063296 0.020378
v -0.060981 -0.063437 0.018936
v -0.060854 0.079061 -0.000000
v -0.060854 0.079061 0.015406
v -0.060854 0.090939 -0.000000
v -0.060854 0.090939 0.015406
v -0.060616 0.063390 0.160770
v -0.060755 -0.063359 0.160580
v -0.060713 -0.063368 0.020382
v -0.060609 0.062598 0.000000
v -0.060606 0.063393 0.020383
v -0.060483 -0.063425 0.161368
v -0.060431 -0.063439 0.020386
v -0.060391 -0.063396 0.163258
v -0.060216 -0.063499 0.162112
v -0.060215 0.063499 0.162727
v -0.060211 -0.063500 0.020388
v -0.060211 0.063500 0.020389
v -0.060171 0.079002 -0.000000
v -0.060171 0.079002 0.015424
v -0.052977 0.086679 0.016981
v -0.060079 -0.063539 0.162475
v -0.059942 -0.063582 0.020392
v -0.059699 -0.063663 0.163438
v -0.059766 0.063639 0.020402
v -0.059498 -0.063735 0.020398
v -0.059487 0.079022 -0.000000
v -0.059487 0.079022 0.015442
v -0.059820 0.063622 0.163190
v -0.059402 -0.063773 0.164129
v -0.059398 0.063774 0.164138
v -0.059397 0.063775 0.020399
v -0.059204 -0.063852 0.020402
v -0.059199 -0.063854 0.164574
v -0.059019 0.063735 0.167162
v -0.059143 0.063874 0.164688
v -0.058876 -0.063992 0.165231
v -0.058989 0.063942 0.020404
v -0.058849 -0.064006 0.020406
v -0.058808 0.079120 0.015460
v -0.059576 0.062626 0.010000
v -0.058615 -0.064116 0.165711
v -0.058614 0.064116 0.165705
v -0.058609 -0.064119 0.020409
v -0.058609 0.064119 0.020409
v -0.058485 -0.064181 0.020411
v -0.058469 -0.064188 0.165961
v -0.058195 0.064331 0.166392
v -0.058190 -0.064335 0.166395
v -0.058250 0.064302 0.020410
v -0.058021 0.063376 0.010000
v -0.058021 -0.064453 0.019718
v -0.057856 0.064528 0.166837
v -0.057854 -0.064529 0.020419
v -0.057833 -0.064541 0.166866
v -0.057825 0.064545 0.020416
v -0.057757 -0.064588 0.020421
v -0.057728 -0.064606 0.166984
v -0.057578 -0.097450 0.014927
v -0.056090 0.097653 0.015225
v -0.036466 -0.098722 0.008547
v -0.057483 0.096829 0.015335
v -0.057409 -0.064811 0.167295
v -0.057514 0.064739 0.167244
v -0.057384 -0.064828 0.020426
v -0.055041 0.069046 0.016220
v -0.057334 0.096201 0.015499
v -0.057250 0.063090 0.010000
v -0.057138 -0.065001 0.167480
v -0.057137 0.065002 0.167480
v -0.057117 0.065015 0.020427
v -0.057095 -0.064835 0.168799
v -0.057071 -0.065050 0.020429
v -0.056819 0.065241 0.167616
v -0.056739 0.065306 0.020434
v -0.056736 -0.065308 0.020434
v -0.056739 -0.065306 0.167630
v -0.056471 -0.065529 0.167635
v -0.056464 0.065535 0.167631
v -0.056463 -0.065536 0.020438
v -0.056460 0.065538 0.020437
v -0.052185 -0.065522 0.180286
v -0.056182 -0.065787 0.020431
v -0.056279 0.065699 0.020440
v -0.056146 0.065732 0.168465
v -0.056113 0.065853 0.020442
v -0.053165 0.074846 -0.000116
v -0.056174 -0.065795 0.167540
v -0.055859 0.066102 0.167307
v -0.055847 -0.066115 0.167284
v -0.055842 -0.066119 0.020447
v -0.056174 0.063801 0.010000
v -0.057470 0.090741 0.000000
v -0.055596 0.066379 0.166985
v -0.055618 -0.066356 0.167022
v -0.055586 0.066390 0.020448
v -0.056186 -0.066732 0.016441
v -0.057292 0.064980 0.018204
v -0.055422 0.066578 0.020451
v -0.055348 0.066665 0.166573
v -0.055266 0.066764 0.020453
v -0.055264 -0.066767 0.020453
v -0.055262 -0.066769 0.166403
v -0.055262 0.066768 0.166407
v -0.055179 0.064679 0.010000
v -0.055045 0.067045 0.165896
v -0.055031 -0.067060 0.020456
v -0.055005 0.067097 0.020457
v -0.055031 -0.067062 0.165876
v -0.054854 0.067303 0.165363
v -0.054758 0.067440 0.020460
v -0.054755 -0.067445 0.165046
v -0.054750 -0.067451 0.020459
v -0.054749 0.067453 0.165022
v -0.054525 -0.067796 0.020463
v -0.056505 0.052518 0.198045
v -0.054519 0.067804 0.164208
v -0.054478 0.067870 0.020466
v -0.053681 0.085213 0.000000
v -0.054308 -0.068159 0.020466
v -0.054306 0.068162 0.020465
v -0.054293 0.068184 0.163121
v -0.054283 -0.068201 0.163053
v -0.054159 0.068430 0.162395
v -0.054108 0.068528 0.020429
v -0.054107 -0.068530 0.020468
v -0.052963 0.067330 0.009077
v -0.054085 -0.068570 0.162014
v -0.054005 0.068733 0.161431
v -0.053973 0.068652 0.163489
v -0.053923 0.068907 0.020471
v -0.053908 -0.068939 0.020469
v -0.053904 0.068949 0.020471
v -0.053897 -0.068962 0.160688
v -0.053891 0.068977 0.160615
v -0.053191 0.073103 0.018694
v -0.053772 0.069248 0.020473
v -0.053693 -0.069440 0.020458
v -0.053710 0.069399 0.159137
v -0.053684 -0.069385 0.160621
v -0.053601 0.069688 0.020475
v -0.053581 -0.069745 0.020475
v -0.053581 0.069745 0.020475
v -0.053579 -0.069750 0.157768
v -0.053565 0.069789 0.157616
v -0.053500 0.068720 0.165696
v -0.053498 -0.070044 0.019590
v -0.053487 0.070020 0.156689
v -0.053466 0.070088 0.020477
v -0.053465 -0.070091 0.020477
v -0.053398 0.070309 0.155481
v -0.053434 -0.070185 0.155985
v -0.056850 -0.062682 0.009862
v -0.053340 0.070516 0.020478
v -0.053335 -0.070534 0.020478
v -0.053326 -0.070570 0.154349
v -0.053317 0.070606 0.154189
v -0.053295 -0.070691 0.153813
v -0.053249 -0.070884 0.020480
v -0.053245 0.070903 0.020480
v -0.053229 -0.070973 0.152526
v -0.053218 0.071023 0.152310
v -0.053206 -0.071086 0.151999
v -0.053160 -0.071320 0.020481
v -0.053154 0.071351 0.020481
v -0.053145 -0.071407 0.020481
v -0.053135 0.071465 0.150169
v -0.053133 -0.071473 0.150148
v -0.053094 -0.071737 0.020482
v -0.053094 0.071734 0.020482
v -0.053080 -0.071132 0.010000
v -0.053074 0.071889 0.148035
v -0.053070 -0.071925 0.147850
v -0.053045 -0.072156 0.020482
v -0.053042 -0.072193 0.146444
v -0.053042 -0.072000 0.010000
v -0.053659 0.067317 0.010000
v -0.053040 0.072199 0.020482
v -0.053036 -0.072259 0.020482
v -0.053033 0.072295 0.145894
v -0.053027 -0.072369 0.145501
v -0.055422 -0.064871 -0.000174
v -0.053014 -0.072577 0.020483
v -0.053014 0.072574 0.020483
v -0.053014 0.072580 0.144343
v -0.052427 -0.079405 0.009863
v -0.053007 -0.072737 0.143467
v -0.053807 -0.097142 0.016185
v -0.053161 -0.072901 0.018803
v -0.053001 0.072936 0.142340
v -0.053000 -0.093024 0.022143
v -0.053000 -0.091265 0.038374
v -0.053000 -0.087992 0.068657
v -0.053000 -0.086680 0.080843
v -0.052967 -0.078315 0.123136
v -0.053000 -0.073103 0.020483
v -0.053000 -0.073103 0.141372
v -0.053000 0.072997 0.020483
v -0.053000 0.073103 0.020483
v -0.053000 0.073209 0.140955
v -0.052813 0.075810 0.139190
v -0.053000 0.086697 0.080651
v -0.053000 0.089467 0.054997
v -0.053000 0.093020 0.022143
v -0.052985 -0.091401 0.040995
v -0.052977 -0.088206 0.071524
v -0.052974 0.091513 0.041154
v -0.052971 0.088269 0.071594
v -0.052964 -0.093653 0.022211
v -0.052908 -0.091942 0.041052
v -0.052951 0.093854 0.021778
v -0.052962 0.086344 0.089475
v -0.052946 -0.087218 0.085383
v -0.052683 -0.086126 0.010000
v -0.052827 -0.089001 0.071607
v -0.052798 0.092393 0.041247
v -0.052783 -0.094485 0.022282
v -0.052778 0.089169 0.071692
v -0.052719 -0.092648 0.041132
v -0.052490 0.088604 0.084217
v -0.052642 0.094879 0.022342
v -0.052581 -0.089691 0.071681
v -0.051127 0.090275 0.087342
v -0.052548 0.093040 0.041312
v -0.052488 -0.095212 0.022404
v -0.052450 0.089957 0.071776
v -0.052473 0.072289 0.156110
v -0.052330 -0.093478 0.041221
v -0.052301 0.093508 0.041372
v -0.052250 0.083000 0.010000
v -0.052219 0.095693 0.022454
v -0.052190 -0.090415 0.071761
v -0.052131 0.090485 0.071833
v -0.052046 -0.095970 0.022284
v -0.052005 -0.093959 0.041272
v -0.054285 -0.067802 0.166845
v -0.051851 0.094151 0.041441
v -0.051730 0.090999 0.071889
v -0.051702 0.096370 0.022483
v -0.051641 -0.089423 0.000000
v -0.051627 -0.091116 0.071836
v -0.049917 -0.091859 0.009032
v -0.051592 -0.094448 0.041329
v -0.047754 -0.094084 0.006708
v -0.051400 -0.096732 0.022015
v -0.051308 0.094700 0.041496
v -0.051278 0.091438 0.071935
v -0.051276 0.090142 0.084276
v -0.051142 -0.091558 0.071884
v -0.051121 -0.094870 0.041376
v -0.051118 0.096913 0.022563
v -0.052077 -0.088266 0.093622
v -0.050906 0.095013 0.041533
v -0.050874 0.091752 0.071969
v -0.050789 -0.097149 0.022607
v -0.046907 0.095615 -0.000832
v -0.050713 -0.090966 0.080675
v -0.050695 -0.095171 0.041403
v -0.050656 -0.091898 0.071921
v -0.050527 0.095261 0.041559
v -0.050264 0.092123 0.072006
v -0.050248 -0.095428 0.041430
v -0.050159 0.097520 0.022641
v -0.050066 -0.092217 0.071956
v -0.052216 -0.074327 0.149777
v -0.049944 -0.097600 0.022651
v -0.049925 0.095563 0.041591
v -0.049801 -0.095626 0.041447
v -0.049569 0.092401 0.072039
v -0.049462 -0.092447 0.071977
v -0.049435 0.098232 0.018489
v -0.049388 0.095748 0.041607
v -0.049307 -0.095786 0.041467
v -0.049201 0.097850 0.022664
v -0.049155 -0.097861 0.022670
v -0.049144 -0.091108 0.085290
v -0.049074 0.092539 0.072054
v -0.048983 0.090910 0.086632
v -0.048862 0.091280 0.084300
v -0.048810 0.095872 0.041624
v -0.048769 -0.092605 0.071994
v -0.052738 0.096943 0.019108
v -0.048702 -0.095911 0.041488
v -0.050270 0.081206 0.127626
v -0.048581 0.092622 0.072060
v -0.048454 0.098074 0.021739
v -0.048432 -0.091196 0.085183
v -0.048310 0.095932 0.041632
v -0.048307 -0.092651 0.072002
v -0.048289 -0.091650 0.081368
v -0.048269 -0.091361 0.084005
v -0.048241 0.091380 0.083846
v -0.048162 -0.092572 0.072793
v -0.048131 0.098182 0.020426
v -0.048458 -0.098092 0.021579
v -0.048157 0.095931 0.041704
v -0.048130 0.097990 0.022680
v -0.048130 0.098145 0.020975
v -0.048128 -0.096699 0.034609
v -0.048129 -0.094274 0.057035
v -0.048129 0.093980 0.059762
v -0.048129 0.094230 0.057445
v -0.048129 0.094465 0.055272
v -0.050900 0.089402 0.008713
v -0.040759 0.085931 0.120835
v -0.041920 -0.066071 0.198986
v -0.042643 0.094343 0.010000
v -0.041700 0.094461 0.010000
v -0.049838 0.093187 0.009996
v -0.043662 0.094266 0.008714
v -0.032246 -0.095471 0.007000
v -0.040750 0.094500 0.010000
v -0.020179 -0.080244 0.179974
v -0.051001 -0.090339 0.087101
v -0.038917 -0.089756 0.101158
v -0.038853 -0.089058 0.106946
v -0.038853 0.089058 0.106946
v -0.038107 0.097530 0.004893
v -0.038143 0.089127 0.106946
v -0.050527 -0.082641 0.120396
v -0.023142 -0.087393 0.126736
v -0.032164 -0.076509 0.180474
v -0.024326 -0.084108 0.151053
v -0.036614 -0.094981 0.009663
v -0.032777 -0.087061 0.124824
v -0.048156 0.092327 0.075073
v -0.033439 0.095313 0.010007
v -0.034640 0.097356 0.009975
v -0.033171 0.095316 0.010011
v -0.026765 -0.098932 0.017267
v -0.036213 0.072707 0.196687
v -0.032211 -0.097002 0.010221
v -0.032250 -0.094500 0.010000
v -0.032250 0.096167 0.007000
v -0.032250 0.094500 0.010000
v -0.032250 0.095431 0.010000
v -0.029681 0.085476 0.137225
v -0.027616 0.078664 0.177468
v -0.050605 0.085384 0.108542
v -0.018527 0.084596 0.152936
v -0.026586 -0.086807 0.131373
v -0.026586 0.086807 0.131373
v -0.025975 -0.086838 0.131372
v -0.025975 0.086838 0.131373
v -0.036654 -0.074535 0.197000
v -0.026189 -0.099142 0.010008
v -0.024003 -0.100000 0.010000
v -0.023195 0.090151 0.101164
v -0.026389 0.071358 0.199000
v -0.022943 -0.090158 0.101165
v -0.022299 -0.099239 0.018525
v -0.021887 -0.099476 0.018171
v -0.017217 0.085383 0.146909
v -0.020600 -0.085946 0.140878
v -0.019536 -0.085966 0.140877
v -0.019130 -0.099999 0.017626
v 0.000872 -0.082142 0.181450
v -0.015289 -0.084477 0.155794
v -0.015167 0.084483 0.155777
v -0.019187 0.080467 0.180568
v -0.012243 0.084104 0.160028
v -0.025021 -0.075620 0.197051
v -0.006746 -0.081905 0.181975
v -0.006725 0.081993 0.180743
v -0.003679 -0.082232 0.179547
v -0.003613 0.082231 0.179558
v -0.002993 -0.082227 0.179634
v -0.002299 -0.082241 0.179509
v 0.015813 0.076646 0.197904
v -0.000004 -0.100000 0.018251
v -0.015841 -0.099190 0.021011
v 0.000000 -0.099796 0.018589
v 0.000000 -0.099619 0.019018
v -0.001147 0.082255 0.179614
v -0.000000 0.099250 0.022681
v -0.000000 0.099364 0.021493
v -0.000000 0.099403 0.020993
v -0.000000 0.099467 0.019996
v -0.000000 0.099511 0.018996
v -0.000000 0.099525 0.018497
v 0.038480 0.098422 0.009849
v -0.000000 0.099540 0.017303
v 0.013329 0.098900 0.022682
v 0.001691 0.082238 0.179647
v 0.003096 0.082225 0.179649
v 0.023170 -0.099607 0.017911
v 0.019179 -0.080917 0.196946
v 0.026569 -0.072842 0.198112
v 0.005674 0.083075 0.170932
v 0.002092 0.082190 0.196901
v 0.012024 -0.082431 0.174186
v 0.012243 0.084104 0.160028
v 0.014000 0.059000 0.004600
v 0.014000 0.059000 0.007000
v 0.016000 -0.057000 0.004600
v 0.014846 -0.058615 0.006867
v 0.016000 0.057000 0.004600
v 0.016000 0.057000 0.007000
v 0.033185 0.082729 0.148774
v 0.024647 0.085273 0.143712
v 0.021391 0.085982 0.140406
v 0.021466 -0.098940 0.019546
v 0.021855 -0.099047 0.019018
v 0.021859 -0.099223 0.018589
v 0.053985 0.096997 0.030282
v 0.023057 -0.090155 0.101164
v 0.029912 0.087077 0.127373
v 0.026137 -0.099609 0.010610
v 0.026564 -0.098846 0.010000
v 0.026466 -0.078809 0.178849
v 0.027723 -0.087560 0.124193
v 0.030370 0.087799 0.121405
v 0.030399 0.077810 0.177199
v 0.030867 -0.087781 0.121404
v 0.030872 0.087780 0.121405
v 0.031379 0.087748 0.121405
v 0.031384 -0.087748 0.121405
v 0.031889 0.087704 0.121405
v 0.031894 -0.087704 0.121405
v 0.031896 -0.077271 0.177147
v 0.032442 0.077074 0.177088
v 0.032713 -0.085307 0.133907
v 0.034832 0.087928 0.117578
v 0.033006 -0.098386 0.022681
v 0.031382 -0.087317 0.124678
v 0.033296 0.089892 0.101164
v 0.033561 -0.076654 0.177013
v 0.033853 0.087445 0.121385
v 0.029647 0.076363 0.195864
v 0.038941 -0.084499 0.129986
v 0.034531 0.076271 0.176926
v 0.034961 -0.076099 0.176885
v 0.036068 0.075640 0.176797
v 0.036561 -0.075437 0.176741
v 0.040957 -0.082564 0.136497
v 0.038068 -0.074154 0.179596
v 0.038171 0.095322 0.010010
v 0.038244 0.095430 0.010000
v 0.039736 -0.096001 0.009311
v 0.038250 -0.095452 0.010000
v 0.038250 -0.094500 0.010000
v 0.038304 0.094753 0.007668
v 0.038365 0.095323 0.010011
v 0.038559 0.095323 0.010000
v 0.026956 0.078557 0.179029
v 0.039685 -0.089739 0.101164
v 0.039685 0.089739 0.101164
v 0.042126 0.079729 0.147976
v 0.048840 -0.082489 0.123941
v 0.055524 -0.061697 0.196837
v 0.042329 0.078983 0.150925
v 0.042334 -0.078980 0.150925
v 0.043104 0.078661 0.150925
v 0.043109 -0.078658 0.150925
v 0.043883 0.078327 0.150925
v 0.043888 -0.078325 0.150925
v 0.042692 0.096319 0.005457
v 0.044664 0.077982 0.150925
v 0.044669 -0.077980 0.150925
v 0.040294 0.086297 0.119777
v 0.045449 0.077625 0.150925
v 0.045454 -0.077623 0.150925
v 0.045956 -0.090485 0.091884
v 0.044180 -0.071430 0.177192
v 0.046240 -0.077253 0.150925
v 0.046537 0.090406 0.091884
v 0.040781 0.074298 0.173246
v 0.047029 -0.076871 0.150925
v 0.044711 -0.089960 0.096252
v 0.055329 -0.063695 0.177079
v 0.055538 0.091382 0.077053
v 0.056613 -0.090882 0.006896
v 0.056418 0.091478 0.004376
v 0.054644 0.063252 0.182024
v 0.050246 0.094067 0.007858
v 0.055538 0.063690 0.176056
v 0.057011 -0.089633 0.081480
v 0.070217 -0.034161 0.198036
v 0.053113 0.092497 0.072362
v 0.053290 -0.092923 0.068345
v 0.053138 -0.097860 0.022666
v 0.053130 -0.096444 0.035761
v 0.053125 -0.094989 0.049217
v 0.053130 0.097952 0.021735
v 0.053130 0.098027 0.020789
v 0.053131 0.098123 0.018892
v 0.053131 0.098137 0.018373
v 0.053133 0.098090 0.019733
v 0.053267 -0.093753 0.060636
v 0.053275 0.092386 0.073288
v 0.053276 -0.092385 0.073285
v 0.057590 0.074381 0.138512
v 0.053421 0.081205 0.121405
v 0.057691 -0.081201 0.112658
v 0.053442 -0.097919 0.021993
v 0.053480 -0.095152 0.047522
v 0.053513 -0.092170 0.074762
v 0.053637 0.093144 0.066074
v 0.053647 0.092206 0.074433
v 0.053681 0.091973 0.075922
v 0.054998 0.098016 0.015008
v 0.053739 -0.092357 0.073263
v 0.053862 -0.091977 0.075730
v 0.053878 -0.095095 0.047515
v 0.053971 -0.097766 0.022670
v 0.054043 0.080923 0.121405
v 0.054047 -0.080921 0.121405
v 0.044862 -0.097673 0.000590
v 0.055170 -0.091797 0.074940
v 0.055372 -0.097378 0.022071
v 0.054671 -0.080631 0.121405
v 0.054704 0.080622 0.121383
v 0.055037 0.082997 0.111170
v 0.055204 -0.080318 0.121642
v 0.055284 0.079911 0.123087
v 0.057424 -0.089294 0.080879
v 0.055348 -0.079560 0.124326
v 0.055449 -0.079102 0.125892
v 0.055478 0.078977 0.126313
v 0.056317 -0.077814 0.128998
v 0.057526 0.076590 0.130186
v 0.055738 -0.080066 0.121608
v 0.055787 -0.078681 0.126833
v 0.055852 0.079573 0.123303
v 0.056560 -0.093698 0.047369
v 0.055620 0.090685 0.008608
v 0.056799 -0.096126 0.022510
v 0.057104 -0.093049 0.047299
v 0.057588 -0.090929 0.060435
v 0.057239 -0.095854 0.019471
v 0.036548 0.068641 0.199002
v 0.057484 -0.092410 0.047223
v 0.057604 -0.094840 0.022352
v 0.055094 -0.090359 0.008581
v 0.057787 -0.091658 0.047152
v 0.057411 0.088324 0.084157
v 0.057872 -0.094026 0.022251
v 0.057908 -0.077127 0.121619
v 0.057969 -0.090785 0.047051
v 0.057978 -0.093348 0.022197
v 0.058163 -0.093568 0.018611
v 0.058000 -0.090209 0.046999
v 0.058002 -0.089023 0.058543
v 0.058000 -0.077843 0.020352
v 0.058000 -0.077843 0.113008
v 0.058000 0.077745 0.113537
v 0.058000 0.077843 0.020352
v 0.058000 0.077843 0.113008
v 0.057919 0.078833 0.114044
v 0.057593 0.096385 0.017713
v 0.058002 0.077605 0.020352
v 0.058009 -0.077322 0.020352
v 0.058010 0.077299 0.115921
v 0.058012 -0.077234 0.116261
v 0.058022 0.077028 0.020353
v 0.058023 -0.077018 0.117396
v 0.058032 0.076864 0.118192
v 0.058036 -0.076800 0.020351
v 0.058054 -0.076560 0.119724
v 0.058054 0.076566 0.020351
v 0.059651 -0.073583 0.015921
v 0.058065 0.076443 0.120332
v 0.058066 0.076766 0.019445
v 0.058080 -0.071132 0.010000
v 0.058082 -0.076279 0.020351
v 0.058111 -0.076020 0.122437
v 0.058112 0.076006 0.122488
v 0.058113 0.075997 0.020350
v 0.058132 -0.075848 0.020349
v 0.057914 -0.074541 0.137084
v 0.058156 0.075686 0.124037
v 0.058168 -0.075603 0.124427
v 0.058192 0.075454 0.020349
v 0.058216 -0.075308 0.020348
v 0.058225 0.075255 0.126051
v 0.058280 -0.074958 0.127396
v 0.058283 0.074942 0.020347
v 0.058296 0.074877 0.127756
v 0.058311 -0.074803 0.020346
v 0.058353 0.074609 0.128931
v 0.058374 0.074513 0.020346
v 0.058384 -0.074470 0.129532
v 0.058444 -0.074220 0.020344
v 0.058458 0.074163 0.130832
v 0.058493 -0.074027 0.131392
v 0.058519 0.073928 0.020343
v 0.062620 -0.095230 0.015594
v 0.058543 -0.073845 0.132136
v 0.058546 -0.073831 0.020342
v 0.058550 0.073819 0.132239
v 0.058579 -0.073715 0.020342
v 0.058625 -0.073559 0.133269
v 0.058640 0.073508 0.020341
v 0.058980 -0.072601 0.019036
v 0.058694 0.073333 0.134153
v 0.058732 -0.073215 0.020339
v 0.058757 -0.073138 0.134876
v 0.058936 -0.072473 0.139523
v 0.058869 0.072811 0.136080
v 0.058774 0.073123 0.019603
v 0.058892 -0.072745 0.020334
v 0.058895 -0.072737 0.136354
v 0.058975 0.072524 0.020335
v 0.059003 -0.072450 0.020334
v 0.059089 -0.072232 0.020333
v 0.059040 0.072350 0.137716
v 0.059244 -0.071862 0.139302
v 0.059267 0.071809 0.139468
v 0.059272 -0.071797 0.139521
v 0.059285 -0.071767 0.020328
v 0.059486 0.070705 0.145944
v 0.059513 -0.071277 0.020325
v 0.059879 -0.070256 0.146375
v 0.059546 -0.071206 0.141316
v 0.059349 0.071612 0.020353
v 0.059619 -0.071065 0.020314
v 0.059334 0.071561 0.141663
v 0.059735 0.070840 0.020322
v 0.059741 -0.070828 0.142348
v 0.059743 -0.070826 0.020321
v 0.059747 0.070818 0.142376
v 0.060344 -0.065577 0.008000
v 0.059911 -0.070515 0.143175
v 0.060037 0.070291 0.143775
v 0.060753 0.070387 0.016048
v 0.060003 -0.070354 0.020317
v 0.061381 0.096796 0.015385
v 0.060058 -0.066014 0.010000
v 0.060268 -0.069912 0.144621
v 0.060269 0.069910 0.144623
v 0.060270 0.069909 0.020312
v 0.060272 -0.069906 0.020312
v 0.060320 -0.069829 0.144805
v 0.060372 -0.069748 0.020310
v 0.060476 -0.069588 0.145321
v 0.061809 0.067755 0.149114
v 0.060727 -0.069215 0.020299
v 0.060512 0.069531 0.020319
v 0.060570 0.069446 0.145616
v 0.060692 -0.069269 0.146016
v 0.057937 -0.097612 0.017064
v 0.060869 0.069020 0.146408
v 0.060886 -0.068995 0.146467
v 0.060892 0.068986 0.020298
v 0.061105 -0.068706 0.146930
v 0.061120 0.068684 0.146966
v 0.061170 -0.068621 0.020297
v 0.061179 -0.064679 0.010000
v 0.061262 0.068504 0.020108
v 0.061393 -0.068341 0.147461
v 0.061420 -0.068364 0.019281
v 0.061510 -0.068199 0.020291
v 0.061521 0.068186 0.147675
v 0.061535 -0.068171 0.147679
v 0.061537 0.068168 0.020289
v 0.061717 -0.067862 0.148897
v 0.061740 -0.067932 0.020287
v 0.061822 -0.064090 0.010000
v 0.060766 0.063851 0.008571
v 0.061841 -0.067819 0.020285
v 0.061850 0.067807 0.020287
v 0.050714 0.063661 0.197284
v 0.062226 -0.067406 0.020278
v 0.062254 -0.067378 0.148423
v 0.062254 0.067378 0.148423
v 0.062259 0.067372 0.020277
v 0.062389 -0.067241 0.148503
v 0.062514 -0.063558 0.010000
v 0.062524 -0.067108 0.020273
v 0.062543 0.067088 0.148576
v 0.062573 -0.066847 0.149863
v 0.062989 -0.054194 0.181582
v 0.062677 -0.066958 0.148625
v 0.062704 0.066933 0.020270
v 0.062798 0.066760 0.149458
v 0.062522 0.090604 0.015364
v 0.062899 -0.066753 0.020266
v 0.063021 -0.063376 0.010000
v 0.063031 0.066634 0.020265
v 0.063032 -0.066634 0.020264
v 0.063042 0.066625 0.148665
v 0.063049 -0.066619 0.148662
v 0.063360 -0.066349 0.148622
v 0.063250 -0.063090 0.010000
v 0.063298 -0.066403 0.020259
v 0.064251 0.089309 0.000000
v 0.063754 0.066095 0.019047
v 0.063459 0.066268 0.148590
v 0.063708 -0.066068 0.020252
v 0.063779 0.066013 0.148445
v 0.063787 -0.066006 0.148443
v 0.064186 -0.062793 0.010000
v 0.063796 0.065999 0.020251
v 0.063860 -0.065949 0.020250
v 0.063875 -0.065937 0.148397
v 0.067442 -0.088683 -0.000000
v 0.063941 0.065887 0.020247
v 0.064364 -0.065578 0.020177
v 0.064205 0.065692 0.020244
v 0.063796 0.065909 0.149368
v 0.064520 -0.065346 0.149054
v 0.064178 -0.095185 -0.000000
v 0.062955 0.093244 -0.000000
v 0.064575 0.065433 0.147820
v 0.064625 0.065399 0.020236
v 0.064735 -0.065325 0.020234
v 0.064735 0.065325 0.020234
v 0.064744 -0.065319 0.147647
v 0.064749 0.065316 0.147634
v 0.067229 0.095079 -0.000000
v 0.065043 -0.065108 0.019219
v 0.065167 -0.065050 0.147125
v 0.065055 0.065120 0.020229
v 0.065116 -0.065081 0.020228
v 0.065216 0.065021 0.020226
v 0.065159 0.065053 0.147141
v 0.065423 -0.062381 0.010000
v 0.067500 -0.062898 0.148125
v 0.065580 0.064807 0.146531
v 0.065612 0.064787 0.020217
v 0.065633 -0.064776 0.020215
v 0.066243 0.095036 0.015265
v 0.065654 0.064765 0.146417
v 0.065661 -0.064760 0.146402
v 0.066115 -0.064516 0.020200
v 0.065943 0.064607 0.020213
v 0.066196 -0.064474 0.145556
v 0.065678 0.064628 0.147730
v 0.066271 -0.062193 0.010000
v 0.059836 0.064767 0.007080
v 0.066312 0.064416 0.145292
v 0.066433 -0.052349 0.175525
v 0.064557 -0.062290 0.009130
v 0.066523 0.064314 0.144889
v 0.066607 -0.064273 0.020202
v 0.066609 0.064273 0.144718
v 0.066620 -0.064267 0.144713
v 0.066583 0.064282 0.020193
v 0.067105 -0.064049 0.020193
v 0.067019 0.064087 0.143874
v 0.067132 0.062080 0.010000
v 0.067281 0.063976 0.020190
v 0.065404 0.054798 0.173168
v 0.067353 0.063947 0.143139
v 0.067473 -0.050964 0.175555
v 0.068087 -0.089216 0.015217
v 0.069554 0.091957 0.015179
v 0.067595 -0.063851 0.020184
v 0.067603 0.063848 0.142559
v 0.067632 -0.063835 0.142515
v 0.067636 0.063835 0.020184
v 0.075375 0.013750 0.197916
v 0.067532 -0.078391 0.014409
v 0.067798 0.063708 0.143711
v 0.068080 -0.063671 0.020175
v 0.067357 0.089235 -0.000000
v 0.067951 0.063718 0.020178
v 0.068000 0.062425 -0.000000
v 0.068087 -0.063670 0.141374
v 0.068190 0.063635 0.020174
v 0.067998 0.063700 0.141605
v 0.068343 -0.049745 0.175587
v 0.068352 0.049733 0.175588
v 0.067382 -0.063840 0.145471
v 0.068508 0.063532 0.140278
v 0.068552 0.048556 0.177672
v 0.068585 -0.063507 0.140045
v 0.068611 -0.063500 0.020167
v 0.068618 0.063497 0.139980
v 0.068634 0.063492 0.020166
v 0.069319 -0.063377 0.018850
v 0.067915 -0.094576 0.015222
v 0.068796 -0.049091 0.175607
v 0.068846 -0.092950 0.000000
v 0.068961 -0.092481 0.000000
v 0.068961 -0.092481 0.015194
v 0.069038 0.091293 0.000000
v 0.069364 0.063340 0.018786
v 0.069426 0.048154 0.175638
v 0.069629 0.063226 0.020143
v 0.069649 -0.063222 0.020149
v 0.069650 -0.063222 0.137003
v 0.069828 -0.047541 0.175659
v 0.070120 -0.063120 0.135525
v 0.069547 -0.063184 0.139543
v 0.069896 0.047435 0.175663
v 0.069243 -0.047416 0.178219
v 0.070180 -0.063110 0.020140
v 0.070499 0.046485 0.175700
v 0.070360 0.063076 0.020135
v 0.070704 -0.063020 0.020130
v 0.070705 0.063020 0.133612
v 0.070744 -0.063012 0.133561
v 0.070820 -0.045966 0.175721
v 0.071135 -0.062958 0.020135
v 0.070830 0.045950 0.175722
v 0.071034 0.062971 0.020124
v 0.069969 0.063044 0.140511
v 0.071400 -0.062928 0.131200
v 0.071343 0.062933 0.131317
v 0.071590 0.062910 0.020115
v 0.071636 0.062904 0.019502
v 0.071653 0.044575 0.175783
v 0.071720 -0.044459 0.175788
v 0.071738 0.062896 0.129974
v 0.071748 -0.062895 0.020110
v 0.071775 -0.062893 0.129839
v 0.069754 0.045634 0.181878
v 0.074008 0.026842 0.172653
v 0.074297 0.027507 0.178821
v 0.072092 0.062871 0.020106
v 0.072136 0.062868 0.128492
v 0.069982 0.088008 0.014385
v 0.071136 -0.067329 0.014274
v 0.072511 -0.043059 0.175856
v 0.072556 0.042977 0.175861
v 0.072607 -0.062848 0.126675
v 0.072607 0.062848 0.126675
v 0.072608 0.062848 0.020097
v 0.072894 -0.042355 0.175893
v 0.076943 -0.091417 0.014291
v 0.073019 0.042122 0.175905
v 0.075090 -0.061896 0.128826
v 0.073344 -0.041505 0.175939
v 0.073449 0.041303 0.175951
v 0.073778 -0.040660 0.175987
v 0.075400 -0.085661 -0.000000
v 0.074820 -0.036615 0.179936
v 0.074243 -0.078310 0.000000
v 0.074366 0.062666 0.127569
v 0.074157 0.038768 0.178285
v 0.074473 -0.077664 0.000000
v 0.074526 -0.039136 0.176079
v 0.074609 0.038960 0.176090
v 0.074660 -0.038853 0.176096
v 0.070525 0.076375 0.014192
v 0.074881 -0.060849 0.132067
v 0.075885 -0.075506 -0.000000
v 0.077488 0.085807 -0.000000
v 0.075197 0.037690 0.176172
v 0.075268 -0.037532 0.176182
v 0.071418 -0.078099 0.014167
v 0.075352 0.037344 0.176195
v 0.075487 -0.037039 0.176215
v 0.075713 -0.060734 0.129865
v 0.073659 0.078357 -0.000000
v 0.075973 -0.035908 0.176294
v 0.076031 0.035771 0.176303
v 0.076227 0.060855 0.128081
v 0.072424 -0.062798 0.130319
v 0.076291 -0.035141 0.176348
v 0.076442 0.033697 0.178274
v 0.076627 -0.034208 0.176568
v 0.076699 0.020767 0.165266
v 0.076927 0.028642 0.162852
v 0.076932 0.022511 0.162387
v 0.076746 0.034002 0.176433
v 0.076989 -0.033369 0.176481
v 0.077273 0.032633 0.176504
v 0.077349 -0.060575 0.125303
v 0.077751 -0.030822 0.177385
v 0.077551 0.060562 0.124709
v 0.077587 -0.031738 0.176609
v 0.083142 0.098647 0.001846
v 0.077637 0.031595 0.176621
v 0.075792 0.027371 0.192598
v 0.086174 0.095966 0.014547
v 0.072730 0.034295 0.182730
v 0.076464 -0.031674 0.183517
v 0.078134 0.030137 0.176742
v 0.078166 -0.030040 0.176750
v 0.078342 -0.029496 0.176796
v 0.083355 0.067497 -0.000090
v 0.078588 0.028735 0.176848
v 0.078660 -0.060420 0.121585
v 0.078914 0.061235 0.118892
v 0.078706 -0.028327 0.176899
v 0.078949 -0.027510 0.176972
v 0.079182 0.059705 0.121405
v 0.079184 -0.059703 0.121405
v 0.079210 -0.026592 0.177055
v 0.079479 -0.025602 0.177148
v 0.079875 0.022029 0.179865
v 0.079606 0.059028 0.121405
v 0.079607 -0.059026 0.121405
v 0.079704 -0.022812 0.180001
v 0.079896 -0.023952 0.177306
v 0.080019 0.058345 0.121405
v 0.080021 -0.058343 0.121405
v 0.080135 -0.073820 -0.000000
v 0.080305 -0.022171 0.177483
v 0.080423 0.057656 0.121405
v 0.080424 -0.057654 0.121405
v 0.080435 -0.021565 0.177545
v 0.080448 0.031329 0.164718
v 0.080675 -0.020377 0.177668
v 0.072081 0.024153 0.159416
v 0.082424 -0.096699 0.014477
v 0.080760 -0.017385 0.181324
v 0.080815 0.056961 0.121405
v 0.080816 -0.056959 0.121405
v 0.080839 -0.019504 0.177761
v 0.080970 0.031037 0.162675
v 0.081002 -0.018562 0.177885
v 0.081174 -0.017544 0.177973
v 0.080561 0.014658 0.196735
v 0.081197 0.056260 0.121405
v 0.081198 -0.056258 0.121405
v 0.093292 -0.094201 0.003832
v 0.081401 0.030304 0.161595
v 0.081457 -0.015621 0.178188
v 0.081568 0.055554 0.121405
v 0.081569 -0.055552 0.121405
v 0.081660 -0.013975 0.178376
v 0.081717 0.029646 0.160890
v 0.081746 -0.013189 0.178468
v 0.081356 0.022259 0.172139
v 0.081832 -0.009565 0.180985
v 0.081852 -0.012115 0.178596
v 0.081558 0.085806 0.000000
v 0.080884 -0.062418 0.109408
v 0.080330 -0.025078 0.196975
v 0.081928 0.054842 0.121405
v 0.081929 -0.054840 0.121405
v 0.083049 0.017855 0.165592
v 0.081957 0.010869 0.178747
v 0.081983 0.028758 0.160658
v 0.082003 -0.010248 0.178823
v 0.082049 0.009556 0.178908
v 0.082083 -0.008968 0.178981
v 0.082083 0.008976 0.178980
v 0.082099 0.008665 0.179019
v 0.082147 0.007365 0.179264
v 0.082155 -0.007423 0.179175
v 0.081976 -0.005607 0.182115
v 0.082184 0.006516 0.179291
v 0.082205 -0.005525 0.179419
v 0.082209 -0.003051 0.179746
v 0.082209 0.005193 0.179462
v 0.082041 0.002586 0.181794
v 0.082213 -0.004754 0.179520
v 0.082216 0.004207 0.179592
v 0.082221 0.028325 0.159951
v 0.082278 0.054126 0.121405
v 0.082279 -0.054124 0.121405
v 0.082416 0.027480 0.159922
v 0.082616 0.053405 0.121405
v 0.082617 -0.053404 0.121405
v 0.082825 0.026137 0.159182
v 0.082943 0.052680 0.121405
v 0.082944 -0.052679 0.121405
v 0.082989 0.025039 0.159417
v 0.083222 0.023876 0.159186
v 0.083259 0.051951 0.121405
v 0.083260 -0.051950 0.121405
v 0.083284 0.022899 0.159743
v 0.060552 -0.063884 0.003039
v 0.083396 0.020547 0.161124
v 0.083563 0.051219 0.121405
v 0.083564 -0.051217 0.121405
v 0.080708 0.068577 0.013820
v 0.083857 -0.050481 0.121405
v 0.083857 0.050483 0.121405
v 0.084138 0.049743 0.121405
v 0.084139 -0.049742 0.121405
v 0.092821 -0.059903 0.009824
v 0.084409 0.049002 0.121405
v 0.084410 -0.049000 0.121405
v 0.087129 -0.079423 0.000000
v 0.084668 0.048257 0.121405
v 0.084669 -0.048256 0.121405
v 0.083255 0.060369 0.106820
v 0.084916 -0.047509 0.121405
v 0.084916 0.047511 0.121405
v 0.092883 -0.058386 0.008036
v 0.085152 0.046762 0.121405
v 0.085153 -0.046761 0.121405
v 0.085377 0.046012 0.121405
v 0.085378 -0.046011 0.121405
v 0.085387 0.059656 0.100298
v 0.087468 0.080014 -0.000000
v 0.085591 -0.045260 0.121405
v 0.085591 0.045261 0.121405
v 0.085639 -0.059968 0.098833
v 0.085793 0.044509 0.121405
v 0.085794 -0.044508 0.121405
v 0.085984 0.043756 0.121405
v 0.085985 -0.043755 0.121405
v 0.088099 0.062425 0.068551
v 0.086164 0.043003 0.121405
v 0.086165 -0.043002 0.121405
v 0.086333 0.042249 0.121405
v 0.086334 -0.042248 0.121405
v 0.086491 -0.041495 0.121405
v 0.086491 0.041496 0.121405
v 0.089681 0.062107 0.075983
v 0.086617 0.059719 0.095491
v 0.086638 -0.040743 0.121405
v 0.086638 0.040744 0.121405
v 0.086736 -0.059436 0.095471
v 0.086774 -0.039991 0.121405
v 0.086774 0.039992 0.121405
v 0.086899 -0.039241 0.121405
v 0.086899 0.039241 0.121405
v 0.087014 -0.038491 0.121405
v 0.087014 0.038492 0.121405
v 0.087212 -0.036998 0.121405
v 0.087212 0.036999 0.121405
v 0.087258 -0.059342 0.093524
v 0.087368 0.035515 0.121405
v 0.087369 -0.035514 0.121405
v 0.087416 0.059294 0.092955
v 0.087485 -0.034041 0.121405
v 0.087485 0.034041 0.121405
v 0.087563 -0.032581 0.121405
v 0.087563 0.032581 0.121405
v 0.087604 -0.031135 0.121405
v 0.087604 0.031135 0.121405
v 0.087611 0.030247 0.121405
v 0.090933 0.061320 0.068999
v 0.088015 -0.059723 0.089789
v 0.074709 -0.062830 0.018764
v 0.088165 0.062441 0.062603
v 0.088306 0.059134 0.089427
v 0.088581 -0.059161 0.088205
v 0.088652 -0.062404 0.062645
v 0.088693 0.062403 0.062652
v 0.088390 -0.062378 0.070707
v 0.089029 0.059303 0.085971
v 0.089274 0.062285 0.062706
v 0.089286 -0.062289 0.062691
v 0.089372 -0.058890 0.084949
v 0.089402 0.058883 0.084821
v 0.092565 0.059918 0.009978
v 0.089777 0.058786 0.083142
v 0.089788 0.062125 0.062760
v 0.089916 -0.062074 0.062773
v 0.090132 -0.059104 0.080972
v 0.090163 0.058679 0.081352
v 0.090187 -0.061781 0.067323
v 0.090250 0.061923 0.062790
v 0.090397 -0.061845 0.062811
v 0.090471 -0.058591 0.079853
v 0.090563 0.058563 0.079394
v 0.087866 0.061258 0.008643
v 0.090760 -0.061627 0.062850
v 0.090868 0.061556 0.062856
v 0.091470 -0.060604 0.070751
v 0.090915 0.058451 0.077591
v 0.090979 -0.061478 0.062856
v 0.091030 -0.058889 0.076459
v 0.090345 -0.074640 0.014239
v 0.091295 0.058320 0.075527
v 0.091295 0.061226 0.062893
v 0.091388 -0.061146 0.062909
v 0.091391 -0.058299 0.074982
v 0.091664 0.058590 0.072999
v 0.091680 0.060850 0.062933
v 0.091763 -0.058140 0.072777
v 0.091769 0.058171 0.072710
v 0.087824 0.088456 0.014594
v 0.091876 -0.060628 0.062949
v 0.092685 -0.063110 0.015540
v 0.091939 0.062342 0.021839
v 0.092031 -0.058024 0.071062
v 0.092072 0.058023 0.070777
v 0.096020 -0.085211 0.000000
v 0.092119 0.060305 0.062974
v 0.092174 -0.060222 0.062980
v 0.092280 -0.057912 0.069338
v 0.092284 -0.059938 0.063740
v 0.092309 0.062333 0.019237
v 0.092393 0.058262 0.068253
v 0.092404 0.062310 0.021881
v 0.092445 0.059776 0.063002
v 0.092477 -0.057802 0.067873
v 0.092520 0.057776 0.067541
v 0.092528 -0.062291 0.021894
v 0.092566 -0.059510 0.063020
v 0.092620 0.062461 0.018392
v 0.092691 -0.057676 0.066137
v 0.092701 0.057666 0.066047
v 0.092726 0.059111 0.063033
v 0.092740 -0.059084 0.063042
v 0.092807 0.062243 0.021920
v 0.092865 -0.057559 0.064564
v 0.092865 0.057555 0.064556
v 0.092888 0.058560 0.063053
v 0.092903 -0.058499 0.063059
v 0.092976 0.058051 0.063059
v 0.092991 -0.057925 0.063039
v 0.093013 -0.057443 0.063064
v 0.093014 0.057447 0.063054
v 0.093025 -0.062197 0.021940
v 0.096392 0.083822 0.013025
v 0.093501 0.062047 0.022005
v 0.094029 0.061821 0.022032
v 0.094543 -0.062077 0.016502
v 0.094124 -0.061775 0.022039
v 0.094398 -0.061615 0.022068
v 0.094644 0.061457 0.022097
v 0.094703 -0.061412 0.022097
v 0.094428 0.055049 0.008500
v 0.095000 -0.041750 0.007000
v 0.095000 -0.041750 0.010000
v 0.095000 0.041750 0.007000
v 0.095000 0.041750 0.010000
v 0.095104 0.061092 0.022135
v 0.094935 -0.045337 0.009589
v 0.095982 0.062363 0.015364
v 0.095180 -0.061031 0.022146
v 0.095978 -0.054578 -0.000504
v 0.095319 0.042171 0.010011
v 0.095395 0.060813 0.022162
v 0.095432 -0.041750 0.010000
v 0.095432 0.041750 0.010000
v 0.095624 -0.060555 0.022185
v 0.095660 0.060513 0.022188
v 0.098044 -0.080474 0.009388
v 0.095956 -0.060502 0.019735
v 0.095957 0.060109 0.022219
v 0.096184 -0.059735 0.022235
v 0.096315 0.059473 0.022249
v 0.096440 -0.059188 0.022256
v 0.096484 0.059061 0.022268
v 0.096635 0.058570 0.022283
v 0.096638 -0.058567 0.022279
v 0.096721 0.058159 0.022291
v 0.096759 -0.057942 0.022281
v 0.096769 0.057766 0.022297
v 0.096787 -0.057343 0.022300
v 0.096787 0.057344 0.022300
v 0.096856 0.057342 0.021486
v 0.096871 -0.057342 0.021280
v 0.096900 -0.057341 0.020850
v 0.096919 0.057341 0.020538
v 0.096951 -0.058056 0.019922
v 0.096953 0.022011 0.019851
v 0.096959 -0.021948 0.019749
v 0.096962 0.057818 0.019671
v 0.096985 0.022000 0.019548
v 0.097051 0.025500 0.018460
v 0.096993 -0.023785 0.018882
v 0.098693 0.026101 0.011955
v 0.096415 0.043645 0.009904
v 0.096616 0.048597 0.000362
v 0.096530 0.085024 0.000012
v 0.097042 -0.022003 0.019254
v 0.097069 0.022001 0.019157
v 0.097206 -0.022002 0.018786
v 0.097367 0.022000 0.018470
v 0.097393 -0.022000 0.018432
v 0.097500 -0.041750 0.007000
v 0.097112 -0.037526 0.012809
v 0.097675 -0.022003 0.018041
v 0.097684 0.022002 0.018025
v 0.098028 -0.022001 0.017695
v 0.098087 0.022001 0.017648
v 0.098358 -0.022000 0.017458
v 0.098512 0.022000 0.017369
v 0.098624 -0.022281 0.017309
v 0.098889 0.022000 0.017191
v 0.098892 -0.022000 0.017190
v 0.099268 -0.022000 0.017078
v 0.099268 0.022000 0.017078
v 0.099659 0.022000 0.017012
v 0.099661 -0.022000 0.017012
v 0.099216 -0.024888 0.010326
v 0.100025 -0.023588 0.016736
v 0.100000 0.022173 0.016998
vn 0.9265 0.2381 0.2913
vn 0.7890 0.4350 0.4338
vn 0.8691 0.4891 0.0735
vn -0.6050 -0.4976 0.6215
vn -0.6050 -0.4976 0.6215
vn -0.6050 -0.4976 0.6215
vn 0.8691 0.4891 0.0735
vn 0.7890 0.4350 0.4338
vn 0.8613 0.4857 0.1493
vn 0.8997 0.3308 0.2849
vn 0.9265 0.2381 0.2913
vn 0.8613 0.4857 0.1493
vn 0.0536 0.9653 0.2555
vn -0.0420 0.9975 0.0566
vn 0.0159 0.9951 0.0978
vn 0.3058 0.9408 0.1458
vn 0.2644 0.9518 0.1558
vn 0.3903 0.8849 0.2543
vn 0.3571 0.9190 0.1668
vn 0.3058 0.9408 0.1458
vn 0.3903 0.8849 0.2543
vn 0.3775 0.9104 0.1695
vn 0.3571 0.9190 0.1668
vn 0.3903 0.8849 0.2543
vn 0.3834 0.9088 0.1646
vn 0.3775 0.9104 0.1695
vn 0.3903 0.8849 0.2543
vn 0.4931 0.8418 0.2195
vn 0.3834 0.9088 0.1646
vn 0.3903 0.8849 0.2543
vn 0.7596 0.5930 0.2674
vn 0.7745 0.5754 0.2626
vn 0.7393 0.6174 0.2688
vn 0.7393 0.6174 0.2688
vn 0.6102 0.7623 0.2159
vn 0.7596 0.5930 0.2674
vn 0.8068 0.5184 0.2835
vn 0.8504 0.4667 0.2429
vn 0.8437 0.4772 0.2458
vn 0.8068 0.5184 0.2835
vn 0.8437 0.4772 0.2458
vn 0.8336 0.4943 0.2468
vn 0.8068 0.5184 0.2835
vn 0.8336 0.4943 0.2468
vn 0.8246 0.5090 0.2470
vn 0.8068 0.5184 0.2835
vn 0.8246 0.5090 0.2470
vn 0.8169 0.5208 0.2478
vn 0.8169 0.5208 0.2478
vn 0.7596 0.5930 0.2674
vn 0.8068 0.5184 0.2835
vn 0.7596 0.5930 0.2674
vn 0.8169 0.5208 0.2478
vn 0.8084 0.5293 0.2576
vn 0.7596 0.5930 0.2674
vn 0.8084 0.5293 0.2576
vn 0.8094 0.5280 0.2572
vn 0.8891 0.3940 0.2331
vn 0.8668 0.4340 0.2458
vn 0.8690 0.3255 0.3726
vn 0.8668 0.4340 0.2458
vn 0.8891 0.3940 0.2331
vn 0.8872 0.3977 0.2341
vn 0.8668 0.4340 0.2458
vn 0.8872 0.3977 0.2341
vn 0.8774 0.4166 0.2379
vn 0.8668 0.4340 0.2458
vn 0.8774 0.4166 0.2379
vn 0.8829 0.4061 0.2357
vn 0.8068 0.5184 0.2835
vn 0.8668 0.4340 0.2458
vn 0.8560 0.4564 0.2429
vn 0.8068 0.5184 0.2835
vn 0.8560 0.4564 0.2429
vn 0.8504 0.4667 0.2429
vn 0.9265 0.2381 0.2913
vn 0.8997 0.3308 0.2849
vn 0.9089 0.3366 0.2460
vn 0.9265 0.2381 0.2913
vn 0.9089 0.3366 0.2460
vn 0.9095 0.3281 0.2552
vn 0.6344 -0.4939 0.5947
vn 0.9265 0.2381 0.2913
vn 0.6344 -0.4939 0.5947
vn 0.8690 0.3255 0.3726
vn 0.9095 0.3281 0.2552
vn 0.9104 0.3493 0.2218
vn 0.8613 0.4857 0.1493
vn 0.9995 -0.0308 0.0106
vn 0.8997 0.3308 0.2849
vn 0.9512 0.1187 0.2848
vn 0.9918 0.0747 0.1039
vn 0.9930 0.0507 0.1069
vn 0.9918 0.0747 0.1039
vn 0.9512 0.1187 0.2848
vn 0.9939 0.0506 0.0984
vn 0.9939 0.0506 0.0984
vn 0.9897 0.0710 0.1240
vn 0.9918 0.0747 0.1039
vn 0.9914 0.0567 0.1176
vn 0.9897 0.0710 0.1240
vn 0.9939 0.0506 0.0984
vn 0.9949 0.0282 0.0966
vn 0.9936 0.0342 0.1078
vn 0.9939 0.0506 0.0984
vn 0.9939 0.0506 0.0984
vn 0.9512 0.1187 0.2848
vn 0.9949 0.0282 0.0966
vn 0.9512 0.1187 0.2848
vn 0.9950 0.0196 0.0975
vn 0.9949 0.0282 0.0966
vn 0.9950 0.0196 0.0975
vn 0.9512 0.1187 0.2848
vn 0.9957 -0.0001 0.0925
vn 0.7890 0.4350 0.4338
vn 0.9265 0.2381 0.2913
vn 0.8068 0.5184 0.2835
vn 0.8068 0.5184 0.2835
vn 0.8690 0.3255 0.3726
vn 0.8668 0.4340 0.2458
vn 0.8690 0.3255 0.3726
vn 0.8068 0.5184 0.2835
vn 0.9265 0.2381 0.2913
vn 0.8068 0.5184 0.2835
vn 0.7596 0.5930 0.2674
vn 0.6102 0.7623 0.2159
vn 0.2644 0.9518 0.1558
vn 0.2803 0.9422 0.1833
vn 0.0536 0.9653 0.2555
vn 0.2644 0.9518 0.1558
vn 0.0536 0.9653 0.2555
vn 0.3903 0.8849 0.2543
vn 0.6102 0.7623 0.2159
vn 0.3903 0.8849 0.2543
vn 0.5080 0.8546 0.1079
vn 0.8068 0.5184 0.2835
vn 0.6102 0.7623 0.2159
vn 0.7480 0.6401 0.1755
vn 0.2596 0.2119 0.9422
vn 0.7890 0.4350 0.4338
vn 0.8068 0.5184 0.2835
vn 0.9512 0.1187 0.2848
vn 0.8613 0.4857 0.1493
vn 0.7890 0.4350 0.4338
vn 0.9957 -0.0001 0.0925
vn 0.9512 0.1187 0.2848
vn 0.8752 -0.2938 0.3844
vn 0.9957 -0.0001 0.0925
vn 0.8752 -0.2938 0.3844
vn 0.9954 -0.0282 0.0914
vn 0.9954 -0.0282 0.0914
vn 0.9955 -0.0057 0.0948
vn 0.9957 -0.0001 0.0925
vn 0.7694 -0.6114 0.1850
vn 0.7326 -0.6309 0.2555
vn 0.7548 -0.6015 0.2616
vn 0.9954 -0.0282 0.0914
vn 0.9950 -0.0146 0.0984
vn 0.9955 -0.0057 0.0948
vn 0.9954 -0.0282 0.0914
vn 0.9952 -0.0110 0.0969
vn 0.9950 -0.0146 0.0984
vn 0.9935 -0.1006 0.0524
vn 0.9911 -0.0606 0.1189
vn 0.9902 -0.0685 0.1221
vn 0.9902 -0.0685 0.1221
vn 0.9894 -0.0750 0.1242
vn 0.9935 -0.1006 0.0524
vn 0.9935 -0.1006 0.0524
vn 0.9894 -0.0750 0.1242
vn 0.9954 -0.0282 0.0914
vn 0.9822 -0.1200 0.1446
vn 0.9828 -0.1171 0.1426
vn 0.9935 -0.1006 0.0524
vn 0.9935 -0.1006 0.0524
vn 0.9873 -0.1588 -0.0031
vn 0.9822 -0.1200 0.1446
vn 0.9873 -0.1588 -0.0031
vn 0.9800 -0.1323 0.1489
vn 0.9822 -0.1200 0.1446
vn 0.9764 -0.1503 0.1551
vn 0.9800 -0.1323 0.1489
vn 0.9873 -0.1588 -0.0031
vn 0.9873 -0.1588 -0.0031
vn 0.9729 -0.1661 0.1607
vn 0.9764 -0.1503 0.1551
vn 0.9729 -0.1661 0.1607
vn 0.9873 -0.1588 -0.0031
vn 0.9692 -0.1814 0.1664
vn 0.9663 -0.1929 0.1707
vn 0.9692 -0.1814 0.1664
vn 0.9873 -0.1588 -0.0031
vn 0.9873 -0.1588 -0.0031
vn 0.9628 -0.2054 0.1754
vn 0.9663 -0.1929 0.1707
vn 0.9873 -0.1588 -0.0031
vn 0.9597 -0.2171 0.1786
vn 0.9628 -0.2054 0.1754
vn 0.9597 -0.2171 0.1786
vn 0.9873 -0.1588 -0.0031
vn 0.9599 -0.2789 0.0288
vn 0.9599 -0.2789 0.0288
vn 0.9596 -0.2159 0.1802
vn 0.9597 -0.2171 0.1786
vn 0.9599 -0.2789 0.0288
vn 0.9446 -0.2642 0.1949
vn 0.9423 -0.2699 0.1979
vn 0.9446 -0.2642 0.1949
vn 0.9599 -0.2789 0.0288
vn 0.9433 -0.3317 -0.0097
vn 0.9433 -0.3317 -0.0097
vn 0.9393 -0.2793 0.1993
vn 0.9446 -0.2642 0.1949
vn 0.9433 -0.3317 -0.0097
vn 0.9363 -0.2875 0.2016
vn 0.9393 -0.2793 0.1993
vn 0.9433 -0.3317 -0.0097
vn 0.9315 -0.3008 0.2045
vn 0.9363 -0.2875 0.2016
vn 0.9433 -0.3317 -0.0097
vn 0.9280 -0.3113 0.2049
vn 0.9315 -0.3008 0.2045
vn 0.9280 -0.3113 0.2049
vn 0.9433 -0.3317 -0.0097
vn 0.9158 -0.3503 0.1964
vn 0.9158 -0.3503 0.1964
vn 0.9236 -0.3186 0.2134
vn 0.9280 -0.3113 0.2049
vn 0.9113 -0.3471 0.2215
vn 0.9158 -0.3503 0.1964
vn 0.9019 -0.3676 0.2268
vn 0.9019 -0.3676 0.2268
vn 0.9080 -0.3543 0.2234
vn 0.9113 -0.3471 0.2215
vn 0.9019 -0.3676 0.2268
vn 0.8909 -0.3911 0.2311
vn 0.8965 -0.3789 0.2297
vn 0.8909 -0.3911 0.2311
vn 0.9019 -0.3676 0.2268
vn 0.9054 -0.4195 0.0656
vn 0.9054 -0.4195 0.0656
vn 0.8861 -0.4007 0.2330
vn 0.8909 -0.3911 0.2311
vn 0.9054 -0.4195 0.0656
vn 0.8804 -0.4114 0.2358
vn 0.8861 -0.4007 0.2330
vn 0.9054 -0.4195 0.0656
vn 0.8768 -0.4181 0.2374
vn 0.8804 -0.4114 0.2358
vn 0.9054 -0.4195 0.0656
vn 0.8679 -0.4344 0.2412
vn 0.8768 -0.4181 0.2374
vn 0.9054 -0.4195 0.0656
vn 0.8629 -0.4430 0.2432
vn 0.8679 -0.4344 0.2412
vn 0.9054 -0.4195 0.0656
vn 0.8509 -0.4605 0.2528
vn 0.8629 -0.4430 0.2432
vn 0.8509 -0.4605 0.2528
vn 0.9054 -0.4195 0.0656
vn 0.8195 -0.5401 0.1915
vn 0.8195 -0.5401 0.1915
vn 0.8484 -0.4664 0.2502
vn 0.8509 -0.4605 0.2528
vn 0.8195 -0.5401 0.1915
vn 0.8406 -0.4798 0.2515
vn 0.8484 -0.4664 0.2502
vn 0.8195 -0.5401 0.1915
vn 0.8319 -0.4940 0.2528
vn 0.8406 -0.4798 0.2515
vn 0.8195 -0.5401 0.1915
vn 0.8207 -0.5115 0.2544
vn 0.8319 -0.4940 0.2528
vn 0.8195 -0.5401 0.1915
vn 0.8295 -0.4979 0.2531
vn 0.8207 -0.5115 0.2544
vn 0.8195 -0.5401 0.1915
vn 0.7850 -0.5620 0.2606
vn 0.7749 -0.5753 0.2618
vn 0.8195 -0.5401 0.1915
vn 0.7752 -0.5747 0.2622
vn 0.7850 -0.5620 0.2606
vn 0.8195 -0.5401 0.1915
vn 0.7548 -0.6015 0.2616
vn 0.7752 -0.5747 0.2622
vn 0.7694 -0.6114 0.1850
vn 0.7548 -0.6015 0.2616
vn 0.8195 -0.5401 0.1915
vn 0.8752 -0.2938 0.3844
vn 0.9935 -0.1006 0.0524
vn 0.9954 -0.0282 0.0914
vn 0.8752 -0.2938 0.3844
vn 0.9599 -0.2789 0.0288
vn 0.9873 -0.1588 -0.0031
vn 0.9158 -0.3503 0.1964
vn 0.9433 -0.3317 -0.0097
vn 0.9054 -0.4195 0.0656
vn 0.8752 -0.2938 0.3844
vn 0.7694 -0.6114 0.1850
vn 0.8195 -0.5401 0.1915
vn 0.5715 -0.6575 0.4910
vn 0.7694 -0.6114 0.1850
vn 0.8752 -0.2938 0.3844
vn 0.3728 -0.9043 0.2081
vn 0.3879 -0.8976 0.2096
vn 0.4394 -0.8797 0.1821
vn 0.4394 -0.8797 0.1821
vn 0.3879 -0.8976 0.2096
vn 0.3940 -0.8948 0.2098
vn 0.4394 -0.8797 0.1821
vn 0.2612 -0.9555 0.1371
vn 0.3421 -0.9174 0.2036
vn 0.3421 -0.9174 0.2036
vn 0.3728 -0.9043 0.2081
vn 0.4394 -0.8797 0.1821
vn 0.9054 -0.4195 0.0656
vn 0.9433 -0.3317 -0.0097
vn 0.8752 -0.2938 0.3844
vn 0.6300 -0.7482 0.2082
vn 0.7694 -0.6114 0.1850
vn 0.5715 -0.6575 0.4910
vn 0.5047 -0.8431 0.1855
vn 0.1899 -0.9214 0.3390
vn 0.4394 -0.8797 0.1821
vn 0.1899 -0.9214 0.3390
vn 0.2612 -0.9555 0.1371
vn 0.4394 -0.8797 0.1821
vn 0.1899 -0.9214 0.3390
vn 0.5047 -0.8431 0.1855
vn 0.5715 -0.6575 0.4910
vn 0.9054 -0.4195 0.0656
vn 0.9019 -0.3676 0.2268
vn 0.9158 -0.3503 0.1964
vn 0.8752 -0.2938 0.3844
vn 0.8195 -0.5401 0.1915
vn 0.9054 -0.4195 0.0656
vn 0.6300 -0.7482 0.2082
vn 0.5715 -0.6575 0.4910
vn 0.5047 -0.8431 0.1855
vn 0.1899 -0.9214 0.3390
vn 0.1049 -0.9881 0.1127
vn 0.2612 -0.9555 0.1371
vn 0.8752 -0.2938 0.3844
vn 0.9873 -0.1588 -0.0031
vn 0.9935 -0.1006 0.0524
vn 0.9599 -0.2789 0.0288
vn 0.8752 -0.2938 0.3844
vn 0.9433 -0.3317 -0.0097
vn 0.1899 -0.9214 0.3390
vn -0.1130 -0.9742 0.1955
vn 0.0046 -0.9944 0.1052
vn 0.0046 -0.9944 0.1052
vn -0.0118 -0.9950 0.0996
vn -0.0263 -0.9939 0.1071
vn 0.0046 -0.9944 0.1052
vn -0.1130 -0.9742 0.1955
vn -0.0118 -0.9950 0.0996
vn -0.1130 -0.9742 0.1955
vn -0.0227 -0.9942 0.1056
vn -0.0118 -0.9950 0.0996
vn 0.0536 0.9653 0.2555
vn 0.0159 0.9951 0.0978
vn 0.0087 0.9943 0.1063
vn -0.0987 0.9901 0.1000
vn 0.0536 0.9653 0.2555
vn 0.0087 0.9943 0.1063
vn 0.0201 0.9943 0.1050
vn 0.0107 0.9949 0.1003
vn 0.0215 0.9942 0.1054
vn 0.0263 0.9938 0.1078
vn -0.0146 0.9941 0.1074
vn 0.0087 0.9943 0.1063
vn 0.0087 0.9943 0.1063
vn 0.0396 0.9935 0.1070
vn 0.0263 0.9938 0.1078
vn 0.0396 0.9935 0.1070
vn 0.0242 0.9940 0.1065
vn 0.0506 0.9930 0.1070
vn 0.0247 0.9941 0.1059
vn 0.0506 0.9930 0.1070
vn 0.0242 0.9940 0.1065
vn 0.0159 0.9951 0.0978
vn -0.0420 0.9975 0.0566
vn 0.0107 0.9949 0.1003
vn 0.0107 0.9949 0.1003
vn 0.0201 0.9943 0.1050
vn 0.0159 0.9951 0.0978
vn 0.0201 0.9943 0.1050
vn 0.0242 0.9940 0.1065
vn 0.0159 0.9951 0.0978
vn 0.0242 0.9940 0.1065
vn 0.0396 0.9935 0.1070
vn 0.0159 0.9951 0.0978
vn 0.0396 0.9935 0.1070
vn 0.0087 0.9943 0.1063
vn 0.0159 0.9951 0.0978
vn 0.0242 0.9940 0.1065
vn 0.0201 0.9943 0.1050
vn 0.0215 0.9942 0.1054
vn 0.0215 0.9942 0.1054
vn 0.0245 0.9940 0.1066
vn 0.0242 0.9940 0.1065
vn 0.0242 0.9940 0.1065
vn 0.0245 0.9940 0.1066
vn 0.0247 0.9941 0.1059
vn -0.2297 0.9579 0.1723
vn -0.2696 0.9476 0.1715
vn -0.4392 0.8304 0.3429
vn 0.0087 0.9943 0.1063
vn -0.0266 0.9938 0.1084
vn -0.0987 0.9901 0.1000
vn -0.0261 0.9939 0.1074
vn -0.0259 0.9939 0.1074
vn -0.0146 0.9941 0.1074
vn -0.0259 0.9939 0.1074
vn -0.0261 0.9939 0.1074
vn -0.0260 0.9939 0.1075
vn -0.0259 0.9939 0.1074
vn -0.0260 0.9939 0.1075
vn -0.0259 0.9939 0.1074
vn -0.0259 0.9939 0.1074
vn -0.0257 0.9939 0.1074
vn -0.0259 0.9939 0.1074
vn -0.0259 0.9939 0.1074
vn -0.0257 0.9939 0.1074
vn -0.0269 0.9939 0.1073
vn -0.0259 0.9939 0.1074
vn -0.0269 0.9939 0.1073
vn -0.0258 0.9939 0.1070
vn -0.0259 0.9939 0.1074
vn -0.0258 0.9939 0.1070
vn -0.0243 0.9940 0.1066
vn -0.0146 0.9941 0.1074
vn -0.0259 0.9939 0.1074
vn 0.0087 0.9943 0.1063
vn 0.0087 0.9943 0.1063
vn -0.0259 0.9939 0.1074
vn -0.0243 0.9940 0.1066
vn -0.0243 0.9940 0.1066
vn -0.0156 0.9946 0.1025
vn 0.0087 0.9943 0.1063
vn 0.0263 0.9938 0.1078
vn 0.0396 0.9935 0.1070
vn 0.0600 0.9933 0.0993
vn 0.0485 0.9988 0.0017
vn 0.0193 0.9994 -0.0271
vn -0.0023 0.9924 -0.1231
vn -0.0023 0.9924 -0.1231
vn 0.0044 0.9998 0.0185
vn 0.0485 0.9988 0.0017
vn 0.0477 0.9983 0.0328
vn 0.0485 0.9988 0.0017
vn 0.0044 0.9998 0.0185
vn 0.0044 0.9998 0.0185
vn -0.0121 0.9989 0.0455
vn 0.0477 0.9983 0.0328
vn -0.0019 0.9960 0.0894
vn -0.0146 0.9941 0.1074
vn 0.0263 0.9938 0.1078
vn 0.0600 0.9933 0.0993
vn -0.0019 0.9960 0.0894
vn 0.0263 0.9938 0.1078
vn 0.0075 0.9974 0.0712
vn -0.0019 0.9960 0.0894
vn 0.0600 0.9933 0.0993
vn 0.0600 0.9933 0.0993
vn 0.0467 0.9966 0.0673
vn 0.0075 0.9974 0.0712
vn 0.0036 0.9984 0.0563
vn 0.0075 0.9974 0.0712
vn 0.0467 0.9966 0.0673
vn 0.0467 0.9966 0.0673
vn 0.0458 0.9978 0.0484
vn 0.0036 0.9984 0.0563
vn -0.0121 0.9989 0.0455
vn 0.0036 0.9984 0.0563
vn 0.0458 0.9978 0.0484
vn -0.0121 0.9989 0.0455
vn 0.0458 0.9978 0.0484
vn 0.0477 0.9983 0.0328
vn 0.0506 0.9930 0.1070
vn 0.0247 0.9941 0.1059
vn 0.1161 0.9845 0.1317
vn 0.0506 0.9930 0.1070
vn 0.1161 0.9845 0.1317
vn 0.4155 0.8952 0.1611
vn 0.0396 0.9935 0.1070
vn 0.4155 0.8952 0.1611
vn 0.9597 0.2542 0.1199
vn 0.0396 0.9935 0.1070
vn 0.0506 0.9930 0.1070
vn 0.4155 0.8952 0.1611
vn 0.1161 0.9845 0.1317
vn 0.1426 0.9770 0.1584
vn 0.4155 0.8952 0.1611
vn 0.0247 0.9941 0.1059
vn 0.0542 0.9913 0.1199
vn 0.1161 0.9845 0.1317
vn 0.9056 0.4146 0.0898
vn 0.9597 0.2542 0.1199
vn 0.4155 0.8952 0.1611
vn 0.9973 0.0731 0.0057
vn 0.9980 0.0627 0.0001
vn 0.9993 0.0379 0.0034
vn 0.9056 0.4146 0.0898
vn 0.9973 0.0731 0.0057
vn 0.9993 0.0379 0.0034
vn 0.9993 0.0379 0.0034
vn 0.9597 0.2542 0.1199
vn 0.9056 0.4146 0.0898
vn 0.0887 0.9961 0.0001
vn 0.1164 0.9932 -0.0008
vn 0.1144 0.9932 0.0217
vn 0.4123 0.8844 0.2185
vn 0.4174 0.8815 0.2206
vn 0.5031 0.8380 0.2111
vn 0.5031 0.8380 0.2111
vn 0.3647 0.9066 0.2123
vn 0.4123 0.8844 0.2185
vn 0.9996 0.0282 0.0003
vn 0.9980 0.0627 0.0001
vn 0.9973 0.0731 0.0057
vn 0.9993 0.0382 0.0004
vn 0.9996 0.0282 0.0003
vn 0.9973 0.0731 0.0057
vn 0.9973 0.0731 0.0057
vn 0.6706 0.7176 0.1878
vn 0.9931 0.1166 0.0084
vn 0.9931 0.1166 0.0084
vn 0.9979 0.0654 -0.0001
vn 0.9973 0.0731 0.0057
vn 0.9973 0.0731 0.0057
vn 0.9979 0.0654 -0.0001
vn 0.9993 0.0382 0.0004
vn 0.6706 0.7176 0.1878
vn 0.9857 0.1684 0.0042
vn 0.9898 0.1423 0.0027
vn 0.6706 0.7176 0.1878
vn 0.9898 0.1423 0.0027
vn 0.9931 0.1166 0.0084
vn 0.6706 0.7176 0.1878
vn 0.9723 0.2339 0.0031
vn 0.9779 0.2089 0.0022
vn 0.9779 0.2089 0.0022
vn 0.9830 0.1834 0.0025
vn 0.6706 0.7176 0.1878
vn 0.9830 0.1834 0.0025
vn 0.9857 0.1684 0.0042
vn 0.6706 0.7176 0.1878
vn 0.9689 0.2476 0.0016
vn 0.9723 0.2339 0.0031
vn 0.6706 0.7176 0.1878
vn 0.9603 0.2791 0.0013
vn 0.9689 0.2476 0.0016
vn 0.6706 0.7176 0.1878
vn 0.9522 0.3055 0.0011
vn 0.9603 0.2791 0.0013
vn 0.6706 0.7176 0.1878
vn 0.6706 0.7176 0.1878
vn 0.8811 0.4721 0.0277
vn 0.9309 0.3654 -0.0004
vn 0.9309 0.3654 -0.0004
vn 0.9448 0.3276 0.0001
vn 0.6706 0.7176 0.1878
vn 0.9448 0.3276 0.0001
vn 0.9522 0.3055 0.0011
vn 0.6706 0.7176 0.1878
vn 0.9196 0.3928 0.0002
vn 0.9309 0.3654 -0.0004
vn 0.8811 0.4721 0.0277
vn 0.8640 0.5034 0.0039
vn 0.8715 0.4904 0.0023
vn 0.8811 0.4721 0.0277
vn 0.8365 0.5479 0.0009
vn 0.8640 0.5034 0.0039
vn 0.6657 0.7105 0.2281
vn 0.8640 0.5034 0.0039
vn 0.8811 0.4721 0.0277
vn 0.6657 0.7105 0.2281
vn 0.6657 0.7105 0.2281
vn 0.8277 0.5612 0.0016
vn 0.8365 0.5479 0.0009
vn 0.7972 0.6038 0.0005
vn 0.8277 0.5612 0.0016
vn 0.6657 0.7105 0.2281
vn 0.6657 0.7105 0.2281
vn 0.7875 0.6163 0.0004
vn 0.7972 0.6038 0.0005
vn 0.6657 0.7105 0.2281
vn 0.6850 0.7166 0.1318
vn 0.7738 0.6334 0.0008
vn 0.7738 0.6334 0.0008
vn 0.7875 0.6163 0.0004
vn 0.6657 0.7105 0.2281
vn 0.6822 0.7311 0.0003
vn 0.6850 0.7166 0.1318
vn 0.6672 0.7352 0.1196
vn 0.6672 0.7352 0.1196
vn 0.7500 0.6615 0.0007
vn 0.6822 0.7311 0.0003
vn 0.6672 0.7352 0.1196
vn 0.6391 0.7692 0.0011
vn 0.6202 0.7844 0.0004
vn 0.6391 0.7692 0.0011
vn 0.6672 0.7352 0.1196
vn 0.6301 0.7685 0.1110
vn 0.6301 0.7685 0.1110
vn 0.6983 0.7158 0.0005
vn 0.6391 0.7692 0.0011
vn 0.5558 0.8181 0.1473
vn 0.5445 0.8387 0.0009
vn 0.6301 0.7685 0.1110
vn 0.5568 0.8306 0.0003
vn 0.5445 0.8387 0.0009
vn 0.5558 0.8181 0.1473
vn 0.5558 0.8181 0.1473
vn 0.5231 0.8523 0.0008
vn 0.5568 0.8306 0.0003
vn 0.6160 0.7877 0.0000
vn 0.5185 0.8551 0.0005
vn 0.5558 0.8181 0.1473
vn 0.5185 0.8551 0.0005
vn 0.5231 0.8523 0.0008
vn 0.5558 0.8181 0.1473
vn 0.3536 0.9354 0.0019
vn 0.5558 0.8181 0.1473
vn 0.3189 0.9476 -0.0193
vn 0.4239 0.9057 0.0000
vn 0.4572 0.8893 -0.0000
vn 0.3189 0.9476 -0.0193
vn 0.4572 0.8893 -0.0000
vn 0.3536 0.9354 0.0019
vn 0.3189 0.9476 -0.0193
vn 0.3757 0.9267 0.0003
vn 0.4019 0.9157 0.0003
vn 0.3189 0.9476 -0.0193
vn 0.4019 0.9157 0.0003
vn 0.4239 0.9057 0.0000
vn 0.3189 0.9476 -0.0193
vn 0.3189 0.9476 -0.0193
vn 0.3308 0.9437 0.0005
vn 0.3499 0.9368 0.0003
vn 0.3499 0.9368 0.0003
vn 0.3757 0.9267 0.0003
vn 0.3189 0.9476 -0.0193
vn 0.3100 0.9507 0.0009
vn 0.3308 0.9437 0.0005
vn 0.3189 0.9476 -0.0193
vn 0.3189 0.9476 -0.0193
vn 0.6154 0.7623 0.2005
vn 0.3100 0.9507 0.0009
vn 0.6154 0.7623 0.2005
vn 0.2934 0.9560 0.0004
vn 0.3100 0.9507 0.0009
vn 0.1164 0.9932 -0.0008
vn 0.1297 0.9916 0.0006
vn 0.1144 0.9932 0.0217
vn 0.1144 0.9932 0.0217
vn 0.1297 0.9916 0.0006
vn 0.6154 0.7623 0.2005
vn 0.0577 0.9983 0.0007
vn 0.0887 0.9961 0.0001
vn 0.1144 0.9932 0.0217
vn 0.1144 0.9932 0.0217
vn 0.0817 0.9967 0.0002
vn 0.0577 0.9983 0.0007
vn 0.9056 0.4146 0.0898
vn 0.5031 0.8380 0.2111
vn 0.6706 0.7176 0.1878
vn 0.3647 0.9066 0.2123
vn 0.5031 0.8380 0.2111
vn 0.9056 0.4146 0.0898
vn 0.4715 0.8507 0.2321
vn 0.6706 0.7176 0.1878
vn 0.5031 0.8380 0.2111
vn 0.9973 0.0731 0.0057
vn 0.9056 0.4146 0.0898
vn 0.6706 0.7176 0.1878
vn 0.8811 0.4721 0.0277
vn 0.5157 0.8228 0.2391
vn 0.6657 0.7105 0.2281
vn 0.5157 0.8228 0.2391
vn 0.8811 0.4721 0.0277
vn 0.6706 0.7176 0.1878
vn 0.3189 0.9476 -0.0193
vn 0.5558 0.8181 0.1473
vn -0.1332 0.9486 -0.2872
vn 0.6154 0.7623 0.2005
vn 0.7393 0.6174 0.2688
vn 0.7512 0.6079 0.2572
vn 0.7512 0.6079 0.2572
vn 0.1144 0.9932 0.0217
vn 0.6154 0.7623 0.2005
vn 0.0928 0.9862 0.1375
vn 0.0620 0.9903 0.1240
vn 0.1035 0.9844 0.1419
vn 0.3732 0.9042 0.2076
vn 0.3971 0.8920 0.2158
vn 0.3467 0.9158 0.2026
vn 0.8484 0.1329 0.5123
vn 0.9749 0.1562 0.1585
vn 0.9751 0.1556 0.1582
vn 0.9749 0.1562 0.1585
vn 0.8819 0.2279 0.4127
vn 0.9787 0.1385 0.1516
vn 0.4123 0.8844 0.2185
vn 0.3790 0.9015 0.2088
vn 0.3997 0.8911 0.2149
vn 0.9089 0.3366 0.2460
vn 0.9191 0.3291 0.2164
vn 0.9122 0.3451 0.2208
vn 0.7353 0.6456 0.2063
vn 0.7581 0.6067 0.2392
vn 0.8031 0.5374 0.2573
vn 0.7512 0.6079 0.2572
vn 0.7393 0.6174 0.2688
vn 0.7745 0.5754 0.2626
vn 0.7745 0.5754 0.2626
vn 0.8009 0.5402 0.2583
vn 0.7512 0.6079 0.2572
vn 0.7745 0.5754 0.2626
vn 0.7596 0.5930 0.2674
vn 0.8009 0.5402 0.2583
vn 0.8009 0.5402 0.2583
vn 0.7596 0.5930 0.2674
vn 0.8094 0.5280 0.2572
vn 0.8094 0.5280 0.2572
vn 0.7581 0.6067 0.2392
vn 0.8009 0.5402 0.2583
vn 0.7353 0.6456 0.2063
vn 0.8236 0.5068 0.2547
vn 0.8267 0.5019 0.2543
vn 0.7353 0.6456 0.2063
vn 0.8267 0.5019 0.2543
vn 0.8382 0.4839 0.2516
vn 0.7353 0.6456 0.2063
vn 0.8382 0.4839 0.2516
vn 0.8469 0.4696 0.2495
vn 0.7353 0.6456 0.2063
vn 0.8518 0.4616 0.2478
vn 0.8618 0.4443 0.2448
vn 0.7353 0.6456 0.2063
vn 0.8658 0.4377 0.2425
vn 0.8752 0.4204 0.2392
vn 0.8752 0.4204 0.2392
vn 0.8797 0.4127 0.2363
vn 0.7353 0.6456 0.2063
vn 0.8895 0.3930 0.2331
vn 0.8693 0.4432 0.2188
vn 0.8797 0.4127 0.2363
vn 0.8797 0.4127 0.2363
vn 0.8825 0.4066 0.2362
vn 0.8895 0.3930 0.2331
vn 0.8797 0.4127 0.2363
vn 0.8752 0.4204 0.2392
vn 0.8825 0.4066 0.2362
vn 0.8693 0.4432 0.2188
vn 0.8920 0.3880 0.2319
vn 0.8995 0.3728 0.2278
vn 0.8693 0.4432 0.2188
vn 0.8995 0.3728 0.2278
vn 0.9077 0.3552 0.2236
vn 0.9077 0.3552 0.2236
vn 0.9013 0.3762 0.2147
vn 0.8693 0.4432 0.2188
vn 0.9147 0.3443 0.2118
vn 0.9013 0.3762 0.2147
vn 0.9122 0.3451 0.2208
vn 0.9122 0.3451 0.2208
vn 0.9191 0.3291 0.2164
vn 0.9147 0.3443 0.2118
vn 0.9286 0.3061 0.2097
vn 0.9353 0.2888 0.2045
vn 0.9245 0.3236 0.2015
vn 0.9353 0.2888 0.2045
vn 0.9403 0.2752 0.2001
vn 0.9245 0.3236 0.2015
vn 0.9403 0.2752 0.2001
vn 0.9353 0.2888 0.2045
vn 0.9409 0.2735 0.1997
vn 0.9394 0.2855 0.1900
vn 0.9403 0.2752 0.2001
vn 0.9409 0.2735 0.1997
vn 0.9409 0.2735 0.1997
vn 0.9457 0.2599 0.1953
vn 0.9394 0.2855 0.1900
vn 0.9457 0.2599 0.1953
vn 0.9484 0.2563 0.1866
vn 0.9394 0.2855 0.1900
vn 0.9457 0.2599 0.1953
vn 0.9495 0.2485 0.1915
vn 0.9484 0.2563 0.1866
vn 0.9495 0.2485 0.1915
vn 0.9545 0.2329 0.1863
vn 0.9484 0.2563 0.1866
vn 0.9545 0.2329 0.1863
vn 0.9545 0.2390 0.1784
vn 0.9484 0.2563 0.1866
vn 0.9545 0.2329 0.1863
vn 0.9588 0.2188 0.1814
vn 0.9545 0.2390 0.1784
vn 0.9611 0.2162 0.1720
vn 0.9545 0.2390 0.1784
vn 0.9588 0.2188 0.1814
vn 0.9865 0.0946 0.1338
vn 0.9821 0.1394 0.1268
vn 0.9845 0.1076 0.1388
vn 0.9899 0.0699 0.1233
vn 0.9912 0.0589 0.1185
vn 0.9821 0.1394 0.1268
vn 0.9899 0.0699 0.1233
vn 0.9926 0.0449 0.1125
vn 0.9912 0.0589 0.1185
vn 0.9926 0.0449 0.1125
vn 0.9934 0.0364 0.1084
vn 0.9912 0.0589 0.1185
vn 0.9944 0.0236 0.1030
vn 0.9948 0.0186 0.0999
vn 0.9934 0.0364 0.1084
vn 0.9948 0.0186 0.0999
vn 0.9944 0.0236 0.1030
vn 0.9957 0.0021 0.0930
vn 0.9957 0.0021 0.0930
vn 0.9957 0.0026 0.0924
vn 0.9948 0.0186 0.0999
vn 0.9934 0.0364 0.1084
vn 0.9926 0.0449 0.1125
vn 0.9944 0.0236 0.1030
vn 0.9944 0.0236 0.1030
vn 0.9926 0.0449 0.1125
vn 0.9936 0.0342 0.1078
vn 0.9936 0.0342 0.1078
vn 0.9949 0.0282 0.0966
vn 0.9944 0.0236 0.1030
vn 0.9949 0.0282 0.0966
vn 0.9950 0.0196 0.0975
vn 0.9944 0.0236 0.1030
vn 0.9957 0.0021 0.0930
vn 0.9944 0.0236 0.1030
vn 0.9950 0.0196 0.0975
vn 0.9950 0.0196 0.0975
vn 0.9957 -0.0001 0.0925
vn 0.9957 0.0021 0.0930
vn 0.9821 0.1394 0.1268
vn 0.9865 0.0946 0.1338
vn 0.9899 0.0699 0.1233
vn 0.9899 0.0699 0.1233
vn 0.9865 0.0946 0.1338
vn 0.9930 0.0507 0.1069
vn 0.9930 0.0507 0.1069
vn 0.9918 0.0747 0.1039
vn 0.9899 0.0699 0.1233
vn 0.9899 0.0699 0.1233
vn 0.9918 0.0747 0.1039
vn 0.9897 0.0710 0.1240
vn 0.9897 0.0710 0.1240
vn 0.9914 0.0567 0.1176
vn 0.9899 0.0699 0.1233
vn 0.9926 0.0449 0.1125
vn 0.9899 0.0699 0.1233
vn 0.9914 0.0567 0.1176
vn 0.9914 0.0567 0.1176
vn 0.9939 0.0506 0.0984
vn 0.9926 0.0449 0.1125
vn 0.9926 0.0449 0.1125
vn 0.9939 0.0506 0.0984
vn 0.9936 0.0342 0.1078
vn 0.8362 0.3968 0.3785
vn 0.9034 0.4283 0.0186
vn 0.9865 0.0946 0.1338
vn 0.9822 0.1206 0.1444
vn 0.9865 0.0946 0.1338
vn 0.9845 0.1076 0.1388
vn 0.9865 0.0946 0.1338
vn 0.9822 0.1206 0.1444
vn 0.8362 0.3968 0.3785
vn 0.9034 0.4283 0.0186
vn 0.9930 0.0507 0.1069
vn 0.9865 0.0946 0.1338
vn 0.9512 0.1187 0.2848
vn 0.9930 0.0507 0.1069
vn 0.9034 0.4283 0.0186
vn 0.9034 0.4283 0.0186
vn 0.8497 0.5262 0.0350
vn 0.9512 0.1187 0.2848
vn 0.8613 0.4857 0.1493
vn 0.9512 0.1187 0.2848
vn 0.8497 0.5262 0.0350
vn 0.8613 0.4857 0.1493
vn 0.8497 0.5262 0.0350
vn 0.9533 0.2499 -0.1697
vn 0.9995 -0.0308 0.0106
vn 0.7034 -0.1750 -0.6890
vn 0.9533 0.2499 -0.1697
vn 0.9995 -0.0308 0.0106
vn 0.9353 0.2888 0.2045
vn 0.9286 0.3061 0.2097
vn 0.9353 0.2888 0.2045
vn 0.9995 -0.0308 0.0106
vn 0.8746 -0.4609 0.1503
vn 0.9286 0.3061 0.2097
vn 0.9252 0.3146 0.2123
vn 0.8997 0.3308 0.2849
vn 0.8997 0.3308 0.2849
vn 0.9995 -0.0308 0.0106
vn 0.9286 0.3061 0.2097
vn 0.9286 0.3061 0.2097
vn 0.9245 0.3236 0.2015
vn 0.9147 0.3443 0.2118
vn 0.9147 0.3443 0.2118
vn 0.9252 0.3146 0.2123
vn 0.9286 0.3061 0.2097
vn 0.9147 0.3443 0.2118
vn 0.9191 0.3291 0.2164
vn 0.9252 0.3146 0.2123
vn 0.8997 0.3308 0.2849
vn 0.9252 0.3146 0.2123
vn 0.9191 0.3291 0.2164
vn 0.9191 0.3291 0.2164
vn 0.9089 0.3366 0.2460
vn 0.8997 0.3308 0.2849
vn 0.9104 0.3493 0.2218
vn 0.9095 0.3281 0.2552
vn 0.9122 0.3451 0.2208
vn 0.9122 0.3451 0.2208
vn 0.9095 0.3281 0.2552
vn 0.9089 0.3366 0.2460
vn 0.9013 0.3762 0.2147
vn 0.9077 0.3552 0.2236
vn 0.9122 0.3451 0.2208
vn 0.9122 0.3451 0.2208
vn 0.9077 0.3552 0.2236
vn 0.9104 0.3493 0.2218
vn 0.9104 0.3493 0.2218
vn 0.9077 0.3552 0.2236
vn 0.8995 0.3728 0.2278
vn 0.8872 0.3977 0.2341
vn 0.8891 0.3940 0.2331
vn 0.8920 0.3880 0.2319
vn 0.8995 0.3728 0.2278
vn 0.8920 0.3880 0.2319
vn 0.8891 0.3940 0.2331
vn 0.8891 0.3940 0.2331
vn 0.8690 0.3255 0.3726
vn 0.8995 0.3728 0.2278
vn 0.8690 0.3255 0.3726
vn 0.9104 0.3493 0.2218
vn 0.8995 0.3728 0.2278
vn 0.8829 0.4061 0.2357
vn 0.8752 0.4204 0.2392
vn 0.8658 0.4377 0.2425
vn 0.8752 0.4204 0.2392
vn 0.8829 0.4061 0.2357
vn 0.8774 0.4166 0.2379
vn 0.8774 0.4166 0.2379
vn 0.8825 0.4066 0.2362
vn 0.8752 0.4204 0.2392
vn 0.8825 0.4066 0.2362
vn 0.8774 0.4166 0.2379
vn 0.8872 0.3977 0.2341
vn 0.8872 0.3977 0.2341
vn 0.8895 0.3930 0.2331
vn 0.8825 0.4066 0.2362
vn 0.8920 0.3880 0.2319
vn 0.8895 0.3930 0.2331
vn 0.8872 0.3977 0.2341
vn 0.8895 0.3930 0.2331
vn 0.8920 0.3880 0.2319
vn 0.8693 0.4432 0.2188
vn 0.8560 0.4564 0.2429
vn 0.8668 0.4340 0.2458
vn 0.8658 0.4377 0.2425
vn 0.8658 0.4377 0.2425
vn 0.8668 0.4340 0.2458
vn 0.8829 0.4061 0.2357
vn 0.7353 0.6456 0.2063
vn 0.8618 0.4443 0.2448
vn 0.8658 0.4377 0.2425
vn 0.8658 0.4377 0.2425
vn 0.8618 0.4443 0.2448
vn 0.8560 0.4564 0.2429
vn 0.8560 0.4564 0.2429
vn 0.8618 0.4443 0.2448
vn 0.8518 0.4616 0.2478
vn 0.8437 0.4772 0.2458
vn 0.8504 0.4667 0.2429
vn 0.8518 0.4616 0.2478
vn 0.8504 0.4667 0.2429
vn 0.8560 0.4564 0.2429
vn 0.8518 0.4616 0.2478
vn 0.8469 0.4696 0.2495
vn 0.8518 0.4616 0.2478
vn 0.7353 0.6456 0.2063
vn 0.8518 0.4616 0.2478
vn 0.8469 0.4696 0.2495
vn 0.8437 0.4772 0.2458
vn 0.8437 0.4772 0.2458
vn 0.8469 0.4696 0.2495
vn 0.8382 0.4839 0.2516
vn 0.8382 0.4839 0.2516
vn 0.8336 0.4943 0.2468
vn 0.8437 0.4772 0.2458
vn 0.8336 0.4943 0.2468
vn 0.8382 0.4839 0.2516
vn 0.8267 0.5019 0.2543
vn 0.8031 0.5374 0.2573
vn 0.8236 0.5068 0.2547
vn 0.7353 0.6456 0.2063
vn 0.8169 0.5208 0.2478
vn 0.8236 0.5068 0.2547
vn 0.8031 0.5374 0.2573
vn 0.8267 0.5019 0.2543
vn 0.8236 0.5068 0.2547
vn 0.8169 0.5208 0.2478
vn 0.8169 0.5208 0.2478
vn 0.8246 0.5090 0.2470
vn 0.8267 0.5019 0.2543
vn 0.8246 0.5090 0.2470
vn 0.8336 0.4943 0.2468
vn 0.8267 0.5019 0.2543
vn 0.8031 0.5374 0.2573
vn 0.7581 0.6067 0.2392
vn 0.8094 0.5280 0.2572
vn 0.8094 0.5280 0.2572
vn 0.8084 0.5293 0.2576
vn 0.8031 0.5374 0.2573
vn 0.8084 0.5293 0.2576
vn 0.8169 0.5208 0.2478
vn 0.8031 0.5374 0.2573
vn 0.6102 0.7623 0.2159
vn 0.7393 0.6174 0.2688
vn 0.6154 0.7623 0.2005
vn 0.6154 0.7623 0.2005
vn 0.5558 0.8181 0.1473
vn 0.6102 0.7623 0.2159
vn 0.6437 0.7264 0.2406
vn 0.6102 0.7623 0.2159
vn 0.5558 0.8181 0.1473
vn 0.5558 0.8181 0.1473
vn 0.6301 0.7685 0.1110
vn 0.6437 0.7264 0.2406
vn 0.6437 0.7264 0.2406
vn 0.6301 0.7685 0.1110
vn 0.6672 0.7352 0.1196
vn 0.6672 0.7352 0.1196
vn 0.6850 0.7166 0.1318
vn 0.6437 0.7264 0.2406
vn 0.6850 0.7166 0.1318
vn 0.6657 0.7105 0.2281
vn 0.6437 0.7264 0.2406
vn 0.6102 0.7623 0.2159
vn 0.6437 0.7264 0.2406
vn 0.6657 0.7105 0.2281
vn 0.6657 0.7105 0.2281
vn 0.5157 0.8228 0.2391
vn 0.6102 0.7623 0.2159
vn 0.6102 0.7623 0.2159
vn 0.5157 0.8228 0.2391
vn 0.4931 0.8418 0.2195
vn 0.4931 0.8418 0.2195
vn 0.3903 0.8849 0.2543
vn 0.6102 0.7623 0.2159
vn 0.3790 0.9015 0.2088
vn 0.3571 0.9190 0.1668
vn 0.3775 0.9104 0.1695
vn 0.3775 0.9104 0.1695
vn 0.3997 0.8911 0.2149
vn 0.3790 0.9015 0.2088
vn 0.4005 0.8909 0.2143
vn 0.3997 0.8911 0.2149
vn 0.3775 0.9104 0.1695
vn 0.4005 0.8909 0.2143
vn 0.3775 0.9104 0.1695
vn 0.3834 0.9088 0.1646
vn 0.3296 0.9241 0.1933
vn 0.3058 0.9408 0.1458
vn 0.3571 0.9190 0.1668
vn 0.2644 0.9518 0.1558
vn 0.3058 0.9408 0.1458
vn 0.3296 0.9241 0.1933
vn 0.2803 0.9422 0.1833
vn 0.1088 0.9868 0.1195
vn 0.0536 0.9653 0.2555
vn 0.0542 0.9913 0.1199
vn 0.0719 0.9890 0.1290
vn 0.0620 0.9903 0.1240
vn 0.1035 0.9844 0.1419
vn 0.0620 0.9903 0.1240
vn 0.0719 0.9890 0.1290
vn 0.1088 0.9868 0.1195
vn 0.1035 0.9844 0.1419
vn 0.0719 0.9890 0.1290
vn 0.1088 0.9868 0.1195
vn 0.0719 0.9890 0.1290
vn -0.0420 0.9975 0.0566
vn 0.0107 0.9949 0.1003
vn -0.0420 0.9975 0.0566
vn 0.0719 0.9890 0.1290
vn 0.0542 0.9913 0.1199
vn 0.0247 0.9941 0.1059
vn 0.0245 0.9940 0.1066
vn 0.0719 0.9890 0.1290
vn 0.0542 0.9913 0.1199
vn 0.0245 0.9940 0.1066
vn 0.0245 0.9940 0.1066
vn 0.0215 0.9942 0.1054
vn 0.0719 0.9890 0.1290
vn 0.0719 0.9890 0.1290
vn 0.0215 0.9942 0.1054
vn 0.0107 0.9949 0.1003
vn 0.1426 0.9770 0.1584
vn 0.1161 0.9845 0.1317
vn 0.0928 0.9862 0.1375
vn 0.0620 0.9903 0.1240
vn 0.0928 0.9862 0.1375
vn 0.1161 0.9845 0.1317
vn 0.1161 0.9845 0.1317
vn 0.0542 0.9913 0.1199
vn 0.0620 0.9903 0.1240
vn 0.2803 0.9422 0.1833
vn 0.3467 0.9158 0.2026
vn 0.3647 0.9066 0.2123
vn 0.3647 0.9066 0.2123
vn 0.3467 0.9158 0.2026
vn 0.3971 0.8920 0.2158
vn 0.4931 0.8418 0.2195
vn 0.4170 0.8822 0.2188
vn 0.3834 0.9088 0.1646
vn 0.3834 0.9088 0.1646
vn 0.4170 0.8822 0.2188
vn 0.4005 0.8909 0.2143
vn 0.4005 0.8909 0.2143
vn 0.4170 0.8822 0.2188
vn 0.5031 0.8380 0.2111
vn 0.5031 0.8380 0.2111
vn 0.4174 0.8815 0.2206
vn 0.4005 0.8909 0.2143
vn 0.3997 0.8911 0.2149
vn 0.4005 0.8909 0.2143
vn 0.4174 0.8815 0.2206
vn 0.4174 0.8815 0.2206
vn 0.4123 0.8844 0.2185
vn 0.3997 0.8911 0.2149
vn 0.6706 0.7176 0.1878
vn 0.4715 0.8507 0.2321
vn 0.4931 0.8418 0.2195
vn 0.4170 0.8822 0.2188
vn 0.4931 0.8418 0.2195
vn 0.4715 0.8507 0.2321
vn 0.4715 0.8507 0.2321
vn 0.5031 0.8380 0.2111
vn 0.4170 0.8822 0.2188
vn 0.4931 0.8418 0.2195
vn 0.5157 0.8228 0.2391
vn 0.6706 0.7176 0.1878
vn 0.9822 0.1206 0.1444
vn 0.9787 0.1385 0.1516
vn 0.8819 0.2279 0.4127
vn 0.8819 0.2279 0.4127
vn 0.8362 0.3968 0.3785
vn 0.9822 0.1206 0.1444
vn 0.9787 0.1385 0.1516
vn 0.9751 0.1556 0.1582
vn 0.9749 0.1562 0.1585
vn 0.9720 0.1692 0.1633
vn 0.9688 0.1823 0.1682
vn 0.9672 0.1880 0.1706
vn 0.9672 0.1880 0.1706
vn 0.8484 0.1329 0.5123
vn 0.9720 0.1692 0.1633
vn 0.9751 0.1556 0.1582
vn 0.9720 0.1692 0.1633
vn 0.8484 0.1329 0.5123
vn 0.9589 0.2184 0.1813
vn 0.8885 0.0918 0.4497
vn 0.9613 0.2101 0.1783
vn 0.9659 0.1932 0.1723
vn 0.9613 0.2101 0.1783
vn 0.8885 0.0918 0.4497
vn 0.9659 0.1932 0.1723
vn 0.8885 0.0918 0.4497
vn 0.9672 0.1880 0.1706
vn 0.9688 0.1823 0.1682
vn 0.9659 0.1932 0.1723
vn 0.9672 0.1880 0.1706
vn 0.9613 0.2101 0.1783
vn 0.9588 0.2188 0.1814
vn 0.9589 0.2184 0.1813
vn 0.9588 0.2188 0.1814
vn 0.9613 0.2101 0.1783
vn 0.9611 0.2162 0.1720
vn 0.9613 0.2101 0.1783
vn 0.9659 0.1932 0.1723
vn 0.9611 0.2162 0.1720
vn 0.9661 0.1983 0.1655
vn 0.9611 0.2162 0.1720
vn 0.9659 0.1932 0.1723
vn 0.9659 0.1932 0.1723
vn 0.9688 0.1823 0.1682
vn 0.9661 0.1983 0.1655
vn 0.9688 0.1823 0.1682
vn 0.9720 0.1692 0.1633
vn 0.9661 0.1983 0.1655
vn 0.9597 0.2388 0.1481
vn 0.9661 0.1983 0.1655
vn 0.9720 0.1692 0.1633
vn 0.9720 0.1692 0.1633
vn 0.9751 0.1556 0.1582
vn 0.9597 0.2388 0.1481
vn 0.9751 0.1556 0.1582
vn 0.9798 0.1332 0.1494
vn 0.9597 0.2388 0.1481
vn 0.9751 0.1556 0.1582
vn 0.9787 0.1385 0.1516
vn 0.9798 0.1332 0.1494
vn 0.9787 0.1385 0.1516
vn 0.9822 0.1206 0.1444
vn 0.9798 0.1332 0.1494
vn 0.9822 0.1206 0.1444
vn 0.9845 0.1076 0.1388
vn 0.9798 0.1332 0.1494
vn 0.8891 0.0478 0.4552
vn 0.9589 0.2184 0.1813
vn 0.9588 0.2188 0.1814
vn 0.9588 0.2188 0.1814
vn 0.9545 0.2329 0.1863
vn 0.8891 0.0478 0.4552
vn 0.9514 0.2426 0.1897
vn 0.8891 0.0478 0.4552
vn 0.9545 0.2329 0.1863
vn 0.9545 0.2329 0.1863
vn 0.9495 0.2485 0.1915
vn 0.9514 0.2426 0.1897
vn 0.9457 0.2599 0.1953
vn 0.9422 0.2698 0.1987
vn 0.9176 -0.0704 0.3912
vn 0.9495 0.2485 0.1915
vn 0.9457 0.2599 0.1953
vn 0.9176 -0.0704 0.3912
vn 0.9176 -0.0704 0.3912
vn 0.9514 0.2426 0.1897
vn 0.9495 0.2485 0.1915
vn 0.9457 0.2599 0.1953
vn 0.9409 0.2735 0.1997
vn 0.9422 0.2698 0.1987
vn 0.8746 -0.4609 0.1503
vn 0.9422 0.2698 0.1987
vn 0.9409 0.2735 0.1997
vn 0.9409 0.2735 0.1997
vn 0.9353 0.2888 0.2045
vn 0.8746 -0.4609 0.1503
vn 0.3971 0.8920 0.2158
vn 0.4123 0.8844 0.2185
vn 0.3647 0.9066 0.2123
vn 0.3790 0.9015 0.2088
vn 0.4123 0.8844 0.2185
vn 0.3971 0.8920 0.2158
vn 0.3971 0.8920 0.2158
vn 0.3732 0.9042 0.2076
vn 0.3790 0.9015 0.2088
vn 0.3790 0.9015 0.2088
vn 0.3732 0.9042 0.2076
vn 0.3571 0.9190 0.1668
vn 0.3571 0.9190 0.1668
vn 0.3732 0.9042 0.2076
vn 0.3296 0.9241 0.1933
vn 0.3467 0.9158 0.2026
vn 0.3296 0.9241 0.1933
vn 0.3732 0.9042 0.2076
vn 0.3467 0.9158 0.2026
vn 0.2803 0.9422 0.1833
vn 0.3296 0.9241 0.1933
vn 0.1088 0.9868 0.1195
vn 0.2803 0.9422 0.1833
vn 0.2597 0.9460 0.1942
vn 0.1088 0.9868 0.1195
vn 0.2014 0.9635 0.1764
vn 0.1035 0.9844 0.1419
vn 0.2014 0.9635 0.1764
vn 0.1977 0.9631 0.1826
vn 0.1035 0.9844 0.1419
vn -0.0420 0.9975 0.0566
vn 0.0536 0.9653 0.2555
vn 0.1088 0.9868 0.1195
vn 0.1035 0.9844 0.1419
vn 0.1114 0.9831 0.1450
vn 0.0928 0.9862 0.1375
vn 0.0928 0.9862 0.1375
vn 0.1114 0.9831 0.1450
vn 0.1426 0.9770 0.1584
vn 0.1704 0.9704 0.1714
vn 0.1426 0.9770 0.1584
vn 0.1114 0.9831 0.1450
vn 0.1704 0.9704 0.1714
vn 0.4155 0.8952 0.1611
vn 0.1426 0.9770 0.1584
vn 0.4155 0.8952 0.1611
vn 0.1704 0.9704 0.1714
vn 0.1977 0.9631 0.1826
vn 0.4155 0.8952 0.1611
vn 0.1977 0.9631 0.1826
vn 0.2597 0.9460 0.1942
vn 0.1977 0.9631 0.1826
vn 0.1114 0.9831 0.1450
vn 0.1035 0.9844 0.1419
vn 0.1114 0.9831 0.1450
vn 0.1977 0.9631 0.1826
vn 0.1704 0.9704 0.1714
vn 0.2014 0.9635 0.1764
vn 0.2597 0.9460 0.1942
vn 0.1977 0.9631 0.1826
vn 0.2597 0.9460 0.1942
vn 0.2014 0.9635 0.1764
vn 0.1088 0.9868 0.1195
vn 0.2597 0.9460 0.1942
vn 0.9056 0.4146 0.0898
vn 0.4155 0.8952 0.1611
vn 0.9056 0.4146 0.0898
vn 0.2597 0.9460 0.1942
vn 0.2803 0.9422 0.1833
vn 0.3647 0.9066 0.2123
vn 0.9056 0.4146 0.0898
vn 0.2803 0.9422 0.1833
vn 0.2803 0.9422 0.1833
vn 0.2644 0.9518 0.1558
vn 0.3296 0.9241 0.1933
vn 0.4679 -0.8762 -0.1156
vn 0.8746 -0.4609 0.1503
vn 0.4679 -0.8762 -0.1156
vn 0.9514 0.2426 0.1897
vn 0.9176 -0.0704 0.3912
vn 0.8891 0.0478 0.4552
vn 0.8891 0.0478 0.4552
vn 0.8885 0.0918 0.4497
vn 0.9589 0.2184 0.1813
vn 0.9749 0.1562 0.1585
vn 0.8484 0.1329 0.5123
vn 0.8819 0.2279 0.4127
vn 0.7494 0.2654 0.6066
vn 0.0317 0.5072 0.8612
vn 0.0317 0.5072 0.8612
vn -0.0122 0.1489 0.9888
vn -0.0122 0.1489 0.9888
vn -0.0122 0.1489 0.9888
vn 0.0161 -0.1989 0.9799
vn 0.0161 -0.1989 0.9799
vn 0.0161 -0.1989 0.9799
vn 0.9422 0.2698 0.1987
vn 0.8746 -0.4609 0.1503
vn 0.9176 -0.0704 0.3912
vn 0.9672 0.1880 0.1706
vn 0.8885 0.0918 0.4497
vn 0.8484 0.1329 0.5123
vn 0.1156 -0.4827 0.8681
vn 0.1156 -0.4827 0.8681
vn 0.1156 -0.4827 0.8681
vn 0.4386 -0.8056 0.3983
vn 0.4386 -0.8056 0.3983
vn 0.8746 -0.4609 0.1503
vn 0.6247 -0.7780 0.0671
vn 0.8746 -0.4609 0.1503
vn 0.6247 -0.7780 0.0671
vn 0.1079 -0.4684 0.8769
vn 0.1079 -0.4684 0.8769
vn 0.1079 -0.4684 0.8769
vn 0.1879 0.8348 0.5176
vn 0.8362 0.3968 0.3785
vn 0.7494 0.2654 0.6066
vn 0.5822 0.7761 -0.2424
vn 0.9533 0.2499 -0.1697
vn 0.9034 0.4283 0.0186
vn 0.8497 0.5262 0.0350
vn 0.9034 0.4283 0.0186
vn 0.9533 0.2499 -0.1697
vn 0.0267 -0.8559 -0.5165
vn 0.0267 -0.8559 -0.5165
vn 0.0267 -0.8559 -0.5165
vn -0.7504 -0.6179 0.2348
vn -0.4398 -0.8655 0.2399
vn -0.7504 -0.6179 0.2348
vn -0.6562 0.7524 -0.0573
vn -0.6562 0.7524 -0.0573
vn -0.6562 0.7524 -0.0573
vn 0.5369 0.0643 -0.8412
vn 0.5369 0.0643 -0.8412
vn 0.5369 0.0643 -0.8412
vn 0.9533 0.2499 -0.1697
vn 0.9623 0.1910 0.1935
vn 0.9891 -0.0685 -0.1301
vn 0.9533 0.2499 -0.1697
vn 0.9891 -0.0685 -0.1301
vn 0.9592 -0.0206 0.2819
vn 0.0583 0.9983 0.0000
vn 0.0887 0.9961 0.0001
vn 0.0577 0.9983 0.0007
vn 0.0583 0.9983 0.0000
vn 0.0577 0.9983 0.0007
vn 0.0817 0.9967 0.0002
vn 0.0817 0.9967 0.0002
vn 0.0347 0.9994 0.0023
vn 0.0583 0.9983 0.0000
vn 0.1272 0.9919 0.0001
vn 0.1297 0.9916 0.0006
vn 0.1164 0.9932 -0.0008
vn 0.1272 0.9919 0.0001
vn 0.1164 0.9932 -0.0008
vn 0.0887 0.9961 0.0001
vn 0.0887 0.9961 0.0001
vn 0.0941 0.9956 -0.0000
vn 0.1272 0.9919 0.0001
vn 0.0583 0.9983 0.0000
vn 0.0941 0.9956 -0.0000
vn 0.0887 0.9961 0.0001
vn 0.1297 0.9916 0.0006
vn 0.1272 0.9919 0.0001
vn 0.1786 0.9839 0.0005
vn 0.2353 0.9719 0.0012
vn 0.6154 0.7623 0.2005
vn 0.1297 0.9916 0.0006
vn 0.1297 0.9916 0.0006
vn 0.1786 0.9839 0.0005
vn 0.2353 0.9719 0.0012
vn 0.2353 0.9719 0.0012
vn 0.1822 0.7871 0.5893
vn 0.2934 0.9560 0.0004
vn 0.2353 0.9719 0.0012
vn 0.2934 0.9560 0.0004
vn 0.6154 0.7623 0.2005
vn 0.2934 0.9560 0.0004
vn 0.1822 0.7871 0.5893
vn 0.2492 0.9684 0.0002
vn 0.3100 0.9507 0.0009
vn 0.2934 0.9560 0.0004
vn 0.2492 0.9684 0.0002
vn 0.2492 0.9684 0.0002
vn 0.3230 0.9464 0.0003
vn 0.3100 0.9507 0.0009
vn 0.3308 0.9437 0.0005
vn 0.3100 0.9507 0.0009
vn 0.3230 0.9464 0.0003
vn 0.3499 0.9368 0.0003
vn 0.3230 0.9464 0.0003
vn 0.3396 0.9406 0.0010
vn 0.3230 0.9464 0.0003
vn 0.3499 0.9368 0.0003
vn 0.3308 0.9437 0.0005
vn 0.3952 0.9186 0.0011
vn 0.4239 0.9057 0.0000
vn 0.4019 0.9157 0.0003
vn 0.3499 0.9368 0.0003
vn 0.3396 0.9406 0.0010
vn 0.3618 0.9323 0.0009
vn 0.3757 0.9267 0.0003
vn 0.3499 0.9368 0.0003
vn 0.3618 0.9323 0.0009
vn 0.3618 0.9323 0.0009
vn 0.3952 0.9186 0.0011
vn 0.3757 0.9267 0.0003
vn 0.4019 0.9157 0.0003
vn 0.3757 0.9267 0.0003
vn 0.3952 0.9186 0.0011
vn 0.4239 0.9057 0.0000
vn 0.3952 0.9186 0.0011
vn 0.4276 0.9039 0.0144
vn 0.5558 0.8181 0.1473
vn 0.3536 0.9354 0.0019
vn 0.4770 0.8789 0.0011
vn 0.4276 0.9039 0.0144
vn 0.4590 0.8884 0.0022
vn 0.4239 0.9057 0.0000
vn 0.4572 0.8893 -0.0000
vn 0.4239 0.9057 0.0000
vn 0.4590 0.8884 0.0022
vn 0.4590 0.8884 0.0022
vn 0.4770 0.8789 0.0011
vn 0.4572 0.8893 -0.0000
vn 0.3536 0.9354 0.0019
vn 0.4572 0.8893 -0.0000
vn 0.4770 0.8789 0.0011
vn 0.9853 0.1705 -0.0003
vn 0.6160 0.7877 0.0000
vn 0.5558 0.8181 0.1473
vn 0.5300 0.8480 0.0003
vn 0.5568 0.8306 0.0003
vn 0.5231 0.8523 0.0008
vn 0.4770 0.8789 0.0011
vn 0.5131 0.8583 0.0013
vn 0.6160 0.7877 0.0000
vn 0.5131 0.8583 0.0013
vn 0.5291 0.8486 0.0008
vn 0.6160 0.7877 0.0000
vn 0.5185 0.8551 0.0005
vn 0.6160 0.7877 0.0000
vn 0.5291 0.8486 0.0008
vn 0.5291 0.8486 0.0008
vn 0.5300 0.8480 0.0003
vn 0.5185 0.8551 0.0005
vn 0.5231 0.8523 0.0008
vn 0.5185 0.8551 0.0005
vn 0.5300 0.8480 0.0003
vn 0.5568 0.8306 0.0003
vn 0.5300 0.8480 0.0003
vn 0.5693 0.8221 0.0006
vn 0.5693 0.8221 0.0006
vn 0.5763 0.8172 0.0004
vn 0.5568 0.8306 0.0003
vn 0.5445 0.8387 0.0009
vn 0.5568 0.8306 0.0003
vn 0.5763 0.8172 0.0004
vn 0.5763 0.8172 0.0004
vn 0.5930 0.8052 0.0005
vn 0.5445 0.8387 0.0009
vn 0.5930 0.8052 0.0005
vn 0.6301 0.7685 0.1110
vn 0.5445 0.8387 0.0009
vn 0.6202 0.7844 0.0004
vn 0.6391 0.7692 0.0011
vn 0.6634 0.7483 0.0004
vn 0.6391 0.7692 0.0011
vn 0.6983 0.7158 0.0005
vn 0.6634 0.7483 0.0004
vn 0.5930 0.8052 0.0005
vn 0.6634 0.7483 0.0004
vn 0.6983 0.7158 0.0005
vn 0.5930 0.8052 0.0005
vn 0.6983 0.7158 0.0005
vn 0.6301 0.7685 0.1110
vn 0.6547 0.7559 0.0003
vn 0.6910 0.7228 0.0008
vn 0.6822 0.7311 0.0003
vn 0.6547 0.7559 0.0003
vn 0.6822 0.7311 0.0003
vn 0.7500 0.6615 0.0007
vn 0.6547 0.7559 0.0003
vn 0.7500 0.6615 0.0007
vn 0.6672 0.7352 0.1196
vn 0.6634 0.7483 0.0004
vn 0.6177 0.7762 0.1263
vn 0.6202 0.7844 0.0004
vn 0.6177 0.7762 0.1263
vn 0.6547 0.7559 0.0003
vn 0.6202 0.7844 0.0004
vn 0.6672 0.7352 0.1196
vn 0.6202 0.7844 0.0004
vn 0.6547 0.7559 0.0003
vn 0.6822 0.7311 0.0003
vn 0.6910 0.7228 0.0008
vn 0.7271 0.6865 0.0010
vn 0.6850 0.7166 0.1318
vn 0.6822 0.7311 0.0003
vn 0.7271 0.6865 0.0010
vn 0.7738 0.6334 0.0008
vn 0.6850 0.7166 0.1318
vn 0.7271 0.6865 0.0010
vn 0.7271 0.6865 0.0010
vn 0.7406 0.6719 0.0032
vn 0.7738 0.6334 0.0008
vn 0.7738 0.6334 0.0008
vn 0.7406 0.6719 0.0032
vn 0.7771 0.6294 0.0000
vn 0.7771 0.6294 0.0000
vn 0.7816 0.6231 0.0303
vn 0.7972 0.6038 0.0005
vn 0.7771 0.6294 0.0000
vn 0.7972 0.6038 0.0005
vn 0.7875 0.6163 0.0004
vn 0.7771 0.6294 0.0000
vn 0.7875 0.6163 0.0004
vn 0.7738 0.6334 0.0008
vn 0.8292 0.5590 0.0082
vn 0.9849 0.1732 0.0044
vn 0.8365 0.5479 0.0009
vn 0.8176 0.5757 0.0001
vn 0.8365 0.5479 0.0009
vn 0.8277 0.5612 0.0016
vn 0.7972 0.6038 0.0005
vn 0.7816 0.6231 0.0303
vn 0.8176 0.5757 0.0001
vn 0.8277 0.5612 0.0016
vn 0.7972 0.6038 0.0005
vn 0.8176 0.5757 0.0001
vn 0.8176 0.5757 0.0001
vn 0.8292 0.5590 0.0082
vn 0.8365 0.5479 0.0009
vn 0.9849 0.1732 0.0044
vn 0.8715 0.4904 0.0023
vn 0.8640 0.5034 0.0039
vn 0.8640 0.5034 0.0039
vn 0.8365 0.5479 0.0009
vn 0.9849 0.1732 0.0044
vn 0.7389 -0.6738 0.0082
vn 0.7389 -0.6738 0.0082
vn 0.7389 -0.6738 0.0082
vn 0.4066 0.9136 0.0001
vn 0.7628 0.6466 0.0019
vn 0.8715 0.4904 0.0023
vn 0.8811 0.4721 0.0277
vn 0.8715 0.4904 0.0023
vn 0.7628 0.6466 0.0019
vn 0.9196 0.3928 0.0002
vn 0.8811 0.4721 0.0277
vn 0.7628 0.6466 0.0019
vn 0.7628 0.6466 0.0019
vn 0.9110 0.4124 0.0088
vn 0.9196 0.3928 0.0002
vn 0.9110 0.4124 0.0088
vn 0.9324 0.3614 0.0002
vn 0.9196 0.3928 0.0002
vn 0.9309 0.3654 -0.0004
vn 0.9196 0.3928 0.0002
vn 0.9324 0.3614 0.0002
vn 0.9448 0.3276 0.0001
vn 0.9309 0.3654 -0.0004
vn 0.9324 0.3614 0.0002
vn 0.9324 0.3614 0.0002
vn 0.9479 0.3147 0.0496
vn 0.9448 0.3276 0.0001
vn 0.9533 0.3021 0.0001
vn 0.9603 0.2791 0.0013
vn 0.9522 0.3055 0.0011
vn 0.9479 0.3147 0.0496
vn 0.9533 0.3021 0.0001
vn 0.9448 0.3276 0.0001
vn 0.9522 0.3055 0.0011
vn 0.9448 0.3276 0.0001
vn 0.9533 0.3021 0.0001
vn 0.9533 0.3021 0.0001
vn 0.9665 0.2566 0.0003
vn 0.9603 0.2791 0.0013
vn 0.9689 0.2476 0.0016
vn 0.9603 0.2791 0.0013
vn 0.9665 0.2566 0.0003
vn 0.9665 0.2566 0.0003
vn 0.9745 0.2246 0.0004
vn 0.9689 0.2476 0.0016
vn 0.9779 0.2089 0.0022
vn 0.9723 0.2339 0.0031
vn 0.9745 0.2246 0.0004
vn 0.9745 0.2246 0.0004
vn 0.9820 0.1886 0.0041
vn 0.9779 0.2089 0.0022
vn 0.9723 0.2339 0.0031
vn 0.9689 0.2476 0.0016
vn 0.9745 0.2246 0.0004
vn 0.9830 0.1834 0.0025
vn 0.9779 0.2089 0.0022
vn 0.9820 0.1886 0.0041
vn 0.9898 0.1423 0.0027
vn 0.9857 0.1684 0.0042
vn 0.9879 0.1550 0.0005
vn 0.9879 0.1550 0.0005
vn 0.9929 0.1187 0.0003
vn 0.9898 0.1423 0.0027
vn 0.9820 0.1886 0.0041
vn 0.9879 0.1550 0.0005
vn 0.9830 0.1834 0.0025
vn 0.9857 0.1684 0.0042
vn 0.9830 0.1834 0.0025
vn 0.9879 0.1550 0.0005
vn 0.9931 0.1166 0.0084
vn 0.9898 0.1423 0.0027
vn 0.9929 0.1187 0.0003
vn 0.9929 0.1187 0.0003
vn 0.9964 0.0852 0.0002
vn 0.9931 0.1166 0.0084
vn 0.9979 0.0654 -0.0001
vn 0.9931 0.1166 0.0084
vn 0.9964 0.0852 0.0002
vn 0.9964 0.0852 0.0002
vn 0.9990 0.0440 0.0002
vn 0.9979 0.0654 -0.0001
vn 0.9993 0.0382 0.0004
vn 0.9979 0.0654 -0.0001
vn 0.9990 0.0440 0.0002
vn 0.9996 0.0282 0.0003
vn 0.9993 0.0382 0.0004
vn 0.9990 0.0440 0.0002
vn 0.9990 0.0440 0.0002
vn 0.9997 0.0241 0.0004
vn 0.9996 0.0282 0.0003
vn 0.9980 0.0627 0.0001
vn 0.9996 0.0282 0.0003
vn 0.9997 0.0241 0.0004
vn 0.9997 0.0241 0.0004
vn 0.9993 0.0379 0.0034
vn 0.9980 0.0627 0.0001
vn 0.9013 0.3762 0.2147
vn 0.9147 0.3443 0.2118
vn 0.8549 0.4812 0.1938
vn 0.9821 0.1394 0.1268
vn 0.9948 0.0186 0.0999
vn 0.9957 0.0026 0.0924
vn 0.2719 0.9619 0.0277
vn 0.0279 0.9993 0.0262
vn 0.7237 0.6864 0.0719
vn 0.0279 0.9993 0.0262
vn 0.2719 0.9619 0.0277
vn 0.1443 0.9895 0.0110
vn 0.0279 0.9993 0.0262
vn 0.1443 0.9895 0.0110
vn 0.0274 0.9996 0.0005
vn 0.7237 0.6864 0.0719
vn 0.3603 0.9322 0.0336
vn 0.2719 0.9619 0.0277
vn 0.7237 0.6864 0.0719
vn 0.5708 0.8196 0.0487
vn 0.4774 0.8777 0.0416
vn 0.7237 0.6864 0.0719
vn 0.7418 0.6675 0.0644
vn 0.6611 0.7482 0.0563
vn 0.7237 0.6864 0.0719
vn 0.6611 0.7482 0.0563
vn 0.5708 0.8196 0.0487
vn 0.7237 0.6864 0.0719
vn 0.8079 0.5849 0.0723
vn 0.7418 0.6675 0.0644
vn 0.7237 0.6864 0.0719
vn 0.8805 0.4668 0.0826
vn 0.8079 0.5849 0.0723
vn 0.9821 0.1394 0.1268
vn 0.9957 0.0026 0.0924
vn 0.9891 0.1145 0.0927
vn 0.9821 0.1394 0.1268
vn 0.9891 0.1145 0.0927
vn 0.9703 0.2243 0.0907
vn 0.9821 0.1394 0.1268
vn 0.9703 0.2243 0.0907
vn 0.9317 0.3509 0.0940
vn 0.9317 0.3509 0.0940
vn 0.7237 0.6864 0.0719
vn 0.9821 0.1394 0.1268
vn 0.7237 0.6864 0.0719
vn 0.9317 0.3509 0.0940
vn 0.8805 0.4668 0.0826
vn 0.9597 0.2388 0.1481
vn 0.9798 0.1332 0.1494
vn 0.9845 0.1076 0.1388
vn 0.9611 0.2162 0.1720
vn 0.9661 0.1983 0.1655
vn 0.9164 0.3731 0.1450
vn 0.9394 0.2855 0.1900
vn 0.9484 0.2563 0.1866
vn 0.9027 0.3949 0.1711
vn 0.9403 0.2752 0.2001
vn 0.9394 0.2855 0.1900
vn 0.9245 0.3236 0.2015
vn 0.7581 0.6067 0.2392
vn 0.1144 0.9932 0.0217
vn 0.7512 0.6079 0.2572
vn 0.7581 0.6067 0.2392
vn 0.7512 0.6079 0.2572
vn 0.8009 0.5402 0.2583
vn 0.7353 0.6456 0.2063
vn 0.1144 0.9932 0.0217
vn 0.7581 0.6067 0.2392
vn 0.1144 0.9932 0.0217
vn 0.7353 0.6456 0.2063
vn 0.1567 0.9871 0.0320
vn 0.8693 0.4432 0.2188
vn 0.1567 0.9871 0.0320
vn 0.7353 0.6456 0.2063
vn 0.8693 0.4432 0.2188
vn 0.7353 0.6456 0.2063
vn 0.8797 0.4127 0.2363
vn 0.8616 0.4695 0.1928
vn 0.8693 0.4432 0.2188
vn 0.9013 0.3762 0.2147
vn 0.9245 0.3236 0.2015
vn 0.1567 0.9871 0.0320
vn 0.9147 0.3443 0.2118
vn 0.9245 0.3236 0.2015
vn 0.9394 0.2855 0.1900
vn 0.9057 0.3891 0.1683
vn 0.9092 0.3832 0.1630
vn 0.9484 0.2563 0.1866
vn 0.9545 0.2390 0.1784
vn 0.7237 0.6864 0.0719
vn 0.0279 0.9993 0.0262
vn 0.1567 0.9871 0.0320
vn 0.9611 0.2162 0.1720
vn 0.9134 0.3765 0.1549
vn 0.9545 0.2390 0.1784
vn 0.9134 0.3685 0.1727
vn 0.9661 0.1983 0.1655
vn 0.9597 0.2388 0.1481
vn 0.9040 0.4116 0.1157
vn 0.9597 0.2388 0.1481
vn 0.7237 0.6864 0.0719
vn 0.9821 0.1394 0.1268
vn 0.7237 0.6864 0.0719
vn 0.9597 0.2388 0.1481
vn 0.9597 0.2388 0.1481
vn 0.9845 0.1076 0.1388
vn 0.9821 0.1394 0.1268
vn 0.9821 0.1394 0.1268
vn 0.9912 0.0589 0.1185
vn 0.9934 0.0364 0.1084
vn 0.7237 0.6864 0.0719
vn 0.4774 0.8777 0.0416
vn 0.3603 0.9322 0.0336
vn 0.9948 0.0186 0.0999
vn 0.9821 0.1394 0.1268
vn 0.9934 0.0364 0.1084
vn 0.9957 0.0026 0.0924
vn 0.9958 0.0001 0.0921
vn 0.9931 0.0735 0.0912
vn 0.9931 0.0735 0.0912
vn 0.9891 0.1145 0.0927
vn 0.9957 0.0026 0.0924
vn 0.9931 0.0735 0.0912
vn 0.9818 0.1673 0.0897
vn 0.9891 0.1145 0.0927
vn 0.9818 0.1673 0.0897
vn 0.9703 0.2243 0.0907
vn 0.9891 0.1145 0.0927
vn 0.9818 0.1673 0.0897
vn 0.9612 0.2643 0.0795
vn 0.9703 0.2243 0.0907
vn 0.9317 0.3509 0.0940
vn 0.9703 0.2243 0.0907
vn 0.9612 0.2643 0.0795
vn 0.9612 0.2643 0.0795
vn 0.9380 0.3357 0.0870
vn 0.9317 0.3509 0.0940
vn 0.9317 0.3509 0.0940
vn 0.9380 0.3357 0.0870
vn 0.8983 0.4304 0.0883
vn 0.8983 0.4304 0.0883
vn 0.8805 0.4668 0.0826
vn 0.9317 0.3509 0.0940
vn 0.6611 0.7482 0.0563
vn 0.7418 0.6675 0.0644
vn 0.7072 0.7027 0.0779
vn 0.7746 0.6271 0.0820
vn 0.7072 0.7027 0.0779
vn 0.7418 0.6675 0.0644
vn 0.7418 0.6675 0.0644
vn 0.8079 0.5849 0.0723
vn 0.7746 0.6271 0.0820
vn 0.8423 0.5320 0.0868
vn 0.7746 0.6271 0.0820
vn 0.8079 0.5849 0.0723
vn 0.8079 0.5849 0.0723
vn 0.8805 0.4668 0.0826
vn 0.8423 0.5320 0.0868
vn 0.8983 0.4304 0.0883
vn 0.8423 0.5320 0.0868
vn 0.8805 0.4668 0.0826
vn 0.7072 0.7027 0.0779
vn 0.6331 0.7706 0.0731
vn 0.6611 0.7482 0.0563
vn 0.5708 0.8196 0.0487
vn 0.6611 0.7482 0.0563
vn 0.6331 0.7706 0.0731
vn 0.6331 0.7706 0.0731
vn 0.5396 0.8395 0.0645
vn 0.5708 0.8196 0.0487
vn 0.4774 0.8777 0.0416
vn 0.5708 0.8196 0.0487
vn 0.5396 0.8395 0.0645
vn 0.5396 0.8395 0.0645
vn 0.4401 0.8962 0.0560
vn 0.4774 0.8777 0.0416
vn 0.3603 0.9322 0.0336
vn 0.4774 0.8777 0.0416
vn 0.4401 0.8962 0.0560
vn 0.4401 0.8962 0.0560
vn 0.2856 0.9574 0.0432
vn 0.3603 0.9322 0.0336
vn 0.2856 0.9574 0.0432
vn 0.2719 0.9619 0.0277
vn 0.3603 0.9322 0.0336
vn 0.2856 0.9574 0.0432
vn 0.2134 0.9768 0.0195
vn 0.2719 0.9619 0.0277
vn 0.2134 0.9768 0.0195
vn 0.1443 0.9895 0.0110
vn 0.2719 0.9619 0.0277
vn 0.0977 0.9952 0.0065
vn 0.0272 0.9996 0.0001
vn 0.0274 0.9996 0.0005
vn 0.0274 0.9996 0.0005
vn 0.1443 0.9895 0.0110
vn 0.0977 0.9952 0.0065
vn 0.2134 0.9768 0.0195
vn 0.0977 0.9952 0.0065
vn 0.1443 0.9895 0.0110
vn 0.0347 0.9994 0.0023
vn 0.0817 0.9967 0.0002
vn 0.1144 0.9932 0.0217
vn 0.0347 0.9994 0.0023
vn 0.1144 0.9932 0.0217
vn 0.1567 0.9871 0.0320
vn 0.0347 0.9994 0.0023
vn 0.0272 0.9996 0.0001
vn 0.0260 0.9988 0.0419
vn 0.0347 0.9994 0.0023
vn 0.1567 0.9871 0.0320
vn 0.0279 0.9993 0.0262
vn 0.0279 0.9993 0.0262
vn 0.0274 0.9996 0.0005
vn 0.0347 0.9994 0.0023
vn 0.0347 0.9994 0.0023
vn 0.0274 0.9996 0.0005
vn 0.0272 0.9996 0.0001
vn 0.4276 0.9039 0.0144
vn 0.3952 0.9186 0.0011
vn 0.1822 0.7871 0.5893
vn 0.2353 0.9719 0.0012
vn 0.1786 0.9839 0.0005
vn 0.0451 0.9744 0.2202
vn 0.1272 0.9919 0.0001
vn 0.0941 0.9956 -0.0000
vn 0.0451 0.9744 0.2202
vn 0.0451 0.9744 0.2202
vn 0.0941 0.9956 -0.0000
vn 0.0583 0.9983 0.0000
vn 0.1786 0.9839 0.0005
vn 0.1272 0.9919 0.0001
vn 0.0451 0.9744 0.2202
vn 0.1822 0.7871 0.5893
vn 0.3396 0.9406 0.0010
vn 0.3230 0.9464 0.0003
vn 0.3952 0.9186 0.0011
vn 0.3618 0.9323 0.0009
vn 0.1822 0.7871 0.5893
vn 0.3618 0.9323 0.0009
vn 0.3396 0.9406 0.0010
vn 0.1822 0.7871 0.5893
vn 0.5291 0.8486 0.0008
vn 0.5131 0.8583 0.0013
vn 0.6177 0.7762 0.1263
vn 0.6177 0.7762 0.1263
vn 0.5131 0.8583 0.0013
vn 0.4770 0.8789 0.0011
vn 0.4770 0.8789 0.0011
vn 0.4590 0.8884 0.0022
vn 0.6177 0.7762 0.1263
vn 0.6177 0.7762 0.1263
vn 0.4590 0.8884 0.0022
vn 0.4276 0.9039 0.0144
vn 0.6177 0.7762 0.1263
vn 0.5300 0.8480 0.0003
vn 0.5291 0.8486 0.0008
vn 0.6177 0.7762 0.1263
vn 0.5930 0.8052 0.0005
vn 0.5763 0.8172 0.0004
vn 0.5763 0.8172 0.0004
vn 0.5693 0.8221 0.0006
vn 0.6177 0.7762 0.1263
vn 0.6177 0.7762 0.1263
vn 0.5693 0.8221 0.0006
vn 0.5300 0.8480 0.0003
vn 0.6177 0.7762 0.1263
vn 0.6910 0.7228 0.0008
vn 0.6547 0.7559 0.0003
vn 0.6634 0.7483 0.0004
vn 0.5930 0.8052 0.0005
vn 0.6177 0.7762 0.1263
vn 0.7271 0.6865 0.0010
vn 0.6910 0.7228 0.0008
vn 0.6177 0.7762 0.1263
vn 0.6177 0.7762 0.1263
vn 0.7816 0.6231 0.0303
vn 0.7406 0.6719 0.0032
vn 0.7406 0.6719 0.0032
vn 0.7271 0.6865 0.0010
vn 0.6177 0.7762 0.1263
vn 0.7771 0.6294 0.0000
vn 0.7406 0.6719 0.0032
vn 0.7816 0.6231 0.0303
vn 0.7816 0.6231 0.0303
vn 0.8128 0.5607 0.1583
vn 0.8292 0.5590 0.0082
vn 0.8292 0.5590 0.0082
vn 0.8176 0.5757 0.0001
vn 0.7816 0.6231 0.0303
vn 0.9849 0.1732 0.0044
vn 0.8292 0.5590 0.0082
vn 0.8303 0.5355 0.1542
vn 0.8849 0.4357 0.1647
vn 0.9110 0.4124 0.0088
vn 0.7628 0.6466 0.0019
vn 0.8900 0.4231 0.1700
vn 0.9479 0.3147 0.0496
vn 0.9110 0.4124 0.0088
vn 0.9324 0.3614 0.0002
vn 0.9110 0.4124 0.0088
vn 0.9479 0.3147 0.0496
vn 0.9665 0.2566 0.0003
vn 0.9533 0.3021 0.0001
vn 0.9479 0.3147 0.0496
vn 0.9479 0.3147 0.0496
vn 0.9745 0.2246 0.0004
vn 0.9665 0.2566 0.0003
vn 0.8969 0.0809 0.4348
vn 0.9879 0.1550 0.0005
vn 0.9820 0.1886 0.0041
vn 0.9479 0.3147 0.0496
vn 0.8969 0.0809 0.4348
vn 0.9820 0.1886 0.0041
vn 0.9820 0.1886 0.0041
vn 0.9745 0.2246 0.0004
vn 0.9479 0.3147 0.0496
vn 0.9929 0.1187 0.0003
vn 0.9879 0.1550 0.0005
vn 0.8969 0.0809 0.4348
vn 0.9964 0.0852 0.0002
vn 0.9929 0.1187 0.0003
vn 0.8969 0.0809 0.4348
vn 0.9997 0.0241 0.0004
vn 0.9990 0.0440 0.0002
vn 0.8969 0.0809 0.4348
vn 0.8969 0.0809 0.4348
vn 0.9990 0.0440 0.0002
vn 0.9964 0.0852 0.0002
vn 0.8969 0.0809 0.4348
vn 0.9479 0.3147 0.0496
vn 0.4369 0.2275 0.8703
vn 0.6177 0.7762 0.1263
vn 0.4369 0.2275 0.8703
vn 0.7816 0.6231 0.0303
vn 0.0583 0.9983 0.0000
vn 0.0347 0.9994 0.0023
vn 0.0451 0.9744 0.2202
vn 0.0451 0.9744 0.2202
vn 0.1822 0.7871 0.5893
vn 0.2353 0.9719 0.0012
vn -0.3630 0.5400 0.7594
vn 0.4369 0.2275 0.8703
vn 0.1822 0.7871 0.5893
vn 0.3230 0.9464 0.0003
vn 0.2492 0.9684 0.0002
vn 0.1822 0.7871 0.5893
vn 0.4276 0.9039 0.0144
vn 0.1822 0.7871 0.5893
vn 0.6177 0.7762 0.1263
vn 0.6177 0.7762 0.1263
vn 0.1822 0.7871 0.5893
vn 0.4369 0.2275 0.8703
vn 0.8969 0.0809 0.4348
vn 0.9993 0.0379 0.0034
vn 0.9997 0.0241 0.0004
vn 0.4369 0.2275 0.8703
vn 0.6063 0.2418 0.7576
vn 0.1360 0.0216 0.9905
vn 0.5228 0.0090 0.8524
vn 0.5228 0.0090 0.8524
vn 0.4369 0.2275 0.8703
vn 0.8969 0.0809 0.4348
vn 0.4369 0.2275 0.8703
vn 0.9597 0.2542 0.1199
vn 0.9993 0.0379 0.0034
vn 0.8969 0.0809 0.4348
vn 0.9597 0.2542 0.1199
vn 0.0477 0.9983 0.0328
vn 0.0458 0.9978 0.0484
vn 0.3709 0.9280 0.0355
vn 0.0458 0.9978 0.0484
vn 0.0467 0.9966 0.0673
vn 0.3787 0.9238 0.0562
vn 0.0600 0.9933 0.0993
vn 0.0396 0.9935 0.1070
vn 0.3821 0.9218 0.0648
vn 0.0485 0.9988 0.0017
vn 0.0477 0.9983 0.0328
vn 0.3686 0.9292 0.0251
vn 0.3882 0.9187 0.0728
vn 0.0467 0.9966 0.0673
vn 0.0600 0.9933 0.0993
vn 0.3825 0.9064 0.1795
vn 0.0193 0.9994 -0.0271
vn 0.0485 0.9988 0.0017
vn 0.0193 0.9994 -0.0271
vn 0.1489 0.9035 0.4019
vn 0.1835 0.7973 0.5751
vn 0.1835 0.7973 0.5751
vn 0.4529 0.7723 0.4454
vn 0.1399 0.9379 -0.3174
vn 0.0193 0.9994 -0.0271
vn 0.1835 0.7973 0.5751
vn 0.1399 0.9379 -0.3174
vn 0.9957 -0.0001 0.0925
vn 0.9955 -0.0057 0.0948
vn 0.9957 -0.0021 0.0927
vn 0.9957 -0.0021 0.0927
vn 0.9958 -0.0001 0.0920
vn 0.9957 -0.0001 0.0925
vn 0.9958 0.0001 0.0921
vn 0.9957 0.0026 0.0924
vn 0.9957 0.0021 0.0930
vn 0.9957 -0.0001 0.0925
vn 0.9958 0.0001 0.0921
vn 0.9957 0.0021 0.0930
vn 0.9958 -0.0001 0.0920
vn 0.9958 0.0001 0.0921
vn 0.9957 -0.0001 0.0925
vn 0.0451 0.9744 0.2202
vn 0.0347 0.9994 0.0023
vn 0.0260 0.9988 0.0419
vn 0.0260 0.9988 0.0419
vn 0.0482 0.9931 0.1067
vn 0.0451 0.9744 0.2202
vn 0.1822 0.7871 0.5893
vn 0.0451 0.9744 0.2202
vn 0.0482 0.9931 0.1067
vn 0.0482 0.9931 0.1067
vn 0.0379 0.9992 0.0099
vn 0.1822 0.7871 0.5893
vn -0.3630 0.5400 0.7594
vn 0.1822 0.7871 0.5893
vn 0.1275 0.5229 0.8428
vn 0.9970 0.0003 0.0774
vn 0.9983 0.0000 0.0587
vn 0.9944 0.0244 -0.1030
vn 0.9818 0.1673 0.0897
vn 0.9931 0.0735 0.0912
vn 0.9944 0.0244 -0.1030
vn 0.9612 0.2643 0.0795
vn 0.9818 0.1673 0.0897
vn 0.9944 0.0244 -0.1030
vn 0.9944 0.0244 -0.1030
vn 0.9059 0.1381 0.4003
vn 0.9612 0.2643 0.0795
vn 0.9380 0.3357 0.0870
vn 0.9612 0.2643 0.0795
vn 0.9059 0.1381 0.4003
vn 0.9059 0.1381 0.4003
vn 0.8983 0.4304 0.0883
vn 0.9380 0.3357 0.0870
vn 0.9059 0.1381 0.4003
vn 0.8423 0.5320 0.0868
vn 0.8983 0.4304 0.0883
vn 0.7746 0.6271 0.0820
vn 0.8423 0.5320 0.0868
vn 0.9059 0.1381 0.4003
vn 0.7072 0.7027 0.0779
vn 0.7746 0.6271 0.0820
vn 0.9059 0.1381 0.4003
vn 0.6331 0.7706 0.0731
vn 0.7072 0.7027 0.0779
vn 0.9059 0.1381 0.4003
vn 0.5396 0.8395 0.0645
vn 0.6331 0.7706 0.0731
vn 0.9059 0.1381 0.4003
vn 0.4401 0.8962 0.0560
vn 0.5396 0.8395 0.0645
vn 0.4814 0.8509 0.2102
vn 0.2856 0.9574 0.0432
vn 0.4401 0.8962 0.0560
vn 0.3787 0.9069 0.1847
vn 0.1074 0.9904 0.0873
vn 0.0482 0.9931 0.1067
vn 0.2856 0.9574 0.0432
vn 0.2134 0.9768 0.0195
vn 0.2856 0.9574 0.0432
vn 0.0482 0.9931 0.1067
vn 0.2134 0.9768 0.0195
vn 0.0482 0.9931 0.1067
vn 0.0260 0.9988 0.0419
vn 0.0977 0.9952 0.0065
vn 0.2134 0.9768 0.0195
vn 0.0260 0.9988 0.0419
vn 0.0260 0.9988 0.0419
vn 0.0272 0.9996 0.0001
vn 0.0977 0.9952 0.0065
vn 0.9970 0.0003 0.0774
vn 0.9944 0.0244 -0.1030
vn 0.9931 0.0735 0.0912
vn 0.9931 0.0735 0.0912
vn 0.9958 0.0001 0.0921
vn 0.9970 0.0003 0.0774
vn -0.1722 -0.2882 0.9420
vn 0.0200 -0.0620 0.9979
vn -0.0113 -0.0171 0.9998
vn -0.6429 -0.6561 0.3952
vn -0.6429 -0.6561 0.3952
vn -0.1722 -0.2882 0.9420
vn 0.5808 -0.7483 -0.3205
vn -0.0002 -0.9839 0.1787
vn -0.0002 -0.9839 0.1787
vn 0.5581 -0.7907 -0.2517
vn 0.5581 -0.7907 -0.2517
vn 0.5808 -0.7483 -0.3205
vn 0.8817 -0.4532 0.1314
vn 0.5808 -0.7483 -0.3205
vn 0.7650 -0.0260 0.6434
vn 0.7233 0.6438 0.2496
vn 0.7233 0.6438 0.2496
vn 0.7650 -0.0260 0.6434
vn 0.6084 0.7918 0.0543
vn 0.6084 0.7918 0.0543
vn 0.6084 0.7918 0.0543
vn -0.9227 0.1286 -0.3633
vn -0.9302 0.3071 -0.2009
vn -0.9302 0.3071 -0.2009
vn -0.9252 0.3379 -0.1729
vn -0.9252 0.3379 -0.1729
vn -0.9227 0.1286 -0.3633
vn -0.1855 0.0711 0.9801
vn 0.6063 0.2418 0.7576
vn 0.4369 0.2275 0.8703
vn 0.9479 0.0390 0.3162
vn 0.7650 -0.0260 0.6434
vn 0.9479 0.0390 0.3162
vn -0.1015 -0.0024 0.9948
vn -0.1722 -0.2882 0.9420
vn -0.3630 0.5400 0.7594
vn -0.1855 0.0711 0.9801
vn 0.4369 0.2275 0.8703
vn 0.7650 -0.0260 0.6434
vn 0.4369 0.2275 0.8703
vn -0.3630 0.5400 0.7594
vn 0.7650 -0.0260 0.6434
vn 0.0251 0.0011 0.9997
vn 0.6063 0.2418 0.7576
vn 0.1458 -0.6139 0.7758
vn -0.1855 0.0711 0.9801
vn 0.0200 -0.0620 0.9979
vn -0.1722 -0.2882 0.9420
vn 0.1458 -0.6139 0.7758
vn 0.0347 0.0276 0.9990
vn 0.0347 0.0276 0.9990
vn 0.1458 -0.6139 0.7758
vn -0.1855 0.0711 0.9801
vn 0.0355 0.0101 0.9993
vn 0.0346 0.0139 0.9993
vn -0.1855 0.0711 0.9801
vn -0.1722 -0.2882 0.9420
vn 0.6063 0.2418 0.7576
vn 0.9468 0.3118 0.0802
vn 0.9468 0.3118 0.0802
vn 0.0238 0.9964 -0.0812
vn 0.0238 0.9964 -0.0812
vn 0.0238 0.9964 -0.0812
vn -0.1906 0.9707 -0.1464
vn -0.1906 0.9707 -0.1464
vn -0.1906 0.9707 -0.1464
vn -0.7744 0.6327 -0.0013
vn -0.7744 0.6327 -0.0013
vn -0.7744 0.6327 -0.0013
vn -0.9012 -0.4306 0.0495
vn -0.9012 -0.4306 0.0495
vn -0.9012 -0.4306 0.0495
vn -0.6809 -0.7309 -0.0461
vn -0.6809 -0.7309 -0.0461
vn -0.6809 -0.7309 -0.0461
vn 0.7656 -0.6416 0.0476
vn 0.7656 -0.6416 0.0476
vn 0.7656 -0.6416 0.0476
vn 0.3904 -0.9091 -0.1453
vn 0.2309 -0.4888 -0.8413
vn 0.3904 -0.9091 -0.1453
vn 0.8547 0.2604 0.4490
vn -0.1722 -0.2882 0.9420
vn 0.2318 0.1010 0.9675
vn 0.2068 0.0516 0.9770
vn -0.1722 -0.2882 0.9420
vn 0.2068 0.0516 0.9770
vn 0.4529 0.7723 0.4454
vn 0.8547 0.2604 0.4490
vn 0.7498 0.2223 -0.6232
vn 0.7498 0.2223 -0.6232
vn 0.1399 0.9379 -0.3174
vn 0.4529 0.7723 0.4454
vn 0.9059 0.1381 0.4003
vn 0.7498 0.2223 -0.6232
vn 0.8547 0.2604 0.4490
vn 0.0292 -0.9937 0.1082
vn 0.0261 -0.9939 0.1075
vn 0.0264 -0.9939 0.1075
vn 0.0292 -0.9937 0.1082
vn 0.0264 -0.9939 0.1075
vn 0.0255 -0.9939 0.1071
vn 0.0292 -0.9937 0.1082
vn 0.0046 -0.9944 0.1052
vn 0.0170 -0.9945 0.1033
vn 0.0170 -0.9945 0.1033
vn 0.0261 -0.9939 0.1075
vn 0.0292 -0.9937 0.1082
vn 0.0258 -0.9938 0.1082
vn 0.0292 -0.9937 0.1082
vn 0.0255 -0.9939 0.1071
vn 0.0292 -0.9937 0.1082
vn 0.0258 -0.9938 0.1082
vn 0.1049 -0.9881 0.1127
vn 0.0046 -0.9944 0.1052
vn 0.0292 -0.9937 0.1082
vn 0.1049 -0.9881 0.1127
vn 0.0258 -0.9938 0.1082
vn 0.0255 -0.9939 0.1071
vn 0.0420 -0.9933 0.1073
vn 0.0258 -0.9938 0.1082
vn 0.0420 -0.9933 0.1073
vn 0.0376 -0.9936 0.1066
vn 0.0268 -0.9938 0.1076
vn 0.0258 -0.9938 0.1082
vn 0.0376 -0.9936 0.1066
vn 0.0170 -0.9945 0.1033
vn 0.0304 -0.9835 0.1785
vn 0.1568 -0.9860 0.0563
vn 0.1568 -0.9860 0.0563
vn 0.0424 -0.9991 0.0035
vn 0.0170 -0.9945 0.1033
vn 0.0424 -0.9991 0.0035
vn 0.0261 -0.9939 0.1075
vn 0.0170 -0.9945 0.1033
vn 0.9777 -0.2083 0.0271
vn 1.0000 -0.0023 0.0042
vn 0.9873 -0.1576 0.0191
vn 0.9873 -0.1576 0.0191
vn 0.9735 -0.2273 0.0263
vn 0.9777 -0.2083 0.0271
vn 0.9735 -0.2273 0.0263
vn 0.9873 -0.1576 0.0191
vn 0.9567 -0.2893 0.0312
vn 0.9567 -0.2893 0.0312
vn 0.9262 -0.3752 0.0376
vn 0.9735 -0.2273 0.0263
vn 0.9262 -0.3752 0.0376
vn 0.9567 -0.2893 0.0312
vn 0.8948 -0.4439 0.0468
vn 0.8948 -0.4439 0.0468
vn 0.8685 -0.4800 0.1239
vn 0.9262 -0.3752 0.0376
vn 0.8685 -0.4800 0.1239
vn 0.8948 -0.4439 0.0468
vn 0.8132 -0.5786 0.0629
vn 0.8132 -0.5786 0.0629
vn 0.7102 -0.7003 0.0714
vn 0.8685 -0.4800 0.1239
vn 0.7102 -0.7003 0.0714
vn 0.8132 -0.5786 0.0629
vn 0.6813 -0.7273 0.0820
vn 0.6813 -0.7273 0.0820
vn 0.4982 -0.8601 0.1095
vn 0.7102 -0.7003 0.0714
vn 0.2519 -0.9621 0.1042
vn 0.2468 -0.9624 0.1133
vn 0.4982 -0.8601 0.1095
vn 0.2468 -0.9624 0.1133
vn 0.2519 -0.9621 0.1042
vn 0.1110 -0.9881 0.1069
vn 0.1110 -0.9881 0.1069
vn 0.0424 -0.9991 0.0035
vn 0.2468 -0.9624 0.1133
vn 0.1110 -0.9881 0.1069
vn 0.0255 -0.9939 0.1071
vn 0.0264 -0.9939 0.1075
vn 0.0424 -0.9991 0.0035
vn 0.1110 -0.9881 0.1069
vn 0.0264 -0.9939 0.1075
vn 0.0264 -0.9939 0.1075
vn 0.0261 -0.9939 0.1075
vn 0.0424 -0.9991 0.0035
vn 1.0000 -0.0023 0.0042
vn 0.9777 -0.2083 0.0271
vn 0.9981 -0.0193 0.0586
vn 0.1091 -0.9860 0.1261
vn 0.0376 -0.9936 0.1066
vn 0.3836 -0.9097 0.1588
vn 0.0376 -0.9936 0.1066
vn 0.0420 -0.9933 0.1073
vn 0.3836 -0.9097 0.1588
vn 0.4044 -0.8937 0.1944
vn 0.3836 -0.9097 0.1588
vn 0.8504 -0.5227 0.0599
vn 0.9837 -0.1757 0.0378
vn 0.8504 -0.5227 0.0599
vn 0.9998 0.0009 0.0179
vn 0.1110 -0.9881 0.1069
vn 0.0420 -0.9933 0.1073
vn 0.0255 -0.9939 0.1071
vn 0.0420 -0.9933 0.1073
vn 0.1110 -0.9881 0.1069
vn 0.2519 -0.9621 0.1042
vn 0.2519 -0.9621 0.1042
vn 0.3836 -0.9097 0.1588
vn 0.0420 -0.9933 0.1073
vn 0.3836 -0.9097 0.1588
vn 0.2519 -0.9621 0.1042
vn 0.4982 -0.8601 0.1095
vn 0.3836 -0.9097 0.1588
vn 0.4982 -0.8601 0.1095
vn 0.6813 -0.7273 0.0820
vn 0.6813 -0.7273 0.0820
vn 0.8504 -0.5227 0.0599
vn 0.3836 -0.9097 0.1588
vn 0.8504 -0.5227 0.0599
vn 0.6813 -0.7273 0.0820
vn 0.8132 -0.5786 0.0629
vn 0.8504 -0.5227 0.0599
vn 0.8132 -0.5786 0.0629
vn 0.8948 -0.4439 0.0468
vn 0.8504 -0.5227 0.0599
vn 0.8948 -0.4439 0.0468
vn 0.9567 -0.2893 0.0312
vn 0.8504 -0.5227 0.0599
vn 0.9567 -0.2893 0.0312
vn 0.9873 -0.1576 0.0191
vn 0.9873 -0.1576 0.0191
vn 0.9998 0.0009 0.0179
vn 0.8504 -0.5227 0.0599
vn 0.9998 0.0009 0.0179
vn 0.9873 -0.1576 0.0191
vn 1.0000 -0.0023 0.0042
vn 0.1091 -0.9860 0.1261
vn 0.0378 -0.9930 0.1122
vn 0.0376 -0.9936 0.1066
vn 0.4044 -0.8937 0.1944
vn 0.6420 -0.7667 0.0073
vn 0.8721 -0.4753 0.1163
vn 0.1091 -0.9860 0.1261
vn 0.3836 -0.9097 0.1588
vn 0.1840 -0.9675 0.1733
vn 0.1091 -0.9860 0.1261
vn 0.1840 -0.9675 0.1733
vn 0.0935 -0.9861 0.1377
vn 0.3421 -0.9174 0.2036
vn 0.3761 -0.9028 0.2085
vn 0.3777 -0.9022 0.2081
vn 0.8967 -0.3787 0.2291
vn 0.9063 -0.3589 0.2230
vn 0.9013 -0.3688 0.2271
vn 0.9957 -0.0021 0.0927
vn 0.9955 -0.0057 0.0948
vn 0.9948 -0.0177 0.1003
vn 0.9948 -0.0177 0.1003
vn 0.9939 -0.0369 0.1042
vn 0.9957 -0.0021 0.0927
vn 0.9939 -0.0369 0.1042
vn 0.9948 -0.0177 0.1003
vn 0.9931 -0.0398 0.1099
vn 0.9931 -0.0398 0.1099
vn 0.9918 -0.0590 0.1135
vn 0.9939 -0.0369 0.1042
vn 0.9918 -0.0590 0.1135
vn 0.9931 -0.0398 0.1099
vn 0.9903 -0.0665 0.1218
vn 0.9903 -0.0665 0.1218
vn 0.9892 -0.0822 0.1210
vn 0.9918 -0.0590 0.1135
vn 0.9867 -0.0952 0.1316
vn 0.9892 -0.0822 0.1210
vn 0.9903 -0.0665 0.1218
vn 0.9750 -0.1561 0.1584
vn 0.9714 -0.1714 0.1642
vn 0.9729 -0.1652 0.1616
vn 0.9645 -0.2018 0.1701
vn 0.9729 -0.1652 0.1616
vn 0.9686 -0.1827 0.1684
vn 0.9686 -0.1827 0.1684
vn 0.9651 -0.1961 0.1733
vn 0.9645 -0.2018 0.1701
vn 0.9645 -0.2018 0.1701
vn 0.9651 -0.1961 0.1733
vn 0.9617 -0.2087 0.1778
vn 0.9587 -0.2190 0.1813
vn 0.9645 -0.2018 0.1701
vn 0.9617 -0.2087 0.1778
vn 0.9617 -0.2087 0.1778
vn 0.9577 -0.2222 0.1826
vn 0.9587 -0.2190 0.1813
vn 0.9587 -0.2190 0.1813
vn 0.9577 -0.2222 0.1826
vn 0.9539 -0.2350 0.1867
vn 0.9539 -0.2350 0.1867
vn 0.9420 -0.2775 0.1889
vn 0.9587 -0.2190 0.1813
vn 0.9539 -0.2350 0.1867
vn 0.9483 -0.2521 0.1928
vn 0.9420 -0.2775 0.1889
vn 0.9420 -0.2775 0.1889
vn 0.9483 -0.2521 0.1928
vn 0.9454 -0.2607 0.1956
vn 0.9407 -0.2743 0.1995
vn 0.9420 -0.2775 0.1889
vn 0.9454 -0.2607 0.1956
vn 0.9351 -0.2894 0.2046
vn 0.9297 -0.3033 0.2089
vn 0.9272 -0.3104 0.2099
vn 0.9297 -0.3033 0.2089
vn 0.9252 -0.3146 0.2123
vn 0.9272 -0.3104 0.2099
vn 0.9272 -0.3104 0.2099
vn 0.9252 -0.3146 0.2123
vn 0.9191 -0.3293 0.2163
vn 0.9272 -0.3104 0.2099
vn 0.9191 -0.3293 0.2163
vn 0.9135 -0.3422 0.2200
vn 0.9135 -0.3422 0.2200
vn 0.8206 -0.5392 0.1894
vn 0.9272 -0.3104 0.2099
vn 0.8206 -0.5392 0.1894
vn 0.9135 -0.3422 0.2200
vn 0.9075 -0.3555 0.2236
vn 0.9075 -0.3555 0.2236
vn 0.9063 -0.3589 0.2230
vn 0.8206 -0.5392 0.1894
vn 0.8887 -0.3946 0.2334
vn 0.8802 -0.4111 0.2373
vn 0.8408 -0.4865 0.2375
vn 0.2025 -0.9781 0.0474
vn 0.8408 -0.4865 0.2375
vn 0.8509 -0.4648 0.2449
vn 0.8408 -0.4865 0.2375
vn 0.8752 -0.4205 0.2393
vn 0.8509 -0.4648 0.2449
vn 0.8408 -0.4865 0.2375
vn 0.8802 -0.4111 0.2373
vn 0.8752 -0.4205 0.2393
vn 0.8390 -0.4839 0.2489
vn 0.8289 -0.4996 0.2517
vn 0.2025 -0.9781 0.0474
vn 0.8571 -0.4671 0.2174
vn 0.8540 -0.4599 0.2432
vn 0.8473 -0.4710 0.2455
vn 0.2025 -0.9781 0.0474
vn 0.8473 -0.4710 0.2455
vn 0.8390 -0.4839 0.2489
vn 0.8289 -0.4996 0.2517
vn 0.8189 -0.5146 0.2541
vn 0.2025 -0.9781 0.0474
vn 0.2025 -0.9781 0.0474
vn 0.8189 -0.5146 0.2541
vn 0.8151 -0.5211 0.2530
vn 0.2025 -0.9781 0.0474
vn 0.8151 -0.5211 0.2530
vn 0.7928 -0.5541 0.2539
vn 0.7749 -0.5753 0.2618
vn 0.7850 -0.5620 0.2606
vn 0.7879 -0.5585 0.2594
vn 0.7879 -0.5585 0.2594
vn 0.7928 -0.5541 0.2539
vn 0.7749 -0.5753 0.2618
vn 0.7928 -0.5541 0.2539
vn 0.8195 -0.5401 0.1915
vn 0.7749 -0.5753 0.2618
vn 0.7548 -0.6015 0.2616
vn 0.6823 -0.6925 0.2343
vn 0.7532 -0.6026 0.2637
vn 0.7752 -0.5747 0.2622
vn 0.7548 -0.6015 0.2616
vn 0.7532 -0.6026 0.2637
vn 0.7532 -0.6026 0.2637
vn 0.7796 -0.5692 0.2611
vn 0.7752 -0.5747 0.2622
vn 0.7850 -0.5620 0.2606
vn 0.7752 -0.5747 0.2622
vn 0.7796 -0.5692 0.2611
vn 0.7796 -0.5692 0.2611
vn 0.7879 -0.5585 0.2594
vn 0.7850 -0.5620 0.2606
vn 0.6823 -0.6925 0.2343
vn 0.7548 -0.6015 0.2616
vn 0.7326 -0.6309 0.2555
vn 0.7694 -0.6114 0.1850
vn 0.6300 -0.7482 0.2082
vn 0.6279 -0.7494 0.2100
vn 0.6300 -0.7482 0.2082
vn 0.6397 -0.7280 0.2468
vn 0.6307 -0.7652 0.1292
vn 0.6900 -0.7135 0.1221
vn 0.6397 -0.7280 0.2468
vn 0.6300 -0.7482 0.2082
vn 0.6300 -0.7482 0.2082
vn 0.6889 -0.7037 0.1739
vn 0.6900 -0.7135 0.1221
vn 0.5650 -0.7918 0.2321
vn 0.6889 -0.7037 0.1739
vn 0.6300 -0.7482 0.2082
vn 0.6300 -0.7482 0.2082
vn 0.5047 -0.8431 0.1855
vn 0.5650 -0.7918 0.2321
vn 0.5047 -0.8431 0.1855
vn 0.4394 -0.8797 0.1821
vn 0.5650 -0.7918 0.2321
vn 0.4121 -0.8855 0.2146
vn 0.4477 -0.8649 0.2270
vn 0.4866 -0.8426 0.2306
vn 0.4046 -0.8892 0.2138
vn 0.4394 -0.8715 0.2177
vn 0.4074 -0.8868 0.2181
vn 0.4394 -0.8715 0.2177
vn 0.4046 -0.8892 0.2138
vn 0.9492 -0.3077 0.0664
vn 0.9492 -0.3077 0.0664
vn 0.4046 -0.8892 0.2138
vn 0.3765 -0.9038 0.2035
vn 0.2224 -0.9580 0.1812
vn 0.3836 -0.9097 0.1588
vn 0.4044 -0.8937 0.1944
vn 0.0935 -0.9861 0.1377
vn 0.1840 -0.9675 0.1733
vn 0.1168 -0.9820 0.1482
vn 0.1840 -0.9675 0.1733
vn 0.1890 -0.9657 0.1779
vn 0.1168 -0.9820 0.1482
vn 0.1890 -0.9657 0.1779
vn 0.1840 -0.9675 0.1733
vn 0.3836 -0.9097 0.1588
vn 0.3836 -0.9097 0.1588
vn 0.2224 -0.9580 0.1812
vn 0.1890 -0.9657 0.1779
vn 0.0268 -0.9938 0.1076
vn 0.0376 -0.9936 0.1066
vn 0.0378 -0.9930 0.1122
vn 0.0268 -0.9938 0.1076
vn 0.0378 -0.9930 0.1122
vn 0.0514 -0.9914 0.1201
vn 0.0514 -0.9914 0.1201
vn 0.0258 -0.9938 0.1082
vn 0.0268 -0.9938 0.1076
vn 0.0258 -0.9938 0.1082
vn 0.0514 -0.9914 0.1201
vn 0.1524 -0.9755 0.1587
vn 0.0046 -0.9944 0.1052
vn 0.1049 -0.9881 0.1127
vn 0.1899 -0.9214 0.3390
vn 0.3593 -0.9101 0.2063
vn 0.3761 -0.9028 0.2085
vn 0.3421 -0.9174 0.2036
vn 0.3777 -0.9022 0.2081
vn 0.3728 -0.9043 0.2081
vn 0.3421 -0.9174 0.2036
vn 0.3777 -0.9022 0.2081
vn 0.3954 -0.8933 0.2135
vn 0.3728 -0.9043 0.2081
vn 0.3728 -0.9043 0.2081
vn 0.3954 -0.8933 0.2135
vn 0.3980 -0.8921 0.2137
vn 0.3980 -0.8921 0.2137
vn 0.3879 -0.8976 0.2096
vn 0.3728 -0.9043 0.2081
vn 0.3879 -0.8976 0.2096
vn 0.3980 -0.8921 0.2137
vn 0.4080 -0.8870 0.2161
vn 0.4080 -0.8870 0.2161
vn 0.3940 -0.8948 0.2098
vn 0.3879 -0.8976 0.2096
vn 0.4080 -0.8870 0.2161
vn 0.4248 -0.8779 0.2209
vn 0.3940 -0.8948 0.2098
vn 0.4248 -0.8779 0.2209
vn 0.4325 -0.8734 0.2238
vn 0.4477 -0.8649 0.2270
vn 0.4477 -0.8649 0.2270
vn 0.4121 -0.8855 0.2146
vn 0.4248 -0.8779 0.2209
vn 0.3940 -0.8948 0.2098
vn 0.4248 -0.8779 0.2209
vn 0.4121 -0.8855 0.2146
vn 0.4121 -0.8855 0.2146
vn 0.4394 -0.8797 0.1821
vn 0.3940 -0.8948 0.2098
vn 0.4121 -0.8855 0.2146
vn 0.4866 -0.8426 0.2306
vn 0.4394 -0.8797 0.1821
vn 0.4866 -0.8426 0.2306
vn 0.5650 -0.7918 0.2321
vn 0.4394 -0.8797 0.1821
vn 0.7928 -0.5541 0.2539
vn 0.8295 -0.4979 0.2531
vn 0.8195 -0.5401 0.1915
vn 0.8295 -0.4979 0.2531
vn 0.7928 -0.5541 0.2539
vn 0.8151 -0.5211 0.2530
vn 0.8295 -0.4979 0.2531
vn 0.8151 -0.5211 0.2530
vn 0.8189 -0.5146 0.2541
vn 0.8189 -0.5146 0.2541
vn 0.8207 -0.5115 0.2544
vn 0.8295 -0.4979 0.2531
vn 0.8189 -0.5146 0.2541
vn 0.8289 -0.4996 0.2517
vn 0.8207 -0.5115 0.2544
vn 0.8289 -0.4996 0.2517
vn 0.8319 -0.4940 0.2528
vn 0.8207 -0.5115 0.2544
vn 0.8319 -0.4940 0.2528
vn 0.8289 -0.4996 0.2517
vn 0.8390 -0.4839 0.2489
vn 0.8406 -0.4798 0.2515
vn 0.8319 -0.4940 0.2528
vn 0.8390 -0.4839 0.2489
vn 0.8390 -0.4839 0.2489
vn 0.8473 -0.4710 0.2455
vn 0.8406 -0.4798 0.2515
vn 0.8473 -0.4710 0.2455
vn 0.8484 -0.4664 0.2502
vn 0.8406 -0.4798 0.2515
vn 0.8484 -0.4664 0.2502
vn 0.8473 -0.4710 0.2455
vn 0.8540 -0.4599 0.2432
vn 0.8611 -0.4480 0.2404
vn 0.8629 -0.4430 0.2432
vn 0.8509 -0.4605 0.2528
vn 0.8509 -0.4648 0.2449
vn 0.8611 -0.4480 0.2404
vn 0.8738 -0.4418 0.2030
vn 0.8653 -0.4547 0.2109
vn 0.8611 -0.4480 0.2404
vn 0.8540 -0.4599 0.2432
vn 0.8540 -0.4599 0.2432
vn 0.8611 -0.4480 0.2404
vn 0.8509 -0.4605 0.2528
vn 0.8509 -0.4605 0.2528
vn 0.8484 -0.4664 0.2502
vn 0.8540 -0.4599 0.2432
vn 0.8611 -0.4480 0.2404
vn 0.8509 -0.4648 0.2449
vn 0.8629 -0.4430 0.2432
vn 0.8509 -0.4648 0.2449
vn 0.8679 -0.4344 0.2412
vn 0.8629 -0.4430 0.2432
vn 0.8679 -0.4344 0.2412
vn 0.8509 -0.4648 0.2449
vn 0.8752 -0.4205 0.2393
vn 0.8752 -0.4205 0.2393
vn 0.8768 -0.4181 0.2374
vn 0.8679 -0.4344 0.2412
vn 0.8768 -0.4181 0.2374
vn 0.8752 -0.4205 0.2393
vn 0.8802 -0.4111 0.2373
vn 0.8802 -0.4111 0.2373
vn 0.8804 -0.4114 0.2358
vn 0.8768 -0.4181 0.2374
vn 0.8804 -0.4114 0.2358
vn 0.8802 -0.4111 0.2373
vn 0.8887 -0.3946 0.2334
vn 0.8887 -0.3946 0.2334
vn 0.8861 -0.4007 0.2330
vn 0.8804 -0.4114 0.2358
vn 0.8909 -0.3911 0.2311
vn 0.8861 -0.4007 0.2330
vn 0.8887 -0.3946 0.2334
vn 0.8887 -0.3946 0.2334
vn 0.8952 -0.3817 0.2303
vn 0.8909 -0.3911 0.2311
vn 0.8952 -0.3817 0.2303
vn 0.8965 -0.3789 0.2297
vn 0.8909 -0.3911 0.2311
vn 0.8887 -0.3946 0.2334
vn 0.8408 -0.4865 0.2375
vn 0.8967 -0.3787 0.2291
vn 0.8967 -0.3787 0.2291
vn 0.8952 -0.3817 0.2303
vn 0.8887 -0.3946 0.2334
vn 0.9013 -0.3688 0.2271
vn 0.8952 -0.3817 0.2303
vn 0.8967 -0.3787 0.2291
vn 0.8965 -0.3789 0.2297
vn 0.8952 -0.3817 0.2303
vn 0.9013 -0.3688 0.2271
vn 0.9063 -0.3589 0.2230
vn 0.9075 -0.3555 0.2236
vn 0.9013 -0.3688 0.2271
vn 0.9013 -0.3688 0.2271
vn 0.9075 -0.3555 0.2236
vn 0.9019 -0.3676 0.2268
vn 0.9019 -0.3676 0.2268
vn 0.8965 -0.3789 0.2297
vn 0.9013 -0.3688 0.2271
vn 0.9113 -0.3471 0.2215
vn 0.9135 -0.3422 0.2200
vn 0.9191 -0.3293 0.2163
vn 0.9135 -0.3422 0.2200
vn 0.9113 -0.3471 0.2215
vn 0.9080 -0.3543 0.2234
vn 0.9080 -0.3543 0.2234
vn 0.9075 -0.3555 0.2236
vn 0.9135 -0.3422 0.2200
vn 0.9080 -0.3543 0.2234
vn 0.9019 -0.3676 0.2268
vn 0.9075 -0.3555 0.2236
vn 0.9297 -0.3033 0.2089
vn 0.9351 -0.2894 0.2046
vn 0.9315 -0.3008 0.2045
vn 0.9315 -0.3008 0.2045
vn 0.9280 -0.3113 0.2049
vn 0.9297 -0.3033 0.2089
vn 0.9280 -0.3113 0.2049
vn 0.9252 -0.3146 0.2123
vn 0.9297 -0.3033 0.2089
vn 0.9252 -0.3146 0.2123
vn 0.9280 -0.3113 0.2049
vn 0.9236 -0.3186 0.2134
vn 0.9191 -0.3293 0.2163
vn 0.9252 -0.3146 0.2123
vn 0.9236 -0.3186 0.2134
vn 0.9236 -0.3186 0.2134
vn 0.9158 -0.3503 0.1964
vn 0.9191 -0.3293 0.2163
vn 0.9191 -0.3293 0.2163
vn 0.9158 -0.3503 0.1964
vn 0.9113 -0.3471 0.2215
vn 0.9351 -0.2894 0.2046
vn 0.9398 -0.2766 0.2007
vn 0.9363 -0.2875 0.2016
vn 0.9351 -0.2894 0.2046
vn 0.9363 -0.2875 0.2016
vn 0.9315 -0.3008 0.2045
vn 0.9446 -0.2642 0.1949
vn 0.9393 -0.2793 0.1993
vn 0.9398 -0.2766 0.2007
vn 0.9398 -0.2766 0.2007
vn 0.9393 -0.2793 0.1993
vn 0.9363 -0.2875 0.2016
vn 0.9272 -0.3104 0.2099
vn 0.9407 -0.2743 0.1995
vn 0.9351 -0.2894 0.2046
vn 0.9407 -0.2743 0.1995
vn 0.9398 -0.2766 0.2007
vn 0.9351 -0.2894 0.2046
vn 0.9454 -0.2607 0.1956
vn 0.9398 -0.2766 0.2007
vn 0.9407 -0.2743 0.1995
vn 0.9398 -0.2766 0.2007
vn 0.9454 -0.2607 0.1956
vn 0.9446 -0.2642 0.1949
vn 0.9446 -0.2642 0.1949
vn 0.9454 -0.2607 0.1956
vn 0.9483 -0.2521 0.1928
vn 0.9483 -0.2521 0.1928
vn 0.9423 -0.2699 0.1979
vn 0.9446 -0.2642 0.1949
vn 0.9423 -0.2699 0.1979
vn 0.9483 -0.2521 0.1928
vn 0.9539 -0.2350 0.1867
vn 0.9539 -0.2350 0.1867
vn 0.9599 -0.2789 0.0288
vn 0.9423 -0.2699 0.1979
vn 0.9596 -0.2159 0.1802
vn 0.9599 -0.2789 0.0288
vn 0.9539 -0.2350 0.1867
vn 0.9539 -0.2350 0.1867
vn 0.9577 -0.2222 0.1826
vn 0.9596 -0.2159 0.1802
vn 0.9577 -0.2222 0.1826
vn 0.9597 -0.2171 0.1786
vn 0.9596 -0.2159 0.1802
vn 0.9597 -0.2171 0.1786
vn 0.9577 -0.2222 0.1826
vn 0.9617 -0.2087 0.1778
vn 0.9628 -0.2054 0.1754
vn 0.9597 -0.2171 0.1786
vn 0.9617 -0.2087 0.1778
vn 0.9617 -0.2087 0.1778
vn 0.9651 -0.1961 0.1733
vn 0.9628 -0.2054 0.1754
vn 0.9651 -0.1961 0.1733
vn 0.9663 -0.1929 0.1707
vn 0.9628 -0.2054 0.1754
vn 0.9663 -0.1929 0.1707
vn 0.9651 -0.1961 0.1733
vn 0.9686 -0.1827 0.1684
vn 0.9729 -0.1652 0.1616
vn 0.9714 -0.1714 0.1642
vn 0.9686 -0.1827 0.1684
vn 0.9686 -0.1827 0.1684
vn 0.9714 -0.1714 0.1642
vn 0.9692 -0.1814 0.1664
vn 0.9692 -0.1814 0.1664
vn 0.9663 -0.1929 0.1707
vn 0.9686 -0.1827 0.1684
vn 0.9750 -0.1561 0.1584
vn 0.9764 -0.1503 0.1551
vn 0.9729 -0.1661 0.1607
vn 0.9729 -0.1661 0.1607
vn 0.9714 -0.1714 0.1642
vn 0.9750 -0.1561 0.1584
vn 0.9729 -0.1661 0.1607
vn 0.9692 -0.1814 0.1664
vn 0.9714 -0.1714 0.1642
vn 0.9750 -0.1561 0.1584
vn 0.9793 -0.1354 0.1503
vn 0.9764 -0.1503 0.1551
vn 0.9800 -0.1323 0.1489
vn 0.9764 -0.1503 0.1551
vn 0.9793 -0.1354 0.1503
vn 0.9793 -0.1354 0.1503
vn 0.9830 -0.1158 0.1424
vn 0.9800 -0.1323 0.1489
vn 0.9822 -0.1200 0.1446
vn 0.9800 -0.1323 0.1489
vn 0.9830 -0.1158 0.1424
vn 0.9911 -0.0606 0.1189
vn 0.9935 -0.1006 0.0524
vn 0.9869 -0.0923 0.1326
vn 0.9935 -0.1006 0.0524
vn 0.9828 -0.1171 0.1426
vn 0.9869 -0.0923 0.1326
vn 0.9830 -0.1158 0.1424
vn 0.9869 -0.0923 0.1326
vn 0.9828 -0.1171 0.1426
vn 0.9828 -0.1171 0.1426
vn 0.9822 -0.1200 0.1446
vn 0.9830 -0.1158 0.1424
vn 0.9902 -0.0685 0.1221
vn 0.9911 -0.0606 0.1189
vn 0.9903 -0.0665 0.1218
vn 0.9869 -0.0923 0.1326
vn 0.9903 -0.0665 0.1218
vn 0.9911 -0.0606 0.1189
vn 0.9903 -0.0665 0.1218
vn 0.9869 -0.0923 0.1326
vn 0.9867 -0.0952 0.1316
vn 0.9867 -0.0952 0.1316
vn 0.9869 -0.0923 0.1326
vn 0.9830 -0.1158 0.1424
vn 0.9830 -0.1158 0.1424
vn 0.9816 -0.1257 0.1434
vn 0.9867 -0.0952 0.1316
vn 0.9816 -0.1257 0.1434
vn 0.9830 -0.1158 0.1424
vn 0.9793 -0.1354 0.1503
vn 0.9793 -0.1354 0.1503
vn 0.9771 -0.1500 0.1508
vn 0.9816 -0.1257 0.1434
vn 0.9771 -0.1500 0.1508
vn 0.9793 -0.1354 0.1503
vn 0.9750 -0.1561 0.1584
vn 0.9729 -0.1652 0.1616
vn 0.9771 -0.1500 0.1508
vn 0.9750 -0.1561 0.1584
vn 0.9894 -0.0750 0.1242
vn 0.9902 -0.0685 0.1221
vn 0.9903 -0.0665 0.1218
vn 0.9903 -0.0665 0.1218
vn 0.9931 -0.0398 0.1099
vn 0.9894 -0.0750 0.1242
vn 0.9954 -0.0282 0.0914
vn 0.9894 -0.0750 0.1242
vn 0.9931 -0.0398 0.1099
vn 0.9955 -0.0057 0.0948
vn 0.9950 -0.0146 0.0984
vn 0.9948 -0.0177 0.1003
vn 0.9948 -0.0177 0.1003
vn 0.9950 -0.0146 0.0984
vn 0.9952 -0.0110 0.0969
vn 0.9931 -0.0398 0.1099
vn 0.9948 -0.0177 0.1003
vn 0.9952 -0.0110 0.0969
vn 0.9952 -0.0110 0.0969
vn 0.9954 -0.0282 0.0914
vn 0.9931 -0.0398 0.1099
vn 0.1524 -0.9755 0.1587
vn 0.0514 -0.9914 0.1201
vn 0.0854 -0.9873 0.1341
vn 0.0854 -0.9873 0.1341
vn 0.0997 -0.9852 0.1395
vn 0.1524 -0.9755 0.1587
vn 0.1524 -0.9755 0.1587
vn 0.0997 -0.9852 0.1395
vn 0.1890 -0.9657 0.1779
vn 0.0258 -0.9938 0.1082
vn 0.1524 -0.9755 0.1587
vn 0.1049 -0.9881 0.1127
vn 0.1049 -0.9881 0.1127
vn 0.1524 -0.9755 0.1587
vn 0.2224 -0.9580 0.1812
vn 0.2612 -0.9555 0.1371
vn 0.2757 -0.9421 0.1909
vn 0.3094 -0.9302 0.1973
vn 0.3421 -0.9174 0.2036
vn 0.2612 -0.9555 0.1371
vn 0.3593 -0.9101 0.2063
vn 0.4248 -0.8779 0.2209
vn 0.4080 -0.8870 0.2161
vn 0.4325 -0.8734 0.2238
vn 0.4080 -0.8870 0.2161
vn 0.4244 -0.8779 0.2219
vn 0.4325 -0.8734 0.2238
vn 0.4244 -0.8779 0.2219
vn 0.4080 -0.8870 0.2161
vn 0.3980 -0.8921 0.2137
vn 0.3980 -0.8921 0.2137
vn 0.4394 -0.8715 0.2177
vn 0.4244 -0.8779 0.2219
vn 0.4394 -0.8715 0.2177
vn 0.3980 -0.8921 0.2137
vn 0.3954 -0.8933 0.2135
vn 0.3954 -0.8933 0.2135
vn 0.4074 -0.8868 0.2181
vn 0.4394 -0.8715 0.2177
vn 0.4074 -0.8868 0.2181
vn 0.3954 -0.8933 0.2135
vn 0.3777 -0.9022 0.2081
vn 0.3777 -0.9022 0.2081
vn 0.4046 -0.8892 0.2138
vn 0.4074 -0.8868 0.2181
vn 0.4046 -0.8892 0.2138
vn 0.3777 -0.9022 0.2081
vn 0.3761 -0.9028 0.2085
vn 0.3761 -0.9028 0.2085
vn 0.3765 -0.9038 0.2035
vn 0.4046 -0.8892 0.2138
vn 0.3765 -0.9038 0.2035
vn 0.3761 -0.9028 0.2085
vn 0.3593 -0.9101 0.2063
vn 0.3593 -0.9101 0.2063
vn 0.3631 -0.9141 0.1805
vn 0.3765 -0.9038 0.2035
vn 0.3593 -0.9101 0.2063
vn 0.8721 -0.4753 0.1163
vn 0.9492 -0.3077 0.0664
vn 0.2757 -0.9421 0.1909
vn 0.4044 -0.8937 0.1944
vn 0.8721 -0.4753 0.1163
vn 0.4044 -0.8937 0.1944
vn 0.2757 -0.9421 0.1909
vn 0.2224 -0.9580 0.1812
vn 0.3094 -0.9302 0.1973
vn 0.3593 -0.9101 0.2063
vn 0.2612 -0.9555 0.1371
vn 0.0378 -0.9930 0.1122
vn 0.1091 -0.9860 0.1261
vn 0.0514 -0.9914 0.1201
vn 0.0514 -0.9914 0.1201
vn 0.1091 -0.9860 0.1261
vn 0.0935 -0.9861 0.1377
vn 0.0935 -0.9861 0.1377
vn 0.0854 -0.9873 0.1341
vn 0.0514 -0.9914 0.1201
vn 0.0854 -0.9873 0.1341
vn 0.0935 -0.9861 0.1377
vn 0.1168 -0.9820 0.1482
vn 0.1168 -0.9820 0.1482
vn 0.0997 -0.9852 0.1395
vn 0.0854 -0.9873 0.1341
vn 0.0997 -0.9852 0.1395
vn 0.1168 -0.9820 0.1482
vn 0.1890 -0.9657 0.1779
vn 0.1524 -0.9755 0.1587
vn 0.1890 -0.9657 0.1779
vn 0.2224 -0.9580 0.1812
vn 0.8721 -0.4753 0.1163
vn 0.3094 -0.9302 0.1973
vn 0.2757 -0.9421 0.1909
vn 0.3094 -0.9302 0.1973
vn 0.8721 -0.4753 0.1163
vn 0.3593 -0.9101 0.2063
vn 0.2757 -0.9421 0.1909
vn 0.2612 -0.9555 0.1371
vn 0.2224 -0.9580 0.1812
vn 0.2224 -0.9580 0.1812
vn 0.2612 -0.9555 0.1371
vn 0.1049 -0.9881 0.1127
vn 0.9971 -0.0763 0.0006
vn 0.9957 -0.0925 0.0009
vn 0.9902 -0.1382 0.0219
vn 0.8121 -0.5835 0.0009
vn 0.8411 -0.5409 0.0014
vn 0.6889 -0.7037 0.1739
vn 0.2020 -0.9794 0.0042
vn 0.6823 -0.6925 0.2343
vn 0.3234 -0.9456 0.0346
vn 0.4477 -0.8649 0.2270
vn 0.4325 -0.8734 0.2238
vn 0.4244 -0.8779 0.2219
vn 0.7326 -0.6309 0.2555
vn 0.7694 -0.6114 0.1850
vn 0.6279 -0.7494 0.2100
vn 0.7532 -0.6026 0.2637
vn 0.6823 -0.6925 0.2343
vn 0.7796 -0.5692 0.2611
vn 0.1154 -0.9933 0.0002
vn 0.1225 -0.9925 0.0000
vn 0.1650 -0.9852 0.0462
vn 0.1743 -0.9847 0.0041
vn 0.1154 -0.9933 0.0002
vn 0.1650 -0.9852 0.0462
vn 0.1650 -0.9852 0.0462
vn 0.6823 -0.6925 0.2343
vn 0.1743 -0.9847 0.0041
vn 0.2020 -0.9794 0.0042
vn 0.1743 -0.9847 0.0041
vn 0.6823 -0.6925 0.2343
vn 0.3234 -0.9456 0.0346
vn 0.2091 -0.9779 0.0008
vn 0.2020 -0.9794 0.0042
vn 0.3234 -0.9456 0.0346
vn 0.3268 -0.9451 0.0011
vn 0.3202 -0.9474 0.0000
vn 0.3268 -0.9451 0.0011
vn 0.3234 -0.9456 0.0346
vn 0.6279 -0.7494 0.2100
vn 0.6279 -0.7494 0.2100
vn 0.3315 -0.9434 0.0006
vn 0.3268 -0.9451 0.0011
vn 0.4576 -0.8892 0.0003
vn 0.4658 -0.8849 0.0001
vn 0.6279 -0.7494 0.2100
vn 0.5039 -0.8638 0.0003
vn 0.4576 -0.8892 0.0003
vn 0.6279 -0.7494 0.2100
vn 0.5039 -0.8638 0.0003
vn 0.6279 -0.7494 0.2100
vn 0.6307 -0.7652 0.1292
vn 0.6307 -0.7652 0.1292
vn 0.5212 -0.8534 0.0007
vn 0.5039 -0.8638 0.0003
vn 0.5178 -0.8555 0.0007
vn 0.5212 -0.8534 0.0007
vn 0.6307 -0.7652 0.1292
vn 0.6307 -0.7652 0.1292
vn 0.6355 -0.7721 0.0003
vn 0.6522 -0.7580 0.0000
vn 0.6390 -0.7692 0.0024
vn 0.6355 -0.7721 0.0003
vn 0.6307 -0.7652 0.1292
vn 0.6390 -0.7692 0.0024
vn 0.6307 -0.7652 0.1292
vn 0.6397 -0.7280 0.2468
vn 0.6857 -0.7279 0.0012
vn 0.6728 -0.7398 0.0007
vn 0.6397 -0.7280 0.2468
vn 0.6728 -0.7398 0.0007
vn 0.6390 -0.7692 0.0024
vn 0.6397 -0.7280 0.2468
vn 0.7037 -0.7105 0.0010
vn 0.7055 -0.7088 0.0007
vn 0.6397 -0.7280 0.2468
vn 0.6397 -0.7280 0.2468
vn 0.7055 -0.7088 0.0007
vn 0.6857 -0.7279 0.0012
vn 0.6397 -0.7280 0.2468
vn 0.6900 -0.7135 0.1221
vn 0.7037 -0.7105 0.0010
vn 0.6060 0.6346 -0.4796
vn 0.6060 0.6346 -0.4796
vn 0.6060 0.6346 -0.4796
vn 0.8923 -0.4515 0.0005
vn 0.9720 -0.2349 0.0000
vn 0.6889 -0.7037 0.1739
vn 0.5650 -0.7918 0.2321
vn 0.9543 -0.2990 0.0022
vn 0.9212 -0.3891 0.0054
vn 0.5650 -0.7918 0.2321
vn 0.9535 -0.3014 0.0033
vn 0.9502 -0.3116 0.0019
vn 0.5650 -0.7918 0.2321
vn 0.9654 -0.2608 0.0037
vn 0.9625 -0.2713 0.0017
vn 0.9902 -0.1382 0.0219
vn 0.9877 -0.1566 0.0001
vn 0.9794 -0.2016 0.0057
vn 0.9957 -0.0925 0.0009
vn 0.9928 -0.1197 0.0005
vn 0.9902 -0.1382 0.0219
vn 0.9902 -0.1382 0.0219
vn 0.9492 -0.3077 0.0664
vn 0.9972 -0.0749 0.0013
vn 0.9972 -0.0749 0.0013
vn 0.9992 -0.0404 0.0007
vn 0.9902 -0.1382 0.0219
vn 0.9902 -0.1382 0.0219
vn 0.9992 -0.0404 0.0007
vn 0.9971 -0.0763 0.0006
vn 0.7879 -0.5585 0.2594
vn 0.7796 -0.5692 0.2611
vn 0.6823 -0.6925 0.2343
vn 0.3234 -0.9456 0.0346
vn 0.6823 -0.6925 0.2343
vn 0.7326 -0.6309 0.2555
vn 0.3234 -0.9456 0.0346
vn 0.7326 -0.6309 0.2555
vn 0.6279 -0.7494 0.2100
vn 0.6300 -0.7482 0.2082
vn 0.6307 -0.7652 0.1292
vn 0.6279 -0.7494 0.2100
vn 0.7792 -0.6268 0.0004
vn 0.7941 -0.6078 0.0002
vn 0.6900 -0.7135 0.1221
vn 0.8198 -0.5727 0.0023
vn 0.6900 -0.7135 0.1221
vn 0.6889 -0.7037 0.1739
vn 0.7902 -0.6128 0.0002
vn 0.6900 -0.7135 0.1221
vn 0.8198 -0.5727 0.0023
vn 0.6900 -0.7135 0.1221
vn 0.7902 -0.6128 0.0002
vn 0.7792 -0.6268 0.0004
vn -0.3350 0.8623 -0.3798
vn -0.3350 0.8623 -0.3798
vn -0.3350 0.8623 -0.3798
vn 0.8198 -0.5727 0.0023
vn 0.6889 -0.7037 0.1739
vn 0.8411 -0.5409 0.0014
vn 0.4394 -0.8715 0.2177
vn 0.4477 -0.8649 0.2270
vn 0.4244 -0.8779 0.2219
vn 0.9492 -0.3077 0.0664
vn 0.9902 -0.1382 0.0219
vn 0.9965 -0.0826 0.0134
vn 0.9726 -0.2326 0.0024
vn 0.9654 -0.2608 0.0037
vn 0.5650 -0.7918 0.2321
vn 0.9928 -0.1197 0.0005
vn 0.9877 -0.1566 0.0001
vn 0.9902 -0.1382 0.0219
vn 0.9794 -0.2016 0.0057
vn 0.9726 -0.2326 0.0024
vn 0.5650 -0.7918 0.2321
vn 0.9165 -0.4001 0.0001
vn 0.8988 -0.4383 0.0018
vn 0.9212 -0.3891 0.0054
vn 0.4394 -0.8715 0.2177
vn 0.9492 -0.3077 0.0664
vn 0.4866 -0.8426 0.2306
vn 0.6889 -0.7037 0.1739
vn 0.9212 -0.3891 0.0054
vn 0.8988 -0.4383 0.0018
vn 0.8988 -0.4383 0.0018
vn 0.8923 -0.4515 0.0005
vn 0.6889 -0.7037 0.1739
vn 0.9794 -0.2016 0.0057
vn 0.5650 -0.7918 0.2321
vn 0.9902 -0.1382 0.0219
vn 0.9625 -0.2713 0.0017
vn 0.9535 -0.3014 0.0033
vn 0.5650 -0.7918 0.2321
vn 0.9502 -0.3116 0.0019
vn 0.9543 -0.2990 0.0022
vn 0.5650 -0.7918 0.2321
vn 0.5650 -0.7918 0.2321
vn 0.4866 -0.8426 0.2306
vn 0.9492 -0.3077 0.0664
vn 0.9212 -0.3891 0.0054
vn 0.9085 -0.4180 0.0004
vn 0.9165 -0.4001 0.0001
vn 0.4866 -0.8426 0.2306
vn 0.4477 -0.8649 0.2270
vn 0.4394 -0.8715 0.2177
vn 0.5650 -0.7918 0.2321
vn 0.9212 -0.3891 0.0054
vn 0.6889 -0.7037 0.1739
vn 0.9997 -0.0185 0.0175
vn 0.9972 -0.0749 0.0013
vn 0.9492 -0.3077 0.0664
vn 0.9997 -0.0185 0.0175
vn 0.9998 0.0009 0.0179
vn 1.0000 -0.0023 0.0042
vn 0.9997 -0.0185 0.0175
vn 1.0000 -0.0023 0.0042
vn 0.9981 -0.0193 0.0586
vn 0.9997 -0.0185 0.0175
vn 0.9492 -0.3077 0.0664
vn 0.8721 -0.4753 0.1163
vn 0.9997 -0.0185 0.0175
vn 0.8721 -0.4753 0.1163
vn 0.9998 0.0009 0.0179
vn 0.7928 -0.5541 0.2539
vn 0.7879 -0.5585 0.2594
vn 0.6823 -0.6925 0.2343
vn 0.9867 -0.0952 0.1316
vn 0.9816 -0.1257 0.1434
vn 0.7001 -0.7028 0.1259
vn 0.9771 -0.1500 0.1508
vn 0.7001 -0.7028 0.1259
vn 0.9816 -0.1257 0.1434
vn 0.9880 -0.1173 0.1002
vn 0.9957 -0.0021 0.0927
vn 0.9939 -0.0369 0.1042
vn 0.9939 -0.0369 0.1042
vn 0.7001 -0.7028 0.1259
vn 0.9880 -0.1173 0.1002
vn 0.9918 -0.0590 0.1135
vn 0.7001 -0.7028 0.1259
vn 0.9939 -0.0369 0.1042
vn 0.0874 -0.9961 0.0154
vn 0.0255 -0.9989 0.0382
vn 0.0309 -0.9994 0.0155
vn 0.1650 -0.9852 0.0462
vn 0.0411 -0.9992 0.0011
vn 0.2025 -0.9781 0.0474
vn 0.9880 -0.1173 0.1002
vn 0.7001 -0.7028 0.1259
vn 0.9745 -0.2040 0.0935
vn 0.9645 -0.2018 0.1701
vn 0.9587 -0.2190 0.1813
vn 0.9420 -0.2775 0.1889
vn 0.9272 -0.3104 0.2099
vn 0.9420 -0.2775 0.1889
vn 0.9407 -0.2743 0.1995
vn 0.9435 -0.3200 0.0864
vn 0.9745 -0.2040 0.0935
vn 0.7001 -0.7028 0.1259
vn 0.9040 -0.4193 0.0830
vn 0.9435 -0.3200 0.0864
vn 0.8236 -0.5634 0.0652
vn 0.9063 -0.3589 0.2230
vn 0.8967 -0.3787 0.2291
vn 0.8408 -0.4865 0.2375
vn 0.8408 -0.4865 0.2375
vn 0.8206 -0.5392 0.1894
vn 0.9063 -0.3589 0.2230
vn 0.6823 -0.6925 0.2343
vn 0.2025 -0.9781 0.0474
vn 0.7928 -0.5541 0.2539
vn 0.8408 -0.4865 0.2375
vn 0.2025 -0.9781 0.0474
vn 0.8206 -0.5392 0.1894
vn 0.6640 -0.7453 0.0610
vn 0.7481 -0.6596 0.0730
vn 0.5947 -0.8017 0.0596
vn 0.7481 -0.6596 0.0730
vn 0.8202 -0.5672 0.0751
vn 0.8236 -0.5634 0.0652
vn 0.7001 -0.7028 0.1259
vn 0.9918 -0.0590 0.1135
vn 0.9892 -0.0822 0.1210
vn 0.9867 -0.0952 0.1316
vn 0.7001 -0.7028 0.1259
vn 0.9892 -0.0822 0.1210
vn 0.9771 -0.1500 0.1508
vn 0.9645 -0.2018 0.1701
vn 0.7001 -0.7028 0.1259
vn 0.9645 -0.2018 0.1701
vn 0.9771 -0.1500 0.1508
vn 0.9729 -0.1652 0.1616
vn 0.9272 -0.3104 0.2099
vn 0.8206 -0.5392 0.1894
vn 0.9420 -0.2775 0.1889
vn 0.7001 -0.7028 0.1259
vn 0.8236 -0.5634 0.0652
vn 0.9435 -0.3200 0.0864
vn 0.7001 -0.7028 0.1259
vn 0.9645 -0.2018 0.1701
vn 0.9420 -0.2775 0.1889
vn 0.7001 -0.7028 0.1259
vn 0.9420 -0.2775 0.1889
vn 0.8206 -0.5392 0.1894
vn 0.7001 -0.7028 0.1259
vn 0.8206 -0.5392 0.1894
vn 0.2025 -0.9781 0.0474
vn 0.0874 -0.9961 0.0154
vn 0.0309 -0.9994 0.0155
vn 0.2346 -0.9719 0.0189
vn 0.0874 -0.9961 0.0154
vn 0.2346 -0.9719 0.0189
vn 0.3619 -0.9316 0.0339
vn 0.5947 -0.8017 0.0596
vn 0.7001 -0.7028 0.1259
vn 0.0874 -0.9961 0.0154
vn 0.2025 -0.9781 0.0474
vn 0.6823 -0.6925 0.2343
vn 0.1650 -0.9852 0.0462
vn 0.0874 -0.9961 0.0154
vn 0.3619 -0.9316 0.0339
vn 0.4645 -0.8845 0.0438
vn 0.2025 -0.9781 0.0474
vn 0.0874 -0.9961 0.0154
vn 0.7001 -0.7028 0.1259
vn 0.0874 -0.9961 0.0154
vn 0.4645 -0.8845 0.0438
vn 0.4988 -0.8656 0.0434
vn 0.4988 -0.8656 0.0434
vn 0.5947 -0.8017 0.0596
vn 0.0874 -0.9961 0.0154
vn 0.4988 -0.8656 0.0434
vn 0.5884 -0.8069 0.0524
vn 0.5947 -0.8017 0.0596
vn 0.5884 -0.8069 0.0524
vn 0.6640 -0.7453 0.0610
vn 0.5947 -0.8017 0.0596
vn 0.8236 -0.5634 0.0652
vn 0.5947 -0.8017 0.0596
vn 0.7481 -0.6596 0.0730
vn 0.5947 -0.8017 0.0596
vn 0.8236 -0.5634 0.0652
vn 0.7001 -0.7028 0.1259
vn 0.0309 -0.9994 0.0155
vn 0.0255 -0.9989 0.0382
vn 0.0634 -0.9043 0.4222
vn 0.8788 -0.4701 0.0823
vn 0.8788 -0.4701 0.0823
vn 0.5362 -0.8424 0.0533
vn 0.2346 -0.9719 0.0189
vn 0.0309 -0.9994 0.0155
vn 0.5362 -0.8424 0.0533
vn 0.5362 -0.8424 0.0533
vn 0.2245 -0.9740 0.0310
vn 0.2346 -0.9719 0.0189
vn 0.2245 -0.9740 0.0310
vn 0.3619 -0.9316 0.0339
vn 0.2346 -0.9719 0.0189
vn 0.2245 -0.9740 0.0310
vn 0.1228 -0.9924 0.0123
vn 0.3619 -0.9316 0.0339
vn 0.3619 -0.9316 0.0339
vn 0.8890 -0.2742 0.3667
vn 0.5921 -0.8039 0.0558
vn 0.5921 -0.8039 0.0558
vn 0.4645 -0.8845 0.0438
vn 0.3619 -0.9316 0.0339
vn 0.4988 -0.8656 0.0434
vn 0.4645 -0.8845 0.0438
vn 0.5921 -0.8039 0.0558
vn 0.5921 -0.8039 0.0558
vn 0.5619 -0.8254 0.0544
vn 0.4988 -0.8656 0.0434
vn 0.5884 -0.8069 0.0524
vn 0.4988 -0.8656 0.0434
vn 0.5619 -0.8254 0.0544
vn 0.5619 -0.8254 0.0544
vn 0.6048 -0.7947 0.0523
vn 0.5884 -0.8069 0.0524
vn 0.7481 -0.6596 0.0730
vn 0.6640 -0.7453 0.0610
vn 0.6935 -0.7177 0.0623
vn 0.6048 -0.7947 0.0523
vn 0.6935 -0.7177 0.0623
vn 0.6640 -0.7453 0.0610
vn 0.6640 -0.7453 0.0610
vn 0.5884 -0.8069 0.0524
vn 0.6048 -0.7947 0.0523
vn 0.6935 -0.7177 0.0623
vn 0.7362 -0.6733 0.0675
vn 0.7481 -0.6596 0.0730
vn 0.8202 -0.5672 0.0751
vn 0.7481 -0.6596 0.0730
vn 0.7362 -0.6733 0.0675
vn 0.7362 -0.6733 0.0675
vn 0.9038 -0.3380 -0.2625
vn 0.8202 -0.5672 0.0751
vn 0.8202 -0.5672 0.0751
vn 0.9038 -0.3380 -0.2625
vn 0.8744 -0.4787 0.0793
vn 0.8744 -0.4787 0.0793
vn 0.8236 -0.5634 0.0652
vn 0.8202 -0.5672 0.0751
vn 0.9435 -0.3200 0.0864
vn 0.9040 -0.4193 0.0830
vn 0.9261 -0.3690 0.0783
vn 0.8744 -0.4787 0.0793
vn 0.9261 -0.3690 0.0783
vn 0.9040 -0.4193 0.0830
vn 0.9040 -0.4193 0.0830
vn 0.8236 -0.5634 0.0652
vn 0.8744 -0.4787 0.0793
vn 0.9435 -0.3200 0.0864
vn 0.9261 -0.3690 0.0783
vn 0.9629 -0.2552 0.0879
vn 0.9629 -0.2552 0.0879
vn 0.9745 -0.2040 0.0935
vn 0.9435 -0.3200 0.0864
vn 0.9745 -0.2040 0.0935
vn 0.9629 -0.2552 0.0879
vn 0.9893 -0.1137 0.0912
vn 0.9880 -0.1173 0.1002
vn 0.9745 -0.2040 0.0935
vn 0.9893 -0.1137 0.0912
vn 0.9957 -0.0021 0.0927
vn 0.9880 -0.1173 0.1002
vn 0.9893 -0.1137 0.0912
vn 0.9893 -0.1137 0.0912
vn 0.9958 -0.0001 0.0920
vn 0.9957 -0.0021 0.0927
vn 0.2025 -0.9781 0.0474
vn 0.0411 -0.9992 0.0011
vn 0.0255 -0.9989 0.0382
vn 0.0874 -0.9961 0.0154
vn 0.2025 -0.9781 0.0474
vn 0.0255 -0.9989 0.0382
vn 0.0411 -0.9992 0.0011
vn 0.1650 -0.9852 0.0462
vn 0.0401 -0.9992 0.0006
vn 0.0401 -0.9992 0.0006
vn 0.0255 -0.9989 0.0382
vn 0.0411 -0.9992 0.0011
vn 0.1154 -0.9933 0.0002
vn 0.1743 -0.9847 0.0041
vn 0.1354 -0.9908 0.0006
vn 0.1354 -0.9908 0.0006
vn 0.1180 -0.9929 0.0119
vn 0.1225 -0.9925 0.0000
vn 0.1225 -0.9925 0.0000
vn 0.1154 -0.9933 0.0002
vn 0.1354 -0.9908 0.0006
vn 0.1650 -0.9852 0.0462
vn 0.1225 -0.9925 0.0000
vn 0.0401 -0.9992 0.0006
vn 0.1225 -0.9925 0.0000
vn 0.1180 -0.9929 0.0119
vn 0.0401 -0.9992 0.0006
vn 0.1881 -0.9822 0.0008
vn 0.1354 -0.9908 0.0006
vn 0.1743 -0.9847 0.0041
vn 0.1743 -0.9847 0.0041
vn 0.2020 -0.9794 0.0042
vn 0.2375 -0.9714 0.0002
vn 0.2375 -0.9714 0.0002
vn 0.1881 -0.9822 0.0008
vn 0.1743 -0.9847 0.0041
vn 0.2091 -0.9779 0.0008
vn 0.3234 -0.9456 0.0346
vn 0.2453 -0.9694 0.0007
vn 0.2453 -0.9694 0.0007
vn 0.2523 -0.9393 0.2326
vn 0.2091 -0.9779 0.0008
vn 0.3234 -0.9456 0.0346
vn 0.3202 -0.9474 0.0000
vn 0.2453 -0.9694 0.0007
vn 0.2020 -0.9794 0.0042
vn 0.2091 -0.9779 0.0008
vn 0.2375 -0.9714 0.0002
vn 0.2523 -0.9393 0.2326
vn 0.2375 -0.9714 0.0002
vn 0.2091 -0.9779 0.0008
vn 0.3265 -0.9452 0.0010
vn 0.2453 -0.9694 0.0007
vn 0.3202 -0.9474 0.0000
vn 0.3268 -0.9451 0.0011
vn 0.3315 -0.9434 0.0006
vn 0.3447 -0.9387 0.0045
vn 0.3928 -0.9196 0.0012
vn 0.3447 -0.9387 0.0045
vn 0.3315 -0.9434 0.0006
vn 0.3447 -0.9387 0.0045
vn 0.3265 -0.9452 0.0010
vn 0.3202 -0.9474 0.0000
vn 0.3447 -0.9387 0.0045
vn 0.3202 -0.9474 0.0000
vn 0.3268 -0.9451 0.0011
vn 0.4104 -0.9119 0.0007
vn 0.3928 -0.9196 0.0012
vn 0.3315 -0.9434 0.0006
vn 0.4104 -0.9119 0.0007
vn 0.3315 -0.9434 0.0006
vn 0.6279 -0.7494 0.2100
vn 0.4754 -0.8798 -0.0000
vn 0.4589 -0.8885 0.0002
vn 0.4658 -0.8849 0.0001
vn 0.4658 -0.8849 0.0001
vn 0.4576 -0.8892 0.0003
vn 0.4754 -0.8798 -0.0000
vn 0.4104 -0.9119 0.0007
vn 0.6279 -0.7494 0.2100
vn 0.4658 -0.8849 0.0001
vn 0.4589 -0.8885 0.0002
vn 0.4104 -0.9119 0.0007
vn 0.4658 -0.8849 0.0001
vn 0.5346 -0.8451 -0.0000
vn 0.5039 -0.8638 0.0003
vn 0.5212 -0.8534 0.0007
vn 0.5212 -0.8534 0.0007
vn 0.5178 -0.8555 0.0007
vn 0.5346 -0.8451 -0.0000
vn 0.5346 -0.8451 -0.0000
vn 0.5216 -0.8532 -0.0002
vn 0.5039 -0.8638 0.0003
vn 0.4576 -0.8892 0.0003
vn 0.5039 -0.8638 0.0003
vn 0.4754 -0.8798 -0.0000
vn 0.5039 -0.8638 0.0003
vn 0.5216 -0.8532 -0.0002
vn 0.4754 -0.8798 -0.0000
vn 0.5882 -0.8087 0.0006
vn 0.5806 -0.8142 0.0000
vn 0.5178 -0.8555 0.0007
vn 0.5178 -0.8555 0.0007
vn 0.6307 -0.7652 0.1292
vn 0.5882 -0.8087 0.0006
vn 0.5882 -0.8087 0.0006
vn 0.6307 -0.7652 0.1292
vn 0.6522 -0.7580 0.0000
vn 0.5806 -0.8142 0.0000
vn 0.5346 -0.8451 -0.0000
vn 0.5178 -0.8555 0.0007
vn 0.6355 -0.7721 0.0003
vn 0.6390 -0.7692 0.0024
vn 0.6463 -0.7630 0.0005
vn 0.6355 -0.7721 0.0003
vn 0.6463 -0.7630 0.0005
vn 0.6392 -0.7690 0.0008
vn 0.6392 -0.7690 0.0008
vn 0.6522 -0.7580 0.0000
vn 0.6355 -0.7721 0.0003
vn 0.6522 -0.7580 0.0000
vn 0.6392 -0.7690 0.0008
vn 0.6284 -0.7779 0.0007
vn 0.6284 -0.7779 0.0007
vn 0.5882 -0.8087 0.0006
vn 0.6522 -0.7580 0.0000
vn 0.6908 -0.7230 0.0047
vn 0.6728 -0.7398 0.0007
vn 0.6857 -0.7279 0.0012
vn 0.6390 -0.7692 0.0024
vn 0.6728 -0.7398 0.0007
vn 0.6463 -0.7630 0.0005
vn 0.6822 -0.7311 0.0020
vn 0.6463 -0.7630 0.0005
vn 0.6728 -0.7398 0.0007
vn 0.6728 -0.7398 0.0007
vn 0.6908 -0.7230 0.0047
vn 0.6822 -0.7311 0.0020
vn 0.7449 -0.6671 0.0004
vn 0.7345 -0.6786 0.0004
vn 0.7037 -0.7105 0.0010
vn 0.7449 -0.6671 0.0004
vn 0.7037 -0.7105 0.0010
vn 0.6900 -0.7135 0.1221
vn 0.6908 -0.7230 0.0047
vn 0.6857 -0.7279 0.0012
vn 0.7055 -0.7088 0.0007
vn 0.7197 -0.6942 0.0005
vn 0.6908 -0.7230 0.0047
vn 0.7055 -0.7088 0.0007
vn 0.7055 -0.7088 0.0007
vn 0.7037 -0.7105 0.0010
vn 0.7197 -0.6942 0.0005
vn 0.7037 -0.7105 0.0010
vn 0.7345 -0.6786 0.0004
vn 0.7197 -0.6942 0.0005
vn 0.7892 -0.6142 0.0002
vn 0.7941 -0.6078 0.0002
vn 0.7792 -0.6268 0.0004
vn 0.7892 -0.6142 0.0002
vn 0.7792 -0.6268 0.0004
vn 0.7902 -0.6128 0.0002
vn 0.6900 -0.7135 0.1221
vn 0.7941 -0.6078 0.0002
vn 0.7449 -0.6671 0.0004
vn 0.7705 -0.6374 0.0003
vn 0.7449 -0.6671 0.0004
vn 0.7941 -0.6078 0.0002
vn 0.7941 -0.6078 0.0002
vn 0.7892 -0.6142 0.0002
vn 0.7705 -0.6374 0.0003
vn 0.8309 -0.5564 0.0004
vn 0.8161 -0.5779 0.0006
vn 0.8128 -0.5825 -0.0000
vn 0.8309 -0.5564 0.0004
vn 0.8128 -0.5825 -0.0000
vn 0.8198 -0.5727 0.0023
vn 0.8198 -0.5727 0.0023
vn 0.8330 -0.5533 -0.0000
vn 0.8309 -0.5564 0.0004
vn 0.8330 -0.5533 -0.0000
vn 0.8411 -0.5409 0.0014
vn 0.8309 -0.5564 0.0004
vn 0.8537 -0.5206 0.0120
vn 0.8309 -0.5564 0.0004
vn 0.8411 -0.5409 0.0014
vn 0.8411 -0.5409 0.0014
vn 0.8121 -0.5835 0.0009
vn 0.8537 -0.5206 0.0120
vn 0.8670 -0.4984 0.0021
vn 0.8537 -0.5206 0.0120
vn 0.8121 -0.5835 0.0009
vn 0.7902 -0.6128 0.0002
vn 0.8128 -0.5825 -0.0000
vn 0.7892 -0.6142 0.0002
vn 0.8161 -0.5779 0.0006
vn 0.7892 -0.6142 0.0002
vn 0.8128 -0.5825 -0.0000
vn 0.8719 -0.4897 0.0005
vn 0.8670 -0.4984 0.0021
vn 0.8121 -0.5835 0.0009
vn 0.8719 -0.4897 0.0005
vn 0.8121 -0.5835 0.0009
vn 0.6889 -0.7037 0.1739
vn 0.9070 -0.4210 0.0003
vn 0.9030 -0.4296 0.0006
vn 0.8923 -0.4515 0.0005
vn 0.9070 -0.4210 0.0003
vn 0.8923 -0.4515 0.0005
vn 0.8988 -0.4383 0.0018
vn 0.8988 -0.4383 0.0018
vn 0.9165 -0.4001 0.0001
vn 0.9070 -0.4210 0.0003
vn 0.8719 -0.4897 0.0005
vn 0.9898 0.1424 -0.0017
vn 0.9720 -0.2349 0.0000
vn 0.9720 -0.2349 0.0000
vn 0.8923 -0.4515 0.0005
vn 0.8719 -0.4897 0.0005
vn 0.8907 -0.4546 0.0026
vn 0.8719 -0.4897 0.0005
vn 0.8923 -0.4515 0.0005
vn 0.8923 -0.4515 0.0005
vn 0.9030 -0.4296 0.0006
vn 0.8907 -0.4546 0.0026
vn 0.9351 -0.3545 0.0004
vn 0.9212 -0.3891 0.0054
vn 0.9543 -0.2990 0.0022
vn 0.9085 -0.4180 0.0004
vn 0.9212 -0.3891 0.0054
vn 0.9351 -0.3545 0.0004
vn 0.9351 -0.3545 0.0004
vn 0.9319 -0.3627 0.0001
vn 0.9085 -0.4180 0.0004
vn 0.9319 -0.3627 0.0001
vn 0.9165 -0.4001 0.0001
vn 0.9085 -0.4180 0.0004
vn 0.9319 -0.3627 0.0001
vn 0.9243 -0.3816 0.0003
vn 0.9165 -0.4001 0.0001
vn 0.9243 -0.3816 0.0003
vn 0.9070 -0.4210 0.0003
vn 0.9165 -0.4001 0.0001
vn 0.9709 -0.2396 0.0008
vn 0.9661 -0.2583 0.0009
vn 0.9625 -0.2713 0.0017
vn 0.9625 -0.2713 0.0017
vn 0.9661 -0.2583 0.0009
vn 0.9572 -0.2895 0.0003
vn 0.9572 -0.2895 0.0003
vn 0.9535 -0.3014 0.0033
vn 0.9625 -0.2713 0.0017
vn 0.9499 -0.3125 0.0003
vn 0.9351 -0.3545 0.0004
vn 0.9543 -0.2990 0.0022
vn 0.9499 -0.3125 0.0003
vn 0.9543 -0.2990 0.0022
vn 0.9502 -0.3116 0.0019
vn 0.9502 -0.3116 0.0019
vn 0.9572 -0.2895 0.0003
vn 0.9499 -0.3125 0.0003
vn 0.9572 -0.2895 0.0003
vn 0.9502 -0.3116 0.0019
vn 0.9535 -0.3014 0.0033
vn 0.9709 -0.2396 0.0008
vn 0.9625 -0.2713 0.0017
vn 0.9654 -0.2608 0.0037
vn 0.9709 -0.2396 0.0008
vn 0.9654 -0.2608 0.0037
vn 0.9726 -0.2326 0.0024
vn 0.9726 -0.2326 0.0024
vn 0.9785 -0.2062 0.0013
vn 0.9709 -0.2396 0.0008
vn 0.9785 -0.2062 0.0013
vn 0.9726 -0.2326 0.0024
vn 0.9794 -0.2016 0.0057
vn 0.9855 -0.1687 0.0171
vn 0.9785 -0.2062 0.0013
vn 0.9794 -0.2016 0.0057
vn 0.9855 -0.1687 0.0171
vn 0.9794 -0.2016 0.0057
vn 0.9877 -0.1566 0.0001
vn 0.9877 -0.1566 0.0001
vn 0.9906 -0.1364 0.0079
vn 0.9855 -0.1687 0.0171
vn 0.9971 -0.0763 0.0006
vn 0.9977 -0.0667 0.0114
vn 0.9955 -0.0943 0.0062
vn 0.9955 -0.0943 0.0062
vn 0.9957 -0.0925 0.0009
vn 0.9971 -0.0763 0.0006
vn 0.9906 -0.1364 0.0079
vn 0.9877 -0.1566 0.0001
vn 0.9928 -0.1197 0.0005
vn 0.9928 -0.1197 0.0005
vn 0.9955 -0.0943 0.0062
vn 0.9906 -0.1364 0.0079
vn 0.9955 -0.0943 0.0062
vn 0.9928 -0.1197 0.0005
vn 0.9957 -0.0925 0.0009
vn 0.9977 -0.0667 0.0114
vn 0.9971 -0.0763 0.0006
vn 0.9992 -0.0404 0.0007
vn 0.9992 -0.0404 0.0007
vn 0.9995 -0.0293 0.0098
vn 0.9977 -0.0667 0.0114
vn 0.9995 -0.0293 0.0098
vn 0.9992 -0.0404 0.0007
vn 0.9972 -0.0749 0.0013
vn 0.9972 -0.0749 0.0013
vn 0.9997 -0.0185 0.0175
vn 0.9995 -0.0293 0.0098
vn 0.9906 -0.1364 0.0079
vn 0.9955 -0.0943 0.0062
vn 0.9561 -0.1097 0.2718
vn 0.9543 -0.0843 0.2867
vn 0.9955 -0.0943 0.0062
vn 0.9977 -0.0667 0.0114
vn 0.3881 -0.0623 0.9195
vn 0.9977 -0.0667 0.0114
vn 0.9995 -0.0293 0.0098
vn 0.3881 -0.0623 0.9195
vn 0.9995 -0.0293 0.0098
vn 0.9997 -0.0185 0.0175
vn 0.9563 -0.1478 0.2524
vn 0.8906 -0.3808 0.2488
vn 0.9855 -0.1687 0.0171
vn 0.9855 -0.1687 0.0171
vn 0.9906 -0.1364 0.0079
vn 0.9563 -0.1483 0.2521
vn 0.9785 -0.2062 0.0013
vn 0.9855 -0.1687 0.0171
vn 0.8906 -0.3808 0.2488
vn 0.9709 -0.2396 0.0008
vn 0.9785 -0.2062 0.0013
vn 0.8906 -0.3808 0.2488
vn 0.8906 -0.3808 0.2488
vn 0.9661 -0.2583 0.0009
vn 0.9709 -0.2396 0.0008
vn 0.8906 -0.3808 0.2488
vn 0.9319 -0.3627 0.0001
vn 0.9351 -0.3545 0.0004
vn 0.9351 -0.3545 0.0004
vn 0.9499 -0.3125 0.0003
vn 0.8906 -0.3808 0.2488
vn 0.9499 -0.3125 0.0003
vn 0.9572 -0.2895 0.0003
vn 0.8906 -0.3808 0.2488
vn 0.9572 -0.2895 0.0003
vn 0.9661 -0.2583 0.0009
vn 0.8906 -0.3808 0.2488
vn 0.9070 -0.4210 0.0003
vn 0.9243 -0.3816 0.0003
vn 0.8906 -0.3808 0.2488
vn 0.9243 -0.3816 0.0003
vn 0.9319 -0.3627 0.0001
vn 0.8906 -0.3808 0.2488
vn 0.8906 -0.3808 0.2488
vn 0.8907 -0.4546 0.0026
vn 0.9030 -0.4296 0.0006
vn 0.9030 -0.4296 0.0006
vn 0.9070 -0.4210 0.0003
vn 0.8906 -0.3808 0.2488
vn 0.8670 -0.4984 0.0021
vn 0.8719 -0.4897 0.0005
vn 0.8907 -0.4546 0.0026
vn 0.8907 -0.4546 0.0026
vn 0.8906 -0.3808 0.2488
vn 0.8670 -0.4984 0.0021
vn 0.8537 -0.5206 0.0120
vn 0.8670 -0.4984 0.0021
vn 0.8906 -0.3808 0.2488
vn 0.8906 -0.3808 0.2488
vn 0.5243 -0.5683 0.6342
vn 0.8537 -0.5206 0.0120
vn 0.5243 -0.5683 0.6342
vn 0.8309 -0.5564 0.0004
vn 0.8537 -0.5206 0.0120
vn 0.8161 -0.5779 0.0006
vn 0.8309 -0.5564 0.0004
vn 0.5243 -0.5683 0.6342
vn 0.5243 -0.5683 0.6342
vn 0.7449 -0.6671 0.0004
vn 0.7705 -0.6374 0.0003
vn 0.7705 -0.6374 0.0003
vn 0.7892 -0.6142 0.0002
vn 0.5243 -0.5683 0.6342
vn 0.5243 -0.5683 0.6342
vn 0.7892 -0.6142 0.0002
vn 0.8161 -0.5779 0.0006
vn 0.7345 -0.6786 0.0004
vn 0.7449 -0.6671 0.0004
vn 0.5243 -0.5683 0.6342
vn 0.5243 -0.5683 0.6342
vn 0.7197 -0.6942 0.0005
vn 0.7345 -0.6786 0.0004
vn 0.6463 -0.7630 0.0005
vn 0.6822 -0.7311 0.0020
vn 0.4345 -0.6360 0.6378
vn 0.4345 -0.6360 0.6378
vn 0.6822 -0.7311 0.0020
vn 0.6908 -0.7230 0.0047
vn 0.5243 -0.5683 0.6342
vn 0.4345 -0.6360 0.6378
vn 0.6908 -0.7230 0.0047
vn 0.6908 -0.7230 0.0047
vn 0.7197 -0.6942 0.0005
vn 0.5243 -0.5683 0.6342
vn 0.6392 -0.7690 0.0008
vn 0.6463 -0.7630 0.0005
vn 0.4345 -0.6360 0.6378
vn 0.6284 -0.7779 0.0007
vn 0.6392 -0.7690 0.0008
vn 0.4345 -0.6360 0.6378
vn 0.4345 -0.6360 0.6378
vn 0.5882 -0.8087 0.0006
vn 0.6284 -0.7779 0.0007
vn 0.5806 -0.8142 0.0000
vn 0.5882 -0.8087 0.0006
vn 0.4345 -0.6360 0.6378
vn 0.4754 -0.8798 -0.0000
vn 0.5216 -0.8532 -0.0002
vn 0.4345 -0.6360 0.6378
vn 0.5216 -0.8532 -0.0002
vn 0.5346 -0.8451 -0.0000
vn 0.4345 -0.6360 0.6378
vn 0.5346 -0.8451 -0.0000
vn 0.5806 -0.8142 0.0000
vn 0.4345 -0.6360 0.6378
vn 0.4345 -0.6360 0.6378
vn 0.4589 -0.8885 0.0002
vn 0.4754 -0.8798 -0.0000
vn 0.4345 -0.6360 0.6378
vn 0.4104 -0.9119 0.0007
vn 0.4589 -0.8885 0.0002
vn 0.2523 -0.9393 0.2326
vn 0.3265 -0.9452 0.0010
vn 0.3447 -0.9387 0.0045
vn 0.4345 -0.6360 0.6378
vn 0.2523 -0.9393 0.2326
vn 0.3447 -0.9387 0.0045
vn 0.3447 -0.9387 0.0045
vn 0.3928 -0.9196 0.0012
vn 0.4345 -0.6360 0.6378
vn 0.3928 -0.9196 0.0012
vn 0.4104 -0.9119 0.0007
vn 0.4345 -0.6360 0.6378
vn 0.2453 -0.9694 0.0007
vn 0.3265 -0.9452 0.0010
vn 0.2523 -0.9393 0.2326
vn 0.2523 -0.9393 0.2326
vn 0.1180 -0.9929 0.0119
vn 0.1354 -0.9908 0.0006
vn 0.2523 -0.9393 0.2326
vn 0.1354 -0.9908 0.0006
vn 0.1881 -0.9822 0.0008
vn 0.1881 -0.9822 0.0008
vn 0.2375 -0.9714 0.0002
vn 0.2523 -0.9393 0.2326
vn 0.0255 -0.9989 0.0382
vn 0.0401 -0.9992 0.0006
vn 0.1180 -0.9929 0.0119
vn 0.2523 -0.9393 0.2326
vn 0.0255 -0.9989 0.0382
vn 0.1180 -0.9929 0.0119
vn 0.2523 -0.9393 0.2326
vn 0.0996 -0.2764 0.9559
vn 0.0255 -0.9989 0.0382
vn 0.0996 -0.2764 0.9559
vn 0.5243 -0.5683 0.6342
vn 0.3881 -0.0623 0.9195
vn 0.2523 -0.9393 0.2326
vn 0.4345 -0.6360 0.6378
vn 0.0996 -0.2764 0.9559
vn 0.5243 -0.5683 0.6342
vn 0.0996 -0.2764 0.9559
vn 0.4345 -0.6360 0.6378
vn 0.8906 -0.3808 0.2488
vn 0.3881 -0.0623 0.9195
vn 0.5243 -0.5683 0.6342
vn 0.3881 -0.0623 0.9195
vn 0.9997 -0.0185 0.0175
vn 0.9981 -0.0193 0.0586
vn 0.9970 -0.0694 0.0353
vn 0.9970 -0.0694 0.0353
vn 0.9981 -0.0193 0.0586
vn 0.2879 0.0250 0.9573
vn 0.2879 0.0250 0.9573
vn 0.3881 -0.0623 0.9195
vn 0.2468 -0.9624 0.1133
vn 0.0424 -0.9991 0.0035
vn 0.1568 -0.9860 0.0563
vn 0.4982 -0.8601 0.1095
vn 0.2468 -0.9624 0.1133
vn 0.1568 -0.9860 0.0563
vn 0.8685 -0.4800 0.1239
vn 0.7102 -0.7003 0.0714
vn 0.4982 -0.8601 0.1095
vn 0.8685 -0.4800 0.1239
vn 0.9981 -0.0193 0.0586
vn 0.9262 -0.3752 0.0376
vn 0.9735 -0.2273 0.0263
vn 0.9262 -0.3752 0.0376
vn 0.9981 -0.0193 0.0586
vn 0.9777 -0.2083 0.0271
vn 0.9735 -0.2273 0.0263
vn 0.9981 -0.0193 0.0586
vn 0.8685 -0.4800 0.1239
vn 0.4982 -0.8601 0.1095
vn 0.8501 -0.2764 0.4483
vn 0.9981 -0.0193 0.0586
vn 0.8685 -0.4800 0.1239
vn 0.8893 -0.2060 0.4083
vn 0.1568 -0.9860 0.0563
vn -0.0022 -0.9797 -0.2003
vn 0.2704 -0.9392 0.2116
vn -0.0380 -0.1044 0.9938
vn 0.0996 -0.2764 0.9559
vn 0.0517 -0.3794 0.9238
vn 0.0255 -0.9989 0.0382
vn 0.0996 -0.2764 0.9559
vn 0.0634 -0.9043 0.4222
vn 0.9985 -0.0000 0.0544
vn 0.9973 -0.0001 0.0732
vn 0.9983 -0.0365 -0.0454
vn 0.9983 -0.0365 -0.0454
vn 0.9973 -0.0001 0.0732
vn 0.9958 -0.0001 0.0920
vn 0.0634 -0.9043 0.4222
vn 0.2245 -0.9740 0.0310
vn 0.5362 -0.8424 0.0533
vn 0.0634 -0.9043 0.4222
vn 0.8890 -0.2742 0.3667
vn 0.2245 -0.9740 0.0310
vn 0.8890 -0.2742 0.3667
vn 0.5619 -0.8254 0.0544
vn 0.5921 -0.8039 0.0558
vn 0.5619 -0.8254 0.0544
vn 0.8890 -0.2742 0.3667
vn 0.9038 -0.3380 -0.2625
vn 0.9038 -0.3380 -0.2625
vn 0.6048 -0.7947 0.0523
vn 0.5619 -0.8254 0.0544
vn 0.9038 -0.3380 -0.2625
vn 0.6935 -0.7177 0.0623
vn 0.6048 -0.7947 0.0523
vn 0.7362 -0.6733 0.0675
vn 0.6935 -0.7177 0.0623
vn 0.9038 -0.3380 -0.2625
vn 0.9038 -0.3380 -0.2625
vn 0.9261 -0.3690 0.0783
vn 0.8744 -0.4787 0.0793
vn 0.9261 -0.3690 0.0783
vn 0.9038 -0.3380 -0.2625
vn 0.9983 -0.0365 -0.0454
vn 0.9983 -0.0365 -0.0454
vn 0.9629 -0.2552 0.0879
vn 0.9261 -0.3690 0.0783
vn 0.9958 -0.0001 0.0920
vn 0.9893 -0.1137 0.0912
vn 0.9983 -0.0365 -0.0454
vn 0.9983 -0.0365 -0.0454
vn 0.9893 -0.1137 0.0912
vn 0.9629 -0.2552 0.0879
vn 0.6633 -0.3297 0.6718
vn 0.1780 0.0830 0.9805
vn -0.1364 0.6410 0.7553
vn 0.6633 -0.3297 0.6718
vn 0.0517 -0.3794 0.9238
vn 0.0996 -0.2764 0.9559
vn 0.9221 0.3830 0.0547
vn 0.9221 0.3830 0.0547
vn 0.9221 0.3830 0.0547
vn -0.4350 0.8180 0.3764
vn -0.4350 0.8180 0.3764
vn -0.1364 0.6410 0.7553
vn -0.7809 0.6237 -0.0332
vn -0.7809 0.6237 -0.0332
vn -0.7809 0.6237 -0.0332
vn -0.5799 -0.7238 0.3741
vn -0.5799 -0.7238 0.3741
vn -0.5799 -0.7238 0.3741
vn 0.2390 -0.8609 -0.4491
vn 0.3514 -0.8859 -0.3029
vn 0.3514 -0.8859 -0.3029
vn 0.1789 -0.9762 -0.1223
vn 0.1789 -0.9762 -0.1223
vn 0.2390 -0.8609 -0.4491
vn 0.8258 -0.5403 0.1615
vn 0.8258 -0.5403 0.1615
vn 0.6633 -0.3297 0.6718
vn 0.9491 0.1100 -0.2950
vn 0.9250 -0.3293 0.1893
vn 0.6633 -0.3297 0.6718
vn 0.9696 0.1526 0.1911
vn 0.9491 0.1100 -0.2950
vn 0.6633 -0.3297 0.6718
vn -0.5927 0.0823 0.8012
vn 0.0496 -0.0115 0.9987
vn 0.4046 -0.4958 0.7684
vn 0.4195 -0.1854 0.8886
vn 0.4195 -0.1854 0.8886
vn 0.0517 -0.3794 0.9238
vn 0.0517 -0.3794 0.9238
vn 0.2240 -0.4312 0.8740
vn 0.2240 -0.4312 0.8740
vn 0.0517 -0.3794 0.9238
vn -0.1364 0.6410 0.7553
vn 0.4046 -0.4958 0.7684
vn 0.0517 -0.3794 0.9238
vn 0.4046 -0.4958 0.7684
vn 0.7064 -0.2465 0.6635
vn 0.0613 0.0697 0.9957
vn 0.4046 -0.4958 0.7684
vn 0.0613 0.0697 0.9957
vn 0.3881 -0.0623 0.9195
vn 0.0741 -0.0049 0.9972
vn 0.0329 -0.3915 0.9196
vn -0.1364 0.6410 0.7553
vn 0.1780 0.0830 0.9805
vn 0.3881 -0.0623 0.9195
vn 0.0329 -0.3915 0.9196
vn -0.1364 0.6410 0.7553
vn 0.3881 -0.0623 0.9195
vn -0.5927 0.0823 0.8012
vn 0.4046 -0.4958 0.7684
vn -0.1364 0.6410 0.7553
vn -0.1364 0.6410 0.7553
vn 0.0329 -0.3915 0.9196
vn -0.5927 0.0823 0.8012
vn 0.3881 -0.0623 0.9195
vn 0.1780 0.0830 0.9805
vn 0.6633 -0.3297 0.6718
vn 0.0996 -0.2764 0.9559
vn 0.3881 -0.0623 0.9195
vn 0.6633 -0.3297 0.6718
vn -0.1233 0.9923 -0.0095
vn -0.1233 0.9923 -0.0095
vn -0.3773 0.8768 0.2982
vn -0.3773 0.8768 0.2982
vn -0.4309 0.8997 0.0697
vn -0.4309 0.8997 0.0697
vn -0.8947 0.4466 -0.0070
vn -0.3773 0.8768 0.2982
vn -0.8947 0.4466 -0.0070
vn -0.9712 0.2381 0.0000
vn -0.9013 -0.2726 -0.3368
vn -0.9712 0.2381 0.0000
vn -0.9013 -0.2726 -0.3368
vn -0.9660 -0.2585 0.0000
vn -0.9660 -0.2585 0.0000
vn -0.9282 -0.3712 0.0264
vn -0.9282 -0.3712 0.0264
vn -0.9013 -0.2726 -0.3368
vn 0.7372 -0.6735 -0.0548
vn 0.7372 -0.6735 -0.0548
vn 0.2704 -0.9392 0.2116
vn 0.2704 -0.9392 0.2116
vn 0.8903 -0.4468 0.0877
vn 0.8903 -0.4468 0.0877
vn 0.9987 -0.0315 0.0408
vn 0.9038 -0.3380 -0.2625
vn 0.8890 -0.2742 0.3667
vn -0.2430 -0.3897 0.8883
vn -0.2430 -0.3897 0.8883
vn 0.0634 -0.9043 0.4222
vn 0.9987 -0.0315 0.0408
vn 0.8890 -0.2742 0.3667
vn 0.9942 -0.1072 0.0022
vn 0.9983 -0.0365 -0.0454
vn 0.9038 -0.3380 -0.2625
vn 0.9987 -0.0315 0.0408
vn -0.0877 -0.9462 -0.3116
vn 0.2704 -0.9392 0.2116
vn 0.3261 -0.9246 -0.1967
vn 0.9942 -0.1072 0.0022
vn 0.9498 -0.3090 -0.0489
vn 0.9498 -0.3090 -0.0489
vn 0.9059 0.1381 0.4003
vn 0.9944 0.0244 -0.1030
vn 0.9927 0.0393 0.1144
vn 0.9983 0.0000 0.0587
vn 0.9978 -0.0003 0.0659
vn 0.9979 0.0002 0.0644
vn 0.9944 0.0244 -0.1030
vn 0.9983 0.0000 0.0587
vn 0.9979 0.0002 0.0644
vn 0.9944 0.0244 -0.1030
vn 0.9979 0.0002 0.0644
vn 0.9927 0.0393 0.1144
vn 0.9942 -0.0301 0.1031
vn 0.9985 -0.0000 0.0544
vn 0.9983 -0.0365 -0.0454
vn 0.9942 -0.0301 0.1031
vn 0.9983 -0.0365 -0.0454
vn 0.9987 -0.0315 0.0408
vn 0.9970 0.0003 0.0774
vn 0.9958 0.0001 0.0921
vn 0.9958 -0.0001 0.0920
vn 0.9958 -0.0001 0.0920
vn 0.9973 -0.0001 0.0732
vn 0.9970 0.0003 0.0774
vn 0.9983 0.0000 0.0587
vn 0.9970 0.0003 0.0774
vn 0.9973 -0.0001 0.0732
vn 0.9973 -0.0001 0.0732
vn 0.9985 -0.0000 0.0544
vn 0.9983 0.0000 0.0587
vn 0.9978 -0.0003 0.0659
vn 0.9983 0.0000 0.0587
vn 0.9985 -0.0000 0.0544
vn 0.9985 -0.0000 0.0544
vn 0.9942 -0.0301 0.1031
vn 0.9978 -0.0003 0.0659
vn 0.3054 -0.0041 0.9522
vn 0.5918 -0.0043 0.8061
vn 0.5918 -0.0043 0.8061
vn 0.0410 0.0000 0.9992
vn 0.1287 -0.0003 0.9917
vn 0.3054 -0.0041 0.9522
vn 0.2059 0.0012 0.9786
vn 0.3054 -0.0041 0.9522
vn 0.1287 -0.0003 0.9917
vn 0.1287 -0.0003 0.9917
vn 0.2236 0.1017 0.9694
vn 0.2059 0.0012 0.9786
vn 0.3187 0.0003 0.9479
vn 0.2059 0.0012 0.9786
vn 0.2236 0.1017 0.9694
vn 0.2236 0.1017 0.9694
vn 0.3699 0.0770 0.9259
vn 0.3187 0.0003 0.9479
vn 0.5184 -0.1550 0.8410
vn 0.3187 0.0003 0.9479
vn 0.3699 0.0770 0.9259
vn 0.3699 0.0770 0.9259
vn 0.4922 0.0731 0.8674
vn 0.5184 -0.1550 0.8410
vn 0.5458 0.0002 0.8379
vn 0.5184 -0.1550 0.8410
vn 0.4922 0.0731 0.8674
vn 0.4922 0.0731 0.8674
vn 0.7294 0.0865 0.6786
vn 0.5458 0.0002 0.8379
vn 0.6623 0.0013 0.7493
vn 0.5458 0.0002 0.8379
vn 0.7294 0.0865 0.6786
vn 0.6623 0.0013 0.7493
vn 0.7294 0.0865 0.6786
vn 0.7547 0.0022 0.6561
vn 0.7547 0.0022 0.6561
vn 0.7525 0.0074 0.6586
vn 0.6623 0.0013 0.7493
vn 0.8347 -0.0013 0.5507
vn 0.7525 0.0074 0.6586
vn 0.7547 0.0022 0.6561
vn 0.7547 0.0022 0.6561
vn 0.7035 0.0046 0.7106
vn 0.8347 -0.0013 0.5507
vn 0.9186 0.0009 0.3951
vn 0.8347 -0.0013 0.5507
vn 0.7035 0.0046 0.7106
vn 0.7035 0.0046 0.7106
vn 0.0461 0.0070 0.9989
vn 0.0461 0.0070 0.9989
vn 0.9186 0.0009 0.3951
vn 0.9927 0.0393 0.1144
vn 0.9885 0.0023 0.1513
vn 0.9885 0.0023 0.1513
vn 0.9713 -0.0021 0.2379
vn 0.9186 0.0009 0.3951
vn 0.9885 0.0023 0.1513
vn 0.9863 0.0014 0.1651
vn 0.9713 -0.0021 0.2379
vn 0.9978 -0.0003 0.0659
vn 0.9713 -0.0021 0.2379
vn 0.9863 0.0014 0.1651
vn 0.9863 0.0014 0.1651
vn 0.9979 0.0002 0.0644
vn 0.9978 -0.0003 0.0659
vn 0.0046 -0.9944 0.1052
vn -0.0302 -0.9936 0.1085
vn -0.0051 -0.9943 0.1068
vn -0.0265 -0.9939 0.1073
vn -0.0335 -0.9948 0.0959
vn -0.0302 -0.9936 0.1085
vn -0.0302 -0.9936 0.1085
vn -0.0335 -0.9948 0.0959
vn -0.0051 -0.9943 0.1068
vn -0.0269 -0.9939 0.1074
vn -0.0265 -0.9939 0.1073
vn -0.0302 -0.9936 0.1085
vn -0.0302 -0.9936 0.1085
vn -0.0257 -0.9939 0.1070
vn -0.0253 -0.9939 0.1072
vn -0.0253 -0.9939 0.1072
vn -0.0269 -0.9939 0.1074
vn -0.0302 -0.9936 0.1085
vn -0.0291 -0.9939 0.1066
vn -0.0253 -0.9939 0.1072
vn -0.0257 -0.9939 0.1070
vn -0.0257 -0.9939 0.1070
vn -0.0231 -0.9941 0.1061
vn -0.0291 -0.9939 0.1066
vn -0.0257 -0.9939 0.1070
vn -0.0302 -0.9936 0.1085
vn 0.0046 -0.9944 0.1052
vn -0.0263 -0.9939 0.1071
vn -0.0264 -0.9939 0.1074
vn 0.0046 -0.9944 0.1052
vn -0.0165 -0.9945 0.1031
vn -0.0264 -0.9939 0.1074
vn -0.0263 -0.9939 0.1071
vn -0.0263 -0.9939 0.1071
vn -0.0118 -0.9950 0.0996
vn -0.0165 -0.9945 0.1031
vn 0.0046 -0.9944 0.1052
vn -0.0264 -0.9939 0.1074
vn -0.0257 -0.9939 0.1070
vn -0.0231 -0.9941 0.1061
vn -0.0257 -0.9939 0.1070
vn -0.0264 -0.9939 0.1074
vn -0.0264 -0.9939 0.1074
vn -0.0165 -0.9945 0.1031
vn -0.0231 -0.9941 0.1061
vn -0.0231 -0.9941 0.1061
vn -0.0165 -0.9945 0.1031
vn -0.0328 -0.9934 0.1103
vn 0.1568 -0.9860 0.0563
vn 0.0304 -0.9835 0.1785
vn 0.0277 -0.9989 0.0382
vn 0.0304 -0.9835 0.1785
vn 0.0170 -0.9945 0.1033
vn -0.0051 -0.9943 0.1068
vn 0.0170 -0.9945 0.1033
vn 0.0046 -0.9944 0.1052
vn -0.0051 -0.9943 0.1068
vn 0.0174 -0.9481 0.3176
vn 0.0212 -0.8757 0.4825
vn 0.0277 -0.9989 0.0382
vn 0.0304 -0.9835 0.1785
vn 0.0174 -0.9481 0.3176
vn 0.0277 -0.9989 0.0382
vn 0.0086 -0.9988 0.0492
vn 0.0277 -0.9989 0.0382
vn 0.0212 -0.8757 0.4825
vn 0.0212 -0.8757 0.4825
vn 0.0005 -0.8935 0.4491
vn 0.0086 -0.9988 0.0492
vn 0.0005 -0.8935 0.4491
vn 0.0212 -0.8757 0.4825
vn 0.0174 -0.9481 0.3176
vn 0.0174 -0.9481 0.3176
vn 0.0033 -0.9694 0.2453
vn 0.0005 -0.8935 0.4491
vn 0.0033 -0.9694 0.2453
vn 0.0174 -0.9481 0.3176
vn 0.0304 -0.9835 0.1785
vn 0.0304 -0.9835 0.1785
vn -0.0051 -0.9943 0.1068
vn 0.0033 -0.9694 0.2453
vn 0.0005 -0.8935 0.4491
vn -0.0420 -0.9779 0.2047
vn -0.0206 -0.8133 0.5814
vn -0.0206 -0.8133 0.5814
vn 0.0086 -0.9988 0.0492
vn 0.0005 -0.8935 0.4491
vn -0.0206 -0.8133 0.5814
vn -0.0673 -0.9951 0.0729
vn 0.0086 -0.9988 0.0492
vn -0.0420 -0.9779 0.2047
vn 0.0005 -0.8935 0.4491
vn 0.0033 -0.9694 0.2453
vn 0.0033 -0.9694 0.2453
vn -0.0051 -0.9943 0.1068
vn -0.0420 -0.9779 0.2047
vn 0.0644 0.8623 -0.5023
vn 0.0644 0.8623 -0.5023
vn 0.0644 0.8623 -0.5023
vn -0.0335 -0.9948 0.0959
vn -0.0651 -0.9978 0.0105
vn -0.0051 -0.9943 0.1068
vn -0.0651 -0.9978 0.0105
vn -0.0673 -0.9951 0.0729
vn -0.0420 -0.9779 0.2047
vn -0.0420 -0.9779 0.2047
vn -0.0051 -0.9943 0.1068
vn -0.0651 -0.9978 0.0105
vn 0.0277 -0.9989 0.0382
vn 0.0086 -0.9988 0.0492
vn 0.0003 -0.9933 -0.1154
vn 0.0003 -0.9933 -0.1154
vn 0.0566 -0.9856 -0.1594
vn 0.0277 -0.9989 0.0382
vn 0.0003 -0.9933 -0.1154
vn 0.0086 -0.9988 0.0492
vn -0.0673 -0.9951 0.0729
vn -0.0673 -0.9951 0.0729
vn -0.0651 -0.9978 0.0105
vn -0.1393 -0.9901 0.0177
vn -0.3550 -0.9069 0.2269
vn 0.0003 -0.9933 -0.1154
vn -0.0673 -0.9951 0.0729
vn -0.0651 -0.9978 0.0105
vn -0.0335 -0.9948 0.0959
vn -0.0611 -0.9916 -0.1141
vn -0.8952 -0.4354 0.0956
vn -0.9587 -0.2743 0.0756
vn -0.9028 -0.3177 0.2900
vn -0.9587 -0.2743 0.0756
vn -0.9886 -0.1404 0.0538
vn -0.9524 -0.1866 0.2412
vn -0.9886 -0.1404 0.0538
vn -0.9994 0.0005 0.0354
vn -0.9862 -0.0391 0.1606
vn -0.2973 -0.3503 0.8882
vn -0.7925 -0.5999 0.1096
vn -0.8952 -0.4354 0.0956
vn -0.4683 -0.8560 0.2191
vn -0.4015 -0.9087 0.1141
vn -0.5469 -0.8288 0.1184
vn -0.6908 -0.7123 0.1242
vn -0.2973 -0.3503 0.8882
vn -0.5469 -0.8288 0.1184
vn -0.2504 -0.9631 0.0985
vn -0.4015 -0.9087 0.1141
vn -0.3144 -0.9415 0.1211
vn -0.0335 -0.9948 0.0959
vn -0.2504 -0.9631 0.0985
vn -0.2311 -0.9712 0.0581
vn -1.0000 -0.0016 0.0002
vn -1.0000 -0.0007 0.0001
vn -0.9969 -0.0787 0.0085
vn -0.4260 -0.8876 0.1752
vn -0.4464 -0.8906 0.0865
vn -0.2327 -0.9616 0.1452
vn -0.0269 -0.9939 0.1074
vn -0.0253 -0.9939 0.1072
vn -0.0814 -0.9909 0.1068
vn -0.1330 -0.9854 0.1065
vn -0.0335 -0.9948 0.0959
vn -0.0265 -0.9939 0.1073
vn -0.1330 -0.9854 0.1065
vn -0.2504 -0.9631 0.0985
vn -0.0335 -0.9948 0.0959
vn -0.2504 -0.9631 0.0985
vn -0.1330 -0.9854 0.1065
vn -0.2450 -0.9639 0.1042
vn -0.2504 -0.9631 0.0985
vn -0.2450 -0.9639 0.1042
vn -0.3494 -0.9315 0.1006
vn -0.3494 -0.9315 0.1006
vn -0.4015 -0.9087 0.1141
vn -0.2504 -0.9631 0.0985
vn -0.4015 -0.9087 0.1141
vn -0.3494 -0.9315 0.1006
vn -0.4641 -0.8807 0.0950
vn -0.4641 -0.8807 0.0950
vn -0.5469 -0.8288 0.1184
vn -0.4015 -0.9087 0.1141
vn -0.5469 -0.8288 0.1184
vn -0.4641 -0.8807 0.0950
vn -0.5403 -0.8366 0.0905
vn -0.5469 -0.8288 0.1184
vn -0.5403 -0.8366 0.0905
vn -0.6168 -0.7825 0.0847
vn -0.6168 -0.7825 0.0847
vn -0.6908 -0.7123 0.1242
vn -0.5469 -0.8288 0.1184
vn -0.6908 -0.7123 0.1242
vn -0.6168 -0.7825 0.0847
vn -0.7167 -0.6933 0.0749
vn -0.7167 -0.6933 0.0749
vn -0.7925 -0.5999 0.1096
vn -0.6908 -0.7123 0.1242
vn -0.7925 -0.5999 0.1096
vn -0.7167 -0.6933 0.0749
vn -0.7926 -0.6062 0.0656
vn -0.7925 -0.5999 0.1096
vn -0.7926 -0.6062 0.0656
vn -0.8769 -0.4779 0.0516
vn -0.8769 -0.4779 0.0516
vn -0.8952 -0.4354 0.0956
vn -0.7925 -0.5999 0.1096
vn -0.8952 -0.4354 0.0956
vn -0.8769 -0.4779 0.0516
vn -0.9367 -0.3480 0.0376
vn -0.9367 -0.3480 0.0376
vn -0.9587 -0.2743 0.0756
vn -0.8952 -0.4354 0.0956
vn -0.9587 -0.2743 0.0756
vn -0.9367 -0.3480 0.0376
vn -0.9793 -0.2015 0.0218
vn -0.9793 -0.2015 0.0218
vn -0.9886 -0.1404 0.0538
vn -0.9587 -0.2743 0.0756
vn -0.9886 -0.1404 0.0538
vn -0.9793 -0.2015 0.0218
vn -0.9969 -0.0787 0.0085
vn -0.9969 -0.0787 0.0085
vn -0.9994 0.0005 0.0354
vn -0.9886 -0.1404 0.0538
vn -0.9994 0.0005 0.0354
vn -0.9969 -0.0787 0.0085
vn -1.0000 -0.0007 0.0001
vn -0.9925 -0.1215 0.0127
vn -1.0000 0.0080 0.0028
vn -1.0000 -0.0016 0.0002
vn -0.9969 -0.0787 0.0085
vn -0.9925 -0.1215 0.0127
vn -1.0000 -0.0016 0.0002
vn -0.9969 -0.0787 0.0085
vn -0.9793 -0.2015 0.0218
vn -0.9925 -0.1215 0.0127
vn -0.9665 -0.2551 0.0270
vn -0.9925 -0.1215 0.0127
vn -0.9793 -0.2015 0.0218
vn -0.9793 -0.2015 0.0218
vn -0.9367 -0.3480 0.0376
vn -0.9665 -0.2551 0.0270
vn -0.8947 -0.4433 0.0542
vn -0.9665 -0.2551 0.0270
vn -0.9367 -0.3480 0.0376
vn -0.9367 -0.3480 0.0376
vn -0.8769 -0.4779 0.0516
vn -0.8947 -0.4433 0.0542
vn -0.8320 -0.5513 0.0618
vn -0.8947 -0.4433 0.0542
vn -0.8769 -0.4779 0.0516
vn -0.8769 -0.4779 0.0516
vn -0.7926 -0.6062 0.0656
vn -0.8320 -0.5513 0.0618
vn -0.7251 -0.6850 0.0707
vn -0.8320 -0.5513 0.0618
vn -0.7926 -0.6062 0.0656
vn -0.7926 -0.6062 0.0656
vn -0.7167 -0.6933 0.0749
vn -0.7251 -0.6850 0.0707
vn -0.6410 -0.7631 0.0823
vn -0.7251 -0.6850 0.0707
vn -0.7167 -0.6933 0.0749
vn -0.7167 -0.6933 0.0749
vn -0.6168 -0.7825 0.0847
vn -0.6410 -0.7631 0.0823
vn -0.5307 -0.8427 0.0905
vn -0.6410 -0.7631 0.0823
vn -0.6168 -0.7825 0.0847
vn -0.6168 -0.7825 0.0847
vn -0.5403 -0.8366 0.0905
vn -0.5307 -0.8427 0.0905
vn -0.5403 -0.8366 0.0905
vn -0.4641 -0.8807 0.0950
vn -0.5307 -0.8427 0.0905
vn -0.4082 -0.9075 0.0988
vn -0.5307 -0.8427 0.0905
vn -0.4641 -0.8807 0.0950
vn -0.4641 -0.8807 0.0950
vn -0.3494 -0.9315 0.1006
vn -0.4082 -0.9075 0.0988
vn -0.2926 -0.9507 0.1028
vn -0.4082 -0.9075 0.0988
vn -0.3494 -0.9315 0.1006
vn -0.3494 -0.9315 0.1006
vn -0.2450 -0.9639 0.1042
vn -0.2926 -0.9507 0.1028
vn -0.1787 -0.9782 0.1056
vn -0.2926 -0.9507 0.1028
vn -0.2450 -0.9639 0.1042
vn -0.2450 -0.9639 0.1042
vn -0.1330 -0.9854 0.1065
vn -0.1787 -0.9782 0.1056
vn -0.0814 -0.9909 0.1068
vn -0.1787 -0.9782 0.1056
vn -0.1330 -0.9854 0.1065
vn -0.0269 -0.9939 0.1074
vn -0.0814 -0.9909 0.1068
vn -0.1330 -0.9854 0.1065
vn -0.1330 -0.9854 0.1065
vn -0.0265 -0.9939 0.1073
vn -0.0269 -0.9939 0.1074
vn -0.9932 0.0620 0.0981
vn -1.0000 0.0080 0.0028
vn -0.9925 -0.1215 0.0127
vn -0.9925 -0.1215 0.0127
vn -0.9665 -0.2551 0.0270
vn -0.9932 0.0620 0.0981
vn -0.9665 -0.2551 0.0270
vn -0.8947 -0.4433 0.0542
vn -0.9932 0.0620 0.0981
vn -0.4260 -0.8876 0.1752
vn -0.9932 0.0620 0.0981
vn -0.8947 -0.4433 0.0542
vn -0.8947 -0.4433 0.0542
vn -0.8320 -0.5513 0.0618
vn -0.4260 -0.8876 0.1752
vn -0.8320 -0.5513 0.0618
vn -0.7251 -0.6850 0.0707
vn -0.4260 -0.8876 0.1752
vn -0.4464 -0.8906 0.0865
vn -0.4260 -0.8876 0.1752
vn -0.7251 -0.6850 0.0707
vn -0.7251 -0.6850 0.0707
vn -0.6410 -0.7631 0.0823
vn -0.4464 -0.8906 0.0865
vn -0.6410 -0.7631 0.0823
vn -0.5307 -0.8427 0.0905
vn -0.4464 -0.8906 0.0865
vn -0.5307 -0.8427 0.0905
vn -0.4082 -0.9075 0.0988
vn -0.4464 -0.8906 0.0865
vn -0.2327 -0.9616 0.1452
vn -0.4464 -0.8906 0.0865
vn -0.4082 -0.9075 0.0988
vn -0.4082 -0.9075 0.0988
vn -0.2926 -0.9507 0.1028
vn -0.2327 -0.9616 0.1452
vn -0.2926 -0.9507 0.1028
vn -0.1787 -0.9782 0.1056
vn -0.2327 -0.9616 0.1452
vn -0.0291 -0.9939 0.1066
vn -0.2327 -0.9616 0.1452
vn -0.1787 -0.9782 0.1056
vn -0.1787 -0.9782 0.1056
vn -0.0814 -0.9909 0.1068
vn -0.0291 -0.9939 0.1066
vn -0.0291 -0.9939 0.1066
vn -0.0814 -0.9909 0.1068
vn -0.0253 -0.9939 0.1072
vn -0.0419 -0.9926 0.1136
vn -0.0784 -0.9883 0.1309
vn -0.2327 -0.9616 0.1452
vn -0.9996 -0.0282 0.0054
vn -0.9970 -0.0774 0.0053
vn -0.5616 -0.7995 0.2131
vn -0.0291 -0.9939 0.1066
vn -0.0419 -0.9926 0.1136
vn -0.2327 -0.9616 0.1452
vn -0.7123 -0.6873 0.1420
vn -0.3621 -0.9091 0.2061
vn -0.5616 -0.7995 0.2131
vn -0.7123 -0.6873 0.1420
vn -0.5616 -0.7995 0.2131
vn -0.9970 -0.0774 0.0053
vn -0.7123 -0.6873 0.1420
vn -0.9932 0.0620 0.0981
vn -0.4260 -0.8876 0.1752
vn -0.6504 -0.7279 0.2172
vn -0.7575 -0.6439 0.1075
vn -0.5442 -0.8263 0.1453
vn -0.5616 -0.7995 0.2131
vn -0.4017 -0.8995 0.1717
vn -0.5442 -0.8263 0.1453
vn -0.0118 -0.9950 0.0996
vn -0.0227 -0.9942 0.1056
vn -0.0328 -0.9934 0.1103
vn -0.0165 -0.9945 0.1031
vn -0.0118 -0.9950 0.0996
vn -0.0328 -0.9934 0.1103
vn -0.0328 -0.9934 0.1103
vn -0.0419 -0.9926 0.1136
vn -0.0231 -0.9941 0.1061
vn -0.0419 -0.9926 0.1136
vn -0.0291 -0.9939 0.1066
vn -0.0231 -0.9941 0.1061
vn -0.0784 -0.9883 0.1309
vn -0.0419 -0.9926 0.1136
vn -0.0328 -0.9934 0.1103
vn -0.0328 -0.9934 0.1103
vn -0.0227 -0.9942 0.1056
vn -0.0944 -0.9865 0.1340
vn -0.0944 -0.9865 0.1340
vn -0.1010 -0.9848 0.1413
vn -0.0328 -0.9934 0.1103
vn -0.0328 -0.9934 0.1103
vn -0.1010 -0.9848 0.1413
vn -0.0784 -0.9883 0.1309
vn -0.1523 -0.9748 0.1627
vn -0.0784 -0.9883 0.1309
vn -0.1010 -0.9848 0.1413
vn -0.2327 -0.9616 0.1452
vn -0.0784 -0.9883 0.1309
vn -0.1523 -0.9748 0.1627
vn -0.1523 -0.9748 0.1627
vn -0.4260 -0.8876 0.1752
vn -0.2327 -0.9616 0.1452
vn -0.5616 -0.7995 0.2131
vn -0.3621 -0.9091 0.2061
vn -0.4017 -0.8995 0.1717
vn -0.0944 -0.9865 0.1340
vn -0.1130 -0.9742 0.1955
vn -0.1625 -0.9744 0.1553
vn -0.1625 -0.9744 0.1553
vn -0.2002 -0.9633 0.1790
vn -0.0944 -0.9865 0.1340
vn -0.2002 -0.9633 0.1790
vn -0.4260 -0.8876 0.1752
vn -0.1523 -0.9748 0.1627
vn -0.1010 -0.9848 0.1413
vn -0.2002 -0.9633 0.1790
vn -0.1523 -0.9748 0.1627
vn -0.0944 -0.9865 0.1340
vn -0.2002 -0.9633 0.1790
vn -0.1010 -0.9848 0.1413
vn -0.0944 -0.9865 0.1340
vn -0.0227 -0.9942 0.1056
vn -0.1130 -0.9742 0.1955
vn -0.1130 -0.9742 0.1955
vn -0.2415 -0.9538 0.1787
vn -0.1625 -0.9744 0.1553
vn -0.4260 -0.8876 0.1752
vn -0.2002 -0.9633 0.1790
vn -0.7123 -0.6873 0.1420
vn -0.2002 -0.9633 0.1790
vn -0.1625 -0.9744 0.1553
vn -0.7123 -0.6873 0.1420
vn -0.1625 -0.9744 0.1553
vn -0.2415 -0.9538 0.1787
vn -0.7123 -0.6873 0.1420
vn -0.3621 -0.9091 0.2061
vn -0.7123 -0.6873 0.1420
vn -0.2415 -0.9538 0.1787
vn -0.4017 -0.8995 0.1717
vn -0.3621 -0.9091 0.2061
vn -0.2415 -0.9538 0.1787
vn 0.0070 -0.9760 0.2178
vn -0.0205 -0.9873 0.1577
vn 0.0112 -0.9991 0.0404
vn -1.0000 -0.0007 0.0001
vn -1.0000 -0.0016 0.0002
vn -0.9998 -0.0168 0.0088
vn -1.0000 -0.0016 0.0002
vn -1.0000 0.0080 0.0028
vn -0.9998 -0.0168 0.0088
vn -0.7123 -0.6873 0.1420
vn -0.9970 -0.0774 0.0053
vn -0.9998 -0.0168 0.0088
vn -0.9970 -0.0774 0.0053
vn -0.9996 -0.0282 0.0054
vn -0.9998 -0.0168 0.0088
vn -0.9918 0.0106 0.1270
vn -0.9994 0.0005 0.0354
vn -0.9998 -0.0168 0.0088
vn -0.9994 0.0005 0.0354
vn -1.0000 -0.0007 0.0001
vn -0.9998 -0.0168 0.0088
vn -0.9932 0.0620 0.0981
vn -0.6444 0.7471 0.1630
vn -0.6444 0.7471 0.1630
vn -0.9998 -0.0168 0.0088
vn -1.0000 0.0080 0.0028
vn -0.9932 0.0620 0.0981
vn -0.6908 -0.7123 0.1242
vn -0.7925 -0.5999 0.1096
vn -0.2973 -0.3503 0.8882
vn -0.9951 0.0160 0.0972
vn -0.9998 -0.0168 0.0088
vn -0.9096 -0.0527 0.4121
vn -0.9096 -0.0527 0.4121
vn -0.9998 -0.0168 0.0088
vn -0.9996 -0.0282 0.0054
vn -0.9977 0.0675 0.0008
vn -0.9096 -0.0527 0.4121
vn -0.9996 -0.0282 0.0054
vn -0.9996 -0.0282 0.0054
vn -0.9978 -0.0663 0.0053
vn -0.9977 0.0675 0.0008
vn -0.9978 -0.0663 0.0053
vn -0.9965 -0.0834 0.0032
vn -0.9977 0.0675 0.0008
vn -0.9970 -0.0768 0.0010
vn -0.9977 0.0675 0.0008
vn -0.9965 -0.0834 0.0032
vn -0.9965 -0.0834 0.0032
vn -0.9935 -0.1138 0.0036
vn -0.9970 -0.0768 0.0010
vn -0.9939 -0.1101 0.0065
vn -0.9970 -0.0768 0.0010
vn -0.9935 -0.1138 0.0036
vn -0.9674 -0.2533 0.0001
vn -0.9761 -0.2173 0.0005
vn -0.9753 -0.2210 0.0006
vn -0.9761 -0.2173 0.0005
vn -0.9814 -0.1919 0.0003
vn -0.9753 -0.2210 0.0006
vn -0.9935 -0.1138 0.0036
vn -0.9908 -0.1351 0.0025
vn -0.9939 -0.1101 0.0065
vn -0.9909 -0.1345 0.0009
vn -0.9939 -0.1101 0.0065
vn -0.9908 -0.1351 0.0025
vn -0.9908 -0.1351 0.0025
vn -0.9856 -0.1693 0.0022
vn -0.9909 -0.1345 0.0009
vn -0.9877 -0.1563 0.0011
vn -0.9909 -0.1345 0.0009
vn -0.9856 -0.1693 0.0022
vn -0.9814 -0.1919 0.0003
vn -0.9877 -0.1563 0.0011
vn -0.9856 -0.1693 0.0022
vn -0.9856 -0.1693 0.0022
vn -0.9798 -0.2000 0.0025
vn -0.9814 -0.1919 0.0003
vn -0.9798 -0.2000 0.0025
vn -0.9753 -0.2210 0.0006
vn -0.9814 -0.1919 0.0003
vn -0.9503 -0.3112 0.0001
vn -0.9547 -0.2977 0.0001
vn -0.9585 -0.2851 0.0002
vn -0.9585 -0.2851 0.0002
vn -0.9561 -0.2932 -0.0002
vn -0.9503 -0.3112 0.0001
vn -0.9753 -0.2210 0.0006
vn -0.9708 -0.2398 0.0014
vn -0.9674 -0.2533 0.0001
vn -0.9708 -0.2398 0.0014
vn -0.9585 -0.2851 0.0002
vn -0.9674 -0.2533 0.0001
vn -0.9585 -0.2851 0.0002
vn -0.9547 -0.2977 0.0001
vn -0.9674 -0.2533 0.0001
vn -0.9182 -0.3961 0.0004
vn -0.9266 -0.3759 0.0003
vn -0.9408 -0.3389 0.0001
vn -0.9408 -0.3389 0.0001
vn -0.9350 -0.3547 -0.0028
vn -0.9182 -0.3961 0.0004
vn -0.9561 -0.2932 -0.0002
vn -0.9408 -0.3389 0.0001
vn -0.9503 -0.3112 0.0001
vn -0.9266 -0.3759 0.0003
vn -0.9503 -0.3112 0.0001
vn -0.9408 -0.3389 0.0001
vn -0.8802 -0.4744 0.0112
vn -0.8898 -0.4563 0.0010
vn -0.8936 -0.4488 0.0000
vn -0.8936 -0.4488 0.0000
vn -0.8918 -0.4524 0.0000
vn -0.8802 -0.4744 0.0112
vn -0.9350 -0.3547 -0.0028
vn -0.8936 -0.4488 0.0000
vn -0.9182 -0.3961 0.0004
vn -0.8936 -0.4488 0.0000
vn -0.8898 -0.4563 0.0010
vn -0.9182 -0.3961 0.0004
vn -0.8918 -0.4524 0.0000
vn -0.9152 -0.4029 0.0017
vn -0.8802 -0.4744 0.0112
vn -0.8483 -0.5295 0.0057
vn -0.8802 -0.4744 0.0112
vn -0.9152 -0.4029 0.0017
vn -0.8354 -0.5496 0.0033
vn -0.8483 -0.5295 0.0057
vn -0.9152 -0.4029 0.0017
vn -0.8354 -0.5496 0.0033
vn -0.9152 -0.4029 0.0017
vn -0.7575 -0.6439 0.1075
vn -0.5181 -0.8553 0.0009
vn -0.7994 -0.6007 0.0048
vn -0.7490 -0.6626 0.0003
vn -0.7490 -0.6626 0.0003
vn -0.7989 -0.6014 0.0011
vn -0.5181 -0.8553 0.0009
vn -0.7575 -0.6439 0.1075
vn -0.7490 -0.6626 0.0003
vn -0.8354 -0.5496 0.0033
vn -0.7490 -0.6626 0.0003
vn -0.7994 -0.6007 0.0048
vn -0.8354 -0.5496 0.0033
vn -0.7989 -0.6014 0.0011
vn -0.7577 -0.6526 0.0025
vn -0.5181 -0.8553 0.0009
vn -0.0380 -0.9993 -0.0000
vn -0.5181 -0.8553 0.0009
vn -0.7577 -0.6526 0.0025
vn -0.9364 -0.3508 0.0036
vn -0.8870 0.4617 0.0056
vn -0.8870 0.4617 0.0056
vn -0.7577 -0.6526 0.0025
vn -0.7452 -0.6669 0.0003
vn -0.9364 -0.3508 0.0036
vn -0.6971 -0.7169 -0.0003
vn -0.6856 -0.7280 -0.0003
vn -0.6702 -0.7422 0.0022
vn -0.6702 -0.7422 0.0022
vn -0.6845 -0.7290 0.0045
vn -0.6971 -0.7169 -0.0003
vn -0.7452 -0.6669 0.0003
vn -0.6971 -0.7169 -0.0003
vn -0.9364 -0.3508 0.0036
vn -0.6971 -0.7169 -0.0003
vn -0.6845 -0.7290 0.0045
vn -0.9364 -0.3508 0.0036
vn -0.6856 -0.7280 -0.0003
vn -0.6394 -0.7689 0.0004
vn -0.6702 -0.7422 0.0022
vn -0.6246 -0.7808 0.0135
vn -0.6702 -0.7422 0.0022
vn -0.6394 -0.7689 0.0004
vn -0.6083 -0.7937 0.0003
vn -0.6246 -0.7808 0.0135
vn -0.6394 -0.7689 0.0004
vn -0.6083 -0.7937 0.0003
vn -0.6394 -0.7689 0.0004
vn -0.6208 -0.7840 0.0010
vn -0.5477 -0.8366 0.0001
vn -0.5586 -0.8294 0.0003
vn -0.5766 -0.8170 0.0005
vn -0.5477 -0.8366 0.0001
vn -0.5766 -0.8170 0.0005
vn -0.5570 -0.8305 0.0011
vn -0.6208 -0.7840 0.0010
vn -0.5766 -0.8170 0.0005
vn -0.6083 -0.7937 0.0003
vn -0.5586 -0.8294 0.0003
vn -0.6083 -0.7937 0.0003
vn -0.5766 -0.8170 0.0005
vn -0.5570 -0.8305 0.0011
vn -0.5345 -0.8451 0.0008
vn -0.5477 -0.8366 0.0001
vn -0.4768 -0.8790 0.0000
vn -0.5477 -0.8366 0.0001
vn -0.5345 -0.8451 0.0008
vn -0.5345 -0.8451 0.0008
vn -0.4932 -0.8699 0.0004
vn -0.4768 -0.8790 0.0000
vn -0.4824 -0.8744 0.0528
vn -0.4768 -0.8790 0.0000
vn -0.4932 -0.8699 0.0004
vn -0.4894 -0.8720 0.0001
vn -0.4824 -0.8744 0.0528
vn -0.4932 -0.8699 0.0004
vn -0.4894 -0.8720 0.0001
vn -0.4932 -0.8699 0.0004
vn -0.4860 -0.8739 0.0007
vn -0.4860 -0.8739 0.0007
vn -0.4560 -0.8900 0.0003
vn -0.4894 -0.8720 0.0001
vn -0.4359 -0.9000 0.0002
vn -0.4894 -0.8720 0.0001
vn -0.4560 -0.8900 0.0003
vn -0.4560 -0.8900 0.0003
vn -0.4196 -0.9077 0.0000
vn -0.4359 -0.9000 0.0002
vn -0.4081 -0.9129 0.0063
vn -0.4359 -0.9000 0.0002
vn -0.4196 -0.9077 0.0000
vn -0.3968 -0.9179 0.0011
vn -0.4081 -0.9129 0.0063
vn -0.4196 -0.9077 0.0000
vn -0.3968 -0.9179 0.0011
vn -0.4196 -0.9077 0.0000
vn -0.4057 -0.9140 -0.0024
vn -0.3197 -0.9475 0.0007
vn -0.3425 -0.9395 0.0000
vn -0.3271 -0.9450 0.0002
vn -0.4057 -0.9140 -0.0024
vn -0.3789 -0.9254 -0.0002
vn -0.3968 -0.9179 0.0011
vn -0.3495 -0.9369 0.0012
vn -0.3968 -0.9179 0.0011
vn -0.3789 -0.9254 -0.0002
vn -0.3789 -0.9254 -0.0002
vn -0.3425 -0.9395 0.0000
vn -0.3495 -0.9369 0.0012
vn -0.3425 -0.9395 0.0000
vn -0.3197 -0.9475 0.0007
vn -0.3495 -0.9369 0.0012
vn -0.2369 -0.9715 0.0005
vn -0.2625 -0.9649 0.0002
vn -0.2524 -0.9676 0.0004
vn -0.2625 -0.9649 0.0002
vn -0.2369 -0.9715 0.0005
vn -0.2543 -0.9671 0.0009
vn -0.3271 -0.9450 0.0002
vn -0.2992 -0.9542 0.0002
vn -0.3197 -0.9475 0.0007
vn -0.2806 -0.9598 0.0009
vn -0.3197 -0.9475 0.0007
vn -0.2992 -0.9542 0.0002
vn -0.2992 -0.9542 0.0002
vn -0.2625 -0.9649 0.0002
vn -0.2806 -0.9598 0.0009
vn -0.2543 -0.9671 0.0009
vn -0.2806 -0.9598 0.0009
vn -0.2625 -0.9649 0.0002
vn -0.1432 -0.9897 0.0004
vn -0.1573 -0.9875 0.0009
vn -0.2189 -0.9756 0.0142
vn -0.1432 -0.9897 0.0004
vn -0.2189 -0.9756 0.0142
vn -0.2407 -0.9702 0.0280
vn -0.1432 -0.9897 0.0004
vn -0.2407 -0.9702 0.0280
vn -0.1714 -0.9850 0.0189
vn -0.1714 -0.9850 0.0189
vn -0.0944 -0.9955 0.0013
vn -0.1432 -0.9897 0.0004
vn -0.2369 -0.9715 0.0005
vn -0.2524 -0.9676 0.0004
vn -0.3082 -0.9511 0.0193
vn -0.1951 -0.9808 0.0006
vn -0.2369 -0.9715 0.0005
vn -0.3082 -0.9511 0.0193
vn -0.3082 -0.9511 0.0193
vn -0.2189 -0.9756 0.0142
vn -0.1951 -0.9808 0.0006
vn -0.2189 -0.9756 0.0142
vn -0.1573 -0.9875 0.0009
vn -0.1951 -0.9808 0.0006
vn -0.0674 -0.9977 0.0009
vn -0.0944 -0.9955 0.0013
vn -0.1714 -0.9850 0.0189
vn -0.0674 -0.9977 0.0009
vn -0.1714 -0.9850 0.0189
vn -0.2517 -0.9622 0.1042
vn -0.0674 -0.9977 0.0009
vn -0.2517 -0.9622 0.1042
vn -0.0505 -0.9987 0.0000
vn -0.0505 -0.9987 0.0000
vn -0.0265 -0.9996 0.0002
vn -0.0674 -0.9977 0.0009
vn -0.2517 -0.9622 0.1042
vn -0.1714 -0.9850 0.0189
vn -0.4189 -0.7903 0.4471
vn -0.9585 -0.2851 0.0002
vn -0.9708 -0.2398 0.0014
vn -0.5616 -0.7995 0.2131
vn -0.9978 -0.0663 0.0053
vn -0.9996 -0.0282 0.0054
vn -0.5616 -0.7995 0.2131
vn -0.9935 -0.1138 0.0036
vn -0.9965 -0.0834 0.0032
vn -0.5616 -0.7995 0.2131
vn -0.5616 -0.7995 0.2131
vn -0.9965 -0.0834 0.0032
vn -0.9978 -0.0663 0.0053
vn -0.5616 -0.7995 0.2131
vn -0.9908 -0.1351 0.0025
vn -0.9935 -0.1138 0.0036
vn -0.5616 -0.7995 0.2131
vn -0.9856 -0.1693 0.0022
vn -0.9908 -0.1351 0.0025
vn -0.9708 -0.2398 0.0014
vn -0.9753 -0.2210 0.0006
vn -0.5616 -0.7995 0.2131
vn -0.9753 -0.2210 0.0006
vn -0.9798 -0.2000 0.0025
vn -0.5616 -0.7995 0.2131
vn -0.9798 -0.2000 0.0025
vn -0.9856 -0.1693 0.0022
vn -0.5616 -0.7995 0.2131
vn -0.9561 -0.2932 -0.0002
vn -0.9585 -0.2851 0.0002
vn -0.5616 -0.7995 0.2131
vn -0.9561 -0.2932 -0.0002
vn -0.5616 -0.7995 0.2131
vn -0.9350 -0.3547 -0.0028
vn -0.9408 -0.3389 0.0001
vn -0.9561 -0.2932 -0.0002
vn -0.9350 -0.3547 -0.0028
vn -0.8918 -0.4524 0.0000
vn -0.8936 -0.4488 0.0000
vn -0.9350 -0.3547 -0.0028
vn -0.9152 -0.4029 0.0017
vn -0.8918 -0.4524 0.0000
vn -0.9350 -0.3547 -0.0028
vn -0.9350 -0.3547 -0.0028
vn -0.7575 -0.6439 0.1075
vn -0.9152 -0.4029 0.0017
vn -0.7575 -0.6439 0.1075
vn -0.7989 -0.6014 0.0011
vn -0.7490 -0.6626 0.0003
vn -0.7452 -0.6669 0.0003
vn -0.7577 -0.6526 0.0025
vn -0.7575 -0.6439 0.1075
vn -0.7577 -0.6526 0.0025
vn -0.7989 -0.6014 0.0011
vn -0.7575 -0.6439 0.1075
vn -0.6856 -0.7280 -0.0003
vn -0.6971 -0.7169 -0.0003
vn -0.7575 -0.6439 0.1075
vn -0.6971 -0.7169 -0.0003
vn -0.7452 -0.6669 0.0003
vn -0.7575 -0.6439 0.1075
vn -0.6856 -0.7280 -0.0003
vn -0.7575 -0.6439 0.1075
vn -0.6504 -0.7279 0.2172
vn -0.6504 -0.7279 0.2172
vn -0.6394 -0.7689 0.0004
vn -0.6856 -0.7280 -0.0003
vn -0.6208 -0.7840 0.0010
vn -0.6394 -0.7689 0.0004
vn -0.6504 -0.7279 0.2172
vn -0.5570 -0.8305 0.0011
vn -0.5766 -0.8170 0.0005
vn -0.6504 -0.7279 0.2172
vn -0.6504 -0.7279 0.2172
vn -0.5766 -0.8170 0.0005
vn -0.6208 -0.7840 0.0010
vn -0.6504 -0.7279 0.2172
vn -0.4860 -0.8739 0.0007
vn -0.4932 -0.8699 0.0004
vn -0.4932 -0.8699 0.0004
vn -0.5345 -0.8451 0.0008
vn -0.6504 -0.7279 0.2172
vn -0.6504 -0.7279 0.2172
vn -0.5345 -0.8451 0.0008
vn -0.5570 -0.8305 0.0011
vn -0.4560 -0.8900 0.0003
vn -0.4860 -0.8739 0.0007
vn -0.6504 -0.7279 0.2172
vn -0.4196 -0.9077 0.0000
vn -0.4560 -0.8900 0.0003
vn -0.6504 -0.7279 0.2172
vn -0.6504 -0.7279 0.2172
vn -0.4057 -0.9140 -0.0024
vn -0.4196 -0.9077 0.0000
vn -0.4057 -0.9140 -0.0024
vn -0.6504 -0.7279 0.2172
vn -0.6877 -0.6906 0.2239
vn -0.6877 -0.6906 0.2239
vn -0.3789 -0.9254 -0.0002
vn -0.4057 -0.9140 -0.0024
vn -0.3425 -0.9395 0.0000
vn -0.3789 -0.9254 -0.0002
vn -0.6877 -0.6906 0.2239
vn -0.6877 -0.6906 0.2239
vn -0.3271 -0.9450 0.0002
vn -0.3425 -0.9395 0.0000
vn -0.6877 -0.6906 0.2239
vn -0.2992 -0.9542 0.0002
vn -0.3271 -0.9450 0.0002
vn -0.2524 -0.9676 0.0004
vn -0.2625 -0.9649 0.0002
vn -0.6877 -0.6906 0.2239
vn -0.2625 -0.9649 0.0002
vn -0.2992 -0.9542 0.0002
vn -0.6877 -0.6906 0.2239
vn -0.1714 -0.9850 0.0189
vn -0.2407 -0.9702 0.0280
vn -0.4189 -0.7903 0.4471
vn -0.4189 -0.7903 0.4471
vn -0.2407 -0.9702 0.0280
vn -0.2189 -0.9756 0.0142
vn -0.2189 -0.9756 0.0142
vn -0.3082 -0.9511 0.0193
vn -0.4189 -0.7903 0.4471
vn -0.6877 -0.6906 0.2239
vn -0.4189 -0.7903 0.4471
vn -0.3082 -0.9511 0.0193
vn -0.3082 -0.9511 0.0193
vn -0.2524 -0.9676 0.0004
vn -0.6877 -0.6906 0.2239
vn -0.7575 -0.6439 0.1075
vn -0.5616 -0.7995 0.2131
vn -0.5442 -0.8263 0.1453
vn -0.7575 -0.6439 0.1075
vn -0.9350 -0.3547 -0.0028
vn -0.5616 -0.7995 0.2131
vn -0.6877 -0.6906 0.2239
vn -0.5442 -0.8263 0.1453
vn -0.4189 -0.7903 0.4471
vn -0.5442 -0.8263 0.1453
vn -0.6877 -0.6906 0.2239
vn -0.6504 -0.7279 0.2172
vn -0.0514 -0.9916 0.1189
vn -0.0505 -0.9987 0.0000
vn -0.2517 -0.9622 0.1042
vn -0.2517 -0.9622 0.1042
vn -0.4189 -0.7903 0.4471
vn -0.0514 -0.9916 0.1189
vn -0.5898 -0.4377 0.6787
vn -0.4189 -0.7903 0.4471
vn -0.8614 -0.5031 0.0706
vn -0.9462 -0.2563 0.1975
vn -0.9746 -0.1990 0.1024
vn -0.5898 -0.4377 0.6787
vn -0.8643 0.1830 -0.4684
vn -0.8643 0.1830 -0.4684
vn -0.8643 0.1830 -0.4684
vn -0.1130 -0.9742 0.1955
vn 0.1899 -0.9214 0.3390
vn -0.1142 -0.9585 0.2611
vn -0.1517 -0.9641 0.2180
vn -0.2415 -0.9538 0.1787
vn -0.1130 -0.9742 0.1955
vn -0.0913 -0.9674 0.2360
vn -0.4295 -0.8774 0.2138
vn -0.2415 -0.9538 0.1787
vn -0.4295 -0.8774 0.2138
vn -0.4017 -0.8995 0.1717
vn -0.2415 -0.9538 0.1787
vn -0.5442 -0.8263 0.1453
vn -0.4017 -0.8995 0.1717
vn -0.4295 -0.8774 0.2138
vn -0.4295 -0.8774 0.2138
vn -0.5914 -0.5454 0.5940
vn -0.5442 -0.8263 0.1453
vn -0.4189 -0.7903 0.4471
vn -0.5442 -0.8263 0.1453
vn -0.5914 -0.5454 0.5940
vn -0.8614 -0.5031 0.0706
vn -0.4189 -0.7903 0.4471
vn -0.5914 -0.5454 0.5940
vn -0.8100 -0.4363 0.3918
vn -0.8614 -0.5031 0.0706
vn -0.5914 -0.5454 0.5940
vn -0.5898 -0.4377 0.6787
vn -0.8614 -0.5031 0.0706
vn -0.8100 -0.4363 0.3918
vn -0.8100 -0.4363 0.3918
vn -0.9462 -0.2563 0.1975
vn -0.5898 -0.4377 0.6787
vn -0.0337 -0.9599 0.2784
vn -0.0363 -0.9195 0.3913
vn -0.2817 -0.8775 0.3880
vn -0.2213 -0.0979 0.9703
vn -0.2973 -0.3503 0.8882
vn -0.3874 -0.2143 0.8967
vn -0.0674 -0.9977 0.0009
vn -0.0265 -0.9996 0.0002
vn -0.0317 -0.9956 0.0884
vn -0.2817 -0.8775 0.3880
vn -0.0674 -0.9977 0.0009
vn -0.0317 -0.9956 0.0884
vn -0.0944 -0.9955 0.0013
vn -0.0674 -0.9977 0.0009
vn -0.2817 -0.8775 0.3880
vn -0.2817 -0.8775 0.3880
vn -0.1432 -0.9897 0.0004
vn -0.0944 -0.9955 0.0013
vn -0.1951 -0.9808 0.0006
vn -0.1573 -0.9875 0.0009
vn -0.2817 -0.8775 0.3880
vn -0.1573 -0.9875 0.0009
vn -0.1432 -0.9897 0.0004
vn -0.2817 -0.8775 0.3880
vn -0.2817 -0.8775 0.3880
vn -0.2543 -0.9671 0.0009
vn -0.2369 -0.9715 0.0005
vn -0.2369 -0.9715 0.0005
vn -0.1951 -0.9808 0.0006
vn -0.2817 -0.8775 0.3880
vn -0.2806 -0.9598 0.0009
vn -0.2543 -0.9671 0.0009
vn -0.2817 -0.8775 0.3880
vn -0.2817 -0.8775 0.3880
vn -0.3197 -0.9475 0.0007
vn -0.2806 -0.9598 0.0009
vn -0.3495 -0.9369 0.0012
vn -0.3197 -0.9475 0.0007
vn -0.2817 -0.8775 0.3880
vn -0.4894 -0.8720 0.0001
vn -0.4359 -0.9000 0.0002
vn -0.4824 -0.8744 0.0528
vn -0.4359 -0.9000 0.0002
vn -0.4081 -0.9129 0.0063
vn -0.4824 -0.8744 0.0528
vn -0.2817 -0.8775 0.3880
vn -0.4824 -0.8744 0.0528
vn -0.4081 -0.9129 0.0063
vn -0.4081 -0.9129 0.0063
vn -0.3968 -0.9179 0.0011
vn -0.2817 -0.8775 0.3880
vn -0.3968 -0.9179 0.0011
vn -0.3495 -0.9369 0.0012
vn -0.2817 -0.8775 0.3880
vn -0.5586 -0.8294 0.0003
vn -0.5477 -0.8366 0.0001
vn -0.4824 -0.8744 0.0528
vn -0.4824 -0.8744 0.0528
vn -0.5477 -0.8366 0.0001
vn -0.4768 -0.8790 0.0000
vn -0.6083 -0.7937 0.0003
vn -0.5586 -0.8294 0.0003
vn -0.4824 -0.8744 0.0528
vn -0.6246 -0.7808 0.0135
vn -0.6083 -0.7937 0.0003
vn -0.4824 -0.8744 0.0528
vn -0.4824 -0.8744 0.0528
vn -0.6147 -0.7659 0.1885
vn -0.6246 -0.7808 0.0135
vn -0.6702 -0.7422 0.0022
vn -0.6246 -0.7808 0.0135
vn -0.6319 -0.7534 0.1817
vn -0.6526 -0.7371 0.1753
vn -0.6845 -0.7290 0.0045
vn -0.6702 -0.7422 0.0022
vn -0.9364 -0.3508 0.0036
vn -0.6845 -0.7290 0.0045
vn -0.6934 -0.7009 0.1668
vn -0.7994 -0.6007 0.0048
vn -0.5181 -0.8553 0.0009
vn -0.7719 -0.6120 0.1721
vn -0.7990 -0.5728 0.1831
vn -0.8354 -0.5496 0.0033
vn -0.7994 -0.6007 0.0048
vn -0.8802 -0.4744 0.0112
vn -0.8510 -0.4724 0.2296
vn -0.8959 -0.3132 0.3149
vn -0.8392 -0.4999 0.2143
vn -0.8802 -0.4744 0.0112
vn -0.8483 -0.5295 0.0057
vn -0.8483 -0.5295 0.0057
vn -0.8354 -0.5496 0.0033
vn -0.8220 -0.5338 0.1983
vn -0.8959 -0.3132 0.3149
vn -0.9266 -0.3759 0.0003
vn -0.9182 -0.3961 0.0004
vn -0.9182 -0.3961 0.0004
vn -0.8898 -0.4563 0.0010
vn -0.8959 -0.3132 0.3149
vn -0.8959 -0.3132 0.3149
vn -0.8898 -0.4563 0.0010
vn -0.8802 -0.4744 0.0112
vn -0.9503 -0.3112 0.0001
vn -0.9266 -0.3759 0.0003
vn -0.8959 -0.3132 0.3149
vn -0.8959 -0.3132 0.3149
vn -0.9547 -0.2977 0.0001
vn -0.9503 -0.3112 0.0001
vn -0.8959 -0.3132 0.3149
vn -0.9761 -0.2173 0.0005
vn -0.9674 -0.2533 0.0001
vn -0.9674 -0.2533 0.0001
vn -0.9547 -0.2977 0.0001
vn -0.8959 -0.3132 0.3149
vn -0.9814 -0.1919 0.0003
vn -0.9761 -0.2173 0.0005
vn -0.8959 -0.3132 0.3149
vn -0.8959 -0.3132 0.3149
vn -0.9877 -0.1563 0.0011
vn -0.9814 -0.1919 0.0003
vn -0.8959 -0.3132 0.3149
vn -0.9096 -0.0527 0.4121
vn -0.9939 -0.1101 0.0065
vn -0.9939 -0.1101 0.0065
vn -0.9909 -0.1345 0.0009
vn -0.8959 -0.3132 0.3149
vn -0.9909 -0.1345 0.0009
vn -0.9877 -0.1563 0.0011
vn -0.8959 -0.3132 0.3149
vn -0.9977 0.0675 0.0008
vn -0.9970 -0.0768 0.0010
vn -0.9096 -0.0527 0.4121
vn -0.9970 -0.0768 0.0010
vn -0.9939 -0.1101 0.0065
vn -0.9096 -0.0527 0.4121
vn -0.3874 -0.2143 0.8967
vn -0.0253 -0.0668 0.9974
vn -0.2213 -0.0979 0.9703
vn -0.3874 -0.2143 0.8967
vn -0.0427 -0.2784 0.9595
vn -0.0253 -0.0668 0.9974
vn -0.3874 -0.2143 0.8967
vn -0.0457 -0.4082 0.9117
vn -0.0427 -0.2784 0.9595
vn -0.3874 -0.2143 0.8967
vn -0.0475 -0.5238 0.8505
vn -0.0457 -0.4082 0.9117
vn -0.3874 -0.2143 0.8967
vn -0.0575 -0.6037 0.7952
vn -0.0475 -0.5238 0.8505
vn -0.3874 -0.2143 0.8967
vn -0.0541 -0.6895 0.7223
vn -0.0575 -0.6037 0.7952
vn -0.3874 -0.2143 0.8967
vn -0.2973 -0.3503 0.8882
vn -0.9096 -0.0527 0.4121
vn -0.3874 -0.2143 0.8967
vn -0.0572 -0.7798 0.6234
vn -0.0541 -0.6895 0.7223
vn -0.3874 -0.2143 0.8967
vn -0.0766 -0.8471 0.5259
vn -0.0572 -0.7798 0.6234
vn -0.3874 -0.2143 0.8967
vn -0.2817 -0.8775 0.3880
vn -0.0766 -0.8471 0.5259
vn -0.2817 -0.8775 0.3880
vn -0.0363 -0.9195 0.3913
vn -0.0766 -0.8471 0.5259
vn -0.3874 -0.2143 0.8967
vn -0.9096 -0.0527 0.4121
vn -0.8959 -0.3132 0.3149
vn -0.4824 -0.8744 0.0528
vn -0.2817 -0.8775 0.3880
vn -0.3874 -0.2143 0.8967
vn -0.2817 -0.8775 0.3880
vn -0.0326 -0.9848 0.1704
vn -0.0337 -0.9599 0.2784
vn -0.2817 -0.8775 0.3880
vn -0.0317 -0.9956 0.0884
vn -0.0326 -0.9848 0.1704
vn -0.0908 -0.9626 0.2552
vn -0.1556 -0.8807 -0.4474
vn 0.0112 -0.9991 0.0404
vn 0.0112 -0.9991 0.0404
vn -0.0205 -0.9873 0.1577
vn -0.0908 -0.9626 0.2552
vn -0.0205 -0.9873 0.1577
vn -0.0324 -0.9441 0.3281
vn -0.0908 -0.9626 0.2552
vn -0.2973 -0.3503 0.8882
vn -0.2213 -0.0979 0.9703
vn -0.0504 0.0494 0.9975
vn -0.5251 -0.4157 0.7426
vn -0.2973 -0.3503 0.8882
vn -0.0504 0.0494 0.9975
vn -0.5251 -0.4157 0.7426
vn -0.0723 -0.2003 0.9771
vn -0.2973 -0.3503 0.8882
vn -0.1556 -0.8807 -0.4474
vn -0.0908 -0.9626 0.2552
vn -0.5251 -0.4157 0.7426
vn -0.7902 -0.5350 -0.2988
vn -0.9900 -0.1265 -0.0628
vn -0.7674 -0.1524 0.6227
vn 0.2978 0.0822 -0.9511
vn 0.2978 0.0822 -0.9511
vn 0.2978 0.0822 -0.9511
vn -0.5251 -0.4157 0.7426
vn -0.0504 0.0494 0.9975
vn 0.2776 0.1090 0.9545
vn -0.2213 -0.0979 0.9703
vn 0.0059 -0.0438 0.9990
vn 0.2776 0.1090 0.9545
vn -0.0504 0.0494 0.9975
vn -0.2213 -0.0979 0.9703
vn 0.2776 0.1090 0.9545
vn 0.0543 0.0120 0.9985
vn -0.5251 -0.4157 0.7426
vn 0.2776 0.1090 0.9545
vn -0.7674 -0.1524 0.6227
vn 0.0543 0.0120 0.9985
vn 0.2776 0.1090 0.9545
vn -0.8839 -0.3638 0.2939
vn -0.8839 -0.3638 0.2939
vn -0.8839 -0.3638 0.2939
vn -0.1500 -0.9710 0.1861
vn -0.1500 -0.9710 0.1861
vn -0.1500 -0.9710 0.1861
vn 0.6309 -0.6768 -0.3793
vn 0.6309 -0.6768 -0.3793
vn 0.2399 -0.3387 -0.9098
vn 0.7744 -0.5686 -0.2775
vn 0.7744 -0.5686 -0.2775
vn 0.7744 -0.5686 -0.2775
vn 0.4758 0.8698 0.1306
vn 0.4758 0.8698 0.1306
vn 0.4758 0.8698 0.1306
vn -0.6090 0.6821 -0.4049
vn -0.6090 0.6821 -0.4049
vn -0.6090 0.6821 -0.4049
vn -0.6786 0.0746 -0.7307
vn -0.8789 0.4640 -0.1107
vn -0.8789 0.4640 -0.1107
vn -0.9950 -0.0999 0.0034
vn -0.8727 -0.2511 -0.4188
vn -0.7674 -0.1524 0.6227
vn -0.5251 -0.4157 0.7426
vn -0.7674 -0.1524 0.6227
vn -0.8727 -0.2511 -0.4188
vn -0.8727 -0.2511 -0.4188
vn -0.1556 -0.8807 -0.4474
vn -0.6343 -0.7718 -0.0446
vn -0.0281 -0.9892 0.1438
vn 0.0112 -0.9991 0.0404
vn -0.1556 -0.8807 -0.4474
vn -0.0253 -0.0668 0.9974
vn 0.0173 -0.2018 0.9793
vn -0.2213 -0.0979 0.9703
vn -0.0253 -0.0668 0.9974
vn -0.0427 -0.2784 0.9595
vn -0.0201 -0.0516 0.9985
vn -0.0253 -0.0668 0.9974
vn -0.0201 -0.0516 0.9985
vn -0.7674 -0.1524 0.6227
vn -0.0427 -0.2784 0.9595
vn -0.0457 -0.4082 0.9117
vn -0.0529 -0.3461 0.9367
vn -0.0529 -0.3461 0.9367
vn -0.0201 -0.0516 0.9985
vn -0.0427 -0.2784 0.9595
vn -0.0457 -0.4082 0.9117
vn -0.0475 -0.5238 0.8505
vn -0.0632 -0.4920 0.8683
vn -0.0632 -0.4920 0.8683
vn -0.0529 -0.3461 0.9367
vn -0.0457 -0.4082 0.9117
vn -0.0475 -0.5238 0.8505
vn -0.0624 -0.6200 0.7821
vn -0.0632 -0.4920 0.8683
vn -0.0624 -0.6200 0.7821
vn -0.0475 -0.5238 0.8505
vn -0.0575 -0.6037 0.7952
vn -0.0575 -0.6037 0.7952
vn -0.0541 -0.6895 0.7223
vn -0.0624 -0.6200 0.7821
vn -0.0541 -0.6895 0.7223
vn -0.0572 -0.7798 0.6234
vn -0.0700 -0.7456 0.6627
vn -0.0541 -0.6895 0.7223
vn -0.0700 -0.7456 0.6627
vn -0.0624 -0.6200 0.7821
vn -0.0673 -0.8319 0.5508
vn -0.0700 -0.7456 0.6627
vn -0.0572 -0.7798 0.6234
vn -0.0572 -0.7798 0.6234
vn -0.0766 -0.8471 0.5259
vn -0.0673 -0.8319 0.5508
vn -0.0586 -0.9016 0.4285
vn -0.0673 -0.8319 0.5508
vn -0.0766 -0.8471 0.5259
vn -0.0766 -0.8471 0.5259
vn -0.0363 -0.9195 0.3913
vn -0.0586 -0.9016 0.4285
vn -0.0512 -0.9492 0.3105
vn -0.0586 -0.9016 0.4285
vn -0.0363 -0.9195 0.3913
vn -0.0363 -0.9195 0.3913
vn -0.0337 -0.9599 0.2784
vn -0.0512 -0.9492 0.3105
vn -0.0444 -0.9750 0.2179
vn -0.0512 -0.9492 0.3105
vn -0.0337 -0.9599 0.2784
vn -0.0326 -0.9848 0.1704
vn -0.0358 -0.9922 0.1197
vn -0.0444 -0.9750 0.2179
vn -0.0444 -0.9750 0.2179
vn -0.0337 -0.9599 0.2784
vn -0.0326 -0.9848 0.1704
vn -0.0317 -0.9956 0.0884
vn -0.0256 -0.9993 0.0286
vn -0.0358 -0.9922 0.1197
vn -0.0326 -0.9848 0.1704
vn -0.0317 -0.9956 0.0884
vn -0.0358 -0.9922 0.1197
vn -0.0317 -0.9956 0.0884
vn -0.0265 -0.9996 0.0002
vn -0.0256 -0.9993 0.0286
vn -0.0265 -0.9996 0.0002
vn -0.0263 -0.9997 0.0001
vn -0.0256 -0.9993 0.0286
vn -0.3794 -0.2656 0.8863
vn -0.0201 -0.0516 0.9985
vn -0.0529 -0.3461 0.9367
vn 0.1338 -0.0196 0.9908
vn -0.0201 -0.0516 0.9985
vn 0.1338 -0.0196 0.9908
vn -0.5306 -0.3597 0.7675
vn -0.0529 -0.3461 0.9367
vn -0.0632 -0.4920 0.8683
vn -0.0265 -0.9996 0.0002
vn -0.0248 -0.9997 0.0003
vn -0.0263 -0.9997 0.0001
vn -0.0265 -0.9996 0.0002
vn -0.0505 -0.9987 0.0000
vn -0.0514 -0.9916 0.1189
vn -0.0514 -0.9916 0.1189
vn -0.0248 -0.9997 0.0003
vn -0.0265 -0.9996 0.0002
vn -0.0248 -0.9997 0.0003
vn -0.0279 -0.9996 0.0006
vn -0.0281 -0.9996 0.0002
vn -0.0248 -0.9997 0.0003
vn -0.0281 -0.9996 0.0002
vn -0.0281 -0.9996 0.0002
vn -0.0248 -0.9997 0.0003
vn -0.0281 -0.9996 0.0002
vn -0.0281 -0.9996 0.0002
vn -0.0280 -0.9996 0.0001
vn -0.3277 -0.9445 0.0207
vn -0.0263 -0.9997 0.0001
vn -0.0263 -0.9997 0.0001
vn -0.0248 -0.9997 0.0003
vn -0.0280 -0.9996 0.0001
vn -0.0281 -0.9996 0.0002
vn -0.0280 -0.9996 0.0001
vn -0.0248 -0.9997 0.0003
vn -0.0248 -0.9997 0.0003
vn -0.0281 -0.9996 0.0002
vn -0.0281 -0.9996 0.0002
vn 0.0492 -0.9965 0.0670
vn -0.0256 -0.9993 0.0286
vn -0.0263 -0.9997 0.0001
vn -0.0865 -0.9961 0.0186
vn -0.0358 -0.9922 0.1197
vn -0.0256 -0.9993 0.0286
vn -0.0444 -0.9750 0.2179
vn -0.0358 -0.9922 0.1197
vn -0.7902 -0.5350 -0.2988
vn -0.0512 -0.9492 0.3105
vn -0.0444 -0.9750 0.2179
vn -0.7902 -0.5350 -0.2988
vn -0.0586 -0.9016 0.4285
vn -0.0512 -0.9492 0.3105
vn -0.7902 -0.5350 -0.2988
vn -0.7902 -0.5350 -0.2988
vn -0.0673 -0.8319 0.5508
vn -0.0586 -0.9016 0.4285
vn -0.7902 -0.5350 -0.2988
vn -0.0700 -0.7456 0.6627
vn -0.0673 -0.8319 0.5508
vn -0.7902 -0.5350 -0.2988
vn -0.0624 -0.6200 0.7821
vn -0.0700 -0.7456 0.6627
vn -0.0624 -0.6200 0.7821
vn -0.6439 -0.4717 0.6024
vn -0.0632 -0.4920 0.8683
vn -0.0922 -0.9957 -0.0013
vn -0.0263 -0.9997 0.0001
vn -0.3277 -0.9445 0.0207
vn -0.0717 -0.9946 0.0744
vn -0.0279 -0.9996 0.0006
vn -0.0248 -0.9997 0.0003
vn -0.0248 -0.9997 0.0003
vn -0.0514 -0.9916 0.1189
vn -0.0717 -0.9946 0.0744
vn -0.5481 -0.7951 0.2598
vn -0.0717 -0.9946 0.0744
vn -0.0514 -0.9916 0.1189
vn -0.0514 -0.9916 0.1189
vn -0.5219 -0.7592 0.3888
vn -0.5481 -0.7951 0.2598
vn -0.0514 -0.9916 0.1189
vn -0.4189 -0.7903 0.4471
vn -0.5219 -0.7592 0.3888
vn -0.4189 -0.7903 0.4471
vn -0.6160 -0.4734 0.6297
vn -0.5219 -0.7592 0.3888
vn -0.4189 -0.7903 0.4471
vn -0.5898 -0.4377 0.6787
vn -0.6160 -0.4734 0.6297
vn -0.7083 -0.7040 0.0513
vn -0.0717 -0.9946 0.0744
vn -0.5481 -0.7951 0.2598
vn -0.7472 -0.4819 0.4576
vn -0.2951 -0.0104 0.9554
vn -0.5898 -0.4377 0.6787
vn 0.0109 -0.3997 0.9166
vn -0.6160 -0.4734 0.6297
vn -0.5898 -0.4377 0.6787
vn -0.0281 -0.9996 0.0002
vn -0.4367 -0.8989 0.0361
vn -0.4870 -0.8724 0.0406
vn -0.4870 -0.8724 0.0406
vn -0.0281 -0.9996 0.0002
vn -0.0281 -0.9996 0.0002
vn -0.0281 -0.9996 0.0002
vn -0.4870 -0.8724 0.0406
vn -0.4906 -0.8704 0.0409
vn -0.4906 -0.8704 0.0409
vn -0.0281 -0.9996 0.0002
vn -0.0281 -0.9996 0.0002
vn -0.0281 -0.9996 0.0002
vn -0.4906 -0.8704 0.0409
vn -0.4925 -0.8693 0.0411
vn -0.4925 -0.8693 0.0411
vn -0.0281 -0.9996 0.0002
vn -0.0281 -0.9996 0.0002
vn -0.0281 -0.9996 0.0002
vn -0.4925 -0.8693 0.0411
vn -0.5025 -0.8635 0.0420
vn -0.5025 -0.8635 0.0420
vn -0.0280 -0.9996 0.0001
vn -0.0281 -0.9996 0.0002
vn -0.0280 -0.9996 0.0001
vn -0.5025 -0.8635 0.0420
vn -0.3277 -0.9445 0.0207
vn -0.6346 -0.7693 0.0736
vn -0.8360 -0.5440 0.0717
vn -0.9658 -0.2452 0.0849
vn -0.4986 -0.8658 0.0418
vn -0.9659 -0.2449 0.0839
vn -0.8360 -0.5440 0.0717
vn -0.8360 -0.5440 0.0717
vn -0.8272 -0.5573 0.0711
vn -0.4986 -0.8658 0.0418
vn -0.5305 -0.8465 0.0444
vn -0.4986 -0.8658 0.0418
vn -0.8272 -0.5573 0.0711
vn -0.8272 -0.5573 0.0711
vn -0.8264 -0.5586 0.0710
vn -0.5305 -0.8465 0.0444
vn -0.5292 -0.8473 0.0443
vn -0.5305 -0.8465 0.0444
vn -0.8264 -0.5586 0.0710
vn -0.8264 -0.5586 0.0710
vn -0.8267 -0.5581 0.0710
vn -0.5292 -0.8473 0.0443
vn -0.6445 -0.7627 0.0548
vn -0.5292 -0.8473 0.0443
vn -0.8267 -0.5581 0.0710
vn -0.8267 -0.5581 0.0710
vn -0.7819 -0.6198 0.0669
vn -0.6445 -0.7627 0.0548
vn -0.9591 -0.2706 0.0833
vn -0.6445 -0.7627 0.0548
vn -0.7819 -0.6198 0.0669
vn -0.7819 -0.6198 0.0669
vn -0.7083 -0.7040 0.0513
vn -0.9641 -0.2522 0.0834
vn -0.5481 -0.7951 0.2598
vn -0.0177 -0.9998 0.0026
vn -0.7083 -0.7040 0.0513
vn -0.6346 -0.7693 0.0736
vn -0.3277 -0.9445 0.0207
vn -0.8360 -0.5440 0.0717
vn -0.5025 -0.8635 0.0420
vn -0.8360 -0.5440 0.0717
vn -0.3277 -0.9445 0.0207
vn -0.8272 -0.5573 0.0711
vn -0.8360 -0.5440 0.0717
vn -0.5025 -0.8635 0.0420
vn -0.5025 -0.8635 0.0420
vn -0.4925 -0.8693 0.0411
vn -0.8272 -0.5573 0.0711
vn -0.8264 -0.5586 0.0710
vn -0.8272 -0.5573 0.0711
vn -0.4925 -0.8693 0.0411
vn -0.4925 -0.8693 0.0411
vn -0.4906 -0.8704 0.0409
vn -0.8264 -0.5586 0.0710
vn -0.8267 -0.5581 0.0710
vn -0.8264 -0.5586 0.0710
vn -0.4906 -0.8704 0.0409
vn -0.4906 -0.8704 0.0409
vn -0.4870 -0.8724 0.0406
vn -0.8267 -0.5581 0.0710
vn -0.7819 -0.6198 0.0669
vn -0.8267 -0.5581 0.0710
vn -0.4870 -0.8724 0.0406
vn -0.4870 -0.8724 0.0406
vn -0.4367 -0.8989 0.0361
vn -0.7819 -0.6198 0.0669
vn -0.4367 -0.8989 0.0361
vn -0.0281 -0.9996 0.0002
vn -0.0279 -0.9996 0.0006
vn -0.0279 -0.9996 0.0006
vn -0.0717 -0.9946 0.0744
vn -0.4367 -0.8989 0.0361
vn -0.7819 -0.6198 0.0669
vn -0.4367 -0.8989 0.0361
vn -0.0717 -0.9946 0.0744
vn -0.0717 -0.9946 0.0744
vn -0.7083 -0.7040 0.0513
vn -0.7819 -0.6198 0.0669
vn -0.1368 -0.9906 0.0086
vn -0.1368 -0.9906 0.0086
vn -0.0167 -0.9999 -0.0006
vn -0.0167 -0.9999 -0.0006
vn -0.0177 -0.9998 0.0026
vn 0.0000 -1.0000 0.0000
vn -0.0177 -0.9998 0.0026
vn -0.5481 -0.7951 0.2598
vn 0.0473 -0.9988 0.0142
vn -0.3277 -0.9445 0.0207
vn -0.6346 -0.7693 0.0736
vn -0.2227 -0.9301 0.2921
vn -0.4746 -0.0741 -0.8771
vn -0.2514 -0.0090 -0.9679
vn -0.2880 -0.3374 -0.8962
vn -0.0870 0.0000 -0.9962
vn 0.0314 0.0165 -0.9994
vn -0.2514 -0.0090 -0.9679
vn -0.2514 -0.0090 -0.9679
vn -0.9908 -0.0410 -0.1288
vn -0.9930 0.0029 -0.1179
vn -0.0125 0.9896 -0.1435
vn 0.0809 0.9967 -0.0108
vn -0.0125 0.9896 -0.1435
vn -0.5391 0.0736 -0.8390
vn -0.0925 0.3327 -0.9385
vn 0.0314 0.0165 -0.9994
vn 0.0314 0.0165 -0.9994
vn -0.0836 0.2780 -0.9569
vn -0.0836 0.2780 -0.9569
vn -0.5167 -0.0018 -0.8562
vn -0.5884 -0.0027 -0.8085
vn -0.7524 -0.3103 -0.5811
vn -0.4524 -0.0016 -0.8918
vn -0.5167 -0.0018 -0.8562
vn -0.7524 -0.3103 -0.5811
vn -0.0408 0.0011 -0.9992
vn -0.1381 0.0024 -0.9904
vn -0.0629 0.1785 -0.9819
vn -0.7524 -0.3103 -0.5811
vn -0.5884 -0.0027 -0.8085
vn -0.8647 -0.0099 -0.5021
vn -0.3480 -0.0003 -0.9375
vn -0.4524 -0.0016 -0.8918
vn -0.7524 -0.3103 -0.5811
vn -0.7524 -0.3103 -0.5811
vn -0.2298 0.0003 -0.9732
vn -0.3480 -0.0003 -0.9375
vn -0.7524 -0.3103 -0.5811
vn -0.1381 0.0024 -0.9904
vn -0.2298 0.0003 -0.9732
vn -0.2827 -0.0003 -0.9592
vn -0.0420 -0.0013 -0.9991
vn -0.2880 -0.3374 -0.8962
vn 0.0489 -0.3907 -0.9192
vn -0.2880 -0.3374 -0.8962
vn 0.0489 -0.3907 -0.9192
vn -0.2880 -0.3374 -0.8962
vn -0.5407 0.0001 -0.8412
vn -0.2827 -0.0003 -0.9592
vn -0.2880 -0.3374 -0.8962
vn -0.5803 0.0003 -0.8144
vn -0.5407 0.0001 -0.8412
vn -0.7902 -0.5350 -0.2988
vn -0.3721 -0.8699 -0.3238
vn -0.3721 -0.8699 -0.3238
vn -0.9985 0.0006 -0.0544
vn -0.9905 0.0001 -0.1376
vn -0.9985 0.0006 -0.0544
vn -0.2880 -0.3374 -0.8962
vn -0.0420 -0.0013 -0.9991
vn -0.0408 0.0011 -0.9992
vn -0.0408 0.0011 -0.9992
vn -0.7524 -0.3103 -0.5811
vn -0.2880 -0.3374 -0.8962
vn -0.7524 -0.3103 -0.5811
vn -0.7902 -0.5350 -0.2988
vn -0.2880 -0.3374 -0.8962
vn -0.3277 -0.9445 0.0207
vn -0.1538 -0.9874 -0.0381
vn -0.7902 -0.5350 -0.2988
vn -0.0408 0.0011 -0.9992
vn -0.0420 -0.0013 -0.9991
vn -0.0429 0.0016 -0.9991
vn -0.0429 0.0016 -0.9991
vn -0.0363 0.0002 -0.9993
vn -0.0408 0.0011 -0.9992
vn -0.9905 0.0001 -0.1376
vn -0.9985 0.0000 -0.0544
vn -0.9985 0.0000 -0.0544
vn -0.9985 0.0000 -0.0544
vn -0.9729 -0.0004 -0.2313
vn -0.9905 0.0001 -0.1376
vn -0.9905 0.0001 -0.1376
vn -0.9729 -0.0004 -0.2313
vn -0.8963 -0.0000 -0.4435
vn -0.8963 -0.0000 -0.4435
vn -0.9986 0.0004 -0.0525
vn -0.9905 0.0001 -0.1376
vn -0.5803 0.0003 -0.8144
vn -0.2880 -0.3374 -0.8962
vn -0.8963 -0.0000 -0.4435
vn -0.8963 -0.0000 -0.4435
vn -0.7254 -0.0003 -0.6883
vn -0.5803 0.0003 -0.8144
vn -0.5407 0.0001 -0.8412
vn -0.5803 0.0003 -0.8144
vn -0.7254 -0.0003 -0.6883
vn -0.7254 -0.0003 -0.6883
vn -0.5407 -0.0000 -0.8412
vn -0.5407 0.0001 -0.8412
vn -0.5407 0.0001 -0.8412
vn -0.5407 -0.0000 -0.8412
vn -0.3801 0.0004 -0.9249
vn -0.3801 0.0004 -0.9249
vn -0.2827 -0.0003 -0.9592
vn -0.5407 0.0001 -0.8412
vn -0.2827 -0.0003 -0.9592
vn -0.3801 0.0004 -0.9249
vn -0.0429 0.0016 -0.9991
vn -0.0429 0.0016 -0.9991
vn -0.0420 -0.0013 -0.9991
vn -0.2827 -0.0003 -0.9592
vn -0.9729 -0.0004 -0.2313
vn -0.9984 -0.0130 -0.0544
vn -0.9984 -0.0130 -0.0544
vn -0.0925 0.3327 -0.9385
vn -0.5407 -0.0000 -0.8412
vn -0.7254 -0.0003 -0.6883
vn -0.0925 0.3327 -0.9385
vn -0.3801 0.0004 -0.9249
vn -0.5407 -0.0000 -0.8412
vn -0.0925 0.3327 -0.9385
vn -0.0429 0.0016 -0.9991
vn -0.3801 0.0004 -0.9249
vn -0.9316 -0.0373 -0.3616
vn -0.8963 -0.0000 -0.4435
vn -0.9729 -0.0004 -0.2313
vn -0.7996 -0.0332 -0.5997
vn -0.7254 -0.0003 -0.6883
vn -0.8963 -0.0000 -0.4435
vn 0.4773 -0.0575 -0.8769
vn 0.4773 -0.0575 -0.8769
vn 0.4773 -0.0575 -0.8769
vn 0.9386 0.0225 -0.3443
vn 0.9386 0.0225 -0.3443
vn 0.9386 0.0225 -0.3443
vn 0.9948 -0.0537 -0.0865
vn 0.9948 -0.0537 -0.0865
vn 0.9948 -0.0537 -0.0865
vn 0.9962 -0.0046 -0.0871
vn 0.9962 -0.0046 -0.0871
vn 0.9962 -0.0046 -0.0871
vn 0.9962 -0.0039 -0.0872
vn 0.9962 -0.0039 -0.0872
vn 0.9962 -0.0039 -0.0872
vn 0.9962 0.0072 -0.0872
vn 0.9962 0.0072 -0.0872
vn 0.9962 0.0072 -0.0872
vn 0.9962 -0.0076 -0.0872
vn 0.9962 -0.0076 -0.0872
vn 0.9962 -0.0076 -0.0872
vn 0.9961 -0.0120 -0.0872
vn 0.9961 -0.0120 -0.0872
vn 0.9961 -0.0120 -0.0872
vn 0.9961 0.0135 -0.0871
vn 0.9961 0.0135 -0.0871
vn 0.9852 0.1478 -0.0865
vn 0.9852 0.1478 -0.0865
vn 0.9456 0.3144 -0.0834
vn 0.9962 0.0076 -0.0872
vn 0.9962 -0.0072 -0.0872
vn 0.9456 0.3144 -0.0834
vn 0.9456 0.3144 -0.0835
vn 0.9962 0.0039 -0.0872
vn 0.9456 0.3144 -0.0835
vn 0.9385 0.3352 -0.0829
vn 0.9385 0.3352 -0.0829
vn 0.9962 0.0046 -0.0871
vn 0.9962 0.0046 -0.0871
vn 0.9956 0.0343 -0.0868
vn 0.9956 0.0343 -0.0868
vn 0.9956 0.0343 -0.0868
vn 0.9963 -0.0072 -0.0857
vn 0.9963 -0.0072 -0.0857
vn 0.9899 -0.0001 -0.1414
vn 0.9961 0.0000 -0.0878
vn 0.9961 0.0000 -0.0878
vn 0.9899 -0.0001 -0.1414
vn 0.9899 -0.0001 -0.1414
vn 0.9900 0.0005 -0.1412
vn 0.9961 0.0000 -0.0878
vn 0.9964 0.0228 -0.0812
vn 0.9964 0.0228 -0.0812
vn 0.9900 0.0005 -0.1412
vn -0.1892 0.9817 0.0206
vn -0.9661 0.2437 0.0850
vn -0.9638 0.2341 0.1274
vn -0.1892 0.9817 0.0206
vn 0.0809 0.9967 -0.0108
vn 0.0000 1.0000 0.0000
vn -0.3729 0.9275 0.0250
vn -0.9199 0.3773 -0.1068
vn -0.6927 0.7186 0.0609
vn -0.3962 0.1777 -0.9008
vn -0.0363 0.0002 -0.9993
vn -0.0429 0.0016 -0.9991
vn -0.0429 0.0016 -0.9991
vn -0.0925 0.3327 -0.9385
vn -0.3962 0.1777 -0.9008
vn -0.0562 0.3701 -0.9273
vn -0.0925 0.3327 -0.9385
vn -0.0562 0.3701 -0.9273
vn -0.0455 0.3659 -0.9296
vn -0.3962 0.1777 -0.9008
vn -0.0925 0.3327 -0.9385
vn -0.4930 -0.3337 0.8035
vn -0.7472 -0.4819 0.4576
vn -0.5898 -0.4377 0.6787
vn -0.7724 0.6318 0.0650
vn -0.1892 0.9817 0.0206
vn -0.9638 0.2341 0.1274
vn -0.9249 0.3716 0.0800
vn -0.7829 0.6185 0.0667
vn -0.6761 0.7345 0.0583
vn -0.6761 0.7345 0.0583
vn -0.9842 0.1547 0.0857
vn -0.9249 0.3716 0.0800
vn -0.9267 0.3671 0.0802
vn -0.9249 0.3716 0.0800
vn -0.9842 0.1547 0.0857
vn -0.9840 0.1559 0.0857
vn -0.9840 0.1559 0.0857
vn -0.9267 0.3671 0.0802
vn -0.9277 0.3647 0.0803
vn -0.9267 0.3671 0.0802
vn -0.9840 0.1559 0.0857
vn -0.9854 0.1468 0.0859
vn -0.9854 0.1468 0.0859
vn -0.9277 0.3647 0.0803
vn -0.9440 0.3196 0.0819
vn -0.9277 0.3647 0.0803
vn -0.9854 0.1468 0.0859
vn -0.9840 0.1559 0.0857
vn -0.9840 0.1559 0.0857
vn -0.9440 0.3196 0.0819
vn -0.6761 0.7345 0.0583
vn -0.7829 0.6185 0.0667
vn -0.6927 0.7186 0.0609
vn -0.3729 0.9275 0.0250
vn -0.4828 0.8748 0.0404
vn -0.0280 0.9996 0.0002
vn -0.0280 0.9996 0.0002
vn -0.4828 0.8748 0.0404
vn -0.4401 0.8972 0.0363
vn -0.4401 0.8972 0.0363
vn -0.0280 0.9996 0.0002
vn -0.0280 0.9996 0.0002
vn -0.0280 0.9996 0.0002
vn -0.4401 0.8972 0.0363
vn -0.4150 0.9092 0.0342
vn -0.4150 0.9092 0.0342
vn -0.0280 0.9996 0.0002
vn -0.0280 0.9996 0.0002
vn -0.0280 0.9996 0.0002
vn -0.4150 0.9092 0.0342
vn -0.4128 0.9102 0.0340
vn -0.4128 0.9102 0.0340
vn -0.0280 0.9996 0.0002
vn -0.0280 0.9996 0.0002
vn -0.0280 0.9996 0.0002
vn -0.4128 0.9102 0.0340
vn -0.4515 0.8915 0.0375
vn -0.4515 0.8915 0.0375
vn -0.0276 0.9996 0.0001
vn -0.0280 0.9996 0.0002
vn -0.0276 0.9996 0.0001
vn -0.4515 0.8915 0.0375
vn -0.0583 0.9951 0.0793
vn -0.0583 0.9951 0.0793
vn -0.0266 0.9996 0.0004
vn -0.0276 0.9996 0.0001
vn -0.3729 0.9275 0.0250
vn -0.7829 0.6185 0.0667
vn -0.4828 0.8748 0.0404
vn -0.4401 0.8972 0.0363
vn -0.4828 0.8748 0.0404
vn -0.7829 0.6185 0.0667
vn -0.7829 0.6185 0.0667
vn -0.6978 0.7138 0.0594
vn -0.4401 0.8972 0.0363
vn -0.4150 0.9092 0.0342
vn -0.4401 0.8972 0.0363
vn -0.6978 0.7138 0.0594
vn -0.6978 0.7138 0.0594
vn -0.7290 0.6817 0.0622
vn -0.4150 0.9092 0.0342
vn -0.4128 0.9102 0.0340
vn -0.4150 0.9092 0.0342
vn -0.7290 0.6817 0.0622
vn -0.7290 0.6817 0.0622
vn -0.7290 0.6817 0.0622
vn -0.4128 0.9102 0.0340
vn -0.4515 0.8915 0.0375
vn -0.4128 0.9102 0.0340
vn -0.7290 0.6817 0.0622
vn -0.7290 0.6817 0.0622
vn -0.7587 0.6482 0.0648
vn -0.4515 0.8915 0.0375
vn -0.3729 0.9275 0.0250
vn -0.6927 0.7186 0.0609
vn -0.7829 0.6185 0.0667
vn -0.7829 0.6185 0.0667
vn -0.9249 0.3716 0.0800
vn -0.6978 0.7138 0.0594
vn -0.7290 0.6817 0.0622
vn -0.6978 0.7138 0.0594
vn -0.9249 0.3716 0.0800
vn -0.9249 0.3716 0.0800
vn -0.9267 0.3671 0.0802
vn -0.7290 0.6817 0.0622
vn -0.7290 0.6817 0.0622
vn -0.7290 0.6817 0.0622
vn -0.9267 0.3671 0.0802
vn -0.9267 0.3671 0.0802
vn -0.9277 0.3647 0.0803
vn -0.7290 0.6817 0.0622
vn -0.7587 0.6482 0.0648
vn -0.7290 0.6817 0.0622
vn -0.9277 0.3647 0.0803
vn -0.9277 0.3647 0.0803
vn -0.9440 0.3196 0.0819
vn -0.7587 0.6482 0.0648
vn -0.4515 0.8915 0.0375
vn -0.7587 0.6482 0.0648
vn -0.7724 0.6318 0.0650
vn -0.7724 0.6318 0.0650
vn -0.0583 0.9951 0.0793
vn -0.4515 0.8915 0.0375
vn -0.9440 0.3196 0.0819
vn -0.9840 0.1559 0.0857
vn -0.9840 0.1559 0.0857
vn -0.9657 0.2454 0.0848
vn -0.7724 0.6318 0.0650
vn -0.9440 0.3196 0.0819
vn -0.7587 0.6482 0.0648
vn -0.9440 0.3196 0.0819
vn -0.7724 0.6318 0.0650
vn -0.9638 0.2341 0.1274
vn -0.7048 0.4509 0.5478
vn -0.1135 0.8990 0.4229
vn -0.9638 0.2341 0.1274
vn -0.0583 0.9951 0.0793
vn -0.7724 0.6318 0.0650
vn -0.7355 0.5477 0.3988
vn -0.5936 0.7025 0.3926
vn -0.6642 0.3610 0.6546
vn -0.7355 0.5477 0.3988
vn -0.4392 0.8304 0.3429
vn -0.5936 0.7025 0.3926
vn -0.4392 0.8304 0.3429
vn 0.0536 0.9653 0.2555
vn -0.2297 0.9579 0.1723
vn 0.0536 0.9653 0.2555
vn -0.0987 0.9901 0.1000
vn -0.2297 0.9579 0.1723
vn -0.6642 0.3610 0.6546
vn -0.5936 0.7025 0.3926
vn -0.1407 0.4861 0.8625
vn -0.7048 0.4509 0.5478
vn -0.1846 0.5158 0.8366
vn -0.5936 0.7025 0.3926
vn -0.1135 0.8990 0.4229
vn -0.7048 0.4509 0.5478
vn -0.0601 0.9659 0.2517
vn -0.0601 0.9659 0.2517
vn -0.1030 0.9332 0.3444
vn -0.1135 0.8990 0.4229
vn -0.0601 0.9659 0.2517
vn -0.0583 0.9951 0.0793
vn -0.0733 0.9878 0.1371
vn -0.0601 0.9659 0.2517
vn -0.0191 0.9998 0.0015
vn -0.0583 0.9951 0.0793
vn -0.0191 0.9998 0.0015
vn -0.0266 0.9996 0.0004
vn -0.0583 0.9951 0.0793
vn -0.7048 0.4509 0.5478
vn -0.5936 0.7025 0.3926
vn -0.0601 0.9659 0.2517
vn -0.1621 0.9789 0.1240
vn -0.1890 0.9657 0.1783
vn -0.1558 0.9740 0.1646
vn -0.6686 0.6912 0.2741
vn -0.6796 0.6768 0.2829
vn -0.5936 0.7025 0.3926
vn -0.5130 0.8370 0.1903
vn -0.0601 0.9659 0.2517
vn -0.5936 0.7025 0.3926
vn -0.6796 0.6768 0.2829
vn -0.5130 0.8370 0.1903
vn -0.5936 0.7025 0.3926
vn -0.5936 0.7025 0.3926
vn -0.4392 0.8304 0.3429
vn -0.6686 0.6912 0.2741
vn -0.4392 0.8304 0.3429
vn -0.6023 0.7654 0.2268
vn -0.6686 0.6912 0.2741
vn -0.4392 0.8304 0.3429
vn -0.6061 0.7692 0.2024
vn -0.6023 0.7654 0.2268
vn -0.0725 0.9891 0.1284
vn -0.0302 0.9936 0.1088
vn -0.1621 0.9789 0.1240
vn -0.0243 0.9940 0.1066
vn -0.0258 0.9939 0.1070
vn -0.0302 0.9936 0.1088
vn -0.0243 0.9940 0.1066
vn -0.0302 0.9936 0.1088
vn -0.0327 0.9934 0.1102
vn -0.0266 0.9938 0.1084
vn 0.0087 0.9943 0.1063
vn -0.0156 0.9946 0.1025
vn -0.0327 0.9934 0.1102
vn -0.0302 0.9936 0.1088
vn -0.0725 0.9891 0.1284
vn -0.0725 0.9891 0.1284
vn -0.0754 0.9887 0.1293
vn -0.0327 0.9934 0.1102
vn -0.0327 0.9934 0.1102
vn -0.0754 0.9887 0.1293
vn -0.0540 0.9915 0.1186
vn -0.0987 0.9901 0.1000
vn -0.0266 0.9938 0.1084
vn -0.0540 0.9915 0.1186
vn -0.0540 0.9915 0.1186
vn -0.0266 0.9938 0.1084
vn -0.0327 0.9934 0.1102
vn -0.0327 0.9934 0.1102
vn -0.0266 0.9938 0.1084
vn -0.0156 0.9946 0.1025
vn -0.0156 0.9946 0.1025
vn -0.0243 0.9940 0.1066
vn -0.0327 0.9934 0.1102
vn -0.4392 0.8304 0.3429
vn -0.2696 0.9476 0.1715
vn -0.3822 0.9041 0.1911
vn -0.4392 0.8304 0.3429
vn -0.3822 0.9041 0.1911
vn -0.6061 0.7692 0.2024
vn -0.2297 0.9579 0.1723
vn -0.2042 0.9641 0.1696
vn -0.3323 0.9227 0.1953
vn -0.3822 0.9041 0.1911
vn -0.2297 0.9579 0.1723
vn -0.3323 0.9227 0.1953
vn -0.2297 0.9579 0.1723
vn -0.3822 0.9041 0.1911
vn -0.2696 0.9476 0.1715
vn -0.1558 0.9740 0.1646
vn -0.0725 0.9891 0.1284
vn -0.1621 0.9789 0.1240
vn -0.0754 0.9887 0.1293
vn -0.0725 0.9891 0.1284
vn -0.1558 0.9740 0.1646
vn -0.1558 0.9740 0.1646
vn -0.1280 0.9807 0.1478
vn -0.0754 0.9887 0.1293
vn -0.0540 0.9915 0.1186
vn -0.0754 0.9887 0.1293
vn -0.1280 0.9807 0.1478
vn -0.0987 0.9901 0.1000
vn -0.0540 0.9915 0.1186
vn -0.1280 0.9807 0.1478
vn -0.2042 0.9641 0.1696
vn -0.2297 0.9579 0.1723
vn -0.1280 0.9807 0.1478
vn -0.4005 0.8987 0.1787
vn -0.1558 0.9740 0.1646
vn -0.1890 0.9657 0.1783
vn -0.1280 0.9807 0.1478
vn -0.1558 0.9740 0.1646
vn -0.4005 0.8987 0.1787
vn -0.4005 0.8987 0.1787
vn -0.2042 0.9641 0.1696
vn -0.1280 0.9807 0.1478
vn -0.0987 0.9901 0.1000
vn -0.1280 0.9807 0.1478
vn -0.2297 0.9579 0.1723
vn -0.4005 0.8987 0.1787
vn -0.3323 0.9227 0.1953
vn -0.3072 0.9256 0.2211
vn -0.3323 0.9227 0.1953
vn -0.2042 0.9641 0.1696
vn -0.3072 0.9256 0.2211
vn -0.4005 0.8987 0.1787
vn -0.3072 0.9256 0.2211
vn -0.2042 0.9641 0.1696
vn -0.5346 0.8451 0.0005
vn -0.4787 0.8780 0.0010
vn -0.6796 0.6768 0.2829
vn -0.1548 0.9879 0.0015
vn -0.0601 0.9659 0.2517
vn -0.5130 0.8370 0.1903
vn -0.9909 0.1315 0.0303
vn -0.9980 0.0631 0.0001
vn -0.9996 0.0295 0.0006
vn -0.1565 0.9877 0.0010
vn -0.2326 0.9726 0.0003
vn -0.5130 0.8370 0.1903
vn -0.2379 0.9713 0.0003
vn -0.2150 0.9766 0.0003
vn -0.5130 0.8370 0.1903
vn -0.5130 0.8370 0.1903
vn -0.3007 0.9537 0.0013
vn -0.2379 0.9713 0.0003
vn -0.4022 0.9155 0.0023
vn -0.3771 0.9262 -0.0001
vn -0.3007 0.9537 0.0013
vn -0.3771 0.9262 -0.0001
vn -0.3190 0.9478 0.0000
vn -0.3007 0.9537 0.0013
vn -0.4548 0.8906 0.0006
vn -0.4022 0.9155 0.0023
vn -0.6796 0.6768 0.2829
vn -0.3007 0.9537 0.0013
vn -0.6796 0.6768 0.2829
vn -0.4022 0.9155 0.0023
vn -0.4787 0.8780 0.0010
vn -0.4548 0.8906 0.0006
vn -0.6796 0.6768 0.2829
vn -0.5505 0.8348 0.0001
vn -0.5346 0.8451 0.0005
vn -0.6796 0.6768 0.2829
vn -0.6039 0.7970 -0.0003
vn -0.5505 0.8348 0.0001
vn -0.6796 0.6768 0.2829
vn -0.6796 0.6768 0.2829
vn -0.6199 0.7847 -0.0006
vn -0.6039 0.7970 -0.0003
vn -0.6686 0.6912 0.2741
vn -0.7403 0.6723 0.0009
vn -0.7415 0.6709 0.0002
vn -0.6686 0.6912 0.2741
vn -0.6023 0.7654 0.2268
vn -0.7403 0.6723 0.0009
vn -0.6023 0.7654 0.2268
vn -0.7606 0.6492 0.0003
vn -0.7403 0.6723 0.0009
vn -0.7818 0.6236 0.0055
vn -0.7606 0.6492 0.0003
vn -0.6023 0.7654 0.2268
vn -0.7818 0.6236 0.0055
vn -0.6023 0.7654 0.2268
vn -0.8114 0.5768 0.0948
vn -0.8114 0.5768 0.0948
vn -0.7960 0.6054 -0.0008
vn -0.7818 0.6236 0.0055
vn -0.8114 0.5768 0.0948
vn -0.8107 0.5855 -0.0003
vn -0.7960 0.6054 -0.0008
vn -0.8407 0.5415 -0.0001
vn -0.8107 0.5855 -0.0003
vn -0.8114 0.5768 0.0948
vn -0.8114 0.5768 0.0948
vn -0.8483 0.5296 0.0002
vn -0.8407 0.5415 -0.0001
vn -0.8849 0.4658 0.0005
vn -0.8790 0.4768 0.0001
vn -0.8114 0.5768 0.0948
vn -0.8790 0.4768 0.0001
vn -0.8483 0.5296 0.0002
vn -0.8114 0.5768 0.0948
vn -0.8994 0.4371 0.0023
vn -0.8849 0.4658 0.0005
vn -0.8114 0.5768 0.0948
vn -0.6061 0.7692 0.2024
vn -0.9201 0.3918 -0.0002
vn -0.8994 0.4371 0.0023
vn -0.8994 0.4371 0.0023
vn -0.8114 0.5768 0.0948
vn -0.6061 0.7692 0.2024
vn -0.6061 0.7692 0.2024
vn -0.9273 0.3743 0.0005
vn -0.9201 0.3918 -0.0002
vn -0.9540 0.2997 0.0011
vn -0.9427 0.3336 0.0008
vn -0.6061 0.7692 0.2024
vn -0.9427 0.3336 0.0008
vn -0.9273 0.3743 0.0005
vn -0.6061 0.7692 0.2024
vn -0.9577 0.2879 0.0024
vn -0.9540 0.2997 0.0011
vn -0.6061 0.7692 0.2024
vn -0.9682 0.2503 0.0019
vn -0.9577 0.2879 0.0024
vn -0.6061 0.7692 0.2024
vn -0.9767 0.2146 0.0022
vn -0.9682 0.2503 0.0019
vn -0.6061 0.7692 0.2024
vn -0.6061 0.7692 0.2024
vn -0.9847 0.1740 0.0026
vn -0.9767 0.2146 0.0022
vn -0.9965 0.0832 -0.0006
vn -0.9903 0.1385 0.0115
vn -0.9909 0.1315 0.0303
vn -0.6061 0.7692 0.2024
vn -0.9909 0.1315 0.0303
vn -0.9903 0.1385 0.0115
vn -0.9903 0.1385 0.0115
vn -0.9847 0.1740 0.0026
vn -0.6061 0.7692 0.2024
vn -0.9983 0.0577 0.0002
vn -0.9965 0.0832 -0.0006
vn -0.9909 0.1315 0.0303
vn -0.8114 0.5768 0.0948
vn -0.6023 0.7654 0.2268
vn -0.6061 0.7692 0.2024
vn -0.9996 0.0295 0.0006
vn -0.9983 0.0577 0.0002
vn -0.9909 0.1315 0.0303
vn -0.6204 0.7843 0.0003
vn -0.6199 0.7847 -0.0006
vn -0.6686 0.6912 0.2741
vn -0.3007 0.9537 0.0013
vn -0.5130 0.8370 0.1903
vn -0.6796 0.6768 0.2829
vn -0.6199 0.7847 -0.0006
vn -0.6796 0.6768 0.2829
vn -0.6686 0.6912 0.2741
vn -0.2150 0.9766 0.0003
vn -0.1565 0.9877 0.0010
vn -0.5130 0.8370 0.1903
vn -0.1890 0.9657 0.1783
vn -0.1621 0.9789 0.1240
vn -0.4005 0.8987 0.1787
vn -0.1621 0.9789 0.1240
vn -0.0302 0.9936 0.1088
vn -0.0258 0.9939 0.1070
vn -0.4005 0.8987 0.1787
vn -0.9983 0.0570 0.0149
vn -0.9909 0.1315 0.0303
vn -0.4005 0.8987 0.1787
vn -0.9909 0.1315 0.0303
vn -0.3323 0.9227 0.1953
vn -0.9909 0.1315 0.0303
vn -0.6061 0.7692 0.2024
vn -0.3822 0.9041 0.1911
vn -0.3822 0.9041 0.1911
vn -0.3323 0.9227 0.1953
vn -0.9909 0.1315 0.0303
vn -1.0000 0.0020 0.0002
vn -1.0000 -0.0014 0.0010
vn -0.9892 0.1457 0.0159
vn -0.8768 0.4765 0.0638
vn -0.4005 0.8987 0.1787
vn -0.7357 0.6743 0.0632
vn -0.8768 0.4765 0.0638
vn -0.9983 0.0570 0.0149
vn -0.4005 0.8987 0.1787
vn -0.9928 0.1190 0.0130
vn -0.9817 0.1879 0.0301
vn -1.0000 0.0030 -0.0066
vn -0.9817 0.1879 0.0301
vn -0.9928 0.1190 0.0130
vn -0.9667 0.2543 0.0275
vn -0.9667 0.2543 0.0275
vn -0.9288 0.3659 0.0595
vn -0.9817 0.1879 0.0301
vn -0.9288 0.3659 0.0595
vn -0.9667 0.2543 0.0275
vn -0.9173 0.3959 0.0428
vn -0.9288 0.3659 0.0595
vn -0.9173 0.3959 0.0428
vn -0.8576 0.5113 0.0551
vn -0.8576 0.5113 0.0551
vn -0.8394 0.5364 0.0872
vn -0.9288 0.3659 0.0595
vn -0.8394 0.5364 0.0872
vn -0.8576 0.5113 0.0551
vn -0.7772 0.6257 0.0676
vn -0.7772 0.6257 0.0676
vn -0.7344 0.6711 0.1013
vn -0.8394 0.5364 0.0872
vn -0.7344 0.6711 0.1013
vn -0.7772 0.6257 0.0676
vn -0.6818 0.7273 0.0786
vn -0.6818 0.7273 0.0786
vn -0.5967 0.7952 0.1076
vn -0.7344 0.6711 0.1013
vn -0.5967 0.7952 0.1076
vn -0.6818 0.7273 0.0786
vn -0.5933 0.8003 0.0865
vn -0.5967 0.7952 0.1076
vn -0.5933 0.8003 0.0865
vn -0.5081 0.8563 0.0924
vn -0.5081 0.8563 0.0924
vn -0.4260 0.8986 0.1053
vn -0.5967 0.7952 0.1076
vn -0.4260 0.8986 0.1053
vn -0.5081 0.8563 0.0924
vn -0.3890 0.9159 0.0991
vn -0.4260 0.8986 0.1053
vn -0.3890 0.9159 0.0991
vn -0.2809 0.9542 0.1030
vn -0.2809 0.9542 0.1030
vn -0.2529 0.9630 0.0933
vn -0.4260 0.8986 0.1053
vn -0.2529 0.9630 0.0933
vn -0.2809 0.9542 0.1030
vn -0.1677 0.9801 0.1059
vn -0.0568 0.9943 0.0901
vn -0.1677 0.9801 0.1059
vn -0.0886 0.9903 0.1071
vn -0.1677 0.9801 0.1059
vn -0.0568 0.9943 0.0901
vn -0.2529 0.9630 0.0933
vn -0.0260 0.9939 0.1075
vn -0.0261 0.9939 0.1074
vn -0.0886 0.9903 0.1071
vn -0.0886 0.9903 0.1071
vn -0.0261 0.9939 0.1074
vn -0.0568 0.9943 0.0901
vn -0.0886 0.9903 0.1071
vn -0.0269 0.9939 0.1073
vn -0.0257 0.9939 0.1074
vn -0.0257 0.9939 0.1074
vn -0.0259 0.9939 0.1074
vn -0.0886 0.9903 0.1071
vn -0.0259 0.9939 0.1074
vn -0.0260 0.9939 0.1075
vn -0.0886 0.9903 0.1071
vn -0.1153 0.9876 0.1064
vn -0.0258 0.9939 0.1070
vn -0.0269 0.9939 0.1073
vn -0.0269 0.9939 0.1073
vn -0.0886 0.9903 0.1071
vn -0.1153 0.9876 0.1064
vn -0.0886 0.9903 0.1071
vn -0.1677 0.9801 0.1059
vn -0.1153 0.9876 0.1064
vn -0.2170 0.9706 0.1046
vn -0.1153 0.9876 0.1064
vn -0.1677 0.9801 0.1059
vn -0.1677 0.9801 0.1059
vn -0.2809 0.9542 0.1030
vn -0.2170 0.9706 0.1046
vn -0.3178 0.9428 0.1011
vn -0.2170 0.9706 0.1046
vn -0.2809 0.9542 0.1030
vn -0.2809 0.9542 0.1030
vn -0.3890 0.9159 0.0991
vn -0.3178 0.9428 0.1011
vn -0.4906 0.8669 0.0888
vn -0.3178 0.9428 0.1011
vn -0.3890 0.9159 0.0991
vn -0.3890 0.9159 0.0991
vn -0.5081 0.8563 0.0924
vn -0.4906 0.8669 0.0888
vn -0.5593 0.8242 0.0892
vn -0.4906 0.8669 0.0888
vn -0.5081 0.8563 0.0924
vn -0.5081 0.8563 0.0924
vn -0.5933 0.8003 0.0865
vn -0.5593 0.8242 0.0892
vn -0.6518 0.7541 0.0810
vn -0.5593 0.8242 0.0892
vn -0.5933 0.8003 0.0865
vn -0.5933 0.8003 0.0865
vn -0.6818 0.7273 0.0786
vn -0.6518 0.7541 0.0810
vn -0.7485 0.6592 0.0725
vn -0.6518 0.7541 0.0810
vn -0.6818 0.7273 0.0786
vn -0.6818 0.7273 0.0786
vn -0.7772 0.6257 0.0676
vn -0.7485 0.6592 0.0725
vn -0.8232 0.5644 0.0612
vn -0.7485 0.6592 0.0725
vn -0.7772 0.6257 0.0676
vn -0.7772 0.6257 0.0676
vn -0.8576 0.5113 0.0551
vn -0.8232 0.5644 0.0612
vn -0.8959 0.4417 0.0473
vn -0.8232 0.5644 0.0612
vn -0.8576 0.5113 0.0551
vn -0.8576 0.5113 0.0551
vn -0.9173 0.3959 0.0428
vn -0.8959 0.4417 0.0473
vn -0.9543 0.2972 0.0329
vn -0.8959 0.4417 0.0473
vn -0.9173 0.3959 0.0428
vn -0.9173 0.3959 0.0428
vn -0.9667 0.2543 0.0275
vn -0.9543 0.2972 0.0329
vn -0.9892 0.1457 0.0159
vn -0.9543 0.2972 0.0329
vn -0.9667 0.2543 0.0275
vn -0.9667 0.2543 0.0275
vn -0.9928 0.1190 0.0130
vn -0.9892 0.1457 0.0159
vn -0.9892 0.1457 0.0159
vn -0.9928 0.1190 0.0130
vn -1.0000 0.0020 0.0002
vn -1.0000 0.0020 0.0002
vn -0.9928 0.1190 0.0130
vn -1.0000 0.0030 -0.0066
vn -0.1621 0.9789 0.1240
vn -0.0258 0.9939 0.1070
vn -0.1153 0.9876 0.1064
vn -0.1153 0.9876 0.1064
vn -0.2170 0.9706 0.1046
vn -0.1621 0.9789 0.1240
vn -0.2170 0.9706 0.1046
vn -0.3178 0.9428 0.1011
vn -0.1621 0.9789 0.1240
vn -0.4005 0.8987 0.1787
vn -0.1621 0.9789 0.1240
vn -0.3178 0.9428 0.1011
vn -0.3178 0.9428 0.1011
vn -0.4906 0.8669 0.0888
vn -0.4005 0.8987 0.1787
vn -0.7357 0.6743 0.0632
vn -0.4005 0.8987 0.1787
vn -0.4906 0.8669 0.0888
vn -0.4906 0.8669 0.0888
vn -0.5593 0.8242 0.0892
vn -0.7357 0.6743 0.0632
vn -0.5593 0.8242 0.0892
vn -0.6518 0.7541 0.0810
vn -0.7357 0.6743 0.0632
vn -0.6518 0.7541 0.0810
vn -0.7485 0.6592 0.0725
vn -0.7357 0.6743 0.0632
vn -0.8768 0.4765 0.0638
vn -0.7357 0.6743 0.0632
vn -0.7485 0.6592 0.0725
vn -0.7485 0.6592 0.0725
vn -0.8232 0.5644 0.0612
vn -0.8768 0.4765 0.0638
vn -0.8232 0.5644 0.0612
vn -0.8959 0.4417 0.0473
vn -0.8768 0.4765 0.0638
vn -0.8959 0.4417 0.0473
vn -0.9543 0.2972 0.0329
vn -0.8768 0.4765 0.0638
vn -0.9983 0.0570 0.0149
vn -0.8768 0.4765 0.0638
vn -0.9543 0.2972 0.0329
vn -0.9543 0.2972 0.0329
vn -0.9892 0.1457 0.0159
vn -0.9983 0.0570 0.0149
vn -0.9983 0.0570 0.0149
vn -0.9892 0.1457 0.0159
vn -1.0000 -0.0014 0.0010
vn -0.9909 0.1315 0.0303
vn -0.9983 0.0570 0.0149
vn -1.0000 0.0041 0.0007
vn -1.0000 -0.0014 0.0010
vn -1.0000 0.0020 0.0002
vn -1.0000 0.0041 0.0007
vn -1.0000 0.0041 0.0007
vn -1.0000 0.0020 0.0002
vn -1.0000 0.0030 -0.0066
vn -1.0000 0.0041 0.0007
vn -1.0000 0.0030 -0.0066
vn -0.8372 0.5109 0.1950
vn -1.0000 0.0041 0.0007
vn -0.9980 0.0631 0.0001
vn -0.9909 0.1315 0.0303
vn -0.9983 0.0570 0.0149
vn -1.0000 -0.0014 0.0010
vn -1.0000 0.0041 0.0007
vn -0.1548 0.9879 0.0015
vn -0.5130 0.8370 0.1903
vn -0.0911 0.9958 0.0006
vn -0.0911 0.9958 0.0006
vn -0.0676 0.9977 0.0004
vn -0.1548 0.9879 0.0015
vn -0.0676 0.9977 0.0004
vn -0.0272 0.9996 0.0006
vn -0.1548 0.9879 0.0015
vn -0.2326 0.9726 0.0003
vn -0.1565 0.9877 0.0010
vn -0.1755 0.9845 0.0001
vn -0.1755 0.9845 0.0001
vn -0.1518 0.9884 0.0000
vn -0.2326 0.9726 0.0003
vn -0.1565 0.9877 0.0010
vn -0.2150 0.9766 0.0003
vn -0.1755 0.9845 0.0001
vn -0.5130 0.8370 0.1903
vn -0.2326 0.9726 0.0003
vn -0.0911 0.9958 0.0006
vn -0.1518 0.9884 0.0000
vn -0.0911 0.9958 0.0006
vn -0.2326 0.9726 0.0003
vn -0.2373 0.9714 0.0004
vn -0.1755 0.9845 0.0001
vn -0.2150 0.9766 0.0003
vn -0.2379 0.9713 0.0003
vn -0.3007 0.9537 0.0013
vn -0.2597 0.9657 0.0004
vn -0.2597 0.9657 0.0004
vn -0.2373 0.9714 0.0004
vn -0.2150 0.9766 0.0003
vn -0.2150 0.9766 0.0003
vn -0.2379 0.9713 0.0003
vn -0.2597 0.9657 0.0004
vn -0.3409 0.9401 0.0012
vn -0.3202 0.9473 0.0125
vn -0.3007 0.9537 0.0013
vn -0.3202 0.9473 0.0125
vn -0.2597 0.9657 0.0004
vn -0.3007 0.9537 0.0013
vn -0.3007 0.9537 0.0013
vn -0.3190 0.9478 0.0000
vn -0.3409 0.9401 0.0012
vn -0.4188 0.9081 0.0007
vn -0.4001 0.9165 0.0018
vn -0.3771 0.9262 -0.0001
vn -0.3771 0.9262 -0.0001
vn -0.4022 0.9155 0.0023
vn -0.4188 0.9081 0.0007
vn -0.3190 0.9478 0.0000
vn -0.3771 0.9262 -0.0001
vn -0.3409 0.9401 0.0012
vn -0.4001 0.9165 0.0018
vn -0.3409 0.9401 0.0012
vn -0.3771 0.9262 -0.0001
vn -0.5361 0.8442 0.0002
vn -0.4548 0.8906 0.0006
vn -0.4787 0.8780 0.0010
vn -0.5361 0.8442 0.0002
vn -0.4774 0.8787 0.0009
vn -0.4548 0.8906 0.0006
vn -0.4022 0.9155 0.0023
vn -0.4548 0.8906 0.0006
vn -0.4188 0.9081 0.0007
vn -0.4774 0.8787 0.0009
vn -0.4188 0.9081 0.0007
vn -0.4548 0.8906 0.0006
vn -0.5332 0.8460 0.0005
vn -0.5464 0.8138 0.1976
vn -0.5346 0.8451 0.0005
vn -0.5332 0.8460 0.0005
vn -0.5346 0.8451 0.0005
vn -0.5505 0.8348 0.0001
vn -0.4787 0.8780 0.0010
vn -0.5346 0.8451 0.0005
vn -0.5361 0.8442 0.0002
vn -0.5346 0.8451 0.0005
vn -0.5464 0.8138 0.1976
vn -0.5361 0.8442 0.0002
vn -0.6329 0.7742 0.0003
vn -0.6228 0.7824 0.0005
vn -0.6039 0.7970 -0.0003
vn -0.6039 0.7970 -0.0003
vn -0.6199 0.7847 -0.0006
vn -0.6329 0.7742 0.0003
vn -0.5505 0.8348 0.0001
vn -0.6039 0.7970 -0.0003
vn -0.5332 0.8460 0.0005
vn -0.6039 0.7970 -0.0003
vn -0.6228 0.7824 0.0005
vn -0.5332 0.8460 0.0005
vn -0.6686 0.6912 0.2741
vn -0.7415 0.6709 0.0002
vn -0.6960 0.7180 0.0010
vn -0.6204 0.7843 0.0003
vn -0.6960 0.7180 0.0010
vn -0.6722 0.7404 0.0010
vn -0.6960 0.7180 0.0010
vn -0.6204 0.7843 0.0003
vn -0.6686 0.6912 0.2741
vn -0.6199 0.7847 -0.0006
vn -0.6204 0.7843 0.0003
vn -0.6329 0.7742 0.0003
vn -0.6204 0.7843 0.0003
vn -0.6722 0.7404 0.0010
vn -0.6329 0.7742 0.0003
vn -0.7481 0.6636 0.0010
vn -0.7239 0.6899 0.0018
vn -0.7415 0.6709 0.0002
vn -0.7481 0.6636 0.0010
vn -0.7415 0.6709 0.0002
vn -0.7403 0.6723 0.0009
vn -0.7239 0.6899 0.0018
vn -0.6960 0.7180 0.0010
vn -0.7415 0.6709 0.0002
vn -0.7403 0.6723 0.0009
vn -0.7606 0.6492 0.0003
vn -0.7481 0.6636 0.0010
vn -0.7776 0.6288 0.0026
vn -0.7481 0.6636 0.0010
vn -0.7606 0.6492 0.0003
vn -0.7606 0.6492 0.0003
vn -0.7818 0.6236 0.0055
vn -0.7776 0.6288 0.0026
vn -0.7975 0.6033 0.0021
vn -0.7776 0.6288 0.0026
vn -0.7818 0.6236 0.0055
vn -0.7975 0.6033 0.0021
vn -0.7818 0.6236 0.0055
vn -0.7960 0.6054 -0.0008
vn -0.7960 0.6054 -0.0008
vn -0.8107 0.5855 -0.0003
vn -0.7975 0.6033 0.0021
vn -0.8250 0.5651 0.0040
vn -0.7975 0.6033 0.0021
vn -0.8107 0.5855 -0.0003
vn -0.8107 0.5855 -0.0003
vn -0.8407 0.5415 -0.0001
vn -0.8250 0.5651 0.0040
vn -0.8477 0.5304 0.0094
vn -0.8250 0.5651 0.0040
vn -0.8407 0.5415 -0.0001
vn -0.8595 0.5111 0.0000
vn -0.8477 0.5304 0.0094
vn -0.8407 0.5415 -0.0001
vn -0.8595 0.5111 0.0000
vn -0.8407 0.5415 -0.0001
vn -0.8483 0.5296 0.0002
vn -0.8483 0.5296 0.0002
vn -0.8790 0.4768 0.0001
vn -0.8595 0.5111 0.0000
vn -0.8807 0.4712 0.0490
vn -0.8595 0.5111 0.0000
vn -0.8790 0.4768 0.0001
vn -0.8918 0.4524 0.0000
vn -0.8807 0.4712 0.0490
vn -0.8790 0.4768 0.0001
vn -0.8918 0.4524 0.0000
vn -0.8790 0.4768 0.0001
vn -0.8849 0.4658 0.0005
vn -0.9301 0.3674 0.0002
vn -0.9252 0.3794 0.0002
vn -0.9201 0.3918 -0.0002
vn -0.9301 0.3674 0.0002
vn -0.9201 0.3918 -0.0002
vn -0.9273 0.3743 0.0005
vn -0.9301 0.3674 0.0002
vn -0.9273 0.3743 0.0005
vn -0.9427 0.3336 0.0008
vn -0.9427 0.3336 0.0008
vn -0.9451 0.3256 0.0282
vn -0.9301 0.3674 0.0002
vn -0.9529 0.3033 0.0066
vn -0.9451 0.3256 0.0282
vn -0.9427 0.3336 0.0008
vn -0.8918 0.4524 0.0000
vn -0.8849 0.4658 0.0005
vn -0.8994 0.4371 0.0023
vn -0.9109 0.4126 0.0001
vn -0.8918 0.4524 0.0000
vn -0.8994 0.4371 0.0023
vn -0.8994 0.4371 0.0023
vn -0.9201 0.3918 -0.0002
vn -0.9109 0.4126 0.0001
vn -0.9252 0.3794 0.0002
vn -0.9109 0.4126 0.0001
vn -0.9201 0.3918 -0.0002
vn -0.9529 0.3033 0.0066
vn -0.9427 0.3336 0.0008
vn -0.9540 0.2997 0.0011
vn -0.9540 0.2997 0.0011
vn -0.9632 0.2688 0.0053
vn -0.9529 0.3033 0.0066
vn -0.9632 0.2688 0.0053
vn -0.9540 0.2997 0.0011
vn -0.9577 0.2879 0.0024
vn -0.9632 0.2688 0.0053
vn -0.9577 0.2879 0.0024
vn -0.9682 0.2503 0.0019
vn -0.9750 0.2219 0.0066
vn -0.9632 0.2688 0.0053
vn -0.9682 0.2503 0.0019
vn -0.9750 0.2219 0.0066
vn -0.9682 0.2503 0.0019
vn -0.9767 0.2146 0.0022
vn -0.9767 0.2146 0.0022
vn -0.9835 0.1808 0.0071
vn -0.9750 0.2219 0.0066
vn -0.9903 0.1385 0.0115
vn -0.9958 0.0912 0.0010
vn -0.9892 0.1452 0.0203
vn -0.9958 0.0912 0.0010
vn -0.9903 0.1385 0.0115
vn -0.9965 0.0832 -0.0006
vn -0.9835 0.1808 0.0071
vn -0.9767 0.2146 0.0022
vn -0.9847 0.1740 0.0026
vn -0.9847 0.1740 0.0026
vn -0.9892 0.1452 0.0203
vn -0.9835 0.1808 0.0071
vn -0.9892 0.1452 0.0203
vn -0.9847 0.1740 0.0026
vn -0.9903 0.1385 0.0115
vn -0.9958 0.0912 0.0010
vn -0.9965 0.0832 -0.0006
vn -0.9983 0.0577 0.0002
vn -0.9983 0.0577 0.0002
vn -0.9989 0.0460 0.0011
vn -0.9958 0.0912 0.0010
vn -0.9989 0.0460 0.0011
vn -0.9983 0.0577 0.0002
vn -0.9996 0.0295 0.0006
vn -0.9996 0.0295 0.0006
vn -0.9998 0.0188 0.0010
vn -0.9989 0.0460 0.0011
vn -0.9998 0.0188 0.0010
vn -0.9996 0.0295 0.0006
vn -0.9980 0.0631 0.0001
vn -0.9980 0.0631 0.0001
vn -1.0000 0.0041 0.0007
vn -0.9998 0.0188 0.0010
vn -0.8372 0.5109 0.1950
vn -0.0568 0.9943 0.0901
vn -0.0374 0.9969 0.0693
vn -0.8372 0.5109 0.1950
vn -0.0374 0.9969 0.0693
vn -0.0400 0.9471 -0.3184
vn -0.2529 0.9630 0.0933
vn -0.0568 0.9943 0.0901
vn -0.8372 0.5109 0.1950
vn -0.4260 0.8986 0.1053
vn -0.2529 0.9630 0.0933
vn -0.8372 0.5109 0.1950
vn -1.0000 0.0030 -0.0066
vn -0.9817 0.1879 0.0301
vn -0.8372 0.5109 0.1950
vn -0.9817 0.1879 0.0301
vn -0.9288 0.3659 0.0595
vn -0.8372 0.5109 0.1950
vn -0.9288 0.3659 0.0595
vn -0.8394 0.5364 0.0872
vn -0.8372 0.5109 0.1950
vn -0.8394 0.5364 0.0872
vn -0.7344 0.6711 0.1013
vn -0.8372 0.5109 0.1950
vn -0.7344 0.6711 0.1013
vn -0.5967 0.7952 0.1076
vn -0.8372 0.5109 0.1950
vn -0.5967 0.7952 0.1076
vn -0.4260 0.8986 0.1053
vn -0.8372 0.5109 0.1950
vn -0.0272 0.9996 0.0006
vn -0.0632 0.9978 0.0209
vn -0.0264 0.9997 -0.0001
vn -0.0264 0.9997 -0.0001
vn -0.3729 0.9275 0.0250
vn -0.0280 0.9996 0.0002
vn -0.0601 0.9659 0.2517
vn -0.1548 0.9879 0.0015
vn -0.0272 0.9996 0.0006
vn -0.0280 0.9996 0.0002
vn -0.0280 0.9996 0.0002
vn -0.0191 0.9998 0.0015
vn -0.0280 0.9996 0.0002
vn -0.0276 0.9996 0.0001
vn -0.0191 0.9998 0.0015
vn -0.0276 0.9996 0.0001
vn -0.0266 0.9996 0.0004
vn -0.0191 0.9998 0.0015
vn -0.0191 0.9998 0.0015
vn -0.0272 0.9996 0.0006
vn -0.0264 0.9997 -0.0001
vn -0.0272 0.9996 0.0006
vn -0.0191 0.9998 0.0015
vn -0.0601 0.9659 0.2517
vn -0.0280 0.9996 0.0002
vn -0.0191 0.9998 0.0015
vn -0.0264 0.9997 -0.0001
vn -0.0191 0.9998 0.0015
vn -0.0280 0.9996 0.0002
vn -0.0280 0.9996 0.0002
vn -0.0280 0.9996 0.0002
vn -0.0280 0.9996 0.0002
vn -0.0191 0.9998 0.0015
vn -0.9958 0.0912 0.0010
vn -0.9989 0.0460 0.0011
vn -0.9725 0.0581 0.2255
vn -0.9989 0.0460 0.0011
vn -0.9998 0.0188 0.0010
vn -0.9725 0.0581 0.2255
vn -0.9998 0.0188 0.0010
vn -1.0000 0.0041 0.0007
vn -0.9725 0.0581 0.2255
vn -0.4139 0.1395 0.8996
vn -0.9835 0.1808 0.0071
vn -0.9892 0.1452 0.0203
vn -0.9725 0.0581 0.2255
vn -0.4139 0.1395 0.8996
vn -0.9892 0.1452 0.0203
vn -0.9892 0.1452 0.0203
vn -0.9958 0.0912 0.0010
vn -0.9725 0.0581 0.2255
vn -0.9750 0.2219 0.0066
vn -0.9835 0.1808 0.0071
vn -0.4139 0.1395 0.8996
vn -0.9632 0.2688 0.0053
vn -0.9750 0.2219 0.0066
vn -0.4139 0.1395 0.8996
vn -0.8931 0.3775 0.2446
vn -0.8807 0.4712 0.0490
vn -0.9451 0.3256 0.0282
vn -0.9451 0.3256 0.0282
vn -0.9529 0.3033 0.0066
vn -0.4139 0.1395 0.8996
vn -0.9529 0.3033 0.0066
vn -0.9632 0.2688 0.0053
vn -0.4139 0.1395 0.8996
vn -0.9109 0.4126 0.0001
vn -0.9252 0.3794 0.0002
vn -0.8807 0.4712 0.0490
vn -0.5726 0.2190 0.7900
vn -0.5726 0.2190 0.7900
vn -0.8807 0.4712 0.0490
vn -0.4137 0.1452 0.8988
vn -0.4137 0.1452 0.8988
vn -0.4137 0.1452 0.8988
vn -0.8807 0.4712 0.0490
vn -0.8477 0.5304 0.0094
vn -0.8595 0.5111 0.0000
vn -0.8918 0.4524 0.0000
vn -0.9109 0.4126 0.0001
vn -0.8807 0.4712 0.0490
vn -0.8807 0.4712 0.0490
vn -0.5464 0.8138 0.1976
vn -0.8477 0.5304 0.0094
vn -0.5464 0.8138 0.1976
vn -0.8250 0.5651 0.0040
vn -0.8477 0.5304 0.0094
vn -0.5464 0.8138 0.1976
vn -0.7975 0.6033 0.0021
vn -0.8250 0.5651 0.0040
vn -0.7776 0.6288 0.0026
vn -0.7975 0.6033 0.0021
vn -0.5464 0.8138 0.1976
vn -0.5464 0.8138 0.1976
vn -0.7481 0.6636 0.0010
vn -0.7776 0.6288 0.0026
vn -0.7239 0.6899 0.0018
vn -0.7481 0.6636 0.0010
vn -0.5464 0.8138 0.1976
vn -0.6329 0.7742 0.0003
vn -0.6722 0.7404 0.0010
vn -0.5464 0.8138 0.1976
vn -0.5464 0.8138 0.1976
vn -0.6722 0.7404 0.0010
vn -0.6960 0.7180 0.0010
vn -0.6960 0.7180 0.0010
vn -0.7239 0.6899 0.0018
vn -0.5464 0.8138 0.1976
vn -0.5332 0.8460 0.0005
vn -0.6228 0.7824 0.0005
vn -0.5464 0.8138 0.1976
vn -0.6228 0.7824 0.0005
vn -0.6329 0.7742 0.0003
vn -0.5464 0.8138 0.1976
vn -0.4774 0.8787 0.0009
vn -0.5361 0.8442 0.0002
vn -0.5464 0.8138 0.1976
vn -0.4188 0.9081 0.0007
vn -0.4774 0.8787 0.0009
vn -0.5464 0.8138 0.1976
vn -0.5464 0.8138 0.1976
vn -0.4001 0.9165 0.0018
vn -0.4188 0.9081 0.0007
vn -0.5464 0.8138 0.1976
vn -0.3409 0.9401 0.0012
vn -0.4001 0.9165 0.0018
vn -0.3202 0.9473 0.0125
vn -0.3409 0.9401 0.0012
vn -0.5464 0.8138 0.1976
vn -0.3202 0.9473 0.0125
vn -0.5464 0.8138 0.1976
vn -0.0907 0.9690 0.2299
vn -0.2373 0.9714 0.0004
vn -0.2597 0.9657 0.0004
vn -0.0907 0.9690 0.2299
vn -0.2597 0.9657 0.0004
vn -0.3202 0.9473 0.0125
vn -0.0907 0.9690 0.2299
vn -0.0907 0.9690 0.2299
vn -0.1518 0.9884 0.0000
vn -0.1755 0.9845 0.0001
vn -0.0907 0.9690 0.2299
vn -0.1755 0.9845 0.0001
vn -0.2373 0.9714 0.0004
vn -0.0911 0.9958 0.0006
vn -0.1518 0.9884 0.0000
vn -0.0907 0.9690 0.2299
vn -0.0907 0.9690 0.2299
vn -0.0676 0.9977 0.0004
vn -0.0911 0.9958 0.0006
vn -0.0676 0.9977 0.0004
vn -0.0907 0.9690 0.2299
vn -0.0289 0.9955 0.0907
vn -0.0289 0.9955 0.0907
vn -0.0272 0.9996 0.0006
vn -0.0676 0.9977 0.0004
vn -0.5464 0.8138 0.1976
vn -0.8807 0.4712 0.0490
vn -0.7929 0.5581 0.2446
vn -0.0907 0.9690 0.2299
vn -0.0402 0.9230 0.3826
vn -0.0335 0.9590 0.2815
vn -0.5464 0.8138 0.1976
vn -0.0768 0.7863 0.6130
vn -0.0907 0.9690 0.2299
vn -0.0907 0.9690 0.2299
vn -0.0768 0.7863 0.6130
vn -0.0402 0.9230 0.3826
vn -0.0768 0.7863 0.6130
vn -0.0364 0.8587 0.5111
vn -0.0402 0.9230 0.3826
vn -0.5464 0.8138 0.1976
vn -0.0691 0.6982 0.7126
vn -0.0768 0.7863 0.6130
vn -0.4139 0.1395 0.8996
vn -0.1223 0.5028 0.8557
vn -0.5464 0.8138 0.1976
vn -0.0691 0.6982 0.7126
vn -0.5464 0.8138 0.1976
vn -0.1223 0.5028 0.8557
vn -0.1223 0.5028 0.8557
vn -0.0376 0.5991 0.7998
vn -0.0691 0.6982 0.7126
vn -0.0558 0.2686 0.9616
vn -0.0359 0.3926 0.9190
vn -0.1223 0.5028 0.8557
vn -0.1223 0.5028 0.8557
vn -0.4139 0.1395 0.8996
vn -0.0558 0.2686 0.9616
vn -0.4139 0.1395 0.8996
vn -0.0437 0.2386 0.9701
vn -0.0558 0.2686 0.9616
vn -0.4139 0.1395 0.8996
vn -0.0884 0.0101 0.9960
vn -0.0437 0.2386 0.9701
vn -0.4139 0.1395 0.8996
vn -0.9725 0.0581 0.2255
vn -0.9561 -0.1511 0.2511
vn -0.9561 -0.1511 0.2511
vn -0.8372 0.5109 0.1950
vn -0.7623 -0.1143 0.6371
vn 0.0249 0.1649 0.9860
vn -0.0554 0.0662 0.9963
vn 0.0249 0.1649 0.9860
vn -0.9725 0.0581 0.2255
vn -0.8372 0.5109 0.1950
vn -0.9561 -0.1511 0.2511
vn -0.8372 0.5109 0.1950
vn -0.9725 0.0581 0.2255
vn -1.0000 0.0041 0.0007
vn -0.0264 0.9997 -0.0001
vn -0.0632 0.9978 0.0209
vn -0.1685 0.9792 -0.1132
vn -0.1712 0.9790 -0.1108
vn -0.3729 0.9275 0.0250
vn -0.0264 0.9997 -0.0001
vn -0.1381 0.0004 -0.9904
vn -0.0363 0.0002 -0.9993
vn -0.3962 0.1777 -0.9008
vn -0.3962 0.1777 -0.9008
vn -0.1247 0.0010 -0.9922
vn -0.1381 0.0004 -0.9904
vn -0.8997 0.1251 -0.4182
vn -0.3962 0.1777 -0.9008
vn -0.8306 0.4728 -0.2942
vn -0.4788 0.0003 -0.8779
vn -0.4948 0.0002 -0.8690
vn -0.3962 0.1777 -0.9008
vn -0.8306 0.4728 -0.2942
vn -0.9296 0.3428 -0.1352
vn -0.9199 0.3773 -0.1068
vn -0.5318 -0.0000 -0.8469
vn -0.4788 0.0003 -0.8779
vn -0.3962 0.1777 -0.9008
vn -0.6115 -0.0107 -0.7912
vn -0.3962 0.1777 -0.9008
vn -0.8997 0.1251 -0.4182
vn -0.3962 0.1777 -0.9008
vn -0.6115 -0.0107 -0.7912
vn -0.5318 -0.0000 -0.8469
vn -0.8997 0.1251 -0.4182
vn -0.7571 -0.0014 -0.6533
vn -0.6115 -0.0107 -0.7912
vn -0.0345 0.7188 0.6943
vn -0.0362 0.6330 0.7733
vn -0.1271 0.5124 0.8493
vn -0.0345 0.7188 0.6943
vn -0.1271 0.5124 0.8493
vn -0.1245 0.7934 0.5959
vn -0.8306 0.4728 -0.2942
vn -0.0486 0.9634 0.2635
vn -0.0758 0.9119 0.4033
vn -0.0351 0.8510 0.5240
vn -0.1245 0.7934 0.5959
vn -0.0758 0.9119 0.4033
vn -0.1954 0.9807 -0.0018
vn -0.0411 0.9888 0.1437
vn -0.0486 0.9634 0.2635
vn -0.0632 0.9978 0.0209
vn -0.0411 0.9888 0.1437
vn -0.0869 0.9960 0.0185
vn -0.2046 0.9787 -0.0179
vn -0.2046 0.9787 -0.0179
vn -0.0632 0.9978 0.0209
vn -0.1245 0.7934 0.5959
vn -0.1271 0.5124 0.8493
vn -0.8306 0.4728 -0.2942
vn -0.0758 0.9119 0.4033
vn -0.1245 0.7934 0.5959
vn -0.8306 0.4728 -0.2942
vn 0.0072 0.1862 0.9825
vn -0.0437 0.2386 0.9701
vn -0.0884 0.0101 0.9960
vn -0.0197 0.0852 0.9962
vn -0.0437 0.2386 0.9701
vn 0.0072 0.1862 0.9825
vn -0.0386 0.8333 0.5515
vn -0.0338 0.2897 0.9565
vn -0.0437 0.2386 0.9701
vn -0.0338 0.2897 0.9565
vn -0.0558 0.2686 0.9616
vn -0.0437 0.2386 0.9701
vn -0.0338 0.2897 0.9565
vn -0.0332 0.3695 0.9287
vn -0.0558 0.2686 0.9616
vn -0.0359 0.3926 0.9190
vn -0.0558 0.2686 0.9616
vn -0.0332 0.3695 0.9287
vn -0.1223 0.5028 0.8557
vn -0.0332 0.3695 0.9287
vn -0.1271 0.5124 0.8493
vn -0.1223 0.5028 0.8557
vn -0.0359 0.3926 0.9190
vn -0.0332 0.3695 0.9287
vn -0.1271 0.5124 0.8493
vn -0.0376 0.5991 0.7998
vn -0.1223 0.5028 0.8557
vn -0.1271 0.5124 0.8493
vn -0.0362 0.6330 0.7733
vn -0.0376 0.5991 0.7998
vn -0.0362 0.6330 0.7733
vn -0.0691 0.6982 0.7126
vn -0.0376 0.5991 0.7998
vn -0.0362 0.6330 0.7733
vn -0.0345 0.7188 0.6943
vn -0.0691 0.6982 0.7126
vn -0.0345 0.7188 0.6943
vn -0.1245 0.7934 0.5959
vn -0.0768 0.7863 0.6130
vn -0.0345 0.7188 0.6943
vn -0.0768 0.7863 0.6130
vn -0.0691 0.6982 0.7126
vn -0.1245 0.7934 0.5959
vn -0.0364 0.8587 0.5111
vn -0.0768 0.7863 0.6130
vn -0.1245 0.7934 0.5959
vn -0.0351 0.8510 0.5240
vn -0.0364 0.8587 0.5111
vn -0.0351 0.8510 0.5240
vn -0.0758 0.9119 0.4033
vn -0.0364 0.8587 0.5111
vn -0.0402 0.9230 0.3826
vn -0.0364 0.8587 0.5111
vn -0.0758 0.9119 0.4033
vn -0.0758 0.9119 0.4033
vn -0.0486 0.9634 0.2635
vn -0.0402 0.9230 0.3826
vn -0.0486 0.9634 0.2635
vn -0.0335 0.9590 0.2815
vn -0.0402 0.9230 0.3826
vn -0.0486 0.9634 0.2635
vn -0.0907 0.9690 0.2299
vn -0.0335 0.9590 0.2815
vn -0.0907 0.9690 0.2299
vn -0.0486 0.9634 0.2635
vn -0.0411 0.9888 0.1437
vn -0.0289 0.9955 0.0907
vn -0.0907 0.9690 0.2299
vn -0.0411 0.9888 0.1437
vn -0.0411 0.9888 0.1437
vn -0.0632 0.9978 0.0209
vn -0.0289 0.9955 0.0907
vn -0.0272 0.9996 0.0006
vn -0.0289 0.9955 0.0907
vn -0.0632 0.9978 0.0209
vn -0.0332 0.3695 0.9287
vn -0.0338 0.2897 0.9565
vn -0.0197 0.0852 0.9962
vn -0.0197 0.0852 0.9962
vn -0.1271 0.5124 0.8493
vn -0.0332 0.3695 0.9287
vn -0.0197 0.0852 0.9962
vn -0.6993 0.2027 0.6855
vn -0.1271 0.5124 0.8493
vn -0.1877 0.0092 0.9822
vn -0.0197 0.0852 0.9962
vn -0.7987 0.1510 0.5824
vn -0.0258 -0.0000 0.9997
vn -0.0258 -0.0000 0.9997
vn -0.0884 0.0101 0.9960
vn -0.0884 0.0101 0.9960
vn -0.1726 -0.0143 0.9849
vn 0.2398 0.0662 0.9686
vn -0.0261 -0.0001 0.9997
vn -0.0261 -0.0001 0.9997
vn -0.0884 0.0101 0.9960
vn -0.0257 -0.0001 0.9997
vn -0.0257 -0.0001 0.9997
vn -0.0884 0.0101 0.9960
vn -0.0273 -0.0001 0.9996
vn -0.0273 -0.0001 0.9996
vn -0.0884 0.0101 0.9960
vn -0.0884 0.0101 0.9960
vn 0.2398 0.0662 0.9686
vn 0.0072 0.1862 0.9825
vn 0.0072 0.1862 0.9825
vn 0.0127 0.0174 0.9998
vn -0.0197 0.0852 0.9962
vn -0.0342 -0.0037 0.9994
vn 0.2391 -0.1876 0.9527
vn -0.0374 -0.0315 0.9988
vn -0.0342 -0.0037 0.9994
vn -0.0260 0.0006 0.9997
vn 0.0612 -0.2357 0.9699
vn -0.0554 0.0662 0.9963
vn -0.0342 -0.0037 0.9994
vn 0.0612 -0.2357 0.9699
vn 0.0612 -0.2357 0.9699
vn -0.0260 -0.0002 0.9997
vn -0.0554 0.0662 0.9963
vn -0.0554 0.0662 0.9963
vn -0.0252 -0.0008 0.9997
vn -0.0252 -0.0008 0.9997
vn -0.2348 -0.0144 0.9719
vn -0.2348 -0.0144 0.9719
vn -0.4139 0.1395 0.8996
vn -0.4139 0.1395 0.8996
vn -0.0354 0.0621 0.9974
vn -0.0354 0.0621 0.9974
vn -0.0554 0.0662 0.9963
vn -0.1515 0.0840 0.9849
vn -0.1515 0.0840 0.9849
vn -0.0884 0.0101 0.9960
vn -0.4139 0.1395 0.8996
vn -0.0456 0.3216 0.9458
vn -0.0456 0.3216 0.9458
vn -0.0254 -0.0001 0.9997
vn -0.0884 0.0101 0.9960
vn -0.0203 0.0693 0.9974
vn -0.0456 0.3216 0.9458
vn -0.4139 0.1395 0.8996
vn -0.0282 0.0653 0.9975
vn -0.0282 0.0653 0.9975
vn -0.4139 0.1395 0.8996
vn -0.0342 -0.0037 0.9994
vn -0.0377 -0.0319 0.9988
vn 0.2391 -0.1876 0.9527
vn -0.0391 0.9988 -0.0285
vn -0.1085 0.9816 -0.1569
vn -0.1242 0.9776 0.1700
vn -0.1479 0.4512 0.8801
vn -0.4923 0.6138 0.6172
vn -0.0639 0.4037 0.9127
vn -0.4923 0.6138 0.6172
vn -0.0342 -0.0037 0.9994
vn -0.0639 0.4037 0.9127
vn -0.4184 -0.6356 -0.6488
vn -0.8781 -0.2348 -0.4170
vn -0.9561 -0.1511 0.2511
vn -0.8781 -0.2348 -0.4170
vn -0.9977 -0.0502 0.0457
vn -0.9561 -0.1511 0.2511
vn 0.7021 0.7118 0.0192
vn 0.7021 0.7118 0.0192
vn 0.6660 0.6736 0.3206
vn 0.6660 0.6736 0.3206
vn 0.7735 0.6338 0.0000
vn 0.6506 0.2288 -0.7241
vn 0.6116 0.7912 -0.0000
vn 0.6660 0.6736 0.3206
vn 0.5295 0.7565 0.3839
vn 0.5295 0.7565 0.3839
vn 0.3656 0.5567 -0.7459
vn 0.6116 0.7912 0.0000
vn 0.3656 0.5567 -0.7459
vn 0.5295 0.7565 0.3839
vn 0.4329 0.8038 0.4082
vn 0.4329 0.8038 0.4082
vn 0.5164 0.8563 0.0000
vn 0.3656 0.5567 -0.7459
vn 0.4148 0.9099 -0.0000
vn 0.4329 0.8038 0.4082
vn 0.3347 0.8412 0.4246
vn 0.3347 0.8412 0.4246
vn 0.2827 0.7694 -0.5728
vn 0.4148 0.9099 0.0000
vn 0.2827 0.7694 -0.5728
vn 0.3347 0.8412 0.4246
vn 0.2355 0.8700 0.4333
vn 0.2355 0.8700 0.4333
vn 0.1915 0.7891 -0.5836
vn 0.2827 0.7694 -0.5728
vn 0.1915 0.7891 -0.5836
vn 0.2355 0.8700 0.4333
vn 0.1986 0.9801 -0.0000
vn 0.1986 0.9801 0.0000
vn 0.1986 0.9801 0.0000
vn 0.1915 0.7891 -0.5836
vn 0.0861 0.9963 -0.0000
vn 0.0861 0.9963 -0.0000
vn 0.0336 0.9239 0.3811
vn 0.0336 0.9239 0.3811
vn 0.0861 0.9963 0.0000
vn 0.0861 0.9963 0.0000
vn -0.0292 0.9996 0.0000
vn 0.0336 0.9239 0.3811
vn -0.0727 0.9147 0.3975
vn -0.0727 0.9147 0.3975
vn 0.4659 0.8835 -0.0478
vn -0.0292 0.9996 0.0000
vn 0.4659 0.8835 -0.0478
vn -0.0727 0.9147 0.3975
vn -0.3168 0.9425 0.1066
vn 0.5506 0.8343 -0.0295
vn 0.5506 0.8343 -0.0295
vn 0.4659 0.8835 -0.0478
vn -0.6792 0.6070 -0.4126
vn -0.3168 0.9425 0.1066
vn -0.6792 0.6070 -0.4126
vn -0.4184 -0.6356 -0.6488
vn -0.4599 -0.8835 -0.0897
vn -0.3697 -0.9008 0.2279
vn -0.3697 -0.9008 0.2279
vn 0.0148 -0.9432 -0.3319
vn -0.4184 -0.6356 -0.6488
vn 0.0148 -0.9432 -0.3319
vn -0.3697 -0.9008 0.2279
vn 0.2278 -0.9574 0.1772
vn 0.2278 -0.9574 0.1772
vn 0.2481 -0.8749 -0.4159
vn 0.0148 -0.9432 -0.3319
vn 0.2481 -0.8749 -0.4159
vn 0.2278 -0.9574 0.1772
vn 0.3092 -0.9510 0.0000
vn 0.3092 -0.9510 0.0000
vn 0.3092 -0.9510 0.0000
vn 0.2481 -0.8749 -0.4159
vn 0.4148 -0.9099 0.0000
vn 0.4148 -0.9099 0.0000
vn 0.5398 -0.6719 0.5071
vn 0.5398 -0.6719 0.5071
vn 0.8735 -0.3993 -0.2785
vn 0.5672 -0.8235 0.0078
vn 0.8735 -0.3993 -0.2785
vn 0.5398 -0.6719 0.5071
vn 0.7152 -0.6983 -0.0298
vn 0.8735 -0.3993 -0.2785
vn 0.9580 0.2375 0.1610
vn 0.9580 0.2375 0.1610
vn 0.9955 -0.0857 0.0401
vn 0.8735 -0.3993 -0.2785
vn 0.9955 -0.0857 0.0401
vn -0.4923 0.6138 0.6172
vn -0.1242 0.9776 0.1700
vn -0.1085 0.9816 -0.1569
vn -0.1085 0.9816 -0.1569
vn -0.4830 0.8756 0.0019
vn -0.4923 0.6138 0.6172
vn -0.7987 0.1510 0.5824
vn -0.4923 0.6138 0.6172
vn -0.7310 0.6411 0.2337
vn -0.0568 0.9943 0.0901
vn -0.0261 0.9939 0.1074
vn -0.0146 0.9941 0.1074
vn -0.0146 0.9941 0.1074
vn -0.0019 0.9960 0.0894
vn -0.0568 0.9943 0.0901
vn -0.0374 0.9969 0.0693
vn -0.0568 0.9943 0.0901
vn -0.0019 0.9960 0.0894
vn -0.0019 0.9960 0.0894
vn 0.0075 0.9974 0.0712
vn -0.0374 0.9969 0.0693
vn -0.0374 0.9969 0.0693
vn 0.0075 0.9974 0.0712
vn 0.0036 0.9984 0.0563
vn 0.0036 0.9984 0.0563
vn -0.0400 0.9471 -0.3184
vn -0.0374 0.9969 0.0693
vn 0.0036 0.9984 0.0563
vn -0.0121 0.9989 0.0455
vn -0.0400 0.9471 -0.3184
vn -0.0399 0.7938 -0.6069
vn -0.0400 0.9471 -0.3184
vn -0.0121 0.9989 0.0455
vn -0.0023 0.9924 -0.1231
vn -0.0391 0.9988 -0.0285
vn -0.0433 0.9867 0.1568
vn -0.0213 0.4768 0.8787
vn -0.0213 0.4768 0.8787
vn -0.0213 0.4768 0.8787
vn -0.0121 0.9989 0.0455
vn 0.0044 0.9998 0.0185
vn -0.0433 0.9867 0.1568
vn 0.0044 0.9998 0.0185
vn -0.0023 0.9924 -0.1231
vn -0.0433 0.9867 0.1568
vn -0.0320 0.2119 0.9768
vn -0.0554 0.0662 0.9963
vn -0.0641 0.2379 0.9692
vn -0.0639 0.4037 0.9127
vn -0.0342 -0.0037 0.9994
vn -0.0554 0.0662 0.9963
vn -0.0639 0.4037 0.9127
vn -0.0554 0.0662 0.9963
vn -0.0320 0.2119 0.9768
vn -0.0320 0.2119 0.9768
vn -0.0304 0.1828 0.9827
vn -0.0639 0.4037 0.9127
vn -0.1242 0.9776 0.1700
vn -0.0639 0.4037 0.9127
vn -0.0391 0.9988 -0.0285
vn -0.8372 0.5109 0.1950
vn -0.0433 0.9867 0.1568
vn -0.0391 0.9988 -0.0285
vn 0.2391 -0.1876 0.9527
vn -0.0634 -0.0931 0.9936
vn -0.0993 -0.3050 0.9471
vn 0.2398 0.0662 0.9686
vn 0.2391 -0.1876 0.9527
vn -0.0993 -0.3050 0.9471
vn 0.0072 0.1862 0.9825
vn 0.2398 0.0662 0.9686
vn -0.0993 -0.3050 0.9471
vn 0.0111 0.0150 0.9998
vn 0.0072 0.1862 0.9825
vn -0.0993 -0.3050 0.9471
vn 0.0260 -0.0578 0.9980
vn 0.0260 -0.0578 0.9980
vn -0.0993 -0.3050 0.9471
vn 0.8847 0.2930 -0.3625
vn 0.8847 0.2930 -0.3625
vn 0.4541 0.1018 -0.8851
vn 0.2196 0.9164 0.3346
vn 0.2196 0.9164 0.3346
vn 0.2196 0.9164 0.3346
vn -0.9134 -0.3098 -0.2640
vn -0.9134 -0.3098 -0.2640
vn -0.5673 0.0899 -0.8186
vn -0.5196 -0.0683 -0.8517
vn -0.5673 0.0899 -0.8186
vn -0.8869 -0.0290 -0.4611
vn -0.2500 -0.6943 -0.6748
vn -0.6653 -0.6942 -0.2746
vn -0.6653 -0.6942 -0.2746
vn -0.2546 -0.9637 -0.0799
vn -0.2500 -0.6943 -0.6748
vn -0.2546 -0.9637 -0.0799
vn 0.9496 -0.3118 -0.0319
vn 0.9496 -0.3118 -0.0319
vn 0.9496 -0.3118 -0.0319
vn -0.6642 0.3610 0.6546
vn -0.8693 0.1719 0.4633
vn -0.9386 0.2024 0.2795
vn -0.0957 -0.9887 -0.1151
vn -0.0957 -0.9887 -0.1151
vn -0.0957 -0.9887 -0.1151
vn -0.7496 0.6302 0.2022
vn -0.9842 0.1533 0.0883
vn -0.8292 0.2257 -0.5114
vn -0.4930 -0.3337 0.8035
vn -0.0381 -0.0114 0.9992
vn -0.6642 0.3610 0.6546
vn -0.3851 -0.0549 0.9212
vn -0.1982 -0.0584 0.9784
vn -0.4930 -0.3337 0.8035
vn -0.5914 -0.5454 0.5940
vn -0.8366 -0.2976 0.4600
vn -0.8366 -0.2976 0.4600
vn -0.3851 -0.0549 0.9212
vn 0.0026 0.0005 1.0000
vn 0.0026 0.0005 1.0000
vn -0.4930 -0.3337 0.8035
vn -0.1982 -0.0584 0.9784
vn -0.0381 -0.0114 0.9992
vn -0.0311 0.1030 0.9942
vn 0.0320 0.3047 0.9519
vn -0.0311 0.1030 0.9942
vn -0.0050 -0.0070 1.0000
vn -0.0050 -0.0070 1.0000
vn -0.0101 -0.1224 0.9924
vn -0.3851 -0.0549 0.9212
vn -0.0011 -0.0005 1.0000
vn -0.0011 -0.0005 1.0000
vn -0.1982 -0.0584 0.9784
vn -0.3851 -0.0549 0.9212
vn -0.0392 -0.0175 0.9991
vn -0.0709 0.1378 0.9879
vn -0.0709 0.1378 0.9879
vn -0.0959 0.1012 0.9902
vn 0.2596 0.2119 0.9422
vn 0.1440 0.3426 0.9284
vn 0.0320 0.3047 0.9519
vn 0.2213 0.0046 0.9752
vn 0.2213 0.0046 0.9752
vn 0.0518 0.0255 0.9983
vn -0.0101 -0.1224 0.9924
vn -0.0491 -0.0151 0.9987
vn -0.0312 -0.0574 0.9979
vn 0.1116 -0.3087 0.9446
vn 0.1116 -0.3087 0.9446
vn 0.1116 -0.3087 0.9446
vn 0.3903 0.8849 0.2543
vn 0.0536 0.9653 0.2555
vn 0.0320 0.3047 0.9519
vn 0.1479 0.3557 0.9228
vn 0.7890 0.4350 0.4338
vn 0.0518 0.0255 0.9983
vn 0.2596 0.2119 0.9422
vn 0.0518 0.0255 0.9983
vn 0.7890 0.4350 0.4338
vn 0.0518 0.0255 0.9983
vn 0.0165 -0.0077 0.9998
vn 0.1130 -0.0097 0.9936
vn 0.5715 -0.6575 0.4910
vn 0.8752 -0.2938 0.3844
vn 0.0165 -0.0077 0.9998
vn 0.1463 -0.2712 0.9513
vn 0.5715 -0.6575 0.4910
vn -0.0023 -0.0167 0.9999
vn -0.7355 0.5477 0.3988
vn -0.6642 0.3610 0.6546
vn -0.0794 0.0279 0.9965
vn 0.0165 -0.0077 0.9998
vn -0.0023 -0.0167 0.9999
vn 0.0760 -0.0838 0.9936
vn -0.0023 -0.0167 0.9999
vn -0.0101 -0.1224 0.9924
vn -0.0133 -0.1309 0.9913
vn -0.0381 -0.0114 0.9992
vn -0.0794 0.0279 0.9965
vn -0.6642 0.3610 0.6546
vn -0.2138 -0.0228 0.9766
vn -0.4930 -0.3337 0.8035
vn -0.6642 0.3610 0.6546
vn -0.2625 0.9564 -0.1280
vn -0.2625 0.9564 -0.1280
vn -0.7496 0.6302 0.2022
vn -0.5823 -0.1261 -0.8031
vn -0.5823 -0.1261 -0.8031
vn -0.5823 -0.1261 -0.8031
vn -0.0069 -0.0411 0.9991
vn -0.0069 -0.0411 0.9991
vn -0.0069 -0.0411 0.9991
vn -0.9842 0.1533 0.0883
vn -0.6642 0.3610 0.6546
vn -0.9386 0.2024 0.2795
vn -0.0794 0.0279 0.9965
vn -0.0959 0.1012 0.9902
vn -0.1227 0.0767 0.9895
vn -0.0491 -0.0151 0.9987
vn -0.0381 -0.0114 0.9992
vn -0.1982 -0.0584 0.9784
vn -0.2404 -0.2346 -0.9419
vn -0.2404 -0.2346 -0.9419
vn -0.2404 -0.2346 -0.9419
vn 0.3457 0.9204 0.1824
vn 0.3457 0.9204 0.1824
vn 0.3457 0.9204 0.1824
vn -0.4392 0.8304 0.3429
vn 0.0011 0.0021 1.0000
vn 0.0320 0.3047 0.9519
vn -0.0959 0.1012 0.9902
vn 0.0011 0.0021 1.0000
vn -0.1886 0.2534 0.9488
vn 0.0165 -0.0077 0.9998
vn 0.0518 0.0255 0.9983
vn 0.0011 0.0021 1.0000
vn -0.0023 -0.0167 0.9999
vn 0.0165 -0.0077 0.9998
vn 0.0011 0.0021 1.0000
vn -0.0101 -0.1224 0.9924
vn -0.0023 -0.0167 0.9999
vn 0.0011 0.0021 1.0000
vn 0.0102 -0.0132 0.9999
vn -0.0101 -0.1224 0.9924
vn 0.0011 0.0021 1.0000
vn -0.0491 -0.0151 0.9987
vn 0.0102 -0.0132 0.9999
vn 0.0011 0.0021 1.0000
vn -0.0381 -0.0114 0.9992
vn -0.0491 -0.0151 0.9987
vn 0.0011 0.0021 1.0000
vn -0.0794 0.0279 0.9965
vn -0.0381 -0.0114 0.9992
vn 0.0011 0.0021 1.0000
vn -0.0959 0.1012 0.9902
vn -0.0794 0.0279 0.9965
vn 0.0011 0.0021 1.0000
vn 0.0239 0.0165 0.9996
vn 0.0320 0.3047 0.9519
vn 0.0011 0.0021 1.0000
vn 0.2596 0.2119 0.9422
vn 0.0239 0.0165 0.9996
vn 0.0011 0.0021 1.0000
vn 0.0518 0.0255 0.9983
vn 0.2596 0.2119 0.9422
vn 0.0011 0.0021 1.0000
vn -0.0651 -0.9978 0.0105
vn -0.0680 -0.9963 0.0517
vn 0.0112 -0.9991 0.0404
vn -0.0651 -0.9978 0.0105
vn 0.0112 -0.9991 0.0404
vn -0.0444 -0.9987 0.0254
vn 0.6273 0.4183 -0.6569
vn 0.0326 0.0168 -0.9993
vn 0.2672 0.2853 -0.9205
vn 0.8288 0.3249 0.4556
vn 0.9533 0.2781 0.1182
vn 0.8288 0.3249 0.4556
vn 0.6273 0.4183 -0.6569
vn 0.8951 0.1348 -0.4250
vn 0.3589 0.2866 -0.8883
vn 0.9387 -0.0427 -0.3420
vn 0.9533 0.2781 0.1182
vn 0.9387 -0.0427 -0.3420
vn 0.9817 0.0847 -0.1703
vn 0.9817 0.0847 -0.1703
vn 0.9817 0.0847 -0.1703
vn 0.9122 0.4077 0.0409
vn 0.9122 0.4077 0.0409
vn 0.9122 0.4077 0.0409
vn 0.9791 0.0429 -0.1990
vn 0.9791 0.0429 -0.1990
vn 0.9791 0.0429 -0.1990
vn 0.0651 0.9594 0.2745
vn 0.0651 0.9594 0.2745
vn 0.0651 0.9594 0.2745
vn 0.1907 0.9644 -0.1832
vn 0.0898 0.7178 -0.6904
vn 0.1907 0.9644 -0.1832
vn 0.1601 -0.1448 -0.9764
vn -0.0448 -0.1153 -0.9923
vn -0.0788 0.2062 -0.9753
vn -0.0788 0.2062 -0.9753
vn -0.6786 0.0746 -0.7307
vn 0.3589 0.2866 -0.8883
vn -0.0788 0.2062 -0.9753
vn 0.3589 0.2866 -0.8883
vn 0.1710 -0.1832 -0.9681
vn -0.6786 0.0746 -0.7307
vn -0.3903 -0.5424 -0.7439
vn 0.3589 0.2866 -0.8883
vn 0.3251 0.8570 -0.3998
vn 0.3251 0.8570 -0.3998
vn 0.6273 0.4183 -0.6569
vn 0.3589 0.2866 -0.8883
vn -0.3903 -0.5424 -0.7439
vn 0.2399 -0.3387 -0.9098
vn 0.0898 0.7178 -0.6904
vn 0.3589 0.2866 -0.8883
vn 0.2399 -0.3387 -0.9098
vn 0.0412 0.0400 -0.9983
vn -0.0788 0.2062 -0.9753
vn -0.0596 -0.1090 -0.9923
vn 0.0815 -0.0734 -0.9940
vn 0.0815 -0.0734 -0.9940
vn 0.0412 0.0400 -0.9983
vn -0.9252 -0.2964 -0.2371
vn -0.5509 0.0007 -0.8346
vn -0.9252 -0.2964 -0.2371
vn 0.0898 0.7178 -0.6904
vn 0.2399 -0.3387 -0.9098
vn 0.0412 0.0400 -0.9983
vn -0.1016 0.0916 -0.9906
vn -0.5509 0.0007 -0.8346
vn 0.0412 0.0400 -0.9983
vn -0.1113 -0.8452 -0.5228
vn -0.1113 -0.8452 -0.5228
vn -0.1113 -0.8452 -0.5228
vn 0.4042 0.8572 -0.3192
vn 0.6273 0.4183 -0.6569
vn 0.4042 0.8572 -0.3192
vn -0.7524 -0.3103 -0.5811
vn -0.9955 -0.0923 -0.0208
vn -0.7902 -0.5350 -0.2988
vn 0.8980 0.4380 -0.0430
vn 0.8980 0.4380 -0.0430
vn 0.8980 0.4380 -0.0430
vn 0.0126 0.0350 -0.9993
vn 0.2015 0.6304 -0.7496
vn -0.2386 0.0611 -0.9692
vn -0.0408 0.0011 -0.9992
vn -0.0363 0.0002 -0.9993
vn -0.1381 0.0004 -0.9904
vn -0.7571 -0.0014 -0.6533
vn -0.5341 -0.1727 -0.8276
vn -0.3299 -0.0276 -0.9436
vn -0.3299 -0.0276 -0.9436
vn -0.2386 0.0611 -0.9692
vn -0.8647 -0.0099 -0.5021
vn -0.9999 0.0133 0.0028
vn -0.9999 0.0133 0.0028
vn -0.8647 -0.0099 -0.5021
vn -0.7524 -0.3103 -0.5811
vn -0.8647 -0.0099 -0.5021
vn -0.9819 -0.1688 -0.0855
vn -0.5341 -0.1727 -0.8276
vn -0.7571 -0.0014 -0.6533
vn -0.8997 0.1251 -0.4182
vn -0.8647 -0.0099 -0.5021
vn -0.7571 -0.0014 -0.6533
vn -0.3299 -0.0276 -0.9436
vn -0.6115 -0.0107 -0.7912
vn -0.7571 -0.0014 -0.6533
vn -0.8647 -0.0099 -0.5021
vn -0.8647 -0.0099 -0.5021
vn -0.5884 -0.0027 -0.8085
vn -0.6115 -0.0107 -0.7912
vn -0.5318 -0.0000 -0.8469
vn -0.6115 -0.0107 -0.7912
vn -0.5884 -0.0027 -0.8085
vn -0.5884 -0.0027 -0.8085
vn -0.5167 -0.0018 -0.8562
vn -0.5318 -0.0000 -0.8469
vn -0.4788 0.0003 -0.8779
vn -0.5318 -0.0000 -0.8469
vn -0.5167 -0.0018 -0.8562
vn -0.5167 -0.0018 -0.8562
vn -0.4524 -0.0016 -0.8918
vn -0.4788 0.0003 -0.8779
vn -0.4948 0.0002 -0.8690
vn -0.4788 0.0003 -0.8779
vn -0.4524 -0.0016 -0.8918
vn -0.4524 -0.0016 -0.8918
vn -0.3480 -0.0003 -0.9375
vn -0.4948 0.0002 -0.8690
vn -0.3962 0.1777 -0.9008
vn -0.4948 0.0002 -0.8690
vn -0.3480 -0.0003 -0.9375
vn -0.1247 0.0010 -0.9922
vn 0.6494 0.0033 -0.7604
vn 0.6494 0.0033 -0.7604
vn -0.3480 -0.0003 -0.9375
vn -0.2298 0.0003 -0.9732
vn -0.1247 0.0010 -0.9922
vn -0.1381 0.0004 -0.9904
vn -0.1247 0.0010 -0.9922
vn -0.2298 0.0003 -0.9732
vn -0.2298 0.0003 -0.9732
vn -0.1381 0.0024 -0.9904
vn -0.1381 0.0004 -0.9904
vn -0.1381 0.0004 -0.9904
vn -0.1381 0.0024 -0.9904
vn -0.0408 0.0011 -0.9992
vn -0.7987 0.1510 0.5824
vn -0.7552 0.2834 -0.5910
vn -0.9965 0.0040 -0.0833
vn -0.4664 0.1779 -0.8665
vn -0.5341 -0.1727 -0.8276
vn -0.8997 0.1251 -0.4182
vn -0.8306 0.4728 -0.2942
vn -0.7987 0.1510 0.5824
vn -0.8997 0.1251 -0.4182
vn -0.0187 0.0001 -0.9998
vn 0.0126 0.0350 -0.9993
vn 0.3569 0.0718 -0.9314
vn -0.0187 0.0001 -0.9998
vn 0.1029 0.0000 -0.9947
vn 0.1029 0.0000 -0.9947
vn 0.0823 -0.0000 -0.9966
vn 0.0225 -0.0380 -0.9990
vn -0.0187 0.0001 -0.9998
vn 0.9037 -0.2010 -0.3779
vn 0.9037 -0.2010 -0.3779
vn 0.9037 -0.2010 -0.3779
vn 0.0037 -0.1205 -0.9927
vn 0.2485 0.2860 -0.9254
vn 0.0326 0.0168 -0.9993
vn 0.0914 -0.9712 -0.2202
vn 0.0914 -0.9712 -0.2202
vn 0.0914 -0.9712 -0.2202
vn -0.0734 -0.9836 -0.1650
vn 0.0786 -0.9359 -0.3433
vn -0.0734 -0.9836 -0.1650
vn 0.0000 -0.9942 -0.1073
vn 0.0000 -0.9942 -0.1073
vn 0.0000 -0.9942 -0.1073
vn 0.5949 -0.6584 -0.4610
vn 0.5949 -0.6584 -0.4610
vn 0.8228 -0.0976 -0.5599
vn 0.0544 -0.0686 -0.9962
vn 0.2688 -0.2145 -0.9390
vn 0.8228 -0.0976 -0.5599
vn 0.1775 -0.9837 -0.0281
vn 0.0786 -0.9359 -0.3433
vn 0.1775 -0.9837 -0.0281
vn 0.2473 -0.9687 -0.0229
vn 0.2473 -0.9687 -0.0229
vn 0.2473 -0.9687 -0.0229
vn 0.5467 -0.4523 -0.7047
vn 0.8228 -0.0976 -0.5599
vn 0.8510 -0.5180 -0.0864
vn 0.0863 -0.9960 -0.0217
vn 0.0863 -0.9960 -0.0217
vn 0.0786 -0.9359 -0.3433
vn 0.7471 -0.4062 -0.5262
vn 0.9875 -0.1459 -0.0603
vn 0.8228 -0.0976 -0.5599
vn 0.8228 -0.0976 -0.5599
vn 0.9414 -0.2770 0.1927
vn 0.7471 -0.4062 -0.5262
vn 0.0088 -0.0011 -1.0000
vn -0.0013 -0.4429 -0.8966
vn 0.0559 0.4482 -0.8922
vn 0.0000 -0.0000 -1.0000
vn 0.0559 0.4482 -0.8922
vn -0.0013 -0.4429 -0.8966
vn -0.0809 -0.4418 -0.8935
vn 0.2979 0.2837 -0.9115
vn 0.3656 0.5567 -0.7459
vn 0.3656 0.5567 -0.7459
vn 0.0373 0.0741 -0.9966
vn -0.0809 -0.4418 -0.8935
vn -0.0013 -0.4429 -0.8966
vn -0.0809 -0.4418 -0.8935
vn 0.0373 0.0741 -0.9966
vn 0.0373 0.0741 -0.9966
vn 0.0000 -0.0000 -1.0000
vn -0.0013 -0.4429 -0.8966
vn -0.0013 -0.4429 -0.8966
vn 0.0000 0.0000 -1.0000
vn 0.0000 0.0000 -1.0000
vn -0.0000 0.0000 -1.0000
vn -0.0000 0.0000 -1.0000
vn -0.0447 0.0805 -0.9958
vn -0.0447 0.0805 -0.9958
vn 0.0000 0.0000 -1.0000
vn 0.1332 -0.2222 -0.9659
vn -0.0000 -0.0000 -1.0000
vn 0.6506 0.2288 -0.7241
vn -0.5196 -0.0683 -0.8517
vn -0.5673 0.0899 -0.8186
vn -0.5196 -0.0683 -0.8517
vn 0.6506 0.2288 -0.7241
vn -0.0447 0.0805 -0.9958
vn 0.5206 0.0918 -0.8488
vn -0.4184 -0.6356 -0.6488
vn -0.0447 0.0805 -0.9958
vn -0.4184 -0.6356 -0.6488
vn 0.0000 0.0000 -1.0000
vn -0.0000 0.0000 -1.0000
vn -0.5196 -0.0683 -0.8517
vn -0.2500 -0.6943 -0.6748
vn -0.2500 -0.6943 -0.6748
vn 0.1332 -0.2222 -0.9659
vn -0.0000 0.0000 -1.0000
vn 0.1332 -0.2222 -0.9659
vn -0.2500 -0.6943 -0.6748
vn 0.1566 -0.1793 -0.9712
vn 0.1566 -0.1793 -0.9712
vn -0.0447 0.0805 -0.9958
vn 0.1332 -0.2222 -0.9659
vn -0.5901 0.3979 -0.7025
vn -0.5901 0.3979 -0.7025
vn -0.5673 0.0899 -0.8186
vn 0.2979 0.2837 -0.9115
vn -0.0809 -0.4418 -0.8935
vn -0.5673 0.0899 -0.8186
vn 0.5467 -0.4523 -0.7047
vn -0.0065 -0.0001 -1.0000
vn 0.0559 0.4482 -0.8922
vn -0.0119 0.2358 -0.9717
vn -0.0008 0.0265 -0.9996
vn -0.0008 0.0265 -0.9996
vn -0.8404 0.3946 -0.3715
vn -0.8404 0.3946 -0.3715
vn -0.8404 0.3946 -0.3715
vn 0.0232 0.1112 -0.9935
vn 0.0232 0.1112 -0.9935
vn 0.1566 -0.1793 -0.9712
vn 0.4541 0.1018 -0.8851
vn -0.5673 0.0899 -0.8186
vn -0.0243 -0.2726 -0.9618
vn -0.0163 0.0004 -0.9999
vn 0.5467 -0.4523 -0.7047
vn -0.0119 0.2358 -0.9717
vn 0.0559 0.4482 -0.8922
vn -0.0119 0.2358 -0.9717
vn 0.5467 -0.4523 -0.7047
vn 0.1566 -0.1793 -0.9712
vn 0.4541 0.1018 -0.8851
vn -0.0000 0.0000 -1.0000
vn 0.6506 0.2288 -0.7241
vn 0.2979 0.2837 -0.9115
vn -0.5673 0.0899 -0.8186
vn 0.5206 0.0918 -0.8488
vn -0.0597 -0.0410 -0.9974
vn -0.4184 -0.6356 -0.6488
vn 0.4541 0.1018 -0.8851
vn -0.0243 -0.2726 -0.9618
vn -0.7552 0.2834 -0.5910
vn 0.2857 -0.1508 -0.9464
vn -0.0243 -0.2726 -0.9618
vn -0.5341 -0.1727 -0.8276
vn 0.5206 0.0918 -0.8488
vn -0.1291 0.0047 -0.9916
vn -0.1291 0.0047 -0.9916
vn 0.7471 -0.4062 -0.5262
vn 0.2584 -0.9432 -0.2087
vn 0.2584 -0.9432 -0.2087
vn 0.7471 -0.4062 -0.5262
vn 0.2927 -0.9469 -0.1331
vn 0.2927 -0.9469 -0.1331
vn -0.0447 0.0805 -0.9958
vn -0.1085 0.9816 -0.1569
vn 0.0329 0.7962 -0.6042
vn 0.0168 0.8830 -0.4691
vn -0.1085 0.9816 -0.1569
vn -0.0391 0.9988 -0.0285
vn 0.3084 0.8200 -0.4822
vn 0.0601 0.9152 -0.3985
vn -0.1085 0.9816 -0.1569
vn 0.0168 0.8830 -0.4691
vn 0.3084 0.8200 -0.4822
vn -0.1085 0.9816 -0.1569
vn -0.0391 0.9988 -0.0285
vn -0.0023 0.9924 -0.1231
vn -0.0003 0.9447 -0.3280
vn -0.0003 0.9447 -0.3280
vn 0.0168 0.8830 -0.4691
vn -0.0391 0.9988 -0.0285
vn 0.0000 0.0000 -1.0000
vn -0.0048 0.0355 -0.9994
vn 0.0150 -0.0067 -0.9999
vn -0.0000 -0.0922 -0.9957
vn -0.0000 -0.0922 -0.9957
vn -0.0000 -0.0001 -1.0000
vn -0.0000 -0.0001 -1.0000
vn 0.0000 0.0000 -1.0000
vn -0.0000 -0.0952 -0.9955
vn 0.0000 0.0000 -1.0000
vn -0.0089 -0.0239 -0.9997
vn -0.0089 -0.0239 -0.9997
vn 0.3261 -0.9246 -0.1967
vn 0.2704 -0.9392 0.2116
vn -0.0022 -0.9797 -0.2003
vn 0.0566 -0.9856 -0.1594
vn -0.0002 -0.1597 -0.9872
vn -0.0123 -0.1389 -0.9902
vn 0.0277 -0.9989 0.0382
vn 0.0566 -0.9856 -0.1594
vn 0.1568 -0.9860 0.0563
vn -0.1340 -0.9848 0.1100
vn -0.0022 -0.9797 -0.2003
vn 0.1568 -0.9860 0.0563
vn -0.0123 -0.1389 -0.9902
vn 0.1568 -0.9860 0.0563
vn 0.0566 -0.9856 -0.1594
vn -0.3175 0.8792 -0.3552
vn -0.4827 0.3239 -0.8137
vn -0.3175 0.8792 -0.3552
vn -0.4827 0.3239 -0.8137
vn -0.9670 0.1081 -0.2309
vn -0.9670 0.1081 -0.2309
vn -0.4454 0.8905 0.0930
vn -0.4454 0.8905 0.0930
vn -0.4454 0.8905 0.0930
vn -0.3162 0.9485 0.0164
vn -0.3162 0.9485 0.0164
vn -0.3162 0.9485 0.0164
vn -0.2161 0.9746 -0.0592
vn -0.2161 0.9746 -0.0592
vn -0.2161 0.9746 -0.0592
vn -0.0858 0.9820 -0.1681
vn -0.0858 0.9820 -0.1681
vn -0.0858 0.9820 -0.1681
vn -0.1949 0.8948 0.4018
vn -0.1949 0.8948 0.4018
vn -0.1949 0.8948 0.4018
vn 0.3261 -0.9246 -0.1967
vn -0.0022 -0.9797 -0.2003
vn 0.0953 -0.8590 -0.5030
vn -0.4827 0.3239 -0.8137
vn -0.0266 0.0317 -0.9991
vn -0.1835 -0.1943 -0.9636
vn -0.1835 -0.1943 -0.9636
vn 0.0376 0.4787 -0.8772
vn -0.4827 0.3239 -0.8137
vn 0.0376 0.4787 -0.8772
vn -0.1191 0.7784 -0.6164
vn -0.4827 0.3239 -0.8137
vn -0.0266 0.0317 -0.9991
vn -0.1309 0.0856 -0.9877
vn -0.0009 0.0071 -1.0000
vn -0.1835 -0.1943 -0.9636
vn -0.0266 0.0317 -0.9991
vn -0.0009 0.0071 -1.0000
vn 0.0376 0.4787 -0.8772
vn -0.1198 0.1499 -0.9814
vn 0.1346 -0.2809 -0.9502
vn 0.1469 -0.1321 -0.9803
vn -0.1198 0.1499 -0.9814
vn 0.5436 0.4085 -0.7332
vn 0.5436 0.4085 -0.7332
vn -0.1574 0.2209 -0.9625
vn 0.1098 -0.2064 -0.9723
vn -0.2133 -0.3276 -0.9204
vn -0.2133 -0.3276 -0.9204
vn -0.1574 0.2209 -0.9625
vn -0.1198 0.1499 -0.9814
vn -0.0000 0.0000 -1.0000
vn 0.5436 0.4085 -0.7332
vn 0.0000 0.0000 -1.0000
vn -0.1198 0.1499 -0.9814
vn 0.0000 0.0000 -1.0000
vn 0.0000 0.0000 -1.0000
vn -0.0009 0.0071 -1.0000
vn 0.0000 0.0000 -1.0000
vn -0.0009 0.0071 -1.0000
vn 0.0000 -0.0000 -1.0000
vn -0.1835 -0.1943 -0.9636
vn 0.4799 0.7372 -0.4755
vn 0.6544 0.0779 -0.7521
vn 0.4799 0.7372 -0.4755
vn -0.0266 0.0317 -0.9991
vn 0.3535 0.3179 -0.8798
vn -0.1552 -0.1372 -0.9783
vn -0.0266 0.0317 -0.9991
vn -0.1552 -0.1372 -0.9783
vn -0.0670 0.1688 -0.9834
vn -0.1574 0.2209 -0.9625
vn -0.1552 -0.1372 -0.9783
vn 0.3535 0.3179 -0.8798
vn 0.6205 -0.2362 -0.7478
vn 0.3535 0.3179 -0.8798
vn 0.6205 -0.2362 -0.7478
vn -0.5291 0.1358 -0.8376
vn -0.9649 0.1364 -0.2246
vn -0.9649 0.1364 -0.2246
vn -0.5291 0.1358 -0.8376
vn -0.7910 0.4083 -0.4556
vn -0.7910 0.4083 -0.4556
vn 0.9987 -0.0315 0.0408
vn 0.9022 -0.0764 -0.4245
vn 0.9218 -0.3431 -0.1805
vn 0.1425 0.4866 -0.8619
vn 0.1425 0.4866 -0.8619
vn 0.0037 -0.1205 -0.9927
vn -0.0002 -0.1597 -0.9872
vn 0.0037 -0.1205 -0.9927
vn -0.0123 -0.1389 -0.9902
vn -0.0682 -0.5849 -0.8083
vn 0.0037 -0.1205 -0.9927
vn -0.0002 -0.1597 -0.9872
vn -0.0002 0.0092 -1.0000
vn -0.0682 -0.5849 -0.8083
vn -0.0002 -0.1597 -0.9872
vn -0.0002 -0.1597 -0.9872
vn 0.0566 -0.9856 -0.1594
vn 0.0003 -0.9933 -0.1154
vn 0.0071 -0.9031 -0.4293
vn 0.0071 -0.9031 -0.4293
vn 0.0071 -0.9031 -0.4293
vn 0.4208 0.0000 0.9072
vn -0.0017 0.0065 1.0000
vn 0.4208 0.0000 0.9072
vn -0.9999 -0.0154 0.0038
vn -0.9999 -0.0154 0.0038
vn -0.9999 -0.0154 0.0038
vn 0.9743 -0.2042 0.0947
vn 0.9743 -0.2042 0.0947
vn 0.9743 -0.2042 0.0947
vn 0.6747 -0.7365 0.0489
vn 0.6747 -0.7365 0.0489
vn 0.6747 -0.7365 0.0489
vn 0.5785 -0.7986 0.1662
vn 0.5785 -0.7986 0.1662
vn 0.5785 -0.7986 0.1662
vn 0.5876 -0.7643 0.2658
vn 0.5876 -0.7643 0.2658
vn 0.5876 -0.7643 0.2658
vn 0.5363 -0.8435 0.0300
vn 0.5363 -0.8435 0.0300
vn 0.5363 -0.8435 0.0300
vn 0.9920 -0.1262 0.0000
vn 0.9920 -0.1262 0.0000
vn 0.9920 -0.1262 0.0000
vn -0.1571 -0.9397 0.3038
vn -0.1571 -0.9397 0.3038
vn -0.1571 -0.9397 0.3038
vn -0.9932 -0.1168 -0.0000
vn -0.9932 -0.1168 -0.0000
vn -0.9932 -0.1168 -0.0000
vn -0.0000 -1.0000 0.0000
vn -0.0000 -1.0000 0.0000
vn -0.0000 -1.0000 0.0000
vn 0.0000 -1.0000 -0.0000
vn 0.0000 -1.0000 -0.0000
vn 0.0000 -1.0000 -0.0000
vn 0.0000 -1.0000 0.0000
vn 0.0000 -1.0000 0.0000
vn 0.0000 -1.0000 0.0000
vn -0.5341 -0.1727 -0.8276
vn 0.0000 -0.5841 -0.8117
vn 0.0000 -0.5841 -0.8117
vn 0.0000 0.0109 -0.9999
vn 0.0000 0.0109 -0.9999
vn 0.0126 0.0350 -0.9993
vn 0.0126 0.0350 -0.9993
vn -0.2386 0.0611 -0.9692
vn -0.0025 0.0084 -1.0000
vn -0.7166 -0.0150 -0.6973
vn 0.0000 -0.0000 -1.0000
vn -0.2386 0.0611 -0.9692
vn -0.2386 0.0611 -0.9692
vn -0.3299 -0.0276 -0.9436
vn -0.7166 -0.0150 -0.6973
vn -0.7166 -0.0150 -0.6973
vn -0.3299 -0.0276 -0.9436
vn -0.5341 -0.1727 -0.8276
vn -0.7681 0.0164 -0.6401
vn -0.7678 -0.0328 -0.6398
vn -0.9726 -0.0062 -0.2324
vn -0.9726 -0.0062 -0.2324
vn -0.7166 -0.0150 -0.6973
vn -0.7681 0.0164 -0.6401
vn -0.0000 1.0000 0.0000
vn -0.0000 1.0000 0.0000
vn -0.0000 1.0000 0.0000
vn 0.0000 1.0000 0.0000
vn 0.0000 1.0000 0.0000
vn 0.0000 1.0000 0.0000
vn 0.0000 1.0000 0.0000
vn 0.0000 1.0000 0.0000
vn 0.0000 1.0000 0.0000
vn -0.9971 0.0762 0.0000
vn -0.9971 0.0762 0.0000
vn -0.9971 0.0762 0.0000
vn -0.5761 0.6528 0.4918
vn -0.5761 0.6528 0.4918
vn -0.5761 0.6528 0.4918
vn -0.5840 0.6563 0.4777
vn -0.5840 0.6563 0.4777
vn -0.5840 0.6563 0.4777
vn -0.5448 0.8246 0.1522
vn -0.5448 0.8246 0.1522
vn -0.5448 0.8246 0.1522
vn -0.8417 0.0699 -0.5355
vn -0.8417 0.0699 -0.5355
vn -0.8417 0.0699 -0.5355
vn -0.0409 0.9952 -0.0889
vn -0.0409 0.9952 -0.0889
vn -0.0409 0.9952 -0.0889
vn -0.1241 0.9915 0.0387
vn -0.1241 0.9915 0.0387
vn -0.1241 0.9915 0.0387
vn -0.0725 0.8719 0.4844
vn -0.0725 0.8719 0.4844
vn -0.0725 0.8719 0.4844
vn 0.0000 0.9838 -0.1793
vn 0.0000 0.9838 -0.1793
vn 0.0000 0.9838 -0.1793
vn -0.6150 -0.7659 -0.1878
vn -0.6150 -0.7659 -0.1878
vn -0.6150 -0.7659 -0.1878
vn -1.0000 0.0000 0.0000
vn -1.0000 0.0000 0.0000
vn -1.0000 0.0000 0.0000
vn -0.0141 0.9245 -0.3809
vn 0.0168 0.8830 -0.4691
vn -0.0003 0.9447 -0.3280
vn -0.0654 0.9936 -0.0922
vn 0.0193 0.9994 -0.0271
vn 0.1399 0.9379 -0.3174
vn 0.0193 0.9994 -0.0271
vn -0.2697 0.5126 -0.8152
vn -0.0003 0.9447 -0.3280
vn -0.0003 0.9447 -0.3280
vn -0.0023 0.9924 -0.1231
vn 0.0193 0.9994 -0.0271
vn 0.9959 -0.0763 0.0478
vn 0.9959 -0.0763 0.0478
vn 0.9959 -0.0763 0.0478
vn -0.0153 0.0179 0.9997
vn -0.1687 -0.1565 0.9732
vn -0.2863 -0.2680 0.9199
vn -0.0365 0.0685 0.9970
vn 0.0012 0.0882 0.9961
vn 0.0012 0.0882 0.9961
vn -0.6257 -0.5800 0.5216
vn -0.2863 -0.2680 0.9199
vn -0.1687 -0.1565 0.9732
vn 0.0215 0.0146 0.9997
vn -0.0091 -0.0061 0.9999
vn 0.0193 0.0482 0.9987
vn -0.0210 -0.0523 0.9984
vn -0.0427 0.0148 0.9990
vn -0.0017 0.0065 1.0000
vn 0.7175 0.6520 0.2451
vn 0.7175 0.6520 0.2451
vn 0.7175 0.6520 0.2451
vn 0.0104 0.0068 0.9999
vn -0.1687 -0.1565 0.9732
vn -0.0520 -0.0074 0.9986
vn -0.1777 0.0291 0.9836
vn 0.1190 0.1098 0.9868
vn -0.0037 -0.0021 1.0000
vn -0.2863 -0.2680 0.9199
vn -0.0037 -0.0021 1.0000
vn 0.1190 0.1098 0.9868
vn 0.1190 0.1098 0.9868
vn -0.0153 0.0179 0.9997
vn -0.2863 -0.2680 0.9199
vn -0.3314 -0.1692 0.9282
vn 0.1726 0.2642 0.9489
vn -0.0065 0.0066 1.0000
vn -0.0365 0.0685 0.9970
vn -0.0017 0.0065 1.0000
vn -0.0427 0.0148 0.9990
vn 0.0000 -0.0000 1.0000
vn -0.0017 0.0065 1.0000
vn -0.0365 0.0685 0.9970
vn 0.2155 0.1421 0.9661
vn 0.4110 0.2738 0.8695
vn 0.0055 -0.0104 0.9999
vn 0.2155 0.1421 0.9661
vn 0.0055 -0.0104 0.9999
vn -0.3680 -0.2427 0.8976
vn -0.3680 -0.2427 0.8976
vn -0.0065 0.0066 1.0000
vn 0.2155 0.1421 0.9661
vn -0.3680 -0.2427 0.8976
vn -0.3314 -0.1692 0.9282
vn -0.6840 -0.4555 0.5698
vn -0.0210 -0.0523 0.9984
vn -0.0017 0.0065 1.0000
vn 0.0010 -0.0031 1.0000
vn 0.0199 -0.0263 0.9995
vn 0.0010 -0.0031 1.0000
vn -0.0017 0.0065 1.0000
vn -0.0017 0.0065 1.0000
vn 0.1501 -0.2860 0.9464
vn 0.0199 -0.0263 0.9995
vn 0.0104 0.0068 0.9999
vn -0.0520 -0.0074 0.9986
vn 0.0004 0.0665 0.9978
vn 0.1726 0.2642 0.9489
vn 0.0090 0.0150 0.9998
vn -0.0065 0.0066 1.0000
vn -0.0037 -0.0021 1.0000
vn -0.0065 0.0066 1.0000
vn 0.0090 0.0150 0.9998
vn 0.0090 0.0150 0.9998
vn -0.1777 0.0291 0.9836
vn -0.0037 -0.0021 1.0000
vn -0.0091 -0.0061 0.9999
vn 0.0215 0.0146 0.9997
vn -0.0000 0.0094 1.0000
vn -0.0000 0.0094 1.0000
vn 0.0055 -0.0104 0.9999
vn -0.0091 -0.0061 0.9999
vn -0.2123 -0.1825 0.9600
vn -0.0091 -0.0061 0.9999
vn 0.0055 -0.0104 0.9999
vn 0.0055 -0.0104 0.9999
vn 0.0360 0.0188 0.9992
vn -0.2123 -0.1825 0.9600
vn -0.0091 -0.0061 0.9999
vn 0.0000 0.0000 1.0000
vn -0.1051 0.0676 0.9922
vn -0.1051 0.0676 0.9922
vn -0.0196 0.0160 0.9997
vn -0.0091 -0.0061 0.9999
vn 0.0193 0.0482 0.9987
vn -0.0091 -0.0061 0.9999
vn -0.0196 0.0160 0.9997
vn 0.0193 0.0482 0.9987
vn -0.0196 0.0160 0.9997
vn 0.0317 0.1134 0.9930
vn -0.0054 -0.0288 0.9996
vn 0.0193 0.0482 0.9987
vn -0.0054 -0.0288 0.9996
vn 0.0328 0.0530 0.9981
vn 0.0215 0.0146 0.9997
vn 0.0193 0.0482 0.9987
vn 0.0127 -0.9602 0.2791
vn 0.0127 -0.9602 0.2791
vn 0.0470 -0.8435 0.5351
vn 0.0000 0.0000 1.0000
vn -0.1800 -0.1829 0.9665
vn 0.0215 0.0146 0.9997
vn 0.0199 -0.0263 0.9995
vn 0.0104 0.0068 0.9999
vn 0.0010 -0.0031 1.0000
vn 0.0052 0.0561 0.9984
vn 0.0010 -0.0031 1.0000
vn 0.0104 0.0068 0.9999
vn 0.0104 0.0068 0.9999
vn 0.0004 0.0665 0.9978
vn 0.0052 0.0561 0.9984
vn 0.0010 -0.0031 1.0000
vn 0.0328 0.1137 0.9930
vn 0.0045 -0.0656 0.9978
vn 0.0045 -0.0656 0.9978
vn 0.0173 -0.0131 0.9998
vn 0.0010 -0.0031 1.0000
vn -0.0210 -0.0523 0.9984
vn 0.0010 -0.0031 1.0000
vn 0.0173 -0.0131 0.9998
vn -0.0210 -0.0523 0.9984
vn 0.0173 -0.0131 0.9998
vn -0.2203 -0.3253 0.9196
vn -0.1576 -0.0316 0.9870
vn -0.1576 -0.0316 0.9870
vn 0.0193 0.0482 0.9987
vn 0.0193 0.0482 0.9987
vn -0.0149 0.0184 0.9997
vn -0.0149 0.0184 0.9997
vn 0.9991 0.0430 0.0000
vn 0.9991 0.0430 0.0000
vn 0.9991 0.0430 0.0000
vn -0.2227 -0.0602 -0.9730
vn -0.7331 -0.0516 -0.6782
vn -0.2697 0.5126 -0.8152
vn -0.0079 -0.0014 -1.0000
vn -0.0000 -0.0001 -1.0000
vn 0.0056 -0.0960 -0.9954
vn -0.2227 -0.0602 -0.9730
vn -0.0079 -0.0014 -1.0000
vn -0.0558 -0.1644 -0.9848
vn -0.0167 -0.0491 -0.9987
vn -0.0167 -0.0491 -0.9987
vn -0.2227 -0.0602 -0.9730
vn -0.1422 -0.1334 -0.9808
vn -0.3750 -0.7167 -0.5880
vn -0.0698 -0.8147 -0.5756
vn -0.3750 -0.7167 -0.5880
vn -0.1574 -0.9773 0.1419
vn -0.1574 -0.9773 0.1419
vn -0.3750 -0.7167 -0.5880
vn -0.2137 -0.4871 -0.8468
vn -0.0467 0.0553 -0.9974
vn -0.7823 -0.5415 0.3080
vn -0.7823 -0.5415 0.3080
vn -0.7823 -0.5415 0.3080
vn -0.0266 0.0317 -0.9991
vn -0.0340 -0.1389 -0.9897
vn -0.0440 -0.0241 -0.9987
vn -0.0440 -0.0241 -0.9987
vn 0.0326 0.0168 -0.9993
vn 0.6273 0.4183 -0.6569
vn -0.0440 -0.0241 -0.9987
vn 0.0171 0.0026 -0.9999
vn -0.0048 0.0355 -0.9994
vn -0.0048 0.0355 -0.9994
vn 0.0171 0.0026 -0.9999
vn 0.0766 -0.0211 -0.9968
vn -0.0048 0.0355 -0.9994
vn 0.0000 0.0000 -1.0000
vn 0.0148 0.0091 -0.9998
vn 0.7427 0.4586 -0.4880
vn 0.8088 0.4916 -0.3227
vn 0.8088 0.4916 -0.3227
vn -0.0440 -0.0241 -0.9987
vn -0.0048 0.0355 -0.9994
vn -0.0266 0.0317 -0.9991
vn -0.0340 -0.1389 -0.9897
vn -0.0123 -0.1389 -0.9902
vn -0.0143 0.0227 -0.9996
vn 0.1272 0.0448 -0.9909
vn 0.2688 -0.2145 -0.9390
vn 0.0544 -0.0686 -0.9962
vn 0.0544 -0.0686 -0.9962
vn 0.0171 0.0026 -0.9999
vn 0.1272 0.0448 -0.9909
vn 0.0544 -0.0686 -0.9962
vn 0.0766 -0.0211 -0.9968
vn 0.0171 0.0026 -0.9999
vn -0.0452 0.0895 -0.9950
vn -0.0200 0.0156 -0.9997
vn 0.0440 -0.0095 -0.9990
vn -0.1422 -0.1334 -0.9808
vn 0.0440 -0.0095 -0.9990
vn -0.0200 0.0156 -0.9997
vn 0.0120 -0.0084 -0.9999
vn -0.0048 0.0355 -0.9994
vn 0.0766 -0.0211 -0.9968
vn -0.0079 -0.0014 -1.0000
vn -0.2227 -0.0602 -0.9730
vn -0.0200 0.0156 -0.9997
vn -0.0200 0.0156 -0.9997
vn -0.0107 0.0387 -0.9992
vn -0.0079 -0.0014 -1.0000
vn -0.0107 0.0387 -0.9992
vn -0.0000 -0.0001 -1.0000
vn -0.0079 -0.0014 -1.0000
vn -0.0000 -0.0001 -1.0000
vn -0.0107 0.0387 -0.9992
vn -0.0006 0.0015 -1.0000
vn 0.0000 0.0000 -1.0000
vn -0.0000 -0.0001 -1.0000
vn -0.0006 0.0015 -1.0000
vn -0.0006 0.0015 -1.0000
vn -0.0000 0.0001 -1.0000
vn 0.0000 0.0000 -1.0000
vn -0.0143 0.0227 -0.9996
vn 0.0037 -0.1205 -0.9927
vn -0.0340 -0.1389 -0.9897
vn -0.0340 -0.1389 -0.9897
vn 0.0037 -0.1205 -0.9927
vn 0.0326 0.0168 -0.9993
vn 0.1272 0.0448 -0.9909
vn 0.0290 -0.0659 -0.9974
vn 0.2688 -0.2145 -0.9390
vn 0.0290 -0.0659 -0.9974
vn 0.1272 0.0448 -0.9909
vn 0.0456 0.1192 -0.9918
vn -0.0243 -0.2726 -0.9618
vn 0.0164 -0.0699 -0.9974
vn -0.5341 -0.1727 -0.8276
vn 0.0326 0.0168 -0.9993
vn -0.0440 -0.0241 -0.9987
vn -0.0340 -0.1389 -0.9897
vn 0.6521 0.0017 -0.7581
vn 0.0440 -0.0095 -0.9990
vn -0.0005 0.0044 -1.0000
vn 0.0164 -0.0699 -0.9974
vn 0.0290 -0.0659 -0.9974
vn 0.0456 0.1192 -0.9918
vn 0.0164 -0.0699 -0.9974
vn 0.0456 0.1192 -0.9918
vn 0.0126 0.0350 -0.9993
vn -0.0200 0.0156 -0.9997
vn -0.2227 -0.0602 -0.9730
vn -0.1422 -0.1334 -0.9808
vn 0.0126 0.0350 -0.9993
vn -0.0187 0.0001 -0.9998
vn 0.0225 -0.0380 -0.9990
vn 0.0126 0.0350 -0.9993
vn 0.0225 -0.0380 -0.9990
vn 0.0164 -0.0699 -0.9974
vn 0.0164 -0.0699 -0.9974
vn 0.0225 -0.0380 -0.9990
vn 0.4155 -0.5361 -0.7348
vn -0.2227 -0.0602 -0.9730
vn -0.6403 -0.3822 -0.6663
vn -0.1422 -0.1334 -0.9808
vn -0.5509 0.0040 -0.8346
vn -0.0440 -0.0241 -0.9987
vn -0.5509 0.0040 -0.8346
vn 0.6521 0.0017 -0.7581
vn 0.0029 0.0010 -1.0000
vn 0.0440 -0.0095 -0.9990
vn -0.0452 0.0895 -0.9950
vn 0.0440 -0.0095 -0.9990
vn 0.0029 0.0010 -1.0000
vn 0.0029 0.0010 -1.0000
vn -0.5291 0.1358 -0.8376
vn -0.0452 0.0895 -0.9950
vn -0.0014 0.0001 -1.0000
vn -0.0014 0.0001 -1.0000
vn 0.0766 -0.0211 -0.9968
vn -0.0123 -0.1389 -0.9902
vn -0.0340 -0.1389 -0.9897
vn -0.4827 0.3239 -0.8137
vn -0.5509 0.0007 -0.8346
vn 0.0456 0.1192 -0.9918
vn -0.0359 -0.4853 -0.8736
vn 0.0456 0.1192 -0.9918
vn 0.2987 0.5882 -0.7515
vn 0.0126 0.0350 -0.9993
vn -0.3008 -0.1990 -0.9327
vn -0.1422 -0.1334 -0.9808
vn -0.2697 0.5126 -0.8152
vn 0.0029 0.0010 -1.0000
vn 0.6521 0.0017 -0.7581
vn -0.0970 -0.0000 -0.9953
vn 0.0029 0.0010 -1.0000
vn -0.0969 0.0000 -0.9953
vn -0.0969 0.0000 -0.9953
vn 0.9218 -0.3431 -0.1805
vn 0.6330 0.0010 -0.7742
vn 0.0029 0.0010 -1.0000
vn -0.1422 -0.1334 -0.9808
vn -0.3008 -0.1990 -0.9327
vn -0.2504 0.0122 -0.9681
vn -0.3567 0.2272 -0.9062
vn -0.2137 -0.4871 -0.8468
vn -0.1422 -0.1334 -0.9808
vn 0.0000 0.0000 -1.0000
vn -0.3567 0.2272 -0.9062
vn -0.1490 0.1110 -0.9826
vn -0.2504 0.0122 -0.9681
vn -0.3567 0.2272 -0.9062
vn -0.1422 -0.1334 -0.9808
vn -0.3567 0.2272 -0.9062
vn 0.0000 0.0000 -1.0000
vn 0.0000 0.0000 -1.0000
vn 0.5370 0.1734 -0.8255
vn -0.0467 0.0553 -0.9974
vn -0.2137 -0.4871 -0.8468
vn -0.1490 0.1110 -0.9826
vn -0.1221 -0.1758 -0.9768
vn 0.1041 0.0497 -0.9933
vn -0.1004 0.7724 -0.6272
vn -0.2697 0.5126 -0.8152
vn 0.1399 0.9379 -0.3174
vn -0.1490 0.1110 -0.9826
vn 0.0009 0.0021 -1.0000
vn 0.0009 0.0021 -1.0000
vn 0.0008 0.0009 -1.0000
vn 0.0008 0.0009 -1.0000
vn 0.0008 0.0009 -1.0000
vn -0.1221 -0.1758 -0.9768
vn -0.1777 0.4137 -0.8929
vn -0.2697 0.5126 -0.8152
vn -0.0000 0.0000 -1.0000
vn 0.5370 0.1734 -0.8255
vn -0.3567 0.2272 -0.9062
vn 0.0395 0.1713 -0.9844
vn 0.7498 0.2223 -0.6232
vn -0.1490 0.1110 -0.9826
vn -0.2137 -0.4871 -0.8468
vn -0.3567 0.2272 -0.9062
vn 0.5370 0.1734 -0.8255
vn 0.2309 -0.4888 -0.8413
vn -0.2504 0.0122 -0.9681
vn -0.3008 -0.1990 -0.9327
vn -0.2872 -0.6592 -0.6950
vn 0.2309 -0.4888 -0.8413
vn -0.3008 -0.1990 -0.9327
vn 0.0205 -0.0096 -0.9997
vn 0.6980 -0.2733 -0.6619
vn -0.0467 0.0553 -0.9974
vn -0.0033 0.0083 -1.0000
vn -0.0033 0.0083 -1.0000
vn -0.0467 0.0553 -0.9974
vn -0.9639 -0.2274 -0.1383
vn -0.9639 -0.2274 -0.1383
vn -0.9639 -0.2274 -0.1383
vn -0.0000 -1.0000 0.0000
vn -0.0000 -1.0000 0.0000
vn -0.0000 -1.0000 0.0000
vn 0.0000 -1.0000 -0.0000
vn 0.0000 -1.0000 -0.0000
vn 0.0000 -1.0000 -0.0000
vn 0.6729 -0.5762 0.4639
vn 0.9987 -0.0315 0.0408
vn 0.9218 -0.3431 -0.1805
vn -0.8780 0.4616 0.1264
vn -0.8780 0.4616 0.1264
vn -0.8780 0.4616 0.1264
vn 0.0000 1.0000 0.0000
vn 0.0000 1.0000 0.0000
vn 0.0000 1.0000 0.0000
vn 0.6521 0.0017 -0.7581
vn 0.9872 0.0461 -0.1528
vn 0.9417 -0.0095 -0.3362
vn 0.9417 -0.0095 -0.3362
vn 0.7711 -0.0185 -0.6364
vn 0.6521 0.0017 -0.7581
vn 0.9417 -0.0095 -0.3362
vn 0.9987 -0.0315 0.0408
vn 0.7711 -0.0185 -0.6364
vn 0.9942 -0.1072 0.0022
vn 0.9917 0.0315 -0.1247
vn 0.9987 -0.0315 0.0408
vn 0.9417 -0.0095 -0.3362
vn 0.9944 -0.0270 -0.1022
vn 0.9987 -0.0315 0.0408
vn 0.9713 -0.0021 0.2379
vn 0.9978 -0.0003 0.0659
vn 0.9942 -0.0301 0.1031
vn 0.9186 0.0009 0.3951
vn 0.9942 -0.0301 0.1031
vn 0.8347 -0.0013 0.5507
vn 0.7525 0.0074 0.6586
vn 0.8347 -0.0013 0.5507
vn 0.9942 -0.0301 0.1031
vn 0.7525 0.0074 0.6586
vn 0.9942 -0.0301 0.1031
vn 0.5184 -0.1550 0.8410
vn 0.5184 -0.1550 0.8410
vn 0.6623 0.0013 0.7493
vn 0.7525 0.0074 0.6586
vn 0.5458 0.0002 0.8379
vn 0.6623 0.0013 0.7493
vn 0.5184 -0.1550 0.8410
vn 0.5184 -0.1550 0.8410
vn 0.2059 0.0012 0.9786
vn 0.3187 0.0003 0.9479
vn 0.5184 -0.1550 0.8410
vn 0.3054 -0.0041 0.9522
vn 0.2059 0.0012 0.9786
vn 0.1158 -0.2917 0.9495
vn 0.1158 -0.2917 0.9495
vn 0.5184 -0.1550 0.8410
vn 0.3054 -0.0041 0.9522
vn 0.5184 -0.1550 0.8410
vn 0.2981 -0.0965 0.9496
vn 0.9987 -0.0315 0.0408
vn 0.5184 -0.1550 0.8410
vn 0.9942 -0.0301 0.1031
vn 0.9713 -0.0021 0.2379
vn 0.9942 -0.0301 0.1031
vn 0.9186 0.0009 0.3951
vn 0.1796 0.7777 0.6024
vn 0.3699 0.0770 0.9259
vn 0.2236 0.1017 0.9694
vn 0.2236 0.1017 0.9694
vn -0.1131 0.7694 0.6286
vn -0.1131 0.7694 0.6286
vn 0.1615 -0.2410 0.9570
vn 0.2236 0.1017 0.9694
vn 0.1287 -0.0003 0.9917
vn 0.4922 0.0731 0.8674
vn 0.3699 0.0770 0.9259
vn 0.2767 0.7615 0.5861
vn 0.3745 0.7331 0.5678
vn 0.7294 0.0865 0.6786
vn 0.4922 0.0731 0.8674
vn 0.7294 0.0865 0.6786
vn 0.9872 0.0461 -0.1528
vn 0.9927 0.0393 0.1144
vn 0.9927 0.0393 0.1144
vn 0.7547 0.0022 0.6561
vn 0.7294 0.0865 0.6786
vn 0.7035 0.0046 0.7106
vn 0.7547 0.0022 0.6561
vn 0.9927 0.0393 0.1144
vn 0.9927 0.0393 0.1144
vn 0.9863 0.0014 0.1651
vn 0.9885 0.0023 0.1513
vn 0.9927 0.0393 0.1144
vn 0.9979 0.0002 0.0644
vn 0.9863 0.0014 0.1651
vn 0.9995 0.0147 0.0287
vn 0.6980 -0.2733 -0.6619
vn 0.9059 0.1381 0.4003
vn 0.7498 0.2223 -0.6232
vn 0.9059 0.1381 0.4003
vn 0.6980 -0.2733 -0.6619
vn 0.6521 0.0017 -0.7581
vn 0.9059 0.1381 0.4003
vn 0.9872 0.0461 -0.1528
vn 0.9927 0.0393 0.1144
vn 0.9872 0.0461 -0.1528
vn 0.9059 0.1381 0.4003
vn 0.9944 -0.0270 -0.1022
vn 0.9872 0.0461 -0.1528
vn 0.9947 0.0169 -0.1016
vn 0.9872 0.0461 -0.1528
vn 0.9944 -0.0270 -0.1022
vn 0.9417 -0.0095 -0.3362
vn -0.0483 -0.0157 -0.9987
vn -0.0238 0.0205 -0.9995
vn -0.3860 -0.1083 -0.9161
vn -0.3860 -0.1083 -0.9161
vn -0.1954 -0.1281 -0.9723
vn -0.0483 -0.0157 -0.9987
vn 0.0200 0.0036 -0.9998
vn 0.0256 -0.0222 -0.9994
vn 0.2365 0.0021 -0.9716
vn 0.0200 0.0036 -0.9998
vn 0.2365 0.0021 -0.9716
vn -0.0160 0.0731 -0.9972
vn -0.0141 0.1023 -0.9947
vn -0.0003 0.9447 -0.3280
vn 0.0200 0.0036 -0.9998
vn -0.0160 0.0731 -0.9972
vn -0.0327 -0.0134 -0.9994
vn -0.0327 -0.0134 -0.9994
vn 0.8917 0.0267 -0.4518
vn 0.6521 0.0017 -0.7581
vn 0.7711 -0.0185 -0.6364
vn 0.0000 0.0000 -1.0000
vn -0.0160 -0.0011 -0.9999
vn 0.0434 0.0175 -0.9989
vn -0.0043 0.8448 -0.5351
vn -0.0238 0.0205 -0.9995
vn -0.0839 0.6022 -0.7939
vn -0.2822 0.5475 -0.7878
vn -0.2822 0.5475 -0.7878
vn -0.0238 0.0205 -0.9995
vn 0.0000 0.6485 -0.7612
vn -0.0160 0.0731 -0.9972
vn -0.0043 0.8448 -0.5351
vn -0.0121 0.2826 -0.9592
vn -0.0121 0.2826 -0.9592
vn -0.0160 0.0731 -0.9972
vn -0.0227 0.0659 -0.9976
vn -0.0227 0.0659 -0.9976
vn -0.0160 0.0731 -0.9972
vn 0.0200 0.0036 -0.9998
vn -0.0160 0.0731 -0.9972
vn -0.0141 0.1023 -0.9947
vn -0.1220 -0.1519 -0.9808
vn -0.0141 0.1023 -0.9947
vn -0.0160 0.0731 -0.9972
vn -0.0160 0.0731 -0.9972
vn -0.0155 0.0233 -0.9996
vn -0.0155 0.0233 -0.9996
vn -0.0483 -0.0157 -0.9987
vn 0.0000 0.0000 -1.0000
vn 0.0000 0.0000 -1.0000
vn 0.0000 0.0000 -1.0000
vn -0.1001 0.0300 -0.9945
vn -0.0483 -0.0157 -0.9987
vn -0.0238 0.0205 -0.9995
vn -0.0483 -0.0157 -0.9987
vn -0.1001 0.0300 -0.9945
vn -0.0238 0.0205 -0.9995
vn -0.1001 0.0300 -0.9945
vn -0.2695 0.1492 -0.9514
vn -0.0458 0.0000 -0.9989
vn 0.0434 0.0175 -0.9989
vn -0.0160 -0.0011 -0.9999
vn 0.0275 0.1132 -0.9932
vn 0.0434 0.0175 -0.9989
vn 0.0275 0.1132 -0.9932
vn -0.0188 -0.0777 -0.9968
vn -0.0123 -0.1389 -0.9902
vn 0.0256 -0.0222 -0.9994
vn 0.0901 -0.0061 -0.9959
vn 0.0206 -0.0278 -0.9994
vn 0.0256 -0.0222 -0.9994
vn -0.0741 -0.5248 -0.8480
vn -0.0741 -0.5248 -0.8480
vn -0.3860 -0.1083 -0.9161
vn 0.0054 0.0288 -0.9996
vn 0.0054 0.0288 -0.9996
vn 0.0054 0.0288 -0.9996
vn -0.0365 -0.0154 -0.9992
vn 0.0702 0.0189 -0.9974
vn 0.0200 0.0036 -0.9998
vn 0.0256 -0.0222 -0.9994
vn 0.0200 0.0036 -0.9998
vn 0.0702 0.0189 -0.9974
vn 0.0702 0.0189 -0.9974
vn 0.0901 -0.0061 -0.9959
vn 0.0256 -0.0222 -0.9994
vn 0.0149 -0.0184 -0.9997
vn 0.0200 0.0036 -0.9998
vn 0.0149 -0.0184 -0.9997
vn 0.1576 0.0316 -0.9870
vn 0.1576 0.0316 -0.9870
vn 0.1576 0.0316 -0.9870
vn 0.1087 0.0500 -0.9928
vn -0.0160 -0.0011 -0.9999
vn 0.0200 0.0036 -0.9998
vn -0.1227 -0.0461 -0.9914
vn 0.0200 0.0036 -0.9998
vn -0.0160 -0.0011 -0.9999
vn 0.0256 -0.0222 -0.9994
vn -0.0123 -0.1389 -0.9902
vn -0.0090 -0.0628 -0.9980
vn -0.0262 0.0299 -0.9992
vn 0.0256 -0.0222 -0.9994
vn -0.0090 -0.0628 -0.9980
vn -0.1222 -0.0397 -0.9917
vn -0.0090 -0.0628 -0.9980
vn -0.1222 -0.0397 -0.9917
vn 0.7071 0.7071 0.0000
vn 0.7071 0.7071 0.0000
vn 0.7071 0.7071 0.0000
vn 0.7071 0.7071 0.0000
vn 0.7071 0.7071 0.0000
vn 0.7071 0.7071 0.0000
vn -0.0094 0.0106 -0.9999
vn 0.0000 0.0000 -1.0000
vn 0.7597 -0.0203 -0.6500
vn 0.0114 -0.0153 -0.9998
vn 0.0000 0.0000 -1.0000
vn -0.7615 0.0161 -0.6480
vn -0.8866 -0.0153 -0.4622
vn -0.8866 -0.0153 -0.4622
vn -0.8866 -0.0153 -0.4622
vn 0.0256 -0.0222 -0.9994
vn 0.0114 -0.0153 -0.9998
vn -0.0094 0.0106 -0.9999
vn -0.0238 0.0205 -0.9995
vn -0.0094 0.0106 -0.9999
vn 0.0114 -0.0153 -0.9998
vn 0.9194 0.0159 -0.3930
vn 0.9194 0.0159 -0.3930
vn 0.9194 0.0159 -0.3930
vn 0.7597 -0.0203 -0.6500
vn 0.7787 0.0264 -0.6269
vn 1.0000 0.0000 0.0000
vn 0.8938 -0.0094 0.4483
vn 0.8938 -0.0094 0.4483
vn 0.8938 -0.0094 0.4483
vn 0.0256 -0.0222 -0.9994
vn 0.0214 -0.5797 -0.8145
vn 0.0114 -0.0153 -0.9998
vn -0.1731 -0.1731 0.9696
vn -0.1731 -0.1731 0.9696
vn -0.0210 -0.0523 0.9984
vn -0.2230 -0.9748 0.0000
vn -0.2230 -0.9748 0.0000
vn -0.2230 -0.9748 0.0000
vn -0.7615 0.0161 -0.6480
vn -0.8309 -0.2149 -0.5133
vn -1.0000 0.0000 0.0000
vn -0.9248 0.0080 0.3803
vn -0.9248 0.0080 0.3803
vn -0.9248 0.0080 0.3803
vn -0.0094 0.0106 -0.9999
vn -0.0238 0.0205 -0.9995
vn -0.0043 0.8448 -0.5351
vn -0.0043 0.8448 -0.5351
vn -0.0000 1.0000 0.0000
vn -0.0000 1.0000 0.0000
vn -0.9894 0.0261 0.1427
vn -0.9916 -0.0180 0.1279
vn -0.9866 -0.0297 0.1603
vn -0.9866 -0.0297 0.1603
vn -0.9842 0.1533 0.0883
vn -0.9894 0.0261 0.1427
vn -0.9908 -0.0410 -0.1288
vn -0.9882 -0.1301 0.0803
vn -0.9987 -0.0084 0.0510
vn -0.9296 0.3428 -0.1352
vn -0.9930 0.0029 -0.1179
vn -0.9897 0.1134 0.0879
vn -0.9661 0.2437 0.0850
vn -0.9199 0.3773 -0.1068
vn -0.9897 0.1134 0.0879
vn -0.9897 0.1134 0.0879
vn -0.9199 0.3773 -0.1068
vn -0.9296 0.3428 -0.1352
vn -0.9638 0.2341 0.1274
vn -0.9661 0.2437 0.0850
vn -0.9897 0.1134 0.0879
vn -0.9897 0.1134 0.0879
vn -0.9455 0.3141 0.0862
vn -0.9638 0.2341 0.1274
vn -0.9455 0.3141 0.0862
vn -0.9894 0.0261 0.1427
vn -0.9638 0.2341 0.1274
vn -0.9894 0.0261 0.1427
vn -0.9842 0.1533 0.0883
vn -0.9386 0.2024 0.2795
vn -0.9894 0.0261 0.1427
vn -0.9386 0.2024 0.2795
vn -0.8693 0.1719 0.4633
vn -0.9882 -0.1301 0.0803
vn -0.9416 -0.3235 0.0934
vn -0.9896 -0.0629 0.1296
vn -0.9896 -0.0629 0.1296
vn -0.9742 -0.2091 0.0850
vn -0.9882 -0.1301 0.0803
vn -0.9742 -0.2091 0.0850
vn -0.9987 -0.0084 0.0510
vn -0.9882 -0.1301 0.0803
vn -0.9916 -0.0180 0.1279
vn -0.9896 -0.0629 0.1296
vn -0.6160 -0.4734 0.6297
vn -0.6160 -0.4734 0.6297
vn -0.9866 -0.0297 0.1603
vn -0.9916 -0.0180 0.1279
vn -0.9871 -0.0523 0.1513
vn -0.6160 -0.4734 0.6297
vn -0.9896 -0.0629 0.1296
vn -0.5481 -0.7951 0.2598
vn -0.5219 -0.7592 0.3888
vn -0.9896 -0.0629 0.1296
vn -0.9930 0.0029 -0.1179
vn -0.9908 -0.0410 -0.1288
vn -0.9987 -0.0084 0.0510
vn -0.9987 -0.0084 0.0510
vn -0.9987 0.0003 -0.0514
vn -0.9930 0.0029 -0.1179
vn -0.9987 0.0003 -0.0514
vn -0.9897 0.1134 0.0879
vn -0.9930 0.0029 -0.1179
vn -0.8693 0.1719 0.4633
vn -0.7048 0.4509 0.5478
vn -0.9894 0.0261 0.1427
vn -0.9896 -0.0629 0.1296
vn -0.9416 -0.3235 0.0934
vn -0.8542 0.1559 0.4960
vn -0.9894 0.0261 0.1427
vn -0.7048 0.4509 0.5478
vn -0.9638 0.2341 0.1274
vn -0.9196 -0.0133 0.3926
vn -0.9896 -0.0629 0.1296
vn -0.9916 -0.0180 0.1279
vn 0.6264 0.0078 0.7795
vn 0.6264 0.0078 0.7795
vn 0.6363 0.0073 0.7714
vn 0.0318 0.9315 0.3623
vn 0.0318 0.9315 0.3623
vn 0.0318 0.9315 0.3623
vn 0.0000 1.0000 0.0000
vn 0.0000 1.0000 0.0000
vn 0.0000 1.0000 0.0000
vn 0.6918 0.7189 -0.0686
vn 0.6918 0.7189 -0.0686
vn 0.8296 0.5539 -0.0703
vn -0.0827 0.3271 -0.9414
vn -0.0827 0.3271 -0.9414
vn -0.0827 0.3271 -0.9414
vn -0.0875 0.0000 -0.9962
vn -0.0875 0.0000 -0.9962
vn -0.0875 0.0000 -0.9962
vn 0.6205 -0.0096 -0.7841
vn 0.6205 -0.0096 -0.7841
vn 0.8489 0.0044 -0.5286
vn -0.0285 -0.9456 -0.3240
vn -0.0285 -0.9456 -0.3240
vn -0.0285 -0.9456 -0.3240
vn 0.0000 -1.0000 0.0000
vn 0.0000 -1.0000 0.0000
vn 0.0000 -1.0000 0.0000
vn 0.7341 -0.6767 -0.0557
vn 0.7341 -0.6767 -0.0557
vn 0.8382 -0.5402 -0.0752
vn 0.5111 -0.0036 0.8595
vn 0.9562 0.0052 0.2928
vn 0.6363 0.0073 0.7714
vn 0.9602 -0.1507 -0.2351
vn 0.8279 -0.0080 -0.5608
vn 0.9602 -0.1507 -0.2351
vn 0.9610 0.1488 -0.2333
vn 0.7834 0.6024 -0.1528
vn 0.9610 0.1488 -0.2333
vn 0.9447 -0.1338 -0.2994
vn 0.9641 -0.0019 -0.2656
vn 0.9447 -0.1338 -0.2994
vn 0.8279 -0.0080 -0.5608
vn 0.9962 0.0000 -0.0871
vn 0.9641 -0.0019 -0.2656
vn 0.9641 -0.0019 -0.2656
vn 0.8489 0.0044 -0.5286
vn 0.8279 -0.0080 -0.5608
vn 0.8489 0.0044 -0.5286
vn 0.9200 0.1686 -0.3538
vn 0.8279 -0.0080 -0.5608
vn 0.9577 -0.2406 0.1579
vn 0.7979 -0.6008 -0.0500
vn 0.9577 -0.2406 0.1579
vn 0.6363 0.0073 0.7714
vn 0.4452 0.0128 0.8953
vn 0.5111 -0.0036 0.8595
vn 0.6363 0.0073 0.7714
vn 0.5566 0.0415 0.8298
vn 0.5566 0.0415 0.8298
vn 0.9555 -0.2940 0.0226
vn 0.9555 -0.2940 0.0226
vn 0.9629 -0.2565 -0.0836
vn 0.7979 -0.6008 -0.0500
vn 0.9962 -0.0001 -0.0872
vn 0.9629 -0.2565 -0.0836
vn 0.9629 -0.2565 -0.0836
vn 0.8382 -0.5402 -0.0752
vn 0.7979 -0.6008 -0.0500
vn 0.8382 -0.5402 -0.0752
vn 0.9333 -0.2768 -0.2288
vn 0.7979 -0.6008 -0.0500
vn 0.6603 0.1631 0.7331
vn 0.6603 0.1631 0.7331
vn 0.6603 0.1631 0.7331
vn 0.9390 0.2627 -0.2219
vn 0.9390 0.2627 -0.2219
vn 0.9630 0.2558 -0.0851
vn 0.7834 0.6024 -0.1528
vn 0.9962 -0.0002 -0.0872
vn 0.9630 0.2558 -0.0851
vn 0.9630 0.2558 -0.0851
vn 0.8296 0.5539 -0.0703
vn 0.7834 0.6024 -0.1528
vn 0.8296 0.5539 -0.0703
vn 0.9267 0.3720 0.0533
vn 0.7834 0.6024 -0.1528
vn 0.0732 -0.7008 -0.7096
vn 0.2345 -0.9716 -0.0324
vn 0.0732 -0.7008 -0.7096
vn -0.2734 -0.9618 0.0162
vn -0.2734 -0.9618 0.0162
vn 0.2345 -0.9716 -0.0324
vn 0.2345 -0.9716 -0.0324
vn 0.0000 -1.0000 0.0000
vn 0.0000 -1.0000 0.0000
vn 0.0617 -0.7070 0.7045
vn 0.0617 -0.7070 0.7045
vn 0.0617 -0.7070 0.7045
vn 0.0617 -0.7070 0.7045
vn 0.0617 -0.7070 0.7045
vn 0.0617 -0.7070 0.7045
vn 0.0872 0.0000 0.9962
vn 0.0872 0.0000 0.9962
vn 0.5111 -0.0036 0.8595
vn 0.5111 -0.0036 0.8595
vn 0.4722 0.0131 0.8814
vn 0.4722 0.0131 0.8814
vn -0.9552 0.2832 0.0858
vn -0.9326 0.2280 0.2799
vn 0.3314 0.9433 -0.0176
vn 0.3314 0.9433 -0.0176
vn 0.0000 1.0000 0.0000
vn 0.0000 1.0000 0.0000
vn -0.0788 -0.4267 -0.9009
vn -0.0788 -0.4267 -0.9009
vn -0.0788 -0.4267 -0.9009
vn -0.9639 0.2252 -0.1418
vn -0.6506 0.0356 -0.7586
vn -0.9817 0.0820 -0.1716
vn -0.9854 -0.1219 -0.1184
vn -0.9817 0.0820 -0.1716
vn -0.6506 0.0356 -0.7586
vn -0.6506 0.0356 -0.7586
vn -0.2285 -0.0000 -0.9736
vn -0.2285 -0.0000 -0.9736
vn -0.9326 0.2280 0.2799
vn -0.9552 0.2832 0.0858
vn -0.9683 0.1373 0.2087
vn -0.6529 0.6668 -0.3593
vn -0.9326 0.2280 0.2799
vn -0.9683 0.1373 0.2087
vn -0.9858 0.0062 0.1675
vn -0.9251 0.0038 -0.3796
vn -0.9922 0.0384 -0.1188
vn -0.9547 0.2058 0.2149
vn -0.9702 -0.1170 0.2124
vn -0.9922 0.0384 -0.1188
vn -0.8003 0.4125 0.4351
vn -0.9756 0.0417 0.2154
vn -0.8920 -0.1876 0.4113
vn -0.8920 -0.1876 0.4113
vn -0.9922 0.0384 -0.1188
vn -0.9922 0.0853 0.0910
vn -0.9922 0.0853 0.0910
vn -0.8003 0.4125 0.4351
vn -0.8920 -0.1876 0.4113
vn -0.9547 0.2058 0.2149
vn -0.9251 0.0038 -0.3796
vn -0.9683 0.1373 0.2087
vn -0.9547 0.2058 0.2149
vn -0.9922 0.0384 -0.1188
vn -0.9251 0.0038 -0.3796
vn -0.9756 0.0417 0.2154
vn -0.9873 -0.0261 0.1569
vn -0.9778 -0.0004 0.2098
vn -0.9873 -0.0261 0.1569
vn -0.9913 -0.1046 0.0801
vn -0.9778 -0.0004 0.2098
vn -0.9325 -0.3525 0.0783
vn -0.9778 -0.0004 0.2098
vn -0.9913 -0.1046 0.0801
vn -0.9702 -0.1170 0.2124
vn -0.9854 -0.1219 -0.1184
vn -0.9325 -0.3525 0.0783
vn -0.9858 0.0062 0.1675
vn -0.9588 0.0169 0.2836
vn -0.9683 0.1373 0.2087
vn -0.9778 -0.0004 0.2098
vn -0.9588 0.0169 0.2836
vn -0.9858 0.0062 0.1675
vn -0.9858 0.0062 0.1675
vn -0.8920 -0.1876 0.4113
vn -0.9778 -0.0004 0.2098
vn -0.9756 0.0417 0.2154
vn -0.9778 -0.0004 0.2098
vn -0.8920 -0.1876 0.4113
vn -0.9954 0.0296 -0.0916
vn -0.9922 0.0384 -0.1188
vn -0.9702 -0.1170 0.2124
vn -0.9922 0.0384 -0.1188
vn -0.9954 0.0296 -0.0916
vn -0.9922 0.0853 0.0910
vn -0.9854 -0.1219 -0.1184
vn -0.9702 -0.1170 0.2124
vn -0.9704 -0.2362 -0.0511
vn -0.9817 0.0820 -0.1716
vn -0.9854 -0.1219 -0.1184
vn -0.9704 -0.2362 -0.0511
vn -0.9702 -0.1170 0.2124
vn -0.9949 -0.0997 0.0132
vn -0.9954 0.0296 -0.0916
vn -0.9325 -0.3525 0.0783
vn -0.9913 -0.1046 0.0801
vn -0.9702 -0.1170 0.2124
vn -0.9913 -0.1046 0.0801
vn -0.9949 -0.0997 0.0132
vn -0.9702 -0.1170 0.2124
vn -0.9552 0.2832 0.0858
vn -0.9817 0.0820 -0.1716
vn -0.9547 0.2058 0.2149
vn -0.9683 0.1373 0.2087
vn -0.9552 0.2832 0.0858
vn -0.9547 0.2058 0.2149
vn -0.3665 0.9301 -0.0256
vn 0.2271 0.9737 -0.0203
vn 0.2271 0.9737 -0.0203
vn 0.1161 0.9932 -0.0039
vn 0.1161 0.9932 -0.0039
vn -0.3665 0.9301 -0.0256
vn 0.7815 -0.6209 -0.0610
vn 0.7815 -0.6209 -0.0610
vn 0.7815 -0.6209 -0.0610
vn 0.0658 -0.9977 -0.0179
vn 0.0658 -0.9977 -0.0179
vn 0.0658 -0.9977 -0.0179
vn -0.6362 0.0436 0.7703
vn 0.0358 -0.0102 0.9993
vn 0.0358 -0.0102 0.9993
vn 0.3486 0.0064 0.9373
vn 0.3486 0.0064 0.9373
vn 0.3486 0.0064 0.9373
vn 0.9951 -0.0279 0.0946
vn 0.9951 -0.0279 0.0946
vn 0.9534 -0.0208 0.3011
vn -0.3387 0.8278 -0.4473
vn -0.3387 0.8278 -0.4473
vn -0.3387 0.8278 -0.4473
vn -0.3415 0.8261 -0.4483
vn -0.3415 0.8261 -0.4483
vn -0.3415 0.8261 -0.4483
vn 0.0130 -0.8354 -0.5495
vn 0.0130 -0.8354 -0.5495
vn -0.4535 -0.8907 0.0323
vn -0.4535 -0.8907 0.0323
vn 0.2432 -0.8738 -0.4210
vn 0.2432 -0.8738 -0.4210
vn 0.2258 -0.0450 0.9731
vn 0.2258 -0.0450 0.9731
vn 0.2258 -0.0450 0.9731
vn -0.0007 -0.2108 0.9775
vn -0.0007 -0.2108 0.9775
vn -0.0007 -0.2108 0.9775
vn -0.8573 0.1057 -0.5039
vn -0.9958 -0.0226 0.0886
vn -0.6579 0.6306 0.4116
vn 0.2417 0.6751 -0.6970
vn 0.2417 0.6751 -0.6970
vn 0.2417 0.6751 -0.6970
vn -0.6686 0.0525 -0.7418
vn -0.7051 0.5311 -0.4699
vn -0.9251 0.0038 -0.3796
vn -0.0232 -0.8231 -0.5674
vn -0.0232 -0.8231 -0.5674
vn -0.0232 -0.8231 -0.5674
vn -0.2424 -0.0833 0.9666
vn -0.2424 -0.0833 0.9666
vn -0.2424 -0.0833 0.9666
vn -0.4129 0.0316 0.9102
vn -0.4129 0.0316 0.9102
vn -0.8418 -0.3428 0.4169
vn 0.4866 0.8713 0.0645
vn 0.4866 0.8713 0.0645
vn 0.4866 0.8713 0.0645
vn -0.7265 -0.6572 -0.2004
vn -0.9949 -0.0997 0.0132
vn -0.9913 -0.1046 0.0801
vn -0.4761 0.3987 -0.7838
vn -0.8345 0.5026 -0.2256
vn -0.6355 0.7082 0.3074
vn 0.0555 0.1072 0.9927
vn -0.1915 -0.8481 0.4940
vn -0.1875 0.1541 0.9701
vn -0.1875 0.1541 0.9701
vn -0.6355 0.7082 0.3074
vn 0.0555 0.1072 0.9927
vn 0.2038 0.9105 0.3599
vn 0.0555 0.1072 0.9927
vn 0.5060 0.3688 0.7797
vn -0.4866 -0.8713 -0.0645
vn -0.4866 -0.8713 -0.0645
vn -0.4866 -0.8713 -0.0645
vn -0.9783 0.2022 -0.0459
vn -0.6355 0.7082 0.3074
vn -0.5558 0.6740 -0.4866
vn -0.3328 -0.7940 -0.5087
vn -0.2612 -0.9651 0.0211
vn -0.1915 -0.8481 0.4940
vn -0.1875 0.1541 0.9701
vn -0.1915 -0.8481 0.4940
vn 0.2590 -0.4918 0.8313
vn -0.7243 -0.3727 -0.5801
vn -0.3328 -0.7940 -0.5087
vn -0.4761 0.3987 -0.7838
vn 0.2871 0.4045 -0.8683
vn -0.4761 0.3987 -0.7838
vn 0.2871 0.4045 -0.8683
vn 0.5006 0.8627 0.0720
vn -0.5558 0.6740 -0.4866
vn -0.6355 0.7082 0.3074
vn 0.3265 0.9040 0.2760
vn 0.5006 0.8627 0.0720
vn 0.3265 0.9040 0.2760
vn -0.1875 0.1541 0.9701
vn -0.8003 0.4125 0.4351
vn -0.6355 0.7082 0.3074
vn -0.0978 -0.6852 -0.7217
vn -0.1099 0.2892 -0.9510
vn -0.4761 0.3987 -0.7838
vn -0.0978 -0.6852 -0.7217
vn -0.0946 -0.3791 -0.9205
vn -0.3328 -0.7940 -0.5087
vn 0.4431 -0.0863 0.8923
vn 0.0555 0.1072 0.9927
vn 0.1480 -0.3167 0.9369
vn 0.1480 -0.3167 0.9369
vn -0.0319 -0.9197 0.3912
vn -0.1915 -0.8481 0.4940
vn -0.0319 -0.9197 0.3912
vn 0.1113 -0.9911 -0.0735
vn -0.1915 -0.8481 0.4940
vn 0.1113 -0.9911 -0.0735
vn -0.0978 -0.6852 -0.7217
vn 0.4084 -0.8140 -0.4130
vn -0.3328 -0.7940 -0.5087
vn -0.1915 -0.8481 0.4940
vn -0.0978 -0.6852 -0.7217
vn -0.1099 0.2892 -0.9510
vn -0.3533 0.4539 -0.8180
vn -0.4761 0.3987 -0.7838
vn 0.2038 0.9105 0.3599
vn 0.7616 0.6480 0.0043
vn 0.3569 0.8258 -0.4367
vn -0.6538 -0.5318 0.5382
vn -0.9932 -0.0031 0.1166
vn -0.6362 0.0436 0.7703
vn -0.8690 -0.3392 0.3603
vn -0.6362 0.0436 0.7703
vn -0.9932 -0.0031 0.1166
vn -0.9932 -0.0031 0.1166
vn -0.9809 0.0078 0.1943
vn -0.8690 -0.3392 0.3603
vn -0.9809 0.0078 0.1943
vn -0.9879 -0.0012 0.1550
vn -0.8690 -0.3392 0.3603
vn -0.9879 -0.0012 0.1550
vn -0.9928 -0.0613 0.1033
vn -0.8690 -0.3392 0.3603
vn -0.4730 -0.7997 0.3700
vn -0.4730 -0.7997 0.3700
vn -0.4730 -0.7997 0.3700
vn -0.9034 0.3763 0.2057
vn -0.5511 0.8279 0.1045
vn -0.9547 0.2058 0.2149
vn -0.9817 0.0820 -0.1716
vn -0.9704 -0.2362 -0.0511
vn -0.9604 0.0022 -0.2785
vn -0.9604 0.0022 -0.2785
vn -0.9228 -0.0024 -0.3852
vn -0.9817 0.0820 -0.1716
vn -0.9228 -0.0024 -0.3852
vn -0.9722 0.1493 -0.1803
vn -0.9817 0.0820 -0.1716
vn -0.8690 -0.3392 0.3603
vn -0.9928 -0.0613 0.1033
vn -0.9851 -0.1495 0.0845
vn -0.6691 -0.7419 0.0440
vn -0.8690 -0.3392 0.3603
vn -0.9851 -0.1495 0.0845
vn -0.9851 -0.1495 0.0845
vn -0.9370 -0.3449 0.0559
vn -0.6691 -0.7419 0.0440
vn -0.8199 0.5716 -0.0333
vn -0.9704 -0.2362 -0.0511
vn -0.8199 0.5716 -0.0333
vn -0.9722 0.1493 -0.1803
vn -0.9803 0.1704 -0.1003
vn -0.9817 0.0820 -0.1716
vn -0.6362 0.0436 0.7703
vn -0.9034 0.3763 0.2057
vn -0.9457 0.2154 0.2433
vn -0.6906 0.7170 0.0950
vn -0.9959 0.0282 0.0861
vn -0.9893 0.1132 0.0923
vn -0.9893 0.1132 0.0923
vn -0.9802 0.1783 0.0861
vn -0.6906 0.7170 0.0950
vn -0.9802 0.1783 0.0861
vn -0.9034 0.3763 0.2057
vn -0.6906 0.7170 0.0950
vn -0.1301 0.4800 -0.8676
vn -0.1301 0.4800 -0.8676
vn -0.1301 0.4800 -0.8676
vn -0.9604 0.0022 -0.2785
vn -0.5502 0.3374 -0.7638
vn -0.7911 0.0523 -0.6094
vn -0.7911 0.0523 -0.6094
vn -0.3965 -0.0021 -0.9180
vn -0.0929 -0.2337 -0.9679
vn -0.9704 -0.2362 -0.0511
vn -0.9981 -0.0370 0.0502
vn -0.7911 0.0523 -0.6094
vn -0.7911 0.0523 -0.6094
vn -0.9981 -0.0370 0.0502
vn -0.9906 -0.0020 -0.1367
vn -0.9906 -0.0020 -0.1367
vn -0.9981 -0.0370 0.0502
vn -0.9978 0.0006 0.0656
vn -0.9978 0.0006 0.0656
vn -0.9350 -0.1870 -0.3012
vn -0.9906 -0.0020 -0.1367
vn -0.7911 0.0523 -0.6094
vn -0.9906 -0.0020 -0.1367
vn -0.9350 -0.1870 -0.3012
vn -0.9350 -0.1870 -0.3012
vn -0.7005 0.0008 -0.7137
vn -0.7911 0.0523 -0.6094
vn -0.3965 -0.0021 -0.9180
vn -0.7911 0.0523 -0.6094
vn -0.7005 0.0008 -0.7137
vn -0.3965 -0.0021 -0.9180
vn -0.7005 0.0008 -0.7137
vn -0.6074 0.0074 -0.7944
vn -0.2700 -0.9628 0.0068
vn -0.2700 -0.9628 0.0068
vn -0.2700 -0.9628 0.0068
vn -0.2901 -0.9567 0.0228
vn -0.6830 -0.7280 0.0600
vn -0.9957 -0.0792 0.0471
vn -0.0728 -0.9909 -0.1131
vn -0.2901 -0.9567 0.0228
vn -0.0728 -0.9909 -0.1131
vn -0.0027 -1.0000 0.0003
vn -0.0027 -1.0000 0.0003
vn -0.1415 -0.9897 0.0233
vn -0.9928 -0.0613 0.1033
vn -0.9957 -0.0792 0.0471
vn -0.9922 -0.0860 0.0900
vn -0.9957 -0.0792 0.0471
vn -0.6830 -0.7280 0.0600
vn -0.9922 -0.0860 0.0900
vn -0.6012 -0.7966 0.0632
vn -0.9922 -0.0860 0.0900
vn -0.6830 -0.7280 0.0600
vn -0.6830 -0.7280 0.0600
vn -0.2901 -0.9567 0.0228
vn -0.6012 -0.7966 0.0632
vn -0.1415 -0.9897 0.0233
vn -0.6012 -0.7966 0.0632
vn -0.2901 -0.9567 0.0228
vn -0.2901 -0.9567 0.0228
vn -0.0624 -0.9980 0.0049
vn -0.1415 -0.9897 0.0233
vn 0.0180 -0.9728 0.2310
vn -0.1415 -0.9897 0.0233
vn 0.0180 -0.9728 0.2310
vn -0.9922 -0.0860 0.0900
vn -0.6012 -0.7966 0.0632
vn -0.9928 -0.0613 0.1033
vn -0.4104 -0.8845 0.2218
vn -0.6012 -0.7966 0.0632
vn -0.1415 -0.9897 0.0233
vn 0.8506 -0.3974 0.3442
vn 0.8506 -0.3974 0.3442
vn 0.8506 -0.3974 0.3442
vn 0.0655 -0.5960 0.8003
vn 0.0655 -0.5960 0.8003
vn -0.0558 -0.0361 0.9978
vn -0.5244 -0.0293 0.8510
vn -0.8374 -0.0018 0.5466
vn -0.9989 -0.0065 0.0462
vn -0.9259 -0.1962 0.3228
vn -0.9950 -0.0003 0.1003
vn -0.9989 -0.0065 0.0462
vn -0.9989 -0.0065 0.0462
vn -0.8374 -0.0018 0.5466
vn -0.9259 -0.1962 0.3228
vn -0.6545 0.0003 0.7561
vn -0.9259 -0.1962 0.3228
vn -0.8374 -0.0018 0.5466
vn -0.8374 -0.0018 0.5466
vn -0.5244 -0.0293 0.8510
vn -0.6545 0.0003 0.7561
vn -0.3272 0.0019 0.9450
vn -0.6545 0.0003 0.7561
vn -0.5244 -0.0293 0.8510
vn -0.5244 -0.0293 0.8510
vn -0.0558 -0.0361 0.9978
vn -0.3272 0.0019 0.9450
vn -0.0401 -0.0868 0.9954
vn -0.3272 0.0019 0.9450
vn -0.0558 -0.0361 0.9978
vn 0.0146 0.3730 0.9277
vn 0.0670 0.0079 0.9977
vn 0.0680 0.0222 0.9974
vn -0.1349 0.4418 0.8869
vn -0.1349 0.4418 0.8869
vn -0.1349 0.4418 0.8869
vn -0.7855 0.6145 0.0741
vn -0.9951 0.0430 0.0886
vn -0.9865 0.0644 0.1505
vn -0.6321 0.7549 0.1746
vn -0.7855 0.6145 0.0741
vn -0.9865 0.0644 0.1505
vn -0.3435 0.9180 0.1982
vn -0.9034 0.3763 0.2057
vn 0.2786 0.9604 -0.0067
vn -0.0030 1.0000 0.0003
vn -0.0030 1.0000 0.0003
vn -0.1057 0.9944 0.0058
vn -0.9736 0.2081 0.0935
vn -0.9034 0.3763 0.2057
vn -0.9802 0.1783 0.0861
vn -0.9431 0.3229 0.0797
vn -0.9947 0.0936 0.0414
vn -0.9951 0.0430 0.0886
vn -0.9951 0.0430 0.0886
vn -0.7855 0.6145 0.0741
vn -0.9431 0.3229 0.0797
vn -0.5422 0.8394 0.0378
vn -0.9431 0.3229 0.0797
vn -0.7855 0.6145 0.0741
vn -0.7855 0.6145 0.0741
vn -0.6469 0.7604 0.0568
vn -0.5422 0.8394 0.0378
vn -0.1057 0.9944 0.0058
vn -0.5422 0.8394 0.0378
vn 0.2786 0.9604 -0.0067
vn 0.2786 0.9604 -0.0067
vn 0.7477 0.6612 -0.0609
vn 0.7477 0.6612 -0.0609
vn -0.9431 0.3229 0.0797
vn -0.5422 0.8394 0.0378
vn -0.9947 0.0936 0.0414
vn -0.5422 0.8394 0.0378
vn -0.1057 0.9944 0.0058
vn -0.2840 0.9421 -0.1782
vn -0.0241 0.9698 -0.2429
vn -0.1057 0.9944 0.0058
vn -0.0241 0.9698 -0.2429
vn -0.9893 0.1132 0.0923
vn -0.9428 0.2324 0.2390
vn -0.9947 0.0936 0.0414
vn -0.9350 -0.1870 -0.3012
vn -0.6074 0.0074 -0.7944
vn -0.7005 0.0008 -0.7137
vn -0.9972 -0.0004 0.0746
vn -0.9003 -0.2140 -0.3790
vn -0.9350 -0.1870 -0.3012
vn -0.9350 -0.1870 -0.3012
vn -0.9978 0.0006 0.0656
vn -0.9972 -0.0004 0.0746
vn -0.6074 0.0074 -0.7944
vn -0.9350 -0.1870 -0.3012
vn -0.0238 -0.0600 -0.9979
vn -0.6308 -0.7736 0.0600
vn -0.9350 -0.1870 -0.3012
vn -0.9003 -0.2140 -0.3790
vn -0.2023 -0.5171 -0.8316
vn 0.1616 -0.0077 -0.9868
vn -0.0238 -0.0600 -0.9979
vn 0.1616 -0.0077 -0.9868
vn -0.6750 -0.0145 -0.7377
vn -0.0649 -0.0472 -0.9968
vn -0.0649 -0.0472 -0.9968
vn -0.0238 -0.0600 -0.9979
vn 0.1616 -0.0077 -0.9868
vn -0.6540 -0.0005 -0.7565
vn -0.9003 -0.2140 -0.3790
vn -0.6750 -0.0145 -0.7377
vn -1.0000 -0.0014 0.0077
vn -0.6750 -0.0145 -0.7377
vn -0.9003 -0.2140 -0.3790
vn -1.0000 -0.0014 0.0077
vn -0.9003 -0.2140 -0.3790
vn -0.9972 -0.0004 0.0746
vn 0.9655 -0.2424 -0.0954
vn 0.9655 -0.2424 -0.0954
vn 0.9655 -0.2424 -0.0954
vn -0.5465 -0.5280 -0.6501
vn -0.4567 -0.7271 -0.5126
vn -0.1834 -0.1258 -0.9750
vn -0.0443 -0.9301 -0.3647
vn -0.7393 -0.6713 0.0525
vn 0.0112 -0.9999 -0.0105
vn 0.5004 -0.2233 -0.8365
vn -0.0649 -0.0472 -0.9968
vn 0.5004 -0.2233 -0.8365
vn -0.5465 -0.5280 -0.6501
vn -0.6750 -0.0145 -0.7377
vn -1.0000 -0.0014 0.0077
vn -0.0443 -0.9301 -0.3647
vn 0.4972 -0.8068 -0.3192
vn 0.4972 -0.8068 -0.3192
vn -0.9691 -0.2457 -0.0214
vn -0.9931 -0.0757 0.0891
vn -0.7393 -0.6713 0.0525
vn -0.7393 -0.6713 0.0525
vn -0.9931 -0.0757 0.0891
vn -0.9760 -0.1995 0.0867
vn -0.9760 -0.1995 0.0867
vn -0.5420 -0.8389 0.0495
vn -0.7393 -0.6713 0.0525
vn 0.0112 -0.9999 -0.0105
vn -0.7393 -0.6713 0.0525
vn -0.5420 -0.8389 0.0495
vn 0.0112 -0.9999 -0.0105
vn -0.5420 -0.8389 0.0495
vn 0.0231 -0.9997 0.0128
vn -0.0116 -0.9878 -0.1552
vn 0.0112 -0.9999 -0.0105
vn -0.0544 -0.9982 -0.0239
vn -0.0544 -0.9982 -0.0239
vn -0.0598 -0.9903 -0.1255
vn -0.0116 -0.9878 -0.1552
vn -0.0767 -0.7622 -0.6428
vn -0.0443 -0.9301 -0.3647
vn -0.0116 -0.9878 -0.1552
vn -0.0116 -0.9878 -0.1552
vn -0.0598 -0.9903 -0.1255
vn -0.0767 -0.7622 -0.6428
vn 0.0287 -0.7482 0.6629
vn -0.0290 -0.9993 -0.0234
vn 0.0287 -0.7482 0.6629
vn -0.0767 -0.7622 -0.6428
vn -0.1008 -0.2593 -0.9605
vn -0.1008 -0.2593 -0.9605
vn -0.0290 -0.9993 -0.0234
vn -0.4567 -0.7271 -0.5126
vn -0.0443 -0.9301 -0.3647
vn -0.0290 -0.9993 -0.0234
vn -0.0846 -0.8681 -0.4892
vn -0.4567 -0.7271 -0.5126
vn -0.0418 -0.8887 -0.4566
vn -0.4567 -0.7271 -0.5126
vn -0.0846 -0.8681 -0.4892
vn -0.0649 -0.0472 -0.9968
vn -0.5465 -0.5280 -0.6501
vn -0.1834 -0.1258 -0.9750
vn -0.0649 -0.0472 -0.9968
vn -0.1834 -0.1258 -0.9750
vn -0.1795 -0.0461 -0.9827
vn -0.9812 -0.1735 -0.0845
vn -0.5465 -0.5280 -0.6501
vn -0.9704 -0.2362 -0.0511
vn -0.9981 -0.0370 0.0502
vn -0.9972 -0.0004 0.0746
vn -0.9978 0.0006 0.0656
vn -0.9981 -0.0370 0.0502
vn -0.9704 -0.2362 -0.0511
vn -0.5465 -0.5280 -0.6501
vn -0.9962 0.0025 0.0867
vn -1.0000 -0.0014 0.0077
vn -0.9981 -0.0370 0.0502
vn -1.0000 -0.0014 0.0077
vn -0.9972 -0.0004 0.0746
vn -0.9981 -0.0370 0.0502
vn -0.9879 -0.0012 0.1550
vn -0.5244 -0.0293 0.8510
vn -0.9989 -0.0065 0.0462
vn -0.9136 -0.0035 0.4065
vn -0.9702 -0.0421 0.2385
vn -0.9879 -0.0012 0.1550
vn -0.9879 -0.0012 0.1550
vn -0.9953 -0.0039 0.0964
vn -0.9136 -0.0035 0.4065
vn -0.9953 -0.0039 0.0964
vn -0.9879 -0.0012 0.1550
vn -0.9989 -0.0065 0.0462
vn -0.9989 -0.0065 0.0462
vn -0.9950 -0.0003 0.1003
vn -0.9953 -0.0039 0.0964
vn -0.9734 -0.0888 0.2112
vn -0.9734 -0.0888 0.2112
vn -0.9879 -0.0012 0.1550
vn -0.9928 -0.0613 0.1033
vn -0.9879 -0.0012 0.1550
vn -0.9809 -0.0448 0.1893
vn -0.9903 -0.0740 0.1174
vn -0.9903 -0.0740 0.1174
vn -0.9928 -0.0613 0.1033
vn -0.9896 -0.0622 -0.1300
vn -0.9704 -0.2362 -0.0511
vn -0.9957 -0.0792 0.0471
vn -0.9931 -0.0757 0.0891
vn -0.9964 -0.0091 0.0837
vn -0.9957 -0.0792 0.0471
vn -0.9957 -0.0792 0.0471
vn -0.9928 -0.0613 0.1033
vn -0.9931 -0.0757 0.0891
vn -0.9760 -0.1995 0.0867
vn -0.9931 -0.0757 0.0891
vn -0.9928 -0.0613 0.1033
vn -0.9903 -0.0715 0.1188
vn -0.9760 -0.1995 0.0867
vn -0.9928 -0.0613 0.1033
vn -0.9136 -0.0035 0.4065
vn -0.4577 -0.0040 0.8891
vn -0.1031 -0.2788 0.9548
vn -0.1031 -0.2788 0.9548
vn -0.4577 -0.0040 0.8891
vn 0.0862 -0.0009 0.9963
vn 0.0862 -0.0009 0.9963
vn 0.0874 -0.1342 0.9871
vn -0.1031 -0.2788 0.9548
vn 0.0753 -0.4092 0.9093
vn 0.0879 -0.5613 0.8229
vn -0.1031 -0.2788 0.9548
vn 0.6346 -0.4596 0.6213
vn -0.1031 -0.2788 0.9548
vn 0.0879 -0.5613 0.8229
vn 0.0879 -0.5613 0.8229
vn 0.0472 -0.6969 0.7156
vn -0.3428 -0.7279 0.5938
vn -0.1590 -0.9696 0.1859
vn -0.3428 -0.7279 0.5938
vn 0.0475 -0.8915 0.4505
vn -0.1590 -0.9696 0.1859
vn 0.0231 -0.9997 0.0128
vn -0.5420 -0.8389 0.0495
vn -0.1590 -0.9696 0.1859
vn 0.0475 -0.8915 0.4505
vn 0.0310 -0.9464 0.3215
vn -0.5420 -0.8389 0.0495
vn -0.9760 -0.1995 0.0867
vn -0.1590 -0.9696 0.1859
vn -0.0712 -0.9974 0.0079
vn -0.0544 -0.9982 -0.0239
vn 0.0112 -0.9999 -0.0105
vn 0.0112 -0.9999 -0.0105
vn 0.0231 -0.9997 0.0128
vn -0.0712 -0.9974 0.0079
vn -0.0401 -0.0868 0.9954
vn -0.9259 -0.1962 0.3228
vn -0.3272 0.0019 0.9450
vn -0.0401 -0.0868 0.9954
vn 0.1215 -0.1267 0.9845
vn -0.9259 -0.1962 0.3228
vn -0.6545 0.0003 0.7561
vn -0.3272 0.0019 0.9450
vn -0.9259 -0.1962 0.3228
vn -0.0712 -0.9974 0.0079
vn -0.3354 -0.9417 -0.0263
vn -0.0544 -0.9982 -0.0239
vn 0.0874 -0.1342 0.9871
vn 0.0862 -0.0009 0.9963
vn 0.0338 -0.0244 0.9991
vn 0.0338 -0.0244 0.9991
vn 0.0687 -0.1309 0.9890
vn 0.0874 -0.1342 0.9871
vn 0.0729 -0.3807 0.9218
vn -0.1031 -0.2788 0.9548
vn 0.0874 -0.1342 0.9871
vn 0.0874 -0.1342 0.9871
vn 0.0687 -0.1309 0.9890
vn 0.0729 -0.3807 0.9218
vn 0.2877 -0.0259 0.9574
vn 0.0536 -0.3628 0.9303
vn 0.0753 -0.4092 0.9093
vn 0.0729 -0.3807 0.9218
vn 0.0357 -0.8020 0.5962
vn 0.0753 -0.4092 0.9093
vn 0.0753 -0.4092 0.9093
vn -0.1031 -0.2788 0.9548
vn 0.0729 -0.3807 0.9218
vn 0.0879 -0.5613 0.8229
vn 0.0753 -0.4092 0.9093
vn 0.0536 -0.3628 0.9303
vn 0.0536 -0.3628 0.9303
vn 0.0116 -0.9139 0.4057
vn 0.0879 -0.5613 0.8229
vn 0.0472 -0.6969 0.7156
vn 0.0879 -0.5613 0.8229
vn 0.0116 -0.9139 0.4057
vn -0.0632 -0.8886 -0.4543
vn -0.0632 -0.8886 -0.4543
vn -0.0632 -0.8886 -0.4543
vn 0.0472 -0.6969 0.7156
vn 0.0685 -0.1066 0.9919
vn 0.0555 -0.4809 0.8750
vn 0.0555 -0.4809 0.8750
vn -0.3428 -0.7279 0.5938
vn 0.0472 -0.6969 0.7156
vn -0.3428 -0.7279 0.5938
vn 0.0555 -0.4809 0.8750
vn 0.0152 -0.8548 0.5188
vn 0.0152 -0.8548 0.5188
vn 0.0475 -0.8915 0.4505
vn -0.3428 -0.7279 0.5938
vn 0.0475 -0.8915 0.4505
vn 0.0152 -0.8548 0.5188
vn 0.0046 -0.9215 0.3883
vn 0.0046 -0.9215 0.3883
vn 0.0310 -0.9464 0.3215
vn 0.0475 -0.8915 0.4505
vn 0.0046 -0.9215 0.3883
vn -0.0164 -0.9679 0.2509
vn 0.0310 -0.9464 0.3215
vn -0.1590 -0.9696 0.1859
vn 0.0310 -0.9464 0.3215
vn -0.0164 -0.9679 0.2509
vn -0.0164 -0.9679 0.2509
vn -0.0526 -0.9889 0.1387
vn -0.1590 -0.9696 0.1859
vn -0.0526 -0.9889 0.1387
vn -0.0712 -0.9974 0.0079
vn 0.0231 -0.9997 0.0128
vn 0.0231 -0.9997 0.0128
vn -0.1590 -0.9696 0.1859
vn -0.0526 -0.9889 0.1387
vn -0.9136 -0.0035 0.4065
vn -0.9953 -0.0039 0.0964
vn -0.7918 -0.2058 0.5751
vn 0.1252 -0.0274 0.9918
vn 0.0862 -0.0009 0.9963
vn -0.4577 -0.0040 0.8891
vn -0.4577 -0.0040 0.8891
vn -0.3464 -0.0489 0.9368
vn 0.1252 -0.0274 0.9918
vn -0.4577 -0.0040 0.8891
vn -0.7918 -0.2058 0.5751
vn -0.3464 -0.0489 0.9368
vn -0.4577 -0.0040 0.8891
vn -0.9136 -0.0035 0.4065
vn -0.7918 -0.2058 0.5751
vn 0.1215 -0.1267 0.9845
vn 0.1252 -0.0274 0.9918
vn -0.3464 -0.0489 0.9368
vn -0.7918 -0.2058 0.5751
vn -0.9953 -0.0039 0.0964
vn -0.9950 -0.0003 0.1003
vn -0.9950 -0.0003 0.1003
vn -0.9259 -0.1962 0.3228
vn -0.7918 -0.2058 0.5751
vn -0.6732 -0.7372 0.0576
vn -0.7918 -0.2058 0.5751
vn -0.9259 -0.1962 0.3228
vn -0.3464 -0.0489 0.9368
vn -0.7918 -0.2058 0.5751
vn 0.1215 -0.1267 0.9845
vn -0.0224 0.1933 0.9809
vn 0.0146 0.3730 0.9277
vn -0.2726 0.4092 0.8708
vn -0.2726 0.4092 0.8708
vn -0.3046 -0.0115 0.9524
vn 0.0839 0.0007 0.9965
vn 0.0338 -0.0244 0.9991
vn 0.0862 -0.0009 0.9963
vn 0.1252 -0.0274 0.9918
vn -0.0432 -0.1787 0.9830
vn -0.0679 0.0166 0.9976
vn 0.0338 -0.0244 0.9991
vn 0.7306 0.0896 0.6769
vn -0.0224 0.1933 0.9809
vn 0.7306 0.0896 0.6769
vn 0.1215 -0.1267 0.9845
vn -0.0432 -0.1787 0.9830
vn 0.0338 -0.0244 0.9991
vn 0.0338 -0.0244 0.9991
vn 0.1252 -0.0274 0.9918
vn 0.1215 -0.1267 0.9845
vn 0.0839 0.0007 0.9965
vn -0.0679 0.0166 0.9976
vn -0.0224 0.1933 0.9809
vn -0.0224 0.1933 0.9809
vn -0.2726 0.4092 0.8708
vn 0.0839 0.0007 0.9965
vn -0.0526 -0.9889 0.1387
vn -0.3251 -0.9018 0.2847
vn -0.0712 -0.9974 0.0079
vn -0.0164 -0.9679 0.2509
vn 0.0046 -0.9215 0.3883
vn -0.3075 -0.8919 0.3315
vn -0.0526 -0.9889 0.1387
vn -0.0164 -0.9679 0.2509
vn -0.3732 -0.9031 0.2126
vn 0.0152 -0.8548 0.5188
vn 0.0555 -0.4809 0.8750
vn -0.2034 -0.8049 0.5574
vn 0.0046 -0.9215 0.3883
vn 0.0152 -0.8548 0.5188
vn -0.2503 -0.8588 0.4470
vn 0.0116 -0.9139 0.4057
vn 0.0536 -0.3628 0.9303
vn -0.1446 -0.5423 0.8276
vn 0.2877 -0.0259 0.9574
vn -0.1684 -0.1658 0.9717
vn 0.0536 -0.3628 0.9303
vn 0.0729 -0.3807 0.9218
vn 0.0687 -0.1309 0.9890
vn -0.6146 -0.1437 0.7756
vn -0.7257 -0.0412 0.6868
vn -0.7257 -0.0412 0.6868
vn 0.0338 -0.0244 0.9991
vn 0.0490 0.8872 0.4588
vn -0.1336 0.9781 0.1595
vn 0.0306 0.9472 0.3191
vn 0.2495 0.3944 0.8844
vn 0.0729 0.4974 0.8645
vn 0.0816 0.3207 0.9437
vn 0.0782 0.1511 0.9854
vn 0.0839 0.0007 0.9965
vn -0.9446 0.0263 0.3273
vn -0.1336 0.9781 0.1595
vn -0.5767 0.8153 0.0525
vn -0.0009 1.0000 0.0005
vn -0.9840 0.1552 0.0870
vn -0.5767 0.8153 0.0525
vn -0.1336 0.9781 0.1595
vn 0.8917 0.3024 0.3367
vn 0.8917 0.3024 0.3367
vn 0.8917 0.3024 0.3367
vn -0.1336 0.9781 0.1595
vn 0.0490 0.8872 0.4588
vn -0.1586 0.7566 0.6343
vn 0.0816 0.3207 0.9437
vn 0.0782 0.1511 0.9854
vn -0.3013 0.2299 0.9254
vn 0.6753 0.4026 0.6179
vn 0.6753 0.4026 0.6179
vn 0.0878 0.6497 0.7551
vn -0.9920 -0.0220 0.1246
vn -0.9865 0.0644 0.1505
vn -0.9840 0.1552 0.0870
vn -0.1866 -0.0831 0.9789
vn -0.1866 -0.0831 0.9789
vn 0.2877 -0.0259 0.9574
vn -0.3007 -0.0034 0.9537
vn -0.7814 -0.0024 0.6240
vn -0.7814 -0.0024 0.6240
vn 0.0338 -0.0244 0.9991
vn -0.0679 0.0166 0.9976
vn -0.3007 -0.0034 0.9537
vn -0.1336 0.9781 0.1595
vn -0.0009 1.0000 0.0005
vn -0.0426 0.9990 0.0134
vn -0.0426 0.9990 0.0134
vn -0.0862 0.9564 0.2792
vn -0.1336 0.9781 0.1595
vn -0.0026 0.9968 0.0798
vn 0.0306 0.9472 0.3191
vn -0.1336 0.9781 0.1595
vn -0.0938 0.5742 -0.8133
vn -0.0938 0.5742 -0.8133
vn -0.0938 0.5742 -0.8133
vn 0.0259 0.9218 0.3868
vn 0.0336 0.8518 0.5228
vn 0.0490 0.8872 0.4588
vn 0.0490 0.8872 0.4588
vn 0.0306 0.9472 0.3191
vn 0.0259 0.9218 0.3868
vn -0.0026 0.9968 0.0798
vn 0.0259 0.9218 0.3868
vn 0.0306 0.9472 0.3191
vn 0.0336 0.8518 0.5228
vn -0.1586 0.7566 0.6343
vn 0.0490 0.8872 0.4588
vn 0.0336 0.8518 0.5228
vn -0.0348 0.8207 0.5703
vn -0.1586 0.7566 0.6343
vn -0.0348 0.8207 0.5703
vn 0.0475 0.7070 0.7056
vn -0.1586 0.7566 0.6343
vn 0.0878 0.6497 0.7551
vn -0.1586 0.7566 0.6343
vn 0.0475 0.7070 0.7056
vn 0.0878 0.6497 0.7551
vn 0.0475 0.7070 0.7056
vn 0.0670 0.3935 0.9169
vn 0.0670 0.3935 0.9169
vn 0.5366 0.1449 0.8313
vn 0.0729 0.4974 0.8645
vn 0.0729 0.4974 0.8645
vn 0.0878 0.6497 0.7551
vn 0.0670 0.3935 0.9169
vn 0.0729 0.4974 0.8645
vn 0.0236 0.8962 0.4429
vn 0.0476 0.5713 0.8194
vn 0.0476 0.5713 0.8194
vn 0.0816 0.3207 0.9437
vn 0.0729 0.4974 0.8645
vn 0.0476 0.5713 0.8194
vn 0.0797 0.1383 0.9872
vn 0.0816 0.3207 0.9437
vn 0.0782 0.1511 0.9854
vn 0.0816 0.3207 0.9437
vn 0.0797 0.1383 0.9872
vn 0.0797 0.1383 0.9872
vn 0.0166 0.1000 0.9949
vn 0.0782 0.1511 0.9854
vn 0.0782 0.1511 0.9854
vn 0.0166 0.1000 0.9949
vn -0.0679 0.0166 0.9976
vn -0.0679 0.0166 0.9976
vn 0.0839 0.0007 0.9965
vn 0.0782 0.1511 0.9854
vn -0.9840 0.1552 0.0870
vn -0.9865 0.0644 0.1505
vn -0.9961 0.0161 0.0864
vn -0.9961 0.0161 0.0864
vn -0.7767 0.6262 0.0672
vn -0.9840 0.1552 0.0870
vn -0.5767 0.8153 0.0525
vn -0.9840 0.1552 0.0870
vn -0.7767 0.6262 0.0672
vn -0.7767 0.6262 0.0672
vn -0.4230 0.9055 0.0333
vn -0.5767 0.8153 0.0525
vn -0.0009 1.0000 0.0005
vn -0.5767 0.8153 0.0525
vn -0.4230 0.9055 0.0333
vn -0.4230 0.9055 0.0333
vn -0.0010 1.0000 -0.0007
vn -0.0009 1.0000 0.0005
vn -0.9947 0.0936 0.0414
vn -0.9722 0.1493 -0.1803
vn -0.6862 0.5894 -0.4263
vn -0.9927 0.1049 -0.0592
vn -0.6862 0.5894 -0.4263
vn -0.9722 0.1493 -0.1803
vn -0.9906 0.1205 -0.0642
vn -0.9906 0.1205 -0.0642
vn -0.9722 0.1493 -0.1803
vn -0.9722 0.1493 -0.1803
vn -0.9603 0.2750 -0.0464
vn -0.9603 0.2750 -0.0464
vn -0.9928 0.0181 0.1183
vn -0.9446 0.0263 0.3273
vn -0.9865 0.0644 0.1505
vn -0.9457 0.2154 0.2433
vn -0.9865 0.0644 0.1505
vn -0.9446 0.0263 0.3273
vn -0.4161 0.2485 -0.8747
vn -0.4161 0.2485 -0.8747
vn -0.4161 0.2485 -0.8747
vn -0.9446 0.0263 0.3273
vn -0.9667 -0.0020 0.2560
vn -0.9457 0.2154 0.2433
vn -0.9948 0.0263 0.0980
vn -0.9948 0.0263 0.0980
vn -0.9865 0.0644 0.1505
vn -0.9961 0.0161 0.0864
vn -0.9865 0.0644 0.1505
vn -0.9951 0.0430 0.0886
vn -0.9951 0.0430 0.0886
vn -0.9947 0.0936 0.0414
vn -0.9961 0.0161 0.0864
vn -0.6862 0.5894 -0.4263
vn -0.9961 0.0161 0.0864
vn -0.9947 0.0936 0.0414
vn -0.0119 0.9886 -0.1503
vn -0.0010 1.0000 -0.0007
vn -0.4230 0.9055 0.0333
vn -0.1979 0.0088 -0.9802
vn -0.0862 0.1734 -0.9811
vn -0.2045 0.3269 -0.9227
vn -0.0640 0.4584 -0.8864
vn -0.0658 0.5881 -0.8061
vn 0.3272 0.5727 -0.7516
vn -0.0658 0.5881 -0.8061
vn -0.0607 0.7071 -0.7045
vn 0.2255 0.6197 -0.7518
vn -0.0274 0.9471 -0.3199
vn 0.2322 0.8688 -0.4374
vn -0.0465 0.8740 -0.4836
vn 0.4782 0.8518 -0.2137
vn -0.0274 0.9471 -0.3199
vn -0.0119 0.9886 -0.1503
vn -0.4230 0.9055 0.0333
vn -0.7767 0.6262 0.0672
vn -0.0274 0.9471 -0.3199
vn 0.6354 0.4159 -0.6506
vn 0.6354 0.4159 -0.6506
vn -0.0640 0.4584 -0.8864
vn -0.9664 0.1929 0.1701
vn -0.7767 0.6262 0.0672
vn -0.9961 0.0161 0.0864
vn 0.3279 0.8480 -0.4164
vn 0.3279 0.8480 -0.4164
vn -0.0274 0.9471 -0.3199
vn -0.0115 0.9999 0.0002
vn -0.0426 0.9990 0.0134
vn -0.0009 1.0000 0.0005
vn -0.0009 1.0000 0.0005
vn -0.0010 1.0000 -0.0007
vn -0.0115 0.9999 0.0002
vn -0.3007 -0.0034 0.9537
vn -0.0679 0.0166 0.9976
vn 0.0166 0.1000 0.9949
vn 0.0797 0.1383 0.9872
vn 0.0476 0.5713 0.8194
vn 0.0166 0.1000 0.9949
vn 0.0476 0.5713 0.8194
vn 0.5366 0.1449 0.8313
vn 0.0166 0.1000 0.9949
vn 0.0670 0.3935 0.9169
vn 0.0475 0.7070 0.7056
vn 0.5366 0.1449 0.8313
vn 0.0475 0.7070 0.7056
vn -0.0348 0.8207 0.5703
vn -0.1385 0.7371 0.6614
vn -0.0862 0.9564 0.2792
vn -0.2932 0.8857 0.3600
vn -0.0348 0.8207 0.5703
vn -0.8023 0.4608 0.3794
vn -0.8023 0.4608 0.3794
vn -0.8023 0.4608 0.3794
vn 0.0336 0.8518 0.5228
vn 0.0259 0.9218 0.3868
vn -0.0862 0.9564 0.2792
vn 0.0259 0.9218 0.3868
vn -0.0026 0.9968 0.0798
vn -0.0862 0.9564 0.2792
vn -0.0426 0.9990 0.0134
vn -0.0858 0.9963 0.0042
vn -0.0862 0.9564 0.2792
vn 0.2877 -0.0259 0.9574
vn -0.3007 -0.0034 0.9537
vn 0.5366 0.1449 0.8313
vn 0.5366 0.1449 0.8313
vn 0.8850 0.0449 0.4634
vn 0.2877 -0.0259 0.9574
vn -0.0862 0.1734 -0.9811
vn -0.1979 0.0088 -0.9802
vn -0.1115 0.0385 -0.9930
vn -0.1115 0.0385 -0.9930
vn -0.1437 0.1299 -0.9811
vn -0.0862 0.1734 -0.9811
vn -0.1093 0.2476 -0.9627
vn -0.2045 0.3269 -0.9227
vn -0.0862 0.1734 -0.9811
vn -0.0862 0.1734 -0.9811
vn -0.1437 0.1299 -0.9811
vn -0.1093 0.2476 -0.9627
vn -0.0949 0.3866 -0.9173
vn -0.0837 0.5192 -0.8506
vn -0.0640 0.4584 -0.8864
vn -0.0640 0.4584 -0.8864
vn -0.2045 0.3269 -0.9227
vn -0.0949 0.3866 -0.9173
vn -0.1093 0.2476 -0.9627
vn -0.0949 0.3866 -0.9173
vn -0.2045 0.3269 -0.9227
vn -0.0837 0.5192 -0.8506
vn -0.0658 0.5881 -0.8061
vn -0.0640 0.4584 -0.8864
vn -0.0837 0.5192 -0.8506
vn -0.0712 0.6208 -0.7807
vn -0.0658 0.5881 -0.8061
vn -0.0607 0.7071 -0.7045
vn -0.0658 0.5881 -0.8061
vn -0.0712 0.6208 -0.7807
vn -0.0712 0.6208 -0.7807
vn -0.0597 0.7075 -0.7042
vn -0.0607 0.7071 -0.7045
vn -0.0607 0.7071 -0.7045
vn -0.0597 0.7075 -0.7042
vn -0.0420 0.8652 -0.4997
vn -0.0420 0.8652 -0.4997
vn -0.6862 0.5894 -0.4263
vn -0.0607 0.7071 -0.7045
vn -0.0420 0.8652 -0.4997
vn -0.0755 0.9007 -0.4279
vn -0.0465 0.8740 -0.4836
vn -0.0465 0.8740 -0.4836
vn -0.6862 0.5894 -0.4263
vn -0.0420 0.8652 -0.4997
vn -0.1094 -0.0595 -0.9922
vn -0.1094 -0.0595 -0.9922
vn -0.1094 -0.0595 -0.9922
vn -0.0545 0.8497 -0.5245
vn -0.0274 0.9471 -0.3199
vn -0.0465 0.8740 -0.4836
vn -0.0545 0.8497 -0.5245
vn -0.0294 0.9678 -0.2499
vn -0.0274 0.9471 -0.3199
vn -0.0119 0.9886 -0.1503
vn -0.0274 0.9471 -0.3199
vn -0.0294 0.9678 -0.2499
vn -0.0294 0.9678 -0.2499
vn -0.0616 0.9901 -0.1265
vn -0.0119 0.9886 -0.1503
vn -0.0119 0.9886 -0.1503
vn -0.0616 0.9901 -0.1265
vn -0.0115 0.9999 0.0002
vn -0.0115 0.9999 0.0002
vn -0.0010 1.0000 -0.0007
vn -0.0119 0.9886 -0.1503
vn -0.3807 0.9242 0.0308
vn -0.0858 0.9963 0.0042
vn -0.0426 0.9990 0.0134
vn -0.0426 0.9990 0.0134
vn -0.0115 0.9999 0.0002
vn -0.3807 0.9242 0.0308
vn -0.0862 0.9564 0.2792
vn -0.0858 0.9963 0.0042
vn -0.5550 0.8268 0.0913
vn -0.5550 0.8268 0.0913
vn -0.0833 0.8325 0.5477
vn -0.0862 0.9564 0.2792
vn -0.3007 -0.0034 0.9537
vn 0.0166 0.1000 0.9949
vn -0.2470 -0.2517 0.9357
vn -0.5550 0.8268 0.0913
vn -0.2573 0.7505 0.6087
vn -0.2573 0.7505 0.6087
vn -0.0858 0.9963 0.0042
vn -0.3807 0.9242 0.0308
vn -0.1154 0.9034 -0.4129
vn -0.1154 0.9034 -0.4129
vn -0.5550 0.8268 0.0913
vn -0.0858 0.9963 0.0042
vn -0.5550 0.8268 0.0913
vn -0.1154 0.9034 -0.4129
vn -0.1307 0.9914 0.0005
vn -0.9333 0.3547 0.0562
vn -0.9880 -0.0222 0.1528
vn -0.5550 0.8268 0.0913
vn -0.3807 0.9242 0.0308
vn -0.0755 0.9007 -0.4279
vn -0.1154 0.9034 -0.4129
vn -0.1154 0.9034 -0.4129
vn -0.5742 0.5743 -0.5836
vn -0.9333 0.3547 0.0562
vn -0.9974 -0.0678 0.0261
vn -0.9831 -0.0643 0.1716
vn -0.9880 -0.0222 0.1528
vn -0.9997 -0.0232 -0.0060
vn -0.9880 -0.0222 0.1528
vn -0.9333 0.3547 0.0562
vn -0.9880 -0.0222 0.1528
vn -0.9997 -0.0232 -0.0060
vn -0.9974 -0.0678 0.0261
vn -0.9831 -0.0643 0.1716
vn -0.9974 -0.0678 0.0261
vn -0.9852 -0.1492 0.0843
vn -0.1795 -0.0461 -0.9827
vn -0.6332 -0.0668 -0.7711
vn -0.6332 -0.0668 -0.7711
vn -0.5735 -0.0755 -0.8157
vn -0.1795 -0.0461 -0.9827
vn -0.1834 -0.1258 -0.9750
vn -0.1795 -0.0461 -0.9827
vn 0.2405 0.1163 -0.9637
vn 0.2405 0.1163 -0.9637
vn -0.3807 0.9242 0.0308
vn -0.0115 0.9999 0.0002
vn -0.0616 0.9901 -0.1265
vn -0.0616 0.9901 -0.1265
vn -0.0755 0.9007 -0.4279
vn -0.3807 0.9242 0.0308
vn -0.0294 0.9678 -0.2499
vn -0.0545 0.8497 -0.5245
vn -0.0755 0.9007 -0.4279
vn -0.0616 0.9901 -0.1265
vn -0.0294 0.9678 -0.2499
vn -0.0755 0.9007 -0.4279
vn -0.1154 0.9034 -0.4129
vn -0.0755 0.9007 -0.4279
vn -0.0420 0.8652 -0.4997
vn -0.0420 0.8652 -0.4997
vn -0.0597 0.7075 -0.7042
vn -0.1154 0.9034 -0.4129
vn -0.0597 0.7075 -0.7042
vn -0.0712 0.6208 -0.7807
vn -0.1154 0.9034 -0.4129
vn -0.0712 0.6208 -0.7807
vn -0.0837 0.5192 -0.8506
vn -0.1154 0.9034 -0.4129
vn -0.0837 0.5192 -0.8506
vn -0.0949 0.3866 -0.9173
vn -0.1154 0.9034 -0.4129
vn -0.0949 0.3866 -0.9173
vn -0.1093 0.2476 -0.9627
vn -0.1154 0.9034 -0.4129
vn -0.1093 0.2476 -0.9627
vn -0.1437 0.1299 -0.9811
vn -0.5513 0.1708 -0.8166
vn -0.6664 0.0525 -0.7437
vn -0.1437 0.1299 -0.9811
vn -0.1115 0.0385 -0.9930
vn -0.1795 -0.0461 -0.9827
vn -0.6328 0.0846 -0.7697
vn -0.1115 0.0385 -0.9930
vn -0.3212 -0.8167 -0.4794
vn -0.0846 -0.8681 -0.4892
vn -0.3212 -0.8167 -0.4794
vn -0.0846 -0.8681 -0.4892
vn -0.0290 -0.9993 -0.0234
vn -0.3297 -0.7974 -0.5055
vn -0.0767 -0.7622 -0.6428
vn -0.0598 -0.9903 -0.1255
vn -0.3151 -0.9357 -0.1588
vn -0.3338 -0.9421 -0.0328
vn -0.0598 -0.9903 -0.1255
vn -0.0544 -0.9982 -0.0239
vn -0.1115 0.0385 -0.9930
vn -0.1979 0.0088 -0.9802
vn -0.1811 0.1221 -0.9759
vn -0.1115 0.0385 -0.9930
vn -0.1811 0.1221 -0.9759
vn -0.1795 -0.0461 -0.9827
vn -0.0238 -0.0600 -0.9979
vn -0.0649 -0.0472 -0.9968
vn -0.1795 -0.0461 -0.9827
vn -0.0683 0.0920 0.9934
vn -0.0683 0.0920 0.9934
vn -0.6360 0.4940 0.5929
vn -0.1790 0.4360 0.8820
vn -0.6360 0.4940 0.5929
vn -0.1790 0.4360 0.8820
vn -0.6074 0.0074 -0.7944
vn -0.0897 0.0000 -0.9960
vn -0.0897 0.0000 -0.9960
vn -0.1082 -0.0003 -0.9941
vn -0.3965 -0.0021 -0.9180
vn -0.6074 0.0074 -0.7944
vn -0.1811 0.1221 -0.9759
vn -0.9722 0.1493 -0.1803
vn -0.9228 -0.0024 -0.3852
vn -0.9228 -0.0024 -0.3852
vn -0.6074 0.0074 -0.7944
vn -0.1811 0.1221 -0.9759
vn -0.1811 0.1221 -0.9759
vn -0.6074 0.0074 -0.7944
vn -0.0238 -0.0600 -0.9979
vn -0.0238 -0.0600 -0.9979
vn 0.1503 -0.0764 -0.9857
vn -0.1811 0.1221 -0.9759
vn 0.7559 0.5995 -0.2630
vn 0.7559 0.5995 -0.2630
vn 0.7559 0.5995 -0.2630
vn -0.1811 0.1221 -0.9759
vn 0.1503 -0.0764 -0.9857
vn 0.0518 0.5422 -0.8386
vn -0.1531 0.1688 -0.9737
vn -0.2289 -0.1950 -0.9537
vn -0.4396 0.2751 -0.8550
vn -0.4191 0.3547 -0.8358
vn 0.0518 0.5422 -0.8386
vn -0.1531 0.1688 -0.9737
vn -0.8246 0.0634 -0.5622
vn -0.2289 -0.1950 -0.9537
vn -0.1795 -0.0461 -0.9827
vn 0.6087 -0.7083 0.3574
vn 0.6087 -0.7083 0.3574
vn 0.6087 -0.7083 0.3574
vn -0.0238 -0.0600 -0.9979
vn -0.1795 -0.0461 -0.9827
vn 0.1503 -0.0764 -0.9857
vn 0.1302 -0.8605 -0.4926
vn 0.1302 -0.8605 -0.4926
vn 0.1302 -0.8605 -0.4926
vn 0.0928 -0.4760 -0.8745
vn 0.1503 -0.0764 -0.9857
vn -0.2289 -0.1950 -0.9537
vn -0.5144 -0.7705 -0.3764
vn 0.0928 -0.4760 -0.8745
vn -0.5144 -0.7705 -0.3764
vn 0.0670 0.0079 0.9977
vn 0.0861 0.0000 0.9963
vn 0.0861 0.0000 0.9963
vn -0.4070 0.0155 0.9133
vn -0.4070 0.0155 0.9133
vn 0.0670 0.0079 0.9977
vn 0.0861 0.0000 0.9963
vn 0.0670 0.0079 0.9977
vn -0.0401 -0.0868 0.9954
vn -0.0401 -0.0868 0.9954
vn -0.0558 -0.0361 0.9978
vn 0.0816 -0.0000 0.9967
vn 0.0670 0.0079 0.9977
vn 0.0146 0.3730 0.9277
vn -0.0401 -0.0868 0.9954
vn -0.6633 -0.5771 0.4764
vn -0.6633 -0.5771 0.4764
vn -0.6633 -0.5771 0.4764
vn 0.1215 -0.1267 0.9845
vn 0.0146 0.3730 0.9277
vn 0.3128 -0.3843 0.8686
vn -0.4021 0.3253 0.8559
vn 0.0146 0.3730 0.9277
vn -0.0224 0.1933 0.9809
vn -0.9612 -0.0706 -0.2667
vn -0.9612 -0.0706 -0.2667
vn -0.9612 -0.0706 -0.2667
vn 0.1459 -0.2270 0.9629
vn -0.1861 -0.7218 0.6667
vn -0.0432 -0.1787 0.9830
vn 0.3128 -0.3843 0.8686
vn -0.0432 -0.1787 0.9830
vn 0.1215 -0.1267 0.9845
vn 0.1592 -0.8867 0.4340
vn 0.1592 -0.8867 0.4340
vn 0.3128 -0.3843 0.8686
vn 0.7663 -0.4445 -0.4639
vn 0.7663 -0.4445 -0.4639
vn 0.7663 -0.4445 -0.4639
vn 0.0146 0.3730 0.9277
vn -0.4021 0.3253 0.8559
vn 0.1459 -0.2270 0.9629
vn 0.1459 -0.2270 0.9629
vn 0.3128 -0.3843 0.8686
vn 0.0146 0.3730 0.9277
vn -0.7663 0.4445 0.4639
vn -0.7663 0.4445 0.4639
vn -0.7663 0.4445 0.4639
vn 0.8649 -0.0558 -0.4988
vn 0.8649 -0.0558 -0.4988
vn 0.8649 -0.0558 -0.4988
vn 0.9522 -0.2336 -0.1967
vn 0.9522 -0.2336 -0.1967
vn 0.9522 -0.2336 -0.1967
vn 0.9920 0.1155 -0.0513
vn 0.9920 0.1155 -0.0513
vn 0.9920 0.1155 -0.0513
vn 0.0324 0.8721 -0.4883
vn -0.3217 0.6316 -0.7054
vn -0.1099 0.2892 -0.9510
vn -0.0324 -0.8721 0.4883
vn -0.0324 -0.8721 0.4883
vn -0.0324 -0.8721 0.4883
vn 0.2111 0.8684 0.4488
vn 0.2111 0.8684 0.4488
vn 0.2111 0.8684 0.4488
vn -0.2111 -0.8684 -0.4488
vn -0.0978 -0.6852 -0.7217
vn -0.5621 -0.3679 -0.7408
vn 0.0824 0.7621 0.6422
vn 0.0824 0.7621 0.6422
vn 0.0824 0.7621 0.6422
vn -0.4705 0.8817 -0.0361
vn -0.4705 0.8817 -0.0361
vn -0.4705 0.8817 -0.0361
vn 0.4705 -0.8817 0.0361
vn 0.4705 -0.8817 0.0361
vn 0.4705 -0.8817 0.0361
vn 0.0084 0.6998 -0.7143
vn 0.0084 0.6998 -0.7143
vn 0.0084 0.6998 -0.7143
vn 0.1487 0.0457 0.9878
vn 0.1487 0.0457 0.9878
vn 0.1487 0.0457 0.9878
vn -0.1487 -0.0457 -0.9878
vn -0.1099 0.2892 -0.9510
vn -0.3217 0.6316 -0.7054
vn 0.1480 -0.3167 0.9369
vn 0.0555 0.1072 0.9927
vn -0.3459 0.0742 0.9353
vn -0.3459 0.0742 0.9353
vn 0.2038 0.9105 0.3599
vn -0.4305 0.4962 0.7540
vn -0.0979 -0.8559 -0.5079
vn -0.0979 -0.8559 -0.5079
vn -0.0979 -0.8559 -0.5079
vn -0.1156 0.8583 0.4999
vn 0.0979 0.8559 0.5079
vn 0.2038 0.9105 0.3599
vn -0.0020 -0.9171 0.3987
vn -0.0020 -0.9171 0.3987
vn -0.0020 -0.9171 0.3987
vn 0.0020 0.9171 -0.3987
vn 0.3550 0.9341 -0.0378
vn 0.0020 0.9171 -0.3987
vn -0.0457 0.2988 0.9532
vn -0.0457 0.2988 0.9532
vn -0.0457 0.2988 0.9532
vn 0.3550 0.9341 -0.0378
vn -0.0029 0.9838 -0.1790
vn -0.0085 0.9954 0.0954
vn 0.0457 -0.2988 -0.9532
vn 0.0457 -0.2988 -0.9532
vn 0.0457 -0.2988 -0.9532
vn 0.2117 0.8644 0.4562
vn 0.2117 0.8644 0.4562
vn 0.2117 0.8644 0.4562
vn -0.2117 -0.8644 -0.4562
vn 0.1113 -0.9911 -0.0735
vn -0.2117 -0.8644 -0.4562
vn 0.1113 -0.9911 -0.0735
vn 0.0074 -0.9960 0.0891
vn 0.0074 -0.9960 0.0891
vn -0.1192 0.3443 -0.9313
vn -0.1099 0.2892 -0.9510
vn 0.0548 -0.1162 -0.9917
vn -0.0824 -0.7621 -0.6422
vn -0.0824 -0.7621 -0.6422
vn -0.0978 -0.6852 -0.7217
vn 0.0849 -0.9575 0.2758
vn 0.1113 -0.9911 -0.0735
vn -0.0319 -0.9197 0.3912
vn -0.1156 0.8583 0.4999
vn 0.2038 0.9105 0.3599
vn 0.0698 0.9511 0.3009
vn -0.0029 0.9838 -0.1790
vn 0.3550 0.9341 -0.0378
vn 0.3569 0.8258 -0.4367
vn -0.3217 0.6316 -0.7054
vn 0.3569 0.8258 -0.4367
vn -0.1099 0.2892 -0.9510
vn -0.3217 0.6316 -0.7054
vn -0.2260 0.8107 -0.5400
vn 0.3569 0.8258 -0.4367
vn 0.3569 0.8258 -0.4367
vn -0.0791 0.9486 -0.3065
vn -0.0029 0.9838 -0.1790
vn -0.0103 0.9823 0.1871
vn 0.0698 0.9511 0.3009
vn 0.3550 0.9341 -0.0378
vn 0.0698 0.9511 0.3009
vn -0.0169 0.9798 0.1991
vn -0.1156 0.8583 0.4999
vn 0.2038 0.9105 0.3599
vn -0.1156 0.8583 0.4999
vn -0.4305 0.4962 0.7540
vn -0.3459 0.0742 0.9353
vn 0.0555 0.1072 0.9927
vn 0.2038 0.9105 0.3599
vn 0.0539 -0.1854 0.9812
vn 0.1480 -0.3167 0.9369
vn -0.3459 0.0742 0.9353
vn 0.1567 -0.8280 0.5384
vn -0.0319 -0.9197 0.3912
vn 0.1480 -0.3167 0.9369
vn 0.1480 -0.3167 0.9369
vn 0.0254 -0.4234 0.9056
vn 0.0254 -0.4234 0.9056
vn -0.0319 -0.9197 0.3912
vn 0.0694 -0.9272 0.3682
vn 0.0694 -0.9272 0.3682
vn 0.0111 -0.9963 -0.0854
vn -0.6713 -0.6665 -0.3243
vn 0.1113 -0.9911 -0.0735
vn -0.0084 -0.6998 0.7143
vn -0.0084 -0.6998 0.7143
vn -0.0084 -0.6998 0.7143
vn 0.2539 -0.8693 -0.4241
vn -0.0978 -0.6852 -0.7217
vn 0.1113 -0.9911 -0.0735
vn -0.0978 -0.6852 -0.7217
vn -0.6713 -0.6665 -0.3243
vn -0.0607 -0.5939 -0.8022
vn -0.5621 -0.3679 -0.7408
vn 0.0548 -0.1162 -0.9917
vn -0.0978 -0.6852 -0.7217
vn -0.0978 -0.6852 -0.7217
vn -0.0382 -0.4135 -0.9097
vn -0.5621 -0.3679 -0.7408
vn -0.8073 -0.0046 -0.5901
vn 0.0548 -0.1162 -0.9917
vn -0.5621 -0.3679 -0.7408
vn 0.0548 -0.1162 -0.9917
vn -0.8073 -0.0046 -0.5901
vn -0.1192 0.3443 -0.9313
vn -0.1099 0.2892 -0.9510
vn -0.1192 0.3443 -0.9313
vn -0.3217 0.6316 -0.7054
vn -0.1192 0.3443 -0.9313
vn -0.8073 -0.0046 -0.5901
vn -0.3217 0.6316 -0.7054
vn -0.6713 -0.6665 -0.3243
vn -0.8433 -0.4547 -0.2866
vn -0.9707 0.2254 0.0833
vn -0.8434 -0.5314 0.0795
vn -0.7502 -0.2628 0.6068
vn -0.9707 0.2254 0.0833
vn -0.9720 -0.0903 0.2171
vn -0.8434 -0.5314 0.0795
vn -0.9707 0.2254 0.0833
vn -0.8073 -0.0046 -0.5901
vn -0.9986 0.0014 0.0538
vn -0.9707 0.2254 0.0833
vn -0.9994 0.0278 0.0226
vn -0.8073 -0.0046 -0.5901
vn -0.9707 0.2254 0.0833
vn -0.9851 0.0595 0.1616
vn -0.9851 0.0595 0.1616
vn -0.9707 0.2254 0.0833
vn -0.4641 -0.8221 -0.3299
vn -0.4641 -0.8221 -0.3299
vn -0.4641 -0.8221 -0.3299
vn -0.7802 -0.1509 0.6071
vn -0.3459 0.0742 0.9353
vn -0.9707 0.2254 0.0833
vn -0.7477 -0.4240 -0.5110
vn -0.7477 -0.4240 -0.5110
vn -0.7477 -0.4240 -0.5110
vn -0.7310 -0.5382 0.4195
vn -0.7304 -0.5321 0.4282
vn -0.9707 0.2254 0.0833
vn -0.9707 0.2254 0.0833
vn -0.8433 -0.4547 -0.2866
vn -0.7310 -0.5382 0.4195
vn 0.2791 -0.3427 -0.8970
vn -0.4761 0.3987 -0.7838
vn 0.1755 -0.0776 -0.9814
vn 0.9991 -0.0011 0.0424
vn 0.9991 -0.0011 0.0424
vn 0.9534 -0.0208 0.3011
vn 0.9945 0.0257 -0.1020
vn 0.9945 0.0257 -0.1020
vn 0.9945 0.0257 -0.1020
vn 0.7265 0.6572 0.2004
vn 0.7265 0.6572 0.2004
vn 0.7265 0.6572 0.2004
vn 0.8922 -0.0242 0.4511
vn 0.8922 -0.0242 0.4511
vn 0.9534 -0.0208 0.3011
vn 0.9919 0.0842 -0.0954
vn 0.9919 0.0842 -0.0954
vn 0.9919 0.0842 -0.0954
vn 0.8481 0.3595 -0.3892
vn 0.8481 0.3595 -0.3892
vn 0.5006 0.8627 0.0720
vn 0.8638 -0.4817 -0.1478
vn 0.8638 -0.4817 -0.1478
vn 0.8638 -0.4817 -0.1478
vn 0.7345 -0.6777 0.0352
vn 0.7345 -0.6777 0.0352
vn 0.7345 -0.6777 0.0352
vn 0.7652 -0.5127 -0.3893
vn 0.7652 -0.5127 -0.3893
vn 0.2791 -0.3427 -0.8970
vn 0.7864 -0.5826 -0.2055
vn 0.7864 -0.5826 -0.2055
vn 0.7864 -0.5826 -0.2055
vn -0.1875 0.1541 0.9701
vn 0.3735 0.4771 0.7956
vn 0.3735 0.4771 0.7956
vn 0.7345 -0.6777 0.0352
vn 0.7345 -0.6777 0.0352
vn 0.7345 -0.6777 0.0352
vn 0.9919 0.0842 -0.0954
vn 0.9919 0.0842 -0.0954
vn 0.9919 0.0842 -0.0954
vn -0.8638 0.4817 0.1478
vn -0.9756 0.0417 0.2154
vn -0.8638 0.4817 0.1478
vn -0.6962 -0.3970 -0.5981
vn -0.6962 -0.3970 -0.5981
vn -0.6962 -0.3970 -0.5981
vn 0.9446 -0.2964 -0.1413
vn 0.9446 -0.2964 -0.1413
vn 0.9446 -0.2964 -0.1413
vn -0.8003 0.4125 0.4351
vn -0.9446 0.2964 0.1413
vn -0.9922 0.0853 0.0910
vn -0.8003 0.4125 0.4351
vn -0.9919 -0.0842 0.0954
vn -0.9922 0.0853 0.0910
vn -0.9873 -0.0261 0.1569
vn -0.9991 0.0011 -0.0424
vn -0.9991 0.0011 -0.0424
vn -0.9873 -0.0261 0.1569
vn -0.7345 0.6777 -0.0352
vn -0.7345 0.6777 -0.0352
vn 0.9925 -0.1145 0.0428
vn 0.9925 -0.1145 0.0428
vn 0.6299 -0.7003 0.3360
vn 0.4120 -0.6291 0.6592
vn -0.1915 -0.8481 0.4940
vn 0.6299 -0.7003 0.3360
vn 0.9614 0.1409 -0.2363
vn 0.9614 0.1409 -0.2363
vn 0.9614 0.1409 -0.2363
vn 0.6299 -0.7003 0.3360
vn -0.1915 -0.8481 0.4940
vn 0.1368 -0.9745 0.1780
vn -0.9949 -0.0997 0.0132
vn -0.7864 0.5826 0.2055
vn -0.9913 -0.1046 0.0801
vn -0.9954 0.0296 -0.0916
vn -0.9945 -0.0257 0.1020
vn -0.9949 -0.0997 0.0132
vn -0.9954 0.0296 -0.0916
vn -0.5558 0.6740 -0.4866
vn -0.6364 0.1961 -0.7460
vn 0.8533 0.3160 -0.4148
vn 0.7897 0.5619 -0.2465
vn 0.7897 0.5619 -0.2465
vn -0.9922 0.0853 0.0910
vn -0.9669 0.1769 -0.1841
vn -0.9669 0.1769 -0.1841
vn 0.9906 -0.1245 0.0567
vn 0.9906 -0.1245 0.0567
vn 0.8533 0.3160 -0.4148
vn 0.9669 -0.1769 0.1841
vn 0.9669 -0.1769 0.1841
vn 0.9669 -0.1769 0.1841
vn -0.8922 0.0242 -0.4511
vn -0.8922 0.0242 -0.4511
vn -0.8922 0.0242 -0.4511
vn -0.7652 0.5127 0.3893
vn -0.9949 -0.0997 0.0132
vn -0.7652 0.5127 0.3893
vn -0.9388 -0.0613 -0.3390
vn -0.9954 0.0296 -0.0916
vn -0.9388 -0.0613 -0.3390
vn -0.8113 0.1851 -0.5545
vn -0.9954 0.0296 -0.0916
vn -0.8113 0.1851 -0.5545
vn -0.9621 0.2490 -0.1116
vn -0.9922 0.0853 0.0910
vn -0.9621 0.2490 -0.1116
vn -0.8857 0.4501 0.1139
vn -0.9922 0.0853 0.0910
vn -0.8857 0.4501 0.1139
vn -0.9922 0.0853 0.0910
vn -0.8003 0.4125 0.4351
vn -0.9446 0.2964 0.1413
vn -0.9873 -0.0261 0.1569
vn -0.9925 0.1145 -0.0428
vn -0.9925 0.1145 -0.0428
vn 0.9388 0.0613 0.3390
vn 0.9388 0.0613 0.3390
vn 0.9388 0.0613 0.3390
vn 0.8942 -0.0202 0.4471
vn 0.8942 -0.0202 0.4471
vn 0.9534 -0.0208 0.3011
vn 0.8922 -0.0242 0.4511
vn 0.8922 -0.0242 0.4511
vn 0.9534 -0.0208 0.3011
vn 0.6962 0.3970 0.5981
vn 0.6962 0.3970 0.5981
vn 0.6962 0.3970 0.5981
vn 0.8113 -0.1851 0.5545
vn 0.8113 -0.1851 0.5545
vn 0.8113 -0.1851 0.5545
vn 0.9945 0.0257 -0.1020
vn 0.9945 0.0257 -0.1020
vn 0.9945 0.0257 -0.1020
vn 0.7652 -0.5127 -0.3893
vn 0.2791 -0.3427 -0.8970
vn 0.7652 -0.5127 -0.3893
vn 0.7864 -0.5826 -0.2055
vn 0.7864 -0.5826 -0.2055
vn 0.7864 -0.5826 -0.2055
vn 0.9991 -0.0011 0.0424
vn 0.9534 -0.0208 0.3011
vn 0.9991 -0.0011 0.0424
vn 0.8857 -0.4501 -0.1139
vn 0.8857 -0.4501 -0.1139
vn 0.8857 -0.4501 -0.1139
vn 0.9621 -0.2490 0.1116
vn 0.8533 0.3160 -0.4148
vn 0.9621 -0.2490 0.1116
vn 0.8857 -0.4501 -0.1139
vn 0.8857 -0.4501 -0.1139
vn 0.8857 -0.4501 -0.1139
vn -0.8857 0.4501 0.1139
vn -0.9922 0.0853 0.0910
vn -0.8857 0.4501 0.1139
vn 0.9446 -0.2964 -0.1413
vn 0.9446 -0.2964 -0.1413
vn 0.9446 -0.2964 -0.1413
f 1441//1 1439//2 1383//3
f 1456//4 1441//5 1383//6
f 1383//7 1439//8 1456//9
f 1443//10 1441//11 1456//12
f 963//13 958//14 957//15
f 986//16 1018//17 1002//18
f 994//19 986//20 1002//21
f 1004//22 994//23 1002//24
f 1006//25 1004//26 1002//27
f 1040//28 1006//29 1002//30
f 1339//31 1336//32 1316//33
f 1316//34 1047//35 1339//36
f 1381//37 1395//38 1389//39
f 1381//40 1389//41 1376//42
f 1381//43 1376//44 1369//45
f 1381//46 1369//47 1362//48
f 1362//49 1339//50 1381//51
f 1339//52 1362//53 1359//54
f 1339//55 1359//56 1352//57
f 1421//58 1404//59 1425//60
f 1404//61 1421//62 1416//63
f 1404//64 1416//65 1413//66
f 1404//67 1413//68 1407//69
f 1381//70 1404//71 1398//72
f 1381//73 1398//74 1395//75
f 1441//76 1443//77 1438//78
f 1441//79 1438//80 1432//81
f 1425//82 1441//83 1432//84
f 1425//85 1432//86 1430//87
f 1456//88 1447//89 1443//90
f 1479//91 1502//92 1499//93
f 1502//94 1479//95 1506//96
f 1506//97 1504//98 1502//99
f 1505//100 1504//101 1506//102
f 1512//103 1509//104 1506//105
f 1506//106 1479//107 1512//108
f 1479//109 1515//110 1512//111
f 1515//112 1479//113 1513//114
f 1439//115 1441//116 1381//117
f 1381//118 1425//119 1404//120
f 1425//121 1381//122 1441//123
f 1381//124 1339//125 1047//126
f 1018//127 972//128 963//129
f 1018//130 963//131 1002//132
f 1047//133 1002//134 1235//135
f 1381//136 1047//137 1235//138
f 1235//139 1439//140 1381//141
f 1479//142 1456//143 1439//144
f 1513//145 1479//146 1495//147
f 1513//148 1495//149 1508//150
f 1508//151 1511//152 1513//153
f 1245//154 1291//155 1305//156
f 1508//157 1514//158 1511//159
f 1508//160 1510//161 1514//162
f 1491//163 1501//164 1503//165
f 1503//166 1507//167 1491//168
f 1491//169 1507//170 1508//171
f 1489//172 1492//173 1491//174
f 1491//175 1472//176 1489//177
f 1472//178 1487//179 1489//180
f 1484//181 1487//182 1472//183
f 1472//184 1478//185 1484//186
f 1478//187 1472//188 1477//189
f 1475//190 1477//191 1472//192
f 1472//193 1469//194 1475//195
f 1472//196 1467//197 1469//198
f 1467//199 1472//200 1459//201
f 1459//202 1464//203 1467//204
f 1459//205 1455//206 1460//207
f 1455//208 1459//209 1442//210
f 1442//211 1454//212 1455//213
f 1442//214 1451//215 1454//216
f 1442//217 1450//218 1451//219
f 1442//220 1445//221 1450//222
f 1445//223 1442//224 1434//225
f 1434//226 1444//227 1445//228
f 1436//229 1434//230 1426//231
f 1426//232 1431//233 1436//234
f 1426//235 1420//236 1424//237
f 1420//238 1426//239 1401//240
f 1401//241 1417//242 1420//243
f 1401//244 1414//245 1417//246
f 1401//247 1408//248 1414//249
f 1401//250 1406//251 1408//252
f 1401//253 1399//254 1406//255
f 1401//256 1397//257 1399//258
f 1397//259 1401//260 1360//261
f 1360//262 1393//263 1397//264
f 1360//265 1388//266 1393//267
f 1360//268 1377//269 1388//270
f 1360//271 1367//272 1377//273
f 1360//274 1356//275 1367//276
f 1360//277 1335//278 1346//279
f 1360//280 1318//281 1335//282
f 1360//283 1305//284 1318//285
f 1245//286 1305//287 1360//288
f 1495//289 1491//290 1508//291
f 1495//292 1459//293 1472//294
f 1434//295 1442//296 1401//297
f 1495//298 1245//299 1360//300
f 1023//301 1245//302 1495//303
f 1000//304 1005//305 1009//306
f 1009//307 1005//308 1007//309
f 1009//310 983//311 993//312
f 993//313 1000//314 1009//315
f 1401//316 1442//317 1495//318
f 1043//319 1245//320 1023//321
f 1037//322 960//323 1009//324
f 960//325 983//326 1009//327
f 960//328 1037//329 1023//330
f 1401//331 1426//332 1434//333
f 1495//334 1360//335 1401//336
f 1043//337 1023//338 1037//339
f 960//340 964//341 983//342
f 1495//343 1472//344 1491//345
f 1459//346 1495//347 1442//348
f 960//349 936//350 930//351
f 930//352 940//353 941//354
f 930//355 936//356 940//357
f 936//358 938//359 940//360
f 963//361 957//362 947//363
f 937//364 963//365 947//366
f 962//367 965//368 974//369
f 956//370 948//371 947//372
f 947//373 978//374 956//375
f 978//376 999//377 1071//378
f 1052//379 1071//380 999//381
f 957//382 958//383 965//384
f 965//385 962//386 957//387
f 962//388 999//389 957//390
f 999//391 978//392 957//393
f 978//394 947//395 957//396
f 999//397 962//398 974//399
f 974//400 1020//401 999//402
f 999//403 1020//404 1052//405
f 933//406 911//407 904//408
f 947//409 939//410 937//411
f 870//412 921//413 948//414
f 921//415 870//416 869//417
f 921//418 869//419 876//420
f 876//421 875//422 921//423
f 921//424 875//425 874//426
f 921//427 874//428 899//429
f 921//430 899//431 926//432
f 948//433 921//434 947//435
f 947//436 921//437 926//438
f 926//439 934//440 947//441
f 956//442 978//443 1057//444
f 1060//445 1074//446 955//447
f 955//448 953//449 1060//450
f 1059//451 1060//452 953//453
f 953//454 952//455 1059//456
f 949//457 948//458 956//459
f 1057//460 949//461 956//462
f 950//463 949//464 1057//465
f 1057//466 1058//467 950//468
f 951//469 950//470 1058//471
f 1058//472 1061//473 951//474
f 952//475 951//476 1061//477
f 952//478 1061//479 1059//480
f 1071//481 1052//482 1072//483
f 1071//484 1072//485 1044//486
f 978//487 1044//488 1123//489
f 978//490 1071//491 1044//492
f 1072//493 1073//494 1044//495
f 1052//496 1063//497 1072//498
f 1109//499 1123//500 1044//501
f 1122//502 1121//503 1120//504
f 1109//505 1122//506 1120//507
f 1120//508 1123//509 1109//510
f 1378//511 1373//512 1403//513
f 1085//514 1088//515 1097//516
f 1097//517 1086//518 1085//519
f 1119//520 1121//521 1122//522
f 1126//523 1119//524 1122//525
f 1122//526 1094//527 1135//528
f 1135//529 1130//530 1122//531
f 1122//532 1130//533 1126//534
f 1094//535 1144//536 1140//537
f 1094//538 1140//539 1135//540
f 1094//541 1153//542 1151//543
f 1151//544 1148//545 1094//546
f 1148//547 1144//548 1094//549
f 1157//550 1153//551 1094//552
f 1163//553 1157//554 1094//555
f 1168//556 1163//557 1094//558
f 1094//559 1190//560 1179//561
f 1179//562 1172//563 1094//564
f 1172//565 1168//566 1094//567
f 1181//568 1179//569 1190//570
f 1197//571 1194//572 1190//573
f 1203//574 1197//575 1184//576
f 1197//577 1190//578 1184//579
f 1184//580 1212//581 1203//582
f 1215//583 1212//584 1184//585
f 1184//586 1219//587 1215//588
f 1184//589 1209//590 1226//591
f 1226//592 1219//593 1184//594
f 1238//595 1209//596 1248//597
f 1248//598 1243//599 1238//600
f 1248//601 1261//602 1254//603
f 1261//604 1248//605 1273//606
f 1273//607 1263//608 1261//609
f 1301//610 1277//611 1273//612
f 1282//613 1277//614 1301//615
f 1301//616 1289//617 1282//618
f 1296//619 1292//620 1301//621
f 1292//622 1289//623 1301//624
f 1304//625 1301//626 1327//627
f 1309//628 1307//629 1327//630
f 1307//631 1304//632 1327//633
f 1317//634 1313//635 1327//636
f 1313//637 1309//638 1327//639
f 1327//640 1334//641 1322//642
f 1322//643 1317//644 1327//645
f 1338//646 1334//647 1327//648
f 1327//649 1371//650 1338//651
f 1371//652 1342//653 1338//654
f 1373//655 1365//656 1403//657
f 1403//658 1365//659 1371//660
f 1385//661 1378//662 1403//663
f 1403//664 1391//665 1385//666
f 1109//667 1097//668 1094//669
f 1086//670 1097//671 1109//672
f 1092//673 1094//674 1097//675
f 1122//676 1109//677 1094//678
f 1190//679 1065//680 1184//681
f 1065//682 1190//683 1094//684
f 1327//685 1301//686 1371//687
f 1371//688 1316//689 1422//690
f 1422//691 1403//692 1371//693
f 989//694 988//695 980//696
f 1024//697 1079//698 1066//699
f 1525//700 1526//701 1577//702
f 1526//703 1529//704 1579//705
f 1085//706 1026//707 1028//708
f 1438//709 1540//710 1537//711
f 1545//712 1449//713 1452//714
f 1422//715 1316//716 1336//717
f 1336//718 1435//719 1422//720
f 1336//721 1339//722 1435//723
f 1435//724 1339//725 1352//726
f 1352//727 1449//728 1435//729
f 1545//730 1457//731 1461//732
f 1545//733 1461//734 1465//735
f 1545//736 1465//737 1473//738
f 1545//739 1480//740 1485//741
f 1545//742 1496//743 1517//744
f 1517//745 1553//746 1545//747
f 1523//748 1570//749 1553//750
f 1553//751 1520//752 1523//753
f 1553//754 1517//755 1520//756
f 1570//757 1527//758 1532//759
f 1570//760 1532//761 1536//762
f 1536//763 1585//764 1570//765
f 1597//766 1585//767 1537//768
f 1537//769 1540//770 1597//771
f 1547//772 1549//773 1602//774
f 1549//775 1606//776 1602//777
f 1606//778 1549//779 1551//780
f 1608//781 1606//782 1551//783
f 1551//784 1556//785 1608//786
f 1556//787 1612//788 1608//789
f 1556//790 1558//791 1612//792
f 1558//793 1560//794 1612//795
f 1560//796 1617//797 1612//798
f 1560//799 1563//800 1617//801
f 1622//802 1617//803 1563//804
f 1583//805 1646//806 1639//807
f 1587//808 1650//809 1646//810
f 1587//811 1589//812 1650//813
f 1589//814 1655//815 1650//816
f 1591//817 1660//818 1655//819
f 1660//820 1591//821 1592//822
f 1592//823 1666//824 1660//825
f 1655//826 1589//827 1591//828
f 1591//829 1589//830 1509//831
f 1509//832 1512//833 1591//834
f 1512//835 1515//836 1591//837
f 1592//838 1591//839 1515//840
f 1515//841 1513//842 1592//843
f 1646//844 1583//845 1587//846
f 1587//847 1583//848 1499//849
f 1499//850 1502//851 1587//852
f 1587//853 1502//854 1504//855
f 1504//856 1505//857 1587//858
f 1589//859 1587//860 1505//861
f 1505//862 1506//863 1589//864
f 1589//865 1506//866 1509//867
f 1531//868 1498//869 1583//870
f 1581//871 1583//872 1639//873
f 1583//874 1581//875 1531//876
f 1498//877 1499//878 1583//879
f 1479//880 1499//881 1498//882
f 1498//883 1490//884 1479//885
f 1456//886 1479//887 1490//888
f 1456//889 1490//890 1382//891
f 1447//892 1456//893 1382//894
f 1447//895 1549//896 1547//897
f 1549//898 1447//899 1468//900
f 1547//901 1543//902 1443//903
f 1443//904 1447//905 1547//906
f 1547//907 1602//908 1597//909
f 1597//910 1543//911 1547//912
f 1597//913 1540//914 1543//915
f 1443//916 1543//917 1540//918
f 1540//919 1438//920 1443//921
f 1430//922 1432//923 1537//924
f 1537//925 1432//926 1438//927
f 1585//928 1536//929 1537//930
f 1537//931 1536//932 1430//933
f 1430//934 1536//935 1532//936
f 1416//937 1421//938 1527//939
f 1532//940 1527//941 1421//942
f 1421//943 1425//944 1532//945
f 1425//946 1430//947 1532//948
f 1407//949 1517//950 1496//951
f 1517//952 1407//953 1413//954
f 1413//955 1520//956 1517//957
f 1520//958 1413//959 1416//960
f 1416//961 1523//962 1520//963
f 1527//964 1523//965 1416//966
f 1523//967 1527//968 1570//969
f 1398//970 1404//971 1496//972
f 1496//973 1404//974 1407//975
f 1545//976 1485//977 1496//978
f 1496//979 1485//980 1398//981
f 1398//982 1485//983 1480//984
f 1389//985 1395//986 1480//987
f 1395//988 1398//989 1480//990
f 1473//991 1480//992 1545//993
f 1480//994 1473//995 1389//996
f 1389//997 1473//998 1465//999
f 1465//1000 1376//1001 1389//1002
f 1376//1003 1465//1004 1461//1005
f 1452//1006 1457//1007 1545//1008
f 1362//1009 1457//1010 1452//1011
f 1461//1012 1457//1013 1362//1014
f 1362//1015 1369//1016 1461//1017
f 1369//1018 1376//1019 1461//1020
f 1452//1021 1449//1022 1352//1023
f 1352//1024 1359//1025 1452//1026
f 1359//1027 1362//1028 1452//1029
f 1047//1030 1316//1031 1371//1032
f 1371//1033 1301//1034 1047//1035
f 1049//1036 1047//1037 1301//1038
f 1301//1039 1273//1040 1049//1041
f 1049//1042 1273//1043 1248//1044
f 1248//1045 1209//1046 1049//1047
f 1209//1048 1184//1049 1049//1050
f 1047//1051 1049//1052 1184//1053
f 1184//1054 1065//1055 1047//1056
f 1047//1057 1065//1058 1040//1059
f 1040//1060 1002//1061 1047//1062
f 1026//1063 994//1064 1004//1065
f 1004//1066 1028//1067 1026//1068
f 1031//1069 1028//1070 1004//1071
f 1031//1072 1004//1073 1006//1074
f 1021//1075 986//1076 994//1077
f 1018//1078 986//1079 1021//1080
f 972//1081 973//1082 963//1083
f 1063//1084 985//1085 988//1086
f 980//1087 988//1088 985//1089
f 973//1090 980//1091 985//1092
f 973//1093 985//1094 958//1095
f 965//1096 958//1097 985//1098
f 1063//1099 1052//1100 1020//1101
f 985//1102 1063//1103 1020//1104
f 1020//1105 974//1106 985//1107
f 985//1108 974//1109 965//1110
f 1073//1111 1072//1112 989//1113
f 988//1114 989//1115 1072//1116
f 1072//1117 1063//1118 988//1119
f 972//1120 1066//1121 1086//1122
f 1086//1123 1066//1124 1079//1125
f 1040//1126 1034//1127 1006//1128
f 1006//1129 1034//1130 1031//1131
f 1031//1132 1034//1133 1097//1134
f 1097//1135 1088//1136 1031//1137
f 1028//1138 1031//1139 1088//1140
f 1088//1141 1085//1142 1028//1143
f 1094//1144 1092//1145 1040//1146
f 1034//1147 1040//1148 1092//1149
f 1092//1150 1097//1151 1034//1152
f 1040//1153 1065//1154 1094//1155
f 1581//1156 1579//1157 1529//1158
f 1529//1159 1531//1160 1581//1161
f 1579//1162 1577//1163 1526//1164
f 1575//1165 1572//1166 1522//1167
f 1522//1168 1525//1169 1575//1170
f 1577//1171 1575//1172 1525//1173
f 1516//1174 1519//1175 1565//1176
f 1568//1177 1565//1178 1519//1179
f 1568//1180 1519//1181 1522//1182
f 1572//1183 1568//1184 1522//1185
f 1565//1186 1563//1187 1516//1188
f 1563//1189 1565//1190 1622//1191
f 1565//1192 1568//1193 1622//1194
f 1626//1195 1622//1196 1568//1197
f 1568//1198 1572//1199 1626//1200
f 1572//1201 1575//1202 1626//1203
f 1630//1204 1626//1205 1575//1206
f 1575//1207 1577//1208 1630//1209
f 1577//1210 1633//1211 1630//1212
f 1577//1213 1579//1214 1633//1215
f 1579//1216 1581//1217 1633//1218
f 1581//1219 1639//1220 1633//1221
f 1500//1222 1516//1223 1563//1224
f 1563//1225 1560//1226 1500//1227
f 1488//1228 1500//1229 1560//1230
f 1560//1231 1558//1232 1488//1233
f 1556//1234 1476//1235 1483//1236
f 1558//1237 1556//1238 1483//1239
f 1483//1240 1488//1241 1558//1242
f 1556//1243 1551//1244 1476//1245
f 1468//1246 1476//1247 1551//1248
f 1551//1249 1549//1250 1468//1251
f 1079//1252 1085//1253 1086//1254
f 1026//1255 1085//1256 1079//1257
f 1079//1258 1024//1259 1026//1260
f 1026//1261 1024//1262 994//1263
f 994//1264 1024//1265 1021//1266
f 1066//1267 1021//1268 1024//1269
f 1066//1270 972//1271 1021//1272
f 973//1273 972//1274 1033//1275
f 973//1276 1001//1277 980//1278
f 1001//1279 996//1280 980//1281
f 958//1282 963//1283 973//1284
f 980//1285 991//1286 989//1287
f 989//1288 991//1289 1073//1290
f 1039//1291 1073//1292 991//1293
f 1039//1294 1044//1295 1073//1296
f 1044//1297 1039//1298 996//1299
f 1044//1300 996//1301 1033//1302
f 996//1303 991//1304 980//1305
f 991//1306 996//1307 1039//1308
f 1001//1309 1033//1310 996//1311
f 1033//1312 1001//1313 973//1314
f 1033//1315 1109//1316 1044//1317
f 1109//1318 1033//1319 972//1320
f 1086//1321 1109//1322 972//1323
f 972//1324 1018//1325 1021//1326
f 1382//1327 1468//1328 1447//1329
f 1488//1330 1483//1331 1500//1332
f 1500//1333 1519//1334 1516//1335
f 1526//1336 1525//1337 1529//1338
f 1470//1339 1531//1340 1529//1341
f 1470//1342 1529//1343 1525//1344
f 1519//1345 1470//1346 1525//1347
f 1476//1348 1468//1349 1483//1350
f 1522//1351 1519//1352 1525//1353
f 1483//1354 1470//1355 1500//1356
f 1470//1357 1483//1358 1468//1359
f 1470//1360 1468//1361 1382//1362
f 1519//1363 1500//1364 1470//1365
f 1498//1366 1531//1367 1470//1368
f 1470//1369 1382//1370 1498//1371
f 1490//1372 1498//1373 1382//1374
f 1470//1375 1429//1376 1427//1377
f 1470//1378 1427//1379 1382//1380
f 1428//1381 1470//1382 1382//1383
f 1470//1384 1428//1385 1429//1386
f 1382//1387 1427//1388 1429//1389
f 1382//1390 1429//1391 1428//1392
f 1384//1393 1378//1394 1385//1395
f 1384//1396 1385//1397 1391//1398
f 1391//1399 1392//1400 1384//1401
f 1370//1402 1365//1403 1373//1404
f 1370//1405 1373//1406 1378//1407
f 1378//1408 1374//1409 1370//1410
f 1384//1411 1374//1412 1378//1413
f 1365//1414 1370//1415 1363//1416
f 1353//1417 1371//1418 1365//1419
f 1365//1420 1363//1421 1353//1422
f 1353//1423 1351//1424 1342//1425
f 1353//1426 1342//1427 1371//1428
f 1342//1429 1351//1430 1343//1431
f 1338//1432 1342//1433 1343//1434
f 1343//1435 1333//1436 1338//1437
f 1334//1438 1338//1439 1333//1440
f 1322//1441 1333//1442 1330//1443
f 1333//1444 1322//1445 1334//1446
f 1315//1447 1309//1448 1313//1449
f 1322//1450 1330//1451 1324//1452
f 1317//1453 1322//1454 1324//1455
f 1324//1456 1315//1457 1317//1458
f 1313//1459 1317//1460 1315//1461
f 1309//1462 1315//1463 1311//1464
f 1301//1465 1304//1466 1293//1467
f 1311//1468 1299//1469 1309//1470
f 1307//1471 1309//1472 1299//1473
f 1299//1474 1293//1475 1307//1476
f 1304//1477 1307//1478 1293//1479
f 1293//1480 1296//1481 1301//1482
f 1280//1483 1282//1484 1289//1485
f 1293//1486 1288//1487 1296//1488
f 1288//1489 1286//1490 1296//1491
f 1292//1492 1296//1493 1286//1494
f 1286//1495 1280//1496 1292//1497
f 1289//1498 1292//1499 1280//1500
f 1282//1501 1280//1502 1278//1503
f 1278//1504 1272//1505 1282//1506
f 1277//1507 1282//1508 1272//1509
f 1272//1510 1270//1511 1277//1512
f 1270//1513 1273//1514 1277//1515
f 1254//1516 1261//1517 1266//1518
f 1261//1519 1263//1520 1266//1521
f 1270//1522 1266//1523 1263//1524
f 1270//1525 1263//1526 1273//1527
f 1252//1528 1247//1529 1238//1530
f 1252//1531 1238//1532 1243//1533
f 1252//1534 1243//1535 1248//1536
f 1266//1537 1260//1538 1254//1539
f 1260//1540 1252//1541 1254//1542
f 1248//1543 1254//1544 1252//1545
f 1238//1546 1247//1547 1239//1548
f 1209//1549 1238//1550 1239//1551
f 1226//1552 1209//1553 1239//1554
f 1239//1555 1234//1556 1226//1557
f 1226//1558 1234//1559 1228//1560
f 1228//1561 1222//1562 1215//1563
f 1228//1564 1215//1565 1219//1566
f 1228//1567 1219//1568 1226//1569
f 1211//1570 1204//1571 1203//1572
f 1217//1573 1203//1574 1212//1575
f 1215//1576 1222//1577 1217//1578
f 1212//1579 1215//1580 1217//1581
f 1217//1582 1211//1583 1203//1584
f 1204//1585 1194//1586 1197//1587
f 1197//1588 1203//1589 1204//1590
f 1204//1591 1198//1592 1194//1593
f 1198//1594 1191//1595 1194//1596
f 1190//1597 1194//1598 1191//1599
f 1181//1600 1190//1601 1191//1602
f 1191//1603 1188//1604 1181//1605
f 1188//1606 1176//1607 1181//1608
f 1179//1609 1181//1610 1176//1611
f 1172//1612 1179//1613 1176//1614
f 1176//1615 1173//1616 1172//1617
f 1166//1618 1163//1619 1168//1620
f 1173//1621 1166//1622 1172//1623
f 1168//1624 1172//1625 1166//1626
f 1166//1627 1159//1628 1163//1629
f 1157//1630 1163//1631 1159//1632
f 1159//1633 1154//1634 1157//1635
f 1151//1636 1153//1637 1154//1638
f 1154//1639 1150//1640 1151//1641
f 1153//1642 1157//1643 1154//1644
f 1148//1645 1151//1646 1150//1647
f 1140//1648 1144//1649 1146//1650
f 1146//1651 1141//1652 1140//1653
f 1150//1654 1146//1655 1148//1656
f 1144//1657 1148//1658 1146//1659
f 1135//1660 1140//1661 1141//1662
f 1141//1663 1133//1664 1135//1665
f 1130//1666 1135//1667 1133//1668
f 1133//1669 1128//1670 1130//1671
f 1126//1672 1130//1673 1128//1674
f 1119//1675 1126//1676 1128//1677
f 1128//1678 1124//1679 1119//1680
f 1121//1681 1119//1682 1124//1683
f 1124//1684 1120//1685 1121//1686
f 1585//1687 1597//1688 1569//1689
f 1646//1690 1660//1691 1666//1692
f 1603//1693 1562//1694 1593//1695
f 1562//1696 1603//1697 1600//1698
f 1562//1699 1600//1700 1596//1701
f 1593//1702 1609//1703 1603//1704
f 1593//1705 1620//1706 1614//1707
f 1593//1708 1631//1709 1627//1710
f 1593//1711 1627//1712 1620//1713
f 1593//1714 1641//1715 1631//1716
f 1593//1717 1648//1718 1641//1719
f 1646//1720 1666//1721 1663//1722
f 1646//1723 1663//1724 1661//1725
f 1646//1726 1661//1727 1656//1728
f 1656//1729 1593//1730 1646//1731
f 1593//1732 1656//1733 1648//1734
f 1630//1735 1633//1736 1639//1737
f 1622//1738 1626//1739 1569//1740
f 1608//1741 1612//1742 1569//1743
f 1606//1744 1608//1745 1602//1746
f 1449//1747 1403//1748 1422//1749
f 1449//1750 1422//1751 1435//1752
f 1545//1753 1403//1754 1449//1755
f 1403//1756 1545//1757 1569//1758
f 1570//1759 1569//1760 1545//1761
f 1570//1762 1545//1763 1553//1764
f 1569//1765 1570//1766 1585//1767
f 1602//1768 1569//1769 1597//1770
f 1602//1771 1608//1772 1569//1773
f 1569//1774 1612//1775 1617//1776
f 1593//1777 1562//1778 1569//1779
f 1622//1780 1569//1781 1617//1782
f 1569//1783 1626//1784 1630//1785
f 1569//1786 1630//1787 1593//1788
f 1646//1789 1593//1790 1630//1791
f 1630//1792 1639//1793 1646//1794
f 1646//1795 1650//1796 1655//1797
f 1593//1798 1614//1799 1609//1800
f 1660//1801 1646//1802 1655//1803
f 1666//1804 1705//1805 1703//1806
f 1703//1807 1663//1808 1666//1809
f 1703//1810 1701//1811 1663//1812
f 1701//1813 1661//1814 1663//1815
f 1701//1816 1699//1817 1661//1818
f 1656//1819 1661//1820 1699//1821
f 1699//1822 1698//1823 1656//1824
f 1656//1825 1698//1826 1696//1827
f 1696//1828 1648//1829 1656//1830
f 1627//1831 1631//1832 1687//1833
f 1691//1834 1687//1835 1631//1836
f 1631//1837 1641//1838 1691//1839
f 1694//1840 1691//1841 1641//1842
f 1641//1843 1648//1844 1694//1845
f 1696//1846 1694//1847 1648//1848
f 1687//1849 1681//1850 1627//1851
f 1620//1852 1627//1853 1681//1854
f 1681//1855 1674//1856 1620//1857
f 1614//1858 1620//1859 1674//1860
f 1674//1861 1670//1862 1614//1863
f 1609//1864 1614//1865 1670//1866
f 1670//1867 1669//1868 1609//1869
f 1669//1870 1603//1871 1609//1872
f 1669//1873 1658//1874 1603//1875
f 1658//1876 1600//1877 1603//1878
f 1647//1879 1637//1880 1596//1881
f 1596//1882 1600//1883 1647//1884
f 1658//1885 1647//1886 1600//1887
f 1392//1888 1391//1889 1403//1890
f 1392//1891 1403//1892 1569//1893
f 1392//1894 1637//1895 1645//1896
f 1392//1897 1569//1898 1562//1899
f 1562//1900 1596//1901 1392//1902
f 1392//1903 1596//1904 1637//1905
f 1311//1906 1315//1907 1351//1908
f 1353//1909 1363//1910 1375//1911
f 1370//1912 1374//1913 1375//1914
f 1375//1915 1374//1916 1384//1917
f 1363//1918 1370//1919 1375//1920
f 1351//1921 1330//1922 1333//1923
f 1315//1924 1324//1925 1351//1926
f 1324//1927 1330//1928 1351//1929
f 1286//1930 1288//1931 1260//1932
f 1260//1933 1288//1934 1293//1935
f 1293//1936 1299//1937 1260//1938
f 1260//1939 1299//1940 1311//1941
f 1260//1942 1280//1943 1286//1944
f 1260//1945 1270//1946 1272//1947
f 1272//1948 1278//1949 1260//1950
f 1260//1951 1278//1952 1280//1953
f 1260//1954 1247//1955 1252//1956
f 1266//1957 1270//1958 1260//1959
f 1239//1960 1247//1961 1260//1962
f 1260//1963 1222//1964 1234//1965
f 1234//1966 1239//1967 1260//1968
f 1228//1969 1234//1970 1222//1971
f 1222//1972 1198//1973 1211//1974
f 1211//1975 1217//1976 1222//1977
f 1204//1978 1211//1979 1198//1980
f 1198//1981 1188//1982 1191//1983
f 1198//1984 1173//1985 1188//1986
f 1176//1987 1188//1988 1173//1989
f 1159//1990 1166//1991 1173//1992
f 1173//1993 1154//1994 1159//1995
f 1136//1996 1146//1997 1150//1998
f 1173//1999 1136//2000 1150//2001
f 1150//2002 1154//2003 1173//2004
f 1141//2005 1146//2006 1136//2007
f 1133//2008 1141//2009 1136//2010
f 1124//2011 1128//2012 1136//2013
f 1136//2014 1128//2015 1133//2016
f 1136//2017 1173//2018 1198//2019
f 1260//2020 1198//2021 1222//2022
f 1384//2023 1392//2024 1375//2025
f 1375//2026 1351//2027 1353//2028
f 1534//2029 1198//2030 1351//2031
f 1333//2032 1343//2033 1351//2034
f 1311//2035 1351//2036 1260//2037
f 1260//2038 1351//2039 1198//2040
f 1136//2041 1120//2042 1124//2043
f 1198//2044 1249//2045 1200//2046
f 1200//2047 1123//2048 1198//2049
f 1136//2050 1198//2051 1123//2052
f 1120//2053 1136//2054 1123//2055
f 1059//2056 1061//2057 1123//2058
f 1061//2059 1058//2060 1123//2061
f 1057//2062 978//2063 1123//2064
f 1060//2065 1059//2066 1123//2067
f 1123//2068 1058//2069 1057//2070
f 1123//2071 1074//2072 1060//2073
f 1074//2074 1123//2075 1200//2076
f 1200//2077 1440//2078 1437//2079
f 1074//2080 1200//2081 1437//2082
f 1513//2083 1511//2084 1665//2085
f 1665//2086 1704//2087 1513//2088
f 1705//2089 1666//2090 1592//2091
f 1513//2092 1705//2093 1592//2094
f 1704//2095 1705//2096 1513//2097
f 1375//2098 1392//2099 1645//2100
f 1645//2101 1653//2102 1375//2103
f 1351//2104 1375//2105 1653//2106
f 1653//2107 1683//2108 1351//2109
f 1534//2110 1351//2111 1683//2112
f 1706//2113 1709//2114 1713//2115
f 1701//2116 1703//2117 1713//2118
f 1699//2119 1701//2120 1713//2121
f 1713//2122 1683//2123 1699//2124
f 1698//2125 1699//2126 1683//2127
f 1683//2128 1696//2129 1698//2130
f 1683//2131 1694//2132 1696//2133
f 1691//2134 1694//2135 1683//2136
f 1687//2137 1691//2138 1683//2139
f 1681//2140 1687//2141 1683//2142
f 1674//2143 1681//2144 1683//2145
f 1670//2146 1674//2147 1683//2148
f 1669//2149 1670//2150 1683//2151
f 1683//2152 1653//2153 1669//2154
f 1658//2155 1669//2156 1653//2157
f 1658//2158 1653//2159 1645//2160
f 1647//2161 1658//2162 1645//2163
f 1645//2164 1637//2165 1647//2166
f 1706//2167 1713//2168 1703//2169
f 1703//2170 1705//2171 1706//2172
f 1634//2173 1386//2174 1409//2175
f 1493//2176 1554//2177 1634//2178
f 1412//2179 1493//2180 1634//2181
f 1634//2182 1409//2183 1412//2184
f 1419//2185 1412//2186 1409//2187
f 1446//2188 1419//2189 1409//2190
f 1409//2191 1534//2192 1446//2193
f 1554//2194 1446//2195 1534//2196
f 1534//2197 1634//2198 1554//2199
f 1320//2200 1249//2201 1198//2202
f 1320//2203 1409//2204 1386//2205
f 1683//2206 1634//2207 1534//2208
f 1320//2209 1198//2210 1409//2211
f 1198//2212 1534//2213 1409//2214
f 1200//2215 1249//2216 1295//2217
f 1320//2218 1386//2219 1634//2220
f 1295//2221 1440//2222 1200//2223
f 1295//2224 1320//2225 1440//2226
f 1440//2227 1320//2228 1634//2229
f 1249//2230 1259//2231 1276//2232
f 1249//2233 1329//2234 1259//2235
f 1329//2236 1249//2237 1320//2238
f 1320//2239 1350//2240 1329//2241
f 1320//2242 1283//2243 1350//2244
f 1283//2245 1320//2246 1295//2247
f 1283//2248 1295//2249 1249//2250
f 1249//2251 1276//2252 1283//2253
f 1668//2254 1634//2255 1683//2256
f 1440//2257 1634//2258 1668//2259
f 1440//2260 1668//2261 1720//2262
f 1720//2263 1437//2264 1440//2265
f 1683//2266 1720//2267 1668//2268
f 979//2269 1054//2270 1055//2271
f 979//2272 1055//2273 1056//2274
f 979//2275 930//2276 997//2277
f 997//2278 1054//2279 979//2280
f 984//2281 979//2282 1056//2283
f 979//2284 984//2285 964//2286
f 930//2287 979//2288 964//2289
f 984//2290 1056//2291 1062//2292
f 984//2293 1062//2294 1053//2295
f 1019//2296 984//2297 1053//2298
f 997//2299 975//2300 1214//2301
f 1214//2302 1068//2303 997//2304
f 1068//2305 1054//2306 997//2307
f 1113//2308 1115//2309 1112//2310
f 1112//2311 1110//2312 1113//2313
f 1110//2314 1112//2315 1108//2316
f 1108//2317 1106//2318 1110//2319
f 1106//2320 1108//2321 1105//2322
f 1105//2323 1103//2324 1106//2325
f 1103//2326 1105//2327 1101//2328
f 1101//2329 1100//2330 1103//2331
f 1100//2332 1101//2333 1098//2334
f 1098//2335 1083//2336 1100//2337
f 1077//2338 1078//2339 1083//2340
f 1078//2341 1077//2342 1069//2343
f 1069//2344 1068//2345 1078//2346
f 1069//2347 1056//2348 1055//2349
f 1068//2350 1069//2351 1055//2352
f 1055//2353 1054//2354 1068//2355
f 1115//2356 1113//2357 1114//2358
f 1075//2359 1053//2360 1082//2361
f 1053//2362 1062//2363 1082//2364
f 1050//2365 1082//2366 1102//2367
f 1050//2368 1102//2369 1116//2370
f 1069//2371 1062//2372 1056//2373
f 1062//2374 1069//2375 1077//2376
f 1077//2377 1082//2378 1062//2379
f 1082//2380 1077//2381 1083//2382
f 1082//2383 1083//2384 1098//2385
f 1098//2386 1102//2387 1082//2388
f 1102//2389 1098//2390 1101//2391
f 1102//2392 1101//2393 1105//2394
f 1102//2395 1105//2396 1108//2397
f 1102//2398 1108//2399 1112//2400
f 1112//2401 1116//2402 1102//2403
f 1116//2404 1112//2405 1115//2406
f 1075//2407 1064//2408 1053//2409
f 1050//2410 1116//2411 1089//2412
f 1075//2413 1082//2414 1076//2415
f 1075//2416 1076//2417 1070//2418
f 993//2419 1025//2420 1027//2421
f 1573//2422 1582//2423 1533//2424
f 1665//2425 1511//2426 1590//2427
f 1590//2428 1659//2429 1665//2430
f 1659//2431 1590//2432 1588//2433
f 1588//2434 1654//2435 1659//2436
f 1654//2437 1588//2438 1586//2439
f 1586//2440 1649//2441 1654//2442
f 1643//2443 1649//2444 1586//2445
f 1576//2446 1574//2447 1629//2448
f 1624//2449 1629//2450 1571//2451
f 1571//2452 1567//2453 1624//2454
f 1624//2455 1567//2456 1566//2457
f 1616//2458 1624//2459 1566//2460
f 1566//2461 1564//2462 1616//2463
f 1616//2464 1564//2465 1561//2466
f 1561//2467 1611//2468 1616//2469
f 1561//2470 1559//2471 1611//2472
f 1611//2473 1559//2474 1555//2475
f 1605//2476 1611//2477 1555//2478
f 1550//2479 1546//2480 1598//2481
f 1546//2482 1544//2483 1598//2484
f 1598//2485 1544//2486 1541//2487
f 1598//2488 1541//2489 1538//2490
f 1538//2491 1594//2492 1598//2493
f 1594//2494 1538//2495 1535//2496
f 1535//2497 1582//2498 1594//2499
f 1524//2500 1521//2501 1557//2502
f 1494//2503 1557//2504 1497//2505
f 1557//2506 1518//2507 1497//2508
f 1557//2509 1521//2510 1518//2511
f 1466//2512 1462//2513 1494//2514
f 1494//2515 1481//2516 1474//2517
f 1494//2518 1474//2519 1466//2520
f 1462//2521 1458//2522 1494//2523
f 1494//2524 1458//2525 1453//2526
f 1494//2527 1453//2528 1448//2529
f 1346//2530 1335//2531 1433//2532
f 1433//2533 1448//2534 1346//2535
f 1448//2536 1360//2537 1346//2538
f 1305//2539 1396//2540 1410//2541
f 1318//2542 1305//2543 1410//2544
f 1410//2545 1418//2546 1318//2547
f 1335//2548 1318//2549 1418//2550
f 1418//2551 1433//2552 1335//2553
f 1396//2554 1305//2555 1291//2556
f 1245//2557 1043//2558 1337//2559
f 1043//2560 1244//2561 1274//2562
f 1229//2563 1244//2564 1043//2565
f 1043//2566 1186//2567 1229//2568
f 1143//2569 1186//2570 1043//2571
f 1043//2572 1037//2573 1143//2574
f 1037//2575 1009//2576 1143//2577
f 1041//2578 1096//2579 1093//2580
f 1084//2581 1095//2582 1087//2583
f 1095//2584 1084//2585 1067//2586
f 1067//2587 1084//2588 1080//2589
f 995//2590 1082//2591 1050//2592
f 1070//2593 1076//2594 1036//2595
f 1076//2596 1042//2597 1036//2598
f 1042//2599 1076//2600 1082//2601
f 1082//2602 995//2603 1042//2604
f 1019//2605 1053//2606 1064//2607
f 1019//2608 1064//2609 987//2610
f 987//2611 984//2612 1019//2613
f 984//2614 987//2615 998//2616
f 930//2617 964//2618 960//2619
f 1022//2620 1025//2621 993//2622
f 1027//2623 1000//2624 993//2625
f 1027//2626 1029//2627 1000//2628
f 1000//2629 1029//2630 1032//2631
f 1032//2632 1005//2633 1000//2634
f 1005//2635 1032//2636 1035//2637
f 1035//2638 1007//2639 1005//2640
f 1035//2641 1038//2642 1007//2643
f 1038//2644 1091//2645 1096//2646
f 1096//2647 1041//2648 1038//2649
f 1007//2650 1038//2651 1041//2652
f 1041//2653 1009//2654 1007//2655
f 1041//2656 1093//2657 1009//2658
f 1093//2659 1143//2660 1009//2661
f 1448//2662 1356//2663 1360//2664
f 1356//2665 1448//2666 1453//2667
f 1356//2668 1453//2669 1458//2670
f 1458//2671 1367//2672 1356//2673
f 1458//2674 1462//2675 1367//2676
f 1462//2677 1377//2678 1367//2679
f 1377//2680 1462//2681 1466//2682
f 1388//2683 1377//2684 1466//2685
f 1466//2686 1474//2687 1388//2688
f 1474//2689 1393//2690 1388//2691
f 1393//2692 1474//2693 1481//2694
f 1486//2695 1399//2696 1397//2697
f 1497//2698 1486//2699 1494//2700
f 1494//2701 1486//2702 1481//2703
f 1481//2704 1486//2705 1397//2706
f 1397//2707 1393//2708 1481//2709
f 1486//2710 1497//2711 1399//2712
f 1497//2713 1406//2714 1399//2715
f 1406//2716 1497//2717 1518//2718
f 1518//2719 1408//2720 1406//2721
f 1408//2722 1518//2723 1521//2724
f 1521//2725 1414//2726 1408//2727
f 1414//2728 1521//2729 1524//2730
f 1524//2731 1417//2732 1414//2733
f 1420//2734 1417//2735 1524//2736
f 1524//2737 1528//2738 1420//2739
f 1528//2740 1424//2741 1420//2742
f 1524//2743 1557//2744 1573//2745
f 1573//2746 1528//2747 1524//2748
f 1533//2749 1528//2750 1573//2751
f 1424//2752 1528//2753 1533//2754
f 1582//2755 1535//2756 1533//2757
f 1533//2758 1535//2759 1426//2760
f 1426//2761 1424//2762 1533//2763
f 1436//2764 1538//2765 1541//2766
f 1538//2767 1436//2768 1431//2769
f 1431//2770 1535//2771 1538//2772
f 1431//2773 1426//2774 1535//2775
f 1546//2776 1550//2777 1450//2778
f 1450//2779 1445//2780 1546//2781
f 1445//2782 1544//2783 1546//2784
f 1544//2785 1445//2786 1444//2787
f 1541//2788 1544//2789 1444//2790
f 1444//2791 1434//2792 1541//2793
f 1541//2794 1434//2795 1436//2796
f 1550//2797 1552//2798 1451//2799
f 1550//2800 1451//2801 1450//2802
f 1455//2803 1454//2804 1552//2805
f 1552//2806 1454//2807 1451//2808
f 1598//2809 1605//2810 1550//2811
f 1605//2812 1552//2813 1550//2814
f 1555//2815 1552//2816 1605//2817
f 1552//2818 1555//2819 1455//2820
f 1455//2821 1555//2822 1559//2823
f 1559//2824 1460//2825 1455//2826
f 1460//2827 1559//2828 1561//2829
f 1561//2830 1459//2831 1460//2832
f 1464//2833 1459//2834 1561//2835
f 1561//2836 1564//2837 1464//2838
f 1564//2839 1467//2840 1464//2841
f 1467//2842 1564//2843 1566//2844
f 1469//2845 1467//2846 1566//2847
f 1566//2848 1567//2849 1469//2850
f 1567//2851 1475//2852 1469//2853
f 1475//2854 1567//2855 1571//2856
f 1629//2857 1574//2858 1571//2859
f 1571//2860 1574//2861 1477//2862
f 1477//2863 1475//2864 1571//2865
f 1576//2866 1484//2867 1478//2868
f 1478//2869 1574//2870 1576//2871
f 1478//2872 1477//2873 1574//2874
f 1576//2875 1578//2876 1484//2877
f 1487//2878 1484//2879 1578//2880
f 1578//2881 1580//2882 1487//2883
f 1489//2884 1487//2885 1580//2886
f 1501//2887 1491//2888 1584//2889
f 1491//2890 1492//2891 1584//2892
f 1580//2893 1584//2894 1492//2895
f 1492//2896 1489//2897 1580//2898
f 1503//2899 1501//2900 1586//2901
f 1584//2902 1586//2903 1501//2904
f 1586//2905 1584//2906 1643//2907
f 1643//2908 1584//2909 1580//2910
f 1580//2911 1638//2912 1643//2913
f 1638//2914 1580//2915 1578//2916
f 1578//2917 1632//2918 1638//2919
f 1632//2920 1578//2921 1576//2922
f 1629//2923 1632//2924 1576//2925
f 1507//2926 1503//2927 1586//2928
f 1586//2929 1588//2930 1507//2931
f 1508//2932 1507//2933 1588//2934
f 1511//2935 1514//2936 1590//2937
f 1590//2938 1514//2939 1510//2940
f 1588//2941 1590//2942 1510//2943
f 1510//2944 1508//2945 1588//2946
f 998//2947 987//2948 990//2949
f 990//2950 992//2951 998//2952
f 998//2953 992//2954 1042//2955
f 984//2956 998//2957 964//2958
f 964//2959 998//2960 995//2961
f 983//2962 1003//2963 1008//2964
f 993//2965 983//2966 1022//2967
f 1038//2968 1035//2969 1091//2970
f 1035//2971 1090//2972 1091//2973
f 1090//2974 1035//2975 1032//2976
f 1032//2977 1095//2978 1090//2979
f 1095//2980 1032//2981 1029//2982
f 1029//2983 1087//2984 1095//2985
f 1087//2986 1029//2987 1027//2988
f 1027//2989 1084//2990 1087//2991
f 1084//2992 1027//2993 1025//2994
f 1025//2995 1080//2996 1084//2997
f 1080//2998 1025//2999 1022//3000
f 1022//3001 1067//3002 1080//3003
f 1022//3004 1089//3005 1067//3006
f 1003//3007 1050//3008 1089//3009
f 1050//3010 1003//3011 995//3012
f 1008//3013 1022//3014 983//3015
f 1064//3016 1075//3017 987//3018
f 987//3019 1075//3020 1070//3021
f 1070//3022 990//3023 987//3024
f 990//3025 1070//3026 1036//3027
f 1036//3028 992//3029 990//3030
f 992//3031 1036//3032 1042//3033
f 998//3034 1042//3035 995//3036
f 1089//3037 1008//3038 1003//3039
f 1008//3040 1089//3041 1022//3042
f 1003//3043 983//3044 995//3045
f 995//3046 983//3047 964//3048
f 1129//3049 1132//3050 1111//3051
f 1202//3052 1206//3053 1186//3054
f 1357//3055 1396//3056 1358//3057
f 1096//3058 1091//3059 1090//3060
f 1291//3061 1245//3062 1337//3063
f 1410//3064 1396//3065 1418//3066
f 1372//3067 1380//3068 1423//3069
f 1366//3070 1372//3071 1423//3072
f 1423//3073 1396//3074 1366//3075
f 1357//3076 1366//3077 1396//3078
f 1358//3079 1355//3080 1357//3081
f 1358//3082 1332//3083 1340//3084
f 1332//3085 1358//3086 1337//3087
f 1337//3088 1323//3089 1332//3090
f 1300//3091 1310//3092 1337//3093
f 1297//3094 1300//3095 1337//3096
f 1297//3097 1337//3098 1274//3099
f 1274//3100 1285//3101 1297//3102
f 1281//3103 1285//3104 1274//3105
f 1274//3106 1264//3107 1268//3108
f 1256//3109 1264//3110 1274//3111
f 1256//3112 1274//3113 1244//3114
f 1246//3115 1255//3116 1244//3117
f 1255//3118 1256//3119 1244//3120
f 1237//3121 1240//3122 1244//3123
f 1244//3124 1240//3125 1246//3126
f 1244//3127 1229//3128 1237//3129
f 1206//3130 1208//3131 1213//3132
f 1192//3133 1196//3134 1186//3135
f 1143//3136 1175//3137 1171//3138
f 1143//3139 1165//3140 1170//3141
f 1143//3142 1158//3143 1161//3144
f 1111//3145 1145//3146 1149//3147
f 1132//3148 1139//3149 1111//3150
f 1111//3151 1067//3152 1118//3153
f 1118//3154 1127//3155 1111//3156
f 1111//3157 1127//3158 1129//3159
f 1433//3160 1418//3161 1396//3162
f 1358//3163 1396//3164 1291//3165
f 1358//3166 1291//3167 1337//3168
f 1043//3169 1274//3170 1337//3171
f 1223//3172 1227//3173 1229//3174
f 1213//3175 1229//3176 1186//3177
f 1218//3178 1229//3179 1213//3180
f 1229//3181 1218//3182 1223//3183
f 1216//3184 1218//3185 1213//3186
f 1213//3187 1186//3188 1206//3189
f 1095//3190 1096//3191 1090//3192
f 1067//3193 1111//3194 1143//3195
f 1155//3196 1158//3197 1143//3198
f 1139//3199 1145//3200 1111//3201
f 1149//3202 1155//3203 1143//3204
f 1182//3205 1187//3206 1171//3207
f 1095//3208 1067//3209 1093//3210
f 1186//3211 1171//3212 1187//3213
f 1187//3214 1192//3215 1186//3216
f 1149//3217 1143//3218 1111//3219
f 1161//3220 1165//3221 1143//3222
f 1170//3223 1175//3224 1143//3225
f 1143//3226 1093//3227 1067//3228
f 1171//3229 1180//3230 1182//3231
f 1093//3232 1096//3233 1095//3234
f 1143//3235 1171//3236 1186//3237
f 1117//3238 1118//3239 1067//3240
f 1117//3241 1116//3242 1115//3243
f 1117//3244 1115//3245 1114//3246
f 1117//3247 1067//3248 1089//3249
f 1117//3250 1089//3251 1116//3252
f 1448//3253 1433//3254 1396//3255
f 1643//3256 1638//3257 1621//3258
f 1632//3259 1621//3260 1638//3261
f 1664//3262 1665//3263 1659//3264
f 1659//3265 1621//3266 1664//3267
f 1654//3268 1621//3269 1659//3270
f 1601//3271 1595//3272 1599//3273
f 1423//3274 1390//3275 1494//3276
f 1664//3277 1621//3278 1662//3279
f 1624//3280 1616//3281 1611//3282
f 1598//3283 1611//3284 1605//3285
f 1657//3286 1662//3287 1621//3288
f 1652//3289 1657//3290 1644//3291
f 1582//3292 1573//3293 1557//3294
f 1557//3295 1594//3296 1582//3297
f 1396//3298 1494//3299 1448//3300
f 1557//3301 1494//3302 1594//3303
f 1628//3304 1635//3305 1613//3306
f 1635//3307 1642//3308 1644//3309
f 1621//3310 1654//3311 1649//3312
f 1643//3313 1621//3314 1649//3315
f 1632//3316 1624//3317 1621//3318
f 1624//3319 1632//3320 1629//3321
f 1598//3322 1594//3323 1611//3324
f 1621//3325 1644//3326 1657//3327
f 1621//3328 1624//3329 1611//3330
f 1621//3331 1611//3332 1594//3333
f 1621//3334 1594//3335 1494//3336
f 1601//3337 1599//3338 1604//3339
f 1601//3340 1604//3341 1610//3342
f 1613//3343 1621//3344 1601//3345
f 1494//3346 1396//3347 1423//3348
f 1601//3349 1610//3350 1615//3351
f 1494//3352 1601//3353 1621//3354
f 1601//3355 1615//3356 1619//3357
f 1619//3358 1613//3359 1601//3360
f 1619//3361 1623//3362 1613//3363
f 1623//3364 1628//3365 1613//3366
f 1644//3367 1613//3368 1635//3369
f 1613//3370 1644//3371 1621//3372
f 1599//3373 1595//3374 1636//3375
f 1599//3376 1636//3377 1651//3378
f 1604//3379 1599//3380 1651//3381
f 1651//3382 1667//3383 1604//3384
f 1667//3385 1610//3386 1604//3387
f 1667//3388 1671//3389 1610//3390
f 1610//3391 1671//3392 1672//3393
f 1672//3394 1615//3395 1610//3396
f 1619//3397 1615//3398 1672//3399
f 1672//3400 1673//3401 1619//3402
f 1623//3403 1619//3404 1673//3405
f 1673//3406 1675//3407 1623//3408
f 1635//3409 1628//3410 1684//3411
f 1675//3412 1684//3413 1628//3414
f 1628//3415 1623//3416 1675//3417
f 1684//3418 1690//3419 1635//3420
f 1642//3421 1635//3422 1690//3423
f 1690//3424 1693//3425 1642//3426
f 1642//3427 1693//3428 1695//3429
f 1695//3430 1644//3431 1642//3432
f 1657//3433 1652//3434 1697//3435
f 1695//3436 1697//3437 1652//3438
f 1652//3439 1644//3440 1695//3441
f 1657//3442 1697//3443 1700//3444
f 1700//3445 1662//3446 1657//3447
f 1662//3448 1700//3449 1702//3450
f 1664//3451 1662//3452 1702//3453
f 1665//3454 1664//3455 1702//3456
f 1702//3457 1704//3458 1665//3459
f 1494//3460 1390//3461 1595//3462
f 1601//3463 1494//3464 1595//3465
f 1390//3466 1423//3467 1379//3468
f 1379//3469 1595//3470 1390//3471
f 1372//3472 1366//3473 1364//3474
f 1364//3475 1368//3476 1380//3477
f 1380//3478 1372//3479 1364//3480
f 1423//3481 1380//3482 1379//3483
f 1380//3484 1368//3485 1379//3486
f 1361//3487 1364//3488 1366//3489
f 1366//3490 1357//3491 1354//3492
f 1354//3493 1361//3494 1366//3495
f 1355//3496 1358//3497 1341//3498
f 1341//3499 1344//3500 1355//3501
f 1358//3502 1340//3503 1341//3504
f 1357//3505 1355//3506 1354//3507
f 1344//3508 1354//3509 1355//3510
f 1328//3511 1341//3512 1340//3513
f 1332//3514 1323//3515 1321//3516
f 1312//3517 1321//3518 1323//3519
f 1321//3520 1328//3521 1340//3522
f 1321//3523 1340//3524 1332//3525
f 1308//3526 1312//3527 1323//3528
f 1308//3529 1323//3530 1337//3531
f 1294//3532 1298//3533 1310//3534
f 1310//3535 1300//3536 1294//3537
f 1308//3538 1337//3539 1310//3540
f 1298//3541 1308//3542 1310//3543
f 1279//3544 1297//3545 1285//3546
f 1285//3547 1281//3548 1279//3549
f 1279//3550 1287//3551 1297//3552
f 1300//3553 1297//3554 1294//3555
f 1297//3556 1287//3557 1294//3558
f 1267//3559 1271//3560 1281//3561
f 1281//3562 1274//3563 1267//3564
f 1267//3565 1274//3566 1268//3567
f 1271//3568 1279//3569 1281//3570
f 1264//3571 1256//3572 1253//3573
f 1264//3574 1253//3575 1258//3576
f 1258//3577 1268//3578 1264//3579
f 1268//3580 1258//3581 1262//3582
f 1262//3583 1267//3584 1268//3585
f 1242//3586 1255//3587 1246//3588
f 1256//3589 1255//3590 1253//3591
f 1250//3592 1253//3593 1255//3594
f 1255//3595 1242//3596 1250//3597
f 1230//3598 1233//3599 1237//3600
f 1230//3601 1237//3602 1229//3603
f 1242//3604 1246//3605 1240//3606
f 1236//3607 1242//3608 1240//3609
f 1240//3610 1237//3611 1236//3612
f 1237//3613 1233//3614 1236//3615
f 1220//3616 1227//3617 1223//3618
f 1220//3619 1223//3620 1218//3621
f 1229//3622 1227//3623 1230//3624
f 1225//3625 1230//3626 1227//3627
f 1227//3628 1220//3629 1225//3630
f 1207//3631 1210//3632 1216//3633
f 1207//3634 1216//3635 1213//3636
f 1213//3637 1208//3638 1207//3639
f 1208//3640 1206//3641 1207//3642
f 1205//3643 1207//3644 1206//3645
f 1206//3646 1202//3647 1205//3648
f 1199//3649 1205//3650 1202//3651
f 1218//3652 1216//3653 1220//3654
f 1210//3655 1220//3656 1216//3657
f 1193//3658 1199//3659 1202//3660
f 1193//3661 1202//3662 1186//3663
f 1183//3664 1185//3665 1192//3666
f 1183//3667 1192//3668 1187//3669
f 1187//3670 1182//3671 1183//3672
f 1193//3673 1186//3674 1196//3675
f 1196//3676 1192//3677 1193//3678
f 1189//3679 1193//3680 1192//3681
f 1192//3682 1185//3683 1189//3684
f 1174//3685 1171//3686 1175//3687
f 1180//3688 1171//3689 1174//3690
f 1174//3691 1177//3692 1180//3693
f 1177//3694 1182//3695 1180//3696
f 1177//3697 1178//3698 1182//3699
f 1178//3700 1183//3701 1182//3702
f 1156//3703 1162//3704 1161//3705
f 1161//3706 1162//3707 1164//3708
f 1164//3709 1165//3710 1161//3711
f 1169//3712 1174//3713 1175//3714
f 1169//3715 1175//3716 1170//3717
f 1170//3718 1164//3719 1169//3720
f 1164//3721 1170//3722 1165//3723
f 1156//3724 1161//3725 1158//3726
f 1156//3727 1158//3728 1155//3729
f 1155//3730 1152//3731 1156//3732
f 1152//3733 1155//3734 1149//3735
f 1147//3736 1152//3737 1149//3738
f 1147//3739 1149//3740 1145//3741
f 1145//3742 1142//3743 1147//3744
f 1129//3745 1131//3746 1138//3747
f 1138//3748 1132//3749 1129//3750
f 1142//3751 1145//3752 1139//3753
f 1139//3754 1138//3755 1142//3756
f 1138//3757 1139//3758 1132//3759
f 1131//3760 1129//3761 1127//3762
f 1127//3763 1125//3764 1131//3765
f 1125//3766 1127//3767 1118//3768
f 1118//3769 1117//3770 1125//3771
f 1142//3772 1138//3773 1134//3774
f 1134//3775 1138//3776 1131//3777
f 1134//3778 1131//3779 1125//3780
f 1134//3781 1125//3782 1117//3783
f 1134//3784 1167//3785 1147//3786
f 1147//3787 1142//3788 1134//3789
f 1152//3790 1147//3791 1167//3792
f 1156//3793 1152//3794 1167//3795
f 1167//3796 1162//3797 1156//3798
f 1167//3799 1177//3800 1174//3801
f 1174//3802 1169//3803 1167//3804
f 1169//3805 1164//3806 1167//3807
f 1164//3808 1162//3809 1167//3810
f 1183//3811 1178//3812 1167//3813
f 1178//3814 1177//3815 1167//3816
f 1167//3817 1189//3818 1185//3819
f 1185//3820 1183//3821 1167//3822
f 1199//3823 1193//3824 1189//3825
f 1189//3826 1167//3827 1199//3828
f 1205//3829 1199//3830 1167//3831
f 1167//3832 1224//3833 1205//3834
f 1224//3835 1207//3836 1205//3837
f 1210//3838 1207//3839 1224//3840
f 1224//3841 1230//3842 1225//3843
f 1225//3844 1220//3845 1224//3846
f 1224//3847 1220//3848 1210//3849
f 1233//3850 1230//3851 1224//3852
f 1224//3853 1236//3854 1233//3855
f 1253//3856 1250//3857 1284//3858
f 1284//3859 1250//3860 1242//3861
f 1224//3862 1284//3863 1242//3864
f 1242//3865 1236//3866 1224//3867
f 1258//3868 1253//3869 1284//3870
f 1262//3871 1258//3872 1284//3873
f 1284//3874 1267//3875 1262//3876
f 1271//3877 1267//3878 1284//3879
f 1294//3880 1287//3881 1284//3882
f 1287//3883 1279//3884 1284//3885
f 1279//3886 1271//3887 1284//3888
f 1284//3889 1298//3890 1294//3891
f 1284//3892 1308//3893 1298//3894
f 1344//3895 1328//3896 1321//3897
f 1284//3898 1344//3899 1321//3900
f 1321//3901 1312//3902 1284//3903
f 1312//3904 1308//3905 1284//3906
f 1341//3907 1328//3908 1344//3909
f 1344//3910 1368//3911 1364//3912
f 1344//3913 1364//3914 1361//3915
f 1361//3916 1354//3917 1344//3918
f 1595//3919 1379//3920 1368//3921
f 1344//3922 1595//3923 1368//3924
f 1344//3925 1387//3926 1595//3927
f 1387//3928 1224//3929 1134//3930
f 1344//3931 1284//3932 1387//3933
f 1224//3934 1387//3935 1284//3936
f 1167//3937 1134//3938 1224//3939
f 1134//3940 1117//3941 1114//3942
f 1214//3943 1134//3944 1114//3945
f 1214//3946 1160//3947 1134//3948
f 1078//3949 1068//3950 1214//3951
f 1083//3952 1078//3953 1214//3954
f 1103//3955 1100//3956 1083//3957
f 1103//3958 1114//3959 1106//3960
f 1110//3961 1106//3962 1114//3963
f 1113//3964 1110//3965 1114//3966
f 1103//3967 1083//3968 1214//3969
f 1114//3970 1103//3971 1214//3972
f 1214//3973 1081//3974 1160//3975
f 1636//3976 1387//3977 1625//3978
f 1595//3979 1387//3980 1636//3981
f 1708//3982 1707//3983 1710//3984
f 1710//3985 1707//3986 1704//3987
f 1636//3988 1667//3989 1651//3990
f 1636//3991 1671//3992 1667//3993
f 1671//3994 1673//3995 1672//3996
f 1673//3997 1671//3998 1693//3999
f 1693//4000 1675//4001 1673//4002
f 1693//4003 1684//4004 1675//4005
f 1690//4006 1684//4007 1693//4008
f 1693//4009 1697//4010 1695//4011
f 1697//4012 1693//4013 1710//4014
f 1710//4015 1700//4016 1697//4017
f 1704//4018 1702//4019 1710//4020
f 1710//4021 1702//4022 1700//4023
f 1415//4024 1326//4025 1394//4026
f 1415//4027 1625//4028 1387//4029
f 1415//4030 1394//4031 1400//4032
f 1542//4033 1400//4034 1394//4035
f 1394//4036 1625//4037 1542//4038
f 1463//4039 1542//4040 1625//4041
f 1411//4042 1463//4043 1625//4044
f 1625//4045 1415//4046 1411//4047
f 1405//4048 1411//4049 1415//4050
f 1402//4051 1405//4052 1415//4053
f 1400//4054 1402//4055 1415//4056
f 1349//4057 1345//4058 1471//4059
f 1692//4060 1636//4061 1625//4062
f 1625//4063 1482//4064 1692//4065
f 1625//4066 1394//4067 1471//4068
f 1625//4069 1471//4070 1482//4071
f 1160//4072 1471//4073 1345//4074
f 1134//4075 1160//4076 1319//4077
f 1394//4078 1326//4079 1134//4080
f 1319//4081 1394//4082 1134//4083
f 1349//4084 1471//4085 1394//4086
f 1394//4087 1319//4088 1349//4089
f 1134//4090 1326//4091 1415//4092
f 1387//4093 1134//4094 1415//4095
f 1275//4096 1160//4097 1345//4098
f 1345//4099 1347//4100 1275//4101
f 1347//4102 1345//4103 1349//4104
f 1349//4105 1348//4106 1347//4107
f 1348//4108 1349//4109 1319//4110
f 1319//4111 1269//4112 1348//4113
f 1269//4114 1319//4115 1160//4116
f 1160//4117 1275//4118 1269//4119
f 1727//4120 1693//4121 1671//4122
f 1692//4123 1671//4124 1636//4125
f 1727//4126 1671//4127 1692//4128
f 1710//4129 1693//4130 1727//4131
f 1471//4132 1160//4133 1482//4134
f 1692//4135 1482//4136 1640//4137
f 1683//4138 1713//4139 1715//4140
f 1709//4141 1712//4142 1711//4143
f 1713//4144 1709//4145 1711//4146
f 1713//4147 1711//4148 1715//4149
f 1716//4150 1708//4151 1710//4152
f 1716//4153 1710//4154 1727//4155
f 1706//4156 1705//4157 1704//4158
f 1704//4159 1707//4160 1706//4161
f 1709//4162 1706//4163 1707//4164
f 1707//4165 1708//4166 1709//4167
f 1712//4168 1709//4169 1708//4170
f 1708//4171 1716//4172 1712//4173
f 1740//4174 1742//4175 1743//4176
f 1743//4177 1739//4178 1740//4179
f 1737//4180 1740//4181 1739//4182
f 1739//4183 1738//4184 1737//4185
f 1736//4186 1737//4187 1738//4188
f 1738//4189 1735//4190 1736//4191
f 1734//4192 1736//4193 1735//4194
f 1735//4195 1733//4196 1734//4197
f 1732//4198 1734//4199 1733//4200
f 1733//4201 1731//4202 1732//4203
f 1730//4204 1732//4205 1731//4206
f 1730//4207 1731//4208 1729//4209
f 1729//4210 1728//4211 1730//4212
f 1725//4213 1728//4214 1729//4215
f 1729//4216 1724//4217 1725//4218
f 1723//4219 1725//4220 1724//4221
f 1724//4222 1715//4223 1723//4224
f 1723//4225 1715//4226 1722//4227
f 1722//4228 1721//4229 1723//4230
f 1722//4231 1714//4232 1721//4233
f 1712//4234 1721//4235 1714//4236
f 1714//4237 1711//4238 1712//4239
f 930//4240 923//4241 944//4242
f 872//4243 868//4244 923//4245
f 923//4246 868//4247 944//4248
f 873//4249 872//4250 923//4251
f 923//4252 894//4253 866//4254
f 866//4255 873//4256 923//4257
f 863//4258 866//4259 894//4260
f 894//4261 888//4262 863//4263
f 894//4264 923//4265 930//4266
f 941//4267 928//4268 930//4269
f 927//4270 928//4271 941//4272
f 941//4273 940//4274 927//4275
f 930//4276 928//4277 894//4278
f 888//4279 894//4280 928//4281
f 928//4282 927//4283 888//4284
f 888//4285 927//4286 916//4287
f 1214//4288 975//4289 959//4290
f 975//4291 997//4292 944//4293
f 997//4294 930//4295 944//4296
f 976//4297 977//4298 959//4299
f 975//4300 976//4301 959//4302
f 943//4303 959//4304 977//4305
f 977//4306 945//4307 943//4308
f 945//4309 977//4310 976//4311
f 976//4312 946//4313 945//4314
f 946//4315 976//4316 975//4317
f 975//4318 944//4319 946//4320
f 945//4321 924//4322 925//4323
f 925//4324 943//4325 945//4326
f 925//4327 929//4328 943//4329
f 924//4330 945//4331 946//4332
f 946//4333 944//4334 924//4335
f 924//4336 929//4337 925//4338
f 868//4339 903//4340 944//4341
f 903//4342 929//4343 924//4344
f 924//4345 944//4346 903//4347
f 959//4348 943//4349 920//4350
f 920//4351 981//4352 959//4353
f 920//4354 943//4355 929//4356
f 929//4357 903//4358 919//4359
f 919//4360 920//4361 929//4362
f 903//4363 868//4364 761//4365
f 798//4366 790//4367 761//4368
f 790//4369 782//4370 761//4371
f 782//4372 764//4373 761//4374
f 761//4375 807//4376 798//4377
f 761//4378 839//4379 828//4380
f 818//4381 761//4382 828//4383
f 848//4384 839//4385 761//4386
f 868//4387 848//4388 761//4389
f 766//4390 765//4391 778//4392
f 887//4393 830//4394 849//4395
f 873//4396 866//4397 862//4398
f 856//4399 868//4400 872//4401
f 856//4402 848//4403 868//4404
f 848//4405 856//4406 846//4407
f 848//4408 846//4409 841//4410
f 841//4411 839//4412 848//4413
f 839//4414 841//4415 835//4416
f 835//4417 828//4418 839//4419
f 828//4420 835//4421 831//4422
f 828//4423 831//4424 823//4425
f 823//4426 818//4427 828//4428
f 818//4429 823//4430 816//4431
f 816//4432 807//4433 818//4434
f 807//4435 816//4436 808//4437
f 807//4438 808//4439 801//4440
f 801//4441 798//4442 807//4443
f 798//4444 801//4445 792//4446
f 792//4447 790//4448 798//4449
f 790//4450 792//4451 783//4452
f 783//4453 782//4454 790//4455
f 782//4456 783//4457 778//4458
f 778//4459 764//4460 782//4461
f 764//4462 778//4463 765//4464
f 779//4465 767//4466 766//4467
f 778//4468 779//4469 766//4470
f 778//4471 783//4472 779//4473
f 788//4474 779//4475 783//4476
f 783//4477 792//4478 788//4479
f 795//4480 788//4481 792//4482
f 792//4483 801//4484 795//4485
f 805//4486 795//4487 801//4488
f 801//4489 808//4490 805//4491
f 814//4492 805//4493 808//4494
f 808//4495 816//4496 814//4497
f 822//4498 814//4499 816//4500
f 816//4501 823//4502 822//4503
f 832//4504 822//4505 823//4506
f 823//4507 831//4508 832//4509
f 831//4510 835//4511 832//4512
f 837//4513 832//4514 835//4515
f 835//4516 841//4517 837//4518
f 843//4519 837//4520 841//4521
f 841//4522 846//4523 843//4524
f 854//4525 843//4526 846//4527
f 846//4528 856//4529 854//4530
f 862//4531 854//4532 856//4533
f 873//4534 862//4535 856//4536
f 856//4537 872//4538 873//4539
f 786//4540 767//4541 779//4542
f 779//4543 788//4544 786//4545
f 788//4546 795//4547 786//4548
f 887//4549 786//4550 795//4551
f 795//4552 805//4553 887//4554
f 805//4555 814//4556 887//4557
f 830//4558 887//4559 814//4560
f 814//4561 822//4562 830//4563
f 822//4564 832//4565 830//4566
f 832//4567 837//4568 830//4569
f 849//4570 830//4571 837//4572
f 837//4573 843//4574 849//4575
f 843//4576 854//4577 849//4578
f 863//4579 849//4580 854//4581
f 854//4582 862//4583 863//4584
f 863//4585 862//4586 866//4587
f 864//4588 860//4589 849//4590
f 770//4591 768//4592 838//4593
f 863//4594 864//4595 849//4596
f 825//4597 893//4598 838//4599
f 825//4600 838//4601 768//4602
f 825//4603 786//4604 887//4605
f 645//4606 809//4607 655//4608
f 838//4609 895//4610 655//4611
f 940//4612 938//4613 916//4614
f 927//4615 940//4616 916//4617
f 916//4618 864//4619 888//4620
f 864//4621 863//4622 888//4623
f 860//4624 864//4625 916//4626
f 916//4627 938//4628 931//4629
f 931//4630 914//4631 916//4632
f 916//4633 914//4634 860//4635
f 889//4636 860//4637 914//4638
f 849//4639 860//4640 889//4641
f 889//4642 887//4643 849//4644
f 838//4645 893//4646 895//4647
f 931//4648 936//4649 896//4650
f 896//4651 898//4652 931//4653
f 898//4654 887//4655 889//4656
f 914//4657 898//4658 889//4659
f 931//4660 898//4661 914//4662
f 931//4663 938//4664 936//4665
f 936//4666 886//4667 896//4668
f 887//4669 898//4670 825//4671
f 898//4672 896//4673 825//4674
f 896//4675 886//4676 825//4677
f 893//4678 825//4679 886//4680
f 895//4681 893//4682 886//4683
f 761//4684 632//4685 634//4686
f 765//4687 766//4688 769//4689
f 766//4690 767//4691 769//4692
f 825//4693 768//4694 769//4695
f 768//4696 770//4697 769//4698
f 761//4699 764//4700 769//4701
f 764//4702 765//4703 769//4704
f 786//4705 825//4706 769//4707
f 769//4708 767//4709 786//4710
f 818//4711 807//4712 761//4713
f 761//4714 769//4715 762//4716
f 762//4717 769//4718 770//4719
f 756//4720 762//4721 770//4722
f 770//4723 760//4724 756//4725
f 760//4726 754//4727 756//4728
f 752//4729 756//4730 754//4731
f 754//4732 748//4733 752//4734
f 747//4735 752//4736 748//4737
f 728//4738 732//4739 734//4740
f 732//4741 737//4742 734//4743
f 748//4744 746//4745 747//4746
f 742//4747 747//4748 746//4749
f 746//4750 741//4751 742//4752
f 739//4753 742//4754 741//4755
f 737//4756 739//4757 741//4758
f 741//4759 736//4760 737//4761
f 736//4762 734//4763 737//4764
f 715//4765 723//4766 729//4767
f 729//4768 725//4769 715//4770
f 734//4771 731//4772 728//4773
f 731//4774 729//4775 728//4776
f 729//4777 723//4778 728//4779
f 705//4780 711//4781 717//4782
f 717//4783 713//4784 705//4785
f 725//4786 717//4787 715//4788
f 711//4789 715//4790 717//4791
f 693//4792 699//4793 707//4794
f 707//4795 701//4796 693//4797
f 713//4798 707//4799 705//4800
f 707//4801 699//4802 705//4803
f 701//4804 696//4805 693//4806
f 688//4807 693//4808 696//4809
f 686//4810 688//4811 696//4812
f 686//4813 696//4814 809//4815
f 675//4816 680//4817 685//4818
f 685//4819 682//4820 675//4821
f 809//4822 685//4823 686//4824
f 685//4825 680//4826 686//4827
f 682//4828 676//4829 675//4830
f 670//4831 675//4832 676//4833
f 664//4834 670//4835 676//4836
f 676//4837 668//4838 664//4839
f 663//4840 661//4841 653//4842
f 653//4843 656//4844 663//4845
f 668//4846 663//4847 664//4848
f 663//4849 656//4850 664//4851
f 661//4852 651//4853 653//4854
f 649//4855 653//4856 651//4857
f 646//4858 649//4859 651//4860
f 646//4861 651//4862 650//4863
f 630//4864 638//4865 642//4866
f 630//4867 642//4868 636//4869
f 650//4870 642//4871 646//4872
f 638//4873 646//4874 642//4875
f 636//4876 631//4877 630//4878
f 627//4879 630//4880 631//4881
f 631//4882 628//4883 627//4884
f 625//4885 627//4886 628//4887
f 619//4888 625//4889 628//4890
f 619//4891 628//4892 622//4893
f 622//4894 620//4895 619//4896
f 617//4897 619//4898 620//4899
f 620//4900 615//4901 617//4902
f 612//4903 617//4904 615//4905
f 606//4906 612//4907 615//4908
f 606//4909 615//4910 610//4911
f 596//4912 603//4913 597//4914
f 610//4915 607//4916 606//4917
f 599//4918 606//4919 607//4920
f 607//4921 603//4922 599//4923
f 603//4924 596//4925 599//4926
f 582//4927 588//4928 585//4929
f 588//4930 582//4931 586//4932
f 597//4933 595//4934 596//4935
f 590//4936 596//4937 595//4938
f 595//4939 588//4940 590//4941
f 586//4942 590//4943 588//4944
f 557//4945 564//4946 572//4947
f 557//4948 572//4949 569//4950
f 557//4951 569//4952 553//4953
f 553//4954 555//4955 557//4956
f 582//4957 585//4958 581//4959
f 571//4960 582//4961 581//4962
f 581//4963 572//4964 571//4965
f 572//4966 564//4967 571//4968
f 541//4969 555//4970 553//4971
f 541//4972 553//4973 547//4974
f 541//4975 547//4976 515//4977
f 515//4978 514//4979 541//4980
f 547//4981 553//4982 550//4983
f 729//4984 731//4985 838//4986
f 760//4987 770//4988 838//4989
f 748//4990 754//4991 838//4992
f 838//4993 754//4994 760//4995
f 838//4996 746//4997 748//4998
f 838//4999 741//5000 746//5001
f 731//5002 734//5003 838//5004
f 734//5005 736//5006 838//5007
f 736//5008 741//5009 838//5010
f 725//5011 729//5012 838//5013
f 725//5014 838//5015 713//5016
f 717//5017 725//5018 713//5019
f 701//5020 707//5021 713//5022
f 696//5023 701//5024 713//5025
f 713//5026 809//5027 696//5028
f 809//5029 682//5030 685//5031
f 668//5032 676//5033 809//5034
f 676//5035 682//5036 809//5037
f 661//5038 663//5039 809//5040
f 663//5041 668//5042 809//5043
f 661//5044 809//5045 645//5046
f 645//5047 651//5048 661//5049
f 650//5050 651//5051 645//5052
f 636//5053 642//5054 645//5055
f 645//5056 642//5057 650//5058
f 645//5059 622//5060 628//5061
f 628//5062 631//5063 645//5064
f 645//5065 631//5066 636//5067
f 620//5068 622//5069 645//5070
f 615//5071 620//5072 645//5073
f 645//5074 610//5075 615//5076
f 610//5077 645//5078 587//5079
f 587//5080 607//5081 610//5082
f 603//5083 607//5084 587//5085
f 587//5086 597//5087 603//5088
f 587//5089 595//5090 597//5091
f 585//5092 588//5093 587//5094
f 588//5095 595//5096 587//5097
f 553//5098 569//5099 550//5100
f 550//5101 569//5102 572//5103
f 572//5104 581//5105 550//5106
f 587//5107 550//5108 581//5109
f 581//5110 585//5111 587//5112
f 809//5113 838//5114 655//5115
f 809//5116 713//5117 838//5118
f 587//5119 655//5120 550//5121
f 655//5122 587//5123 645//5124
f 500//5125 515//5126 547//5127
f 547//5128 550//5129 500//5130
f 475//5131 550//5132 480//5133
f 470//5134 467//5135 475//5136
f 467//5137 494//5138 475//5139
f 936//5140 960//5141 935//5142
f 935//5143 886//5144 936//5145
f 935//5146 918//5147 886//5148
f 918//5149 895//5150 886//5151
f 655//5152 895//5153 918//5154
f 918//5155 502//5156 655//5157
f 550//5158 655//5159 502//5160
f 480//5161 550//5162 502//5163
f 482//5164 480//5165 502//5166
f 475//5167 480//5168 482//5169
f 482//5170 470//5171 475//5172
f 523//5173 527//5174 575//5175
f 539//5176 761//5177 670//5178
f 541//5179 514//5180 513//5181
f 575//5182 541//5183 513//5184
f 555//5185 541//5186 575//5187
f 575//5188 557//5189 555//5190
f 571//5191 564//5192 575//5193
f 564//5194 557//5195 575//5196
f 575//5197 586//5198 582//5199
f 582//5200 571//5201 575//5202
f 590//5203 586//5204 575//5205
f 575//5206 596//5207 590//5208
f 599//5209 596//5210 575//5211
f 619//5212 617//5213 625//5214
f 617//5215 612//5216 625//5217
f 575//5218 625//5219 612//5220
f 612//5221 606//5222 575//5223
f 606//5224 599//5225 575//5226
f 638//5227 630//5228 625//5229
f 625//5230 630//5231 627//5232
f 646//5233 638//5234 625//5235
f 649//5236 646//5237 625//5238
f 625//5239 670//5240 649//5241
f 653//5242 649//5243 670//5244
f 670//5245 656//5246 653//5247
f 664//5248 656//5249 670//5250
f 680//5251 675//5252 670//5253
f 670//5254 686//5255 680//5256
f 693//5257 670//5258 720//5259
f 670//5260 693//5261 688//5262
f 688//5263 686//5264 670//5265
f 720//5266 711//5267 705//5268
f 705//5269 699//5270 720//5271
f 720//5272 699//5273 693//5274
f 715//5275 711//5276 720//5277
f 720//5278 723//5279 715//5280
f 720//5281 732//5282 728//5283
f 728//5284 723//5285 720//5286
f 737//5287 732//5288 720//5289
f 720//5290 739//5291 737//5292
f 720//5293 762//5294 747//5295
f 747//5296 742//5297 720//5298
f 742//5299 739//5300 720//5301
f 756//5302 752//5303 762//5304
f 752//5305 747//5306 762//5307
f 670//5308 522//5309 539//5310
f 670//5311 525//5312 522//5313
f 670//5314 537//5315 525//5316
f 670//5317 533//5318 537//5319
f 670//5320 528//5321 533//5322
f 670//5323 529//5324 528//5325
f 670//5326 761//5327 762//5328
f 670//5329 531//5330 529//5331
f 670//5332 534//5333 531//5334
f 670//5335 575//5336 534//5337
f 575//5338 527//5339 534//5340
f 670//5341 762//5342 720//5343
f 625//5344 575//5345 670//5346
f 575//5347 520//5348 523//5349
f 575//5350 513//5351 520//5352
f 472//5353 462//5354 634//5355
f 634//5356 632//5357 472//5358
f 632//5359 761//5360 472//5361
f 761//5362 539//5363 486//5364
f 459//5365 761//5366 486//5367
f 459//5368 472//5369 761//5370
f 462//5371 472//5372 459//5373
f 302//5374 341//5375 375//5376
f 421//5377 375//5378 459//5379
f 459//5380 486//5381 484//5382
f 539//5383 375//5384 484//5385
f 486//5386 539//5387 484//5388
f 421//5389 459//5390 484//5391
f 375//5392 421//5393 484//5394
f 485//5395 490//5396 539//5397
f 458//5398 485//5399 539//5400
f 539//5401 484//5402 458//5403
f 452//5404 458//5405 484//5406
f 466//5407 452//5408 484//5409
f 484//5410 539//5411 466//5412
f 490//5413 466//5414 539//5415
f 341//5416 358//5417 375//5418
f 459//5419 375//5420 358//5421
f 358//5422 462//5423 459//5424
f 477//5425 634//5426 462//5427
f 522//5428 375//5429 539//5430
f 522//5431 525//5432 378//5433
f 522//5434 378//5435 375//5436
f 525//5437 537//5438 377//5439
f 377//5440 378//5441 525//5442
f 537//5443 533//5444 379//5445
f 379//5446 377//5447 537//5448
f 533//5449 373//5450 379//5451
f 373//5452 533//5453 528//5454
f 528//5455 529//5456 373//5457
f 529//5458 531//5459 371//5460
f 529//5461 371//5462 373//5463
f 362//5464 371//5465 531//5466
f 531//5467 534//5468 362//5469
f 360//5470 362//5471 534//5472
f 534//5473 527//5474 360//5475
f 344//5476 360//5477 527//5478
f 527//5479 523//5480 344//5481
f 335//5482 344//5483 523//5484
f 520//5485 334//5486 335//5487
f 335//5488 523//5489 520//5490
f 513//5491 316//5492 334//5493
f 520//5494 513//5495 334//5496
f 513//5497 514//5498 316//5499
f 514//5500 290//5501 316//5502
f 302//5503 378//5504 377//5505
f 375//5506 378//5507 302//5508
f 302//5509 377//5510 379//5511
f 514//5512 495//5513 290//5514
f 514//5515 515//5516 500//5517
f 500//5518 495//5519 514//5520
f 495//5521 443//5522 431//5523
f 495//5524 431//5525 419//5526
f 495//5527 419//5528 393//5529
f 326//5530 279//5531 290//5532
f 290//5533 495//5534 326//5535
f 356//5536 326//5537 495//5538
f 495//5539 393//5540 356//5541
f 302//5542 316//5543 290//5544
f 302//5545 334//5546 316//5547
f 335//5548 334//5549 302//5550
f 344//5551 335//5552 302//5553
f 360//5554 344//5555 302//5556
f 302//5557 362//5558 360//5559
f 302//5560 371//5561 362//5562
f 302//5563 373//5564 371//5565
f 373//5566 302//5567 379//5568
f 302//5569 290//5570 279//5571
f 441//5572 443//5573 495//5574
f 495//5575 500//5576 441//5577
f 445//5578 441//5579 500//5580
f 500//5581 427//5582 445//5583
f 500//5584 550//5585 427//5586
f 550//5587 446//5588 427//5589
f 550//5590 475//5591 446//5592
f 438//5593 441//5594 445//5595
f 448//5596 437//5597 475//5598
f 437//5599 446//5600 475//5601
f 431//5602 428//5603 416//5604
f 416//5605 419//5606 431//5607
f 419//5608 416//5609 388//5610
f 388//5611 393//5612 419//5613
f 393//5614 388//5615 354//5616
f 354//5617 356//5618 393//5619
f 356//5620 354//5621 324//5622
f 324//5623 326//5624 356//5625
f 326//5626 324//5627 279//5628
f 275//5629 317//5630 314//5631
f 345//5632 314//5633 317//5634
f 317//5635 348//5636 345//5637
f 383//5638 345//5639 348//5640
f 348//5641 386//5642 383//5643
f 409//5644 383//5645 386//5646
f 386//5647 412//5648 409//5649
f 422//5650 409//5651 412//5652
f 412//5653 425//5654 422//5655
f 434//5656 422//5657 425//5658
f 425//5659 438//5660 434//5661
f 445//5662 434//5663 438//5664
f 275//5665 279//5666 317//5667
f 324//5668 317//5669 279//5670
f 348//5671 317//5672 324//5673
f 324//5674 354//5675 348//5676
f 386//5677 348//5678 354//5679
f 354//5680 388//5681 386//5682
f 412//5683 386//5684 388//5685
f 388//5686 416//5687 412//5688
f 425//5689 412//5690 416//5691
f 416//5692 428//5693 425//5694
f 428//5695 431//5696 443//5697
f 443//5698 441//5699 428//5700
f 425//5701 428//5702 441//5703
f 441//5704 438//5705 425//5706
f 420//5707 271//5708 272//5709
f 272//5710 434//5711 420//5712
f 434//5713 445//5714 420//5715
f 279//5716 275//5717 271//5718
f 236//5719 248//5720 255//5721
f 232//5722 249//5723 248//5724
f 248//5725 236//5726 232//5727
f 244//5728 273//5729 296//5730
f 233//5731 250//5732 249//5733
f 249//5734 232//5735 233//5736
f 320//5737 322//5738 338//5739
f 311//5740 320//5741 338//5742
f 283//5743 292//5744 338//5745
f 338//5746 322//5747 328//5748
f 306//5749 311//5750 338//5751
f 338//5752 297//5753 306//5754
f 338//5755 292//5756 297//5757
f 264//5758 267//5759 255//5760
f 236//5761 255//5762 302//5763
f 255//5764 260//5765 264//5766
f 255//5767 257//5768 260//5769
f 302//5770 271//5771 236//5772
f 251//5773 253//5774 255//5775
f 255//5776 267//5777 283//5778
f 283//5779 338//5780 255//5781
f 338//5782 302//5783 255//5784
f 279//5785 271//5786 302//5787
f 283//5788 267//5789 268//5790
f 268//5791 284//5792 283//5793
f 253//5794 251//5795 252//5796
f 252//5797 254//5798 253//5799
f 253//5800 254//5801 256//5802
f 256//5803 255//5804 253//5805
f 257//5806 255//5807 256//5808
f 256//5809 258//5810 257//5811
f 260//5812 257//5813 258//5814
f 258//5815 261//5816 260//5817
f 260//5818 261//5819 265//5820
f 265//5821 264//5822 260//5823
f 264//5824 265//5825 268//5826
f 268//5827 267//5828 264//5829
f 254//5830 252//5831 250//5832
f 250//5833 261//5834 258//5835
f 250//5836 265//5837 261//5838
f 250//5839 268//5840 265//5841
f 250//5842 256//5843 254//5844
f 250//5845 258//5846 256//5847
f 272//5848 271//5849 275//5850
f 274//5851 296//5852 273//5853
f 272//5854 275//5855 314//5856
f 314//5857 345//5858 272//5859
f 272//5860 345//5861 383//5862
f 272//5863 383//5864 409//5865
f 272//5866 409//5867 422//5868
f 422//5869 434//5870 272//5871
f 273//5872 435//5873 423//5874
f 423//5875 410//5876 273//5877
f 273//5878 410//5879 384//5880
f 273//5881 384//5882 346//5883
f 346//5884 315//5885 273//5886
f 315//5887 274//5888 273//5889
f 249//5890 250//5891 252//5892
f 248//5893 249//5894 252//5895
f 252//5896 251//5897 248//5898
f 255//5899 248//5900 251//5901
f 435//5902 244//5903 499//5904
f 435//5905 273//5906 244//5907
f 282//5908 296//5909 274//5910
f 305//5911 284//5912 268//5913
f 268//5914 250//5915 305//5916
f 318//5917 250//5918 233//5919
f 318//5920 305//5921 250//5922
f 494//5923 448//5924 475//5925
f 439//5926 435//5927 499//5928
f 347//5929 319//5930 315//5931
f 315//5932 346//5933 347//5934
f 385//5935 347//5936 346//5937
f 346//5938 384//5939 385//5940
f 411//5941 385//5942 384//5943
f 384//5944 410//5945 411//5946
f 424//5947 411//5948 410//5949
f 410//5950 423//5951 424//5952
f 315//5953 319//5954 274//5955
f 282//5956 325//5957 327//5958
f 327//5959 325//5960 355//5961
f 355//5962 357//5963 327//5964
f 357//5965 355//5966 389//5967
f 389//5968 392//5969 357//5970
f 392//5971 389//5972 417//5973
f 417//5974 418//5975 392//5976
f 418//5977 417//5978 429//5979
f 429//5980 430//5981 418//5982
f 430//5983 429//5984 440//5985
f 440//5986 442//5987 430//5988
f 282//5989 319//5990 325//5991
f 355//5992 325//5993 319//5994
f 319//5995 349//5996 355//5997
f 389//5998 355//5999 349//6000
f 349//6001 387//6002 389//6003
f 417//6004 389//6005 387//6006
f 387//6007 413//6008 417//6009
f 429//6010 417//6011 413//6012
f 413//6013 426//6014 429//6015
f 282//6016 274//6017 319//6018
f 319//6019 347//6020 349//6021
f 387//6022 349//6023 347//6024
f 347//6025 385//6026 387//6027
f 413//6028 387//6029 385//6030
f 385//6031 411//6032 413//6033
f 426//6034 413//6035 411//6036
f 411//6037 424//6038 426//6039
f 429//6040 426//6041 439//6042
f 439//6043 440//6044 429//6045
f 424//6046 423//6047 435//6048
f 435//6049 439//6050 424//6051
f 426//6052 424//6053 439//6054
f 499//6055 432//6056 447//6057
f 499//6058 440//6059 439//6060
f 540//6061 479//6062 468//6063
f 540//6064 904//6065 479//6066
f 904//6067 963//6068 933//6069
f 963//6070 937//6071 933//6072
f 468//6073 479//6074 436//6075
f 432//6076 436//6077 479//6078
f 447//6079 432//6080 498//6081
f 498//6082 499//6083 447//6084
f 498//6085 440//6086 499//6087
f 498//6088 496//6089 440//6090
f 496//6091 442//6092 440//6093
f 432//6094 479//6095 498//6096
f 852//6097 851//6098 890//6099
f 658//6100 608//6101 479//6102
f 551//6103 498//6104 479//6105
f 608//6106 551//6107 479//6108
f 479//6109 904//6110 658//6111
f 904//6112 719//6113 658//6114
f 904//6115 800//6116 719//6117
f 892//6118 865//6119 852//6120
f 926//6121 899//6122 865//6123
f 926//6124 865//6125 917//6126
f 939//6127 947//6128 934//6129
f 917//6130 865//6131 892//6132
f 892//6133 915//6134 917//6135
f 917//6136 915//6137 932//6138
f 937//6139 939//6140 932//6141
f 932//6142 939//6143 917//6144
f 917//6145 939//6146 934//6147
f 934//6148 926//6149 917//6150
f 904//6151 911//6152 857//6153
f 904//6154 857//6155 800//6156
f 933//6157 910//6158 912//6159
f 857//6160 933//6161 912//6162
f 933//6163 857//6164 911//6165
f 890//6166 892//6167 852//6168
f 915//6169 892//6170 890//6171
f 890//6172 913//6173 915//6174
f 932//6175 915//6176 913//6177
f 937//6178 932//6179 913//6180
f 910//6181 933//6182 913//6183
f 796//6184 890//6185 851//6186
f 913//6187 890//6188 796//6189
f 796//6190 910//6191 913//6192
f 937//6193 913//6194 933//6195
f 796//6196 912//6197 878//6198
f 912//6199 910//6200 878//6201
f 796//6202 878//6203 910//6204
f 626//6205 621//6206 608//6207
f 517//6208 498//6209 551//6210
f 774//6211 773//6212 763//6213
f 558//6214 556//6215 551//6216
f 580//6217 573//6218 551//6219
f 551//6220 589//6221 580//6222
f 609//6223 604//6224 589//6225
f 604//6226 602//6227 589//6228
f 616//6229 609//6230 608//6231
f 589//6232 608//6233 609//6234
f 621//6235 616//6236 608//6237
f 637//6238 626//6239 608//6240
f 643//6241 637//6242 608//6243
f 608//6244 647//6245 643//6246
f 658//6247 667//6248 662//6249
f 658//6250 719//6251 667//6252
f 719//6253 673//6254 667//6255
f 677//6256 673//6257 719//6258
f 677//6259 719//6260 703//6261
f 703//6262 679//6263 677//6264
f 703//6265 683//6266 679//6267
f 687//6268 683//6269 703//6270
f 703//6271 690//6272 687//6273
f 697//6274 695//6275 703//6276
f 695//6277 690//6278 703//6279
f 702//6280 697//6281 703//6282
f 800//6283 708//6284 702//6285
f 702//6286 703//6287 800//6288
f 800//6289 712//6290 708//6291
f 721//6292 718//6293 800//6294
f 718//6295 712//6296 800//6297
f 724//6298 721//6299 800//6300
f 730//6301 724//6302 800//6303
f 735//6304 730//6305 800//6306
f 800//6307 740//6308 735//6309
f 753//6310 745//6311 774//6312
f 800//6313 774//6314 745//6315
f 745//6316 740//6317 800//6318
f 758//6319 753//6320 774//6321
f 703//6322 719//6323 800//6324
f 763//6325 758//6326 774//6327
f 652//6328 647//6329 658//6330
f 589//6331 551//6332 608//6333
f 647//6334 608//6335 658//6336
f 573//6337 558//6338 551//6339
f 851//6340 852//6341 796//6342
f 852//6343 865//6344 899//6345
f 796//6346 785//6347 774//6348
f 796//6349 774//6350 912//6351
f 774//6352 800//6353 857//6354
f 857//6355 912//6356 774//6357
f 776//6358 775//6359 781//6360
f 793//6361 796//6362 821//6363
f 793//6364 785//6365 796//6366
f 780//6367 784//6368 777//6369
f 784//6370 780//6371 789//6372
f 789//6373 794//6374 784//6375
f 794//6376 789//6377 797//6378
f 794//6379 797//6380 802//6381
f 802//6382 804//6383 794//6384
f 804//6385 802//6386 810//6387
f 810//6388 812//6389 804//6390
f 812//6391 810//6392 819//6393
f 819//6394 824//6395 812//6396
f 824//6397 819//6398 826//6399
f 824//6400 826//6401 833//6402
f 833//6403 836//6404 824//6405
f 836//6406 833//6407 840//6408
f 836//6409 840//6410 845//6411
f 845//6412 847//6413 836//6414
f 847//6415 845//6416 853//6417
f 859//6418 853//6419 861//6420
f 853//6421 859//6422 847//6423
f 869//6424 870//6425 861//6426
f 861//6427 870//6428 859//6429
f 861//6430 874//6431 875//6432
f 875//6433 876//6434 861//6435
f 876//6436 869//6437 861//6438
f 858//6439 899//6440 874//6441
f 874//6442 861//6443 858//6444
f 861//6445 853//6446 858//6447
f 850//6448 858//6449 853//6450
f 853//6451 845//6452 850//6453
f 842//6454 850//6455 845//6456
f 845//6457 840//6458 842//6459
f 834//6460 842//6461 840//6462
f 840//6463 833//6464 834//6465
f 827//6466 834//6467 833//6468
f 833//6469 826//6470 827//6471
f 820//6472 827//6473 826//6474
f 826//6475 819//6476 820//6477
f 811//6478 820//6479 819//6480
f 819//6481 810//6482 811//6483
f 806//6484 811//6485 810//6486
f 810//6487 802//6488 806//6489
f 799//6490 806//6491 802//6492
f 802//6493 797//6494 799//6495
f 791//6496 799//6497 797//6498
f 797//6499 789//6500 791//6501
f 781//6502 791//6503 789//6504
f 789//6505 780//6506 781//6507
f 781//6508 780//6509 776//6510
f 776//6511 780//6512 777//6513
f 852//6514 899//6515 858//6516
f 858//6517 850//6518 852//6519
f 850//6520 842//6521 852//6522
f 796//6523 852//6524 842//6525
f 842//6526 834//6527 796//6528
f 821//6529 796//6530 834//6531
f 834//6532 827//6533 821//6534
f 827//6535 820//6536 821//6537
f 820//6538 811//6539 821//6540
f 793//6541 821//6542 811//6543
f 811//6544 806//6545 793//6546
f 806//6547 799//6548 793//6549
f 799//6550 791//6551 793//6552
f 785//6553 793//6554 791//6555
f 791//6556 781//6557 785//6558
f 785//6559 781//6560 775//6561
f 774//6562 785//6563 772//6564
f 775//6565 776//6566 772//6567
f 772//6568 776//6569 777//6570
f 772//6571 777//6572 855//6573
f 772//6574 773//6575 774//6576
f 785//6577 775//6578 772//6579
f 517//6580 551//6581 554//6582
f 554//6583 542//6584 517//6585
f 542//6586 516//6587 517//6588
f 556//6589 558//6590 574//6591
f 574//6592 570//6593 556//6594
f 558//6595 573//6596 574//6597
f 551//6598 556//6599 554//6600
f 570//6601 554//6602 556//6603
f 584//6604 574//6605 573//6606
f 580//6607 589//6608 591//6609
f 591//6610 584//6611 573//6612
f 573//6613 580//6614 591//6615
f 605//6616 598//6617 589//6618
f 598//6619 591//6620 589//6621
f 589//6622 602//6623 605//6624
f 618//6625 611//6626 604//6627
f 604//6628 609//6629 618//6630
f 602//6631 604//6632 605//6633
f 611//6634 605//6635 604//6636
f 629//6637 616//6638 621//6639
f 629//6640 623//6641 616//6642
f 609//6643 616//6644 618//6645
f 623//6646 618//6647 616//6648
f 644//6649 671//6650 626//6651
f 644//6652 626//6653 637//6654
f 621//6655 626//6656 629//6657
f 626//6658 671//6659 629//6660
f 654//6661 648//6662 643//6663
f 643//6664 647//6665 654//6666
f 637//6667 643//6668 644//6669
f 643//6670 648//6671 644//6672
f 658//6673 662//6674 659//6675
f 652//6676 659//6677 657//6678
f 659//6679 652//6680 658//6681
f 647//6682 652//6683 654//6684
f 652//6685 657//6686 654//6687
f 672//6688 669//6689 662//6690
f 672//6691 662//6692 667//6693
f 669//6694 659//6695 662//6696
f 667//6697 673//6698 672//6699
f 674//6700 672//6701 673//6702
f 673//6703 677//6704 674//6705
f 681//6706 674//6707 677//6708
f 681//6709 677//6710 679//6711
f 679//6712 683//6713 681//6714
f 684//6715 681//6716 683//6717
f 683//6718 687//6719 684//6720
f 691//6721 684//6722 687//6723
f 694//6724 691//6725 687//6726
f 694//6727 687//6728 690//6729
f 690//6730 695//6731 694//6732
f 698//6733 694//6734 695//6735
f 704//6736 698//6737 695//6738
f 704//6739 695//6740 697//6741
f 714//6742 710//6743 708//6744
f 714//6745 708//6746 712//6747
f 714//6748 712//6749 718//6750
f 718//6751 716//6752 714//6753
f 722//6754 716//6755 718//6756
f 704//6757 697//6758 702//6759
f 706//6760 704//6761 702//6762
f 702//6763 708//6764 706//6765
f 710//6766 706//6767 708//6768
f 722//6769 718//6770 721//6771
f 721//6772 727//6773 722//6774
f 727//6775 721//6776 724//6777
f 727//6778 724//6779 730//6780
f 733//6781 727//6782 730//6783
f 733//6784 730//6785 735//6786
f 735//6787 738//6788 733//6789
f 745//6790 751//6791 743//6792
f 751//6793 745//6794 753//6795
f 738//6796 735//6797 740//6798
f 740//6799 743//6800 738//6801
f 743//6802 740//6803 745//6804
f 751//6805 753//6806 758//6807
f 758//6808 757//6809 751//6810
f 757//6811 758//6812 763//6813
f 763//6814 771//6815 757//6816
f 771//6817 763//6818 773//6819
f 773//6820 772//6821 771//6822
f 855//6823 859//6824 871//6825
f 855//6826 871//6827 867//6828
f 847//6829 859//6830 855//6831
f 836//6832 847//6833 855//6834
f 777//6835 784//6836 855//6837
f 784//6838 794//6839 855//6840
f 794//6841 804//6842 855//6843
f 804//6844 812//6845 855//6846
f 812//6847 824//6848 855//6849
f 824//6850 836//6851 855//6852
f 516//6853 313//6854 299//6855
f 299//6856 282//6857 327//6858
f 498//6859 517//6860 516//6861
f 392//6862 418//6863 496//6864
f 418//6865 430//6866 496//6867
f 430//6868 442//6869 496//6870
f 496//6871 516//6872 299//6873
f 516//6874 496//6875 498//6876
f 327//6877 496//6878 299//6879
f 496//6880 327//6881 357//6882
f 357//6883 392//6884 496//6885
f 751//6886 757//6887 709//6888
f 757//6889 771//6890 709//6891
f 771//6892 772//6893 709//6894
f 639//6895 738//6896 743//6897
f 709//6898 639//6899 743//6900
f 743//6901 751//6902 709//6903
f 733//6904 738//6905 639//6906
f 727//6907 733//6908 639//6909
f 639//6910 698//6911 716//6912
f 716//6913 722//6914 639//6915
f 722//6916 727//6917 639//6918
f 706//6919 710//6920 698//6921
f 710//6922 714//6923 698//6924
f 714//6925 716//6926 698//6927
f 698//6928 691//6929 694//6930
f 704//6931 706//6932 698//6933
f 698//6934 671//6935 691//6936
f 671//6937 684//6938 691//6939
f 671//6940 681//6941 684//6942
f 674//6943 681//6944 671//6945
f 671//6946 672//6947 674//6948
f 669//6949 672//6950 671//6951
f 654//6952 657//6953 671//6954
f 671//6955 657//6956 659//6957
f 659//6958 669//6959 671//6960
f 644//6961 648//6962 671//6963
f 648//6964 654//6965 671//6966
f 623//6967 629//6968 671//6969
f 618//6970 623//6971 671//6972
f 671//6973 611//6974 618//6975
f 671//6976 605//6977 611//6978
f 598//6979 605//6980 671//6981
f 598//6982 671//6983 559//6984
f 584//6985 591//6986 559//6987
f 591//6988 598//6989 559//6990
f 559//6991 570//6992 574//6993
f 559//6994 574//6995 584//6996
f 554//6997 570//6998 559//6999
f 559//7000 542//7001 554//7002
f 542//7003 559//7004 518//7005
f 518//7006 516//7007 542//7008
f 671//7009 698//7010 639//7011
f 559//7012 521//7013 524//7014
f 671//7015 549//7016 559//7017
f 559//7018 549//7019 521//7020
f 549//7021 535//7022 521//7023
f 671//7024 536//7025 549//7026
f 639//7027 565//7028 671//7029
f 536//7030 671//7031 565//7032
f 565//7033 530//7034 536//7035
f 526//7036 532//7037 565//7038
f 565//7039 639//7040 526//7041
f 639//7042 538//7043 526//7044
f 639//7045 519//7046 538//7047
f 639//7048 709//7049 594//7050
f 594//7051 855//7052 633//7053
f 633//7054 640//7055 594//7056
f 709//7057 855//7058 594//7059
f 855//7060 709//7061 772//7062
f 299//7063 313//7064 296//7065
f 296//7066 282//7067 299//7068
f 291//7069 284//7070 305//7071
f 305//7072 298//7073 291//7074
f 336//7075 305//7076 318//7077
f 312//7078 307//7079 305//7080
f 318//7081 233//7082 296//7083
f 321//7084 312//7085 305//7086
f 323//7087 305//7088 336//7089
f 305//7090 323//7091 321//7092
f 336//7093 329//7094 323//7095
f 372//7096 374//7097 363//7098
f 372//7099 363//7100 366//7101
f 318//7102 343//7103 359//7104
f 361//7105 366//7106 359//7107
f 318//7108 331//7109 343//7110
f 313//7111 331//7112 318//7113
f 318//7114 296//7115 313//7116
f 366//7117 363//7118 318//7119
f 359//7120 366//7121 318//7122
f 488//7123 538//7124 519//7125
f 376//7126 538//7127 488//7128
f 376//7129 382//7130 538//7131
f 382//7132 526//7133 538//7134
f 382//7135 381//7136 526//7137
f 532//7138 526//7139 381//7140
f 565//7141 381//7142 363//7143
f 565//7144 532//7145 381//7146
f 363//7147 530//7148 565//7149
f 363//7150 374//7151 530//7152
f 374//7153 536//7154 530//7155
f 374//7156 372//7157 536//7158
f 372//7159 366//7160 549//7161
f 372//7162 549//7163 536//7164
f 366//7165 535//7166 549//7167
f 366//7168 361//7169 535//7170
f 361//7171 359//7172 535//7173
f 521//7174 535//7175 359//7176
f 359//7177 343//7178 521//7179
f 343//7180 524//7181 521//7182
f 343//7183 559//7184 524//7185
f 559//7186 343//7187 331//7188
f 518//7189 559//7190 331//7191
f 331//7192 313//7193 518//7194
f 516//7195 518//7196 313//7197
f 381//7198 382//7199 376//7200
f 376//7201 363//7202 381//7203
f 376//7204 318//7205 363//7206
f 318//7207 376//7208 444//7209
f 507//7210 505//7211 519//7212
f 519//7213 505//7214 501//7215
f 561//7216 544//7217 519//7218
f 544//7219 510//7220 519//7221
f 510//7222 507//7223 519//7224
f 519//7225 501//7226 488//7227
f 488//7228 444//7229 376//7230
f 474//7231 493//7232 512//7233
f 474//7234 512//7235 546//7236
f 640//7237 474//7238 546//7239
f 546//7240 563//7241 640//7242
f 640//7243 563//7244 579//7245
f 594//7246 613//7247 639//7248
f 639//7249 613//7250 601//7251
f 640//7252 579//7253 594//7254
f 519//7255 639//7256 577//7257
f 577//7258 561//7259 519//7260
f 593//7261 577//7262 639//7263
f 601//7264 593//7265 639//7266
f 474//7267 453//7268 493//7269
f 633//7270 473//7271 465//7272
f 465//7273 453//7274 476//7275
f 453//7276 474//7277 476//7278
f 666//7279 692//7280 594//7281
f 692//7282 660//7283 594//7284
f 503//7285 501//7286 505//7287
f 505//7288 504//7289 503//7290
f 504//7291 505//7292 507//7293
f 507//7294 506//7295 504//7296
f 506//7297 507//7298 510//7299
f 510//7300 509//7301 506//7302
f 509//7303 510//7304 544//7305
f 544//7306 543//7307 509//7308
f 543//7309 544//7310 561//7311
f 561//7312 560//7313 543//7314
f 560//7315 561//7316 577//7317
f 577//7318 576//7319 560//7320
f 576//7321 577//7322 593//7323
f 593//7324 592//7325 576//7326
f 592//7327 593//7328 601//7329
f 601//7330 600//7331 592//7332
f 600//7333 601//7334 613//7335
f 613//7336 660//7337 600//7338
f 660//7339 613//7340 594//7341
f 666//7342 594//7343 579//7344
f 579//7345 578//7346 666//7347
f 578//7348 579//7349 563//7350
f 563//7351 562//7352 578//7353
f 562//7354 563//7355 546//7356
f 546//7357 545//7358 562//7359
f 545//7360 546//7361 512//7362
f 512//7363 511//7364 545//7365
f 511//7366 512//7367 493//7368
f 511//7369 493//7370 501//7371
f 503//7372 511//7373 501//7374
f 453//7375 465//7376 473//7377
f 473//7378 451//7379 453//7380
f 444//7381 453//7382 451//7383
f 859//7384 870//7385 948//7386
f 948//7387 949//7388 859//7389
f 871//7390 859//7391 949//7392
f 949//7393 950//7394 871//7395
f 871//7396 950//7397 951//7398
f 951//7399 867//7400 871//7401
f 951//7402 952//7403 867//7404
f 855//7405 867//7406 952//7407
f 955//7408 633//7409 844//7410
f 844//7411 855//7412 952//7413
f 952//7414 953//7415 844//7416
f 953//7417 955//7418 844//7419
f 635//7420 640//7421 633//7422
f 476//7423 474//7424 640//7425
f 476//7426 640//7427 635//7428
f 635//7429 633//7430 476//7431
f 465//7432 476//7433 633//7434
f 855//7435 844//7436 633//7437
f 493//7438 453//7439 469//7440
f 501//7441 493//7442 469//7443
f 488//7444 501//7445 469//7446
f 444//7447 488//7448 469//7449
f 453//7450 444//7451 469//7452
f 469//7453 488//7454 460//7455
f 487//7456 460//7457 488//7458
f 488//7459 469//7460 487//7461
f 483//7462 487//7463 469//7464
f 481//7465 483//7466 469//7467
f 471//7468 481//7469 469//7470
f 460//7471 471//7472 469//7473
f 468//7474 436//7475 450//7476
f 448//7477 494//7478 367//7479
f 330//7480 369//7481 367//7482
f 494//7483 489//7484 468//7485
f 467//7486 497//7487 494//7488
f 502//7489 492//7490 497//7491
f 467//7492 470//7493 482//7494
f 494//7495 497//7496 489//7497
f 904//7498 942//7499 963//7500
f 502//7501 918//7502 935//7503
f 467//7504 482//7505 502//7506
f 497//7507 467//7508 502//7509
f 904//7510 540//7511 689//7512
f 1235//7513 1002//7514 942//7515
f 1495//7516 1479//7517 1325//7518
f 935//7519 492//7520 502//7521
f 468//7522 330//7523 367//7524
f 1002//7525 963//7526 942//7527
f 1479//7528 1439//7529 1325//7530
f 1235//7531 1325//7532 1439//7533
f 1325//7534 1051//7535 1495//7536
f 1023//7537 1495//7538 1051//7539
f 960//7540 1023//7541 961//7542
f 540//7543 468//7544 491//7545
f 1051//7546 961//7547 1023//7548
f 961//7549 935//7550 960//7551
f 489//7552 491//7553 468//7554
f 367//7555 494//7556 468//7557
f 468//7558 369//7559 330//7560
f 367//7561 369//7562 448//7563
f 448//7564 369//7565 437//7566
f 369//7567 468//7568 450//7569
f 491//7570 689//7571 540//7572
f 492//7573 489//7574 497//7575
f 492//7576 935//7577 879//7578
f 1235//7579 942//7580 1104//7581
f 904//7582 922//7583 942//7584
f 689//7585 922//7586 904//7587
f 1051//7588 1325//7589 922//7590
f 961//7591 1051//7592 922//7593
f 935//7594 961//7595 922//7596
f 879//7597 935//7598 922//7599
f 492//7600 879//7601 922//7602
f 489//7603 492//7604 922//7605
f 491//7606 489//7607 922//7608
f 689//7609 491//7610 922//7611
f 1104//7612 942//7613 922//7614
f 1235//7615 1104//7616 922//7617
f 1325//7618 1235//7619 922//7620
f 903//7621 761//7622 634//7623
f 903//7624 634//7625 919//7626
f 817//7627 897//7628 634//7629
f 755//7630 787//7631 817//7632
f 817//7633 813//7634 755//7635
f 759//7636 787//7637 755//7638
f 759//7639 755//7640 749//7641
f 726//7642 744//7643 755//7644
f 744//7645 749//7646 755//7647
f 394//7648 726//7649 433//7650
f 755//7651 433//7652 726//7653
f 477//7654 462//7655 466//7656
f 466//7657 490//7658 755//7659
f 466//7660 755//7661 813//7662
f 490//7663 485//7664 755//7665
f 477//7666 466//7667 817//7668
f 755//7669 485//7670 458//7671
f 433//7672 755//7673 458//7674
f 452//7675 466//7676 462//7677
f 462//7678 358//7679 452//7680
f 452//7681 341//7682 433//7683
f 433//7684 458//7685 452//7686
f 358//7687 341//7688 452//7689
f 466//7690 813//7691 817//7692
f 477//7693 817//7694 634//7695
f 338//7696 341//7697 302//7698
f 433//7699 341//7700 394//7701
f 380//7702 341//7703 332//7704
f 283//7705 284//7706 291//7707
f 329//7708 342//7709 333//7710
f 333//7711 332//7712 328//7713
f 332//7714 341//7715 328//7716
f 338//7717 328//7718 341//7719
f 342//7720 329//7721 336//7722
f 328//7723 329//7724 333//7725
f 323//7726 329//7727 328//7728
f 328//7729 322//7730 323//7731
f 321//7732 323//7733 322//7734
f 322//7735 320//7736 321//7737
f 312//7738 321//7739 320//7740
f 320//7741 311//7742 312//7743
f 307//7744 312//7745 311//7746
f 311//7747 306//7748 307//7749
f 305//7750 307//7751 306//7752
f 298//7753 305//7754 306//7755
f 306//7756 297//7757 298//7758
f 291//7759 298//7760 297//7761
f 297//7762 292//7763 291//7764
f 291//7765 292//7766 283//7767
f 444//7768 451//7769 342//7770
f 444//7771 342//7772 336//7773
f 318//7774 444//7775 336//7776
f 370//7777 380//7778 364//7779
f 370//7780 364//7781 365//7782
f 365//7783 368//7784 370//7785
f 365//7786 342//7787 368//7788
f 905//7789 634//7790 897//7791
f 461//7792 548//7793 407//7794
f 508//7795 552//7796 548//7797
f 548//7798 461//7799 508//7800
f 750//7801 624//7802 660//7803
f 624//7804 614//7805 660//7806
f 568//7807 552//7808 583//7809
f 614//7810 568//7811 583//7812
f 583//7813 660//7814 614//7815
f 568//7816 548//7817 552//7818
f 882//7819 750//7820 660//7821
f 660//7822 829//7823 882//7824
f 552//7825 508//7826 576//7827
f 560//7828 576//7829 508//7830
f 461//7831 504//7832 506//7833
f 506//7834 509//7835 461//7836
f 508//7837 461//7838 509//7839
f 509//7840 543//7841 508//7842
f 508//7843 543//7844 560//7845
f 578//7846 562//7847 478//7848
f 478//7849 562//7850 545//7851
f 511//7852 503//7853 483//7854
f 487//7855 483//7856 503//7857
f 478//7858 829//7859 666//7860
f 478//7861 666//7862 578//7863
f 511//7864 483//7865 481//7866
f 481//7867 545//7868 511//7869
f 545//7870 481//7871 471//7872
f 471//7873 478//7874 545//7875
f 461//7876 407//7877 487//7878
f 504//7879 461//7880 487//7881
f 583//7882 552//7883 576//7884
f 592//7885 600//7886 660//7887
f 473//7888 478//7889 471//7890
f 451//7891 473//7892 471//7893
f 460//7894 487//7895 407//7896
f 660//7897 583//7898 592//7899
f 576//7900 592//7901 583//7902
f 471//7903 460//7904 451//7905
f 503//7906 504//7907 487//7908
f 829//7909 692//7910 666//7911
f 460//7912 407//7913 451//7914
f 451//7915 407//7916 342//7917
f 829//7918 660//7919 692//7920
f 882//7921 891//7922 901//7923
f 882//7924 829//7925 891//7926
f 478//7927 473//7928 829//7929
f 901//7930 473//7931 633//7932
f 891//7933 829//7934 473//7935
f 901//7936 891//7937 473//7938
f 633//7939 955//7940 954//7941
f 954//7942 901//7943 633//7944
f 902//7945 900//7946 901//7947
f 909//7948 1011//7949 1010//7950
f 1010//7951 902//7952 909//7953
f 902//7954 901//7955 909//7956
f 1482//7957 1160//7958 1081//7959
f 981//7960 982//7961 1012//7962
f 959//7963 981//7964 1214//7965
f 1012//7966 1081//7967 1214//7968
f 1012//7969 1214//7970 981//7971
f 1012//7972 1045//7973 1081//7974
f 1045//7975 1137//7976 1530//7977
f 1251//7978 1265//7979 1530//7980
f 1265//7981 1290//7982 1530//7983
f 1290//7984 1302//7985 1530//7986
f 1302//7987 1539//7988 1530//7989
f 1685//7990 1530//7991 1539//7992
f 1482//7993 1081//7994 1275//7995
f 1045//7996 1530//7997 1269//7998
f 1269//7999 1275//8000 1045//8001
f 1275//8002 1081//8003 1045//8004
f 1530//8005 1411//8006 1405//8007
f 1269//8008 1530//8009 1405//8010
f 1275//8011 1347//8012 1482//8013
f 1482//8014 1347//8015 1400//8016
f 1400//8017 1542//8018 1482//8019
f 1640//8020 1482//8021 1542//8022
f 1347//8023 1402//8024 1400//8025
f 1402//8026 1347//8027 1348//8028
f 1348//8029 1405//8030 1402//8031
f 1405//8032 1348//8033 1269//8034
f 1692//8035 1640//8036 1542//8037
f 1530//8038 1685//8039 1463//8040
f 1530//8041 1463//8042 1411//8043
f 1542//8044 1463//8045 1685//8046
f 1542//8047 1685//8048 1692//8049
f 1682//8050 1685//8051 1539//8052
f 1682//8053 1727//8054 1685//8055
f 1727//8056 1682//8057 1688//8058
f 919//8059 634//8060 905//8061
f 982//8062 905//8063 1012//8064
f 919//8065 905//8066 982//8067
f 920//8068 919//8069 982//8070
f 982//8071 981//8072 920//8073
f 1012//8074 905//8075 884//8076
f 1012//8077 1014//8078 1013//8079
f 905//8080 906//8081 884//8082
f 1201//8083 1107//8084 1195//8085
f 1231//8086 1221//8087 1195//8088
f 1195//8089 1306//8090 1231//8091
f 1241//8092 1231//8093 1306//8094
f 1257//8095 1241//8096 1306//8097
f 1677//8098 1678//8099 1548//8100
f 884//8101 906//8102 815//8103
f 400//8104 399//8105 406//8106
f 364//8107 351//8108 350//8109
f 364//8110 350//8111 399//8112
f 399//8113 400//8114 364//8115
f 342//8116 365//8117 353//8118
f 351//8119 364//8120 380//8121
f 380//8122 332//8123 351//8124
f 353//8125 351//8126 332//8127
f 332//8128 333//8129 353//8130
f 353//8131 333//8132 342//8133
f 352//8134 350//8135 351//8136
f 351//8137 353//8138 352//8139
f 365//8140 402//8141 401//8142
f 401//8143 352//8144 365//8145
f 352//8146 353//8147 365//8148
f 401//8149 402//8150 403//8151
f 665//8152 678//8153 700//8154
f 700//8155 567//8156 665//8157
f 641//8158 665//8159 567//8160
f 877//8161 700//8162 803//8163
f 883//8164 881//8165 885//8166
f 883//8167 880//8168 881//8169
f 908//8170 907//8171 883//8172
f 883//8173 885//8174 908//8175
f 909//8176 901//8177 907//8178
f 907//8179 908//8180 909//8181
f 907//8182 901//8183 954//8184
f 1030//8185 1074//8186 1437//8187
f 1074//8188 1030//8189 954//8190
f 954//8191 955//8192 1074//8193
f 954//8194 1011//8195 1015//8196
f 665//8197 641//8198 1221//8199
f 906//8200 905//8201 1013//8202
f 1195//8203 1221//8204 641//8205
f 908//8206 1678//8207 1232//8208
f 566//8209 815//8210 1014//8211
f 641//8212 1201//8213 1195//8214
f 1201//8215 641//8216 567//8217
f 700//8218 678//8219 1231//8220
f 1221//8221 1231//8222 678//8223
f 678//8224 665//8225 1221//8226
f 883//8227 877//8228 1241//8229
f 906//8230 1014//8231 815//8232
f 1013//8233 1014//8234 906//8235
f 1257//8236 1306//8237 881//8238
f 1257//8239 881//8240 880//8241
f 880//8242 1241//8243 1257//8244
f 880//8245 883//8246 1241//8247
f 566//8248 1014//8249 402//8250
f 1107//8251 402//8252 1014//8253
f 1014//8254 1012//8255 1107//8256
f 1201//8257 567//8258 449//8259
f 877//8260 803//8261 1241//8262
f 1231//8263 1241//8264 803//8265
f 803//8266 700//8267 1231//8268
f 1678//8269 908//8270 885//8271
f 885//8272 881//8273 1678//8274
f 1548//8275 1678//8276 881//8277
f 881//8278 1306//8279 1548//8280
f 1678//8281 1688//8282 1689//8283
f 1689//8284 1680//8285 1678//8286
f 1232//8287 1678//8288 1680//8289
f 1232//8290 1680//8291 1676//8292
f 1618//8293 1232//8294 1676//8295
f 1015//8296 908//8297 1232//8298
f 908//8299 1015//8300 1011//8301
f 1011//8302 909//8303 908//8304
f 1107//8305 1201//8306 402//8307
f 403//8308 402//8309 1201//8310
f 1201//8311 449//8312 403//8313
f 402//8314 365//8315 364//8316
f 364//8317 400//8318 402//8319
f 566//8320 402//8321 400//8322
f 566//8323 400//8324 406//8325
f 1099//8326 1048//8327 1232//8328
f 1232//8329 1048//8330 1015//8331
f 1680//8332 1679//8333 1676//8334
f 1017//8335 954//8336 1030//8337
f 1016//8338 1010//8339 1011//8340
f 1017//8341 1016//8342 1011//8343
f 1011//8344 954//8345 1017//8346
f 1303//8347 1607//8348 1314//8349
f 1607//8350 1303//8351 1331//8352
f 1607//8353 1331//8354 1446//8355
f 1607//8356 1446//8357 1719//8358
f 1530//8359 1137//8360 759//8361
f 759//8362 897//8363 817//8364
f 759//8365 749//8366 900//8367
f 900//8368 749//8369 750//8370
f 900//8371 902//8372 1251//8373
f 1251//8374 1530//8375 900//8376
f 759//8377 900//8378 1530//8379
f 1137//8380 1012//8381 1013//8382
f 744//8383 614//8384 624//8385
f 624//8386 749//8387 744//8388
f 624//8389 750//8390 749//8391
f 1539//8392 1302//8393 1314//8394
f 1303//8395 1314//8396 1302//8397
f 901//8398 900//8399 750//8400
f 1016//8401 1017//8402 1302//8403
f 1302//8404 1290//8405 1016//8406
f 1290//8407 1010//8408 1016//8409
f 1010//8410 1290//8411 1265//8412
f 902//8413 1010//8414 1265//8415
f 1265//8416 1251//8417 902//8418
f 1013//8419 905//8420 1137//8421
f 1137//8422 905//8423 897//8424
f 744//8425 568//8426 614//8427
f 568//8428 744//8429 726//8430
f 407//8431 548//8432 342//8433
f 897//8434 759//8435 1137//8436
f 1718//8437 1314//8438 1607//8439
f 548//8440 568//8441 726//8442
f 548//8443 726//8444 380//8445
f 1302//8446 1017//8447 1303//8448
f 380//8449 370//8450 368//8451
f 380//8452 368//8453 548//8454
f 548//8455 368//8456 342//8457
f 1017//8458 1030//8459 1303//8460
f 787//8461 759//8462 817//8463
f 1718//8464 1686//8465 1314//8466
f 1539//8467 1314//8468 1686//8469
f 1686//8470 1682//8471 1539//8472
f 882//8473 901//8474 750//8475
f 1012//8476 1137//8477 1045//8478
f 341//8479 726//8480 394//8481
f 726//8482 341//8483 380//8484
f 1046//8485 1303//8486 1030//8487
f 1686//8488 1718//8489 1689//8490
f 1686//8491 1689//8492 1688//8493
f 1688//8494 1682//8495 1686//8496
f 1303//8497 1046//8498 1259//8499
f 1329//8500 1331//8501 1303//8502
f 1493//8503 1329//8504 1350//8505
f 1259//8506 1329//8507 1303//8508
f 1329//8509 1493//8510 1412//8511
f 1419//8512 1446//8513 1331//8514
f 1350//8515 1283//8516 1437//8517
f 1283//8518 1030//8519 1437//8520
f 1350//8521 1720//8522 1493//8523
f 1720//8524 1554//8525 1493//8526
f 1283//8527 1276//8528 1030//8529
f 1412//8530 1419//8531 1329//8532
f 1437//8533 1720//8534 1350//8535
f 1331//8536 1329//8537 1419//8538
f 1276//8539 1259//8540 1046//8541
f 1030//8542 1276//8543 1046//8544
f 1720//8545 1719//8546 1446//8547
f 1554//8548 1720//8549 1446//8550
f 1607//8551 1719//8552 1718//8553
f 1688//8554 1678//8555 1677//8556
f 1688//8557 1677//8558 1726//8559
f 1726//8560 1727//8561 1688//8562
f 1718//8563 1679//8564 1689//8565
f 1679//8566 1680//8567 1689//8568
f 1718//8569 1717//8570 1741//8571
f 1741//8572 1726//8573 1718//8574
f 1741//8575 1727//8576 1726//8577
f 1692//8578 1685//8579 1727//8580
f 1741//8581 1742//8582 1727//8583
f 1721//8584 1712//8585 1716//8586
f 1723//8587 1716//8588 1725//8589
f 1728//8590 1725//8591 1716//8592
f 1728//8593 1716//8594 1734//8595
f 1734//8596 1730//8597 1728//8598
f 1732//8599 1730//8600 1734//8601
f 1734//8602 1737//8603 1736//8604
f 1734//8605 1740//8606 1737//8607
f 1727//8608 1742//8609 1734//8610
f 1740//8611 1734//8612 1742//8613
f 1727//8614 1734//8615 1716//8616
f 1721//8617 1716//8618 1723//8619
f 1717//8620 1735//8621 1738//8622
f 1738//8623 1743//8624 1717//8625
f 1743//8626 1738//8627 1739//8628
f 1733//8629 1735//8630 1717//8631
f 1717//8632 1731//8633 1733//8634
f 1731//8635 1717//8636 1715//8637
f 1715//8638 1729//8639 1731//8640
f 1724//8641 1729//8642 1715//8643
f 1715//8644 1714//8645 1722//8646
f 1715//8647 1711//8648 1714//8649
f 1718//8650 1719//8651 1683//8652
f 1720//8653 1683//8654 1719//8655
f 1718//8656 1683//8657 1717//8658
f 1715//8659 1717//8660 1683//8661
f 1742//8662 1717//8663 1743//8664
f 1717//8665 1742//8666 1741//8667
f 399//8668 457//8669 455//8670
f 455//8671 406//8672 399//8673
f 1015//8674 969//8675 971//8676
f 1015//8677 971//8678 967//8679
f 907//8680 954//8681 1015//8682
f 967//8683 700//8684 877//8685
f 1679//8686 1718//8687 1726//8688
f 1726//8689 1677//8690 1679//8691
f 464//8692 457//8693 449//8694
f 403//8695 449//8696 457//8697
f 449//8698 967//8699 464//8700
f 449//8701 567//8702 967//8703
f 567//8704 700//8705 967//8706
f 1015//8707 967//8708 907//8709
f 883//8710 907//8711 967//8712
f 967//8713 877//8714 883//8715
f 399//8716 350//8717 352//8718
f 352//8719 401//8720 399//8721
f 457//8722 399//8723 401//8724
f 457//8725 401//8726 403//8727
f 1232//8728 1679//8729 1677//8730
f 1676//8731 1679//8732 1232//8733
f 1107//8734 1012//8735 969//8736
f 1195//8737 1107//8738 969//8739
f 566//8740 406//8741 455//8742
f 1676//8743 1232//8744 1618//8745
f 1548//8746 1306//8747 1015//8748
f 969//8749 1015//8750 1306//8751
f 1306//8752 1195//8753 969//8754
f 1232//8755 1015//8756 1048//8757
f 1232//8758 1048//8759 1099//8760
f 1232//8761 1677//8762 1015//8763
f 1548//8764 1015//8765 1677//8766
f 969//8767 1012//8768 884//8769
f 566//8770 969//8771 884//8772
f 566//8773 884//8774 815//8775
f 970//8776 966//8777 967//8778
f 967//8779 971//8780 970//8781
f 966//8782 970//8783 968//8784
f 463//8785 454//8786 456//8787
f 968//8788 969//8789 966//8790
f 969//8791 463//8792 966//8793
f 457//8794 966//8795 463//8796
f 456//8797 457//8798 463//8799
f 968//8800 970//8801 971//8802
f 971//8803 969//8804 968//8805
f 969//8806 566//8807 463//8808
f 454//8809 463//8810 566//8811
f 566//8812 455//8813 454//8814
f 456//8815 454//8816 455//8817
f 455//8818 457//8819 456//8820
f 966//8821 457//8822 464//8823
f 464//8824 967//8825 966//8826
f 415//8827 414//8828 437//8829
f 437//8830 369//8831 415//8832
f 236//8833 271//8834 239//8835
f 233//8836 232//8837 240//8838
f 244//8839 296//8840 240//8841
f 240//8842 296//8843 233//8844
f 499//8845 244//8846 240//8847
f 240//8848 408//8849 499//8850
f 408//8851 415//8852 499//8853
f 415//8854 369//8855 450//8856
f 415//8857 450//8858 436//8859
f 271//8860 420//8861 395//8862
f 395//8863 247//8864 271//8865
f 247//8866 239//8867 271//8868
f 414//8869 395//8870 446//8871
f 446//8872 437//8873 414//8874
f 427//8875 446//8876 395//8877
f 445//8878 427//8879 395//8880
f 232//8881 236//8882 239//8883
f 239//8884 246//8885 232//8886
f 246//8887 240//8888 232//8889
f 436//8890 432//8891 415//8892
f 395//8893 420//8894 445//8895
f 415//8896 432//8897 499//8898
f 398//8899 395//8900 414//8901
f 414//8902 415//8903 398//8904
f 408//8905 391//8906 415//8907
f 242//8908 391//8909 408//8910
f 408//8911 240//8912 242//8913
f 246//8914 238//8915 240//8916
f 237//8917 238//8918 246//8919
f 246//8920 239//8921 237//8922
f 247//8923 241//8924 239//8925
f 390//8926 241//8927 247//8928
f 247//8929 395//8930 390//8931
f 404//8932 395//8933 398//8934
f 234//8935 230//8936 239//8937
f 231//8938 235//8939 240//8940
f 240//8941 238//8942 231//8943
f 230//8944 231//8945 238//8946
f 238//8947 237//8948 230//8949
f 237//8950 239//8951 230//8952
f 404//8953 396//8954 395//8955
f 398//8956 405//8957 404//8958
f 398//8959 415//8960 405//8961
f 234//8962 239//8963 241//8964
f 396//8965 234//8966 241//8967
f 241//8968 390//8969 396//8970
f 390//8971 395//8972 396//8973
f 397//8974 405//8975 415//8976
f 397//8977 415//8978 391//8979
f 235//8980 397//8981 391//8982
f 391//8983 242//8984 235//8985
f 242//8986 240//8987 235//8988
f 230//8989 234//8990 155//8991
f 337//8992 155//8993 234//8994
f 234//8995 396//8996 337//8997
f 339//8998 337//8999 396//9000
f 396//9001 404//9002 339//9003
f 340//9004 339//9005 404//9006
f 404//9007 405//9008 340//9009
f 158//9010 405//9011 397//9012
f 397//9013 235//9014 158//9015
f 169//9016 158//9017 235//9018
f 235//9019 231//9020 169//9021
f 155//9022 169//9023 231//9024
f 231//9025 230//9026 155//9027
f 405//9028 158//9029 289//9030
f 340//9031 405//9032 289//9033
f 304//9034 288//9035 287//9036
f 228//9037 262//9038 287//9039
f 280//9040 309//9041 303//9042
f 303//9043 287//9044 285//9045
f 285//9046 280//9047 303//9048
f 228//9049 288//9050 289//9051
f 228//9052 287//9053 288//9054
f 309//9055 310//9056 339//9057
f 310//9058 294//9059 339//9060
f 337//9061 339//9062 294//9063
f 262//9064 155//9065 337//9066
f 304//9067 340//9068 289//9069
f 339//9070 340//9071 304//9072
f 304//9073 303//9074 339//9075
f 309//9076 339//9077 303//9078
f 276//9079 287//9080 262//9081
f 287//9082 276//9083 285//9084
f 155//9085 262//9086 136//9087
f 169//9088 155//9089 136//9090
f 262//9091 266//9092 276//9093
f 337//9094 294//9095 262//9096
f 294//9097 266//9098 262//9099
f 158//9100 169//9101 228//9102
f 289//9103 158//9104 228//9105
f 128//9106 226//9107 228//9108
f 228//9109 169//9110 128//9111
f 227//9112 127//9113 136//9114
f 136//9115 262//9116 227//9117
f 229//9118 227//9119 262//9120
f 262//9121 228//9122 229//9123
f 310//9124 309//9125 301//9126
f 304//9127 287//9128 125//9129
f 89//9130 125//9131 287//9132
f 287//9133 303//9134 141//9135
f 141//9136 89//9137 287//9138
f 303//9139 304//9140 125//9141
f 125//9142 141//9143 303//9144
f 89//9145 141//9146 125//9147
f 289//9148 288//9149 142//9150
f 138//9151 142//9152 288//9153
f 288//9154 304//9155 138//9156
f 289//9157 142//9158 138//9159
f 304//9160 289//9161 138//9162
f 245//9163 280//9164 285//9165
f 208//9166 266//9167 294//9168
f 172//9169 162//9170 245//9171
f 176//9172 208//9173 308//9174
f 308//9175 245//9176 176//9177
f 162//9178 176//9179 245//9180
f 285//9181 280//9182 245//9183
f 172//9184 245//9185 243//9186
f 277//9187 294//9188 208//9189
f 308//9190 208//9191 295//9192
f 263//9193 277//9194 172//9195
f 276//9196 172//9197 243//9198
f 270//9199 243//9200 245//9201
f 280//9202 270//9203 245//9204
f 308//9205 280//9206 245//9207
f 148//9208 151//9209 172//9210
f 148//9211 172//9212 277//9213
f 208//9214 176//9215 86//9216
f 86//9217 159//9218 208//9219
f 159//9220 160//9221 208//9222
f 160//9223 148//9224 208//9225
f 277//9226 208//9227 148//9228
f 151//9229 157//9230 172//9231
f 162//9232 172//9233 157//9234
f 223//9235 225//9236 229//9237
f 227//9238 229//9239 225//9240
f 225//9241 224//9242 227//9243
f 224//9244 209//9245 227//9246
f 209//9247 220//9248 227//9249
f 228//9250 226//9251 207//9252
f 207//9253 229//9254 228//9255
f 169//9256 136//9257 134//9258
f 134//9259 135//9260 169//9261
f 135//9262 111//9263 169//9264
f 227//9265 220//9266 216//9267
f 127//9268 227//9269 216//9270
f 216//9271 143//9272 127//9273
f 143//9274 136//9275 127//9276
f 111//9277 128//9278 169//9279
f 229//9280 207//9281 223//9282
f 226//9283 128//9284 144//9285
f 144//9286 217//9287 226//9288
f 217//9289 207//9290 226//9291
f 111//9292 116//9293 128//9294
f 134//9295 136//9296 105//9297
f 105//9298 119//9299 134//9300
f 136//9301 100//9302 105//9303
f 105//9304 100//9305 98//9306
f 98//9307 100//9308 95//9309
f 95//9310 99//9311 98//9312
f 105//9313 98//9314 99//9315
f 99//9316 104//9317 105//9318
f 119//9319 105//9320 104//9321
f 119//9322 104//9323 120//9324
f 143//9325 124//9326 136//9327
f 139//9328 133//9329 124//9330
f 143//9331 139//9332 124//9333
f 143//9334 216//9335 206//9336
f 220//9337 124//9338 181//9339
f 124//9340 133//9341 181//9342
f 193//9343 181//9344 133//9345
f 133//9346 139//9347 193//9348
f 206//9349 193//9350 139//9351
f 139//9352 143//9353 206//9354
f 220//9355 206//9356 216//9357
f 181//9358 193//9359 220//9360
f 220//9361 193//9362 206//9363
f 219//9364 215//9365 209//9366
f 209//9367 224//9368 219//9369
f 215//9370 212//9371 210//9372
f 213//9373 211//9374 210//9375
f 210//9376 212//9377 213//9378
f 214//9379 213//9380 212//9381
f 212//9382 215//9383 214//9384
f 218//9385 214//9386 215//9387
f 215//9388 219//9389 218//9390
f 221//9391 218//9392 219//9393
f 146//9394 222//9395 223//9396
f 199//9397 223//9398 207//9399
f 192//9400 177//9401 199//9402
f 198//9403 192//9404 199//9405
f 199//9406 207//9407 198//9408
f 217//9409 144//9410 140//9411
f 140//9412 207//9413 217//9414
f 132//9415 116//9416 177//9417
f 177//9418 192//9419 132//9420
f 137//9421 132//9422 192//9423
f 192//9424 198//9425 137//9426
f 140//9427 137//9428 198//9429
f 198//9430 207//9431 140//9432
f 132//9433 137//9434 116//9435
f 137//9436 140//9437 116//9438
f 116//9439 140//9440 144//9441
f 144//9442 128//9443 116//9444
f 99//9445 120//9446 104//9447
f 107//9448 106//9449 99//9450
f 99//9451 95//9452 107//9453
f 120//9454 99//9455 88//9456
f 88//9457 99//9458 106//9459
f 106//9460 97//9461 88//9462
f 97//9463 102//9464 90//9465
f 90//9466 88//9467 97//9468
f 97//9469 106//9470 102//9471
f 108//9472 102//9473 106//9474
f 108//9475 106//9476 107//9477
f 118//9478 113//9479 109//9480
f 115//9481 122//9482 16//9483
f 109//9484 126//9485 118//9486
f 115//9487 90//9488 102//9489
f 115//9490 102//9491 108//9492
f 109//9493 122//9494 126//9495
f 122//9496 130//9497 126//9498
f 126//9499 130//9500 178//9501
f 178//9502 171//9503 126//9504
f 118//9505 126//9506 171//9507
f 118//9508 171//9509 164//9510
f 113//9511 118//9512 28//9513
f 28//9514 26//9515 113//9516
f 24//9517 109//9518 113//9519
f 113//9520 26//9521 24//9522
f 21//9523 20//9524 109//9525
f 24//9526 21//9527 109//9528
f 20//9529 122//9530 109//9531
f 20//9532 18//9533 122//9534
f 16//9535 122//9536 18//9537
f 90//9538 115//9539 16//9540
f 90//9541 16//9542 23//9543
f 122//9544 115//9545 136//9546
f 100//9547 107//9548 95//9549
f 100//9550 136//9551 115//9552
f 115//9553 108//9554 100//9555
f 108//9556 107//9557 100//9558
f 209//9559 215//9560 210//9561
f 204//9562 201//9563 209//9564
f 209//9565 205//9566 204//9567
f 205//9568 209//9569 210//9570
f 210//9571 211//9572 205//9573
f 201//9574 196//9575 209//9576
f 220//9577 209//9578 196//9579
f 196//9580 183//9581 220//9582
f 122//9583 136//9584 124//9585
f 130//9586 122//9587 124//9588
f 124//9589 220//9590 130//9591
f 178//9592 130//9593 220//9594
f 183//9595 178//9596 220//9597
f 204//9598 195//9599 201//9600
f 201//9601 195//9602 187//9603
f 187//9604 184//9605 201//9606
f 191//9607 179//9608 201//9609
f 196//9610 201//9611 179//9612
f 179//9613 174//9614 196//9615
f 183//9616 196//9617 170//9618
f 183//9619 164//9620 171//9621
f 183//9622 170//9623 167//9624
f 171//9625 178//9626 183//9627
f 35//9628 28//9629 118//9630
f 118//9631 164//9632 35//9633
f 221//9634 213//9635 218//9636
f 221//9637 150//9638 213//9639
f 214//9640 218//9641 213//9642
f 35//9643 21//9644 28//9645
f 184//9646 187//9647 57//9648
f 57//9649 55//9650 184//9651
f 53//9652 201//9653 184//9654
f 184//9655 55//9656 53//9657
f 33//9658 51//9659 191//9660
f 53//9661 33//9662 191//9663
f 191//9664 201//9665 53//9666
f 179//9667 191//9668 51//9669
f 51//9670 49//9671 179//9672
f 174//9673 179//9674 49//9675
f 49//9676 47//9677 174//9678
f 174//9679 47//9680 45//9681
f 45//9682 196//9683 174//9684
f 196//9685 45//9686 43//9687
f 43//9688 170//9689 196//9690
f 170//9691 43//9692 41//9693
f 41//9694 167//9695 170//9696
f 41//9697 39//9698 167//9699
f 183//9700 167//9701 39//9702
f 39//9703 37//9704 183//9705
f 37//9706 35//9707 164//9708
f 164//9709 183//9710 37//9711
f 204//9712 205//9713 200//9714
f 188//9715 187//9716 195//9717
f 195//9718 194//9719 188//9720
f 195//9721 200//9722 194//9723
f 195//9724 204//9725 200//9726
f 150//9727 188//9728 194//9729
f 200//9730 205//9731 211//9732
f 211//9733 213//9734 200//9735
f 150//9736 200//9737 213//9738
f 194//9739 200//9740 150//9741
f 61//9742 146//9743 202//9744
f 202//9745 203//9746 189//9747
f 57//9748 187//9749 188//9750
f 66//9751 58//9752 57//9753
f 66//9754 61//9755 58//9756
f 150//9757 66//9758 57//9759
f 57//9760 188//9761 150//9762
f 189//9763 58//9764 61//9765
f 61//9766 202//9767 189//9768
f 37//9769 47//9770 35//9771
f 39//9772 41//9773 47//9774
f 37//9775 39//9776 47//9777
f 43//9778 45//9779 47//9780
f 41//9781 43//9782 47//9783
f 49//9784 51//9785 47//9786
f 33//9787 47//9788 51//9789
f 53//9790 55//9791 33//9792
f 33//9793 55//9794 57//9795
f 173//9796 182//9797 166//9798
f 203//9799 185//9800 186//9801
f 190//9802 189//9803 203//9804
f 182//9805 168//9806 165//9807
f 175//9808 168//9809 182//9810
f 180//9811 185//9812 203//9813
f 182//9814 173//9815 197//9816
f 186//9817 190//9818 203//9819
f 203//9820 197//9821 180//9822
f 182//9823 199//9824 175//9825
f 4//9826 47//9827 33//9828
f 34//9829 33//9830 57//9831
f 57//9832 58//9833 34//9834
f 182//9835 165//9836 36//9837
f 36//9838 38//9839 182//9840
f 40//9841 166//9842 182//9843
f 182//9844 38//9845 40//9846
f 42//9847 44//9848 173//9849
f 173//9850 166//9851 42//9852
f 40//9853 42//9854 166//9855
f 44//9856 197//9857 173//9858
f 44//9859 46//9860 197//9861
f 46//9862 48//9863 197//9864
f 180//9865 197//9866 48//9867
f 180//9868 48//9869 50//9870
f 50//9871 5//9872 185//9873
f 185//9874 180//9875 50//9876
f 185//9877 5//9878 52//9879
f 52//9880 186//9881 185//9882
f 52//9883 54//9884 186//9885
f 190//9886 186//9887 54//9888
f 54//9889 56//9890 190//9891
f 190//9892 56//9893 58//9894
f 58//9895 189//9896 190//9897
f 175//9898 199//9899 131//9900
f 131//9901 129//9902 175//9903
f 168//9904 175//9905 129//9906
f 129//9907 123//9908 168//9909
f 165//9910 168//9911 123//9912
f 123//9913 117//9914 165//9915
f 116//9916 111//9917 121//9918
f 110//9919 121//9920 111//9921
f 92//9922 110//9923 111//9924
f 111//9925 94//9926 92//9927
f 197//9928 203//9929 199//9930
f 223//9931 199//9932 203//9933
f 223//9934 202//9935 146//9936
f 203//9937 202//9938 223//9939
f 182//9940 197//9941 199//9942
f 131//9943 199//9944 177//9945
f 177//9946 116//9947 131//9948
f 121//9949 131//9950 116//9951
f 114//9952 117//9953 123//9954
f 92//9955 91//9956 110//9957
f 101//9958 93//9959 121//9960
f 93//9961 96//9962 121//9963
f 112//9964 121//9965 103//9966
f 123//9967 112//9968 114//9969
f 123//9970 129//9971 112//9972
f 121//9973 110//9974 101//9975
f 112//9976 129//9977 131//9978
f 131//9979 121//9980 112//9981
f 29//9982 36//9983 165//9984
f 165//9985 117//9986 29//9987
f 34//9988 58//9989 56//9990
f 54//9991 52//9992 56//9993
f 52//9994 5//9995 56//9996
f 50//9997 48//9998 5//9999
f 48//10000 46//10001 5//10002
f 38//10003 5//10004 46//10005
f 46//10006 44//10007 38//10008
f 44//10009 42//10010 38//10011
f 42//10012 40//10013 38//10014
f 36//10015 32//10016 38//10017
f 33//10018 34//10019 5//10020
f 5//10021 4//10022 33//10023
f 91//10024 92//10025 9//10026
f 9//10027 10//10028 91//10029
f 11//10030 110//10031 91//10032
f 91//10033 10//10034 11//10035
f 13//10036 14//10037 101//10038
f 101//10039 110//10040 13//10041
f 11//10042 13//10043 110//10044
f 14//10045 93//10046 101//10047
f 14//10048 15//10049 93//10050
f 96//10051 93//10052 15//10053
f 15//10054 17//10055 96//10056
f 96//10057 17//10058 19//10059
f 19//10060 121//10061 96//10062
f 19//10063 7//10064 103//10065
f 103//10066 121//10067 19//10068
f 103//10069 7//10070 22//10071
f 22//10072 112//10073 103//10074
f 22//10075 25//10076 112//10077
f 114//10078 112//10079 25//10080
f 25//10081 27//10082 114//10083
f 114//10084 27//10085 29//10086
f 29//10087 117//10088 114//10089
f 8//10090 32//10091 36//10092
f 36//10093 29//10094 8//10095
f 38//10096 32//10097 6//10098
f 6//10099 5//10100 38//10101
f 34//10102 56//10103 5//10104
f 6//10105 4//10106 5//10107
f 32//10108 8//10109 3//10110
f 3//10111 6//10112 32//10113
f 6//10114 3//10115 2//10116
f 2//10117 4//10118 6//10119
f 8//10120 7//10121 3//10122
f 3//10123 1//10124 2//10125
f 21//10126 47//10127 4//10128
f 1//10129 4//10130 2//10131
f 4//10132 1//10133 21//10134
f 47//10135 21//10136 35//10137
f 23//10138 21//10139 1//10140
f 21//10141 23//10142 16//10143
f 23//10144 1//10145 3//10146
f 8//10147 29//10148 27//10149
f 27//10150 7//10151 8//10152
f 25//10153 22//10154 7//10155
f 27//10156 25//10157 7//10158
f 3//10159 7//10160 19//10161
f 19//10162 17//10163 3//10164
f 17//10165 15//10166 3//10167
f 15//10168 14//10169 3//10170
f 14//10171 13//10172 3//10173
f 13//10174 11//10175 3//10176
f 11//10177 10//10178 3//10179
f 3//10180 10//10181 9//10182
f 23//10183 3//10184 9//10185
f 16//10186 18//10187 21//10188
f 18//10189 20//10190 21//10191
f 24//10192 26//10193 21//10194
f 21//10195 26//10196 28//10197
f 9//10198 92//10199 94//10200
f 9//10201 94//10202 23//10203
f 88//10204 90//10205 23//10206
f 23//10207 94//10208 30//10209
f 31//10210 30//10211 94//10212
f 120//10213 135//10214 134//10215
f 134//10216 119//10217 120//10218
f 94//10219 111//10220 135//10221
f 135//10222 120//10223 94//10224
f 94//10225 120//10226 88//10227
f 88//10228 65//10229 94//10230
f 31//10231 65//10232 64//10233
f 94//10234 65//10235 31//10236
f 64//10237 12//10238 30//10239
f 30//10240 31//10241 64//10242
f 30//10243 12//10244 23//10245
f 12//10246 64//10247 60//10248
f 88//10249 23//10250 65//10251
f 23//10252 12//10253 65//10254
f 60//10255 65//10256 12//10257
f 65//10258 60//10259 64//10260
f 222//10261 224//10262 225//10263
f 225//10264 223//10265 222//10266
f 224//10267 222//10268 221//10269
f 221//10270 219//10271 224//10272
f 222//10273 146//10274 221//10275
f 146//10276 150//10277 221//10278
f 150//10279 146//10280 73//10281
f 59//10282 146//10283 61//10284
f 61//10285 66//10286 59//10287
f 62//10288 59//10289 66//10290
f 73//10291 66//10292 150//10293
f 62//10294 66//10295 73//10296
f 66//10297 63//10298 62//10299
f 146//10300 59//10301 62//10302
f 62//10303 73//10304 146//10305
f 63//10306 66//10307 62//10308
f 148//10309 69//10310 151//10311
f 152//10312 162//10313 157//10314
f 152//10315 163//10316 162//10317
f 78//10318 72//10319 151//10320
f 72//10321 78//10322 151//10323
f 75//10324 70//10325 148//10326
f 75//10327 148//10328 70//10329
f 148//10330 149//10331 71//10332
f 148//10333 147//10334 79//10335
f 147//10336 148//10337 79//10338
f 160//10339 82//10340 68//10341
f 145//10342 72//10343 151//10344
f 145//10345 151//10346 72//10347
f 86//10348 176//10349 87//10350
f 87//10351 162//10352 77//10353
f 85//10354 84//10355 162//10356
f 84//10357 85//10358 162//10359
f 156//10360 67//10361 152//10362
f 156//10363 152//10364 67//10365
f 81//10366 152//10367 153//10368
f 152//10369 81//10370 67//10371
f 153//10372 152//10373 81//10374
f 154//10375 160//10376 83//10377
f 83//10378 160//10379 154//10380
f 160//10381 83//10382 68//10383
f 76//10384 151//10385 69//10386
f 71//10387 149//10388 148//10389
f 83//10390 160//10391 159//10392
f 84//10393 162//10394 163//10395
f 81//10396 152//10397 157//10398
f 72//10399 157//10400 151//10401
f 72//10402 67//10403 157//10404
f 157//10405 67//10406 81//10407
f 67//10408 163//10409 152//10410
f 163//10411 67//10412 84//10413
f 162//10414 84//10415 77//10416
f 87//10417 176//10418 162//10419
f 80//10420 86//10421 87//10422
f 161//10423 159//10424 86//10425
f 86//10426 80//10427 161//10428
f 159//10429 161//10430 83//10431
f 68//10432 79//10433 160//10434
f 160//10435 68//10436 82//10437
f 79//10438 148//10439 160//10440
f 148//10441 79//10442 71//10443
f 70//10444 69//10445 148//10446
f 148//10447 71//10448 70//10449
f 74//10450 69//10451 70//10452
f 69//10453 74//10454 76//10455
f 151//10456 76//10457 72//10458
f 76//10459 74//10460 72//10461
f 79//10462 68//10463 67//10464
f 71//10465 79//10466 67//10467
f 70//10468 71//10469 67//10470
f 74//10471 70//10472 67//10473
f 72//10474 74//10475 67//10476
f 77//10477 84//10478 67//10479
f 87//10480 77//10481 67//10482
f 80//10483 87//10484 67//10485
f 161//10486 80//10487 67//10488
f 83//10489 161//10490 67//10491
f 67//10492 68//10493 83//10494
f 263//10495 172//10496 276//10497
f 295//10498 310//10499 301//10500
f 266//10501 263//10502 276//10503
f 266//10504 208//10505 294//10506
f 308//10507 295//10508 301//10509
f 280//10510 285//10511 270//10512
f 285//10513 243//10514 270//10515
f 308//10516 293//10517 309//10518
f 208//10519 310//10520 295//10521
f 266//10522 277//10523 263//10524
f 266//10525 294//10526 277//10527
f 308//10528 309//10529 280//10530
f 208//10531 310//10532 295//10533
f 270//10534 280//10535 285//10536
f 308//10537 309//10538 293//10539
f 280//10540 300//10541 309//10542
f 285//10543 281//10544 280//10545
f 280//10546 281//10547 285//10548
f 280//10549 270//10550 285//10551
f 310//10552 295//10553 301//10554
f 310//10555 208//10556 295//10557
f 310//10558 295//10559 286//10560
f 310//10561 208//10562 286//10563
f 286//10564 294//10565 310//10566
f 286//10567 208//10568 294//10569
f 266//10570 277//10571 294//10572
f 276//10573 263//10574 266//10575
f 276//10576 243//10577 259//10578
f 259//10579 243//10580 285//10581
f 285//10582 270//10583 278//10584
f 285//10585 276//10586 259//10587
f 278//10588 270//10589 285//10590
f 295//10591 308//10592 301//10593
f 277//10594 266//10595 263//10596
f 263//10597 276//10598 269//10599
f 269//10600 276//10601 259//10602
f 259//10603 285//10604 278//10605
f 278//10606 285//10607 281//10608
f 285//10609 280//10610 281//10611
f 310//10612 286//10613 295//10614
f 263//10615 269//10616 276//10617
f 309//10618 308//10619 301//10620
f 308//10621 295//10622 301//10623
f 309//10624 300//10625 280//10626
f 269//10627 259//10628 276//10629
f 276//10630 266//10631 263//10632
f 277//10633 263//10634 266//10635
f 266//10636 294//10637 277//10638
f 310//10639 301//10640 295//10641
f 281//10642 285//10643 278//10644
f 285//10645 259//10646 278//10647
f 281//10648 285//10649 278//10650
f 278//10651 285//10652 281//10653
f 281//10654 280//10655 285//10656
