# decimated from Yaskawa CAD (ROS-Industrial motoman, BSD-3-Clause)
v -0.368485 -0.025282 -0.045874
v -0.368485 0.019466 -0.047206
v -0.368484 -0.047583 -0.016385
v -0.368484 0.043938 -0.025369
v -0.368483 -0.049649 0.012421
v -0.368483 0.000000 -0.000003
v -0.368483 0.049180 -0.009072
v -0.368482 -0.026826 0.043734
v -0.368482 0.048651 0.018931
v -0.368481 0.013477 0.049642
v -0.343466 -0.011455 -0.047918
v -0.343240 0.012856 -0.045560
v -0.343485 0.016289 -0.048395
v -0.343212 0.030245 -0.036460
v -0.343484 -0.046218 -0.021988
v -0.343322 -0.034378 -0.033002
v -0.343485 -0.027943 -0.041715
v -0.343484 0.039514 -0.031279
v -0.343469 0.047425 -0.015424
v -0.343483 -0.050043 0.000710
v -0.343228 -0.047244 0.000855
v -0.343196 -0.044295 -0.016459
v -0.343483 0.049772 0.009336
v -0.343279 -0.043072 0.019921
v -0.343483 -0.047721 0.016423
v -0.343482 -0.034845 0.036507
v -0.343235 -0.021792 0.042185
v -0.343229 0.014387 0.045027
v -0.343482 0.023904 0.044748
v -0.343262 0.031195 0.035749
v -0.343482 0.040780 0.029283
v -0.343481 -0.014182 0.048432
v -0.343481 0.003674 0.049976
v -0.343223 -0.002527 0.047192
v -0.342985 -0.028905 -0.040802
v -0.342985 -0.027260 -0.041919
v -0.342985 -0.025572 -0.042970
v -0.342983 -0.020076 -0.042760
v -0.342985 -0.023843 -0.043952
v -0.342985 -0.022077 -0.044865
v -0.342985 -0.020276 -0.045708
v -0.342985 -0.018443 -0.046478
v -0.342985 -0.016581 -0.047174
v -0.342985 -0.014692 -0.047796
v -0.342985 -0.012781 -0.048342
v -0.342985 -0.010849 -0.048812
v -0.342986 -0.003798 -0.047088
v -0.342985 -0.008900 -0.049205
v -0.342985 -0.006937 -0.049520
v -0.342985 -0.004963 -0.049757
v -0.342985 -0.002981 -0.049915
v -0.342985 -0.000994 -0.049994
v -0.342985 0.000994 -0.049994
v -0.342985 0.002981 -0.049915
v -0.342985 0.004963 -0.049757
v -0.342985 0.006937 -0.049520
v -0.342985 0.008900 -0.049205
v -0.342985 0.010849 -0.048812
v -0.342985 0.012781 -0.048342
v -0.342985 0.014693 -0.047796
v -0.342985 0.016581 -0.047174
v -0.342985 0.018443 -0.046478
v -0.342985 0.020276 -0.045708
v -0.342985 0.022077 -0.044865
v -0.342985 0.023843 -0.043952
v -0.342985 0.025572 -0.042970
v -0.342985 0.027260 -0.041919
v -0.342985 0.028905 -0.040802
v -0.342984 -0.048583 -0.011821
v -0.342984 -0.048075 -0.013743
v -0.342984 -0.047491 -0.015643
v -0.342984 -0.046832 -0.017519
v -0.342984 -0.046098 -0.019367
v -0.342984 -0.045292 -0.021184
v -0.342984 -0.044414 -0.022968
v -0.342984 -0.043466 -0.024716
v -0.342984 -0.042449 -0.026425
v -0.342984 -0.041365 -0.028091
v -0.342984 -0.040216 -0.029714
v -0.342984 -0.039003 -0.031289
v -0.342984 -0.037728 -0.032815
v -0.342984 -0.036394 -0.034289
v -0.342984 -0.035002 -0.035709
v -0.342984 -0.033555 -0.037072
v -0.342984 -0.032055 -0.038377
v -0.342984 -0.030504 -0.039621
v -0.342984 0.030504 -0.039621
v -0.342984 0.032055 -0.038377
v -0.342984 0.033555 -0.037072
v -0.342984 0.035002 -0.035709
v -0.342984 0.036394 -0.034289
v -0.342984 0.037728 -0.032815
v -0.343090 0.043338 -0.019166
v -0.342984 0.039003 -0.031289
v -0.342984 0.040216 -0.029714
v -0.342984 0.041365 -0.028091
v -0.342984 0.042449 -0.026425
v -0.342984 0.043466 -0.024716
v -0.342984 0.044414 -0.022968
v -0.342984 0.045292 -0.021184
v -0.342984 0.046098 -0.019367
v -0.342984 0.046832 -0.017519
v -0.342984 0.047491 -0.015643
v -0.342984 0.048075 -0.013743
v -0.342984 0.048584 -0.011821
v -0.342983 -0.050000 -0.000003
v -0.342983 -0.049960 -0.001991
v -0.342983 -0.049960 0.001984
v -0.342983 -0.049842 -0.003976
v -0.342983 -0.049842 0.003969
v -0.342983 -0.049645 -0.005954
v -0.342983 -0.049645 0.005947
v -0.342983 -0.049369 -0.007923
v -0.342983 -0.049369 0.007916
v -0.342983 -0.049015 -0.009880
v -0.342983 -0.049015 0.009873
v -0.342983 -0.048583 0.011814
v -0.342983 -0.048075 0.013736
v -0.342983 -0.047491 0.015636
v -0.343223 0.046742 -0.005584
v -0.343197 0.046814 0.006868
v -0.342983 0.047491 0.015636
v -0.342983 0.048075 0.013736
v -0.342983 0.048584 0.011814
v -0.342983 0.049015 -0.009880
v -0.342983 0.049015 0.009873
v -0.342983 0.049369 -0.007923
v -0.342983 0.049369 0.007916
v -0.342983 0.049645 -0.005954
v -0.342983 0.049645 0.005947
v -0.342983 0.049842 -0.003976
v -0.342983 0.049842 0.003969
v -0.342983 0.049961 -0.001991
v -0.342983 0.049961 0.001984
v -0.342983 0.050000 -0.000003
v -0.342982 -0.046832 0.017512
v -0.342982 -0.046098 0.019360
v -0.342982 -0.045292 0.021177
v -0.342982 -0.044414 0.022961
v -0.342982 -0.043466 0.024709
v -0.342982 -0.042449 0.026417
v -0.342982 -0.041365 0.028084
v -0.342982 -0.040216 0.029707
v -0.342982 -0.039003 0.031282
v -0.342982 -0.037728 0.032808
v -0.342982 -0.036394 0.034282
v -0.342982 -0.035002 0.035702
v -0.342982 -0.033555 0.037065
v -0.343149 -0.036469 0.030037
v -0.342982 -0.032055 0.038370
v -0.342982 -0.030504 0.039614
v -0.342982 -0.028905 0.040795
v -0.342982 -0.027260 0.041912
v -0.342982 -0.025572 0.042963
v -0.342982 -0.023843 0.043945
v -0.342982 -0.022077 0.044858
v -0.342982 -0.020276 0.045701
v -0.342982 0.020276 0.045701
v -0.342982 0.022077 0.044858
v -0.342982 0.023843 0.043945
v -0.342982 0.025572 0.042963
v -0.342982 0.027260 0.041912
v -0.342982 0.028905 0.040795
v -0.342982 0.030504 0.039614
v -0.342982 0.032055 0.038370
v -0.342982 0.033555 0.037065
v -0.342982 0.035002 0.035702
v -0.342982 0.036394 0.034282
v -0.342982 0.037728 0.032808
v -0.342982 0.039003 0.031282
v -0.342982 0.040216 0.029707
v -0.342982 0.041365 0.028084
v -0.342982 0.042449 0.026417
v -0.343245 0.042351 0.021223
v -0.342982 0.043466 0.024709
v -0.342982 0.044414 0.022961
v -0.342982 0.045292 0.021177
v -0.342982 0.046098 0.019360
v -0.342982 0.046832 0.017512
v -0.342981 -0.018443 0.046471
v -0.342981 -0.016581 0.047167
v -0.342981 -0.014692 0.047789
v -0.342981 -0.012781 0.048335
v -0.342981 -0.010849 0.048805
v -0.342981 -0.008900 0.049198
v -0.342981 -0.006937 0.049513
v -0.342981 -0.004963 0.049750
v -0.342981 -0.002981 0.049908
v -0.342981 -0.000994 0.049987
v -0.342981 0.000994 0.049987
v -0.342981 0.002981 0.049908
v -0.342981 0.004963 0.049750
v -0.342981 0.006937 0.049513
v -0.342981 0.008900 0.049198
v -0.342981 0.010849 0.048805
v -0.342981 0.012781 0.048335
v -0.342981 0.014693 0.047789
v -0.342981 0.016581 0.047167
v -0.342981 0.018443 0.046471
v -0.268985 -0.027260 -0.041922
v -0.268985 -0.025572 -0.042972
v -0.268985 -0.023843 -0.043955
v -0.268985 -0.022077 -0.044868
v -0.268985 -0.020276 -0.045710
v -0.268985 -0.018443 -0.046480
v -0.268985 -0.016581 -0.047177
v -0.268985 -0.014692 -0.047799
v -0.268985 -0.012781 -0.048345
v -0.268985 -0.010849 -0.048815
v -0.268985 -0.008900 -0.049208
v -0.268985 -0.006937 -0.049523
v -0.268985 -0.004963 -0.049759
v -0.268985 -0.002981 -0.049917
v -0.268985 -0.000994 -0.049996
v -0.268985 0.000994 -0.049996
v -0.268985 0.002981 -0.049917
v -0.268985 0.004963 -0.049759
v -0.268985 0.006937 -0.049523
v -0.268985 0.008900 -0.049208
v -0.268863 0.000941 -0.045607
v -0.268985 0.010849 -0.048815
v -0.268985 0.012781 -0.048345
v -0.268985 0.014693 -0.047799
v -0.268985 0.016581 -0.047177
v -0.268985 0.018443 -0.046480
v -0.268985 0.020276 -0.045710
v -0.268985 0.022077 -0.044868
v -0.268985 0.023843 -0.043955
v -0.268985 0.025572 -0.042972
v -0.268985 0.027260 -0.041922
v -0.268984 -0.048583 -0.011823
v -0.268984 -0.048075 -0.013745
v -0.268984 -0.047491 -0.015646
v -0.268984 -0.046832 -0.017522
v -0.268984 -0.046098 -0.019370
v -0.268984 -0.045292 -0.021187
v -0.268984 -0.044414 -0.022971
v -0.268984 -0.043466 -0.024719
v -0.268984 -0.042449 -0.026427
v -0.268984 -0.041365 -0.028094
v -0.268984 -0.040216 -0.029716
v -0.268984 -0.039003 -0.031292
v -0.268984 -0.037728 -0.032817
v -0.268984 -0.036394 -0.034291
v -0.268984 -0.035002 -0.035711
v -0.268984 -0.033555 -0.037075
v -0.268984 -0.032055 -0.038379
v -0.268984 -0.030504 -0.039623
v -0.268984 -0.028905 -0.040805
v -0.268984 0.028905 -0.040805
v -0.268984 0.030504 -0.039623
v -0.268984 0.032055 -0.038379
v -0.268984 0.033555 -0.037075
v -0.268984 0.035002 -0.035711
v -0.268984 0.036394 -0.034291
v -0.268792 0.031634 -0.032485
v -0.268984 0.037728 -0.032817
v -0.268984 0.039003 -0.031292
v -0.268984 0.040216 -0.029716
v -0.268984 0.041365 -0.028094
v -0.268984 0.042449 -0.026427
v -0.268724 0.040976 -0.019794
v -0.268984 0.043466 -0.024719
v -0.268984 0.044414 -0.022971
v -0.268984 0.045292 -0.021187
v -0.268984 0.046098 -0.019370
v -0.268984 0.046832 -0.017522
v -0.268984 0.047491 -0.015646
v -0.268984 0.048075 -0.013745
v -0.268984 0.048584 -0.011823
v -0.268983 -0.050000 -0.000006
v -0.268983 -0.049960 -0.001994
v -0.268983 -0.049960 0.001982
v -0.268983 -0.049842 -0.003979
v -0.268983 -0.049842 0.003966
v -0.268983 -0.049645 -0.005957
v -0.268983 -0.049645 0.005945
v -0.268983 -0.049369 -0.007926
v -0.268983 -0.049369 0.007914
v -0.268983 -0.049015 -0.009882
v -0.268983 -0.049015 0.009870
v -0.268983 -0.048583 0.011811
v -0.268983 -0.048075 0.013733
v -0.268983 -0.047491 0.015634
v -0.268777 -0.045492 -0.006045
v -0.268631 0.045626 0.005289
v -0.268983 0.047491 0.015634
v -0.268983 0.048075 0.013733
v -0.268983 0.048584 0.011811
v -0.268983 0.049015 -0.009882
v -0.268983 0.049015 0.009870
v -0.268983 0.049369 -0.007926
v -0.268983 0.049369 0.007914
v -0.268983 0.049645 -0.005957
v -0.268983 0.049645 0.005945
v -0.268983 0.049842 -0.003979
v -0.268983 0.049842 0.003966
v -0.268983 0.049961 -0.001994
v -0.268983 0.049961 0.001982
v -0.268983 0.050000 -0.000006
v -0.268982 -0.046832 0.017509
v -0.268982 -0.046098 0.019357
v -0.268982 -0.045292 0.021175
v -0.268982 -0.044414 0.022959
v -0.268982 -0.043466 0.024706
v -0.268982 -0.042449 0.026415
v -0.268753 -0.041507 0.019111
v -0.268982 -0.041365 0.028082
v -0.268982 -0.040216 0.029704
v -0.268982 -0.039003 0.031279
v -0.268982 -0.037728 0.032805
v -0.268982 -0.036394 0.034279
v -0.268982 -0.035002 0.035699
v -0.268982 -0.033555 0.037062
v -0.268714 -0.030617 0.033319
v -0.268982 -0.032055 0.038367
v -0.268982 -0.030504 0.039611
v -0.268982 -0.028905 0.040792
v -0.268982 -0.027260 0.041909
v -0.268982 -0.025572 0.042960
v -0.268982 -0.023843 0.043943
v -0.268982 -0.022077 0.044856
v -0.268982 -0.020276 0.045698
v -0.268982 0.020276 0.045698
v -0.268982 0.022077 0.044856
v -0.268982 0.023843 0.043943
v -0.268982 0.025572 0.042960
v -0.268982 0.027260 0.041909
v -0.268982 0.028905 0.040792
v -0.268982 0.030504 0.039611
v -0.268982 0.032055 0.038367
v -0.268982 0.033555 0.037062
v -0.268656 0.035603 0.027764
v -0.268982 0.035002 0.035699
v -0.268982 0.036394 0.034279
v -0.268982 0.037728 0.032805
v -0.268982 0.039003 0.031279
v -0.268982 0.040216 0.029704
v -0.268952 0.042405 0.016709
v -0.268982 0.041365 0.028082
v -0.268982 0.042449 0.026415
v -0.268982 0.043466 0.024706
v -0.268982 0.044414 0.022959
v -0.268982 0.045292 0.021175
v -0.268982 0.046098 0.019357
v -0.268982 0.046832 0.017509
v -0.268981 -0.018443 0.046468
v -0.268981 -0.016581 0.047165
v -0.268981 -0.014692 0.047786
v -0.268981 -0.012781 0.048333
v -0.268981 -0.010849 0.048803
v -0.268981 -0.008900 0.049195
v -0.268981 -0.006937 0.049510
v -0.268981 -0.004963 0.049747
v -0.268981 -0.002981 0.049905
v -0.268981 -0.000994 0.049984
v -0.268981 0.000994 0.049984
v -0.268981 0.002981 0.049905
v -0.268981 0.004963 0.049747
v -0.268981 0.006937 0.049510
v -0.268981 0.008900 0.049195
v -0.268981 0.010849 0.048803
v -0.268981 0.012781 0.048333
v -0.268981 0.014693 0.047786
v -0.268981 0.016581 0.047165
v -0.268981 0.018443 0.046468
v -0.268485 -0.020907 -0.045715
v -0.268431 -0.007543 -0.049636
v -0.268482 0.008254 -0.049404
v -0.268735 0.016472 -0.042579
v -0.268482 -0.049130 -0.012454
v -0.268484 -0.042966 -0.025578
v -0.268983 -0.037221 -0.028737
v -0.267317 -0.031811 -0.037108
v -0.268742 -0.023133 -0.039611
v -0.268294 0.030707 -0.040782
v -0.268484 0.048411 -0.016254
v -0.268483 -0.049514 0.007712
v -0.268482 -0.043500 0.025753
v -0.268482 -0.027065 0.042429
v -0.268718 -0.016587 0.042802
v -0.268664 0.008036 0.044828
v -0.268481 0.008907 0.049647
v -0.268477 0.023691 0.043997
v -0.268797 0.021477 0.040450
v -0.267822 0.038696 0.033396
v -0.268481 -0.008665 0.049334
v -0.265146 -0.013562 0.047376
v -0.260132 -0.014935 0.051076
v -0.254125 -0.015713 0.051312
v -0.262151 -0.015350 0.047516
v -0.256192 -0.007398 0.045990
v -0.256127 0.012611 -0.048968
v -0.258810 -0.001592 -0.050089
v -0.256024 -0.008384 0.050984
v -0.253694 -0.006472 0.050200
v -0.258387 0.002446 0.050014
v -0.254000 0.028385 0.041342
v -0.256382 0.000070 -0.050524
v -0.252585 0.032485 -0.038306
v -0.252341 -0.009947 0.045987
v -0.252505 -0.042496 0.026495
v -0.253662 -0.013412 -0.049152
v -0.253325 -0.040096 -0.030006
v -0.256764 -0.019361 0.046532
v -0.255743 0.028302 -0.041369
v -0.256099 0.017271 0.047294
v -0.256981 -0.013000 0.046919
v -0.267198 0.051085 0.009655
v -0.253455 0.046791 0.017701
v -0.253397 0.047746 -0.014738
v -0.253646 0.002358 -0.050530
v -0.254769 0.000468 0.050534
v -0.252993 -0.039880 0.030411
v -0.253545 0.050653 0.002256
v -0.253346 -0.049538 0.007717
v -0.253061 0.036651 -0.033931
v -0.253318 -0.049945 -0.003485
v -0.253179 -0.047588 -0.015696
v -0.253748 0.005600 0.050406
v -0.253098 -0.046585 0.018144
v -0.253370 0.043241 -0.025419
v -0.253379 0.041311 0.028356
v -0.253030 0.034659 -0.036001
v -0.253099 -0.044860 0.022075
v -0.253066 -0.044777 -0.022257
v -0.252974 0.034445 0.036164
v -0.252990 -0.045746 -0.018910
v -0.252982 0.035500 0.020099
v -0.252980 0.035426 0.035008
v -0.252981 -0.045365 -0.019868
v -0.252981 0.035364 -0.034657
v -0.252974 -0.045272 0.020098
v -0.252966 0.035179 -0.034888
v -0.252962 -0.045126 -0.020501
v -0.252952 -0.045067 0.020626
v -0.252948 0.035050 0.035024
v -0.252936 0.034964 -0.035135
v -0.252935 -0.044954 -0.020928
v -0.252913 0.034858 0.035242
v -0.252911 -0.044845 0.021181
v -0.252890 -0.044754 -0.021420
v -0.252870 0.034688 0.035437
v -0.252862 0.034650 -0.035493
v -0.252860 -0.044651 0.021652
v -0.252850 0.034620 0.035513
v -0.252834 -0.044560 -0.021863
v -0.252775 -0.044404 0.022221
v -0.252784 0.034420 -0.035749
v -0.252886 -0.018267 0.046368
v -0.252724 -0.003349 0.050507
v -0.252681 0.034188 0.035995
v -0.252676 0.034176 -0.036022
v -0.252661 0.034144 -0.036056
v -0.252654 -0.044126 0.022986
v -0.252678 -0.044166 -0.022807
v -0.252485 0.033835 -0.036389
v -0.252596 0.034028 0.036171
v -0.252484 -0.043840 -0.024045
v -0.252484 -0.043509 -0.024644
v -0.252491 -0.042512 -0.026374
v -0.252484 -0.042500 -0.026346
v -0.252484 -0.042000 -0.027566
v -0.252484 0.032000 -0.039012
v -0.252484 0.032500 -0.038003
v -0.252484 0.033409 -0.037212
v -0.252484 0.033746 -0.036755
v -0.252482 -0.043829 0.023504
v -0.252485 -0.043637 0.024414
v -0.252482 -0.042966 0.025565
v -0.252482 -0.042000 0.027560
v -0.252482 0.032000 0.038999
v -0.252482 0.032500 0.037990
v -0.252505 0.032521 0.038143
v -0.252482 0.033838 0.036471
v -0.253397 -0.032247 0.038523
v -0.251983 -0.042000 -0.014241
v -0.251983 0.042014 0.014240
v -0.251982 0.032200 0.033909
v -0.251801 0.041974 -0.024093
v -0.251966 0.033141 0.033677
v -0.251067 -0.042064 -0.021485
v -0.251576 0.047933 0.016958
v -0.251784 0.032000 -0.033927
v -0.251782 0.032000 0.033931
v -0.251579 0.049413 -0.005745
v -0.251401 0.029449 -0.042359
v -0.251701 0.032264 -0.037996
v -0.251519 -0.047910 0.017219
v -0.251358 -0.049196 0.005487
v -0.250360 0.042828 0.025971
v -0.250417 -0.042251 0.025077
v -0.250194 0.047191 0.021536
v -0.253809 -0.024182 0.043918
v -0.250515 -0.042000 -0.028330
v -0.250439 -0.041470 -0.029164
v -0.250403 -0.041157 0.029622
v -0.250379 -0.040923 -0.029982
v -0.251717 -0.048756 -0.005702
v -0.250341 -0.040596 0.030444
v -0.253131 0.043027 -0.013412
v -0.250318 -0.040360 -0.030793
v -0.250280 -0.040023 0.031250
v -0.235093 -0.034808 -0.045027
v -0.250219 -0.039432 0.032051
v -0.253764 0.013800 0.048717
v -0.250054 0.048936 0.014565
v -0.250942 0.048832 -0.014348
v -0.250040 -0.048835 -0.015143
v -0.250040 0.048837 0.015146
v -0.250029 -0.048776 -0.015484
v -0.250029 0.048777 0.015487
v -0.250028 -0.048782 0.015453
v -0.253094 -0.035463 -0.035438
v -0.249987 -0.048644 -0.016224
v -0.249987 0.048645 0.016227
v -0.249983 -0.048644 0.016226
v -0.251546 -0.048058 -0.016462
v -0.249886 0.048474 0.017168
v -0.249874 -0.048462 -0.017220
v -0.249765 -0.048331 0.017921
v -0.249755 0.048321 -0.017978
v -0.249737 -0.048301 -0.018077
v -0.249107 0.032064 0.040222
v -0.249612 0.048177 0.018731
v -0.249582 -0.048157 -0.018828
v -0.249572 0.048151 -0.018864
v -0.249563 -0.048143 0.018903
v -0.249575 -0.046985 0.022819
v -0.253443 -0.026438 -0.042697
v -0.249413 0.048025 0.019517
v -0.249370 -0.047992 0.019676
v -0.249370 0.047994 -0.019672
v -0.249338 -0.047971 -0.019779
v -0.249245 -0.047684 -0.021036
v -0.249200 -0.047878 0.020252
v -0.249900 0.047489 -0.021419
v -0.249177 0.047863 0.020335
v -0.249167 -0.047851 -0.020380
v -0.249089 0.047811 0.020594
v -0.249027 -0.047773 0.020778
v -0.248899 0.047703 0.021136
v -0.250188 0.041995 -0.028070
v -0.248873 -0.047687 0.021205
v -0.248292 0.032114 -0.040703
v -0.250805 0.032298 0.039035
v -0.249924 0.038248 0.033552
v -0.248623 0.047560 -0.021839
v -0.248618 -0.047556 -0.021854
v -0.248617 -0.047557 0.021853
v -0.249502 0.036739 -0.035510
v -0.248368 0.047444 -0.022419
v -0.248259 0.047395 0.022660
v -0.248258 -0.047394 -0.022657
v -0.248762 0.039425 -0.032745
v -0.248157 -0.047350 0.022874
v -0.248142 0.047348 -0.022892
v -0.248138 0.040935 -0.030971
v -0.248092 0.041429 -0.030277
v -0.248024 0.047262 0.023276
v -0.247883 -0.047240 -0.023417
v -0.247631 0.047153 -0.023862
v -0.247606 -0.047144 0.023902
v -0.247594 0.032326 0.040814
v -0.247511 -0.010163 0.050417
v -0.247354 0.047062 0.024325
v -0.249575 -0.046855 -0.022938
v -0.247256 -0.047030 0.024480
v -0.244489 0.016539 0.050212
v -0.247164 -0.046655 0.025659
v -0.247099 0.046983 -0.024722
v -0.247009 -0.046954 0.024864
v -0.246835 -0.046902 -0.025124
v -0.246822 0.046901 0.025144
v -0.235686 0.030518 0.048483
v -0.246393 0.046786 0.025739
v -0.246020 0.046688 -0.026244
v -0.246016 -0.046694 0.026222
v -0.246496 -0.046823 -0.025787
v -0.245581 0.046605 0.026727
v -0.245558 -0.046596 0.026764
v -0.244925 -0.046466 0.027483
v -0.244899 0.046474 -0.027470
v -0.244819 0.046458 0.027561
v -0.244818 0.046359 -0.027883
v -0.244803 -0.046440 -0.027622
v -0.250252 0.048699 0.005753
v -0.242150 -0.024579 -0.049090
v -0.245072 -0.045461 -0.029326
v -0.243704 -0.046164 0.029007
v -0.243470 0.046269 0.028785
v -0.240386 -0.048096 0.003907
v -0.243155 0.046194 -0.029162
v -0.243111 -0.046215 -0.029114
v -0.243536 -0.042001 -0.030794
v -0.243202 -0.014873 0.050353
v -0.242121 0.045871 -0.001513
v -0.243221 0.042255 0.031291
v -0.244023 -0.044961 0.030307
v -0.241318 0.045137 -0.031577
v -0.241165 -0.045420 0.031447
v -0.246107 0.044053 -0.029547
v -0.240804 0.045703 -0.031318
v -0.243244 -0.046761 -0.003417
v -0.240577 0.045952 0.031021
v -0.251059 -0.015079 0.049734
v -0.217089 0.042531 0.043327
v -0.243196 -0.026177 0.047955
v -0.240248 -0.044981 -0.032155
v -0.240248 0.044983 0.032158
v -0.242126 0.031617 -0.044819
v -0.240232 0.045490 0.031817
v -0.240138 0.045409 -0.031919
v -0.237990 -0.045285 -0.033136
v -0.240047 -0.045649 0.031725
v -0.239997 0.045750 0.031616
v -0.239981 0.046056 -0.031030
v -0.239904 -0.045914 0.031407
v -0.239884 0.045936 -0.031365
v -0.239867 0.046050 0.031104
v -0.242674 0.020894 -0.050022
v -0.239757 -0.046066 0.031098
v -0.237161 -0.051956 0.014062
v -0.239241 -0.018799 0.050301
v -0.238094 -0.050939 -0.011980
v -0.234983 0.022799 0.050145
v -0.238815 0.051606 -0.002797
v -0.235671 0.032114 -0.046592
v -0.237671 -0.023382 0.050098
v -0.232888 -0.055526 -0.009471
v -0.234836 0.032337 0.046904
v -0.236547 -0.032577 0.046123
v -0.234613 0.050069 -0.017424
v -0.236269 0.032000 0.046197
v -0.240131 -0.018168 -0.050324
v -0.237433 0.052956 0.012405
v -0.231297 -0.026890 0.050068
v -0.234445 -0.042000 -0.036085
v -0.237051 0.054724 -0.013811
v -0.233739 0.042002 -0.036127
v -0.236370 -0.031960 -0.046881
v -0.232914 -0.030783 0.048454
v -0.232645 -0.049929 -0.018810
v -0.229262 -0.050430 0.018987
v -0.231397 -0.055000 -0.009148
v -0.231397 -0.045000 -0.009148
v -0.231265 0.044690 -0.011292
v -0.231821 -0.044853 0.009634
v -0.231181 -0.055000 -0.008864
v -0.231551 0.044843 0.009030
v -0.239774 -0.021315 -0.050189
v -0.228829 0.035591 0.046520
v -0.231870 -0.055000 0.009778
v -0.230909 -0.045000 0.011367
v -0.229230 0.044825 0.011798
v -0.232001 0.054938 0.010165
v -0.230926 -0.045046 -0.008608
v -0.229810 0.025815 -0.050101
v -0.230771 -0.055000 -0.008536
v -0.230594 -0.055000 0.008468
v -0.230789 -0.055000 0.011451
v -0.229501 -0.044892 0.011714
v -0.228886 0.055002 -0.011753
v -0.230594 0.055002 -0.008466
v -0.230958 0.055002 0.008637
v -0.231865 0.054707 -0.008934
v -0.231012 -0.054988 -0.017363
v -0.235481 -0.055560 -0.012794
v -0.230342 0.050073 0.019310
v -0.230259 -0.044716 -0.008373
v -0.230250 -0.055000 -0.008370
v -0.230250 -0.055000 0.008373
v -0.230797 -0.055440 0.016023
v -0.230250 -0.045000 0.008373
v -0.230039 0.055002 -0.008338
v -0.230250 0.055002 0.008373
v -0.229903 0.044765 -0.008353
v -0.229894 -0.055000 -0.008351
v -0.229894 -0.055000 0.008354
v -0.224394 -0.054999 0.014119
v -0.228208 0.055002 0.009065
v -0.232346 0.055583 0.012818
v -0.230647 -0.044382 -0.011471
v -0.229775 -0.045000 0.008356
v -0.228682 0.044425 0.009118
v -0.229628 -0.052171 -0.018806
v -0.228737 -0.055000 -0.008764
v -0.225633 0.031984 0.049292
v -0.233824 0.032073 0.047605
v -0.228594 -0.044814 0.008997
v -0.228986 0.055002 -0.008624
v -0.228996 -0.055000 0.008616
v -0.228486 0.055002 -0.009306
v -0.228372 -0.055000 -0.010353
v -0.228731 -0.045034 -0.008690
v -0.228335 0.044840 -0.009299
v -0.228333 -0.055000 -0.009999
v -0.228333 -0.045000 -0.009999
v -0.228311 -0.044994 0.010129
v -0.212138 -0.041933 -0.046431
v -0.227376 -0.031703 -0.049147
v -0.227828 0.037814 0.044516
v -0.232176 0.032699 -0.047862
v -0.227092 0.055026 -0.017235
v -0.228502 -0.036007 0.046513
v -0.229008 0.026105 0.050079
v -0.232725 0.050790 0.018348
v -0.224637 -0.039603 0.044118
v -0.220373 0.028715 0.050050
v -0.227353 0.031985 -0.049088
v -0.222249 -0.039695 -0.045062
v -0.230403 -0.024387 -0.050242
v -0.223384 -0.040213 0.043911
v -0.223146 -0.051178 0.016594
v -0.221926 0.053617 -0.010211
v -0.222970 -0.055000 -0.009999
v -0.223092 0.054940 0.013505
v -0.222869 -0.040445 -0.043853
v -0.223485 0.032076 -0.049182
v -0.222663 -0.046030 0.038930
v -0.225418 -0.055619 0.012196
v -0.221118 -0.051835 0.013274
v -0.221995 -0.040871 0.043680
v -0.221841 0.032000 0.049199
v -0.231981 -0.042225 0.036525
v -0.221806 0.044787 0.040701
v -0.215759 0.042808 -0.043970
v -0.237797 -0.044390 -0.033458
v -0.220100 -0.042130 -0.041938
v -0.221749 -0.045083 0.040578
v -0.221748 0.045088 0.040577
v -0.226979 0.050914 -0.017915
v -0.221708 0.045262 -0.040479
v -0.217588 -0.042287 0.043114
v -0.221682 -0.040993 -0.043669
v -0.221669 -0.045366 0.040414
v -0.221659 0.045401 0.040392
v -0.217022 -0.045564 -0.042300
v -0.221606 0.045548 -0.040268
v -0.221540 -0.045679 0.040130
v -0.236355 -0.045904 -0.033140
v -0.225338 0.032462 0.049014
v -0.221434 0.045848 -0.039923
v -0.221417 0.040366 -0.044196
v -0.221225 0.045960 0.039789
v -0.223964 0.038717 -0.045208
v -0.220833 0.045973 -0.039924
v -0.220756 0.045682 0.040500
v -0.220688 -0.045893 0.040177
v -0.215521 -0.042001 0.045057
v -0.220545 -0.041516 -0.043478
v -0.220390 0.052440 -0.004731
v -0.222037 -0.052740 -0.012758
v -0.220790 -0.052429 0.004284
v -0.221578 0.052476 0.004862
v -0.215493 -0.052943 0.005470
v -0.220792 0.052240 -0.008097
v -0.222940 -0.051207 -0.017189
v -0.223149 0.051823 0.015358
v -0.217236 0.041980 0.043928
v -0.220111 0.041664 -0.042998
v -0.219434 0.042000 -0.042813
v -0.212491 0.031999 -0.050001
v -0.219182 0.032000 -0.049774
v -0.212483 -0.035536 -0.049820
v -0.217263 0.032268 0.049744
v -0.221260 -0.035577 0.048574
v -0.213543 0.037563 -0.048400
v -0.206826 -0.041950 0.047527
v -0.221944 0.032456 -0.049537
v -0.214850 0.031999 0.049952
v -0.213325 -0.045661 0.043745
v -0.213319 0.031094 0.050008
v -0.212927 0.032000 0.049724
v -0.211983 0.032064 -0.049896
v -0.210415 0.032000 -0.050008
v -0.210403 0.032000 0.049992
v -0.207415 0.032000 -0.049808
v -0.207413 0.032200 -0.050008
v -0.207412 0.032000 0.049792
v -0.206336 0.046445 0.045045
v -0.201846 -0.046184 -0.047383
v -0.201824 0.046176 0.047268
v -0.205497 -0.046557 0.045077
v -0.205496 0.046567 -0.045051
v -0.206948 0.034009 -0.049960
v -0.205408 -0.046977 -0.043805
v -0.205408 0.046978 0.043808
v -0.205394 -0.047042 0.043605
v -0.205394 0.047044 -0.043602
v -0.205309 -0.047444 -0.042339
v -0.205309 0.047446 0.042341
v -0.205295 -0.047509 0.042133
v -0.205295 0.047511 -0.042131
v -0.210472 -0.034042 0.050023
v -0.205213 -0.047897 -0.040862
v -0.205213 0.047898 0.040865
v -0.205200 -0.047960 0.040652
v -0.205200 0.047962 -0.040650
v -0.205121 0.048336 0.039376
v -0.205108 -0.048396 0.039161
v -0.205108 0.048397 -0.039159
v -0.203543 -0.048662 -0.038894
v -0.205067 0.048598 0.038452
v -0.205040 -0.048716 -0.038022
v -0.205032 0.048756 0.037883
v -0.205019 -0.048816 0.037661
v -0.205019 0.048817 -0.037659
v -0.204947 -0.049160 -0.036376
v -0.204947 0.049162 0.036378
v -0.204934 -0.049220 0.036153
v -0.204934 0.049221 -0.036150
v -0.204865 -0.049550 -0.034863
v -0.204865 0.049551 0.034865
v -0.204853 -0.049607 0.034636
v -0.204853 0.049609 -0.034633
v -0.204787 -0.049923 -0.033341
v -0.204787 0.049925 0.033344
v -0.204775 -0.049979 0.033111
v -0.204775 0.049980 -0.033108
v -0.204712 -0.050280 -0.031812
v -0.204712 0.050282 0.031815
v -0.204701 -0.050335 0.031575
v -0.204636 -0.050646 -0.030159
v -0.204633 0.050650 0.030154
v -0.204630 -0.050671 0.030045
v -0.204630 0.050673 -0.030042
v -0.204573 -0.050945 -0.028732
v -0.204573 0.050947 0.028735
v -0.204563 -0.050995 0.028492
v -0.204563 0.050996 -0.028489
v -0.204509 -0.051253 -0.027183
v -0.204509 0.051254 0.027185
v -0.204449 -0.051543 -0.025627
v -0.204449 0.051545 0.025629
v -0.204439 -0.051588 0.025381
v -0.203269 0.053282 -0.014363
v -0.202102 -0.052988 -0.017208
v -0.201946 -0.053419 0.013260
v -0.202388 -0.053391 -0.012963
v -0.202355 0.053965 0.000514
v -0.200032 0.043609 -0.048427
v -0.210910 -0.035673 -0.049745
v -0.202579 0.049932 0.034520
v -0.202082 -0.050314 -0.032867
v -0.203160 -0.050678 0.030768
v -0.201118 -0.047708 -0.042881
v -0.202389 0.048230 -0.041055
v -0.205365 -0.042145 -0.047276
v -0.202467 -0.041991 0.047490
v -0.202127 0.051640 -0.026363
v -0.202720 0.050699 -0.030805
v -0.200423 0.042016 0.048187
v -0.202377 0.052068 0.023700
v -0.202184 -0.053963 -0.003958
v -0.202410 -0.052508 0.020816
v -0.202465 0.053636 0.010372
v -0.194644 -0.045388 0.048911
v -0.202182 0.053860 -0.006185
v -0.201537 -0.022444 0.050016
v -0.201393 -0.021063 0.050270
v -0.201903 -0.051306 0.028222
v -0.201237 -0.020455 0.050278
v -0.198360 -0.016983 0.050176
v -0.200815 0.052334 -0.022256
v -0.200792 -0.053866 -0.006202
v -0.200525 -0.048925 -0.038634
v -0.201632 0.047511 0.043484
v -0.200350 0.050440 -0.032407
v -0.199694 -0.027037 0.050187
v -0.199986 -0.054000 -0.000001
v -0.199986 -0.053999 -0.000482
v -0.199986 0.054001 -0.000296
v -0.199986 0.054001 0.000484
v -0.199986 0.054002 0.000004
v -0.199984 -0.053991 0.001626
v -0.199984 0.053993 -0.001623
v -0.199983 -0.053986 -0.002023
v -0.199983 0.053988 0.002026
v -0.199980 0.053969 0.003127
v -0.199979 -0.053965 0.003253
v -0.199979 0.053966 -0.003250
v -0.199978 -0.053961 -0.003401
v -0.200776 -0.053922 0.004742
v -0.199977 -0.053955 -0.003651
v -0.199977 0.053955 -0.003718
v -0.199977 0.053957 0.003654
v -0.199970 -0.053921 0.004879
v -0.199970 0.053922 -0.004877
v -0.199967 -0.053907 -0.005280
v -0.199967 0.053909 0.005282
v -0.199957 -0.053859 0.006506
v -0.199957 0.053859 0.006548
v -0.199957 0.053860 -0.006504
v -0.199954 -0.053846 -0.006801
v -0.199954 -0.053846 0.006803
v -0.199953 -0.053841 -0.006907
v -0.199953 0.053842 0.006910
v -0.199951 0.053831 -0.007138
v -0.199941 -0.053779 0.008133
v -0.199941 0.053781 -0.008130
v -0.199936 -0.053757 -0.008534
v -0.199936 0.053758 0.008537
v -0.199920 -0.053682 0.009758
v -0.199920 0.053684 -0.009756
v -0.199918 0.053670 0.009965
v -0.199915 -0.053655 -0.010160
v -0.199915 0.053657 0.010162
v -0.199914 -0.053653 0.010200
v -0.199909 0.053630 -0.010555
v -0.199897 -0.053567 0.011383
v -0.199897 0.053569 -0.011380
v -0.199890 -0.053536 -0.011784
v -0.199890 0.053538 0.011786
v -0.199869 -0.053435 0.013006
v -0.199869 0.053437 -0.013003
v -0.199862 -0.053400 -0.013406
v -0.199862 0.053403 0.013393
v -0.199858 -0.053383 -0.013589
v -0.199858 -0.053383 0.013592
v -0.199851 0.053350 -0.013966
v -0.199838 -0.053285 0.014627
v -0.199838 0.053287 -0.014625
v -0.199830 -0.053245 -0.015026
v -0.199830 0.053247 0.015029
v -0.199803 -0.053118 0.016246
v -0.199803 0.053119 -0.016244
v -0.199794 -0.053073 -0.016645
v -0.199794 0.053075 0.016647
v -0.199786 -0.053036 -0.016974
v -0.199786 -0.053036 0.016976
v -0.199777 0.052992 -0.017370
v -0.199764 -0.052933 0.017863
v -0.199764 0.052934 -0.017860
v -0.201840 0.052801 0.018845
v -0.199722 -0.052730 0.019476
v -0.199722 0.052732 -0.019474
v -0.199711 -0.052677 -0.019877
v -0.199711 0.052678 0.019880
v -0.199703 0.052638 0.020179
v -0.199698 -0.052613 -0.020349
v -0.199698 -0.052613 0.020352
v -0.199686 0.052557 -0.020765
v -0.199676 0.052512 -0.021086
v -0.202188 -0.052460 -0.021193
v -0.199664 0.052454 0.021493
v -0.197661 -0.042079 0.048617
v -0.199627 -0.052273 0.022698
v -0.199627 0.052274 -0.022696
v -0.199614 -0.052210 -0.023102
v -0.199614 0.052212 0.023104
v -0.199599 0.052139 0.023565
v -0.199594 -0.052113 -0.023715
v -0.199594 -0.052113 0.023717
v -0.199579 0.052045 -0.024149
v -0.199574 -0.052018 0.024306
v -0.199574 0.052019 -0.024303
v -0.202220 -0.051770 -0.025515
v -0.199560 0.051952 0.024713
v -0.199517 -0.051745 0.025911
v -0.199517 0.051747 -0.025908
v -0.199502 -0.051673 -0.026315
v -0.199502 0.051675 0.026318
v -0.199478 0.051563 0.026939
v -0.199473 -0.051537 -0.027068
v -0.199473 -0.051537 0.027070
v -0.199456 -0.051455 0.027513
v -0.199440 -0.051379 -0.027917
v -0.199440 0.051380 0.027920
v -0.198818 -0.025245 0.052120
v -0.199391 -0.051148 0.029111
v -0.199374 -0.051067 -0.029515
v -0.199374 0.051069 0.029518
v -0.199341 0.050910 0.030298
v -0.199336 -0.050885 -0.030407
v -0.199340 -0.050844 0.030611
v -0.199323 0.050825 -0.030704
v -0.199316 0.050789 -0.030877
v -0.199305 -0.050738 -0.031109
v -0.199305 0.050740 0.031111
v -0.199252 -0.050482 0.032297
v -0.199252 0.050484 -0.032294
v -0.199233 -0.050392 -0.032699
v -0.199233 0.050394 0.032702
v -0.199188 0.050180 0.033642
v -0.199183 -0.050158 -0.033730
v -0.199183 -0.050158 0.033733
v -0.200085 -0.050105 0.033926
v -0.199176 0.050125 -0.033880
v -0.199160 0.050046 -0.034218
v -0.199156 -0.050029 -0.034286
v -0.199156 0.050030 0.034289
v -0.199097 -0.049747 0.035465
v -0.199104 0.049595 -0.036093
v -0.199076 -0.049648 -0.035870
v -0.199076 0.049649 0.035872
v -0.199018 0.049375 0.036969
v -0.199014 -0.049355 -0.037036
v -0.199014 -0.049355 0.037041
v -0.198987 0.049227 -0.037542
v -0.202169 -0.048794 0.038985
v -0.200296 0.048927 -0.038664
v -0.198904 -0.048834 -0.039025
v -0.200249 0.048602 0.039867
v -0.198832 0.048494 0.040276
v -0.198829 -0.048478 -0.040323
v -0.198829 -0.048478 0.040326
v -0.198812 -0.048402 -0.040596
v -0.198812 0.048403 0.040598
v -0.198798 0.048333 -0.040845
v -0.198717 -0.047952 -0.042161
v -0.198717 0.047954 0.042164
v -0.198579 -0.047872 0.042441
v -0.198627 -0.047526 0.043592
v -0.198618 -0.047486 -0.043722
v -0.198618 0.047488 0.043724
v -0.198592 0.047363 -0.044128
v -0.198543 -0.047133 0.044867
v -0.198543 0.047135 -0.044864
v -0.198515 -0.047003 -0.045276
v -0.198515 0.047005 0.045279
v -0.197262 -0.017963 0.051585
v -0.198438 -0.046638 0.046416
v -0.198438 0.046640 -0.046413
v -0.198421 0.034564 -0.050008
v -0.202242 -0.046200 0.047244
v -0.214613 0.032304 0.049966
v -0.190917 -0.041968 0.049328
v -0.195871 0.046354 -0.047284
v -0.186147 -0.041933 -0.049720
v -0.210742 -0.031862 -0.050143
v -0.187499 -0.045169 -0.049571
v -0.191731 -0.021854 0.050526
v -0.187638 -0.018995 0.052972
v -0.189481 -0.046210 0.047712
v -0.188505 -0.023763 0.053000
v -0.187979 0.046134 -0.047939
v -0.187845 0.045869 0.048665
v -0.187607 -0.025704 0.050238
v -0.182378 0.041999 0.049626
v -0.187331 -0.018400 0.050900
v -0.185730 -0.045914 -0.048585
v -0.193983 0.046268 0.047560
v -0.184519 -0.022890 0.052895
v -0.184208 -0.045800 0.048908
v -0.183089 -0.026323 0.050410
v -0.181654 -0.018879 0.050459
v -0.187136 -0.041997 0.049771
v -0.188338 0.043437 0.050193
v -0.181038 -0.044995 -0.049781
v -0.183040 0.044530 -0.049896
v -0.182493 0.045387 0.049441
v -0.181967 0.045765 -0.048980
v -0.181769 -0.044554 0.049921
v -0.181426 0.044353 0.049931
v -0.180810 0.000000 -0.050568
v -0.180341 0.042001 0.050002
v -0.180087 0.045324 0.049464
v -0.180086 -0.045910 -0.048593
v -0.180086 -0.045910 0.048596
v -0.180086 -0.045863 -0.048718
v -0.180086 -0.045863 0.048721
v -0.180086 -0.045769 -0.048912
v -0.180086 -0.045769 0.048914
v -0.180086 -0.045724 -0.048989
v -0.180086 -0.045724 0.048991
v -0.180086 -0.045575 -0.049201
v -0.180086 -0.045575 0.049204
v -0.180086 -0.045432 -0.049360
v -0.180086 -0.045432 0.049362
v -0.180086 -0.045324 0.049463
v -0.180086 -0.045323 -0.049462
v -0.180086 -0.045187 -0.049568
v -0.180086 -0.045187 0.049570
v -0.180086 -0.045051 -0.049658
v -0.180086 -0.045051 0.049660
v -0.180086 -0.044913 -0.049734
v -0.180086 -0.044913 0.049737
v -0.180086 -0.044738 -0.049811
v -0.180086 -0.044738 0.049814
v -0.180086 -0.044619 -0.049853
v -0.180086 -0.044619 0.049855
v -0.180086 -0.044403 0.049910
v -0.180086 -0.044359 -0.049919
v -0.180086 -0.044317 0.049925
v -0.180086 -0.044071 -0.049945
v -0.180086 -0.044071 0.049947
v -0.180086 0.044072 -0.049945
v -0.180086 0.044072 0.049947
v -0.180086 0.044319 0.049925
v -0.180086 0.044361 -0.049919
v -0.180086 0.044404 0.049910
v -0.180086 0.044620 -0.049853
v -0.180086 0.044620 0.049855
v -0.180086 0.044739 -0.049811
v -0.180086 0.044739 0.049814
v -0.180086 0.044914 -0.049734
v -0.180086 0.044914 0.049737
v -0.180086 0.045053 -0.049658
v -0.180086 0.045053 0.049660
v -0.180086 0.045189 -0.049568
v -0.180086 0.045189 0.049570
v -0.180086 0.045324 -0.049462
v -0.180086 0.045434 -0.049360
v -0.180086 0.045434 0.049362
v -0.180086 0.045576 -0.049201
v -0.180086 0.045576 0.049204
v -0.180086 0.045726 -0.048989
v -0.180086 0.045726 0.048991
v -0.180086 0.045771 -0.048912
v -0.180086 0.045771 0.048914
v -0.180086 0.045865 -0.048718
v -0.180086 0.045865 0.048721
v -0.180086 0.045912 -0.048593
v -0.180086 0.045912 0.048596
v -0.175039 0.042002 0.049862
v -0.175826 -0.041097 0.049998
v -0.183978 -0.041987 -0.049902
v -0.172391 0.042002 0.050001
v -0.182398 -0.040405 -0.050009
v -0.170266 0.019580 0.047748
v -0.172114 0.008547 0.050436
v -0.171944 0.017469 0.050244
v -0.171835 0.017927 0.050236
v -0.171437 -0.019328 0.047747
v -0.169380 -0.020311 0.050281
v -0.169316 -0.017333 0.046528
v -0.180610 0.041972 -0.049861
v -0.169652 -0.042000 -0.049999
v -0.169633 -0.042000 0.049995
v -0.164738 0.042003 0.049992
v -0.164722 0.042002 -0.050004
v -0.134648 -0.017333 0.046551
v -0.133869 0.019436 0.044988
v -0.131708 0.018547 0.050322
v -0.134904 0.017538 0.049989
v -0.131236 -0.018375 0.047331
v -0.118508 -0.047811 -0.042641
v -0.118508 0.047813 0.042644
v -0.118501 -0.047905 -0.042324
v -0.118501 0.047907 0.042325
v -0.118500 -0.047526 -0.043590
v -0.118500 -0.047526 0.043592
v -0.118500 0.047537 0.043562
v -0.118508 0.047858 -0.042486
v -0.118497 -0.047419 -0.043942
v -0.118497 0.047420 0.043945
v -0.118495 -0.047335 0.044219
v -0.118494 0.047343 -0.044193
v -0.118484 -0.046928 -0.045513
v -0.118484 0.046930 0.045516
v -0.118482 -0.046840 0.045790
v -0.118472 0.048011 -0.041967
v -0.118471 -0.046420 0.047081
v -0.118471 0.046422 -0.047078
v -0.118170 -0.046406 -0.046886
v -0.118166 0.046405 -0.046812
v -0.118062 -0.047721 0.041820
v -0.118315 -0.046400 0.047142
v -0.118282 0.046402 -0.047139
v -0.117018 0.047129 0.041602
v -0.118223 -0.048332 0.040845
v -0.118021 -0.048478 -0.040323
v -0.117967 0.048507 0.040228
v -0.117962 -0.048513 -0.040198
v -0.114727 0.047940 0.038662
v -0.114510 -0.049192 -0.037266
v -0.114953 0.047564 -0.038360
v -0.114458 0.046423 -0.044711
v -0.115239 0.049228 -0.037539
v -0.114419 0.049298 -0.037266
v -0.113973 -0.049325 -0.037156
v -0.114694 0.044706 0.040548
v -0.112994 -0.044680 -0.042347
v -0.113136 -0.049348 0.037067
v -0.113437 -0.046725 0.041128
v -0.116716 -0.047316 -0.040918
v -0.111537 0.044678 0.044103
v -0.111175 -0.046439 -0.044130
v -0.113130 0.044722 -0.042869
v -0.111419 0.049303 -0.037152
v -0.110629 0.046412 0.043709
v -0.114142 -0.044723 0.044419
v -0.111778 -0.044709 0.040144
v -0.108246 0.046530 -0.040538
v -0.108180 0.032000 -0.050012
v -0.108180 0.032000 -0.049812
v -0.108180 0.032200 -0.050012
v -0.108180 0.035025 -0.050012
v -0.108176 0.032000 0.049788
v -0.108176 0.032000 0.049988
v -0.108176 0.032200 0.049988
v -0.107930 0.038877 0.050002
v -0.110076 -0.048152 0.037836
v -0.108413 0.047493 0.039645
v -0.107964 0.000000 -0.050570
v -0.107961 0.000000 0.050547
v -0.107744 0.032000 -0.050005
v -0.107740 0.032000 0.049982
v -0.107674 -0.046396 -0.047191
v -0.109241 -0.048034 -0.038729
v -0.109354 0.047027 -0.043303
v -0.108718 0.046537 0.046109
v -0.107222 0.032000 -0.049981
v -0.107219 0.032000 0.049958
v -0.107061 0.000021 -0.050543
v -0.107032 0.000022 0.050518
v -0.107017 -0.023868 -0.050253
v -0.107013 -0.023868 0.050229
v -0.102439 0.032666 -0.049299
v -0.106845 0.032000 -0.049952
v -0.106841 0.032000 0.049929
v -0.106494 0.000031 -0.050498
v -0.106449 -0.023883 -0.050242
v -0.106391 -0.023883 0.050214
v -0.106198 0.032000 -0.049880
v -0.106194 0.032000 0.049857
v -0.106171 0.000042 0.050440
v -0.105978 0.000046 -0.050438
v -0.105974 0.000046 0.050415
v -0.105951 0.032000 -0.049845
v -0.105947 0.032000 0.049822
v -0.105633 0.032000 -0.049559
v -0.105580 -0.024042 -0.050186
v -0.105569 -0.023927 0.050159
v -0.105479 0.000058 0.050340
v -0.105453 0.032000 0.049577
v -0.105445 0.000048 -0.050358
v -0.105182 0.032000 -0.049709
v -0.105117 0.032001 0.049675
v -0.105087 0.000120 0.050269
v -0.105065 0.032000 -0.049685
v -0.104963 0.000070 -0.050267
v -0.104787 -0.045910 0.048596
v -0.104787 -0.045863 -0.048717
v -0.104787 -0.045863 0.048720
v -0.104787 -0.045769 -0.048912
v -0.104787 -0.045769 0.048914
v -0.104787 -0.045726 -0.048986
v -0.104787 -0.045726 0.048988
v -0.104787 -0.045575 -0.049201
v -0.104787 -0.045575 0.049204
v -0.104787 -0.045438 0.049357
v -0.104787 -0.045437 -0.049354
v -0.104787 -0.045327 -0.049458
v -0.104787 -0.045327 0.049460
v -0.104787 -0.045196 -0.049562
v -0.104787 -0.045196 0.049564
v -0.104787 -0.045057 0.049657
v -0.104787 -0.045053 -0.049657
v -0.104787 -0.044925 -0.049728
v -0.104787 -0.044925 0.049731
v -0.104787 -0.044738 -0.049811
v -0.104787 -0.044738 0.049814
v -0.104787 -0.044634 -0.049848
v -0.104787 -0.044634 0.049850
v -0.104787 -0.044368 -0.049917
v -0.104787 -0.044365 0.049920
v -0.104787 -0.044071 -0.049945
v -0.104787 -0.044071 0.049947
v -0.104787 0.044072 -0.049945
v -0.104787 0.044072 0.049947
v -0.104787 0.044367 -0.049917
v -0.104787 0.044371 0.049919
v -0.104787 0.044636 -0.049848
v -0.104787 0.044636 0.049851
v -0.104787 0.044739 -0.049811
v -0.104787 0.044739 0.049814
v -0.104787 0.044926 -0.049728
v -0.104787 0.044926 0.049731
v -0.104787 0.045059 -0.049654
v -0.104787 0.045059 0.049657
v -0.104787 0.045198 -0.049562
v -0.104787 0.045198 0.049564
v -0.104787 0.045328 -0.049458
v -0.104787 0.045328 0.049461
v -0.104787 0.045439 -0.049354
v -0.104787 0.045439 0.049357
v -0.104787 0.045576 -0.049201
v -0.104787 0.045576 0.049204
v -0.104787 0.045728 -0.048986
v -0.104787 0.045728 0.048988
v -0.104787 0.045771 -0.048912
v -0.104787 0.045771 0.048914
v -0.104787 0.045865 -0.048717
v -0.104787 0.045865 0.048720
v -0.104787 0.045912 -0.048593
v -0.104619 -0.023929 -0.050065
v -0.104539 -0.023935 0.050024
v -0.104427 0.000082 0.050124
v -0.104424 0.000082 -0.050146
v -0.104189 0.032000 -0.049471
v -0.104185 0.032000 0.049448
v -0.104054 -0.023949 0.049934
v -0.103962 0.000092 -0.050026
v -0.103958 0.000092 0.050003
v -0.104354 -0.027210 -0.050271
v -0.103534 -0.023964 0.049821
v -0.103489 0.000103 0.049864
v -0.103476 0.000103 -0.049883
v -0.103328 0.032000 -0.049206
v -0.103289 -0.023949 -0.049782
v -0.103258 0.032001 0.049161
v -0.103226 -0.024020 0.049744
v -0.103199 0.032000 -0.049161
v -0.105169 -0.026235 0.050253
v -0.102979 0.000115 -0.049717
v -0.102877 0.000128 0.049660
v -0.102841 -0.045148 0.049679
v -0.102529 0.000157 -0.049550
v -0.102509 0.032000 -0.048664
v -0.102471 0.032000 -0.048883
v -0.102468 0.032000 0.048860
v -0.102463 0.000126 0.049502
v -0.102428 -0.024006 -0.049535
v -0.102387 -0.023999 0.049501
v -0.103117 -0.045341 -0.049494
v -0.102240 0.032000 -0.048786
v -0.102236 0.032000 0.048762
v -0.102021 0.000136 -0.049342
v -0.102858 0.044837 0.049886
v -0.101937 0.000137 0.049285
v -0.101845 -0.044226 0.049923
v -0.101822 0.000141 -0.049254
v -0.100620 -0.045065 -0.049766
v -0.101648 0.032000 -0.048516
v -0.101645 0.032000 0.048492
v -0.101536 -0.024053 0.049196
v -0.101509 0.000148 -0.049110
v -0.101505 0.000148 0.049086
v -0.101490 -0.024024 -0.049199
v -0.101362 -0.045863 -0.048735
v -0.101309 0.032000 -0.048346
v -0.101305 0.032000 0.048322
v -0.101060 -0.024036 -0.049021
v -0.101052 0.000157 0.048861
v -0.101027 0.000152 -0.048870
v -0.101022 0.032000 0.048047
v -0.103693 0.032259 0.049533
v -0.100855 0.032000 -0.048102
v -0.100852 0.032000 0.048078
v -0.100811 -0.045871 0.048714
v -0.100582 0.000168 -0.048627
v -0.100578 0.000168 0.048603
v -0.100556 -0.024315 0.048774
v -0.100515 -0.024120 -0.048775
v -0.100410 0.032000 -0.047843
v -0.100407 0.032000 0.047819
v -0.100231 0.000176 0.048400
v -0.100221 0.045795 0.048865
v -0.100185 -0.024062 0.048589
v -0.100183 0.000177 -0.048394
v -0.100082 0.032000 -0.047639
v -0.100079 0.032000 0.047615
v -0.103954 0.045273 -0.049671
v -0.099784 0.032000 -0.047230
v -0.099712 -0.024083 -0.048366
v -0.099691 0.000188 -0.048081
v -0.099687 0.000188 0.048057
v -0.099662 -0.024079 0.048309
v -0.099545 0.032000 0.047256
v -0.098553 -0.025379 0.047765
v -0.099457 0.032002 -0.047217
v -0.099384 0.000198 0.047853
v -0.099367 0.000199 -0.047863
v -0.099335 0.032000 0.047106
v -0.099175 -0.024525 -0.048052
v -0.099151 -0.024095 0.048009
v -0.098828 0.000185 -0.047467
v -0.098825 0.000194 0.047443
v -0.098733 -0.024120 0.047744
v -0.098727 0.032000 -0.046659
v -0.097969 -0.027589 -0.047977
v -0.098672 0.032001 0.046594
v -0.098660 -0.024186 -0.047720
v -0.098627 0.032000 -0.046577
v -0.098508 0.000214 -0.047214
v -0.098505 0.000214 0.047190
v -0.098228 -0.024125 -0.047418
v -0.098086 0.032000 -0.045836
v -0.098083 0.032000 0.045812
v -0.098051 0.000224 0.046806
v -0.098010 0.000225 -0.046791
v -0.097950 0.032000 -0.045983
v -0.097947 0.032000 0.045959
v -0.101930 -0.025843 -0.049520
v -0.093160 0.037821 0.049676
v -0.097818 -0.024116 0.047092
v -0.097816 -0.024279 -0.047113
v -0.097732 0.000231 -0.046538
v -0.097729 0.000231 0.046513
v -0.096325 0.034080 -0.046152
v -0.097260 -0.024153 -0.046662
v -0.097173 -0.024160 0.046563
v -0.096758 -0.024175 -0.046212
v -0.096755 -0.024174 0.046188
v -0.096751 -0.024480 -0.046219
v -0.096748 -0.024480 0.046195
v -0.096717 -0.025110 -0.046256
v -0.096717 -0.025066 0.046228
v -0.096689 -0.025423 -0.046285
v -0.096686 -0.025423 0.046261
v -0.096655 -0.025736 -0.046322
v -0.096642 -0.025829 0.046310
v -0.096627 -0.025959 -0.046352
v -0.096614 -0.026048 -0.046366
v -0.096611 -0.026048 0.046341
v -0.096593 -0.026356 -0.046441
v -0.096563 -0.026358 0.046393
v -0.096503 -0.026701 0.046458
v -0.096487 -0.026811 -0.046506
v -0.096383 -0.027273 -0.046614
v -0.096380 -0.027274 0.046589
v -0.096310 -0.027556 0.046665
v -0.096304 -0.027590 -0.046698
v -0.096228 -0.027869 -0.046780
v -0.096224 -0.027869 0.046756
v -0.096137 -0.028162 0.046850
v -0.096063 -0.028409 -0.046961
v -0.096062 -0.028392 0.046930
v -0.095946 -0.028734 -0.047082
v -0.096393 -0.028657 0.047378
v -0.095826 -0.029049 -0.047212
v -0.095820 -0.029055 0.047190
v -0.095661 -0.029442 -0.047387
v -0.095605 -0.029558 0.047420
v -0.095481 -0.029820 0.047553
v -0.095469 -0.029854 -0.047594
v -0.096164 0.033649 0.045087
v -0.095371 -0.030314 0.047965
v -0.095238 -0.030297 -0.047844
v -0.088339 -0.045671 -0.049247
v -0.094990 0.032211 -0.043238
v -0.094987 0.032211 0.043214
v -0.094971 0.032399 -0.043260
v -0.100568 -0.029837 0.049803
v -0.094961 0.032430 0.043237
v -0.095922 0.032697 -0.044204
v -0.094924 0.032638 0.043282
v -0.094895 0.032762 -0.043341
v -0.094885 0.032790 0.043323
v -0.094840 0.032934 -0.043400
v -0.094825 -0.030548 -0.047746
v -0.094818 0.032984 0.043395
v -0.094778 -0.030571 0.047710
v -0.094774 0.033098 -0.043470
v -0.094765 0.033109 0.043452
v -0.094691 0.033268 -0.043563
v -0.094631 0.033369 0.043601
v -0.094787 -0.031498 -0.048691
v -0.094565 0.033459 -0.043695
v -0.094447 0.033613 0.043802
v -0.094419 0.033636 -0.043852
v -0.094364 -0.030806 -0.047633
v -0.094273 0.033766 -0.044008
v -0.094206 0.033818 0.044054
v -0.094154 -0.030917 0.047559
v -0.094131 0.033858 -0.044152
v -0.093971 0.033935 0.044278
v -0.093794 0.033989 -0.044527
v -0.093772 0.033990 0.044519
v -0.093748 -0.031127 -0.047484
v -0.093606 -0.031196 0.047425
v -0.095543 0.044470 -0.049709
v -0.093379 -0.031437 0.047571
v -0.092922 -0.046009 -0.048306
v -0.092627 -0.031636 0.047181
v -0.087480 -0.045712 0.049046
v -0.092293 -0.031775 -0.047121
v -0.102849 0.038821 -0.050141
v -0.091967 -0.031902 0.047015
v -0.091768 -0.032443 0.047675
v -0.091578 -0.032050 -0.046940
v -0.100566 0.036396 -0.050385
v -0.091339 -0.032277 -0.047156
v -0.091147 -0.032201 0.046805
v -0.090580 -0.032389 0.046658
v -0.090369 -0.032456 -0.046627
v -0.090476 0.034034 -0.045358
v -0.089894 -0.032598 0.046479
v -0.089698 -0.032659 -0.046458
v -0.089371 -0.032744 0.046340
v -0.088796 -0.032893 -0.046202
v -0.088650 -0.032931 0.046149
v -0.084209 -0.035524 0.048597
v -0.087931 -0.033097 -0.045976
v -0.087832 -0.033118 0.045925
v -0.087594 -0.033170 -0.045884
v -0.086905 -0.033306 0.045669
v -0.086773 -0.033332 -0.045656
v -0.086356 0.046290 -0.047474
v -0.086347 0.046319 -0.047387
v -0.085122 0.047162 -0.044767
v -0.086204 -0.033431 0.045473
v -0.093322 0.033998 0.044888
v -0.085283 0.046530 0.046758
v -0.085589 -0.049355 0.037039
v -0.085549 -0.049557 0.036239
v -0.085548 -0.033534 -0.045310
v -0.085505 -0.049355 -0.037036
v -0.085502 0.049375 0.036969
v -0.085500 -0.049387 -0.036911
v -0.085500 0.049391 0.036907
v -0.085436 -0.050158 0.033733
v -0.085416 -0.050272 0.033233
v -0.085406 0.050330 -0.032985
v -0.085377 -0.050158 -0.033730
v -0.085374 0.050180 0.033642
v -0.085329 0.050789 -0.030877
v -0.085328 -0.050490 -0.032260
v -0.085325 0.050516 0.032148
v -0.085314 -0.050885 0.030409
v -0.085307 -0.050933 0.030179
v -0.085298 0.050986 -0.029925
v -0.085280 -0.050834 -0.030655
v -0.085276 0.050859 0.030544
v -0.085272 -0.050885 -0.030407
v -0.084769 0.050927 0.030194
v -0.084781 0.051192 -0.028832
v -0.085236 -0.051161 -0.029045
v -0.085233 0.051185 0.028933
v -0.085230 0.051455 -0.027520
v -0.085219 -0.051537 0.027070
v -0.085217 -0.051552 0.026992
v -0.085213 0.051578 -0.026852
v -0.085196 -0.051470 -0.027430
v -0.085194 0.051493 0.027317
v -0.085185 0.051563 0.026939
v -0.085184 -0.033590 0.045192
v -0.084734 0.051818 -0.025476
v -0.085161 -0.051760 -0.025823
v -0.085159 0.051778 0.025732
v -0.085154 0.052045 -0.024149
v -0.085150 -0.052081 0.023915
v -0.085147 0.052109 -0.023750
v -0.084895 -0.052107 0.023753
v -0.085134 -0.052005 -0.024382
v -0.085122 -0.052324 0.022361
v -0.085122 -0.052113 -0.023715
v -0.085119 0.052139 0.023565
v -0.085106 -0.052267 -0.022732
v -0.085105 0.052278 0.022674
v -0.085098 -0.052551 0.020798
v -0.085097 0.052557 -0.020765
v -0.085095 0.052579 -0.020605
v -0.085092 -0.052613 0.020352
v -0.085082 -0.052512 -0.021075
v -0.085077 -0.052763 0.019227
v -0.085075 0.052787 -0.019048
v -0.085072 -0.052613 -0.020349
v -0.085070 0.052638 0.020179
v -0.085061 -0.052738 -0.019416
v -0.085060 0.052748 0.019357
v -0.085059 -0.052958 0.017651
v -0.085057 0.052979 -0.017482
v -0.085056 0.052992 -0.017370
v -0.085052 -0.053036 0.016976
v -0.085043 -0.053143 0.016017
v -0.085043 0.053148 -0.015977
v -0.085036 -0.053036 -0.016974
v -0.085034 0.053060 0.016782
v -0.085031 -0.053300 0.014477
v -0.085030 0.053312 -0.014367
v -0.085028 -0.053134 -0.016090
v -0.085028 0.053143 0.016030
v -0.085027 0.053350 -0.013966
v -0.085025 -0.053383 0.013592
v -0.085021 -0.053439 0.012958
v -0.085020 0.053454 -0.012801
v -0.085016 -0.053304 -0.014431
v -0.085016 0.053313 0.014362
v -0.085012 -0.053566 0.011405
v -0.085011 -0.053383 -0.013589
v -0.085011 0.053580 -0.011242
v -0.085010 0.053404 0.013377
v -0.085008 -0.053441 -0.012935
v -0.085006 -0.053653 0.010200
v -0.085006 0.053467 0.012649
v -0.085005 -0.053676 0.009853
v -0.085004 0.053685 -0.009745
v -0.085001 0.046152 -0.047876
v -0.085000 -0.053576 -0.011262
v -0.085000 0.053766 -0.008400
v -0.084999 0.053602 0.010938
v -0.084998 -0.053764 0.008405
v -0.084997 0.053832 -0.007138
v -0.084996 -0.053653 -0.010198
v -0.084996 0.053848 -0.006782
v -0.084995 -0.053846 0.006786
v -0.084995 -0.033673 0.045419
v -0.084994 -0.053689 -0.009655
v -0.084993 0.053717 0.009231
v -0.084991 -0.053912 0.005148
v -0.084991 -0.053779 -0.008141
v -0.084991 0.053775 0.008248
v -0.084990 0.053811 0.007553
v -0.084990 0.053913 -0.005147
v -0.084988 -0.053853 -0.006630
v -0.084988 -0.053846 -0.006801
v -0.084988 0.053859 0.006548
v -0.084987 0.053878 0.006100
v -0.084987 0.053955 -0.003718
v -0.084986 -0.053960 -0.003445
v -0.084986 -0.053960 0.003448
v -0.084986 -0.053915 -0.005057
v -0.084986 0.053962 -0.003445
v -0.084985 0.053934 0.004505
v -0.084984 -0.053994 -0.001281
v -0.084984 -0.053989 -0.001762
v -0.084984 -0.053973 -0.002862
v -0.084984 0.053669 0.009980
v -0.084984 0.053963 0.003405
v -0.084984 0.053969 0.003127
v -0.084984 0.053973 0.002929
v -0.084984 0.053974 0.002864
v -0.084984 0.053991 0.001764
v -0.084984 0.053996 0.001284
v -0.084984 0.054001 0.000227
v -0.084983 -0.054000 -0.000219
v -0.084983 -0.054000 0.000357
v -0.084983 -0.053987 0.001997
v -0.084983 -0.053902 -0.005417
v -0.084983 0.053916 0.005055
v -0.084983 0.053988 -0.001994
v -0.084983 0.054001 -0.000352
v -0.084984 -0.053960 0.003491
v -0.084982 0.053974 -0.002849
v -0.084981 -0.053850 -0.006701
v -0.084981 0.053852 0.006703
v -0.084981 0.053957 -0.003636
v -0.084980 -0.053936 0.004389
v -0.084980 0.053937 -0.004386
v -0.084982 -0.053905 0.005350
v -0.084978 -0.053767 -0.008347
v -0.084978 0.053769 0.008350
v -0.084978 0.053884 -0.005923
v -0.084975 0.053830 -0.007172
v -0.084973 -0.053667 -0.009992
v -0.084969 -0.053590 -0.011082
v -0.084966 -0.053548 -0.011634
v -0.084966 0.053550 0.011636
v -0.084815 0.053314 -0.014293
v -0.084958 -0.053411 -0.013273
v -0.084958 0.053413 0.013276
v -0.084922 -0.053243 -0.015047
v -0.084927 0.053169 0.015800
v -0.084928 -0.053666 0.010014
v -0.084847 -0.052894 -0.018210
v -0.084408 0.052507 -0.021030
v -0.084727 0.052357 0.022150
v -0.085172 0.051936 0.024798
v -0.084933 -0.051581 0.026824
v -0.083550 0.051231 0.028505
v -0.084838 -0.049449 -0.036657
v -0.102021 0.035062 0.049026
v -0.084762 0.050669 -0.031418
v -0.084808 -0.049941 -0.034591
v -0.084847 0.049544 0.036276
v -0.084885 -0.048157 0.041461
v -0.087877 -0.034593 -0.048680
v -0.083673 -0.033770 0.044744
v -0.078259 0.036620 0.047984
v -0.082705 -0.036904 -0.048670
v -0.082718 -0.033856 0.044460
v -0.082689 -0.033859 -0.044475
v -0.081785 -0.033920 0.044178
v -0.081460 -0.033941 -0.044104
v -0.080873 -0.033965 0.043899
v -0.080139 -0.033987 -0.043695
v -0.080031 -0.033991 0.043696
v -0.079827 -0.034066 -0.044372
v -0.079262 -0.033999 -0.043419
v -0.079020 -0.034000 -0.043343
v -0.079017 -0.034000 0.043318
v -0.085975 0.045600 0.048955
v -0.084849 -0.037039 0.049031
v -0.075017 0.034090 -0.043779
v -0.082427 0.049856 0.034612
v -0.085489 -0.046897 -0.045698
v -0.084820 0.048928 -0.038692
v -0.052929 -0.051284 0.023991
v -0.084640 -0.050847 -0.030531
v -0.084869 -0.051177 0.028937
v -0.084799 -0.050601 0.031717
v -0.084896 -0.049664 0.035767
v -0.065964 -0.047896 0.038451
v -0.067461 0.049828 -0.032010
v -0.064657 0.051304 -0.025351
v -0.076576 -0.046373 0.045149
v -0.070459 -0.045551 -0.046469
v -0.070559 -0.037887 -0.047064
v -0.073946 -0.037331 0.047529
v -0.071231 -0.034109 -0.043350
v -0.067086 0.036273 -0.045676
v -0.068977 0.044819 0.046844
v -0.070354 -0.034038 0.042659
v -0.069732 -0.034390 0.043850
v -0.068869 0.034575 -0.044010
v -0.068672 -0.035322 -0.045288
v -0.068055 -0.035527 0.045285
v -0.085798 -0.047788 -0.042839
v -0.077259 -0.053985 0.001620
v -0.068869 -0.053884 0.005042
v -0.049145 -0.053523 0.010523
v -0.084256 -0.052298 -0.022466
v -0.064022 -0.049736 0.031768
v -0.083784 0.052769 0.019153
v -0.084965 0.053590 -0.011116
v -0.084913 0.053738 -0.008858
v -0.067799 0.053810 -0.006464
v -0.067799 0.053881 -0.004985
v -0.067799 0.053934 -0.003505
v -0.077503 0.053987 -0.001619
v -0.067652 -0.038802 0.046572
v -0.067597 0.034193 0.043038
v -0.066764 0.034033 -0.041873
v -0.067216 0.035809 0.045305
v -0.066606 0.034000 -0.041239
v -0.066599 -0.034000 0.041251
v -0.066549 -0.034000 -0.041267
v -0.066462 0.034019 -0.041647
v -0.066454 -0.034018 -0.041687
v -0.066451 -0.034018 0.041660
v -0.066450 0.034021 0.041667
v -0.066377 0.034075 -0.042072
v -0.066375 -0.034069 -0.042086
v -0.066374 0.034075 0.042046
v -0.066371 -0.034070 0.042058
v -0.066317 0.034167 -0.042489
v -0.066311 0.034145 -0.042400
v -0.066299 0.034156 0.042422
v -0.066282 -0.034170 0.042506
v -0.066275 -0.034183 -0.042588
v -0.066256 -0.034206 0.042632
v -0.066210 0.034311 -0.042933
v -0.066208 0.034300 0.042873
v -0.066203 -0.034679 -0.043766
v -0.066203 -0.034301 -0.042942
v -0.066200 -0.034301 0.042916
v -0.066195 0.034325 0.042939
v -0.066168 -0.037380 -0.046016
v -0.066133 -0.034446 -0.043288
v -0.066129 0.034467 0.043269
v -0.066064 0.034645 -0.043639
v -0.066063 0.034635 0.043596
v -0.066040 -0.034688 0.043723
v -0.065986 0.034895 -0.044026
v -0.065983 0.034894 0.043999
v -0.065975 -0.034907 -0.044082
v -0.065972 -0.034907 0.044055
v -0.065929 -0.035069 0.044268
v -0.065924 0.035218 0.044411
v -0.065920 -0.035130 -0.044374
v -0.065907 0.035207 -0.044424
v -0.065904 -0.035175 0.044396
v -0.065890 0.032000 -0.015815
v -0.065889 0.032000 0.015789
v -0.065849 0.035465 0.044667
v -0.065846 0.035496 -0.044724
v -0.065839 -0.035480 0.044720
v -0.065798 0.035743 0.044923
v -0.065795 0.035787 -0.044983
v -0.065786 -0.035795 -0.045028
v -0.065780 -0.035872 0.045069
v -0.065774 0.037252 0.045825
v -0.065759 -0.035963 -0.045160
v -0.065753 0.032000 -0.015961
v -0.065752 0.032000 0.015934
v -0.065745 0.032210 0.015943
v -0.065741 0.036147 -0.045253
v -0.065738 0.036145 0.045226
v -0.065733 -0.036143 -0.045289
v -0.065730 -0.036143 0.045262
v -0.065720 0.032432 0.015970
v -0.065717 0.032459 -0.016000
v -0.065693 0.036502 0.045447
v -0.065689 -0.036500 -0.045511
v -0.065686 -0.036500 0.045484
v -0.065678 0.036676 -0.045568
v -0.065675 0.036676 0.045541
v -0.065662 0.032716 0.016032
v -0.065658 0.032734 -0.016063
v -0.065657 0.036890 -0.045671
v -0.065654 0.036890 0.045645
v -0.065645 -0.036902 0.045689
v -0.065642 -0.036976 -0.045748
v -0.065628 -0.037688 0.045979
v -0.065627 0.037260 -0.045823
v -0.065613 -0.037274 0.045841
v -0.065597 0.037753 -0.045976
v -0.066662 0.037248 0.046058
v -0.065592 -0.037685 -0.045995
v -0.065591 0.037804 0.045960
v -0.065589 -0.038220 0.046088
v -0.065586 0.032961 -0.016141
v -0.065585 0.032961 0.016115
v -0.065580 0.038137 -0.046056
v -0.065577 0.038137 0.046029
v -0.065573 0.038397 -0.046094
v -0.065571 -0.038201 -0.046107
v -0.065568 0.038495 0.046081
v -0.067935 0.038867 -0.046629
v -0.065561 -0.038589 -0.046151
v -0.065558 -0.038589 0.046125
v -0.065541 0.033073 -0.016190
v -0.065540 0.033073 0.016163
v -0.065487 0.033188 -0.016247
v -0.065486 0.033188 0.016221
v -0.065446 0.032000 -0.015666
v -0.065445 0.032000 0.015639
v -0.065379 0.033377 -0.016363
v -0.065378 0.033379 0.016336
v -0.065219 0.033588 -0.016535
v -0.064092 0.033821 0.015438
v -0.065080 0.033725 -0.016684
v -0.065079 0.033725 0.016658
v -0.064996 0.033792 -0.016774
v -0.064930 0.033837 0.016815
v -0.064915 0.033846 -0.016860
v -0.064772 -0.024174 -0.016387
v -0.064771 -0.024253 -0.016388
v -0.064771 -0.024174 0.016361
v -0.064760 -0.024626 -0.016400
v -0.064759 -0.024626 0.016374
v -0.064753 0.033929 -0.017031
v -0.064740 0.033932 0.017020
v -0.064737 -0.025023 0.016398
v -0.064731 -0.025110 -0.016431
v -0.064731 0.032000 -0.014909
v -0.064730 0.032000 0.014883
v -0.064721 -0.025243 -0.016443
v -0.064719 -0.025243 0.016416
v -0.064652 -0.025868 0.016488
v -0.064641 -0.025959 -0.016528
v -0.064593 -0.024176 -0.016217
v -0.064563 -0.026467 -0.016612
v -0.064562 -0.026467 0.016586
v -0.064560 0.033984 0.017214
v -0.064527 -0.024176 0.016128
v -0.064515 -0.026719 0.016635
v -0.064502 -0.026793 -0.016677
v -0.064445 -0.027068 -0.016739
v -0.064443 -0.027068 0.016712
v -0.065138 0.032273 -0.015177
v -0.064538 0.033994 -0.017325
v -0.064388 0.034000 0.017398
v -0.064331 -0.027540 0.016833
v -0.064225 -0.024178 0.015826
v -0.064308 -0.027633 -0.016886
v -0.064300 -0.027658 0.016866
v -0.064132 -0.024179 -0.015753
v -0.063537 -0.028086 -0.016406
v -0.064109 -0.028232 0.017026
v -0.064098 -0.028334 0.017082
v -0.064070 0.032000 -0.014105
v -0.064070 0.032059 0.014078
v -0.063192 -0.025137 0.014884
v -0.063937 -0.028798 -0.017283
v -0.063936 -0.028797 0.017256
v -0.063820 -0.029096 0.017380
v -0.063800 -0.029149 -0.017430
v -0.063787 -0.024183 0.015354
v -0.063908 -0.025838 -0.015709
v -0.063677 -0.029349 0.017458
v -0.063649 -0.029504 -0.017594
v -0.063620 -0.024182 -0.015186
v -0.063568 0.034000 -0.016603
v -0.063487 -0.029843 0.017738
v -0.063477 -0.029866 -0.017777
v -0.063467 0.032000 -0.013257
v -0.063466 0.032000 0.013231
v -0.063430 -0.024188 0.014935
v -0.063347 -0.030120 -0.017916
v -0.063346 -0.030120 0.017889
v -0.063160 -0.030459 0.018088
v -0.063306 -0.024190 -0.014812
v -0.062790 0.033290 -0.012265
v -0.062956 0.033988 -0.015352
v -0.063113 -0.030540 -0.018167
v -0.063102 -0.024188 0.014524
v -0.062973 -0.024185 -0.014378
v -0.062925 -0.030846 -0.018368
v -0.062923 0.032000 -0.012369
v -0.062923 0.032000 0.012343
v -0.062887 -0.030847 0.018309
v -0.062618 -0.024245 0.013866
v -0.062711 -0.031165 -0.018598
v -0.062703 -0.031176 0.018578
v -0.062507 -0.031443 0.018788
v -0.061232 -0.031725 -0.017928
v -0.062622 -0.024192 -0.013889
v -0.062469 0.031999 0.011255
v -0.062443 0.032000 -0.011446
v -0.062442 0.032000 0.011419
v -0.062353 -0.024188 -0.013479
v -0.062314 -0.031688 0.018994
v -0.062222 -0.024188 0.013244
v -0.062199 -0.031827 -0.019147
v -0.062028 0.032000 -0.010492
v -0.062027 0.032000 0.010465
v -0.062002 -0.032048 -0.019358
v -0.062001 -0.032048 0.019332
v -0.061972 -0.024189 0.012824
v -0.061824 -0.032232 0.019521
v -0.061815 -0.032243 -0.019559
v -0.061744 -0.024191 0.012409
v -0.061680 0.032000 -0.009511
v -0.061680 0.032000 0.009484
v -0.061649 -0.024190 -0.012249
v -0.061641 -0.032411 0.019717
v -0.061484 -0.024190 0.011895
v -0.061456 -0.032580 -0.019943
v -0.061455 -0.032580 0.019917
v -0.061401 0.032000 -0.008508
v -0.061401 0.032000 0.008481
v -0.061413 -0.024193 -0.011770
v -0.061308 -0.032707 -0.020103
v -0.061293 -0.032719 0.020090
v -0.061823 -0.027979 -0.013708
v -0.028373 -0.045074 0.038423
v -0.061249 -0.024190 0.011379
v -0.061193 0.032000 -0.007488
v -0.061192 0.032000 0.007462
v -0.061183 0.032000 -0.004991
v -0.061183 0.032000 0.006122
v -0.061182 -0.024190 -0.011249
v -0.060242 -0.033021 -0.019894
v -0.061072 -0.032892 0.020327
v -0.061055 0.032000 -0.006457
v -0.061055 0.032000 0.006430
v -0.061222 0.032307 -0.007466
v -0.061037 -0.024188 0.010870
v -0.060989 0.032000 -0.005418
v -0.060989 0.032000 0.005391
v -0.060983 0.032000 -0.004992
v -0.060983 0.032000 0.004965
v -0.060337 0.033955 0.010129
v -0.060895 -0.024190 0.010491
v -0.060858 -0.033047 0.020556
v -0.060942 -0.024228 -0.010651
v -0.060832 -0.033066 -0.020613
v -0.060699 -0.024207 -0.009937
v -0.060677 -0.033168 -0.020779
v -0.060690 -0.025435 0.010249
v -0.060592 -0.024189 -0.009581
v -0.060575 -0.033229 0.020860
v -0.060549 -0.024188 0.009404
v -0.060431 -0.024187 0.008953
v -0.060340 -0.024187 0.008555
v -0.060316 -0.033383 -0.021165
v -0.060270 -0.024186 -0.008239
v -0.060261 -0.033409 0.021197
v -0.060201 -0.024184 -0.007852
v -0.060191 -0.025806 -0.008512
v -0.060153 -0.024183 -0.007540
v -0.060081 -0.024186 0.006934
v -0.060075 -0.024181 -0.006886
v -0.060061 -0.033510 0.021412
v -0.060042 -0.024179 0.006480
v -0.060020 -0.024178 -0.006128
v -0.060014 -0.024177 -0.005987
v -0.059895 -0.025647 0.005478
v -0.060002 -0.024174 0.005392
v -0.060002 0.033789 0.007338
v -0.059941 -0.025340 -0.005730
v -0.059721 -0.033654 -0.021761
v -0.059665 -0.033679 0.021836
v -0.068802 -0.045680 -0.045787
v -0.059424 -0.033765 -0.022123
v -0.059422 -0.033765 0.022096
v -0.059336 -0.045311 -0.044320
v -0.060179 -0.026219 0.008447
v -0.059295 -0.044865 -0.044608
v -0.059111 -0.033858 -0.022461
v -0.059088 -0.033862 0.022456
v -0.056465 -0.031345 0.007585
v -0.076863 -0.045237 0.047820
v -0.083570 -0.053057 0.016659
v -0.081531 -0.052374 0.021550
v -0.084299 -0.051642 -0.026506
v -0.050098 -0.048712 -0.033970
v -0.084167 0.052926 -0.017788
v -0.086049 0.047287 0.044560
v -0.063536 0.047693 -0.038557
v -0.047456 0.045205 0.042249
v -0.058767 -0.033928 0.022792
v -0.058540 -0.033963 -0.023071
v -0.058535 -0.033964 0.023048
v -0.057990 -0.034000 0.023450
v -0.057952 -0.034000 0.023673
v -0.057911 -0.034000 -0.023417
v -0.057989 -0.033932 -0.021577
v -0.054857 -0.033282 -0.011176
v -0.052723 -0.033978 -0.013967
v -0.039380 0.045770 -0.039255
v -0.056646 -0.033856 0.018070
v -0.049516 0.047853 -0.035663
v -0.050194 -0.053987 -0.000088
v -0.050194 -0.053981 -0.001511
v -0.050194 -0.053974 0.001335
v -0.050194 -0.053956 -0.002934
v -0.050194 -0.053913 -0.004357
v -0.050194 -0.053851 -0.005778
v -0.050194 -0.053771 -0.007200
v -0.050194 -0.053671 -0.008620
v -0.049755 -0.053791 0.006266
v -0.048731 -0.053484 -0.011171
v -0.027063 -0.047117 0.034557
v -0.042469 0.050578 -0.025731
v -0.046195 0.054520 0.015150
v -0.050194 0.053092 0.014286
v -0.050136 0.053355 0.012091
v -0.049187 0.053561 0.010303
v -0.049338 0.053935 -0.003006
v -0.049103 0.053969 0.003331
v -0.050194 0.053975 -0.001333
v -0.050194 0.053982 0.001513
v -0.050194 0.053988 0.000090
v -0.038404 -0.050292 -0.027102
v -0.025836 0.048051 0.030872
v -0.047682 0.053022 -0.014809
v -0.078955 0.044911 -0.048412
v -0.069445 -0.044184 -0.046848
v -0.048708 -0.054129 -0.002351
v -0.047715 0.054859 -0.007659
v -0.046495 -0.055037 0.014297
v -0.045374 0.054698 -0.015374
v -0.045620 -0.052838 0.016012
v -0.039912 -0.045303 -0.040493
v -0.045628 -0.045689 -0.041179
v -0.045598 -0.044854 -0.041886
v -0.040916 -0.044443 -0.041107
v -0.048372 -0.053957 -0.012889
v -0.038869 -0.053661 0.017936
v -0.040414 0.044101 -0.010199
v -0.040338 0.055003 -0.011457
v -0.041833 0.055002 0.009469
v -0.036059 0.049351 -0.029205
v -0.015939 -0.051823 -0.018774
v -0.046222 -0.048042 0.034608
v -0.041966 0.046922 -0.036836
v -0.041119 -0.055000 -0.011658
v -0.041129 -0.055000 -0.008745
v -0.041861 -0.055000 0.009232
v -0.041989 -0.044770 0.009704
v -0.041742 0.044859 0.009188
v -0.041181 0.045002 0.011136
v -0.041181 0.055002 0.011136
v -0.040909 -0.055000 0.011367
v -0.040909 0.045002 0.011367
v -0.040909 0.055002 0.011367
v -0.039971 -0.044478 -0.008438
v -0.041782 -0.044890 -0.010653
v -0.040540 -0.053821 0.012080
v -0.040594 0.045002 0.011534
v -0.040594 0.055002 0.011534
v -0.036849 -0.055505 -0.017028
v -0.040250 -0.055000 -0.008370
v -0.038920 0.044823 0.011534
v -0.040774 0.055002 -0.008503
v -0.040250 0.055002 0.008373
v -0.038314 -0.055000 -0.009055
v -0.039117 -0.055000 0.008508
v -0.039894 0.055002 -0.008351
v -0.036131 0.055700 0.009693
v -0.039602 -0.044834 0.008421
v -0.039542 0.054938 0.011877
v -0.039565 0.045071 -0.011689
v -0.038841 0.033989 0.002162
v -0.038942 -0.044997 -0.008662
v -0.038969 0.055002 -0.008635
v -0.038763 0.044895 0.008753
v -0.038223 -0.044819 0.010849
v -0.039384 0.044885 -0.008379
v -0.038262 -0.055000 0.010328
v -0.038462 -0.044996 -0.011314
v -0.050961 -0.034641 0.004668
v -0.037355 -0.033464 0.002106
v -0.039013 0.033424 0.000067
v -0.035055 0.033966 0.015943
v -0.036290 0.052928 -0.017942
v -0.039193 0.052555 0.018399
v -0.034045 -0.031768 0.004132
v -0.031455 0.031004 -0.013028
v -0.033235 0.052744 -0.015542
v -0.032962 -0.034000 0.034614
v -0.032952 -0.034000 -0.034640
v -0.032947 0.034000 -0.034539
v -0.032900 0.055002 -0.011182
v -0.032886 0.034000 0.034468
v -0.032791 0.034021 0.034944
v -0.032784 0.034029 -0.035022
v -0.032718 0.034074 0.035308
v -0.032714 -0.034017 -0.034920
v -0.032713 0.034081 -0.035377
v -0.032705 -0.034022 0.034953
v -0.032654 0.034145 -0.035670
v -0.032643 -0.034058 -0.035277
v -0.032643 0.034156 0.035683
v -0.032634 -0.034066 0.035281
v -0.032630 0.034177 -0.035790
v -0.034943 -0.054109 0.016139
v -0.042643 0.049172 0.031442
v -0.034519 -0.052428 -0.017593
v -0.037399 -0.052166 0.018605
v -0.056337 -0.050627 0.027170
v -0.015719 0.051320 0.020637
v -0.028383 0.051858 0.019661
v -0.031521 -0.054429 -0.005049
v -0.032575 -0.034123 0.035569
v -0.032568 -0.034138 -0.035665
v -0.032554 0.034297 0.036131
v -0.032539 0.034325 0.036206
v -0.033811 0.052975 0.016012
v -0.032520 -0.034197 0.035851
v -0.032495 0.034311 -0.036189
v -0.032475 0.034462 0.036525
v -0.032463 0.034492 -0.036619
v -0.032433 -0.034347 0.036284
v -0.032419 -0.034366 -0.036363
v -0.032406 0.034637 0.036866
v -0.032396 0.034677 -0.036959
v -0.032373 -0.034481 0.036596
v -0.032343 -0.034561 -0.036775
v -0.032328 0.034897 -0.037298
v -0.032327 0.034893 0.037264
v -0.032322 -0.034210 -0.035883
v -0.030993 -0.053481 0.009870
v -0.032263 -0.034760 0.037093
v -0.032248 0.035198 0.037656
v -0.032248 0.035215 -0.037699
v -0.032217 -0.034958 -0.037404
v -0.032199 -0.034653 -0.036929
v -0.032196 0.035448 0.037918
v -0.032193 0.035481 -0.037980
v -0.028620 -0.035193 -0.037026
v -0.032180 -0.035088 0.037545
v -0.034040 -0.033996 -0.016746
v -0.032142 0.035735 0.038183
v -0.032138 0.035783 -0.038249
v -0.032132 -0.035304 0.037792
v -0.032102 -0.035431 -0.037954
v -0.032094 -0.035488 0.037979
v -0.032084 0.036141 -0.038519
v -0.032082 0.036132 0.038485
v -0.033675 -0.033979 0.016264
v -0.034933 0.033467 0.014568
v -0.032065 -0.035661 -0.038167
v -0.032059 -0.035681 0.038156
v -0.032040 0.036475 0.038699
v -0.032036 0.036526 -0.038758
v -0.032016 -0.035963 -0.038413
v -0.032002 0.036822 0.038882
v -0.032002 0.036871 -0.038932
v -0.031971 -0.036284 -0.038634
v -0.031970 0.037249 -0.039090
v -0.031966 0.037245 0.039059
v -0.031965 -0.036310 0.038622
v -0.031946 -0.036496 -0.038761
v -0.031943 0.037681 -0.039225
v -0.031941 -0.036505 0.038739
v -0.031938 0.037732 0.039213
v -0.032529 0.031791 -0.013647
v -0.031925 0.038068 -0.039313
v -0.031922 0.038096 0.039290
v -0.031921 -0.036732 -0.038887
v -0.031915 -0.036762 0.038873
v -0.031914 0.038463 -0.039370
v -0.031908 0.038980 -0.039399
v -0.028664 0.041767 -0.038767
v -0.031896 -0.037006 -0.039014
v -0.031892 -0.037022 0.038992
v -0.031875 -0.037230 0.039074
v -0.031847 -0.037675 0.039216
v -0.031841 -0.037819 -0.039284
v -0.031830 -0.038079 0.039310
v -0.031825 -0.038525 -0.039400
v -0.029921 -0.038915 -0.039058
v -0.031812 -0.038884 0.039391
v -0.031811 -0.039033 0.039392
v -0.031693 -0.037431 -0.039138
v -0.030156 -0.045537 -0.038408
v -0.033007 0.031101 0.007949
v -0.030984 0.053821 -0.007983
v -0.030952 -0.053567 -0.009438
v -0.031079 0.053847 0.009619
v -0.030787 0.054020 0.001173
v -0.030297 0.034007 0.034421
v -0.029919 0.034210 0.035371
v -0.029892 -0.034108 0.035080
v -0.029306 -0.036304 -0.038161
v -0.027770 0.035180 -0.036919
v -0.027485 0.035332 0.037309
v -0.030737 -0.031043 0.014913
v -0.032907 -0.031376 -0.011201
v -0.029420 -0.038583 0.038938
v -0.031146 -0.035652 0.038163
v -0.026577 0.033921 0.027638
v -0.027998 0.034000 -0.030401
v -0.027747 0.034000 -0.028654
v -0.027724 0.034000 -0.032075
v -0.027441 0.034000 -0.028144
v -0.027028 0.033928 -0.027846
v -0.025578 -0.033304 -0.027494
v -0.027195 -0.034000 0.030424
v -0.027114 -0.034000 -0.031328
v -0.027102 -0.034000 0.031395
v -0.026980 -0.034000 0.029389
v -0.026905 -0.034000 -0.032162
v -0.026024 -0.033812 0.032393
v -0.025665 -0.034005 -0.033674
v -0.025228 0.032972 -0.029130
v -0.015059 -0.040880 -0.037019
v -0.027113 0.047439 -0.031738
v -0.024547 -0.047327 -0.031348
v -0.025354 -0.033546 0.026860
v -0.026430 0.032133 -0.024789
v -0.024902 0.034063 -0.034214
v -0.023234 0.045072 0.037537
v -0.032831 -0.050802 0.023920
v -0.035357 0.051178 -0.022718
v -0.039709 0.051116 0.024121
v -0.045015 -0.046513 -0.039160
v -0.023295 0.044703 -0.032074
v -0.023949 0.036497 -0.037471
v -0.022920 -0.046624 0.031822
v -0.021573 -0.048511 0.025323
v -0.013256 -0.045935 0.035605
v -0.018543 0.031013 0.029104
v -0.021851 0.048160 0.025957
v -0.021122 -0.036117 0.036882
v -0.021671 -0.044663 -0.037436
v -0.022653 0.039800 0.037779
v -0.020111 -0.032000 0.034229
v -0.021127 -0.044723 -0.030326
v -0.023662 -0.033164 0.033894
v -0.021132 0.044691 0.030668
v -0.021207 -0.044706 0.030602
v -0.019444 0.044709 -0.028381
v -0.012210 -0.031750 0.032698
v -0.015475 0.048200 0.029798
v -0.018766 -0.031755 0.028273
v -0.017019 0.044685 -0.037215
v -0.020384 0.046393 -0.028450
v -0.021918 0.031979 0.032733
v -0.021510 0.050504 -0.023891
v -0.024084 0.031699 0.024599
v -0.014981 0.053538 0.008636
v -0.015773 -0.053423 -0.009705
v -0.000652 0.052271 -0.016876
v -0.014155 0.050223 -0.024547
v -0.015151 -0.046060 -0.035218
v 0.002114 -0.046175 -0.035356
v -0.020097 -0.048098 -0.025869
v -0.003598 0.038393 0.035996
v -0.011712 0.031958 -0.032113
v -0.018158 -0.039375 0.037243
v -0.016719 -0.031273 -0.029862
v -0.007923 0.031028 -0.033058
v -0.015259 0.031895 -0.032077
v -0.004515 -0.030989 0.033645
v 0.011520 -0.044463 -0.035067
v -0.019263 0.046565 0.034553
v -0.000875 0.033469 -0.036467
v -0.002334 0.039383 -0.036668
v -0.002697 -0.032000 -0.035777
v -0.016496 -0.032748 -0.033390
v -0.000553 -0.053282 0.011966
v 0.004748 -0.047072 0.034301
v -0.033540 -0.031000 -0.000549
v 0.000017 0.030999 -0.000016
v 0.004281 0.049110 -0.027629
v 0.002382 0.045744 0.035723
v 0.000628 0.052321 0.017142
v 0.001802 0.053879 -0.004613
v 0.006565 0.054016 0.000509
v -0.013070 -0.053875 -0.008756
v 0.005996 0.036341 -0.037033
v 0.001029 0.032623 0.035521
v 0.000325 0.044989 -0.035804
v 0.009079 -0.053921 -0.000371
v -0.011814 -0.034318 0.035468
v 0.009143 -0.048819 -0.029184
v 0.013390 0.045355 -0.033574
v 0.006771 0.044632 0.035405
v 0.003345 -0.030984 -0.034157
v 0.004448 -0.043674 0.035990
v 0.014411 0.045089 0.032979
v 0.020885 -0.044539 0.030248
v 0.015760 0.030988 -0.030136
v 0.015698 0.048119 0.027923
v 0.005497 0.052808 -0.014172
v 0.006966 0.032000 -0.035576
v 0.007750 0.031003 0.033335
v 0.008885 -0.046371 0.033932
v 0.009919 -0.045568 -0.034440
v 0.009345 0.032414 0.034458
v 0.006678 -0.032114 -0.034692
v 0.021991 -0.046387 -0.026891
v 0.015232 -0.032118 -0.031603
v 0.017768 -0.045995 -0.030186
v 0.020093 0.034039 0.030998
v 0.014471 0.031900 -0.030943
v 0.019839 -0.032052 -0.030111
v 0.020708 0.046114 -0.029028
v 0.028678 0.045863 0.022212
v 0.032290 -0.046862 -0.011447
v 0.015395 -0.032021 0.032711
v 0.015762 -0.031205 0.030223
v 0.018541 0.032000 -0.031020
v 0.022860 0.050843 0.009278
v 0.030005 0.046617 0.017175
v 0.027975 0.045859 -0.023359
v 0.022484 -0.031916 0.025678
v 0.030231 0.032232 -0.019232
v 0.033259 -0.045893 0.014064
v 0.030454 -0.048430 0.000920
v 0.029001 -0.031727 -0.020956
v 0.026890 0.046096 -0.023631
v 0.021277 0.050924 -0.008047
v 0.031310 0.031000 -0.013877
v 0.024836 0.031001 0.023296
v 0.028634 0.032614 0.022466
v 0.022386 -0.042067 0.028544
v 0.025767 -0.047275 -0.021233
v 0.022924 -0.048710 0.020140
v 0.029017 -0.042902 -0.021770
v 0.030446 -0.032082 0.019550
v 0.030038 -0.031064 0.015885
v 0.030565 0.031191 0.014797
v 0.031613 0.047392 -0.004477
v 0.034488 0.046156 0.007262
v 0.033762 0.045549 -0.012302
v 0.029289 -0.031090 -0.017020
v 0.034518 -0.045013 -0.013107
v 0.034797 0.031921 -0.003958
v 0.034832 0.044601 0.009387
v 0.031632 -0.042014 0.017655
v 0.033701 -0.032000 -0.012267
v 0.032329 0.031985 0.013913
v 0.034731 -0.031565 -0.005369
v 0.035368 -0.045762 0.005777
v 0.035171 -0.045881 -0.002462
v 0.034607 0.032003 0.012239
v 0.035183 -0.032137 0.004618
v 0.036205 -0.044622 -0.003767
v 0.035846 0.045455 0.002021
v 0.035538 0.044552 -0.007083
vn 0.0701 0.9536 -0.2928
vn -0.5175 0.8500 -0.0988
vn -0.5727 0.8115 0.1165
vn -0.5025 -0.6115 0.6111
vn -0.5025 -0.6115 0.6111
vn -0.5025 -0.6115 0.6111
vn -0.2679 0.3550 0.8957
vn -0.2679 0.3550 0.8957
vn -0.6899 0.4393 0.5754
vn -0.6182 0.1853 -0.7639
vn -0.6182 0.1853 -0.7639
vn -0.6182 0.1853 -0.7639
vn -0.1513 0.9854 -0.0778
vn -0.4374 0.8954 -0.0834
vn -0.2298 0.9596 -0.1625
vn -0.8374 0.5329 0.1219
vn -0.1631 0.9834 0.0797
vn -0.5175 0.8500 -0.0988
vn -0.1415 0.9398 -0.3112
vn -0.2033 0.8725 -0.4444
vn -0.3122 0.7482 -0.5854
vn -0.1739 0.9229 -0.3435
vn -0.1415 0.9398 -0.3112
vn -0.3122 0.7482 -0.5854
vn -0.2120 0.9070 -0.3639
vn -0.1577 0.9422 -0.2957
vn -0.1298 0.9501 -0.2836
vn -0.2120 0.9070 -0.3639
vn -0.6174 0.4343 -0.6559
vn -0.1577 0.9422 -0.2957
vn -0.1487 0.9479 -0.2819
vn -0.1577 0.9422 -0.2957
vn -0.6174 0.4343 -0.6559
vn -0.6174 0.4343 -0.6559
vn -0.1423 0.9532 -0.2669
vn -0.1487 0.9479 -0.2819
vn -0.1494 0.9500 -0.2743
vn -0.1423 0.9532 -0.2669
vn -0.6174 0.4343 -0.6559
vn -0.6174 0.4343 -0.6559
vn -0.4605 0.8295 -0.3162
vn -0.1494 0.9500 -0.2743
vn -0.4605 0.8295 -0.3162
vn -0.1179 0.9617 -0.2475
vn -0.1494 0.9500 -0.2743
vn -0.1111 0.9684 -0.2235
vn -0.1179 0.9617 -0.2475
vn -0.4605 0.8295 -0.3162
vn -0.1087 0.9712 -0.2122
vn -0.1133 0.9644 -0.2390
vn -0.4605 0.8295 -0.3162
vn -0.4605 0.8295 -0.3162
vn -0.2298 0.9596 -0.1625
vn -0.1037 0.9774 -0.1841
vn -0.1037 0.9774 -0.1841
vn -0.1087 0.9712 -0.2122
vn -0.4605 0.8295 -0.3162
vn -0.9274 0.3181 -0.1970
vn -0.4605 0.8295 -0.3162
vn -0.9905 0.1353 -0.0244
vn -0.4065 0.2697 -0.8729
vn -0.6174 0.4343 -0.6559
vn -0.3122 0.7482 -0.5854
vn -0.3254 0.6262 -0.7085
vn -0.4065 0.2697 -0.8729
vn -0.3122 0.7482 -0.5854
vn -0.6174 0.4343 -0.6559
vn -0.1739 0.9229 -0.3435
vn -0.3122 0.7482 -0.5854
vn -0.6174 0.4343 -0.6559
vn -0.2120 0.9070 -0.3639
vn -0.1739 0.9229 -0.3435
vn -0.6899 0.4393 0.5754
vn -0.9365 0.3384 -0.0923
vn -0.9905 0.1353 -0.0244
vn -0.9905 0.1353 -0.0244
vn -0.9842 0.1694 0.0521
vn -0.5175 0.8500 -0.0988
vn -0.9871 0.1178 -0.1086
vn -0.9842 0.1694 0.0521
vn -0.8374 0.5329 0.1219
vn -0.1070 0.9788 0.1744
vn -0.1631 0.9834 0.0797
vn -0.8374 0.5329 0.1219
vn -0.1029 0.9784 0.1791
vn -0.1070 0.9788 0.1744
vn -0.8374 0.5329 0.1219
vn -0.1056 0.9766 0.1872
vn -0.1029 0.9784 0.1791
vn -0.8374 0.5329 0.1219
vn -0.1423 0.9335 0.3291
vn -0.1056 0.9766 0.1872
vn -0.8374 0.5329 0.1219
vn -0.8374 0.5329 0.1219
vn -0.3566 0.8707 0.3386
vn -0.1366 0.9649 0.2241
vn -0.1366 0.9649 0.2241
vn -0.0832 0.9909 0.1058
vn -0.8374 0.5329 0.1219
vn -0.1190 0.9649 0.2340
vn -0.1127 0.9682 0.2235
vn -0.3566 0.8707 0.3386
vn -0.1127 0.9682 0.2235
vn -0.1366 0.9649 0.2241
vn -0.3566 0.8707 0.3386
vn -0.1380 0.9396 0.3131
vn -0.1190 0.9649 0.2340
vn -0.3566 0.8707 0.3386
vn -0.0941 0.9832 0.1564
vn -0.3566 0.8707 0.3386
vn -0.1860 0.9327 0.3089
vn -0.1860 0.9327 0.3089
vn -0.7923 0.3899 0.4694
vn -0.2030 0.9288 0.3101
vn -0.7923 0.3899 0.4694
vn -0.1611 0.9436 0.2893
vn -0.2030 0.9288 0.3101
vn -0.1676 0.9377 0.3044
vn -0.1611 0.9436 0.2893
vn -0.7923 0.3899 0.4694
vn -0.2185 0.9099 0.3526
vn -0.1676 0.9377 0.3044
vn -0.7923 0.3899 0.4694
vn -0.7923 0.3899 0.4694
vn -0.1810 0.9250 0.3340
vn -0.2185 0.9099 0.3526
vn -0.2071 0.9017 0.3795
vn -0.1810 0.9250 0.3340
vn -0.7923 0.3899 0.4694
vn -0.7923 0.3899 0.4694
vn -0.3774 0.7114 0.5929
vn -0.2071 0.9017 0.3795
vn -0.1394 0.9411 0.3079
vn -0.2071 0.9017 0.3795
vn -0.3774 0.7114 0.5929
vn -0.2603 0.7818 0.5666
vn -0.3774 0.7114 0.5929
vn -0.3886 0.6103 0.6903
vn -0.3566 0.8707 0.3386
vn -0.7923 0.3899 0.4694
vn -0.1860 0.9327 0.3089
vn -0.3886 0.6103 0.6903
vn -0.7923 0.3899 0.4694
vn -0.4517 -0.0622 0.8900
vn -0.3774 0.7114 0.5929
vn -0.7923 0.3899 0.4694
vn -0.3886 0.6103 0.6903
vn -0.3585 0.3241 0.8755
vn -0.4517 -0.0622 0.8900
vn -0.4376 -0.3385 0.8330
vn -0.9842 0.1694 0.0521
vn -0.7923 0.3899 0.4694
vn -0.8374 0.5329 0.1219
vn -0.3566 0.8707 0.3386
vn -0.8374 0.5329 0.1219
vn -0.7923 0.3899 0.4694
vn -0.2608 0.8137 0.5194
vn -0.1483 0.9423 0.3003
vn -0.1483 0.9423 0.3003
vn -0.1394 0.9411 0.3079
vn -0.3774 0.7114 0.5929
vn -0.2617 0.6940 0.6707
vn -0.3774 0.7114 0.5929
vn -0.2163 0.7750 0.5937
vn -0.2617 0.6940 0.6707
vn -0.2163 0.7750 0.5937
vn -0.3774 0.7114 0.5929
vn -0.2603 0.7818 0.5666
vn -0.2163 0.7750 0.5937
vn -0.2603 0.7818 0.5666
vn -0.3886 0.6103 0.6903
vn -0.3886 0.6103 0.6903
vn -0.3217 0.6290 0.7077
vn -0.2163 0.7750 0.5937
vn -0.3315 0.5001 0.8000
vn -0.3217 0.6290 0.7077
vn -0.3886 0.6103 0.6903
vn -0.3886 0.6103 0.6903
vn -0.4517 -0.0622 0.8900
vn -0.3315 0.5001 0.8000
vn -0.4517 -0.0622 0.8900
vn -0.4054 0.2164 0.8881
vn -0.3315 0.5001 0.8000
vn -0.4054 0.2164 0.8881
vn -0.4517 -0.0622 0.8900
vn -0.3585 0.3241 0.8755
vn 0.7301 0.6435 -0.2300
vn 0.7301 0.6435 -0.2300
vn 0.7301 0.6435 -0.2300
vn -0.1428 0.7269 0.6718
vn -0.2617 0.6940 0.6707
vn -0.3585 0.3241 0.8755
vn -0.2163 0.7750 0.5937
vn -0.3217 0.6290 0.7077
vn -0.3315 0.5001 0.8000
vn -0.3315 0.5001 0.8000
vn -0.3585 0.3241 0.8755
vn -0.2163 0.7750 0.5937
vn -0.3585 0.3241 0.8755
vn -0.3315 0.5001 0.8000
vn -0.4054 0.2164 0.8881
vn -0.1428 0.7269 0.6718
vn -0.3585 0.3241 0.8755
vn -0.1481 0.3541 0.9234
vn -0.1007 0.1742 0.9795
vn -0.0001 -0.1377 0.9905
vn 0.0093 0.1745 0.9846
vn -0.0001 -0.1377 0.9905
vn 0.0000 0.0289 0.9996
vn 0.0093 0.1745 0.9846
vn 0.0001 -1.0000 -0.0024
vn 0.0001 -1.0000 -0.0024
vn 0.0001 -1.0000 -0.0024
vn -0.1007 0.1742 0.9795
vn -0.0649 -0.5873 0.8068
vn -0.0677 0.1369 0.9883
vn -0.0001 -0.1377 0.9905
vn -0.1192 -0.7506 0.6499
vn -0.1192 -0.7506 0.6499
vn 0.0003 -1.0000 0.0034
vn 0.0003 -1.0000 0.0034
vn 0.0003 -1.0000 0.0034
vn 0.0001 -1.0000 -0.0024
vn 0.0001 -1.0000 -0.0024
vn 0.0001 -1.0000 -0.0024
vn -0.3585 0.3241 0.8755
vn -0.2608 0.8137 0.5194
vn -0.2474 0.7379 0.6279
vn -0.2474 0.7379 0.6279
vn -0.1481 0.3541 0.9234
vn -0.3585 0.3241 0.8755
vn -0.2608 0.8137 0.5194
vn -0.7923 0.3899 0.4694
vn -0.3163 0.7363 0.5983
vn -0.3163 0.7363 0.5983
vn -0.7923 0.3899 0.4694
vn -0.4760 0.6501 0.5922
vn -0.9577 0.2483 0.1458
vn -0.4760 0.6501 0.5922
vn -0.7923 0.3899 0.4694
vn -0.2608 0.8137 0.5194
vn -0.3163 0.7363 0.5983
vn -0.2474 0.7379 0.6279
vn -0.3163 0.7363 0.5983
vn -0.2770 0.7475 0.6037
vn -0.2474 0.7379 0.6279
vn -0.2561 0.6330 0.7305
vn -0.2770 0.7475 0.6037
vn -0.3163 0.7363 0.5983
vn -0.3163 0.7363 0.5983
vn -0.4760 0.6501 0.5922
vn -0.2561 0.6330 0.7305
vn -0.4760 0.6501 0.5922
vn -0.2879 0.6275 0.7234
vn -0.2561 0.6330 0.7305
vn 0.0478 0.9936 -0.1020
vn 0.0478 0.9936 -0.1020
vn 0.0478 0.9936 -0.1020
vn -0.2474 0.7379 0.6279
vn -0.2770 0.7475 0.6037
vn -0.2561 0.6330 0.7305
vn -0.1481 0.3541 0.9234
vn -0.2474 0.7379 0.6279
vn -0.2561 0.6330 0.7305
vn -0.1481 0.3541 0.9234
vn -0.0110 0.0291 0.9995
vn -0.0677 0.1369 0.9883
vn -0.1409 0.4089 0.9016
vn -0.1481 0.3541 0.9234
vn -0.2561 0.6330 0.7305
vn -0.0110 0.0291 0.9995
vn -0.0010 0.0088 1.0000
vn -0.0207 0.0691 0.9974
vn -0.0207 0.0691 0.9974
vn -0.0677 0.1369 0.9883
vn -0.0110 0.0291 0.9995
vn -0.1481 0.3541 0.9234
vn -0.0813 0.2404 0.9673
vn -0.0110 0.0291 0.9995
vn -0.0813 0.2404 0.9673
vn -0.1481 0.3541 0.9234
vn -0.1409 0.4089 0.9016
vn -0.2561 0.6330 0.7305
vn -0.2879 0.6275 0.7234
vn -0.1409 0.4089 0.9016
vn -0.2879 0.6275 0.7234
vn -0.3781 0.4866 0.7876
vn -0.3189 0.6801 0.6601
vn -0.3158 0.6781 0.6636
vn -0.3189 0.6801 0.6601
vn -0.3781 0.4866 0.7876
vn -0.3158 0.6781 0.6636
vn -0.3781 0.4866 0.7876
vn -0.4760 0.6501 0.5922
vn -0.9577 0.2483 0.1458
vn -0.9745 -0.1140 0.1932
vn -0.9745 -0.1140 0.1932
vn 0.1288 0.2348 0.9635
vn 0.1288 0.2348 0.9635
vn 0.1288 0.2348 0.9635
vn -0.9971 -0.0758 0.0078
vn -0.9849 0.0802 -0.1537
vn -0.6245 0.7810 0.0022
vn -0.7071 -0.7071 0.0000
vn -0.7071 -0.7071 0.0000
vn -0.9971 -0.0758 0.0078
vn -0.0110 0.0291 0.9995
vn -0.0444 0.1025 0.9937
vn -0.0008 0.0295 0.9996
vn -0.0440 -0.7608 0.6475
vn -0.0440 -0.7608 0.6475
vn -0.0440 -0.7608 0.6475
vn -0.0410 -0.7164 0.6965
vn -0.0410 -0.7164 0.6965
vn -0.0410 -0.7164 0.6965
vn -0.0813 0.2404 0.9673
vn -0.1409 0.4089 0.9016
vn -0.0929 -0.3263 0.9407
vn -0.1148 -0.5329 0.8384
vn -0.1148 -0.5329 0.8384
vn -0.1148 -0.5329 0.8384
vn -0.1409 0.4089 0.9016
vn -0.2879 0.6275 0.7234
vn -0.1858 0.6668 0.7217
vn -0.2879 0.6275 0.7234
vn -0.3189 0.6801 0.6601
vn -0.1858 0.6668 0.7217
vn 0.0037 -0.0519 0.9986
vn -0.0110 0.0291 0.9995
vn -0.0008 0.0295 0.9996
vn -0.0008 0.0295 0.9996
vn 0.0074 -0.0205 0.9998
vn 0.0037 -0.0519 0.9986
vn -0.9842 0.1694 0.0521
vn -0.9905 0.1353 -0.0244
vn -0.9971 -0.0758 0.0078
vn -0.9577 0.2483 0.1458
vn -0.7923 0.3899 0.4694
vn -0.9842 0.1694 0.0521
vn -0.9842 0.1694 0.0521
vn -0.9971 -0.0758 0.0078
vn -0.9577 0.2483 0.1458
vn -0.9971 -0.0758 0.0078
vn -0.9905 0.1353 -0.0244
vn -0.9849 0.0802 -0.1537
vn -0.2531 0.8198 -0.5137
vn -0.2644 0.7789 -0.5687
vn -0.3000 0.7203 -0.6255
vn -0.3000 0.7203 -0.6255
vn -0.5752 0.6890 -0.4410
vn -0.2531 0.8198 -0.5137
vn -0.9118 0.3540 -0.2080
vn -0.9849 0.0802 -0.1537
vn -0.9905 0.1353 -0.0244
vn -0.3000 0.7203 -0.6255
vn -0.3913 0.6431 -0.6582
vn -0.5752 0.6890 -0.4410
vn -0.9118 0.3540 -0.2080
vn -0.5752 0.6890 -0.4410
vn -0.9849 0.0802 -0.1537
vn -0.9849 0.0802 -0.1537
vn -0.5752 0.6890 -0.4410
vn -0.3913 0.6431 -0.6582
vn -0.9905 0.1353 -0.0244
vn -0.9139 -0.0589 -0.4016
vn -0.6174 0.4343 -0.6559
vn -0.5752 0.6890 -0.4410
vn -0.4897 0.8573 -0.1587
vn -0.6174 0.4343 -0.6559
vn -0.3701 0.4975 -0.7846
vn -0.5752 0.6890 -0.4410
vn -0.6174 0.4343 -0.6559
vn -0.3435 0.9295 -0.1344
vn -0.5752 0.6890 -0.4410
vn -0.9118 0.3540 -0.2080
vn -0.3701 0.4975 -0.7846
vn -0.6174 0.4343 -0.6559
vn -0.2718 0.5574 -0.7845
vn -0.2718 0.5574 -0.7845
vn -0.2962 0.7436 -0.5994
vn -0.3701 0.4975 -0.7846
vn -0.2531 0.8198 -0.5137
vn -0.5752 0.6890 -0.4410
vn -0.3701 0.4975 -0.7846
vn -0.3701 0.4975 -0.7846
vn -0.2962 0.7436 -0.5994
vn -0.2531 0.8198 -0.5137
vn -0.2531 0.8198 -0.5137
vn -0.2962 0.7436 -0.5994
vn -0.2633 0.7817 -0.5654
vn -0.2644 0.7789 -0.5687
vn -0.2531 0.8198 -0.5137
vn -0.2633 0.7817 -0.5654
vn -0.2633 0.7817 -0.5654
vn -0.2830 0.7328 -0.6188
vn -0.2644 0.7789 -0.5687
vn -0.3000 0.7203 -0.6255
vn -0.2644 0.7789 -0.5687
vn -0.2830 0.7328 -0.6188
vn -0.2830 0.7328 -0.6188
vn -0.2717 0.6136 -0.7414
vn -0.3000 0.7203 -0.6255
vn -0.3913 0.6431 -0.6582
vn -0.3000 0.7203 -0.6255
vn -0.2717 0.6136 -0.7414
vn -0.3526 0.6544 -0.6689
vn -0.2717 0.6136 -0.7414
vn -0.2239 0.7873 -0.5744
vn -0.2717 0.6136 -0.7414
vn -0.3764 0.5843 -0.7190
vn -0.3913 0.6431 -0.6582
vn -0.0620 0.9892 -0.1328
vn -0.2239 0.7873 -0.5744
vn -0.2663 0.8502 -0.4541
vn -0.2324 0.7533 -0.6153
vn -0.2033 0.8725 -0.4444
vn -0.1415 0.9398 -0.3112
vn -0.2033 0.8725 -0.4444
vn -0.2324 0.7533 -0.6153
vn -0.2033 0.8092 -0.5513
vn -0.2033 0.8092 -0.5513
vn -0.3122 0.7482 -0.5854
vn -0.2033 0.8725 -0.4444
vn -0.3122 0.7482 -0.5854
vn -0.2033 0.8092 -0.5513
vn -0.2580 0.7134 -0.6515
vn -0.2580 0.7134 -0.6515
vn -0.3254 0.6262 -0.7085
vn -0.3122 0.7482 -0.5854
vn -0.3254 0.6262 -0.7085
vn -0.2580 0.7134 -0.6515
vn -0.3831 0.3570 -0.8520
vn -0.3831 0.3570 -0.8520
vn -0.4065 0.2697 -0.8729
vn -0.3254 0.6262 -0.7085
vn -0.4065 0.2697 -0.8729
vn -0.3831 0.3570 -0.8520
vn -0.2718 0.5574 -0.7845
vn -0.2718 0.5574 -0.7845
vn -0.6174 0.4343 -0.6559
vn -0.4065 0.2697 -0.8729
vn -0.2033 0.8092 -0.5513
vn -0.2324 0.7533 -0.6153
vn -0.2718 0.5574 -0.7845
vn -0.2718 0.5574 -0.7845
vn -0.2580 0.7134 -0.6515
vn -0.2033 0.8092 -0.5513
vn -0.2718 0.5574 -0.7845
vn -0.3831 0.3570 -0.8520
vn -0.2580 0.7134 -0.6515
vn -0.1592 -0.6541 -0.7394
vn -0.1592 -0.6541 -0.7394
vn -0.1592 -0.6541 -0.7394
vn -0.0342 0.0811 -0.9961
vn -0.1505 0.2087 -0.9663
vn -0.0776 0.2327 -0.9695
vn -0.0342 0.0811 -0.9961
vn -0.0009 -0.1540 -0.9881
vn 0.0037 -0.7071 -0.7071
vn -0.0010 0.0088 1.0000
vn 0.0076 -0.0013 1.0000
vn 0.0008 0.0202 0.9998
vn 0.0008 0.0202 0.9998
vn 0.0000 0.0289 0.9996
vn -0.0010 0.0088 1.0000
vn 0.0006 -0.0395 0.9992
vn -0.0010 0.0088 1.0000
vn 0.0000 0.0289 0.9996
vn 0.0000 0.0289 0.9996
vn -0.0001 -0.1377 0.9905
vn 0.0006 -0.0395 0.9992
vn 0.0002 0.6386 0.7696
vn 0.0002 0.7083 0.7059
vn -0.0423 0.5592 0.8280
vn -0.0657 0.6922 0.7187
vn -0.0001 0.9092 0.4164
vn 0.0016 0.9499 0.3125
vn 0.0016 0.9499 0.3125
vn -0.0178 0.9240 0.3819
vn -0.0657 0.6922 0.7187
vn -0.0657 0.6922 0.7187
vn -0.0003 0.8843 0.4669
vn -0.0001 0.9092 0.4164
vn -0.0657 0.6922 0.7187
vn -0.0178 0.9240 0.3819
vn -0.1007 0.1742 0.9795
vn -0.1007 0.1742 0.9795
vn -0.0423 0.5592 0.8280
vn -0.0657 0.6922 0.7187
vn -0.0657 0.6922 0.7187
vn -0.0010 0.8248 0.5654
vn -0.0003 0.8843 0.4669
vn -0.1428 0.7269 0.6718
vn -0.1007 0.1742 0.9795
vn -0.0178 0.9240 0.3819
vn -0.0010 0.8248 0.5654
vn -0.0657 0.6922 0.7187
vn -0.0423 0.5592 0.8280
vn -0.0423 0.5592 0.8280
vn -0.0000 0.7740 0.6331
vn -0.0010 0.8248 0.5654
vn -0.0423 0.5592 0.8280
vn 0.0002 0.7083 0.7059
vn -0.0000 0.7740 0.6331
vn -0.0423 0.5592 0.8280
vn 0.0001 0.5763 0.8172
vn 0.0002 0.6386 0.7696
vn -0.0423 0.5592 0.8280
vn -0.0001 0.5088 0.8609
vn 0.0001 0.5763 0.8172
vn -0.0423 0.5592 0.8280
vn -0.0005 0.4279 0.9038
vn -0.0001 0.5088 0.8609
vn -0.1007 0.1742 0.9795
vn 0.0093 0.1745 0.9846
vn -0.0423 0.5592 0.8280
vn -0.0423 0.5592 0.8280
vn -0.0025 0.3660 0.9306
vn -0.0005 0.4279 0.9038
vn -0.0025 0.3660 0.9306
vn -0.0423 0.5592 0.8280
vn 0.0093 0.1745 0.9846
vn 0.0093 0.1745 0.9846
vn -0.0000 0.2638 0.9646
vn -0.0025 0.3660 0.9306
vn -0.1428 0.7269 0.6718
vn -0.1481 0.3541 0.9234
vn -0.1007 0.1742 0.9795
vn 0.0093 0.1745 0.9846
vn 0.0001 0.2265 0.9740
vn -0.0000 0.2638 0.9646
vn 0.0093 0.1745 0.9846
vn 0.0001 0.1025 0.9947
vn 0.0001 0.2265 0.9740
vn 0.0093 0.1745 0.9846
vn 0.0000 0.0289 0.9996
vn 0.0001 0.1025 0.9947
vn -0.0002 1.0000 0.0062
vn -0.0003 1.0000 0.0000
vn -0.0684 0.9976 0.0122
vn -0.0309 0.9572 0.2877
vn -0.1307 0.9442 0.3022
vn -0.1428 0.7269 0.6718
vn -0.0309 0.9572 0.2877
vn -0.1242 0.9502 0.2858
vn -0.1307 0.9442 0.3022
vn -0.1232 0.9548 0.2705
vn -0.1256 0.9519 0.2794
vn -0.0625 0.9712 0.2299
vn -0.0625 0.9712 0.2299
vn -0.1256 0.9519 0.2794
vn -0.1242 0.9502 0.2858
vn -0.1178 0.9616 0.2477
vn -0.1207 0.9586 0.2580
vn -0.0625 0.9712 0.2299
vn -0.1207 0.9586 0.2580
vn -0.1211 0.9574 0.2621
vn -0.0625 0.9712 0.2299
vn -0.1232 0.9548 0.2705
vn -0.0625 0.9712 0.2299
vn -0.1211 0.9574 0.2621
vn -0.0625 0.9712 0.2299
vn -0.1171 0.9639 0.2393
vn -0.1178 0.9616 0.2477
vn -0.0625 0.9712 0.2299
vn -0.1120 0.9673 0.2274
vn -0.1171 0.9639 0.2393
vn -0.0625 0.9712 0.2299
vn -0.1087 0.9702 0.2166
vn -0.1120 0.9673 0.2274
vn -0.0625 0.9712 0.2299
vn -0.1080 0.9728 0.2051
vn -0.1087 0.9702 0.2166
vn -0.0625 0.9712 0.2299
vn -0.0949 0.9782 0.1845
vn -0.1014 0.9760 0.1929
vn -0.0949 0.9782 0.1845
vn -0.0625 0.9712 0.2299
vn -0.0620 0.9847 0.1631
vn -0.0620 0.9847 0.1631
vn -0.1124 0.9533 0.2802
vn -0.0949 0.9782 0.1845
vn -0.0684 0.9976 0.0122
vn 0.0327 0.9994 0.0105
vn -0.0649 0.9960 0.0611
vn -0.0002 0.9999 0.0128
vn -0.0002 1.0000 0.0062
vn -0.0684 0.9976 0.0122
vn -0.0002 0.9998 0.0217
vn -0.0002 0.9999 0.0128
vn -0.0684 0.9976 0.0122
vn -0.0684 0.9976 0.0122
vn -0.0043 0.9996 0.0283
vn -0.0002 0.9998 0.0217
vn -0.0043 0.9996 0.0283
vn -0.0684 0.9976 0.0122
vn -0.0649 0.9960 0.0611
vn -0.0649 0.9960 0.0611
vn -0.0006 0.9994 0.0343
vn -0.0043 0.9996 0.0283
vn -0.0003 0.9991 0.0434
vn -0.0006 0.9994 0.0343
vn -0.0649 0.9960 0.0611
vn -0.0649 0.9960 0.0611
vn -0.0002 0.9987 0.0510
vn -0.0003 0.9991 0.0434
vn -0.0649 0.9960 0.0611
vn -0.0001 0.9984 0.0569
vn -0.0002 0.9987 0.0510
vn -0.0000 0.9979 0.0647
vn -0.0001 0.9984 0.0569
vn -0.0649 0.9960 0.0611
vn -0.0649 0.9960 0.0611
vn -0.0000 0.9972 0.0753
vn -0.0000 0.9979 0.0647
vn -0.0649 0.9960 0.0611
vn -0.0001 0.9968 0.0798
vn -0.0000 0.9972 0.0753
vn -0.0003 0.9959 0.0900
vn -0.0001 0.9968 0.0798
vn -0.0649 0.9960 0.0611
vn -0.0649 0.9960 0.0611
vn -0.0013 0.9949 0.1006
vn -0.0003 0.9959 0.0900
vn -0.0013 0.9949 0.1006
vn -0.0649 0.9960 0.0611
vn -0.0339 0.9919 0.1222
vn -0.0339 0.9919 0.1222
vn -0.0001 0.9934 0.1150
vn -0.0013 0.9949 0.1006
vn -0.0003 0.9896 0.1441
vn -0.0001 0.9907 0.1359
vn -0.0339 0.9919 0.1222
vn -0.0001 0.9907 0.1359
vn -0.0001 0.9927 0.1207
vn -0.0339 0.9919 0.1222
vn -0.0339 0.9919 0.1222
vn -0.0007 0.9892 0.1463
vn -0.0003 0.9896 0.1441
vn -0.0007 0.9892 0.1463
vn -0.0339 0.9919 0.1222
vn -0.0620 0.9847 0.1631
vn -0.0003 0.9875 0.1576
vn -0.0007 0.9892 0.1463
vn -0.0620 0.9847 0.1631
vn -0.0004 0.9861 0.1662
vn -0.0003 0.9875 0.1576
vn -0.0620 0.9847 0.1631
vn -0.0004 0.9838 0.1791
vn -0.0003 0.9857 0.1683
vn -0.0620 0.9847 0.1631
vn -0.0620 0.9847 0.1631
vn -0.0003 0.9857 0.1683
vn -0.0004 0.9861 0.1662
vn -0.0625 0.9712 0.2299
vn -0.0007 0.9815 0.1913
vn -0.0056 0.9820 0.1886
vn -0.0004 0.9797 0.2003
vn -0.0007 0.9815 0.1913
vn -0.0625 0.9712 0.2299
vn -0.0625 0.9712 0.2299
vn -0.0006 0.9777 0.2099
vn -0.0004 0.9797 0.2003
vn 0.0003 0.9724 0.2335
vn -0.0002 0.9751 0.2216
vn -0.0625 0.9712 0.2299
vn -0.0002 0.9751 0.2216
vn -0.0003 0.9770 0.2134
vn -0.0625 0.9712 0.2299
vn -0.0625 0.9712 0.2299
vn -0.0003 0.9770 0.2134
vn -0.0006 0.9777 0.2099
vn -0.0625 0.9712 0.2299
vn -0.0003 0.9713 0.2377
vn 0.0003 0.9724 0.2335
vn 0.0039 0.9556 0.2946
vn -0.0003 0.9713 0.2377
vn -0.0625 0.9712 0.2299
vn -0.0044 0.9661 0.2582
vn 0.0039 0.9556 0.2946
vn -0.0625 0.9712 0.2299
vn -0.0309 0.9572 0.2877
vn -0.0005 0.9560 0.2932
vn -0.0009 0.9610 0.2764
vn -0.1428 0.7269 0.6718
vn -0.0009 0.9433 0.3319
vn -0.0029 0.9602 0.2791
vn -0.0625 0.9712 0.2299
vn -0.1014 0.9760 0.1929
vn -0.1080 0.9728 0.2051
vn -0.0056 0.9820 0.1886
vn -0.0620 0.9847 0.1631
vn -0.0625 0.9712 0.2299
vn -0.0620 0.9847 0.1631
vn -0.0056 0.9820 0.1886
vn -0.0004 0.9838 0.1791
vn -0.0625 0.9712 0.2299
vn -0.0309 0.9572 0.2877
vn -0.0044 0.9661 0.2582
vn -0.1242 0.9502 0.2858
vn -0.0309 0.9572 0.2877
vn -0.0625 0.9712 0.2299
vn -0.0009 0.9610 0.2764
vn -0.0044 0.9661 0.2582
vn -0.0309 0.9572 0.2877
vn -0.0044 0.9661 0.2582
vn -0.0009 0.9610 0.2764
vn 0.0086 0.9617 0.2739
vn -0.0029 0.9602 0.2791
vn -0.0309 0.9572 0.2877
vn -0.1428 0.7269 0.6718
vn -0.0003 1.0000 -0.0041
vn -0.0010 0.9999 -0.0106
vn -0.0684 0.9976 0.0122
vn -0.0600 0.9388 -0.3391
vn -0.7869 0.5704 -0.2356
vn -0.7869 0.5704 -0.2356
vn -0.0035 0.9657 -0.2597
vn 0.0104 0.9607 -0.2772
vn -0.0545 0.9208 -0.3861
vn -0.0545 0.9208 -0.3861
vn -0.0004 0.9598 -0.2807
vn -0.0600 0.9388 -0.3391
vn -0.1593 0.4906 -0.8567
vn -0.0545 0.9208 -0.3861
vn -0.0600 0.9388 -0.3391
vn -0.0602 0.9937 -0.0946
vn -0.0002 0.9941 -0.1083
vn -0.0004 0.9935 -0.1138
vn -0.0602 0.9937 -0.0946
vn -0.0004 0.9935 -0.1138
vn -0.0004 0.9925 -0.1223
vn -0.0602 0.9937 -0.0946
vn -0.0004 0.9925 -0.1223
vn -0.0006 0.9915 -0.1300
vn -0.0602 0.9937 -0.0946
vn -0.0006 0.9915 -0.1300
vn -0.0024 0.9909 -0.1349
vn -0.0024 0.9909 -0.1349
vn -0.0461 0.9887 -0.1424
vn -0.0602 0.9937 -0.0946
vn -0.0461 0.9887 -0.1424
vn -0.0024 0.9909 -0.1349
vn 0.0001 0.9891 -0.1471
vn -0.0461 0.9887 -0.1424
vn 0.0001 0.9891 -0.1471
vn -0.0000 0.9884 -0.1516
vn -0.0461 0.9887 -0.1424
vn -0.0000 0.9884 -0.1516
vn -0.0001 0.9876 -0.1567
vn -0.0461 0.9887 -0.1424
vn -0.0001 0.9876 -0.1567
vn -0.0003 0.9856 -0.1689
vn -0.0454 0.9817 -0.1848
vn -0.0461 0.9887 -0.1424
vn -0.0003 0.9856 -0.1689
vn -0.0003 0.9856 -0.1689
vn -0.0002 0.9835 -0.1809
vn -0.0454 0.9817 -0.1848
vn -0.0005 0.9822 -0.1876
vn -0.0427 0.9734 -0.2250
vn -0.0454 0.9817 -0.1848
vn -0.0427 0.9734 -0.2250
vn -0.0005 0.9822 -0.1876
vn -0.0001 0.9783 -0.2071
vn -0.0427 0.9734 -0.2250
vn -0.0001 0.9783 -0.2071
vn -0.0001 0.9764 -0.2159
vn -0.0427 0.9734 -0.2250
vn -0.0001 0.9764 -0.2159
vn -0.0001 0.9761 -0.2172
vn -0.0427 0.9734 -0.2250
vn -0.0001 0.9761 -0.2172
vn 0.0001 0.9719 -0.2353
vn -0.0427 0.9734 -0.2250
vn 0.0001 0.9719 -0.2353
vn -0.0012 0.9710 -0.2392
vn -0.0012 0.9710 -0.2392
vn -0.0035 0.9657 -0.2597
vn -0.0427 0.9734 -0.2250
vn -0.0035 0.9657 -0.2597
vn -0.0012 0.9710 -0.2392
vn -0.0001 0.9680 -0.2510
vn -0.0002 0.9963 -0.0858
vn -0.0002 0.9957 -0.0925
vn -0.0602 0.9937 -0.0946
vn -0.0002 0.9957 -0.0925
vn -0.0002 0.9949 -0.1011
vn -0.0602 0.9937 -0.0946
vn -0.0602 0.9937 -0.0946
vn -0.0002 0.9949 -0.1011
vn -0.0002 0.9941 -0.1083
vn -0.0602 0.9937 -0.0946
vn -0.0016 0.9969 -0.0788
vn -0.0002 0.9963 -0.0858
vn -0.0016 0.9969 -0.0788
vn -0.0602 0.9937 -0.0946
vn -0.0817 0.9958 -0.0410
vn -0.0817 0.9958 -0.0410
vn -0.0004 0.9975 -0.0703
vn -0.0016 0.9969 -0.0788
vn -0.0817 0.9958 -0.0410
vn -0.0003 0.9981 -0.0614
vn -0.0004 0.9975 -0.0703
vn -0.0817 0.9958 -0.0410
vn -0.0002 0.9985 -0.0548
vn -0.0003 0.9981 -0.0614
vn -0.0817 0.9958 -0.0410
vn -0.0001 0.9992 -0.0400
vn -0.0001 0.9989 -0.0479
vn -0.0010 0.9999 -0.0106
vn -0.0817 0.9958 -0.0410
vn -0.0684 0.9976 0.0122
vn -0.0817 0.9958 -0.0410
vn -0.0010 0.9999 -0.0106
vn -0.0003 0.9998 -0.0180
vn -0.0817 0.9958 -0.0410
vn -0.0003 0.9998 -0.0180
vn -0.0002 0.9996 -0.0268
vn -0.0002 0.9996 -0.0268
vn -0.0001 0.9995 -0.0325
vn -0.0817 0.9958 -0.0410
vn -0.0817 0.9958 -0.0410
vn -0.0001 0.9995 -0.0325
vn -0.0001 0.9992 -0.0400
vn -0.1054 0.9721 -0.2096
vn -0.0999 0.9786 -0.1799
vn -0.0454 0.9817 -0.1848
vn -0.0454 0.9817 -0.1848
vn -0.0998 0.9692 -0.2250
vn -0.1054 0.9721 -0.2096
vn -0.1041 0.9713 -0.2138
vn -0.4605 0.8295 -0.3162
vn -0.0998 0.9692 -0.2250
vn -0.0998 0.9692 -0.2250
vn -0.0545 0.9208 -0.3861
vn -0.1041 0.9713 -0.2138
vn -0.0545 0.9208 -0.3861
vn -0.1130 0.9647 -0.2377
vn -0.1041 0.9713 -0.2138
vn -0.1206 0.9588 -0.2574
vn -0.0545 0.9208 -0.3861
vn -0.1245 0.9553 -0.2680
vn -0.0545 0.9208 -0.3861
vn -0.1280 0.9521 -0.2778
vn -0.1245 0.9553 -0.2680
vn -0.0545 0.9208 -0.3861
vn -0.1336 0.7381 -0.6613
vn -0.1342 0.9453 -0.2973
vn -0.0545 0.9208 -0.3861
vn -0.1342 0.9453 -0.2973
vn -0.1315 0.9484 -0.2884
vn -0.0545 0.9208 -0.3861
vn -0.1315 0.9484 -0.2884
vn -0.1280 0.9521 -0.2778
vn -0.0545 0.9208 -0.3861
vn -0.1169 0.9618 -0.2476
vn -0.1130 0.9647 -0.2377
vn -0.0545 0.9208 -0.3861
vn -0.1206 0.9588 -0.2574
vn -0.1169 0.9618 -0.2476
vn -0.0545 0.9208 -0.3861
vn -0.0427 0.9734 -0.2250
vn -0.0035 0.9657 -0.2597
vn -0.0427 0.9734 -0.2250
vn -0.0998 0.9692 -0.2250
vn -0.0454 0.9817 -0.1848
vn -0.0427 0.9734 -0.2250
vn -0.0545 0.9208 -0.3861
vn -0.0998 0.9692 -0.2250
vn -0.0461 0.9887 -0.1424
vn -0.0454 0.9817 -0.1848
vn -0.0602 0.9937 -0.0946
vn -0.0684 0.9976 0.0122
vn -0.0003 1.0000 0.0000
vn -0.0003 1.0000 -0.0041
vn -0.0817 0.9958 -0.0410
vn -0.0001 0.9989 -0.0479
vn -0.0002 0.9985 -0.0548
vn 0.3522 -0.9291 0.1129
vn 0.3522 -0.9291 0.1129
vn 0.3522 -0.9291 0.1129
vn -0.0545 0.9208 -0.3861
vn -0.1593 0.4906 -0.8567
vn -0.2718 0.5574 -0.7845
vn -0.0839 0.2020 -0.9758
vn 0.0000 0.3869 -0.9221
vn 0.0002 0.2882 -0.9576
vn -0.0839 0.2020 -0.9758
vn -0.0006 0.5286 -0.8489
vn -0.0002 0.4524 -0.8918
vn -0.0866 0.6677 -0.7394
vn -0.0007 0.6589 -0.7522
vn -0.0055 0.6010 -0.7992
vn -0.0866 0.6677 -0.7394
vn 0.0001 0.7969 -0.6041
vn -0.0002 0.7286 -0.6849
vn -0.0866 0.6677 -0.7394
vn 0.0003 0.8361 -0.5485
vn 0.0001 0.7969 -0.6041
vn -0.0866 0.6677 -0.7394
vn 0.0001 0.9204 -0.3909
vn 0.0002 0.8944 -0.4473
vn -0.0002 0.9447 -0.3278
vn 0.0001 0.9204 -0.3909
vn -0.0866 0.6677 -0.7394
vn -0.0866 0.6677 -0.7394
vn -0.0839 0.2020 -0.9758
vn -0.1593 0.4906 -0.8567
vn -0.0055 0.6010 -0.7992
vn -0.0839 0.2020 -0.9758
vn -0.0866 0.6677 -0.7394
vn -0.0839 0.2020 -0.9758
vn -0.0055 0.6010 -0.7992
vn -0.0006 0.5286 -0.8489
vn -0.0866 0.6677 -0.7394
vn -0.0002 0.7286 -0.6849
vn -0.0007 0.6589 -0.7522
vn -0.0866 0.6677 -0.7394
vn 0.0002 0.8944 -0.4473
vn 0.0003 0.8361 -0.5485
vn -0.0839 0.2020 -0.9758
vn 0.0001 0.1926 -0.9813
vn -0.0018 0.0295 -0.9996
vn -0.0839 0.2020 -0.9758
vn 0.0002 0.2882 -0.9576
vn 0.0001 0.1926 -0.9813
vn -0.0839 0.2020 -0.9758
vn -0.0002 0.4524 -0.8918
vn 0.0000 0.3869 -0.9221
vn 0.0005 0.9638 0.2666
vn -0.0045 0.9690 0.2471
vn 0.0016 0.9499 0.3125
vn 0.0016 0.9499 0.3125
vn -0.0001 0.9092 0.4164
vn 0.0005 0.9638 0.2666
vn 0.0000 0.8939 0.4482
vn 0.0005 0.9638 0.2666
vn -0.0001 0.9092 0.4164
vn -0.0001 0.9092 0.4164
vn -0.0003 0.8843 0.4669
vn 0.0000 0.8939 0.4482
vn 0.0001 0.8366 0.5478
vn 0.0000 0.8939 0.4482
vn -0.0003 0.8843 0.4669
vn -0.0003 0.8843 0.4669
vn -0.0010 0.8248 0.5654
vn 0.0001 0.8366 0.5478
vn 0.0020 0.7909 0.6119
vn 0.0001 0.8366 0.5478
vn -0.0010 0.8248 0.5654
vn -0.0010 0.8248 0.5654
vn -0.0000 0.7740 0.6331
vn 0.0020 0.7909 0.6119
vn 0.0005 0.7286 0.6850
vn 0.0020 0.7909 0.6119
vn -0.0000 0.7740 0.6331
vn -0.0000 0.7740 0.6331
vn 0.0002 0.7083 0.7059
vn 0.0005 0.7286 0.6850
vn -0.0000 0.6606 0.7507
vn 0.0005 0.7286 0.6850
vn 0.0002 0.7083 0.7059
vn 0.0002 0.7083 0.7059
vn 0.0002 0.6386 0.7696
vn -0.0000 0.6606 0.7507
vn -0.0004 0.5986 0.8011
vn -0.0000 0.6606 0.7507
vn 0.0002 0.6386 0.7696
vn 0.0002 0.6386 0.7696
vn 0.0001 0.5763 0.8172
vn -0.0004 0.5986 0.8011
vn -0.0007 0.5328 0.8462
vn -0.0004 0.5986 0.8011
vn 0.0001 0.5763 0.8172
vn 0.0001 0.5763 0.8172
vn -0.0001 0.5088 0.8609
vn -0.0007 0.5328 0.8462
vn 0.0001 0.1025 0.9947
vn 0.0000 0.0289 0.9996
vn 0.0008 0.0202 0.9998
vn 0.0008 0.0202 0.9998
vn -0.0004 0.1881 0.9821
vn 0.0001 0.1025 0.9947
vn 0.0001 0.2265 0.9740
vn 0.0001 0.1025 0.9947
vn -0.0004 0.1881 0.9821
vn -0.0000 0.2638 0.9646
vn 0.0001 0.2265 0.9740
vn -0.0004 0.1881 0.9821
vn -0.0004 0.1881 0.9821
vn -0.0009 0.2869 0.9580
vn -0.0000 0.2638 0.9646
vn -0.0025 0.3660 0.9306
vn -0.0000 0.2638 0.9646
vn -0.0009 0.2869 0.9580
vn -0.0009 0.2869 0.9580
vn -0.0008 0.3900 0.9208
vn -0.0025 0.3660 0.9306
vn -0.0005 0.4279 0.9038
vn -0.0025 0.3660 0.9306
vn -0.0008 0.3900 0.9208
vn -0.0008 0.3900 0.9208
vn -0.0009 0.4539 0.8910
vn -0.0005 0.4279 0.9038
vn -0.0001 0.5088 0.8609
vn -0.0005 0.4279 0.9038
vn -0.0009 0.4539 0.8910
vn -0.0009 0.4539 0.8910
vn -0.0007 0.5328 0.8462
vn -0.0001 0.5088 0.8609
vn 0.0315 0.0435 0.9986
vn -0.0004 0.1881 0.9821
vn 0.0008 0.0202 0.9998
vn 0.0315 0.0435 0.9986
vn -0.0009 0.2869 0.9580
vn -0.0004 0.1881 0.9821
vn 0.0315 0.0435 0.9986
vn -0.0008 0.3900 0.9208
vn -0.0009 0.2869 0.9580
vn 0.0315 0.0435 0.9986
vn -0.0009 0.4539 0.8910
vn -0.0008 0.3900 0.9208
vn -0.0007 0.5328 0.8462
vn -0.0009 0.4539 0.8910
vn 0.0315 0.0435 0.9986
vn 0.0315 0.0435 0.9986
vn -0.0004 0.5986 0.8011
vn -0.0007 0.5328 0.8462
vn 0.0315 0.0435 0.9986
vn -0.0000 0.6606 0.7507
vn -0.0004 0.5986 0.8011
vn 0.0315 0.0435 0.9986
vn 0.0005 0.7286 0.6850
vn -0.0000 0.6606 0.7507
vn 0.0315 0.0435 0.9986
vn 0.0020 0.7909 0.6119
vn 0.0005 0.7286 0.6850
vn 0.0020 0.7909 0.6119
vn 0.0315 0.0435 0.9986
vn 0.0100 0.9156 0.4019
vn 0.0100 0.9156 0.4019
vn 0.0001 0.8366 0.5478
vn 0.0020 0.7909 0.6119
vn 0.0100 0.9156 0.4019
vn 0.0000 0.8939 0.4482
vn 0.0001 0.8366 0.5478
vn 0.0100 0.9156 0.4019
vn 0.0005 0.9638 0.2666
vn 0.0000 0.8939 0.4482
vn 0.0005 0.9638 0.2666
vn 0.0100 0.9156 0.4019
vn -0.0045 0.9690 0.2471
vn 0.0883 0.3004 0.9497
vn 0.0100 0.9156 0.4019
vn 0.0315 0.0435 0.9986
vn -0.0045 0.9690 0.2471
vn 0.0100 0.9156 0.4019
vn 0.0119 0.9741 0.2257
vn -0.0839 0.2020 -0.9758
vn -0.0018 0.0295 -0.9996
vn -0.0188 0.0542 -0.9984
vn -0.1593 0.4906 -0.8567
vn -0.0839 0.2020 -0.9758
vn -0.0188 0.0542 -0.9984
vn -0.2633 0.7817 -0.5654
vn -0.3227 0.8066 -0.4952
vn -0.2830 0.7328 -0.6188
vn -0.3227 0.8066 -0.4952
vn -0.2633 0.7817 -0.5654
vn -0.2962 0.7436 -0.5994
vn -0.2962 0.7436 -0.5994
vn -0.2718 0.5574 -0.7845
vn -0.3227 0.8066 -0.4952
vn -0.0009 -0.1540 -0.9881
vn -0.0342 0.0811 -0.9961
vn -0.0122 0.0404 -0.9991
vn -0.0776 0.2327 -0.9695
vn -0.1505 0.2087 -0.9663
vn -0.1625 -0.2365 -0.9579
vn -0.2718 0.5574 -0.7845
vn -0.2717 0.6136 -0.7414
vn -0.2830 0.7328 -0.6188
vn -0.3227 0.8066 -0.4952
vn -0.2718 0.5574 -0.7845
vn -0.2830 0.7328 -0.6188
vn -0.0122 0.0404 -0.9991
vn -0.0342 0.0811 -0.9961
vn -0.0776 0.2327 -0.9695
vn -0.2717 0.6136 -0.7414
vn -0.1593 0.4906 -0.8567
vn -0.1416 0.3696 -0.9184
vn -0.1593 0.4906 -0.8567
vn -0.2717 0.6136 -0.7414
vn -0.2718 0.5574 -0.7845
vn -0.1593 0.4906 -0.8567
vn -0.0188 0.0542 -0.9984
vn -0.0776 0.2327 -0.9695
vn -0.1416 0.3696 -0.9184
vn -0.1593 0.4906 -0.8567
vn -0.0776 0.2327 -0.9695
vn -0.0006 0.0107 -0.9999
vn -0.0122 0.0404 -0.9991
vn -0.0188 0.0542 -0.9984
vn -0.0776 0.2327 -0.9695
vn -0.2717 0.6136 -0.7414
vn -0.1416 0.3696 -0.9184
vn -0.0188 0.0542 -0.9984
vn -0.0122 0.0404 -0.9991
vn -0.0776 0.2327 -0.9695
vn 0.0023 0.0380 -0.9993
vn 0.0107 0.0120 -0.9999
vn -0.0027 -0.0002 -1.0000
vn -0.0027 -0.0002 -1.0000
vn -0.0018 0.0295 -0.9996
vn 0.0023 0.0380 -0.9993
vn -0.0027 -0.0002 -1.0000
vn -0.0188 0.0542 -0.9984
vn -0.0018 0.0295 -0.9996
vn 0.0001 0.9204 -0.3909
vn -0.0002 0.9447 -0.3278
vn 0.0011 0.9382 -0.3460
vn 0.0011 0.9382 -0.3460
vn 0.0013 0.9092 -0.4164
vn 0.0001 0.9204 -0.3909
vn 0.0002 0.8944 -0.4473
vn 0.0001 0.9204 -0.3909
vn 0.0013 0.9092 -0.4164
vn 0.0013 0.9092 -0.4164
vn 0.0010 0.8851 -0.4654
vn 0.0002 0.8944 -0.4473
vn 0.0003 0.8361 -0.5485
vn 0.0002 0.8944 -0.4473
vn 0.0010 0.8851 -0.4654
vn 0.0010 0.8851 -0.4654
vn -0.0000 0.8236 -0.5671
vn 0.0003 0.8361 -0.5485
vn 0.0001 0.7969 -0.6041
vn 0.0003 0.8361 -0.5485
vn -0.0000 0.8236 -0.5671
vn -0.0000 0.8236 -0.5671
vn -0.0005 0.7742 -0.6330
vn 0.0001 0.7969 -0.6041
vn -0.0002 0.7286 -0.6849
vn 0.0001 0.7969 -0.6041
vn -0.0005 0.7742 -0.6330
vn -0.0005 0.7742 -0.6330
vn -0.0009 0.7082 -0.7060
vn -0.0002 0.7286 -0.6849
vn -0.0007 0.6589 -0.7522
vn -0.0002 0.7286 -0.6849
vn -0.0009 0.7082 -0.7060
vn -0.0009 0.7082 -0.7060
vn -0.0011 0.6411 -0.7675
vn -0.0007 0.6589 -0.7522
vn -0.0055 0.6010 -0.7992
vn -0.0007 0.6589 -0.7522
vn -0.0011 0.6411 -0.7675
vn -0.0011 0.6411 -0.7675
vn -0.0012 0.5769 -0.8168
vn -0.0055 0.6010 -0.7992
vn -0.0006 0.5286 -0.8489
vn -0.0055 0.6010 -0.7992
vn -0.0012 0.5769 -0.8168
vn 0.0008 0.1429 -0.9897
vn 0.0023 0.0380 -0.9993
vn -0.0018 0.0295 -0.9996
vn -0.0018 0.0295 -0.9996
vn 0.0001 0.1926 -0.9813
vn 0.0008 0.1429 -0.9897
vn -0.0000 0.2631 -0.9648
vn 0.0008 0.1429 -0.9897
vn 0.0001 0.1926 -0.9813
vn 0.0001 0.1926 -0.9813
vn 0.0002 0.2882 -0.9576
vn -0.0000 0.2631 -0.9648
vn -0.0007 0.3684 -0.9297
vn -0.0000 0.2631 -0.9648
vn 0.0002 0.2882 -0.9576
vn 0.0002 0.2882 -0.9576
vn 0.0000 0.3869 -0.9221
vn -0.0007 0.3684 -0.9297
vn -0.0009 0.4275 -0.9040
vn -0.0007 0.3684 -0.9297
vn 0.0000 0.3869 -0.9221
vn 0.0000 0.3869 -0.9221
vn -0.0002 0.4524 -0.8918
vn -0.0009 0.4275 -0.9040
vn -0.0011 0.5075 -0.8617
vn -0.0009 0.4275 -0.9040
vn -0.0002 0.4524 -0.8918
vn -0.0002 0.4524 -0.8918
vn -0.0006 0.5286 -0.8489
vn -0.0011 0.5075 -0.8617
vn -0.0012 0.5769 -0.8168
vn -0.0011 0.5075 -0.8617
vn -0.0006 0.5286 -0.8489
vn 0.0319 0.4472 -0.8938
vn -0.0005 0.7742 -0.6330
vn -0.0000 0.8236 -0.5671
vn 0.0319 0.4472 -0.8938
vn -0.0000 0.8236 -0.5671
vn 0.0010 0.8851 -0.4654
vn 0.0319 0.4472 -0.8938
vn 0.0010 0.8851 -0.4654
vn 0.0013 0.9092 -0.4164
vn 0.0319 0.4472 -0.8938
vn 0.0013 0.9092 -0.4164
vn 0.0011 0.9382 -0.3460
vn 0.0011 0.9382 -0.3460
vn 0.0580 0.8195 -0.5701
vn 0.0319 0.4472 -0.8938
vn 0.0319 0.4472 -0.8938
vn -0.0012 0.5769 -0.8168
vn -0.0011 0.6411 -0.7675
vn -0.0011 0.6411 -0.7675
vn -0.0009 0.7082 -0.7060
vn 0.0319 0.4472 -0.8938
vn 0.0319 0.4472 -0.8938
vn -0.0009 0.7082 -0.7060
vn -0.0005 0.7742 -0.6330
vn 0.0319 0.4472 -0.8938
vn 0.0023 0.0380 -0.9993
vn 0.0008 0.1429 -0.9897
vn 0.0319 0.4472 -0.8938
vn 0.0008 0.1429 -0.9897
vn -0.0000 0.2631 -0.9648
vn 0.0319 0.4472 -0.8938
vn -0.0000 0.2631 -0.9648
vn -0.0007 0.3684 -0.9297
vn 0.0319 0.4472 -0.8938
vn -0.0007 0.3684 -0.9297
vn -0.0009 0.4275 -0.9040
vn 0.0319 0.4472 -0.8938
vn -0.0009 0.4275 -0.9040
vn -0.0011 0.5075 -0.8617
vn 0.0319 0.4472 -0.8938
vn -0.0011 0.5075 -0.8617
vn -0.0012 0.5769 -0.8168
vn 0.1416 0.3129 -0.9392
vn 0.0319 0.4472 -0.8938
vn 0.0580 0.8195 -0.5701
vn 0.0513 0.0814 -0.9954
vn 0.0319 0.4472 -0.8938
vn 0.1416 0.3129 -0.9392
vn -0.0009 -0.1540 -0.9881
vn 0.0039 -0.0379 -0.9993
vn 0.0086 -0.4301 -0.9027
vn 0.0086 -0.4301 -0.9027
vn -0.0000 -0.7071 -0.7071
vn -0.0009 -0.1540 -0.9881
vn 0.0000 0.9476 -0.3195
vn -0.0060 0.9735 -0.2287
vn 0.0580 0.8195 -0.5701
vn 0.0091 0.9855 -0.1693
vn 0.0000 0.9869 -0.1615
vn 0.0003 0.9892 -0.1464
vn 0.0094 0.9800 -0.1986
vn 0.0091 0.9855 -0.1693
vn 0.0003 0.9892 -0.1464
vn 0.0094 0.9800 -0.1986
vn 0.0001 0.9879 -0.1551
vn 0.0001 0.9911 -0.1334
vn 0.0094 0.9800 -0.1986
vn 0.0001 0.9911 -0.1334
vn 0.0002 0.9920 -0.1261
vn 0.0069 0.9951 -0.0983
vn 0.0000 0.9959 -0.0902
vn 0.0001 0.9966 -0.0830
vn 0.0000 0.9951 -0.0988
vn 0.0000 0.9959 -0.0902
vn 0.0069 0.9951 -0.0983
vn 0.0069 0.9951 -0.0983
vn 0.0002 0.9945 -0.1050
vn 0.0000 0.9951 -0.0988
vn 0.0002 0.9945 -0.1050
vn 0.0069 0.9951 -0.0983
vn 0.0021 0.9960 -0.0898
vn 0.0001 0.9937 -0.1118
vn 0.0002 0.9945 -0.1050
vn 0.0021 0.9960 -0.0898
vn 0.0001 0.9927 -0.1204
vn 0.0001 0.9937 -0.1118
vn 0.0021 0.9960 -0.0898
vn 0.0002 0.9920 -0.1261
vn 0.0001 0.9927 -0.1204
vn 0.0021 0.9960 -0.0898
vn 0.0002 0.9920 -0.1261
vn 0.0021 0.9960 -0.0898
vn 0.0094 0.9800 -0.1986
vn 0.0070 0.9974 -0.0723
vn 0.0000 0.9979 -0.0653
vn 0.0000 0.9983 -0.0575
vn 0.0070 0.9974 -0.0723
vn 0.0042 0.9972 -0.0741
vn 0.0000 0.9979 -0.0653
vn 0.0042 0.9972 -0.0741
vn 0.0001 0.9966 -0.0830
vn -0.0000 0.9969 -0.0782
vn 0.0001 0.9966 -0.0830
vn 0.0042 0.9972 -0.0741
vn 0.0069 0.9951 -0.0983
vn 0.0030 0.9992 -0.0409
vn -0.0000 0.9991 -0.0419
vn 0.0002 0.9993 -0.0364
vn 0.0030 0.9992 -0.0409
vn 0.0033 0.9988 -0.0495
vn -0.0000 0.9991 -0.0419
vn 0.0000 0.9987 -0.0505
vn -0.0000 0.9991 -0.0419
vn 0.0033 0.9988 -0.0495
vn 0.0000 0.9983 -0.0575
vn 0.0000 0.9987 -0.0505
vn 0.0033 0.9988 -0.0495
vn 0.0033 0.9988 -0.0495
vn 0.0070 0.9974 -0.0723
vn 0.0000 0.9983 -0.0575
vn -0.0000 0.9998 -0.0201
vn 0.0001 0.9999 -0.0153
vn 0.0016 0.9998 -0.0189
vn 0.0016 0.9998 -0.0189
vn 0.0018 0.9996 -0.0298
vn -0.0000 0.9998 -0.0201
vn -0.0000 0.9996 -0.0286
vn -0.0000 0.9998 -0.0201
vn 0.0018 0.9996 -0.0298
vn -0.0000 0.9996 -0.0286
vn 0.0018 0.9996 -0.0298
vn 0.0022 0.9996 -0.0291
vn 0.0022 0.9996 -0.0291
vn 0.0002 0.9993 -0.0364
vn -0.0000 0.9996 -0.0286
vn 0.0211 0.9777 -0.2089
vn -0.0001 0.9819 -0.1896
vn 0.0091 0.9855 -0.1693
vn -0.0001 0.9819 -0.1896
vn 0.0000 0.9852 -0.1716
vn 0.0091 0.9855 -0.1693
vn 0.0169 0.9759 -0.2175
vn 0.0001 0.9810 -0.1940
vn 0.0211 0.9777 -0.2089
vn 0.0001 0.9770 -0.2132
vn 0.0001 0.9810 -0.1940
vn 0.0169 0.9759 -0.2175
vn 0.0004 0.9724 -0.2331
vn 0.0169 0.9759 -0.2175
vn 0.0188 0.9601 -0.2789
vn 0.0188 0.9601 -0.2789
vn -0.0152 0.9592 -0.2823
vn 0.0004 0.9724 -0.2331
vn -0.0060 0.9735 -0.2287
vn 0.0453 0.9424 -0.3314
vn 0.0580 0.8195 -0.5701
vn 0.0023 0.0380 -0.9993
vn 0.0319 0.4472 -0.8938
vn 0.0107 0.0120 -0.9999
vn 0.0319 0.4472 -0.8938
vn 0.0513 0.0814 -0.9954
vn 0.0107 0.0120 -0.9999
vn 0.0107 0.0120 -0.9999
vn 0.0513 0.0814 -0.9954
vn 0.1416 0.3129 -0.9392
vn 0.1119 -0.4018 -0.9089
vn 0.0107 0.0120 -0.9999
vn 0.1416 0.3129 -0.9392
vn 0.1416 0.3129 -0.9392
vn 0.1628 -0.0460 -0.9856
vn 0.1119 -0.4018 -0.9089
vn 0.0039 -0.0379 -0.9993
vn -0.0009 -0.1540 -0.9881
vn -0.0122 0.0404 -0.9991
vn 0.0018 -0.0048 -1.0000
vn -0.0188 0.0542 -0.9984
vn -0.0027 -0.0002 -1.0000
vn -0.0027 -0.0002 -1.0000
vn 0.0107 0.0120 -0.9999
vn 0.0018 -0.0048 -1.0000
vn 0.0039 -0.0379 -0.9993
vn -0.0122 0.0404 -0.9991
vn -0.0006 0.0107 -0.9999
vn -0.0006 0.0107 -0.9999
vn 0.0018 -0.0048 -1.0000
vn 0.0039 -0.0379 -0.9993
vn 0.0018 -0.0048 -1.0000
vn -0.0006 0.0107 -0.9999
vn -0.0188 0.0542 -0.9984
vn 0.5529 0.5567 -0.6200
vn 0.5386 0.0120 -0.8425
vn 0.2501 -0.3067 -0.9184
vn 0.5386 0.0120 -0.8425
vn 0.3530 -0.2995 -0.8864
vn 0.2501 -0.3067 -0.9184
vn 0.3530 -0.2995 -0.8864
vn 0.2002 -0.6866 -0.6989
vn 0.2501 -0.3067 -0.9184
vn 0.1966 0.1352 -0.9711
vn 0.0086 -0.4301 -0.9027
vn 0.2501 -0.3067 -0.9184
vn 0.0086 -0.4301 -0.9027
vn 0.0039 -0.0379 -0.9993
vn 0.2501 -0.3067 -0.9184
vn 0.1416 0.3129 -0.9392
vn 0.0857 0.9281 -0.3624
vn 0.0483 0.6784 -0.7331
vn 0.1416 0.3129 -0.9392
vn 0.1743 -0.1810 -0.9679
vn 0.1860 -0.0407 -0.9817
vn 0.1416 0.3129 -0.9392
vn 0.1860 -0.0407 -0.9817
vn 0.1628 -0.0460 -0.9856
vn 0.2501 -0.3067 -0.9184
vn 0.0107 0.0120 -0.9999
vn 0.1119 -0.4018 -0.9089
vn 0.2501 -0.3067 -0.9184
vn 0.0039 -0.0379 -0.9993
vn 0.0018 -0.0048 -1.0000
vn 0.0018 -0.0048 -1.0000
vn 0.0107 0.0120 -0.9999
vn 0.2501 -0.3067 -0.9184
vn 0.2501 -0.3067 -0.9184
vn 0.1119 -0.4018 -0.9089
vn 0.2963 -0.8029 -0.5173
vn 0.6029 -0.4465 -0.6612
vn 0.5712 -0.4925 -0.6566
vn 0.6673 -0.2037 -0.7164
vn 0.5712 -0.4925 -0.6566
vn 0.5991 -0.4771 -0.6430
vn 0.5973 -0.4817 -0.6412
vn 0.5712 -0.4925 -0.6566
vn 0.5677 -0.5546 -0.6084
vn 0.5991 -0.4771 -0.6430
vn 0.5712 -0.4925 -0.6566
vn 0.5257 -0.6430 -0.5570
vn 0.5677 -0.5546 -0.6084
vn 0.5712 -0.4925 -0.6566
vn 0.2963 -0.8029 -0.5173
vn 0.5257 -0.6430 -0.5570
vn 0.2963 -0.8029 -0.5173
vn 0.4604 -0.7371 -0.4948
vn 0.5257 -0.6430 -0.5570
vn 0.2963 -0.8029 -0.5173
vn 0.3110 -0.8880 -0.3388
vn 0.3815 -0.8275 -0.4119
vn 0.2963 -0.8029 -0.5173
vn 0.4648 -0.7279 -0.5042
vn 0.3110 -0.8880 -0.3388
vn 0.2963 -0.8029 -0.5173
vn 0.0038 -0.9995 -0.0320
vn 0.0036 -1.0000 -0.0070
vn 0.5712 -0.4925 -0.6566
vn 0.2501 -0.3067 -0.9184
vn 0.2963 -0.8029 -0.5173
vn 0.3815 -0.8275 -0.4119
vn 0.4604 -0.7371 -0.4948
vn 0.2963 -0.8029 -0.5173
vn 0.6029 -0.4465 -0.6612
vn 0.2501 -0.3067 -0.9184
vn 0.5712 -0.4925 -0.6566
vn 0.5529 0.5567 -0.6200
vn 0.2501 -0.3067 -0.9184
vn 0.6029 -0.4465 -0.6612
vn 0.6029 -0.4465 -0.6612
vn 0.6289 -0.5181 -0.5798
vn 0.6788 -0.1036 -0.7270
vn 0.6788 -0.1036 -0.7270
vn 0.4819 -0.7075 -0.5168
vn 0.6029 -0.4465 -0.6612
vn 0.0003 -1.0000 -0.0057
vn 0.0459 -0.9094 -0.4133
vn 0.0251 -0.9911 -0.1306
vn 0.0003 -1.0000 -0.0057
vn 0.0251 -0.9911 -0.1306
vn 0.0110 -0.9984 -0.0554
vn 0.1205 -0.5342 -0.8367
vn 0.1406 -0.6919 -0.7082
vn 0.1195 -0.7534 -0.6466
vn 0.1205 -0.5342 -0.8367
vn 0.1529 -0.6285 -0.7627
vn 0.1406 -0.6919 -0.7082
vn 0.1205 -0.5342 -0.8367
vn 0.1796 -0.4013 -0.8982
vn 0.1778 -0.4258 -0.8872
vn 0.1628 -0.0460 -0.9856
vn 0.1927 -0.1699 -0.9664
vn 0.1808 -0.2569 -0.9494
vn 0.0549 -0.9588 -0.2788
vn 0.0251 -0.9911 -0.1306
vn 0.0459 -0.9094 -0.4133
vn 0.0251 -0.9911 -0.1306
vn 0.0549 -0.9588 -0.2788
vn 0.0432 -0.9749 -0.2183
vn 0.0432 -0.9749 -0.2183
vn 0.0373 -0.9816 -0.1874
vn 0.0251 -0.9911 -0.1306
vn 0.0038 -0.9995 -0.0320
vn 0.2963 -0.8029 -0.5173
vn 0.1119 -0.4018 -0.9089
vn 0.0459 -0.9094 -0.4133
vn 0.0756 -0.8210 -0.5659
vn 0.0716 -0.9261 -0.3705
vn 0.0716 -0.9261 -0.3705
vn 0.0549 -0.9588 -0.2788
vn 0.0459 -0.9094 -0.4133
vn 0.1119 -0.4018 -0.9089
vn 0.0459 -0.9094 -0.4133
vn 0.0038 -0.9995 -0.0320
vn 0.1119 -0.4018 -0.9089
vn 0.0756 -0.8210 -0.5659
vn 0.0459 -0.9094 -0.4133
vn 0.1140 -0.8091 -0.5765
vn 0.0967 -0.8686 -0.4860
vn 0.0756 -0.8210 -0.5659
vn 0.1195 -0.7534 -0.6466
vn 0.1140 -0.8091 -0.5765
vn 0.0756 -0.8210 -0.5659
vn 0.1205 -0.5342 -0.8367
vn 0.0756 -0.8210 -0.5659
vn 0.1119 -0.4018 -0.9089
vn 0.1195 -0.7534 -0.6466
vn 0.0756 -0.8210 -0.5659
vn 0.1205 -0.5342 -0.8367
vn 0.1567 -0.6089 -0.7776
vn 0.1529 -0.6285 -0.7627
vn 0.1205 -0.5342 -0.8367
vn 0.1839 -0.3276 -0.9267
vn 0.1796 -0.4013 -0.8982
vn 0.1205 -0.5342 -0.8367
vn 0.1808 -0.2569 -0.9494
vn 0.1839 -0.3276 -0.9267
vn 0.1205 -0.5342 -0.8367
vn 0.1628 -0.0460 -0.9856
vn 0.1205 -0.5342 -0.8367
vn 0.1119 -0.4018 -0.9089
vn 0.1808 -0.2569 -0.9494
vn 0.1205 -0.5342 -0.8367
vn 0.1628 -0.0460 -0.9856
vn 0.1954 -0.1030 -0.9753
vn 0.1927 -0.1699 -0.9664
vn 0.1628 -0.0460 -0.9856
vn 0.1628 -0.0460 -0.9856
vn 0.1860 -0.0407 -0.9817
vn 0.2020 -0.0311 -0.9789
vn 0.0051 -0.9998 -0.0212
vn 0.0003 -1.0000 -0.0057
vn 0.0110 -0.9984 -0.0554
vn 0.2020 -0.0311 -0.9789
vn 0.1954 -0.1030 -0.9753
vn 0.1628 -0.0460 -0.9856
vn 0.1954 -0.1030 -0.9753
vn 0.2020 -0.0311 -0.9789
vn 0.1971 -0.1054 -0.9747
vn 0.1927 -0.1699 -0.9664
vn 0.1954 -0.1030 -0.9753
vn 0.1971 -0.1054 -0.9747
vn 0.1971 -0.1054 -0.9747
vn 0.1916 -0.1922 -0.9625
vn 0.1927 -0.1699 -0.9664
vn 0.1808 -0.2569 -0.9494
vn 0.1927 -0.1699 -0.9664
vn 0.1916 -0.1922 -0.9625
vn 0.1916 -0.1922 -0.9625
vn 0.1857 -0.2788 -0.9422
vn 0.1808 -0.2569 -0.9494
vn 0.1839 -0.3276 -0.9267
vn 0.1808 -0.2569 -0.9494
vn 0.1857 -0.2788 -0.9422
vn 0.1857 -0.2788 -0.9422
vn 0.1790 -0.3572 -0.9167
vn 0.1839 -0.3276 -0.9267
vn 0.1796 -0.4013 -0.8982
vn 0.1839 -0.3276 -0.9267
vn 0.1790 -0.3572 -0.9167
vn 0.1790 -0.3572 -0.9167
vn 0.1719 -0.4273 -0.8876
vn 0.1796 -0.4013 -0.8982
vn 0.1778 -0.4258 -0.8872
vn 0.1796 -0.4013 -0.8982
vn 0.1719 -0.4273 -0.8876
vn 0.1719 -0.4273 -0.8876
vn 0.1654 -0.5071 -0.8459
vn 0.1778 -0.4258 -0.8872
vn 0.1205 -0.5342 -0.8367
vn 0.1778 -0.4258 -0.8872
vn 0.1654 -0.5071 -0.8459
vn 0.1567 -0.6089 -0.7776
vn 0.1205 -0.5342 -0.8367
vn 0.1654 -0.5071 -0.8459
vn 0.1654 -0.5071 -0.8459
vn 0.1506 -0.5992 -0.7863
vn 0.1567 -0.6089 -0.7776
vn 0.1529 -0.6285 -0.7627
vn 0.1567 -0.6089 -0.7776
vn 0.1506 -0.5992 -0.7863
vn 0.1506 -0.5992 -0.7863
vn 0.1484 -0.6494 -0.7459
vn 0.1529 -0.6285 -0.7627
vn 0.1406 -0.6919 -0.7082
vn 0.1529 -0.6285 -0.7627
vn 0.1484 -0.6494 -0.7459
vn 0.1484 -0.6494 -0.7459
vn 0.1365 -0.7105 -0.6903
vn 0.1406 -0.6919 -0.7082
vn 0.1195 -0.7534 -0.6466
vn 0.1406 -0.6919 -0.7082
vn 0.1365 -0.7105 -0.6903
vn 0.1365 -0.7105 -0.6903
vn 0.1223 -0.7749 -0.6202
vn 0.1195 -0.7534 -0.6466
vn 0.1140 -0.8091 -0.5765
vn 0.1195 -0.7534 -0.6466
vn 0.1223 -0.7749 -0.6202
vn 0.1223 -0.7749 -0.6202
vn 0.1098 -0.8239 -0.5559
vn 0.1140 -0.8091 -0.5765
vn 0.0967 -0.8686 -0.4860
vn 0.1140 -0.8091 -0.5765
vn 0.1098 -0.8239 -0.5559
vn 0.1098 -0.8239 -0.5559
vn 0.0989 -0.8631 -0.4952
vn 0.0967 -0.8686 -0.4860
vn 0.0989 -0.8631 -0.4952
vn 0.0842 -0.9056 -0.4157
vn 0.0967 -0.8686 -0.4860
vn 0.0756 -0.8210 -0.5659
vn 0.0967 -0.8686 -0.4860
vn 0.0842 -0.9056 -0.4157
vn 0.0716 -0.9261 -0.3705
vn 0.0756 -0.8210 -0.5659
vn 0.0842 -0.9056 -0.4157
vn 0.0842 -0.9056 -0.4157
vn 0.0703 -0.9328 -0.3535
vn 0.0716 -0.9261 -0.3705
vn 0.0549 -0.9588 -0.2788
vn 0.0716 -0.9261 -0.3705
vn 0.0703 -0.9328 -0.3535
vn 0.0703 -0.9328 -0.3535
vn 0.0565 -0.9578 -0.2819
vn 0.0549 -0.9588 -0.2788
vn 0.0432 -0.9749 -0.2183
vn 0.0549 -0.9588 -0.2788
vn 0.0565 -0.9578 -0.2819
vn 0.0565 -0.9578 -0.2819
vn 0.0427 -0.9767 -0.2102
vn 0.0432 -0.9749 -0.2183
vn 0.0373 -0.9816 -0.1874
vn 0.0432 -0.9749 -0.2183
vn 0.0427 -0.9767 -0.2102
vn 0.0427 -0.9767 -0.2102
vn 0.0329 -0.9834 -0.1784
vn 0.0373 -0.9816 -0.1874
vn 0.0251 -0.9911 -0.1306
vn 0.0373 -0.9816 -0.1874
vn 0.0329 -0.9834 -0.1784
vn 0.0329 -0.9834 -0.1784
vn 0.0174 -0.9957 -0.0906
vn 0.0251 -0.9911 -0.1306
vn 0.0110 -0.9984 -0.0554
vn 0.0251 -0.9911 -0.1306
vn 0.0174 -0.9957 -0.0906
vn 0.0110 -0.9984 -0.0554
vn 0.0174 -0.9957 -0.0906
vn 0.0051 -0.9998 -0.0212
vn 0.1038 -0.3672 -0.9243
vn 0.2020 -0.0311 -0.9789
vn 0.1860 -0.0407 -0.9817
vn 0.1038 -0.3672 -0.9243
vn 0.1860 -0.0407 -0.9817
vn 0.0483 0.6784 -0.7331
vn 0.6761 0.0791 -0.7326
vn 0.6761 0.0791 -0.7326
vn 0.6761 0.0791 -0.7326
vn 0.6029 -0.4465 -0.6612
vn 0.6673 -0.2037 -0.7164
vn 0.6141 -0.4413 -0.6543
vn 0.6141 -0.4413 -0.6543
vn 0.6289 -0.5181 -0.5798
vn 0.6029 -0.4465 -0.6612
vn 0.1665 -0.9693 -0.1808
vn 0.2963 -0.8029 -0.5173
vn 0.0036 -1.0000 -0.0070
vn 0.0036 -1.0000 -0.0070
vn 0.0018 -1.0000 -0.0029
vn 0.1665 -0.9693 -0.1808
vn 0.0036 -1.0000 -0.0070
vn 0.0038 -0.9995 -0.0320
vn 0.0018 -1.0000 -0.0029
vn 0.1665 -0.9693 -0.1808
vn 0.2599 -0.9249 -0.2775
vn 0.4648 -0.7279 -0.5042
vn 0.3110 -0.8880 -0.3388
vn 0.4648 -0.7279 -0.5042
vn 0.2599 -0.9249 -0.2775
vn 0.2599 -0.9249 -0.2775
vn 0.3289 -0.8762 -0.3523
vn 0.3110 -0.8880 -0.3388
vn 0.3289 -0.8762 -0.3523
vn 0.3815 -0.8275 -0.4119
vn 0.3110 -0.8880 -0.3388
vn 0.3815 -0.8275 -0.4119
vn 0.3289 -0.8762 -0.3523
vn 0.3606 -0.8483 -0.3876
vn 0.3606 -0.8483 -0.3876
vn 0.4278 -0.7641 -0.4828
vn 0.3815 -0.8275 -0.4119
vn 0.4604 -0.7371 -0.4948
vn 0.3815 -0.8275 -0.4119
vn 0.4278 -0.7641 -0.4828
vn 0.4278 -0.7641 -0.4828
vn 0.4850 -0.6979 -0.5269
vn 0.4604 -0.7371 -0.4948
vn 0.5257 -0.6430 -0.5570
vn 0.4604 -0.7371 -0.4948
vn 0.4850 -0.6979 -0.5269
vn 0.4850 -0.6979 -0.5269
vn 0.5406 -0.6067 -0.5829
vn 0.5257 -0.6430 -0.5570
vn 0.5677 -0.5546 -0.6084
vn 0.5257 -0.6430 -0.5570
vn 0.5406 -0.6067 -0.5829
vn 0.5406 -0.6067 -0.5829
vn 0.5799 -0.5253 -0.6227
vn 0.5677 -0.5546 -0.6084
vn 0.5991 -0.4771 -0.6430
vn 0.5677 -0.5546 -0.6084
vn 0.5799 -0.5253 -0.6227
vn 0.5799 -0.5253 -0.6227
vn 0.6115 -0.4443 -0.6547
vn 0.5991 -0.4771 -0.6430
vn 0.5973 -0.4817 -0.6412
vn 0.5991 -0.4771 -0.6430
vn 0.6115 -0.4443 -0.6547
vn 0.6115 -0.4443 -0.6547
vn 0.6444 -0.3310 -0.6894
vn 0.5973 -0.4817 -0.6412
vn 0.5712 -0.4925 -0.6566
vn 0.5973 -0.4817 -0.6412
vn 0.6444 -0.3310 -0.6894
vn 0.6673 -0.2037 -0.7164
vn 0.5712 -0.4925 -0.6566
vn 0.6444 -0.3310 -0.6894
vn 0.6444 -0.3310 -0.6894
vn 0.6141 -0.4413 -0.6543
vn 0.6673 -0.2037 -0.7164
vn -0.0005 -1.0000 -0.0021
vn -0.0100 -0.9853 -0.1705
vn 0.0018 -1.0000 -0.0029
vn 0.2599 -0.9249 -0.2775
vn 0.1665 -0.9693 -0.1808
vn -0.0100 -0.9853 -0.1705
vn 0.3606 -0.8483 -0.3876
vn 0.3289 -0.8762 -0.3523
vn -0.0100 -0.9853 -0.1705
vn 0.5406 -0.6067 -0.5829
vn 0.4850 -0.6979 -0.5269
vn 0.6289 -0.5181 -0.5798
vn 0.6115 -0.4443 -0.6547
vn 0.5799 -0.5253 -0.6227
vn 0.6289 -0.5181 -0.5798
vn -0.0100 -0.9853 -0.1705
vn 0.1665 -0.9693 -0.1808
vn 0.0018 -1.0000 -0.0029
vn 0.3289 -0.8762 -0.3523
vn 0.2599 -0.9249 -0.2775
vn -0.0100 -0.9853 -0.1705
vn 0.4278 -0.7641 -0.4828
vn 0.3606 -0.8483 -0.3876
vn -0.0100 -0.9853 -0.1705
vn -0.0100 -0.9853 -0.1705
vn 0.6289 -0.5181 -0.5798
vn 0.4278 -0.7641 -0.4828
vn 0.0578 -0.9981 -0.0234
vn 0.6289 -0.5181 -0.5798
vn -0.0100 -0.9853 -0.1705
vn 0.6289 -0.5181 -0.5798
vn 0.4850 -0.6979 -0.5269
vn 0.4278 -0.7641 -0.4828
vn 0.5799 -0.5253 -0.6227
vn 0.5406 -0.6067 -0.5829
vn 0.6289 -0.5181 -0.5798
vn 0.6444 -0.3310 -0.6894
vn 0.6115 -0.4443 -0.6547
vn 0.6289 -0.5181 -0.5798
vn 0.6289 -0.5181 -0.5798
vn 0.6141 -0.4413 -0.6543
vn 0.6444 -0.3310 -0.6894
vn 0.7741 0.6205 -0.1259
vn 0.9930 0.0661 -0.0975
vn 0.7741 0.6205 -0.1259
vn 0.9930 0.0661 -0.0975
vn 0.8391 -0.5438 -0.0147
vn 0.8960 -0.4417 0.0449
vn 0.8960 -0.4417 0.0449
vn 0.5610 0.8278 0.0094
vn 0.9930 0.0661 -0.0975
vn 0.5751 -0.5384 0.6160
vn 0.6011 -0.4697 0.6466
vn 0.5806 -0.5065 0.6375
vn 0.5480 -0.5983 0.5846
vn 0.5406 -0.6115 0.5779
vn 0.0582 -0.9974 0.0436
vn 0.0582 -0.9974 0.0436
vn -0.0235 -0.9996 0.0177
vn -0.0024 -1.0000 0.0035
vn 0.6566 -0.2753 0.7022
vn 0.6259 -0.4020 0.6683
vn 0.7919 -0.0083 0.6105
vn 0.0069 -1.0000 0.0005
vn 0.0582 -0.9974 0.0436
vn 0.0604 -0.9980 0.0169
vn -0.0024 -1.0000 0.0035
vn 0.0884 -0.9914 0.0960
vn 0.0582 -0.9974 0.0436
vn 0.0582 -0.9974 0.0436
vn 0.0884 -0.9914 0.0960
vn 0.1580 -0.9731 0.1677
vn 0.0582 -0.9974 0.0436
vn 0.1580 -0.9731 0.1677
vn 0.2525 -0.9299 0.2675
vn 0.2525 -0.9299 0.2675
vn 0.1901 -0.9612 0.2000
vn 0.0582 -0.9974 0.0436
vn 0.5837 -0.5671 0.5810
vn 0.5406 -0.6115 0.5779
vn 0.5751 -0.5384 0.6160
vn 0.5637 -0.4184 0.7121
vn 0.6011 -0.4697 0.6466
vn 0.6303 -0.3736 0.6805
vn 0.5062 -0.2814 0.8152
vn 0.6303 -0.3736 0.6805
vn 0.6566 -0.2753 0.7022
vn 0.6566 -0.2753 0.7022
vn 0.7919 -0.0083 0.6105
vn 0.6132 -0.4780 0.6290
vn 0.6259 -0.4020 0.6683
vn 0.6821 -0.0054 0.7312
vn 0.7919 -0.0083 0.6105
vn 0.8685 -0.3195 0.3791
vn 0.8960 -0.4417 0.0449
vn 0.0604 -0.9980 0.0169
vn 0.8685 -0.3195 0.3791
vn 0.8673 -0.2350 0.4388
vn 0.8673 -0.2350 0.4388
vn 0.8113 -0.3510 0.4676
vn 0.7919 -0.0083 0.6105
vn 0.8685 -0.3195 0.3791
vn 0.6718 -0.1962 0.7143
vn 0.5668 -0.5517 0.6119
vn 0.6259 -0.4020 0.6683
vn 0.6259 -0.4020 0.6683
vn 0.6566 -0.2753 0.7022
vn 0.6718 -0.1962 0.7143
vn 0.6528 -0.2963 0.6972
vn 0.6718 -0.1962 0.7143
vn 0.6566 -0.2753 0.7022
vn 0.6566 -0.2753 0.7022
vn 0.6303 -0.3736 0.6805
vn 0.6528 -0.2963 0.6972
vn 0.6303 -0.3736 0.6805
vn 0.6229 -0.4087 0.6671
vn 0.6528 -0.2963 0.6972
vn 0.6061 -0.4573 0.6508
vn 0.6229 -0.4087 0.6671
vn 0.6303 -0.3736 0.6805
vn 0.6303 -0.3736 0.6805
vn 0.6011 -0.4697 0.6466
vn 0.6061 -0.4573 0.6508
vn 0.5594 -0.5694 0.6024
vn 0.6061 -0.4573 0.6508
vn 0.6011 -0.4697 0.6466
vn 0.6011 -0.4697 0.6466
vn 0.5751 -0.5384 0.6160
vn 0.5594 -0.5694 0.6024
vn 0.5751 -0.5384 0.6160
vn 0.5406 -0.6115 0.5779
vn 0.5594 -0.5694 0.6024
vn 0.5027 -0.6725 0.5432
vn 0.5594 -0.5694 0.6024
vn 0.5406 -0.6115 0.5779
vn 0.5406 -0.6115 0.5779
vn 0.5480 -0.5983 0.5846
vn 0.5027 -0.6725 0.5432
vn 0.4088 -0.8002 0.4388
vn 0.5027 -0.6725 0.5432
vn 0.5480 -0.5983 0.5846
vn 0.5480 -0.5983 0.5846
vn 0.6094 -0.4555 0.6489
vn 0.4088 -0.8002 0.4388
vn 0.0582 -0.9974 0.0436
vn 0.1901 -0.9612 0.2000
vn -0.2544 -0.9260 -0.2791
vn 0.2977 -0.8988 0.3218
vn 0.4088 -0.8002 0.4388
vn 0.1901 -0.9612 0.2000
vn 0.1901 -0.9612 0.2000
vn 0.2525 -0.9299 0.2675
vn 0.2977 -0.8988 0.3218
vn 0.1909 -0.9602 0.2038
vn 0.2977 -0.8988 0.3218
vn 0.2525 -0.9299 0.2675
vn 0.2525 -0.9299 0.2675
vn 0.1580 -0.9731 0.1677
vn 0.1909 -0.9602 0.2038
vn 0.0656 -0.9958 0.0646
vn 0.1909 -0.9602 0.2038
vn 0.1580 -0.9731 0.1677
vn 0.1580 -0.9731 0.1677
vn 0.0884 -0.9914 0.0960
vn 0.0656 -0.9958 0.0646
vn 0.0656 -0.9958 0.0646
vn 0.0884 -0.9914 0.0960
vn -0.0024 -1.0000 0.0035
vn -0.0024 -1.0000 0.0035
vn 0.0022 -0.9997 0.0227
vn 0.0656 -0.9958 0.0646
vn 0.6821 -0.0054 0.7312
vn 0.6259 -0.4020 0.6683
vn 0.5668 -0.5517 0.6119
vn 0.5668 -0.5517 0.6119
vn 0.6426 -0.1917 0.7419
vn 0.6821 -0.0054 0.7312
vn 0.6426 -0.1917 0.7419
vn 0.5668 -0.5517 0.6119
vn 0.4890 -0.4109 0.7694
vn 0.2782 -0.0646 0.9584
vn 0.0037 -0.0519 0.9986
vn 0.0074 -0.0205 0.9998
vn 0.0074 -0.0205 0.9998
vn 0.2364 -0.0219 0.9714
vn 0.2782 -0.0646 0.9584
vn 0.1427 -0.8994 0.4133
vn 0.1427 -0.8994 0.4133
vn 0.1427 -0.8994 0.4133
vn 0.4890 -0.4109 0.7694
vn 0.2782 -0.0646 0.9584
vn 0.5306 -0.0193 0.8474
vn 0.4890 -0.4109 0.7694
vn 0.5306 -0.0193 0.8474
vn 0.6426 -0.1917 0.7419
vn 0.0037 -0.0519 0.9986
vn 0.0076 -0.0013 1.0000
vn -0.0110 0.0291 0.9995
vn -0.0010 0.0088 1.0000
vn -0.0110 0.0291 0.9995
vn 0.0076 -0.0013 1.0000
vn 0.1723 0.1649 0.9712
vn 0.0883 0.3004 0.9497
vn 0.1214 -0.3132 0.9419
vn 0.0525 -0.0732 0.9959
vn 0.0883 0.3004 0.9497
vn 0.0315 0.0435 0.9986
vn 0.0315 0.0435 0.9986
vn 0.0008 0.0202 0.9998
vn 0.0076 -0.0013 1.0000
vn 0.0009 0.9764 0.2160
vn 0.0411 0.9623 0.2688
vn 0.0041 0.9799 0.1994
vn 0.0052 0.9788 0.2050
vn 0.0001 0.9720 0.2350
vn -0.0153 0.8970 0.4417
vn 0.0357 0.9569 0.2881
vn 0.0052 0.9788 0.2050
vn -0.0153 0.8970 0.4417
vn 0.0009 0.9764 0.2160
vn 0.0006 0.9678 0.2516
vn 0.0411 0.9623 0.2688
vn 0.0041 0.9799 0.1994
vn 0.0000 0.9781 0.2081
vn 0.0009 0.9764 0.2160
vn 0.0002 0.9823 0.1873
vn 0.0001 0.9809 0.1944
vn 0.0041 0.9799 0.1994
vn 0.0041 0.9799 0.1994
vn 0.0234 0.9753 0.2197
vn 0.0002 0.9823 0.1873
vn 0.0234 0.9753 0.2197
vn 0.0004 0.9842 0.1770
vn 0.0002 0.9823 0.1873
vn 0.0004 0.9850 0.1728
vn 0.0004 0.9842 0.1770
vn 0.0234 0.9753 0.2197
vn 0.0234 0.9753 0.2197
vn 0.0062 0.9866 0.1629
vn 0.0004 0.9850 0.1728
vn 0.0062 0.9866 0.1629
vn 0.0007 0.9897 0.1430
vn 0.0000 0.9866 0.1631
vn 0.0007 0.9897 0.1430
vn 0.0000 0.9881 0.1535
vn 0.0000 0.9866 0.1631
vn 0.0000 0.9953 0.0968
vn 0.0067 0.9938 0.1107
vn 0.0046 0.9951 0.0990
vn 0.0067 0.9938 0.1107
vn 0.0000 0.9953 0.0968
vn -0.0000 0.9945 0.1047
vn 0.0007 0.9897 0.1430
vn -0.0024 0.9894 0.1449
vn 0.0001 0.9900 0.1414
vn -0.0024 0.9894 0.1449
vn 0.0000 0.9918 0.1279
vn 0.0001 0.9900 0.1414
vn -0.0024 0.9894 0.1449
vn 0.0067 0.9938 0.1107
vn 0.0000 0.9927 0.1204
vn -0.0000 0.9945 0.1047
vn 0.0000 0.9927 0.1204
vn 0.0067 0.9938 0.1107
vn -0.0000 0.9972 0.0748
vn 0.0026 0.9970 0.0774
vn 0.0009 0.9978 0.0669
vn -0.0000 0.9970 0.0778
vn 0.0026 0.9970 0.0774
vn -0.0000 0.9972 0.0748
vn 0.0046 0.9951 0.0990
vn 0.0026 0.9970 0.0774
vn -0.0000 0.9970 0.0778
vn -0.0000 0.9970 0.0778
vn -0.0000 0.9962 0.0867
vn 0.0046 0.9951 0.0990
vn 0.0046 0.9951 0.0990
vn -0.0000 0.9962 0.0867
vn 0.0000 0.9953 0.0968
vn 0.0000 0.9981 0.0613
vn 0.0009 0.9978 0.0669
vn 0.0024 0.9983 0.0575
vn 0.0000 0.9988 0.0489
vn 0.0024 0.9983 0.0575
vn 0.0010 0.9990 0.0446
vn 0.0000 0.9988 0.0489
vn -0.0000 0.9986 0.0538
vn 0.0024 0.9983 0.0575
vn 0.0024 0.9983 0.0575
vn -0.0000 0.9986 0.0538
vn 0.0000 0.9981 0.0613
vn 0.8128 0.5823 0.0161
vn 0.8128 0.5823 0.0161
vn 0.8128 0.5823 0.0161
vn 0.0001 0.9997 0.0243
vn 0.0000 0.9996 0.0294
vn 0.0000 0.9993 0.0377
vn 0.0000 0.9993 0.0377
vn 0.0010 0.9990 0.0446
vn 0.0001 0.9997 0.0243
vn 0.0000 0.9993 0.0377
vn -0.0000 0.9989 0.0461
vn 0.0010 0.9990 0.0446
vn 0.0010 0.9990 0.0446
vn -0.0000 0.9989 0.0461
vn 0.0000 0.9988 0.0489
vn 1.0000 0.0000 0.0000
vn 1.0000 0.0000 0.0000
vn 1.0000 0.0000 0.0000
vn 1.0000 0.0000 0.0000
vn 1.0000 0.0000 0.0000
vn 1.0000 0.0000 0.0000
vn -0.9823 0.1875 0.0040
vn -0.9823 0.1875 0.0040
vn -0.9823 0.1875 0.0040
vn 0.0076 -0.0013 1.0000
vn 0.0037 -0.0519 0.9986
vn 0.2782 -0.0646 0.9584
vn 0.2782 -0.0646 0.9584
vn 0.4890 -0.4109 0.7694
vn 0.0874 -0.5771 0.8120
vn 0.4890 -0.4109 0.7694
vn 0.5668 -0.5517 0.6119
vn 0.6718 -0.1962 0.7143
vn 0.1131 -0.9868 -0.1163
vn 0.0656 -0.9958 0.0646
vn 0.0022 -0.9997 0.0227
vn 0.1909 -0.9602 0.2038
vn 0.0656 -0.9958 0.0646
vn 0.1617 -0.9827 0.0908
vn 0.4890 -0.4109 0.7694
vn 0.2977 -0.8988 0.3218
vn 0.1909 -0.9602 0.2038
vn 0.4088 -0.8002 0.4388
vn 0.2977 -0.8988 0.3218
vn 0.4890 -0.4109 0.7694
vn 0.5027 -0.6725 0.5432
vn 0.4088 -0.8002 0.4388
vn 0.4890 -0.4109 0.7694
vn 0.5594 -0.5694 0.6024
vn 0.5027 -0.6725 0.5432
vn 0.4890 -0.4109 0.7694
vn 0.6229 -0.4087 0.6671
vn 0.6061 -0.4573 0.6508
vn 0.4890 -0.4109 0.7694
vn 0.6061 -0.4573 0.6508
vn 0.5594 -0.5694 0.6024
vn 0.4890 -0.4109 0.7694
vn 0.6718 -0.1962 0.7143
vn 0.6528 -0.2963 0.6972
vn 0.4890 -0.4109 0.7694
vn 0.6528 -0.2963 0.6972
vn 0.6229 -0.4087 0.6671
vn 0.4890 -0.4109 0.7694
vn 0.0076 -0.0013 1.0000
vn 0.2782 -0.0646 0.9584
vn 0.0874 -0.5771 0.8120
vn 0.1723 0.1649 0.9712
vn 0.1656 -0.1571 0.9736
vn 0.1876 -0.0526 0.9808
vn 0.1910 -0.2406 0.9517
vn 0.1922 -0.1876 0.9633
vn 0.1656 -0.1571 0.9736
vn 0.1656 -0.1571 0.9736
vn 0.1922 -0.1876 0.9633
vn 0.1876 -0.0526 0.9808
vn 0.1752 -0.4484 0.8765
vn 0.1135 -0.7104 0.6945
vn 0.1703 -0.4662 0.8681
vn 0.1703 -0.4662 0.8681
vn 0.1786 -0.4102 0.8943
vn 0.1752 -0.4484 0.8765
vn 0.1589 -0.5885 0.7927
vn 0.1667 -0.5249 0.8347
vn 0.1135 -0.7104 0.6945
vn 0.1135 -0.7104 0.6945
vn 0.1667 -0.5249 0.8347
vn 0.1703 -0.4662 0.8681
vn 0.1487 -0.6556 0.7403
vn 0.1589 -0.5885 0.7927
vn 0.1135 -0.7104 0.6945
vn 0.1140 -0.7801 0.6152
vn 0.1372 -0.7154 0.6851
vn 0.1135 -0.7104 0.6945
vn 0.1135 -0.7104 0.6945
vn 0.1372 -0.7154 0.6851
vn 0.1487 -0.6556 0.7403
vn 0.1140 -0.7801 0.6152
vn 0.0559 -0.8950 0.4426
vn 0.1076 -0.8264 0.5528
vn 0.0559 -0.8950 0.4426
vn 0.0940 -0.8756 0.4738
vn 0.1076 -0.8264 0.5528
vn 0.0751 -0.9265 0.3688
vn 0.0810 -0.9121 0.4018
vn 0.0559 -0.8950 0.4426
vn 0.0559 -0.8950 0.4426
vn 0.0810 -0.9121 0.4018
vn 0.0940 -0.8756 0.4738
vn 0.0488 -0.9699 0.2384
vn 0.0600 -0.9538 0.2945
vn 0.0559 -0.8950 0.4426
vn 0.0559 -0.8950 0.4426
vn 0.0600 -0.9538 0.2945
vn 0.0751 -0.9265 0.3688
vn 0.0022 -0.9997 0.0227
vn 0.0089 -0.9983 0.0575
vn 0.0559 -0.8950 0.4426
vn 0.0089 -0.9983 0.0575
vn 0.0321 -0.9867 0.1596
vn 0.0559 -0.8950 0.4426
vn 0.0559 -0.8950 0.4426
vn 0.0321 -0.9867 0.1596
vn 0.0488 -0.9699 0.2384
vn 0.0022 -0.9997 0.0227
vn 0.0874 -0.5771 0.8120
vn 0.4890 -0.4109 0.7694
vn 0.0525 -0.0732 0.9959
vn 0.0874 -0.5771 0.8120
vn 0.1214 -0.3132 0.9419
vn 0.0874 -0.5771 0.8120
vn 0.0022 -0.9997 0.0227
vn 0.0559 -0.8950 0.4426
vn 0.0559 -0.8950 0.4426
vn 0.1214 -0.3132 0.9419
vn 0.0874 -0.5771 0.8120
vn 0.1135 -0.7104 0.6945
vn 0.1656 -0.1571 0.9736
vn 0.1214 -0.3132 0.9419
vn 0.1656 -0.1571 0.9736
vn 0.1723 0.1649 0.9712
vn 0.1214 -0.3132 0.9419
vn 0.1135 -0.7104 0.6945
vn 0.1214 -0.3132 0.9419
vn 0.0559 -0.8950 0.4426
vn 0.0559 -0.8950 0.4426
vn 0.1140 -0.7801 0.6152
vn 0.1135 -0.7104 0.6945
vn 0.1135 -0.7104 0.6945
vn 0.1752 -0.4484 0.8765
vn 0.1656 -0.1571 0.9736
vn 0.0315 0.0435 0.9986
vn 0.0076 -0.0013 1.0000
vn 0.0874 -0.5771 0.8120
vn 0.0525 -0.0732 0.9959
vn 0.0315 0.0435 0.9986
vn 0.0874 -0.5771 0.8120
vn 0.1214 -0.3132 0.9419
vn 0.0883 0.3004 0.9497
vn 0.0525 -0.0732 0.9959
vn 0.0089 -0.9983 0.0575
vn 0.0022 -0.9997 0.0227
vn 0.0027 -0.9999 0.0152
vn 0.0027 -0.9999 0.0152
vn 0.0197 -0.9948 0.0997
vn 0.0089 -0.9983 0.0575
vn 0.0321 -0.9867 0.1596
vn 0.0089 -0.9983 0.0575
vn 0.0197 -0.9948 0.0997
vn 0.0197 -0.9948 0.0997
vn 0.0366 -0.9825 0.1825
vn 0.0321 -0.9867 0.1596
vn 0.0488 -0.9699 0.2384
vn 0.0321 -0.9867 0.1596
vn 0.0366 -0.9825 0.1825
vn 0.0366 -0.9825 0.1825
vn 0.0526 -0.9636 0.2620
vn 0.0488 -0.9699 0.2384
vn 0.0600 -0.9538 0.2945
vn 0.0488 -0.9699 0.2384
vn 0.0526 -0.9636 0.2620
vn 0.0526 -0.9636 0.2620
vn 0.0599 -0.9517 0.3012
vn 0.0600 -0.9538 0.2945
vn 0.0751 -0.9265 0.3688
vn 0.0600 -0.9538 0.2945
vn 0.0599 -0.9517 0.3012
vn 0.0599 -0.9517 0.3012
vn 0.0754 -0.9234 0.3763
vn 0.0751 -0.9265 0.3688
vn 0.0810 -0.9121 0.4018
vn 0.0751 -0.9265 0.3688
vn 0.0754 -0.9234 0.3763
vn 0.0754 -0.9234 0.3763
vn 0.0861 -0.9037 0.4194
vn 0.0810 -0.9121 0.4018
vn 0.0940 -0.8756 0.4738
vn 0.0810 -0.9121 0.4018
vn 0.0861 -0.9037 0.4194
vn 0.0861 -0.9037 0.4194
vn 0.0982 -0.8610 0.4991
vn 0.0940 -0.8756 0.4738
vn 0.1076 -0.8264 0.5528
vn 0.0940 -0.8756 0.4738
vn 0.0982 -0.8610 0.4991
vn 0.0982 -0.8610 0.4991
vn 0.1113 -0.8106 0.5749
vn 0.1076 -0.8264 0.5528
vn 0.1877 -0.3282 0.9258
vn 0.1910 -0.2406 0.9517
vn 0.1656 -0.1571 0.9736
vn -0.0160 -0.9968 -0.0788
vn -0.0160 -0.9968 -0.0788
vn -0.0160 -0.9968 -0.0788
vn 0.1770 -0.4226 0.8888
vn 0.1877 -0.3282 0.9258
vn 0.1752 -0.4484 0.8765
vn 0.1752 -0.4484 0.8765
vn 0.1786 -0.4102 0.8943
vn 0.1770 -0.4226 0.8888
vn 0.1786 -0.4102 0.8943
vn 0.1703 -0.4662 0.8681
vn 0.1770 -0.4226 0.8888
vn 0.1661 -0.5019 0.8488
vn 0.1770 -0.4226 0.8888
vn 0.1703 -0.4662 0.8681
vn 0.1703 -0.4662 0.8681
vn 0.1667 -0.5249 0.8347
vn 0.1661 -0.5019 0.8488
vn 0.1570 -0.5664 0.8090
vn 0.1661 -0.5019 0.8488
vn 0.1667 -0.5249 0.8347
vn 0.1667 -0.5249 0.8347
vn 0.1589 -0.5885 0.7927
vn 0.1570 -0.5664 0.8090
vn 0.1466 -0.6337 0.7595
vn 0.1570 -0.5664 0.8090
vn 0.1589 -0.5885 0.7927
vn 0.1589 -0.5885 0.7927
vn 0.1487 -0.6556 0.7403
vn 0.1466 -0.6337 0.7595
vn 0.1345 -0.7005 0.7009
vn 0.1466 -0.6337 0.7595
vn 0.1487 -0.6556 0.7403
vn 0.1487 -0.6556 0.7403
vn 0.1372 -0.7154 0.6851
vn 0.1345 -0.7005 0.7009
vn 0.1225 -0.7592 0.6393
vn 0.1345 -0.7005 0.7009
vn 0.1372 -0.7154 0.6851
vn 0.1372 -0.7154 0.6851
vn 0.1140 -0.7801 0.6152
vn 0.1225 -0.7592 0.6393
vn 0.1113 -0.8106 0.5749
vn 0.1225 -0.7592 0.6393
vn 0.1140 -0.7801 0.6152
vn 0.1140 -0.7801 0.6152
vn 0.1076 -0.8264 0.5528
vn 0.1113 -0.8106 0.5749
vn 0.1910 -0.2406 0.9517
vn 0.1877 -0.3282 0.9258
vn 0.1957 -0.2514 0.9479
vn 0.1922 -0.1876 0.9633
vn 0.1910 -0.2406 0.9517
vn 0.1957 -0.2514 0.9479
vn 0.1957 -0.2514 0.9479
vn 0.1991 -0.2273 0.9533
vn 0.1922 -0.1876 0.9633
vn 0.1876 -0.0526 0.9808
vn 0.1922 -0.1876 0.9633
vn 0.1991 -0.2273 0.9533
vn 0.1991 -0.2273 0.9533
vn 0.1236 -0.0579 0.9906
vn 0.1876 -0.0526 0.9808
vn 0.1236 -0.0579 0.9906
vn 0.1723 0.1649 0.9712
vn 0.1876 -0.0526 0.9808
vn 0.1723 0.1649 0.9712
vn 0.1236 -0.0579 0.9906
vn 0.1179 0.8013 0.5865
vn 0.1653 0.6698 0.7239
vn 0.1179 0.8013 0.5865
vn 0.1236 -0.0579 0.9906
vn 0.0197 -0.9948 0.0997
vn 0.0027 -0.9999 0.0152
vn 0.1728 -0.9782 0.1148
vn 0.0366 -0.9825 0.1825
vn 0.0197 -0.9948 0.0997
vn 0.1728 -0.9782 0.1148
vn 0.0526 -0.9636 0.2620
vn 0.0366 -0.9825 0.1825
vn 0.1728 -0.9782 0.1148
vn 0.1728 -0.9782 0.1148
vn 0.1146 -0.9403 0.3204
vn 0.0526 -0.9636 0.2620
vn 0.0599 -0.9517 0.3012
vn 0.0526 -0.9636 0.2620
vn 0.1146 -0.9403 0.3204
vn 0.0754 -0.9234 0.3763
vn 0.0599 -0.9517 0.3012
vn 0.1146 -0.9403 0.3204
vn 0.0861 -0.9037 0.4194
vn 0.0754 -0.9234 0.3763
vn 0.1146 -0.9403 0.3204
vn 0.1146 -0.9403 0.3204
vn 0.0781 -0.7953 0.6012
vn 0.0861 -0.9037 0.4194
vn 0.0982 -0.8610 0.4991
vn 0.0861 -0.9037 0.4194
vn 0.0781 -0.7953 0.6012
vn 0.1991 -0.2273 0.9533
vn 0.1957 -0.2514 0.9479
vn 0.0781 -0.7953 0.6012
vn 0.1146 -0.9403 0.3204
vn 0.1728 -0.9782 0.1148
vn 0.0781 -0.7953 0.6012
vn 0.1113 -0.8106 0.5749
vn 0.0982 -0.8610 0.4991
vn 0.0781 -0.7953 0.6012
vn 0.1225 -0.7592 0.6393
vn 0.1113 -0.8106 0.5749
vn 0.0781 -0.7953 0.6012
vn 0.1345 -0.7005 0.7009
vn 0.1225 -0.7592 0.6393
vn 0.0781 -0.7953 0.6012
vn 0.1466 -0.6337 0.7595
vn 0.1345 -0.7005 0.7009
vn 0.0781 -0.7953 0.6012
vn 0.1570 -0.5664 0.8090
vn 0.1466 -0.6337 0.7595
vn 0.0781 -0.7953 0.6012
vn 0.1661 -0.5019 0.8488
vn 0.1570 -0.5664 0.8090
vn 0.0781 -0.7953 0.6012
vn 0.1770 -0.4226 0.8888
vn 0.1661 -0.5019 0.8488
vn 0.0781 -0.7953 0.6012
vn -0.1529 -0.8805 0.4487
vn 0.1236 -0.0579 0.9906
vn 0.0781 -0.7953 0.6012
vn 0.1877 -0.3282 0.9258
vn 0.1770 -0.4226 0.8888
vn 0.0781 -0.7953 0.6012
vn 0.0781 -0.7953 0.6012
vn 0.1236 -0.0579 0.9906
vn 0.1991 -0.2273 0.9533
vn 0.0670 -0.2727 0.9598
vn 0.0876 -0.0243 0.9959
vn 0.1236 -0.0579 0.9906
vn 0.1236 -0.0579 0.9906
vn -0.1529 -0.8805 0.4487
vn 0.0670 -0.2727 0.9598
vn 0.1957 -0.2514 0.9479
vn 0.1877 -0.3282 0.9258
vn 0.0781 -0.7953 0.6012
vn 0.0086 -0.1772 -0.9841
vn 0.0483 0.6784 -0.7331
vn 0.0759 0.5857 -0.8070
vn 0.9761 -0.0533 -0.2106
vn 0.6989 -0.0073 -0.7151
vn 0.6240 -0.7006 -0.3462
vn 0.6989 -0.0073 -0.7151
vn 0.3573 0.0378 -0.9332
vn 0.3303 0.4410 -0.8345
vn 0.4196 0.8954 -0.1490
vn 0.3742 0.9266 -0.0382
vn 0.8358 0.5488 0.0156
vn 0.0070 0.9968 -0.0799
vn 0.0868 0.9943 0.0626
vn 0.1120 0.9770 -0.1815
vn 0.1466 0.9533 0.2640
vn 0.0868 0.9943 0.0626
vn 0.0416 0.9733 0.2258
vn 0.0868 0.9943 0.0626
vn 0.1466 0.9533 0.2640
vn 0.2463 0.9641 0.0992
vn 0.2448 0.9634 -0.1092
vn 0.0868 0.9943 0.0626
vn 0.2463 0.9641 0.0992
vn 0.2448 0.9634 -0.1092
vn 0.1120 0.9770 -0.1815
vn 0.0868 0.9943 0.0626
vn 0.0528 0.9323 -0.3577
vn 0.0128 0.9673 -0.2531
vn 0.1120 0.9770 -0.1815
vn 0.2408 0.9483 -0.2066
vn 0.1120 0.9770 -0.1815
vn 0.2448 0.9634 -0.1092
vn 0.1120 0.9770 -0.1815
vn 0.2408 0.9483 -0.2066
vn 0.1787 0.9394 -0.2927
vn 0.0416 0.9733 0.2258
vn 0.0405 0.7487 0.6616
vn 0.1466 0.9533 0.2640
vn 0.4878 0.8637 0.1271
vn 0.2463 0.9641 0.0992
vn 0.3937 0.9033 0.1707
vn 0.1120 0.9770 -0.1815
vn 0.1787 0.9394 -0.2927
vn 0.0528 0.9323 -0.3577
vn 0.7063 0.4047 0.5809
vn 0.2463 0.9641 0.0992
vn 0.1466 0.9533 0.2640
vn 0.2448 0.9634 -0.1092
vn 0.4196 0.8954 -0.1490
vn 0.2408 0.9483 -0.2066
vn 0.3742 0.9266 -0.0382
vn 0.2448 0.9634 -0.1092
vn 0.2463 0.9641 0.0992
vn 0.8358 0.5488 0.0156
vn 0.2463 0.9641 0.0992
vn 0.4878 0.8637 0.1271
vn 0.2448 0.9634 -0.1092
vn 0.3742 0.9266 -0.0382
vn 0.4196 0.8954 -0.1490
vn 0.3303 0.4410 -0.8345
vn 0.0528 0.9323 -0.3577
vn 0.1787 0.9394 -0.2927
vn 0.1466 0.9533 0.2640
vn 0.3901 0.1945 0.9000
vn 0.7063 0.4047 0.5809
vn 0.7063 0.4047 0.5809
vn 0.3937 0.9033 0.1707
vn 0.2463 0.9641 0.0992
vn 0.3742 0.9266 -0.0382
vn 0.2463 0.9641 0.0992
vn 0.8358 0.5488 0.0156
vn 0.2408 0.9483 -0.2066
vn 0.4196 0.8954 -0.1490
vn 0.2351 0.9672 -0.0960
vn 0.0759 0.5857 -0.8070
vn 0.0528 0.9323 -0.3577
vn 0.3303 0.4410 -0.8345
vn 0.8358 0.5488 0.0156
vn 0.9761 -0.0533 -0.2106
vn 0.4196 0.8954 -0.1490
vn 0.0405 0.7487 0.6616
vn 0.2283 0.2458 0.9421
vn 0.1466 0.9533 0.2640
vn 0.2408 0.9483 -0.2066
vn 0.2770 0.9080 -0.3144
vn 0.1787 0.9394 -0.2927
vn 0.6989 -0.0073 -0.7151
vn 0.4376 -0.6772 -0.5915
vn 0.4376 -0.6772 -0.5915
vn 0.1466 0.9533 0.2640
vn 0.2283 0.2458 0.9421
vn 0.3901 0.1945 0.9000
vn 0.7063 0.4047 0.5809
vn 0.5616 -0.0555 0.8256
vn 0.7162 -0.3277 0.6162
vn 0.7063 0.4047 0.5809
vn 0.4878 0.8637 0.1271
vn 0.3937 0.9033 0.1707
vn 0.4878 0.8637 0.1271
vn 0.7063 0.4047 0.5809
vn 0.9359 0.1239 0.3298
vn 0.5616 -0.0555 0.8256
vn 0.7063 0.4047 0.5809
vn 0.3901 0.1945 0.9000
vn 0.4878 0.8637 0.1271
vn 0.9359 0.1239 0.3298
vn 0.8358 0.5488 0.0156
vn 0.0876 -0.0243 0.9959
vn 0.0905 -0.0366 0.9952
vn 0.1236 -0.0579 0.9906
vn 0.1236 -0.0579 0.9906
vn 0.0405 0.7487 0.6616
vn -0.0138 0.7832 0.6216
vn 0.0483 0.6784 -0.7331
vn 0.0528 0.9323 -0.3577
vn 0.0759 0.5857 -0.8070
vn 0.0483 0.6784 -0.7331
vn -0.0000 0.9369 -0.3495
vn 0.0528 0.9323 -0.3577
vn -0.0000 0.9369 -0.3495
vn 0.0128 0.9673 -0.2531
vn 0.0528 0.9323 -0.3577
vn 0.0150 0.9872 -0.1589
vn 0.0070 0.9968 -0.0799
vn 0.1120 0.9770 -0.1815
vn 0.0868 0.9943 0.0626
vn 0.0070 0.9968 -0.0799
vn 0.0328 0.9994 -0.0057
vn 0.0416 0.9733 0.2258
vn 0.0868 0.9943 0.0626
vn 0.0219 0.9938 0.1091
vn 0.0416 0.9733 0.2258
vn 0.0039 0.9242 0.3818
vn -0.0117 0.9462 0.3234
vn 0.0405 0.7487 0.6616
vn 0.0416 0.9733 0.2258
vn -0.0117 0.9462 0.3234
vn -0.0117 0.9462 0.3234
vn -0.0138 0.7832 0.6216
vn 0.0405 0.7487 0.6616
vn 0.1653 0.6698 0.7239
vn 0.1236 -0.0579 0.9906
vn 0.5732 0.1005 0.8132
vn 0.0876 -0.0243 0.9959
vn 0.0670 -0.2727 0.9598
vn 0.0405 0.7487 0.6616
vn 0.0670 -0.2727 0.9598
vn 0.2283 0.2458 0.9421
vn 0.0405 0.7487 0.6616
vn 0.0670 -0.2727 0.9598
vn 0.3901 0.1945 0.9000
vn 0.2283 0.2458 0.9421
vn 0.3901 0.1945 0.9000
vn 0.0670 -0.2727 0.9598
vn 0.1971 -0.6048 0.7716
vn 0.3901 0.1945 0.9000
vn 0.1971 -0.6048 0.7716
vn 0.5616 -0.0555 0.8256
vn 0.7063 0.4047 0.5809
vn 0.7162 -0.3277 0.6162
vn 0.9707 -0.0782 0.2272
vn 0.9359 0.1239 0.3298
vn 0.7063 0.4047 0.5809
vn 0.9707 -0.0782 0.2272
vn 0.8358 0.5488 0.0156
vn 0.9359 0.1239 0.3298
vn 0.9707 -0.0782 0.2272
vn 0.9707 -0.0782 0.2272
vn 0.9984 -0.0556 0.0120
vn 0.9761 -0.0533 -0.2106
vn 0.9761 -0.0533 -0.2106
vn 0.8358 0.5488 0.0156
vn 0.9707 -0.0782 0.2272
vn 0.9497 -0.1266 -0.2865
vn 0.8448 -0.2209 -0.4874
vn 0.9761 -0.0533 -0.2106
vn 0.6989 -0.0073 -0.7151
vn 0.9761 -0.0533 -0.2106
vn 0.8448 -0.2209 -0.4874
vn 0.8448 -0.2209 -0.4874
vn 0.5709 -0.1201 -0.8122
vn 0.6989 -0.0073 -0.7151
vn 0.3573 0.0378 -0.9332
vn 0.6989 -0.0073 -0.7151
vn 0.5709 -0.1201 -0.8122
vn 0.5709 -0.1201 -0.8122
vn 0.1462 -0.6913 -0.7076
vn 0.3573 0.0378 -0.9332
vn 0.0759 0.5857 -0.8070
vn 0.3303 0.4410 -0.8345
vn 0.3573 0.0378 -0.9332
vn 0.0086 -0.1772 -0.9841
vn 0.0759 0.5857 -0.8070
vn 0.3573 0.0378 -0.9332
vn 0.1971 -0.1054 -0.9747
vn 0.2020 -0.0311 -0.9789
vn 0.1038 -0.3672 -0.9243
vn 0.1790 -0.3572 -0.9167
vn 0.1857 -0.2788 -0.9422
vn 0.1038 -0.3672 -0.9243
vn 0.1038 -0.3672 -0.9243
vn 0.1857 -0.2788 -0.9422
vn 0.1916 -0.1922 -0.9625
vn 0.1916 -0.1922 -0.9625
vn 0.1971 -0.1054 -0.9747
vn 0.1038 -0.3672 -0.9243
vn 0.1654 -0.5071 -0.8459
vn 0.1719 -0.4273 -0.8876
vn 0.1038 -0.3672 -0.9243
vn 0.1719 -0.4273 -0.8876
vn 0.1790 -0.3572 -0.9167
vn 0.1038 -0.3672 -0.9243
vn 0.1484 -0.6494 -0.7459
vn 0.1506 -0.5992 -0.7863
vn 0.1331 -0.8029 -0.5811
vn 0.1038 -0.3672 -0.9243
vn 0.1331 -0.8029 -0.5811
vn 0.1506 -0.5992 -0.7863
vn 0.1506 -0.5992 -0.7863
vn 0.1654 -0.5071 -0.8459
vn 0.1038 -0.3672 -0.9243
vn 0.1098 -0.8239 -0.5559
vn 0.1223 -0.7749 -0.6202
vn 0.1331 -0.8029 -0.5811
vn 0.1223 -0.7749 -0.6202
vn 0.1365 -0.7105 -0.6903
vn 0.1331 -0.8029 -0.5811
vn 0.1365 -0.7105 -0.6903
vn 0.1484 -0.6494 -0.7459
vn 0.1331 -0.8029 -0.5811
vn 0.0842 -0.9056 -0.4157
vn 0.0989 -0.8631 -0.4952
vn 0.1331 -0.8029 -0.5811
vn 0.0989 -0.8631 -0.4952
vn 0.1098 -0.8239 -0.5559
vn 0.1331 -0.8029 -0.5811
vn 0.0703 -0.9328 -0.3535
vn 0.0842 -0.9056 -0.4157
vn 0.1331 -0.8029 -0.5811
vn 0.0174 -0.9957 -0.0906
vn 0.0329 -0.9834 -0.1784
vn -0.0674 -0.9407 -0.3326
vn 0.0703 -0.9328 -0.3535
vn -0.0674 -0.9407 -0.3326
vn 0.0329 -0.9834 -0.1784
vn 0.0329 -0.9834 -0.1784
vn 0.0427 -0.9767 -0.2102
vn 0.0703 -0.9328 -0.3535
vn 0.0427 -0.9767 -0.2102
vn 0.0565 -0.9578 -0.2819
vn 0.0703 -0.9328 -0.3535
vn 0.0051 -0.9998 -0.0212
vn 0.0174 -0.9957 -0.0906
vn -0.0674 -0.9407 -0.3326
vn 0.1038 -0.3672 -0.9243
vn 0.0483 0.6784 -0.7331
vn 0.0086 -0.1772 -0.9841
vn 0.0086 -0.1772 -0.9841
vn -0.0416 -0.9767 -0.2105
vn 0.1038 -0.3672 -0.9243
vn 0.1038 -0.3672 -0.9243
vn -0.0674 -0.9407 -0.3326
vn 0.1331 -0.8029 -0.5811
vn 0.1331 -0.8029 -0.5811
vn -0.0674 -0.9407 -0.3326
vn 0.0703 -0.9328 -0.3535
vn -0.2802 -0.1016 -0.9546
vn -0.2802 -0.1016 -0.9546
vn 0.0086 -0.1772 -0.9841
vn 0.0781 -0.7953 0.6012
vn -0.0235 -0.9996 0.0177
vn -0.1529 -0.8805 0.4487
vn 0.0027 -0.9999 0.0152
vn 0.0022 -0.9997 0.0227
vn -0.0235 -0.9996 0.0177
vn 0.1728 -0.9782 0.1148
vn 0.0027 -0.9999 0.0152
vn -0.0235 -0.9996 0.0177
vn 0.0022 -0.9997 0.0227
vn -0.0024 -1.0000 0.0035
vn -0.0235 -0.9996 0.0177
vn -0.0235 -0.9996 0.0177
vn 0.0781 -0.7953 0.6012
vn 0.1728 -0.9782 0.1148
vn 0.0010 -1.0000 -0.0041
vn 0.0051 -0.9998 -0.0212
vn -0.0674 -0.9407 -0.3326
vn 0.0010 -1.0000 -0.0041
vn 0.0003 -1.0000 -0.0057
vn 0.0051 -0.9998 -0.0212
vn 0.0018 -1.0000 -0.0029
vn 0.0038 -0.9995 -0.0320
vn -0.0006 -1.0000 -0.0002
vn 0.0018 -1.0000 -0.0029
vn -0.0006 -1.0000 -0.0002
vn -0.0006 -1.0000 0.0021
vn -0.0005 -1.0000 -0.0021
vn 0.0018 -1.0000 -0.0029
vn -0.0006 -1.0000 0.0021
vn -0.0006 -1.0000 0.0021
vn -0.0121 -0.9994 -0.0328
vn -0.0005 -1.0000 -0.0021
vn 0.0003 -1.0000 -0.0057
vn 0.0010 -1.0000 -0.0041
vn -0.0006 -1.0000 -0.0002
vn -0.0006 -1.0000 -0.0002
vn 0.0038 -0.9995 -0.0320
vn 0.0003 -1.0000 -0.0057
vn 0.0038 -0.9995 -0.0320
vn 0.0459 -0.9094 -0.4133
vn 0.0003 -1.0000 -0.0057
vn -0.0235 -0.9996 0.0177
vn 0.0582 -0.9974 0.0436
vn -0.0119 -0.9999 -0.0005
vn -0.0259 -0.9992 -0.0289
vn -0.2334 -0.9724 -0.0039
vn 0.0604 -0.9980 0.0169
vn -0.0119 -0.9999 -0.0005
vn 0.0582 -0.9974 0.0436
vn 0.0069 -1.0000 0.0005
vn 0.0604 -0.9980 0.0169
vn 0.0578 -0.9981 -0.0234
vn -0.0259 -0.9992 -0.0289
vn -0.0100 -0.9853 -0.1705
vn -0.0005 -1.0000 -0.0021
vn -0.0121 -0.9994 -0.0328
vn 0.0069 -1.0000 0.0005
vn 0.0604 -0.9980 0.0169
vn -0.0225 -0.9988 0.0431
vn -0.0225 -0.9988 0.0431
vn -0.0119 -0.9999 -0.0005
vn 0.0069 -1.0000 0.0005
vn -0.0121 -0.9994 -0.0328
vn -0.0259 -0.9992 -0.0289
vn -0.0100 -0.9853 -0.1705
vn 0.0578 -0.9981 -0.0234
vn -0.0100 -0.9853 -0.1705
vn -0.0259 -0.9992 -0.0289
vn 0.1038 -0.3672 -0.9243
vn -0.0416 -0.9767 -0.2105
vn -0.0674 -0.9407 -0.3326
vn -0.4183 -0.8695 -0.2626
vn -0.0674 -0.9407 -0.3326
vn -0.0416 -0.9767 -0.2105
vn -0.0225 -0.9988 0.0431
vn 0.0604 -0.9980 0.0169
vn -0.2334 -0.9724 -0.0039
vn -0.2334 -0.9724 -0.0039
vn -0.4004 -0.8968 0.1883
vn -0.7815 -0.5833 0.2216
vn -0.0119 -0.9999 -0.0005
vn -0.0225 -0.9988 0.0431
vn -0.4004 -0.8968 0.1883
vn -0.0235 -0.9996 0.0177
vn -0.0119 -0.9999 -0.0005
vn -0.4004 -0.8968 0.1883
vn -0.4183 -0.8695 -0.2626
vn -0.2334 -0.9724 -0.0039
vn -0.0259 -0.9992 -0.0289
vn -0.7301 -0.4829 0.4835
vn -0.4004 -0.8968 0.1883
vn -0.1529 -0.8805 0.4487
vn -0.2334 -0.9724 -0.0039
vn -0.4183 -0.8695 -0.2626
vn -0.4059 -0.8766 -0.2583
vn -0.8080 0.4028 -0.4300
vn -0.8080 0.4028 -0.4300
vn -0.8080 0.4028 -0.4300
vn -0.2334 -0.9724 -0.0039
vn -0.1529 -0.8805 0.4487
vn -0.4004 -0.8968 0.1883
vn -0.0259 -0.9992 -0.0289
vn -0.0674 -0.9407 -0.3326
vn -0.4183 -0.8695 -0.2626
vn -0.0121 -0.9994 -0.0328
vn -0.0006 -1.0000 0.0021
vn -0.0259 -0.9992 -0.0289
vn -0.0006 -1.0000 0.0021
vn -0.0006 -1.0000 -0.0002
vn -0.0259 -0.9992 -0.0289
vn -0.0006 -1.0000 -0.0002
vn 0.0010 -1.0000 -0.0041
vn -0.0259 -0.9992 -0.0289
vn 0.0010 -1.0000 -0.0041
vn -0.0674 -0.9407 -0.3326
vn -0.0259 -0.9992 -0.0289
vn -0.1446 0.9317 0.3331
vn -0.1428 0.7269 0.6718
vn -0.1307 0.9442 0.3022
vn -0.1423 0.9532 -0.2669
vn -0.1494 0.9500 -0.2743
vn -0.1169 0.9618 -0.2476
vn 0.0106 0.9887 0.1496
vn -0.1426 0.9304 0.3377
vn -0.0339 0.9919 0.1222
vn -0.5175 0.8500 -0.0988
vn -0.1631 0.9834 0.0797
vn -0.1426 0.9304 0.3377
vn -0.1124 0.9533 0.2802
vn -0.0620 0.9847 0.1631
vn -0.1426 0.9304 0.3377
vn -0.1124 0.9533 0.2802
vn -0.1426 0.9304 0.3377
vn -0.2051 0.7048 0.6791
vn -0.2361 0.4021 0.8846
vn -0.2051 0.7048 0.6791
vn -0.1426 0.9304 0.3377
vn -0.2051 0.7048 0.6791
vn -0.1631 0.9834 0.0797
vn -0.1070 0.9788 0.1744
vn -0.0620 0.9847 0.1631
vn -0.0339 0.9919 0.1222
vn -0.1426 0.9304 0.3377
vn 0.0106 0.9887 0.1496
vn -0.0339 0.9919 0.1222
vn -0.0649 0.9960 0.0611
vn -0.0649 0.9960 0.0611
vn 0.0327 0.9994 0.0105
vn 0.0106 0.9887 0.1496
vn 0.0327 0.9994 0.0105
vn -0.0684 0.9976 0.0122
vn -0.0817 0.9958 -0.0410
vn 0.0327 0.9994 0.0105
vn -0.0817 0.9958 -0.0410
vn -0.0602 0.9937 -0.0946
vn -0.0602 0.9937 -0.0946
vn -0.0673 0.9975 -0.0223
vn 0.0327 0.9994 0.0105
vn 0.1369 0.9757 0.1712
vn -0.0673 0.9975 -0.0223
vn -0.0602 0.9937 -0.0946
vn 0.2326 0.9687 -0.0871
vn 0.1369 0.9757 0.1712
vn -0.0602 0.9937 -0.0946
vn -0.0477 0.9322 -0.3588
vn 0.2326 0.9687 -0.0871
vn -0.0602 0.9937 -0.0946
vn -0.0602 0.9937 -0.0946
vn -0.0454 0.9817 -0.1848
vn -0.0477 0.9322 -0.3588
vn -0.2847 0.9064 -0.3122
vn -0.0477 0.9322 -0.3588
vn -0.0454 0.9817 -0.1848
vn -0.4374 0.8954 -0.0834
vn -0.2847 0.9064 -0.3122
vn -0.2298 0.9596 -0.1625
vn -0.2847 0.9064 -0.3122
vn -0.0454 0.9817 -0.1848
vn -0.2298 0.9596 -0.1625
vn -0.2298 0.9596 -0.1625
vn -0.0454 0.9817 -0.1848
vn -0.0999 0.9786 -0.1799
vn -0.0999 0.9786 -0.1799
vn -0.1037 0.9774 -0.1841
vn -0.2298 0.9596 -0.1625
vn -0.1037 0.9774 -0.1841
vn -0.0999 0.9786 -0.1799
vn -0.1054 0.9721 -0.2096
vn -0.1054 0.9721 -0.2096
vn -0.1087 0.9712 -0.2122
vn -0.1037 0.9774 -0.1841
vn -0.1054 0.9721 -0.2096
vn -0.1133 0.9644 -0.2390
vn -0.1087 0.9712 -0.2122
vn -0.1133 0.9644 -0.2390
vn -0.1054 0.9721 -0.2096
vn -0.0998 0.9692 -0.2250
vn -0.1111 0.9684 -0.2235
vn -0.4605 0.8295 -0.3162
vn -0.1041 0.9713 -0.2138
vn -0.0998 0.9692 -0.2250
vn -0.4605 0.8295 -0.3162
vn -0.1133 0.9644 -0.2390
vn -0.1179 0.9617 -0.2475
vn -0.1111 0.9684 -0.2235
vn -0.1130 0.9647 -0.2377
vn -0.1041 0.9713 -0.2138
vn -0.1130 0.9647 -0.2377
vn -0.1111 0.9684 -0.2235
vn -0.1130 0.9647 -0.2377
vn -0.1169 0.9618 -0.2476
vn -0.1494 0.9500 -0.2743
vn -0.1494 0.9500 -0.2743
vn -0.1179 0.9617 -0.2475
vn -0.1130 0.9647 -0.2377
vn -0.1487 0.9479 -0.2819
vn -0.1423 0.9532 -0.2669
vn -0.1206 0.9588 -0.2574
vn -0.1169 0.9618 -0.2476
vn -0.1206 0.9588 -0.2574
vn -0.1423 0.9532 -0.2669
vn -0.1577 0.9422 -0.2957
vn -0.1487 0.9479 -0.2819
vn -0.1245 0.9553 -0.2680
vn -0.1206 0.9588 -0.2574
vn -0.1245 0.9553 -0.2680
vn -0.1487 0.9479 -0.2819
vn -0.1245 0.9553 -0.2680
vn -0.1280 0.9521 -0.2778
vn -0.1577 0.9422 -0.2957
vn -0.1315 0.9484 -0.2884
vn -0.1342 0.9453 -0.2973
vn -0.1739 0.9229 -0.3435
vn -0.1739 0.9229 -0.3435
vn -0.2120 0.9070 -0.3639
vn -0.1315 0.9484 -0.2884
vn -0.2120 0.9070 -0.3639
vn -0.1298 0.9501 -0.2836
vn -0.1315 0.9484 -0.2884
vn -0.1280 0.9521 -0.2778
vn -0.1315 0.9484 -0.2884
vn -0.1298 0.9501 -0.2836
vn -0.1298 0.9501 -0.2836
vn -0.1577 0.9422 -0.2957
vn -0.1280 0.9521 -0.2778
vn -0.1415 0.9398 -0.3112
vn -0.1739 0.9229 -0.3435
vn -0.1342 0.9453 -0.2973
vn -0.1336 0.7381 -0.6613
vn -0.2718 0.5574 -0.7845
vn -0.2324 0.7533 -0.6153
vn -0.1342 0.9453 -0.2973
vn -0.1336 0.7381 -0.6613
vn -0.1415 0.9398 -0.3112
vn -0.1336 0.7381 -0.6613
vn -0.2324 0.7533 -0.6153
vn -0.1415 0.9398 -0.3112
vn -0.2051 0.7048 0.6791
vn -0.1070 0.9788 0.1744
vn -0.1124 0.9533 0.2802
vn -0.1124 0.9533 0.2802
vn -0.1070 0.9788 0.1744
vn -0.1029 0.9784 0.1791
vn -0.0949 0.9782 0.1845
vn -0.1124 0.9533 0.2802
vn -0.1029 0.9784 0.1791
vn -0.1056 0.9766 0.1872
vn -0.1423 0.9335 0.3291
vn -0.1014 0.9760 0.1929
vn -0.1014 0.9760 0.1929
vn -0.0949 0.9782 0.1845
vn -0.1056 0.9766 0.1872
vn -0.1029 0.9784 0.1791
vn -0.1056 0.9766 0.1872
vn -0.0949 0.9782 0.1845
vn -0.1080 0.9728 0.2051
vn -0.1014 0.9760 0.1929
vn -0.1423 0.9335 0.3291
vn -0.1423 0.9335 0.3291
vn -0.2616 0.4944 0.8289
vn -0.1080 0.9728 0.2051
vn -0.1080 0.9728 0.2051
vn -0.0277 0.9940 -0.1063
vn -0.0832 0.9909 0.1058
vn -0.1087 0.9702 0.2166
vn -0.1080 0.9728 0.2051
vn -0.0832 0.9909 0.1058
vn -0.1087 0.9702 0.2166
vn -0.0832 0.9909 0.1058
vn -0.1366 0.9649 0.2241
vn -0.1087 0.9702 0.2166
vn -0.1366 0.9649 0.2241
vn -0.1127 0.9682 0.2235
vn -0.1120 0.9673 0.2274
vn -0.1087 0.9702 0.2166
vn -0.1127 0.9682 0.2235
vn -0.1127 0.9682 0.2235
vn -0.1190 0.9649 0.2340
vn -0.1120 0.9673 0.2274
vn -0.1120 0.9673 0.2274
vn -0.1190 0.9649 0.2340
vn -0.1380 0.9396 0.3131
vn -0.1171 0.9639 0.2393
vn -0.1120 0.9673 0.2274
vn -0.1380 0.9396 0.3131
vn -0.1380 0.9396 0.3131
vn -0.3566 0.8707 0.3386
vn -0.1171 0.9639 0.2393
vn -0.1178 0.9616 0.2477
vn -0.1171 0.9639 0.2393
vn -0.0941 0.9832 0.1564
vn -0.3566 0.8707 0.3386
vn -0.0941 0.9832 0.1564
vn -0.1171 0.9639 0.2393
vn -0.1178 0.9616 0.2477
vn -0.0941 0.9832 0.1564
vn -0.1860 0.9327 0.3089
vn -0.1207 0.9586 0.2580
vn -0.1178 0.9616 0.2477
vn -0.1860 0.9327 0.3089
vn -0.1860 0.9327 0.3089
vn -0.2030 0.9288 0.3101
vn -0.1207 0.9586 0.2580
vn -0.1611 0.9436 0.2893
vn -0.1232 0.9548 0.2705
vn -0.1211 0.9574 0.2621
vn -0.1211 0.9574 0.2621
vn -0.1207 0.9586 0.2580
vn -0.1611 0.9436 0.2893
vn -0.2030 0.9288 0.3101
vn -0.1611 0.9436 0.2893
vn -0.1207 0.9586 0.2580
vn -0.1232 0.9548 0.2705
vn -0.1611 0.9436 0.2893
vn -0.1676 0.9377 0.3044
vn -0.1256 0.9519 0.2794
vn -0.1232 0.9548 0.2705
vn -0.1676 0.9377 0.3044
vn -0.1676 0.9377 0.3044
vn -0.2185 0.9099 0.3526
vn -0.1256 0.9519 0.2794
vn -0.2185 0.9099 0.3526
vn -0.1810 0.9250 0.3340
vn -0.1256 0.9519 0.2794
vn -0.1242 0.9502 0.2858
vn -0.1256 0.9519 0.2794
vn -0.1810 0.9250 0.3340
vn -0.1242 0.9502 0.2858
vn -0.1810 0.9250 0.3340
vn -0.2071 0.9017 0.3795
vn -0.2071 0.9017 0.3795
vn -0.1307 0.9442 0.3022
vn -0.1242 0.9502 0.2858
vn -0.1307 0.9442 0.3022
vn -0.2071 0.9017 0.3795
vn -0.1394 0.9411 0.3079
vn -0.1428 0.7269 0.6718
vn -0.1446 0.9317 0.3331
vn -0.2617 0.6940 0.6707
vn -0.1307 0.9442 0.3022
vn -0.1394 0.9411 0.3079
vn -0.1446 0.9317 0.3331
vn -0.2617 0.6940 0.6707
vn -0.1446 0.9317 0.3331
vn -0.1394 0.9411 0.3079
vn -0.5175 0.8500 -0.0988
vn -0.4449 0.8863 0.1290
vn -0.4374 0.8954 -0.0834
vn -0.4449 0.8863 0.1290
vn -0.5175 0.8500 -0.0988
vn -0.1426 0.9304 0.3377
vn -0.2847 0.9064 -0.3122
vn -0.4448 0.8750 -0.1911
vn -0.0477 0.9322 -0.3588
vn -0.9240 -0.3027 -0.2337
vn -0.9240 -0.3027 -0.2337
vn -0.9240 -0.3027 -0.2337
vn -0.4448 0.8750 -0.1911
vn -0.4374 0.8954 -0.0834
vn -0.4449 0.8863 0.1290
vn 0.8764 0.4813 0.0162
vn 0.2326 0.9687 -0.0871
vn 0.3354 0.9094 0.2461
vn -0.0673 0.9975 -0.0223
vn 0.1369 0.9757 0.1712
vn 0.0327 0.9994 0.0105
vn 0.2326 0.9687 -0.0871
vn 0.0327 0.9994 0.0105
vn 0.1369 0.9757 0.1712
vn -0.3257 0.1456 -0.9342
vn -0.3257 0.1456 -0.9342
vn -0.3257 0.1456 -0.9342
vn 0.8111 0.1171 -0.5731
vn 0.8111 0.1171 -0.5731
vn 0.8111 0.1171 -0.5731
vn 0.9857 0.0722 0.1520
vn 0.9857 0.0722 0.1520
vn 0.9857 0.0722 0.1520
vn -0.2344 0.9610 0.1469
vn -0.4449 0.8863 0.1290
vn -0.1426 0.9304 0.3377
vn -0.1426 0.9304 0.3377
vn 0.3354 0.9094 0.2461
vn -0.2344 0.9610 0.1469
vn 0.3354 0.9094 0.2461
vn -0.1426 0.9304 0.3377
vn 0.2094 0.4967 0.8423
vn -0.1148 0.9934 -0.0062
vn 0.0842 0.9909 0.1049
vn -0.0675 0.8987 0.4333
vn 0.0842 0.9909 0.1049
vn -0.1148 0.9934 -0.0062
vn 0.2978 0.9545 -0.0151
vn -0.4448 0.8750 -0.1911
vn 0.0842 0.9909 0.1049
vn 0.2978 0.9545 -0.0151
vn 0.2326 0.9687 -0.0871
vn 0.2255 0.9601 0.1654
vn 0.1033 0.9889 -0.1070
vn 0.3354 0.9094 0.2461
vn 0.2326 0.9687 -0.0871
vn -0.1211 0.9924 -0.0231
vn 0.1033 0.9889 -0.1070
vn -0.0827 0.8072 -0.5845
vn -0.1211 0.9924 -0.0231
vn -0.0675 0.8987 0.4333
vn -0.1211 0.9924 -0.0231
vn -0.0827 0.8072 -0.5845
vn -0.0827 0.8072 -0.5845
vn -0.1148 0.9934 -0.0062
vn -0.0675 0.8987 0.4333
vn 0.2326 0.9687 -0.0871
vn 0.1407 0.9029 -0.4062
vn -0.0750 0.7228 0.6869
vn 0.2326 0.9687 -0.0871
vn -0.0750 0.7228 0.6869
vn 0.2020 0.9788 -0.0330
vn -0.4449 0.8863 0.1290
vn -0.2344 0.9610 0.1469
vn 0.0739 0.9968 -0.0320
vn -0.1211 0.9924 -0.0231
vn 0.2326 0.9687 -0.0871
vn 0.1033 0.9889 -0.1070
vn 0.3354 0.9094 0.2461
vn -0.1211 0.9924 -0.0231
vn -0.2344 0.9610 0.1469
vn 0.0739 0.9968 -0.0320
vn 0.0842 0.9909 0.1049
vn -0.4448 0.8750 -0.1911
vn 0.1407 0.9029 -0.4062
vn 0.2978 0.9545 -0.0151
vn -0.0750 0.7228 0.6869
vn 0.1407 0.9029 -0.4062
vn -0.4448 0.8750 -0.1911
vn 0.2978 0.9545 -0.0151
vn -0.4448 0.8750 -0.1911
vn -0.4449 0.8863 0.1290
vn 0.0739 0.9968 -0.0320
vn 0.7623 0.1058 -0.6385
vn 0.7623 0.1058 -0.6385
vn 0.7623 0.1058 -0.6385
vn 0.9603 0.2726 0.0588
vn 0.9603 0.2726 0.0588
vn 0.9603 0.2726 0.0588
vn -0.6761 -0.1270 -0.7258
vn -0.6761 -0.1270 -0.7258
vn -0.1519 0.1811 -0.9717
vn -0.9775 0.0428 -0.2063
vn -0.9775 0.0428 -0.2063
vn -0.9775 0.0428 -0.2063
vn 0.6441 0.2238 0.7314
vn -0.7428 0.2422 0.6242
vn -0.0299 0.0064 0.9995
vn -0.3191 0.1018 0.9422
vn -0.3191 0.1018 0.9422
vn -0.3191 0.1018 0.9422
vn 0.3490 0.0159 0.9370
vn 0.3490 0.0159 0.9370
vn 0.6441 0.2238 0.7314
vn 0.8262 -0.0265 0.5628
vn 0.8262 -0.0265 0.5628
vn 0.6441 0.2238 0.7314
vn 0.1466 0.9823 -0.1168
vn 0.1466 0.9823 -0.1168
vn 0.1466 0.9823 -0.1168
vn 0.1939 0.5017 -0.8430
vn -0.0827 0.8072 -0.5845
vn 0.1939 0.5017 -0.8430
vn 0.4548 0.1948 -0.8690
vn 0.3092 0.0055 -0.9510
vn 0.3092 0.0055 -0.9510
vn -0.5163 -0.0056 -0.8564
vn -0.5163 -0.0056 -0.8564
vn -0.5163 -0.0056 -0.8564
vn -0.2618 0.0472 -0.9640
vn -0.2618 0.0472 -0.9640
vn -0.2618 0.0472 -0.9640
vn -0.8063 -0.0124 -0.5913
vn -0.8086 0.5878 -0.0257
vn -0.9832 0.1797 0.0311
vn -0.8086 0.5878 -0.0257
vn -0.9868 -0.0145 0.1615
vn -0.9832 0.1797 0.0311
vn -0.5606 0.1655 0.8114
vn -0.5606 0.1655 0.8114
vn -0.0750 0.7228 0.6869
vn 0.6885 -0.1269 0.7141
vn 0.6885 -0.1269 0.7141
vn 0.6166 0.1923 0.7634
vn 0.8953 0.1522 -0.4187
vn 0.8953 0.1522 -0.4187
vn 0.4548 0.1948 -0.8690
vn -0.0496 0.9988 -0.0026
vn -0.0496 0.9988 -0.0026
vn -0.0496 0.9988 -0.0026
vn 0.3573 0.0378 -0.9332
vn -0.0616 -0.0491 -0.9969
vn 0.0086 -0.1772 -0.9841
vn 0.3573 0.0378 -0.9332
vn 0.1462 -0.6913 -0.7076
vn 0.0503 -0.3076 -0.9502
vn -0.2095 -0.9242 0.3193
vn 0.0939 -0.9802 -0.1741
vn -0.0300 -0.9670 -0.2528
vn 0.0246 -0.9997 -0.0047
vn 0.0246 -0.9997 -0.0047
vn 0.0939 -0.9802 -0.1741
vn 0.3809 -0.9236 -0.0427
vn 0.0118 -0.9999 0.0052
vn 0.2462 -0.9657 0.0828
vn -0.0416 -0.9767 -0.2105
vn -0.0300 -0.9670 -0.2528
vn -0.1752 -0.5924 -0.7864
vn -0.4082 -0.8874 0.2141
vn -0.1529 -0.8805 0.4487
vn -0.2334 -0.9724 -0.0039
vn 0.1462 -0.6913 -0.7076
vn 0.0235 -0.9979 -0.0597
vn 0.0939 -0.9802 -0.1741
vn -0.4059 -0.8766 -0.2583
vn -0.4183 -0.8695 -0.2626
vn -0.0416 -0.9767 -0.2105
vn 0.2640 -0.8730 0.4100
vn 0.1971 -0.6048 0.7716
vn 0.7162 -0.3277 0.6162
vn 0.0900 -0.9896 0.1118
vn 0.0900 -0.9896 0.1118
vn 0.2462 -0.9657 0.0828
vn -0.3066 -0.3506 -0.8849
vn -0.3066 -0.3506 -0.8849
vn -0.1752 -0.5924 -0.7864
vn -0.0160 -0.9990 0.0423
vn 0.1971 -0.6048 0.7716
vn -0.1529 -0.8805 0.4487
vn 0.1971 -0.6048 0.7716
vn 0.0021 -0.9780 0.2084
vn -0.1529 -0.8805 0.4487
vn -0.3722 -0.9183 -0.1346
vn -0.0708 -0.9973 0.0167
vn -0.2334 -0.9724 -0.0039
vn -0.4082 -0.8874 0.2141
vn -0.2334 -0.9724 -0.0039
vn -0.7492 -0.5123 0.4199
vn 0.0472 -0.9974 0.0537
vn 0.7162 -0.3277 0.6162
vn 0.1971 -0.6048 0.7716
vn 0.0514 -0.9986 -0.0110
vn 0.2462 -0.9657 0.0828
vn 0.7162 -0.3277 0.6162
vn -0.0416 -0.9767 -0.2105
vn -0.3722 -0.9183 -0.1346
vn -0.4059 -0.8766 -0.2583
vn 0.2769 -0.3875 -0.8793
vn 0.2769 -0.3875 -0.8793
vn 0.2769 -0.3875 -0.8793
vn -0.4082 -0.8874 0.2141
vn -0.0160 -0.9990 0.0423
vn -0.1529 -0.8805 0.4487
vn 0.0514 -0.9986 -0.0110
vn 0.3809 -0.9236 -0.0427
vn 0.2462 -0.9657 0.0828
vn 0.0514 -0.9986 -0.0110
vn 0.7162 -0.3277 0.6162
vn 0.0472 -0.9974 0.0537
vn 0.0472 -0.9974 0.0537
vn 0.1971 -0.6048 0.7716
vn 0.0050 -0.9992 0.0396
vn -0.1361 -0.5181 0.8444
vn 0.1971 -0.6048 0.7716
vn -0.1361 -0.5181 0.8444
vn -0.0708 -0.9973 0.0167
vn -0.0160 -0.9990 0.0423
vn -0.4082 -0.8874 0.2141
vn -0.0135 -0.9996 -0.0258
vn -0.0708 -0.9973 0.0167
vn -0.3722 -0.9183 -0.1346
vn -0.0416 -0.9767 -0.2105
vn -0.0135 -0.9996 -0.0258
vn -0.3722 -0.9183 -0.1346
vn -0.0195 0.6717 -0.7405
vn -0.0195 0.6717 -0.7405
vn -0.0195 0.6717 -0.7405
vn 0.5898 0.1275 -0.7974
vn 0.8448 -0.2209 -0.4874
vn 0.5898 0.1275 -0.7974
vn 0.8448 -0.2209 -0.4874
vn 0.3809 -0.9236 -0.0427
vn 0.8736 -0.4054 -0.2694
vn 0.0434 -0.9991 0.0041
vn -0.0285 -0.9978 -0.0605
vn 0.2817 -0.9211 -0.2688
vn -0.0160 -0.9990 0.0423
vn -0.0708 -0.9973 0.0167
vn 0.0023 -0.9999 -0.0108
vn 0.0050 -0.9992 0.0396
vn -0.0160 -0.9990 0.0423
vn 0.0023 -0.9999 -0.0108
vn 0.0472 -0.9974 0.0537
vn 0.0050 -0.9992 0.0396
vn 0.0023 -0.9999 -0.0108
vn 0.0514 -0.9986 -0.0110
vn 0.0472 -0.9974 0.0537
vn 0.0023 -0.9999 -0.0108
vn 0.3809 -0.9236 -0.0427
vn 0.0514 -0.9986 -0.0110
vn 0.0023 -0.9999 -0.0108
vn 0.0434 -0.9991 0.0041
vn 0.3809 -0.9236 -0.0427
vn 0.0023 -0.9999 -0.0108
vn -0.0285 -0.9978 -0.0605
vn 0.0434 -0.9991 0.0041
vn 0.0023 -0.9999 -0.0108
vn 0.0897 -0.9940 -0.0625
vn -0.0300 -0.9670 -0.2528
vn 0.0023 -0.9999 -0.0108
vn -0.0300 -0.9670 -0.2528
vn -0.0285 -0.9978 -0.0605
vn 0.0023 -0.9999 -0.0108
vn -0.0416 -0.9767 -0.2105
vn 0.0897 -0.9940 -0.0625
vn 0.0023 -0.9999 -0.0108
vn -0.0135 -0.9996 -0.0258
vn -0.0416 -0.9767 -0.2105
vn 0.0023 -0.9999 -0.0108
vn 0.0023 -0.9999 -0.0108
vn -0.0708 -0.9973 0.0167
vn -0.0135 -0.9996 -0.0258
vn -0.0000 0.9369 -0.3495
vn 0.0213 0.9300 -0.3669
vn 0.0128 0.9673 -0.2531
vn -0.0000 0.9369 -0.3495
vn 0.0483 0.6784 -0.7331
vn 0.0213 0.9300 -0.3669
vn -0.9071 0.1757 -0.3825
vn -0.9071 0.1757 -0.3825
vn -0.9071 0.1757 -0.3825
vn 0.3126 0.7426 -0.5924
vn 0.0213 0.9300 -0.3669
vn 0.0604 0.9320 -0.3574
vn 0.0483 0.6784 -0.7331
vn 0.0857 0.9281 -0.3624
vn 0.0604 0.9320 -0.3574
vn 0.0857 0.9281 -0.3624
vn 0.3126 0.7426 -0.5924
vn 0.0604 0.9320 -0.3574
vn 0.6517 0.3358 -0.6801
vn 0.6517 0.3358 -0.6801
vn 0.6517 0.3358 -0.6801
vn -0.6517 -0.3358 0.6801
vn -0.6517 -0.3358 0.6801
vn -0.6517 -0.3358 0.6801
vn 0.0259 0.9443 0.3280
vn -0.0138 0.7832 0.6216
vn -0.0117 0.9462 0.3234
vn 0.4669 0.6874 -0.5563
vn 0.4669 0.6874 -0.5563
vn 0.1439 0.9799 0.1385
vn 0.0259 0.9443 0.3280
vn 0.0798 0.9457 0.3150
vn 0.1439 0.9799 0.1385
vn -0.9144 0.2466 0.3211
vn -0.9144 0.2466 0.3211
vn -0.9144 0.2466 0.3211
vn -0.0607 0.9960 -0.0650
vn 0.0007 1.0000 -0.0089
vn 0.0019 1.0000 0.0029
vn 0.0798 0.9457 0.3150
vn 0.0259 0.9443 0.3280
vn 0.0352 0.9981 0.0507
vn 0.1653 0.6698 0.7239
vn -0.0138 0.7832 0.6216
vn 0.0798 0.9457 0.3150
vn 0.0411 0.9623 0.2688
vn 0.0052 0.9788 0.2050
vn 0.0357 0.9569 0.2881
vn 0.0041 0.9799 0.1994
vn 0.0411 0.9623 0.2688
vn 0.0234 0.9753 0.2197
vn 0.0007 0.9897 0.1430
vn 0.0062 0.9866 0.1629
vn -0.0024 0.9894 0.1449
vn 0.0067 0.9938 0.1107
vn -0.0452 0.9951 -0.0878
vn 0.0060 0.9939 0.1099
vn 0.0060 0.9939 0.1099
vn 0.0046 0.9951 0.0990
vn 0.0067 0.9938 0.1107
vn 0.0001 0.9999 0.0148
vn -0.0000 0.9999 0.0142
vn 0.0019 1.0000 0.0029
vn 0.0003 0.9999 -0.0120
vn 0.0002 1.0000 0.0012
vn 0.0007 1.0000 -0.0089
vn 0.0007 1.0000 -0.0089
vn 0.0002 1.0000 0.0012
vn 0.0001 1.0000 0.0056
vn 0.0001 1.0000 0.0056
vn 0.0019 1.0000 0.0029
vn 0.0007 1.0000 -0.0089
vn 0.0001 1.0000 0.0056
vn 0.0002 0.9999 0.0139
vn 0.0019 1.0000 0.0029
vn 0.0019 1.0000 0.0029
vn 0.0002 0.9999 0.0139
vn 0.0001 0.9999 0.0148
vn 0.0000 1.0000 -0.0069
vn 0.0002 1.0000 0.0012
vn 0.0003 0.9999 -0.0120
vn 0.0001 0.9999 -0.0153
vn 0.0003 0.9999 -0.0120
vn 0.0037 0.9983 -0.0576
vn 0.0037 0.9983 -0.0576
vn 0.0016 0.9998 -0.0189
vn 0.0001 0.9999 -0.0153
vn 0.0018 0.9996 -0.0298
vn 0.0016 0.9998 -0.0189
vn 0.0037 0.9983 -0.0576
vn 0.0018 0.9996 -0.0298
vn 0.0037 0.9983 -0.0576
vn 0.0109 0.9992 -0.0394
vn 0.0109 0.9992 -0.0394
vn 0.0022 0.9996 -0.0291
vn 0.0018 0.9996 -0.0298
vn 0.0002 0.9993 -0.0364
vn 0.0022 0.9996 -0.0291
vn 0.0109 0.9992 -0.0394
vn 0.0002 0.9993 -0.0364
vn 0.0109 0.9992 -0.0394
vn 0.0068 0.9978 -0.0662
vn 0.0068 0.9978 -0.0662
vn 0.0030 0.9992 -0.0409
vn 0.0002 0.9993 -0.0364
vn 0.0033 0.9988 -0.0495
vn 0.0030 0.9992 -0.0409
vn 0.0068 0.9978 -0.0662
vn 0.0033 0.9988 -0.0495
vn 0.0068 0.9978 -0.0662
vn 0.0070 0.9974 -0.0723
vn 0.0272 0.9768 -0.2126
vn 0.0091 0.9855 -0.1693
vn 0.0094 0.9800 -0.1986
vn 0.0091 0.9855 -0.1693
vn 0.0272 0.9768 -0.2126
vn 0.0211 0.9777 -0.2089
vn 0.0438 0.9638 -0.2630
vn 0.0169 0.9759 -0.2175
vn 0.0211 0.9777 -0.2089
vn 0.0438 0.9638 -0.2630
vn 0.0188 0.9601 -0.2789
vn 0.0169 0.9759 -0.2175
vn 0.0453 0.9424 -0.3314
vn 0.1664 0.9397 -0.2987
vn 0.0580 0.8195 -0.5701
vn 0.0857 0.9281 -0.3624
vn 0.1416 0.3129 -0.9392
vn 0.0453 0.9424 -0.3314
vn 0.3126 0.7426 -0.5924
vn 0.0857 0.9281 -0.3624
vn 0.0213 0.9300 -0.3669
vn 0.0213 0.9300 -0.3669
vn 0.0417 0.9568 -0.2876
vn 0.0271 0.9614 -0.2737
vn 0.0207 0.9652 -0.2606
vn 0.0128 0.9673 -0.2531
vn 0.0213 0.9300 -0.3669
vn 0.0207 0.9652 -0.2606
vn 0.0150 0.9872 -0.1589
vn 0.0128 0.9673 -0.2531
vn 0.1120 0.9770 -0.1815
vn 0.0128 0.9673 -0.2531
vn 0.0150 0.9872 -0.1589
vn 0.0070 0.9968 -0.0799
vn 0.0150 0.9872 -0.1589
vn 0.0755 0.9947 -0.0703
vn 0.0429 0.9942 0.0985
vn 0.0219 0.9938 0.1091
vn 0.0868 0.9943 0.0626
vn 0.0429 0.9942 0.0985
vn 0.0868 0.9943 0.0626
vn 0.0328 0.9994 -0.0057
vn 0.0416 0.9733 0.2258
vn 0.0219 0.9938 0.1091
vn 0.0429 0.9942 0.0985
vn 0.0473 0.9790 0.1984
vn 0.0416 0.9733 0.2258
vn 0.0429 0.9942 0.0985
vn 0.0039 0.9242 0.3818
vn 0.0416 0.9733 0.2258
vn 0.0247 0.9624 0.2704
vn 0.0039 0.9242 0.3818
vn 0.0551 0.9309 0.3611
vn 0.0259 0.9443 0.3280
vn -0.0117 0.9462 0.3234
vn 0.0039 0.9242 0.3818
vn 0.0259 0.9443 0.3280
vn 0.0019 1.0000 0.0029
vn -0.0577 0.9973 0.0447
vn -0.0607 0.9960 -0.0650
vn -0.0577 0.9973 0.0447
vn 0.0019 1.0000 0.0029
vn -0.0000 0.9999 0.0142
vn 0.0046 0.9951 0.0990
vn 0.0060 0.9939 0.1099
vn -0.0251 0.9973 0.0689
vn -0.0251 0.9973 0.0689
vn 0.0026 0.9970 0.0774
vn 0.0046 0.9951 0.0990
vn -0.0251 0.9973 0.0689
vn 0.0009 0.9978 0.0669
vn 0.0026 0.9970 0.0774
vn -0.0251 0.9973 0.0689
vn 0.0024 0.9983 0.0575
vn 0.0009 0.9978 0.0669
vn 0.0024 0.9983 0.0575
vn -0.0251 0.9973 0.0689
vn -0.0577 0.9973 0.0447
vn -0.0577 0.9973 0.0447
vn 0.0010 0.9990 0.0446
vn 0.0024 0.9983 0.0575
vn -0.0577 0.9973 0.0447
vn 0.0001 0.9997 0.0243
vn 0.0010 0.9990 0.0446
vn 0.0001 0.9997 0.0243
vn -0.0577 0.9973 0.0447
vn -0.0000 0.9999 0.0142
vn -0.0000 0.9999 0.0142
vn 0.0009 0.9996 0.0265
vn 0.0001 0.9997 0.0243
vn 0.0001 0.9999 0.0148
vn 0.0009 0.9996 0.0265
vn -0.0000 0.9999 0.0142
vn 0.0060 0.9939 0.1099
vn -0.0452 0.9951 -0.0878
vn -0.0251 0.9973 0.0689
vn -0.0452 0.9951 -0.0878
vn -0.0764 0.9857 0.1505
vn -0.0251 0.9973 0.0689
vn -0.0024 0.9894 0.1449
vn 0.0177 0.9634 0.2673
vn -0.0764 0.9857 0.1505
vn 0.0247 0.9624 0.2704
vn 0.0416 0.9733 0.2258
vn 0.0177 0.9634 0.2673
vn 0.0473 0.9790 0.1984
vn 0.0177 0.9634 0.2673
vn 0.0416 0.9733 0.2258
vn 0.0755 0.9947 -0.0703
vn 0.0328 0.9994 -0.0057
vn 0.0070 0.9968 -0.0799
vn 0.0798 0.9457 0.3150
vn 0.1179 0.8013 0.5865
vn 0.1653 0.6698 0.7239
vn 0.0259 0.9443 0.3280
vn 0.0411 0.9623 0.2688
vn 0.0352 0.9981 0.0507
vn 0.0411 0.9623 0.2688
vn 0.0259 0.9443 0.3280
vn 0.0551 0.9309 0.3611
vn 0.0551 0.9309 0.3611
vn 0.0039 0.9242 0.3818
vn 0.0247 0.9624 0.2704
vn 0.0247 0.9624 0.2704
vn 0.0234 0.9753 0.2197
vn 0.0551 0.9309 0.3611
vn 0.0234 0.9753 0.2197
vn 0.0247 0.9624 0.2704
vn 0.0177 0.9634 0.2673
vn 0.0207 0.9652 -0.2606
vn 0.0409 0.9678 -0.2486
vn 0.0150 0.9872 -0.1589
vn 0.0271 0.9614 -0.2737
vn 0.0207 0.9652 -0.2606
vn 0.0213 0.9300 -0.3669
vn 0.0662 0.9328 -0.3543
vn 0.0417 0.9568 -0.2876
vn 0.0857 0.9281 -0.3624
vn 0.0213 0.9300 -0.3669
vn 0.0857 0.9281 -0.3624
vn 0.0417 0.9568 -0.2876
vn 0.0662 0.9328 -0.3543
vn 0.0857 0.9281 -0.3624
vn 0.0509 0.9458 -0.3207
vn 0.0417 0.9568 -0.2876
vn 0.0662 0.9328 -0.3543
vn 0.0509 0.9458 -0.3207
vn 0.0007 1.0000 -0.0089
vn -0.0607 0.9960 -0.0650
vn 0.0003 0.9999 -0.0120
vn -0.0607 0.9960 -0.0650
vn 0.0037 0.9983 -0.0576
vn 0.0003 0.9999 -0.0120
vn 0.0037 0.9983 -0.0576
vn -0.0607 0.9960 -0.0650
vn -0.0286 0.9949 -0.0971
vn -0.0286 0.9949 -0.0971
vn 0.0109 0.9992 -0.0394
vn 0.0037 0.9983 -0.0576
vn -0.0286 0.9949 -0.0971
vn 0.0068 0.9978 -0.0662
vn 0.0109 0.9992 -0.0394
vn -0.0286 0.9949 -0.0971
vn 0.0070 0.9974 -0.0723
vn 0.0068 0.9978 -0.0662
vn -0.0286 0.9949 -0.0971
vn 0.0042 0.9972 -0.0741
vn 0.0070 0.9974 -0.0723
vn -0.0286 0.9949 -0.0971
vn 0.0069 0.9951 -0.0983
vn 0.0042 0.9972 -0.0741
vn 0.0069 0.9951 -0.0983
vn -0.0286 0.9949 -0.0971
vn 0.0021 0.9960 -0.0898
vn 0.0094 0.9800 -0.1986
vn 0.0207 0.9652 -0.2606
vn 0.0272 0.9768 -0.2126
vn 0.0591 0.9522 -0.2998
vn 0.0188 0.9601 -0.2789
vn 0.0438 0.9638 -0.2630
vn 0.0453 0.9424 -0.3314
vn 0.0188 0.9601 -0.2789
vn 0.0591 0.9522 -0.2998
vn 0.0591 0.9522 -0.2998
vn 0.0857 0.9281 -0.3624
vn 0.0453 0.9424 -0.3314
vn 0.0857 0.9281 -0.3624
vn 0.0591 0.9522 -0.2998
vn 0.0509 0.9458 -0.3207
vn 0.0591 0.9522 -0.2998
vn 0.0438 0.9638 -0.2630
vn 0.0509 0.9458 -0.3207
vn 0.0438 0.9638 -0.2630
vn 0.0417 0.9568 -0.2876
vn 0.0509 0.9458 -0.3207
vn 0.0417 0.9568 -0.2876
vn 0.0438 0.9638 -0.2630
vn 0.0211 0.9777 -0.2089
vn 0.0417 0.9568 -0.2876
vn 0.0211 0.9777 -0.2089
vn 0.0272 0.9768 -0.2126
vn 0.0272 0.9768 -0.2126
vn 0.0271 0.9614 -0.2737
vn 0.0417 0.9568 -0.2876
vn 0.0272 0.9768 -0.2126
vn 0.0207 0.9652 -0.2606
vn 0.0271 0.9614 -0.2737
vn 0.0094 0.9800 -0.1986
vn 0.0409 0.9678 -0.2486
vn 0.0207 0.9652 -0.2606
vn 0.0409 0.9678 -0.2486
vn 0.0094 0.9800 -0.1986
vn 0.0021 0.9960 -0.0898
vn 0.0409 0.9678 -0.2486
vn 0.0021 0.9960 -0.0898
vn -0.0286 0.9949 -0.0971
vn 0.1179 0.8013 0.5865
vn 0.0511 0.9212 0.3858
vn 0.0886 0.8684 0.4878
vn 0.1179 0.8013 0.5865
vn 0.0357 0.9569 0.2881
vn 0.0511 0.9212 0.3858
vn 0.0511 0.9212 0.3858
vn 0.0883 0.3004 0.9497
vn 0.0929 0.9061 0.4128
vn 0.0798 0.9457 0.3150
vn 0.0411 0.9623 0.2688
vn 0.0357 0.9569 0.2881
vn 0.0411 0.9623 0.2688
vn 0.0798 0.9457 0.3150
vn 0.0352 0.9981 0.0507
vn 0.0234 0.9753 0.2197
vn 0.0411 0.9623 0.2688
vn 0.0551 0.9309 0.3611
vn 0.0067 0.9938 0.1107
vn -0.0024 0.9894 0.1449
vn -0.0452 0.9951 -0.0878
vn -0.1068 0.7163 -0.6895
vn -0.1068 0.7163 -0.6895
vn -0.0452 0.9951 -0.0878
vn 0.0177 0.9634 0.2673
vn -0.0024 0.9894 0.1449
vn 0.0062 0.9866 0.1629
vn 0.0062 0.9866 0.1629
vn 0.0234 0.9753 0.2197
vn 0.0177 0.9634 0.2673
vn 0.0798 0.9457 0.3150
vn 0.0357 0.9569 0.2881
vn 0.1179 0.8013 0.5865
vn -0.1641 0.9864 -0.0123
vn -0.7879 0.5955 -0.1567
vn -0.0607 0.9960 -0.0650
vn -0.0577 0.9973 0.0447
vn -0.1641 0.9864 -0.0123
vn -0.0607 0.9960 -0.0650
vn -0.0577 0.9973 0.0447
vn -0.0764 0.9857 0.1505
vn -0.1641 0.9864 -0.0123
vn -0.0764 0.9857 0.1505
vn -0.0577 0.9973 0.0447
vn -0.0251 0.9973 0.0689
vn 0.0328 0.9994 -0.0057
vn -0.0519 0.9930 0.1059
vn 0.0429 0.9942 0.0985
vn 0.0328 0.9994 -0.0057
vn 0.0755 0.9947 -0.0703
vn -0.0519 0.9930 0.1059
vn -0.0764 0.9857 0.1505
vn 0.0177 0.9634 0.2673
vn 0.0473 0.9790 0.1984
vn 0.8709 0.1255 -0.4752
vn 0.8709 0.1255 -0.4752
vn 0.8709 0.1255 -0.4752
vn 0.0409 0.9678 -0.2486
vn 0.0755 0.9947 -0.0703
vn 0.0150 0.9872 -0.1589
vn -0.2647 0.0394 -0.9635
vn -0.2647 0.0394 -0.9635
vn -0.2647 0.0394 -0.9635
vn -0.1154 0.9451 -0.3057
vn -0.0286 0.9949 -0.0971
vn -0.1641 0.9864 -0.0123
vn 0.1287 0.9914 0.0228
vn -0.1116 0.8939 0.4343
vn 0.2515 0.9645 -0.0810
vn -0.1641 0.9864 -0.0123
vn 0.1287 0.9914 0.0228
vn 0.2515 0.9645 -0.0810
vn 0.0423 0.9991 -0.0087
vn 0.0409 0.9678 -0.2486
vn -0.1154 0.9451 -0.3057
vn -0.0729 0.9969 0.0285
vn 0.1287 0.9914 0.0228
vn -0.0764 0.9857 0.1505
vn -0.1432 0.9894 0.0237
vn -0.1265 0.9749 -0.1833
vn -0.0519 0.9930 0.1059
vn -0.1116 0.8939 0.4343
vn -0.0519 0.9930 0.1059
vn -0.1265 0.9749 -0.1833
vn -0.1265 0.9749 -0.1833
vn 0.2515 0.9645 -0.0810
vn -0.1116 0.8939 0.4343
vn 0.2515 0.9645 -0.0810
vn 0.0423 0.9991 -0.0087
vn -0.1641 0.9864 -0.0123
vn -0.0386 0.9966 0.0729
vn -0.0386 0.9966 0.0729
vn -0.0764 0.9857 0.1505
vn 0.1917 0.9632 -0.1885
vn 0.0409 0.9678 -0.2486
vn 0.0423 0.9991 -0.0087
vn -0.1432 0.9894 0.0237
vn -0.0519 0.9930 0.1059
vn 0.0755 0.9947 -0.0703
vn -0.0093 0.9969 -0.0782
vn 0.0114 0.9887 0.1494
vn -0.0764 0.9857 0.1505
vn 0.0423 0.9991 -0.0087
vn -0.1432 0.9894 0.0237
vn 0.0755 0.9947 -0.0703
vn -0.0493 0.9971 0.0581
vn -0.0493 0.9971 0.0581
vn -0.0764 0.9857 0.1505
vn -0.1641 0.9864 -0.0123
vn -0.0764 0.9857 0.1505
vn 0.1287 0.9914 0.0228
vn 0.0423 0.9991 -0.0087
vn -0.1154 0.9451 -0.3057
vn -0.1641 0.9864 -0.0123
vn 0.0755 0.9947 -0.0703
vn 0.1917 0.9632 -0.1885
vn 0.0423 0.9991 -0.0087
vn -0.0764 0.9857 0.1505
vn 0.0473 0.9790 0.1984
vn -0.0093 0.9969 -0.0782
vn -0.0519 0.9930 0.1059
vn -0.0093 0.9969 -0.0782
vn 0.0429 0.9942 0.0985
vn -0.0093 0.9969 -0.0782
vn 0.0473 0.9790 0.1984
vn 0.0429 0.9942 0.0985
vn 0.9241 0.1164 -0.3639
vn 0.9606 0.0164 -0.2776
vn 0.9606 0.0164 -0.2776
vn 0.9312 0.0000 -0.3645
vn 0.7579 0.4920 -0.4284
vn 0.9241 0.1164 -0.3639
vn 0.5892 0.0643 -0.8054
vn 0.9241 0.1164 -0.3639
vn 0.7579 0.4920 -0.4284
vn 0.7579 0.4920 -0.4284
vn 0.4885 0.3871 -0.7820
vn 0.5892 0.0643 -0.8054
vn 0.1442 0.0120 -0.9895
vn 0.5892 0.0643 -0.8054
vn 0.4885 0.3871 -0.7820
vn 0.4885 0.3871 -0.7820
vn 0.1656 0.2696 -0.9486
vn 0.1442 0.0120 -0.9895
vn -0.5842 0.2519 -0.7715
vn 0.1442 0.0120 -0.9895
vn 0.1656 0.2696 -0.9486
vn 0.1656 0.2696 -0.9486
vn 0.3125 0.0514 -0.9485
vn 0.3125 0.0514 -0.9485
vn -0.5386 -0.0045 -0.8426
vn -0.5386 -0.0045 -0.8426
vn -0.5842 0.2519 -0.7715
vn -0.9695 0.2404 -0.0486
vn -0.5842 0.2519 -0.7715
vn -0.9695 0.2404 -0.0486
vn 0.2525 0.1584 0.9546
vn 0.1448 -0.1207 0.9821
vn 0.1448 -0.1207 0.9821
vn -0.3218 0.1227 0.9388
vn -0.3218 0.1227 0.9388
vn 0.2525 0.1584 0.9546
vn 0.5690 -0.0177 0.8221
vn 0.5690 -0.0177 0.8221
vn 0.2525 0.1584 0.9546
vn 0.1040 0.9751 -0.1961
vn 0.1040 0.9751 -0.1961
vn 0.1040 0.9751 -0.1961
vn 0.0984 0.9884 -0.1159
vn 0.0984 0.9884 -0.1159
vn 0.0984 0.9884 -0.1159
vn 0.0958 0.9904 -0.1001
vn 0.0958 0.9904 -0.1001
vn 0.0958 0.9904 -0.1001
vn -0.0084 0.9996 0.0254
vn -0.0084 0.9996 0.0254
vn -0.0084 0.9996 0.0254
vn 0.9892 0.0099 0.1459
vn 0.9892 0.0099 0.1459
vn 0.9892 0.0099 0.1459
vn 0.8441 0.1095 -0.5249
vn 0.8441 0.1095 -0.5249
vn 0.8441 0.1095 -0.5249
vn 0.1701 0.0113 -0.9854
vn 0.1701 0.0113 -0.9854
vn -0.0719 0.1700 -0.9828
vn -0.2932 -0.0121 -0.9560
vn -0.2932 -0.0121 -0.9560
vn -0.0719 0.1700 -0.9828
vn -0.8781 0.0481 0.4761
vn -0.8781 0.0481 0.4761
vn -0.8781 0.0481 0.4761
vn -0.8983 0.0566 0.4357
vn -0.8983 0.0566 0.4357
vn -0.8983 0.0566 0.4357
vn -0.8522 -0.0541 -0.5204
vn -0.8522 -0.0541 -0.5204
vn -0.8522 -0.0541 -0.5204
vn 0.8522 0.0541 0.5204
vn 0.8522 0.0541 0.5204
vn 0.8522 0.0541 0.5204
vn 0.0000 0.9996 0.0294
vn -0.0000 0.9997 0.0247
vn -0.0002 0.9998 0.0217
vn -0.0024 0.9894 0.1449
vn 0.0000 0.9927 0.1204
vn -0.0001 0.9927 0.1207
vn 0.0007 0.9897 0.1430
vn 0.0001 0.9900 0.1414
vn -0.0007 0.9892 0.1463
vn 0.0057 0.9497 0.3131
vn -0.1428 0.7269 0.6718
vn -0.0178 0.9240 0.3819
vn 0.0057 0.9497 0.3131
vn -0.0178 0.9240 0.3819
vn 0.0016 0.9499 0.3125
vn 0.0016 0.9499 0.3125
vn -0.0045 0.9690 0.2471
vn 0.0057 0.9497 0.3131
vn -0.0009 0.9433 0.3319
vn -0.1428 0.7269 0.6718
vn 0.0057 0.9497 0.3131
vn 0.0057 0.9497 0.3131
vn 0.0067 0.9550 0.2966
vn -0.0009 0.9433 0.3319
vn -0.0029 0.9602 0.2791
vn -0.0009 0.9433 0.3319
vn 0.0067 0.9550 0.2966
vn 0.0067 0.9550 0.2966
vn 0.0050 0.9578 0.2875
vn -0.0029 0.9602 0.2791
vn 0.0050 0.9578 0.2875
vn -0.0309 0.9572 0.2877
vn -0.0029 0.9602 0.2791
vn -0.0005 0.9560 0.2932
vn -0.0309 0.9572 0.2877
vn 0.0050 0.9578 0.2875
vn 0.0050 0.9578 0.2875
vn 0.0052 0.9598 0.2805
vn -0.0005 0.9560 0.2932
vn -0.0009 0.9610 0.2764
vn -0.0005 0.9560 0.2932
vn 0.0052 0.9598 0.2805
vn 0.0052 0.9598 0.2805
vn 0.0191 0.9242 -0.3815
vn -0.0009 0.9610 0.2764
vn 0.0191 0.9242 -0.3815
vn 0.0086 0.9617 0.2739
vn -0.0009 0.9610 0.2764
vn 0.0191 0.9242 -0.3815
vn 0.0233 0.7038 -0.7101
vn 0.0233 0.7038 -0.7101
vn 0.0113 0.9642 0.2650
vn -0.0118 0.9190 0.3940
vn 0.0039 0.9556 0.2946
vn 0.1261 0.9766 0.1741
vn 0.0113 0.9642 0.2650
vn 0.0086 0.9617 0.2739
vn -0.0044 0.9661 0.2582
vn 0.0086 0.9617 0.2739
vn 0.0113 0.9642 0.2650
vn 0.0113 0.9642 0.2650
vn 0.0039 0.9556 0.2946
vn -0.0044 0.9661 0.2582
vn -0.0153 0.8970 0.4417
vn -0.0118 0.9190 0.3940
vn -0.0366 0.9693 0.2430
vn -0.0366 0.9693 0.2430
vn 0.0357 0.9569 0.2881
vn -0.0153 0.8970 0.4417
vn -0.0153 0.8970 0.4417
vn 0.0039 0.9556 0.2946
vn -0.0118 0.9190 0.3940
vn -0.0003 0.9713 0.2377
vn 0.0039 0.9556 0.2946
vn -0.0153 0.8970 0.4417
vn -0.0153 0.8970 0.4417
vn 0.0001 0.9720 0.2350
vn -0.0003 0.9713 0.2377
vn 0.0001 0.9720 0.2350
vn 0.0003 0.9724 0.2335
vn -0.0003 0.9713 0.2377
vn 0.0003 0.9724 0.2335
vn 0.0001 0.9720 0.2350
vn 0.0052 0.9788 0.2050
vn 0.0000 0.9781 0.2081
vn -0.0004 0.9797 0.2003
vn -0.0006 0.9777 0.2099
vn 0.0000 0.9781 0.2081
vn -0.0006 0.9777 0.2099
vn -0.0003 0.9770 0.2134
vn 0.0009 0.9764 0.2160
vn 0.0000 0.9781 0.2081
vn -0.0003 0.9770 0.2134
vn 0.0009 0.9764 0.2160
vn -0.0003 0.9770 0.2134
vn -0.0002 0.9751 0.2216
vn -0.0002 0.9751 0.2216
vn 0.0006 0.9678 0.2516
vn 0.0009 0.9764 0.2160
vn 0.0006 0.9678 0.2516
vn -0.0002 0.9751 0.2216
vn 0.0003 0.9724 0.2335
vn 0.0411 0.9623 0.2688
vn 0.0006 0.9678 0.2516
vn 0.0003 0.9724 0.2335
vn 0.0052 0.9788 0.2050
vn 0.0411 0.9623 0.2688
vn 0.0003 0.9724 0.2335
vn 0.0002 0.9823 0.1873
vn -0.0004 0.9838 0.1791
vn -0.0056 0.9820 0.1886
vn -0.0056 0.9820 0.1886
vn -0.0007 0.9815 0.1913
vn 0.0002 0.9823 0.1873
vn 0.0001 0.9809 0.1944
vn 0.0002 0.9823 0.1873
vn -0.0007 0.9815 0.1913
vn 0.0001 0.9809 0.1944
vn -0.0007 0.9815 0.1913
vn -0.0004 0.9797 0.2003
vn -0.0004 0.9797 0.2003
vn 0.0041 0.9799 0.1994
vn 0.0001 0.9809 0.1944
vn 0.0000 0.9781 0.2081
vn 0.0041 0.9799 0.1994
vn -0.0004 0.9797 0.2003
vn 0.0002 0.9823 0.1873
vn 0.0004 0.9842 0.1770
vn -0.0004 0.9838 0.1791
vn -0.0004 0.9838 0.1791
vn 0.0004 0.9842 0.1770
vn 0.0004 0.9850 0.1728
vn 0.0004 0.9850 0.1728
vn -0.0003 0.9857 0.1683
vn -0.0004 0.9838 0.1791
vn 0.0004 0.9850 0.1728
vn 0.0062 0.9866 0.1629
vn -0.0003 0.9857 0.1683
vn 0.0062 0.9866 0.1629
vn 0.0000 0.9866 0.1631
vn -0.0003 0.9857 0.1683
vn 0.0000 0.9881 0.1535
vn 0.0007 0.9897 0.1430
vn -0.0007 0.9892 0.1463
vn 0.0000 0.9881 0.1535
vn -0.0007 0.9892 0.1463
vn -0.0003 0.9875 0.1576
vn -0.0003 0.9875 0.1576
vn 0.0000 0.9866 0.1631
vn 0.0000 0.9881 0.1535
vn 0.0000 0.9866 0.1631
vn -0.0003 0.9875 0.1576
vn -0.0004 0.9861 0.1662
vn -0.0004 0.9861 0.1662
vn -0.0003 0.9857 0.1683
vn 0.0000 0.9866 0.1631
vn -0.0339 0.9919 0.1222
vn -0.0001 0.9927 0.1207
vn 0.0000 0.9927 0.1204
vn 0.0000 0.9918 0.1279
vn -0.0024 0.9894 0.1449
vn -0.0001 0.9927 0.1207
vn 0.0000 0.9918 0.1279
vn -0.0001 0.9927 0.1207
vn -0.0001 0.9907 0.1359
vn -0.0001 0.9907 0.1359
vn 0.0001 0.9900 0.1414
vn 0.0000 0.9918 0.1279
vn 0.0001 0.9900 0.1414
vn -0.0001 0.9907 0.1359
vn -0.0003 0.9896 0.1441
vn -0.0003 0.9896 0.1441
vn -0.0007 0.9892 0.1463
vn 0.0001 0.9900 0.1414
vn 0.0000 0.9953 0.0968
vn -0.0000 0.9962 0.0867
vn -0.0003 0.9959 0.0900
vn 0.0000 0.9953 0.0968
vn -0.0003 0.9959 0.0900
vn -0.0013 0.9949 0.1006
vn -0.0013 0.9949 0.1006
vn -0.0000 0.9945 0.1047
vn 0.0000 0.9953 0.0968
vn -0.0000 0.9945 0.1047
vn -0.0013 0.9949 0.1006
vn -0.0001 0.9934 0.1150
vn 0.0000 0.9927 0.1204
vn -0.0000 0.9945 0.1047
vn -0.0001 0.9934 0.1150
vn -0.0001 0.9934 0.1150
vn -0.0339 0.9919 0.1222
vn 0.0000 0.9927 0.1204
vn -0.0001 0.9968 0.0798
vn -0.0003 0.9959 0.0900
vn -0.0000 0.9962 0.0867
vn -0.0000 0.9962 0.0867
vn -0.0000 0.9970 0.0778
vn -0.0001 0.9968 0.0798
vn -0.0000 0.9972 0.0753
vn -0.0001 0.9968 0.0798
vn -0.0000 0.9970 0.0778
vn -0.0000 0.9970 0.0778
vn -0.0000 0.9972 0.0748
vn -0.0000 0.9972 0.0753
vn -0.0000 0.9979 0.0647
vn -0.0000 0.9972 0.0753
vn -0.0000 0.9972 0.0748
vn -0.0000 0.9972 0.0748
vn 0.0009 0.9978 0.0669
vn -0.0000 0.9979 0.0647
vn -0.0000 0.9979 0.0647
vn 0.0009 0.9978 0.0669
vn 0.0000 0.9981 0.0613
vn 0.0000 0.9981 0.0613
vn -0.0001 0.9984 0.0569
vn -0.0000 0.9979 0.0647
vn 0.0000 0.9981 0.0613
vn -0.0000 0.9986 0.0538
vn -0.0001 0.9984 0.0569
vn -0.0002 0.9987 0.0510
vn -0.0001 0.9984 0.0569
vn -0.0000 0.9986 0.0538
vn -0.0000 0.9986 0.0538
vn 0.0000 0.9988 0.0489
vn -0.0002 0.9987 0.0510
vn -0.0003 0.9991 0.0434
vn -0.0002 0.9987 0.0510
vn 0.0000 0.9988 0.0489
vn 0.0000 0.9988 0.0489
vn -0.0000 0.9989 0.0461
vn -0.0003 0.9991 0.0434
vn -0.0003 0.9991 0.0434
vn -0.0000 0.9989 0.0461
vn 0.0000 0.9993 0.0377
vn -0.0006 0.9994 0.0343
vn -0.0003 0.9991 0.0434
vn 0.0000 0.9993 0.0377
vn 0.0000 0.9993 0.0377
vn 0.0000 0.9996 0.0294
vn -0.0006 0.9994 0.0343
vn 0.0000 0.9996 0.0294
vn -0.0043 0.9996 0.0283
vn -0.0006 0.9994 0.0343
vn -0.0002 0.9998 0.0217
vn -0.0043 0.9996 0.0283
vn 0.0000 0.9996 0.0294
vn -0.0002 0.9998 0.0217
vn -0.0000 0.9997 0.0247
vn 0.0000 0.9998 0.0190
vn 0.0000 0.9998 0.0190
vn 0.0001 0.9999 0.0148
vn -0.0002 0.9998 0.0217
vn -0.0002 0.9999 0.0128
vn -0.0002 0.9998 0.0217
vn 0.0001 0.9999 0.0148
vn 0.0001 0.9999 0.0148
vn 0.0002 0.9999 0.0139
vn -0.0002 0.9999 0.0128
vn -0.0002 0.9999 0.0128
vn 0.0002 0.9999 0.0139
vn 0.0001 1.0000 0.0056
vn -0.0002 1.0000 0.0062
vn -0.0002 0.9999 0.0128
vn 0.0001 1.0000 0.0056
vn 0.0001 1.0000 0.0056
vn 0.0002 1.0000 0.0012
vn -0.0002 1.0000 0.0062
vn 0.0002 1.0000 0.0012
vn -0.0003 1.0000 0.0000
vn -0.0002 1.0000 0.0062
vn -0.0003 1.0000 -0.0041
vn -0.0003 1.0000 0.0000
vn 0.0002 1.0000 0.0012
vn 0.0002 1.0000 0.0012
vn 0.0000 1.0000 -0.0069
vn -0.0003 1.0000 -0.0041
vn -0.0010 0.9999 -0.0106
vn -0.0003 1.0000 -0.0041
vn 0.0000 1.0000 -0.0069
vn 0.0000 1.0000 -0.0069
vn 0.0003 0.9999 -0.0120
vn -0.0010 0.9999 -0.0106
vn -0.0010 0.9999 -0.0106
vn 0.0003 0.9999 -0.0120
vn 0.0001 0.9999 -0.0153
vn -0.0003 0.9998 -0.0180
vn -0.0010 0.9999 -0.0106
vn 0.0001 0.9999 -0.0153
vn 0.0001 0.9999 -0.0153
vn -0.0000 0.9998 -0.0201
vn -0.0003 0.9998 -0.0180
vn -0.0002 0.9996 -0.0268
vn -0.0003 0.9998 -0.0180
vn -0.0000 0.9998 -0.0201
vn -0.0000 0.9998 -0.0201
vn -0.0000 0.9996 -0.0286
vn -0.0002 0.9996 -0.0268
vn -0.0001 0.9995 -0.0325
vn -0.0002 0.9996 -0.0268
vn -0.0000 0.9996 -0.0286
vn -0.0000 0.9996 -0.0286
vn 0.0002 0.9993 -0.0364
vn -0.0001 0.9995 -0.0325
vn -0.0001 0.9992 -0.0400
vn -0.0001 0.9995 -0.0325
vn 0.0002 0.9993 -0.0364
vn 0.0002 0.9993 -0.0364
vn -0.0000 0.9991 -0.0419
vn -0.0001 0.9992 -0.0400
vn -0.0001 0.9989 -0.0479
vn -0.0001 0.9992 -0.0400
vn -0.0000 0.9991 -0.0419
vn -0.0000 0.9991 -0.0419
vn 0.0000 0.9987 -0.0505
vn -0.0001 0.9989 -0.0479
vn -0.0002 0.9985 -0.0548
vn -0.0001 0.9989 -0.0479
vn 0.0000 0.9987 -0.0505
vn 0.0000 0.9987 -0.0505
vn 0.0000 0.9983 -0.0575
vn -0.0002 0.9985 -0.0548
vn -0.0003 0.9981 -0.0614
vn -0.0002 0.9985 -0.0548
vn 0.0000 0.9983 -0.0575
vn 0.0000 0.9983 -0.0575
vn 0.0000 0.9979 -0.0653
vn -0.0003 0.9981 -0.0614
vn -0.0004 0.9975 -0.0703
vn -0.0003 0.9981 -0.0614
vn 0.0000 0.9979 -0.0653
vn 0.0000 0.9979 -0.0653
vn 0.0042 0.9972 -0.0741
vn -0.0004 0.9975 -0.0703
vn -0.0004 0.9975 -0.0703
vn 0.0042 0.9972 -0.0741
vn -0.0000 0.9969 -0.0782
vn -0.0016 0.9969 -0.0788
vn -0.0004 0.9975 -0.0703
vn -0.0000 0.9969 -0.0782
vn -0.0000 0.9969 -0.0782
vn 0.0001 0.9966 -0.0830
vn -0.0016 0.9969 -0.0788
vn -0.0002 0.9963 -0.0858
vn -0.0016 0.9969 -0.0788
vn 0.0001 0.9966 -0.0830
vn -0.0002 0.9963 -0.0858
vn 0.0001 0.9966 -0.0830
vn 0.0000 0.9959 -0.0902
vn 0.0000 0.9959 -0.0902
vn -0.0002 0.9957 -0.0925
vn -0.0002 0.9963 -0.0858
vn -0.0002 0.9957 -0.0925
vn 0.0000 0.9959 -0.0902
vn 0.0000 0.9951 -0.0988
vn -0.0002 0.9949 -0.1011
vn -0.0002 0.9957 -0.0925
vn 0.0000 0.9951 -0.0988
vn 0.0000 0.9951 -0.0988
vn 0.0002 0.9945 -0.1050
vn -0.0002 0.9949 -0.1011
vn -0.0002 0.9941 -0.1083
vn -0.0002 0.9949 -0.1011
vn 0.0002 0.9945 -0.1050
vn -0.0002 0.9941 -0.1083
vn 0.0002 0.9945 -0.1050
vn 0.0001 0.9937 -0.1118
vn 0.0001 0.9937 -0.1118
vn -0.0004 0.9935 -0.1138
vn -0.0002 0.9941 -0.1083
vn -0.0004 0.9935 -0.1138
vn 0.0001 0.9937 -0.1118
vn 0.0001 0.9927 -0.1204
vn -0.0004 0.9925 -0.1223
vn -0.0004 0.9935 -0.1138
vn 0.0001 0.9927 -0.1204
vn -0.0004 0.9925 -0.1223
vn 0.0001 0.9927 -0.1204
vn 0.0002 0.9920 -0.1261
vn -0.0006 0.9915 -0.1300
vn -0.0004 0.9925 -0.1223
vn 0.0002 0.9920 -0.1261
vn 0.0002 0.9920 -0.1261
vn 0.0001 0.9911 -0.1334
vn -0.0006 0.9915 -0.1300
vn -0.0024 0.9909 -0.1349
vn -0.0006 0.9915 -0.1300
vn 0.0001 0.9911 -0.1334
vn 0.0001 0.9911 -0.1334
vn 0.0001 0.9879 -0.1551
vn -0.0024 0.9909 -0.1349
vn 0.0001 0.9891 -0.1471
vn -0.0024 0.9909 -0.1349
vn 0.0001 0.9879 -0.1551
vn 0.0001 0.9891 -0.1471
vn 0.0001 0.9879 -0.1551
vn 0.0094 0.9800 -0.1986
vn 0.0094 0.9800 -0.1986
vn 0.0003 0.9892 -0.1464
vn 0.0001 0.9891 -0.1471
vn -0.0000 0.9884 -0.1516
vn 0.0001 0.9891 -0.1471
vn 0.0003 0.9892 -0.1464
vn -0.0000 0.9884 -0.1516
vn 0.0003 0.9892 -0.1464
vn 0.0000 0.9869 -0.1615
vn 0.0000 0.9869 -0.1615
vn -0.0001 0.9876 -0.1567
vn -0.0000 0.9884 -0.1516
vn -0.0003 0.9856 -0.1689
vn -0.0001 0.9876 -0.1567
vn 0.0000 0.9869 -0.1615
vn -0.0003 0.9856 -0.1689
vn 0.0000 0.9869 -0.1615
vn 0.0091 0.9855 -0.1693
vn 0.0091 0.9855 -0.1693
vn 0.0000 0.9852 -0.1716
vn -0.0003 0.9856 -0.1689
vn -0.0002 0.9835 -0.1809
vn -0.0003 0.9856 -0.1689
vn 0.0000 0.9852 -0.1716
vn -0.0002 0.9835 -0.1809
vn 0.0000 0.9852 -0.1716
vn -0.0001 0.9819 -0.1896
vn -0.0001 0.9819 -0.1896
vn -0.0005 0.9822 -0.1876
vn -0.0454 0.9817 -0.1848
vn -0.0001 0.9819 -0.1896
vn -0.0454 0.9817 -0.1848
vn -0.0002 0.9835 -0.1809
vn -0.0005 0.9822 -0.1876
vn -0.0001 0.9819 -0.1896
vn 0.0211 0.9777 -0.2089
vn -0.0005 0.9822 -0.1876
vn 0.0211 0.9777 -0.2089
vn 0.0001 0.9810 -0.1940
vn -0.0001 0.9783 -0.2071
vn -0.0005 0.9822 -0.1876
vn 0.0001 0.9810 -0.1940
vn 0.0001 0.9810 -0.1940
vn 0.0001 0.9770 -0.2132
vn -0.0001 0.9783 -0.2071
vn -0.0001 0.9764 -0.2159
vn -0.0001 0.9783 -0.2071
vn 0.0001 0.9770 -0.2132
vn 0.0001 0.9770 -0.2132
vn -0.0001 0.9761 -0.2172
vn -0.0001 0.9764 -0.2159
vn -0.0001 0.9761 -0.2172
vn 0.0001 0.9770 -0.2132
vn 0.0169 0.9759 -0.2175
vn -0.0001 0.9761 -0.2172
vn 0.0169 0.9759 -0.2175
vn 0.0004 0.9724 -0.2331
vn 0.0001 0.9719 -0.2353
vn -0.0001 0.9761 -0.2172
vn 0.0004 0.9724 -0.2331
vn 0.0004 0.9724 -0.2331
vn -0.0152 0.9592 -0.2823
vn 0.0001 0.9719 -0.2353
vn 0.0003 0.9721 -0.2344
vn -0.0001 0.9680 -0.2510
vn -0.0012 0.9710 -0.2392
vn -0.0152 0.9592 -0.2823
vn 0.0003 0.9721 -0.2344
vn 0.0001 0.9719 -0.2353
vn -0.0012 0.9710 -0.2392
vn 0.0001 0.9719 -0.2353
vn 0.0003 0.9721 -0.2344
vn 0.0104 0.9607 -0.2772
vn -0.0035 0.9657 -0.2597
vn 0.0122 0.8561 -0.5167
vn 0.0003 0.9721 -0.2344
vn 0.0122 0.8561 -0.5167
vn -0.0001 0.9680 -0.2510
vn -0.0035 0.9657 -0.2597
vn -0.0001 0.9680 -0.2510
vn 0.0122 0.8561 -0.5167
vn 0.0122 0.8561 -0.5167
vn 0.0409 0.9525 -0.3017
vn 0.0104 0.9607 -0.2772
vn 0.0409 0.9525 -0.3017
vn 0.0037 0.9953 -0.0964
vn 0.0104 0.9607 -0.2772
vn -0.0545 0.9208 -0.3861
vn 0.0104 0.9607 -0.2772
vn 0.0037 0.9953 -0.0964
vn -0.0004 0.9598 -0.2807
vn -0.0545 0.9208 -0.3861
vn 0.0037 0.9953 -0.0964
vn 0.0037 0.9953 -0.0964
vn 0.0175 0.9576 -0.2875
vn -0.0004 0.9598 -0.2807
vn 0.0175 0.9576 -0.2875
vn 0.0135 0.9500 -0.3119
vn -0.0004 0.9598 -0.2807
vn -0.0600 0.9388 -0.3391
vn -0.0004 0.9598 -0.2807
vn 0.0135 0.9500 -0.3119
vn -0.0119 0.9480 -0.3181
vn -0.0600 0.9388 -0.3391
vn 0.0135 0.9500 -0.3119
vn -0.0169 0.9086 -0.4174
vn -0.1593 0.4906 -0.8567
vn -0.0119 0.9480 -0.3181
vn 0.0135 0.9500 -0.3119
vn 0.0267 0.9564 -0.2907
vn -0.0119 0.9480 -0.3181
vn -0.0119 0.9480 -0.3181
vn 0.0267 0.9564 -0.2907
vn 0.0008 0.9724 -0.2332
vn 0.0008 0.9724 -0.2332
vn -0.0169 0.9086 -0.4174
vn -0.0119 0.9480 -0.3181
vn -0.0169 0.9086 -0.4174
vn 0.0008 0.9724 -0.2332
vn -0.0077 0.9852 -0.1712
vn -0.0077 0.9852 -0.1712
vn -0.0060 0.9735 -0.2287
vn -0.0169 0.9086 -0.4174
vn -0.0060 0.9735 -0.2287
vn -0.0077 0.9852 -0.1712
vn -0.0503 0.9651 -0.2569
vn 0.0580 0.8195 -0.5701
vn 0.0011 0.9382 -0.3460
vn 0.0000 0.9476 -0.3195
vn -0.0142 0.9060 -0.4231
vn 0.0000 0.9476 -0.3195
vn 0.0011 0.9382 -0.3460
vn -0.0169 0.9086 -0.4174
vn -0.0060 0.9735 -0.2287
vn 0.0000 0.9476 -0.3195
vn -0.0142 0.9060 -0.4231
vn -0.0169 0.9086 -0.4174
vn 0.0000 0.9476 -0.3195
vn -0.1593 0.4906 -0.8567
vn -0.0169 0.9086 -0.4174
vn -0.0142 0.9060 -0.4231
vn 0.0011 0.9382 -0.3460
vn -0.0002 0.9447 -0.3278
vn -0.0142 0.9060 -0.4231
vn -0.0142 0.9060 -0.4231
vn -0.0002 0.9447 -0.3278
vn -0.0866 0.6677 -0.7394
vn -0.0142 0.9060 -0.4231
vn -0.0866 0.6677 -0.7394
vn -0.1593 0.4906 -0.8567
vn 0.0453 0.9424 -0.3314
vn -0.0060 0.9735 -0.2287
vn -0.0503 0.9651 -0.2569
vn 0.0188 0.9601 -0.2789
vn 0.0453 0.9424 -0.3314
vn -0.0503 0.9651 -0.2569
vn 0.0188 0.9601 -0.2789
vn -0.0503 0.9651 -0.2569
vn -0.0152 0.9592 -0.2823
vn 0.0357 0.9569 0.2881
vn -0.0366 0.9693 0.2430
vn -0.0045 0.9690 0.2471
vn 0.0511 0.9212 0.3858
vn -0.0045 0.9690 0.2471
vn 0.0883 0.3004 0.9497
vn 0.0511 0.9212 0.3858
vn 0.0357 0.9569 0.2881
vn -0.0045 0.9690 0.2471
vn 0.1261 0.9766 0.1741
vn 0.0191 0.9242 -0.3815
vn 0.0052 0.9598 0.2805
vn 0.1261 0.9766 0.1741
vn -0.0118 0.9190 0.3940
vn 0.0113 0.9642 0.2650
vn -0.0077 0.9852 -0.1712
vn 0.0008 0.9724 -0.2332
vn 0.0267 0.9564 -0.2907
vn 0.0409 0.9525 -0.3017
vn 0.0267 0.9564 -0.2907
vn 0.0135 0.9500 -0.3119
vn 0.0135 0.9500 -0.3119
vn 0.0175 0.9576 -0.2875
vn 0.0409 0.9525 -0.3017
vn 0.0122 0.8561 -0.5167
vn 0.0003 0.9721 -0.2344
vn -0.0152 0.9592 -0.2823
vn 0.0409 0.9525 -0.3017
vn 0.0175 0.9576 -0.2875
vn 0.0037 0.9953 -0.0964
vn -0.5956 -0.7977 0.0952
vn -0.5956 -0.7977 0.0952
vn -0.5956 -0.7977 0.0952
vn 0.0409 0.9525 -0.3017
vn 0.0122 0.8561 -0.5167
vn -0.0152 0.9592 -0.2823
vn -0.0503 0.9651 -0.2569
vn -0.0077 0.9852 -0.1712
vn 0.2011 0.9705 0.1327
vn 0.0267 0.9564 -0.2907
vn 0.0409 0.9525 -0.3017
vn 0.2011 0.9705 0.1327
vn -0.0077 0.9852 -0.1712
vn 0.0267 0.9564 -0.2907
vn 0.2011 0.9705 0.1327
vn -0.0503 0.9651 -0.2569
vn 0.0409 0.9525 -0.3017
vn -0.2836 0.8645 -0.4150
vn 0.0409 0.9525 -0.3017
vn -0.0152 0.9592 -0.2823
vn -0.2836 0.8645 -0.4150
vn 0.0050 0.9578 0.2875
vn 0.0067 0.9550 0.2966
vn 0.1261 0.9766 0.1741
vn 0.1261 0.9766 0.1741
vn 0.0067 0.9550 0.2966
vn 0.0057 0.9497 0.3131
vn 0.1261 0.9766 0.1741
vn 0.0052 0.9598 0.2805
vn 0.0050 0.9578 0.2875
vn 0.0057 0.9497 0.3131
vn -0.0045 0.9690 0.2471
vn 0.1261 0.9766 0.1741
vn -0.0946 0.9925 0.0772
vn 0.1261 0.9766 0.1741
vn -0.0045 0.9690 0.2471
vn -0.0366 0.9693 0.2430
vn -0.0118 0.9190 0.3940
vn -0.0946 0.9925 0.0772
vn -0.0946 0.9925 0.0772
vn -0.0045 0.9690 0.2471
vn -0.0366 0.9693 0.2430
vn 0.2597 -0.3412 -0.9034
vn 0.2597 -0.3412 -0.9034
vn 0.2597 -0.3412 -0.9034
vn 0.5294 0.7099 -0.4645
vn 0.5294 0.7099 -0.4645
vn 0.1261 0.9766 0.1741
vn 0.6781 0.3754 0.6319
vn 0.6781 0.3754 0.6319
vn 0.2104 0.8880 0.4090
vn -0.6975 0.3555 0.6221
vn -0.6975 0.3555 0.6221
vn -0.6975 0.3555 0.6221
vn -0.6126 0.4659 0.6385
vn -0.0118 0.9190 0.3940
vn -0.6126 0.4659 0.6385
vn 0.0409 0.9525 -0.3017
vn -0.0503 0.9651 -0.2569
vn -0.0661 0.9812 -0.1814
vn 0.2011 0.9705 0.1327
vn 0.8091 0.5862 -0.0423
vn 0.8091 0.5862 -0.0423
vn -0.2783 0.5975 0.7520
vn -0.2783 0.5975 0.7520
vn -0.2783 0.5975 0.7520
vn 0.2433 0.9617 -0.1262
vn -0.6245 0.7810 0.0022
vn -0.3787 0.9241 0.0521
vn -0.2663 0.8502 -0.4541
vn -0.3227 0.4776 -0.8172
vn -0.3792 0.7655 -0.5198
vn -0.3227 0.4776 -0.8172
vn 0.2433 0.9617 -0.1262
vn 0.3647 0.7937 -0.4869
vn 0.9037 0.0184 -0.4278
vn 0.8692 0.0214 -0.4940
vn 0.8859 -0.0541 -0.4607
vn 0.0000 1.0000 0.0000
vn 0.0000 1.0000 0.0000
vn 0.0000 1.0000 0.0000
vn 0.0000 1.0000 0.0000
vn 0.0000 1.0000 0.0000
vn 0.0000 1.0000 0.0000
vn 0.0000 1.0000 -0.0000
vn 0.0000 1.0000 -0.0000
vn 0.0000 1.0000 -0.0000
vn 0.0000 1.0000 0.0000
vn 0.0000 1.0000 0.0000
vn 0.0000 1.0000 0.0000
vn 0.0000 1.0000 0.0000
vn 0.0000 1.0000 0.0000
vn 0.0000 1.0000 0.0000
vn 0.0000 1.0000 -0.0000
vn 0.0000 1.0000 -0.0000
vn 0.0000 1.0000 -0.0000
vn -0.0063 1.0000 0.0046
vn -0.0063 1.0000 0.0046
vn -0.0063 1.0000 0.0046
vn 0.0000 1.0000 0.0000
vn 0.0000 1.0000 0.0000
vn 0.0000 1.0000 0.0000
vn 0.0000 1.0000 0.0000
vn 0.0000 1.0000 0.0000
vn 0.0000 1.0000 0.0000
vn 0.0000 1.0000 -0.0000
vn 0.0000 1.0000 -0.0000
vn 0.0000 1.0000 -0.0000
vn 0.0000 1.0000 0.0000
vn 0.0000 1.0000 0.0000
vn 0.0000 1.0000 0.0000
vn -0.0066 0.9999 0.0122
vn -0.0066 0.9999 0.0122
vn -0.0066 0.9999 0.0122
vn 0.0000 1.0000 -0.0000
vn 0.0000 1.0000 -0.0000
vn 0.0000 1.0000 -0.0000
vn 0.0000 1.0000 -0.0000
vn 0.0000 1.0000 -0.0000
vn 0.0000 1.0000 -0.0000
vn -0.0000 1.0000 0.0000
vn -0.0000 1.0000 0.0000
vn -0.0000 1.0000 0.0000
vn 0.0000 1.0000 0.0000
vn 0.0000 1.0000 0.0000
vn 0.0000 1.0000 0.0000
vn 0.0000 1.0000 0.0000
vn 0.0000 1.0000 0.0000
vn 0.0000 1.0000 0.0000
vn 0.0000 1.0000 0.0000
vn 0.0000 1.0000 0.0000
vn 0.0000 1.0000 0.0000
vn 0.0000 1.0000 0.0000
vn 0.0000 1.0000 0.0000
vn 0.0000 1.0000 0.0000
vn 0.0000 1.0000 0.0000
vn 0.0000 1.0000 0.0000
vn 0.0000 1.0000 0.0000
vn 0.0000 1.0000 0.0000
vn 0.0000 1.0000 0.0000
vn 0.0000 1.0000 0.0000
vn 0.0000 1.0000 0.0000
vn 0.0000 1.0000 0.0000
vn 0.0000 1.0000 0.0000
vn 0.0000 1.0000 0.0000
vn 0.0000 1.0000 0.0000
vn 0.0000 1.0000 0.0000
vn 0.0000 1.0000 0.0000
vn 0.0000 1.0000 0.0000
vn 0.0000 1.0000 0.0000
vn -0.0000 1.0000 0.0000
vn -0.0000 1.0000 0.0000
vn -0.0000 1.0000 0.0000
vn 0.8692 0.0214 -0.4940
vn 0.8293 0.0213 -0.5585
vn 0.8518 -0.0457 -0.5218
vn 0.6289 -0.5181 -0.5798
vn 0.7575 0.0988 -0.6453
vn 0.8293 0.0213 -0.5585
vn 0.8293 0.0213 -0.5585
vn 0.7896 0.0208 -0.6133
vn 0.6018 0.6744 -0.4279
vn 0.7896 0.0208 -0.6133
vn 0.7476 0.0213 -0.6638
vn 0.6829 0.4673 -0.5615
vn 0.6788 -0.1036 -0.7270
vn 0.6289 -0.5181 -0.5798
vn 0.7476 0.0213 -0.6638
vn 0.0000 1.0000 0.0000
vn 0.0000 1.0000 0.0000
vn 0.0000 1.0000 0.0000
vn 0.0000 1.0000 0.0000
vn 0.0000 1.0000 0.0000
vn 0.0000 1.0000 0.0000
vn 0.0000 1.0000 0.0000
vn 0.0000 1.0000 0.0000
vn 0.0000 1.0000 0.0000
vn 0.0000 1.0000 0.0000
vn 0.0000 1.0000 0.0000
vn 0.0000 1.0000 0.0000
vn 0.9340 0.0241 -0.3564
vn 0.9037 0.0184 -0.4278
vn 0.9170 -0.0066 -0.3989
vn 0.9445 0.1862 -0.2705
vn 0.9930 0.0661 -0.0975
vn 0.9340 0.0241 -0.3564
vn 0.9539 0.0216 -0.2994
vn 0.9340 0.0241 -0.3564
vn 0.9930 0.0661 -0.0975
vn 0.9721 0.0202 -0.2337
vn 0.9539 0.0216 -0.2994
vn 0.9930 0.0661 -0.0975
vn 0.9859 0.0189 -0.1660
vn 0.9721 0.0202 -0.2337
vn 0.9930 0.0661 -0.0975
vn 0.9952 0.0188 -0.0963
vn 0.9859 0.0189 -0.1660
vn 0.9930 0.0661 -0.0975
vn 0.9985 0.0254 -0.0478
vn 0.9952 0.0188 -0.0963
vn 0.9930 0.0661 -0.0975
vn 0.2535 0.9605 0.1152
vn 0.5610 0.8278 0.0094
vn 0.2535 0.9605 0.1152
vn 0.0000 1.0000 0.0000
vn 0.0000 1.0000 0.0000
vn 0.0000 1.0000 0.0000
vn 0.0000 1.0000 0.0000
vn 0.0000 1.0000 0.0000
vn 0.0000 1.0000 0.0000
vn 0.0000 1.0000 0.0000
vn 0.0000 1.0000 0.0000
vn 0.0000 1.0000 0.0000
vn 0.0000 1.0000 -0.0000
vn 0.0000 1.0000 -0.0000
vn 0.0000 1.0000 -0.0000
vn 0.0039 1.0000 0.0070
vn 0.0039 1.0000 0.0070
vn 0.0039 1.0000 0.0070
vn 0.0000 1.0000 0.0000
vn 0.0000 1.0000 0.0000
vn 0.0000 1.0000 0.0000
vn 0.0000 1.0000 0.0000
vn 0.0000 1.0000 0.0000
vn 0.0000 1.0000 0.0000
vn 0.0000 1.0000 0.0000
vn 0.0000 1.0000 0.0000
vn 0.0000 1.0000 0.0000
vn -0.0019 1.0000 -0.0038
vn -0.0019 1.0000 -0.0038
vn -0.0019 1.0000 -0.0038
vn -0.0008 1.0000 -0.0076
vn -0.0008 1.0000 -0.0076
vn -0.0008 1.0000 -0.0076
vn 0.0000 1.0000 0.0000
vn 0.0000 1.0000 0.0000
vn 0.0000 1.0000 0.0000
vn -0.0036 1.0000 -0.0081
vn -0.0036 1.0000 -0.0081
vn -0.0036 1.0000 -0.0081
vn 0.0000 1.0000 0.0000
vn 0.0000 1.0000 0.0000
vn 0.0000 1.0000 0.0000
vn 0.0000 1.0000 0.0000
vn 0.0000 1.0000 0.0000
vn 0.0000 1.0000 0.0000
vn 0.0000 1.0000 0.0000
vn 0.0000 1.0000 0.0000
vn 0.0000 1.0000 0.0000
vn 0.0000 1.0000 0.0000
vn 0.0000 1.0000 0.0000
vn 0.0000 1.0000 0.0000
vn 0.5610 0.8278 0.0094
vn 0.0000 1.0000 0.0000
vn 0.0000 1.0000 0.0000
vn 0.0000 1.0000 0.0000
vn 0.0000 1.0000 0.0000
vn 0.5610 0.8278 0.0094
vn 0.5610 0.8278 0.0094
vn 0.0000 1.0000 0.0000
vn 0.0000 1.0000 0.0000
vn 0.0000 1.0000 0.0000
vn 0.0000 1.0000 0.0000
vn 0.0000 1.0000 0.0000
vn -0.0012 1.0000 -0.0001
vn -0.0012 1.0000 -0.0001
vn -0.0012 1.0000 -0.0001
vn -0.0034 1.0000 -0.0009
vn -0.0034 1.0000 -0.0009
vn -0.0034 1.0000 -0.0009
vn -0.0062 1.0000 -0.0022
vn -0.0062 1.0000 -0.0022
vn -0.0062 1.0000 -0.0022
vn -0.0102 0.9999 -0.0044
vn -0.0102 0.9999 -0.0044
vn -0.0102 0.9999 -0.0044
vn -0.0089 0.9999 -0.0046
vn -0.0089 0.9999 -0.0046
vn -0.0089 0.9999 -0.0046
vn -0.0047 1.0000 -0.0029
vn -0.0047 1.0000 -0.0029
vn -0.0047 1.0000 -0.0029
vn 0.3108 0.9375 0.1564
vn 0.3108 0.9375 0.1564
vn 0.3108 0.9375 0.1564
vn 0.4543 0.7804 0.4297
vn 0.4543 0.7804 0.4297
vn 0.4543 0.7804 0.4297
vn 0.0181 0.9984 0.0537
vn 0.0181 0.9984 0.0537
vn 0.0181 0.9984 0.0537
vn 0.0039 1.0000 0.0070
vn 0.0039 1.0000 0.0070
vn 0.0039 1.0000 0.0070
vn -0.0023 1.0000 -0.0030
vn -0.0023 1.0000 -0.0030
vn -0.0023 1.0000 -0.0030
vn 0.0008 1.0000 -0.0007
vn 0.0008 1.0000 -0.0007
vn 0.0008 1.0000 -0.0007
vn 0.0000 1.0000 0.0000
vn 0.0000 1.0000 0.0000
vn 0.0000 1.0000 0.0000
vn 0.0000 1.0000 0.0000
vn 0.0000 1.0000 0.0000
vn 0.0000 1.0000 0.0000
vn -0.0000 1.0000 0.0000
vn -0.0000 1.0000 0.0000
vn -0.0000 1.0000 0.0000
vn -0.2663 0.8502 -0.4541
vn -0.2239 0.7873 -0.5744
vn -0.2882 0.4872 -0.8244
vn -0.3189 0.6801 0.6601
vn -0.3158 0.6781 0.6636
vn -0.2482 0.3864 0.8883
vn -0.2482 0.3864 0.8883
vn -0.1858 0.6668 0.7217
vn -0.3189 0.6801 0.6601
vn -0.0027 0.9978 0.0658
vn -0.1858 0.6668 0.7217
vn -0.0027 0.9978 0.0658
vn -0.3158 0.6781 0.6636
vn -0.4760 0.6501 0.5922
vn -0.1677 0.8938 0.4160
vn -0.0035 0.9994 0.0340
vn -0.0035 0.9994 0.0340
vn -0.0035 0.9994 0.0340
vn -0.0002 1.0000 0.0036
vn -0.0002 1.0000 0.0036
vn -0.0002 1.0000 0.0036
vn -0.1904 0.3685 -0.9099
vn -0.2882 0.4872 -0.8244
vn -0.2239 0.7873 -0.5744
vn -0.2239 0.7873 -0.5744
vn -0.0267 0.9898 -0.1402
vn -0.0267 0.9898 -0.1402
vn -0.0304 0.9397 -0.3407
vn -0.1904 0.3685 -0.9099
vn -0.0304 0.9397 -0.3407
vn -0.0003 1.0000 0.0028
vn -0.0003 1.0000 0.0028
vn -0.0003 1.0000 0.0028
vn 0.0000 1.0000 0.0000
vn 0.0000 1.0000 0.0000
vn 0.0000 1.0000 0.0000
vn 0.0000 1.0000 -0.0000
vn 0.0000 1.0000 -0.0000
vn 0.0000 1.0000 -0.0000
vn 0.0000 1.0000 0.0000
vn 0.0000 1.0000 0.0000
vn 0.0000 1.0000 0.0000
vn 0.0000 1.0000 0.0000
vn 0.0000 1.0000 0.0000
vn 0.0000 1.0000 0.0000
vn 0.0000 1.0000 0.0000
vn 0.0000 1.0000 0.0000
vn 0.0000 1.0000 0.0000
vn 0.0000 1.0000 0.0000
vn 0.0000 1.0000 0.0000
vn 0.0000 1.0000 0.0000
vn 0.0000 1.0000 0.0000
vn 0.0000 1.0000 0.0000
vn 0.0000 1.0000 0.0000
vn -0.0021 0.8565 -0.5162
vn -0.0021 0.8565 -0.5162
vn -0.0021 0.8565 -0.5162
vn -0.1743 0.9844 -0.0241
vn -0.4760 0.6501 0.5922
vn -0.2124 0.9771 0.0117
vn -0.2124 0.9771 0.0117
vn 0.2433 0.9617 -0.1262
vn 0.6641 0.7359 0.1321
vn -0.2124 0.9771 0.0117
vn -0.6245 0.7810 0.0022
vn 0.2433 0.9617 -0.1262
vn 0.0000 1.0000 0.0000
vn 0.0000 1.0000 0.0000
vn 0.0000 1.0000 0.0000
vn 0.0000 1.0000 0.0000
vn 0.0000 1.0000 0.0000
vn 0.0000 1.0000 0.0000
vn 0.0006 0.6941 -0.7199
vn 0.0000 1.0000 0.0000
vn 0.0000 1.0000 0.0000
vn -0.0000 1.0000 -0.0000
vn -0.0000 1.0000 -0.0000
vn 0.0006 0.6941 -0.7199
vn 0.0188 0.9591 -0.2826
vn 0.0188 0.9591 -0.2826
vn 0.0006 0.6941 -0.7199
vn -0.0123 0.9767 -0.2141
vn -0.0123 0.9767 -0.2141
vn -0.0123 0.9767 -0.2141
vn -0.0157 0.8839 -0.4673
vn -0.0600 0.2185 -0.9740
vn -0.0157 0.8839 -0.4673
vn -0.0004 0.0188 0.9998
vn 0.0240 -0.0754 0.9969
vn -0.0678 0.2033 0.9768
vn -0.0678 0.2033 0.9768
vn -0.0010 0.0173 0.9999
vn -0.0004 0.0188 0.9998
vn -0.0010 0.0173 0.9999
vn -0.0678 0.2033 0.9768
vn -0.0117 0.0454 0.9989
vn -0.1858 0.6668 0.7217
vn -0.2482 0.3864 0.8883
vn -0.1011 0.5414 0.8347
vn -0.0166 0.0408 0.9990
vn -0.0117 0.0454 0.9989
vn -0.2482 0.3864 0.8883
vn -0.0117 0.0454 0.9989
vn -0.0678 0.2033 0.9768
vn -0.2482 0.3864 0.8883
vn -0.1011 0.5414 0.8347
vn -0.2482 0.3864 0.8883
vn -0.0678 0.2033 0.9768
vn -0.0327 0.0505 0.9982
vn -0.0166 0.0408 0.9990
vn -0.2482 0.3864 0.8883
vn -0.0600 0.2185 -0.9740
vn -0.0023 0.0228 -0.9997
vn -0.0106 0.0289 -0.9995
vn -0.2882 0.4872 -0.8244
vn -0.1904 0.3685 -0.9099
vn -0.0723 0.1112 -0.9912
vn -0.1904 0.3685 -0.9099
vn -0.0600 0.2185 -0.9740
vn -0.0106 0.0289 -0.9995
vn -0.0723 0.1112 -0.9912
vn -0.1904 0.3685 -0.9099
vn -0.0106 0.0289 -0.9995
vn -0.0001 0.0212 -0.9998
vn 0.0000 0.0297 -0.9996
vn 0.0001 0.0036 -1.0000
vn 0.0001 0.0036 -1.0000
vn -0.0004 -0.0004 -1.0000
vn -0.0001 0.0212 -0.9998
vn -0.0023 0.0228 -0.9997
vn -0.0001 0.0212 -0.9998
vn -0.0004 -0.0004 -1.0000
vn -0.0106 0.0289 -0.9995
vn -0.0023 0.0228 -0.9997
vn -0.0004 -0.0004 -1.0000
vn -0.0004 -0.0004 -1.0000
vn -0.0155 0.0343 -0.9993
vn -0.0723 0.1112 -0.9912
vn -0.0723 0.1112 -0.9912
vn -0.0106 0.0289 -0.9995
vn -0.0004 -0.0004 -1.0000
vn 0.9998 0.0185 -0.0016
vn 0.9971 0.0759 -0.0047
vn 0.9998 0.0195 -0.0008
vn 0.9998 0.0195 -0.0008
vn 0.9997 0.0248 0.0006
vn 0.9998 0.0185 -0.0016
vn 0.6974 0.0183 0.7164
vn 0.7228 0.0194 0.6908
vn 0.7192 0.0224 0.6944
vn 0.6974 0.0183 0.7164
vn 0.7192 0.0224 0.6944
vn 0.6820 0.0197 0.7311
vn 0.6820 0.0197 0.7311
vn 0.6820 0.0176 0.7312
vn 0.6974 0.0183 0.7164
vn 0.7192 0.0224 0.6944
vn 0.7228 0.0194 0.6908
vn 0.7370 0.0192 0.6756
vn 0.7370 0.0192 0.6756
vn 0.7523 0.0187 0.6586
vn 0.7192 0.0224 0.6944
vn 0.7718 0.0196 0.6355
vn 0.7919 -0.0083 0.6105
vn 0.7523 0.0187 0.6586
vn 0.7523 0.0187 0.6586
vn 0.7370 0.0192 0.6756
vn 0.7718 0.0196 0.6355
vn 0.7718 0.0196 0.6355
vn 0.8047 0.0199 0.5934
vn 0.7919 -0.0083 0.6105
vn 0.8299 0.0214 0.5575
vn 0.7919 -0.0083 0.6105
vn 0.8047 0.0199 0.5934
vn 0.8047 0.0199 0.5934
vn 0.8239 0.0203 0.5664
vn 0.8299 0.0214 0.5575
vn 0.8299 0.0214 0.5575
vn 0.8239 0.0203 0.5664
vn 0.8509 0.0191 0.5250
vn 0.8509 0.0191 0.5250
vn 0.8696 0.0207 0.4934
vn 0.8299 0.0214 0.5575
vn 0.8509 0.0191 0.5250
vn 0.8677 0.0180 0.4967
vn 0.8696 0.0207 0.4934
vn 0.8860 0.0178 0.4633
vn 0.8994 0.0099 0.4370
vn 0.9019 0.0202 0.4314
vn 0.8860 0.0178 0.4633
vn 0.9019 0.0202 0.4314
vn 0.8696 0.0207 0.4934
vn 0.8696 0.0207 0.4934
vn 0.8677 0.0180 0.4967
vn 0.8860 0.0178 0.4633
vn 0.9019 0.0202 0.4314
vn 0.8994 0.0099 0.4370
vn 0.9166 0.0194 0.3993
vn 0.9298 0.0206 0.3676
vn 0.9019 0.0202 0.4314
vn 0.9166 0.0194 0.3993
vn 0.9166 0.0194 0.3993
vn 0.9287 0.0202 0.3702
vn 0.9298 0.0206 0.3676
vn 0.9298 0.0206 0.3676
vn 0.9287 0.0202 0.3702
vn 0.9230 0.0200 0.3843
vn 0.9531 0.0221 0.3017
vn 0.9298 0.0206 0.3676
vn 0.9230 0.0200 0.3843
vn 0.9230 0.0200 0.3843
vn 0.9303 0.1743 0.3227
vn 0.9531 0.0221 0.3017
vn 0.9531 0.0221 0.3017
vn 0.9303 0.1743 0.3227
vn 0.9712 0.0193 0.2377
vn 0.9712 0.0338 0.2358
vn 0.9531 0.0221 0.3017
vn 0.9712 0.0193 0.2377
vn 0.9712 0.0193 0.2377
vn 0.9708 0.0194 0.2390
vn 0.9712 0.0338 0.2358
vn 0.9712 0.0338 0.2358
vn 0.9708 0.0194 0.2390
vn 0.9643 0.0214 0.2641
vn 0.9865 0.0212 0.1625
vn 0.9712 0.0338 0.2358
vn 0.9643 0.0214 0.2641
vn 0.9643 0.0214 0.2641
vn 0.9772 0.1481 0.1519
vn 0.9865 0.0212 0.1625
vn 0.9952 0.0205 0.0954
vn 0.9865 0.0212 0.1625
vn 0.9945 0.0189 0.1034
vn 0.9772 0.1481 0.1519
vn 0.9945 0.0189 0.1034
vn 0.9865 0.0212 0.1625
vn 0.9952 0.0205 0.0954
vn 0.9945 0.0189 0.1034
vn 0.9958 0.0186 0.0896
vn 0.9988 0.0200 0.0438
vn 0.9952 0.0205 0.0954
vn 0.9958 0.0186 0.0896
vn 0.9958 0.0186 0.0896
vn 0.9529 0.3004 0.0420
vn 0.9988 0.0200 0.0438
vn 0.9988 0.0200 0.0438
vn 0.9529 0.3004 0.0420
vn 0.9998 0.0185 -0.0016
vn 0.9998 0.0185 -0.0016
vn 0.9997 0.0248 0.0006
vn 0.9988 0.0200 0.0438
vn 0.9998 0.0195 -0.0008
vn 0.9971 0.0759 -0.0047
vn 0.9969 0.0186 -0.0765
vn 0.9969 0.0186 -0.0765
vn 0.9985 0.0254 -0.0478
vn 0.9998 0.0195 -0.0008
vn 0.9985 0.0254 -0.0478
vn 0.9969 0.0186 -0.0765
vn 0.9977 0.0182 -0.0654
vn 0.9977 0.0182 -0.0654
vn 0.9952 0.0188 -0.0963
vn 0.9985 0.0254 -0.0478
vn 0.9914 0.0190 -0.1298
vn 0.9861 0.0200 -0.1651
vn 0.9859 0.0189 -0.1660
vn 0.9914 0.0190 -0.1298
vn 0.9859 0.0189 -0.1660
vn 0.9952 0.0188 -0.0963
vn 0.9952 0.0188 -0.0963
vn 0.9954 0.0181 -0.0938
vn 0.9914 0.0190 -0.1298
vn 0.9977 0.0182 -0.0654
vn 0.9954 0.0181 -0.0938
vn 0.9952 0.0188 -0.0963
vn 0.9906 0.0196 -0.1356
vn 0.9726 0.0087 -0.2324
vn 0.9721 0.0202 -0.2337
vn 0.9906 0.0196 -0.1356
vn 0.9721 0.0202 -0.2337
vn 0.9859 0.0189 -0.1660
vn 0.9859 0.0189 -0.1660
vn 0.9861 0.0200 -0.1651
vn 0.9906 0.0196 -0.1356
vn 0.9548 0.0195 -0.2967
vn 0.9539 0.0216 -0.2994
vn 0.9721 0.0202 -0.2337
vn 0.9721 0.0202 -0.2337
vn 0.9726 0.0087 -0.2324
vn 0.9548 0.0195 -0.2967
vn 0.9548 0.0195 -0.2967
vn 0.9469 0.0202 -0.3210
vn 0.9539 0.0216 -0.2994
vn 0.9340 0.0241 -0.3564
vn 0.9539 0.0216 -0.2994
vn 0.9469 0.0202 -0.3210
vn 0.9469 0.0202 -0.3210
vn 0.9383 0.0217 -0.3451
vn 0.9340 0.0241 -0.3564
vn 0.9340 0.0241 -0.3564
vn 0.9383 0.0217 -0.3451
vn 0.9195 0.0218 -0.3926
vn 0.9037 0.0184 -0.4278
vn 0.9340 0.0241 -0.3564
vn 0.9195 0.0218 -0.3926
vn 0.9195 0.0218 -0.3926
vn 0.9058 0.0253 -0.4230
vn 0.9037 0.0184 -0.4278
vn 0.9460 0.0220 -0.3235
vn 0.8189 0.4857 -0.3057
vn 0.8692 0.0214 -0.4940
vn 0.8692 0.0214 -0.4940
vn 0.9037 0.0184 -0.4278
vn 0.9460 0.0220 -0.3235
vn 0.9037 0.0184 -0.4278
vn 0.9058 0.0253 -0.4230
vn 0.9460 0.0220 -0.3235
vn -0.2994 0.0158 -0.9540
vn -0.2994 0.0158 -0.9540
vn -0.2994 0.0158 -0.9540
vn 0.6631 0.0238 -0.7482
vn 0.8293 0.0213 -0.5585
vn 0.8692 0.0214 -0.4940
vn 0.6631 0.0238 -0.7482
vn 0.8230 0.0268 -0.5675
vn 0.8293 0.0213 -0.5585
vn 0.8230 0.0268 -0.5675
vn 0.8051 0.0265 -0.5926
vn 0.8293 0.0213 -0.5585
vn 0.7896 0.0208 -0.6133
vn 0.8293 0.0213 -0.5585
vn 0.8051 0.0265 -0.5926
vn 0.8051 0.0265 -0.5926
vn 0.7805 0.0195 -0.6249
vn 0.7896 0.0208 -0.6133
vn 0.7805 0.0195 -0.6249
vn 0.7936 0.0191 -0.6081
vn 0.7896 0.0208 -0.6133
vn 0.7476 0.0213 -0.6638
vn 0.7896 0.0208 -0.6133
vn 0.7936 0.0191 -0.6081
vn 0.7000 0.0188 -0.7139
vn 0.6819 0.0175 -0.7312
vn 0.6819 0.0220 -0.7311
vn 0.6819 0.0220 -0.7311
vn 0.7147 0.0205 -0.6991
vn 0.7000 0.0188 -0.7139
vn 0.7147 0.0205 -0.6991
vn 0.6827 0.0187 -0.7305
vn 0.7000 0.0188 -0.7139
vn 0.6827 0.0187 -0.7305
vn 0.7147 0.0205 -0.6991
vn 0.7476 0.0213 -0.6638
vn 0.7476 0.0213 -0.6638
vn 0.7250 0.1072 -0.6803
vn 0.6827 0.0187 -0.7305
vn 0.7936 0.0191 -0.6081
vn 0.7250 0.1072 -0.6803
vn 0.7476 0.0213 -0.6638
vn 0.7381 0.6687 0.0895
vn 0.0759 0.9971 -0.0071
vn 0.5184 0.8494 -0.0988
vn 0.9998 0.0185 -0.0016
vn 0.9529 0.3004 0.0420
vn 0.9971 0.0759 -0.0047
vn 0.7381 0.6687 0.0895
vn 0.9971 0.0759 -0.0047
vn 0.9529 0.3004 0.0420
vn 0.9287 0.0202 0.3702
vn 0.9166 0.0194 0.3993
vn 0.9303 0.1743 0.3227
vn 0.8677 0.0180 0.4967
vn 0.8509 0.0191 0.5250
vn 0.8054 0.2337 0.5447
vn 0.8047 0.0199 0.5934
vn 0.7718 0.0196 0.6355
vn 0.8054 0.2337 0.5447
vn 0.0558 0.9968 0.0580
vn 0.0543 0.9979 0.0360
vn 0.0925 0.9912 0.0942
vn 0.0543 0.9979 0.0360
vn 0.0558 0.9968 0.0580
vn 0.0025 0.9996 0.0266
vn 0.0543 0.9979 0.0360
vn 0.1855 0.9643 0.1888
vn 0.1524 0.9761 0.1551
vn 0.0543 0.9979 0.0360
vn 0.1524 0.9761 0.1551
vn 0.1227 0.9846 0.1244
vn 0.0925 0.9912 0.0942
vn 0.0543 0.9979 0.0360
vn 0.1227 0.9846 0.1244
vn 0.0543 0.9979 0.0360
vn 0.2662 0.9232 0.2773
vn 0.2429 0.9370 0.2513
vn 0.2429 0.9370 0.2513
vn 0.2089 0.9540 0.2151
vn 0.0543 0.9979 0.0360
vn 0.0543 0.9979 0.0360
vn 0.2089 0.9540 0.2151
vn 0.1855 0.9643 0.1888
vn 0.0543 0.9979 0.0360
vn 0.3173 0.8872 0.3350
vn 0.2917 0.9062 0.3060
vn 0.2917 0.9062 0.3060
vn 0.2662 0.9232 0.2773
vn 0.0543 0.9979 0.0360
vn 0.3561 0.8537 0.3799
vn 0.3357 0.8722 0.3558
vn 0.0543 0.9979 0.0360
vn 0.0543 0.9979 0.0360
vn 0.3357 0.8722 0.3558
vn 0.3173 0.8872 0.3350
vn 0.5035 0.7741 0.3837
vn 0.4794 0.7112 0.5143
vn 0.4575 0.7411 0.4914
vn -0.2032 0.5314 0.8224
vn 0.4575 0.7411 0.4914
vn 0.4271 0.7693 0.4752
vn 0.4271 0.7693 0.4752
vn 0.0543 0.9979 0.0360
vn 0.5035 0.7741 0.3837
vn 0.0543 0.9979 0.0360
vn 0.4271 0.7693 0.4752
vn 0.4069 0.8001 0.4407
vn 0.0543 0.9979 0.0360
vn 0.4069 0.8001 0.4407
vn 0.3858 0.8236 0.4158
vn 0.0543 0.9979 0.0360
vn 0.3858 0.8236 0.4158
vn 0.3730 0.8375 0.3994
vn 0.0543 0.9979 0.0360
vn 0.3730 0.8375 0.3994
vn 0.3561 0.8537 0.3799
vn 0.6343 0.5465 0.5468
vn 0.5535 0.5842 0.5936
vn 0.5377 0.6138 0.5780
vn -0.2086 0.4074 0.8891
vn 0.5377 0.6138 0.5780
vn 0.5180 0.6483 0.5580
vn 0.5180 0.6483 0.5580
vn 0.5035 0.7741 0.3837
vn 0.6343 0.5465 0.5468
vn 0.6413 0.3383 0.6887
vn 0.6297 0.3838 0.6754
vn 0.7202 0.3193 0.6160
vn 0.8054 0.2337 0.5447
vn 0.6648 0.2232 0.7129
vn 0.6586 0.2568 0.7074
vn 0.6801 0.0857 0.7281
vn 0.6760 0.1395 0.7235
vn 0.8054 0.2337 0.5447
vn 0.8054 0.2337 0.5447
vn 0.6760 0.1395 0.7235
vn 0.6714 0.1796 0.7190
vn 0.6974 0.0183 0.7164
vn 0.6820 0.0176 0.7312
vn 0.6818 0.0521 0.7297
vn 0.6818 0.0521 0.7297
vn 0.8054 0.2337 0.5447
vn 0.6974 0.0183 0.7164
vn 0.7370 0.0192 0.6756
vn 0.7228 0.0194 0.6908
vn 0.8054 0.2337 0.5447
vn 0.8054 0.2337 0.5447
vn 0.7228 0.0194 0.6908
vn 0.6974 0.0183 0.7164
vn 0.7718 0.0196 0.6355
vn 0.7370 0.0192 0.6756
vn 0.8054 0.2337 0.5447
vn 0.8054 0.2337 0.5447
vn 0.8239 0.0203 0.5664
vn 0.8047 0.0199 0.5934
vn 0.8509 0.0191 0.5250
vn 0.8239 0.0203 0.5664
vn 0.8054 0.2337 0.5447
vn 0.8994 0.0099 0.4370
vn 0.8860 0.0178 0.4633
vn 0.8054 0.2337 0.5447
vn 0.8054 0.2337 0.5447
vn 0.8860 0.0178 0.4633
vn 0.8677 0.0180 0.4967
vn 0.9166 0.0194 0.3993
vn 0.8994 0.0099 0.4370
vn 0.9303 0.1743 0.3227
vn 0.9230 0.0200 0.3843
vn 0.9287 0.0202 0.3702
vn 0.9303 0.1743 0.3227
vn 0.9708 0.0194 0.2390
vn 0.9712 0.0193 0.2377
vn 0.9303 0.1743 0.3227
vn 0.9303 0.1743 0.3227
vn 0.9643 0.0214 0.2641
vn 0.9708 0.0194 0.2390
vn 0.9772 0.1481 0.1519
vn 0.9643 0.0214 0.2641
vn 0.9303 0.1743 0.3227
vn 0.9529 0.3004 0.0420
vn 0.9958 0.0186 0.0896
vn 0.9945 0.0189 0.1034
vn 0.9772 0.1481 0.1519
vn 0.9529 0.3004 0.0420
vn 0.9945 0.0189 0.1034
vn 0.0543 0.9979 0.0360
vn 0.7381 0.6687 0.0895
vn 0.5035 0.7741 0.3837
vn 0.7381 0.6687 0.0895
vn 0.9772 0.1481 0.1519
vn 0.9303 0.1743 0.3227
vn 0.9772 0.1481 0.1519
vn 0.7381 0.6687 0.0895
vn 0.9529 0.3004 0.0420
vn 0.0543 0.9979 0.0360
vn 0.0759 0.9971 -0.0071
vn 0.7381 0.6687 0.0895
vn 0.6818 0.0521 0.7297
vn 0.6801 0.0857 0.7281
vn 0.8054 0.2337 0.5447
vn 0.6714 0.1796 0.7190
vn 0.6648 0.2232 0.7129
vn 0.8054 0.2337 0.5447
vn 0.6586 0.2568 0.7074
vn 0.6445 0.3093 0.6993
vn 0.8054 0.2337 0.5447
vn 0.7381 0.6687 0.0895
vn 0.8054 0.2337 0.5447
vn 0.7202 0.3193 0.6160
vn 0.7202 0.3193 0.6160
vn 0.8054 0.2337 0.5447
vn 0.6445 0.3093 0.6993
vn -0.2562 0.1825 0.9492
vn -0.2562 0.1825 0.9492
vn -0.2562 0.1825 0.9492
vn 0.8054 0.2337 0.5447
vn 0.9303 0.1743 0.3227
vn 0.8994 0.0099 0.4370
vn 0.9303 0.1743 0.3227
vn 0.8054 0.2337 0.5447
vn 0.7381 0.6687 0.0895
vn 0.6105 0.4457 0.6547
vn 0.6008 0.4719 0.6453
vn 0.7202 0.3193 0.6160
vn 0.7381 0.6687 0.0895
vn 0.7202 0.3193 0.6160
vn 0.6343 0.5465 0.5468
vn 0.6343 0.5465 0.5468
vn 0.7202 0.3193 0.6160
vn 0.6008 0.4719 0.6453
vn 0.6008 0.4719 0.6453
vn 0.5879 0.5066 0.6306
vn 0.6343 0.5465 0.5468
vn 0.6343 0.5465 0.5468
vn 0.5035 0.7741 0.3837
vn 0.7381 0.6687 0.0895
vn 0.6819 0.0175 0.7313
vn 0.6816 0.0180 0.7315
vn 0.6820 0.0176 0.7312
vn 0.6819 0.0175 0.7313
vn 0.6820 0.0176 0.7312
vn 0.6820 0.0197 0.7311
vn 0.6820 0.0197 0.7311
vn 0.6812 0.0298 0.7315
vn 0.6819 0.0175 0.7313
vn 0.0310 0.0318 0.9990
vn -0.0119 -0.0394 0.9992
vn -0.0046 0.0043 1.0000
vn 0.0310 0.0318 0.9990
vn -0.0046 0.0043 1.0000
vn 0.0570 0.0041 0.9984
vn 0.0588 0.0265 0.9979
vn 0.0310 0.0318 0.9990
vn 0.0570 0.0041 0.9984
vn 0.0943 0.0216 0.9953
vn 0.0588 0.0265 0.9979
vn 0.0570 0.0041 0.9984
vn 0.0943 0.0216 0.9953
vn 0.0570 0.0041 0.9984
vn 0.1003 0.0094 0.9949
vn 0.1200 0.0231 0.9925
vn 0.0943 0.0216 0.9953
vn 0.1003 0.0094 0.9949
vn 0.1003 0.0094 0.9949
vn 0.1424 0.0088 0.9898
vn 0.1200 0.0231 0.9925
vn 0.1640 0.0211 0.9862
vn 0.1200 0.0231 0.9925
vn 0.1424 0.0088 0.9898
vn 0.1640 0.0211 0.9862
vn 0.1424 0.0088 0.9898
vn 0.1506 0.0042 0.9886
vn 0.1506 0.0042 0.9886
vn 0.1915 0.0094 0.9815
vn 0.1640 0.0211 0.9862
vn 0.2098 0.0224 0.9775
vn 0.1640 0.0211 0.9862
vn 0.1915 0.0094 0.9815
vn 0.2098 0.0224 0.9775
vn 0.1915 0.0094 0.9815
vn 0.2295 0.0101 0.9733
vn 0.2628 0.0437 0.9639
vn 0.2098 0.0224 0.9775
vn 0.2295 0.0101 0.9733
vn 0.2295 0.0101 0.9733
vn 0.2745 0.0117 0.9615
vn 0.2628 0.0437 0.9639
vn 0.3154 0.0252 0.9486
vn 0.2628 0.0437 0.9639
vn 0.2745 0.0117 0.9615
vn 0.3154 0.0252 0.9486
vn 0.2745 0.0117 0.9615
vn 0.2962 0.0074 0.9551
vn 0.3639 0.0096 0.9314
vn 0.4026 0.0138 0.9153
vn 0.3976 0.0218 0.9173
vn 0.3976 0.0218 0.9173
vn 0.3616 0.0240 0.9320
vn 0.3639 0.0096 0.9314
vn 0.3397 0.0133 0.9404
vn 0.3639 0.0096 0.9314
vn 0.3616 0.0240 0.9320
vn 0.3616 0.0240 0.9320
vn 0.3154 0.0252 0.9486
vn 0.3397 0.0133 0.9404
vn 0.2962 0.0074 0.9551
vn 0.3397 0.0133 0.9404
vn 0.3154 0.0252 0.9486
vn 0.4243 0.0217 0.9053
vn 0.3976 0.0218 0.9173
vn 0.4026 0.0138 0.9153
vn 0.4026 0.0138 0.9153
vn 0.4245 0.0204 0.9052
vn 0.4243 0.0217 0.9053
vn 0.4561 0.0209 0.8897
vn 0.4243 0.0217 0.9053
vn 0.4245 0.0204 0.9052
vn 0.5645 0.0240 0.8251
vn 0.5444 0.0208 0.8386
vn 0.5750 0.0164 0.8180
vn 0.5991 0.0233 0.8003
vn 0.5645 0.0240 0.8251
vn 0.5750 0.0164 0.8180
vn 0.4245 0.0204 0.9052
vn 0.4645 0.0144 0.8855
vn 0.4561 0.0209 0.8897
vn 0.4848 0.0209 0.8744
vn 0.4561 0.0209 0.8897
vn 0.4645 0.0144 0.8855
vn 0.4645 0.0144 0.8855
vn 0.4841 0.0128 0.8749
vn 0.4848 0.0209 0.8744
vn 0.5109 0.0211 0.8594
vn 0.4848 0.0209 0.8744
vn 0.4841 0.0128 0.8749
vn 0.4841 0.0128 0.8749
vn 0.5204 0.0141 0.8538
vn 0.5109 0.0211 0.8594
vn 0.5444 0.0208 0.8386
vn 0.5109 0.0211 0.8594
vn 0.5204 0.0141 0.8538
vn 0.5204 0.0141 0.8538
vn 0.5411 0.0141 0.8409
vn 0.5444 0.0208 0.8386
vn 0.5444 0.0208 0.8386
vn 0.5411 0.0141 0.8409
vn 0.5750 0.0164 0.8180
vn 0.5750 0.0164 0.8180
vn 0.5987 0.0165 0.8008
vn 0.5991 0.0233 0.8003
vn 0.6359 0.0338 0.7710
vn 0.5991 0.0233 0.8003
vn 0.5987 0.0165 0.8008
vn 0.5987 0.0165 0.8008
vn 0.6350 0.0165 0.7723
vn 0.6359 0.0338 0.7710
vn 0.6350 0.0165 0.7723
vn 0.6551 0.0168 0.7554
vn 0.6359 0.0338 0.7710
vn 0.6812 0.0298 0.7315
vn 0.6359 0.0338 0.7710
vn 0.6551 0.0168 0.7554
vn 0.6551 0.0168 0.7554
vn 0.6819 0.0175 0.7313
vn 0.6812 0.0298 0.7315
vn 0.8230 0.0268 -0.5675
vn 0.6631 0.0238 -0.7482
vn 0.8189 0.4857 -0.3057
vn 0.3217 0.8811 -0.3468
vn 0.3606 0.8484 -0.3876
vn 0.4043 0.7579 -0.5119
vn 0.6332 0.3694 -0.6801
vn 0.6454 0.3219 -0.6927
vn 0.7250 0.1072 -0.6803
vn 0.6815 0.0364 -0.7309
vn 0.6819 0.0175 -0.7312
vn 0.7000 0.0188 -0.7139
vn 0.6802 0.0729 -0.7294
vn 0.6815 0.0364 -0.7309
vn 0.7000 0.0188 -0.7139
vn 0.6627 0.2388 -0.7098
vn 0.6496 0.3079 -0.6951
vn 0.7250 0.1072 -0.6803
vn 0.8189 0.4857 -0.3057
vn 0.5526 0.5934 -0.5852
vn 0.5716 0.5563 -0.6032
vn 0.8189 0.4857 -0.3057
vn 0.5348 0.6261 -0.5674
vn 0.5526 0.5934 -0.5852
vn 0.8189 0.4857 -0.3057
vn 0.5145 0.6580 -0.5498
vn 0.5348 0.6261 -0.5674
vn 0.4043 0.7579 -0.5119
vn 0.4940 0.6893 -0.5299
vn 0.5145 0.6580 -0.5498
vn 0.4765 0.7145 -0.5122
vn 0.4940 0.6893 -0.5299
vn 0.4043 0.7579 -0.5119
vn 0.2625 0.9229 -0.2816
vn 0.2691 0.9189 -0.2885
vn 0.4611 0.8202 -0.3387
vn 0.6786 0.1050 -0.7270
vn 0.6802 0.0729 -0.7294
vn 0.7250 0.1072 -0.6803
vn 0.7000 0.0188 -0.7139
vn 0.7250 0.1072 -0.6803
vn 0.6802 0.0729 -0.7294
vn 0.7000 0.0188 -0.7139
vn 0.6827 0.0187 -0.7305
vn 0.7250 0.1072 -0.6803
vn 0.4043 0.7579 -0.5119
vn 0.4018 0.8086 -0.4297
vn 0.3854 0.8254 -0.4124
vn 0.4043 0.7579 -0.5119
vn 0.3716 0.8386 -0.3983
vn 0.4018 0.8086 -0.4297
vn 0.7250 0.1072 -0.6803
vn 0.7936 0.0191 -0.6081
vn 0.7805 0.0195 -0.6249
vn 0.4043 0.7579 -0.5119
vn 0.3606 0.8484 -0.3876
vn 0.3716 0.8386 -0.3983
vn 0.4043 0.7579 -0.5119
vn 0.4611 0.8202 -0.3387
vn 0.3217 0.8811 -0.3468
vn 0.7250 0.1072 -0.6803
vn 0.7805 0.0195 -0.6249
vn 0.8051 0.0265 -0.5926
vn 0.8189 0.4857 -0.3057
vn 0.7250 0.1072 -0.6803
vn 0.8051 0.0265 -0.5926
vn 0.8051 0.0265 -0.5926
vn 0.8230 0.0268 -0.5675
vn 0.8189 0.4857 -0.3057
vn -0.4102 0.6528 -0.6369
vn 0.4043 0.7579 -0.5119
vn -0.4102 0.6528 -0.6369
vn 0.4611 0.8202 -0.3387
vn 0.2262 0.9430 -0.2440
vn 0.2625 0.9229 -0.2816
vn 0.7250 0.1072 -0.6803
vn 0.6794 0.0984 -0.7271
vn 0.6786 0.1050 -0.7270
vn 0.2262 0.9430 -0.2440
vn 0.4611 0.8202 -0.3387
vn 0.1806 0.9604 -0.2120
vn 0.5184 0.8494 -0.0988
vn 0.4611 0.8202 -0.3387
vn 0.8189 0.4857 -0.3057
vn 0.4611 0.8202 -0.3387
vn 0.0256 0.9995 -0.0209
vn 0.1806 0.9604 -0.2120
vn 0.9058 0.0253 -0.4230
vn 0.9195 0.0218 -0.3926
vn 0.8189 0.4857 -0.3057
vn 0.6557 0.2771 -0.7023
vn 0.6627 0.2388 -0.7098
vn 0.7250 0.1072 -0.6803
vn 0.0256 0.9995 -0.0209
vn 0.4611 0.8202 -0.3387
vn 0.5184 0.8494 -0.0988
vn 0.0256 0.9995 -0.0209
vn 0.1475 0.9767 -0.1561
vn 0.1806 0.9604 -0.2120
vn 0.0256 0.9995 -0.0209
vn 0.1435 0.9780 -0.1516
vn 0.1475 0.9767 -0.1561
vn 0.7250 0.1072 -0.6803
vn 0.6454 0.3219 -0.6927
vn 0.6557 0.2771 -0.7023
vn 0.7250 0.1072 -0.6803
vn 0.6495 0.4025 -0.6451
vn 0.6332 0.3694 -0.6801
vn 0.8189 0.4857 -0.3057
vn 0.6495 0.4025 -0.6451
vn 0.7250 0.1072 -0.6803
vn 0.5184 0.8494 -0.0988
vn 0.8189 0.4857 -0.3057
vn 0.7381 0.6687 0.0895
vn 0.0256 0.9995 -0.0209
vn 0.5184 0.8494 -0.0988
vn 0.0227 0.9993 0.0304
vn 0.0362 0.9986 -0.0385
vn 0.0256 0.9995 -0.0209
vn -0.0180 0.9997 0.0142
vn 0.9605 -0.1042 -0.2582
vn 0.8189 0.4857 -0.3057
vn 0.9726 0.0087 -0.2324
vn 0.5997 0.5069 -0.6191
vn 0.6007 0.4730 -0.6445
vn 0.6495 0.4025 -0.6451
vn 0.8189 0.4857 -0.3057
vn 0.5716 0.5563 -0.6032
vn 0.5997 0.5069 -0.6191
vn 0.6495 0.4025 -0.6451
vn 0.8189 0.4857 -0.3057
vn 0.5997 0.5069 -0.6191
vn 0.5145 0.6580 -0.5498
vn 0.8189 0.4857 -0.3057
vn 0.4043 0.7579 -0.5119
vn 0.9861 0.0200 -0.1651
vn 0.9914 0.0190 -0.1298
vn 0.9726 0.0087 -0.2324
vn 0.9971 0.0759 -0.0047
vn 0.9726 0.0087 -0.2324
vn 0.9914 0.0190 -0.1298
vn 0.9726 0.0087 -0.2324
vn 0.9906 0.0196 -0.1356
vn 0.9861 0.0200 -0.1651
vn 0.9971 0.0759 -0.0047
vn 0.9977 0.0182 -0.0654
vn 0.9969 0.0186 -0.0765
vn 0.9954 0.0181 -0.0938
vn 0.9977 0.0182 -0.0654
vn 0.9971 0.0759 -0.0047
vn 0.9914 0.0190 -0.1298
vn 0.9954 0.0181 -0.0938
vn 0.9971 0.0759 -0.0047
vn 0.9971 0.0759 -0.0047
vn 0.7381 0.6687 0.0895
vn 0.9726 0.0087 -0.2324
vn 0.9726 0.0087 -0.2324
vn 0.9469 0.0202 -0.3210
vn 0.9548 0.0195 -0.2967
vn 0.9469 0.0202 -0.3210
vn 0.8189 0.4857 -0.3057
vn 0.9383 0.0217 -0.3451
vn 0.8189 0.4857 -0.3057
vn 0.9469 0.0202 -0.3210
vn 0.9726 0.0087 -0.2324
vn 0.9195 0.0218 -0.3926
vn 0.9383 0.0217 -0.3451
vn 0.8189 0.4857 -0.3057
vn 0.8189 0.4857 -0.3057
vn 0.9460 0.0220 -0.3235
vn 0.9058 0.0253 -0.4230
vn 0.6817 0.0175 -0.7315
vn 0.6813 0.0238 -0.7316
vn 0.6819 0.0220 -0.7311
vn 0.6819 0.0220 -0.7311
vn 0.6819 0.0175 -0.7312
vn 0.6817 0.0175 -0.7315
vn 0.6819 0.0175 -0.7312
vn 0.6817 0.0176 -0.7315
vn 0.6817 0.0175 -0.7315
vn 0.3695 0.0233 -0.9290
vn 0.4065 0.0244 -0.9133
vn 0.3865 0.0130 -0.9222
vn 0.6604 0.0337 -0.7501
vn 0.6813 0.0238 -0.7316
vn 0.6817 0.0175 -0.7315
vn 0.6604 0.0337 -0.7501
vn 0.6817 0.0175 -0.7315
vn 0.6491 0.0166 -0.7605
vn 0.6491 0.0166 -0.7605
vn 0.6236 0.0210 -0.7815
vn 0.6604 0.0337 -0.7501
vn 0.6491 0.0166 -0.7605
vn 0.6365 0.0165 -0.7711
vn 0.6236 0.0210 -0.7815
vn 0.6236 0.0210 -0.7815
vn 0.6365 0.0165 -0.7711
vn 0.5999 0.0158 -0.7999
vn 0.5999 0.0158 -0.7999
vn 0.5877 0.0223 -0.8088
vn 0.6236 0.0210 -0.7815
vn 0.5999 0.0158 -0.7999
vn 0.5739 0.0163 -0.8188
vn 0.5877 0.0223 -0.8088
vn 0.5739 0.0163 -0.8188
vn 0.5511 0.0225 -0.8341
vn 0.5877 0.0223 -0.8088
vn 0.5739 0.0163 -0.8188
vn 0.5364 0.0138 -0.8439
vn 0.5511 0.0225 -0.8341
vn 0.5224 0.0401 -0.8518
vn 0.5511 0.0225 -0.8341
vn 0.5364 0.0138 -0.8439
vn 0.5364 0.0138 -0.8439
vn 0.5180 0.0154 -0.8552
vn 0.5224 0.0401 -0.8518
vn 0.4894 0.0237 -0.8718
vn 0.5224 0.0401 -0.8518
vn 0.5180 0.0154 -0.8552
vn 0.4080 0.0129 -0.9129
vn 0.4065 0.0244 -0.9133
vn 0.4306 0.0227 -0.9023
vn 0.4080 0.0129 -0.9129
vn 0.3865 0.0130 -0.9222
vn 0.4065 0.0244 -0.9133
vn 0.5180 0.0154 -0.8552
vn 0.4803 0.0118 -0.8770
vn 0.4894 0.0237 -0.8718
vn 0.4894 0.0237 -0.8718
vn 0.4803 0.0118 -0.8770
vn 0.4621 0.0150 -0.8867
vn 0.4621 0.0150 -0.8867
vn 0.4626 0.0273 -0.8861
vn 0.4894 0.0237 -0.8718
vn 0.4306 0.0227 -0.9023
vn 0.4626 0.0273 -0.8861
vn 0.4621 0.0150 -0.8867
vn 0.4621 0.0150 -0.8867
vn 0.4296 0.0110 -0.9029
vn 0.4306 0.0227 -0.9023
vn 0.4306 0.0227 -0.9023
vn 0.4296 0.0110 -0.9029
vn 0.4080 0.0129 -0.9129
vn 0.2934 0.0101 -0.9559
vn 0.2545 0.0130 -0.9670
vn 0.2693 0.0261 -0.9627
vn 0.2934 0.0101 -0.9559
vn 0.2693 0.0261 -0.9627
vn 0.3044 0.0449 -0.9515
vn 0.3044 0.0449 -0.9515
vn 0.3310 0.0114 -0.9436
vn 0.2934 0.0101 -0.9559
vn 0.3865 0.0130 -0.9222
vn 0.3561 0.0120 -0.9344
vn 0.3695 0.0233 -0.9290
vn 0.3561 0.0120 -0.9344
vn 0.3504 0.0234 -0.9363
vn 0.3695 0.0233 -0.9290
vn 0.3561 0.0120 -0.9344
vn 0.3310 0.0114 -0.9436
vn 0.3504 0.0234 -0.9363
vn 0.3310 0.0114 -0.9436
vn 0.3044 0.0449 -0.9515
vn 0.3504 0.0234 -0.9363
vn 0.2545 0.0130 -0.9670
vn 0.2238 0.0075 -0.9746
vn 0.2076 0.0219 -0.9780
vn 0.2076 0.0219 -0.9780
vn 0.2330 0.0264 -0.9721
vn 0.2545 0.0130 -0.9670
vn 0.2330 0.0264 -0.9721
vn 0.2693 0.0261 -0.9627
vn 0.2545 0.0130 -0.9670
vn 0.1544 0.0032 -0.9880
vn 0.1278 0.0106 -0.9917
vn 0.1658 0.0220 -0.9859
vn 0.1278 0.0106 -0.9917
vn 0.1188 0.0260 -0.9926
vn 0.1658 0.0220 -0.9859
vn 0.2238 0.0075 -0.9746
vn 0.1944 0.0114 -0.9809
vn 0.2076 0.0219 -0.9780
vn 0.1658 0.0220 -0.9859
vn 0.2076 0.0219 -0.9780
vn 0.1944 0.0114 -0.9809
vn 0.1944 0.0114 -0.9809
vn 0.1544 0.0032 -0.9880
vn 0.1658 0.0220 -0.9859
vn 0.0877 0.0019 -0.9961
vn 0.0479 0.0062 -0.9988
vn 0.0971 0.0222 -0.9950
vn 0.0479 0.0062 -0.9988
vn 0.0588 0.0489 -0.9971
vn 0.0971 0.0222 -0.9950
vn 0.0971 0.0222 -0.9950
vn 0.1188 0.0260 -0.9926
vn 0.1278 0.0106 -0.9917
vn 0.1278 0.0106 -0.9917
vn 0.0877 0.0019 -0.9961
vn 0.0971 0.0222 -0.9950
vn 0.0309 0.0209 -0.9993
vn 0.0588 0.0489 -0.9971
vn 0.0479 0.0062 -0.9988
vn 0.0479 0.0062 -0.9988
vn 0.0001 0.0036 -1.0000
vn 0.0309 0.0209 -0.9993
vn 0.0001 0.0036 -1.0000
vn 0.0000 0.0297 -0.9996
vn 0.0309 0.0209 -0.9993
vn -0.0155 0.0343 -0.9993
vn -0.1263 0.3112 -0.9419
vn -0.0723 0.1112 -0.9912
vn -0.0230 -0.0196 -0.9995
vn -0.1263 0.3112 -0.9419
vn -0.0155 0.0343 -0.9993
vn -0.0280 0.0415 0.9987
vn -0.0327 0.0505 0.9982
vn -0.2230 0.2347 0.9461
vn -0.2230 0.2347 0.9461
vn -0.0327 0.0505 0.9982
vn -0.2482 0.3864 0.8883
vn 0.6817 0.0175 -0.7315
vn 0.6817 0.0176 -0.7315
vn 0.6528 0.0157 -0.7574
vn 0.6491 0.0166 -0.7605
vn 0.6817 0.0175 -0.7315
vn 0.6528 0.0157 -0.7574
vn 0.6365 0.0165 -0.7711
vn 0.6491 0.0166 -0.7605
vn 0.6305 0.0404 -0.7751
vn 0.6491 0.0166 -0.7605
vn 0.6528 0.0157 -0.7574
vn 0.6305 0.0404 -0.7751
vn 0.5999 0.0158 -0.7999
vn 0.6305 0.0404 -0.7751
vn 0.5847 0.0125 -0.8111
vn 0.6305 0.0404 -0.7751
vn 0.5999 0.0158 -0.7999
vn 0.6365 0.0165 -0.7711
vn 0.5739 0.0163 -0.8188
vn 0.5999 0.0158 -0.7999
vn 0.5639 0.0271 -0.8254
vn 0.5847 0.0125 -0.8111
vn 0.5639 0.0271 -0.8254
vn 0.5999 0.0158 -0.7999
vn 0.5364 0.0138 -0.8439
vn 0.5639 0.0271 -0.8254
vn 0.4922 0.0458 -0.8693
vn 0.5639 0.0271 -0.8254
vn 0.5364 0.0138 -0.8439
vn 0.5739 0.0163 -0.8188
vn 0.4954 0.0078 -0.8686
vn 0.4482 0.0055 -0.8939
vn 0.4803 0.0118 -0.8770
vn 0.5364 0.0138 -0.8439
vn 0.4922 0.0458 -0.8693
vn 0.4954 0.0078 -0.8686
vn 0.5180 0.0154 -0.8552
vn 0.5364 0.0138 -0.8439
vn 0.4954 0.0078 -0.8686
vn 0.4954 0.0078 -0.8686
vn 0.4803 0.0118 -0.8770
vn 0.5180 0.0154 -0.8552
vn 0.4436 0.0073 -0.8962
vn 0.3561 0.0120 -0.9344
vn 0.3865 0.0130 -0.9222
vn 0.3865 0.0130 -0.9222
vn 0.4080 0.0129 -0.9129
vn 0.4436 0.0073 -0.8962
vn 0.4037 0.0070 -0.9149
vn 0.4436 0.0073 -0.8962
vn 0.4080 0.0129 -0.9129
vn 0.4080 0.0129 -0.9129
vn 0.4296 0.0110 -0.9029
vn 0.4037 0.0070 -0.9149
vn 0.4296 0.0110 -0.9029
vn 0.4482 0.0055 -0.8939
vn 0.4037 0.0070 -0.9149
vn 0.4482 0.0055 -0.8939
vn 0.4296 0.0110 -0.9029
vn 0.4621 0.0150 -0.8867
vn 0.4621 0.0150 -0.8867
vn 0.4803 0.0118 -0.8770
vn 0.4482 0.0055 -0.8939
vn 0.3561 0.0120 -0.9344
vn 0.4436 0.0073 -0.8962
vn 0.3533 0.1574 -0.9222
vn 0.3561 0.0120 -0.9344
vn 0.3533 0.1574 -0.9222
vn 0.2524 0.0070 -0.9676
vn 0.2524 0.0070 -0.9676
vn 0.2934 0.0101 -0.9559
vn 0.3310 0.0114 -0.9436
vn 0.3310 0.0114 -0.9436
vn 0.3561 0.0120 -0.9344
vn 0.2524 0.0070 -0.9676
vn 0.2524 0.0070 -0.9676
vn 0.3255 0.0029 -0.9455
vn 0.2934 0.0101 -0.9559
vn 0.2545 0.0130 -0.9670
vn 0.2934 0.0101 -0.9559
vn 0.3255 0.0029 -0.9455
vn 0.3255 0.0029 -0.9455
vn 0.2238 0.0075 -0.9746
vn 0.2545 0.0130 -0.9670
vn 0.3255 0.0029 -0.9455
vn 0.0280 -0.0013 -0.9996
vn 0.2238 0.0075 -0.9746
vn 0.2238 0.0075 -0.9746
vn 0.0280 -0.0013 -0.9996
vn 0.0549 -0.0011 -0.9985
vn 0.1944 0.0114 -0.9809
vn 0.2238 0.0075 -0.9746
vn 0.0549 -0.0011 -0.9985
vn 0.0549 -0.0011 -0.9985
vn 0.1544 0.0032 -0.9880
vn 0.1944 0.0114 -0.9809
vn 0.0549 -0.0011 -0.9985
vn 0.1063 -0.0026 -0.9943
vn 0.1544 0.0032 -0.9880
vn 0.1278 0.0106 -0.9917
vn 0.1544 0.0032 -0.9880
vn 0.1063 -0.0026 -0.9943
vn 0.1063 -0.0026 -0.9943
vn 0.0877 0.0019 -0.9961
vn 0.1278 0.0106 -0.9917
vn 0.0877 0.0019 -0.9961
vn 0.1063 -0.0026 -0.9943
vn 0.0549 -0.0114 -0.9984
vn 0.0479 0.0062 -0.9988
vn 0.0877 0.0019 -0.9961
vn 0.0549 -0.0114 -0.9984
vn 0.0479 0.0062 -0.9988
vn 0.0549 -0.0114 -0.9984
vn -0.0002 -0.0110 -0.9999
vn -0.0002 -0.0110 -0.9999
vn 0.0001 0.0036 -1.0000
vn 0.0479 0.0062 -0.9988
vn 0.1624 0.4868 -0.8583
vn 0.3684 0.8364 -0.4058
vn 0.1806 0.9604 -0.2120
vn 0.6817 0.0176 -0.7315
vn 0.6819 0.0175 -0.7312
vn 0.6815 0.0364 -0.7309
vn 0.6794 0.0984 -0.7271
vn 0.6730 0.1694 -0.7200
vn 0.6725 0.1679 -0.7208
vn 0.6725 0.1679 -0.7208
vn 0.6764 0.1403 -0.7230
vn 0.6794 0.0984 -0.7271
vn 0.6786 0.1050 -0.7270
vn 0.6794 0.0984 -0.7271
vn 0.6764 0.1403 -0.7230
vn 0.6764 0.1403 -0.7230
vn 0.6786 0.0929 -0.7286
vn 0.6786 0.1050 -0.7270
vn 0.6802 0.0729 -0.7294
vn 0.6786 0.1050 -0.7270
vn 0.6786 0.0929 -0.7286
vn 0.6786 0.0929 -0.7286
vn 0.6801 0.0579 -0.7308
vn 0.6802 0.0729 -0.7294
vn 0.6815 0.0364 -0.7309
vn 0.6802 0.0729 -0.7294
vn 0.6801 0.0579 -0.7308
vn 0.6801 0.0579 -0.7308
vn 0.6817 0.0176 -0.7315
vn 0.6815 0.0364 -0.7309
vn 0.6794 0.0984 -0.7271
vn 0.7250 0.1072 -0.6803
vn 0.6730 0.1694 -0.7200
vn 0.7250 0.1072 -0.6803
vn 0.6496 0.3079 -0.6951
vn 0.6730 0.1694 -0.7200
vn 0.6654 0.2188 -0.7137
vn 0.6730 0.1694 -0.7200
vn 0.6496 0.3079 -0.6951
vn 0.6654 0.2188 -0.7137
vn 0.6496 0.3079 -0.6951
vn 0.6627 0.2388 -0.7098
vn 0.6627 0.2388 -0.7098
vn 0.6605 0.2313 -0.7143
vn 0.6654 0.2188 -0.7137
vn 0.6454 0.3219 -0.6927
vn 0.6368 0.3439 -0.6901
vn 0.6462 0.3223 -0.6917
vn 0.6462 0.3223 -0.6917
vn 0.6548 0.2802 -0.7019
vn 0.6454 0.3219 -0.6927
vn 0.6557 0.2771 -0.7023
vn 0.6454 0.3219 -0.6927
vn 0.6548 0.2802 -0.7019
vn 0.6627 0.2388 -0.7098
vn 0.6557 0.2771 -0.7023
vn 0.6548 0.2802 -0.7019
vn 0.6548 0.2802 -0.7019
vn 0.6605 0.2313 -0.7143
vn 0.6627 0.2388 -0.7098
vn 0.6454 0.3219 -0.6927
vn 0.6332 0.3694 -0.6801
vn 0.6368 0.3439 -0.6901
vn 0.6224 0.3993 -0.6732
vn 0.6368 0.3439 -0.6901
vn 0.6332 0.3694 -0.6801
vn 0.6332 0.3694 -0.6801
vn 0.6159 0.4263 -0.6625
vn 0.6224 0.3993 -0.6732
vn 0.6159 0.4263 -0.6625
vn 0.6332 0.3694 -0.6801
vn 0.6495 0.4025 -0.6451
vn 0.6159 0.4263 -0.6625
vn 0.6495 0.4025 -0.6451
vn 0.6007 0.4730 -0.6445
vn 0.6007 0.4730 -0.6445
vn 0.5987 0.4747 -0.6451
vn 0.6159 0.4263 -0.6625
vn 0.5885 0.5044 -0.6319
vn 0.5987 0.4747 -0.6451
vn 0.6007 0.4730 -0.6445
vn 0.6007 0.4730 -0.6445
vn 0.5997 0.5069 -0.6191
vn 0.5885 0.5044 -0.6319
vn 0.5742 0.5409 -0.6146
vn 0.5885 0.5044 -0.6319
vn 0.5997 0.5069 -0.6191
vn 0.5997 0.5069 -0.6191
vn 0.5716 0.5563 -0.6032
vn 0.5742 0.5409 -0.6146
vn 0.5559 0.5834 -0.5921
vn 0.5742 0.5409 -0.6146
vn 0.5716 0.5563 -0.6032
vn 0.5716 0.5563 -0.6032
vn 0.5526 0.5934 -0.5852
vn 0.5559 0.5834 -0.5921
vn 0.5444 0.6143 -0.5711
vn 0.5559 0.5834 -0.5921
vn 0.5526 0.5934 -0.5852
vn 0.5526 0.5934 -0.5852
vn 0.5348 0.6261 -0.5674
vn 0.5444 0.6143 -0.5711
vn 0.5206 0.6447 -0.5598
vn 0.5444 0.6143 -0.5711
vn 0.5348 0.6261 -0.5674
vn 0.5348 0.6261 -0.5674
vn 0.5145 0.6580 -0.5498
vn 0.5206 0.6447 -0.5598
vn 0.5145 0.6580 -0.5498
vn 0.4940 0.6893 -0.5299
vn 0.5004 0.6773 -0.5393
vn 0.5004 0.6773 -0.5393
vn 0.5206 0.6447 -0.5598
vn 0.5145 0.6580 -0.5498
vn 0.4373 0.6620 -0.6087
vn 0.5339 0.6206 -0.5743
vn 0.4765 0.7145 -0.5122
vn 0.4940 0.6893 -0.5299
vn 0.4765 0.7145 -0.5122
vn 0.5339 0.6206 -0.5743
vn 0.5339 0.6206 -0.5743
vn 0.5004 0.6773 -0.5393
vn 0.4940 0.6893 -0.5299
vn 0.4042 0.8040 -0.4360
vn 0.4373 0.6620 -0.6087
vn 0.4765 0.7145 -0.5122
vn 0.4765 0.7145 -0.5122
vn 0.4043 0.7579 -0.5119
vn 0.4042 0.8040 -0.4360
vn 0.4043 0.7579 -0.5119
vn 0.3854 0.8254 -0.4124
vn 0.4042 0.8040 -0.4360
vn 0.4090 0.8003 -0.4384
vn 0.4042 0.8040 -0.4360
vn 0.3854 0.8254 -0.4124
vn 0.3854 0.8254 -0.4124
vn 0.4018 0.8086 -0.4297
vn 0.4090 0.8003 -0.4384
vn 0.3840 0.8235 -0.4175
vn 0.4090 0.8003 -0.4384
vn 0.4018 0.8086 -0.4297
vn 0.4018 0.8086 -0.4297
vn 0.3716 0.8386 -0.3983
vn 0.3840 0.8235 -0.4175
vn 0.3606 0.8484 -0.3876
vn 0.3217 0.8811 -0.3468
vn 0.3502 0.8561 -0.3800
vn 0.3716 0.8386 -0.3983
vn 0.3606 0.8484 -0.3876
vn 0.3502 0.8561 -0.3800
vn 0.3502 0.8561 -0.3800
vn 0.3640 0.8440 -0.3939
vn 0.3716 0.8386 -0.3983
vn 0.3640 0.8440 -0.3939
vn 0.3840 0.8235 -0.4175
vn 0.3716 0.8386 -0.3983
vn 0.3143 0.8823 -0.3504
vn 0.3502 0.8561 -0.3800
vn 0.3217 0.8811 -0.3468
vn 0.3037 0.8925 -0.3336
vn 0.3143 0.8823 -0.3504
vn 0.3217 0.8811 -0.3468
vn 0.3217 0.8811 -0.3468
vn 0.4611 0.8202 -0.3387
vn 0.3037 0.8925 -0.3336
vn 0.4611 0.8202 -0.3387
vn 0.2691 0.9189 -0.2885
vn 0.3037 0.8925 -0.3336
vn 0.2730 0.9115 -0.3076
vn 0.3037 0.8925 -0.3336
vn 0.2691 0.9189 -0.2885
vn 0.2691 0.9189 -0.2885
vn 0.2625 0.9229 -0.2816
vn 0.2730 0.9115 -0.3076
vn 0.2490 0.9263 -0.2828
vn 0.2730 0.9115 -0.3076
vn 0.2625 0.9229 -0.2816
vn 0.2625 0.9229 -0.2816
vn 0.2262 0.9430 -0.2440
vn 0.2490 0.9263 -0.2828
vn 0.2262 0.9430 -0.2440
vn 0.1806 0.9604 -0.2120
vn 0.3684 0.8364 -0.4058
vn 0.3684 0.8364 -0.4058
vn 0.2490 0.9263 -0.2828
vn 0.2262 0.9430 -0.2440
vn -0.1029 0.9922 0.0710
vn -0.5124 0.6894 0.5120
vn -0.5124 0.6894 0.5120
vn -0.1029 0.9922 0.0710
vn 0.1806 0.9604 -0.2120
vn 0.1475 0.9767 -0.1561
vn 0.0256 0.9995 -0.0209
vn 0.0362 0.9986 -0.0385
vn 0.0793 0.9933 -0.0836
vn 0.1475 0.9767 -0.1561
vn 0.1435 0.9780 -0.1516
vn -0.1029 0.9922 0.0710
vn 0.0793 0.9933 -0.0836
vn -0.1029 0.9922 0.0710
vn 0.1435 0.9780 -0.1516
vn 0.1435 0.9780 -0.1516
vn 0.0256 0.9995 -0.0209
vn 0.0793 0.9933 -0.0836
vn -0.0180 0.9997 0.0142
vn -0.0828 0.9953 -0.0508
vn -0.0052 0.9997 -0.0239
vn -0.0052 0.9997 -0.0239
vn 0.0290 0.9991 -0.0324
vn -0.0180 0.9997 0.0142
vn 0.0362 0.9986 -0.0385
vn -0.0180 0.9997 0.0142
vn 0.0290 0.9991 -0.0324
vn 0.0290 0.9991 -0.0324
vn 0.0404 0.9982 -0.0452
vn 0.0362 0.9986 -0.0385
vn 0.0404 0.9982 -0.0452
vn 0.0793 0.9933 -0.0836
vn 0.0362 0.9986 -0.0385
vn 0.0366 0.9767 0.2114
vn 0.0003 1.0000 0.0007
vn 0.0002 1.0000 0.0002
vn 0.0002 1.0000 0.0002
vn 0.0025 0.9996 0.0266
vn 0.0366 0.9767 0.2114
vn 0.0626 0.9929 0.1014
vn 0.0366 0.9767 0.2114
vn 0.0025 0.9996 0.0266
vn 0.0025 0.9996 0.0266
vn 0.0558 0.9968 0.0580
vn 0.0626 0.9929 0.1014
vn 0.1000 0.9842 0.1462
vn 0.0626 0.9929 0.1014
vn 0.0558 0.9968 0.0580
vn 0.0558 0.9968 0.0580
vn 0.0925 0.9912 0.0942
vn 0.1000 0.9842 0.1462
vn 0.1397 0.9713 0.1925
vn 0.1000 0.9842 0.1462
vn 0.0925 0.9912 0.0942
vn 0.0925 0.9912 0.0942
vn 0.1227 0.9846 0.1244
vn 0.1397 0.9713 0.1925
vn 0.1392 0.9790 0.1489
vn 0.1397 0.9713 0.1925
vn 0.1227 0.9846 0.1244
vn 0.1227 0.9846 0.1244
vn 0.1524 0.9761 0.1551
vn 0.1392 0.9790 0.1489
vn 0.1909 0.9465 0.2602
vn 0.1392 0.9790 0.1489
vn 0.1524 0.9761 0.1551
vn 0.1524 0.9761 0.1551
vn 0.1855 0.9643 0.1888
vn 0.1909 0.9465 0.2602
vn 0.1966 0.9576 0.2107
vn 0.1909 0.9465 0.2602
vn 0.1855 0.9643 0.1888
vn 0.1855 0.9643 0.1888
vn 0.2089 0.9540 0.2151
vn 0.1966 0.9576 0.2107
vn 0.2089 0.9540 0.2151
vn 0.2218 0.9459 0.2370
vn 0.1966 0.9576 0.2107
vn 0.2089 0.9540 0.2151
vn 0.2429 0.9370 0.2513
vn 0.2218 0.9459 0.2370
vn 0.2514 0.9201 0.3003
vn 0.2218 0.9459 0.2370
vn 0.2429 0.9370 0.2513
vn 0.2429 0.9370 0.2513
vn 0.2662 0.9232 0.2773
vn 0.2514 0.9201 0.3003
vn 0.2792 0.9093 0.3084
vn 0.2514 0.9201 0.3003
vn 0.2662 0.9232 0.2773
vn 0.2662 0.9232 0.2773
vn 0.2917 0.9062 0.3060
vn 0.2792 0.9093 0.3084
vn 0.3056 0.8926 0.3314
vn 0.2792 0.9093 0.3084
vn 0.2917 0.9062 0.3060
vn 0.2917 0.9062 0.3060
vn 0.3173 0.8872 0.3350
vn 0.3056 0.8926 0.3314
vn 0.3258 0.8790 0.3482
vn 0.3056 0.8926 0.3314
vn 0.3173 0.8872 0.3350
vn 0.3173 0.8872 0.3350
vn 0.3357 0.8722 0.3558
vn 0.3258 0.8790 0.3482
vn 0.3398 0.8632 0.3734
vn 0.3258 0.8790 0.3482
vn 0.3357 0.8722 0.3558
vn 0.3357 0.8722 0.3558
vn 0.3561 0.8537 0.3799
vn 0.3398 0.8632 0.3734
vn 0.3665 0.8423 0.3951
vn 0.3398 0.8632 0.3734
vn 0.3561 0.8537 0.3799
vn 0.3561 0.8537 0.3799
vn 0.3730 0.8375 0.3994
vn 0.3665 0.8423 0.3951
vn 0.3919 0.8177 0.4217
vn 0.3665 0.8423 0.3951
vn 0.3730 0.8375 0.3994
vn 0.3730 0.8375 0.3994
vn 0.3858 0.8236 0.4158
vn 0.3919 0.8177 0.4217
vn 0.3858 0.8236 0.4158
vn 0.4069 0.8001 0.4407
vn 0.3919 0.8177 0.4217
vn 0.4069 0.8001 0.4407
vn 0.4179 0.7897 0.4491
vn 0.3919 0.8177 0.4217
vn 0.4069 0.8001 0.4407
vn 0.4271 0.7693 0.4752
vn 0.4179 0.7897 0.4491
vn 0.4271 0.7693 0.4752
vn 0.4373 0.7676 0.4686
vn 0.4179 0.7897 0.4491
vn 0.4271 0.7693 0.4752
vn 0.4391 0.7052 0.5567
vn 0.4373 0.7676 0.4686
vn 0.4271 0.7693 0.4752
vn 0.4575 0.7411 0.4914
vn 0.4391 0.7052 0.5567
vn 0.4709 0.7235 0.5048
vn 0.4391 0.7052 0.5567
vn 0.4575 0.7411 0.4914
vn 0.4575 0.7411 0.4914
vn 0.4794 0.7112 0.5143
vn 0.4709 0.7235 0.5048
vn 0.4928 0.6918 0.5277
vn 0.4709 0.7235 0.5048
vn 0.4794 0.7112 0.5143
vn 0.4794 0.7112 0.5143
vn 0.5035 0.7741 0.3837
vn 0.4928 0.6918 0.5277
vn 0.5098 0.6653 0.5453
vn 0.4928 0.6918 0.5277
vn 0.5035 0.7741 0.3837
vn 0.5035 0.7741 0.3837
vn 0.5180 0.6483 0.5580
vn 0.5098 0.6653 0.5453
vn 0.5092 0.5915 0.6252
vn 0.5098 0.6653 0.5453
vn 0.5180 0.6483 0.5580
vn 0.5180 0.6483 0.5580
vn 0.5377 0.6138 0.5780
vn 0.5092 0.5915 0.6252
vn 0.5092 0.5915 0.6252
vn 0.5377 0.6138 0.5780
vn 0.5535 0.5842 0.5936
vn 0.5535 0.5842 0.5936
vn 0.5489 0.5939 0.5882
vn 0.5092 0.5915 0.6252
vn 0.5700 0.5511 0.6094
vn 0.5489 0.5939 0.5882
vn 0.5535 0.5842 0.5936
vn 0.5535 0.5842 0.5936
vn 0.6343 0.5465 0.5468
vn 0.5700 0.5511 0.6094
vn 0.5810 0.5236 0.6231
vn 0.5700 0.5511 0.6094
vn 0.6343 0.5465 0.5468
vn 0.6343 0.5465 0.5468
vn 0.5879 0.5066 0.6306
vn 0.5810 0.5236 0.6231
vn 0.5810 0.5236 0.6231
vn 0.5879 0.5066 0.6306
vn 0.6008 0.4719 0.6453
vn 0.6008 0.4719 0.6453
vn 0.5342 0.4004 0.7445
vn 0.5810 0.5236 0.6231
vn 0.6172 0.4245 0.6625
vn 0.5342 0.4004 0.7445
vn 0.6008 0.4719 0.6453
vn 0.6008 0.4719 0.6453
vn 0.6105 0.4457 0.6547
vn 0.6172 0.4245 0.6625
vn 0.6199 0.4163 0.6651
vn 0.6172 0.4245 0.6625
vn 0.6105 0.4457 0.6547
vn 0.6105 0.4457 0.6547
vn 0.7202 0.3193 0.6160
vn 0.6199 0.4163 0.6651
vn 0.6279 0.3905 0.6732
vn 0.6199 0.4163 0.6651
vn 0.7202 0.3193 0.6160
vn 0.7202 0.3193 0.6160
vn 0.6297 0.3838 0.6754
vn 0.6279 0.3905 0.6732
vn 0.6411 0.3592 0.6782
vn 0.6279 0.3905 0.6732
vn 0.6297 0.3838 0.6754
vn 0.6297 0.3838 0.6754
vn 0.6413 0.3383 0.6887
vn 0.6411 0.3592 0.6782
vn 0.6463 0.3196 0.6929
vn 0.6411 0.3592 0.6782
vn 0.6413 0.3383 0.6887
vn 0.6413 0.3383 0.6887
vn 0.6445 0.3093 0.6993
vn 0.6463 0.3196 0.6929
vn 0.6535 0.2831 0.7020
vn 0.6463 0.3196 0.6929
vn 0.6445 0.3093 0.6993
vn 0.6445 0.3093 0.6993
vn 0.6586 0.2568 0.7074
vn 0.6535 0.2831 0.7020
vn 0.6714 0.1796 0.7190
vn 0.6760 0.1395 0.7235
vn 0.6729 0.1491 0.7246
vn 0.6729 0.1491 0.7246
vn 0.6677 0.1939 0.7187
vn 0.6714 0.1796 0.7190
vn 0.6648 0.2232 0.7129
vn 0.6714 0.1796 0.7190
vn 0.6677 0.1939 0.7187
vn 0.6677 0.1939 0.7187
vn 0.6627 0.2269 0.7137
vn 0.6648 0.2232 0.7129
vn 0.6627 0.2269 0.7137
vn 0.6586 0.2568 0.7074
vn 0.6648 0.2232 0.7129
vn 0.6586 0.2568 0.7074
vn 0.6627 0.2269 0.7137
vn 0.6607 0.2369 0.7123
vn 0.6607 0.2369 0.7123
vn 0.6535 0.2831 0.7020
vn 0.6586 0.2568 0.7074
vn 0.6818 0.0521 0.7297
vn 0.6820 0.0176 0.7312
vn 0.6816 0.0180 0.7315
vn 0.6816 0.0180 0.7315
vn 0.6789 0.0677 0.7311
vn 0.6818 0.0521 0.7297
vn 0.6801 0.0857 0.7281
vn 0.6818 0.0521 0.7297
vn 0.6789 0.0677 0.7311
vn 0.6789 0.0677 0.7311
vn 0.6766 0.0991 0.7296
vn 0.6801 0.0857 0.7281
vn 0.6760 0.1395 0.7235
vn 0.6801 0.0857 0.7281
vn 0.6766 0.0991 0.7296
vn 0.6766 0.0991 0.7296
vn 0.6729 0.1491 0.7246
vn 0.6760 0.1395 0.7235
vn 0.0570 0.0041 0.9984
vn -0.0046 0.0043 1.0000
vn -0.0768 0.0387 0.9963
vn -0.0768 0.0387 0.9963
vn 0.0481 -0.0067 0.9988
vn 0.0570 0.0041 0.9984
vn 0.0570 0.0041 0.9984
vn 0.0481 -0.0067 0.9988
vn 0.0441 -0.0074 0.9990
vn 0.0441 -0.0074 0.9990
vn 0.1003 0.0094 0.9949
vn 0.0570 0.0041 0.9984
vn 0.1424 0.0088 0.9898
vn 0.1003 0.0094 0.9949
vn 0.0441 -0.0074 0.9990
vn 0.0441 -0.0074 0.9990
vn 0.1506 0.0042 0.9886
vn 0.1424 0.0088 0.9898
vn 0.0441 -0.0074 0.9990
vn 0.0154 -0.0101 0.9998
vn 0.1506 0.0042 0.9886
vn 0.1506 0.0042 0.9886
vn 0.0154 -0.0101 0.9998
vn 0.2527 -0.0014 0.9675
vn 0.2041 -0.0024 0.9789
vn 0.2295 0.0101 0.9733
vn 0.1915 0.0094 0.9815
vn 0.1915 0.0094 0.9815
vn 0.2527 -0.0014 0.9675
vn 0.2041 -0.0024 0.9789
vn 0.1915 0.0094 0.9815
vn 0.1506 0.0042 0.9886
vn 0.2527 -0.0014 0.9675
vn 0.2041 -0.0024 0.9789
vn 0.2326 -0.0020 0.9726
vn 0.2295 0.0101 0.9733
vn 0.2745 0.0117 0.9615
vn 0.2295 0.0101 0.9733
vn 0.2326 -0.0020 0.9726
vn 0.2745 0.0117 0.9615
vn 0.2326 -0.0020 0.9726
vn 0.2430 0.0328 0.9695
vn 0.2430 0.0328 0.9695
vn 0.2962 0.0074 0.9551
vn 0.2745 0.0117 0.9615
vn 0.2962 0.0074 0.9551
vn 0.2430 0.0328 0.9695
vn 0.3168 0.0190 0.9483
vn 0.3168 0.0190 0.9483
vn 0.0715 0.0144 0.9973
vn 0.3639 0.0096 0.9314
vn 0.3397 0.0133 0.9404
vn 0.2962 0.0074 0.9551
vn 0.3168 0.0190 0.9483
vn 0.3168 0.0190 0.9483
vn 0.3639 0.0096 0.9314
vn 0.3397 0.0133 0.9404
vn 0.4245 0.0204 0.9052
vn 0.4026 0.0138 0.9153
vn 0.0715 0.0144 0.9973
vn 0.0715 0.0144 0.9973
vn 0.2008 0.1574 0.9669
vn -0.5114 0.0046 0.8593
vn 0.4026 0.0138 0.9153
vn 0.3639 0.0096 0.9314
vn 0.0715 0.0144 0.9973
vn 0.9788 0.0354 0.2017
vn 0.9788 0.0354 0.2017
vn 0.7113 0.0459 0.7014
vn 0.4645 0.0144 0.8855
vn 0.4245 0.0204 0.9052
vn 0.7113 0.0459 0.7014
vn 0.4601 0.0066 0.8879
vn 0.4921 0.0094 0.8705
vn 0.4841 0.0128 0.8749
vn 0.4841 0.0128 0.8749
vn 0.4645 0.0144 0.8855
vn 0.7113 0.0459 0.7014
vn 0.7113 0.0459 0.7014
vn 0.4601 0.0066 0.8879
vn 0.4841 0.0128 0.8749
vn 0.5248 0.0119 0.8512
vn 0.5411 0.0141 0.8409
vn 0.5204 0.0141 0.8538
vn 0.5204 0.0141 0.8538
vn 0.4921 0.0094 0.8705
vn 0.5248 0.0119 0.8512
vn 0.5204 0.0141 0.8538
vn 0.4841 0.0128 0.8749
vn 0.4921 0.0094 0.8705
vn 0.5248 0.0119 0.8512
vn 0.5153 0.0128 0.8569
vn 0.5411 0.0141 0.8409
vn 0.5750 0.0164 0.8180
vn 0.5411 0.0141 0.8409
vn 0.5153 0.0128 0.8569
vn 0.5987 0.0165 0.8008
vn 0.5750 0.0164 0.8180
vn 0.5153 0.0128 0.8569
vn 0.5153 0.0128 0.8569
vn 0.5511 0.1219 0.8255
vn 0.5987 0.0165 0.8008
vn 0.5987 0.0165 0.8008
vn 0.5511 0.1219 0.8255
vn 0.6437 0.0159 0.7651
vn 0.6350 0.0165 0.7723
vn 0.5987 0.0165 0.8008
vn 0.6437 0.0159 0.7651
vn 0.6437 0.0159 0.7651
vn 0.6483 0.0158 0.7613
vn 0.6551 0.0168 0.7554
vn 0.6551 0.0168 0.7554
vn 0.6350 0.0165 0.7723
vn 0.6437 0.0159 0.7651
vn 0.6551 0.0168 0.7554
vn 0.6483 0.0158 0.7613
vn 0.6816 0.0180 0.7315
vn 0.6816 0.0180 0.7315
vn 0.6819 0.0175 0.7313
vn 0.6551 0.0168 0.7554
vn -0.0230 -0.0196 -0.9995
vn -0.1149 -0.1526 -0.9816
vn -0.1245 -0.2794 -0.9521
vn -0.1149 -0.1526 -0.9816
vn -0.0230 -0.0196 -0.9995
vn -0.0016 -0.0133 -0.9999
vn -0.3227 0.4776 -0.8172
vn -0.0723 0.1112 -0.9912
vn -0.1263 0.3112 -0.9419
vn -0.2663 0.8502 -0.4541
vn -0.2882 0.4872 -0.8244
vn -0.3227 0.4776 -0.8172
vn -0.0723 0.1112 -0.9912
vn -0.3227 0.4776 -0.8172
vn -0.2882 0.4872 -0.8244
vn 0.0430 0.6161 -0.7865
vn 0.2433 0.9617 -0.1262
vn -0.0467 0.4780 -0.8771
vn -0.3227 0.4776 -0.8172
vn -0.0467 0.4780 -0.8771
vn 0.2433 0.9617 -0.1262
vn -0.1263 0.3112 -0.9419
vn -0.0230 -0.0196 -0.9995
vn -0.0352 0.0055 -0.9994
vn -0.1263 0.3112 -0.9419
vn -0.0467 0.4780 -0.8771
vn -0.3227 0.4776 -0.8172
vn -0.7582 0.5477 0.3539
vn -0.1566 0.5541 0.8176
vn -0.7582 0.5477 0.3539
vn -0.3158 0.6781 0.6636
vn -0.2821 0.6024 0.7467
vn -0.1566 0.5541 0.8176
vn -0.2482 0.3864 0.8883
vn -0.3158 0.6781 0.6636
vn -0.1566 0.5541 0.8176
vn -0.1403 0.3628 0.9213
vn -0.2230 0.2347 0.9461
vn -0.2482 0.3864 0.8883
vn -0.2482 0.3864 0.8883
vn -0.1566 0.5541 0.8176
vn -0.1403 0.3628 0.9213
vn -0.0280 0.0415 0.9987
vn -0.2230 0.2347 0.9461
vn -0.1403 0.3628 0.9213
vn -0.0011 -0.0062 1.0000
vn -0.0280 0.0415 0.9987
vn -0.0331 0.1241 0.9917
vn -0.0331 0.1241 0.9917
vn -0.0280 0.0415 0.9987
vn -0.1403 0.3628 0.9213
vn -0.0037 -0.0216 0.9998
vn -0.0011 -0.0062 1.0000
vn -0.0941 -0.1406 0.9856
vn -0.0332 -0.1141 0.9929
vn 0.0047 0.0215 0.9998
vn -0.0941 -0.1406 0.9856
vn -0.0331 0.1241 0.9917
vn -0.0941 -0.1406 0.9856
vn -0.0011 -0.0062 1.0000
vn -0.0332 -0.1141 0.9929
vn -0.0941 -0.1406 0.9856
vn -0.2548 -0.2540 0.9330
vn -0.4912 -0.7428 0.4550
vn -0.4912 -0.7428 0.4550
vn -0.4912 -0.7428 0.4550
vn -0.9394 0.0460 -0.3397
vn -0.9394 0.0460 -0.3397
vn -0.9394 0.0460 -0.3397
vn -0.7264 -0.2569 0.6375
vn -0.2548 -0.2540 0.9330
vn -0.0941 -0.1406 0.9856
vn 0.5462 -0.8255 -0.1423
vn 0.5462 -0.8255 -0.1423
vn 0.5462 -0.8255 -0.1423
vn -0.1577 -0.4095 0.8986
vn -0.0803 -0.4682 0.8799
vn -0.6680 -0.0225 0.7438
vn -0.6680 -0.0225 0.7438
vn -0.1517 -0.0560 0.9868
vn -0.1577 -0.4095 0.8986
vn 0.1366 -0.3153 0.9391
vn -0.0457 -0.4494 0.8922
vn -0.0803 -0.4682 0.8799
vn -0.0803 -0.4682 0.8799
vn -0.0457 -0.4494 0.8922
vn -0.6680 -0.0225 0.7438
vn -0.7778 0.6111 0.1467
vn -0.7778 0.6111 0.1467
vn -0.7778 0.6111 0.1467
vn 0.2557 0.4724 0.8435
vn 0.5463 0.8251 0.1444
vn 0.5463 0.8251 0.1444
vn 0.2557 0.4724 0.8435
vn 0.1366 -0.3153 0.9391
vn 0.2382 0.1060 0.9654
vn 0.9610 0.2538 0.1097
vn 0.9610 0.2538 0.1097
vn 0.9610 0.2538 0.1097
vn -0.1335 -0.9728 0.1892
vn -0.1335 -0.9728 0.1892
vn -0.1335 -0.9728 0.1892
vn -0.6680 -0.0225 0.7438
vn -0.7796 0.4943 0.3846
vn -0.7796 0.4943 0.3846
vn 0.6801 0.0579 -0.7308
vn 0.6305 0.0404 -0.7751
vn 0.6528 0.0157 -0.7574
vn 0.6817 0.0176 -0.7315
vn 0.6801 0.0579 -0.7308
vn 0.6528 0.0157 -0.7574
vn 0.6305 0.0404 -0.7751
vn 0.5639 0.0271 -0.8254
vn 0.5847 0.0125 -0.8111
vn 0.4482 0.0055 -0.8939
vn 0.4954 0.0078 -0.8686
vn 0.4922 0.0458 -0.8693
vn 0.4482 0.0055 -0.8939
vn 0.3533 0.1574 -0.9222
vn 0.4037 0.0070 -0.9149
vn 0.4436 0.0073 -0.8962
vn 0.4037 0.0070 -0.9149
vn 0.3533 0.1574 -0.9222
vn 0.3533 0.1574 -0.9222
vn 0.0280 -0.0013 -0.9996
vn 0.2524 0.0070 -0.9676
vn 0.3255 0.0029 -0.9455
vn 0.2524 0.0070 -0.9676
vn 0.0280 -0.0013 -0.9996
vn 0.1063 -0.0026 -0.9943
vn 0.0549 -0.0011 -0.9985
vn 0.0280 -0.0013 -0.9996
vn 0.1063 -0.0026 -0.9943
vn -0.0002 -0.0110 -0.9999
vn 0.0549 -0.0114 -0.9984
vn 0.5449 0.3586 -0.7579
vn 0.5742 0.5409 -0.6146
vn 0.5559 0.5834 -0.5921
vn 0.5885 0.5044 -0.6319
vn 0.5742 0.5409 -0.6146
vn 0.5449 0.3586 -0.7579
vn 0.5449 0.3586 -0.7579
vn 0.5987 0.4747 -0.6451
vn 0.5885 0.5044 -0.6319
vn 0.5449 0.3586 -0.7579
vn 0.6159 0.4263 -0.6625
vn 0.5987 0.4747 -0.6451
vn 0.5449 0.3586 -0.7579
vn 0.6224 0.3993 -0.6732
vn 0.6159 0.4263 -0.6625
vn 0.6368 0.3439 -0.6901
vn 0.6224 0.3993 -0.6732
vn 0.5449 0.3586 -0.7579
vn 0.6368 0.3439 -0.6901
vn 0.5449 0.3586 -0.7579
vn 0.6605 0.2313 -0.7143
vn 0.9526 0.1706 0.2520
vn 0.9526 0.1706 0.2520
vn 0.9526 0.1706 0.2520
vn 0.6605 0.2313 -0.7143
vn 0.6548 0.2802 -0.7019
vn 0.6462 0.3223 -0.6917
vn 0.6730 0.1694 -0.7200
vn 0.6654 0.2188 -0.7137
vn 0.6605 0.2313 -0.7143
vn 0.6605 0.2313 -0.7143
vn 0.6764 0.1403 -0.7230
vn 0.6725 0.1679 -0.7208
vn 0.6305 0.0404 -0.7751
vn 0.6786 0.0929 -0.7286
vn 0.6764 0.1403 -0.7230
vn 0.6305 0.0404 -0.7751
vn 0.6801 0.0579 -0.7308
vn 0.6786 0.0929 -0.7286
vn 0.5639 0.0271 -0.8254
vn 0.6305 0.0404 -0.7751
vn 0.5449 0.3586 -0.7579
vn 0.4922 0.0458 -0.8693
vn 0.5639 0.0271 -0.8254
vn 0.5449 0.3586 -0.7579
vn 0.4922 0.0458 -0.8693
vn 0.3533 0.1574 -0.9222
vn 0.4482 0.0055 -0.8939
vn 0.6764 0.1403 -0.7230
vn 0.6605 0.2313 -0.7143
vn 0.6305 0.0404 -0.7751
vn 0.6305 0.0404 -0.7751
vn 0.6605 0.2313 -0.7143
vn 0.5449 0.3586 -0.7579
vn 0.4922 0.0458 -0.8693
vn 0.5449 0.3586 -0.7579
vn 0.3533 0.1574 -0.9222
vn 0.6725 0.1679 -0.7208
vn 0.6730 0.1694 -0.7200
vn 0.6605 0.2313 -0.7143
vn 0.5444 0.6143 -0.5711
vn 0.5449 0.3586 -0.7579
vn 0.5559 0.5834 -0.5921
vn 0.1063 -0.0026 -0.9943
vn 0.0280 -0.0013 -0.9996
vn -0.0002 -0.0110 -0.9999
vn 0.4373 0.6620 -0.6087
vn 0.3533 0.1574 -0.9222
vn 0.5449 0.3586 -0.7579
vn 0.5449 0.3586 -0.7579
vn 0.5444 0.6143 -0.5711
vn 0.4373 0.6620 -0.6087
vn 0.0793 0.9933 -0.0836
vn 0.0404 0.9982 -0.0452
vn 0.0733 0.9521 -0.2969
vn 0.0404 0.9982 -0.0452
vn 0.0290 0.9991 -0.0324
vn 0.0733 0.9521 -0.2969
vn 0.0290 0.9991 -0.0324
vn -0.0052 0.9997 -0.0239
vn 0.0733 0.9521 -0.2969
vn 0.0733 0.9521 -0.2969
vn 0.1624 0.4868 -0.8583
vn -0.1029 0.9922 0.0710
vn -0.1029 0.9922 0.0710
vn 0.0793 0.9933 -0.0836
vn 0.0733 0.9521 -0.2969
vn 0.2490 0.9263 -0.2828
vn 0.3684 0.8364 -0.4058
vn 0.1624 0.4868 -0.8583
vn 0.2730 0.9115 -0.3076
vn 0.2490 0.9263 -0.2828
vn 0.1624 0.4868 -0.8583
vn 0.1624 0.4868 -0.8583
vn 0.3037 0.8925 -0.3336
vn 0.2730 0.9115 -0.3076
vn 0.3502 0.8561 -0.3800
vn 0.3143 0.8823 -0.3504
vn 0.1624 0.4868 -0.8583
vn 0.3143 0.8823 -0.3504
vn 0.3037 0.8925 -0.3336
vn 0.1624 0.4868 -0.8583
vn 0.3640 0.8440 -0.3939
vn 0.3502 0.8561 -0.3800
vn 0.1624 0.4868 -0.8583
vn 0.1624 0.4868 -0.8583
vn 0.3840 0.8235 -0.4175
vn 0.3640 0.8440 -0.3939
vn 0.4042 0.8040 -0.4360
vn 0.4090 0.8003 -0.4384
vn 0.3840 0.8235 -0.4175
vn 0.4373 0.6620 -0.6087
vn 0.4042 0.8040 -0.4360
vn 0.3840 0.8235 -0.4175
vn 0.5004 0.6773 -0.5393
vn 0.5339 0.6206 -0.5743
vn 0.4373 0.6620 -0.6087
vn 0.5206 0.6447 -0.5598
vn 0.5004 0.6773 -0.5393
vn 0.4373 0.6620 -0.6087
vn 0.4373 0.6620 -0.6087
vn 0.5444 0.6143 -0.5711
vn 0.5206 0.6447 -0.5598
vn 0.3840 0.8235 -0.4175
vn 0.1624 0.4868 -0.8583
vn 0.4373 0.6620 -0.6087
vn 0.0280 -0.0013 -0.9996
vn 0.3533 0.1574 -0.9222
vn 0.4373 0.6620 -0.6087
vn 0.4087 0.9127 0.0026
vn 0.4087 0.9127 0.0026
vn 0.4373 0.6620 -0.6087
vn -0.0052 0.9997 -0.0239
vn 0.0022 0.9999 -0.0134
vn 0.0417 0.9536 -0.2981
vn 0.1935 0.1693 -0.9664
vn 0.1933 0.0012 -0.9811
vn 0.1531 0.1555 -0.9759
vn 0.1531 0.1555 -0.9759
vn 0.1933 0.0012 -0.9811
vn 0.1705 -0.0466 -0.9843
vn 0.1531 0.1555 -0.9759
vn 0.1746 0.3756 -0.9102
vn 0.1899 0.2555 -0.9480
vn 0.1899 0.2555 -0.9480
vn 0.1935 0.1693 -0.9664
vn 0.1531 0.1555 -0.9759
vn 0.1746 0.3756 -0.9102
vn 0.1321 0.7220 -0.6792
vn 0.1725 0.4204 -0.8908
vn 0.1684 0.4928 -0.8537
vn 0.1725 0.4204 -0.8908
vn 0.1321 0.7220 -0.6792
vn 0.1541 0.6220 -0.7677
vn 0.1618 0.5619 -0.8112
vn 0.1321 0.7220 -0.6792
vn 0.1321 0.7220 -0.6792
vn 0.1618 0.5619 -0.8112
vn 0.1684 0.4928 -0.8537
vn 0.1321 0.7220 -0.6792
vn 0.1571 0.6076 -0.7786
vn 0.1541 0.6220 -0.7677
vn 0.0879 0.8746 -0.4768
vn 0.1107 0.8273 -0.5508
vn 0.1321 0.7220 -0.6792
vn 0.1321 0.7220 -0.6792
vn 0.1107 0.8273 -0.5508
vn 0.1174 0.8043 -0.5825
vn 0.0813 0.9062 -0.4151
vn 0.0879 0.8746 -0.4768
vn 0.0417 0.9536 -0.2981
vn 0.0509 0.9660 -0.2535
vn 0.0661 0.9409 -0.3323
vn 0.0417 0.9536 -0.2981
vn 0.0417 0.9536 -0.2981
vn 0.0661 0.9409 -0.3323
vn 0.0813 0.9062 -0.4151
vn 0.0022 0.9999 -0.0134
vn 0.0158 0.9965 -0.0816
vn 0.0417 0.9536 -0.2981
vn 0.0417 0.9536 -0.2981
vn 0.0158 0.9965 -0.0816
vn 0.0360 0.9832 -0.1791
vn 0.0360 0.9832 -0.1791
vn 0.0509 0.9660 -0.2535
vn 0.0417 0.9536 -0.2981
vn 0.1321 0.7220 -0.6792
vn 0.1624 0.4868 -0.8583
vn 0.0733 0.9521 -0.2969
vn 0.0733 0.9521 -0.2969
vn 0.0417 0.9536 -0.2981
vn 0.1321 0.7220 -0.6792
vn 0.1224 0.0958 -0.9878
vn 0.1624 0.4868 -0.8583
vn 0.1321 0.7220 -0.6792
vn 0.1224 0.0958 -0.9878
vn 0.1321 0.7220 -0.6792
vn 0.1531 0.1555 -0.9759
vn -0.0052 0.9997 -0.0239
vn 0.0417 0.9536 -0.2981
vn 0.0733 0.9521 -0.2969
vn 0.0417 0.9536 -0.2981
vn 0.0879 0.8746 -0.4768
vn 0.1321 0.7220 -0.6792
vn 0.1321 0.7220 -0.6792
vn 0.1746 0.3756 -0.9102
vn 0.1531 0.1555 -0.9759
vn -0.0003 -0.0142 -0.9999
vn -0.0002 -0.0110 -0.9999
vn 0.0280 -0.0013 -0.9996
vn 0.0001 0.0036 -1.0000
vn -0.0002 -0.0110 -0.9999
vn -0.0003 -0.0142 -0.9999
vn -0.0004 -0.0004 -1.0000
vn -0.0016 -0.0133 -0.9999
vn -0.0230 -0.0196 -0.9995
vn -0.0003 -0.0142 -0.9999
vn -0.0004 -0.0004 -1.0000
vn 0.0001 0.0036 -1.0000
vn -0.0003 -0.0142 -0.9999
vn -0.0014 -0.0187 -0.9998
vn -0.0004 -0.0004 -1.0000
vn -0.0004 -0.0004 -1.0000
vn -0.0014 -0.0187 -0.9998
vn -0.0026 -0.0234 -0.9997
vn -0.0026 -0.0234 -0.9997
vn -0.0029 -0.0200 -0.9998
vn -0.0004 -0.0004 -1.0000
vn -0.0004 -0.0004 -1.0000
vn -0.0029 -0.0200 -0.9998
vn -0.0016 -0.0133 -0.9999
vn -0.0230 -0.0196 -0.9995
vn -0.0155 0.0343 -0.9993
vn -0.0004 -0.0004 -1.0000
vn -0.0014 -0.0187 -0.9998
vn -0.0003 -0.0142 -0.9999
vn -0.0253 -0.0355 -0.9990
vn -0.0788 -0.3304 -0.9406
vn -0.0856 -0.1937 -0.9773
vn -0.1813 -0.3571 -0.9163
vn -0.0014 -0.0187 -0.9998
vn -0.0856 -0.1937 -0.9773
vn -0.0026 -0.0234 -0.9997
vn -0.0856 -0.1937 -0.9773
vn -0.0788 -0.3304 -0.9406
vn -0.0026 -0.0234 -0.9997
vn -0.0788 -0.3304 -0.9406
vn -0.0924 -0.2498 -0.9639
vn -0.0026 -0.0234 -0.9997
vn -0.0029 -0.0200 -0.9998
vn -0.0026 -0.0234 -0.9997
vn -0.0924 -0.2498 -0.9639
vn -0.0029 -0.0200 -0.9998
vn -0.0924 -0.2498 -0.9639
vn -0.1149 -0.1526 -0.9816
vn -0.1149 -0.1526 -0.9816
vn -0.0016 -0.0133 -0.9999
vn -0.0029 -0.0200 -0.9998
vn -0.1820 -0.6120 -0.7697
vn -0.2875 -0.7099 -0.6429
vn -0.2589 -0.5700 -0.7798
vn -0.2691 -0.7807 -0.5639
vn -0.2855 -0.7501 -0.5966
vn -0.2562 -0.7077 -0.6584
vn -0.1820 -0.6120 -0.7697
vn -0.2562 -0.7077 -0.6584
vn -0.2875 -0.7099 -0.6429
vn -0.2562 -0.7077 -0.6584
vn -0.1820 -0.6120 -0.7697
vn -0.2493 -0.8048 -0.5387
vn -0.2493 -0.8048 -0.5387
vn -0.2691 -0.7807 -0.5639
vn -0.2562 -0.7077 -0.6584
vn -0.0788 -0.3304 -0.9406
vn -0.1820 -0.6120 -0.7697
vn -0.0924 -0.2498 -0.9639
vn -0.0788 -0.3304 -0.9406
vn -0.1813 -0.3571 -0.9163
vn -0.1820 -0.6120 -0.7697
vn -0.1739 -0.4361 -0.8829
vn -0.2589 -0.5700 -0.7798
vn -0.2644 -0.3632 -0.8934
vn -0.1149 -0.1526 -0.9816
vn -0.2644 -0.3632 -0.8934
vn -0.1245 -0.2794 -0.9521
vn -0.1739 -0.4361 -0.8829
vn -0.2644 -0.3632 -0.8934
vn -0.0924 -0.2498 -0.9639
vn -0.1149 -0.1526 -0.9816
vn -0.0924 -0.2498 -0.9639
vn -0.2644 -0.3632 -0.8934
vn -0.0253 -0.0355 -0.9990
vn -0.0856 -0.1937 -0.9773
vn -0.0014 -0.0187 -0.9998
vn -0.1739 -0.4361 -0.8829
vn -0.1820 -0.6120 -0.7697
vn -0.2589 -0.5700 -0.7798
vn -0.1820 -0.6120 -0.7697
vn -0.1739 -0.4361 -0.8829
vn -0.0924 -0.2498 -0.9639
vn -0.2493 -0.8048 -0.5387
vn -0.1820 -0.6120 -0.7697
vn -0.1542 -0.9333 -0.3243
vn -0.2875 -0.7099 -0.6429
vn -0.2562 -0.7077 -0.6584
vn -0.2855 -0.7501 -0.5966
vn -0.2855 -0.7501 -0.5966
vn -0.2764 -0.7604 -0.5877
vn -0.2875 -0.7099 -0.6429
vn -0.2764 -0.7604 -0.5877
vn -0.2855 -0.7501 -0.5966
vn -0.2691 -0.7807 -0.5639
vn -0.2691 -0.7807 -0.5639
vn -0.2643 -0.7875 -0.5567
vn -0.2764 -0.7604 -0.5877
vn -0.2643 -0.7875 -0.5567
vn -0.2691 -0.7807 -0.5639
vn -0.2493 -0.8048 -0.5387
vn -0.2493 -0.8048 -0.5387
vn -0.2595 -0.7974 -0.5449
vn -0.2643 -0.7875 -0.5567
vn -0.1542 -0.9333 -0.3243
vn -0.2595 -0.7974 -0.5449
vn -0.2493 -0.8048 -0.5387
vn -0.0676 -0.9862 -0.1509
vn -0.2595 -0.7974 -0.5449
vn -0.1542 -0.9333 -0.3243
vn -0.2875 -0.7099 -0.6429
vn -0.1841 -0.7411 -0.6457
vn -0.2178 -0.7754 -0.5927
vn -0.2589 -0.5700 -0.7798
vn -0.2875 -0.7099 -0.6429
vn -0.2178 -0.7754 -0.5927
vn -0.2589 -0.5700 -0.7798
vn -0.2178 -0.7754 -0.5927
vn -0.2847 -0.6581 -0.6970
vn -0.2038 -0.4513 -0.8688
vn -0.2644 -0.3632 -0.8934
vn -0.2589 -0.5700 -0.7798
vn -0.2643 -0.7875 -0.5567
vn -0.1841 -0.7411 -0.6457
vn -0.2764 -0.7604 -0.5877
vn -0.6758 -0.6758 -0.2943
vn -0.6758 -0.6758 -0.2943
vn -0.1841 -0.7411 -0.6457
vn -0.2644 -0.3632 -0.8934
vn -0.2038 -0.4513 -0.8688
vn -0.1245 -0.2794 -0.9521
vn -0.2847 -0.6581 -0.6970
vn -0.2038 -0.4513 -0.8688
vn -0.2589 -0.5700 -0.7798
vn -0.0230 -0.0196 -0.9995
vn -0.1245 -0.2794 -0.9521
vn -0.0352 0.0055 -0.9994
vn -0.1841 -0.7411 -0.6457
vn -0.2595 -0.7974 -0.5449
vn -0.0676 -0.9862 -0.1509
vn -0.0676 -0.9862 -0.1509
vn 0.3582 -0.9315 -0.0635
vn -0.1841 -0.7411 -0.6457
vn -0.1841 -0.7411 -0.6457
vn -0.2875 -0.7099 -0.6429
vn -0.2764 -0.7604 -0.5877
vn -0.2643 -0.7875 -0.5567
vn -0.2595 -0.7974 -0.5449
vn -0.1841 -0.7411 -0.6457
vn -0.0803 -0.4682 0.8799
vn -0.3329 -0.5322 0.7785
vn -0.0079 -0.5097 0.8603
vn -0.2830 -0.7478 0.6006
vn -0.1700 -0.7489 0.6404
vn -0.2739 -0.7687 0.5780
vn -0.1700 -0.7489 0.6404
vn -0.2844 -0.8008 0.5271
vn -0.2739 -0.7687 0.5780
vn -0.2844 -0.8008 0.5271
vn -0.1700 -0.7489 0.6404
vn -0.2530 -0.9235 0.2884
vn -0.9862 0.1616 -0.0359
vn -0.9862 0.1616 -0.0359
vn -0.9225 -0.3083 0.2324
vn -0.1700 -0.7489 0.6404
vn 0.3663 -0.9298 0.0346
vn 0.5867 -0.5958 0.5484
vn -0.0803 -0.4682 0.8799
vn -0.0079 -0.5097 0.8603
vn 0.1366 -0.3153 0.9391
vn -0.7778 -0.5630 0.2792
vn -0.1700 -0.7489 0.6404
vn -0.7778 -0.5630 0.2792
vn -0.2148 -0.8888 0.4049
vn -0.1428 -0.9621 0.2322
vn -0.3906 -0.5275 0.7544
vn -0.3906 -0.5275 0.7544
vn -0.2214 -0.7904 0.5712
vn -0.2148 -0.8888 0.4049
vn -0.2148 -0.8888 0.4049
vn -0.2214 -0.7904 0.5712
vn -0.2620 -0.7945 0.5479
vn -0.2620 -0.7945 0.5479
vn -0.2844 -0.8008 0.5271
vn -0.2148 -0.8888 0.4049
vn -0.2844 -0.8008 0.5271
vn -0.2620 -0.7945 0.5479
vn -0.2686 -0.7549 0.5983
vn -0.2686 -0.7549 0.5983
vn -0.2739 -0.7687 0.5780
vn -0.2844 -0.8008 0.5271
vn -0.2739 -0.7687 0.5780
vn -0.2686 -0.7549 0.5983
vn -0.2906 -0.7382 0.6088
vn -0.2830 -0.7478 0.6006
vn -0.2739 -0.7687 0.5780
vn -0.2906 -0.7382 0.6088
vn -0.1700 -0.7489 0.6404
vn -0.2830 -0.7478 0.6006
vn 0.1871 -0.9811 -0.0486
vn -0.2830 -0.7478 0.6006
vn -0.2906 -0.7382 0.6088
vn -0.2784 -0.6653 0.6927
vn -0.2784 -0.6653 0.6927
vn -0.2026 -0.6506 0.7319
vn -0.1700 -0.7489 0.6404
vn -0.2784 -0.6653 0.6927
vn -0.3257 -0.5947 0.7350
vn -0.2026 -0.6506 0.7319
vn -0.3257 -0.5947 0.7350
vn -0.3323 -0.4499 0.8290
vn -0.2026 -0.6506 0.7319
vn -0.2548 -0.2540 0.9330
vn -0.0079 -0.5097 0.8603
vn -0.2026 -0.6506 0.7319
vn -0.3323 -0.4499 0.8290
vn -0.2548 -0.2540 0.9330
vn -0.2026 -0.6506 0.7319
vn -0.8347 -0.0945 0.5426
vn -0.2548 -0.2540 0.9330
vn -0.8347 -0.0945 0.5426
vn 0.0028 0.0425 0.9991
vn 0.0017 -0.0249 0.9997
vn -0.0437 -0.0296 0.9986
vn -0.0050 0.0045 1.0000
vn -0.2548 -0.2540 0.9330
vn -0.0608 -0.1092 0.9922
vn -0.0437 -0.0296 0.9986
vn 0.0017 -0.0249 0.9997
vn 0.0148 -0.0193 0.9997
vn -0.0271 -0.0881 0.9957
vn -0.0437 -0.0296 0.9986
vn 0.0148 -0.0193 0.9997
vn -0.0271 -0.0881 0.9957
vn 0.0148 -0.0193 0.9997
vn -0.0313 -0.1342 0.9905
vn -0.2784 -0.6653 0.6927
vn -0.2686 -0.7549 0.5983
vn -0.2214 -0.7904 0.5712
vn -0.2214 -0.7904 0.5712
vn -0.1366 -0.5414 0.8296
vn -0.2784 -0.6653 0.6927
vn -0.2906 -0.7382 0.6088
vn -0.2686 -0.7549 0.5983
vn -0.2784 -0.6653 0.6927
vn -0.2686 -0.7549 0.5983
vn -0.2620 -0.7945 0.5479
vn -0.2214 -0.7904 0.5712
vn -0.1295 -0.3771 0.9171
vn -0.2784 -0.6653 0.6927
vn -0.1366 -0.5414 0.8296
vn -0.3257 -0.5947 0.7350
vn -0.2784 -0.6653 0.6927
vn -0.3323 -0.4499 0.8290
vn -0.2002 -0.4086 0.8905
vn -0.3323 -0.4499 0.8290
vn -0.2784 -0.6653 0.6927
vn -0.2002 -0.4086 0.8905
vn -0.0483 -0.1039 0.9934
vn -0.3323 -0.4499 0.8290
vn -0.0483 -0.1039 0.9934
vn -0.2002 -0.4086 0.8905
vn -0.1295 -0.3771 0.9171
vn -0.3323 -0.4499 0.8290
vn -0.0608 -0.1092 0.9922
vn -0.2548 -0.2540 0.9330
vn -0.0313 -0.1342 0.9905
vn -0.1366 -0.5414 0.8296
vn -0.1179 -0.3008 0.9464
vn -0.1366 -0.5414 0.8296
vn -0.0313 -0.1342 0.9905
vn -0.1295 -0.3771 0.9171
vn -0.3323 -0.4499 0.8290
vn -0.0483 -0.1039 0.9934
vn -0.0608 -0.1092 0.9922
vn -0.1295 -0.3771 0.9171
vn -0.0313 -0.1342 0.9905
vn -0.0483 -0.1039 0.9934
vn -0.0313 -0.1342 0.9905
vn -0.1179 -0.3008 0.9464
vn -0.0271 -0.0881 0.9957
vn -0.2784 -0.6653 0.6927
vn -0.1295 -0.3771 0.9171
vn -0.2002 -0.4086 0.8905
vn 0.0280 -0.0013 -0.9996
vn 0.1624 0.4868 -0.8583
vn 0.0763 -0.2799 -0.9570
vn 0.1624 0.4868 -0.8583
vn 0.1224 0.0958 -0.9878
vn 0.0763 -0.2799 -0.9570
vn 0.1224 0.0958 -0.9878
vn 0.1705 -0.0466 -0.9843
vn 0.0763 -0.2799 -0.9570
vn 0.1224 0.0958 -0.9878
vn 0.1531 0.1555 -0.9759
vn 0.1705 -0.0466 -0.9843
vn -0.0003 -0.0142 -0.9999
vn 0.0280 -0.0013 -0.9996
vn 0.0022 -0.0226 -0.9997
vn 0.0022 -0.0226 -0.9997
vn -0.0028 -0.0300 -0.9995
vn -0.0003 -0.0142 -0.9999
vn -0.0028 -0.0300 -0.9995
vn -0.0253 -0.0355 -0.9990
vn -0.0003 -0.0142 -0.9999
vn 0.1948 0.1344 -0.9716
vn 0.1843 -0.0195 -0.9827
vn 0.1933 0.0012 -0.9811
vn 0.1705 -0.0466 -0.9843
vn 0.1933 0.0012 -0.9811
vn 0.1843 -0.0195 -0.9827
vn 0.1935 0.1693 -0.9664
vn 0.1899 0.2555 -0.9480
vn 0.1932 0.2092 -0.9586
vn 0.1932 0.2092 -0.9586
vn 0.1948 0.1344 -0.9716
vn 0.1935 0.1693 -0.9664
vn 0.1933 0.0012 -0.9811
vn 0.1935 0.1693 -0.9664
vn 0.1948 0.1344 -0.9716
vn 0.1746 0.4519 -0.8748
vn 0.1725 0.4204 -0.8908
vn 0.1684 0.4928 -0.8537
vn 0.1746 0.4519 -0.8748
vn 0.1821 0.3784 -0.9076
vn 0.1725 0.4204 -0.8908
vn 0.1746 0.3756 -0.9102
vn 0.1725 0.4204 -0.8908
vn 0.1821 0.3784 -0.9076
vn 0.1821 0.3784 -0.9076
vn 0.1832 0.2967 -0.9372
vn 0.1746 0.3756 -0.9102
vn 0.1899 0.2555 -0.9480
vn 0.1746 0.3756 -0.9102
vn 0.1832 0.2967 -0.9372
vn 0.1832 0.2967 -0.9372
vn 0.1932 0.2092 -0.9586
vn 0.1899 0.2555 -0.9480
vn 0.1321 0.7220 -0.6792
vn 0.1174 0.8043 -0.5825
vn 0.1409 0.7015 -0.6986
vn 0.1571 0.6076 -0.7786
vn 0.1321 0.7220 -0.6792
vn 0.1409 0.7015 -0.6986
vn 0.1409 0.7015 -0.6986
vn 0.1493 0.6532 -0.7423
vn 0.1571 0.6076 -0.7786
vn 0.1541 0.6220 -0.7677
vn 0.1571 0.6076 -0.7786
vn 0.1493 0.6532 -0.7423
vn 0.1493 0.6532 -0.7423
vn 0.1559 0.6038 -0.7817
vn 0.1541 0.6220 -0.7677
vn 0.1618 0.5619 -0.8112
vn 0.1541 0.6220 -0.7677
vn 0.1559 0.6038 -0.7817
vn 0.1559 0.6038 -0.7817
vn 0.1635 0.5472 -0.8209
vn 0.1618 0.5619 -0.8112
vn 0.1684 0.4928 -0.8537
vn 0.1618 0.5619 -0.8112
vn 0.1635 0.5472 -0.8209
vn 0.1635 0.5472 -0.8209
vn 0.1690 0.4989 -0.8500
vn 0.1684 0.4928 -0.8537
vn 0.1684 0.4928 -0.8537
vn 0.1690 0.4989 -0.8500
vn 0.1746 0.4519 -0.8748
vn 0.0879 0.8746 -0.4768
vn 0.0813 0.9062 -0.4151
vn 0.0868 0.8967 -0.4341
vn 0.0868 0.8967 -0.4341
vn 0.0717 0.8303 -0.5527
vn 0.0879 0.8746 -0.4768
vn 0.1107 0.8273 -0.5508
vn 0.0879 0.8746 -0.4768
vn 0.0717 0.8303 -0.5527
vn 0.0717 0.8303 -0.5527
vn 0.1122 0.8203 -0.5609
vn 0.1107 0.8273 -0.5508
vn 0.1174 0.8043 -0.5825
vn 0.1107 0.8273 -0.5508
vn 0.1122 0.8203 -0.5609
vn 0.1122 0.8203 -0.5609
vn 0.1046 0.7187 -0.6874
vn 0.1174 0.8043 -0.5825
vn 0.1174 0.8043 -0.5825
vn 0.1046 0.7187 -0.6874
vn 0.1409 0.7015 -0.6986
vn 0.0437 0.9751 -0.2175
vn 0.0509 0.9660 -0.2535
vn 0.0360 0.9832 -0.1791
vn 0.0437 0.9751 -0.2175
vn -0.0067 0.9849 -0.1729
vn 0.0509 0.9660 -0.2535
vn 0.0661 0.9409 -0.3323
vn 0.0509 0.9660 -0.2535
vn -0.0067 0.9849 -0.1729
vn -0.0067 0.9849 -0.1729
vn 0.0746 0.9267 -0.3683
vn 0.0661 0.9409 -0.3323
vn 0.0813 0.9062 -0.4151
vn 0.0661 0.9409 -0.3323
vn 0.0746 0.9267 -0.3683
vn 0.0813 0.9062 -0.4151
vn 0.0746 0.9267 -0.3683
vn 0.0868 0.8967 -0.4341
vn 0.0032 0.9999 -0.0159
vn 0.0160 0.9964 -0.0830
vn 0.0158 0.9965 -0.0816
vn 0.0158 0.9965 -0.0816
vn 0.0160 0.9964 -0.0830
vn 0.0297 0.9883 -0.1494
vn 0.0297 0.9883 -0.1494
vn 0.0360 0.9832 -0.1791
vn 0.0158 0.9965 -0.0816
vn 0.0360 0.9832 -0.1791
vn 0.0297 0.9883 -0.1494
vn 0.0437 0.9751 -0.2175
vn 0.0032 0.9999 -0.0159
vn 0.0158 0.9965 -0.0816
vn 0.0022 0.9999 -0.0134
vn 0.1755 -0.1760 -0.9686
vn 0.1918 -0.0960 -0.9767
vn 0.1843 -0.0195 -0.9827
vn 0.1918 -0.0960 -0.9767
vn 0.1705 -0.0466 -0.9843
vn 0.1843 -0.0195 -0.9827
vn 0.0154 -0.0101 0.9998
vn 0.0441 -0.0074 0.9990
vn 0.0481 -0.0067 0.9988
vn 0.0481 -0.0067 0.9988
vn -0.0768 0.0387 0.9963
vn 0.0154 -0.0101 0.9998
vn 0.2041 -0.0024 0.9789
vn 0.2527 -0.0014 0.9675
vn 0.0154 -0.0101 0.9998
vn 0.0154 -0.0101 0.9998
vn 0.2430 0.0328 0.9695
vn 0.2326 -0.0020 0.9726
vn 0.2326 -0.0020 0.9726
vn 0.2041 -0.0024 0.9789
vn 0.0154 -0.0101 0.9998
vn 0.2430 0.0328 0.9695
vn 0.2008 0.1574 0.9669
vn 0.3168 0.0190 0.9483
vn 0.2008 0.1574 0.9669
vn 0.0715 0.0144 0.9973
vn 0.3168 0.0190 0.9483
vn 0.5248 0.0119 0.8512
vn 0.4921 0.0094 0.8705
vn 0.5511 0.1219 0.8255
vn 0.7113 0.0459 0.7014
vn 0.5511 0.1219 0.8255
vn 0.4921 0.0094 0.8705
vn 0.4921 0.0094 0.8705
vn 0.4601 0.0066 0.8879
vn 0.7113 0.0459 0.7014
vn 0.5153 0.0128 0.8569
vn 0.5248 0.0119 0.8512
vn 0.5511 0.1219 0.8255
vn 0.6766 0.0991 0.7296
vn 0.6789 0.0677 0.7311
vn 0.5511 0.1219 0.8255
vn 0.5511 0.1219 0.8255
vn 0.6789 0.0677 0.7311
vn 0.6816 0.0180 0.7315
vn 0.6816 0.0180 0.7315
vn 0.6483 0.0158 0.7613
vn 0.5511 0.1219 0.8255
vn 0.6483 0.0158 0.7613
vn 0.6437 0.0159 0.7651
vn 0.5511 0.1219 0.8255
vn 0.5511 0.1219 0.8255
vn 0.6729 0.1491 0.7246
vn 0.6766 0.0991 0.7296
vn 0.5511 0.1219 0.8255
vn 0.6677 0.1939 0.7187
vn 0.6729 0.1491 0.7246
vn 0.5511 0.1219 0.8255
vn 0.6627 0.2269 0.7137
vn 0.6677 0.1939 0.7187
vn 0.6411 0.3592 0.6782
vn 0.6463 0.3196 0.6929
vn 0.5511 0.1219 0.8255
vn 0.5511 0.1219 0.8255
vn 0.6463 0.3196 0.6929
vn 0.6535 0.2831 0.7020
vn 0.5342 0.4004 0.7445
vn 0.6279 0.3905 0.6732
vn 0.6411 0.3592 0.6782
vn 0.5342 0.4004 0.7445
vn 0.6199 0.4163 0.6651
vn 0.6279 0.3905 0.6732
vn 0.5342 0.4004 0.7445
vn 0.5700 0.5511 0.6094
vn 0.5810 0.5236 0.6231
vn 0.5700 0.5511 0.6094
vn 0.5342 0.4004 0.7445
vn 0.5092 0.5915 0.6252
vn 0.5092 0.5915 0.6252
vn 0.5489 0.5939 0.5882
vn 0.5700 0.5511 0.6094
vn 0.2008 0.1574 0.9669
vn 0.5342 0.4004 0.7445
vn 0.5511 0.1219 0.8255
vn 0.5511 0.1219 0.8255
vn 0.6535 0.2831 0.7020
vn 0.6607 0.2369 0.7123
vn 0.2008 0.1574 0.9669
vn 0.5092 0.5915 0.6252
vn 0.5342 0.4004 0.7445
vn 0.6172 0.4245 0.6625
vn 0.6199 0.4163 0.6651
vn 0.5342 0.4004 0.7445
vn 0.6411 0.3592 0.6782
vn 0.5511 0.1219 0.8255
vn 0.5342 0.4004 0.7445
vn 0.5511 0.1219 0.8255
vn 0.6607 0.2369 0.7123
vn 0.6627 0.2269 0.7137
vn 0.7113 0.0459 0.7014
vn 0.2008 0.1574 0.9669
vn 0.5511 0.1219 0.8255
vn 0.0154 -0.0101 0.9998
vn 0.2008 0.1574 0.9669
vn 0.2430 0.0328 0.9695
vn 0.4709 0.7235 0.5048
vn 0.4928 0.6918 0.5277
vn 0.4391 0.7052 0.5567
vn 0.4179 0.7897 0.4491
vn 0.4373 0.7676 0.4686
vn 0.4391 0.7052 0.5567
vn 0.3919 0.8177 0.4217
vn 0.4179 0.7897 0.4491
vn 0.3407 0.8616 0.3763
vn 0.3665 0.8423 0.3951
vn 0.3919 0.8177 0.4217
vn 0.3407 0.8616 0.3763
vn 0.1760 0.6242 0.7612
vn 0.3056 0.8926 0.3314
vn 0.3258 0.8790 0.3482
vn 0.2792 0.9093 0.3084
vn 0.3056 0.8926 0.3314
vn 0.1760 0.6242 0.7612
vn 0.2514 0.9201 0.3003
vn 0.2792 0.9093 0.3084
vn 0.1760 0.6242 0.7612
vn 0.1760 0.6242 0.7612
vn 0.1909 0.9465 0.2602
vn 0.2514 0.9201 0.3003
vn 0.2218 0.9459 0.2370
vn 0.2514 0.9201 0.3003
vn 0.1909 0.9465 0.2602
vn 0.1966 0.9576 0.2107
vn 0.2218 0.9459 0.2370
vn 0.1909 0.9465 0.2602
vn 0.1000 0.9842 0.1462
vn 0.1397 0.9713 0.1925
vn 0.1760 0.6242 0.7612
vn 0.1909 0.9465 0.2602
vn 0.1760 0.6242 0.7612
vn 0.1397 0.9713 0.1925
vn 0.1397 0.9713 0.1925
vn 0.1392 0.9790 0.1489
vn 0.1909 0.9465 0.2602
vn 0.1760 0.6242 0.7612
vn 0.0626 0.9929 0.1014
vn 0.1000 0.9842 0.1462
vn 0.0626 0.9929 0.1014
vn 0.1760 0.6242 0.7612
vn 0.0366 0.9767 0.2114
vn 0.3337 0.9013 0.2762
vn 0.1760 0.6242 0.7612
vn 0.3407 0.8616 0.3763
vn 0.3407 0.8616 0.3763
vn 0.1760 0.6242 0.7612
vn 0.3398 0.8632 0.3734
vn 0.1760 0.6242 0.7612
vn 0.3258 0.8790 0.3482
vn 0.3398 0.8632 0.3734
vn 0.5092 0.5915 0.6252
vn 0.4391 0.7052 0.5567
vn 0.5098 0.6653 0.5453
vn 0.2008 0.1574 0.9669
vn 0.4391 0.7052 0.5567
vn 0.5092 0.5915 0.6252
vn 0.0925 0.0142 0.9956
vn 0.1760 0.6242 0.7612
vn 0.2008 0.1574 0.9669
vn 0.3398 0.8632 0.3734
vn 0.3665 0.8423 0.3951
vn 0.3407 0.8616 0.3763
vn 0.4391 0.7052 0.5567
vn 0.3407 0.8616 0.3763
vn 0.4179 0.7897 0.4491
vn 0.4391 0.7052 0.5567
vn 0.2008 0.1574 0.9669
vn 0.3407 0.8616 0.3763
vn 0.4391 0.7052 0.5567
vn 0.4928 0.6918 0.5277
vn 0.5098 0.6653 0.5453
vn 0.0347 0.9841 0.1740
vn 0.0170 0.9962 0.0853
vn 0.0289 0.9647 0.2618
vn 0.0454 0.9724 0.2289
vn 0.0347 0.9841 0.1740
vn 0.0289 0.9647 0.2618
vn 0.0580 0.9526 0.2986
vn 0.0454 0.9724 0.2289
vn 0.0289 0.9647 0.2618
vn 0.0580 0.9526 0.2986
vn 0.0289 0.9647 0.2618
vn 0.0766 0.8990 0.4312
vn 0.0766 0.8990 0.4312
vn 0.0700 0.9341 0.3502
vn 0.0580 0.9526 0.2986
vn 0.0932 0.8712 0.4819
vn 0.0766 0.8990 0.4312
vn 0.1442 0.6712 0.7272
vn 0.1442 0.6712 0.7272
vn 0.1113 0.8202 0.5612
vn 0.0932 0.8712 0.4819
vn 0.1195 0.7920 0.5987
vn 0.1113 0.8202 0.5612
vn 0.1442 0.6712 0.7272
vn 0.1442 0.6712 0.7272
vn 0.1302 0.7505 0.6479
vn 0.1195 0.7920 0.5987
vn 0.1407 0.7009 0.6992
vn 0.1302 0.7505 0.6479
vn 0.1442 0.6712 0.7272
vn 0.1442 0.6712 0.7272
vn 0.1520 0.6231 0.7672
vn 0.1407 0.7009 0.6992
vn 0.1442 0.6712 0.7272
vn 0.1632 0.5524 0.8174
vn 0.1520 0.6231 0.7672
vn 0.1690 0.4908 0.8547
vn 0.1632 0.5524 0.8174
vn 0.1442 0.6712 0.7272
vn 0.1720 0.4490 0.8768
vn 0.1690 0.4908 0.8547
vn 0.1442 0.6712 0.7272
vn 0.1442 0.6712 0.7272
vn 0.1410 0.1366 0.9805
vn 0.1720 0.4490 0.8768
vn 0.1846 0.3384 0.9227
vn 0.1720 0.4490 0.8768
vn 0.1410 0.1366 0.9805
vn 0.1892 0.2369 0.9529
vn 0.1846 0.3384 0.9227
vn 0.1410 0.1366 0.9805
vn 0.1892 0.2369 0.9529
vn 0.1884 -0.0554 0.9805
vn 0.1933 0.1391 0.9712
vn 0.1884 -0.0554 0.9805
vn 0.1958 0.0951 0.9760
vn 0.1933 0.1391 0.9712
vn 0.0766 0.8990 0.4312
vn 0.0289 0.9647 0.2618
vn 0.1760 0.6242 0.7612
vn 0.1442 0.6712 0.7272
vn 0.0766 0.8990 0.4312
vn 0.1760 0.6242 0.7612
vn 0.1884 -0.0554 0.9805
vn 0.1892 0.2369 0.9529
vn 0.1410 0.1366 0.9805
vn 0.1760 0.6242 0.7612
vn 0.1410 0.1366 0.9805
vn 0.1442 0.6712 0.7272
vn 0.0289 0.9647 0.2618
vn -0.0027 1.0000 0.0003
vn 0.0003 1.0000 0.0007
vn -0.0027 1.0000 0.0003
vn 0.0289 0.9647 0.2618
vn 0.0170 0.9962 0.0853
vn 0.0003 1.0000 0.0007
vn 0.0366 0.9767 0.2114
vn 0.0289 0.9647 0.2618
vn 0.1760 0.6242 0.7612
vn 0.0289 0.9647 0.2618
vn 0.0366 0.9767 0.2114
vn 0.0460 -0.6075 0.7930
vn 0.0925 0.0142 0.9956
vn 0.2008 0.1574 0.9669
vn 0.0154 -0.0101 0.9998
vn 0.0460 -0.6075 0.7930
vn 0.2008 0.1574 0.9669
vn -0.0027 1.0000 0.0003
vn 0.0170 0.9962 0.0853
vn 0.0250 0.9910 0.1313
vn 0.0176 0.9947 0.1009
vn 0.0250 0.9910 0.1313
vn 0.0170 0.9962 0.0853
vn 0.0347 0.9841 0.1740
vn 0.0454 0.9724 0.2289
vn 0.0422 0.9761 0.2132
vn 0.0422 0.9761 0.2132
vn 0.0286 0.9892 0.1439
vn 0.0347 0.9841 0.1740
vn 0.0170 0.9962 0.0853
vn 0.0347 0.9841 0.1740
vn 0.0286 0.9892 0.1439
vn 0.0286 0.9892 0.1439
vn 0.0176 0.9947 0.1009
vn 0.0170 0.9962 0.0853
vn 0.0888 0.8999 0.4269
vn 0.0766 0.8990 0.4312
vn 0.0932 0.8712 0.4819
vn 0.0700 0.9341 0.3502
vn 0.0766 0.8990 0.4312
vn 0.0888 0.8999 0.4269
vn 0.0888 0.8999 0.4269
vn 0.0829 0.9300 0.3581
vn 0.0700 0.9341 0.3502
vn 0.0580 0.9526 0.2986
vn 0.0700 0.9341 0.3502
vn 0.0829 0.9300 0.3581
vn 0.0829 0.9300 0.3581
vn 0.0567 0.9569 0.2848
vn 0.0580 0.9526 0.2986
vn 0.0454 0.9724 0.2289
vn 0.0580 0.9526 0.2986
vn 0.0567 0.9569 0.2848
vn 0.0454 0.9724 0.2289
vn 0.0567 0.9569 0.2848
vn 0.0422 0.9761 0.2132
vn 0.1690 0.4908 0.8547
vn 0.1720 0.4490 0.8768
vn 0.1747 0.4527 0.8744
vn 0.1747 0.4527 0.8744
vn 0.1674 0.5118 0.8427
vn 0.1690 0.4908 0.8547
vn 0.1632 0.5524 0.8174
vn 0.1690 0.4908 0.8547
vn 0.1674 0.5118 0.8427
vn 0.1674 0.5118 0.8427
vn 0.1702 0.4771 0.8622
vn 0.1632 0.5524 0.8174
vn 0.1520 0.6231 0.7672
vn 0.1632 0.5524 0.8174
vn 0.1702 0.4771 0.8622
vn 0.1702 0.4771 0.8622
vn 0.1297 0.5869 0.7992
vn 0.1520 0.6231 0.7672
vn -0.0311 0.9918 -0.1243
vn 0.1176 0.7901 0.6016
vn -0.0311 0.9918 -0.1243
vn 0.1407 0.7009 0.6992
vn 0.1520 0.6231 0.7672
vn 0.1176 0.7901 0.6016
vn 0.1176 0.7901 0.6016
vn 0.1357 0.7016 0.6995
vn 0.1407 0.7009 0.6992
vn 0.1407 0.7009 0.6992
vn 0.1357 0.7016 0.6995
vn 0.1303 0.7389 0.6612
vn 0.1303 0.7389 0.6612
vn 0.1302 0.7505 0.6479
vn 0.1407 0.7009 0.6992
vn 0.1303 0.7389 0.6612
vn 0.1186 0.7935 0.5968
vn 0.1302 0.7505 0.6479
vn 0.1195 0.7920 0.5987
vn 0.1302 0.7505 0.6479
vn 0.1186 0.7935 0.5968
vn 0.1113 0.8202 0.5612
vn 0.1195 0.7920 0.5987
vn 0.1186 0.7935 0.5968
vn 0.1186 0.7935 0.5968
vn 0.1065 0.8454 0.5234
vn 0.1113 0.8202 0.5612
vn 0.0932 0.8712 0.4819
vn 0.1113 0.8202 0.5612
vn 0.1065 0.8454 0.5234
vn 0.0932 0.8712 0.4819
vn 0.1065 0.8454 0.5234
vn 0.0888 0.8999 0.4269
vn 0.1892 0.2369 0.9529
vn 0.1933 0.1391 0.9712
vn 0.1915 0.2158 0.9575
vn 0.1915 0.2158 0.9575
vn 0.1970 0.2938 0.9354
vn 0.1892 0.2369 0.9529
vn 0.1846 0.3384 0.9227
vn 0.1892 0.2369 0.9529
vn 0.1970 0.2938 0.9354
vn 0.1970 0.2938 0.9354
vn 0.1904 0.3303 0.9245
vn 0.1846 0.3384 0.9227
vn 0.1904 0.3303 0.9245
vn 0.1812 0.3943 0.9010
vn 0.1846 0.3384 0.9227
vn 0.1720 0.4490 0.8768
vn 0.1846 0.3384 0.9227
vn 0.1812 0.3943 0.9010
vn 0.1720 0.4490 0.8768
vn 0.1812 0.3943 0.9010
vn 0.1747 0.4527 0.8744
vn 0.1728 0.0062 0.9849
vn 0.1915 0.2158 0.9575
vn 0.1933 0.1391 0.9712
vn 0.1959 -0.0391 0.9798
vn 0.1958 0.0951 0.9760
vn 0.1884 -0.0554 0.9805
vn 0.1959 -0.0391 0.9798
vn 0.1950 0.0257 0.9805
vn 0.1958 0.0951 0.9760
vn 0.1933 0.1391 0.9712
vn 0.1958 0.0951 0.9760
vn 0.1950 0.0257 0.9805
vn 0.1933 0.1391 0.9712
vn 0.1950 0.0257 0.9805
vn 0.1728 0.0062 0.9849
vn 0.1577 -0.5474 0.8219
vn 0.1959 -0.0391 0.9798
vn 0.1884 -0.0554 0.9805
vn 0.1728 0.0062 0.9849
vn 0.1959 -0.0391 0.9798
vn 0.1577 -0.5474 0.8219
vn 0.1884 -0.0554 0.9805
vn 0.1402 -0.5918 0.7938
vn 0.1577 -0.5474 0.8219
vn 0.0028 0.0425 0.9991
vn -0.0437 -0.0296 0.9986
vn -0.0025 -0.0238 0.9997
vn 0.0028 0.0425 0.9991
vn -0.0025 -0.0238 0.9997
vn 0.0004 -0.0191 0.9998
vn 0.0004 -0.0191 0.9998
vn 0.0154 -0.0101 0.9998
vn 0.0028 0.0425 0.9991
vn 0.4374 -0.7596 -0.4813
vn 1.0000 -0.0053 0.0002
vn 0.9484 -0.2759 0.1563
vn 1.0000 -0.0053 0.0002
vn 0.9988 0.0487 0.0004
vn 0.9484 -0.2759 0.1563
vn 1.0000 -0.0053 0.0002
vn 0.4374 -0.7596 -0.4813
vn 0.9526 -0.2816 -0.1154
vn 1.0000 -0.0001 -0.0000
vn 1.0000 -0.0001 -0.0000
vn 1.0000 -0.0053 0.0002
vn 0.9989 -0.0478 0.0004
vn 1.0000 -0.0053 0.0002
vn 0.9989 -0.0478 0.0004
vn 0.9775 -0.2109 0.0031
vn 1.0000 -0.0001 -0.0000
vn 0.9318 -0.3147 -0.1811
vn 0.9318 -0.3147 -0.1811
vn 1.0000 0.0068 -0.0001
vn 0.9484 -0.2759 0.1563
vn 0.9318 -0.3147 -0.1811
vn 0.9484 -0.2759 0.1563
vn 1.0000 -0.0045 0.0000
vn 0.9318 -0.3147 -0.1811
vn 0.9999 0.0154 0.0001
vn 0.9775 -0.2109 0.0031
vn 0.5729 -0.7233 0.3856
vn 0.0539 -0.9056 0.4206
vn 0.9775 -0.2109 0.0031
vn 0.7979 -0.5960 0.0904
vn 0.9282 -0.3720 0.0031
vn 0.8945 -0.4471 0.0006
vn 0.8945 -0.4471 0.0006
vn 0.9775 -0.2109 0.0031
vn 0.8286 -0.5580 0.0448
vn 0.0539 -0.9056 0.4206
vn 0.9606 -0.2779 0.0020
vn 0.9282 -0.3720 0.0031
vn 0.8531 -0.4974 0.1576
vn 0.9961 -0.0876 0.0038
vn 0.9916 -0.1296 0.0027
vn 0.9961 -0.0876 0.0038
vn 0.9581 -0.2622 0.1152
vn 0.6171 -0.7534 0.2271
vn 0.7927 -0.5891 0.1568
vn 0.9786 -0.2060 0.0030
vn 0.9606 -0.2779 0.0020
vn 0.8153 -0.5559 0.1621
vn 0.9916 -0.1296 0.0027
vn 0.9786 -0.2060 0.0030
vn 0.8972 -0.4416 -0.0018
vn 0.9347 -0.3555 -0.0017
vn 0.7828 -0.6096 -0.1252
vn 0.8859 -0.4422 -0.1404
vn 0.9899 -0.1417 -0.0023
vn 0.9978 -0.0658 -0.0021
vn 0.8476 -0.5087 -0.1513
vn 0.9759 -0.2180 -0.0025
vn 0.9899 -0.1417 -0.0023
vn 0.9347 -0.3555 -0.0017
vn 0.9665 -0.2568 -0.0038
vn 0.8007 -0.5793 -0.1525
vn 0.8111 -0.5640 -0.1551
vn 0.9665 -0.2568 -0.0038
vn 0.9759 -0.2180 -0.0025
vn 0.8972 -0.4416 -0.0018
vn 0.8395 -0.5432 -0.0114
vn 0.8395 -0.5432 -0.0114
vn -0.2546 -0.9499 -0.1815
vn 0.1464 -0.9030 -0.4040
vn 0.0342 -0.9127 -0.4072
vn 0.5418 -0.8134 -0.2118
vn 0.9562 -0.2748 -0.1013
vn 0.9955 -0.0948 -0.0021
vn 0.9978 -0.0658 -0.0021
vn 0.9955 -0.0948 -0.0021
vn 0.9535 -0.2829 -0.1036
vn 0.8653 -0.5012 0.0001
vn 0.9775 -0.2109 0.0031
vn 0.8945 -0.4471 0.0006
vn 0.9347 -0.3555 -0.0017
vn 0.8945 -0.4471 0.0006
vn 0.9282 -0.3720 0.0031
vn 0.8945 -0.4471 0.0006
vn 0.9347 -0.3555 -0.0017
vn 0.8972 -0.4416 -0.0018
vn 0.8972 -0.4416 -0.0018
vn 0.8592 -0.5116 -0.0000
vn 0.8945 -0.4471 0.0006
vn 0.9347 -0.3555 -0.0017
vn 0.9282 -0.3720 0.0031
vn 0.9606 -0.2779 0.0020
vn 0.9786 -0.2060 0.0030
vn 0.9916 -0.1296 0.0027
vn 0.9899 -0.1417 -0.0023
vn 0.9899 -0.1417 -0.0023
vn 0.9759 -0.2180 -0.0025
vn 0.9786 -0.2060 0.0030
vn 0.9759 -0.2180 -0.0025
vn 0.9606 -0.2779 0.0020
vn 0.9786 -0.2060 0.0030
vn 0.9759 -0.2180 -0.0025
vn 0.9665 -0.2568 -0.0038
vn 0.9606 -0.2779 0.0020
vn 0.9665 -0.2568 -0.0038
vn 0.9347 -0.3555 -0.0017
vn 0.9606 -0.2779 0.0020
vn 0.9961 -0.0876 0.0038
vn 0.6171 -0.7534 0.2271
vn 0.9955 -0.0948 -0.0021
vn 0.9955 -0.0948 -0.0021
vn 0.9978 -0.0658 -0.0021
vn 0.9961 -0.0876 0.0038
vn 0.9978 -0.0658 -0.0021
vn 0.9916 -0.1296 0.0027
vn 0.9961 -0.0876 0.0038
vn 0.9978 -0.0658 -0.0021
vn 0.9899 -0.1417 -0.0023
vn 0.9916 -0.1296 0.0027
vn 0.9949 -0.1010 0.0006
vn 0.9955 -0.0948 -0.0021
vn 0.6171 -0.7534 0.2271
vn 0.9965 -0.0838 0.0001
vn 0.6171 -0.7534 0.2271
vn 0.9965 -0.0838 0.0001
vn 0.9992 -0.0390 0.0039
vn 0.9992 -0.0390 0.0039
vn 0.9992 -0.0390 0.0039
vn 0.9999 0.0131 0.0003
vn 0.6033 0.5193 0.6053
vn 0.6641 0.7359 0.1321
vn 1.0000 0.0012 -0.0010
vn 0.6641 0.7359 0.1321
vn 1.0000 0.0001 -0.0000
vn 0.2433 0.9617 -0.1262
vn 0.7666 0.5753 -0.2851
vn 1.0000 0.0012 -0.0010
vn 0.6033 0.5193 0.6053
vn 0.9999 0.0131 0.0003
vn 1.0000 0.0046 -0.0016
vn 0.6641 0.7359 0.1321
vn 1.0000 0.0012 -0.0010
vn 0.9999 0.0131 0.0003
vn 0.9999 0.0131 0.0003
vn 1.0000 0.0012 -0.0010
vn 0.8790 0.3483 -0.3256
vn 0.8790 0.3483 -0.3256
vn 1.0000 0.0046 -0.0016
vn 0.9999 0.0131 0.0003
vn 1.0000 0.0046 -0.0016
vn 0.9122 0.4097 -0.0023
vn 0.9896 0.1438 0.0048
vn 0.9896 0.1438 0.0048
vn 0.9998 -0.0177 -0.0000
vn 1.0000 0.0046 -0.0016
vn 0.9942 0.1076 0.0007
vn 0.7972 0.4694 0.3797
vn 0.9938 0.0869 0.0690
vn 0.4659 0.7197 0.5147
vn 0.9771 0.2129 0.0021
vn 0.9942 0.1076 0.0007
vn 0.9935 0.1140 0.0018
vn 0.9699 0.2433 -0.0003
vn 0.4659 0.7197 0.5147
vn 0.9699 0.2433 -0.0003
vn 0.9771 0.2129 0.0021
vn 0.4659 0.7197 0.5147
vn 0.9896 0.1438 0.0048
vn 0.8683 0.4960 0.0017
vn 0.4659 0.7197 0.5147
vn 0.4659 0.7197 0.5147
vn 0.6033 0.5193 0.6053
vn 0.4983 0.6777 0.5408
vn 0.8683 0.4960 0.0017
vn 0.7523 0.6589 0.0005
vn 0.4659 0.7197 0.5147
vn 0.9935 0.1139 -0.0018
vn 0.9999 0.0166 -0.0012
vn 0.3258 0.7082 -0.6263
vn 0.9236 0.3834 0.0007
vn 0.8709 0.4914 -0.0005
vn 0.3258 0.7082 -0.6263
vn 0.3258 0.7082 -0.6263
vn 0.8709 0.4914 -0.0005
vn 0.9122 0.4097 -0.0023
vn 0.7567 0.6538 -0.0015
vn 0.9301 0.3674 -0.0021
vn 0.3258 0.7082 -0.6263
vn 0.3258 0.7082 -0.6263
vn 0.9301 0.3674 -0.0021
vn 0.9236 0.3834 0.0007
vn 0.9978 0.0669 -0.0014
vn 0.9935 0.1139 -0.0018
vn 0.3258 0.7082 -0.6263
vn 0.3258 0.7082 -0.6263
vn 0.0397 0.7041 -0.7090
vn -0.3184 0.6092 -0.7263
vn 0.9122 0.4097 -0.0023
vn 1.0000 0.0046 -0.0016
vn 0.3258 0.7082 -0.6263
vn 0.3258 0.7082 -0.6263
vn 0.4661 0.7122 -0.5249
vn 0.8790 0.3483 -0.3256
vn -0.3561 -0.1461 0.9230
vn -0.1577 -0.4095 0.8986
vn -0.0941 -0.1406 0.9856
vn -0.0803 -0.4682 0.8799
vn -0.1577 -0.4095 0.8986
vn -0.3329 -0.5322 0.7785
vn -0.2026 -0.6506 0.7319
vn -0.0079 -0.5097 0.8603
vn -0.3329 -0.5322 0.7785
vn -0.3329 -0.5322 0.7785
vn -0.2435 -0.8292 0.5032
vn -0.2026 -0.6506 0.7319
vn -0.2435 -0.8292 0.5032
vn -0.1700 -0.7489 0.6404
vn -0.2026 -0.6506 0.7319
vn 0.4931 -0.7330 0.4685
vn -0.2435 -0.8292 0.5032
vn 0.0351 -0.8916 0.4515
vn -0.2435 -0.8292 0.5032
vn 0.4931 -0.7330 0.4685
vn -0.1700 -0.7489 0.6404
vn 0.0348 -0.8636 0.5030
vn -0.2435 -0.8292 0.5032
vn 0.5729 -0.7233 0.3856
vn -0.2435 -0.8292 0.5032
vn 0.0539 -0.9056 0.4206
vn 0.5729 -0.7233 0.3856
vn 0.6171 -0.7534 0.2271
vn 0.0539 -0.9056 0.4206
vn -0.2435 -0.8292 0.5032
vn -0.2435 -0.8292 0.5032
vn 0.1042 -0.9836 0.1473
vn 0.6171 -0.7534 0.2271
vn -0.2435 -0.8292 0.5032
vn -0.4558 -0.8805 0.1300
vn 0.1042 -0.9836 0.1473
vn -0.4558 -0.8805 0.1300
vn -0.2546 -0.9499 -0.1815
vn 0.1042 -0.9836 0.1473
vn 0.0827 -0.9932 -0.0821
vn 0.1042 -0.9836 0.1473
vn -0.2546 -0.9499 -0.1815
vn 0.5418 -0.8134 -0.2118
vn 0.0827 -0.9932 -0.0821
vn -0.2546 -0.9499 -0.1815
vn 0.0342 -0.9127 -0.4072
vn 0.5418 -0.8134 -0.2118
vn -0.2546 -0.9499 -0.1815
vn -0.1669 -0.8113 -0.5604
vn 0.4374 -0.7596 -0.4813
vn -0.0003 -0.8665 -0.4992
vn -0.1669 -0.8113 -0.5604
vn -0.0015 -0.8753 -0.4837
vn 0.1464 -0.9030 -0.4040
vn -0.2546 -0.9499 -0.1815
vn -0.1669 -0.8113 -0.5604
vn 0.1464 -0.9030 -0.4040
vn -0.1841 -0.7411 -0.6457
vn 0.4374 -0.7596 -0.4813
vn -0.1669 -0.8113 -0.5604
vn -0.1669 -0.8113 -0.5604
vn -0.2680 -0.6905 -0.6719
vn -0.1841 -0.7411 -0.6457
vn -0.1841 -0.7411 -0.6457
vn -0.2680 -0.6905 -0.6719
vn -0.2847 -0.6581 -0.6970
vn -0.2178 -0.7754 -0.5927
vn -0.1841 -0.7411 -0.6457
vn -0.2847 -0.6581 -0.6970
vn -0.2038 -0.4513 -0.8688
vn -0.2847 -0.6581 -0.6970
vn -0.2286 -0.4489 -0.8638
vn -0.1245 -0.2794 -0.9521
vn -0.2038 -0.4513 -0.8688
vn -0.2286 -0.4489 -0.8638
vn -0.5100 -0.1178 -0.8521
vn -0.1245 -0.2794 -0.9521
vn -0.2286 -0.4489 -0.8638
vn -0.0352 0.0055 -0.9994
vn -0.1245 -0.2794 -0.9521
vn -0.5100 -0.1178 -0.8521
vn -0.3847 0.1868 -0.9039
vn -0.1263 0.3112 -0.9419
vn -0.0352 0.0055 -0.9994
vn -0.5100 -0.1178 -0.8521
vn -0.3847 0.1868 -0.9039
vn -0.0352 0.0055 -0.9994
vn -0.3847 0.1868 -0.9039
vn -0.3184 0.6092 -0.7263
vn -0.1263 0.3112 -0.9419
vn -0.0467 0.4780 -0.8771
vn -0.1263 0.3112 -0.9419
vn -0.3184 0.6092 -0.7263
vn -0.3184 0.6092 -0.7263
vn 0.0430 0.6161 -0.7865
vn -0.0467 0.4780 -0.8771
vn 0.0430 0.6161 -0.7865
vn -0.3184 0.6092 -0.7263
vn 0.0154 0.7631 -0.6460
vn 0.8790 0.3483 -0.3256
vn 1.0000 0.0012 -0.0010
vn 0.9071 0.2761 -0.3176
vn -0.3184 0.6092 -0.7263
vn 0.0304 0.7205 -0.6928
vn 0.3258 0.7082 -0.6263
vn -0.3184 0.6092 -0.7263
vn -0.3245 0.8927 -0.3128
vn 0.6105 0.6670 -0.4271
vn 0.0794 0.9186 -0.3872
vn 0.6105 0.6670 -0.4271
vn -0.3245 0.8927 -0.3128
vn -0.3276 0.9153 0.2343
vn 0.5191 0.8543 -0.0268
vn -0.3245 0.8927 -0.3128
vn 0.7065 0.6686 0.2320
vn 0.5191 0.8543 -0.0268
vn -0.3276 0.9153 0.2343
vn 0.0596 0.8639 0.5001
vn 0.7065 0.6686 0.2320
vn -0.3276 0.9153 0.2343
vn -0.3276 0.9153 0.2343
vn -0.3271 0.7236 0.6078
vn 0.0596 0.8639 0.5001
vn 0.6033 0.5193 0.6053
vn 0.4659 0.7197 0.5147
vn -0.3271 0.7236 0.6078
vn -0.1566 0.5541 0.8176
vn 0.6033 0.5193 0.6053
vn -0.3271 0.7236 0.6078
vn -0.3271 0.7236 0.6078
vn -0.2472 0.4715 0.8465
vn -0.1566 0.5541 0.8176
vn -0.2472 0.4715 0.8465
vn -0.1403 0.3628 0.9213
vn -0.1566 0.5541 0.8176
vn -0.1403 0.3628 0.9213
vn -0.2472 0.4715 0.8465
vn -0.4823 0.1214 0.8675
vn -0.0331 0.1241 0.9917
vn -0.1403 0.3628 0.9213
vn -0.4823 0.1214 0.8675
vn -0.0941 -0.1406 0.9856
vn -0.0331 0.1241 0.9917
vn -0.4823 0.1214 0.8675
vn -0.4823 0.1214 0.8675
vn -0.3561 -0.1461 0.9230
vn -0.0941 -0.1406 0.9856
vn 0.5191 0.8543 -0.0268
vn 0.0603 0.9840 -0.1678
vn -0.3245 0.8927 -0.3128
vn 0.9978 0.0669 -0.0014
vn 0.9885 0.1159 -0.0970
vn 0.8848 0.3786 -0.2716
vn -0.0326 0.7897 -0.6126
vn -0.3184 0.6092 -0.7263
vn 0.6105 0.6670 -0.4271
vn -0.3271 0.7236 0.6078
vn 0.4659 0.7197 0.5147
vn 0.7972 0.4694 0.3797
vn 0.7972 0.4694 0.3797
vn 0.0596 0.8639 0.5001
vn -0.3271 0.7236 0.6078
vn 0.9122 0.4097 -0.0023
vn 0.8709 0.4914 -0.0005
vn 0.9896 0.1438 0.0048
vn 0.8683 0.4960 0.0017
vn 0.9896 0.1438 0.0048
vn 0.8709 0.4914 -0.0005
vn 0.9935 0.1140 0.0018
vn 0.9236 0.3834 0.0007
vn 0.9301 0.3674 -0.0021
vn 0.8252 -0.5649 0.0055
vn 0.9935 0.1140 0.0018
vn 0.8252 -0.5649 0.0055
vn 0.4659 0.7197 0.5147
vn 0.7523 0.6589 0.0005
vn 0.9236 0.3834 0.0007
vn 0.8709 0.4914 -0.0005
vn 0.9236 0.3834 0.0007
vn 0.7523 0.6589 0.0005
vn 0.8709 0.4914 -0.0005
vn 0.7523 0.6589 0.0005
vn 0.8683 0.4960 0.0017
vn 0.9301 0.3674 -0.0021
vn 0.7567 0.6538 -0.0015
vn 0.9935 0.1140 0.0018
vn 0.9699 0.2433 -0.0003
vn 0.9935 0.1140 0.0018
vn 0.7567 0.6538 -0.0015
vn 0.9999 0.0166 -0.0012
vn 0.9935 0.1139 -0.0018
vn 0.9942 0.1076 0.0007
vn 0.9942 0.1076 0.0007
vn 0.9771 0.2129 0.0021
vn 0.9999 0.0166 -0.0012
vn 0.0573 0.9984 -0.0005
vn 0.7567 0.6538 -0.0015
vn 0.3258 0.7082 -0.6263
vn 0.9569 -0.2904 -0.0020
vn 0.9999 0.0166 -0.0012
vn 0.9699 0.2433 -0.0003
vn 0.9771 0.2129 0.0021
vn 0.9699 0.2433 -0.0003
vn 0.9999 0.0166 -0.0012
vn 0.9942 0.1076 0.0007
vn 0.9935 0.1139 -0.0018
vn 0.9978 0.0669 -0.0014
vn 0.9942 0.1076 0.0007
vn 0.9992 0.0399 -0.0002
vn 0.7972 0.4694 0.3797
vn 0.9992 0.0399 -0.0002
vn 0.9942 0.1076 0.0007
vn 0.9978 0.0669 -0.0014
vn 0.7972 0.4694 0.3797
vn 0.9992 0.0399 -0.0002
vn 0.7065 0.6686 0.2320
vn 0.7065 0.6686 0.2320
vn 0.9878 0.1410 0.0655
vn 0.7972 0.4694 0.3797
vn 0.9992 0.0399 -0.0002
vn 0.9978 0.0669 -0.0014
vn 0.8848 0.3786 -0.2716
vn 0.8848 0.3786 -0.2716
vn 0.9989 0.0475 -0.0004
vn 0.9992 0.0399 -0.0002
vn 0.9992 0.0399 -0.0002
vn 0.9998 0.0186 -0.0054
vn 0.8125 0.5644 -0.1460
vn 0.9992 0.0399 -0.0002
vn 0.8125 0.5644 -0.1460
vn 0.9992 0.0395 0.0020
vn 0.9991 0.0429 0.0049
vn 0.7065 0.6686 0.2320
vn 0.9992 0.0399 -0.0002
vn -0.1577 -0.4095 0.8986
vn -0.3561 -0.1461 0.9230
vn 0.0868 -0.3298 0.9401
vn -0.9989 -0.0093 -0.0454
vn -0.9989 -0.0093 -0.0454
vn -0.9989 -0.0093 -0.0454
vn -0.9953 0.0419 -0.0874
vn -0.9953 0.0419 -0.0874
vn -0.9953 0.0419 -0.0874
vn -0.9993 -0.0010 0.0383
vn -0.9993 -0.0010 0.0383
vn -0.9993 -0.0010 0.0383
vn -0.9993 -0.0006 0.0370
vn -0.9993 -0.0006 0.0370
vn -0.9993 -0.0006 0.0370
vn -0.9751 -0.1922 -0.1111
vn -0.9751 -0.1922 -0.1111
vn -0.9751 -0.1922 -0.1111
vn -0.9947 -0.0017 -0.1032
vn -0.9947 -0.0017 -0.1032
vn -0.9947 -0.0017 -0.1032
vn -0.9979 0.0202 -0.0614
vn -0.9979 0.0202 -0.0614
vn -0.9979 0.0202 -0.0614
vn -0.9970 0.0279 0.0724
vn -0.9970 0.0279 0.0724
vn -0.9970 0.0279 0.0724
vn -0.9993 0.0024 0.0377
vn -0.9993 0.0024 0.0377
vn -0.9993 0.0024 0.0377
vn -0.3329 -0.5322 0.7785
vn -0.1577 -0.4095 0.8986
vn -0.7746 -0.0399 0.6312
vn -0.9978 -0.0208 -0.0633
vn -0.9978 -0.0208 -0.0633
vn -0.9978 -0.0208 -0.0633
vn -0.9920 0.1040 -0.0712
vn -0.9920 0.1040 -0.0712
vn -0.9920 0.1040 -0.0712
vn -0.9991 -0.0237 0.0347
vn -0.9159 -0.2811 0.2866
vn -0.9991 -0.0237 0.0347
vn -0.9972 0.0390 -0.0643
vn -0.9972 0.0390 -0.0643
vn -0.9972 0.0390 -0.0643
vn -0.9854 0.1604 0.0578
vn -0.9854 0.1604 0.0578
vn -0.8977 0.3893 0.2064
vn -0.9982 -0.0427 0.0420
vn -0.9982 -0.0427 0.0420
vn -0.9159 -0.2811 0.2866
vn -0.9963 0.0742 0.0434
vn -0.9963 0.0742 0.0434
vn -0.9963 0.0742 0.0434
vn -0.9977 -0.0642 0.0215
vn -0.9977 -0.0642 0.0215
vn -0.9977 -0.0642 0.0215
vn -0.9974 0.0548 -0.0472
vn -0.9974 0.0548 -0.0472
vn -0.9974 0.0548 -0.0472
vn -0.9159 -0.2811 0.2866
vn -0.9989 -0.0357 0.0301
vn -0.9989 -0.0357 0.0301
vn -0.9989 -0.0453 0.0081
vn -0.9989 -0.0453 0.0081
vn -0.9989 -0.0453 0.0081
vn -0.9917 -0.1161 -0.0544
vn -0.9917 -0.1161 -0.0544
vn -0.9917 -0.1161 -0.0544
vn -0.8977 0.3893 0.2064
vn -0.9910 0.0949 0.0946
vn -0.9910 0.0949 0.0946
vn -0.9969 -0.0782 -0.0015
vn -0.9969 -0.0782 -0.0015
vn -0.9969 -0.0782 -0.0015
vn -0.9982 -0.0590 -0.0124
vn -0.9982 -0.0590 -0.0124
vn -0.9982 -0.0590 -0.0124
vn -0.9072 -0.2472 -0.3404
vn -0.9072 -0.2472 -0.3404
vn -0.2847 -0.6581 -0.6970
vn -0.8715 0.4789 0.1057
vn -0.8977 0.3893 0.2064
vn -0.9782 0.1899 0.0836
vn -0.9994 0.0335 -0.0025
vn -0.8715 0.4789 0.1057
vn -0.9994 0.0335 -0.0025
vn -0.9715 0.2359 0.0239
vn -0.9715 0.2359 0.0239
vn -0.8715 0.4789 0.1057
vn 0.9840 0.1621 0.0734
vn 0.9840 0.1621 0.0734
vn 0.9981 0.0564 0.0234
vn 0.9996 0.0000 -0.0277
vn 0.9996 0.0000 -0.0277
vn 0.8480 -0.0305 -0.5292
vn 0.9996 -0.0011 -0.0272
vn 0.9996 -0.0011 -0.0272
vn 0.8480 -0.0305 -0.5292
vn 0.9997 -0.0021 -0.0263
vn 0.9997 -0.0021 -0.0263
vn 0.8480 -0.0305 -0.5292
vn 0.9981 0.0000 0.0613
vn 0.9981 0.0000 0.0613
vn 0.9535 0.0175 0.3009
vn 0.9979 0.0026 0.0648
vn 0.9979 0.0026 0.0648
vn 0.9535 0.0175 0.3009
vn 0.9977 0.0054 0.0676
vn 0.9977 0.0054 0.0676
vn 0.9535 0.0175 0.3009
vn 0.9997 -0.0030 -0.0250
vn 0.9997 -0.0030 -0.0250
vn 0.8480 -0.0305 -0.5292
vn 0.9997 -0.0038 -0.0235
vn 0.9997 -0.0038 -0.0235
vn 0.8480 -0.0305 -0.5292
vn 0.9998 -0.0044 -0.0218
vn 0.9998 -0.0044 -0.0218
vn 0.8480 -0.0305 -0.5292
vn 0.9992 0.0293 -0.0287
vn 0.9992 0.0293 -0.0287
vn 0.9397 0.2354 -0.2480
vn 0.9992 0.0282 -0.0299
vn 0.9992 0.0282 -0.0299
vn 0.9397 0.2354 -0.2480
vn 0.9992 0.0266 -0.0306
vn 0.9992 0.0266 -0.0306
vn 0.9397 0.2354 -0.2480
vn 0.9979 -0.0225 0.0602
vn 0.9979 -0.0225 0.0602
vn 0.9979 -0.0225 0.0602
vn 0.9980 -0.0198 0.0602
vn 0.9980 -0.0198 0.0602
vn 0.9980 -0.0198 0.0602
vn 0.9981 -0.0169 0.0591
vn 0.9981 -0.0169 0.0591
vn 0.9981 -0.0169 0.0591
vn 0.9989 -0.0057 0.0474
vn 0.9989 -0.0057 0.0474
vn 0.9989 -0.0057 0.0474
vn 0.9990 -0.0035 0.0437
vn 0.9990 -0.0035 0.0437
vn 0.9990 -0.0035 0.0437
vn 0.9988 -0.0062 0.0488
vn 0.9535 0.0175 0.3009
vn 0.9988 -0.0062 0.0488
vn 0.9984 -0.0023 0.0573
vn 0.9984 -0.0023 0.0573
vn 0.9535 0.0175 0.3009
vn 0.9992 0.0246 -0.0307
vn 0.9992 0.0246 -0.0307
vn 0.9397 0.2354 -0.2480
vn 0.9397 0.2354 -0.2480
vn 0.9992 0.0242 -0.0306
vn 0.9992 0.0242 -0.0306
vn 0.9991 0.0248 -0.0335
vn 0.9991 0.0248 -0.0335
vn 0.9991 0.0248 -0.0335
vn 0.9989 0.0255 -0.0384
vn 0.9989 0.0255 -0.0384
vn 0.9989 0.0255 -0.0384
vn 0.9988 0.0256 -0.0412
vn 0.9988 0.0256 -0.0412
vn 0.9988 0.0256 -0.0412
vn 0.9987 0.0255 -0.0448
vn 0.9987 0.0255 -0.0448
vn 0.9987 0.0255 -0.0448
vn 0.9996 -0.0023 -0.0295
vn 0.8480 -0.0305 -0.5292
vn 0.9996 -0.0023 -0.0295
vn 0.9992 -0.0095 -0.0391
vn 0.9992 -0.0095 -0.0391
vn 0.9992 -0.0095 -0.0391
vn 0.9990 -0.0120 -0.0421
vn 0.9990 -0.0120 -0.0421
vn 0.9990 -0.0120 -0.0421
vn 0.9989 -0.0148 -0.0449
vn 0.9989 -0.0148 -0.0449
vn 0.9989 -0.0148 -0.0449
vn 0.9985 -0.0285 0.0458
vn 0.9985 -0.0285 0.0458
vn 0.9985 -0.0285 0.0458
vn 0.9983 -0.0285 0.0501
vn 0.9983 -0.0285 0.0501
vn 0.9983 -0.0285 0.0501
vn 0.9983 -0.0139 0.0570
vn 0.9983 -0.0139 0.0570
vn 0.9983 -0.0139 0.0570
vn 0.9985 -0.0109 0.0542
vn 0.9985 -0.0109 0.0542
vn 0.9985 -0.0109 0.0542
vn 0.9987 -0.0082 0.0509
vn 0.9987 -0.0082 0.0509
vn 0.9987 -0.0082 0.0509
vn 0.9992 0.0141 0.0377
vn 0.9992 0.0141 0.0377
vn 0.9992 0.0141 0.0377
vn 0.9991 0.0170 0.0391
vn 0.9991 0.0170 0.0391
vn 0.9991 0.0170 0.0391
vn 0.9990 0.0185 0.0395
vn 0.9990 0.0185 0.0395
vn 0.9990 0.0185 0.0395
vn 0.9985 0.0249 -0.0481
vn 0.9985 0.0249 -0.0481
vn 0.9985 0.0249 -0.0481
vn 0.9984 0.0238 -0.0508
vn 0.9984 0.0238 -0.0508
vn 0.9984 0.0238 -0.0508
vn 0.9984 0.0222 -0.0527
vn 0.9984 0.0222 -0.0527
vn 0.9984 0.0222 -0.0527
vn 0.9998 0.0053 -0.0216
vn 0.9998 0.0053 -0.0216
vn 0.8480 -0.0305 -0.5292
vn 0.9997 0.0047 -0.0233
vn 0.9997 0.0047 -0.0233
vn 0.8480 -0.0305 -0.5292
vn 0.9997 0.0040 -0.0249
vn 0.9997 0.0040 -0.0249
vn 0.8480 -0.0305 -0.5292
vn 0.9982 -0.0279 0.0539
vn 0.9982 -0.0279 0.0539
vn 0.9982 -0.0279 0.0539
vn 0.9980 -0.0267 0.0570
vn 0.9980 -0.0267 0.0570
vn 0.9980 -0.0267 0.0570
vn 0.9979 -0.0252 0.0588
vn 0.9979 -0.0252 0.0588
vn 0.9979 -0.0252 0.0588
vn 0.9990 0.0203 0.0392
vn 0.9990 0.0203 0.0392
vn 0.9990 0.0203 0.0392
vn 0.9990 0.0217 0.0382
vn 0.9990 0.0217 0.0382
vn 0.9990 0.0217 0.0382
vn 0.9991 0.0228 0.0366
vn 0.9991 0.0228 0.0366
vn 0.9991 0.0228 0.0366
vn 0.9987 -0.0178 -0.0475
vn 0.9987 -0.0178 -0.0475
vn 0.9987 -0.0178 -0.0475
vn 0.9986 -0.0208 -0.0496
vn 0.9986 -0.0208 -0.0496
vn 0.9986 -0.0208 -0.0496
vn 0.9984 -0.0238 -0.0510
vn 0.9984 -0.0238 -0.0510
vn 0.9984 -0.0238 -0.0510
vn 0.9976 0.0083 0.0694
vn 0.9976 0.0083 0.0694
vn 0.9535 0.0175 0.3009
vn 0.9535 0.0175 0.3009
vn 0.9966 0.0344 0.0755
vn 0.9966 0.0344 0.0755
vn 0.9996 0.0044 0.0274
vn 0.9996 0.0044 0.0274
vn 0.9996 0.0044 0.0274
vn 0.9995 0.0060 0.0296
vn 0.9995 0.0060 0.0296
vn 0.9995 0.0060 0.0296
vn 0.9993 0.0297 -0.0228
vn 0.9993 0.0297 -0.0228
vn 0.9397 0.2354 -0.2480
vn 0.9992 0.0300 -0.0251
vn 0.9992 0.0300 -0.0251
vn 0.9397 0.2354 -0.2480
vn 0.9992 0.0299 -0.0271
vn 0.9992 0.0299 -0.0271
vn 0.9397 0.2354 -0.2480
vn 0.9984 0.0201 -0.0538
vn 0.9984 0.0201 -0.0538
vn 0.9984 0.0201 -0.0538
vn 0.9984 0.0177 -0.0538
vn 0.9984 0.0177 -0.0538
vn 0.9984 0.0177 -0.0538
vn 0.9985 0.0151 -0.0529
vn 0.9985 0.0151 -0.0529
vn 0.9985 0.0151 -0.0529
vn 0.9991 0.0002 -0.0434
vn 0.8480 -0.0305 -0.5292
vn 0.9991 0.0002 -0.0434
vn 0.9997 0.0031 -0.0262
vn 0.9997 0.0031 -0.0262
vn 0.8480 -0.0305 -0.5292
vn 0.9996 0.0022 -0.0272
vn 0.9996 0.0022 -0.0272
vn 0.8480 -0.0305 -0.5292
vn 0.9996 0.0011 -0.0277
vn 0.9996 0.0011 -0.0277
vn 0.8480 -0.0305 -0.5292
vn 0.9983 -0.0266 -0.0515
vn 0.9983 -0.0266 -0.0515
vn 0.9983 -0.0266 -0.0515
vn 0.9983 -0.0291 -0.0511
vn 0.9983 -0.0291 -0.0511
vn 0.9983 -0.0291 -0.0511
vn 0.9983 -0.0310 -0.0498
vn 0.9983 -0.0310 -0.0498
vn 0.9983 -0.0310 -0.0498
vn 0.9995 0.0078 0.0319
vn 0.9995 0.0078 0.0319
vn 0.9995 0.0078 0.0319
vn 0.9994 0.0098 0.0341
vn 0.9994 0.0098 0.0341
vn 0.9994 0.0098 0.0341
vn 0.9993 0.0119 0.0361
vn 0.9993 0.0119 0.0361
vn 0.9993 0.0119 0.0361
vn 0.9991 0.0233 0.0344
vn 0.9991 0.0233 0.0344
vn 0.9991 0.0233 0.0344
vn 0.9992 0.0235 0.0318
vn 0.9992 0.0235 0.0318
vn 0.9992 0.0235 0.0318
vn 0.9993 0.0232 0.0289
vn 0.9993 0.0232 0.0289
vn 0.9993 0.0232 0.0289
vn 1.0000 0.0056 0.0030
vn 1.0000 0.0056 0.0030
vn 0.9981 0.0564 0.0234
vn 1.0000 0.0060 0.0029
vn 1.0000 0.0060 0.0029
vn 0.9981 0.0564 0.0234
vn 1.0000 0.0058 0.0011
vn 1.0000 0.0058 0.0011
vn 0.9981 0.0564 0.0234
vn 1.0000 0.0055 0.0008
vn 1.0000 0.0055 0.0008
vn 0.9981 0.0564 0.0234
vn 1.0000 0.0051 0.0005
vn 1.0000 0.0051 0.0005
vn 0.9981 0.0564 0.0234
vn 0.9983 0.0526 -0.0233
vn 0.9983 0.0526 -0.0233
vn 0.9983 0.0526 -0.0233
vn 0.9983 0.0519 -0.0255
vn 0.9983 0.0519 -0.0255
vn 0.9983 0.0519 -0.0255
vn 0.9984 0.0503 -0.0273
vn 0.9984 0.0503 -0.0273
vn 0.9984 0.0503 -0.0273
vn 0.9984 0.0478 -0.0285
vn 0.9984 0.0478 -0.0285
vn 0.9984 0.0478 -0.0285
vn 0.9986 0.0448 -0.0292
vn 0.9986 0.0448 -0.0292
vn 0.9986 0.0448 -0.0292
vn 0.9990 0.0331 -0.0297
vn 0.9397 0.2354 -0.2480
vn 0.9990 0.0331 -0.0297
vn 0.9994 0.0289 -0.0205
vn 0.9994 0.0289 -0.0205
vn 0.9397 0.2354 -0.2480
vn 0.9994 0.0226 0.0260
vn 0.9994 0.0226 0.0260
vn 0.9994 0.0226 0.0260
vn 0.9995 0.0218 0.0232
vn 0.9995 0.0218 0.0232
vn 0.9995 0.0218 0.0232
vn 0.9996 0.0209 0.0205
vn 0.9996 0.0209 0.0205
vn 0.9996 0.0209 0.0205
vn 1.0000 0.0043 0.0031
vn 1.0000 0.0043 0.0031
vn 0.9981 0.0564 0.0234
vn 1.0000 0.0048 0.0031
vn 1.0000 0.0048 0.0031
vn 0.9981 0.0564 0.0234
vn 1.0000 0.0052 0.0031
vn 1.0000 0.0052 0.0031
vn 0.9981 0.0564 0.0234
vn 0.9988 -0.0322 -0.0371
vn 0.9988 -0.0322 -0.0371
vn 0.9988 -0.0322 -0.0371
vn 0.9990 -0.0313 -0.0332
vn 0.9990 -0.0313 -0.0332
vn 0.9990 -0.0313 -0.0332
vn 0.9991 -0.0301 -0.0295
vn 0.9991 -0.0301 -0.0295
vn 0.9991 -0.0301 -0.0295
vn 0.9984 0.0315 0.0462
vn 0.9984 0.0315 0.0462
vn 0.9984 0.0315 0.0462
vn 0.9978 0.0487 0.0440
vn 0.9978 0.0487 0.0440
vn 0.9978 0.0487 0.0440
vn 0.9978 0.0514 0.0429
vn 0.9978 0.0514 0.0429
vn 0.9978 0.0514 0.0429
vn 0.9977 0.0533 0.0410
vn 0.9977 0.0533 0.0410
vn 0.9977 0.0533 0.0410
vn 0.9978 0.0650 0.0133
vn 0.9978 0.0650 0.0133
vn 0.9981 0.0564 0.0234
vn 1.0000 0.0062 0.0028
vn 1.0000 0.0062 0.0028
vn 0.9981 0.0564 0.0234
vn 1.0000 0.0064 0.0025
vn 1.0000 0.0064 0.0025
vn 0.9981 0.0564 0.0234
vn 1.0000 0.0065 0.0018
vn 1.0000 0.0065 0.0018
vn 0.9981 0.0564 0.0234
vn 1.0000 0.0066 0.0020
vn 1.0000 0.0066 0.0020
vn 0.9981 0.0564 0.0234
vn 1.0000 0.0064 0.0017
vn 1.0000 0.0064 0.0017
vn 0.9981 0.0564 0.0234
vn 1.0000 0.0061 0.0014
vn 1.0000 0.0061 0.0014
vn 0.9981 0.0564 0.0234
vn 0.9987 0.0495 -0.0152
vn 0.9987 0.0495 -0.0152
vn 0.9987 0.0495 -0.0152
vn 0.9985 0.0513 -0.0180
vn 0.9985 0.0513 -0.0180
vn 0.9985 0.0513 -0.0180
vn 0.9984 0.0524 -0.0208
vn 0.9984 0.0524 -0.0208
vn 0.9984 0.0524 -0.0208
vn 0.9983 -0.0320 -0.0480
vn 0.9983 -0.0320 -0.0480
vn 0.9983 -0.0320 -0.0480
vn 0.9985 -0.0327 -0.0443
vn 0.9985 -0.0327 -0.0443
vn 0.9985 -0.0327 -0.0443
vn 0.9986 -0.0327 -0.0408
vn 0.9986 -0.0327 -0.0408
vn 0.9986 -0.0327 -0.0408
vn 0.9991 -0.0265 0.0331
vn 0.9991 -0.0265 0.0331
vn 0.9991 -0.0265 0.0331
vn 0.9989 -0.0275 0.0372
vn 0.9989 -0.0275 0.0372
vn 0.9989 -0.0275 0.0372
vn 0.9987 -0.0282 0.0415
vn 0.9987 -0.0282 0.0415
vn 0.9987 -0.0282 0.0415
vn 0.9981 0.0564 0.0234
vn 0.9933 0.1007 0.0563
vn 0.9933 0.1007 0.0563
vn 0.9964 0.0849 0.0051
vn 0.9964 0.0849 0.0051
vn 0.9964 0.0849 0.0051
vn 0.9966 0.0823 0.0016
vn 0.9966 0.0823 0.0016
vn 0.9966 0.0823 0.0016
vn 0.9969 0.0785 -0.0015
vn 0.9969 0.0785 -0.0015
vn 0.9969 0.0785 -0.0015
vn 0.9991 0.0414 -0.0075
vn 0.9991 0.0414 -0.0075
vn 0.9991 0.0414 -0.0075
vn 0.9989 0.0451 -0.0105
vn 0.9989 0.0451 -0.0105
vn 0.9989 0.0451 -0.0105
vn 0.9988 0.0472 -0.0125
vn 0.9988 0.0472 -0.0125
vn 0.9988 0.0472 -0.0125
vn 0.9988 -0.0393 0.0303
vn 0.9988 -0.0393 0.0303
vn 0.9988 -0.0393 0.0303
vn 0.9986 -0.0401 0.0335
vn 0.9986 -0.0401 0.0335
vn 0.9986 -0.0401 0.0335
vn 0.9985 -0.0403 0.0365
vn 0.9985 -0.0403 0.0365
vn 0.9985 -0.0403 0.0365
vn 0.9973 0.0737 -0.0044
vn 0.9973 0.0737 -0.0044
vn 0.9973 0.0737 -0.0044
vn 0.9976 0.0684 -0.0068
vn 0.9976 0.0684 -0.0068
vn 0.9976 0.0684 -0.0068
vn 0.9980 0.0629 -0.0088
vn 0.9980 0.0629 -0.0088
vn 0.9980 0.0629 -0.0088
vn 0.9987 0.0489 -0.0128
vn 0.9987 0.0489 -0.0128
vn 0.9987 0.0489 -0.0128
vn 0.9984 -0.0398 0.0391
vn 0.9984 -0.0398 0.0391
vn 0.9984 -0.0398 0.0391
vn 0.9984 -0.0387 0.0411
vn 0.9984 -0.0387 0.0411
vn 0.9984 -0.0387 0.0411
vn 0.9984 -0.0314 0.0469
vn 0.9984 -0.0314 0.0469
vn 0.9984 -0.0314 0.0469
vn 0.9992 -0.0254 0.0292
vn 0.9992 -0.0254 0.0292
vn 0.9992 -0.0254 0.0292
vn 0.9993 -0.0287 -0.0259
vn 0.9993 -0.0287 -0.0259
vn 0.9993 -0.0287 -0.0259
vn 0.9994 -0.0272 -0.0227
vn 0.9994 -0.0272 -0.0227
vn 0.9994 -0.0272 -0.0227
vn 0.9999 -0.0113 0.0076
vn 0.9999 -0.0113 0.0076
vn 0.9999 -0.0113 0.0076
vn 1.0000 -0.0001 -0.0001
vn 1.0000 -0.0001 -0.0001
vn 1.0000 -0.0001 -0.0001
vn 0.9986 -0.0486 0.0216
vn 0.9986 -0.0486 0.0216
vn 0.7962 -0.5662 0.2134
vn 0.9986 -0.0476 0.0234
vn 0.9986 -0.0476 0.0234
vn 0.7962 -0.5662 0.2134
vn 0.9986 -0.0458 0.0248
vn 0.9986 -0.0458 0.0248
vn 0.7962 -0.5662 0.2134
vn 0.9987 -0.0432 0.0257
vn 0.9987 -0.0432 0.0257
vn 0.7962 -0.5662 0.2134
vn 0.9989 -0.0402 0.0261
vn 0.9989 -0.0402 0.0261
vn 0.7962 -0.5662 0.2134
vn 0.9990 -0.0368 0.0261
vn 0.9990 -0.0368 0.0261
vn 0.7962 -0.5662 0.2134
vn 0.9989 -0.0378 0.0262
vn 0.7962 -0.5662 0.2134
vn 0.9989 -0.0378 0.0262
vn 1.0000 -0.0001 -0.0001
vn 1.0000 -0.0001 -0.0001
vn 1.0000 -0.0001 -0.0001
vn 1.0000 -0.0001 -0.0001
vn 1.0000 -0.0001 -0.0001
vn 1.0000 -0.0001 -0.0001
vn 1.0000 -0.0001 -0.0001
vn 1.0000 -0.0001 -0.0001
vn 1.0000 -0.0001 -0.0001
vn 0.9994 -0.0317 -0.0141
vn 0.9994 -0.0317 -0.0141
vn 0.7340 -0.6774 -0.0481
vn 0.9993 -0.0350 -0.0139
vn 0.9993 -0.0350 -0.0139
vn 0.7340 -0.6774 -0.0481
vn 0.9992 -0.0384 -0.0135
vn 0.9992 -0.0384 -0.0135
vn 0.7340 -0.6774 -0.0481
vn 0.9990 -0.0417 -0.0128
vn 0.9990 -0.0417 -0.0128
vn 0.7340 -0.6774 -0.0481
vn 0.9989 -0.0447 -0.0118
vn 0.9989 -0.0447 -0.0118
vn 0.7340 -0.6774 -0.0481
vn 0.9989 -0.0465 -0.0109
vn 0.9989 -0.0465 -0.0109
vn 0.7340 -0.6774 -0.0481
vn 1.0000 -0.0001 -0.0001
vn 1.0000 -0.0001 -0.0001
vn 1.0000 -0.0001 -0.0001
vn 1.0000 -0.0001 -0.0001
vn 1.0000 -0.0001 -0.0001
vn 1.0000 -0.0001 -0.0001
vn 0.9998 -0.0130 -0.0138
vn 0.7340 -0.6774 -0.0481
vn 0.9998 -0.0130 -0.0138
vn 0.9991 -0.0416 0.0025
vn 0.9991 -0.0416 0.0025
vn 0.7340 -0.6774 -0.0481
vn 0.9993 -0.0384 0.0038
vn 0.9993 -0.0384 0.0038
vn 0.7340 -0.6774 -0.0481
vn 0.7340 -0.6774 -0.0481
vn 0.7962 -0.5662 0.2134
vn 0.9993 -0.0359 0.0047
vn 0.9993 -0.0365 0.0051
vn 0.9993 -0.0365 0.0051
vn 0.7962 -0.5662 0.2134
vn 0.9988 -0.0467 0.0143
vn 0.9988 -0.0467 0.0143
vn 0.7962 -0.5662 0.2134
vn 0.9987 -0.0478 0.0163
vn 0.9987 -0.0478 0.0163
vn 0.7962 -0.5662 0.2134
vn 0.9986 -0.0487 0.0194
vn 0.9986 -0.0487 0.0194
vn 0.7962 -0.5662 0.2134
vn 0.9988 -0.0487 -0.0088
vn 0.9988 -0.0487 -0.0088
vn 0.7340 -0.6774 -0.0481
vn 0.9987 -0.0496 -0.0070
vn 0.9987 -0.0496 -0.0070
vn 0.7340 -0.6774 -0.0481
vn 0.9988 -0.0496 -0.0049
vn 0.9988 -0.0496 -0.0049
vn 0.7340 -0.6774 -0.0481
vn 0.9992 -0.0394 0.0071
vn 0.9992 -0.0394 0.0071
vn 0.7962 -0.5662 0.2134
vn 0.9991 -0.0421 0.0094
vn 0.9991 -0.0421 0.0094
vn 0.7962 -0.5662 0.2134
vn 0.9989 -0.0446 0.0118
vn 0.9989 -0.0446 0.0118
vn 0.7962 -0.5662 0.2134
vn 0.9988 -0.0486 -0.0029
vn 0.9988 -0.0486 -0.0029
vn 0.7340 -0.6774 -0.0481
vn 0.9989 -0.0468 -0.0009
vn 0.9989 -0.0468 -0.0009
vn 0.7340 -0.6774 -0.0481
vn 0.9990 -0.0444 0.0009
vn 0.9990 -0.0444 0.0009
vn 0.7340 -0.6774 -0.0481
vn 0.0430 -0.9985 0.0332
vn -0.0248 -0.9986 0.0463
vn -0.0248 -0.9997 0.0067
vn -0.0248 -0.9986 0.0463
vn 0.0430 -0.9985 0.0332
vn 0.0461 -0.9963 0.0725
vn 0.0461 -0.9963 0.0725
vn -0.0255 -0.9960 0.0858
vn -0.0248 -0.9986 0.0463
vn -0.0255 -0.9960 0.0858
vn 0.0461 -0.9963 0.0725
vn 0.3645 -0.9253 0.1048
vn 0.3645 -0.9253 0.1048
vn -0.0269 -0.9917 0.1255
vn -0.0255 -0.9960 0.0858
vn -0.0269 -0.9917 0.1255
vn 0.3645 -0.9253 0.1048
vn 0.0538 -0.9870 0.1517
vn 0.0538 -0.9870 0.1517
vn -0.1849 -0.9693 0.1623
vn -0.0269 -0.9917 0.1255
vn -0.1849 -0.9693 0.1623
vn 0.0538 -0.9870 0.1517
vn 0.0497 -0.9803 0.1909
vn 0.0497 -0.9803 0.1909
vn -0.0345 -0.9784 0.2041
vn -0.1849 -0.9693 0.1623
vn -0.0345 -0.9784 0.2041
vn 0.0497 -0.9803 0.1909
vn 0.0463 -0.9721 0.2298
vn 0.0463 -0.9721 0.2298
vn -0.0309 -0.9696 0.2427
vn -0.0345 -0.9784 0.2041
vn -0.0309 -0.9696 0.2427
vn 0.0463 -0.9721 0.2298
vn 0.0435 -0.9624 0.2681
vn 0.0435 -0.9624 0.2681
vn -0.0279 -0.9593 0.2809
vn -0.0309 -0.9696 0.2427
vn -0.0279 -0.9593 0.2809
vn 0.0435 -0.9624 0.2681
vn 0.0413 -0.9511 0.3061
vn 0.0413 -0.9511 0.3061
vn -0.0257 -0.9474 0.3189
vn -0.0279 -0.9593 0.2809
vn -0.0257 -0.9474 0.3189
vn 0.0413 -0.9511 0.3061
vn 0.0398 -0.9382 0.3438
vn 0.0398 -0.9382 0.3438
vn -0.0240 -0.9340 0.3565
vn -0.0257 -0.9474 0.3189
vn -0.0240 -0.9340 0.3565
vn 0.0398 -0.9382 0.3438
vn 0.0389 -0.9238 0.3810
vn 0.0389 -0.9238 0.3810
vn -0.0231 -0.9191 0.3933
vn -0.0240 -0.9340 0.3565
vn -0.0231 -0.9191 0.3933
vn 0.0389 -0.9238 0.3810
vn 0.0387 -0.9080 0.4172
vn 0.0387 -0.9080 0.4172
vn -0.0228 -0.9028 0.4295
vn -0.0231 -0.9191 0.3933
vn -0.0228 -0.9028 0.4295
vn 0.0387 -0.9080 0.4172
vn 0.0391 -0.8906 0.4531
vn 0.0391 -0.8906 0.4531
vn -0.1024 -0.8799 0.4640
vn -0.0228 -0.9028 0.4295
vn -0.1024 -0.8799 0.4640
vn 0.0391 -0.8906 0.4531
vn 0.0402 -0.8719 0.4881
vn 0.0402 -0.8719 0.4881
vn -0.0310 -0.8656 0.4997
vn -0.1024 -0.8799 0.4640
vn -0.0310 -0.8656 0.4997
vn 0.0402 -0.8719 0.4881
vn 0.0419 -0.8517 0.5224
vn 0.0419 -0.8517 0.5224
vn -0.0284 -0.8451 0.5338
vn -0.0310 -0.8656 0.4997
vn -0.0284 -0.8451 0.5338
vn 0.0419 -0.8517 0.5224
vn 0.0442 -0.8302 0.5557
vn 0.0442 -0.8302 0.5557
vn -0.0266 -0.8234 0.5669
vn -0.0284 -0.8451 0.5338
vn -0.0266 -0.8234 0.5669
vn 0.0442 -0.8302 0.5557
vn 0.2551 -0.7817 0.5691
vn 0.2551 -0.7817 0.5691
vn -0.0253 -0.8001 0.5993
vn -0.0266 -0.8234 0.5669
vn -0.0253 -0.8001 0.5993
vn 0.2551 -0.7817 0.5691
vn 0.0473 -0.7832 0.6199
vn 0.0473 -0.7832 0.6199
vn -0.0248 -0.7756 0.6308
vn -0.0253 -0.8001 0.5993
vn -0.0248 -0.7756 0.6308
vn 0.0473 -0.7832 0.6199
vn 0.0452 -0.7581 0.6506
vn 0.0452 -0.7581 0.6506
vn -0.0249 -0.7500 0.6610
vn -0.0248 -0.7756 0.6308
vn -0.0249 -0.7500 0.6610
vn 0.0452 -0.7581 0.6506
vn 0.0437 -0.7317 0.6802
vn 0.0437 -0.7317 0.6802
vn -0.0257 -0.7231 0.6902
vn -0.0249 -0.7500 0.6610
vn -0.0257 -0.7231 0.6902
vn 0.0437 -0.7317 0.6802
vn 0.0429 -0.7041 0.7088
vn 0.0429 -0.7041 0.7088
vn -0.1761 -0.6844 0.7075
vn -0.0257 -0.7231 0.6902
vn -0.1761 -0.6844 0.7075
vn 0.0429 -0.7041 0.7088
vn 0.2254 -0.6575 0.7190
vn 0.2254 -0.6575 0.7190
vn -0.0368 -0.6658 0.7452
vn -0.1761 -0.6844 0.7075
vn -0.0368 -0.6658 0.7452
vn 0.2254 -0.6575 0.7190
vn 0.0585 -0.6451 0.7618
vn 0.0585 -0.6451 0.7618
vn -0.0328 -0.6357 0.7712
vn -0.0368 -0.6658 0.7452
vn -0.0328 -0.6357 0.7712
vn 0.0585 -0.6451 0.7618
vn 0.0535 -0.6144 0.7872
vn 0.0535 -0.6144 0.7872
vn -0.0294 -0.6045 0.7961
vn -0.0328 -0.6357 0.7712
vn -0.0294 -0.6045 0.7961
vn 0.0535 -0.6144 0.7872
vn 0.0492 -0.5827 0.8112
vn 0.0492 -0.5827 0.8112
vn -0.0267 -0.5724 0.8195
vn -0.0294 -0.6045 0.7961
vn -0.0267 -0.5724 0.8195
vn 0.0492 -0.5827 0.8112
vn 0.0456 -0.5502 0.8338
vn 0.0456 -0.5502 0.8338
vn -0.0247 -0.5396 0.8416
vn -0.0267 -0.5724 0.8195
vn -0.0247 -0.5396 0.8416
vn 0.0456 -0.5502 0.8338
vn 0.0425 -0.5167 0.8551
vn 0.0425 -0.5167 0.8551
vn -0.0233 -0.5055 0.8625
vn -0.0247 -0.5396 0.8416
vn -0.0233 -0.5055 0.8625
vn 0.0425 -0.5167 0.8551
vn 0.0401 -0.4821 0.8752
vn 0.0401 -0.4821 0.8752
vn -0.0227 -0.4708 0.8820
vn -0.0233 -0.5055 0.8625
vn -0.0227 -0.4708 0.8820
vn 0.0401 -0.4821 0.8752
vn 0.0383 -0.4471 0.8937
vn 0.0383 -0.4471 0.8937
vn -0.0227 -0.4355 0.8999
vn -0.0227 -0.4708 0.8820
vn -0.0227 -0.4355 0.8999
vn 0.0383 -0.4471 0.8937
vn 0.0372 -0.4114 0.9107
vn 0.0372 -0.4114 0.9107
vn -0.0233 -0.3995 0.9164
vn -0.0227 -0.4355 0.8999
vn -0.0233 -0.3995 0.9164
vn 0.0372 -0.4114 0.9107
vn 0.0368 -0.3749 0.9264
vn 0.0368 -0.3749 0.9264
vn -0.0247 -0.3626 0.9316
vn -0.0233 -0.3995 0.9164
vn -0.0247 -0.3626 0.9316
vn 0.0368 -0.3749 0.9264
vn 0.0370 -0.3375 0.9406
vn 0.0370 -0.3375 0.9406
vn -0.0267 -0.3250 0.9453
vn -0.0247 -0.3626 0.9316
vn -0.0267 -0.3250 0.9453
vn 0.0370 -0.3375 0.9406
vn 0.0378 -0.2999 0.9532
vn 0.0378 -0.2999 0.9532
vn -0.0294 -0.2875 0.9573
vn -0.0267 -0.3250 0.9453
vn -0.0294 -0.2875 0.9573
vn 0.0378 -0.2999 0.9532
vn 0.0393 -0.2619 0.9643
vn 0.0393 -0.2619 0.9643
vn -0.1914 -0.2445 0.9506
vn -0.0294 -0.2875 0.9573
vn -0.1914 -0.2445 0.9506
vn 0.0393 -0.2619 0.9643
vn 0.0415 -0.2231 0.9739
vn 0.0415 -0.2231 0.9739
vn -0.0303 -0.2104 0.9772
vn -0.1914 -0.2445 0.9506
vn -0.0303 -0.2104 0.9772
vn 0.0415 -0.2231 0.9739
vn 0.0442 -0.1843 0.9819
vn 0.0442 -0.1843 0.9819
vn -0.0279 -0.1715 0.9848
vn -0.0303 -0.2104 0.9772
vn -0.0279 -0.1715 0.9848
vn 0.0442 -0.1843 0.9819
vn 0.0477 -0.1452 0.9883
vn 0.0477 -0.1452 0.9883
vn -0.0261 -0.1323 0.9909
vn -0.0279 -0.1715 0.9848
vn -0.0261 -0.1323 0.9909
vn 0.0477 -0.1452 0.9883
vn 0.0517 -0.1058 0.9930
vn 0.0517 -0.1058 0.9930
vn -0.0250 -0.0927 0.9954
vn -0.0261 -0.1323 0.9909
vn -0.0250 -0.0927 0.9954
vn 0.0517 -0.1058 0.9930
vn 0.3540 -0.0628 0.9331
vn 0.3540 -0.0628 0.9331
vn -0.0246 -0.0530 0.9983
vn -0.0250 -0.0927 0.9954
vn -0.0246 -0.0530 0.9983
vn 0.3540 -0.0628 0.9331
vn 0.0479 -0.0264 0.9985
vn 0.0479 -0.0264 0.9985
vn -0.0248 -0.0133 0.9996
vn -0.0246 -0.0530 0.9983
vn -0.0248 -0.0133 0.9996
vn 0.0479 -0.0264 0.9985
vn 0.0450 0.0133 0.9989
vn 0.0450 0.0133 0.9989
vn -0.0257 0.0265 0.9993
vn -0.0248 -0.0133 0.9996
vn -0.0257 0.0265 0.9993
vn 0.0450 0.0133 0.9989
vn 0.0428 0.0530 0.9977
vn 0.0428 0.0530 0.9977
vn -0.0273 0.0662 0.9974
vn -0.0257 0.0265 0.9993
vn -0.0273 0.0662 0.9974
vn 0.0428 0.0530 0.9977
vn 0.0412 0.0927 0.9948
vn 0.0412 0.0927 0.9948
vn -0.1610 0.1047 0.9814
vn -0.0273 0.0662 0.9974
vn -0.1610 0.1047 0.9814
vn 0.0412 0.0927 0.9948
vn 0.1769 0.1333 0.9752
vn 0.1769 0.1333 0.9752
vn -0.0306 0.1453 0.9889
vn -0.1610 0.1047 0.9814
vn -0.0306 0.1453 0.9889
vn 0.1769 0.1333 0.9752
vn 0.0572 0.1711 0.9836
vn 0.0572 0.1711 0.9836
vn -0.0281 0.1844 0.9825
vn -0.0306 0.1453 0.9889
vn -0.0281 0.1844 0.9825
vn 0.0572 0.1711 0.9836
vn 0.0526 0.2102 0.9763
vn 0.0526 0.2102 0.9763
vn -0.0262 0.2234 0.9744
vn -0.0281 0.1844 0.9825
vn -0.0262 0.2234 0.9744
vn 0.0526 0.2102 0.9763
vn 0.0485 0.2490 0.9673
vn 0.0485 0.2490 0.9673
vn -0.0250 0.2620 0.9648
vn -0.0262 0.2234 0.9744
vn -0.0250 0.2620 0.9648
vn 0.0485 0.2490 0.9673
vn 0.0451 0.2871 0.9568
vn 0.0451 0.2871 0.9568
vn -0.0245 0.2999 0.9536
vn -0.0250 0.2620 0.9648
vn -0.0245 0.2999 0.9536
vn 0.0451 0.2871 0.9568
vn 0.0424 0.3251 0.9447
vn 0.0424 0.3251 0.9447
vn -0.0246 0.3378 0.9409
vn -0.0245 0.2999 0.9536
vn -0.0246 0.3378 0.9409
vn 0.0424 0.3251 0.9447
vn 0.0402 0.3625 0.9311
vn 0.0402 0.3625 0.9311
vn -0.0255 0.3748 0.9267
vn -0.0246 0.3378 0.9409
vn -0.0255 0.3748 0.9267
vn 0.0402 0.3625 0.9311
vn 0.0388 0.3992 0.9161
vn 0.0388 0.3992 0.9161
vn -0.0270 0.4115 0.9110
vn -0.0255 0.3748 0.9267
vn -0.0270 0.4115 0.9110
vn 0.0388 0.3992 0.9161
vn 0.0379 0.4353 0.8995
vn 0.0379 0.4353 0.8995
vn -0.1812 0.4403 0.8794
vn -0.0270 0.4115 0.9110
vn -0.1812 0.4403 0.8794
vn 0.0379 0.4353 0.8995
vn 0.0378 0.4707 0.8815
vn 0.0378 0.4707 0.8815
vn -0.0332 0.4823 0.8754
vn -0.1812 0.4403 0.8794
vn -0.0332 0.4823 0.8754
vn 0.0378 0.4707 0.8815
vn 0.0382 0.5053 0.8621
vn 0.0382 0.5053 0.8621
vn -0.0298 0.5168 0.8556
vn -0.0332 0.4823 0.8754
vn -0.0298 0.5168 0.8556
vn 0.0382 0.5053 0.8621
vn 0.0394 0.5393 0.8412
vn 0.0394 0.5393 0.8412
vn -0.0271 0.5506 0.8343
vn -0.0298 0.5168 0.8556
vn -0.0271 0.5506 0.8343
vn 0.0394 0.5393 0.8412
vn 0.0411 0.5722 0.8191
vn 0.0411 0.5722 0.8191
vn -0.0251 0.5832 0.8119
vn -0.0271 0.5506 0.8343
vn -0.0251 0.5832 0.8119
vn 0.0411 0.5722 0.8191
vn 0.0435 0.6042 0.7957
vn 0.0435 0.6042 0.7957
vn -0.0237 0.6151 0.7881
vn -0.0251 0.5832 0.8119
vn -0.0237 0.6151 0.7881
vn 0.0435 0.6042 0.7957
vn 0.0466 0.6353 0.7708
vn 0.0466 0.6353 0.7708
vn -0.0230 0.6461 0.7629
vn -0.0237 0.6151 0.7881
vn -0.0230 0.6461 0.7629
vn 0.0466 0.6353 0.7708
vn 0.0503 0.6654 0.7448
vn 0.0503 0.6654 0.7448
vn -0.0230 0.6758 0.7367
vn -0.0230 0.6461 0.7629
vn -0.0230 0.6758 0.7367
vn 0.0503 0.6654 0.7448
vn 0.0546 0.6942 0.7177
vn 0.0546 0.6942 0.7177
vn -0.0236 0.7045 0.7093
vn -0.0230 0.6758 0.7367
vn -0.0236 0.7045 0.7093
vn 0.0546 0.6942 0.7177
vn 0.2678 0.6952 0.6671
vn 0.2678 0.6952 0.6671
vn -0.0249 0.7322 0.6806
vn -0.0236 0.7045 0.7093
vn -0.0249 0.7322 0.6806
vn 0.2678 0.6952 0.6671
vn 0.0441 0.7495 0.6605
vn 0.0441 0.7495 0.6605
vn -0.1664 0.7488 0.6416
vn -0.0249 0.7322 0.6806
vn -0.1664 0.7488 0.6416
vn 0.0441 0.7495 0.6605
vn 0.0436 0.7751 0.6303
vn 0.0436 0.7751 0.6303
vn -0.0331 0.7837 0.6203
vn -0.1664 0.7488 0.6416
vn -0.0331 0.7837 0.6203
vn 0.0436 0.7751 0.6303
vn 0.1877 0.7885 0.5857
vn 0.1877 0.7885 0.5857
vn -0.0298 0.8079 0.5885
vn -0.0331 0.7837 0.6203
vn -0.0298 0.8079 0.5885
vn 0.1877 0.7885 0.5857
vn 0.0497 0.8226 0.5664
vn 0.0497 0.8226 0.5664
vn -0.0273 0.8308 0.5559
vn -0.0298 0.8079 0.5885
vn -0.0273 0.8308 0.5559
vn 0.0497 0.8226 0.5664
vn 0.0465 0.8446 0.5334
vn 0.0465 0.8446 0.5334
vn -0.0254 0.8522 0.5227
vn -0.0273 0.8308 0.5559
vn -0.0254 0.8522 0.5227
vn 0.0465 0.8446 0.5334
vn 0.0439 0.8652 0.4996
vn 0.0439 0.8652 0.4996
vn -0.0242 0.8723 0.4884
vn -0.0254 0.8522 0.5227
vn -0.0242 0.8723 0.4884
vn 0.0439 0.8652 0.4996
vn 0.0419 0.8844 0.4648
vn 0.0419 0.8844 0.4648
vn -0.0236 0.8911 0.4533
vn -0.0242 0.8723 0.4884
vn -0.0236 0.8911 0.4533
vn 0.0419 0.8844 0.4648
vn 0.0406 0.9023 0.4292
vn 0.0406 0.9023 0.4292
vn -0.0237 0.9084 0.4174
vn -0.0236 0.8911 0.4533
vn -0.0237 0.9084 0.4174
vn 0.0406 0.9023 0.4292
vn 0.0399 0.9186 0.3931
vn 0.0399 0.9186 0.3931
vn -0.1303 0.9170 0.3771
vn -0.0237 0.9084 0.4174
vn -0.1303 0.9170 0.3771
vn 0.0399 0.9186 0.3931
vn 0.0398 0.9335 0.3564
vn 0.0398 0.9335 0.3564
vn -0.0337 0.9384 0.3439
vn -0.1303 0.9170 0.3771
vn -0.0337 0.9384 0.3439
vn 0.0398 0.9335 0.3564
vn 0.0405 0.9470 0.3187
vn 0.0405 0.9470 0.3187
vn -0.0304 0.9515 0.3062
vn -0.0337 0.9384 0.3439
vn -0.0304 0.9515 0.3062
vn 0.0405 0.9470 0.3187
vn 0.0417 0.9588 0.2810
vn 0.0417 0.9588 0.2810
vn -0.0279 0.9629 0.2686
vn -0.0304 0.9515 0.3062
vn -0.0279 0.9629 0.2686
vn 0.0417 0.9588 0.2810
vn 0.0436 0.9691 0.2427
vn 0.0436 0.9691 0.2427
vn -0.0260 0.9729 0.2298
vn -0.0279 0.9629 0.2686
vn -0.0260 0.9729 0.2298
vn 0.0436 0.9691 0.2427
vn 0.0462 0.9779 0.2037
vn 0.0462 0.9779 0.2037
vn -0.0247 0.9813 0.1909
vn -0.0260 0.9729 0.2298
vn -0.0247 0.9813 0.1909
vn 0.0462 0.9779 0.2037
vn 0.0493 0.9851 0.1648
vn 0.0493 0.9851 0.1648
vn -0.0242 0.9881 0.1519
vn -0.0247 0.9813 0.1909
vn -0.0242 0.9881 0.1519
vn 0.0493 0.9851 0.1648
vn 0.0531 0.9907 0.1254
vn 0.0531 0.9907 0.1254
vn -0.0243 0.9934 0.1123
vn -0.0242 0.9881 0.1519
vn -0.0243 0.9934 0.1123
vn 0.0531 0.9907 0.1254
vn 0.1425 0.9857 0.0897
vn 0.1425 0.9857 0.0897
vn -0.0251 0.9970 0.0729
vn -0.0243 0.9934 0.1123
vn -0.0251 0.9970 0.0729
vn 0.1425 0.9857 0.0897
vn 0.0377 0.9982 0.0464
vn 0.0377 0.9982 0.0464
vn -0.1158 0.9927 0.0328
vn -0.0251 0.9970 0.0729
vn -0.1158 0.9927 0.0328
vn 0.0377 0.9982 0.0464
vn 0.0393 0.9992 0.0065
vn 0.0393 0.9992 0.0065
vn -0.0293 0.9996 -0.0065
vn -0.1158 0.9927 0.0328
vn -0.0293 0.9996 -0.0065
vn 0.0393 0.9992 0.0065
vn 0.0415 0.9986 -0.0330
vn 0.0415 0.9986 -0.0330
vn -0.0276 0.9985 -0.0464
vn -0.0293 0.9996 -0.0065
vn -0.0276 0.9985 -0.0464
vn 0.0415 0.9986 -0.0330
vn 0.0443 0.9964 -0.0729
vn 0.0443 0.9964 -0.0729
vn -0.0266 0.9959 -0.0860
vn -0.0276 0.9985 -0.0464
vn -0.0266 0.9959 -0.0860
vn 0.0443 0.9964 -0.0729
vn 0.0478 0.9925 -0.1123
vn 0.0478 0.9925 -0.1123
vn -0.0263 0.9917 -0.1255
vn -0.0266 0.9959 -0.0860
vn -0.0263 0.9917 -0.1255
vn 0.0478 0.9925 -0.1123
vn 0.3686 0.9185 -0.1429
vn 0.3686 0.9185 -0.1429
vn -0.1276 0.9780 -0.1651
vn -0.0263 0.9917 -0.1255
vn -0.1276 0.9780 -0.1651
vn 0.3686 0.9185 -0.1429
vn 0.0531 0.9802 -0.1907
vn 0.0531 0.9802 -0.1907
vn -0.0336 0.9784 -0.2038
vn -0.1276 0.9780 -0.1651
vn -0.0336 0.9784 -0.2038
vn 0.0531 0.9802 -0.1907
vn 0.0494 0.9720 -0.2296
vn 0.0494 0.9720 -0.2296
vn -0.0302 0.9696 -0.2428
vn -0.0336 0.9784 -0.2038
vn -0.0302 0.9696 -0.2428
vn 0.0494 0.9720 -0.2296
vn 0.0463 0.9622 -0.2683
vn 0.0463 0.9622 -0.2683
vn -0.0276 0.9593 -0.2811
vn -0.0302 0.9696 -0.2428
vn -0.0276 0.9593 -0.2811
vn 0.0463 0.9622 -0.2683
vn 0.0439 0.9510 -0.3061
vn 0.0439 0.9510 -0.3061
vn -0.0256 0.9475 -0.3188
vn -0.0276 0.9593 -0.2811
vn -0.0256 0.9475 -0.3188
vn 0.0439 0.9510 -0.3061
vn 0.0421 0.9381 -0.3438
vn 0.0421 0.9381 -0.3438
vn -0.0243 0.9340 -0.3565
vn -0.0256 0.9475 -0.3188
vn -0.0243 0.9340 -0.3565
vn 0.0421 0.9381 -0.3438
vn 0.0409 0.9237 -0.3810
vn 0.0409 0.9237 -0.3810
vn -0.0236 0.9191 -0.3933
vn -0.0243 0.9340 -0.3565
vn -0.0236 0.9191 -0.3933
vn 0.0409 0.9237 -0.3810
vn 0.0404 0.9079 -0.4173
vn 0.0404 0.9079 -0.4173
vn -0.0236 0.9028 -0.4295
vn -0.0236 0.9191 -0.3933
vn -0.0236 0.9028 -0.4295
vn 0.0404 0.9079 -0.4173
vn 0.0405 0.8906 -0.4530
vn 0.0405 0.8906 -0.4530
vn -0.0243 0.8850 -0.4650
vn -0.0236 0.9028 -0.4295
vn -0.0243 0.8850 -0.4650
vn 0.0405 0.8906 -0.4530
vn 0.0413 0.8718 -0.4880
vn 0.0413 0.8718 -0.4880
vn -0.0257 0.8657 -0.4998
vn -0.0243 0.8850 -0.4650
vn -0.0257 0.8657 -0.4998
vn 0.0413 0.8718 -0.4880
vn 0.0427 0.8517 -0.5223
vn 0.0427 0.8517 -0.5223
vn -0.0277 0.8451 -0.5339
vn -0.0257 0.8657 -0.4998
vn -0.0277 0.8451 -0.5339
vn 0.0427 0.8517 -0.5223
vn 0.2248 0.8091 -0.5430
vn 0.2248 0.8091 -0.5430
vn -0.0304 0.8232 -0.5669
vn -0.0277 0.8451 -0.5339
vn -0.0304 0.8232 -0.5669
vn 0.2248 0.8091 -0.5430
vn 0.0472 0.8074 -0.5881
vn 0.0472 0.8074 -0.5881
vn -0.2163 0.7821 -0.5844
vn -0.0304 0.8232 -0.5669
vn -0.2163 0.7821 -0.5844
vn 0.0472 0.8074 -0.5881
vn 0.0449 0.7833 -0.6200
vn 0.0449 0.7833 -0.6200
vn -0.0323 0.7754 -0.6307
vn -0.2163 0.7821 -0.5844
vn -0.0323 0.7754 -0.6307
vn 0.0449 0.7833 -0.6200
vn 0.0432 0.7581 -0.6507
vn 0.0432 0.7581 -0.6507
vn -0.0293 0.7499 -0.6609
vn -0.0323 0.7754 -0.6307
vn -0.0293 0.7499 -0.6609
vn 0.0432 0.7581 -0.6507
vn 0.0422 0.7318 -0.6802
vn 0.0422 0.7318 -0.6802
vn -0.0269 0.7231 -0.6902
vn -0.0293 0.7499 -0.6609
vn -0.0269 0.7231 -0.6902
vn 0.0422 0.7318 -0.6802
vn 0.0419 0.7042 -0.7088
vn 0.0419 0.7042 -0.7088
vn -0.0251 0.6951 -0.7184
vn -0.0269 0.7231 -0.6902
vn -0.0251 0.6951 -0.7184
vn 0.0419 0.7042 -0.7088
vn 0.0421 0.6754 -0.7362
vn 0.0421 0.6754 -0.7362
vn -0.0241 0.6660 -0.7456
vn -0.0251 0.6951 -0.7184
vn -0.0241 0.6660 -0.7456
vn 0.0421 0.6754 -0.7362
vn 0.0430 0.6455 -0.7625
vn 0.0430 0.6455 -0.7625
vn -0.0237 0.6359 -0.7714
vn -0.0241 0.6660 -0.7456
vn -0.0237 0.6359 -0.7714
vn 0.0430 0.6455 -0.7625
vn 0.2564 0.5948 -0.7619
vn 0.2564 0.5948 -0.7619
vn -0.0240 0.6047 -0.7961
vn -0.0237 0.6359 -0.7714
vn -0.0240 0.6047 -0.7961
vn 0.2564 0.5948 -0.7619
vn 0.0515 0.5827 -0.8110
vn 0.0515 0.5827 -0.8110
vn -0.0249 0.5725 -0.8195
vn -0.0240 0.6047 -0.7961
vn -0.0249 0.5725 -0.8195
vn 0.0515 0.5827 -0.8110
vn 0.0478 0.5500 -0.8338
vn 0.0478 0.5500 -0.8338
vn -0.0265 0.5394 -0.8416
vn -0.0249 0.5725 -0.8195
vn -0.0265 0.5394 -0.8416
vn 0.0478 0.5500 -0.8338
vn 0.0448 0.5166 -0.8551
vn 0.0448 0.5166 -0.8551
vn -0.1863 0.4966 -0.8478
vn -0.0265 0.5394 -0.8416
vn -0.1863 0.4966 -0.8478
vn 0.0448 0.5166 -0.8551
vn 0.0424 0.4821 -0.8751
vn 0.0424 0.4821 -0.8751
vn -0.0344 0.4706 -0.8817
vn -0.1863 0.4966 -0.8478
vn -0.0344 0.4706 -0.8817
vn 0.0424 0.4821 -0.8751
vn 0.0406 0.4470 -0.8936
vn 0.0406 0.4470 -0.8936
vn -0.0310 0.4354 -0.8997
vn -0.0344 0.4706 -0.8817
vn -0.0310 0.4354 -0.8997
vn 0.0406 0.4470 -0.8936
vn 0.0395 0.4113 -0.9106
vn 0.0395 0.4113 -0.9106
vn -0.0283 0.3994 -0.9163
vn -0.0310 0.4354 -0.8997
vn -0.0283 0.3994 -0.9163
vn 0.0395 0.4113 -0.9106
vn 0.0391 0.3748 -0.9263
vn 0.0391 0.3748 -0.9263
vn -0.0262 0.3626 -0.9316
vn -0.0283 0.3994 -0.9163
vn -0.0262 0.3626 -0.9316
vn 0.0391 0.3748 -0.9263
vn 0.0392 0.3377 -0.9405
vn 0.0392 0.3377 -0.9405
vn -0.0248 0.3253 -0.9453
vn -0.0262 0.3626 -0.9316
vn -0.0248 0.3253 -0.9453
vn 0.0392 0.3377 -0.9405
vn 0.0401 0.2999 -0.9531
vn 0.0401 0.2999 -0.9531
vn -0.0241 0.2873 -0.9575
vn -0.0248 0.3253 -0.9453
vn -0.0241 0.2873 -0.9575
vn 0.0401 0.2999 -0.9531
vn 0.2154 0.2539 -0.9430
vn 0.2154 0.2539 -0.9430
vn -0.0240 0.2491 -0.9682
vn -0.0241 0.2873 -0.9575
vn -0.0240 0.2491 -0.9682
vn 0.2154 0.2539 -0.9430
vn 0.0474 0.2233 -0.9736
vn 0.0474 0.2233 -0.9736
vn -0.0246 0.2106 -0.9773
vn -0.0240 0.2491 -0.9682
vn -0.0246 0.2106 -0.9773
vn 0.0474 0.2233 -0.9736
vn 0.0446 0.1844 -0.9818
vn 0.0446 0.1844 -0.9818
vn -0.0259 0.1715 -0.9848
vn -0.0246 0.2106 -0.9773
vn -0.0259 0.1715 -0.9848
vn 0.0446 0.1844 -0.9818
vn 0.0423 0.1451 -0.9885
vn 0.0423 0.1451 -0.9885
vn -0.1560 0.1284 -0.9794
vn -0.0259 0.1715 -0.9848
vn -0.1560 0.1284 -0.9794
vn 0.0423 0.1451 -0.9885
vn 0.0407 0.1057 -0.9936
vn 0.0407 0.1057 -0.9936
vn -0.0318 0.0927 -0.9952
vn -0.1560 0.1284 -0.9794
vn -0.0318 0.0927 -0.9952
vn 0.0407 0.1057 -0.9936
vn 0.0398 0.0662 -0.9970
vn 0.0398 0.0662 -0.9970
vn -0.0291 0.0530 -0.9982
vn -0.0318 0.0927 -0.9952
vn -0.0291 0.0530 -0.9982
vn 0.0398 0.0662 -0.9970
vn 0.0394 0.0265 -0.9989
vn 0.0394 0.0265 -0.9989
vn -0.0270 0.0132 -0.9995
vn -0.0291 0.0530 -0.9982
vn -0.0270 0.0132 -0.9995
vn 0.0394 0.0265 -0.9989
vn 0.0398 -0.0132 -0.9991
vn 0.0398 -0.0132 -0.9991
vn -0.0257 -0.0265 -0.9993
vn -0.0270 0.0132 -0.9995
vn -0.0257 -0.0265 -0.9993
vn 0.0398 -0.0132 -0.9991
vn 0.0408 -0.0529 -0.9978
vn 0.0408 -0.0529 -0.9978
vn -0.0250 -0.0662 -0.9975
vn -0.0257 -0.0265 -0.9993
vn -0.0250 -0.0662 -0.9975
vn 0.0408 -0.0529 -0.9978
vn 0.0424 -0.0925 -0.9948
vn 0.0424 -0.0925 -0.9948
vn -0.0250 -0.1058 -0.9941
vn -0.0250 -0.0662 -0.9975
vn -0.0250 -0.1058 -0.9941
vn 0.0424 -0.0925 -0.9948
vn 0.0446 -0.1320 -0.9902
vn 0.0446 -0.1320 -0.9902
vn -0.0257 -0.1453 -0.9890
vn -0.0250 -0.1058 -0.9941
vn -0.0257 -0.1453 -0.9890
vn 0.0446 -0.1320 -0.9902
vn 0.0476 -0.1714 -0.9841
vn 0.0476 -0.1714 -0.9841
vn -0.0270 -0.1846 -0.9825
vn -0.0257 -0.1453 -0.9890
vn -0.0270 -0.1846 -0.9825
vn 0.0476 -0.1714 -0.9841
vn 0.3574 -0.1955 -0.9133
vn 0.3574 -0.1955 -0.9133
vn -0.0290 -0.2234 -0.9743
vn -0.0270 -0.1846 -0.9825
vn -0.0290 -0.2234 -0.9743
vn 0.3574 -0.1955 -0.9133
vn 0.0520 -0.2489 -0.9671
vn 0.0520 -0.2489 -0.9671
vn -0.1625 -0.2585 -0.9522
vn -0.0290 -0.2234 -0.9743
vn -0.1625 -0.2585 -0.9522
vn 0.0520 -0.2489 -0.9671
vn 0.0480 -0.2871 -0.9567
vn 0.0480 -0.2871 -0.9567
vn -0.0291 -0.3000 -0.9535
vn -0.1625 -0.2585 -0.9522
vn -0.0291 -0.3000 -0.9535
vn 0.0480 -0.2871 -0.9567
vn 0.0445 -0.3251 -0.9446
vn 0.0445 -0.3251 -0.9446
vn -0.0271 -0.3378 -0.9408
vn -0.0291 -0.3000 -0.9535
vn -0.0271 -0.3378 -0.9408
vn 0.0445 -0.3251 -0.9446
vn 0.0418 -0.3624 -0.9311
vn 0.0418 -0.3624 -0.9311
vn -0.0257 -0.3748 -0.9267
vn -0.0271 -0.3378 -0.9408
vn -0.0257 -0.3748 -0.9267
vn 0.0418 -0.3624 -0.9311
vn 0.0396 -0.3991 -0.9160
vn 0.0396 -0.3991 -0.9160
vn -0.0250 -0.4115 -0.9111
vn -0.0257 -0.3748 -0.9267
vn -0.0250 -0.4115 -0.9111
vn 0.0396 -0.3991 -0.9160
vn 0.0381 -0.4353 -0.8995
vn 0.0381 -0.4353 -0.8995
vn -0.0250 -0.4474 -0.8940
vn -0.0250 -0.4115 -0.9111
vn -0.0250 -0.4474 -0.8940
vn 0.0381 -0.4353 -0.8995
vn 0.0373 -0.4707 -0.8815
vn 0.0373 -0.4707 -0.8815
vn -0.0256 -0.4824 -0.8756
vn -0.0250 -0.4474 -0.8940
vn -0.0256 -0.4824 -0.8756
vn 0.0373 -0.4707 -0.8815
vn 0.0371 -0.5052 -0.8622
vn 0.0371 -0.5052 -0.8622
vn -0.0270 -0.5168 -0.8557
vn -0.0256 -0.4824 -0.8756
vn -0.0270 -0.5168 -0.8557
vn 0.0371 -0.5052 -0.8622
vn 0.0376 -0.5392 -0.8413
vn 0.0376 -0.5392 -0.8413
vn -0.0290 -0.5506 -0.8343
vn -0.0270 -0.5168 -0.8557
vn -0.0290 -0.5506 -0.8343
vn 0.0376 -0.5392 -0.8413
vn 0.0387 -0.5723 -0.8191
vn 0.0387 -0.5723 -0.8191
vn -0.1572 -0.5741 -0.8035
vn -0.0290 -0.5506 -0.8343
vn -0.1572 -0.5741 -0.8035
vn 0.0387 -0.5723 -0.8191
vn 0.0405 -0.6044 -0.7957
vn 0.0405 -0.6044 -0.7957
vn -0.0259 -0.6150 -0.7881
vn -0.1572 -0.5741 -0.8035
vn -0.0259 -0.6150 -0.7881
vn 0.0405 -0.6044 -0.7957
vn 0.0428 -0.6353 -0.7710
vn 0.0428 -0.6353 -0.7710
vn -0.0237 -0.6460 -0.7630
vn -0.0259 -0.6150 -0.7881
vn -0.0237 -0.6460 -0.7630
vn 0.0428 -0.6353 -0.7710
vn 0.0459 -0.6656 -0.7449
vn 0.0459 -0.6656 -0.7449
vn -0.0222 -0.6759 -0.7366
vn -0.0237 -0.6460 -0.7630
vn -0.0222 -0.6759 -0.7366
vn 0.0459 -0.6656 -0.7449
vn 0.0496 -0.6945 -0.7178
vn 0.0496 -0.6945 -0.7178
vn -0.0213 -0.7046 -0.7093
vn -0.0222 -0.6759 -0.7366
vn -0.0213 -0.7046 -0.7093
vn 0.0496 -0.6945 -0.7178
vn 0.0539 -0.7223 -0.6895
vn 0.0539 -0.7223 -0.6895
vn -0.0211 -0.7323 -0.6807
vn -0.0213 -0.7046 -0.7093
vn -0.0211 -0.7323 -0.6807
vn 0.0539 -0.7223 -0.6895
vn 0.0588 -0.7489 -0.6601
vn 0.0588 -0.7489 -0.6601
vn -0.0216 -0.7586 -0.6512
vn -0.0211 -0.7323 -0.6807
vn -0.0216 -0.7586 -0.6512
vn 0.0588 -0.7489 -0.6601
vn 0.1670 -0.7659 -0.6209
vn 0.1670 -0.7659 -0.6209
vn -0.0228 -0.7840 -0.6204
vn -0.0216 -0.7586 -0.6512
vn -0.0228 -0.7840 -0.6204
vn 0.1670 -0.7659 -0.6209
vn 0.0269 -0.8001 -0.5993
vn 0.0269 -0.8001 -0.5993
vn -0.0246 -0.8080 -0.5886
vn -0.0228 -0.7840 -0.6204
vn -0.0246 -0.8080 -0.5886
vn 0.0269 -0.8001 -0.5993
vn 0.0276 -0.8233 -0.5669
vn 0.0276 -0.8233 -0.5669
vn -0.1765 -0.8188 -0.5462
vn -0.0246 -0.8080 -0.5886
vn -0.1765 -0.8188 -0.5462
vn 0.0276 -0.8233 -0.5669
vn 0.0290 -0.8450 -0.5339
vn 0.0290 -0.8450 -0.5339
vn -0.0333 -0.8519 -0.5226
vn -0.1765 -0.8188 -0.5462
vn -0.0333 -0.8519 -0.5226
vn 0.0290 -0.8450 -0.5339
vn 0.0310 -0.8656 -0.4998
vn 0.0310 -0.8656 -0.4998
vn -0.0302 -0.8722 -0.4882
vn -0.0333 -0.8519 -0.5226
vn -0.0302 -0.8722 -0.4882
vn 0.0310 -0.8656 -0.4998
vn 0.0337 -0.8848 -0.4648
vn 0.0337 -0.8848 -0.4648
vn -0.0278 -0.8910 -0.4532
vn -0.0302 -0.8722 -0.4882
vn -0.0278 -0.8910 -0.4532
vn 0.0337 -0.8848 -0.4648
vn 0.3014 -0.8603 -0.4112
vn 0.3014 -0.8603 -0.4112
vn -0.0261 -0.9083 -0.4175
vn -0.0278 -0.8910 -0.4532
vn -0.0261 -0.9083 -0.4175
vn 0.3014 -0.8603 -0.4112
vn 0.0514 -0.9181 -0.3929
vn 0.0514 -0.9181 -0.3929
vn -0.0251 -0.9241 -0.3812
vn -0.0261 -0.9083 -0.4175
vn -0.0251 -0.9241 -0.3812
vn 0.0514 -0.9181 -0.3929
vn 0.0474 -0.9332 -0.3562
vn 0.0474 -0.9332 -0.3562
vn -0.0247 -0.9387 -0.3440
vn -0.0251 -0.9241 -0.3812
vn -0.0247 -0.9387 -0.3440
vn 0.0474 -0.9332 -0.3562
vn 0.0440 -0.9469 -0.3186
vn 0.0440 -0.9469 -0.3186
vn -0.0250 -0.9516 -0.3063
vn -0.0247 -0.9387 -0.3440
vn -0.0250 -0.9516 -0.3063
vn 0.0440 -0.9469 -0.3186
vn 0.0413 -0.9589 -0.2808
vn 0.0413 -0.9589 -0.2808
vn -0.0260 -0.9630 -0.2683
vn -0.0250 -0.9516 -0.3063
vn -0.0260 -0.9630 -0.2683
vn 0.0413 -0.9589 -0.2808
vn 0.0393 -0.9693 -0.2426
vn 0.0393 -0.9693 -0.2426
vn -0.0276 -0.9728 -0.2300
vn -0.0260 -0.9630 -0.2683
vn -0.0276 -0.9728 -0.2300
vn 0.0393 -0.9693 -0.2426
vn 0.0378 -0.9782 -0.2041
vn 0.0378 -0.9782 -0.2041
vn -0.1677 -0.9677 -0.1885
vn -0.0276 -0.9728 -0.2300
vn -0.1677 -0.9677 -0.1885
vn 0.0378 -0.9782 -0.2041
vn 0.0371 -0.9856 -0.1649
vn 0.0371 -0.9856 -0.1649
vn -0.0314 -0.9879 -0.1518
vn -0.1677 -0.9677 -0.1885
vn -0.0314 -0.9879 -0.1518
vn 0.0371 -0.9856 -0.1649
vn 0.0370 -0.9914 -0.1255
vn 0.0370 -0.9914 -0.1255
vn -0.0287 -0.9933 -0.1123
vn -0.0314 -0.9879 -0.1518
vn -0.0287 -0.9933 -0.1123
vn 0.0370 -0.9914 -0.1255
vn 0.0375 -0.9956 -0.0858
vn 0.0375 -0.9956 -0.0858
vn -0.0267 -0.9970 -0.0726
vn -0.0287 -0.9933 -0.1123
vn -0.0267 -0.9970 -0.0726
vn 0.0375 -0.9956 -0.0858
vn 0.0387 -0.9982 -0.0462
vn 0.0387 -0.9982 -0.0462
vn -0.0254 -0.9991 -0.0332
vn -0.0267 -0.9970 -0.0726
vn -0.0254 -0.9991 -0.0332
vn 0.0387 -0.9982 -0.0462
vn 0.0405 -0.9992 -0.0067
vn 0.0405 -0.9992 -0.0067
vn -0.0248 -0.9997 0.0067
vn -0.0254 -0.9991 -0.0332
vn -0.0248 -0.9997 0.0067
vn 0.0405 -0.9992 -0.0067
vn 0.0430 -0.9985 0.0332
vn -1.0000 -0.0000 -0.0003
vn -1.0000 -0.0000 -0.0003
vn -0.9874 -0.0135 -0.1577
vn -1.0000 -0.0000 -0.0004
vn -1.0000 -0.0000 -0.0004
vn -0.9874 -0.0135 -0.1577
vn -1.0000 -0.0000 -0.0004
vn -1.0000 -0.0000 -0.0004
vn -0.9874 -0.0135 -0.1577
vn -1.0000 -0.0000 -0.0004
vn -1.0000 -0.0000 -0.0004
vn -0.9874 -0.0135 -0.1577
vn -1.0000 -0.0001 -0.0003
vn -1.0000 -0.0001 -0.0003
vn -0.9874 -0.0135 -0.1577
vn -1.0000 -0.0001 -0.0003
vn -1.0000 -0.0001 -0.0003
vn -0.9874 -0.0135 -0.1577
vn -1.0000 -0.0001 -0.0003
vn -1.0000 -0.0001 -0.0003
vn -0.9874 -0.0135 -0.1577
vn -0.9863 -0.0670 -0.1504
vn -0.9874 -0.0135 -0.1577
vn -1.0000 -0.0001 0.0002
vn -1.0000 0.0002 0.0007
vn -1.0000 0.0002 0.0007
vn -0.9863 -0.0670 -0.1504
vn -1.0000 0.0002 0.0007
vn -1.0000 0.0002 0.0007
vn -0.9863 -0.0670 -0.1504
vn -1.0000 0.0003 0.0008
vn -1.0000 0.0003 0.0008
vn -0.9863 -0.0670 -0.1504
vn -1.0000 0.0003 0.0008
vn -1.0000 0.0003 0.0008
vn -0.9863 -0.0670 -0.1504
vn -1.0000 0.0004 0.0008
vn -1.0000 0.0004 0.0008
vn -0.9863 -0.0670 -0.1504
vn -1.0000 0.0004 0.0008
vn -1.0000 0.0004 0.0008
vn -0.9863 -0.0670 -0.1504
vn -1.0000 0.0004 0.0007
vn -1.0000 0.0004 0.0007
vn -0.9863 -0.0670 -0.1504
vn -1.0000 0.0004 0.0007
vn -1.0000 0.0004 0.0007
vn -0.9863 -0.0670 -0.1504
vn -1.0000 0.0004 0.0006
vn -1.0000 0.0004 0.0006
vn -0.9863 -0.0670 -0.1504
vn -0.9986 -0.0110 -0.0508
vn -0.9863 -0.0670 -0.1504
vn -0.9986 -0.0110 -0.0508
vn -0.9937 -0.0671 -0.0900
vn -0.9937 -0.0671 -0.0900
vn -0.9937 -0.0671 -0.0900
vn -0.9925 -0.0766 -0.0955
vn -0.9925 -0.0766 -0.0955
vn -0.9925 -0.0766 -0.0955
vn -0.9912 -0.0869 -0.0998
vn -0.9912 -0.0869 -0.0998
vn -0.9912 -0.0869 -0.0998
vn -0.9902 -0.0956 -0.1015
vn -0.9902 -0.0956 -0.1015
vn -0.9902 -0.0956 -0.1015
vn -0.9897 -0.1020 -0.1000
vn -0.9897 -0.1020 -0.1000
vn -0.9897 -0.1020 -0.1000
vn -0.9899 -0.1051 -0.0952
vn -0.9899 -0.1051 -0.0952
vn -0.9899 -0.1051 -0.0952
vn -0.9906 -0.1048 -0.0876
vn -0.9906 -0.1048 -0.0876
vn -0.9906 -0.1048 -0.0876
vn -0.9918 -0.1014 -0.0781
vn -0.9918 -0.1014 -0.0781
vn -0.9918 -0.1014 -0.0781
vn -0.9931 -0.0956 -0.0677
vn -0.9931 -0.0956 -0.0677
vn -0.9931 -0.0956 -0.0677
vn -0.9169 -0.3707 -0.1478
vn -0.9966 -0.0741 -0.0369
vn -0.9966 -0.0741 -0.0369
vn -0.9985 -0.0457 -0.0297
vn -0.9985 -0.0457 -0.0297
vn -0.9169 -0.3707 -0.1478
vn -0.9982 -0.0519 -0.0309
vn -0.9982 -0.0519 -0.0309
vn -0.9169 -0.3707 -0.1478
vn -0.9978 -0.0581 -0.0315
vn -0.9978 -0.0581 -0.0315
vn -0.9169 -0.3707 -0.1478
vn -0.9975 -0.0638 -0.0314
vn -0.9975 -0.0638 -0.0314
vn -0.9169 -0.3707 -0.1478
vn -0.9972 -0.0685 -0.0304
vn -0.9972 -0.0685 -0.0304
vn -0.9169 -0.3707 -0.1478
vn -0.9961 -0.0498 0.0733
vn -0.9961 -0.0498 0.0733
vn -0.5779 -0.3819 0.7213
vn -0.9955 -0.0501 0.0805
vn -0.9955 -0.0501 0.0805
vn -0.5779 -0.3819 0.7213
vn -0.9951 -0.0489 0.0862
vn -0.9951 -0.0489 0.0862
vn -0.5779 -0.3819 0.7213
vn -0.9949 -0.0462 0.0893
vn -0.9949 -0.0462 0.0893
vn -0.5779 -0.3819 0.7213
vn -0.9951 -0.0420 0.0898
vn -0.9951 -0.0420 0.0898
vn -0.5779 -0.3819 0.7213
vn -0.9955 -0.0361 0.0873
vn -0.9955 -0.0361 0.0873
vn -0.5779 -0.3819 0.7213
vn -0.9960 -0.0312 0.0835
vn -0.9960 -0.0312 0.0835
vn -0.5779 -0.3819 0.7213
vn -0.9967 -0.0255 0.0776
vn -0.9967 -0.0255 0.0776
vn -0.9967 -0.0255 0.0776
vn -0.9973 -0.0203 0.0709
vn -0.9973 -0.0203 0.0709
vn -0.9973 -0.0203 0.0709
vn -0.9977 -0.0163 0.0651
vn -0.9977 -0.0163 0.0651
vn -0.9977 -0.0163 0.0651
vn -0.9977 -0.0161 0.0663
vn -0.9977 -0.0161 0.0663
vn -0.9977 -0.0161 0.0663
vn -0.9972 -0.0148 0.0732
vn -0.9972 -0.0148 0.0732
vn -0.9972 -0.0148 0.0732
vn -0.9967 -0.0128 0.0796
vn -0.9967 -0.0128 0.0796
vn -0.9967 -0.0128 0.0796
vn -0.9964 -0.0101 0.0845
vn -0.9964 -0.0101 0.0845
vn -0.9964 -0.0101 0.0845
vn -0.9961 -0.0070 0.0875
vn -0.9961 -0.0070 0.0875
vn -0.9961 -0.0070 0.0875
vn -0.9961 -0.0035 0.0881
vn -0.9961 -0.0035 0.0881
vn -0.9961 -0.0035 0.0881
vn -0.9963 0.0000 0.0862
vn -0.9963 0.0000 0.0862
vn -0.9963 0.0000 0.0862
vn -0.9966 0.0033 0.0821
vn -0.9966 0.0033 0.0821
vn -0.9966 0.0033 0.0821
vn -0.9971 0.0061 0.0764
vn -0.9971 0.0061 0.0764
vn -0.9971 0.0061 0.0764
vn -0.9976 0.0085 0.0694
vn -0.9976 0.0085 0.0694
vn -0.9976 0.0085 0.0694
vn -0.9976 0.0083 0.0689
vn -0.9976 0.0083 0.0689
vn -0.9976 0.0083 0.0689
vn -0.9971 0.0121 0.0752
vn -0.9971 0.0121 0.0752
vn -0.9971 0.0121 0.0752
vn -0.9966 0.0163 0.0807
vn -0.9966 0.0163 0.0807
vn -0.9966 0.0163 0.0807
vn -0.9962 0.0206 0.0847
vn -0.9962 0.0206 0.0847
vn -0.9962 0.0206 0.0847
vn -0.9959 0.0248 0.0867
vn -0.9959 0.0248 0.0867
vn -0.9959 0.0248 0.0867
vn -0.9959 0.0284 0.0863
vn -0.9959 0.0284 0.0863
vn -0.9959 0.0284 0.0863
vn -0.9960 0.0312 0.0835
vn -0.9960 0.0312 0.0835
vn -0.9960 0.0312 0.0835
vn -0.9963 0.0327 0.0792
vn -0.9963 0.0327 0.0792
vn -0.9963 0.0327 0.0792
vn -0.9969 0.0336 0.0718
vn -0.9969 0.0336 0.0718
vn -0.9969 0.0336 0.0718
vn -0.9974 0.0334 0.0642
vn -0.9974 0.0334 0.0642
vn -0.9974 0.0334 0.0642
vn -0.9974 0.0329 0.0636
vn -0.9974 0.0329 0.0636
vn -0.9974 0.0329 0.0636
vn -0.9968 0.0395 0.0695
vn -0.9968 0.0395 0.0695
vn -0.9968 0.0395 0.0695
vn -0.9970 -0.0716 -0.0284
vn -0.9970 -0.0716 -0.0284
vn -0.9169 -0.3707 -0.1478
vn -0.9169 -0.3707 -0.1478
vn -0.9970 -0.0728 -0.0256
vn -0.9970 -0.0728 -0.0256
vn -0.9972 -0.0719 -0.0221
vn -0.9972 -0.0719 -0.0221
vn -0.9169 -0.3707 -0.1478
vn -0.9974 -0.0692 -0.0183
vn -0.9974 -0.0692 -0.0183
vn -0.9169 -0.3707 -0.1478
vn -0.9978 -0.0644 -0.0138
vn -0.9978 -0.0644 -0.0138
vn -0.9169 -0.3707 -0.1478
vn -0.9980 -0.0624 -0.0124
vn -0.9169 -0.3707 -0.1478
vn -0.9980 -0.0624 -0.0124
vn -0.9978 -0.0657 -0.0119
vn -0.9978 -0.0657 -0.0119
vn -0.9978 -0.0657 -0.0119
vn -0.9973 -0.0727 -0.0102
vn -0.9973 -0.0727 -0.0102
vn -0.9973 -0.0727 -0.0102
vn -0.9968 -0.0792 -0.0079
vn -0.9968 -0.0792 -0.0079
vn -0.9968 -0.0792 -0.0079
vn -0.9964 -0.0844 -0.0050
vn -0.9964 -0.0844 -0.0050
vn -0.9964 -0.0844 -0.0050
vn -0.9961 -0.0878 -0.0018
vn -0.9961 -0.0878 -0.0018
vn -0.9961 -0.0878 -0.0018
vn -0.9960 -0.0889 0.0018
vn -0.9960 -0.0889 0.0018
vn -0.9960 -0.0889 0.0018
vn -0.9961 -0.0875 0.0052
vn -0.9961 -0.0875 0.0052
vn -0.9961 -0.0875 0.0052
vn -0.9964 -0.0838 0.0083
vn -0.9964 -0.0838 0.0083
vn -0.9964 -0.0838 0.0083
vn -0.9969 -0.0783 0.0110
vn -0.9969 -0.0783 0.0110
vn -0.9969 -0.0783 0.0110
vn -0.9973 -0.0716 0.0130
vn -0.9973 -0.0716 0.0130
vn -0.9973 -0.0716 0.0130
vn -0.9974 -0.0716 0.0129
vn -0.9974 -0.0716 0.0129
vn -0.9974 -0.0716 0.0129
vn -0.9967 -0.0796 0.0177
vn -0.9967 -0.0796 0.0177
vn -0.9967 -0.0796 0.0177
vn -0.9959 -0.0875 0.0231
vn -0.9959 -0.0875 0.0231
vn -0.9959 -0.0875 0.0231
vn -0.9951 -0.0949 0.0292
vn -0.9951 -0.0949 0.0292
vn -0.9951 -0.0949 0.0292
vn -0.9941 -0.1018 0.0363
vn -0.9941 -0.1018 0.0363
vn -0.9941 -0.1018 0.0363
vn -0.9936 -0.1053 0.0418
vn -0.9936 -0.1053 0.0418
vn -0.9936 -0.1053 0.0418
vn -0.9932 -0.1062 0.0471
vn -0.9932 -0.1062 0.0471
vn -0.9932 -0.1062 0.0471
vn -0.9933 -0.1039 0.0512
vn -0.9933 -0.1039 0.0512
vn -0.9933 -0.1039 0.0512
vn -0.9137 -0.3022 0.2717
vn -0.9950 -0.0771 0.0632
vn -0.9950 -0.0771 0.0632
vn -0.9989 -0.0405 0.0220
vn -0.9989 -0.0405 0.0220
vn -0.9137 -0.3022 0.2717
vn -0.9987 -0.0435 0.0259
vn -0.9987 -0.0435 0.0259
vn -0.9137 -0.3022 0.2717
vn -0.9985 -0.0459 0.0299
vn -0.9985 -0.0459 0.0299
vn -0.9137 -0.3022 0.2717
vn -0.9983 -0.0474 0.0335
vn -0.9983 -0.0474 0.0335
vn -0.9137 -0.3022 0.2717
vn -0.9982 -0.0476 0.0367
vn -0.9982 -0.0476 0.0367
vn -0.9137 -0.3022 0.2717
vn -0.9982 -0.0466 0.0389
vn -0.9982 -0.0466 0.0389
vn -0.9137 -0.3022 0.2717
vn -0.9982 -0.0442 0.0400
vn -0.9982 -0.0442 0.0400
vn -0.9137 -0.3022 0.2717
vn -0.9984 -0.0407 0.0399
vn -0.9984 -0.0407 0.0399
vn -0.9137 -0.3022 0.2717
vn -0.9985 -0.0384 0.0393
vn -0.9137 -0.3022 0.2717
vn -0.9985 -0.0384 0.0393
vn -0.9983 -0.0400 0.0424
vn -0.9983 -0.0400 0.0424
vn -0.9983 -0.0400 0.0424
vn -0.9979 -0.0430 0.0494
vn -0.9979 -0.0430 0.0494
vn -0.9979 -0.0430 0.0494
vn -0.9973 -0.0459 0.0572
vn -0.9973 -0.0459 0.0572
vn -0.9973 -0.0459 0.0572
vn -0.9967 -0.0483 0.0653
vn -0.9967 -0.0483 0.0653
vn -0.9967 -0.0483 0.0653
vn -0.9993 0.0364 -0.0128
vn -0.9993 0.0364 -0.0128
vn -0.9867 0.1451 -0.0732
vn -0.9992 0.0374 -0.0149
vn -0.9992 0.0374 -0.0149
vn -0.9867 0.1451 -0.0732
vn -0.9992 0.0373 -0.0165
vn -0.9992 0.0373 -0.0165
vn -0.9867 0.1451 -0.0732
vn -0.9992 0.0360 -0.0177
vn -0.9992 0.0360 -0.0177
vn -0.9867 0.1451 -0.0732
vn -0.9993 0.0339 -0.0184
vn -0.9993 0.0339 -0.0184
vn -0.9867 0.1451 -0.0732
vn -0.9994 0.0310 -0.0184
vn -0.9994 0.0310 -0.0184
vn -0.9867 0.1451 -0.0732
vn -0.9995 0.0277 -0.0180
vn -0.9995 0.0277 -0.0180
vn -0.9867 0.1451 -0.0732
vn -0.9996 0.0245 -0.0173
vn -0.9996 0.0245 -0.0173
vn -0.9867 0.1451 -0.0732
vn -0.9991 0.0371 -0.0210
vn -0.9867 0.1451 -0.0732
vn -0.9991 0.0371 -0.0210
vn -0.9982 0.0477 -0.0367
vn -0.9982 0.0477 -0.0367
vn -0.9982 0.0477 -0.0367
vn -0.9978 0.0513 -0.0428
vn -0.9978 0.0513 -0.0428
vn -0.9978 0.0513 -0.0428
vn -0.9973 0.0543 -0.0492
vn -0.9973 0.0543 -0.0492
vn -0.9973 0.0543 -0.0492
vn -0.9969 0.0565 -0.0554
vn -0.9969 0.0565 -0.0554
vn -0.9969 0.0565 -0.0554
vn -0.9965 0.0574 -0.0609
vn -0.9965 0.0574 -0.0609
vn -0.9965 0.0574 -0.0609
vn -0.9963 0.0566 -0.0651
vn -0.9963 0.0566 -0.0651
vn -0.9963 0.0566 -0.0651
vn -0.9963 0.0541 -0.0674
vn -0.9963 0.0541 -0.0674
vn -0.9963 0.0541 -0.0674
vn -0.9964 0.0507 -0.0677
vn -0.9964 0.0507 -0.0677
vn -0.9964 0.0507 -0.0677
vn -0.9968 0.0448 -0.0659
vn -0.9968 0.0448 -0.0659
vn -0.9968 0.0448 -0.0659
vn -0.9973 0.0391 -0.0629
vn -0.9973 0.0391 -0.0629
vn -0.9973 0.0391 -0.0629
vn -0.6533 0.1444 -0.7432
vn -0.9978 0.0317 -0.0576
vn -0.9978 0.0317 -0.0576
vn -0.9980 0.0312 -0.0550
vn -0.9980 0.0312 -0.0550
vn -0.6533 0.1444 -0.7432
vn -0.9975 0.0323 -0.0625
vn -0.9975 0.0323 -0.0625
vn -0.6533 0.1444 -0.7432
vn -0.9970 0.0329 -0.0702
vn -0.9970 0.0329 -0.0702
vn -0.6533 0.1444 -0.7432
vn -0.9964 0.0327 -0.0779
vn -0.9964 0.0327 -0.0779
vn -0.6533 0.1444 -0.7432
vn -0.9959 0.0316 -0.0845
vn -0.9959 0.0316 -0.0845
vn -0.6533 0.1444 -0.7432
vn -0.9956 0.0295 -0.0894
vn -0.9956 0.0295 -0.0894
vn -0.6533 0.1444 -0.7432
vn -0.9954 0.0263 -0.0920
vn -0.9954 0.0263 -0.0920
vn -0.6533 0.1444 -0.7432
vn -0.9955 0.0224 -0.0919
vn -0.9955 0.0224 -0.0919
vn -0.6533 0.1444 -0.7432
vn -0.9958 0.0180 -0.0892
vn -0.9958 0.0180 -0.0892
vn -0.6533 0.1444 -0.7432
vn -0.9963 0.0136 -0.0844
vn -0.9963 0.0136 -0.0844
vn -0.6533 0.1444 -0.7432
vn -0.9874 -0.0135 -0.1577
vn -0.6533 0.1444 -0.7432
vn -0.9988 -0.0108 -0.0482
vn -1.0000 0.0000 -0.0003
vn -1.0000 0.0000 -0.0003
vn -0.9874 -0.0135 -0.1577
vn -1.0000 0.0000 -0.0003
vn -1.0000 0.0000 -0.0003
vn -0.9874 -0.0135 -0.1577
vn -0.9874 -0.0135 -0.1577
vn -1.0000 0.0000 -0.0003
vn -1.0000 0.0000 -0.0003
vn -0.9961 0.0468 0.0752
vn -0.9961 0.0468 0.0752
vn -0.9961 0.0468 0.0752
vn -0.9953 0.0543 0.0799
vn -0.9953 0.0543 0.0799
vn -0.9953 0.0543 0.0799
vn -0.9946 0.0614 0.0831
vn -0.9946 0.0614 0.0831
vn -0.9946 0.0614 0.0831
vn -0.9942 0.0675 0.0842
vn -0.9942 0.0675 0.0842
vn -0.9942 0.0675 0.0842
vn -0.9940 0.0719 0.0827
vn -0.9940 0.0719 0.0827
vn -0.9940 0.0719 0.0827
vn -0.9941 0.0742 0.0787
vn -0.9941 0.0742 0.0787
vn -0.9941 0.0742 0.0787
vn -0.9946 0.0741 0.0727
vn -0.9946 0.0741 0.0727
vn -0.9946 0.0741 0.0727
vn -0.9953 0.0721 0.0652
vn -0.9953 0.0721 0.0652
vn -0.9953 0.0721 0.0652
vn -0.9967 0.0645 0.0484
vn -0.9967 0.0645 0.0484
vn -0.9967 0.0645 0.0484
vn -0.9977 0.0519 0.0434
vn -0.9977 0.0519 0.0434
vn -0.9977 0.0519 0.0434
vn -0.9972 0.0596 0.0459
vn -0.9972 0.0596 0.0459
vn -0.9972 0.0596 0.0459
vn -0.9966 0.0677 0.0480
vn -0.9966 0.0677 0.0480
vn -0.9966 0.0677 0.0480
vn -0.9959 0.0754 0.0490
vn -0.9959 0.0754 0.0490
vn -0.9959 0.0754 0.0490
vn -0.9954 0.0821 0.0489
vn -0.9954 0.0821 0.0489
vn -0.9954 0.0821 0.0489
vn -0.9951 0.0871 0.0472
vn -0.9951 0.0871 0.0472
vn -0.9951 0.0871 0.0472
vn -0.9950 0.0897 0.0441
vn -0.9950 0.0897 0.0441
vn -0.9950 0.0897 0.0441
vn -0.9952 0.0897 0.0398
vn -0.9952 0.0897 0.0398
vn -0.9952 0.0897 0.0398
vn -0.9391 0.3381 0.0610
vn -0.9965 0.0808 0.0218
vn -0.9965 0.0808 0.0218
vn -0.9985 0.0505 0.0201
vn -0.9985 0.0505 0.0201
vn -0.9391 0.3381 0.0610
vn -0.9983 0.0555 0.0200
vn -0.9983 0.0555 0.0200
vn -0.9391 0.3381 0.0610
vn -0.9978 0.0632 0.0194
vn -0.9978 0.0632 0.0194
vn -0.9391 0.3381 0.0610
vn -0.9974 0.0692 0.0183
vn -0.9974 0.0692 0.0183
vn -0.9391 0.3381 0.0610
vn -0.9971 0.0743 0.0165
vn -0.9971 0.0743 0.0165
vn -0.9391 0.3381 0.0610
vn -0.9969 0.0776 0.0140
vn -0.9969 0.0776 0.0140
vn -0.9391 0.3381 0.0610
vn -0.9968 0.0788 0.0111
vn -0.9968 0.0788 0.0111
vn -0.9391 0.3381 0.0610
vn -0.9969 0.0778 0.0077
vn -0.9969 0.0778 0.0077
vn -0.9391 0.3381 0.0610
vn -0.9972 0.0747 0.0045
vn -0.9972 0.0747 0.0045
vn -0.9391 0.3381 0.0610
vn -0.9975 0.0703 0.0017
vn -0.9391 0.3381 0.0610
vn -0.9975 0.0703 0.0017
vn -0.9975 0.0710 0.0014
vn -0.9975 0.0710 0.0014
vn -0.9975 0.0710 0.0014
vn -0.9971 0.0759 -0.0015
vn -0.9971 0.0759 -0.0015
vn -0.9971 0.0759 -0.0015
vn -0.9968 0.0795 -0.0048
vn -0.9968 0.0795 -0.0048
vn -0.9968 0.0795 -0.0048
vn -0.9967 0.0812 -0.0081
vn -0.9967 0.0812 -0.0081
vn -0.9967 0.0812 -0.0081
vn -0.9967 0.0808 -0.0113
vn -0.9967 0.0808 -0.0113
vn -0.9967 0.0808 -0.0113
vn -0.9867 0.1451 -0.0732
vn -0.9974 0.0673 -0.0266
vn -0.9974 0.0673 -0.0266
vn -0.9996 0.0268 -0.0049
vn -0.9996 0.0268 -0.0049
vn -0.9867 0.1451 -0.0732
vn -0.9996 0.0284 -0.0058
vn -0.9996 0.0284 -0.0058
vn -0.9867 0.1451 -0.0732
vn -0.9994 0.0322 -0.0085
vn -0.9994 0.0322 -0.0085
vn -0.9867 0.1451 -0.0732
vn -0.9867 0.1451 -0.0732
vn -0.9993 0.0346 -0.0106
vn -0.9993 0.0346 -0.0106
vn 0.9852 -0.0438 -0.1655
vn 0.9852 -0.0438 -0.1655
vn 0.9852 -0.0438 -0.1655
vn -0.9863 -0.0670 -0.1504
vn -0.6607 -0.4123 -0.6273
vn -0.6607 -0.4123 -0.6273
vn 0.9254 0.2990 -0.2329
vn 0.9254 0.2990 -0.2329
vn 0.6478 0.5285 -0.5487
vn 0.2071 0.0925 -0.9739
vn 0.1877 -0.1493 -0.9708
vn 0.2071 0.0925 -0.9739
vn 0.7357 -0.4462 -0.5096
vn 0.9983 -0.0469 -0.0357
vn 0.9983 -0.0469 -0.0357
vn 0.9910 -0.0984 -0.0912
vn 0.9910 -0.0984 -0.0912
vn 0.7357 -0.4462 -0.5096
vn 0.9996 -0.0113 -0.0271
vn 0.7357 -0.4462 -0.5096
vn 0.9996 -0.0113 -0.0271
vn 0.9985 0.0279 0.0470
vn 0.9985 0.0279 0.0470
vn 0.9985 0.0279 0.0470
vn 0.9929 0.0298 0.1150
vn 0.9929 0.0298 0.1150
vn 0.9929 0.0298 0.1150
vn 0.9974 0.0095 0.0714
vn 0.9974 0.0095 0.0714
vn 0.9974 0.0095 0.0714
vn 0.9934 -0.0099 0.1142
vn 0.9934 -0.0099 0.1142
vn 0.9934 -0.0099 0.1142
vn 0.9982 -0.0159 0.0586
vn 0.9982 -0.0159 0.0586
vn 0.9982 -0.0159 0.0586
vn 0.9885 -0.0757 0.1311
vn 0.9885 -0.0757 0.1311
vn 0.9885 -0.0757 0.1311
vn 0.9969 -0.0462 0.0630
vn 0.9969 -0.0462 0.0630
vn 0.9969 -0.0462 0.0630
vn 0.9834 -0.1576 0.0902
vn 0.9834 -0.1576 0.0902
vn 0.9834 -0.1576 0.0902
vn 0.9950 -0.0841 0.0539
vn 0.9950 -0.0841 0.0539
vn 0.9950 -0.0841 0.0539
vn 0.8125 -0.5830 -0.0007
vn 0.9984 -0.0547 0.0147
vn 0.9984 -0.0547 0.0147
vn 0.9957 -0.0916 0.0135
vn 0.9957 -0.0916 0.0135
vn 0.8125 -0.5830 -0.0007
vn 0.9958 -0.0901 -0.0152
vn 0.9958 -0.0901 -0.0152
vn 0.8125 -0.5830 -0.0007
vn 0.9945 -0.1034 -0.0158
vn 0.8125 -0.5830 -0.0007
vn 0.9945 -0.1034 -0.0158
vn 0.9962 -0.0008 -0.0871
vn 0.9962 -0.0008 -0.0871
vn 0.9962 -0.0008 -0.0871
vn 0.6478 0.5285 -0.5487
vn 0.9982 0.0267 -0.0540
vn 0.9982 0.0267 -0.0540
vn 0.9796 0.1192 -0.1618
vn 0.9796 0.1192 -0.1618
vn 0.6478 0.5285 -0.5487
vn 0.9989 0.0414 -0.0216
vn 0.6478 0.5285 -0.5487
vn 0.9989 0.0414 -0.0216
vn 0.9940 0.1081 -0.0174
vn 0.9940 0.1081 -0.0174
vn 0.9940 0.1081 -0.0174
vn 0.9879 0.1542 -0.0141
vn 0.9879 0.1542 -0.0141
vn 0.9879 0.1542 -0.0141
vn 0.9951 0.0986 -0.0026
vn 0.9951 0.0986 -0.0026
vn 0.9951 0.0986 -0.0026
vn 0.9969 0.0744 0.0265
vn 0.9969 0.0744 0.0265
vn 0.9969 0.0744 0.0265
vn 0.9921 0.1141 0.0514
vn 0.9921 0.1141 0.0514
vn 0.9921 0.1141 0.0514
vn 0.9980 0.0491 0.0389
vn 0.9980 0.0491 0.0389
vn 0.9980 0.0491 0.0389
vn 0.9918 0.0862 0.0941
vn 0.9918 0.0862 0.0941
vn 0.9918 0.0862 0.0941
vn -0.0806 0.9923 -0.0941
vn 0.1589 0.9765 0.1453
vn 0.1055 0.9789 -0.1749
vn 0.1055 0.9789 -0.1749
vn 0.0747 0.9970 0.0188
vn 0.0747 0.9970 0.0188
vn 0.1055 0.9789 -0.1749
vn -0.0110 0.9519 -0.3062
vn -0.0110 0.9519 -0.3062
vn 0.0527 0.8935 -0.4459
vn 0.1055 0.9789 -0.1749
vn 0.0743 0.7002 -0.7101
vn 0.0743 0.7002 -0.7101
vn -0.0585 0.6646 -0.7449
vn -0.0585 0.6646 -0.7449
vn 0.0371 0.5928 -0.8045
vn 0.0743 0.7002 -0.7101
vn 0.0471 0.1592 -0.9861
vn 0.0471 0.1592 -0.9861
vn -0.7464 -0.2689 -0.6088
vn -0.0512 -0.0297 -0.9982
vn -0.7464 -0.2689 -0.6088
vn 0.0471 0.1592 -0.9861
vn 0.1877 -0.1493 -0.9708
vn 0.1174 -0.3498 -0.9295
vn 0.1877 -0.1493 -0.9708
vn 0.1903 -0.5870 -0.7869
vn 0.0349 -0.7331 -0.6792
vn 0.1903 -0.5870 -0.7869
vn 0.0520 -0.9069 -0.4182
vn 0.0520 -0.9069 -0.4182
vn -0.0913 -0.7943 -0.6007
vn -0.7464 -0.2689 -0.6088
vn 0.0520 -0.9069 -0.4182
vn 0.0384 -0.9967 -0.0715
vn 0.0384 -0.9967 -0.0715
vn -0.7367 -0.6527 0.1768
vn 0.0520 -0.9069 -0.4182
vn 0.0770 -0.9963 -0.0390
vn 0.0528 -0.9879 0.1460
vn 0.0770 -0.9963 -0.0390
vn 0.1742 -0.9067 0.3841
vn -0.7367 -0.6527 0.1768
vn 0.1742 -0.9067 0.3841
vn 0.0667 -0.7449 0.6638
vn 0.0667 -0.7449 0.6638
vn -0.0886 -0.8049 0.5867
vn -0.7367 -0.6527 0.1768
vn 0.0897 -0.4978 0.8626
vn 0.0667 -0.7449 0.6638
vn 0.0385 -0.2390 0.9702
vn 0.0385 -0.2390 0.9702
vn -0.1119 -0.1441 0.9832
vn -0.1119 -0.1441 0.9832
vn -0.0470 -0.0861 0.9952
vn 0.0385 -0.2390 0.9702
vn 0.1707 0.0950 0.9807
vn 0.0849 0.2493 0.9647
vn 0.1707 0.0950 0.9807
vn 0.0046 0.5790 0.8153
vn 0.0046 0.5790 0.8153
vn -0.7413 0.6008 0.2993
vn -0.1258 0.6525 0.7473
vn -0.7413 0.6008 0.2993
vn 0.0046 0.5790 0.8153
vn 0.1411 0.7994 0.5840
vn 0.1161 0.9055 0.4082
vn 0.1411 0.7994 0.5840
vn 0.1589 0.9765 0.1453
vn -0.8279 0.1365 0.5440
vn -0.7413 0.6008 0.2993
vn -1.0000 0.0000 0.0000
vn -0.8493 -0.2671 0.4554
vn -0.8279 0.1365 0.5440
vn -1.0000 0.0000 0.0000
vn -0.7367 -0.6527 0.1768
vn -0.8493 -0.2671 0.4554
vn -1.0000 0.0000 0.0000
vn -0.8983 -0.4053 -0.1694
vn -0.7367 -0.6527 0.1768
vn -1.0000 0.0000 0.0000
vn -0.7464 -0.2689 -0.6088
vn -0.8983 -0.4053 -0.1694
vn -1.0000 0.0000 0.0000
vn -0.8322 0.2090 -0.5135
vn -0.7464 -0.2689 -0.6088
vn -1.0000 0.0000 0.0000
vn -0.8311 0.4564 -0.3180
vn -0.8322 0.2090 -0.5135
vn -1.0000 0.0000 0.0000
vn -0.8899 0.4537 -0.0482
vn -0.8311 0.4564 -0.3180
vn -1.0000 0.0000 0.0000
vn -0.7413 0.6008 0.2993
vn -0.8899 0.4537 -0.0482
vn -1.0000 0.0000 0.0000
vn 0.0371 -0.0886 -0.9954
vn 0.0022 -0.0226 -0.9997
vn 0.0280 -0.0013 -0.9996
vn 0.0371 -0.0886 -0.9954
vn 0.0280 -0.0013 -0.9996
vn 0.0763 -0.2799 -0.9570
vn 0.0763 -0.2799 -0.9570
vn 0.1705 -0.0466 -0.9843
vn 0.1100 -0.7759 -0.6212
vn 0.1755 -0.1760 -0.9686
vn 0.1171 -0.7566 -0.6433
vn 0.1918 -0.0960 -0.9767
vn 0.1578 -0.5869 -0.7942
vn 0.1918 -0.0960 -0.9767
vn 0.1171 -0.7566 -0.6433
vn 0.0745 -0.9190 -0.3872
vn 0.1100 -0.7759 -0.6212
vn 0.1464 -0.6709 -0.7269
vn 0.1780 -0.3970 -0.9004
vn 0.1464 -0.6709 -0.7269
vn 0.1100 -0.7759 -0.6212
vn 0.1100 -0.7759 -0.6212
vn 0.1705 -0.0466 -0.9843
vn 0.1780 -0.3970 -0.9004
vn 0.0745 -0.9190 -0.3872
vn 0.0948 -0.8728 -0.4787
vn 0.0643 -0.9436 -0.3248
vn 0.0745 -0.9190 -0.3872
vn 0.1464 -0.6709 -0.7269
vn 0.0948 -0.8728 -0.4787
vn 0.1578 -0.5869 -0.7942
vn 0.0948 -0.8728 -0.4787
vn 0.1464 -0.6709 -0.7269
vn 0.1731 -0.4699 -0.8656
vn 0.1578 -0.5869 -0.7942
vn 0.1464 -0.6709 -0.7269
vn 0.1464 -0.6709 -0.7269
vn 0.1780 -0.3970 -0.9004
vn 0.1731 -0.4699 -0.8656
vn 0.1918 -0.0960 -0.9767
vn 0.1731 -0.4699 -0.8656
vn 0.1780 -0.3970 -0.9004
vn 0.1780 -0.3970 -0.9004
vn 0.1705 -0.0466 -0.9843
vn 0.1918 -0.0960 -0.9767
vn 0.0643 -0.9436 -0.3248
vn 0.0948 -0.8728 -0.4787
vn 0.1171 -0.7566 -0.6433
vn 0.1578 -0.5869 -0.7942
vn 0.1171 -0.7566 -0.6433
vn 0.0948 -0.8728 -0.4787
vn 0.1918 -0.0960 -0.9767
vn 0.1578 -0.5869 -0.7942
vn 0.1731 -0.4699 -0.8656
vn 0.0643 -0.9436 -0.3248
vn 0.1171 -0.7566 -0.6433
vn 0.0453 -0.8869 -0.4598
vn 0.0453 -0.8869 -0.4598
vn 0.1171 -0.7566 -0.6433
vn 0.1755 -0.1760 -0.9686
vn 0.0371 -0.0886 -0.9954
vn -0.0011 -0.2061 -0.9785
vn 0.0022 -0.0226 -0.9997
vn -0.0011 -0.2061 -0.9785
vn 0.0371 -0.0886 -0.9954
vn 0.0084 -0.7310 -0.6823
vn 0.0084 -0.7310 -0.6823
vn 0.0014 -0.2895 -0.9572
vn -0.0011 -0.2061 -0.9785
vn 0.0084 -0.7310 -0.6823
vn 0.0005 -0.3893 -0.9211
vn 0.0014 -0.2895 -0.9572
vn 0.0084 -0.7310 -0.6823
vn 0.0002 -0.4525 -0.8918
vn 0.0005 -0.3893 -0.9211
vn -0.0001 -0.5323 -0.8466
vn 0.0002 -0.4525 -0.8918
vn 0.0084 -0.7310 -0.6823
vn 0.0084 -0.7310 -0.6823
vn -0.0003 -0.5967 -0.8024
vn -0.0001 -0.5323 -0.8466
vn 0.0084 -0.7310 -0.6823
vn -0.0003 -0.6629 -0.7487
vn -0.0003 -0.5967 -0.8024
vn 0.0084 -0.7310 -0.6823
vn -0.0002 -0.7285 -0.6850
vn -0.0003 -0.6629 -0.7487
vn 0.0084 -0.7310 -0.6823
vn 0.0005 -0.7986 -0.6019
vn -0.0002 -0.7285 -0.6850
vn 0.0005 -0.7986 -0.6019
vn 0.0084 -0.7310 -0.6823
vn 0.0101 -0.9717 -0.2362
vn 0.0101 -0.9717 -0.2362
vn 0.0003 -0.8371 -0.5471
vn 0.0005 -0.7986 -0.6019
vn 0.0101 -0.9717 -0.2362
vn -0.0000 -0.8947 -0.4466
vn 0.0003 -0.8371 -0.5471
vn 0.0101 -0.9717 -0.2362
vn -0.0000 -0.9394 -0.3429
vn -0.0000 -0.8947 -0.4466
vn 0.0101 -0.9717 -0.2362
vn -0.0103 -0.9723 -0.2333
vn -0.0000 -0.9394 -0.3429
vn 0.0084 -0.7310 -0.6823
vn 0.0046 -0.9645 -0.2640
vn 0.0101 -0.9717 -0.2362
vn 0.0046 -0.9645 -0.2640
vn 0.0084 -0.7310 -0.6823
vn 0.0371 -0.0886 -0.9954
vn -0.0253 -0.8950 -0.4453
vn 0.0763 -0.2799 -0.9570
vn 0.0046 -0.9645 -0.2640
vn 0.0046 -0.9946 -0.1041
vn -0.0000 -0.9951 -0.0991
vn 0.0000 -0.9947 -0.1027
vn -0.0000 -0.9951 -0.0991
vn 0.0046 -0.9946 -0.1041
vn 0.0030 -0.9967 -0.0815
vn 0.0000 -0.9958 -0.0913
vn -0.0000 -0.9951 -0.0991
vn 0.0030 -0.9967 -0.0815
vn 0.0004 -0.9763 -0.2164
vn 0.0209 -0.9691 -0.2459
vn 0.0271 -0.9779 -0.2074
vn 0.0209 -0.9693 -0.2451
vn 0.0001 -0.9720 -0.2352
vn 0.0002 -0.9676 -0.2526
vn 0.0002 -0.9676 -0.2526
vn 0.0266 -0.9475 -0.3185
vn 0.0209 -0.9693 -0.2451
vn 0.0004 -0.9763 -0.2164
vn 0.0001 -0.9735 -0.2287
vn 0.0209 -0.9691 -0.2459
vn 0.0001 -0.9809 -0.1945
vn 0.0001 -0.9796 -0.2008
vn 0.0271 -0.9779 -0.2074
vn 0.0001 -0.9796 -0.2008
vn 0.0001 -0.9776 -0.2104
vn 0.0271 -0.9779 -0.2074
vn 0.0271 -0.9779 -0.2074
vn 0.0001 -0.9776 -0.2104
vn 0.0004 -0.9763 -0.2164
vn -0.0000 -0.9853 -0.1710
vn 0.0186 -0.9796 -0.1999
vn -0.0002 -0.9861 -0.1661
vn 0.0002 -0.9823 -0.1873
vn 0.0001 -0.9809 -0.1945
vn 0.0271 -0.9779 -0.2074
vn 0.0271 -0.9779 -0.2074
vn 0.0186 -0.9796 -0.1999
vn 0.0002 -0.9823 -0.1873
vn 0.0002 -0.9876 -0.1568
vn -0.0002 -0.9861 -0.1661
vn 0.0186 -0.9796 -0.1999
vn 0.0186 -0.9796 -0.1999
vn 0.0002 -0.9886 -0.1508
vn 0.0002 -0.9876 -0.1568
vn 0.0002 -0.9886 -0.1508
vn 0.0186 -0.9796 -0.1999
vn 0.0122 -0.9804 -0.1966
vn 0.0122 -0.9804 -0.1966
vn -0.0001 -0.9895 -0.1443
vn 0.0002 -0.9886 -0.1508
vn 0.0004 -0.9909 -0.1348
vn -0.0001 -0.9895 -0.1443
vn 0.0122 -0.9804 -0.1966
vn 0.0122 -0.9804 -0.1966
vn -0.0080 -0.9964 -0.0846
vn 0.0004 -0.9909 -0.1348
vn -0.0080 -0.9964 -0.0846
vn -0.0001 -0.9921 -0.1258
vn 0.0004 -0.9909 -0.1348
vn -0.0080 -0.9964 -0.0846
vn 0.0000 -0.9947 -0.1027
vn 0.0000 -0.9936 -0.1126
vn 0.0000 -0.9947 -0.1027
vn -0.0080 -0.9964 -0.0846
vn 0.0046 -0.9946 -0.1041
vn 0.0030 -0.9967 -0.0815
vn 0.0000 -0.9965 -0.0830
vn 0.0000 -0.9958 -0.0913
vn 0.0000 -0.9965 -0.0830
vn 0.0030 -0.9967 -0.0815
vn 0.0035 -0.9967 -0.0814
vn 0.0035 -0.9967 -0.0814
vn -0.0000 -0.9971 -0.0757
vn 0.0000 -0.9965 -0.0830
vn 0.0035 -0.9967 -0.0814
vn 0.0027 -0.9974 -0.0713
vn -0.0000 -0.9971 -0.0757
vn -0.0000 -0.9975 -0.0701
vn -0.0000 -0.9971 -0.0757
vn 0.0027 -0.9974 -0.0713
vn 0.0027 -0.9974 -0.0713
vn 0.0021 -0.9981 -0.0617
vn -0.0000 -0.9975 -0.0701
vn 0.0021 -0.9981 -0.0617
vn -0.0000 -0.9981 -0.0618
vn -0.0000 -0.9975 -0.0701
vn -0.0000 -0.9981 -0.0618
vn 0.0021 -0.9981 -0.0617
vn 0.0015 -0.9986 -0.0519
vn 0.0015 -0.9986 -0.0519
vn 0.0000 -0.9986 -0.0537
vn -0.0000 -0.9981 -0.0618
vn 0.0000 -0.9986 -0.0537
vn 0.0015 -0.9986 -0.0519
vn 0.0013 -0.9989 -0.0460
vn 0.0013 -0.9989 -0.0460
vn 0.0000 -0.9988 -0.0488
vn 0.0000 -0.9986 -0.0537
vn 0.0013 -0.9989 -0.0460
vn -0.0000 -0.9992 -0.0398
vn 0.0000 -0.9988 -0.0488
vn -0.0000 -0.9992 -0.0398
vn 0.0013 -0.9989 -0.0460
vn 0.0008 -0.9994 -0.0352
vn 0.0008 -0.9994 -0.0352
vn 0.0001 -0.9995 -0.0308
vn -0.0000 -0.9992 -0.0398
vn -0.0000 -0.9394 -0.3429
vn -0.0103 -0.9723 -0.2333
vn 0.0003 -0.9489 -0.3156
vn 0.0003 -0.9489 -0.3156
vn -0.0001 -0.9097 -0.4153
vn -0.0000 -0.9394 -0.3429
vn -0.0000 -0.8947 -0.4466
vn -0.0000 -0.9394 -0.3429
vn -0.0001 -0.9097 -0.4153
vn -0.0001 -0.9097 -0.4153
vn -0.0002 -0.8848 -0.4660
vn -0.0000 -0.8947 -0.4466
vn 0.0003 -0.8371 -0.5471
vn -0.0000 -0.8947 -0.4466
vn -0.0002 -0.8848 -0.4660
vn -0.0002 -0.8848 -0.4660
vn -0.0035 -0.8170 -0.5767
vn 0.0003 -0.8371 -0.5471
vn 0.0005 -0.7986 -0.6019
vn 0.0003 -0.8371 -0.5471
vn -0.0035 -0.8170 -0.5767
vn -0.0035 -0.8170 -0.5767
vn -0.0009 -0.7731 -0.6342
vn 0.0005 -0.7986 -0.6019
vn -0.0002 -0.7285 -0.6850
vn 0.0005 -0.7986 -0.6019
vn -0.0009 -0.7731 -0.6342
vn -0.0009 -0.7731 -0.6342
vn -0.0002 -0.7101 -0.7041
vn -0.0002 -0.7285 -0.6850
vn -0.0003 -0.6629 -0.7487
vn -0.0002 -0.7285 -0.6850
vn -0.0002 -0.7101 -0.7041
vn -0.0002 -0.7101 -0.7041
vn 0.0003 -0.6386 -0.7695
vn -0.0003 -0.6629 -0.7487
vn -0.0003 -0.5967 -0.8024
vn -0.0003 -0.6629 -0.7487
vn 0.0003 -0.6386 -0.7695
vn 0.0003 -0.6386 -0.7695
vn 0.0005 -0.5742 -0.8187
vn -0.0003 -0.5967 -0.8024
vn -0.0003 -0.1408 -0.9900
vn -0.0028 -0.0300 -0.9995
vn 0.0022 -0.0226 -0.9997
vn 0.0022 -0.0226 -0.9997
vn -0.0011 -0.2061 -0.9785
vn -0.0003 -0.1408 -0.9900
vn 0.0003 -0.2647 -0.9643
vn -0.0003 -0.1408 -0.9900
vn -0.0011 -0.2061 -0.9785
vn -0.0011 -0.2061 -0.9785
vn 0.0014 -0.2895 -0.9572
vn 0.0003 -0.2647 -0.9643
vn 0.0007 -0.3650 -0.9310
vn 0.0003 -0.2647 -0.9643
vn 0.0014 -0.2895 -0.9572
vn 0.0014 -0.2895 -0.9572
vn 0.0005 -0.3893 -0.9211
vn 0.0007 -0.3650 -0.9310
vn 0.0007 -0.4269 -0.9043
vn 0.0007 -0.3650 -0.9310
vn 0.0005 -0.3893 -0.9211
vn 0.0005 -0.3893 -0.9211
vn 0.0002 -0.4525 -0.8918
vn 0.0007 -0.4269 -0.9043
vn 0.0007 -0.5080 -0.8614
vn 0.0007 -0.4269 -0.9043
vn 0.0002 -0.4525 -0.8918
vn 0.0002 -0.4525 -0.8918
vn -0.0001 -0.5323 -0.8466
vn 0.0007 -0.5080 -0.8614
vn 0.0005 -0.5742 -0.8187
vn 0.0007 -0.5080 -0.8614
vn -0.0001 -0.5323 -0.8466
vn -0.0001 -0.5323 -0.8466
vn -0.0003 -0.5967 -0.8024
vn 0.0005 -0.5742 -0.8187
vn 0.0003 -0.6386 -0.7695
vn -0.0002 -0.7101 -0.7041
vn -0.0287 -0.3689 -0.9290
vn -0.0060 -0.9431 -0.3323
vn -0.0998 -0.8072 -0.5818
vn -0.0935 -0.2713 -0.9579
vn -0.0060 -0.9431 -0.3323
vn -0.0001 -0.9097 -0.4153
vn 0.0003 -0.9489 -0.3156
vn -0.0060 -0.9431 -0.3323
vn -0.0002 -0.8848 -0.4660
vn -0.0001 -0.9097 -0.4153
vn -0.0060 -0.9431 -0.3323
vn -0.0035 -0.8170 -0.5767
vn -0.0002 -0.8848 -0.4660
vn -0.0287 -0.3689 -0.9290
vn -0.0060 -0.9431 -0.3323
vn -0.0935 -0.2713 -0.9579
vn -0.0035 -0.8170 -0.5767
vn -0.0060 -0.9431 -0.3323
vn -0.0287 -0.3689 -0.9290
vn -0.0287 -0.3689 -0.9290
vn -0.0009 -0.7731 -0.6342
vn -0.0035 -0.8170 -0.5767
vn -0.0287 -0.3689 -0.9290
vn -0.0002 -0.7101 -0.7041
vn -0.0009 -0.7731 -0.6342
vn -0.0287 -0.3689 -0.9290
vn 0.0005 -0.5742 -0.8187
vn 0.0003 -0.6386 -0.7695
vn -0.0287 -0.3689 -0.9290
vn 0.0007 -0.5080 -0.8614
vn 0.0005 -0.5742 -0.8187
vn -0.0287 -0.3689 -0.9290
vn 0.0007 -0.4269 -0.9043
vn 0.0007 -0.5080 -0.8614
vn -0.0287 -0.3689 -0.9290
vn 0.0007 -0.3650 -0.9310
vn 0.0007 -0.4269 -0.9043
vn -0.0287 -0.3689 -0.9290
vn 0.0003 -0.2647 -0.9643
vn 0.0007 -0.3650 -0.9310
vn -0.0287 -0.3689 -0.9290
vn -0.0003 -0.1408 -0.9900
vn 0.0003 -0.2647 -0.9643
vn -0.0287 -0.3689 -0.9290
vn -0.0028 -0.0300 -0.9995
vn -0.0003 -0.1408 -0.9900
vn -0.1813 -0.3571 -0.9163
vn -0.0856 -0.1937 -0.9773
vn -0.0998 -0.8072 -0.5818
vn -0.0856 -0.1937 -0.9773
vn -0.0253 -0.0355 -0.9990
vn -0.0935 -0.2713 -0.9579
vn -0.0935 -0.2713 -0.9579
vn -0.1520 0.0182 -0.9882
vn -0.0856 -0.1937 -0.9773
vn -0.0287 -0.3689 -0.9290
vn -0.0935 -0.2713 -0.9579
vn -0.0253 -0.0355 -0.9990
vn -0.0253 -0.0355 -0.9990
vn -0.0028 -0.0300 -0.9995
vn -0.0287 -0.3689 -0.9290
vn -0.1762 -0.9030 -0.3919
vn -0.3344 -0.4162 -0.8456
vn -0.0998 -0.8072 -0.5818
vn -0.0998 -0.8072 -0.5818
vn -0.3344 -0.4162 -0.8456
vn -0.1813 -0.3571 -0.9163
vn -0.3792 -0.3746 -0.8461
vn -0.3588 -0.4218 -0.8326
vn -0.3344 -0.4162 -0.8456
vn -0.3588 -0.4218 -0.8326
vn -0.3792 -0.3746 -0.8461
vn -0.4375 -0.0896 -0.8947
vn -0.3588 -0.4218 -0.8326
vn -0.1813 -0.3571 -0.9163
vn -0.3344 -0.4162 -0.8456
vn -0.1762 -0.9030 -0.3919
vn -0.6690 -0.2504 -0.6998
vn -0.3792 -0.3746 -0.8461
vn -0.3792 -0.3746 -0.8461
vn -0.3344 -0.4162 -0.8456
vn -0.1762 -0.9030 -0.3919
vn -0.4589 -0.2117 -0.8629
vn -0.4375 -0.0896 -0.8947
vn -0.3792 -0.3746 -0.8461
vn -0.0001 -1.0000 -0.0065
vn -0.0004 -1.0000 0.0030
vn -0.0576 -0.9975 -0.0407
vn -0.0251 -0.9573 -0.2881
vn -0.1379 -0.9372 -0.3203
vn -0.0998 -0.8072 -0.5818
vn -0.0251 -0.9573 -0.2881
vn -0.1272 -0.9488 -0.2893
vn -0.1379 -0.9372 -0.3203
vn -0.1420 -0.9481 -0.2843
vn -0.1293 -0.9495 -0.2861
vn -0.1069 -0.9609 -0.2555
vn -0.1069 -0.9609 -0.2555
vn -0.1293 -0.9495 -0.2861
vn -0.1272 -0.9488 -0.2893
vn -0.1155 -0.9619 -0.2480
vn -0.1246 -0.9570 -0.2619
vn -0.1069 -0.9609 -0.2555
vn -0.1155 -0.9619 -0.2480
vn -0.1069 -0.9609 -0.2555
vn -0.0562 -0.9738 -0.2203
vn -0.0562 -0.9738 -0.2203
vn -0.1140 -0.9644 -0.2384
vn -0.1155 -0.9619 -0.2480
vn -0.0562 -0.9738 -0.2203
vn -0.1110 -0.9675 -0.2271
vn -0.1140 -0.9644 -0.2384
vn -0.0562 -0.9738 -0.2203
vn -0.1083 -0.9702 -0.2169
vn -0.1110 -0.9675 -0.2271
vn -0.0562 -0.9738 -0.2203
vn -0.1049 -0.9732 -0.2048
vn -0.1083 -0.9702 -0.2169
vn -0.0273 -0.9855 -0.1672
vn -0.0998 -0.9779 -0.1836
vn -0.1015 -0.9758 -0.1938
vn -0.0273 -0.9855 -0.1672
vn -0.0983 -0.9793 -0.1767
vn -0.0998 -0.9779 -0.1836
vn 0.0000 -0.9999 -0.0131
vn -0.0001 -1.0000 -0.0065
vn -0.0576 -0.9975 -0.0407
vn -0.0576 -0.9975 -0.0407
vn 0.0001 -0.9998 -0.0199
vn 0.0000 -0.9999 -0.0131
vn -0.0576 -0.9975 -0.0407
vn 0.0001 -0.9996 -0.0285
vn 0.0001 -0.9998 -0.0199
vn 0.0001 -0.9996 -0.0285
vn -0.0576 -0.9975 -0.0407
vn -0.0019 -0.9992 -0.0405
vn -0.0019 -0.9992 -0.0405
vn -0.0001 -0.9993 -0.0362
vn 0.0001 -0.9996 -0.0285
vn -0.0019 -0.9992 -0.0405
vn -0.0000 -0.9992 -0.0406
vn -0.0001 -0.9993 -0.0362
vn -0.0019 -0.9992 -0.0405
vn -0.0576 -0.9975 -0.0407
vn -0.0003 -0.9983 -0.0578
vn -0.0003 -0.9983 -0.0578
vn -0.0001 -0.9987 -0.0507
vn -0.0019 -0.9992 -0.0405
vn -0.0001 -0.9987 -0.0507
vn -0.0000 -0.9992 -0.0406
vn -0.0019 -0.9992 -0.0405
vn -0.0281 -0.9924 -0.1196
vn -0.0002 -0.9920 -0.1264
vn -0.0002 -0.9942 -0.1078
vn -0.0281 -0.9924 -0.1196
vn -0.0002 -0.9942 -0.1078
vn -0.0009 -0.9949 -0.1008
vn -0.0009 -0.9949 -0.1008
vn -0.0819 -0.9939 -0.0740
vn -0.0281 -0.9924 -0.1196
vn -0.0819 -0.9939 -0.0740
vn -0.0009 -0.9949 -0.1008
vn -0.0002 -0.9952 -0.0975
vn -0.0819 -0.9939 -0.0740
vn -0.0002 -0.9952 -0.0975
vn -0.0003 -0.9963 -0.0855
vn -0.0819 -0.9939 -0.0740
vn -0.0003 -0.9963 -0.0855
vn -0.0016 -0.9969 -0.0784
vn -0.0016 -0.9969 -0.0784
vn -0.0576 -0.9975 -0.0407
vn -0.0819 -0.9939 -0.0740
vn -0.0576 -0.9975 -0.0407
vn -0.0016 -0.9969 -0.0784
vn -0.0007 -0.9976 -0.0686
vn -0.0576 -0.9975 -0.0407
vn -0.0007 -0.9976 -0.0686
vn -0.0003 -0.9983 -0.0578
vn -0.0302 -0.9890 -0.1445
vn -0.0009 -0.9883 -0.1527
vn -0.0281 -0.9924 -0.1196
vn -0.0009 -0.9883 -0.1527
vn -0.0001 -0.9926 -0.1218
vn -0.0281 -0.9924 -0.1196
vn -0.0006 -0.9855 -0.1700
vn -0.0302 -0.9890 -0.1445
vn -0.0273 -0.9855 -0.1672
vn -0.0302 -0.9890 -0.1445
vn -0.0006 -0.9855 -0.1700
vn -0.0002 -0.9901 -0.1404
vn -0.0273 -0.9855 -0.1672
vn -0.0026 -0.9820 -0.1891
vn -0.0002 -0.9838 -0.1791
vn -0.0026 -0.9820 -0.1891
vn -0.0273 -0.9855 -0.1672
vn -0.0562 -0.9738 -0.2203
vn -0.0562 -0.9738 -0.2203
vn -0.0004 -0.9814 -0.1920
vn -0.0026 -0.9820 -0.1891
vn -0.0003 -0.9797 -0.2005
vn -0.0004 -0.9814 -0.1920
vn -0.0562 -0.9738 -0.2203
vn -0.0562 -0.9738 -0.2203
vn -0.0003 -0.9778 -0.2095
vn -0.0003 -0.9797 -0.2005
vn -0.0108 -0.9672 -0.2538
vn 0.0005 -0.9669 -0.2552
vn -0.0012 -0.9711 -0.2385
vn -0.0012 -0.9711 -0.2385
vn -0.0562 -0.9738 -0.2203
vn -0.0108 -0.9672 -0.2538
vn -0.0562 -0.9738 -0.2203
vn -0.0012 -0.9711 -0.2385
vn -0.0001 -0.9722 -0.2340
vn -0.0562 -0.9738 -0.2203
vn -0.0001 -0.9722 -0.2340
vn -0.0002 -0.9751 -0.2217
vn -0.0002 -0.9751 -0.2217
vn -0.0002 -0.9769 -0.2136
vn -0.0562 -0.9738 -0.2203
vn -0.0562 -0.9738 -0.2203
vn -0.0002 -0.9769 -0.2136
vn -0.0003 -0.9778 -0.2095
vn -0.0251 -0.9573 -0.2881
vn -0.0004 -0.9571 -0.2896
vn -0.0004 -0.9610 -0.2765
vn -0.0998 -0.8072 -0.5818
vn -0.0006 -0.9461 -0.3238
vn -0.0022 -0.9584 -0.2855
vn -0.0108 -0.9672 -0.2538
vn -0.0562 -0.9738 -0.2203
vn -0.1069 -0.9609 -0.2555
vn -0.0562 -0.9738 -0.2203
vn -0.1015 -0.9758 -0.1938
vn -0.1049 -0.9732 -0.2048
vn -0.1015 -0.9758 -0.1938
vn -0.0562 -0.9738 -0.2203
vn -0.0273 -0.9855 -0.1672
vn -0.0273 -0.9855 -0.1672
vn -0.0002 -0.9838 -0.1791
vn -0.0003 -0.9875 -0.1578
vn -0.0010 -0.9662 -0.2576
vn -0.0108 -0.9672 -0.2538
vn -0.0251 -0.9573 -0.2881
vn -0.1272 -0.9488 -0.2893
vn -0.0251 -0.9573 -0.2881
vn -0.1069 -0.9609 -0.2555
vn -0.0251 -0.9573 -0.2881
vn -0.0108 -0.9672 -0.2538
vn -0.1069 -0.9609 -0.2555
vn -0.0251 -0.9573 -0.2881
vn 0.0061 -0.9622 -0.2723
vn -0.0010 -0.9662 -0.2576
vn -0.0251 -0.9573 -0.2881
vn -0.0004 -0.9610 -0.2765
vn 0.0061 -0.9622 -0.2723
vn -0.0022 -0.9584 -0.2855
vn -0.0251 -0.9573 -0.2881
vn -0.0998 -0.8072 -0.5818
vn -0.0017 -0.9544 0.2986
vn -0.0005 -0.9406 0.3396
vn -0.1406 -0.7601 0.6345
vn -0.0232 -0.9653 0.2601
vn 0.0054 -0.9640 0.2659
vn -0.0055 -0.9595 0.2818
vn -0.0055 -0.9595 0.2818
vn -0.1406 -0.7601 0.6345
vn -0.0232 -0.9653 0.2601
vn -0.1406 -0.7601 0.6345
vn -0.0055 -0.9595 0.2818
vn 0.0009 -0.9581 0.2866
vn -0.1406 -0.7601 0.6345
vn 0.0009 -0.9581 0.2866
vn -0.0017 -0.9544 0.2986
vn -0.0005 -0.9723 0.2338
vn -0.0003 -0.9668 0.2557
vn -0.0232 -0.9653 0.2601
vn -0.0759 -0.9794 0.1871
vn -0.0003 -0.9851 0.1719
vn -0.0002 -0.9840 0.1781
vn -0.0759 -0.9794 0.1871
vn -0.0002 -0.9840 0.1781
vn -0.0000 -0.9819 0.1893
vn -0.0759 -0.9794 0.1871
vn -0.0000 -0.9819 0.1893
vn -0.0001 -0.9809 0.1943
vn -0.0759 -0.9794 0.1871
vn -0.0001 -0.9809 0.1943
vn -0.0003 -0.9788 0.2046
vn -0.0759 -0.9794 0.1871
vn -0.0003 -0.9788 0.2046
vn -0.0003 -0.9770 0.2134
vn -0.0759 -0.9794 0.1871
vn -0.0003 -0.9770 0.2134
vn -0.0008 -0.9745 0.2245
vn -0.0008 -0.9745 0.2245
vn -0.0070 -0.9731 0.2303
vn -0.0759 -0.9794 0.1871
vn -0.0070 -0.9731 0.2303
vn -0.0005 -0.9723 0.2338
vn -0.0232 -0.9653 0.2601
vn -0.0013 -0.9903 0.1391
vn -0.0004 -0.9878 0.1556
vn -0.0759 -0.9794 0.1871
vn -0.0004 -0.9878 0.1556
vn -0.0002 -0.9858 0.1678
vn -0.0759 -0.9794 0.1871
vn -0.0759 -0.9794 0.1871
vn -0.0002 -0.9858 0.1678
vn -0.0003 -0.9851 0.1719
vn -0.0759 -0.9794 0.1871
vn -0.0510 -0.9894 0.1360
vn -0.0013 -0.9903 0.1391
vn -0.0510 -0.9894 0.1360
vn -0.0015 -0.9917 0.1285
vn -0.0003 -0.9877 0.1565
vn -0.0015 -0.9917 0.1285
vn -0.0510 -0.9894 0.1360
vn -0.0704 -0.9939 0.0848
vn -0.0704 -0.9939 0.0848
vn -0.0004 -0.9925 0.1220
vn -0.0015 -0.9917 0.1285
vn -0.0704 -0.9939 0.0848
vn -0.0003 -0.9935 0.1140
vn -0.0004 -0.9925 0.1220
vn -0.0704 -0.9939 0.0848
vn -0.0001 -0.9943 0.1070
vn -0.0003 -0.9935 0.1140
vn -0.0704 -0.9939 0.0848
vn -0.0000 -0.9950 0.1001
vn -0.0001 -0.9943 0.1070
vn 0.0000 -0.9958 0.0917
vn -0.0000 -0.9950 0.1001
vn -0.0704 -0.9939 0.0848
vn -0.0704 -0.9939 0.0848
vn 0.0000 -0.9966 0.0824
vn 0.0000 -0.9958 0.0917
vn -0.0704 -0.9939 0.0848
vn -0.0000 -0.9971 0.0758
vn 0.0000 -0.9966 0.0824
vn -0.0001 -0.9976 0.0698
vn -0.0000 -0.9971 0.0758
vn -0.0704 -0.9939 0.0848
vn -0.0704 -0.9939 0.0848
vn -0.0003 -0.9982 0.0608
vn -0.0001 -0.9976 0.0698
vn -0.0704 -0.9939 0.0848
vn -0.0004 -0.9986 0.0537
vn -0.0003 -0.9982 0.0608
vn -0.0373 -0.9989 0.0301
vn -0.0000 -0.9995 0.0320
vn -0.0000 -0.9992 0.0395
vn -0.0373 -0.9989 0.0301
vn -0.0000 -0.9992 0.0395
vn -0.0026 -0.9988 0.0493
vn -0.0026 -0.9988 0.0493
vn -0.0704 -0.9939 0.0848
vn -0.0373 -0.9989 0.0301
vn -0.0010 -1.0000 0.0098
vn -0.0001 -0.9998 0.0210
vn -0.0373 -0.9989 0.0301
vn -0.0576 -0.9975 -0.0407
vn -0.0004 -1.0000 0.0030
vn -0.0010 -1.0000 0.0098
vn -0.0759 -0.9794 0.1871
vn -0.0989 -0.9752 0.1982
vn -0.0510 -0.9894 0.1360
vn -0.0932 -0.9725 0.2132
vn -0.1047 -0.9760 0.1910
vn -0.0759 -0.9794 0.1871
vn -0.1056 -0.9730 0.2055
vn -0.1047 -0.9760 0.1910
vn -0.0932 -0.9725 0.2132
vn -0.1087 -0.9675 0.2281
vn -0.1089 -0.9698 0.2182
vn -0.0932 -0.9725 0.2132
vn -0.1087 -0.9675 0.2281
vn -0.0932 -0.9725 0.2132
vn -0.0232 -0.9653 0.2601
vn -0.0232 -0.9653 0.2601
vn -0.1135 -0.9647 0.2377
vn -0.1087 -0.9675 0.2281
vn -0.1205 -0.9587 0.2576
vn -0.0232 -0.9653 0.2601
vn -0.1243 -0.9552 0.2685
vn -0.0232 -0.9653 0.2601
vn -0.1269 -0.9522 0.2780
vn -0.1243 -0.9552 0.2685
vn -0.1406 -0.7601 0.6345
vn -0.1421 -0.9359 0.3225
vn -0.1259 -0.9463 0.2976
vn -0.1259 -0.9463 0.2976
vn -0.0232 -0.9653 0.2601
vn -0.1406 -0.7601 0.6345
vn -0.0232 -0.9653 0.2601
vn -0.1259 -0.9463 0.2976
vn -0.1301 -0.9486 0.2886
vn -0.0232 -0.9653 0.2601
vn -0.1301 -0.9486 0.2886
vn -0.1269 -0.9522 0.2780
vn -0.0232 -0.9653 0.2601
vn -0.1182 -0.9615 0.2482
vn -0.1135 -0.9647 0.2377
vn -0.0232 -0.9653 0.2601
vn -0.1205 -0.9587 0.2576
vn -0.1182 -0.9615 0.2482
vn -0.0070 -0.9731 0.2303
vn -0.0232 -0.9653 0.2601
vn -0.0759 -0.9794 0.1871
vn -0.0373 -0.9989 0.0301
vn -0.0576 -0.9975 -0.0407
vn -0.0010 -1.0000 0.0098
vn -0.0373 -0.9989 0.0301
vn -0.0774 -0.9961 0.0426
vn -0.0576 -0.9975 -0.0407
vn -0.0774 -0.9961 0.0426
vn -0.0373 -0.9989 0.0301
vn -0.0704 -0.9939 0.0848
vn -0.0704 -0.9939 0.0848
vn -0.0026 -0.9988 0.0493
vn -0.0004 -0.9986 0.0537
vn -0.0704 -0.9939 0.0848
vn 0.0217 -0.9863 0.1632
vn -0.0774 -0.9961 0.0426
vn -0.0932 -0.9725 0.2132
vn -0.0759 -0.9794 0.1871
vn -0.0232 -0.9653 0.2601
vn -0.3588 -0.4218 -0.8326
vn -0.4375 -0.0896 -0.8947
vn -0.4653 -0.5573 -0.6877
vn -0.1003 -0.9943 -0.0350
vn -0.7147 -0.6992 0.0175
vn -0.8656 -0.4702 -0.1721
vn -0.1024 -0.9786 -0.1784
vn -0.1003 -0.9943 -0.0350
vn -0.8656 -0.4702 -0.1721
vn -0.1326 -0.9445 -0.3004
vn -0.1024 -0.9786 -0.1784
vn -0.8656 -0.4702 -0.1721
vn -0.1135 -0.9722 -0.2050
vn -0.0724 -0.9956 -0.0600
vn -0.8656 -0.4702 -0.1721
vn -0.8656 -0.4702 -0.1721
vn -0.1117 -0.9707 -0.2128
vn -0.1135 -0.9722 -0.2050
vn -0.1229 -0.9672 -0.2222
vn -0.1117 -0.9707 -0.2128
vn -0.8656 -0.4702 -0.1721
vn -0.1383 -0.9609 -0.2397
vn -0.1108 -0.9682 -0.2245
vn -0.1229 -0.9672 -0.2222
vn -0.8656 -0.4702 -0.1721
vn -0.1383 -0.9609 -0.2397
vn -0.1229 -0.9672 -0.2222
vn -0.1383 -0.9609 -0.2397
vn -0.6127 -0.6525 -0.4460
vn -0.1583 -0.9208 -0.3564
vn -0.1583 -0.9208 -0.3564
vn -0.1171 -0.9622 -0.2458
vn -0.1383 -0.9609 -0.2397
vn -0.1171 -0.9622 -0.2458
vn -0.1162 -0.9630 -0.2430
vn -0.1383 -0.9609 -0.2397
vn -0.1420 -0.9481 -0.2843
vn -0.0815 -0.9891 -0.1230
vn -0.6127 -0.6525 -0.4460
vn -0.1420 -0.9481 -0.2843
vn -0.6690 -0.2504 -0.6998
vn -0.1431 -0.9403 -0.3088
vn -0.1471 -0.9376 -0.3151
vn -0.1431 -0.9403 -0.3088
vn -0.6690 -0.2504 -0.6998
vn -0.1762 -0.9030 -0.3919
vn -0.1471 -0.9376 -0.3151
vn -0.6690 -0.2504 -0.6998
vn -0.4589 -0.2117 -0.8629
vn -0.3792 -0.3746 -0.8461
vn -0.6690 -0.2504 -0.6998
vn -0.6690 -0.2504 -0.6998
vn -0.1420 -0.9481 -0.2843
vn -0.6127 -0.6525 -0.4460
vn -0.6127 -0.6525 -0.4460
vn -0.1383 -0.9609 -0.2397
vn -0.8656 -0.4702 -0.1721
vn -0.4375 -0.0896 -0.8947
vn -0.4589 -0.2117 -0.8629
vn -0.6690 -0.2504 -0.6998
vn -0.8004 -0.4666 -0.3763
vn -0.6127 -0.6525 -0.4460
vn -0.8656 -0.4702 -0.1721
vn -0.8004 -0.4666 -0.3763
vn -0.6690 -0.2504 -0.6998
vn -0.6127 -0.6525 -0.4460
vn -0.8656 -0.4702 -0.1721
vn -0.9467 -0.3219 0.0087
vn -0.8004 -0.4666 -0.3763
vn -0.8004 -0.4666 -0.3763
vn -0.4653 -0.5573 -0.6877
vn -0.6690 -0.2504 -0.6998
vn -0.4375 -0.0896 -0.8947
vn -0.6690 -0.2504 -0.6998
vn -0.4653 -0.5573 -0.6877
vn -0.0676 -0.9862 -0.1509
vn -0.1542 -0.9333 -0.3243
vn -0.0006 -1.0000 -0.0013
vn -0.1542 -0.9333 -0.3243
vn -0.1820 -0.6120 -0.7697
vn -0.0950 -0.9728 -0.2111
vn -0.0306 -0.9981 -0.0528
vn -0.0306 -0.9981 -0.0528
vn -0.1542 -0.9333 -0.3243
vn -0.0036 -0.9999 -0.0097
vn -0.0036 -0.9999 -0.0097
vn -0.0676 -0.9862 -0.1509
vn -0.0038 -0.9999 -0.0097
vn 0.3582 -0.9315 -0.0635
vn -0.0676 -0.9862 -0.1509
vn 0.3582 -0.9315 -0.0635
vn -0.0541 -0.9985 0.0020
vn -0.0541 -0.9985 0.0020
vn -0.0000 -1.0000 0.0000
vn 0.3663 -0.9298 0.0346
vn 0.3582 -0.9315 -0.0635
vn 0.3663 -0.9298 0.0346
vn -0.1226 -0.9925 -0.0015
vn -0.1226 -0.9925 -0.0015
vn -0.2214 -0.7904 0.5712
vn -0.3906 -0.5275 0.7544
vn -0.3084 -0.3966 0.8646
vn -0.0098 -0.9993 -0.0365
vn -0.0098 -0.9993 -0.0365
vn -0.0098 -0.9993 -0.0365
vn -0.0468 -0.9909 -0.1265
vn -0.0468 -0.9909 -0.1265
vn -0.1820 -0.6120 -0.7697
vn -0.1366 -0.5414 0.8296
vn -0.2214 -0.7904 0.5712
vn -0.0503 -0.9790 0.1976
vn -0.0086 -0.9952 0.0971
vn -0.0086 -0.9952 0.0971
vn -0.0086 -0.9952 0.0971
vn -0.4913 0.3660 0.7904
vn -0.4913 0.3660 0.7904
vn -0.5770 -0.0340 0.8160
vn -0.9225 -0.3083 0.2324
vn -0.6992 -0.6888 0.1914
vn -0.5079 -0.7647 0.3966
vn -0.1649 -0.9292 0.3308
vn -0.2116 -0.8626 0.4596
vn -0.2840 -0.7422 0.6070
vn -0.1397 -0.9409 0.3086
vn -0.2116 -0.8626 0.4596
vn -0.1649 -0.9292 0.3308
vn -0.1649 -0.9292 0.3308
vn -0.4432 -0.7479 0.4943
vn -0.1320 -0.9486 0.2877
vn -0.1203 -0.9599 0.2532
vn -0.1315 -0.9493 0.2854
vn -0.4432 -0.7479 0.4943
vn -0.1315 -0.9493 0.2854
vn -0.1320 -0.9486 0.2877
vn -0.4432 -0.7479 0.4943
vn -0.5079 -0.7647 0.3966
vn -0.1008 -0.9781 0.1819
vn -0.1355 -0.9531 0.2708
vn -0.4432 -0.7479 0.4943
vn -0.5079 -0.7647 0.3966
vn -0.1355 -0.9531 0.2708
vn -0.4432 -0.7479 0.4943
vn -0.1355 -0.9531 0.2708
vn -0.1291 -0.9506 0.2822
vn -0.1193 -0.9636 0.2391
vn -0.1168 -0.9642 0.2381
vn -0.5079 -0.7647 0.3966
vn -0.1168 -0.9642 0.2381
vn -0.1363 -0.9420 0.3067
vn -0.5079 -0.7647 0.3966
vn -0.5079 -0.7647 0.3966
vn -0.1364 -0.9662 0.2188
vn -0.1105 -0.9705 0.2142
vn -0.1105 -0.9705 0.2142
vn -0.1167 -0.9665 0.2284
vn -0.5079 -0.7647 0.3966
vn -0.1167 -0.9665 0.2284
vn -0.1126 -0.9679 0.2247
vn -0.5079 -0.7647 0.3966
vn -0.1126 -0.9679 0.2247
vn -0.1193 -0.9636 0.2391
vn -0.5079 -0.7647 0.3966
vn -0.5079 -0.7647 0.3966
vn -0.6992 -0.6888 0.1914
vn -0.1364 -0.9662 0.2188
vn -0.0788 -0.9941 0.0740
vn -0.1364 -0.9662 0.2188
vn -0.6992 -0.6888 0.1914
vn -0.1189 -0.9858 0.1184
vn -0.1176 -0.9618 0.2474
vn -0.6992 -0.6888 0.1914
vn -0.6992 -0.6888 0.1914
vn -0.3064 -0.9517 -0.0220
vn -0.1189 -0.9858 0.1184
vn -0.2840 -0.7422 0.6070
vn -0.4007 -0.3283 0.8554
vn -0.1649 -0.9292 0.3308
vn -0.1649 -0.9292 0.3308
vn -0.4007 -0.3283 0.8554
vn -0.5770 -0.0340 0.8160
vn -0.4432 -0.7479 0.4943
vn -0.5770 -0.0340 0.8160
vn -0.9225 -0.3083 0.2324
vn -0.4432 -0.7479 0.4943
vn -0.9225 -0.3083 0.2324
vn -0.5079 -0.7647 0.3966
vn -0.4432 -0.7479 0.4943
vn -0.1649 -0.9292 0.3308
vn -0.5770 -0.0340 0.8160
vn -0.3906 -0.5275 0.7544
vn -0.5770 -0.0340 0.8160
vn -0.4007 -0.3283 0.8554
vn -0.2116 -0.8626 0.4596
vn -0.1397 -0.9409 0.3086
vn -0.1575 -0.9194 0.3605
vn -0.2116 -0.8626 0.4596
vn -0.1575 -0.9194 0.3605
vn -0.3300 -0.5747 0.7489
vn -0.2116 -0.8626 0.4596
vn -0.3300 -0.5747 0.7489
vn -0.2338 -0.7416 0.6288
vn -0.2338 -0.7416 0.6288
vn -0.2840 -0.7422 0.6070
vn -0.2116 -0.8626 0.4596
vn -0.2840 -0.7422 0.6070
vn -0.2338 -0.7416 0.6288
vn -0.2800 -0.6470 0.7092
vn -0.2800 -0.6470 0.7092
vn -0.4007 -0.3283 0.8554
vn -0.2840 -0.7422 0.6070
vn -0.4007 -0.3283 0.8554
vn -0.2800 -0.6470 0.7092
vn -0.4053 -0.2376 0.8828
vn -0.4053 -0.2376 0.8828
vn -0.3906 -0.5275 0.7544
vn -0.4007 -0.3283 0.8554
vn -0.3211 -0.4783 0.8174
vn -0.3084 -0.3966 0.8646
vn -0.3300 -0.5747 0.7489
vn -0.2338 -0.7416 0.6288
vn -0.3300 -0.5747 0.7489
vn -0.3084 -0.3966 0.8646
vn -0.3084 -0.3966 0.8646
vn -0.2800 -0.6470 0.7092
vn -0.2338 -0.7416 0.6288
vn -0.3084 -0.3966 0.8646
vn -0.4053 -0.2376 0.8828
vn -0.2800 -0.6470 0.7092
vn -0.1406 -0.7601 0.6345
vn -0.3084 -0.3966 0.8646
vn -0.3211 -0.4783 0.8174
vn -0.3084 -0.3966 0.8646
vn -0.3906 -0.5275 0.7544
vn -0.4053 -0.2376 0.8828
vn -0.0521 -0.2592 0.9644
vn -0.0025 -0.0238 0.9997
vn -0.0437 -0.0296 0.9986
vn -0.1149 -0.3029 0.9461
vn -0.0521 -0.2592 0.9644
vn -0.0437 -0.0296 0.9986
vn -0.0437 -0.0296 0.9986
vn -0.0271 -0.0881 0.9957
vn -0.1149 -0.3029 0.9461
vn -0.0271 -0.0881 0.9957
vn -0.1179 -0.3008 0.9464
vn -0.1149 -0.3029 0.9461
vn -0.1179 -0.3008 0.9464
vn -0.2391 -0.2766 0.9308
vn -0.1149 -0.3029 0.9461
vn -0.1406 -0.7601 0.6345
vn -0.1149 -0.3029 0.9461
vn -0.2391 -0.2766 0.9308
vn -0.2391 -0.2766 0.9308
vn -0.3084 -0.3966 0.8646
vn -0.1406 -0.7601 0.6345
vn -0.0521 -0.2592 0.9644
vn 0.0003 -0.2380 0.9713
vn 0.0003 -0.1108 0.9938
vn -0.0521 -0.2592 0.9644
vn 0.0002 -0.3854 0.9228
vn 0.0005 -0.2877 0.9577
vn -0.0521 -0.2592 0.9644
vn -0.0003 -0.5326 0.8464
vn 0.0001 -0.4558 0.8901
vn -0.0245 -0.7768 0.6293
vn -0.0010 -0.6575 0.7534
vn -0.0055 -0.5952 0.8035
vn -0.0245 -0.7768 0.6293
vn -0.0001 -0.7978 0.6029
vn -0.0004 -0.7277 0.6859
vn -0.0245 -0.7768 0.6293
vn 0.0002 -0.8377 0.5461
vn -0.0001 -0.7978 0.6029
vn -0.0245 -0.7768 0.6293
vn 0.0002 -0.9200 0.3919
vn 0.0002 -0.8935 0.4490
vn -0.0245 -0.7768 0.6293
vn -0.0000 -0.9482 0.3178
vn 0.0002 -0.9200 0.3919
vn -0.0245 -0.7768 0.6293
vn -0.0521 -0.2592 0.9644
vn -0.1149 -0.3029 0.9461
vn -0.0055 -0.5952 0.8035
vn -0.0521 -0.2592 0.9644
vn -0.0245 -0.7768 0.6293
vn -0.0521 -0.2592 0.9644
vn -0.0055 -0.5952 0.8035
vn -0.0003 -0.5326 0.8464
vn -0.0245 -0.7768 0.6293
vn -0.0004 -0.7277 0.6859
vn -0.0010 -0.6575 0.7534
vn -0.0245 -0.7768 0.6293
vn 0.0002 -0.8935 0.4490
vn 0.0002 -0.8377 0.5461
vn -0.0521 -0.2592 0.9644
vn 0.0003 -0.1108 0.9938
vn -0.0025 -0.0238 0.9997
vn -0.0521 -0.2592 0.9644
vn 0.0005 -0.2877 0.9577
vn 0.0003 -0.2380 0.9713
vn -0.0521 -0.2592 0.9644
vn 0.0001 -0.4558 0.8901
vn 0.0002 -0.3854 0.9228
vn 0.0002 -0.9200 0.3919
vn -0.0000 -0.9482 0.3178
vn 0.0106 -0.9768 0.2140
vn 0.0106 -0.9768 0.2140
vn -0.0000 -0.9087 0.4174
vn 0.0002 -0.9200 0.3919
vn 0.0002 -0.8935 0.4490
vn 0.0002 -0.9200 0.3919
vn -0.0000 -0.9087 0.4174
vn -0.0000 -0.9087 0.4174
vn 0.0017 -0.8744 0.4853
vn 0.0002 -0.8935 0.4490
vn 0.0002 -0.8377 0.5461
vn 0.0002 -0.8935 0.4490
vn 0.0017 -0.8744 0.4853
vn 0.0017 -0.8744 0.4853
vn 0.0007 -0.8263 0.5633
vn 0.0002 -0.8377 0.5461
vn -0.0001 -0.7978 0.6029
vn 0.0002 -0.8377 0.5461
vn 0.0007 -0.8263 0.5633
vn 0.0007 -0.8263 0.5633
vn 0.0004 -0.7743 0.6328
vn -0.0001 -0.7978 0.6029
vn -0.0004 -0.7277 0.6859
vn -0.0001 -0.7978 0.6029
vn 0.0004 -0.7743 0.6328
vn 0.0004 -0.7743 0.6328
vn -0.0002 -0.7083 0.7059
vn -0.0004 -0.7277 0.6859
vn -0.0010 -0.6575 0.7534
vn -0.0004 -0.7277 0.6859
vn -0.0002 -0.7083 0.7059
vn -0.0002 -0.7083 0.7059
vn -0.0004 -0.6382 0.7699
vn -0.0010 -0.6575 0.7534
vn -0.0055 -0.5952 0.8035
vn -0.0010 -0.6575 0.7534
vn -0.0004 -0.6382 0.7699
vn -0.0004 -0.6382 0.7699
vn -0.0006 -0.5774 0.8164
vn -0.0055 -0.5952 0.8035
vn -0.0003 -0.5326 0.8464
vn -0.0055 -0.5952 0.8035
vn -0.0006 -0.5774 0.8164
vn 0.0006 -0.1526 0.9883
vn 0.0004 -0.0191 0.9998
vn -0.0025 -0.0238 0.9997
vn -0.0025 -0.0238 0.9997
vn 0.0003 -0.1108 0.9938
vn 0.0006 -0.1526 0.9883
vn 0.0003 -0.1108 0.9938
vn 0.0003 -0.2380 0.9713
vn 0.0006 -0.1526 0.9883
vn 0.0002 -0.2638 0.9646
vn 0.0006 -0.1526 0.9883
vn 0.0003 -0.2380 0.9713
vn 0.0003 -0.2380 0.9713
vn 0.0005 -0.2877 0.9577
vn 0.0002 -0.2638 0.9646
vn -0.0003 -0.3638 0.9315
vn 0.0002 -0.2638 0.9646
vn 0.0005 -0.2877 0.9577
vn 0.0005 -0.2877 0.9577
vn 0.0002 -0.3854 0.9228
vn -0.0003 -0.3638 0.9315
vn -0.0004 -0.4283 0.9036
vn -0.0003 -0.3638 0.9315
vn 0.0002 -0.3854 0.9228
vn 0.0002 -0.3854 0.9228
vn 0.0001 -0.4558 0.8901
vn -0.0004 -0.4283 0.9036
vn -0.0006 -0.5125 0.8587
vn -0.0004 -0.4283 0.9036
vn 0.0001 -0.4558 0.8901
vn 0.0001 -0.4558 0.8901
vn -0.0003 -0.5326 0.8464
vn -0.0006 -0.5125 0.8587
vn -0.0006 -0.5774 0.8164
vn -0.0006 -0.5125 0.8587
vn -0.0003 -0.5326 0.8464
vn 0.0107 -0.5925 0.8055
vn 0.0004 -0.7743 0.6328
vn 0.0007 -0.8263 0.5633
vn 0.0107 -0.5925 0.8055
vn 0.0007 -0.8263 0.5633
vn 0.0017 -0.8744 0.4853
vn 0.0017 -0.8744 0.4853
vn 0.0074 -0.9846 0.1744
vn 0.0107 -0.5925 0.8055
vn 0.0074 -0.9846 0.1744
vn 0.0017 -0.8744 0.4853
vn -0.0000 -0.9087 0.4174
vn 0.0074 -0.9846 0.1744
vn -0.0000 -0.9087 0.4174
vn 0.0106 -0.9768 0.2140
vn 0.0106 -0.9768 0.2140
vn -0.0048 -0.9716 0.2367
vn 0.0074 -0.9846 0.1744
vn 0.0107 -0.5925 0.8055
vn -0.0006 -0.5774 0.8164
vn -0.0004 -0.6382 0.7699
vn -0.0004 -0.6382 0.7699
vn -0.0002 -0.7083 0.7059
vn 0.0107 -0.5925 0.8055
vn 0.0107 -0.5925 0.8055
vn -0.0002 -0.7083 0.7059
vn 0.0004 -0.7743 0.6328
vn 0.0497 -0.0243 0.9985
vn 0.0004 -0.0191 0.9998
vn 0.0006 -0.1526 0.9883
vn 0.0006 -0.1526 0.9883
vn 0.0107 -0.5925 0.8055
vn 0.0497 -0.0243 0.9985
vn 0.0107 -0.5925 0.8055
vn 0.0006 -0.1526 0.9883
vn 0.0002 -0.2638 0.9646
vn 0.0107 -0.5925 0.8055
vn 0.0002 -0.2638 0.9646
vn -0.0003 -0.3638 0.9315
vn 0.0107 -0.5925 0.8055
vn -0.0003 -0.3638 0.9315
vn -0.0004 -0.4283 0.9036
vn 0.0107 -0.5925 0.8055
vn -0.0004 -0.4283 0.9036
vn -0.0006 -0.5125 0.8587
vn 0.0107 -0.5925 0.8055
vn -0.0006 -0.5125 0.8587
vn -0.0006 -0.5774 0.8164
vn 0.0497 -0.0243 0.9985
vn 0.0107 -0.5925 0.8055
vn 0.0460 -0.6075 0.7930
vn 0.0074 -0.9846 0.1744
vn 0.0460 -0.6075 0.7930
vn 0.0107 -0.5925 0.8055
vn 0.0925 0.0142 0.9956
vn 0.0460 -0.6075 0.7930
vn 0.1402 -0.5918 0.7938
vn 0.0497 -0.0243 0.9985
vn 0.0460 -0.6075 0.7930
vn 0.0154 -0.0101 0.9998
vn 0.0004 -0.0191 0.9998
vn 0.0497 -0.0243 0.9985
vn 0.0154 -0.0101 0.9998
vn 0.1884 -0.0554 0.9805
vn 0.1410 0.1366 0.9805
vn 0.1402 -0.5918 0.7938
vn 0.1410 0.1366 0.9805
vn 0.1760 0.6242 0.7612
vn 0.1402 -0.5918 0.7938
vn 0.1760 0.6242 0.7612
vn 0.0925 0.0142 0.9956
vn 0.1402 -0.5918 0.7938
vn 0.0018 -0.9996 0.0295
vn -0.0000 -0.9994 0.0354
vn -0.0000 -0.9997 0.0249
vn -0.0350 -0.9953 0.0899
vn 0.0006 -0.9984 0.0566
vn 0.0009 -0.9989 0.0479
vn 0.0000 -0.9859 0.1672
vn 0.0120 -0.9872 0.1587
vn 0.0128 -0.9826 0.1854
vn 0.0088 -0.9917 0.1280
vn 0.0005 -0.9964 0.0844
vn 0.0006 -0.9969 0.0787
vn 0.0088 -0.9917 0.1280
vn 0.0004 -0.9958 0.0911
vn 0.0005 -0.9964 0.0844
vn 0.0088 -0.9917 0.1280
vn 0.0002 -0.9953 0.0972
vn 0.0004 -0.9958 0.0911
vn 0.0088 -0.9917 0.1280
vn 0.0001 -0.9946 0.1041
vn 0.0002 -0.9953 0.0972
vn 0.0088 -0.9917 0.1280
vn 0.0001 -0.9937 0.1122
vn 0.0001 -0.9946 0.1041
vn 0.0001 -0.9929 0.1190
vn 0.0001 -0.9937 0.1122
vn 0.0088 -0.9917 0.1280
vn 0.0088 -0.9917 0.1280
vn 0.0009 -0.9920 0.1261
vn 0.0001 -0.9929 0.1190
vn 0.0009 -0.9920 0.1261
vn 0.0088 -0.9917 0.1280
vn 0.0187 -0.9838 0.1780
vn 0.0187 -0.9838 0.1780
vn 0.0004 -0.9911 0.1333
vn 0.0009 -0.9920 0.1261
vn 0.0187 -0.9838 0.1780
vn 0.0003 -0.9897 0.1430
vn 0.0004 -0.9911 0.1333
vn 0.0003 -0.9897 0.1430
vn 0.0187 -0.9838 0.1780
vn 0.0120 -0.9872 0.1587
vn 0.0120 -0.9872 0.1587
vn 0.0000 -0.9886 0.1503
vn 0.0003 -0.9897 0.1430
vn 0.0034 -0.9964 0.0848
vn 0.0000 -0.9980 0.0625
vn 0.0006 -0.9984 0.0566
vn 0.0034 -0.9964 0.0848
vn -0.0000 -0.9974 0.0715
vn 0.0000 -0.9980 0.0625
vn 0.0034 -0.9964 0.0848
vn 0.0006 -0.9969 0.0787
vn -0.0000 -0.9974 0.0715
vn 0.0006 -0.9969 0.0787
vn 0.0034 -0.9964 0.0848
vn 0.0088 -0.9917 0.1280
vn -0.0000 -0.9994 0.0354
vn 0.0018 -0.9996 0.0295
vn 0.0020 -0.9993 0.0375
vn 0.0020 -0.9993 0.0375
vn 0.0009 -0.9989 0.0479
vn -0.0000 -0.9994 0.0354
vn -0.0000 -0.9997 0.0249
vn 0.0003 -0.9999 0.0156
vn 0.0026 -0.9998 0.0213
vn -0.0000 -0.9997 0.0249
vn 0.0026 -0.9998 0.0213
vn 0.0018 -0.9996 0.0295
vn 0.0128 -0.9826 0.1854
vn 0.0000 -0.9829 0.1842
vn 0.0001 -0.9856 0.1689
vn 0.0000 -0.9829 0.1842
vn 0.0128 -0.9826 0.1854
vn 0.0088 -0.9813 0.1921
vn 0.0168 -0.9754 0.2197
vn 0.0001 -0.9815 0.1917
vn 0.0088 -0.9813 0.1921
vn 0.0000 -0.9784 0.2066
vn 0.0001 -0.9815 0.1917
vn 0.0168 -0.9754 0.2197
vn 0.0168 -0.9754 0.2197
vn 0.0261 -0.9689 0.2462
vn 0.0002 -0.9726 0.2324
vn 0.0002 -0.9726 0.2324
vn 0.0000 -0.9762 0.2170
vn 0.0168 -0.9754 0.2197
vn -0.0081 -0.9546 0.2978
vn -0.0170 -0.9330 0.3595
vn 0.0261 -0.9689 0.2462
vn 0.0261 -0.9689 0.2462
vn -0.0170 -0.9330 0.3595
vn 0.0000 -0.9711 0.2388
vn 0.0827 -0.0245 0.9963
vn 0.1728 0.0062 0.9849
vn 0.0410 -0.7184 0.6944
vn 0.1577 -0.5474 0.8219
vn 0.0410 -0.7184 0.6944
vn 0.1728 0.0062 0.9849
vn 0.0288 -0.9220 0.3860
vn 0.1567 0.0377 0.9869
vn 0.0827 -0.0245 0.9963
vn 0.0410 -0.7184 0.6944
vn 0.0582 -0.2007 0.9779
vn 0.0827 -0.0245 0.9963
vn 0.7871 -0.0787 0.6118
vn 0.7013 0.0709 0.7093
vn 0.4901 -0.4086 0.7700
vn 0.1862 -0.8241 -0.5350
vn -0.0265 -0.8517 -0.5234
vn 0.3410 0.0091 -0.9400
vn 0.0397 -0.9855 -0.1649
vn 0.0903 -0.9687 -0.2311
vn 0.1323 -0.9902 -0.0442
vn 0.1323 -0.9902 -0.0442
vn 0.2110 -0.9569 0.1997
vn 0.0448 -0.9838 0.1735
vn 0.1323 -0.9902 -0.0442
vn 0.0903 -0.9687 -0.2311
vn 0.2282 -0.9566 -0.1810
vn 0.1323 -0.9902 -0.0442
vn 0.2984 -0.9541 0.0262
vn 0.2110 -0.9569 0.1997
vn 0.0448 -0.9838 0.1735
vn 0.2110 -0.9569 0.1997
vn 0.0288 -0.9220 0.3860
vn 0.0903 -0.9687 -0.2311
vn 0.0397 -0.9855 -0.1649
vn 0.0109 -0.9567 -0.2910
vn 0.2984 -0.9541 0.0262
vn 0.1323 -0.9902 -0.0442
vn 0.3042 -0.9469 -0.1041
vn 0.3042 -0.9469 -0.1041
vn 0.1323 -0.9902 -0.0442
vn 0.2282 -0.9566 -0.1810
vn 0.5809 -0.4995 -0.6427
vn 0.2282 -0.9566 -0.1810
vn 0.0903 -0.9687 -0.2311
vn 0.8087 -0.5694 0.1475
vn 0.2110 -0.9569 0.1997
vn 0.2984 -0.9541 0.0262
vn 0.2598 -0.8233 -0.5047
vn 0.0903 -0.9687 -0.2311
vn 0.1862 -0.8241 -0.5350
vn 0.0903 -0.9687 -0.2311
vn 0.2598 -0.8233 -0.5047
vn 0.5809 -0.4995 -0.6427
vn 0.5188 -0.8530 -0.0564
vn 0.8087 -0.5694 0.1475
vn 0.2984 -0.9541 0.0262
vn 0.2635 -0.7873 0.5574
vn 0.0288 -0.9220 0.3860
vn 0.2110 -0.9569 0.1997
vn 0.2110 -0.9569 0.1997
vn 0.8087 -0.5694 0.1475
vn 0.2952 -0.9536 0.0601
vn 0.4901 -0.4086 0.7700
vn 0.2635 -0.7873 0.5574
vn 0.2110 -0.9569 0.1997
vn 0.7871 -0.0787 0.6118
vn 0.4901 -0.4086 0.7700
vn 0.8790 -0.2956 0.3741
vn 0.9731 -0.2238 -0.0552
vn 0.2984 -0.9541 0.0262
vn 0.3042 -0.9469 -0.1041
vn 0.3410 0.0091 -0.9400
vn 0.2598 -0.8233 -0.5047
vn 0.1862 -0.8241 -0.5350
vn 0.2282 -0.9566 -0.1810
vn 0.4783 -0.8311 -0.2837
vn 0.3042 -0.9469 -0.1041
vn -0.2139 -0.6130 -0.7606
vn -0.2139 -0.6130 -0.7606
vn -0.2139 -0.6130 -0.7606
vn 0.6151 -0.0034 -0.7885
vn 0.3410 0.0091 -0.9400
vn 0.5809 -0.4995 -0.6427
vn 0.9242 -0.0863 -0.3721
vn 0.2282 -0.9566 -0.1810
vn 0.5809 -0.4995 -0.6427
vn 0.4901 -0.4086 0.7700
vn 0.2110 -0.9569 0.1997
vn 0.8790 -0.2956 0.3741
vn 0.1862 -0.8241 -0.5350
vn 0.0903 -0.9687 -0.2311
vn -0.0265 -0.8517 -0.5234
vn 0.5529 0.6136 -0.5637
vn 0.3410 0.0091 -0.9400
vn 0.9242 -0.0863 -0.3721
vn 0.2635 -0.7873 0.5574
vn 0.4901 -0.4086 0.7700
vn 0.1567 0.0377 0.9869
vn 0.5188 -0.8530 -0.0564
vn 0.9731 -0.2238 -0.0552
vn 0.8087 -0.5694 0.1475
vn 0.1567 0.0377 0.9869
vn 0.0288 -0.9220 0.3860
vn 0.2635 -0.7873 0.5574
vn 0.6819 -0.1408 -0.7177
vn 0.4170 -0.7861 -0.4564
vn 0.4170 -0.7861 -0.4564
vn 0.3042 -0.9469 -0.1041
vn 0.9242 -0.0863 -0.3721
vn 0.9731 -0.2238 -0.0552
vn 0.3410 0.0091 -0.9400
vn 0.0547 -0.1333 -0.9896
vn 0.1294 0.1615 -0.9784
vn 0.0453 -0.8869 -0.4598
vn 0.1755 -0.1760 -0.9686
vn 0.1294 0.1615 -0.9784
vn -0.0265 -0.8517 -0.5234
vn 0.0453 -0.8869 -0.4598
vn 0.1294 0.1615 -0.9784
vn 0.0288 -0.9220 0.3860
vn 0.0410 -0.7184 0.6944
vn 0.0171 -0.9385 0.3449
vn 0.1323 -0.9902 -0.0442
vn 0.0448 -0.9838 0.1735
vn 0.0404 -0.9989 0.0227
vn 0.0397 -0.9855 -0.1649
vn 0.0961 -0.9759 -0.1959
vn -0.0093 -0.9801 -0.1981
vn 0.0397 -0.9855 -0.1649
vn -0.0093 -0.9801 -0.1981
vn 0.0109 -0.9567 -0.2910
vn -0.0265 -0.8517 -0.5234
vn 0.0903 -0.9687 -0.2311
vn 0.0109 -0.9567 -0.2910
vn -0.0265 -0.8517 -0.5234
vn -0.0090 -0.9435 -0.3311
vn 0.0453 -0.8869 -0.4598
vn -0.8656 -0.4702 -0.1721
vn -0.7147 -0.6992 0.0175
vn -0.9467 -0.3219 0.0087
vn -0.9225 -0.3083 0.2324
vn -0.9688 0.2445 -0.0401
vn -0.9688 0.2445 -0.0401
vn -0.7147 -0.6992 0.0175
vn -0.9986 0.0402 0.0337
vn -0.9225 -0.3083 0.2324
vn -0.9225 -0.3083 0.2324
vn -0.9467 -0.3219 0.0087
vn -0.7147 -0.6992 0.0175
vn -0.5081 -0.8531 -0.1187
vn -0.3064 -0.9517 -0.0220
vn -0.0159 -0.9961 0.0873
vn -0.3064 -0.9517 -0.0220
vn 0.2407 -0.9695 -0.0459
vn -0.0159 -0.9961 0.0873
vn -0.5079 -0.7647 0.3966
vn -0.1363 -0.9420 0.3067
vn -0.1182 -0.9615 0.2482
vn -0.0159 -0.9961 0.0873
vn 0.0784 -0.8766 0.4748
vn -0.5171 -0.8551 0.0360
vn -0.5171 -0.8551 0.0360
vn -0.5081 -0.8531 -0.1187
vn -0.0159 -0.9961 0.0873
vn -0.7147 -0.6992 0.0175
vn -0.2626 -0.6655 -0.6987
vn -0.5171 -0.8551 0.0360
vn -0.0983 -0.9793 -0.1767
vn -0.0273 -0.9855 -0.1672
vn -0.0503 -0.9817 -0.1837
vn -0.0983 -0.9793 -0.1767
vn -0.0503 -0.9817 -0.1837
vn -0.1460 -0.9592 -0.2421
vn -0.1460 -0.9592 -0.2421
vn -0.7147 -0.6992 0.0175
vn -0.1003 -0.9943 -0.0350
vn -0.1460 -0.9592 -0.2421
vn -0.2626 -0.6655 -0.6987
vn -0.7147 -0.6992 0.0175
vn -0.0273 -0.9855 -0.1672
vn -0.0302 -0.9890 -0.1445
vn -0.0503 -0.9817 -0.1837
vn -0.0503 -0.9817 -0.1837
vn -0.0302 -0.9890 -0.1445
vn -0.0281 -0.9924 -0.1196
vn -0.0281 -0.9924 -0.1196
vn -0.0819 -0.9939 -0.0740
vn -0.0503 -0.9817 -0.1837
vn -0.0503 -0.9817 -0.1837
vn -0.0819 -0.9939 -0.0740
vn -0.0576 -0.9975 -0.0407
vn -0.0503 -0.9817 -0.1837
vn -0.0576 -0.9975 -0.0407
vn 0.2049 -0.9733 -0.1032
vn 0.0749 -0.9970 0.0186
vn 0.2049 -0.9733 -0.1032
vn -0.0576 -0.9975 -0.0407
vn 0.0749 -0.9970 0.0186
vn -0.0576 -0.9975 -0.0407
vn -0.0774 -0.9961 0.0426
vn -0.0704 -0.9939 0.0848
vn -0.0510 -0.9894 0.1360
vn 0.0217 -0.9863 0.1632
vn -0.0510 -0.9894 0.1360
vn -0.0849 -0.9889 0.1223
vn 0.0217 -0.9863 0.1632
vn -0.0510 -0.9894 0.1360
vn -0.1068 -0.9269 0.3599
vn -0.0849 -0.9889 0.1223
vn -0.1068 -0.9269 0.3599
vn -0.0989 -0.9752 0.1982
vn -0.1189 -0.9858 0.1184
vn -0.1068 -0.9269 0.3599
vn -0.0510 -0.9894 0.1360
vn -0.0989 -0.9752 0.1982
vn -0.1189 -0.9858 0.1184
vn -0.3064 -0.9517 -0.0220
vn -0.1068 -0.9269 0.3599
vn -0.5226 -0.0431 0.8515
vn -0.5226 -0.0431 0.8515
vn -0.5226 -0.0431 0.8515
vn -0.5060 -0.8561 0.1051
vn -0.3064 -0.9517 -0.0220
vn -0.5081 -0.8531 -0.1187
vn -0.0989 -0.9752 0.1982
vn -0.1176 -0.9618 0.2474
vn -0.1189 -0.9858 0.1184
vn -0.0989 -0.9752 0.1982
vn -0.0759 -0.9794 0.1871
vn -0.1176 -0.9618 0.2474
vn -0.1176 -0.9618 0.2474
vn -0.0759 -0.9794 0.1871
vn -0.1047 -0.9760 0.1910
vn -0.1047 -0.9760 0.1910
vn -0.6992 -0.6888 0.1914
vn -0.1176 -0.9618 0.2474
vn 0.1311 -0.6710 -0.7298
vn 0.1311 -0.6710 -0.7298
vn 0.1311 -0.6710 -0.7298
vn -0.0788 -0.9941 0.0740
vn -0.1047 -0.9760 0.1910
vn -0.1056 -0.9730 0.2055
vn -0.1056 -0.9730 0.2055
vn -0.1364 -0.9662 0.2188
vn -0.0788 -0.9941 0.0740
vn -0.1105 -0.9705 0.2142
vn -0.1364 -0.9662 0.2188
vn -0.1056 -0.9730 0.2055
vn -0.1105 -0.9705 0.2142
vn -0.1056 -0.9730 0.2055
vn -0.0932 -0.9725 0.2132
vn -0.1126 -0.9679 0.2247
vn -0.1167 -0.9665 0.2284
vn -0.1089 -0.9698 0.2182
vn -0.1089 -0.9698 0.2182
vn -0.1087 -0.9675 0.2281
vn -0.1126 -0.9679 0.2247
vn -0.1193 -0.9636 0.2391
vn -0.1126 -0.9679 0.2247
vn -0.1087 -0.9675 0.2281
vn -0.0932 -0.9725 0.2132
vn -0.1089 -0.9698 0.2182
vn -0.1105 -0.9705 0.2142
vn -0.1167 -0.9665 0.2284
vn -0.1105 -0.9705 0.2142
vn -0.1089 -0.9698 0.2182
vn -0.1363 -0.9420 0.3067
vn -0.1168 -0.9642 0.2381
vn -0.1135 -0.9647 0.2377
vn -0.1087 -0.9675 0.2281
vn -0.1135 -0.9647 0.2377
vn -0.1168 -0.9642 0.2381
vn -0.1168 -0.9642 0.2381
vn -0.1193 -0.9636 0.2391
vn -0.1087 -0.9675 0.2281
vn -0.1135 -0.9647 0.2377
vn -0.1182 -0.9615 0.2482
vn -0.1363 -0.9420 0.3067
vn -0.1355 -0.9531 0.2708
vn -0.1008 -0.9781 0.1819
vn -0.1205 -0.9587 0.2576
vn -0.1182 -0.9615 0.2482
vn -0.1205 -0.9587 0.2576
vn -0.1008 -0.9781 0.1819
vn -0.1008 -0.9781 0.1819
vn -0.5079 -0.7647 0.3966
vn -0.1182 -0.9615 0.2482
vn -0.4432 -0.7479 0.4943
vn -0.1291 -0.9506 0.2822
vn -0.1243 -0.9552 0.2685
vn -0.1205 -0.9587 0.2576
vn -0.1243 -0.9552 0.2685
vn -0.1291 -0.9506 0.2822
vn -0.1291 -0.9506 0.2822
vn -0.1355 -0.9531 0.2708
vn -0.1205 -0.9587 0.2576
vn -0.1315 -0.9493 0.2854
vn -0.1203 -0.9599 0.2532
vn -0.1269 -0.9522 0.2780
vn -0.1243 -0.9552 0.2685
vn -0.1269 -0.9522 0.2780
vn -0.1203 -0.9599 0.2532
vn -0.1243 -0.9552 0.2685
vn -0.1203 -0.9599 0.2532
vn -0.4432 -0.7479 0.4943
vn -0.1301 -0.9486 0.2886
vn -0.1259 -0.9463 0.2976
vn -0.1649 -0.9292 0.3308
vn -0.1649 -0.9292 0.3308
vn -0.1320 -0.9486 0.2877
vn -0.1301 -0.9486 0.2886
vn -0.1269 -0.9522 0.2780
vn -0.1301 -0.9486 0.2886
vn -0.1320 -0.9486 0.2877
vn -0.1269 -0.9522 0.2780
vn -0.1320 -0.9486 0.2877
vn -0.1315 -0.9493 0.2854
vn -0.1397 -0.9409 0.3086
vn -0.1649 -0.9292 0.3308
vn -0.1259 -0.9463 0.2976
vn -0.1575 -0.9194 0.3605
vn -0.3211 -0.4783 0.8174
vn -0.3300 -0.5747 0.7489
vn -0.1575 -0.9194 0.3605
vn -0.1421 -0.9359 0.3225
vn -0.1406 -0.7601 0.6345
vn -0.1406 -0.7601 0.6345
vn -0.3211 -0.4783 0.8174
vn -0.1575 -0.9194 0.3605
vn -0.1259 -0.9463 0.2976
vn -0.1421 -0.9359 0.3225
vn -0.1397 -0.9409 0.3086
vn -0.1575 -0.9194 0.3605
vn -0.1397 -0.9409 0.3086
vn -0.1421 -0.9359 0.3225
vn -0.1460 -0.9592 -0.2421
vn -0.1003 -0.9943 -0.0350
vn -0.0983 -0.9793 -0.1767
vn -0.0983 -0.9793 -0.1767
vn -0.1003 -0.9943 -0.0350
vn -0.1024 -0.9786 -0.1784
vn -0.0998 -0.9779 -0.1836
vn -0.0983 -0.9793 -0.1767
vn -0.1024 -0.9786 -0.1784
vn -0.1326 -0.9445 -0.3004
vn -0.8656 -0.4702 -0.1721
vn -0.1015 -0.9758 -0.1938
vn -0.1015 -0.9758 -0.1938
vn -0.0998 -0.9779 -0.1836
vn -0.1326 -0.9445 -0.3004
vn -0.1024 -0.9786 -0.1784
vn -0.1326 -0.9445 -0.3004
vn -0.0998 -0.9779 -0.1836
vn 0.1324 -0.7239 0.6771
vn 0.1324 -0.7239 0.6771
vn -0.0724 -0.9956 -0.0600
vn -0.1049 -0.9732 -0.2048
vn -0.1015 -0.9758 -0.1938
vn -0.0724 -0.9956 -0.0600
vn -0.0724 -0.9956 -0.0600
vn -0.1135 -0.9722 -0.2050
vn -0.1049 -0.9732 -0.2048
vn -0.1135 -0.9722 -0.2050
vn -0.1117 -0.9707 -0.2128
vn -0.1049 -0.9732 -0.2048
vn -0.1117 -0.9707 -0.2128
vn -0.1083 -0.9702 -0.2169
vn -0.1049 -0.9732 -0.2048
vn -0.1083 -0.9702 -0.2169
vn -0.1117 -0.9707 -0.2128
vn -0.1229 -0.9672 -0.2222
vn -0.1229 -0.9672 -0.2222
vn -0.1108 -0.9682 -0.2245
vn -0.1083 -0.9702 -0.2169
vn -0.1110 -0.9675 -0.2271
vn -0.1083 -0.9702 -0.2169
vn -0.1108 -0.9682 -0.2245
vn -0.1110 -0.9675 -0.2271
vn -0.1108 -0.9682 -0.2245
vn -0.1383 -0.9609 -0.2397
vn -0.1140 -0.9644 -0.2384
vn -0.1110 -0.9675 -0.2271
vn -0.1383 -0.9609 -0.2397
vn -0.1383 -0.9609 -0.2397
vn -0.1162 -0.9630 -0.2430
vn -0.1140 -0.9644 -0.2384
vn -0.1155 -0.9619 -0.2480
vn -0.1140 -0.9644 -0.2384
vn -0.1171 -0.9622 -0.2458
vn -0.1162 -0.9630 -0.2430
vn -0.1171 -0.9622 -0.2458
vn -0.1140 -0.9644 -0.2384
vn -0.1155 -0.9619 -0.2480
vn -0.1171 -0.9622 -0.2458
vn -0.1583 -0.9208 -0.3564
vn -0.1246 -0.9570 -0.2619
vn -0.1155 -0.9619 -0.2480
vn -0.1583 -0.9208 -0.3564
vn -0.3189 -0.2710 -0.9082
vn -0.3189 -0.2710 -0.9082
vn -0.6127 -0.6525 -0.4460
vn -0.0815 -0.9891 -0.1230
vn -0.1420 -0.9481 -0.2843
vn -0.1069 -0.9609 -0.2555
vn -0.1069 -0.9609 -0.2555
vn -0.1246 -0.9570 -0.2619
vn -0.0815 -0.9891 -0.1230
vn -0.6127 -0.6525 -0.4460
vn -0.0815 -0.9891 -0.1230
vn -0.1246 -0.9570 -0.2619
vn -0.1293 -0.9495 -0.2861
vn -0.1420 -0.9481 -0.2843
vn -0.1431 -0.9403 -0.3088
vn -0.1272 -0.9488 -0.2893
vn -0.1293 -0.9495 -0.2861
vn -0.1431 -0.9403 -0.3088
vn -0.1272 -0.9488 -0.2893
vn -0.1431 -0.9403 -0.3088
vn -0.1471 -0.9376 -0.3151
vn -0.1471 -0.9376 -0.3151
vn -0.1379 -0.9372 -0.3203
vn -0.1272 -0.9488 -0.2893
vn -0.1379 -0.9372 -0.3203
vn -0.1471 -0.9376 -0.3151
vn -0.1762 -0.9030 -0.3919
vn -0.1379 -0.9372 -0.3203
vn -0.1762 -0.9030 -0.3919
vn -0.0998 -0.8072 -0.5818
vn -0.5749 -0.8182 0.0098
vn -0.5081 -0.8531 -0.1187
vn -0.5171 -0.8551 0.0360
vn -0.5749 -0.8182 0.0098
vn -0.5060 -0.8561 0.1051
vn -0.5081 -0.8531 -0.1187
vn 0.1920 0.2567 -0.9472
vn 0.1920 0.2567 -0.9472
vn 0.1920 0.2567 -0.9472
vn -0.0503 -0.9817 -0.1837
vn 0.2049 -0.9733 -0.1032
vn -0.2626 -0.6655 -0.6987
vn -0.0849 -0.9889 0.1223
vn -0.1068 -0.9269 0.3599
vn 0.0217 -0.9863 0.1632
vn 0.0749 -0.9970 0.0186
vn 0.0217 -0.9863 0.1632
vn 0.3998 -0.9158 0.0381
vn 0.5087 -0.3127 0.8022
vn 0.5087 -0.3127 0.8022
vn 0.5087 -0.3127 0.8022
vn -0.0774 -0.9961 0.0426
vn 0.0217 -0.9863 0.1632
vn 0.0749 -0.9970 0.0186
vn 0.0749 -0.9970 0.0186
vn 0.3998 -0.9158 0.0381
vn 0.2049 -0.9733 -0.1032
vn -0.1110 -0.9810 0.1591
vn 0.2049 -0.9733 -0.1032
vn 0.3998 -0.9158 0.0381
vn -0.1068 -0.9269 0.3599
vn -0.4459 -0.3506 0.8236
vn -0.4459 -0.3506 0.8236
vn 0.3998 -0.9158 0.0381
vn -0.1068 -0.9269 0.3599
vn 0.2726 -0.5504 0.7892
vn -0.7144 -0.0073 -0.6997
vn -0.7144 -0.0073 -0.6997
vn -0.2626 -0.6655 -0.6987
vn -0.2626 -0.6655 -0.6987
vn -0.6311 -0.2263 -0.7420
vn -0.6311 -0.2263 -0.7420
vn -0.5749 -0.8182 0.0098
vn -0.0653 -0.9907 -0.1194
vn -0.5060 -0.8561 0.1051
vn 0.9563 -0.2755 0.0978
vn 0.9563 -0.2755 0.0978
vn 0.9563 -0.2755 0.0978
vn -0.2626 -0.6655 -0.6987
vn 0.2049 -0.9733 -0.1032
vn 0.1945 -0.9233 -0.3311
vn 0.4826 -0.6587 0.5773
vn 0.2020 -0.9717 -0.1221
vn 0.1374 -0.8521 -0.5051
vn 0.2020 -0.9717 -0.1221
vn 0.4826 -0.6587 0.5773
vn -0.1711 -0.9844 0.0416
vn -0.0653 -0.9907 -0.1194
vn 0.2020 -0.9717 -0.1221
vn -0.1711 -0.9844 0.0416
vn 0.2844 -0.9566 -0.0641
vn -0.1110 -0.9810 0.1591
vn -0.1287 -0.9877 -0.0888
vn -0.4450 -0.7729 0.4524
vn -0.0816 -0.9032 0.4213
vn -0.1388 -0.7919 -0.5947
vn 0.1374 -0.8521 -0.5051
vn -0.1388 -0.7919 -0.5947
vn -0.0816 -0.9032 0.4213
vn -0.0816 -0.9032 0.4213
vn 0.0787 -0.7041 0.7057
vn 0.1374 -0.8521 -0.5051
vn 0.0787 -0.7041 0.7057
vn 0.4826 -0.6587 0.5773
vn 0.1374 -0.8521 -0.5051
vn 0.2844 -0.9566 -0.0641
vn -0.1287 -0.9877 -0.0888
vn 0.0000 -1.0000 0.0000
vn 0.2049 -0.9733 -0.1032
vn 0.2844 -0.9566 -0.0641
vn -0.6732 -0.5675 -0.4741
vn 0.2049 -0.9733 -0.1032
vn 0.3237 -0.9455 -0.0357
vn 0.3237 -0.9455 -0.0357
vn 0.2049 -0.9733 -0.1032
vn 0.1930 -0.9159 -0.3520
vn 0.1930 -0.9159 -0.3520
vn -0.5749 -0.8182 0.0098
vn 0.1945 -0.9233 -0.3311
vn 0.2049 -0.9733 -0.1032
vn -0.1388 -0.7919 -0.5947
vn -0.1287 -0.9877 -0.0888
vn -0.4450 -0.7729 0.4524
vn -0.1287 -0.9877 -0.0888
vn -0.1110 -0.9810 0.1591
vn -0.4450 -0.7729 0.4524
vn 0.3731 -0.8833 -0.2838
vn 0.3731 -0.8833 -0.2838
vn -0.0653 -0.9907 -0.1194
vn 0.7228 -0.0404 -0.6898
vn 0.2020 -0.9717 -0.1221
vn -0.0653 -0.9907 -0.1194
vn -0.5060 -0.8561 0.1051
vn -0.0653 -0.9907 -0.1194
vn -0.1711 -0.9844 0.0416
vn -0.0119 -0.9998 0.0147
vn -0.1711 -0.9844 0.0416
vn 0.1462 -0.9847 -0.0944
vn -0.0119 -0.9998 0.0147
vn -0.5060 -0.8561 0.1051
vn -0.1711 -0.9844 0.0416
vn 0.7627 -0.2597 -0.5924
vn 0.7627 -0.2597 -0.5924
vn 0.7627 -0.2597 -0.5924
vn -0.3267 0.0295 0.9447
vn -0.3700 -0.3295 0.8686
vn 0.3232 -0.3749 0.8689
vn -0.8534 -0.1155 0.5084
vn -0.5417 -0.0276 0.8401
vn -0.3700 -0.3295 0.8686
vn -0.9940 0.0000 0.1095
vn -0.9940 0.0000 0.1095
vn -0.8534 -0.1155 0.5084
vn -0.6849 -0.1680 -0.7090
vn -0.8534 -0.1155 0.5084
vn -0.6732 -0.5675 -0.4741
vn -0.6732 -0.5675 -0.4741
vn -0.9504 0.0029 -0.3110
vn -0.6849 -0.1680 -0.7090
vn -0.3361 0.0072 -0.9418
vn -0.3361 0.0072 -0.9418
vn -0.6849 -0.1680 -0.7090
vn -0.0230 -0.2515 -0.9676
vn -0.6849 -0.1680 -0.7090
vn -0.2049 -0.0094 -0.9787
vn 0.0533 -0.0002 -0.9986
vn 0.0533 -0.0002 -0.9986
vn -0.0230 -0.2515 -0.9676
vn 0.5420 -0.1343 -0.8296
vn -0.0230 -0.2515 -0.9676
vn 0.3325 0.0000 -0.9431
vn 0.3044 -0.0021 -0.9525
vn 0.3044 -0.0021 -0.9525
vn 0.5420 -0.1343 -0.8296
vn 0.6241 0.0041 -0.7813
vn 0.7228 -0.0404 -0.6898
vn 0.5420 -0.1343 -0.8296
vn 0.9988 -0.0478 0.0099
vn 0.5420 -0.1343 -0.8296
vn 0.7228 -0.0404 -0.6898
vn 0.7228 -0.0404 -0.6898
vn 0.9421 -0.1239 -0.3117
vn 0.9988 -0.0478 0.0099
vn 0.9517 0.0000 0.3071
vn 0.9988 -0.0478 0.0099
vn 0.9421 -0.1239 -0.3117
vn 0.2810 -0.2240 -0.9332
vn 0.2810 -0.2240 -0.9332
vn 0.2810 -0.2240 -0.9332
vn 0.1462 -0.9667 -0.2099
vn 0.1462 -0.9667 -0.2099
vn 0.1462 -0.9667 -0.2099
vn 0.4808 -0.8633 -0.1533
vn 0.4808 -0.8633 -0.1533
vn 0.4808 -0.8633 -0.1533
vn -0.2182 -0.9728 -0.0775
vn -0.2182 -0.9728 -0.0775
vn -0.2182 -0.9728 -0.0775
vn -0.2048 -0.9749 -0.0872
vn -0.2048 -0.9749 -0.0872
vn -0.2048 -0.9749 -0.0872
vn 0.7164 0.0064 0.6977
vn 0.4826 -0.6587 0.5773
vn 0.9650 -0.2224 0.1390
vn 0.4966 -0.0310 0.8674
vn 0.9650 -0.2224 0.1390
vn 0.4826 -0.6587 0.5773
vn 0.4826 -0.6587 0.5773
vn 0.0787 -0.7041 0.7057
vn 0.4966 -0.0310 0.8674
vn -0.2740 -0.1138 0.9550
vn 0.4966 -0.0310 0.8674
vn 0.0787 -0.7041 0.7057
vn 0.0787 -0.7041 0.7057
vn 0.0533 -0.0008 0.9986
vn -0.2740 -0.1138 0.9550
vn -0.2801 0.0031 0.9600
vn -0.2801 0.0031 0.9600
vn -0.2740 -0.1138 0.9550
vn -0.7161 -0.2032 0.6677
vn -0.2740 -0.1138 0.9550
vn -0.4751 -0.0141 0.8798
vn -0.7071 0.0015 0.7071
vn -0.7071 0.0015 0.7071
vn -0.7161 -0.2032 0.6677
vn -0.8853 -0.3507 -0.3055
vn -0.7161 -0.2032 0.6677
vn -0.9540 -0.2202 0.2034
vn -0.0648 -0.5779 -0.8135
vn -0.8853 -0.3507 -0.3055
vn -0.7681 -0.3173 -0.5561
vn -0.8057 -0.2833 0.5203
vn -0.8057 -0.2833 0.5203
vn -0.8057 -0.2833 0.5203
vn -0.2465 -0.3404 -0.9074
vn -0.2465 -0.3404 -0.9074
vn -0.0648 -0.5779 -0.8135
vn 0.9920 -0.1262 -0.0104
vn 0.9174 -0.1193 -0.3798
vn 0.9920 -0.1262 -0.0104
vn 0.6654 -0.0655 -0.7436
vn -0.0648 -0.5779 -0.8135
vn 0.2397 -0.0053 -0.9708
vn 0.9650 -0.2224 0.1390
vn 0.6654 -0.0655 -0.7436
vn 0.9174 -0.1193 -0.3798
vn 0.9174 -0.1193 -0.3798
vn 0.8399 -0.0117 -0.5425
vn 0.9650 -0.2224 0.1390
vn 0.1106 -0.9837 -0.1419
vn 0.1106 -0.9837 -0.1419
vn -0.0648 -0.5779 -0.8135
vn -0.0648 -0.5779 -0.8135
vn -0.2173 -0.9709 -0.1005
vn -0.2173 -0.9709 -0.1005
vn 0.0500 -0.9799 0.1930
vn 0.0500 -0.9799 0.1930
vn 0.0500 -0.9799 0.1930
vn 0.0043 -0.9926 0.1214
vn 0.0043 -0.9926 0.1214
vn 0.0043 -0.9926 0.1214
vn 0.0069 -0.9996 -0.0265
vn 0.0069 -0.9996 -0.0265
vn 0.0069 -0.9996 -0.0265
vn -0.1048 0.9943 -0.0211
vn 0.0160 0.9964 -0.0830
vn 0.0032 0.9999 -0.0159
vn -0.0067 0.9849 -0.1729
vn 0.0437 0.9751 -0.2175
vn 0.0297 0.9883 -0.1494
vn 0.0297 0.9883 -0.1494
vn -0.1048 0.9943 -0.0211
vn -0.0067 0.9849 -0.1729
vn -0.1048 0.9943 -0.0211
vn 0.0297 0.9883 -0.1494
vn 0.0160 0.9964 -0.0830
vn 0.0717 0.8303 -0.5527
vn 0.0868 0.8967 -0.4341
vn 0.0746 0.9267 -0.3683
vn -0.0067 0.9849 -0.1729
vn 0.0717 0.8303 -0.5527
vn 0.0746 0.9267 -0.3683
vn 0.1046 0.7187 -0.6874
vn 0.1122 0.8203 -0.5609
vn 0.0717 0.8303 -0.5527
vn 0.1493 0.6532 -0.7423
vn 0.1409 0.7015 -0.6986
vn 0.1046 0.7187 -0.6874
vn 0.1046 0.7187 -0.6874
vn 0.1924 0.4547 -0.8696
vn 0.1493 0.6532 -0.7423
vn 0.1924 0.4547 -0.8696
vn 0.1559 0.6038 -0.7817
vn 0.1493 0.6532 -0.7423
vn 0.1924 0.4547 -0.8696
vn 0.1635 0.5472 -0.8209
vn 0.1559 0.6038 -0.7817
vn 0.1690 0.4989 -0.8500
vn 0.1635 0.5472 -0.8209
vn 0.1924 0.4547 -0.8696
vn 0.1924 0.4547 -0.8696
vn 0.1746 0.4519 -0.8748
vn 0.1690 0.4989 -0.8500
vn 0.1924 0.4547 -0.8696
vn 0.1821 0.3784 -0.9076
vn 0.1746 0.4519 -0.8748
vn 0.1821 0.3784 -0.9076
vn 0.1924 0.4547 -0.8696
vn 0.1832 0.2967 -0.9372
vn 0.1932 0.2092 -0.9586
vn 0.1832 0.2967 -0.9372
vn 0.1843 -0.0195 -0.9827
vn 0.1948 0.1344 -0.9716
vn 0.1932 0.2092 -0.9586
vn 0.1843 -0.0195 -0.9827
vn -0.0036 0.5271 -0.8498
vn 0.3410 0.0091 -0.9400
vn 0.1294 0.1615 -0.9784
vn 0.1294 0.1615 -0.9784
vn 0.1924 0.4547 -0.8696
vn -0.0036 0.5271 -0.8498
vn 0.1046 0.7187 -0.6874
vn -0.0036 0.5271 -0.8498
vn 0.1924 0.4547 -0.8696
vn -0.1048 0.9943 -0.0211
vn -0.1382 0.9338 0.3299
vn -0.0067 0.9849 -0.1729
vn 0.1294 0.1615 -0.9784
vn 0.1755 -0.1760 -0.9686
vn 0.1843 -0.0195 -0.9827
vn 0.1843 -0.0195 -0.9827
vn 0.1832 0.2967 -0.9372
vn 0.1294 0.1615 -0.9784
vn 0.1924 0.4547 -0.8696
vn 0.1294 0.1615 -0.9784
vn 0.1832 0.2967 -0.9372
vn 0.1046 0.7187 -0.6874
vn 0.0717 0.8303 -0.5527
vn -0.0036 0.5271 -0.8498
vn 0.0717 0.8303 -0.5527
vn -0.0067 0.9849 -0.1729
vn -0.0036 0.5271 -0.8498
vn -0.1317 0.9852 -0.1100
vn -0.1048 0.9943 -0.0211
vn -0.0828 0.9953 -0.0508
vn 0.9242 -0.0863 -0.3721
vn 0.6819 -0.1408 -0.7177
vn 0.8478 0.0397 -0.5288
vn 0.8775 0.0856 -0.4719
vn 0.9224 0.1816 -0.3409
vn 0.9242 -0.0863 -0.3721
vn 0.9224 0.1816 -0.3409
vn 0.9858 0.0717 -0.1517
vn 0.9242 -0.0863 -0.3721
vn 0.9990 0.0099 -0.0447
vn 0.9787 0.1708 0.1140
vn 0.9242 -0.0863 -0.3721
vn 0.9731 -0.2238 -0.0552
vn 0.9242 -0.0863 -0.3721
vn 0.9787 0.1708 0.1140
vn 0.8087 -0.5694 0.1475
vn 0.9731 -0.2238 -0.0552
vn 0.9787 0.1708 0.1140
vn 0.8790 -0.2956 0.3741
vn 0.8087 -0.5694 0.1475
vn 0.9787 0.1708 0.1140
vn 0.9787 0.1708 0.1140
vn 0.8170 0.1796 0.5480
vn 0.8790 -0.2956 0.3741
vn 0.7871 -0.0787 0.6118
vn 0.8790 -0.2956 0.3741
vn 0.8170 0.1796 0.5480
vn 0.7013 0.0709 0.7093
vn 0.7871 -0.0787 0.6118
vn 0.8170 0.1796 0.5480
vn 0.8170 0.1796 0.5480
vn 0.3066 0.2457 0.9196
vn 0.7013 0.0709 0.7093
vn 0.4901 -0.4086 0.7700
vn 0.7013 0.0709 0.7093
vn 0.3066 0.2457 0.9196
vn 0.3066 0.2457 0.9196
vn 0.1567 0.0377 0.9869
vn 0.4901 -0.4086 0.7700
vn 0.3066 0.2457 0.9196
vn 0.0659 0.3529 0.9333
vn 0.1567 0.0377 0.9869
vn -0.0563 0.0082 -0.9984
vn 0.3410 0.0091 -0.9400
vn -0.0036 0.5271 -0.8498
vn -0.0563 0.0082 -0.9984
vn 0.1952 0.3228 -0.9261
vn 0.3410 0.0091 -0.9400
vn 0.6819 -0.1408 -0.7177
vn 0.3410 0.0091 -0.9400
vn 0.6007 0.0590 -0.7973
vn 0.6106 0.0383 -0.7910
vn 0.6972 -0.1914 -0.6909
vn 0.3410 0.0091 -0.9400
vn 0.6106 0.0383 -0.7910
vn 0.3410 0.0091 -0.9400
vn 0.2766 0.6208 -0.7336
vn 0.1952 0.3228 -0.9261
vn 0.2766 0.6208 -0.7336
vn 0.3410 0.0091 -0.9400
vn 0.1728 0.0062 0.9849
vn 0.1950 0.0257 0.9805
vn 0.1959 -0.0391 0.9798
vn 0.1970 0.2938 0.9354
vn 0.1728 0.0062 0.9849
vn 0.1297 0.5869 0.7992
vn 0.1728 0.0062 0.9849
vn 0.1970 0.2938 0.9354
vn 0.1915 0.2158 0.9575
vn 0.1297 0.5869 0.7992
vn 0.1747 0.4527 0.8744
vn 0.1812 0.3943 0.9010
vn 0.1812 0.3943 0.9010
vn 0.1904 0.3303 0.9245
vn 0.1297 0.5869 0.7992
vn 0.1297 0.5869 0.7992
vn 0.1904 0.3303 0.9245
vn 0.1970 0.2938 0.9354
vn 0.1702 0.4771 0.8622
vn 0.1674 0.5118 0.8427
vn 0.1297 0.5869 0.7992
vn 0.1297 0.5869 0.7992
vn 0.1674 0.5118 0.8427
vn 0.1747 0.4527 0.8744
vn 0.1297 0.5869 0.7992
vn 0.1186 0.7935 0.5968
vn 0.1303 0.7389 0.6612
vn 0.1297 0.5869 0.7992
vn 0.1303 0.7389 0.6612
vn 0.1357 0.7016 0.6995
vn 0.1297 0.5869 0.7992
vn 0.1357 0.7016 0.6995
vn 0.1176 0.7901 0.6016
vn 0.1297 0.5869 0.7992
vn 0.0888 0.8999 0.4269
vn 0.1065 0.8454 0.5234
vn 0.1297 0.5869 0.7992
vn 0.1065 0.8454 0.5234
vn 0.1186 0.7935 0.5968
vn 0.0829 0.9300 0.3581
vn 0.0888 0.8999 0.4269
vn 0.1297 0.5869 0.7992
vn -0.0362 0.9681 0.2481
vn 0.0422 0.9761 0.2132
vn 0.0567 0.9569 0.2848
vn -0.0362 0.9681 0.2481
vn 0.0567 0.9569 0.2848
vn 0.0829 0.9300 0.3581
vn 0.1297 0.5869 0.7992
vn -0.0362 0.9681 0.2481
vn 0.0829 0.9300 0.3581
vn 0.0176 0.9947 0.1009
vn 0.0286 0.9892 0.1439
vn -0.0362 0.9681 0.2481
vn 0.0286 0.9892 0.1439
vn 0.0422 0.9761 0.2132
vn -0.0362 0.9681 0.2481
vn 0.0176 0.9947 0.1009
vn -0.0362 0.9681 0.2481
vn -0.0701 0.9975 -0.0099
vn -0.0701 0.9975 -0.0099
vn 0.0250 0.9910 0.1313
vn 0.0176 0.9947 0.1009
vn 0.0827 -0.0245 0.9963
vn 0.0659 0.3529 0.9333
vn 0.0814 0.5280 0.8453
vn 0.0659 0.3529 0.9333
vn 0.0827 -0.0245 0.9963
vn 0.1567 0.0377 0.9869
vn -0.0826 0.9338 0.3482
vn -0.0701 0.9975 -0.0099
vn -0.0362 0.9681 0.2481
vn 0.1297 0.5869 0.7992
vn -0.0826 0.9338 0.3482
vn -0.0362 0.9681 0.2481
vn 0.0827 -0.0245 0.9963
vn 0.0814 0.5280 0.8453
vn 0.1297 0.5869 0.7992
vn 0.0814 0.5280 0.8453
vn -0.0826 0.9338 0.3482
vn 0.1297 0.5869 0.7992
vn 0.0827 -0.0245 0.9963
vn 0.1297 0.5869 0.7992
vn 0.1728 0.0062 0.9849
vn -0.0826 0.9338 0.3482
vn 0.0814 0.5280 0.8453
vn 0.0659 0.3529 0.9333
vn -0.0504 0.9785 0.2002
vn -0.0192 0.7319 0.6811
vn 0.0659 0.3529 0.9333
vn -0.1048 0.9943 -0.0211
vn -0.0159 0.9998 -0.0104
vn -0.0828 0.9953 -0.0508
vn -0.0159 0.9998 -0.0104
vn 0.0297 0.9899 -0.1384
vn -0.0828 0.9953 -0.0508
vn 0.0032 0.9999 -0.0159
vn 0.0022 0.9999 -0.0134
vn -0.0159 0.9998 -0.0104
vn -0.1048 0.9943 -0.0211
vn 0.0032 0.9999 -0.0159
vn -0.0159 0.9998 -0.0104
vn -0.0052 0.9997 -0.0239
vn -0.0828 0.9953 -0.0508
vn 0.0297 0.9899 -0.1384
vn -0.0180 0.9997 0.0142
vn 0.0256 0.9995 -0.0209
vn -0.0828 0.9953 -0.0508
vn 0.0022 0.9999 -0.0134
vn -0.0052 0.9997 -0.0239
vn 0.0297 0.9899 -0.1384
vn -0.0828 0.9953 -0.0508
vn 0.0256 0.9995 -0.0209
vn 0.0227 0.9993 0.0304
vn 0.0297 0.9899 -0.1384
vn -0.0159 0.9998 -0.0104
vn 0.0022 0.9999 -0.0134
vn -0.0701 0.9975 -0.0099
vn -0.0027 1.0000 0.0003
vn 0.0250 0.9910 0.1313
vn -0.0027 1.0000 0.0003
vn -0.0701 0.9975 -0.0099
vn -0.0154 0.9986 -0.0514
vn 0.0543 0.9979 0.0360
vn 0.0025 0.9996 0.0266
vn -0.0246 0.9981 0.0573
vn 0.0025 0.9996 0.0266
vn 0.0002 1.0000 0.0002
vn -0.0246 0.9981 0.0573
vn 0.0003 1.0000 0.0007
vn -0.0154 0.9986 -0.0514
vn 0.0000 1.0000 0.0000
vn 0.0002 1.0000 0.0002
vn 0.0003 1.0000 0.0007
vn 0.0000 1.0000 0.0000
vn 0.0000 1.0000 0.0000
vn -0.0246 0.9981 0.0573
vn 0.0002 1.0000 0.0002
vn 0.0759 0.9971 -0.0071
vn 0.0543 0.9979 0.0360
vn -0.1874 0.9821 -0.0208
vn 0.0759 0.9971 -0.0071
vn 0.0227 0.9993 0.0304
vn 0.5184 0.8494 -0.0988
vn -0.0828 0.9953 -0.0508
vn 0.0227 0.9993 0.0304
vn -0.0421 0.9991 0.0083
vn -0.0125 0.9999 0.0094
vn 0.0543 0.9979 0.0360
vn -0.2086 0.9714 0.1134
vn 0.0759 0.9971 -0.0071
vn -0.0421 0.9991 0.0083
vn 0.0227 0.9993 0.0304
vn 0.0543 0.9979 0.0360
vn -0.0125 0.9999 0.0094
vn -0.1874 0.9821 -0.0208
vn -0.0154 0.9986 -0.0514
vn 0.0003 1.0000 0.0007
vn -0.0027 1.0000 0.0003
vn -0.0421 0.9991 0.0083
vn 0.0759 0.9971 -0.0071
vn -0.1874 0.9821 -0.0208
vn -0.0828 0.9953 -0.0508
vn -0.0421 0.9991 0.0083
vn -0.1874 0.9821 -0.0208
vn -0.2086 0.9714 0.1134
vn -0.1874 0.9821 -0.0208
vn -0.0125 0.9999 0.0094
vn -0.8650 -0.3633 -0.3461
vn -0.8650 -0.3633 -0.3461
vn -0.8650 -0.3633 -0.3461
vn -0.0701 0.9975 -0.0099
vn -0.2086 0.9714 0.1134
vn -0.0246 0.9981 0.0573
vn -0.0246 0.9981 0.0573
vn -0.2086 0.9714 0.1134
vn 0.0543 0.9979 0.0360
vn -0.0826 0.9338 0.3482
vn -0.2086 0.9714 0.1134
vn -0.0701 0.9975 -0.0099
vn -0.0154 0.9986 -0.0514
vn -0.0701 0.9975 -0.0099
vn -0.0246 0.9981 0.0573
vn -0.0246 0.9981 0.0573
vn 0.0000 1.0000 0.0000
vn -0.0154 0.9986 -0.0514
vn -0.2086 0.9714 0.1134
vn -0.0826 0.9338 0.3482
vn -0.0504 0.9785 0.2002
vn -0.1589 0.6885 -0.7076
vn -0.1589 0.6885 -0.7076
vn -0.1589 0.6885 -0.7076
vn -0.4016 0.8982 -0.1788
vn -0.0805 0.9917 -0.1005
vn -0.0828 0.9953 -0.0508
vn -0.0036 0.5271 -0.8498
vn -0.0828 0.9953 -0.0508
vn -0.0805 0.9917 -0.1005
vn -0.0141 0.9745 0.2237
vn -0.0141 0.9745 0.2237
vn -0.0141 0.9745 0.2237
vn -0.0043 0.9995 -0.0312
vn -0.0043 0.9995 -0.0312
vn 0.2712 0.9302 -0.2472
vn -0.2086 0.9714 0.1134
vn -0.7239 0.6623 0.1931
vn -0.1874 0.9821 -0.0208
vn -0.1226 0.0894 0.9884
vn 0.0659 0.3529 0.9333
vn -0.0192 0.7319 0.6811
vn 0.1407 0.9776 0.1564
vn 0.1407 0.9776 0.1564
vn 0.2550 0.9271 0.2746
vn 0.2550 0.9271 0.2746
vn 0.0126 0.9998 0.0181
vn 0.3218 0.8846 0.3376
vn 0.3066 0.2457 0.9196
vn -0.0504 0.9785 0.2002
vn 0.0659 0.3529 0.9333
vn -0.4016 0.8982 -0.1788
vn -0.1874 0.9821 -0.0208
vn -0.7239 0.6623 0.1931
vn 0.1175 0.9930 -0.0108
vn 0.2335 0.9676 -0.0959
vn 0.2712 0.9302 -0.2472
vn -0.0614 0.2732 -0.9600
vn 0.1952 0.3228 -0.9261
vn -0.0036 0.5271 -0.8498
vn 0.2712 0.9302 -0.2472
vn 0.0074 0.9999 -0.0131
vn 0.1175 0.9930 -0.0108
vn -0.2086 0.9714 0.1134
vn -0.0504 0.9785 0.2002
vn -0.2624 0.9139 0.3097
vn -0.1847 0.9749 0.1245
vn -0.2086 0.9714 0.1134
vn -0.2624 0.9139 0.3097
vn -0.8491 -0.4414 0.2902
vn -0.8491 -0.4414 0.2902
vn -0.8491 -0.4414 0.2902
vn 0.0215 0.9998 0.0017
vn 0.8170 0.1796 0.5480
vn 0.9787 0.1708 0.1140
vn 0.2550 0.9271 0.2746
vn 0.2050 0.9487 0.2407
vn 0.0215 0.9998 0.0017
vn -0.0504 0.9785 0.2002
vn -0.1847 0.9749 0.1245
vn -0.2624 0.9139 0.3097
vn 0.0126 0.9998 0.0181
vn -0.0148 0.9985 0.0524
vn 0.0640 0.9455 0.3194
vn -0.0076 -0.7484 0.6632
vn -0.0076 -0.7484 0.6632
vn -0.0076 -0.7484 0.6632
vn 0.2550 0.9271 0.2746
vn 0.0215 0.9998 0.0017
vn 0.0126 0.9998 0.0181
vn 0.0215 0.9998 0.0017
vn 0.2905 0.9560 0.0416
vn 0.1175 0.9930 -0.0108
vn 0.2766 0.6208 -0.7336
vn 0.1952 0.3228 -0.9261
vn 0.0110 0.9994 -0.0343
vn 0.0110 0.9994 -0.0343
vn 0.2712 0.9302 -0.2472
vn 0.2766 0.6208 -0.7336
vn 0.0110 0.9994 -0.0343
vn -0.0036 0.5271 -0.8498
vn -0.0805 0.9917 -0.1005
vn -0.1847 0.9749 0.1245
vn -0.0023 1.0000 -0.0007
vn -0.7239 0.6623 0.1931
vn -0.9698 0.2348 -0.0659
vn -0.9698 0.2348 -0.0659
vn -0.7239 0.6623 0.1931
vn -0.0805 0.9917 -0.1005
vn -0.4016 0.8982 -0.1788
vn -0.0023 1.0000 -0.0007
vn 0.0110 0.9994 -0.0343
vn -0.0805 0.9917 -0.1005
vn -0.0023 1.0000 -0.0007
vn 0.2712 0.9302 -0.2472
vn 0.0110 0.9994 -0.0343
vn -0.0023 1.0000 -0.0007
vn 0.0074 0.9999 -0.0131
vn 0.2712 0.9302 -0.2472
vn -0.0023 1.0000 -0.0007
vn 0.1175 0.9930 -0.0108
vn 0.0074 0.9999 -0.0131
vn -0.0023 1.0000 -0.0007
vn 0.0215 0.9998 0.0017
vn 0.1175 0.9930 -0.0108
vn -0.0023 1.0000 -0.0007
vn 0.0126 0.9998 0.0181
vn 0.0215 0.9998 0.0017
vn -0.0023 1.0000 -0.0007
vn -0.0148 0.9985 0.0524
vn 0.0126 0.9998 0.0181
vn -0.0023 1.0000 -0.0007
vn -0.0504 0.9785 0.2002
vn -0.0148 0.9985 0.0524
vn -0.0023 1.0000 -0.0007
vn -0.1847 0.9749 0.1245
vn -0.0504 0.9785 0.2002
vn -0.0023 1.0000 -0.0007
vn 0.0448 -0.9838 0.1735
vn 0.0288 -0.9220 0.3860
vn 0.0129 -0.9524 0.3047
vn 0.0605 -0.9573 0.2826
vn 0.0828 -0.9595 0.2693
vn 0.0171 -0.9385 0.3449
vn 0.0605 -0.9573 0.2826
vn 0.0171 -0.9385 0.3449
vn 0.0410 -0.7184 0.6944
vn 0.7986 -0.5132 0.3144
vn 0.7986 -0.5132 0.3144
vn 0.7986 -0.5132 0.3144
vn -0.7986 0.5132 -0.3144
vn -0.7986 0.5132 -0.3144
vn -0.7986 0.5132 -0.3144
vn 0.0961 -0.9759 -0.1959
vn 0.0109 -0.9567 -0.2910
vn -0.0093 -0.9801 -0.1981
vn -0.0265 -0.8517 -0.5234
vn 0.0109 -0.9567 -0.2910
vn -0.0090 -0.9435 -0.3311
vn 0.0453 -0.8869 -0.4598
vn -0.0090 -0.9435 -0.3311
vn 0.0906 -0.9411 -0.3259
vn -0.0090 -0.9435 -0.3311
vn 0.0906 -0.9411 -0.3259
vn 0.5996 -0.5652 -0.5666
vn -0.5996 0.5652 0.5666
vn -0.5996 0.5652 0.5666
vn -0.5996 0.5652 0.5666
vn 0.0245 -0.9468 -0.3209
vn 0.0745 -0.9190 -0.3872
vn 0.0643 -0.9436 -0.3248
vn -0.3038 -0.9527 -0.0016
vn -0.0003 -0.9998 0.0208
vn -0.0023 -1.0000 -0.0030
vn 0.0453 -0.8869 -0.4598
vn 0.0906 -0.9411 -0.3259
vn 0.0643 -0.9436 -0.3248
vn 0.0639 -0.9262 -0.3715
vn 0.1100 -0.7759 -0.6212
vn 0.0245 -0.9468 -0.3209
vn 0.0209 -0.9693 -0.2451
vn 0.0574 -0.9503 -0.3060
vn 0.0209 -0.9691 -0.2459
vn 0.0574 -0.9503 -0.3060
vn 0.0209 -0.9693 -0.2451
vn 0.0266 -0.9475 -0.3185
vn -0.0080 -0.9964 -0.0846
vn 0.0122 -0.9804 -0.1966
vn -0.0702 -0.9849 -0.1584
vn 0.0186 -0.9796 -0.1999
vn 0.0289 -0.9683 -0.2480
vn 0.0122 -0.9804 -0.1966
vn -0.0247 -0.9993 -0.0284
vn 0.0046 -0.9946 -0.1041
vn -0.0080 -0.9964 -0.0846
vn -0.0080 -0.9964 -0.0846
vn -0.0702 -0.9849 -0.1584
vn -0.0247 -0.9993 -0.0284
vn -0.0247 -0.9993 -0.0284
vn 0.0030 -0.9967 -0.0815
vn 0.0046 -0.9946 -0.1041
vn 0.0015 -0.9986 -0.0519
vn 0.0032 -0.9985 -0.0537
vn -0.0020 -0.9991 -0.0433
vn 0.0032 -0.9985 -0.0537
vn 0.0015 -0.9986 -0.0519
vn 0.0021 -0.9981 -0.0617
vn 0.0021 -0.9981 -0.0617
vn 0.0029 -0.9979 -0.0652
vn 0.0032 -0.9985 -0.0537
vn 0.0029 -0.9979 -0.0652
vn 0.0021 -0.9981 -0.0617
vn 0.0027 -0.9974 -0.0713
vn 0.0027 -0.9974 -0.0713
vn 0.0028 -0.9972 -0.0748
vn 0.0029 -0.9979 -0.0652
vn 0.0001 -0.9995 -0.0308
vn -0.0036 -0.9997 -0.0252
vn -0.0022 -0.9998 -0.0175
vn -0.0036 -0.9997 -0.0252
vn 0.0001 -0.9995 -0.0308
vn 0.0008 -0.9994 -0.0352
vn 0.0008 -0.9994 -0.0352
vn -0.0020 -0.9991 -0.0433
vn -0.0036 -0.9997 -0.0252
vn 0.0008 -0.9994 -0.0352
vn 0.0013 -0.9989 -0.0460
vn -0.0020 -0.9991 -0.0433
vn -0.0020 -0.9991 -0.0433
vn 0.0013 -0.9989 -0.0460
vn 0.0015 -0.9986 -0.0519
vn 0.0001 -0.9999 -0.0161
vn -0.0022 -0.9998 -0.0175
vn -0.0023 -1.0000 -0.0030
vn 0.0001 -0.9999 -0.0161
vn 0.0002 -0.9997 -0.0262
vn -0.0022 -0.9998 -0.0175
vn -0.0022 -0.9998 -0.0175
vn 0.0002 -0.9997 -0.0262
vn 0.0001 -0.9995 -0.0308
vn 0.0008 -0.9998 0.0184
vn 0.0002 -1.0000 -0.0020
vn -0.0003 -0.9998 0.0208
vn -0.0003 -0.9998 0.0208
vn 0.0002 -1.0000 -0.0020
vn 0.0001 -1.0000 -0.0059
vn 0.0001 -1.0000 -0.0059
vn -0.0023 -1.0000 -0.0030
vn -0.0003 -0.9998 0.0208
vn 0.0001 -1.0000 -0.0059
vn 0.0002 -0.9999 -0.0133
vn -0.0023 -1.0000 -0.0030
vn -0.0023 -1.0000 -0.0030
vn 0.0002 -0.9999 -0.0133
vn 0.0001 -0.9999 -0.0161
vn 0.0000 -1.0000 0.0069
vn 0.0002 -1.0000 -0.0020
vn 0.0008 -0.9998 0.0184
vn 0.0003 -0.9999 0.0156
vn 0.0008 -0.9998 0.0184
vn 0.0025 -0.9991 0.0432
vn 0.0025 -0.9991 0.0432
vn 0.0026 -0.9998 0.0213
vn 0.0003 -0.9999 0.0156
vn 0.0025 -0.9991 0.0432
vn 0.0018 -0.9996 0.0295
vn 0.0026 -0.9998 0.0213
vn 0.0020 -0.9993 0.0375
vn 0.0018 -0.9996 0.0295
vn 0.0025 -0.9991 0.0432
vn 0.0009 -0.9989 0.0479
vn 0.0020 -0.9993 0.0375
vn 0.0025 -0.9991 0.0432
vn 0.0009 -0.9989 0.0479
vn 0.0025 -0.9991 0.0432
vn -0.0350 -0.9953 0.0899
vn -0.0350 -0.9953 0.0899
vn 0.0034 -0.9964 0.0848
vn 0.0006 -0.9984 0.0566
vn 0.0088 -0.9917 0.1280
vn 0.0034 -0.9964 0.0848
vn -0.0350 -0.9953 0.0899
vn 0.0120 -0.9872 0.1587
vn 0.0187 -0.9838 0.1780
vn 0.0242 -0.9862 0.1639
vn 0.0120 -0.9872 0.1587
vn 0.0242 -0.9862 0.1639
vn 0.0128 -0.9826 0.1854
vn 0.0573 -0.9518 0.3013
vn -0.0081 -0.9546 0.2978
vn 0.0261 -0.9689 0.2462
vn 0.1402 -0.5918 0.7938
vn 0.0460 -0.6075 0.7930
vn 0.0832 -0.9291 0.3604
vn 0.0605 -0.9573 0.2826
vn 0.1577 -0.5474 0.8219
vn 0.0828 -0.9595 0.2693
vn 0.0605 -0.9573 0.2826
vn 0.0410 -0.7184 0.6944
vn 0.1577 -0.5474 0.8219
vn 0.0828 -0.9595 0.2693
vn 0.0529 -0.9628 0.2651
vn 0.0171 -0.9385 0.3449
vn 0.0529 -0.9628 0.2651
vn 0.0469 -0.9605 0.2743
vn 0.0171 -0.9385 0.3449
vn 0.0171 -0.9385 0.3449
vn 0.0129 -0.9524 0.3047
vn 0.0288 -0.9220 0.3860
vn 0.0171 -0.9385 0.3449
vn 0.0469 -0.9605 0.2743
vn 0.0129 -0.9524 0.3047
vn 0.0129 -0.9524 0.3047
vn 0.0906 -0.9866 0.1356
vn 0.0448 -0.9838 0.1735
vn 0.0906 -0.9866 0.1356
vn 0.0264 -0.9995 0.0193
vn 0.0448 -0.9838 0.1735
vn 0.0109 -0.9567 -0.2910
vn 0.0961 -0.9759 -0.1959
vn 0.0289 -0.9683 -0.2480
vn 0.0405 -0.9628 -0.2670
vn 0.0574 -0.9503 -0.3060
vn 0.0906 -0.9411 -0.3259
vn 0.0906 -0.9411 -0.3259
vn 0.0574 -0.9503 -0.3060
vn 0.0643 -0.9436 -0.3248
vn -0.3038 -0.9527 -0.0016
vn -0.0023 -1.0000 -0.0030
vn -0.0022 -0.9998 -0.0175
vn -0.3038 -0.9527 -0.0016
vn -0.0022 -0.9998 -0.0175
vn -0.0036 -0.9997 -0.0252
vn -0.3038 -0.9527 -0.0016
vn -0.0036 -0.9997 -0.0252
vn -0.0020 -0.9991 -0.0433
vn -0.0020 -0.9991 -0.0433
vn -0.0247 -0.9993 -0.0284
vn -0.3038 -0.9527 -0.0016
vn -0.0247 -0.9993 -0.0284
vn -0.0020 -0.9991 -0.0433
vn 0.0032 -0.9985 -0.0537
vn -0.0247 -0.9993 -0.0284
vn 0.0032 -0.9985 -0.0537
vn 0.0029 -0.9979 -0.0652
vn -0.0247 -0.9993 -0.0284
vn 0.0029 -0.9979 -0.0652
vn 0.0028 -0.9972 -0.0748
vn 0.0030 -0.9967 -0.0815
vn -0.0247 -0.9993 -0.0284
vn 0.0028 -0.9972 -0.0748
vn 0.0028 -0.9972 -0.0748
vn 0.0035 -0.9967 -0.0814
vn 0.0030 -0.9967 -0.0815
vn 0.0027 -0.9974 -0.0713
vn 0.0035 -0.9967 -0.0814
vn 0.0028 -0.9972 -0.0748
vn 0.1323 -0.9902 -0.0442
vn 0.0404 -0.9989 0.0227
vn 0.0397 -0.9855 -0.1649
vn 0.0264 -0.9995 0.0193
vn 0.0404 -0.9989 0.0227
vn 0.0448 -0.9838 0.1735
vn 0.6823 -0.4017 -0.6108
vn 0.6823 -0.4017 -0.6108
vn 0.6823 -0.4017 -0.6108
vn 0.0109 -0.9567 -0.2910
vn 0.0289 -0.9683 -0.2480
vn 0.0405 -0.9628 -0.2670
vn 0.0405 -0.9628 -0.2670
vn 0.0906 -0.9411 -0.3259
vn 0.0109 -0.9567 -0.2910
vn 0.0828 -0.9595 0.2693
vn 0.1577 -0.5474 0.8219
vn 0.0593 -0.9397 0.3369
vn 0.0469 -0.9605 0.2743
vn 0.0187 -0.9838 0.1780
vn 0.0129 -0.9524 0.3047
vn -0.3038 -0.9527 -0.0016
vn 0.0040 -0.9991 0.0415
vn -0.0003 -0.9998 0.0208
vn -0.0003 -0.9998 0.0208
vn 0.0040 -0.9991 0.0415
vn 0.0008 -0.9998 0.0184
vn 0.0040 -0.9991 0.0415
vn 0.0025 -0.9991 0.0432
vn 0.0008 -0.9998 0.0184
vn 0.0040 -0.9991 0.0415
vn -0.0350 -0.9953 0.0899
vn 0.0025 -0.9991 0.0432
vn 0.0469 -0.9605 0.2743
vn 0.0128 -0.9826 0.1854
vn 0.0242 -0.9862 0.1639
vn 0.0128 -0.9826 0.1854
vn 0.0469 -0.9605 0.2743
vn 0.0529 -0.9628 0.2651
vn 0.0529 -0.9628 0.2651
vn 0.0088 -0.9813 0.1921
vn 0.0128 -0.9826 0.1854
vn 0.0529 -0.9628 0.2651
vn 0.0168 -0.9754 0.2197
vn 0.0088 -0.9813 0.1921
vn 0.0168 -0.9754 0.2197
vn 0.0529 -0.9628 0.2651
vn 0.0457 -0.9635 0.2639
vn 0.0457 -0.9635 0.2639
vn 0.0261 -0.9689 0.2462
vn 0.0168 -0.9754 0.2197
vn 0.0261 -0.9689 0.2462
vn 0.0457 -0.9635 0.2639
vn 0.0573 -0.9518 0.3013
vn 0.0460 -0.6075 0.7930
vn -0.0081 -0.9546 0.2978
vn 0.0573 -0.9518 0.3013
vn 0.0832 -0.9291 0.3604
vn 0.0460 -0.6075 0.7930
vn 0.0573 -0.9518 0.3013
vn 0.0832 -0.9291 0.3604
vn 0.0573 -0.9518 0.3013
vn 0.1402 -0.5918 0.7938
vn 0.0593 -0.9397 0.3369
vn 0.1577 -0.5474 0.8219
vn 0.1402 -0.5918 0.7938
vn 0.1402 -0.5918 0.7938
vn 0.0573 -0.9518 0.3013
vn 0.0593 -0.9397 0.3369
vn 0.0573 -0.9518 0.3013
vn 0.0457 -0.9635 0.2639
vn 0.0593 -0.9397 0.3369
vn 0.0593 -0.9397 0.3369
vn 0.0457 -0.9635 0.2639
vn 0.0529 -0.9628 0.2651
vn 0.0529 -0.9628 0.2651
vn 0.0828 -0.9595 0.2693
vn 0.0593 -0.9397 0.3369
vn 0.0187 -0.9838 0.1780
vn 0.0469 -0.9605 0.2743
vn 0.0242 -0.9862 0.1639
vn 0.0129 -0.9524 0.3047
vn 0.0187 -0.9838 0.1780
vn 0.0088 -0.9917 0.1280
vn 0.0088 -0.9917 0.1280
vn -0.0513 -0.9681 0.2454
vn 0.0129 -0.9524 0.3047
vn -0.0350 -0.9953 0.0899
vn -0.0513 -0.9681 0.2454
vn 0.0088 -0.9917 0.1280
vn 0.1100 -0.7759 -0.6212
vn 0.0745 -0.9190 -0.3872
vn 0.0245 -0.9468 -0.3209
vn 0.0405 -0.9628 -0.2670
vn 0.0271 -0.9779 -0.2074
vn 0.0209 -0.9691 -0.2459
vn 0.0271 -0.9779 -0.2074
vn 0.0405 -0.9628 -0.2670
vn 0.0186 -0.9796 -0.1999
vn 0.0122 -0.9804 -0.1966
vn 0.0289 -0.9683 -0.2480
vn -0.0702 -0.9849 -0.1584
vn 0.0289 -0.9683 -0.2480
vn 0.0186 -0.9796 -0.1999
vn 0.0405 -0.9628 -0.2670
vn 0.0405 -0.9628 -0.2670
vn 0.0209 -0.9691 -0.2459
vn 0.0574 -0.9503 -0.3060
vn 0.0266 -0.9475 -0.3185
vn 0.0643 -0.9436 -0.3248
vn 0.0574 -0.9503 -0.3060
vn 0.0643 -0.9436 -0.3248
vn 0.0266 -0.9475 -0.3185
vn 0.0245 -0.9468 -0.3209
vn -0.0350 -0.9953 0.0899
vn 0.0040 -0.9991 0.0415
vn -0.3038 -0.9527 -0.0016
vn -0.0350 -0.9953 0.0899
vn -0.3038 -0.9527 -0.0016
vn -0.1373 -0.9890 0.0553
vn -0.8543 -0.5186 -0.0357
vn -0.3038 -0.9527 -0.0016
vn -0.8543 -0.5186 -0.0357
vn 0.0397 -0.9855 -0.1649
vn 0.0404 -0.9989 0.0227
vn 0.0961 -0.9759 -0.1959
vn 0.1116 -0.9544 -0.2768
vn 0.0961 -0.9759 -0.1959
vn 0.0404 -0.9989 0.0227
vn 0.1116 -0.9544 -0.2768
vn 0.0289 -0.9683 -0.2480
vn 0.0961 -0.9759 -0.1959
vn -0.3281 0.0754 -0.9416
vn -0.3281 0.0754 -0.9416
vn -0.3281 0.0754 -0.9416
vn 0.0404 -0.9989 0.0227
vn 0.0264 -0.9995 0.0193
vn 0.0906 -0.9866 0.1356
vn -0.0702 -0.9849 -0.1584
vn -0.1373 -0.9890 0.0553
vn -0.3038 -0.9527 -0.0016
vn -0.0944 -0.7249 0.6824
vn -0.0513 -0.9681 0.2454
vn -0.2925 -0.5129 0.8071
vn -0.0944 -0.7249 0.6824
vn 0.0906 -0.9866 0.1356
vn 0.0129 -0.9524 0.3047
vn -0.8322 -0.0948 0.5463
vn -0.8322 -0.0948 0.5463
vn -0.8322 -0.0948 0.5463
vn -0.2872 -0.1420 0.9473
vn -0.2872 -0.1420 0.9473
vn -0.0944 -0.7249 0.6824
vn -0.0944 -0.7249 0.6824
vn -0.1373 -0.9890 0.0553
vn 0.0906 -0.9866 0.1356
vn 0.0539 -0.7511 -0.6579
vn 0.0906 -0.9866 0.1356
vn -0.1373 -0.9890 0.0553
vn 0.3869 -0.5632 0.7302
vn 0.3869 -0.5632 0.7302
vn 0.3869 -0.5632 0.7302
vn 0.0980 -0.9892 -0.1085
vn -0.0323 -0.9557 -0.2925
vn 0.2556 -0.9332 0.2527
vn 0.0980 -0.9892 -0.1085
vn -0.1373 -0.9890 0.0553
vn -0.0702 -0.9849 -0.1584
vn -0.1373 -0.9890 0.0553
vn 0.0980 -0.9892 -0.1085
vn 0.2556 -0.9332 0.2527
vn -0.1373 -0.9890 0.0553
vn 0.2556 -0.9332 0.2527
vn 0.0054 -1.0000 -0.0024
vn 0.0906 -0.9866 0.1356
vn -0.2562 -0.9228 0.2878
vn -0.1692 -0.9849 -0.0365
vn -0.0323 -0.9557 -0.2925
vn -0.2083 -0.9781 -0.0038
vn -0.1049 -0.9711 0.2142
vn -0.1049 -0.9711 0.2142
vn 0.2556 -0.9332 0.2527
vn -0.0323 -0.9557 -0.2925
vn 0.1116 -0.9544 -0.2768
vn 0.0404 -0.9989 0.0227
vn -0.2083 -0.9781 -0.0038
vn -0.0055 -0.8118 0.5839
vn -0.0702 -0.9849 -0.1584
vn 0.1116 -0.9544 -0.2768
vn -0.1692 -0.9849 -0.0365
vn -0.1049 -0.9711 0.2142
vn 0.0404 -0.9989 0.0227
vn 0.0404 -0.9989 0.0227
vn -0.1049 -0.9711 0.2142
vn -0.2083 -0.9781 -0.0038
vn -0.0055 -0.8118 0.5839
vn 0.0980 -0.9892 -0.1085
vn -0.0702 -0.9849 -0.1584
vn 0.0404 -0.9989 0.0227
vn 0.0906 -0.9866 0.1356
vn -0.1692 -0.9849 -0.0365
vn 0.1116 -0.9544 -0.2768
vn -0.2083 -0.9781 -0.0038
vn -0.0055 -0.8118 0.5839
vn 0.1918 -0.0847 0.9778
vn 0.1918 -0.0847 0.9778
vn 0.1918 -0.0847 0.9778
vn -0.6722 0.1536 0.7242
vn -0.6722 0.1536 0.7242
vn -0.6268 -0.1270 0.7688
vn -0.8881 -0.1137 -0.4453
vn -0.9825 -0.0547 -0.1778
vn -0.9825 -0.0547 -0.1778
vn 0.2728 -0.2148 -0.9378
vn -0.2004 0.0259 -0.9794
vn -0.2004 0.0259 -0.9794
vn -0.3336 0.0028 -0.9427
vn -0.3336 0.0028 -0.9427
vn 0.2728 -0.2148 -0.9378
vn 0.3921 -0.0164 -0.9198
vn 0.3921 -0.0164 -0.9198
vn 0.2728 -0.2148 -0.9378
vn 0.7784 -0.0675 -0.6241
vn 0.2728 -0.2148 -0.9378
vn 0.7784 -0.0675 -0.6241
vn 0.9979 0.0651 0.0032
vn 0.9979 0.0651 0.0032
vn 0.9466 -0.1843 0.2646
vn -0.4641 -0.8817 -0.0844
vn -0.4641 -0.8817 -0.0844
vn -0.4641 -0.8817 -0.0844
vn 0.0043 -0.9837 0.1797
vn 0.0043 -0.9837 0.1797
vn 0.0043 -0.9837 0.1797
vn -0.0652 -0.1338 0.9889
vn 0.4721 -0.0347 0.8809
vn 0.4721 -0.0347 0.8809
vn 0.2548 0.0204 0.9668
vn 0.2548 0.0204 0.9668
vn -0.0652 -0.1338 0.9889
vn -0.8689 -0.0372 0.4936
vn -0.8689 -0.0372 0.4936
vn -0.8689 -0.0372 0.4936
vn -0.9049 -0.0183 0.4253
vn -0.9049 -0.0183 0.4253
vn -0.9049 -0.0183 0.4253
vn -0.5951 0.0434 -0.8025
vn -0.5951 0.0434 -0.8025
vn -0.8015 -0.2394 -0.5479
vn 0.8778 0.0148 -0.4789
vn 0.8593 -0.4687 -0.2047
vn 0.8855 -0.2436 -0.3957
vn 0.8593 -0.4687 -0.2047
vn 0.9129 0.0302 -0.4071
vn 0.8855 -0.2436 -0.3957
vn 0.0539 -0.7511 -0.6579
vn 0.8855 -0.2436 -0.3957
vn 0.2826 -0.2010 -0.9379
vn -0.0182 -0.9997 0.0166
vn -0.0182 -0.9997 0.0166
vn -0.0182 -0.9997 0.0166
vn 0.0200 -0.0542 0.9983
vn -0.0119 -0.0394 0.9992
vn 0.0240 -0.0754 0.9969
vn 0.0200 -0.0542 0.9983
vn -0.1308 -0.0724 0.9888
vn -0.0119 -0.0394 0.9992
vn -0.0046 0.0043 1.0000
vn -0.0119 -0.0394 0.9992
vn -0.1308 -0.0724 0.9888
vn 0.1699 0.4648 0.8690
vn 0.2591 0.7212 0.6425
vn 0.2591 0.7212 0.6425
vn 0.0240 -0.0754 0.9969
vn -0.0004 0.0188 0.9998
vn 0.1699 0.4648 0.8690
vn 0.0238 0.0181 0.9996
vn 0.1699 0.4648 0.8690
vn -0.0004 0.0188 0.9998
vn -0.0004 0.0188 0.9998
vn -0.0010 0.0173 0.9999
vn 0.0238 0.0181 0.9996
vn 0.0238 0.0181 0.9996
vn -0.0010 0.0173 0.9999
vn -0.0117 0.0454 0.9989
vn 0.0366 0.0001 0.9993
vn 0.0238 0.0181 0.9996
vn -0.0117 0.0454 0.9989
vn -0.0117 0.0454 0.9989
vn -0.0166 0.0408 0.9990
vn 0.0366 0.0001 0.9993
vn 0.0366 0.0001 0.9993
vn -0.0327 0.0505 0.9982
vn -0.0280 0.0415 0.9987
vn 0.0366 0.0001 0.9993
vn -0.0166 0.0408 0.9990
vn -0.0327 0.0505 0.9982
vn -0.0280 0.0415 0.9987
vn -0.0011 -0.0062 1.0000
vn 0.0366 0.0001 0.9993
vn 0.8314 -0.0039 0.5556
vn 0.8314 -0.0039 0.5556
vn 0.8314 -0.0039 0.5556
vn 0.8835 -0.2029 0.4222
vn 0.8835 -0.2029 0.4222
vn 0.8835 -0.2029 0.4222
vn -0.0159 -0.9873 -0.1581
vn -0.0159 -0.9873 -0.1581
vn -0.0159 -0.9873 -0.1581
vn -0.9284 -0.0418 0.3692
vn -0.9284 -0.0418 0.3692
vn -0.9284 -0.0418 0.3692
vn 0.3091 0.2404 0.9201
vn 0.8708 -0.0262 0.4909
vn 0.8708 -0.0262 0.4909
vn -0.0181 0.9271 0.3743
vn -0.0181 0.9271 0.3743
vn -0.0181 0.9271 0.3743
vn 0.0028 0.0425 0.9991
vn -0.0768 0.0387 0.9963
vn -0.1210 0.0789 0.9895
vn 0.0154 -0.0101 0.9998
vn -0.0768 0.0387 0.9963
vn 0.0028 0.0425 0.9991
vn 0.0028 0.0425 0.9991
vn -0.1210 0.0789 0.9895
vn 0.0403 0.0933 0.9948
vn 0.0017 -0.0249 0.9997
vn 0.0028 0.0425 0.9991
vn 0.0403 0.0933 0.9948
vn 0.0403 0.0933 0.9948
vn 0.0148 -0.0193 0.9997
vn 0.0017 -0.0249 0.9997
vn -0.3281 0.7600 0.5611
vn -0.3281 0.7600 0.5611
vn -0.3281 0.7600 0.5611
vn 0.0366 0.0001 0.9993
vn -0.0011 -0.0062 1.0000
vn -0.0002 -0.0002 1.0000
vn -0.0768 0.0387 0.9963
vn -0.0046 0.0043 1.0000
vn -0.1308 -0.0724 0.9888
vn -0.1308 -0.0724 0.9888
vn -0.1210 0.0789 0.9895
vn -0.0768 0.0387 0.9963
vn 0.0366 0.0001 0.9993
vn -0.0002 -0.0002 1.0000
vn 0.1140 -0.0107 0.9934
vn 0.1140 -0.0107 0.9934
vn 0.0148 -0.0193 0.9997
vn 0.3091 0.2404 0.9201
vn 0.3091 0.2404 0.9201
vn 0.0366 0.0001 0.9993
vn 0.1140 -0.0107 0.9934
vn 0.0148 -0.0193 0.9997
vn -0.0091 -0.0002 1.0000
vn -0.0313 -0.1342 0.9905
vn -0.0091 -0.0002 1.0000
vn -0.0483 -0.1039 0.9934
vn -0.0313 -0.1342 0.9905
vn -0.0011 -0.0062 1.0000
vn -0.0037 -0.0216 0.9998
vn -0.0002 -0.0002 1.0000
vn 0.0047 0.0215 0.9998
vn -0.0332 -0.1141 0.9929
vn -0.0066 -0.0403 0.9992
vn -0.0066 -0.0403 0.9992
vn 0.0037 -0.0032 1.0000
vn 0.0047 0.0215 0.9998
vn -0.0608 -0.1092 0.9922
vn -0.0483 -0.1039 0.9934
vn -0.0368 -0.0407 0.9985
vn -0.0941 -0.1406 0.9856
vn 0.0047 0.0215 0.9998
vn 0.0037 -0.0032 1.0000
vn -0.0368 -0.0407 0.9985
vn -0.0483 -0.1039 0.9934
vn -0.0091 -0.0002 1.0000
vn -0.0332 -0.1141 0.9929
vn -0.2548 -0.2540 0.9330
vn -0.0066 -0.0403 0.9992
vn -0.0066 -0.0403 0.9992
vn -0.2548 -0.2540 0.9330
vn -0.0050 0.0045 1.0000
vn -0.0368 -0.0407 0.9985
vn -0.0066 -0.0403 0.9992
vn -0.0050 0.0045 1.0000
vn -0.0050 0.0045 1.0000
vn -0.0608 -0.1092 0.9922
vn -0.0368 -0.0407 0.9985
vn 0.0037 -0.0032 1.0000
vn -0.0002 -0.0002 1.0000
vn -0.0037 -0.0216 0.9998
vn 0.0037 -0.0032 1.0000
vn -0.0037 -0.0216 0.9998
vn -0.0941 -0.1406 0.9856
vn 0.7320 -0.1964 0.6524
vn 0.0037 -0.0032 1.0000
vn -0.0066 -0.0403 0.9992
vn -0.0368 -0.0407 0.9985
vn -0.0002 -0.0002 1.0000
vn 0.0037 -0.0032 1.0000
vn -0.0775 -0.0190 0.9968
vn -0.0368 -0.0407 0.9985
vn -0.0091 -0.0002 1.0000
vn -0.0091 -0.0002 1.0000
vn 0.0148 -0.0193 0.9997
vn -0.0964 -0.3530 0.9306
vn 0.1140 -0.0107 0.9934
vn -0.0002 -0.0002 1.0000
vn -0.0775 -0.0190 0.9968
vn -0.0775 -0.0190 0.9968
vn -0.0091 -0.0002 1.0000
vn -0.0964 -0.3530 0.9306
vn 0.0944 0.8732 0.4781
vn 0.0944 0.8732 0.4781
vn 0.0944 0.8732 0.4781
vn -0.8737 -0.2067 0.4404
vn -0.8737 -0.2067 0.4404
vn -0.8737 -0.2067 0.4404
vn 0.7893 -0.4898 0.3703
vn 0.7893 -0.4898 0.3703
vn 0.7893 -0.4898 0.3703
vn -0.1514 -0.0924 0.9841
vn 0.0242 -0.0307 0.9992
vn -0.1210 0.0789 0.9895
vn 0.0200 -0.0542 0.9983
vn 0.3091 0.2404 0.9201
vn 0.0325 -0.0010 0.9995
vn 0.0242 -0.0307 0.9992
vn 0.0325 -0.0010 0.9995
vn 0.3091 0.2404 0.9201
vn 0.3091 0.2404 0.9201
vn -0.1210 0.0789 0.9895
vn 0.0242 -0.0307 0.9992
vn 0.0325 -0.0010 0.9995
vn 0.0242 -0.0307 0.9992
vn 0.0200 -0.0542 0.9983
vn 0.0757 0.0408 0.9963
vn 0.0200 -0.0542 0.9983
vn 0.0242 -0.0307 0.9992
vn 0.9801 -0.0123 0.1981
vn 0.9801 -0.0123 0.1981
vn 0.9801 -0.0123 0.1981
vn 0.0310 0.9323 0.3602
vn 0.0310 0.9323 0.3602
vn 0.0310 0.9323 0.3602
vn -0.0002 -0.9858 0.1678
vn -0.0004 -0.9878 0.1556
vn 0.0000 -0.9859 0.1672
vn 0.0101 -0.9717 -0.2362
vn 0.0046 -0.9645 -0.2640
vn -0.0286 -0.9493 -0.3132
vn -0.0286 -0.9493 -0.3132
vn -0.0103 -0.9723 -0.2333
vn 0.0101 -0.9717 -0.2362
vn 0.0213 -0.9730 -0.2300
vn 0.0003 -0.9489 -0.3156
vn -0.0103 -0.9723 -0.2333
vn 0.0059 -0.9479 -0.3185
vn -0.0998 -0.8072 -0.5818
vn -0.0060 -0.9431 -0.3323
vn 0.0059 -0.9479 -0.3185
vn -0.0060 -0.9431 -0.3323
vn 0.0003 -0.9489 -0.3156
vn 0.0003 -0.9489 -0.3156
vn 0.0213 -0.9730 -0.2300
vn 0.0059 -0.9479 -0.3185
vn -0.0006 -0.9461 -0.3238
vn -0.0998 -0.8072 -0.5818
vn 0.0059 -0.9479 -0.3185
vn 0.0059 -0.9479 -0.3185
vn 0.0068 -0.9549 -0.2968
vn -0.0006 -0.9461 -0.3238
vn -0.0022 -0.9584 -0.2855
vn -0.0006 -0.9461 -0.3238
vn 0.0068 -0.9549 -0.2968
vn 0.0068 -0.9549 -0.2968
vn 0.0052 -0.9579 -0.2871
vn -0.0022 -0.9584 -0.2855
vn 0.0052 -0.9579 -0.2871
vn -0.0251 -0.9573 -0.2881
vn -0.0022 -0.9584 -0.2855
vn -0.0004 -0.9571 -0.2896
vn -0.0251 -0.9573 -0.2881
vn 0.0052 -0.9579 -0.2871
vn 0.0052 -0.9579 -0.2871
vn 0.0053 -0.9597 -0.2811
vn -0.0004 -0.9571 -0.2896
vn -0.0004 -0.9610 -0.2765
vn -0.0004 -0.9571 -0.2896
vn 0.0053 -0.9597 -0.2811
vn 0.0053 -0.9597 -0.2811
vn 0.0137 -0.9810 0.1936
vn -0.0004 -0.9610 -0.2765
vn 0.0137 -0.9810 0.1936
vn 0.0061 -0.9622 -0.2723
vn -0.0004 -0.9610 -0.2765
vn 0.0137 -0.9810 0.1936
vn 0.0472 -0.9551 -0.2924
vn 0.0061 -0.9622 -0.2723
vn 0.0472 -0.9551 -0.2924
vn 0.0006 -0.7928 -0.6095
vn 0.0061 -0.9622 -0.2723
vn -0.0010 -0.9662 -0.2576
vn 0.0061 -0.9622 -0.2723
vn 0.0006 -0.7928 -0.6095
vn 0.0006 -0.7928 -0.6095
vn 0.0078 -0.9693 -0.2458
vn -0.0010 -0.9662 -0.2576
vn 0.0078 -0.9693 -0.2458
vn -0.0108 -0.9672 -0.2538
vn -0.0010 -0.9662 -0.2576
vn 0.0078 -0.9693 -0.2458
vn 0.0005 -0.9669 -0.2552
vn -0.0108 -0.9672 -0.2538
vn 0.0078 -0.9693 -0.2458
vn 0.0158 -0.9562 -0.2922
vn 0.0005 -0.9669 -0.2552
vn 0.0158 -0.9562 -0.2922
vn -0.0221 -0.9172 -0.3979
vn 0.0005 -0.9669 -0.2552
vn 0.0002 -0.9676 -0.2526
vn -0.0221 -0.9172 -0.3979
vn 0.0266 -0.9475 -0.3185
vn -0.0221 -0.9172 -0.3979
vn 0.0002 -0.9676 -0.2526
vn 0.0005 -0.9669 -0.2552
vn -0.0012 -0.9711 -0.2385
vn 0.0005 -0.9669 -0.2552
vn 0.0002 -0.9676 -0.2526
vn 0.0002 -0.9676 -0.2526
vn 0.0001 -0.9720 -0.2352
vn -0.0012 -0.9711 -0.2385
vn 0.0001 -0.9720 -0.2352
vn -0.0001 -0.9722 -0.2340
vn -0.0012 -0.9711 -0.2385
vn -0.0001 -0.9722 -0.2340
vn 0.0001 -0.9720 -0.2352
vn 0.0209 -0.9693 -0.2451
vn 0.0002 -0.9823 -0.1873
vn -0.0002 -0.9838 -0.1791
vn -0.0026 -0.9820 -0.1891
vn 0.0002 -0.9823 -0.1873
vn -0.0026 -0.9820 -0.1891
vn -0.0004 -0.9814 -0.1920
vn 0.0001 -0.9809 -0.1945
vn 0.0002 -0.9823 -0.1873
vn -0.0004 -0.9814 -0.1920
vn 0.0001 -0.9809 -0.1945
vn -0.0004 -0.9814 -0.1920
vn -0.0003 -0.9797 -0.2005
vn -0.0003 -0.9797 -0.2005
vn 0.0001 -0.9796 -0.2008
vn 0.0001 -0.9809 -0.1945
vn 0.0001 -0.9796 -0.2008
vn -0.0003 -0.9797 -0.2005
vn -0.0003 -0.9778 -0.2095
vn 0.0001 -0.9776 -0.2104
vn 0.0001 -0.9796 -0.2008
vn -0.0003 -0.9778 -0.2095
vn 0.0001 -0.9776 -0.2104
vn -0.0003 -0.9778 -0.2095
vn -0.0002 -0.9769 -0.2136
vn 0.0004 -0.9763 -0.2164
vn 0.0001 -0.9776 -0.2104
vn -0.0002 -0.9769 -0.2136
vn 0.0004 -0.9763 -0.2164
vn -0.0002 -0.9769 -0.2136
vn -0.0002 -0.9751 -0.2217
vn -0.0002 -0.9751 -0.2217
vn 0.0001 -0.9735 -0.2287
vn 0.0004 -0.9763 -0.2164
vn 0.0001 -0.9735 -0.2287
vn -0.0002 -0.9751 -0.2217
vn -0.0001 -0.9722 -0.2340
vn 0.0209 -0.9691 -0.2459
vn 0.0001 -0.9735 -0.2287
vn -0.0001 -0.9722 -0.2340
vn 0.0209 -0.9693 -0.2451
vn 0.0209 -0.9691 -0.2459
vn -0.0001 -0.9722 -0.2340
vn -0.0002 -0.9861 -0.1661
vn -0.0006 -0.9855 -0.1700
vn -0.0273 -0.9855 -0.1672
vn -0.0273 -0.9855 -0.1672
vn -0.0003 -0.9875 -0.1578
vn -0.0002 -0.9861 -0.1661
vn -0.0000 -0.9853 -0.1710
vn -0.0002 -0.9861 -0.1661
vn -0.0003 -0.9875 -0.1578
vn -0.0000 -0.9853 -0.1710
vn -0.0003 -0.9875 -0.1578
vn -0.0002 -0.9838 -0.1791
vn -0.0002 -0.9838 -0.1791
vn 0.0186 -0.9796 -0.1999
vn -0.0000 -0.9853 -0.1710
vn 0.0002 -0.9823 -0.1873
vn 0.0186 -0.9796 -0.1999
vn -0.0002 -0.9838 -0.1791
vn 0.0002 -0.9886 -0.1508
vn -0.0001 -0.9895 -0.1443
vn -0.0002 -0.9901 -0.1404
vn 0.0002 -0.9886 -0.1508
vn -0.0002 -0.9901 -0.1404
vn -0.0006 -0.9855 -0.1700
vn -0.0006 -0.9855 -0.1700
vn 0.0002 -0.9876 -0.1568
vn 0.0002 -0.9886 -0.1508
vn -0.0002 -0.9861 -0.1661
vn 0.0002 -0.9876 -0.1568
vn -0.0006 -0.9855 -0.1700
vn -0.0002 -0.9920 -0.1264
vn -0.0281 -0.9924 -0.1196
vn -0.0001 -0.9921 -0.1258
vn -0.0001 -0.9921 -0.1258
vn -0.0281 -0.9924 -0.1196
vn -0.0001 -0.9926 -0.1218
vn 0.0004 -0.9909 -0.1348
vn -0.0001 -0.9921 -0.1258
vn -0.0001 -0.9926 -0.1218
vn -0.0001 -0.9926 -0.1218
vn -0.0009 -0.9883 -0.1527
vn 0.0004 -0.9909 -0.1348
vn -0.0001 -0.9895 -0.1443
vn 0.0004 -0.9909 -0.1348
vn -0.0009 -0.9883 -0.1527
vn -0.0001 -0.9895 -0.1443
vn -0.0009 -0.9883 -0.1527
vn -0.0302 -0.9890 -0.1445
vn -0.0302 -0.9890 -0.1445
vn -0.0002 -0.9901 -0.1404
vn -0.0001 -0.9895 -0.1443
vn -0.0001 -0.9921 -0.1258
vn -0.0080 -0.9964 -0.0846
vn -0.0002 -0.9920 -0.1264
vn -0.0080 -0.9964 -0.0846
vn 0.0000 -0.9936 -0.1126
vn -0.0002 -0.9920 -0.1264
vn -0.0002 -0.9942 -0.1078
vn -0.0002 -0.9920 -0.1264
vn 0.0000 -0.9936 -0.1126
vn 0.0000 -0.9936 -0.1126
vn 0.0000 -0.9947 -0.1027
vn -0.0002 -0.9942 -0.1078
vn 0.0000 -0.9947 -0.1027
vn -0.0009 -0.9949 -0.1008
vn -0.0002 -0.9942 -0.1078
vn -0.0002 -0.9952 -0.0975
vn -0.0009 -0.9949 -0.1008
vn 0.0000 -0.9947 -0.1027
vn 0.0000 -0.9947 -0.1027
vn -0.0000 -0.9951 -0.0991
vn -0.0002 -0.9952 -0.0975
vn -0.0000 -0.9951 -0.0991
vn 0.0000 -0.9958 -0.0913
vn -0.0002 -0.9952 -0.0975
vn -0.0003 -0.9963 -0.0855
vn -0.0002 -0.9952 -0.0975
vn 0.0000 -0.9958 -0.0913
vn 0.0000 -0.9958 -0.0913
vn 0.0000 -0.9965 -0.0830
vn -0.0003 -0.9963 -0.0855
vn 0.0000 -0.9965 -0.0830
vn -0.0016 -0.9969 -0.0784
vn -0.0003 -0.9963 -0.0855
vn -0.0016 -0.9969 -0.0784
vn 0.0000 -0.9965 -0.0830
vn -0.0000 -0.9971 -0.0757
vn -0.0000 -0.9971 -0.0757
vn -0.0007 -0.9976 -0.0686
vn -0.0016 -0.9969 -0.0784
vn -0.0000 -0.9971 -0.0757
vn -0.0000 -0.9975 -0.0701
vn -0.0007 -0.9976 -0.0686
vn -0.0007 -0.9976 -0.0686
vn -0.0000 -0.9975 -0.0701
vn -0.0000 -0.9981 -0.0618
vn -0.0000 -0.9981 -0.0618
vn -0.0003 -0.9983 -0.0578
vn -0.0007 -0.9976 -0.0686
vn -0.0000 -0.9981 -0.0618
vn 0.0000 -0.9986 -0.0537
vn -0.0003 -0.9983 -0.0578
vn -0.0001 -0.9987 -0.0507
vn -0.0003 -0.9983 -0.0578
vn 0.0000 -0.9986 -0.0537
vn 0.0000 -0.9986 -0.0537
vn 0.0000 -0.9988 -0.0488
vn -0.0001 -0.9987 -0.0507
vn 0.0000 -0.9988 -0.0488
vn -0.0000 -0.9992 -0.0406
vn -0.0001 -0.9987 -0.0507
vn -0.0000 -0.9992 -0.0406
vn 0.0000 -0.9988 -0.0488
vn -0.0000 -0.9992 -0.0398
vn -0.0001 -0.9993 -0.0362
vn -0.0000 -0.9992 -0.0406
vn -0.0000 -0.9992 -0.0398
vn -0.0000 -0.9992 -0.0398
vn 0.0001 -0.9995 -0.0308
vn -0.0001 -0.9993 -0.0362
vn 0.0001 -0.9996 -0.0285
vn -0.0001 -0.9993 -0.0362
vn 0.0001 -0.9995 -0.0308
vn 0.0001 -0.9995 -0.0308
vn 0.0002 -0.9997 -0.0262
vn 0.0001 -0.9996 -0.0285
vn 0.0002 -0.9997 -0.0262
vn 0.0001 -0.9998 -0.0199
vn 0.0001 -0.9996 -0.0285
vn 0.0001 -0.9998 -0.0199
vn 0.0002 -0.9997 -0.0262
vn 0.0001 -0.9999 -0.0161
vn 0.0000 -0.9999 -0.0131
vn 0.0001 -0.9998 -0.0199
vn 0.0001 -0.9999 -0.0161
vn 0.0001 -0.9999 -0.0161
vn 0.0002 -0.9999 -0.0133
vn 0.0000 -0.9999 -0.0131
vn 0.0000 -0.9999 -0.0131
vn 0.0002 -0.9999 -0.0133
vn 0.0001 -1.0000 -0.0059
vn -0.0001 -1.0000 -0.0065
vn 0.0000 -0.9999 -0.0131
vn 0.0001 -1.0000 -0.0059
vn 0.0001 -1.0000 -0.0059
vn 0.0002 -1.0000 -0.0020
vn -0.0001 -1.0000 -0.0065
vn 0.0002 -1.0000 -0.0020
vn -0.0004 -1.0000 0.0030
vn -0.0001 -1.0000 -0.0065
vn -0.0004 -1.0000 0.0030
vn 0.0002 -1.0000 -0.0020
vn 0.0000 -1.0000 0.0069
vn -0.0010 -1.0000 0.0098
vn -0.0004 -1.0000 0.0030
vn 0.0000 -1.0000 0.0069
vn 0.0000 -1.0000 0.0069
vn 0.0008 -0.9998 0.0184
vn -0.0010 -1.0000 0.0098
vn -0.0010 -1.0000 0.0098
vn 0.0008 -0.9998 0.0184
vn 0.0003 -0.9999 0.0156
vn -0.0001 -0.9998 0.0210
vn -0.0010 -1.0000 0.0098
vn 0.0003 -0.9999 0.0156
vn 0.0003 -0.9999 0.0156
vn -0.0000 -0.9997 0.0249
vn -0.0001 -0.9998 0.0210
vn -0.0000 -0.9997 0.0249
vn -0.0373 -0.9989 0.0301
vn -0.0001 -0.9998 0.0210
vn -0.0000 -0.9995 0.0320
vn -0.0373 -0.9989 0.0301
vn -0.0000 -0.9997 0.0249
vn -0.0000 -0.9997 0.0249
vn -0.0000 -0.9994 0.0354
vn -0.0000 -0.9995 0.0320
vn -0.0000 -0.9992 0.0395
vn -0.0000 -0.9995 0.0320
vn -0.0000 -0.9994 0.0354
vn -0.0000 -0.9992 0.0395
vn -0.0000 -0.9994 0.0354
vn 0.0009 -0.9989 0.0479
vn 0.0009 -0.9989 0.0479
vn -0.0026 -0.9988 0.0493
vn -0.0000 -0.9992 0.0395
vn -0.0004 -0.9986 0.0537
vn -0.0026 -0.9988 0.0493
vn 0.0009 -0.9989 0.0479
vn 0.0009 -0.9989 0.0479
vn 0.0006 -0.9984 0.0566
vn -0.0004 -0.9986 0.0537
vn -0.0003 -0.9982 0.0608
vn -0.0004 -0.9986 0.0537
vn 0.0006 -0.9984 0.0566
vn 0.0006 -0.9984 0.0566
vn 0.0000 -0.9980 0.0625
vn -0.0003 -0.9982 0.0608
vn -0.0001 -0.9976 0.0698
vn -0.0003 -0.9982 0.0608
vn 0.0000 -0.9980 0.0625
vn 0.0000 -0.9980 0.0625
vn -0.0000 -0.9974 0.0715
vn -0.0001 -0.9976 0.0698
vn -0.0000 -0.9971 0.0758
vn -0.0001 -0.9976 0.0698
vn -0.0000 -0.9974 0.0715
vn -0.0000 -0.9974 0.0715
vn 0.0006 -0.9969 0.0787
vn -0.0000 -0.9971 0.0758
vn 0.0000 -0.9966 0.0824
vn -0.0000 -0.9971 0.0758
vn 0.0006 -0.9969 0.0787
vn 0.0006 -0.9969 0.0787
vn 0.0005 -0.9964 0.0844
vn 0.0000 -0.9966 0.0824
vn 0.0000 -0.9958 0.0917
vn 0.0000 -0.9966 0.0824
vn 0.0005 -0.9964 0.0844
vn 0.0005 -0.9964 0.0844
vn 0.0004 -0.9958 0.0911
vn 0.0000 -0.9958 0.0917
vn 0.0000 -0.9958 0.0917
vn 0.0004 -0.9958 0.0911
vn 0.0002 -0.9953 0.0972
vn -0.0000 -0.9950 0.1001
vn 0.0000 -0.9958 0.0917
vn 0.0002 -0.9953 0.0972
vn 0.0002 -0.9953 0.0972
vn 0.0001 -0.9946 0.1041
vn -0.0000 -0.9950 0.1001
vn -0.0001 -0.9943 0.1070
vn -0.0000 -0.9950 0.1001
vn 0.0001 -0.9946 0.1041
vn -0.0001 -0.9943 0.1070
vn 0.0001 -0.9946 0.1041
vn 0.0001 -0.9937 0.1122
vn 0.0001 -0.9937 0.1122
vn -0.0003 -0.9935 0.1140
vn -0.0001 -0.9943 0.1070
vn -0.0003 -0.9935 0.1140
vn 0.0001 -0.9937 0.1122
vn 0.0001 -0.9929 0.1190
vn -0.0004 -0.9925 0.1220
vn -0.0003 -0.9935 0.1140
vn 0.0001 -0.9929 0.1190
vn 0.0001 -0.9929 0.1190
vn 0.0009 -0.9920 0.1261
vn -0.0004 -0.9925 0.1220
vn -0.0015 -0.9917 0.1285
vn -0.0004 -0.9925 0.1220
vn 0.0009 -0.9920 0.1261
vn -0.0015 -0.9917 0.1285
vn 0.0009 -0.9920 0.1261
vn 0.0004 -0.9911 0.1333
vn 0.0004 -0.9911 0.1333
vn -0.0003 -0.9877 0.1565
vn -0.0015 -0.9917 0.1285
vn -0.0003 -0.9877 0.1565
vn 0.0004 -0.9911 0.1333
vn 0.0003 -0.9897 0.1430
vn -0.0510 -0.9894 0.1360
vn -0.0003 -0.9877 0.1565
vn 0.0003 -0.9897 0.1430
vn -0.0013 -0.9903 0.1391
vn -0.0510 -0.9894 0.1360
vn 0.0003 -0.9897 0.1430
vn -0.0013 -0.9903 0.1391
vn 0.0003 -0.9897 0.1430
vn 0.0000 -0.9886 0.1503
vn -0.0004 -0.9878 0.1556
vn -0.0013 -0.9903 0.1391
vn 0.0000 -0.9886 0.1503
vn 0.0000 -0.9886 0.1503
vn 0.0120 -0.9872 0.1587
vn -0.0004 -0.9878 0.1556
vn -0.0004 -0.9878 0.1556
vn 0.0120 -0.9872 0.1587
vn 0.0000 -0.9859 0.1672
vn -0.0002 -0.9858 0.1678
vn 0.0000 -0.9859 0.1672
vn 0.0128 -0.9826 0.1854
vn 0.0128 -0.9826 0.1854
vn 0.0001 -0.9856 0.1689
vn -0.0002 -0.9858 0.1678
vn -0.0003 -0.9851 0.1719
vn -0.0002 -0.9858 0.1678
vn 0.0001 -0.9856 0.1689
vn -0.0003 -0.9851 0.1719
vn 0.0001 -0.9856 0.1689
vn 0.0000 -0.9829 0.1842
vn 0.0000 -0.9829 0.1842
vn -0.0002 -0.9840 0.1781
vn -0.0003 -0.9851 0.1719
vn -0.0000 -0.9819 0.1893
vn -0.0002 -0.9840 0.1781
vn 0.0000 -0.9829 0.1842
vn -0.0000 -0.9819 0.1893
vn 0.0000 -0.9829 0.1842
vn 0.0088 -0.9813 0.1921
vn 0.0088 -0.9813 0.1921
vn 0.0001 -0.9815 0.1917
vn -0.0000 -0.9819 0.1893
vn -0.0001 -0.9809 0.1943
vn -0.0000 -0.9819 0.1893
vn 0.0001 -0.9815 0.1917
vn -0.0001 -0.9809 0.1943
vn 0.0001 -0.9815 0.1917
vn 0.0000 -0.9784 0.2066
vn -0.0003 -0.9770 0.2134
vn -0.0003 -0.9788 0.2046
vn 0.0000 -0.9784 0.2066
vn 0.0000 -0.9784 0.2066
vn -0.0003 -0.9788 0.2046
vn -0.0001 -0.9809 0.1943
vn -0.0003 -0.9770 0.2134
vn 0.0000 -0.9784 0.2066
vn 0.0168 -0.9754 0.2197
vn 0.0168 -0.9754 0.2197
vn 0.0000 -0.9762 0.2170
vn -0.0003 -0.9770 0.2134
vn -0.0008 -0.9745 0.2245
vn -0.0003 -0.9770 0.2134
vn 0.0000 -0.9762 0.2170
vn 0.0000 -0.9762 0.2170
vn 0.0002 -0.9726 0.2324
vn -0.0008 -0.9745 0.2245
vn -0.0070 -0.9731 0.2303
vn -0.0008 -0.9745 0.2245
vn 0.0002 -0.9726 0.2324
vn -0.0005 -0.9723 0.2338
vn -0.0070 -0.9731 0.2303
vn 0.0002 -0.9726 0.2324
vn -0.0170 -0.9330 0.3595
vn 0.0009 -0.9404 0.3400
vn 0.0069 -0.8754 0.4834
vn -0.0003 -0.9668 0.2557
vn -0.0170 -0.9330 0.3595
vn 0.0069 -0.8754 0.4834
vn 0.0000 -0.9711 0.2388
vn -0.0170 -0.9330 0.3595
vn -0.0003 -0.9668 0.2557
vn -0.0003 -0.9668 0.2557
vn -0.0005 -0.9723 0.2338
vn 0.0000 -0.9711 0.2388
vn 0.0261 -0.9689 0.2462
vn 0.0000 -0.9711 0.2388
vn -0.0005 -0.9723 0.2338
vn -0.0005 -0.9723 0.2338
vn 0.0002 -0.9726 0.2324
vn 0.0261 -0.9689 0.2462
vn 0.0069 -0.8754 0.4834
vn -0.0232 -0.9653 0.2601
vn -0.0003 -0.9668 0.2557
vn 0.0069 -0.8754 0.4834
vn 0.0054 -0.9640 0.2659
vn -0.0232 -0.9653 0.2601
vn 0.0054 -0.9640 0.2659
vn 0.0069 -0.8754 0.4834
vn 0.0009 -0.9404 0.3400
vn 0.0009 -0.9404 0.3400
vn 0.0057 -0.9811 0.1932
vn 0.0054 -0.9640 0.2659
vn -0.0055 -0.9595 0.2818
vn 0.0054 -0.9640 0.2659
vn 0.0057 -0.9811 0.1932
vn 0.0009 -0.9581 0.2866
vn -0.0055 -0.9595 0.2818
vn 0.0057 -0.9811 0.1932
vn 0.0057 -0.9811 0.1932
vn 0.0520 -0.9504 0.3068
vn 0.0009 -0.9581 0.2866
vn -0.0005 -0.9498 0.3129
vn -0.0003 -0.9509 0.3095
vn -0.0000 -0.9482 0.3178
vn 0.0520 -0.9504 0.3068
vn 0.0044 -0.9782 0.2078
vn 0.0009 -0.9581 0.2866
vn -0.0017 -0.9544 0.2986
vn 0.0009 -0.9581 0.2866
vn 0.0044 -0.9782 0.2078
vn 0.0044 -0.9782 0.2078
vn 0.0002 -0.9537 0.3006
vn -0.0017 -0.9544 0.2986
vn -0.0005 -0.9406 0.3396
vn -0.0017 -0.9544 0.2986
vn 0.0002 -0.9537 0.3006
vn -0.0005 -0.9406 0.3396
vn 0.0002 -0.9537 0.3006
vn -0.0005 -0.9498 0.3129
vn -0.0005 -0.9498 0.3129
vn -0.1406 -0.7601 0.6345
vn -0.0005 -0.9406 0.3396
vn -0.0065 -0.9561 0.2930
vn -0.1406 -0.7601 0.6345
vn -0.0005 -0.9498 0.3129
vn -0.1149 -0.3029 0.9461
vn -0.1406 -0.7601 0.6345
vn -0.0065 -0.9561 0.2930
vn -0.0065 -0.9561 0.2930
vn -0.0245 -0.7768 0.6293
vn -0.1149 -0.3029 0.9461
vn -0.0000 -0.9482 0.3178
vn -0.0065 -0.9561 0.2930
vn -0.0005 -0.9498 0.3129
vn -0.0000 -0.9482 0.3178
vn -0.0245 -0.7768 0.6293
vn -0.0065 -0.9561 0.2930
vn -0.0000 -0.9482 0.3178
vn -0.0003 -0.9509 0.3095
vn 0.0427 -0.9742 0.2217
vn 0.0427 -0.9742 0.2217
vn 0.0106 -0.9768 0.2140
vn -0.0000 -0.9482 0.3178
vn 0.0427 -0.9742 0.2217
vn -0.0048 -0.9716 0.2367
vn 0.0106 -0.9768 0.2140
vn -0.0048 -0.9716 0.2367
vn 0.0460 -0.6075 0.7930
vn 0.0074 -0.9846 0.1744
vn -0.0048 -0.9716 0.2367
vn -0.0081 -0.9546 0.2978
vn 0.0460 -0.6075 0.7930
vn -0.0048 -0.9716 0.2367
vn 0.0009 -0.9404 0.3400
vn -0.0081 -0.9546 0.2978
vn 0.0009 -0.9404 0.3400
vn -0.0170 -0.9330 0.3595
vn -0.0081 -0.9546 0.2978
vn 0.0245 -0.9468 -0.3209
vn 0.0266 -0.9475 -0.3185
vn -0.0286 -0.9493 -0.3132
vn 0.0464 -0.9904 -0.1303
vn -0.0286 -0.9493 -0.3132
vn 0.0046 -0.9645 -0.2640
vn -0.0414 -0.9541 -0.2966
vn 0.0245 -0.9468 -0.3209
vn -0.0286 -0.9493 -0.3132
vn 0.0472 -0.9551 -0.2924
vn 0.0137 -0.9810 0.1936
vn 0.0053 -0.9597 -0.2811
vn 0.0472 -0.9551 -0.2924
vn 0.0078 -0.9693 -0.2458
vn 0.0006 -0.7928 -0.6095
vn 0.0472 -0.9551 -0.2924
vn 0.0158 -0.9562 -0.2922
vn 0.0078 -0.9693 -0.2458
vn -0.0286 -0.9493 -0.3132
vn 0.0266 -0.9475 -0.3185
vn -0.0221 -0.9172 -0.3979
vn 0.0158 -0.9562 -0.2922
vn -0.0286 -0.9493 -0.3132
vn -0.0221 -0.9172 -0.3979
vn -0.0003 -0.9509 0.3095
vn -0.0005 -0.9498 0.3129
vn 0.0427 -0.9742 0.2217
vn 0.0520 -0.9504 0.3068
vn 0.0427 -0.9742 0.2217
vn 0.0044 -0.9782 0.2078
vn 0.0427 -0.9742 0.2217
vn -0.0005 -0.9498 0.3129
vn 0.0002 -0.9537 0.3006
vn 0.0427 -0.9742 0.2217
vn 0.0002 -0.9537 0.3006
vn 0.0044 -0.9782 0.2078
vn 0.0520 -0.9504 0.3068
vn 0.0057 -0.9811 0.1932
vn 0.0009 -0.9404 0.3400
vn 0.0427 -0.9742 0.2217
vn 0.0520 -0.9504 0.3068
vn -0.0048 -0.9716 0.2367
vn -0.0048 -0.9716 0.2367
vn 0.0520 -0.9504 0.3068
vn 0.0009 -0.9404 0.3400
vn 0.0052 -0.9579 -0.2871
vn 0.0068 -0.9549 -0.2968
vn 0.0472 -0.9551 -0.2924
vn 0.0472 -0.9551 -0.2924
vn 0.0068 -0.9549 -0.2968
vn 0.0059 -0.9479 -0.3185
vn 0.0472 -0.9551 -0.2924
vn 0.0053 -0.9597 -0.2811
vn 0.0052 -0.9579 -0.2871
vn 0.0059 -0.9479 -0.3185
vn 0.0213 -0.9730 -0.2300
vn 0.0472 -0.9551 -0.2924
vn 0.0472 -0.9551 -0.2924
vn -0.0286 -0.9493 -0.3132
vn 0.0158 -0.9562 -0.2922
vn -0.0286 -0.9493 -0.3132
vn 0.0472 -0.9551 -0.2924
vn -0.0205 -0.9845 -0.1740
vn 0.0213 -0.9730 -0.2300
vn -0.0103 -0.9723 -0.2333
vn -0.0205 -0.9845 -0.1740
vn -0.0205 -0.9845 -0.1740
vn -0.0103 -0.9723 -0.2333
vn -0.0286 -0.9493 -0.3132
vn -0.0205 -0.9845 -0.1740
vn 0.0472 -0.9551 -0.2924
vn 0.0213 -0.9730 -0.2300
vn 0.5140 -0.2878 0.8081
vn 0.5140 -0.2878 0.8081
vn 0.5140 -0.2878 0.8081
vn -0.5140 0.2878 -0.8081
vn -0.5140 0.2878 -0.8081
vn -0.5140 0.2878 -0.8081
vn 0.7880 -0.4363 0.4343
vn 0.7880 -0.4363 0.4343
vn 0.7880 -0.4363 0.4343
vn -0.7880 0.4363 -0.4343
vn -0.7880 0.4363 -0.4343
vn -0.7880 0.4363 -0.4343
vn 0.0764 -0.5506 -0.8313
vn 0.0764 -0.5506 -0.8313
vn 0.0764 -0.5506 -0.8313
vn 0.5855 0.8042 0.1027
vn 0.5855 0.8042 0.1027
vn 0.5855 0.8042 0.1027
vn -0.0002 -0.0002 1.0000
vn -0.0368 -0.0407 0.9985
vn -0.0645 0.2320 0.9706
vn -0.0313 -0.3037 0.9523
vn -0.0645 0.2320 0.9706
vn -0.0368 -0.0407 0.9985
vn -0.0313 -0.3037 0.9523
vn -0.0775 -0.0190 0.9968
vn -0.0645 0.2320 0.9706
vn -0.0608 0.1837 -0.9811
vn -0.0608 0.1837 -0.9811
vn -0.0608 0.1837 -0.9811
vn 0.0148 -0.0193 0.9997
vn 0.1140 -0.0107 0.9934
vn 0.3382 -0.0780 0.9378
vn 0.0703 0.9747 0.2122
vn -0.6190 0.7745 0.1306
vn -0.6190 0.7745 0.1306
vn -0.6422 -0.7096 0.2899
vn -0.6422 -0.7096 0.2899
vn -0.3374 -0.3566 0.8712
vn -0.3374 -0.3566 0.8712
vn -0.2341 0.3985 0.8868
vn -0.0775 -0.0190 0.9968
vn 0.1073 0.4591 0.8819
vn 0.3382 -0.0780 0.9378
vn 0.1140 -0.0107 0.9934
vn -0.0964 -0.3530 0.9306
vn 0.0148 -0.0193 0.9997
vn 0.3382 -0.0780 0.9378
vn 0.3382 -0.0780 0.9378
vn -0.3374 -0.3566 0.8712
vn -0.0964 -0.3530 0.9306
vn 0.7514 0.5962 0.2827
vn 0.0703 0.9747 0.2122
vn 0.7514 0.5962 0.2827
vn -0.2341 0.3985 0.8868
vn -0.3374 -0.3566 0.8712
vn 0.3382 -0.0780 0.9378
f 501//1 587//2 597//3
f 486//4 501//5 597//6
f 597//7 627//8 486//9
f 587//10 627//11 597//12
f 486//13 627//14 508//15
f 483//16 507//17 587//18
f 617//19 619//20 603//21
f 593//22 617//23 603//24
f 585//25 577//26 583//27
f 585//28 602//29 577//30
f 571//31 577//32 602//33
f 602//34 562//35 571//36
f 557//37 562//38 602//39
f 602//40 537//41 557//42
f 537//43 552//44 557//45
f 548//46 552//47 537//48
f 527//49 533//50 537//51
f 537//52 508//53 522//54
f 522//55 527//56 537//57
f 508//58 537//59 501//60
f 600//61 602//62 603//63
f 613//64 600//65 603//66
f 602//67 593//68 603//69
f 602//70 585//71 593//72
f 486//73 508//74 501//75
f 501//76 478//77 587//78
f 587//79 478//80 483//81
f 510//82 507//83 483//84
f 512//85 510//86 483//87
f 516//88 512//89 483//90
f 519//91 516//92 483//93
f 483//94 493//95 531//96
f 531//97 525//98 483//99
f 540//100 538//101 493//102
f 538//103 531//104 493//105
f 542//106 540//107 493//108
f 553//109 493//110 560//111
f 560//112 491//113 566//114
f 491//115 574//116 566//117
f 576//118 574//119 491//120
f 580//121 576//122 491//123
f 491//124 584//125 580//126
f 591//127 584//128 491//129
f 491//130 605//131 591//132
f 620//133 591//134 605//135
f 616//136 605//137 612//138
f 493//139 491//140 560//141
f 612//142 491//143 610//144
f 605//145 491//146 612//147
f 607//148 610//149 491//150
f 478//151 491//152 483//153
f 493//154 483//155 491//156
f 598//157 607//158 491//159
f 620//160 605//161 745//162
f 605//163 748//164 745//165
f 748//166 605//167 616//168
f 748//169 616//170 612//171
f 612//172 737//173 748//174
f 731//175 737//176 612//177
f 612//178 610//179 731//180
f 610//181 726//182 731//183
f 726//184 610//185 607//186
f 748//187 607//188 745//189
f 783//190 745//191 607//192
f 748//193 737//194 731//195
f 731//196 607//197 748//198
f 607//199 731//200 726//201
f 783//202 607//203 853//204
f 1049//205 1057//206 1055//207
f 1057//208 1089//209 1055//210
f 1119//211 1116//212 1131//213
f 1049//214 853//215 1040//216
f 1057//217 1049//218 1040//219
f 1040//220 1116//221 1057//222
f 1119//223 1057//224 1116//225
f 607//226 598//227 760//228
f 760//229 853//230 607//231
f 598//232 491//233 547//234
f 547//235 491//236 546//237
f 481//238 546//239 491//240
f 598//241 547//242 760//243
f 547//244 702//245 760//246
f 652//247 702//248 547//249
f 547//250 546//251 652//252
f 546//253 631//254 652//255
f 631//256 546//257 564//258
f 760//259 702//260 652//261
f 853//262 760//263 652//264
f 853//265 1027//266 1040//267
f 742//268 853//269 652//270
f 1027//271 1131//272 1116//273
f 1116//274 1040//275 1027//276
f 853//277 766//278 1027//279
f 766//280 853//281 742//282
f 652//283 631//284 742//285
f 631//286 564//287 634//288
f 524//289 634//290 564//291
f 524//292 564//293 546//294
f 481//295 485//296 546//297
f 481//298 479//299 485//300
f 479//301 488//302 484//303
f 484//304 485//305 479//306
f 1027//307 774//308 780//309
f 774//310 1027//311 766//312
f 766//313 724//314 774//315
f 766//316 742//317 724//318
f 689//319 724//320 742//321
f 742//322 631//323 689//324
f 631//325 634//326 689//327
f 1192//328 1027//329 780//330
f 780//331 1190//332 1192//333
f 478//334 501//335 479//336
f 481//337 491//338 478//339
f 478//340 479//341 481//342
f 479//343 501//344 488//345
f 559//346 558//347 555//348
f 555//349 543//350 559//351
f 480//352 488//353 501//354
f 555//355 551//356 543//357
f 480//358 543//359 488//360
f 488//361 543//362 551//363
f 501//364 537//365 602//366
f 543//367 501//368 602//369
f 640//370 543//371 602//372
f 501//373 543//374 480//375
f 640//376 602//377 727//378
f 727//379 762//380 640//381
f 559//382 543//383 640//384
f 640//385 762//386 559//387
f 559//388 762//389 761//390
f 558//391 559//392 761//393
f 761//394 746//395 558//396
f 555//397 558//398 746//399
f 746//400 703//401 555//402
f 551//403 555//404 703//405
f 488//406 703//407 628//408
f 703//409 488//410 551//411
f 488//412 628//413 545//414
f 747//415 619//416 617//417
f 619//418 747//419 743//420
f 743//421 603//422 619//423
f 603//424 743//425 739//426
f 739//427 613//428 603//429
f 613//430 739//431 733//432
f 733//433 600//434 613//435
f 600//436 733//437 727//438
f 727//439 602//440 600//441
f 743//442 747//443 727//444
f 727//445 739//446 743//447
f 727//448 733//449 739//450
f 719//451 628//452 703//453
f 775//454 719//455 770//456
f 775//457 779//458 778//459
f 1131//460 1193//461 1262//462
f 1262//463 1089//464 1131//465
f 1119//466 1131//467 1089//468
f 1089//469 1057//470 1119//471
f 1058//472 1105//473 1052//474
f 1038//475 1113//476 1115//477
f 1115//478 1043//479 1038//480
f 1038//481 1111//482 1113//483
f 1038//484 1043//485 1049//486
f 1049//487 1052//488 1038//489
f 1038//490 1109//491 1111//492
f 783//493 1049//494 1043//495
f 1109//496 1038//497 1052//498
f 1052//499 1107//500 1109//501
f 1052//502 1105//503 1107//504
f 1052//505 1102//506 1058//507
f 1052//508 1100//509 1102//510
f 1052//511 1098//512 1100//513
f 1049//514 1055//515 1052//516
f 1052//517 1096//518 1098//519
f 1096//520 1052//521 1055//522
f 1055//523 1094//524 1096//525
f 783//526 853//527 1049//528
f 1055//529 1092//530 1094//531
f 1055//532 1090//533 1092//534
f 1055//535 1089//536 1090//537
f 874//538 875//539 841//540
f 868//541 788//542 783//543
f 868//544 792//545 788//546
f 800//547 797//548 844//549
f 844//550 797//551 792//552
f 810//553 806//554 844//555
f 806//556 804//557 844//558
f 800//559 844//560 804//561
f 844//562 814//563 810//564
f 844//565 818//566 814//567
f 844//568 822//569 818//570
f 844//571 825//572 822//573
f 844//574 833//575 829//576
f 833//577 844//578 854//579
f 854//580 835//581 833//582
f 841//583 755//584 857//585
f 879//586 874//587 841//588
f 880//589 879//590 841//591
f 841//592 887//593 880//594
f 887//595 841//596 857//597
f 857//598 891//599 887//600
f 893//601 891//602 857//603
f 857//604 898//605 893//606
f 857//607 903//608 898//609
f 906//610 903//611 857//612
f 857//613 908//614 906//615
f 857//616 914//617 908//618
f 918//619 914//620 857//621
f 857//622 925//623 918//624
f 925//625 857//626 935//627
f 935//628 929//629 925//630
f 946//631 940//632 935//633
f 940//634 939//635 935//636
f 935//637 951//638 946//639
f 951//640 935//641 854//642
f 952//643 951//644 854//645
f 959//646 952//647 854//648
f 964//649 963//650 854//651
f 854//652 963//653 959//654
f 844//655 973//656 969//657
f 974//658 973//659 844//660
f 844//661 980//662 974//663
f 992//664 985//665 844//666
f 985//667 984//668 844//669
f 844//670 984//671 980//672
f 844//673 996//674 992//675
f 997//676 996//677 844//678
f 1004//679 997//680 844//681
f 868//682 1012//683 1009//684
f 783//685 1021//686 1016//687
f 844//688 829//689 825//690
f 969//691 854//692 844//693
f 854//694 969//695 964//696
f 844//697 868//698 1004//699
f 792//700 868//701 844//702
f 1009//703 1004//704 868//705
f 1004//706 1009//707 1005//708
f 1016//709 868//710 783//711
f 873//712 877//713 841//714
f 1019//715 1024//716 842//717
f 1002//718 1010//719 848//720
f 848//721 1017//722 1019//723
f 842//724 848//725 1019//726
f 837//727 927//728 932//729
f 837//730 932//731 934//732
f 837//733 934//734 937//735
f 837//736 937//737 943//738
f 943//739 865//740 837//741
f 865//742 943//743 944//744
f 865//745 944//746 949//747
f 865//748 949//749 955//750
f 865//751 955//752 957//753
f 851//754 865//755 957//756
f 957//757 961//758 851//759
f 977//760 869//761 851//762
f 869//763 977//764 978//765
f 869//766 978//767 982//768
f 869//769 982//770 989//771
f 869//772 989//773 990//774
f 869//775 990//776 994//777
f 994//778 1002//779 869//780
f 1002//781 994//782 1000//783
f 916//784 921//785 837//786
f 921//787 923//788 837//789
f 837//790 923//791 927//792
f 837//793 912//794 916//795
f 912//796 837//797 859//798
f 859//799 910//800 912//801
f 859//802 905//803 910//804
f 859//805 901//806 905//807
f 859//808 894//809 899//810
f 877//811 859//812 841//813
f 859//814 877//815 882//816
f 859//817 882//818 886//819
f 886//820 889//821 859//822
f 859//823 889//824 894//825
f 827//826 831//827 851//828
f 851//829 852//830 827//831
f 820//832 537//833 852//834
f 852//835 848//836 820//837
f 848//838 816//839 820//840
f 808//841 848//842 802//843
f 848//844 799//845 802//846
f 848//847 785//848 790//849
f 848//850 790//851 794//852
f 848//853 794//854 799//855
f 848//856 812//857 816//858
f 848//859 808//860 812//861
f 848//862 869//863 1002//864
f 869//865 852//866 851//867
f 869//868 848//869 852//870
f 865//871 851//872 837//873
f 841//874 875//875 873//876
f 859//877 899//878 901//879
f 727//880 785//881 848//882
f 848//883 842//884 727//885
f 1051//886 1095//887 1093//888
f 1051//889 1099//890 1097//891
f 1053//892 1103//893 1101//894
f 1053//895 1106//896 1104//897
f 1053//898 1108//899 1106//900
f 1053//901 1112//902 1110//903
f 1114//904 1112//905 1053//906
f 1053//907 1051//908 842//909
f 1101//910 1051//911 1053//912
f 1051//913 1101//914 1099//915
f 1053//916 1104//917 1103//918
f 1053//919 1110//920 1108//921
f 1051//922 1091//923 1088//924
f 1051//925 1093//926 1091//927
f 1051//928 1097//929 1095//930
f 1286//931 1203//932 1115//933
f 1115//934 1113//935 1286//936
f 1284//937 1286//938 1113//939
f 1113//940 1111//941 1284//942
f 1282//943 1284//944 1111//945
f 1111//946 1109//947 1282//948
f 1280//949 1282//950 1109//951
f 1109//952 1107//953 1280//954
f 1278//955 1280//956 1107//957
f 1107//958 1105//959 1278//960
f 1276//961 1278//962 1105//963
f 1105//964 1058//965 1276//966
f 1274//967 1276//968 1058//969
f 1058//970 1102//971 1274//972
f 1272//973 1274//974 1102//975
f 1102//976 1100//977 1272//978
f 1090//979 1089//980 1262//981
f 1262//982 1264//983 1090//984
f 1092//985 1090//986 1264//987
f 1094//988 1092//989 1264//990
f 1264//991 1266//992 1094//993
f 1096//994 1094//995 1266//996
f 1266//997 1268//998 1096//999
f 1098//1000 1096//1001 1268//1002
f 1268//1003 1270//1004 1098//1005
f 1100//1006 1098//1007 1270//1008
f 1270//1009 1272//1010 1100//1011
f 1321//1012 1264//1013 1262//1014
f 1321//1015 1266//1016 1264//1017
f 1321//1018 1268//1019 1266//1020
f 1321//1021 1270//1022 1268//1023
f 1272//1024 1270//1025 1321//1026
f 1321//1027 1274//1028 1272//1029
f 1321//1030 1276//1031 1274//1032
f 1321//1033 1278//1034 1276//1035
f 1321//1036 1280//1037 1278//1038
f 1280//1039 1321//1040 1350//1041
f 1350//1042 1282//1043 1280//1044
f 1350//1045 1284//1046 1282//1047
f 1350//1048 1286//1049 1284//1050
f 1286//1051 1350//1052 1203//1053
f 1675//1054 1350//1055 1321//1056
f 1203//1057 1350//1058 1675//1059
f 1051//1060 1088//1061 1128//1062
f 842//1063 1051//1064 1128//1065
f 761//1066 744//1067 746//1068
f 744//1069 761//1070 762//1071
f 762//1072 727//1073 744//1074
f 779//1075 775//1076 786//1077
f 770//1078 719//1079 703//1080
f 727//1081 703//1082 746//1083
f 744//1084 727//1085 746//1086
f 786//1087 775//1088 770//1089
f 703//1090 842//1091 768//1092
f 842//1093 703//1094 727//1095
f 842//1096 1128//1097 770//1098
f 768//1099 842//1100 770//1101
f 1025//1102 786//1103 1128//1104
f 770//1105 703//1106 768//1107
f 1128//1108 786//1109 770//1110
f 1261//1111 1470//1112 1132//1113
f 1132//1114 1088//1115 1261//1116
f 1132//1117 1128//1118 1088//1119
f 1112//1120 1114//1121 1287//1122
f 1287//1123 1285//1124 1112//1125
f 1110//1126 1112//1127 1285//1128
f 1285//1129 1283//1130 1110//1131
f 1108//1132 1110//1133 1283//1134
f 1283//1135 1281//1136 1108//1137
f 1106//1138 1108//1139 1281//1140
f 1281//1141 1279//1142 1106//1143
f 1104//1144 1106//1145 1279//1146
f 1279//1147 1277//1148 1104//1149
f 1103//1150 1104//1151 1277//1152
f 1277//1153 1275//1154 1103//1155
f 1101//1156 1103//1157 1275//1158
f 1275//1159 1273//1160 1101//1161
f 1099//1162 1101//1163 1273//1164
f 1263//1165 1261//1166 1088//1167
f 1088//1168 1091//1169 1263//1170
f 1265//1171 1263//1172 1091//1173
f 1091//1174 1093//1175 1265//1176
f 1267//1177 1265//1178 1093//1179
f 1093//1180 1095//1181 1267//1182
f 1269//1183 1267//1184 1095//1185
f 1095//1186 1097//1187 1269//1188
f 1271//1189 1269//1190 1097//1191
f 1097//1192 1099//1193 1271//1194
f 1273//1195 1271//1196 1099//1197
f 1355//1198 1279//1199 1281//1200
f 1355//1201 1281//1202 1283//1203
f 1355//1204 1283//1205 1285//1206
f 1355//1207 1285//1208 1287//1209
f 1287//1210 1581//1211 1355//1212
f 1355//1213 1273//1214 1275//1215
f 1275//1216 1277//1217 1355//1218
f 1355//1219 1277//1220 1279//1221
f 1355//1222 1261//1223 1263//1224
f 1355//1225 1263//1226 1265//1227
f 1355//1228 1265//1229 1267//1230
f 1355//1231 1267//1232 1269//1233
f 1355//1234 1269//1235 1271//1236
f 1355//1237 1271//1238 1273//1239
f 2022//1240 1355//1241 1581//1242
f 1464//1243 1355//1244 2022//1245
f 779//1246 1188//1247 1187//1248
f 1187//1249 778//1250 779//1251
f 1491//1252 1492//1253 1581//1254
f 1530//1255 1533//1256 1535//1257
f 1649//1258 1530//1259 1535//1260
f 1649//1261 1544//1262 1545//1263
f 1649//1264 1545//1265 1549//1266
f 1642//1267 1566//1268 1569//1269
f 1563//1270 1566//1271 1642//1272
f 1642//1273 1559//1274 1563//1275
f 1559//1276 1642//1277 1982//1278
f 1556//1279 1559//1280 1982//1281
f 1555//1282 1556//1283 1982//1284
f 1549//1285 1555//1286 1982//1287
f 1549//1288 1982//1289 1649//1290
f 1709//1291 1580//1292 1583//1293
f 1709//1294 1708//1295 1580//1296
f 1708//1297 1569//1298 1574//1299
f 1569//1300 1708//1301 1642//1302
f 1636//1303 1588//1304 1597//1305
f 1636//1306 1637//1307 1588//1308
f 1586//1309 1588//1310 1637//1311
f 1583//1312 1586//1313 1637//1314
f 1637//1315 1709//1316 1583//1317
f 1606//1318 1624//1319 1627//1320
f 1627//1321 1630//1322 1606//1323
f 1602//1324 1606//1325 1630//1326
f 1602//1327 1630//1328 1632//1329
f 1632//1330 1597//1331 1602//1332
f 1519//1333 1522//1334 1530//1335
f 1522//1336 1525//1337 1530//1338
f 1656//1339 1514//1340 1519//1341
f 1509//1342 1514//1343 1656//1344
f 1506//1345 1656//1346 1680//1347
f 1680//1348 1181//1349 1506//1350
f 1492//1351 1493//1352 1581//1353
f 1261//1354 1355//1355 1470//1356
f 1355//1357 1464//1358 1470//1359
f 1470//1360 1464//1361 2022//1362
f 1474//1363 1470//1364 2022//1365
f 2022//1366 1802//1367 1474//1368
f 1188//1369 779//1370 786//1371
f 1189//1372 1128//1373 1132//1374
f 1132//1375 1470//1376 1189//1377
f 1188//1378 786//1379 1025//1380
f 1025//1381 1189//1382 1188//1383
f 1189//1384 1025//1385 1128//1386
f 1380//1387 1356//1388 1210//1389
f 1356//1390 1311//1391 1210//1392
f 1311//1393 1223//1394 1210//1395
f 1223//1396 1187//1397 1210//1398
f 1187//1399 1188//1400 1210//1401
f 2022//1402 1995//1403 2243//1404
f 2022//1405 2243//1406 2170//1407
f 2022//1408 2170//1409 1802//1410
f 1210//1411 1470//1412 1474//1413
f 1210//1414 1188//1415 1189//1416
f 1189//1417 1470//1418 1210//1419
f 1210//1420 1474//1421 1392//1422
f 1433//1423 1438//1424 1435//1425
f 1438//1426 1442//1427 1440//1428
f 1438//1429 1446//1430 1442//1431
f 1438//1432 1448//1433 1446//1434
f 1438//1435 1392//1436 1448//1437
f 1392//1438 1451//1439 1448//1440
f 1392//1441 1455//1442 1453//1443
f 1392//1444 1458//1445 1455//1446
f 1392//1447 1479//1448 1460//1449
f 1438//1450 1210//1451 1392//1452
f 1453//1453 1451//1454 1392//1455
f 1433//1456 1210//1457 1438//1458
f 1380//1459 1210//1460 1433//1461
f 1433//1462 1844//1463 1756//1464
f 1756//1465 1380//1466 1433//1467
f 1718//1468 1677//1469 1716//1470
f 1718//1471 1716//1472 1721//1473
f 1694//1474 1759//1475 1754//1476
f 1694//1477 1762//1478 1759//1479
f 1694//1480 1783//1481 1779//1482
f 1802//1483 1797//1484 1790//1485
f 1729//1486 1716//1487 1677//1488
f 1716//1489 1729//1490 1730//1491
f 1730//1492 1725//1493 1716//1494
f 1479//1495 1392//1496 1474//1497
f 1677//1498 1698//1499 1735//1500
f 1735//1501 1729//1502 1677//1503
f 1474//1504 1677//1505 1479//1506
f 1474//1507 1698//1508 1677//1509
f 1747//1510 1744//1511 1698//1512
f 1754//1513 1747//1514 1698//1515
f 1694//1516 1698//1517 1474//1518
f 1754//1519 1698//1520 1694//1521
f 1770//1522 1762//1523 1694//1524
f 1788//1525 1783//1526 1694//1527
f 1790//1528 1788//1529 1694//1530
f 1802//1531 1694//1532 1474//1533
f 1790//1534 1694//1535 1802//1536
f 1799//1537 1797//1538 1802//1539
f 1802//1540 2170//1541 2169//1542
f 2088//1543 1718//1544 1721//1545
f 2169//1546 1799//1547 1802//1548
f 1799//1549 2169//1550 2168//1551
f 1797//1552 1799//1553 2168//1554
f 2168//1555 2164//1556 1797//1557
f 1790//1558 1797//1559 2164//1560
f 2164//1561 2160//1562 1790//1563
f 1788//1564 1790//1565 2160//1566
f 2160//1567 2156//1568 1788//1569
f 1783//1570 1788//1571 2156//1572
f 2156//1573 2154//1574 1783//1575
f 1779//1576 1783//1577 2154//1578
f 2154//1579 2151//1580 1779//1581
f 1694//1582 1779//1583 2151//1584
f 1770//1585 1694//1586 2151//1587
f 2151//1588 2144//1589 1770//1590
f 1762//1591 1770//1592 2144//1593
f 2144//1594 2140//1595 1762//1596
f 1759//1597 1762//1598 2140//1599
f 2140//1600 2135//1601 1759//1602
f 1754//1603 1759//1604 2135//1605
f 2135//1606 2131//1607 1754//1608
f 1747//1609 1754//1610 2131//1611
f 2131//1612 2125//1613 1747//1614
f 1744//1615 1747//1616 2125//1617
f 2125//1618 2122//1619 1744//1620
f 2122//1621 2118//1622 1744//1623
f 1698//1624 1744//1625 2118//1626
f 1735//1627 1698//1628 2118//1629
f 2118//1630 2116//1631 1735//1632
f 1729//1633 1735//1634 2116//1635
f 2116//1636 2101//1637 1729//1638
f 1730//1639 1729//1640 2101//1641
f 2101//1642 2097//1643 1730//1644
f 1725//1645 1730//1646 2097//1647
f 2097//1648 2095//1649 1725//1650
f 1716//1651 1725//1652 2095//1653
f 2095//1654 2092//1655 1716//1656
f 1721//1657 1716//1658 2092//1659
f 1721//1660 2092//1661 2088//1662
f 2225//1663 2169//1664 2170//1665
f 2225//1666 2170//1667 2243//1668
f 1458//1669 1392//1670 1825//1671
f 1433//1672 1435//1673 1775//1674
f 1775//1675 1844//1676 1433//1677
f 1825//1678 1392//1679 1460//1680
f 1460//1681 1845//1682 1825//1683
f 1460//1684 1479//1685 1845//1686
f 1825//1687 1819//1688 1458//1689
f 1455//1690 1458//1691 1819//1692
f 1819//1693 1817//1694 1455//1695
f 1817//1696 1453//1697 1455//1698
f 1453//1699 1817//1700 1815//1701
f 1815//1702 1813//1703 1453//1704
f 1451//1705 1453//1706 1813//1707
f 1813//1708 1811//1709 1451//1710
f 1448//1711 1451//1712 1811//1713
f 1811//1714 1807//1715 1448//1716
f 1446//1717 1448//1718 1807//1719
f 1807//1720 1805//1721 1446//1722
f 1442//1723 1446//1724 1805//1725
f 1805//1726 1795//1727 1442//1728
f 1440//1729 1442//1730 1795//1731
f 1795//1732 1782//1733 1440//1734
f 1438//1735 1440//1736 1782//1737
f 1435//1738 1438//1739 1782//1740
f 1782//1741 1775//1742 1435//1743
f 1867//1744 1878//1745 1845//1746
f 1819//1747 1825//1748 1878//1749
f 1815//1750 1817//1751 1878//1752
f 1807//1753 1811//1754 1844//1755
f 1795//1756 1805//1757 1844//1758
f 1878//1759 1825//1760 1845//1761
f 1817//1762 1819//1763 1878//1764
f 1813//1765 1815//1766 1878//1767
f 1878//1768 1844//1769 1813//1770
f 1877//1771 1844//1772 1878//1773
f 1844//1774 1811//1775 1813//1776
f 1805//1777 1807//1778 1844//1779
f 1782//1780 1795//1781 1844//1782
f 1844//1783 1775//1784 1782//1785
f 1964//1786 1931//1787 1877//1788
f 1931//1789 1964//1790 1925//1791
f 1925//1792 1924//1793 1931//1794
f 1806//1795 1796//1796 1814//1797
f 1812//1798 1808//1799 1814//1800
f 1814//1801 2198//1802 1846//1803
f 1774//1804 1769//1805 1856//1806
f 1937//1807 1814//1808 1964//1809
f 1846//1810 1838//1811 1814//1812
f 1814//1813 1838//1814 1826//1815
f 1814//1816 1826//1817 1818//1818
f 1818//1819 1816//1820 1814//1821
f 1814//1822 1808//1823 1806//1824
f 1814//1825 1796//1826 1781//1827
f 1814//1828 1781//1829 1774//1830
f 1774//1831 1856//1832 1814//1833
f 1769//1834 1757//1835 1856//1836
f 1892//1837 1925//1838 1964//1839
f 1892//1840 1964//1841 1814//1842
f 1814//1843 1856//1844 1892//1845
f 1437//1846 1434//1847 1769//1848
f 1769//1849 1774//1850 1437//1851
f 1439//1852 1437//1853 1774//1854
f 1774//1855 1781//1856 1439//1857
f 1781//1858 1441//1859 1439//1860
f 1444//1861 1441//1862 1781//1863
f 1781//1864 1796//1865 1444//1866
f 1447//1867 1444//1868 1796//1869
f 1796//1870 1806//1871 1447//1872
f 1806//1873 1808//1874 1447//1875
f 1449//1876 1447//1877 1808//1878
f 1808//1879 1812//1880 1449//1881
f 1452//1882 1449//1883 1812//1884
f 1812//1885 1814//1886 1452//1887
f 1814//1888 1816//1889 1452//1890
f 1456//1891 1452//1892 1816//1893
f 1816//1894 1818//1895 1456//1896
f 1459//1897 1456//1898 1818//1899
f 1818//1900 1826//1901 1459//1902
f 1461//1903 1459//1904 1826//1905
f 1826//1906 1838//1907 1461//1908
f 1461//1909 1838//1910 1846//1911
f 1846//1912 1495//1913 1461//1914
f 1757//1915 1769//1916 1434//1917
f 1434//1918 1381//1919 1757//1920
f 1381//1921 1434//1922 1429//1923
f 1339//1924 1192//1925 1190//1926
f 1190//1927 1227//1928 1339//1929
f 1227//1930 1338//1931 1339//1932
f 1429//1933 1339//1934 1338//1935
f 1429//1936 1338//1937 1381//1938
f 1192//1939 1193//1940 1027//1941
f 1131//1942 1027//1943 1193//1944
f 1695//1945 1675//1946 1662//1947
f 1387//1948 1675//1949 1321//1950
f 1321//1951 1262//1952 1193//1953
f 1511//1954 1678//1955 1518//1956
f 1658//1957 1503//1958 1501//1959
f 1983//1960 1658//1961 1501//1962
f 1511//1963 1508//1964 1678//1965
f 1518//1966 1516//1967 1511//1968
f 1527//1969 1521//1970 1518//1971
f 1518//1972 1653//1973 1527//1974
f 1653//1975 1528//1976 1527//1977
f 1532//1978 1528//1979 1653//1980
f 1653//1981 1651//1982 1532//1983
f 1651//1984 1650//1985 1540//1986
f 1650//1987 1542//1988 1540//1989
f 1571//1990 1646//1991 1644//1992
f 1646//1993 1571//1994 1565//1995
f 1650//1996 1707//1997 1551//1998
f 1707//1999 1553//2000 1551//2001
f 1707//2002 1646//2003 1561//2004
f 1565//2005 1561//2006 1646//2007
f 1584//2008 1641//2009 1611//2010
f 1578//2011 1641//2012 1584//2013
f 1644//2014 1641//2015 1578//2016
f 1578//2017 1575//2018 1644//2019
f 1644//2020 1575//2021 1571//2022
f 1592//2023 1611//2024 1635//2025
f 1596//2026 1635//2027 1629//2028
f 1596//2029 1595//2030 1635//2031
f 1635//2032 1595//2033 1592//2034
f 1607//2035 1623//2036 1612//2037
f 1623//2038 1607//2039 1601//2040
f 1601//2041 1629//2042 1623//2043
f 1601//2044 1600//2045 1629//2046
f 1629//2047 1600//2048 1596//2049
f 1612//2050 1615//2051 1614//2052
f 1614//2053 1613//2054 1612//2055
f 1613//2056 1607//2057 1612//2058
f 1193//2059 1192//2060 1339//2061
f 1339//2062 1429//2063 1655//2064
f 1429//2065 1434//2066 1437//2067
f 1429//2068 1461//2069 1495//2070
f 1459//2071 1461//2072 1429//2073
f 1429//2074 1456//2075 1459//2076
f 1452//2077 1456//2078 1429//2079
f 1449//2080 1452//2081 1429//2082
f 1447//2083 1449//2084 1429//2085
f 1441//2086 1444//2087 1429//2088
f 1444//2089 1447//2090 1429//2091
f 1437//2092 1439//2093 1429//2094
f 1439//2095 1441//2096 1429//2097
f 1193//2098 1339//2099 1655//2100
f 1695//2101 1791//2102 1801//2103
f 1793//2104 1798//2105 1791//2106
f 1791//2107 1798//2108 1801//2109
f 1765//2110 1717//2111 1780//2112
f 1780//2113 1784//2114 1765//2115
f 1771//2116 1776//2117 1717//2118
f 1717//2119 1776//2120 1780//2121
f 1761//2122 1771//2123 1717//2124
f 1752//2125 1758//2126 1717//2127
f 1717//2128 1758//2129 1761//2130
f 1752//2131 1715//2132 1748//2133
f 1715//2134 1745//2135 1748//2136
f 1740//2137 1743//2138 1715//2139
f 1715//2140 1743//2141 1745//2142
f 1731//2143 1736//2144 1715//2145
f 1715//2146 1736//2147 1740//2148
f 1495//2149 1724//2150 1715//2151
f 1724//2152 1727//2153 1715//2154
f 1715//2155 1727//2156 1731//2157
f 1495//2158 1655//2159 1429//2160
f 1387//2161 1655//2162 1662//2163
f 1655//2164 1495//2165 1715//2166
f 1715//2167 1662//2168 1655//2169
f 1717//2170 1791//2171 1662//2172
f 1791//2173 1695//2174 1662//2175
f 1717//2176 1662//2177 1715//2178
f 1715//2179 1752//2180 1717//2181
f 1717//2182 1765//2183 1791//2184
f 1321//2185 1193//2186 1655//2187
f 1387//2188 1321//2189 1655//2190
f 1662//2191 1675//2192 1387//2193
f 1724//2194 1495//2195 2090//2196
f 2090//2197 2091//2198 1724//2199
f 1727//2200 1724//2201 2091//2202
f 2091//2203 2093//2204 1727//2205
f 1731//2206 1727//2207 2093//2208
f 2093//2209 2099//2210 1731//2211
f 1736//2212 1731//2213 2099//2214
f 2099//2215 2112//2216 1736//2217
f 1740//2218 1736//2219 2112//2220
f 2112//2221 2113//2222 1740//2223
f 1743//2224 1740//2225 2113//2226
f 2113//2227 2117//2228 1743//2229
f 1745//2230 1743//2231 2117//2232
f 2117//2233 2121//2234 1745//2235
f 1748//2236 1745//2237 2121//2238
f 2121//2239 2126//2240 1748//2241
f 2157//2242 1793//2243 1791//2244
f 2157//2245 1791//2246 1765//2247
f 2153//2248 2157//2249 1765//2250
f 1765//2251 1784//2252 2153//2253
f 1784//2254 1780//2255 2153//2256
f 2150//2257 2153//2258 1780//2259
f 1780//2260 1776//2261 2150//2262
f 2145//2263 2150//2264 1776//2265
f 1776//2266 1771//2267 2145//2268
f 2139//2269 2145//2270 1771//2271
f 1771//2272 1761//2273 2139//2274
f 2134//2275 2139//2276 1761//2277
f 1761//2278 1758//2279 2134//2280
f 2130//2281 2134//2282 1758//2283
f 1758//2284 1752//2285 2130//2286
f 2126//2287 2130//2288 1752//2289
f 1752//2290 1748//2291 2126//2292
f 1793//2293 2157//2294 2162//2295
f 1798//2296 1793//2297 2162//2298
f 2162//2299 2165//2300 1798//2301
f 1801//2302 1798//2303 2165//2304
f 2165//2305 2233//2306 1801//2307
f 2233//2308 1695//2309 1801//2310
f 1695//2311 2233//2312 1985//2313
f 2219//2314 1985//2315 2233//2316
f 2091//2317 2090//2318 2188//2319
f 2093//2320 2091//2321 2188//2322
f 2099//2323 2093//2324 2188//2325
f 2188//2326 2189//2327 2099//2328
f 2112//2329 2099//2330 2189//2331
f 2113//2332 2112//2333 2189//2334
f 2117//2335 2113//2336 2189//2337
f 2189//2338 2193//2339 2117//2340
f 2121//2341 2117//2342 2193//2343
f 2165//2344 2162//2345 2193//2346
f 2189//2347 2188//2348 2193//2349
f 2126//2350 2121//2351 2193//2352
f 2130//2353 2126//2354 2193//2355
f 2134//2356 2130//2357 2193//2358
f 2139//2359 2134//2360 2193//2361
f 2145//2362 2139//2363 2193//2364
f 2150//2365 2145//2366 2193//2367
f 2153//2368 2150//2369 2193//2370
f 2245//2371 2233//2372 2193//2373
f 2157//2374 2153//2375 2193//2376
f 2193//2377 2233//2378 2165//2379
f 2279//2380 2255//2381 2233//2382
f 2233//2383 2245//2384 2279//2385
f 2162//2386 2157//2387 2193//2388
f 2265//2389 2243//2390 2280//2391
f 2348//2392 2313//2393 2333//2394
f 2313//2395 2278//2396 2284//2397
f 2333//2398 2331//2399 2347//2400
f 2275//2401 2276//2402 2292//2403
f 2291//2404 2276//2405 2274//2406
f 2276//2407 2291//2408 2311//2409
f 2320//2410 2276//2411 2311//2412
f 2320//2413 2292//2414 2276//2415
f 2272//2416 2250//2417 2292//2418
f 2319//2419 2292//2420 2320//2421
f 2292//2422 2319//2423 2305//2424
f 2274//2425 2273//2426 2291//2427
f 2332//2428 2311//2429 2312//2430
f 2292//2431 2305//2432 2272//2433
f 2306//2434 2311//2435 2291//2436
f 2320//2437 2333//2438 2319//2439
f 2331//2440 2320//2441 2311//2442
f 2347//2443 2311//2444 2332//2445
f 2320//2446 2331//2447 2333//2448
f 2284//2449 2272//2450 2305//2451
f 2291//2452 2288//2453 2306//2454
f 2306//2455 2312//2456 2311//2457
f 2331//2458 2311//2459 2347//2460
f 2319//2461 2333//2462 2313//2463
f 2280//2464 2272//2465 2284//2466
f 2347//2467 2348//2468 2333//2469
f 2273//2470 2285//2471 2291//2472
f 2319//2473 2313//2474 2305//2475
f 2313//2476 2284//2477 2305//2478
f 2291//2479 2285//2480 2288//2481
f 2306//2482 2302//2483 2323//2484
f 2306//2485 2332//2486 2312//2487
f 2332//2488 2306//2489 2337//2490
f 2302//2491 2306//2492 2288//2493
f 2332//2494 2337//2495 2347//2496
f 2255//2497 2273//2498 2233//2499
f 2233//2500 2273//2501 2263//2502
f 2243//2503 2272//2504 2280//2505
f 2243//2506 2251//2507 2272//2508
f 2251//2509 2250//2510 2272//2511
f 2085//2512 2275//2513 2292//2514
f 2276//2515 2275//2516 2187//2517
f 2274//2518 2276//2519 2248//2520
f 2274//2521 2107//2522 2241//2523
f 2273//2524 2274//2525 2241//2526
f 2241//2527 2263//2528 2273//2529
f 2219//2530 2233//2531 2263//2532
f 2255//2533 2279//2534 2273//2535
f 2279//2536 2285//2537 2273//2538
f 2279//2539 2288//2540 2285//2541
f 2288//2542 2279//2543 2297//2544
f 2288//2545 2297//2546 2302//2547
f 2306//2548 2323//2549 2344//2550
f 2337//2551 2306//2552 2344//2553
f 2347//2554 2337//2555 2344//2556
f 2344//2557 2336//2558 2348//2559
f 2348//2560 2347//2561 2344//2562
f 2336//2563 2315//2564 2348//2565
f 2313//2566 2348//2567 2315//2568
f 2315//2569 2310//2570 2313//2571
f 2278//2572 2313//2573 2310//2574
f 2310//2575 2293//2576 2278//2577
f 2280//2578 2284//2579 2278//2580
f 2265//2581 2280//2582 2278//2583
f 2168//2584 2169//2585 2225//2586
f 2156//2587 2160//2588 2225//2589
f 2225//2590 2160//2591 2164//2592
f 2164//2593 2168//2594 2225//2595
f 2151//2596 2154//2597 2225//2598
f 2154//2599 2156//2600 2225//2601
f 2140//2602 2144//2603 2192//2604
f 2225//2605 2192//2606 2144//2607
f 2144//2608 2151//2609 2225//2610
f 2125//2611 2131//2612 2192//2613
f 2131//2614 2135//2615 2192//2616
f 2135//2617 2140//2618 2192//2619
f 2118//2620 2122//2621 2192//2622
f 2122//2623 2125//2624 2192//2625
f 2116//2626 2118//2627 2192//2628
f 2092//2629 2095//2630 2218//2631
f 2116//2632 2218//2633 2095//2634
f 2095//2635 2097//2636 2116//2637
f 2097//2638 2101//2639 2116//2640
f 2088//2641 2092//2642 2218//2643
f 2225//2644 2243//2645 2265//2646
f 2265//2647 2260//2648 2225//2649
f 2225//2650 2218//2651 2192//2652
f 2192//2653 2218//2654 2116//2655
f 2264//2656 2260//2657 2265//2658
f 2193//2659 2198//2660 2245//2661
f 2090//2662 1495//2663 2198//2664
f 2188//2665 2090//2666 2198//2667
f 1495//2668 1846//2669 2198//2670
f 2198//2671 2193//2672 2188//2673
f 2201//2674 2088//2675 2218//2676
f 2201//2677 1718//2678 2088//2679
f 1845//2680 1479//2681 2199//2682
f 1845//2683 2199//2684 2200//2685
f 1867//2686 1845//2687 2200//2688
f 2200//2689 2202//2690 1867//2691
f 1718//2692 2201//2693 2199//2694
f 2199//2695 1479//2696 1718//2697
f 1479//2698 1677//2699 1718//2700
f 2198//2701 1814//2702 2080//2703
f 2203//2704 2079//2705 1964//2706
f 2080//2707 1814//2708 1937//2709
f 1964//2710 1877//2711 2203//2712
f 1878//2713 1867//2714 2202//2715
f 1937//2716 1964//2717 2069//2718
f 2069//2719 2080//2720 1937//2721
f 2202//2722 2203//2723 1878//2724
f 1877//2725 1878//2726 2203//2727
f 2225//2728 2260//2729 2218//2730
f 2212//2731 2218//2732 2260//2733
f 2069//2734 1964//2735 2079//2736
f 2079//2737 2147//2738 2069//2739
f 2080//2740 2069//2741 2147//2742
f 2198//2743 2080//2744 2147//2745
f 2212//2746 2079//2747 2203//2748
f 2198//2749 2147//2750 2245//2751
f 2079//2752 2212//2753 2217//2754
f 2163//2755 2079//2756 2217//2757
f 2079//2758 2245//2759 2147//2760
f 2203//2761 2218//2762 2212//2763
f 2202//2764 2200//2765 2203//2766
f 2200//2767 2199//2768 2203//2769
f 2199//2770 2201//2771 2203//2772
f 2201//2773 2218//2774 2203//2775
f 781//2776 783//2777 788//2778
f 562//2779 557//2780 812//2781
f 759//2782 707//2783 935//2784
f 587//2785 507//2786 707//2787
f 835//2788 854//2789 707//2790
f 835//2791 707//2792 669//2793
f 507//2794 669//2795 707//2796
f 669//2797 507//2798 510//2799
f 854//2800 935//2801 707//2802
f 759//2803 935//2804 857//2805
f 857//2806 755//2807 759//2808
f 755//2809 841//2810 859//2811
f 755//2812 859//2813 837//2814
f 837//2815 752//2816 755//2817
f 757//2818 752//2819 837//2820
f 715//2821 757//2822 837//2823
f 732//2824 715//2825 837//2826
f 837//2827 851//2828 732//2829
f 633//2830 732//2831 851//2832
f 627//2833 633//2834 508//2835
f 633//2836 851//2837 508//2838
f 508//2839 851//2840 831//2841
f 831//2842 522//2843 508//2844
f 522//2845 831//2846 827//2847
f 827//2848 527//2849 522//2850
f 827//2851 533//2852 527//2853
f 533//2854 827//2855 852//2856
f 548//2857 537//2858 820//2859
f 852//2860 537//2861 533//2862
f 552//2863 548//2864 816//2865
f 820//2866 816//2867 548//2868
f 816//2869 812//2870 557//2871
f 557//2872 552//2873 816//2874
f 571//2875 562//2876 808//2877
f 812//2878 808//2879 562//2880
f 577//2881 571//2882 802//2883
f 808//2884 802//2885 571//2886
f 802//2887 799//2888 577//2889
f 794//2890 790//2891 593//2892
f 593//2893 585//2894 794//2895
f 585//2896 583//2897 794//2898
f 799//2899 794//2900 583//2901
f 583//2902 577//2903 799//2904
f 617//2905 593//2906 790//2907
f 785//2908 727//2909 747//2910
f 790//2911 785//2912 617//2913
f 785//2914 747//2915 617//2916
f 669//2917 510//2918 835//2919
f 835//2920 510//2921 512//2922
f 833//2923 835//2924 512//2925
f 516//2926 519//2927 829//2928
f 829//2929 833//2930 516//2931
f 512//2932 516//2933 833//2934
f 825//2935 829//2936 519//2937
f 519//2938 483//2939 825//2940
f 825//2941 483//2942 525//2943
f 822//2944 825//2945 525//2946
f 822//2947 525//2948 531//2949
f 822//2950 531//2951 538//2952
f 818//2953 822//2954 538//2955
f 538//2956 540//2957 818//2958
f 818//2959 540//2960 542//2961
f 814//2962 818//2963 542//2964
f 542//2965 493//2966 814//2967
f 810//2968 814//2969 553//2970
f 493//2971 553//2972 814//2973
f 810//2974 553//2975 560//2976
f 806//2977 810//2978 560//2979
f 560//2980 566//2981 806//2982
f 574//2983 800//2984 804//2985
f 804//2986 806//2987 574//2988
f 566//2989 574//2990 806//2991
f 800//2992 574//2993 576//2994
f 797//2995 800//2996 576//2997
f 576//2998 580//2999 797//3000
f 580//3001 584//3002 797//3003
f 792//3004 797//3005 584//3006
f 792//3007 584//3008 591//3009
f 591//3010 788//3011 792//3012
f 788//3013 591//3014 620//3015
f 783//3016 781//3017 745//3018
f 788//3019 620//3020 781//3021
f 745//3022 781//3023 620//3024
f 587//3025 636//3026 627//3027
f 636//3028 587//3029 707//3030
f 633//3031 639//3032 732//3033
f 639//3034 633//3035 627//3036
f 639//3037 627//3038 636//3039
f 755//3040 715//3041 717//3042
f 752//3043 757//3044 755//3045
f 715//3046 755//3047 757//3048
f 732//3049 639//3050 704//3051
f 715//3052 732//3053 704//3054
f 717//3055 759//3056 755//3057
f 682//3058 636//3059 707//3060
f 707//3061 717//3062 682//3063
f 717//3064 707//3065 759//3066
f 664//3067 665//3068 676//3069
f 665//3070 664//3071 666//3072
f 639//3073 665//3074 666//3075
f 715//3076 693//3077 691//3078
f 717//3079 715//3080 681//3081
f 691//3082 675//3083 681//3084
f 676//3085 681//3086 675//3087
f 675//3088 664//3089 676//3090
f 715//3091 704//3092 663//3093
f 715//3094 663//3095 693//3096
f 636//3097 682//3098 656//3099
f 681//3100 715//3101 691//3102
f 717//3103 681//3104 682//3105
f 656//3106 665//3107 639//3108
f 704//3109 666//3110 663//3111
f 704//3112 639//3113 666//3114
f 639//3115 636//3116 656//3117
f 655//3118 650//3119 656//3120
f 656//3121 682//3122 655//3123
f 682//3124 681//3125 655//3126
f 685//3127 655//3128 681//3129
f 650//3130 685//3131 681//3132
f 681//3133 676//3134 650//3135
f 676//3136 665//3137 650//3138
f 665//3139 656//3140 650//3141
f 685//3142 650//3143 655//3144
f 664//3145 675//3146 666//3147
f 677//3148 666//3149 675//3150
f 696//3151 677//3152 675//3153
f 675//3154 691//3155 696//3156
f 691//3157 693//3158 696//3159
f 693//3160 663//3161 696//3162
f 647//3163 696//3164 663//3165
f 663//3166 666//3167 647//3168
f 647//3169 666//3170 677//3171
f 677//3172 696//3173 647//3174
f 2278//3175 2264//3176 2265//3177
f 2278//3178 2293//3179 2264//3180
f 2293//3181 2303//3182 2264//3183
f 2310//3184 2315//3185 2303//3186
f 2336//3187 2344//3188 2340//3189
f 2260//3190 2264//3191 2256//3192
f 2247//3193 2245//3194 2079//3195
f 2293//3196 2310//3197 2303//3198
f 2217//3199 2212//3200 2260//3201
f 2302//3202 2297//3203 2323//3204
f 2344//3205 2323//3206 2340//3207
f 2264//3208 2259//3209 2256//3210
f 2229//3211 2297//3212 2245//3213
f 2297//3214 2279//3215 2245//3216
f 2163//3217 2183//3218 2079//3219
f 2247//3220 2079//3221 2183//3222
f 2322//3223 2323//3224 2297//3225
f 2330//3226 2340//3227 2323//3228
f 2260//3229 2163//3230 2217//3231
f 2264//3232 2303//3233 2290//3234
f 2247//3235 2229//3236 2245//3237
f 2330//3238 2336//3239 2340//3240
f 2330//3241 2323//3242 2322//3243
f 2322//3244 2297//3245 2294//3246
f 2294//3247 2297//3248 2229//3249
f 2183//3250 2229//3251 2247//3252
f 2084//3253 2183//3254 2163//3255
f 2260//3256 2084//3257 2163//3258
f 2260//3259 2256//3260 2259//3261
f 2303//3262 2315//3263 2290//3264
f 2315//3265 2336//3266 2321//3267
f 2321//3268 2290//3269 2315//3270
f 2229//3271 2183//3272 2271//3273
f 2294//3274 2229//3275 2271//3276
f 2322//3277 2294//3278 2271//3279
f 2330//3280 2322//3281 2271//3282
f 2336//3283 2330//3284 2271//3285
f 2321//3286 2336//3287 2271//3288
f 2290//3289 2321//3290 2271//3291
f 2259//3292 2264//3293 2271//3294
f 2264//3295 2290//3296 2271//3297
f 2260//3298 2259//3299 2271//3300
f 2084//3301 2260//3302 2271//3303
f 2271//3304 2183//3305 2084//3306
f 2251//3307 2246//3308 2250//3309
f 2251//3310 2243//3311 2246//3312
f 2246//3313 2243//3314 2244//3315
f 2214//3316 2246//3317 2244//3318
f 2243//3319 1995//3320 2244//3321
f 1995//3322 2214//3323 2244//3324
f 2239//3325 2224//3326 2244//3327
f 2224//3328 2239//3329 2244//3330
f 2230//3331 2263//3332 2241//3333
f 2020//3334 2263//3335 2237//3336
f 2230//3337 2020//3338 2237//3339
f 2263//3340 2230//3341 2237//3342
f 2014//3343 2016//3344 2018//3345
f 2020//3346 2230//3347 2103//3348
f 2219//3349 2263//3350 2020//3351
f 1678//3352 1658//3353 1983//3354
f 1518//3355 1678//3356 1653//3357
f 1650//3358 1651//3359 1707//3360
f 1646//3361 2011//3362 2012//3363
f 2012//3364 1644//3365 1646//3366
f 1615//3367 2017//3368 2018//3369
f 1713//3370 1618//3371 2016//3372
f 2016//3373 1618//3374 1617//3375
f 1617//3376 2018//3377 2016//3378
f 1617//3379 1616//3380 2018//3381
f 2018//3382 1616//3383 1615//3384
f 1625//3385 1618//3386 1713//3387
f 1624//3388 1713//3389 1712//3390
f 1712//3391 1627//3392 1624//3393
f 1630//3394 1627//3395 1712//3396
f 1630//3397 1712//3398 1711//3399
f 1711//3400 1632//3401 1630//3402
f 1597//3403 1632//3404 1711//3405
f 1597//3406 1711//3407 1710//3408
f 1710//3409 1636//3410 1597//3411
f 1637//3412 1636//3413 1710//3414
f 1637//3415 1710//3416 1709//3417
f 1688//3418 1530//3419 1649//3420
f 1530//3421 1688//3422 1519//3423
f 1687//3424 1656//3425 1519//3426
f 1687//3427 1680//3428 1656//3429
f 1493//3430 2022//3431 1581//3432
f 1995//3433 2022//3434 1493//3435
f 2214//3436 1995//3437 2246//3438
f 2246//3439 2038//3440 2009//3441
f 2221//3442 2250//3443 2246//3444
f 2221//3445 2085//3446 2250//3447
f 2292//3448 2250//3449 2085//3450
f 2275//3451 2085//3452 2184//3453
f 2186//3454 2248//3455 2276//3456
f 2186//3457 2276//3458 2187//3459
f 2274//3460 2248//3461 2186//3462
f 2114//3463 2274//3464 2186//3465
f 2107//3466 2274//3467 2108//3468
f 2107//3469 2222//3470 2230//3471
f 2241//3472 2107//3473 2230//3474
f 2018//3475 2015//3476 2014//3477
f 2015//3478 2018//3479 2017//3480
f 1644//3481 2012//3482 2013//3483
f 2013//3484 1641//3485 1644//3486
f 2013//3487 1611//3488 1641//3489
f 2013//3490 1635//3491 1611//3492
f 1635//3493 2013//3494 2015//3495
f 2015//3496 1629//3497 1635//3498
f 2015//3499 1623//3500 1629//3501
f 1623//3502 2015//3503 2017//3504
f 2017//3505 1612//3506 1623//3507
f 1615//3508 1612//3509 2017//3510
f 2012//3511 2011//3512 2013//3513
f 2011//3514 2010//3515 2013//3516
f 1707//3517 2082//3518 2010//3519
f 2108//3520 2274//3521 2082//3522
f 2114//3523 2082//3524 2274//3525
f 2184//3526 2187//3527 2275//3528
f 2020//3529 1985//3530 2219//3531
f 2230//3532 1678//3533 2103//3534
f 1678//3535 2230//3536 2222//3537
f 2222//3538 2107//3539 2108//3540
f 2108//3541 1653//3542 2222//3543
f 1653//3544 2108//3545 2082//3546
f 2221//3547 2081//3548 2085//3549
f 2009//3550 2221//3551 2246//3552
f 2041//3553 2038//3554 1995//3555
f 2246//3556 1995//3557 2038//3558
f 2041//3559 1995//3560 1997//3561
f 2038//3562 2041//3563 1997//3564
f 2016//3565 2014//3566 1713//3567
f 2014//3568 1712//3569 1713//3570
f 1712//3571 2014//3572 2021//3573
f 2021//3574 1711//3575 1712//3576
f 2021//3577 1710//3578 1711//3579
f 2021//3580 1709//3581 1710//3582
f 2021//3583 1708//3584 1709//3585
f 2021//3586 1642//3587 1708//3588
f 1642//3589 2021//3590 1982//3591
f 1649//3592 2221//3593 1688//3594
f 1984//3595 1680//3596 1687//3597
f 1493//3598 1680//3599 1984//3600
f 1984//3601 1995//3602 1493//3603
f 1995//3604 1984//3605 1997//3606
f 1984//3607 1687//3608 1997//3609
f 1687//3610 2038//3611 1997//3612
f 2038//3613 1687//3614 1519//3615
f 2038//3616 1519//3617 1688//3618
f 1688//3619 2009//3620 2038//3621
f 1688//3622 2221//3623 2009//3624
f 1649//3625 2081//3626 2221//3627
f 2081//3628 1649//3629 1982//3630
f 2081//3631 1982//3632 2021//3633
f 1985//3634 1496//3635 1695//3636
f 1985//3637 1983//3638 1496//3639
f 1496//3640 1675//3641 1695//3642
f 2020//3643 1678//3644 1983//3645
f 1678//3646 2020//3647 2103//3648
f 1653//3649 1678//3650 2222//3651
f 1646//3652 1707//3653 2011//3654
f 1707//3655 2010//3656 2011//3657
f 2082//3658 1707//3659 1651//3660
f 1651//3661 1653//3662 2082//3663
f 2020//3664 1983//3665 1985//3666
f 2025//3667 2021//3668 2014//3669
f 2015//3670 2025//3671 2014//3672
f 2015//3673 2010//3674 2025//3675
f 2010//3676 2015//3677 2013//3678
f 2187//3679 2065//3680 2186//3681
f 2187//3682 2184//3683 2065//3684
f 2010//3685 2082//3686 2114//3687
f 2184//3688 2081//3689 2089//3690
f 2081//3691 2184//3692 2085//3693
f 2021//3694 2027//3695 2081//3696
f 2027//3697 2021//3698 2025//3699
f 2037//3700 2061//3701 2060//3702
f 2025//3703 2037//3704 2060//3705
f 2036//3706 2081//3707 2027//3708
f 2048//3709 2037//3710 2010//3711
f 2071//3712 2064//3713 2065//3714
f 2061//3715 2065//3716 2064//3717
f 2064//3718 2060//3719 2061//3720
f 2060//3721 2036//3722 2025//3723
f 2056//3724 2051//3725 2010//3726
f 2089//3727 2081//3728 2036//3729
f 2071//3730 2065//3731 2184//3732
f 2067//3733 2056//3734 2010//3735
f 2036//3736 2071//3737 2184//3738
f 2051//3739 2048//3740 2010//3741
f 2025//3742 2010//3743 2037//3744
f 2036//3745 2027//3746 2025//3747
f 2184//3748 2089//3749 2036//3750
f 2010//3751 2114//3752 2067//3753
f 2065//3754 2067//3755 2186//3756
f 2067//3757 2114//3758 2186//3759
f 2047//3760 2046//3761 2037//3762
f 2037//3763 2048//3764 2047//3765
f 2050//3766 2047//3767 2048//3768
f 2048//3769 2051//3770 2050//3771
f 2055//3772 2050//3773 2051//3774
f 2051//3775 2056//3776 2055//3777
f 2059//3778 2055//3779 2056//3780
f 2056//3781 2067//3782 2059//3783
f 2067//3784 2065//3785 2059//3786
f 2072//3787 2059//3788 2065//3789
f 2046//3790 2072//3791 2065//3792
f 2065//3793 2061//3794 2046//3795
f 2061//3796 2037//3797 2046//3798
f 2050//3799 2055//3800 2059//3801
f 2047//3802 2050//3803 2059//3804
f 2059//3805 2046//3806 2047//3807
f 2046//3808 2059//3809 2072//3810
f 2036//3811 2060//3812 2035//3813
f 2074//3814 2035//3815 2060//3816
f 2060//3817 2064//3818 2074//3819
f 2064//3820 2071//3821 2074//3822
f 2035//3823 2074//3824 2071//3825
f 2071//3826 2036//3827 2035//3828
f 2068//3829 2035//3830 2036//3831
f 2035//3832 2068//3833 2036//3834
f 1607//3835 1613//3836 880//3837
f 1707//3838 1561//3839 939//3840
f 1650//3841 1551//3842 951//3843
f 1151//3844 783//3845 1043//3846
f 1151//3847 1043//3848 1115//3849
f 1115//3850 1203//3851 1151//3852
f 1021//3853 783//3854 1151//3855
f 1151//3856 1147//3857 1021//3858
f 1016//3859 1021//3860 1147//3861
f 1147//3862 1144//3863 1016//3864
f 1144//3865 868//3866 1016//3867
f 1012//3868 868//3869 1144//3870
f 1144//3871 1139//3872 1012//3873
f 1009//3874 1012//3875 1139//3876
f 1139//3877 1141//3878 1009//3879
f 1141//3880 1005//3881 1009//3882
f 1141//3883 1161//3884 1005//3885
f 1164//3886 1166//3887 997//3888
f 1161//3889 1164//3890 1005//3891
f 1004//3892 1005//3893 1164//3894
f 1164//3895 997//3896 1004//3897
f 1501//3898 1166//3899 1195//3900
f 1195//3901 1983//3902 1501//3903
f 1501//3904 997//3905 1166//3906
f 996//3907 997//3908 1501//3909
f 1501//3910 1503//3911 996//3912
f 1503//3913 992//3914 996//3915
f 992//3916 1503//3917 1658//3918
f 1516//3919 974//3920 980//3921
f 1516//3922 980//3923 984//3924
f 1511//3925 1516//3926 984//3927
f 1511//3928 984//3929 985//3930
f 985//3931 1508//3932 1511//3933
f 1508//3934 985//3935 992//3936
f 1678//3937 1508//3938 992//3939
f 1658//3940 1678//3941 992//3942
f 1527//3943 964//3944 969//3945
f 969//3946 973//3947 1527//3948
f 1521//3949 1527//3950 973//3951
f 1521//3952 973//3953 974//3954
f 974//3955 1518//3956 1521//3957
f 1516//3958 1518//3959 974//3960
f 1527//3961 1528//3962 964//3963
f 964//3964 1528//3965 1532//3966
f 1532//3967 963//3968 964//3969
f 1532//3970 1651//3971 963//3972
f 1651//3973 1540//3974 963//3975
f 1542//3976 1650//3977 951//3978
f 1542//3979 951//3980 952//3981
f 952//3982 1540//3983 1542//3984
f 1540//3985 952//3986 959//3987
f 959//3988 963//3989 1540//3990
f 935//3991 939//3992 1561//3993
f 1553//3994 1707//3995 939//3996
f 1553//3997 939//3998 940//3999
f 940//4000 1551//4001 1553//4002
f 1551//4003 940//4004 946//4005
f 946//4006 951//4007 1551//4008
f 1571//4009 1575//4010 918//4011
f 1571//4012 918//4013 925//4014
f 925//4015 1565//4016 1571//4017
f 1565//4018 925//4019 929//4020
f 1561//4021 1565//4022 929//4023
f 929//4024 935//4025 1561//4026
f 914//4027 918//4028 1575//4029
f 1575//4030 1578//4031 914//4032
f 908//4033 914//4034 1578//4035
f 1578//4036 1584//4037 908//4038
f 906//4039 908//4040 1584//4041
f 1584//4042 1611//4043 906//4044
f 906//4045 1611//4046 1592//4047
f 1592//4048 903//4049 906//4050
f 1592//4051 1595//4052 903//4053
f 898//4054 903//4055 1595//4056
f 1595//4057 1596//4058 898//4059
f 893//4060 898//4061 1596//4062
f 1596//4063 1600//4064 893//4065
f 893//4066 1600//4067 1601//4068
f 891//4069 893//4070 1601//4071
f 1601//4072 1607//4073 891//4074
f 1607//4075 887//4076 891//4077
f 880//4078 887//4079 1607//4080
f 880//4081 1613//4082 1614//4083
f 1614//4084 1615//4085 880//4086
f 879//4087 880//4088 1615//4089
f 1615//4090 1616//4091 879//4092
f 879//4093 1616//4094 1617//4095
f 874//4096 879//4097 1617//4098
f 1617//4099 1618//4100 874//4101
f 1618//4102 875//4103 874//4104
f 873//4105 875//4106 1618//4107
f 1618//4108 1625//4109 873//4110
f 877//4111 873//4112 1625//4113
f 1625//4114 1713//4115 877//4116
f 877//4117 1713//4118 1624//4119
f 882//4120 877//4121 1624//4122
f 1624//4123 1606//4124 882//4125
f 886//4126 882//4127 1606//4128
f 1606//4129 1602//4130 886//4131
f 889//4132 886//4133 1602//4134
f 1602//4135 1597//4136 889//4137
f 894//4138 889//4139 1597//4140
f 1597//4141 1588//4142 894//4143
f 899//4144 894//4145 1588//4146
f 1588//4147 1586//4148 899//4149
f 901//4150 899//4151 1586//4152
f 1586//4153 1583//4154 901//4155
f 905//4156 901//4157 1583//4158
f 1583//4159 1580//4160 905//4161
f 910//4162 905//4163 1580//4164
f 1580//4165 1708//4166 910//4167
f 910//4168 1708//4169 1574//4170
f 912//4171 910//4172 1574//4173
f 1574//4174 1569//4175 912//4176
f 916//4177 912//4178 1569//4179
f 916//4180 1569//4181 1566//4182
f 1566//4183 921//4184 916//4185
f 921//4186 1566//4187 1563//4188
f 923//4189 921//4190 1563//4191
f 1563//4192 1559//4193 923//4194
f 927//4195 923//4196 1559//4197
f 927//4198 1559//4199 1556//4200
f 1556//4201 932//4202 927//4203
f 932//4204 1556//4205 1555//4206
f 934//4207 932//4208 1555//4209
f 934//4210 1555//4211 1549//4212
f 937//4213 934//4214 1549//4215
f 1549//4216 1545//4217 937//4218
f 943//4219 937//4220 1545//4221
f 1545//4222 1544//4223 943//4224
f 944//4225 943//4226 1544//4227
f 944//4228 1544//4229 1649//4230
f 1649//4231 1535//4232 944//4233
f 949//4234 944//4235 1535//4236
f 949//4237 1535//4238 1533//4239
f 1533//4240 955//4241 949//4242
f 957//4243 955//4244 1533//4245
f 957//4246 1533//4247 1530//4248
f 1530//4249 1525//4250 957//4251
f 961//4252 957//4253 1525//4254
f 961//4255 1525//4256 1522//4257
f 1522//4258 977//4259 851//4260
f 1522//4261 851//4262 961//4263
f 977//4264 1522//4265 1519//4266
f 977//4267 1519//4268 1514//4269
f 978//4270 977//4271 1514//4272
f 1514//4273 1509//4274 978//4275
f 982//4276 978//4277 1509//4278
f 1509//4279 989//4280 982//4281
f 989//4282 1509//4283 1656//4284
f 989//4285 1656//4286 1506//4287
f 990//4288 989//4289 1506//4290
f 1506//4291 1181//4292 990//4293
f 1171//4294 1000//4295 994//4296
f 1181//4297 1171//4298 990//4299
f 994//4300 990//4301 1171//4302
f 1010//4303 1002//4304 1170//4305
f 1171//4306 1170//4307 1000//4308
f 1002//4309 1000//4310 1170//4311
f 1170//4312 1168//4313 1010//4314
f 1168//4315 1153//4316 1010//4317
f 848//4318 1010//4319 1153//4320
f 1017//4321 848//4322 1153//4323
f 1153//4324 1145//4325 1017//4326
f 1145//4327 1149//4328 1017//4329
f 1019//4330 1017//4331 1149//4332
f 1024//4333 1019//4334 1149//4335
f 1029//4336 842//4337 1024//4338
f 1149//4339 1157//4340 1024//4341
f 1024//4342 1157//4343 1155//4344
f 1155//4345 1029//4346 1024//4347
f 1029//4348 1155//4349 1160//4350
f 1160//4351 1492//4352 1029//4353
f 1492//4354 1160//4355 1202//4356
f 1581//4357 1287//4358 1491//4359
f 1037//4360 1491//4361 1287//4362
f 1029//4363 1492//4364 1491//4365
f 1037//4366 1029//4367 1491//4368
f 842//4369 1029//4370 1037//4371
f 1287//4372 1114//4373 1037//4374
f 1037//4375 1114//4376 1053//4377
f 1037//4378 1053//4379 842//4380
f 1493//4381 1492//4382 1202//4383
f 1680//4384 1493//4385 1202//4386
f 1680//4387 1202//4388 1181//4389
f 1983//4390 1195//4391 1203//4392
f 1496//4393 1203//4394 1675//4395
f 1496//4396 1983//4397 1203//4398
f 1161//4399 1141//4400 1139//4401
f 1161//4402 1166//4403 1164//4404
f 1160//4405 1155//4406 1157//4407
f 1168//4408 1157//4409 1149//4410
f 1149//4411 1145//4412 1168//4413
f 1170//4414 1171//4415 1181//4416
f 1168//4417 1145//4418 1153//4419
f 1185//4420 1181//4421 1202//4422
f 1168//4423 1170//4424 1181//4425
f 1202//4426 1160//4427 1169//4428
f 1157//4429 1168//4430 1169//4431
f 1160//4432 1157//4433 1169//4434
f 1202//4435 1168//4436 1185//4437
f 1168//4438 1181//4439 1185//4440
f 1144//4441 1147//4442 1161//4443
f 1161//4444 1147//4445 1151//4446
f 1161//4447 1139//4448 1144//4449
f 1151//4450 1203//4451 1161//4452
f 1182//4453 1161//4454 1203//4455
f 1195//4456 1166//4457 1182//4458
f 1182//4459 1203//4460 1195//4461
f 1161//4462 1182//4463 1178//4464
f 1178//4465 1173//4466 1161//4467
f 1166//4468 1161//4469 1173//4470
f 1173//4471 1178//4472 1166//4473
f 1182//4474 1166//4475 1178//4476
f 1168//4477 1202//4478 1180//4479
f 1169//4480 1168//4481 1180//4482
f 1202//4483 1169//4484 1180//4485
f 464//4486 484//4487 488//4488
f 545//4489 487//4490 488//4491
f 487//4492 464//4493 488//4494
f 1893//4495 1883//4496 1877//4497
f 1232//4498 1229//4499 1223//4500
f 1229//4501 1221//4502 1223//4503
f 1221//4504 1216//4505 1223//4506
f 1347//4507 1340//4508 1311//4509
f 1311//4510 1356//4511 1347//4512
f 1353//4513 1347//4514 1356//4515
f 1363//4516 1353//4517 1356//4518
f 1340//4519 1333//4520 1311//4521
f 1311//4522 1333//4523 1326//4524
f 1376//4525 1356//4526 1380//4527
f 1376//4528 1372//4529 1356//4530
f 1372//4531 1363//4532 1356//4533
f 1216//4534 1211//4535 1223//4536
f 1211//4537 1204//4538 1223//4539
f 1187//4540 1223//4541 1204//4542
f 1312//4543 1305//4544 1311//4545
f 1311//4546 1318//4547 1312//4548
f 1326//4549 1318//4550 1311//4551
f 1380//4552 1756//4553 1767//4554
f 1767//4555 1384//4556 1380//4557
f 1380//4558 1384//4559 1376//4560
f 1311//4561 1305//4562 1301//4563
f 1223//4564 1311//4565 1301//4566
f 1301//4567 1292//4568 1223//4569
f 1223//4570 1292//4571 1232//4572
f 1883//4573 1870//4574 1877//4575
f 1844//4576 1877//4577 1870//4578
f 1870//4579 1855//4580 1844//4581
f 1855//4582 1829//4583 1844//4584
f 1756//4585 1844//4586 1829//4587
f 1829//4588 1809//4589 1756//4590
f 1809//4591 1767//4592 1756//4593
f 1923//4594 1930//4595 1925//4596
f 1338//4597 1348//4598 1354//4599
f 1899//4600 1893//4601 1877//4602
f 1877//4603 1931//4604 1899//4605
f 1907//4606 1899//4607 1931//4608
f 1914//4609 1907//4610 1931//4611
f 1922//4612 1914//4613 1931//4614
f 1929//4615 1922//4616 1931//4617
f 1933//4618 1929//4619 1931//4620
f 1931//4621 1924//4622 1933//4623
f 1354//4624 1361//4625 1338//4626
f 1338//4627 1361//4628 1366//4629
f 1341//4630 1348//4631 1338//4632
f 1338//4633 1334//4634 1341//4635
f 1303//4636 1313//4637 1338//4638
f 1313//4639 1319//4640 1338//4641
f 1319//4642 1327//4643 1338//4644
f 1327//4645 1334//4646 1338//4647
f 1222//4648 1230//4649 1227//4650
f 1230//4651 1293//4652 1227//4653
f 1338//4654 1227//4655 1293//4656
f 1293//4657 1303//4658 1338//4659
f 1212//4660 1217//4661 1227//4662
f 1227//4663 1217//4664 1222//4665
f 1930//4666 1934//4667 1925//4668
f 1934//4669 1936//4670 1925//4671
f 1924//4672 1925//4673 1936//4674
f 1936//4675 1935//4676 1924//4677
f 1924//4678 1935//4679 1933//4680
f 1915//4681 1923//4682 1925//4683
f 1925//4684 1892//4685 1915//4686
f 1908//4687 1915//4688 1892//4689
f 1900//4690 1908//4691 1892//4692
f 1894//4693 1900//4694 1892//4695
f 1884//4696 1894//4697 1892//4698
f 1871//4699 1884//4700 1892//4701
f 1856//4702 1871//4703 1892//4704
f 1810//4705 1830//4706 1856//4707
f 1856//4708 1757//4709 1810//4710
f 1366//4711 1374//4712 1338//4713
f 1381//4714 1338//4715 1374//4716
f 1374//4717 1385//4718 1381//4719
f 1757//4720 1381//4721 1385//4722
f 1385//4723 1768//4724 1757//4725
f 1757//4726 1768//4727 1810//4728
f 545//4729 628//4730 611//4731
f 634//4732 524//4733 575//4734
f 575//4735 689//4736 634//4737
f 724//4738 689//4739 688//4740
f 524//4741 546//4742 472//4743
f 724//4744 688//4745 771//4746
f 774//4747 724//4748 771//4749
f 710//4750 611//4751 628//4752
f 628//4753 719//4754 710//4755
f 764//4756 710//4757 719//4758
f 771//4759 777//4760 774//4761
f 780//4762 774//4763 777//4764
f 780//4765 777//4766 1191//4767
f 1191//4768 1190//4769 780//4770
f 1190//4771 1191//4772 1199//4773
f 1227//4774 1190//4775 1199//4776
f 1199//4777 1205//4778 1227//4779
f 1227//4780 1205//4781 1212//4782
f 776//4783 763//4784 775//4785
f 472//4786 546//4787 485//4788
f 485//4789 464//4790 472//4791
f 485//4792 484//4793 464//4794
f 1204//4795 1198//4796 1187//4797
f 1198//4798 1186//4799 1187//4800
f 778//4801 1187//4802 1186//4803
f 1186//4804 776//4805 778//4806
f 776//4807 775//4808 778//4809
f 719//4810 775//4811 764//4812
f 763//4813 764//4814 775//4815
f 773//4816 777//4817 771//4818
f 771//4819 709//4820 773//4821
f 709//4822 771//4823 706//4824
f 689//4825 575//4826 688//4827
f 626//4828 706//4829 575//4830
f 706//4831 771//4832 575//4833
f 688//4834 575//4835 771//4836
f 569//4837 626//4838 575//4839
f 764//4840 763//4841 658//4842
f 611//4843 710//4844 621//4845
f 710//4846 764//4847 658//4848
f 621//4849 710//4850 658//4851
f 776//4852 1186//4853 1196//4854
f 1196//4855 1056//4856 776//4857
f 763//4858 776//4859 1056//4860
f 658//4861 763//4862 1056//4863
f 1056//4864 412//4865 621//4866
f 621//4867 658//4868 1056//4869
f 1963//4870 1965//4871 1935//4872
f 1935//4873 1936//4874 1963//4875
f 1839//4876 1848//4877 1810//4878
f 1839//4879 1810//4880 1768//4881
f 1768//4882 1822//4883 1839//4884
f 1810//4885 1848//4886 1862//4887
f 1862//4888 1830//4889 1810//4890
f 1872//4891 1856//4892 1830//4893
f 1830//4894 1862//4895 1872//4896
f 1872//4897 1880//4898 1856//4899
f 1871//4900 1856//4901 1880//4902
f 1880//4903 1886//4904 1871//4905
f 1871//4906 1886//4907 1897//4908
f 1897//4909 1884//4910 1871//4911
f 1897//4912 1903//4913 1884//4914
f 1906//4915 1911//4916 1894//4917
f 1906//4918 1894//4919 1884//4920
f 1884//4921 1903//4922 1906//4923
f 1894//4924 1911//4925 1921//4926
f 1900//4927 1894//4928 1921//4929
f 1921//4930 1932//4931 1900//4932
f 1900//4933 1932//4934 1938//4935
f 1908//4936 1900//4937 1938//4938
f 1938//4939 1944//4940 1908//4941
f 1908//4942 1944//4943 1947//4944
f 1915//4945 1908//4946 1947//4947
f 1947//4948 1948//4949 1915//4950
f 1915//4951 1948//4952 1949//4953
f 1923//4954 1915//4955 1949//4956
f 1949//4957 1972//4958 1923//4959
f 1930//4960 1923//4961 1956//4962
f 1972//4963 1956//4964 1923//4965
f 1930//4966 1956//4967 1959//4968
f 1934//4969 1930//4970 1959//4971
f 1959//4972 1962//4973 1934//4974
f 1934//4975 1962//4976 1963//4977
f 1963//4978 1936//4979 1934//4980
f 1935//4981 1965//4982 1961//4983
f 1961//4984 1933//4985 1935//4986
f 1933//4987 1961//4988 1960//4989
f 1960//4990 1929//4991 1933//4992
f 1955//4993 1953//4994 1922//4995
f 1955//4996 1922//4997 1929//4998
f 1929//4999 1957//5000 1955//5001
f 1960//5002 1957//5003 1929//5004
f 1951//5005 1954//5006 1914//5007
f 1951//5008 1914//5009 1922//5010
f 1922//5011 1953//5012 1951//5013
f 1945//5014 1907//5015 1914//5016
f 1914//5017 1954//5018 1945//5019
f 1945//5020 1942//5021 1907//5022
f 1899//5023 1907//5024 1942//5025
f 1942//5026 1940//5027 1899//5028
f 1899//5029 1940//5030 1926//5031
f 1893//5032 1899//5033 1926//5034
f 1926//5035 1916//5036 1893//5037
f 1909//5038 1919//5039 1883//5040
f 1883//5041 1893//5042 1909//5043
f 1893//5044 1916//5045 1909//5046
f 1883//5047 1919//5048 1895//5049
f 1895//5050 1870//5051 1883//5052
f 1895//5053 1891//5054 1870//5055
f 1891//5056 1881//5057 1870//5058
f 1855//5059 1870//5060 1881//5061
f 1881//5062 1876//5063 1855//5064
f 1876//5065 1866//5066 1855//5067
f 1829//5068 1855//5069 1866//5070
f 1835//5071 1820//5072 1767//5073
f 1767//5074 1809//5075 1835//5076
f 1809//5077 1851//5078 1835//5079
f 1851//5080 1809//5081 1829//5082
f 1829//5083 1863//5084 1851//5085
f 1866//5086 1863//5087 1829//5088
f 1976//5089 2077//5090 1993//5091
f 1963//5092 1962//5093 1965//5094
f 1976//5095 1965//5096 1962//5097
f 1932//5098 1921//5099 1944//5100
f 1903//5101 1897//5102 1857//5103
f 1880//5104 1872//5105 1857//5106
f 1988//5107 1996//5108 1986//5109
f 1996//5110 1988//5111 1989//5112
f 1996//5113 1967//5114 1970//5115
f 1996//5116 1970//5117 1975//5118
f 1986//5119 1996//5120 1975//5121
f 1996//5122 1946//5123 1952//5124
f 1952//5125 1958//5126 1996//5127
f 1996//5128 1958//5129 1967//5130
f 1996//5131 1928//5132 1939//5133
f 1939//5134 1946//5135 1996//5136
f 1913//5137 1918//5138 1996//5139
f 1996//5140 1918//5141 1928//5142
f 1885//5143 1888//5144 1889//5145
f 1885//5146 1889//5147 1896//5148
f 1896//5149 1996//5150 1885//5151
f 1996//5152 1896//5153 1902//5154
f 1996//5155 1902//5156 1904//5157
f 1996//5158 1904//5159 1910//5160
f 1996//5161 1910//5162 1913//5163
f 1864//5164 1868//5165 1874//5166
f 1864//5167 1874//5168 1875//5169
f 1875//5170 1885//5171 1864//5172
f 1847//5173 1850//5174 1853//5175
f 1857//5176 1837//5177 1840//5178
f 1827//5179 1832//5180 1857//5181
f 1857//5182 1832//5183 1833//5184
f 1839//5185 1822//5186 1824//5187
f 1824//5188 1857//5189 1839//5190
f 1862//5191 1848//5192 1857//5193
f 1857//5194 1848//5195 1839//5196
f 1872//5197 1862//5198 1857//5199
f 1857//5200 1886//5201 1880//5202
f 1897//5203 1886//5204 1857//5205
f 1911//5206 1906//5207 1857//5208
f 1857//5209 1906//5210 1903//5211
f 1921//5212 1911//5213 1944//5214
f 1938//5215 1932//5216 1944//5217
f 1948//5218 1947//5219 1944//5220
f 1944//5221 1949//5222 1948//5223
f 1972//5224 1949//5225 1944//5226
f 1962//5227 1959//5228 1956//5229
f 1972//5230 1962//5231 1956//5232
f 1996//5233 1976//5234 1885//5235
f 1976//5236 1972//5237 1944//5238
f 1972//5239 1976//5240 1962//5241
f 1996//5242 2077//5243 1976//5244
f 1824//5245 1827//5246 1857//5247
f 1833//5248 1837//5249 1857//5250
f 1840//5251 1843//5252 1857//5253
f 1976//5254 1857//5255 1853//5256
f 1853//5257 1857//5258 1843//5259
f 1843//5260 1847//5261 1853//5262
f 1857//5263 1944//5264 1911//5265
f 1944//5266 1857//5267 1976//5268
f 1854//5269 1859//5270 1853//5271
f 1976//5272 1853//5273 1864//5274
f 1864//5275 1853//5276 1859//5277
f 1859//5278 1860//5279 1864//5280
f 1864//5281 1885//5282 1976//5283
f 1391//5284 1396//5285 1822//5286
f 1391//5287 1822//5288 1768//5289
f 1768//5290 1385//5291 1391//5292
f 1199//5293 1191//5294 1197//5295
f 1199//5296 1197//5297 1207//5298
f 1205//5299 1199//5300 1207//5301
f 1212//5302 1205//5303 1207//5304
f 1212//5305 1207//5306 1218//5307
f 1217//5308 1212//5309 1218//5310
f 1218//5311 1220//5312 1217//5313
f 1222//5314 1217//5315 1220//5316
f 1222//5317 1220//5318 1226//5319
f 1226//5320 1231//5321 1222//5322
f 1230//5323 1222//5324 1231//5325
f 1230//5326 1231//5327 1290//5328
f 1293//5329 1230//5330 1290//5331
f 1290//5332 1296//5333 1293//5334
f 1303//5335 1293//5336 1296//5337
f 1303//5338 1296//5339 1299//5340
f 1314//5341 1322//5342 1319//5343
f 1319//5344 1313//5345 1314//5346
f 1308//5347 1314//5348 1313//5349
f 1313//5350 1303//5351 1308//5352
f 1299//5353 1308//5354 1303//5355
f 1327//5356 1319//5357 1322//5358
f 1322//5359 1330//5360 1327//5361
f 1334//5362 1327//5363 1330//5364
f 1361//5365 1354//5366 1364//5367
f 1366//5368 1361//5369 1364//5370
f 1330//5371 1336//5372 1334//5373
f 1341//5374 1334//5375 1336//5376
f 1336//5377 1344//5378 1341//5379
f 1348//5380 1341//5381 1344//5382
f 1344//5383 1349//5384 1348//5385
f 1354//5386 1348//5387 1349//5388
f 1349//5389 1359//5390 1354//5391
f 1354//5392 1359//5393 1364//5394
f 1364//5395 1370//5396 1366//5397
f 1374//5398 1366//5399 1370//5400
f 1370//5401 1378//5402 1374//5403
f 1378//5404 1382//5405 1374//5406
f 1385//5407 1374//5408 1382//5409
f 1382//5410 1391//5411 1385//5412
f 1891//5413 1895//5414 1919//5415
f 1917//5416 1912//5417 1890//5418
f 1849//5419 1842//5420 1863//5421
f 1821//5422 1820//5423 1835//5424
f 1823//5425 1821//5426 1835//5427
f 1836//5428 1834//5429 1863//5430
f 1919//5431 1869//5432 1865//5433
f 1919//5434 1873//5435 1869//5436
f 1919//5437 1879//5438 1873//5439
f 1890//5440 1882//5441 1879//5442
f 1887//5443 1882//5444 1890//5445
f 1943//5446 1941//5447 1927//5448
f 1828//5449 1823//5450 1863//5451
f 1835//5452 1863//5453 1823//5454
f 1835//5455 1851//5456 1863//5457
f 1890//5458 1901//5459 1898//5460
f 1890//5461 1905//5462 1901//5463
f 1863//5464 1866//5465 1876//5466
f 1890//5467 1912//5468 1905//5469
f 1890//5470 1927//5471 1917//5472
f 1863//5473 1876//5474 1881//5475
f 1919//5476 1863//5477 1881//5478
f 1881//5479 1891//5480 1919//5481
f 1927//5482 1890//5483 1919//5484
f 1927//5485 1950//5486 1943//5487
f 1863//5488 1831//5489 1828//5490
f 1950//5491 1927//5492 1966//5493
f 1993//5494 1927//5495 1919//5496
f 1927//5497 1992//5498 1966//5499
f 1916//5500 1926//5501 1919//5502
f 1841//5503 1836//5504 1863//5505
f 1992//5506 1927//5507 1993//5508
f 1992//5509 1969//5510 1966//5511
f 1992//5512 1974//5513 1969//5514
f 1863//5515 1842//5516 1841//5517
f 1863//5518 1852//5519 1849//5520
f 1919//5521 1852//5522 1863//5523
f 1993//5524 1919//5525 1976//5526
f 1992//5527 1993//5528 1994//5529
f 1987//5530 1992//5531 1991//5532
f 1976//5533 1919//5534 1954//5535
f 1861//5536 1858//5537 1852//5538
f 1919//5539 1865//5540 1861//5541
f 1852//5542 1919//5543 1861//5544
f 1879//5545 1919//5546 1890//5547
f 1953//5548 1955//5549 1954//5550
f 1965//5551 1954//5552 1955//5553
f 1954//5554 1951//5555 1953//5556
f 1965//5557 1960//5558 1961//5559
f 1957//5560 1960//5561 1965//5562
f 1955//5563 1957//5564 1965//5565
f 1965//5566 1976//5567 1954//5568
f 1954//5569 1942//5570 1945//5571
f 1942//5572 1919//5573 1940//5574
f 1919//5575 1942//5576 1954//5577
f 1926//5578 1940//5579 1919//5580
f 1919//5581 1909//5582 1916//5583
f 1390//5584 1384//5585 1767//5586
f 1767//5587 1820//5588 1390//5589
f 1820//5590 1395//5591 1390//5592
f 1312//5593 1318//5594 1320//5595
f 1376//5596 1384//5597 1390//5598
f 1376//5599 1390//5600 1383//5601
f 1383//5602 1372//5603 1376//5604
f 1383//5605 1377//5606 1372//5607
f 1372//5608 1377//5609 1369//5610
f 1369//5611 1363//5612 1372//5613
f 1369//5614 1365//5615 1363//5616
f 1365//5617 1353//5618 1363//5619
f 1365//5620 1358//5621 1353//5622
f 1347//5623 1353//5624 1358//5625
f 1358//5626 1352//5627 1347//5628
f 1340//5629 1347//5630 1352//5631
f 1324//5632 1318//5633 1326//5634
f 1324//5635 1320//5636 1318//5637
f 1352//5638 1343//5639 1340//5640
f 1340//5641 1343//5642 1337//5643
f 1337//5644 1333//5645 1340//5646
f 1326//5647 1333//5648 1337//5649
f 1337//5650 1329//5651 1326//5652
f 1326//5653 1329//5654 1324//5655
f 1300//5656 1295//5657 1292//5658
f 1300//5659 1292//5660 1301//5661
f 1301//5662 1307//5663 1300//5664
f 1320//5665 1310//5666 1312//5667
f 1310//5668 1305//5669 1312//5670
f 1310//5671 1307//5672 1305//5673
f 1307//5674 1301//5675 1305//5676
f 1295//5677 1291//5678 1229//5679
f 1229//5680 1232//5681 1295//5682
f 1232//5683 1292//5684 1295//5685
f 1228//5686 1219//5687 1221//5688
f 1219//5689 1216//5690 1221//5691
f 1291//5692 1233//5693 1229//5694
f 1221//5695 1229//5696 1233//5697
f 1233//5698 1228//5699 1221//5700
f 1213//5701 1206//5702 1211//5703
f 1206//5704 1204//5705 1211//5706
f 1211//5707 1216//5708 1219//5709
f 1219//5710 1213//5711 1211//5712
f 1198//5713 1204//5714 1206//5715
f 1206//5716 1196//5717 1198//5718
f 1196//5719 1186//5720 1198//5721
f 412//5722 393//5723 621//5724
f 399//5725 393//5726 412//5727
f 420//5728 569//5729 506//5730
f 506//5731 569//5732 575//5733
f 1390//5734 1395//5735 1393//5736
f 1383//5737 1390//5738 1393//5739
f 1377//5740 1383//5741 1389//5742
f 1383//5743 1393//5744 1389//5745
f 1369//5746 1389//5747 1379//5748
f 1389//5749 1369//5750 1377//5751
f 1365//5752 1369//5753 1375//5754
f 1379//5755 1375//5756 1369//5757
f 1358//5758 1375//5759 1367//5760
f 1375//5761 1358//5762 1365//5763
f 1357//5764 1346//5765 1343//5766
f 1358//5767 1367//5768 1357//5769
f 1352//5770 1358//5771 1357//5772
f 1357//5773 1343//5774 1352//5775
f 1331//5776 1310//5777 1320//5778
f 1320//5779 1324//5780 1331//5781
f 1335//5782 1331//5783 1324//5784
f 1324//5785 1329//5786 1335//5787
f 1329//5788 1346//5789 1335//5790
f 1346//5791 1329//5792 1337//5793
f 1337//5794 1343//5795 1346//5796
f 1310//5797 1331//5798 1386//5799
f 1310//5800 1386//5801 1315//5802
f 1315//5803 1300//5804 1307//5805
f 1307//5806 1310//5807 1315//5808
f 1315//5809 1302//5810 1300//5811
f 1295//5812 1300//5813 1302//5814
f 1302//5815 1291//5816 1295//5817
f 1302//5818 1297//5819 1291//5820
f 1291//5821 1297//5822 1288//5823
f 1233//5824 1291//5825 1288//5826
f 1288//5827 1228//5828 1233//5829
f 1288//5830 1224//5831 1228//5832
f 1219//5833 1228//5834 1224//5835
f 1224//5836 1213//5837 1219//5838
f 1213//5839 1224//5840 1214//5841
f 1206//5842 1213//5843 1214//5844
f 1206//5845 1214//5846 1208//5847
f 1208//5848 1196//5849 1206//5850
f 1660//5851 1499//5852 1966//5853
f 1395//5854 1820//5855 1821//5856
f 1831//5857 1405//5858 1403//5859
f 1403//5860 1401//5861 1831//5862
f 1828//5863 1831//5864 1401//5865
f 1401//5866 1399//5867 1828//5868
f 1823//5869 1828//5870 1399//5871
f 1399//5872 1397//5873 1823//5874
f 1821//5875 1823//5876 1397//5877
f 1397//5878 1395//5879 1821//5880
f 1831//5881 1863//5882 1405//5883
f 1863//5884 1834//5885 1405//5886
f 1406//5887 1405//5888 1834//5889
f 1406//5890 1834//5891 1836//5892
f 1836//5893 1408//5894 1406//5895
f 1842//5896 1415//5897 1412//5898
f 1412//5899 1411//5900 1842//5901
f 1841//5902 1842//5903 1411//5904
f 1836//5905 1841//5906 1411//5907
f 1411//5908 1408//5909 1836//5910
f 1842//5911 1849//5912 1415//5913
f 1416//5914 1415//5915 1849//5916
f 1849//5917 1419//5918 1416//5919
f 1419//5920 1849//5921 1852//5922
f 1419//5923 1852//5924 1858//5925
f 1858//5926 1421//5927 1419//5928
f 1423//5929 1421//5930 1858//5931
f 1858//5932 1861//5933 1423//5934
f 1425//5935 1423//5936 1861//5937
f 1861//5938 1865//5939 1425//5940
f 1428//5941 1425//5942 1865//5943
f 1865//5944 1869//5945 1428//5946
f 1431//5947 1428//5948 1869//5949
f 1869//5950 1873//5951 1431//5952
f 1443//5953 1431//5954 1873//5955
f 1873//5956 1879//5957 1443//5958
f 1879//5959 1882//5960 1454//5961
f 1454//5962 1443//5963 1879//5964
f 1450//5965 1462//5966 1887//5967
f 1882//5968 1887//5969 1462//5970
f 1462//5971 1454//5972 1882//5973
f 1469//5974 1450//5975 1887//5976
f 1887//5977 1890//5978 1469//5979
f 1890//5980 1898//5981 1469//5982
f 1473//5983 1469//5984 1898//5985
f 1898//5986 1901//5987 1473//5988
f 1475//5989 1473//5990 1901//5991
f 1901//5992 1905//5993 1475//5994
f 1912//5995 1917//5996 1481//5997
f 1905//5998 1912//5999 1481//6000
f 1481//6001 1478//6002 1905//6003
f 1478//6004 1475//6005 1905//6006
f 1483//6007 1481//6008 1917//6009
f 1486//6010 1483//6011 1917//6012
f 1917//6013 1927//6014 1486//6015
f 1927//6016 1941//6017 1486//6018
f 1488//6019 1486//6020 1941//6021
f 1941//6022 1943//6023 1488//6024
f 1490//6025 1488//6026 1943//6027
f 1943//6028 1950//6029 1490//6030
f 1950//6031 1966//6032 1499//6033
f 1499//6034 1490//6035 1950//6036
f 1665//6037 1660//6038 1966//6039
f 1665//6040 1966//6041 1969//6042
f 1992//6043 1987//6044 1667//6045
f 1969//6046 1974//6047 1665//6048
f 1667//6049 1665//6050 1974//6051
f 1974//6052 1992//6053 1667//6054
f 1991//6055 2204//6056 1673//6057
f 1673//6058 1672//6059 1991//6060
f 1987//6061 1991//6062 1672//6063
f 1672//6064 1669//6065 1987//6066
f 1669//6067 1667//6068 1987//6069
f 1670//6070 1674//6071 1990//6072
f 1990//6073 1989//6074 1670//6075
f 1668//6076 1670//6077 1989//6078
f 1989//6079 1988//6080 1668//6081
f 1666//6082 1668//6083 1988//6084
f 1988//6085 1986//6086 1666//6087
f 1664//6088 1666//6089 1986//6090
f 1986//6091 1975//6092 1664//6093
f 1661//6094 1664//6095 1975//6096
f 1975//6097 1970//6098 1661//6099
f 1590//6100 1661//6101 1970//6102
f 1970//6103 1967//6104 1590//6105
f 1529//6106 1590//6107 1967//6108
f 1967//6109 1958//6110 1529//6111
f 1958//6112 1494//6113 1529//6114
f 1958//6115 1952//6116 1494//6117
f 1489//6118 1494//6119 1952//6120
f 1952//6121 1946//6122 1489//6123
f 1487//6124 1489//6125 1946//6126
f 1946//6127 1939//6128 1487//6129
f 1484//6130 1487//6131 1939//6132
f 1939//6133 1928//6134 1484//6135
f 1482//6136 1484//6137 1928//6138
f 1928//6139 1918//6140 1482//6141
f 1480//6142 1482//6143 1918//6144
f 1918//6145 1913//6146 1480//6147
f 1477//6148 1480//6149 1913//6150
f 1913//6151 1910//6152 1477//6153
f 1476//6154 1477//6155 1910//6156
f 1910//6157 1904//6158 1476//6159
f 1904//6160 1902//6161 1476//6162
f 1902//6163 1471//6164 1476//6165
f 1902//6166 1896//6167 1471//6168
f 1896//6169 1467//6170 1471//6171
f 1896//6172 1465//6173 1467//6174
f 1896//6175 1889//6176 1465//6177
f 1463//6178 1465//6179 1889//6180
f 1889//6181 1888//6182 1463//6183
f 1457//6184 1463//6185 1888//6186
f 1888//6187 1885//6188 1457//6189
f 1445//6190 1457//6191 1885//6192
f 1885//6193 1875//6194 1445//6195
f 1430//6196 1445//6197 1875//6198
f 1875//6199 1874//6200 1430//6201
f 1430//6202 1874//6203 1868//6204
f 1868//6205 1427//6206 1430//6207
f 1426//6208 1427//6209 1868//6210
f 1868//6211 1864//6212 1426//6213
f 1424//6214 1426//6215 1864//6216
f 1864//6217 1860//6218 1424//6219
f 1424//6220 1860//6221 1859//6222
f 1859//6223 1422//6224 1424//6225
f 1420//6226 1422//6227 1859//6228
f 1859//6229 1854//6230 1420//6231
f 1418//6232 1420//6233 1854//6234
f 1854//6235 1853//6236 1418//6237
f 1417//6238 1418//6239 1853//6240
f 1853//6241 1850//6242 1417//6243
f 1414//6244 1417//6245 1850//6246
f 1850//6247 1847//6248 1414//6249
f 1413//6250 1414//6251 1847//6252
f 1847//6253 1843//6254 1413//6255
f 1410//6256 1413//6257 1843//6258
f 1843//6259 1840//6260 1410//6261
f 1833//6262 1832//6263 1402//6264
f 1402//6265 1404//6266 1833//6267
f 1837//6268 1833//6269 1404//6270
f 1404//6271 1407//6272 1837//6273
f 1407//6274 1840//6275 1837//6276
f 1840//6277 1407//6278 1409//6279
f 1409//6280 1410//6281 1840//6282
f 1824//6283 1822//6284 1396//6285
f 1396//6286 1398//6287 1824//6288
f 1827//6289 1824//6290 1398//6291
f 1398//6292 1400//6293 1827//6294
f 1832//6295 1827//6296 1400//6297
f 1400//6298 1402//6299 1832//6300
f 1207//6301 1197//6302 1209//6303
f 1209//6304 1215//6305 1207//6306
f 1207//6307 1215//6308 1225//6309
f 1225//6310 1218//6311 1207//6312
f 1220//6313 1218//6314 1225//6315
f 1225//6316 1226//6317 1220//6318
f 1225//6319 1306//6320 1226//6321
f 1226//6322 1306//6323 1289//6324
f 1294//6325 1290//6326 1231//6327
f 1231//6328 1289//6329 1294//6330
f 1231//6331 1226//6332 1289//6333
f 1294//6334 1298//6335 1290//6336
f 1296//6337 1290//6338 1298//6339
f 1296//6340 1298//6341 1304//6342
f 1304//6343 1299//6344 1296//6345
f 1299//6346 1304//6347 1316//6348
f 1316//6349 1328//6350 1314//6351
f 1308//6352 1299//6353 1316//6354
f 1316//6355 1314//6356 1308//6357
f 1330//6358 1322//6359 1328//6360
f 1328//6361 1436//6362 1330//6363
f 1322//6364 1314//6365 1328//6366
f 1330//6367 1436//6368 1345//6369
f 1336//6370 1330//6371 1345//6372
f 1351//6373 1360//6374 1344//6375
f 1344//6376 1336//6377 1345//6378
f 1345//6379 1351//6380 1344//6381
f 1368//6382 1359//6383 1349//6384
f 1349//6385 1360//6386 1368//6387
f 1349//6388 1344//6389 1360//6390
f 1368//6391 1371//6392 1359//6393
f 1364//6394 1359//6395 1371//6396
f 1370//6397 1364//6398 1371//6399
f 1371//6400 1362//6401 1370//6402
f 1370//6403 1362//6404 1388//6405
f 1378//6406 1370//6407 1388//6408
f 1388//6409 1394//6410 1382//6411
f 1382//6412 1378//6413 1388//6414
f 1382//6415 1394//6416 1396//6417
f 1396//6418 1391//6419 1382//6420
f 399//6421 651//6422 403//6423
f 651//6424 399//6425 635//6426
f 487//6427 621//6428 393//6429
f 545//6430 611//6431 487//6432
f 621//6433 487//6434 611//6435
f 400//6436 464//6437 406//6438
f 487//6439 406//6440 464//6441
f 393//6442 399//6443 394//6444
f 393//6445 406//6446 487//6447
f 474//6448 398//6449 472//6450
f 524//6451 472//6452 398//6453
f 575//6454 524//6455 398//6456
f 407//6457 506//6458 575//6459
f 575//6460 398//6461 407//6462
f 420//6463 506//6464 407//6465
f 413//6466 420//6467 397//6468
f 397//6469 420//6470 407//6471
f 451//6472 413//6473 396//6474
f 596//6475 565//6476 396//6477
f 397//6478 396//6479 413//6480
f 596//6481 396//6482 606//6483
f 392//6484 401//6485 396//6486
f 396//6487 401//6488 450//6489
f 450//6490 606//6491 396//6492
f 388//6493 392//6494 396//6495
f 388//6496 405//6497 391//6498
f 391//6499 392//6500 388//6501
f 450//6502 390//6503 405//6504
f 405//6505 390//6506 391//6507
f 395//6508 392//6509 391//6510
f 395//6511 401//6512 392//6513
f 395//6514 450//6515 401//6516
f 450//6517 395//6518 390//6519
f 390//6520 389//6521 391//6522
f 391//6523 389//6524 395//6525
f 1397//6526 1389//6527 1393//6528
f 1395//6529 1397//6530 1393//6531
f 1389//6532 1375//6533 1379//6534
f 1346//6535 1357//6536 1367//6537
f 1346//6538 1386//6539 1335//6540
f 1331//6541 1335//6542 1386//6543
f 1386//6544 1297//6545 1315//6546
f 1302//6547 1315//6548 1297//6549
f 1224//6550 1288//6551 1297//6552
f 1224//6553 1208//6554 1214//6555
f 1373//6556 1425//6557 1428//6558
f 1423//6559 1425//6560 1373//6561
f 1373//6562 1421//6563 1423//6564
f 1373//6565 1419//6566 1421//6567
f 1373//6568 1416//6569 1419//6570
f 1415//6571 1416//6572 1373//6573
f 1415//6574 1373//6575 1408//6576
f 1408//6577 1412//6578 1415//6579
f 1408//6580 1411//6581 1412//6582
f 1405//6583 1406//6584 1408//6585
f 1408//6586 1401//6587 1403//6588
f 1389//6589 1399//6590 1401//6591
f 1389//6592 1397//6593 1399//6594
f 1375//6595 1389//6596 1373//6597
f 1367//6598 1375//6599 1373//6600
f 1367//6601 1386//6602 1346//6603
f 1401//6604 1408//6605 1389//6606
f 1389//6607 1408//6608 1373//6609
f 1367//6610 1373//6611 1386//6612
f 1403//6613 1405//6614 1408//6615
f 1431//6616 1373//6617 1428//6618
f 1224//6619 1297//6620 1208//6621
f 1450//6622 1386//6623 1373//6624
f 1373//6625 1431//6626 1450//6627
f 1667//6628 1669//6629 1671//6630
f 1669//6631 1672//6632 1671//6633
f 1672//6634 1673//6635 1671//6636
f 1671//6637 1660//6638 1665//6639
f 1665//6640 1667//6641 1671//6642
f 1490//6643 1499//6644 1660//6645
f 1488//6646 1490//6647 1660//6648
f 1660//6649 1486//6650 1488//6651
f 1481//6652 1483//6653 1660//6654
f 1483//6655 1486//6656 1660//6657
f 1478//6658 1481//6659 1660//6660
f 1660//6661 1475//6662 1478//6663
f 1469//6664 1473//6665 1475//6666
f 1450//6667 1469//6668 1475//6669
f 1454//6670 1462//6671 1450//6672
f 1443//6673 1454//6674 1450//6675
f 1450//6676 1431//6677 1443//6678
f 1475//6679 1660//6680 1450//6681
f 1297//6682 1386//6683 1450//6684
f 1660//6685 1297//6686 1450//6687
f 1673//6688 1720//6689 1693//6690
f 1800//6691 1803//6692 1691//6693
f 1691//6694 1803//6695 2023//6696
f 1691//6697 1741//6698 1792//6699
f 1792//6700 1800//6701 1691//6702
f 1741//6703 1699//6704 1786//6705
f 1777//6706 1786//6707 1699//6708
f 1766//6709 1772//6710 1699//6711
f 1699//6712 1772//6713 1777//6714
f 1699//6715 1763//6716 1766//6717
f 1737//6718 1749//6719 1699//6720
f 1699//6721 1749//6722 1753//6723
f 1742//6724 1737//6725 1693//6726
f 1733//6727 1738//6728 1693//6729
f 1693//6730 1738//6731 1742//6732
f 1720//6733 1722//6734 1693//6735
f 1693//6736 1722//6737 1726//6738
f 1726//6739 1733//6740 1693//6741
f 1699//6742 1660//6743 1671//6744
f 1671//6745 1693//6746 1699//6747
f 1663//6748 1660//6749 1699//6750
f 1663//6751 1699//6752 1691//6753
f 1673//6754 1693//6755 1671//6756
f 1693//6757 1737//6758 1699//6759
f 1699//6760 1741//6761 1691//6762
f 1129//6763 1208//6764 1297//6765
f 1196//6766 1208//6767 1129//6768
f 1056//6769 635//6770 399//6771
f 1129//6772 1056//6773 1196//6774
f 1129//6775 1120//6776 1056//6777
f 1056//6778 1120//6779 1031//6780
f 1031//6781 712//6782 1056//6783
f 1056//6784 712//6785 635//6786
f 399//6787 412//6788 1056//6789
f 1120//6790 1129//6791 1118//6792
f 843//6793 1030//6794 849//6795
f 1120//6796 1030//6797 1031//6798
f 1030//6799 843//6800 1031//6801
f 843//6802 765//6803 1031//6804
f 712//6805 1031//6806 765//6807
f 712//6808 765//6809 651//6810
f 651//6811 635//6812 712//6813
f 700//6814 504//6815 641//6816
f 735//6817 718//6818 711//6819
f 700//6820 711//6821 504//6822
f 711//6823 700//6824 751//6825
f 751//6826 735//6827 711//6828
f 843//6829 700//6830 765//6831
f 843//6832 849//6833 700//6834
f 701//6835 641//6836 588//6837
f 651//6838 588//6839 403//6840
f 701//6841 588//6842 765//6843
f 651//6844 765//6845 588//6846
f 1118//6847 1030//6848 1120//6849
f 701//6850 700//6851 641//6852
f 700//6853 701//6854 765//6855
f 751//6856 700//6857 638//6858
f 504//6859 711//6860 718//6861
f 718//6862 502//6863 504//6864
f 502//6865 718//6866 735//6867
f 735//6868 498//6869 502//6870
f 498//6871 735//6872 751//6873
f 751//6874 496//6875 498//6876
f 638//6877 496//6878 751//6879
f 495//6880 496//6881 638//6882
f 504//6883 404//6884 514//6885
f 641//6886 504//6887 514//6888
f 641//6889 514//6890 374//6891
f 530//6892 588//6893 641//6894
f 498//6895 404//6896 502//6897
f 463//6898 461//6899 404//6900
f 588//6901 530//6902 403//6903
f 374//6904 530//6905 641//6906
f 399//6907 403//6908 394//6909
f 404//6910 496//6911 495//6912
f 495//6913 463//6914 404//6915
f 404//6916 504//6917 502//6918
f 498//6919 496//6920 404//6921
f 405//6922 380//6923 494//6924
f 505//6925 414//6926 503//6927
f 414//6928 500//6929 503//6930
f 500//6931 414//6932 492//6933
f 497//6934 500//6935 492//6936
f 414//6937 471//6938 492//6939
f 405//6940 494//6941 450//6942
f 471//6943 414//6944 402//6945
f 497//6946 492//6947 725//6948
f 725//6949 750//6950 497//6951
f 497//6952 750//6953 723//6954
f 723//6955 500//6956 497//6957
f 500//6958 723//6959 713//6960
f 713//6961 503//6962 500//6963
f 503//6964 713//6965 708//6966
f 505//6967 503//6968 708//6969
f 414//6970 505//6971 705//6972
f 505//6973 708//6974 705//6975
f 705//6976 476//6977 414//6978
f 705//6979 632//6980 476//6981
f 632//6982 608//6983 476//6984
f 606//6985 494//6986 476//6987
f 608//6988 606//6989 476//6990
f 494//6991 606//6992 450//6993
f 1130//6994 1117//6995 1048//6996
f 624//6997 606//6998 629//6999
f 1048//7000 1117//7001 1046//7002
f 1028//7003 1048//7004 1046//7005
f 1028//7006 1046//7007 795//7008
f 705//7009 713//7010 750//7011
f 750//7012 769//7013 705//7014
f 708//7015 713//7016 705//7017
f 713//7018 723//7019 750//7020
f 767//7021 705//7022 769//7023
f 632//7024 705//7025 608//7026
f 642//7027 608//7028 705//7029
f 642//7030 637//7031 608//7032
f 637//7033 642//7034 767//7035
f 608//7036 629//7037 606//7038
f 795//7039 769//7040 947//7041
f 769//7042 795//7043 767//7044
f 608//7045 637//7046 629//7047
f 767//7048 795//7049 637//7050
f 795//7051 947//7052 1028//7053
f 705//7054 767//7055 642//7056
f 1297//7057 1660//7058 1432//7059
f 1660//7060 1663//7061 1432//7062
f 1663//7063 2023//7064 1432//7065
f 1663//7066 1691//7067 2023//7068
f 1129//7069 1297//7070 1259//7071
f 1259//7072 1086//7073 1129//7074
f 1086//7075 1118//7076 1129//7077
f 2177//7078 2178//7079 1803//7080
f 2023//7081 1803//7082 2178//7083
f 1800//7084 1792//7085 2175//7086
f 2175//7087 2177//7088 1800//7089
f 1803//7090 1800//7091 2177//7092
f 2166//7093 1786//7094 1777//7095
f 2166//7096 2171//7097 1786//7098
f 1741//7099 1786//7100 2171//7101
f 2171//7102 2181//7103 1741//7104
f 1792//7105 1741//7106 2181//7107
f 2181//7108 2175//7109 1792//7110
f 1699//7111 1753//7112 2142//7113
f 1763//7114 1699//7115 2142//7116
f 2142//7117 2148//7118 1763//7119
f 1766//7120 1763//7121 2148//7122
f 2148//7123 2152//7124 1766//7125
f 1772//7126 1766//7127 2152//7128
f 2152//7129 2155//7130 1772//7131
f 1777//7132 1772//7133 2155//7134
f 2155//7135 2159//7136 1777//7137
f 1777//7138 2159//7139 2166//7140
f 1737//7141 1742//7142 2124//7143
f 2124//7144 2133//7145 1737//7146
f 1749//7147 1737//7148 2133//7149
f 2133//7150 2132//7151 1749//7152
f 1753//7153 1749//7154 2132//7155
f 2132//7156 2136//7157 1753//7158
f 1753//7159 2136//7160 2142//7161
f 2111//7162 1733//7163 1726//7164
f 2111//7165 2127//7166 1733//7167
f 1738//7168 1733//7169 2127//7170
f 2127//7171 2120//7172 1738//7173
f 1742//7174 1738//7175 2120//7176
f 1742//7177 2120//7178 2124//7179
f 2087//7180 2094//7181 1722//7182
f 1722//7183 2094//7184 2098//7185
f 2098//7186 1726//7187 1722//7188
f 1726//7189 2098//7190 2111//7191
f 2087//7192 1722//7193 1720//7194
f 2232//7195 2032//7196 2178//7197
f 2032//7198 2023//7199 2178//7200
f 1306//7201 1225//7202 1215//7203
f 1215//7204 1209//7205 1306//7206
f 1294//7207 1289//7208 1306//7209
f 1306//7210 1304//7211 1298//7212
f 1298//7213 1294//7214 1306//7215
f 1304//7216 1436//7217 1316//7218
f 1436//7219 1328//7220 1316//7221
f 1368//7222 1360//7223 1362//7224
f 1345//7225 1362//7226 1360//7227
f 1360//7228 1351//7229 1345//7230
f 1371//7231 1368//7232 1362//7233
f 1400//7234 1398//7235 1362//7236
f 1362//7237 1398//7238 1396//7239
f 1396//7240 1394//7241 1362//7242
f 1394//7243 1388//7244 1362//7245
f 1362//7246 1402//7247 1400//7248
f 1362//7249 1404//7250 1402//7251
f 1362//7252 1407//7253 1404//7254
f 1414//7255 1413//7256 1362//7257
f 1362//7258 1413//7259 1410//7260
f 1422//7261 1417//7262 1414//7263
f 1422//7264 1418//7265 1417//7266
f 1422//7267 1426//7268 1424//7269
f 1426//7270 1422//7271 1430//7272
f 1430//7273 1427//7274 1426//7275
f 1436//7276 1422//7277 1362//7278
f 1362//7279 1410//7280 1409//7281
f 1436//7282 1430//7283 1422//7284
f 1420//7285 1418//7286 1422//7287
f 1414//7288 1362//7289 1422//7290
f 1362//7291 1409//7292 1407//7293
f 1345//7294 1436//7295 1362//7296
f 1306//7297 1436//7298 1304//7299
f 1463//7300 1457//7301 1465//7302
f 1471//7303 1467//7304 1465//7305
f 1476//7306 1471//7307 1472//7308
f 1477//7309 1476//7310 1472//7311
f 1485//7312 1484//7313 1482//7314
f 1487//7315 1484//7316 1485//7317
f 1489//7318 1487//7319 1485//7320
f 1485//7321 1590//7322 1489//7323
f 1494//7324 1489//7325 1590//7326
f 1529//7327 1494//7328 1590//7329
f 1666//7330 1664//7331 1485//7332
f 1590//7333 1485//7334 1664//7335
f 1664//7336 1661//7337 1590//7338
f 1485//7339 1668//7340 1666//7341
f 1668//7342 1485//7343 1670//7344
f 1436//7345 1485//7346 1472//7347
f 1472//7348 1485//7349 1480//7350
f 1485//7351 1482//7352 1480//7353
f 1430//7354 1465//7355 1445//7356
f 1436//7357 1465//7358 1430//7359
f 1676//7360 1485//7361 1436//7362
f 1480//7363 1477//7364 1472//7365
f 1465//7366 1472//7367 1471//7368
f 1465//7369 1436//7370 1472//7371
f 1465//7372 1457//7373 1445//7374
f 1728//7375 1723//7376 1696//7377
f 1732//7378 1728//7379 1696//7380
f 1734//7381 1732//7382 1696//7383
f 1734//7384 1696//7385 1697//7386
f 1697//7387 1739//7388 1734//7389
f 1746//7390 1697//7391 1700//7392
f 1700//7393 1750//7394 1746//7395
f 1751//7396 1750//7397 1700//7398
f 1700//7399 1755//7400 1751//7401
f 1760//7402 1755//7403 1700//7404
f 1700//7405 1764//7406 1760//7407
f 1700//7408 1773//7409 1764//7410
f 1778//7411 1773//7412 1700//7413
f 1785//7414 1778//7415 1700//7416
f 1700//7417 1692//7418 1785//7419
f 1789//7420 1785//7421 1692//7422
f 1787//7423 1789//7424 1692//7425
f 1787//7426 1714//7427 1794//7428
f 1714//7429 1804//7430 1794//7431
f 1697//7432 1696//7433 1485//7434
f 1700//7435 1697//7436 1485//7437
f 1714//7438 1787//7439 1692//7440
f 1485//7441 1692//7442 1700//7443
f 1696//7444 1719//7445 1674//7446
f 1719//7447 1696//7448 1723//7449
f 1674//7450 1670//7451 1696//7452
f 1485//7453 1696//7454 1670//7455
f 1468//7456 1676//7457 1436//7458
f 1306//7459 1468//7460 1436//7461
f 1719//7462 1723//7463 2086//7464
f 2096//7465 2086//7466 1723//7467
f 1728//7468 1732//7469 2110//7470
f 2110//7471 2100//7472 1728//7473
f 1723//7474 1728//7475 2100//7476
f 2100//7477 2096//7478 1723//7479
f 2123//7480 1697//7481 1746//7482
f 1739//7483 1697//7484 2123//7485
f 2123//7486 2119//7487 1739//7488
f 1734//7489 1739//7490 2119//7491
f 2119//7492 2115//7493 1734//7494
f 1732//7495 1734//7496 2115//7497
f 1732//7498 2115//7499 2110//7500
f 1778//7501 1785//7502 2167//7503
f 2167//7504 2161//7505 1778//7506
f 1773//7507 1778//7508 2161//7509
f 2161//7510 2158//7511 1773//7512
f 1764//7513 1773//7514 2158//7515
f 2158//7516 2197//7517 1764//7518
f 2197//7519 2149//7520 1764//7521
f 1760//7522 1764//7523 2149//7524
f 2149//7525 2143//7526 1760//7527
f 1760//7528 2143//7529 2141//7530
f 2141//7531 1755//7532 1760//7533
f 2141//7534 2137//7535 1755//7536
f 1751//7537 1755//7538 2137//7539
f 1750//7540 1751//7541 2137//7542
f 2137//7543 2129//7544 1750//7545
f 1746//7546 1750//7547 2129//7548
f 1746//7549 2129//7550 2123//7551
f 1787//7552 1794//7553 2176//7554
f 2176//7555 2174//7556 1787//7557
f 1789//7558 1787//7559 2174//7560
f 2174//7561 2173//7562 1789//7563
f 2173//7564 2172//7565 1789//7566
f 1785//7567 1789//7568 2172//7569
f 1785//7570 2172//7571 2167//7572
f 2196//7573 2176//7574 1794//7575
f 2180//7576 1804//7577 1714//7578
f 2180//7579 2179//7580 1804//7581
f 1794//7582 1804//7583 2179//7584
f 1794//7585 2179//7586 2196//7587
f 1920//7588 2180//7589 1714//7590
f 2196//7591 2180//7592 1920//7593
f 1714//7594 1977//7595 1920//7596
f 1130//7597 1048//7598 1087//7599
f 1130//7600 1087//7601 1260//7602
f 1260//7603 1306//7604 1130//7605
f 461//7606 462//7607 470//7608
f 462//7609 402//7610 470//7611
f 462//7612 461//7613 463//7614
f 463//7615 471//7616 462//7617
f 402//7618 462//7619 471//7620
f 468//7621 459//7622 460//7623
f 460//7624 461//7625 470//7626
f 460//7627 470//7628 469//7629
f 460//7630 469//7631 468//7632
f 469//7633 425//7634 468//7635
f 425//7636 448//7637 455//7638
f 455//7639 468//7640 425//7641
f 425//7642 445//7643 448//7644
f 425//7645 433//7646 436//7647
f 433//7648 425//7649 421//7650
f 425//7651 441//7652 445//7653
f 425//7654 436//7655 441//7656
f 456//7657 447//7658 426//7659
f 426//7660 435//7661 431//7662
f 426//7663 439//7664 435//7665
f 447//7666 442//7667 426//7668
f 426//7669 442//7670 439//7671
f 456//7672 426//7673 459//7674
f 371//7675 459//7676 426//7677
f 419//7678 426//7679 428//7680
f 431//7681 428//7682 426//7683
f 459//7684 468//7685 455//7686
f 447//7687 455//7688 448//7689
f 455//7690 447//7691 456//7692
f 456//7693 459//7694 455//7695
f 447//7696 448//7697 445//7698
f 441//7699 436//7700 435//7701
f 435//7702 439//7703 441//7704
f 439//7705 445//7706 441//7707
f 439//7708 442//7709 445//7710
f 442//7711 447//7712 445//7713
f 433//7714 421//7715 428//7716
f 428//7717 431//7718 433//7719
f 431//7720 436//7721 433//7722
f 431//7723 435//7724 436//7725
f 419//7726 428//7727 421//7728
f 419//7729 421//7730 416//7731
f 419//7732 416//7733 418//7734
f 473//7735 474//7736 472//7737
f 465//7738 472//7739 464//7740
f 464//7741 400//7742 465//7743
f 474//7744 473//7745 467//7746
f 472//7747 465//7748 473//7749
f 473//7750 465//7751 466//7752
f 466//7753 467//7754 473//7755
f 467//7756 457//7757 475//7758
f 475//7759 474//7760 467//7761
f 437//7762 430//7763 427//7764
f 427//7765 440//7766 437//7767
f 446//7768 443//7769 427//7770
f 443//7771 440//7772 427//7773
f 475//7774 458//7775 427//7776
f 427//7777 474//7778 475//7779
f 458//7780 452//7781 427//7782
f 434//7783 438//7784 424//7785
f 453//7786 454//7787 424//7788
f 424//7789 454//7790 457//7791
f 444//7792 449//7793 424//7794
f 424//7795 449//7796 453//7797
f 432//7798 434//7799 424//7800
f 424//7801 466//7802 376//7803
f 457//7804 467//7805 424//7806
f 424//7807 467//7808 466//7809
f 387//7810 388//7811 396//7812
f 405//7813 388//7814 380//7815
f 476//7816 494//7817 380//7818
f 380//7819 379//7820 476//7821
f 379//7822 414//7823 476//7824
f 402//7825 379//7826 470//7827
f 379//7828 402//7829 414//7830
f 470//7831 379//7832 469//7833
f 379//7834 425//7835 469//7836
f 421//7837 425//7838 379//7839
f 379//7840 416//7841 421//7842
f 379//7843 378//7844 416//7845
f 378//7846 371//7847 416//7848
f 418//7849 416//7850 371//7851
f 419//7852 418//7853 371//7854
f 426//7855 419//7856 371//7857
f 372//7858 461//7859 460//7860
f 372//7861 460//7862 459//7863
f 371//7864 372//7865 459//7866
f 404//7867 461//7868 372//7869
f 372//7870 373//7871 404//7872
f 404//7873 373//7874 374//7875
f 514//7876 404//7877 374//7878
f 530//7879 374//7880 367//7881
f 403//7882 530//7883 367//7884
f 368//7885 403//7886 367//7887
f 394//7888 403//7889 368//7890
f 369//7891 393//7892 394//7893
f 368//7894 369//7895 394//7896
f 369//7897 376//7898 393//7899
f 406//7900 393//7901 376//7902
f 376//7903 400//7904 406//7905
f 400//7906 376//7907 466//7908
f 466//7909 465//7910 400//7911
f 376//7912 417//7913 424//7914
f 376//7915 377//7916 422//7917
f 411//7918 422//7919 377//7920
f 409//7921 415//7922 377//7923
f 410//7924 415//7925 409//7926
f 423//7927 410//7928 409//7929
f 409//7930 386//7931 423//7932
f 474//7933 427//7934 386//7935
f 398//7936 474//7937 386//7938
f 386//7939 384//7940 398//7941
f 384//7942 407//7943 398//7944
f 407//7945 384//7946 383//7947
f 397//7948 407//7949 383//7950
f 396//7951 397//7952 383//7953
f 383//7954 387//7955 396//7956
f 415//7957 411//7958 377//7959
f 432//7960 424//7961 417//7962
f 417//7963 376//7964 422//7965
f 386//7966 427//7967 430//7968
f 430//7969 423//7970 386//7971
f 457//7972 454//7973 475//7974
f 458//7975 475//7976 454//7977
f 446//7978 453//7979 449//7980
f 453//7981 446//7982 427//7983
f 427//7984 452//7985 453//7986
f 454//7987 453//7988 452//7989
f 454//7990 452//7991 458//7992
f 449//7993 444//7994 446//7995
f 443//7996 446//7997 444//7998
f 438//7999 434//8000 437//8001
f 437//8002 440//8003 438//8004
f 443//8005 444//8006 424//8007
f 424//8008 438//8009 443//8010
f 440//8011 443//8012 438//8013
f 437//8014 434//8015 432//8016
f 437//8017 429//8018 430//8019
f 429//8020 437//8021 432//8022
f 430//8023 429//8024 410//8025
f 410//8026 423//8027 430//8028
f 429//8029 432//8030 417//8031
f 417//8032 422//8033 429//8034
f 429//8035 422//8036 411//8037
f 429//8038 411//8039 415//8040
f 415//8041 410//8042 429//8043
f 388//8044 387//8045 381//8046
f 368//8047 367//8048 375//8049
f 376//8050 369//8051 370//8052
f 382//8053 381//8054 383//8055
f 387//8056 383//8057 381//8058
f 367//8059 374//8060 375//8061
f 369//8062 368//8063 220//8064
f 369//8065 220//8066 370//8067
f 383//8068 384//8069 385//8070
f 385//8071 382//8072 383//8073
f 380//8074 388//8075 381//8076
f 375//8077 220//8078 368//8079
f 256//8080 262//8081 376//8082
f 381//8083 315//8084 380//8085
f 370//8086 256//8087 376//8088
f 386//8089 409//8090 333//8091
f 379//8092 380//8093 315//8094
f 384//8095 386//8096 385//8097
f 378//8098 379//8099 307//8100
f 377//8101 376//8102 262//8103
f 315//8104 307//8105 379//8106
f 307//8107 285//8108 378//8109
f 372//8110 371//8111 373//8112
f 333//8113 385//8114 386//8115
f 371//8116 378//8117 285//8118
f 285//8119 373//8120 371//8121
f 373//8122 375//8123 374//8124
f 286//8125 333//8126 409//8127
f 262//8128 286//8129 377//8130
f 409//8131 377//8132 286//8133
f 333//8134 286//8135 339//8136
f 214//8137 215//8138 220//8139
f 213//8140 214//8141 220//8142
f 212//8143 213//8144 220//8145
f 357//8146 356//8147 382//8148
f 358//8149 357//8150 382//8151
f 359//8152 358//8153 382//8154
f 211//8155 212//8156 220//8157
f 210//8158 211//8159 220//8160
f 209//8161 210//8162 220//8163
f 254//8164 255//8165 256//8166
f 253//8167 254//8168 256//8169
f 252//8170 253//8171 256//8172
f 348//8173 347//8174 381//8175
f 349//8176 348//8177 381//8178
f 350//8179 349//8180 381//8181
f 354//8182 353//8183 381//8184
f 355//8185 354//8186 381//8187
f 381//8188 382//8189 355//8190
f 356//8191 355//8192 382//8193
f 251//8194 252//8195 256//8196
f 256//8197 370//8198 251//8199
f 250//8200 251//8201 370//8202
f 230//8203 250//8204 370//8205
f 229//8206 230//8207 370//8208
f 228//8209 229//8210 370//8211
f 209//8212 220//8213 375//8214
f 208//8215 209//8216 375//8217
f 207//8218 208//8219 375//8220
f 206//8221 207//8222 375//8223
f 320//8224 319//8225 381//8226
f 321//8227 320//8228 381//8229
f 351//8230 350//8231 381//8232
f 352//8233 351//8234 381//8235
f 353//8236 352//8237 381//8238
f 366//8239 365//8240 385//8241
f 324//8242 366//8243 385//8244
f 325//8245 324//8246 385//8247
f 227//8248 228//8249 370//8250
f 226//8251 227//8252 370//8253
f 225//8254 226//8255 370//8256
f 221//8257 222//8258 220//8259
f 219//8260 221//8261 220//8262
f 218//8263 219//8264 220//8265
f 322//8266 321//8267 381//8268
f 323//8269 322//8270 381//8271
f 347//8272 323//8273 381//8274
f 326//8275 325//8276 385//8277
f 327//8278 326//8279 385//8280
f 328//8281 327//8282 385//8283
f 205//8284 206//8285 375//8286
f 204//8287 205//8288 375//8289
f 203//8290 204//8291 375//8292
f 360//8293 359//8294 382//8295
f 382//8296 385//8297 360//8298
f 361//8299 360//8300 385//8301
f 362//8302 361//8303 385//8304
f 258//8305 259//8306 256//8307
f 257//8308 258//8309 256//8310
f 255//8311 257//8312 256//8313
f 224//8314 225//8315 370//8316
f 223//8317 224//8318 370//8319
f 222//8320 223//8321 370//8322
f 370//8323 220//8324 222//8325
f 217//8326 218//8327 220//8328
f 216//8329 217//8330 220//8331
f 215//8332 216//8333 220//8334
f 202//8335 203//8336 375//8337
f 201//8338 202//8339 375//8340
f 200//8341 201//8342 375//8343
f 363//8344 362//8345 385//8346
f 364//8347 363//8348 385//8349
f 365//8350 364//8351 385//8352
f 329//8353 328//8354 385//8355
f 330//8356 329//8357 385//8358
f 331//8359 330//8360 385//8361
f 343//8362 342//8363 339//8364
f 344//8365 343//8366 339//8367
f 293//8368 291//8369 339//8370
f 295//8371 293//8372 339//8373
f 297//8374 295//8375 339//8376
f 265//8377 266//8378 262//8379
f 264//8380 265//8381 262//8382
f 263//8383 264//8384 262//8385
f 261//8386 263//8387 262//8388
f 260//8389 261//8390 262//8391
f 262//8392 256//8393 260//8394
f 259//8395 260//8396 256//8397
f 332//8398 331//8399 385//8400
f 334//8401 332//8402 385//8403
f 335//8404 334//8405 385//8406
f 340//8407 338//8408 339//8409
f 341//8410 340//8411 339//8412
f 342//8413 341//8414 339//8415
f 246//8416 247//8417 375//8418
f 245//8419 246//8420 375//8421
f 244//8422 245//8423 375//8424
f 335//8425 385//8426 333//8427
f 336//8428 335//8429 333//8430
f 337//8431 336//8432 333//8433
f 338//8434 337//8435 333//8436
f 338//8437 333//8438 339//8439
f 345//8440 344//8441 339//8442
f 346//8443 345//8444 339//8445
f 287//8446 346//8447 339//8448
f 288//8449 287//8450 339//8451
f 289//8452 288//8453 339//8454
f 291//8455 289//8456 339//8457
f 268//8458 269//8459 262//8460
f 267//8461 268//8462 262//8463
f 266//8464 267//8465 262//8466
f 249//8467 200//8468 375//8469
f 248//8470 249//8471 375//8472
f 247//8473 248//8474 375//8475
f 317//8476 316//8477 381//8478
f 318//8479 317//8480 381//8481
f 319//8482 318//8483 381//8484
f 339//8485 286//8486 297//8487
f 299//8488 297//8489 286//8490
f 300//8491 299//8492 286//8493
f 298//8494 300//8495 286//8496
f 290//8497 292//8498 262//8499
f 270//8500 290//8501 262//8502
f 269//8503 270//8504 262//8505
f 310//8506 309//8507 315//8508
f 311//8509 310//8510 315//8511
f 312//8512 311//8513 315//8514
f 296//8515 298//8516 286//8517
f 294//8518 296//8519 286//8520
f 292//8521 294//8522 286//8523
f 292//8524 286//8525 262//8526
f 313//8527 312//8528 315//8529
f 314//8530 313//8531 315//8532
f 315//8533 381//8534 314//8535
f 316//8536 314//8537 381//8538
f 243//8539 244//8540 375//8541
f 242//8542 243//8543 375//8544
f 375//8545 373//8546 242//8547
f 241//8548 242//8549 373//8550
f 303//8551 302//8552 307//8553
f 304//8554 303//8555 307//8556
f 305//8557 304//8558 307//8559
f 306//8560 305//8561 307//8562
f 308//8563 306//8564 307//8565
f 309//8566 308//8567 307//8568
f 309//8569 307//8570 315//8571
f 240//8572 241//8573 373//8574
f 239//8575 240//8576 373//8577
f 238//8578 239//8579 373//8580
f 235//8581 236//8582 285//8583
f 234//8584 235//8585 285//8586
f 233//8587 234//8588 285//8589
f 232//8590 233//8591 285//8592
f 231//8593 232//8594 285//8595
f 280//8596 231//8597 285//8598
f 237//8599 238//8600 373//8601
f 236//8602 237//8603 373//8604
f 373//8605 285//8606 236//8607
f 275//8608 273//8609 285//8610
f 277//8611 275//8612 285//8613
f 285//8614 307//8615 277//8616
f 279//8617 277//8618 307//8619
f 284//8620 283//8621 307//8622
f 301//8623 284//8624 307//8625
f 302//8626 301//8627 307//8628
f 278//8629 280//8630 285//8631
f 276//8632 278//8633 285//8634
f 274//8635 276//8636 285//8637
f 281//8638 279//8639 307//8640
f 282//8641 281//8642 307//8643
f 283//8644 282//8645 307//8646
f 272//8647 274//8648 285//8649
f 271//8650 272//8651 285//8652
f 273//8653 271//8654 285//8655
f 273//8656 108//8657 106//8658
f 108//8659 273//8660 275//8661
f 275//8662 110//8663 108//8664
f 110//8665 275//8666 277//8667
f 277//8668 112//8669 110//8670
f 112//8671 277//8672 279//8673
f 279//8674 114//8675 112//8676
f 114//8677 279//8678 281//8679
f 281//8680 116//8681 114//8682
f 116//8683 281//8684 282//8685
f 282//8686 117//8687 116//8688
f 117//8689 282//8690 283//8691
f 283//8692 118//8693 117//8694
f 118//8695 283//8696 284//8697
f 284//8698 119//8699 118//8700
f 119//8701 284//8702 301//8703
f 301//8704 136//8705 119//8706
f 136//8707 301//8708 302//8709
f 302//8710 137//8711 136//8712
f 137//8713 302//8714 303//8715
f 303//8716 138//8717 137//8718
f 138//8719 303//8720 304//8721
f 304//8722 139//8723 138//8724
f 139//8725 304//8726 305//8727
f 305//8728 140//8729 139//8730
f 140//8731 305//8732 306//8733
f 306//8734 141//8735 140//8736
f 141//8737 306//8738 308//8739
f 308//8740 142//8741 141//8742
f 142//8743 308//8744 309//8745
f 309//8746 143//8747 142//8748
f 143//8749 309//8750 310//8751
f 310//8752 144//8753 143//8754
f 144//8755 310//8756 311//8757
f 311//8758 145//8759 144//8760
f 145//8761 311//8762 312//8763
f 312//8764 146//8765 145//8766
f 146//8767 312//8768 313//8769
f 313//8770 147//8771 146//8772
f 147//8773 313//8774 314//8775
f 314//8776 148//8777 147//8778
f 148//8779 314//8780 316//8781
f 316//8782 150//8783 148//8784
f 150//8785 316//8786 317//8787
f 317//8788 151//8789 150//8790
f 151//8791 317//8792 318//8793
f 318//8794 152//8795 151//8796
f 152//8797 318//8798 319//8799
f 319//8800 153//8801 152//8802
f 153//8803 319//8804 320//8805
f 320//8806 154//8807 153//8808
f 154//8809 320//8810 321//8811
f 321//8812 155//8813 154//8814
f 155//8815 321//8816 322//8817
f 322//8818 156//8819 155//8820
f 156//8821 322//8822 323//8823
f 323//8824 157//8825 156//8826
f 157//8827 323//8828 347//8829
f 347//8830 180//8831 157//8832
f 180//8833 347//8834 348//8835
f 348//8836 181//8837 180//8838
f 181//8839 348//8840 349//8841
f 349//8842 182//8843 181//8844
f 182//8845 349//8846 350//8847
f 350//8848 183//8849 182//8850
f 183//8851 350//8852 351//8853
f 351//8854 184//8855 183//8856
f 184//8857 351//8858 352//8859
f 352//8860 185//8861 184//8862
f 185//8863 352//8864 353//8865
f 353//8866 186//8867 185//8868
f 186//8869 353//8870 354//8871
f 354//8872 187//8873 186//8874
f 187//8875 354//8876 355//8877
f 355//8878 188//8879 187//8880
f 188//8881 355//8882 356//8883
f 356//8884 189//8885 188//8886
f 189//8887 356//8888 357//8889
f 357//8890 190//8891 189//8892
f 190//8893 357//8894 358//8895
f 358//8896 191//8897 190//8898
f 191//8899 358//8900 359//8901
f 359//8902 192//8903 191//8904
f 192//8905 359//8906 360//8907
f 360//8908 193//8909 192//8910
f 193//8911 360//8912 361//8913
f 361//8914 194//8915 193//8916
f 194//8917 361//8918 362//8919
f 362//8920 195//8921 194//8922
f 195//8923 362//8924 363//8925
f 363//8926 196//8927 195//8928
f 196//8929 363//8930 364//8931
f 364//8932 197//8933 196//8934
f 197//8935 364//8936 365//8937
f 365//8938 198//8939 197//8940
f 198//8941 365//8942 366//8943
f 366//8944 199//8945 198//8946
f 199//8947 366//8948 324//8949
f 324//8950 158//8951 199//8952
f 158//8953 324//8954 325//8955
f 325//8956 159//8957 158//8958
f 159//8959 325//8960 326//8961
f 326//8962 160//8963 159//8964
f 160//8965 326//8966 327//8967
f 327//8968 161//8969 160//8970
f 161//8971 327//8972 328//8973
f 328//8974 162//8975 161//8976
f 162//8977 328//8978 329//8979
f 329//8980 163//8981 162//8982
f 163//8983 329//8984 330//8985
f 330//8986 164//8987 163//8988
f 164//8989 330//8990 331//8991
f 331//8992 165//8993 164//8994
f 165//8995 331//8996 332//8997
f 332//8998 166//8999 165//9000
f 166//9001 332//9002 334//9003
f 334//9004 167//9005 166//9006
f 167//9007 334//9008 335//9009
f 335//9010 168//9011 167//9012
f 168//9013 335//9014 336//9015
f 336//9016 169//9017 168//9018
f 169//9019 336//9020 337//9021
f 337//9022 170//9023 169//9024
f 170//9025 337//9026 338//9027
f 338//9028 171//9029 170//9030
f 171//9031 338//9032 340//9033
f 340//9034 172//9035 171//9036
f 172//9037 340//9038 341//9039
f 341//9040 173//9041 172//9042
f 173//9043 341//9044 342//9045
f 342//9046 175//9047 173//9048
f 175//9049 342//9050 343//9051
f 343//9052 176//9053 175//9054
f 176//9055 343//9056 344//9057
f 344//9058 177//9059 176//9060
f 177//9061 344//9062 345//9063
f 345//9064 178//9065 177//9066
f 178//9067 345//9068 346//9069
f 346//9070 179//9071 178//9072
f 179//9073 346//9074 287//9075
f 287//9076 122//9077 179//9078
f 122//9079 287//9080 288//9081
f 288//9082 123//9083 122//9084
f 123//9085 288//9086 289//9087
f 289//9088 124//9089 123//9090
f 124//9091 289//9092 291//9093
f 291//9094 126//9095 124//9096
f 126//9097 291//9098 293//9099
f 293//9100 128//9101 126//9102
f 128//9103 293//9104 295//9105
f 295//9106 130//9107 128//9108
f 130//9109 295//9110 297//9111
f 297//9112 132//9113 130//9114
f 132//9115 297//9116 299//9117
f 299//9118 134//9119 132//9120
f 134//9121 299//9122 300//9123
f 300//9124 135//9125 134//9126
f 135//9127 300//9128 298//9129
f 298//9130 133//9131 135//9132
f 133//9133 298//9134 296//9135
f 296//9136 131//9137 133//9138
f 131//9139 296//9140 294//9141
f 294//9142 129//9143 131//9144
f 129//9145 294//9146 292//9147
f 292//9148 127//9149 129//9150
f 127//9151 292//9152 290//9153
f 290//9154 125//9155 127//9156
f 125//9157 290//9158 270//9159
f 270//9160 105//9161 125//9162
f 105//9163 270//9164 269//9165
f 269//9166 104//9167 105//9168
f 104//9169 269//9170 268//9171
f 268//9172 103//9173 104//9174
f 103//9175 268//9176 267//9177
f 267//9178 102//9179 103//9180
f 102//9181 267//9182 266//9183
f 266//9184 101//9185 102//9186
f 101//9187 266//9188 265//9189
f 265//9190 100//9191 101//9192
f 100//9193 265//9194 264//9195
f 264//9196 99//9197 100//9198
f 99//9199 264//9200 263//9201
f 263//9202 98//9203 99//9204
f 98//9205 263//9206 261//9207
f 261//9208 97//9209 98//9210
f 97//9211 261//9212 260//9213
f 260//9214 96//9215 97//9216
f 96//9217 260//9218 259//9219
f 259//9220 95//9221 96//9222
f 95//9223 259//9224 258//9225
f 258//9226 94//9227 95//9228
f 94//9229 258//9230 257//9231
f 257//9232 92//9233 94//9234
f 92//9235 257//9236 255//9237
f 255//9238 91//9239 92//9240
f 91//9241 255//9242 254//9243
f 254//9244 90//9245 91//9246
f 90//9247 254//9248 253//9249
f 253//9250 89//9251 90//9252
f 89//9253 253//9254 252//9255
f 252//9256 88//9257 89//9258
f 88//9259 252//9260 251//9261
f 251//9262 87//9263 88//9264
f 87//9265 251//9266 250//9267
f 250//9268 68//9269 87//9270
f 68//9271 250//9272 230//9273
f 230//9274 67//9275 68//9276
f 67//9277 230//9278 229//9279
f 229//9280 66//9281 67//9282
f 66//9283 229//9284 228//9285
f 228//9286 65//9287 66//9288
f 65//9289 228//9290 227//9291
f 227//9292 64//9293 65//9294
f 64//9295 227//9296 226//9297
f 226//9298 63//9299 64//9300
f 63//9301 226//9302 225//9303
f 225//9304 62//9305 63//9306
f 62//9307 225//9308 224//9309
f 224//9310 61//9311 62//9312
f 61//9313 224//9314 223//9315
f 223//9316 60//9317 61//9318
f 60//9319 223//9320 222//9321
f 222//9322 59//9323 60//9324
f 59//9325 222//9326 221//9327
f 221//9328 58//9329 59//9330
f 58//9331 221//9332 219//9333
f 219//9334 57//9335 58//9336
f 57//9337 219//9338 218//9339
f 218//9340 56//9341 57//9342
f 56//9343 218//9344 217//9345
f 217//9346 55//9347 56//9348
f 55//9349 217//9350 216//9351
f 216//9352 54//9353 55//9354
f 54//9355 216//9356 215//9357
f 215//9358 53//9359 54//9360
f 53//9361 215//9362 214//9363
f 214//9364 52//9365 53//9366
f 52//9367 214//9368 213//9369
f 213//9370 51//9371 52//9372
f 51//9373 213//9374 212//9375
f 212//9376 50//9377 51//9378
f 50//9379 212//9380 211//9381
f 211//9382 49//9383 50//9384
f 49//9385 211//9386 210//9387
f 210//9388 48//9389 49//9390
f 48//9391 210//9392 209//9393
f 209//9394 46//9395 48//9396
f 46//9397 209//9398 208//9399
f 208//9400 45//9401 46//9402
f 45//9403 208//9404 207//9405
f 207//9406 44//9407 45//9408
f 44//9409 207//9410 206//9411
f 206//9412 43//9413 44//9414
f 43//9415 206//9416 205//9417
f 205//9418 42//9419 43//9420
f 42//9421 205//9422 204//9423
f 204//9424 41//9425 42//9426
f 41//9427 204//9428 203//9429
f 203//9430 40//9431 41//9432
f 40//9433 203//9434 202//9435
f 202//9436 39//9437 40//9438
f 39//9439 202//9440 201//9441
f 201//9442 37//9443 39//9444
f 37//9445 201//9446 200//9447
f 200//9448 36//9449 37//9450
f 36//9451 200//9452 249//9453
f 249//9454 35//9455 36//9456
f 35//9457 249//9458 248//9459
f 248//9460 86//9461 35//9462
f 86//9463 248//9464 247//9465
f 247//9466 85//9467 86//9468
f 85//9469 247//9470 246//9471
f 246//9472 84//9473 85//9474
f 84//9475 246//9476 245//9477
f 245//9478 83//9479 84//9480
f 83//9481 245//9482 244//9483
f 244//9484 82//9485 83//9486
f 82//9487 244//9488 243//9489
f 243//9490 81//9491 82//9492
f 81//9493 243//9494 242//9495
f 242//9496 80//9497 81//9498
f 80//9499 242//9500 241//9501
f 241//9502 79//9503 80//9504
f 79//9505 241//9506 240//9507
f 240//9508 78//9509 79//9510
f 78//9511 240//9512 239//9513
f 239//9514 77//9515 78//9516
f 77//9517 239//9518 238//9519
f 238//9520 76//9521 77//9522
f 76//9523 238//9524 237//9525
f 237//9526 75//9527 76//9528
f 75//9529 237//9530 236//9531
f 236//9532 74//9533 75//9534
f 74//9535 236//9536 235//9537
f 235//9538 73//9539 74//9540
f 73//9541 235//9542 234//9543
f 234//9544 72//9545 73//9546
f 72//9547 234//9548 233//9549
f 233//9550 71//9551 72//9552
f 71//9553 233//9554 232//9555
f 232//9556 70//9557 71//9558
f 70//9559 232//9560 231//9561
f 231//9562 69//9563 70//9564
f 69//9565 231//9566 280//9567
f 280//9568 115//9569 69//9570
f 115//9571 280//9572 278//9573
f 278//9574 113//9575 115//9576
f 113//9577 278//9578 276//9579
f 276//9580 111//9581 113//9582
f 111//9583 276//9584 274//9585
f 274//9586 109//9587 111//9588
f 109//9589 274//9590 272//9591
f 272//9592 107//9593 109//9594
f 107//9595 272//9596 271//9597
f 271//9598 106//9599 107//9600
f 106//9601 271//9602 273//9603
f 53//9604 52//9605 47//9606
f 52//9607 51//9608 47//9609
f 51//9610 50//9611 47//9612
f 50//9613 49//9614 47//9615
f 49//9616 48//9617 47//9618
f 48//9619 46//9620 47//9621
f 46//9622 45//9623 47//9624
f 38//9625 47//9626 45//9627
f 45//9628 44//9629 38//9630
f 44//9631 43//9632 38//9633
f 43//9634 42//9635 38//9636
f 42//9637 41//9638 38//9639
f 41//9640 40//9641 38//9642
f 40//9643 39//9644 38//9645
f 39//9646 37//9647 38//9648
f 37//9649 36//9650 38//9651
f 36//9652 35//9653 38//9654
f 16//9655 38//9656 35//9657
f 35//9658 86//9659 16//9660
f 86//9661 85//9662 16//9663
f 85//9664 84//9665 16//9666
f 84//9667 83//9668 16//9669
f 83//9670 82//9671 16//9672
f 82//9673 81//9674 16//9675
f 81//9676 80//9677 16//9678
f 80//9679 79//9680 16//9681
f 79//9682 78//9683 16//9684
f 22//9685 16//9686 78//9687
f 78//9688 77//9689 22//9690
f 77//9691 76//9692 22//9693
f 76//9694 75//9695 22//9696
f 75//9697 74//9698 22//9699
f 74//9700 73//9701 22//9702
f 152//9703 153//9704 27//9705
f 153//9706 154//9707 27//9708
f 154//9709 155//9710 27//9711
f 155//9712 156//9713 27//9714
f 156//9715 157//9716 27//9717
f 157//9718 180//9719 27//9720
f 180//9721 181//9722 27//9723
f 181//9724 182//9725 27//9726
f 182//9727 183//9728 27//9729
f 34//9730 27//9731 183//9732
f 183//9733 184//9734 34//9735
f 184//9736 185//9737 34//9738
f 185//9739 186//9740 34//9741
f 186//9742 187//9743 34//9744
f 187//9745 188//9746 34//9747
f 188//9748 189//9749 34//9750
f 189//9751 190//9752 34//9753
f 190//9754 191//9755 34//9756
f 191//9757 192//9758 34//9759
f 28//9760 34//9761 192//9762
f 192//9763 193//9764 28//9765
f 193//9766 194//9767 28//9768
f 194//9769 195//9770 28//9771
f 195//9772 196//9773 28//9774
f 196//9775 197//9776 28//9777
f 197//9778 198//9779 28//9780
f 198//9781 199//9782 28//9783
f 199//9784 158//9785 28//9786
f 158//9787 159//9788 28//9789
f 30//9790 28//9791 159//9792
f 159//9793 160//9794 30//9795
f 160//9796 161//9797 30//9798
f 73//9799 72//9800 22//9801
f 22//9802 72//9803 71//9804
f 71//9805 70//9806 22//9807
f 70//9808 69//9809 22//9810
f 69//9811 115//9812 22//9813
f 21//9814 22//9815 115//9816
f 115//9817 113//9818 21//9819
f 113//9820 111//9821 21//9822
f 111//9823 109//9824 21//9825
f 109//9826 107//9827 21//9828
f 107//9829 106//9830 21//9831
f 106//9832 108//9833 21//9834
f 108//9835 110//9836 21//9837
f 110//9838 112//9839 21//9840
f 112//9841 114//9842 21//9843
f 24//9844 21//9845 114//9846
f 114//9847 116//9848 24//9849
f 116//9850 117//9851 24//9852
f 117//9853 118//9854 24//9855
f 118//9856 119//9857 24//9858
f 119//9859 136//9860 24//9861
f 136//9862 137//9863 24//9864
f 137//9865 138//9866 24//9867
f 138//9868 139//9869 24//9870
f 149//9871 24//9872 139//9873
f 139//9874 140//9875 149//9876
f 140//9877 141//9878 149//9879
f 141//9880 142//9881 149//9882
f 142//9883 143//9884 149//9885
f 143//9886 144//9887 149//9888
f 144//9889 145//9890 149//9891
f 145//9892 146//9893 149//9894
f 146//9895 147//9896 149//9897
f 27//9898 149//9899 147//9900
f 147//9901 148//9902 27//9903
f 148//9904 150//9905 27//9906
f 150//9907 151//9908 27//9909
f 27//9910 151//9911 152//9912
f 103//9913 102//9914 93//9915
f 102//9916 101//9917 93//9918
f 101//9919 100//9920 93//9921
f 100//9922 99//9923 93//9924
f 99//9925 98//9926 93//9927
f 98//9928 97//9929 93//9930
f 97//9931 96//9932 93//9933
f 96//9934 95//9935 93//9936
f 14//9937 93//9938 95//9939
f 95//9940 94//9941 14//9942
f 94//9943 92//9944 14//9945
f 92//9946 91//9947 14//9948
f 91//9949 90//9950 14//9951
f 90//9952 89//9953 14//9954
f 89//9955 88//9956 14//9957
f 88//9958 87//9959 14//9960
f 87//9961 68//9962 14//9963
f 68//9964 67//9965 14//9966
f 67//9967 66//9968 14//9969
f 12//9970 14//9971 66//9972
f 66//9973 65//9974 12//9975
f 65//9976 64//9977 12//9978
f 64//9979 63//9980 12//9981
f 63//9982 62//9983 12//9984
f 62//9985 61//9986 12//9987
f 61//9988 60//9989 12//9990
f 60//9991 59//9992 12//9993
f 59//9994 58//9995 12//9996
f 58//9997 57//9998 12//9999
f 57//10000 56//10001 12//10002
f 47//10003 12//10004 56//10005
f 56//10006 55//10007 47//10008
f 55//10009 54//10010 47//10011
f 47//10012 54//10013 53//10014
f 161//10015 162//10016 30//10017
f 30//10018 162//10019 163//10020
f 163//10021 164//10022 30//10023
f 164//10024 165//10025 30//10026
f 165//10027 166//10028 30//10029
f 166//10030 167//10031 30//10032
f 167//10033 168//10034 30//10035
f 168//10036 169//10037 30//10038
f 174//10039 30//10040 169//10041
f 169//10042 170//10043 174//10044
f 170//10045 171//10046 174//10047
f 171//10048 172//10049 174//10050
f 172//10051 173//10052 174//10053
f 173//10054 175//10055 174//10056
f 175//10057 176//10058 174//10059
f 176//10060 177//10061 174//10062
f 177//10063 178//10064 174//10065
f 121//10066 174//10067 178//10068
f 178//10069 179//10070 121//10071
f 179//10072 122//10073 121//10074
f 122//10075 123//10076 121//10077
f 123//10078 124//10079 121//10080
f 124//10081 126//10082 121//10083
f 126//10084 128//10085 121//10086
f 128//10087 130//10088 121//10089
f 130//10090 132//10091 121//10092
f 132//10093 134//10094 121//10095
f 120//10096 121//10097 134//10098
f 134//10099 135//10100 120//10101
f 135//10102 133//10103 120//10104
f 133//10105 131//10106 120//10107
f 131//10108 129//10109 120//10110
f 129//10111 127//10112 120//10113
f 93//10114 120//10115 127//10116
f 127//10117 125//10118 93//10119
f 125//10120 105//10121 93//10122
f 105//10123 104//10124 93//10125
f 93//10126 104//10127 103//10128
f 11//10129 47//10130 38//10131
f 38//10132 16//10133 11//10134
f 19//10135 93//10136 14//10137
f 47//10138 11//10139 12//10140
f 16//10141 22//10142 15//10143
f 15//10144 17//10145 16//10146
f 11//10147 16//10148 17//10149
f 28//10150 30//10151 29//10152
f 29//10153 33//10154 28//10155
f 34//10156 28//10157 33//10158
f 33//10159 32//10160 34//10161
f 27//10162 34//10163 32//10164
f 32//10165 26//10166 27//10167
f 149//10168 27//10169 26//10170
f 24//10171 149//10172 26//10173
f 26//10174 25//10175 24//10176
f 21//10177 24//10178 25//10179
f 25//10180 20//10181 21//10182
f 20//10183 15//10184 21//10185
f 22//10186 21//10187 15//10188
f 12//10189 11//10190 13//10191
f 14//10192 12//10193 13//10194
f 13//10195 18//10196 14//10197
f 19//10198 14//10199 18//10200
f 120//10201 93//10202 19//10203
f 19//10204 23//10205 120//10206
f 121//10207 120//10208 23//10209
f 174//10210 121//10211 23//10212
f 23//10213 31//10214 174//10215
f 30//10216 174//10217 31//10218
f 31//10219 29//10220 30//10221
f 9//10222 23//10223 19//10224
f 19//10225 7//10226 9//10227
f 19//10228 4//10229 7//10230
f 4//10231 19//10232 18//10233
f 18//10234 2//10235 4//10236
f 2//10237 18//10238 13//10239
f 13//10240 1//10241 2//10242
f 1//10243 13//10244 11//10245
f 1//10246 11//10247 17//10248
f 1//10249 17//10250 15//10251
f 15//10252 3//10253 1//10254
f 15//10255 5//10256 3//10257
f 5//10258 15//10259 20//10260
f 5//10261 20//10262 25//10263
f 5//10264 25//10265 26//10266
f 26//10267 8//10268 5//10269
f 8//10270 26//10271 32//10272
f 32//10273 10//10274 8//10275
f 10//10276 32//10277 33//10278
f 10//10279 33//10280 29//10281
f 29//10282 9//10283 10//10284
f 9//10285 29//10286 31//10287
f 9//10288 31//10289 23//10290
f 10//10291 9//10292 6//10293
f 8//10294 10//10295 6//10296
f 5//10297 8//10298 6//10299
f 3//10300 5//10301 6//10302
f 1//10303 3//10304 6//10305
f 2//10306 1//10307 6//10308
f 4//10309 2//10310 6//10311
f 7//10312 4//10313 6//10314
f 9//10315 7//10316 6//10317
f 1325//10318 1259//10319 1297//10320
f 1325//10321 1297//10322 1432//10323
f 1432//10324 2023//10325 1690//10326
f 2232//10327 2182//10328 2032//10329
f 2029//10330 2032//10331 2182//10332
f 1968//10333 1690//10334 1971//10335
f 1973//10336 1971//10337 1690//10338
f 1690//10339 2023//10340 1973//10341
f 1968//10342 2030//10343 2223//10344
f 1968//10345 1971//10346 2030//10347
f 2029//10348 2030//10349 1971//10350
f 2031//10351 2029//10352 1971//10353
f 1971//10354 1973//10355 2031//10356
f 2032//10357 2031//10358 1973//10359
f 1973//10360 2023//10361 2032//10362
f 2223//10363 2030//10364 2182//10365
f 2029//10366 2182//10367 2030//10368
f 2032//10369 2029//10370 2031//10371
f 2223//10372 2182//10373 2252//10374
f 2252//10375 2182//10376 2232//10377
f 1325//10378 1257//10379 1259//10380
f 1257//10381 1325//10382 1317//10383
f 1317//10384 1255//10385 1257//10386
f 1317//10387 1253//10388 1255//10389
f 1317//10390 1251//10391 1253//10392
f 1250//10393 1251//10394 1317//10395
f 1317//10396 1247//10397 1250//10398
f 1317//10399 1245//10400 1247//10401
f 1317//10402 1244//10403 1245//10404
f 1317//10405 1241//10406 1244//10407
f 1241//10408 1317//10409 1332//10410
f 1332//10411 1239//10412 1241//10413
f 1332//10414 1237//10415 1239//10416
f 1332//10417 1235//10418 1237//10419
f 1332//10420 1200//10421 1235//10422
f 1317//10423 1466//10424 1332//10425
f 1466//10426 1317//10427 1325//10428
f 1325//10429 1432//10430 1466//10431
f 1645//10432 1570//10433 1564//10434
f 1570//10435 1645//10436 1643//10437
f 1573//10438 1570//10439 1643//10440
f 1510//10441 1657//10442 1682//10443
f 1654//10444 1502//10445 1500//10446
f 1500//10447 1701//10448 1654//10449
f 1510//10450 1507//10451 1657//10452
f 1520//10453 1517//10454 1682//10455
f 1517//10456 1515//10457 1682//10458
f 1682//10459 1515//10460 1510//10461
f 1531//10462 1980//10463 1537//10464
f 1526//10465 1520//10466 1682//10467
f 1682//10468 1980//10469 1526//10470
f 1539//10471 1537//10472 1980//10473
f 1980//10474 1541//10475 1539//10476
f 1541//10477 1980//10478 1705//10479
f 1705//10480 1547//10481 1541//10482
f 1550//10483 1547//10484 1705//10485
f 1705//10486 1648//10487 1550//10488
f 1648//10489 1552//10490 1550//10491
f 1648//10492 1564//10493 1560//10494
f 1564//10495 1648//10496 1645//10497
f 1643//10498 1576//10499 1573//10500
f 1576//10501 1643//10502 1640//10503
f 1640//10504 1582//10505 1576//10506
f 1640//10507 1639//10508 1582//10509
f 1587//10510 1582//10511 1639//10512
f 1639//10513 1638//10514 1587//10515
f 1638//10516 1591//10517 1587//10518
f 1591//10519 1638//10520 1634//10521
f 1634//10522 1594//10523 1591//10524
f 1594//10525 1634//10526 1628//10527
f 1628//10528 1599//10529 1594//10530
f 1628//10531 1598//10532 1599//10533
f 1598//10534 1628//10535 1622//10536
f 1622//10537 1605//10538 1598//10539
f 1235//10540 1200//10541 1059//10542
f 1059//10543 1061//10544 1235//10545
f 1237//10546 1235//10547 1061//10548
f 1061//10549 1063//10550 1237//10551
f 1239//10552 1237//10553 1063//10554
f 1063//10555 1065//10556 1239//10557
f 1241//10558 1239//10559 1065//10560
f 1065//10561 1067//10562 1241//10563
f 1244//10564 1241//10565 1067//10566
f 1067//10567 1069//10568 1244//10569
f 1245//10570 1244//10571 1069//10572
f 1069//10573 1072//10574 1245//10575
f 1247//10576 1245//10577 1072//10578
f 1072//10579 1073//10580 1247//10581
f 1084//10582 1086//10583 1259//10584
f 1259//10585 1257//10586 1084//10587
f 1081//10588 1084//10589 1257//10590
f 1257//10591 1255//10592 1081//10593
f 1079//10594 1081//10595 1255//10596
f 1255//10597 1253//10598 1079//10599
f 1077//10600 1079//10601 1253//10602
f 1253//10603 1251//10604 1077//10605
f 1075//10606 1077//10607 1251//10608
f 1251//10609 1250//10610 1075//10611
f 1073//10612 1075//10613 1250//10614
f 1250//10615 1247//10616 1073//10617
f 1072//10618 1069//10619 1050//10620
f 1042//10621 782//10622 1032//10623
f 1042//10624 1061//10625 1059//10626
f 1042//10627 1063//10628 1061//10629
f 1042//10630 1065//10631 1063//10632
f 1050//10633 1042//10634 1032//10635
f 1065//10636 1042//10637 1050//10638
f 1050//10639 1067//10640 1065//10641
f 1050//10642 1069//10643 1067//10644
f 1050//10645 1073//10646 1072//10647
f 1050//10648 1075//10649 1073//10650
f 1050//10651 1077//10652 1075//10653
f 1050//10654 1079//10655 1077//10656
f 1050//10657 1081//10658 1079//10659
f 1050//10660 1084//10661 1081//10662
f 1050//10663 1086//10664 1084//10665
f 849//10666 1030//10667 782//10668
f 1030//10669 1118//10670 1032//10671
f 1032//10672 782//10673 1030//10674
f 1050//10675 1032//10676 1118//10677
f 1118//10678 1086//10679 1050//10680
f 741//10681 738//10682 782//10683
f 782//10684 738//10685 849//10686
f 614//10687 729//10688 738//10689
f 729//10690 614//10691 728//10692
f 729//10693 849//10694 738//10695
f 741//10696 589//10697 614//10698
f 614//10699 738//10700 741//10701
f 609//10702 728//10703 614//10704
f 872//10705 871//10706 855//10707
f 847//10708 787//10709 782//10710
f 847//10711 791//10712 787//10713
f 579//10714 796//10715 803//10716
f 803//10717 796//10718 791//10719
f 809//10720 805//10721 803//10722
f 809//10723 803//10724 845//10725
f 845//10726 813//10727 809//10728
f 845//10729 817//10730 813//10731
f 845//10732 821//10733 817//10734
f 845//10735 824//10736 821//10737
f 958//10738 832//10739 828//10740
f 958//10741 834//10742 832//10743
f 878//10744 872//10745 855//10746
f 855//10747 883//10748 878//10749
f 855//10750 885//10751 883//10752
f 885//10753 855//10754 866//10755
f 866//10756 890//10757 885//10758
f 866//10759 895//10760 890//10761
f 866//10762 855//10763 902//10764
f 902//10765 897//10766 866//10767
f 897//10768 895//10769 866//10770
f 838//10771 930//10772 928//10773
f 838//10774 928//10775 924//10776
f 924//10777 840//10778 838//10779
f 840//10780 924//10781 919//10782
f 840//10783 919//10784 917//10785
f 840//10786 917//10787 913//10788
f 913//10789 855//10790 840//10791
f 855//10792 913//10793 907//10794
f 855//10795 907//10796 902//10797
f 945//10798 941//10799 838//10800
f 941//10801 938//10802 838//10803
f 953//10804 945//10805 958//10806
f 945//10807 953//10808 950//10809
f 958//10810 968//10811 965//10812
f 968//10813 958//10814 845//10815
f 845//10816 972//10817 968//10818
f 975//10819 972//10820 845//10821
f 845//10822 979//10823 975//10824
f 867//10825 998//10826 995//10827
f 995//10828 845//10829 867//10830
f 845//10831 995//10832 991//10833
f 845//10834 991//10835 986//10836
f 986//10837 983//10838 845//10839
f 845//10840 983//10841 979//10842
f 847//10843 1011//10844 1008//10845
f 782//10846 1020//10847 1015//10848
f 867//10849 845//10850 803//10851
f 845//10852 828//10853 824//10854
f 828//10855 845//10856 958//10857
f 958//10858 965//10859 962//10860
f 1003//10861 867//10862 847//10863
f 791//10864 847//10865 803//10866
f 847//10867 867//10868 803//10869
f 847//10870 1006//10871 1003//10872
f 847//10873 1008//10874 1006//10875
f 1015//10876 847//10877 782//10878
f 1018//10879 1023//10880 1026//10881
f 1001//10882 1007//10883 1013//10884
f 1013//10885 1026//10886 1001//10887
f 1026//10888 1013//10889 1014//10890
f 1026//10891 1014//10892 1018//10893
f 993//10894 999//10895 1001//10896
f 862//10897 960//10898 966//10899
f 862//10900 966//10901 967//10902
f 862//10903 967//10904 971//10905
f 862//10906 971//10907 976//10908
f 862//10909 976//10910 981//10911
f 862//10912 981//10913 987//10914
f 987//10915 988//10916 862//10917
f 988//10918 993//10919 1001//10920
f 948//10921 954//10922 862//10923
f 954//10924 956//10925 862//10926
f 862//10927 956//10928 960//10929
f 862//10930 856//10931 948//10932
f 856//10933 936//10934 942//10935
f 936//10936 856//10937 839//10938
f 839//10939 933//10940 936//10941
f 839//10942 931//10943 933//10944
f 839//10945 926//10946 931//10947
f 839//10948 922//10949 926//10950
f 920//10951 922//10952 839//10953
f 839//10954 915//10955 920//10956
f 839//10957 911//10958 915//10959
f 909//10960 911//10961 839//10962
f 839//10963 904//10964 909//10965
f 839//10966 900//10967 904//10968
f 884//10969 888//10970 892//10971
f 884//10972 892//10973 896//10974
f 896//10975 839//10976 884//10977
f 876//10978 881//10979 884//10980
f 855//10981 871//10982 876//10983
f 862//10984 836//10985 856//10986
f 846//10987 830//10988 862//10989
f 826//10990 830//10991 846//10992
f 819//10993 823//10994 846//10995
f 819//10996 846//10997 1001//10998
f 1001//10999 815//11000 819//11001
f 807//11002 1001//11003 801//11004
f 1001//11005 798//11006 801//11007
f 1026//11008 784//11009 789//11010
f 789//11011 1001//11012 1026//11013
f 1001//11014 789//11015 793//11016
f 1001//11017 793//11018 798//11019
f 1001//11020 811//11021 815//11022
f 1001//11023 807//11024 811//11025
f 988//11026 1001//11027 862//11028
f 884//11029 855//11030 876//11031
f 884//11032 756//11033 855//11034
f 756//11035 884//11036 839//11037
f 839//11038 896//11039 900//11040
f 839//11041 722//11042 756//11043
f 846//11044 862//11045 1001//11046
f 729//11047 728//11048 595//11049
f 509//11050 499//11051 518//11052
f 511//11053 509//11054 518//11055
f 515//11056 511//11057 518//11058
f 523//11059 520//11060 518//11061
f 518//11062 526//11063 523//11064
f 534//11065 526//11066 518//11067
f 535//11068 539//11069 534//11070
f 518//11071 535//11072 534//11073
f 535//11074 567//11075 561//11076
f 561//11077 554//11078 535//11079
f 554//11080 549//11081 535//11082
f 579//11083 573//11084 567//11085
f 579//11086 589//11087 586//11088
f 594//11089 586//11090 589//11091
f 741//11092 594//11093 589//11094
f 609//11095 614//11096 589//11097
f 589//11098 579//11099 567//11100
f 567//11101 535//11102 518//11103
f 728//11104 609//11105 589//11106
f 482//11107 567//11108 518//11109
f 482//11110 589//11111 567//11112
f 518//11113 477//11114 482//11115
f 482//11116 595//11117 589//11118
f 728//11119 589//11120 595//11121
f 495//11122 638//11123 595//11124
f 638//11125 700//11126 729//11127
f 729//11128 595//11129 638//11130
f 595//11131 482//11132 495//11133
f 482//11134 463//11135 495//11136
f 463//11137 482//11138 477//11139
f 477//11140 471//11141 463//11142
f 471//11143 477//11144 492//11145
f 750//11146 725//11147 734//11148
f 850//11149 947//11150 769//11151
f 849//11152 729//11153 700//11154
f 769//11155 750//11156 734//11157
f 734//11158 850//11159 769//11160
f 725//11161 492//11162 599//11163
f 492//11164 489//11165 529//11166
f 590//11167 618//11168 615//11169
f 622//11170 618//11171 590//11172
f 590//11173 570//11174 582//11175
f 578//11176 581//11177 570//11178
f 581//11179 582//11180 570//11181
f 529//11182 563//11183 568//11184
f 570//11185 529//11186 568//11187
f 570//11188 568//11189 572//11190
f 544//11191 550//11192 529//11193
f 550//11194 556//11195 529//11196
f 529//11197 528//11198 532//11199
f 532//11200 536//11201 529//11202
f 536//11203 541//11204 529//11205
f 541//11206 544//11207 529//11208
f 529//11209 489//11210 528//11211
f 521//11212 528//11213 489//11214
f 513//11215 517//11216 489//11217
f 489//11218 490//11219 513//11220
f 615//11221 601//11222 590//11223
f 590//11224 601//11225 599//11226
f 570//11227 599//11228 492//11229
f 570//11230 492//11231 529//11232
f 570//11233 590//11234 599//11235
f 725//11236 599//11237 601//11238
f 618//11239 622//11240 720//11241
f 618//11242 720//11243 749//11244
f 618//11245 749//11246 740//11247
f 740//11248 615//11249 618//11250
f 615//11251 740//11252 736//11253
f 736//11254 601//11255 615//11256
f 601//11257 736//11258 730//11259
f 730//11260 725//11261 601//11262
f 772//11263 734//11264 749//11265
f 740//11266 749//11267 734//11268
f 734//11269 736//11270 740//11271
f 734//11272 730//11273 736//11274
f 1026//11275 734//11276 772//11277
f 734//11278 725//11279 730//11280
f 1054//11281 1087//11282 1048//11283
f 858//11284 1054//11285 1048//11286
f 1048//11287 1028//11288 858//11289
f 1028//11290 947//11291 858//11292
f 947//11293 850//11294 858//11295
f 1026//11296 858//11297 850//11298
f 850//11299 734//11300 1026//11301
f 1054//11302 1083//11303 1085//11304
f 1054//11305 1080//11306 1082//11307
f 1054//11308 1076//11309 1078//11310
f 1045//11311 1071//11312 1074//11313
f 1045//11314 1068//11315 1070//11316
f 1045//11317 1066//11318 1068//11319
f 1045//11320 1062//11321 1064//11322
f 1045//11323 1060//11324 1062//11325
f 1045//11326 1054//11327 858//11328
f 1074//11329 1054//11330 1045//11331
f 1054//11332 1074//11333 1076//11334
f 1045//11335 1070//11336 1071//11337
f 1045//11338 1064//11339 1066//11340
f 1054//11341 1085//11342 1087//11343
f 1054//11344 1082//11345 1083//11346
f 1054//11347 1078//11348 1080//11349
f 1062//11350 1060//11351 1234//11352
f 1234//11353 1236//11354 1062//11355
f 1064//11356 1062//11357 1236//11358
f 1236//11359 1238//11360 1064//11361
f 1066//11362 1064//11363 1238//11364
f 1238//11365 1240//11366 1066//11367
f 1068//11368 1066//11369 1240//11370
f 1240//11371 1242//11372 1068//11373
f 1070//11374 1068//11375 1242//11376
f 1242//11377 1243//11378 1070//11379
f 1071//11380 1070//11381 1243//11382
f 1243//11383 1246//11384 1071//11385
f 1074//11386 1071//11387 1246//11388
f 1246//11389 1248//11390 1074//11391
f 1076//11392 1074//11393 1248//11394
f 1258//11395 1260//11396 1087//11397
f 1087//11398 1085//11399 1258//11400
f 1085//11401 1083//11402 1258//11403
f 1256//11404 1258//11405 1083//11406
f 1083//11407 1082//11408 1256//11409
f 1254//11410 1256//11411 1082//11412
f 1082//11413 1080//11414 1254//11415
f 1252//11416 1254//11417 1080//11418
f 1080//11419 1078//11420 1252//11421
f 1249//11422 1252//11423 1078//11424
f 1078//11425 1076//11426 1249//11427
f 1248//11428 1249//11429 1076//11430
f 1309//11431 1242//11432 1240//11433
f 1309//11434 1240//11435 1238//11436
f 1238//11437 1342//11438 1309//11439
f 1342//11440 1238//11441 1236//11442
f 1342//11443 1236//11444 1234//11445
f 1234//11446 1176//11447 1342//11448
f 1309//11449 1248//11450 1246//11451
f 1246//11452 1243//11453 1309//11454
f 1309//11455 1243//11456 1242//11457
f 1323//11458 1260//11459 1258//11460
f 1258//11461 1309//11462 1323//11463
f 1309//11464 1258//11465 1256//11466
f 1309//11467 1256//11468 1254//11469
f 1309//11470 1254//11471 1252//11472
f 1309//11473 1252//11474 1249//11475
f 1309//11476 1249//11477 1248//11478
f 1323//11479 1309//11480 1468//11481
f 1342//11482 1468//11483 1309//11484
f 1676//11485 1468//11486 1977//11487
f 1323//11488 1468//11489 1306//11490
f 1260//11491 1323//11492 1306//11493
f 1714//11494 1692//11495 1977//11496
f 1692//11497 1485//11498 1977//11499
f 1485//11500 1676//11501 1977//11502
f 1631//11503 1593//11504 1604//11505
f 1704//11506 1585//11507 1589//11508
f 1534//11509 1536//11510 1652//11511
f 1978//11512 1568//11513 1572//11514
f 1978//11515 1567//11516 1568//11517
f 1978//11518 1562//11519 1567//11520
f 1978//11521 1558//11522 1562//11523
f 1978//11524 1557//11525 1558//11526
f 1554//11527 1557//11528 1978//11529
f 1978//11530 1548//11531 1554//11532
f 1548//11533 1978//11534 1979//11535
f 1979//11536 1546//11537 1548//11538
f 1979//11539 1543//11540 1546//11541
f 1543//11542 1979//11543 1536//11544
f 1536//11545 1538//11546 1543//11547
f 1647//11548 1579//11549 1585//11550
f 1647//11551 1577//11552 1579//11553
f 1647//11554 1572//11555 1577//11556
f 1572//11557 1647//11558 1978//11559
f 1593//11560 1631//11561 1633//11562
f 1633//11563 1589//11564 1593//11565
f 1604//11566 1621//11567 1626//11568
f 1604//11569 1626//11570 1631//11571
f 1652//11572 1523//11573 1524//11574
f 1523//11575 1652//11576 1683//11577
f 1684//11578 1513//11579 1683//11580
f 1512//11581 1513//11582 1684//11583
f 1684//11584 1685//11585 1504//11586
f 1504//11587 1505//11588 1684//11589
f 1659//11590 1497//11591 1685//11592
f 1685//11593 1497//11594 1498//11595
f 2257//11596 2196//11597 2228//11598
f 1920//11599 2228//11600 2196//11601
f 2269//11602 2287//11603 2257//11604
f 2228//11605 2269//11606 2257//11607
f 2338//11608 2324//11609 2289//11610
f 2296//11611 2253//11612 2262//11613
f 2277//11614 2283//11615 2281//11616
f 2281//11617 2326//11618 2268//11619
f 2281//11620 2283//11621 2325//11622
f 2281//11623 2317//11624 2326//11625
f 2268//11626 2326//11627 2269//11628
f 2283//11629 2277//11630 2039//11631
f 2317//11632 2281//11633 2307//11634
f 2307//11635 2281//11636 2325//11637
f 2299//11638 2325//11639 2283//11640
f 2342//11641 2326//11642 2317//11643
f 2301//11644 2283//11645 2296//11646
f 2283//11647 2301//11648 2299//11649
f 2343//11650 2342//11651 2317//11652
f 2295//11653 2269//11654 2326//11655
f 2326//11656 2342//11657 2316//11658
f 2289//11659 2295//11660 2326//11661
f 2338//11662 2289//11663 2316//11664
f 2346//11665 2317//11666 2307//11667
f 2262//11668 2301//11669 2296//11670
f 2325//11671 2335//11672 2307//11673
f 2317//11674 2346//11675 2343//11676
f 2301//11677 2262//11678 2299//11679
f 2335//11680 2325//11681 2299//11682
f 2289//11683 2326//11684 2316//11685
f 2296//11686 2283//11687 2253//11688
f 2299//11689 2262//11690 2335//11691
f 2295//11692 2289//11693 2287//11694
f 2343//11695 2346//11696 2342//11697
f 2287//11698 2269//11699 2295//11700
f 2327//11701 2335//11702 2262//11703
f 2307//11704 2335//11705 2346//11706
f 2262//11707 2253//11708 2213//11709
f 2252//11710 2232//11711 2213//11712
f 2253//11713 2252//11714 2213//11715
f 2269//11716 2228//11717 2227//11718
f 2281//11719 2268//11720 2109//11721
f 2277//11722 2185//11723 2249//11724
f 2277//11725 2249//11726 2039//11727
f 2253//11728 2283//11729 2039//11730
f 2253//11731 2254//11732 2252//11733
f 518//11734 499//11735 477//11736
f 492//11737 490//11738 489//11739
f 499//11740 490//11741 492//11742
f 492//11743 477//11744 499//11745
f 592//11746 490//11747 604//11748
f 490//11749 499//11750 604//11751
f 529//11752 556//11753 811//11754
f 604//11755 499//11756 625//11757
f 625//11758 592//11759 604//11760
f 499//11761 686//11762 625//11763
f 834//11764 958//11765 758//11766
f 834//11767 758//11768 643//11769
f 643//11770 499//11771 509//11772
f 643//11773 686//11774 499//11775
f 958//11776 945//11777 758//11778
f 758//11779 945//11780 838//11781
f 838//11782 840//11783 758//11784
f 758//11785 840//11786 855//11787
f 758//11788 855//11789 753//11790
f 754//11791 753//11792 855//11793
f 754//11794 855//11795 756//11796
f 839//11797 856//11798 722//11799
f 856//11800 714//11801 722//11802
f 856//11803 644//11804 714//11805
f 644//11806 836//11807 513//11808
f 644//11809 856//11810 836//11811
f 513//11812 490//11813 644//11814
f 623//11815 644//11816 490//11817
f 623//11818 490//11819 592//11820
f 836//11821 517//11822 513//11823
f 836//11824 862//11825 517//11826
f 517//11827 862//11828 830//11829
f 830//11830 489//11831 517//11832
f 830//11833 521//11834 489//11835
f 521//11836 830//11837 826//11838
f 826//11839 528//11840 521//11841
f 532//11842 528//11843 826//11844
f 532//11845 826//11846 846//11847
f 541//11848 536//11849 823//11850
f 823//11851 819//11852 541//11853
f 544//11854 541//11855 819//11856
f 846//11857 823//11858 532//11859
f 536//11860 532//11861 823//11862
f 556//11863 550//11864 815//11865
f 819//11866 815//11867 550//11868
f 550//11869 544//11870 819//11871
f 815//11872 811//11873 556//11874
f 568//11875 563//11876 807//11877
f 811//11878 807//11879 563//11880
f 563//11881 529//11882 811//11883
f 570//11884 572//11885 801//11886
f 807//11887 801//11888 572//11889
f 572//11890 568//11891 807//11892
f 581//11893 578//11894 798//11895
f 801//11896 798//11897 578//11898
f 801//11899 578//11900 570//11901
f 793//11902 789//11903 590//11904
f 590//11905 582//11906 793//11907
f 798//11908 793//11909 582//11910
f 798//11911 582//11912 581//11913
f 622//11914 590//11915 789//11916
f 720//11917 772//11918 749//11919
f 720//11920 784//11921 1026//11922
f 1026//11923 772//11924 720//11925
f 789//11926 784//11927 622//11928
f 720//11929 622//11930 784//11931
f 643//11932 509//11933 834//11934
f 834//11935 509//11936 511//11937
f 832//11938 834//11939 511//11940
f 515//11941 518//11942 828//11943
f 828//11944 832//11945 515//11946
f 511//11947 515//11948 832//11949
f 828//11950 518//11951 520//11952
f 824//11953 828//11954 520//11955
f 520//11956 523//11957 824//11958
f 523//11959 526//11960 824//11961
f 526//11962 821//11963 824//11964
f 821//11965 526//11966 534//11967
f 534//11968 539//11969 821//11970
f 817//11971 821//11972 539//11973
f 817//11974 539//11975 535//11976
f 813//11977 817//11978 535//11979
f 535//11980 549//11981 813//11982
f 809//11983 813//11984 554//11985
f 549//11986 554//11987 813//11988
f 809//11989 554//11990 561//11991
f 805//11992 809//11993 561//11994
f 805//11995 561//11996 567//11997
f 573//11998 579//11999 803//12000
f 803//12001 805//12002 573//12003
f 567//12004 573//12005 805//12006
f 796//12007 579//12008 586//12009
f 791//12010 796//12011 586//12012
f 791//12013 586//12014 594//12015
f 594//12016 787//12017 791//12018
f 787//12019 594//12020 741//12021
f 787//12022 741//12023 782//12024
f 668//12025 592//12026 625//12027
f 668//12028 623//12029 592//12030
f 643//12031 758//12032 686//12033
f 758//12034 753//12035 686//12036
f 714//12037 644//12038 722//12039
f 754//12040 722//12041 680//12042
f 722//12043 644//12044 680//12045
f 756//12046 722//12047 754//12048
f 754//12049 680//12050 753//12051
f 721//12052 753//12053 680//12054
f 644//12055 623//12056 673//12057
f 680//12058 644//12059 673//12060
f 667//12061 668//12062 686//12063
f 686//12064 668//12065 625//12066
f 668//12067 630//12068 623//12069
f 716//12070 753//12071 721//12072
f 686//12073 753//12074 667//12075
f 660//12076 659//12077 671//12078
f 659//12079 660//12080 653//12081
f 630//12082 659//12083 653//12084
f 716//12085 721//12086 687//12087
f 692//12088 679//12089 678//12090
f 671//12091 678//12092 679//12093
f 679//12094 672//12095 671//12096
f 672//12097 660//12098 671//12099
f 716//12100 687//12101 697//12102
f 753//12103 716//12104 697//12105
f 753//12106 697//12107 694//12108
f 753//12109 694//12110 668//12111
f 668//12112 667//12113 753//12114
f 678//12115 687//12116 692//12117
f 687//12118 721//12119 692//12120
f 645//12121 649//12122 630//12123
f 649//12124 659//12125 630//12126
f 623//12127 630//12128 653//12129
f 673//12130 653//12131 661//12132
f 673//12133 623//12134 653//12135
f 630//12136 668//12137 683//12138
f 668//12139 694//12140 683//12141
f 698//12142 683//12143 694//12144
f 694//12145 697//12146 698//12147
f 695//12148 698//12149 697//12150
f 697//12151 687//12152 695//12153
f 687//12154 678//12155 695//12156
f 670//12157 695//12158 678//12159
f 678//12160 671//12161 670//12162
f 657//12163 670//12164 671//12165
f 671//12166 659//12167 657//12168
f 659//12169 649//12170 657//12171
f 646//12172 657//12173 649//12174
f 649//12175 645//12176 646//12177
f 683//12178 646//12179 645//12180
f 645//12181 630//12182 683//12183
f 657//12184 646//12185 683//12186
f 670//12187 657//12188 683//12189
f 670//12190 683//12191 695//12192
f 698//12193 695//12194 683//12195
f 653//12196 660//12197 648//12198
f 674//12199 648//12200 660//12201
f 660//12202 672//12203 674//12204
f 684//12205 674//12206 672//12207
f 672//12208 679//12209 684//12210
f 679//12211 692//12212 684//12213
f 690//12214 684//12215 692//12216
f 692//12217 721//12218 690//12219
f 699//12220 690//12221 721//12222
f 662//12223 699//12224 721//12225
f 721//12226 680//12227 662//12228
f 680//12229 673//12230 662//12231
f 673//12232 661//12233 662//12234
f 654//12235 662//12236 661//12237
f 648//12238 654//12239 661//12240
f 661//12241 653//12242 648//12243
f 654//12244 648//12245 662//12246
f 662//12247 690//12248 699//12249
f 690//12250 648//12251 684//12252
f 674//12253 684//12254 648//12255
f 648//12256 690//12257 662//12258
f 2211//12259 2094//12260 2087//12261
f 2127//12262 2111//12263 2098//12264
f 2098//12265 2211//12266 2127//12267
f 2211//12268 2098//12269 2094//12270
f 2133//12271 2124//12272 2120//12273
f 2127//12274 2133//12275 2120//12276
f 2136//12277 2132//12278 2133//12279
f 2148//12280 2142//12281 2136//12282
f 2136//12283 2191//12284 2148//12285
f 2191//12286 2152//12287 2148//12288
f 2191//12289 2155//12290 2152//12291
f 2159//12292 2155//12293 2191//12294
f 2191//12295 2166//12296 2159//12297
f 2191//12298 2171//12299 2166//12300
f 2171//12301 2191//12302 2181//12303
f 2175//12304 2181//12305 2178//12306
f 2177//12307 2175//12308 2178//12309
f 2267//12310 2262//12311 2213//12312
f 2213//12313 2191//12314 2267//12315
f 2136//12316 2267//12317 2191//12318
f 2211//12319 2267//12320 2127//12321
f 2213//12322 2232//12323 2178//12324
f 2178//12325 2181//12326 2213//12327
f 2191//12328 2213//12329 2181//12330
f 2136//12331 2133//12332 2267//12333
f 2133//12334 2127//12335 2267//12336
f 2267//12337 2211//12338 2204//12339
f 2335//12340 2327//12341 2318//12342
f 2318//12343 2339//12344 2335//12345
f 2339//12346 2341//12347 2335//12348
f 2341//12349 2345//12350 2335//12351
f 2346//12352 2335//12353 2345//12354
f 2342//12355 2346//12356 2345//12357
f 2316//12358 2342//12359 2345//12360
f 2345//12361 2328//12362 2316//12363
f 2338//12364 2316//12365 2328//12366
f 2324//12367 2338//12368 2328//12369
f 2328//12370 2308//12371 2324//12372
f 2289//12373 2324//12374 2308//12375
f 2308//12376 2287//12377 2289//12378
f 2308//12379 2282//12380 2287//12381
f 2266//12382 2262//12383 2267//12384
f 2266//12385 2298//12386 2262//12387
f 2327//12388 2262//12389 2318//12390
f 2304//12391 2318//12392 2262//12393
f 2304//12394 2262//12395 2300//12396
f 2298//12397 2300//12398 2262//12399
f 2196//12400 2179//12401 2180//12402
f 2174//12403 2196//12404 2197//12405
f 2196//12406 2174//12407 2176//12408
f 2197//12409 2167//12410 2172//12411
f 2172//12412 2173//12413 2197//12414
f 2197//12415 2173//12416 2174//12417
f 2158//12418 2161//12419 2197//12420
f 2197//12421 2161//12422 2167//12423
f 2197//12424 2137//12425 2141//12426
f 2197//12427 2141//12428 2143//12429
f 2197//12430 2143//12431 2149//12432
f 2197//12433 2123//12434 2129//12435
f 2197//12436 2129//12437 2137//12438
f 2119//12439 2123//12440 2197//12441
f 2190//12442 2110//12443 2115//12444
f 2190//12445 2115//12446 2119//12447
f 2197//12448 2190//12449 2119//12450
f 2096//12451 2100//12452 2190//12453
f 2100//12454 2110//12455 2190//12456
f 2096//12457 2190//12458 2210//12459
f 2210//12460 2086//12461 2096//12462
f 2257//12463 2282//12464 2231//12465
f 2282//12466 2257//12467 2287//12468
f 2236//12469 2210//12470 2190//12471
f 2197//12472 2236//12473 2190//12474
f 2257//12475 2231//12476 2197//12477
f 2231//12478 2236//12479 2197//12480
f 2257//12481 2197//12482 2196//12483
f 2236//12484 2231//12485 2282//12486
f 2240//12487 2234//12488 2282//12489
f 2211//12490 2209//12491 2204//12492
f 2209//12493 2206//12494 2204//12495
f 2087//12496 1720//12497 2209//12498
f 2211//12499 2087//12500 2209//12501
f 1673//12502 2204//12503 2206//12504
f 1991//12505 1992//12506 2204//12507
f 1720//12508 1673//12509 2206//12510
f 2204//12511 1992//12512 1994//12513
f 2206//12514 2209//12515 1720//12516
f 2210//12517 1719//12518 2086//12519
f 1719//12520 2210//12521 2207//12522
f 1996//12523 1989//12524 2208//12525
f 1989//12526 1990//12527 2208//12528
f 1674//12529 2207//12530 2205//12531
f 1990//12532 1674//12533 2205//12534
f 2205//12535 2208//12536 1990//12537
f 2077//12538 1996//12539 2078//12540
f 2077//12541 1994//12542 1993//12543
f 2204//12544 1994//12545 2138//12546
f 2146//12547 1996//12548 2216//12549
f 2077//12550 2138//12551 1994//12552
f 1996//12553 2146//12554 2078//12555
f 2207//12556 1674//12557 1719//12558
f 2138//12559 2077//12560 2078//12561
f 2204//12562 2138//12563 2078//12564
f 2216//12565 2078//12566 2146//12567
f 2204//12568 2078//12569 2195//12570
f 2210//12571 2216//12572 2208//12573
f 2208//12574 2216//12575 1996//12576
f 2236//12577 2216//12578 2210//12579
f 2207//12580 2210//12581 2208//12582
f 2208//12583 2205//12584 2207//12585
f 2216//12586 2236//12587 2240//12588
f 2234//12589 2240//12590 2236//12591
f 2195//12592 2258//12593 2204//12594
f 2267//12595 2204//12596 2258//12597
f 2266//12598 2267//12599 2298//12600
f 2304//12601 2300//12602 2318//12603
f 2216//12604 2083//12605 2078//12606
f 2236//12607 2282//12608 2234//12609
f 2308//12610 2328//12611 2314//12612
f 2314//12613 2309//12614 2308//12615
f 2308//12616 2240//12617 2282//12618
f 2195//12619 2078//12620 2083//12621
f 2341//12622 2339//12623 2318//12624
f 2286//12625 2298//12626 2267//12627
f 2318//12628 2334//12629 2341//12630
f 2216//12631 2240//12632 2242//12633
f 2194//12634 2216//12635 2242//12636
f 2083//12637 2216//12638 2194//12639
f 2329//12640 2328//12641 2345//12642
f 2314//12643 2328//12644 2329//12645
f 2240//12646 2194//12647 2242//12648
f 2309//12649 2261//12650 2308//12651
f 2240//12652 2308//12653 2261//12654
f 2314//12655 2329//12656 2309//12657
f 2329//12658 2345//12659 2341//12660
f 2300//12661 2298//12662 2286//12663
f 2286//12664 2318//12665 2300//12666
f 2286//12667 2267//12668 2258//12669
f 2194//12670 2270//12671 2083//12672
f 2270//12673 2195//12674 2083//12675
f 2258//12676 2195//12677 2270//12678
f 2286//12679 2258//12680 2270//12681
f 2318//12682 2286//12683 2270//12684
f 2334//12685 2318//12686 2270//12687
f 2341//12688 2334//12689 2270//12690
f 2329//12691 2341//12692 2270//12693
f 2309//12694 2329//12695 2270//12696
f 2261//12697 2309//12698 2270//12699
f 2240//12700 2261//12701 2270//12702
f 2194//12703 2240//12704 2270//12705
f 2268//12706 2269//12707 2105//12708
f 2226//12709 2008//12710 2227//12711
f 2226//12712 2227//12713 2228//12714
f 2226//12715 2227//12716 2238//12717
f 2227//12718 2226//12719 2238//12720
f 2185//12721 2039//12722 2249//12723
f 2253//12724 2039//12725 2254//12726
f 2252//12727 2254//12728 2215//12729
f 2254//12730 2215//12731 2235//12732
f 2215//12733 2254//12734 2235//12735
f 1679//12736 1968//12737 2223//12738
f 2024//12739 2000//12740 1998//12741
f 2252//12742 2215//12743 2223//12744
f 1432//12745 1690//12746 1679//12747
f 1654//12748 1981//12749 1657//12750
f 1981//12751 1654//12752 1701//12753
f 1648//12754 1705//12755 2033//12756
f 1980//12757 2104//12758 1705//12759
f 2007//12760 1645//12761 1648//12762
f 1648//12763 2033//12764 2007//12765
f 2007//12766 1643//12767 1645//12768
f 1634//12769 2003//12770 2002//12771
f 2003//12772 1634//12773 1638//12774
f 1638//12775 2004//12776 2003//12777
f 2004//12778 1638//12779 1639//12780
f 1639//12781 2005//12782 2004//12783
f 1605//12784 2001//12785 1999//12786
f 2001//12787 1605//12788 1622//12789
f 1622//12790 2002//12791 2001//12792
f 1622//12793 1628//12794 2002//12795
f 2002//12796 1628//12797 1634//12798
f 1610//12799 1999//12800 1998//12801
f 1610//12802 1603//12803 1999//12804
f 1999//12805 1603//12806 1605//12807
f 1702//12808 1619//12809 2000//12810
f 2000//12811 1619//12812 1608//12813
f 1608//12814 1998//12815 2000//12816
f 1608//12817 1609//12818 1998//12819
f 1998//12820 1609//12821 1610//12822
f 1620//12823 1619//12824 1702//12825
f 1621//12826 1702//12827 1703//12828
f 1703//12829 1626//12830 1621//12831
f 1703//12832 1631//12833 1626//12834
f 1633//12835 1631//12836 1703//12837
f 1589//12838 1633//12839 1703//12840
f 1589//12841 1703//12842 1704//12843
f 1704//12844 1647//12845 1585//12846
f 1978//12847 1647//12848 1704//12849
f 1536//12850 1979//12851 1681//12852
f 1536//12853 1681//12854 1652//12855
f 1686//12856 1659//12857 1685//12858
f 1977//12859 1468//12860 1689//12861
f 2226//12862 1920//12863 2008//12864
f 2226//12865 2228//12866 1920//12867
f 2008//12868 2106//12869 2227//12870
f 2106//12871 2220//12872 2227//12873
f 2227//12874 2105//12875 2269//12876
f 2227//12877 2220//12878 2105//12879
f 2105//12880 2102//12881 2268//12882
f 2102//12883 2128//12884 2268//12885
f 2039//12886 2185//12887 2104//12888
f 2019//12889 1981//12890 2215//12891
f 2215//12892 1981//12893 2223//12894
f 2024//12895 1998//12896 1999//12897
f 2024//12898 1999//12899 2001//12900
f 2024//12901 2001//12902 2002//12903
f 2002//12904 2007//12905 2024//12906
f 2007//12907 2002//12908 2003//12909
f 2007//12910 2003//12911 2004//12912
f 2007//12913 2004//12914 2005//12915
f 1643//12916 2007//12917 2005//12918
f 2005//12919 1640//12920 1643//12921
f 1639//12922 1640//12923 2005//12924
f 2281//12925 2109//12926 2277//12927
f 2128//12928 2109//12929 2268//12930
f 2215//12931 2254//12932 2039//12933
f 2039//12934 2104//12935 2019//12936
f 2019//12937 2215//12938 2039//12939
f 2008//12940 1920//12941 2040//12942
f 2220//12943 1979//12944 2105//12945
f 2024//12946 2006//12947 2000//12948
f 2000//12949 2006//12950 1702//12951
f 2006//12952 1703//12953 1702//12954
f 2006//12955 1704//12956 1703//12957
f 2220//12958 1652//12959 1681//12960
f 1652//12961 2220//12962 2106//12963
f 2106//12964 1683//12965 1652//12966
f 2106//12967 1684//12968 1683//12969
f 1684//12970 2106//12971 1706//12972
f 1706//12973 1685//12974 1684//12975
f 1685//12976 1706//12977 1686//12978
f 1468//12979 1659//12980 1686//12981
f 1689//12982 1468//12983 1686//12984
f 1689//12985 1686//12986 1977//12987
f 2040//12988 1920//12989 1977//12990
f 1977//12991 1686//12992 2040//12993
f 1686//12994 1706//12995 2040//12996
f 2040//12997 1706//12998 2106//12999
f 2106//13000 2008//13001 2040//13002
f 1979//13003 2220//13004 1681//13005
f 2105//13006 1979//13007 1978//13008
f 1978//13009 2028//13010 2105//13011
f 1704//13012 2028//13013 1978//13014
f 1690//13015 1968//13016 1679//13017
f 2019//13018 1682//13019 1657//13020
f 1682//13021 2019//13022 1980//13023
f 1705//13024 2104//13025 2033//13026
f 2104//13027 1980//13028 2019//13029
f 2019//13030 1657//13031 1981//13032
f 1701//13033 2223//13034 1981//13035
f 2223//13036 1701//13037 1679//13038
f 1704//13039 2006//13040 2024//13041
f 1704//13042 2024//13043 2026//13044
f 2033//13045 2024//13046 2007//13047
f 2277//13048 2109//13049 2185//13050
f 2057//13051 2185//13052 2109//13053
f 2057//13054 2104//13055 2185//13056
f 2057//13057 2033//13058 2104//13059
f 2109//13060 2128//13061 2102//13062
f 2033//13063 2026//13064 2024//13065
f 2034//13066 2028//13067 2026//13068
f 2034//13069 2102//13070 2105//13071
f 2028//13072 1704//13073 2026//13074
f 2105//13075 2028//13076 2034//13077
f 2034//13078 2026//13079 2102//13080
f 2054//13081 2102//13082 2026//13083
f 2026//13084 2049//13085 2054//13086
f 2043//13087 2058//13088 2044//13089
f 2043//13090 2026//13091 2033//13092
f 2026//13093 2043//13094 2044//13095
f 2026//13096 2044//13097 2049//13098
f 2102//13099 2054//13100 2075//13101
f 2058//13102 2062//13103 2063//13104
f 2063//13105 2044//13106 2058//13107
f 2057//13108 2109//13109 2062//13110
f 2042//13111 2033//13112 2057//13113
f 2075//13114 2063//13115 2109//13116
f 2109//13117 2063//13118 2062//13119
f 2042//13120 2043//13121 2033//13122
f 2109//13123 2102//13124 2075//13125
f 2057//13126 2062//13127 2042//13128
f 2076//13129 2053//13130 2042//13131
f 2042//13132 2062//13133 2076//13134
f 2070//13135 2076//13136 2062//13137
f 2052//13138 2070//13139 2062//13140
f 2062//13141 2058//13142 2052//13143
f 2058//13144 2043//13145 2052//13146
f 2053//13147 2052//13148 2043//13149
f 2043//13150 2042//13151 2053//13152
f 2076//13153 2070//13154 2052//13155
f 2052//13156 2053//13157 2076//13158
f 2066//13159 2045//13160 2044//13161
f 2044//13162 2063//13163 2066//13164
f 2073//13165 2066//13166 2063//13167
f 2063//13168 2075//13169 2073//13170
f 2075//13171 2054//13172 2073//13173
f 2054//13174 2049//13175 2045//13176
f 2049//13177 2044//13178 2045//13179
f 2054//13180 2045//13181 2073//13182
f 2066//13183 2073//13184 2045//13185
f 1121//13186 1191//13187 777//13188
f 1121//13189 1135//13190 1191//13191
f 1197//13192 1191//13193 1135//13194
f 1124//13195 1121//13196 777//13197
f 777//13198 773//13199 1124//13200
f 1123//13201 1124//13202 773//13203
f 773//13204 709//13205 1123//13206
f 1123//13207 709//13208 706//13209
f 1122//13210 1123//13211 706//13212
f 706//13213 626//13214 1122//13215
f 1122//13216 569//13217 420//13218
f 1122//13219 626//13220 569//13221
f 420//13222 413//13223 1122//13224
f 1121//13225 1123//13226 1122//13227
f 1121//13228 1124//13229 1123//13230
f 1134//13231 1135//13232 1121//13233
f 1135//13234 1134//13235 1137//13236
f 1125//13237 1121//13238 1122//13239
f 1126//13240 1137//13241 1125//13242
f 1130//13243 1209//13244 1137//13245
f 1306//13246 1209//13247 1130//13248
f 1130//13249 1137//13250 1126//13251
f 1117//13252 1130//13253 1126//13254
f 1126//13255 1046//13256 1117//13257
f 1126//13258 1125//13259 1046//13260
f 1122//13261 413//13262 864//13263
f 1209//13264 1197//13265 1135//13266
f 1135//13267 1137//13268 1209//13269
f 1122//13270 864//13271 1047//13272
f 1047//13273 1046//13274 1125//13275
f 1125//13276 1122//13277 1047//13278
f 1046//13279 870//13280 795//13281
f 870//13282 637//13283 795//13284
f 413//13285 451//13286 864//13287
f 565//13288 596//13289 861//13290
f 861//13291 863//13292 565//13293
f 629//13294 637//13295 860//13296
f 396//13297 565//13298 863//13299
f 860//13300 637//13301 870//13302
f 596//13303 606//13304 861//13305
f 861//13306 606//13307 624//13308
f 860//13309 861//13310 624//13311
f 624//13312 629//13313 860//13314
f 863//13315 864//13316 451//13317
f 863//13318 451//13319 396//13320
f 860//13321 863//13322 861//13323
f 860//13324 864//13325 863//13326
f 1033//13327 860//13328 870//13329
f 870//13330 1046//13331 1039//13332
f 1047//13333 864//13334 1033//13335
f 1033//13336 870//13337 1039//13338
f 389//13339 390//13340 408//13341
f 390//13342 395//13343 408//13344
f 395//13345 389//13346 408//13347
f 1134//13348 1133//13349 1137//13350
f 1121//13351 1125//13352 1127//13353
f 1133//13354 1127//13355 1125//13356
f 1125//13357 1137//13358 1133//13359
f 1127//13360 1133//13361 1121//13362
f 1136//13363 1121//13364 1133//13365
f 1134//13366 1136//13367 1133//13368
f 1136//13369 1134//13370 1121//13371
f 956//13372 954//13373 1534//13374
f 1332//13375 1466//13376 1201//13377
f 1201//13378 1200//13379 1332//13380
f 1156//13381 1059//13382 1200//13383
f 1150//13384 782//13385 1042//13386
f 1150//13387 1042//13388 1059//13389
f 1059//13390 1156//13391 1150//13392
f 1020//13393 782//13394 1150//13395
f 1150//13396 1146//13397 1020//13398
f 1015//13399 1020//13400 1146//13401
f 1146//13402 1142//13403 1015//13404
f 1142//13405 847//13406 1015//13407
f 1011//13408 847//13409 1142//13410
f 1142//13411 1138//13412 1011//13413
f 1008//13414 1011//13415 1138//13416
f 1138//13417 1140//13418 1008//13419
f 1140//13420 1006//13421 1008//13422
f 1140//13423 1177//13424 1006//13425
f 1177//13426 1163//13427 1006//13428
f 1003//13429 1006//13430 1163//13431
f 1163//13432 1165//13433 1003//13434
f 1165//13435 867//13436 1003//13437
f 1165//13438 998//13439 867//13440
f 1165//13441 1167//13442 998//13443
f 1167//13444 1172//13445 998//13446
f 1500//13447 1172//13448 1701//13449
f 1172//13450 1500//13451 998//13452
f 995//13453 998//13454 1500//13455
f 1500//13456 1502//13457 995//13458
f 1502//13459 991//13460 995//13461
f 991//13462 1502//13463 1654//13464
f 1526//13465 965//13466 968//13467
f 1526//13468 968//13469 972//13470
f 1520//13471 1526//13472 972//13473
f 1520//13474 972//13475 975//13476
f 975//13477 1517//13478 1520//13479
f 1517//13480 975//13481 979//13482
f 1515//13483 1517//13484 979//13485
f 1515//13486 979//13487 983//13488
f 1510//13489 1515//13490 983//13491
f 1510//13492 983//13493 986//13494
f 986//13495 1507//13496 1510//13497
f 1507//13498 986//13499 991//13500
f 1657//13501 1507//13502 991//13503
f 1654//13504 1657//13505 991//13506
f 1537//13507 953//13508 958//13509
f 958//13510 962//13511 1537//13512
f 1531//13513 1537//13514 962//13515
f 1531//13516 962//13517 965//13518
f 965//13519 1980//13520 1531//13521
f 1526//13522 1980//13523 965//13524
f 1541//13525 1547//13526 950//13527
f 1541//13528 950//13529 953//13530
f 953//13531 1539//13532 1541//13533
f 1537//13534 1539//13535 953//13536
f 930//13537 838//13538 1552//13539
f 1552//13540 838//13541 938//13542
f 1550//13543 1552//13544 938//13545
f 938//13546 941//13547 1550//13548
f 1547//13549 1550//13550 941//13551
f 1547//13552 941//13553 945//13554
f 945//13555 950//13556 1547//13557
f 1552//13558 1648//13559 930//13560
f 1648//13561 1560//13562 930//13563
f 928//13564 930//13565 1560//13566
f 1560//13567 1564//13568 928//13569
f 1564//13570 924//13571 928//13572
f 919//13573 924//13574 1564//13575
f 1564//13576 1570//13577 919//13578
f 1570//13579 1573//13580 919//13581
f 917//13582 919//13583 1573//13584
f 1573//13585 1576//13586 917//13587
f 1576//13588 913//13589 917//13590
f 913//13591 1576//13592 1582//13593
f 1582//13594 907//13595 913//13596
f 1582//13597 1587//13598 907//13599
f 907//13600 1587//13601 1591//13602
f 1591//13603 902//13604 907//13605
f 1591//13606 1594//13607 902//13608
f 897//13609 902//13610 1594//13611
f 1594//13612 1599//13613 897//13614
f 1599//13615 895//13616 897//13617
f 895//13618 1599//13619 1598//13620
f 890//13621 895//13622 1598//13623
f 1598//13624 1605//13625 890//13626
f 885//13627 890//13628 1605//13629
f 1605//13630 1603//13631 885//13632
f 1603//13633 883//13634 885//13635
f 883//13636 1603//13637 1610//13638
f 878//13639 883//13640 1610//13641
f 1610//13642 1609//13643 878//13644
f 878//13645 1609//13646 1608//13647
f 872//13648 878//13649 1608//13650
f 1608//13651 1619//13652 872//13653
f 1619//13654 871//13655 872//13656
f 871//13657 1619//13658 1620//13659
f 876//13660 871//13661 1620//13662
f 1620//13663 1702//13664 876//13665
f 876//13666 1702//13667 1621//13668
f 881//13669 876//13670 1621//13671
f 1621//13672 1604//13673 881//13674
f 1604//13675 884//13676 881//13677
f 888//13678 884//13679 1604//13680
f 1604//13681 1593//13682 888//13683
f 892//13684 888//13685 1593//13686
f 892//13687 1593//13688 1589//13689
f 1589//13690 896//13691 892//13692
f 900//13693 896//13694 1589//13695
f 1589//13696 1585//13697 900//13698
f 904//13699 900//13700 1585//13701
f 1585//13702 1579//13703 904//13704
f 909//13705 904//13706 1579//13707
f 1579//13708 1577//13709 909//13710
f 911//13711 909//13712 1577//13713
f 1577//13714 1572//13715 911//13716
f 915//13717 911//13718 1572//13719
f 1572//13720 1568//13721 915//13722
f 920//13723 915//13724 1568//13725
f 1568//13726 1567//13727 920//13728
f 920//13729 1567//13730 1562//13731
f 922//13732 920//13733 1562//13734
f 1562//13735 1558//13736 922//13737
f 926//13738 922//13739 1558//13740
f 926//13741 1558//13742 1557//13743
f 1557//13744 931//13745 926//13746
f 931//13747 1557//13748 1554//13749
f 933//13750 931//13751 1554//13752
f 1554//13753 1548//13754 933//13755
f 936//13756 933//13757 1548//13758
f 936//13759 1548//13760 1546//13761
f 1546//13762 942//13763 936//13764
f 942//13765 1546//13766 1543//13767
f 856//13768 942//13769 1543//13770
f 948//13771 856//13772 1543//13773
f 948//13774 1543//13775 1538//13776
f 954//13777 948//13778 1538//13779
f 1538//13780 1536//13781 954//13782
f 954//13783 1536//13784 1534//13785
f 956//13786 1534//13787 1652//13788
f 1652//13789 1524//13790 956//13791
f 960//13792 956//13793 1524//13794
f 960//13795 1524//13796 1523//13797
f 1523//13798 966//13799 960//13800
f 967//13801 966//13802 1523//13803
f 967//13804 1523//13805 1683//13806
f 1683//13807 1513//13808 967//13809
f 971//13810 967//13811 1513//13812
f 971//13813 1513//13814 1512//13815
f 981//13816 976//13817 1512//13818
f 1512//13819 976//13820 971//13821
f 981//13822 1512//13823 1684//13824
f 1684//13825 1505//13826 981//13827
f 987//13828 981//13829 1505//13830
f 1505//13831 1504//13832 987//13833
f 988//13834 987//13835 1504//13836
f 993//13837 988//13838 1504//13839
f 1497//13840 1194//13841 1175//13842
f 999//13843 1497//13844 1175//13845
f 1498//13846 1497//13847 999//13848
f 999//13849 993//13850 1498//13851
f 1685//13852 1498//13853 993//13854
f 993//13855 1504//13856 1685//13857
f 1175//13858 1001//13859 999//13860
f 1175//13861 1007//13862 1001//13863
f 1007//13864 1175//13865 1194//13866
f 1194//13867 1162//13868 1007//13869
f 1013//13870 1007//13871 1162//13872
f 1014//13873 1013//13874 1162//13875
f 1162//13876 1158//13877 1014//13878
f 1152//13879 1154//13880 1060//13881
f 1158//13882 1143//13883 1014//13884
f 1018//13885 1014//13886 1143//13887
f 1143//13888 1148//13889 1018//13890
f 1023//13891 1018//13892 1148//13893
f 1023//13894 1148//13895 1152//13896
f 1152//13897 1026//13898 1023//13899
f 1035//13900 1026//13901 1152//13902
f 858//13903 1026//13904 1035//13905
f 1035//13906 1045//13907 858//13908
f 1060//13909 1035//13910 1152//13911
f 1060//13912 1045//13913 1035//13914
f 1060//13915 1154//13916 1159//13917
f 1159//13918 1234//13919 1060//13920
f 1159//13921 1176//13922 1234//13923
f 1176//13924 1468//13925 1342//13926
f 1176//13927 1659//13928 1468//13929
f 1176//13930 1194//13931 1659//13932
f 1194//13933 1497//13934 1659//13935
f 1679//13936 1701//13937 1201//13938
f 1432//13939 1201//13940 1466//13941
f 1432//13942 1679//13943 1201//13944
f 1177//13945 1140//13946 1138//13947
f 1177//13948 1165//13949 1163//13950
f 1177//13951 1167//13952 1165//13953
f 1201//13954 1701//13955 1172//13956
f 1167//13957 1201//13958 1172//13959
f 1154//13960 1152//13961 1159//13962
f 1158//13963 1159//13964 1143//13965
f 1159//13966 1152//13967 1148//13968
f 1159//13969 1148//13970 1143//13971
f 1158//13972 1162//13973 1194//13974
f 1159//13975 1158//13976 1176//13977
f 1176//13978 1158//13979 1194//13980
f 1142//13981 1146//13982 1177//13983
f 1177//13984 1146//13985 1150//13986
f 1177//13987 1138//13988 1142//13989
f 1150//13990 1156//13991 1177//13992
f 1177//13993 1201//13994 1167//13995
f 1201//13996 1177//13997 1179//13998
f 1156//13999 1200//14000 1179//14001
f 1179//14002 1200//14003 1201//14004
f 1179//14005 1177//14006 1156//14007
f 1177//14008 1179//14009 1174//14010
f 1179//14011 1177//14012 1174//14013
f 1184//14014 1183//14015 1176//14016
f 1183//14017 1184//14018 1176//14019
f 860//14020 1033//14021 970//14022
f 1033//14023 864//14024 1022//14025
f 864//14026 860//14027 1022//14028
f 970//14029 1022//14030 860//14031
f 970//14032 1033//14033 1022//14034
f 1041//14035 1047//14036 1033//14037
f 1046//14038 1047//14039 1044//14040
f 1041//14041 1033//14042 1034//14043
f 1033//14044 1039//14045 1036//14046
f 1036//14047 1034//14048 1033//14049
f 1041//14050 1044//14051 1047//14052
f 1039//14053 1046//14054 1044//14055
f 1044//14056 1036//14057 1039//14058
f 1044//14059 1041//14060 1034//14061
f 1034//14062 1036//14063 1044//14064
